# tau=beta*t, lambda=exp[(gamma_dot/beta)*tau], sigma_norm=sigma/mu
# tau lambda sigma_over_mu
0.000000000000000000e+00 1.000000000000000000e+00 0.000000000000000000e+00
9.161209878820127149e-04 1.000733165424781301e+00 2.928088657905701404e-03
1.832241975764025430e-03 1.001466868381102771e+00 5.849157378575234323e-03
2.748362963646038253e-03 1.002201109263063827e+00 8.763169257021490369e-03
3.664483951528050860e-03 1.002935888465052994e+00 1.167008765122131905e-02
4.580604939410063900e-03 1.003671206381747893e+00 1.456987618185633104e-02
5.496725927292076506e-03 1.004407063408115697e+00 1.746249873205209246e-02
6.412846915174089113e-03 1.005143459939412676e+00 2.034791944711010145e-02
7.328967903056101720e-03 1.005880396371185315e+00 2.322610273424177349e-02
8.245088890938114326e-03 1.006617873099269866e+00 2.609701326229404983e-02
9.161209878820127800e-03 1.007355890519793240e+00 2.896061596147575176e-02
1.007733086670213954e-02 1.008094449029172113e+00 3.181687602307418927e-02
1.099345185458415301e-02 1.008833549024114484e+00 3.466575889917798692e-02
1.190957284246616475e-02 1.009573190901618345e+00 3.750723030238539007e-02
1.282569383034817823e-02 1.010313375058973451e+00 4.034125620552118929e-02
1.374181481823018997e-02 1.011054101893760881e+00 4.316780284134204282e-02
1.465793580611220344e-02 1.011795371803852817e+00 4.598683670223966541e-02
1.557405679399421691e-02 1.012537185187413202e+00 4.879832453994398245e-02
1.649017778187622865e-02 1.013279542442897974e+00 5.160223336522234278e-02
1.740629876975824039e-02 1.014022443969055276e+00 5.439853044757456124e-02
1.832241975764025560e-02 1.014765890164925688e+00 5.718718331492600448e-02
1.923854074552226734e-02 1.015509881429841998e+00 5.996815975331565990e-02
2.015466173340427908e-02 1.016254418163430318e+00 6.274142780658645280e-02
2.107078272128629082e-02 1.016999500765608966e+00 6.550695577606412134e-02
2.198690370916830603e-02 1.017745129636590251e+00 6.826471222024509122e-02
2.290302469705031777e-02 1.018491305176879358e+00 7.101466595446903618e-02
2.381914568493232950e-02 1.019238027787275458e+00 7.375678605059911297e-02
2.473526667281434471e-02 1.019985297868871488e+00 7.649104183669319657e-02
2.565138766069635645e-02 1.020733115823054149e+00 7.921740289667338064e-02
2.656750864857836819e-02 1.021481482051505019e+00 8.193583906999808708e-02
2.748362963646037993e-02 1.022230396956199439e+00 8.464632045132179650e-02
2.839975062434239514e-02 1.022979860939408292e+00 8.734881739016465974e-02
2.931587161222440688e-02 1.023729874403696671e+00 9.004330049056656626e-02
3.023199260010641862e-02 1.024480437751925210e+00 9.272974061075003882e-02
3.114811358798843383e-02 1.025231551387249862e+00 9.540810886277426017e-02
3.206423457587044556e-02 1.025983215713121899e+00 9.807837661218714309e-02
3.298035556375245730e-02 1.026735431133288579e+00 1.007405154776788020e-01
3.389647655163446904e-02 1.027488198051793589e+00 1.033944973307310417e-01
3.481259753951648078e-02 1.028241516872975936e+00 1.060402942952588801e-01
3.572871852739849252e-02 1.028995388001471945e+00 1.086778787472615776e-01
3.664483951528051120e-02 1.029749811842214147e+00 1.113072233144602186e-01
3.756096050316252294e-02 1.030504788800431948e+00 1.139283008759394700e-01
3.847708149104453468e-02 1.031260319281652071e+00 1.165410845617863983e-01
3.939320247892654642e-02 1.032016403691698336e+00 1.191455477527248175e-01
4.030932346680855816e-02 1.032773042436692101e+00 1.217416640797500810e-01
4.122544445469056990e-02 1.033530235923052931e+00 1.243294074237629027e-01
4.214156544257258163e-02 1.034287984557497930e+00 1.269087519151963495e-01
4.305768643045460031e-02 1.035046288747042187e+00 1.294796719336445689e-01
4.397380741833661205e-02 1.035805148898999883e+00 1.320421421074920998e-01
4.488992840621862379e-02 1.036564565420982964e+00 1.345961373135335926e-01
4.580604939410063553e-02 1.037324538720903133e+00 1.371416326766016491e-01
4.672217038198264727e-02 1.038085069206970523e+00 1.396786035691832406e-01
4.763829136986465901e-02 1.038846157287694805e+00 1.422070256110410658e-01
4.855441235774667075e-02 1.039607803371885186e+00 1.447268746688310792e-01
4.947053334562868943e-02 1.040370007868650415e+00 1.472381268557168554e-01
5.038665433351070116e-02 1.041132771187398998e+00 1.497407585309840083e-01
5.130277532139271290e-02 1.041896093737840534e+00 1.522347462996558598e-01
5.221889630927472464e-02 1.042659975929983718e+00 1.547200670120980892e-01
5.313501729715673638e-02 1.043424418174139001e+00 1.571966977636347629e-01
5.405113828503874812e-02 1.044189420880916819e+00 1.596646158941505134e-01
5.496725927292075986e-02 1.044954984461229142e+00 1.621237989877009344e-01
5.588338026080277854e-02 1.045721109326289033e+00 1.645742248721155376e-01
5.679950124868479028e-02 1.046487795887611094e+00 1.670158716186014025e-01
5.771562223656680202e-02 1.047255044557011461e+00 1.694487175413449120e-01
5.863174322444881376e-02 1.048022855746608473e+00 1.718727411971140429e-01
5.954786421233082550e-02 1.048791229868822672e+00 1.742879213848562148e-01
6.046398520021283723e-02 1.049560167336376360e+00 1.766942371452950578e-01
6.138010618809484897e-02 1.050329668562295149e+00 1.790916677605307039e-01
6.229622717597686765e-02 1.051099733959907079e+00 1.814801927536323078e-01
6.321234816385887245e-02 1.051870363942843278e+00 1.838597918882332871e-01
6.412846915174089113e-02 1.052641558925038190e+00 1.862304451681244533e-01
6.504459013962289593e-02 1.053413319320730013e+00 1.885921328368466154e-01
6.596071112750491461e-02 1.054185645544460259e+00 1.909448353772793816e-01
6.687683211538693329e-02 1.054958538011074198e+00 1.932885335112312919e-01
6.779295310326893809e-02 1.055731997135721745e+00 1.956232081990304239e-01
6.870907409115095676e-02 1.056506023333857014e+00 1.979488406391100019e-01
6.962519507903296156e-02 1.057280617021238545e+00 2.002654122675940895e-01
7.054131606691498024e-02 1.058055778613929965e+00 2.025729047578857245e-01
7.145743705479698504e-02 1.058831508528299770e+00 2.048713000202481704e-01
7.237355804267900372e-02 1.059607807181021988e+00 2.071605802013916642e-01
7.328967903056102240e-02 1.060384674989075293e+00 2.094407276840509480e-01
7.420580001844302720e-02 1.061162112369745447e+00 2.117117250865748757e-01
7.512192100632504588e-02 1.061940119740622857e+00 2.139735552624980053e-01
7.603804199420705068e-02 1.062718697519604794e+00 2.162262013001270133e-01
7.695416298208906936e-02 1.063497846124894730e+00 2.184696465221173944e-01
7.787028396997107416e-02 1.064277565975003004e+00 2.207038744850523815e-01
7.878640495785309283e-02 1.065057857488746373e+00 2.229288689790185907e-01
7.970252594573511151e-02 1.065838721085248686e+00 2.251446140271842755e-01
8.061864693361711631e-02 1.066620157183941542e+00 2.273510938853763319e-01
8.153476792149913499e-02 1.067402166204563629e+00 2.295482930416528344e-01
8.245088890938113979e-02 1.068184748567161613e+00 2.317361962158800415e-01
8.336700989726315847e-02 1.068967904692089688e+00 2.339147883593027666e-01
8.428313088514516327e-02 1.069751635000010914e+00 2.360840546541232154e-01
8.519925187302718195e-02 1.070535939911896328e+00 2.382439805130680821e-01
8.611537286090920063e-02 1.071320819849025607e+00 2.403945515789631671e-01
8.703149384879120543e-02 1.072106275232987294e+00 2.425357537243041373e-01
8.794761483667322410e-02 1.072892306485679237e+00 2.446675730508280910e-01
8.886373582455522890e-02 1.073678914029308373e+00 2.467899958890828194e-01
8.977985681243724758e-02 1.074466098286391391e+00 2.489030087979974548e-01
9.069597780031925238e-02 1.075253859679754731e+00 2.510065985644515107e-01
9.161209878820127106e-02 1.076042198632534586e+00 2.531007522028423384e-01
9.252821977608328974e-02 1.076831115568177566e+00 2.551854569546558871e-01
9.344434076396529454e-02 1.077620610910440924e+00 2.572607002880327731e-01
9.436046175184731322e-02 1.078410685083392107e+00 2.593264698973363758e-01
9.527658273972931802e-02 1.079201338511410091e+00 2.613827537027205716e-01
9.619270372761133669e-02 1.079992571619184494e+00 2.634295398496947493e-01
9.710882471549334150e-02 1.080784384831716238e+00 2.654668167086910446e-01
9.802494570337536017e-02 1.081576778574318443e+00 2.674945728746324636e-01
9.894106669125737885e-02 1.082369753272615531e+00 2.695127971664944555e-01
9.985718767913938365e-02 1.083163309352544124e+00 2.715214786268738134e-01
1.007733086670214023e-01 1.083957447240353034e+00 2.735206065215515236e-01
1.016894296549034071e-01 1.084752167362603936e+00 2.755101703390601675e-01
1.026055506427854258e-01 1.085547470146170923e+00 2.774901597902456052e-01
1.035216716306674306e-01 1.086343356018240947e+00 2.794605648078328231e-01
1.044377926185494493e-01 1.087139825406314486e+00 2.814213755459905597e-01
1.053539136064314680e-01 1.087936878738205104e+00 2.833725823798943777e-01
1.062700345943134728e-01 1.088734516442040556e+00 2.853141759052919002e-01
1.071861555821954914e-01 1.089532738946261903e+00 2.872461469380638288e-01
1.081022765700774962e-01 1.090331546679624619e+00 2.891684865137904015e-01
1.090183975579595149e-01 1.091130940071198374e+00 2.910811858873126323e-01
1.099345185458415197e-01 1.091930919550367696e+00 2.929842365322977149e-01
1.108506395337235384e-01 1.092731485546831749e+00 2.948776301408001510e-01
1.117667605216055571e-01 1.093532638490604780e+00 2.967613586228259326e-01
1.126828815094875619e-01 1.094334378812015895e+00 2.986354141058947254e-01
1.135990024973695806e-01 1.095136706941710392e+00 3.004997889346050499e-01
1.145151234852515854e-01 1.095939623310648869e+00 3.023544756701949665e-01
1.154312444731336040e-01 1.096743128350108343e+00 3.041994670901073117e-01
1.163473654610156088e-01 1.097547222491681129e+00 3.060347561875491618e-01
1.172634864488976275e-01 1.098351906167276848e+00 3.078603361710594566e-01
1.181796074367796462e-01 1.099157179809121310e+00 3.096762004640682409e-01
1.190957284246616510e-01 1.099963043849757405e+00 3.114823427044622339e-01
1.200118494125436697e-01 1.100769498722045325e+00 3.132787567441475129e-01
1.209279704004256745e-01 1.101576544859162343e+00 3.150654366486116964e-01
1.218440913883076931e-01 1.102384182694603032e+00 3.168423766964876265e-01
1.227602123761896979e-01 1.103192412662180599e+00 3.186095713791189388e-01
1.236763333640717166e-01 1.104001235196025554e+00 3.203670154001208581e-01
1.245924543519537353e-01 1.104810650730587263e+00 3.221147036749455461e-01
1.255085753398357540e-01 1.105620659700633057e+00 3.238526313304457838e-01
1.264246963277177449e-01 1.106431262541249572e+00 3.255807937044385425e-01
1.273408173155997636e-01 1.107242459687841851e+00 3.272991863452697769e-01
1.282569383034817823e-01 1.108054251576134908e+00 3.290078050113791064e-01
1.291730592913638009e-01 1.108866638642172386e+00 3.307066456708632196e-01
1.300891802792457919e-01 1.109679621322318344e+00 3.323957045010427214e-01
1.310053012671278105e-01 1.110493200053256357e+00 3.340749778880253706e-01
1.319214222550098292e-01 1.111307375271990194e+00 3.357444624262718724e-01
1.328375432428918479e-01 1.112122147415844031e+00 3.374041549181623911e-01
1.337536642307738666e-01 1.112937516922462899e+00 3.390540523735617873e-01
1.346697852186558575e-01 1.113753484229812463e+00 3.406941520093858533e-01
1.355859062065378762e-01 1.114570049776179461e+00 3.423244512491666613e-01
1.365020271944198949e-01 1.115387214000172378e+00 3.439449477226220742e-01
1.374181481823019135e-01 1.116204977340720328e+00 3.455556392652189834e-01
1.383342691701839322e-01 1.117023340237075502e+00 3.471565239177452078e-01
1.392503901580659231e-01 1.117842303128810943e+00 3.487475999258721204e-01
1.401665111459479418e-01 1.118661866455822995e+00 3.503288657397277683e-01
1.410826321338299605e-01 1.119482030658329741e+00 3.519003200134612763e-01
1.419987531217119792e-01 1.120302796176872562e+00 3.534619616048145785e-01
1.429148741095939701e-01 1.121124163452315248e+00 3.550137895746890981e-01
1.438309950974759888e-01 1.121946132925845330e+00 3.565558031867170352e-01
1.447471160853580074e-01 1.122768705038973636e+00 3.580880019068314324e-01
1.456632370732400261e-01 1.123591880233534734e+00 3.596103854028355196e-01
1.465793580611220448e-01 1.124415658951687158e+00 3.611229535439742233e-01
1.474954790490040357e-01 1.125240041635913180e+00 3.626257064005043440e-01
1.484116000368860544e-01 1.126065028729020145e+00 3.641186442432682302e-01
1.493277210247680731e-01 1.126890620674139587e+00 3.656017675432642333e-01
1.502438420126500918e-01 1.127716817914728331e+00 3.670750769712205486e-01
1.511599630005321104e-01 1.128543620894567834e+00 3.685385733971663358e-01
1.520760839884141014e-01 1.129371030057765291e+00 3.699922578900075032e-01
1.529922049762961200e-01 1.130199045848753192e+00 3.714361317170998267e-01
1.539083259641781387e-01 1.131027668712290435e+00 3.728701963438235123e-01
1.548244469520601574e-01 1.131856899093461433e+00 3.742944534331575368e-01
1.557405679399421483e-01 1.132686737437676783e+00 3.757089048452558755e-01
1.566566889278241670e-01 1.133517184190674598e+00 3.771135526370254509e-01
1.575728099157061857e-01 1.134348239798518732e+00 3.785083990616984750e-01
1.584889309035882043e-01 1.135179904707600551e+00 3.798934465684129513e-01
1.594050518914702230e-01 1.136012179364638719e+00 3.812686978017900685e-01
1.603211728793522139e-01 1.136845064216679413e+00 3.826341556015115941e-01
1.612372938672342326e-01 1.137678559711096327e+00 3.839898230018981562e-01
1.621534148551162513e-01 1.138512666295591558e+00 3.853357032314903008e-01
1.630695358429982700e-01 1.139347384418195164e+00 3.866717997126278838e-01
1.639856568308802887e-01 1.140182714527265606e+00 3.879981160610295743e-01
1.649017778187622796e-01 1.141018657071490194e+00 3.893146560853753546e-01
1.658178988066442983e-01 1.141855212499885530e+00 3.906214237868883554e-01
1.667340197945263169e-01 1.142692381261796841e+00 3.919184233589151356e-01
1.676501407824083356e-01 1.143530163806899091e+00 3.932056591865121797e-01
1.685662617702903265e-01 1.144368560585196759e+00 3.944831358460256787e-01
1.694823827581723452e-01 1.145207572047024502e+00 3.957508581046786933e-01
1.703985037460543639e-01 1.146047198643047160e+00 3.970088309201552645e-01
1.713146247339363826e-01 1.146887440824259752e+00 3.982570594401851349e-01
1.722307457218184013e-01 1.147728299041988143e+00 3.994955490021304123e-01
1.731468667097003922e-01 1.148569773747888823e+00 4.007243051325725114e-01
1.740629876975824109e-01 1.149411865393949572e+00 4.019433335468994839e-01
1.749791086854644295e-01 1.150254574432489907e+00 4.031526401488952360e-01
1.758952296733464482e-01 1.151097901316160410e+00 4.043522310303261369e-01
1.768113506612284669e-01 1.151941846497943844e+00 4.055421124705321234e-01
1.777274716491104578e-01 1.152786410431154929e+00 4.067222909360169725e-01
1.786435926369924765e-01 1.153631593569440783e+00 4.078927730800385731e-01
1.795597136248744952e-01 1.154477396366781372e+00 4.090535657422003646e-01
1.804758346127565138e-01 1.155323819277489061e+00 4.102046759480446614e-01
1.813919556006385048e-01 1.156170862756209505e+00 4.113461109086437029e-01
1.823080765885205234e-01 1.157018527257922091e+00 4.124778780201964756e-01
1.832241975764025421e-01 1.157866813237939052e+00 4.135999848636195964e-01
1.841403185642845608e-01 1.158715721151906797e+00 4.147124392041451335e-01
1.850564395521665795e-01 1.159565251455805912e+00 4.158152489909138216e-01
1.859725605400485704e-01 1.160415404605951162e+00 4.169084223565756586e-01
1.868886815279305891e-01 1.161266181058991931e+00 4.179919676168827314e-01
1.878048025158126078e-01 1.162117581271912226e+00 4.190658932702901462e-01
1.887209235036946264e-01 1.162969605702031339e+00 4.201302079975544612e-01
1.896370444915766451e-01 1.163822254807003631e+00 4.211849206613320629e-01
1.905531654794586360e-01 1.164675529044819191e+00 4.222300403057804852e-01
1.914692864673406547e-01 1.165529428873803841e+00 4.232655761561595620e-01
1.923854074552226734e-01 1.166383954752619134e+00 4.242915376184318577e-01
1.933015284431046921e-01 1.167239107140263465e+00 4.253079342788680384e-01
1.942176494309866830e-01 1.168094886496071405e+00 4.263147759036464701e-01
1.951337704188687017e-01 1.168951293279714143e+00 4.273120724384604219e-01
1.960498914067507203e-01 1.169808327951200377e+00 4.282998340081224375e-01
1.969660123946327390e-01 1.170665990970875425e+00 4.292780709161673758e-01
1.978821333825147577e-01 1.171524282799422556e+00 4.302467936444627217e-01
1.987982543703967486e-01 1.172383203897862991e+00 4.312060128528135694e-01
1.997143753582787673e-01 1.173242754727555237e+00 4.321557393785705470e-01
2.006304963461607860e-01 1.174102935750196641e+00 4.330959842362389622e-01
2.015466173340428047e-01 1.174963747427822947e+00 4.340267586170898917e-01
2.024627383219248233e-01 1.175825190222808514e+00 4.349480738887672726e-01
2.033788593098068143e-01 1.176687264597866767e+00 4.358599415949024891e-01
2.042949802976888329e-01 1.177549971016050412e+00 4.367623734547241843e-01
2.052111012855708516e-01 1.178413309940751663e+00 4.376553813626721801e-01
2.061272222734528703e-01 1.179277281835702462e+00 4.385389773880100650e-01
2.070433432613348612e-01 1.180141887164974479e+00 4.394131737744406130e-01
2.079594642492168799e-01 1.181007126392980000e+00 4.402779829397203137e-01
2.088755852370988986e-01 1.181872999984471706e+00 4.411334174752756798e-01
2.097917062249809173e-01 1.182739508404542894e+00 4.419794901458197200e-01
2.107078272128629359e-01 1.183606652118628144e+00 4.428162138889703003e-01
2.116239482007449269e-01 1.184474431592502652e+00 4.436436018148675609e-01
2.125400691886269455e-01 1.185342847292283786e+00 4.444616672057941642e-01
2.134561901765089642e-01 1.186211899684430415e+00 4.452704235157951551e-01
2.143723111643909829e-01 1.187081589235743140e+00 4.460698843702975980e-01
2.152884321522730016e-01 1.187951916413365172e+00 4.468600635657347109e-01
2.162045531401549925e-01 1.188822881684782340e+00 4.476409750691668354e-01
2.171206741280370112e-01 1.189694485517822420e+00 4.484126330179040720e-01
2.180367951159190298e-01 1.190566728380657135e+00 4.491750517191325232e-01
2.189529161038010485e-01 1.191439610741800825e+00 4.499282456495387605e-01
2.198690370916830394e-01 1.192313133070111775e+00 4.506722294549332375e-01
2.207851580795650581e-01 1.193187295834791328e+00 4.514070179498806956e-01
2.217012790674470768e-01 1.194062099505385888e+00 4.521326261173258532e-01
2.226174000553290955e-01 1.194937544551784914e+00 4.528490691082204256e-01
2.235335210432111142e-01 1.195813631444223590e+00 4.535563622411558082e-01
2.244496420310931051e-01 1.196690360653280605e+00 4.542545210019889868e-01
2.253657630189751238e-01 1.197567732649880590e+00 4.549435610434766075e-01
2.262818840068571424e-01 1.198445747905293457e+00 4.556234981849048848e-01
2.271980049947391611e-01 1.199324406891133732e+00 4.562943484117229498e-01
2.281141259826211798e-01 1.200203710079362773e+00 4.569561278751752553e-01
2.290302469705031707e-01 1.201083657942287219e+00 4.576088528919366460e-01
2.299463679583851894e-01 1.201964250952560320e+00 4.582525399437474833e-01
2.308624889462672081e-01 1.202845489583181937e+00 4.588872056770484376e-01
2.317786099341492267e-01 1.203727374307498543e+00 4.595128669026176671e-01
2.326947309220312177e-01 1.204609905599203667e+00 4.601295405952087747e-01
2.336108519099132363e-01 1.205493083932338116e+00 4.607372438931882641e-01
2.345269728977952550e-01 1.206376909781290196e+00 4.613359940981753837e-01
2.354430938856772737e-01 1.207261383620796380e+00 4.619258086746821368e-01
2.363592148735592924e-01 1.208146505925940861e+00 4.625067052497530140e-01
2.372753358614412833e-01 1.209032277172156222e+00 4.630787016126078903e-01
2.381914568493233020e-01 1.209918697835223433e+00 4.636418157142839780e-01
2.391075778372053207e-01 1.210805768391272741e+00 4.641960656672797225e-01
2.400236988250873393e-01 1.211693489316783001e+00 4.647414697451969778e-01
2.409398198129693303e-01 1.212581861088582791e+00 4.652780463823883994e-01
2.418559408008513489e-01 1.213470884183849963e+00 4.658058141736015068e-01
2.427720617887333676e-01 1.214360559080112312e+00 4.663247918736262987e-01
2.436881827766153863e-01 1.215250886255248020e+00 4.668349983969420358e-01
2.446043037644974050e-01 1.216141866187485210e+00 4.673364528173656884e-01
2.455204247523793959e-01 1.217033499355402837e+00 4.678291743677004400e-01
2.464365457402614146e-01 1.217925786237930907e+00 4.683131824393876319e-01
2.473526667281434333e-01 1.218818727314350259e+00 4.687884965821541017e-01
2.482687877160254519e-01 1.219712323064293003e+00 4.692551365036660149e-01
2.491849087039074706e-01 1.220606573967743635e+00 4.697131220691812548e-01
2.501010296917894893e-01 1.221501480505037485e+00 4.701624733012009782e-01
2.510171506796715080e-01 1.222397043156863150e+00 4.706032103791252252e-01
2.519332716675534711e-01 1.223293262404260506e+00 4.710353536389060292e-01
2.528493926554354898e-01 1.224190138728623367e+00 4.714589235727049132e-01
2.537655136433175085e-01 1.225087672611697487e+00 4.718739408285468340e-01
2.546816346311995272e-01 1.225985864535582115e+00 4.722804262099799533e-01
2.555977556190815458e-01 1.226884714982730218e+00 4.726784006757308587e-01
2.565138766069635645e-01 1.227784224435948257e+00 4.730678853393663896e-01
2.574299975948455832e-01 1.228684393378396855e+00 4.734489014689496345e-01
2.583461185827276019e-01 1.229585222293590352e+00 4.738214704867026450e-01
2.592622395706096206e-01 1.230486711665397914e+00 4.741856139686681515e-01
2.601783605584915837e-01 1.231388861978043980e+00 4.745413536443690572e-01
2.610944815463736024e-01 1.232291673716106928e+00 4.748887113964718187e-01
2.620106025342556211e-01 1.233195147364521516e+00 4.752277092604523245e-01
2.629267235221376398e-01 1.234099283408577330e+00 4.755583694242564441e-01
2.638428445100196584e-01 1.235004082333919895e+00 4.758807142279682934e-01
2.647589654979016771e-01 1.235909544626551115e+00 4.761947661634736151e-01
2.656750864857836958e-01 1.236815670772828613e+00 4.765005478741273226e-01
2.665912074736657145e-01 1.237722461259466833e+00 4.767980821544213765e-01
2.675073284615477331e-01 1.238629916573537493e+00 4.770873919496518845e-01
2.684234494494297518e-01 1.239538037202469134e+00 4.773685003555890871e-01
2.693395704373117150e-01 1.240446823634047124e+00 4.776414306181449576e-01
2.702556914251937337e-01 1.241356276356415433e+00 4.779062061330462408e-01
2.711718124130757523e-01 1.242266395858075301e+00 4.781628504455031070e-01
2.720879334009577710e-01 1.243177182627886346e+00 4.784113872498830244e-01
2.730040543888397897e-01 1.244088637155066124e+00 4.786518403893820217e-01
2.739201753767218084e-01 1.245000759929191458e+00 4.788842338556982825e-01
2.748362963646038271e-01 1.245913551440197997e+00 4.791085917887070722e-01
2.757524173524858457e-01 1.246827012178380656e+00 4.793249384761338328e-01
2.766685383403678644e-01 1.247741142634393174e+00 4.795332983532321069e-01
2.775846593282498276e-01 1.248655943299249893e+00 4.797336960024572994e-01
2.785007803161318463e-01 1.249571414664324642e+00 4.799261561531456000e-01
2.794169013040138649e-01 1.250487557221351631e+00 4.801107036811906315e-01
2.803330222918958836e-01 1.251404371462425669e+00 4.802873636087227061e-01
2.812491432797779023e-01 1.252321857880001943e+00 4.804561611037865831e-01
2.821652642676599210e-01 1.253240016966897574e+00 4.806171214800235014e-01
2.830813852555419396e-01 1.254158849216290061e+00 4.807702701963486036e-01
2.839975062434239583e-01 1.255078355121719058e+00 4.809156328566356331e-01
2.849136272313059770e-01 1.255998535177085706e+00 4.810532352093964681e-01
2.858297482191879402e-01 1.256919389876653526e+00 4.811831031474644305e-01
2.867458692070699589e-01 1.257840919715048411e+00 4.813052627076778722e-01
2.876619901949519775e-01 1.258763125187258636e+00 4.814197400705640395e-01
2.885781111828339962e-01 1.259686006788635515e+00 4.815265615600231586e-01
2.894942321707160149e-01 1.260609565014893851e+00 4.816257536430147423e-01
2.904103531585980336e-01 1.261533800362111490e+00 4.817173429292424536e-01
2.913264741464800522e-01 1.262458713326729987e+00 4.818013561708425208e-01
2.922425951343620709e-01 1.263384304405555048e+00 4.818778202620686013e-01
2.931587161222440896e-01 1.264310574095756534e+00 4.819467622389814188e-01
2.940748371101261083e-01 1.265237522894869127e+00 4.820082092791373451e-01
2.949909580980080714e-01 1.266165151300791658e+00 4.820621887012775941e-01
2.959070790858900901e-01 1.267093459811788225e+00 4.821087279650164703e-01
2.968232000737721088e-01 1.268022448926488854e+00 4.821478546705347812e-01
2.977393210616541275e-01 1.268952119143888391e+00 4.821795965582690302e-01
2.986554420495361462e-01 1.269882470963347609e+00 4.822039815086025527e-01
2.995715630374181648e-01 1.270813504884593881e+00 4.822210375415600381e-01
3.004876840253001835e-01 1.271745221407720505e+00 4.822307928164989987e-01
3.014038050131822022e-01 1.272677621033187600e+00 4.822332756318040148e-01
3.023199260010642209e-01 1.273610704261822102e+00 4.822285144245800348e-01
3.032360469889461840e-01 1.274544471594818207e+00 4.822165377703488964e-01
3.041521679768282027e-01 1.275478923533737596e+00 4.821973743827427938e-01
3.050682889647102214e-01 1.276414060580509879e+00 4.821710531132005761e-01
3.059844099525922401e-01 1.277349883237432371e+00 4.821376029506663774e-01
3.069005309404742587e-01 1.278286392007170535e+00 4.820970530212834726e-01
3.078166519283562774e-01 1.279223587392758654e+00 4.820494325880950170e-01
3.087327729162382961e-01 1.280161469897599824e+00 4.819947710507389016e-01
3.096488939041203148e-01 1.281100040025465958e+00 4.819330979451507679e-01
3.105650148920023335e-01 1.282039298280498674e+00 4.818644429432593634e-01
3.114811358798842966e-01 1.282979245167208626e+00 4.817888358526891124e-01
3.123972568677663153e-01 1.283919881190477286e+00 4.817063066164588570e-01
3.133133778556483340e-01 1.284861206855555604e+00 4.816168853126834848e-01
3.142294988435303527e-01 1.285803222668064905e+00 4.815206021542756676e-01
3.151456198314123713e-01 1.286745929133997546e+00 4.814174874886474331e-01
3.160617408192943900e-01 1.287689326759716701e+00 4.813075717974128476e-01
3.169778618071764087e-01 1.288633416051957026e+00 4.811908856960904757e-01
3.178939827950584274e-01 1.289578197517824210e+00 4.810674599338078394e-01
3.188101037829404460e-01 1.290523671664796090e+00 4.809373253930044334e-01
3.197262247708224647e-01 1.291469839000722653e+00 4.808005130891371270e-01
3.206423457587044279e-01 1.292416700033825805e+00 4.806570541703838462e-01
3.215584667465864466e-01 1.293364255272700492e+00 4.805069799173507517e-01
3.224745877344684652e-01 1.294312505226314469e+00 4.803503217427760874e-01
3.233907087223504839e-01 1.295261450404008752e+00 4.801871111912381918e-01
3.243068297102325026e-01 1.296211091315496944e+00 4.800173799388619544e-01
3.252229506981145213e-01 1.297161428470867683e+00 4.798411597930246075e-01
3.261390716859965400e-01 1.298112462380582421e+00 4.796584826920655131e-01
3.270551926738785586e-01 1.299064193555477642e+00 4.794693807049931200e-01
3.279713136617605773e-01 1.300016622506763975e+00 4.792738860311935301e-01
3.288874346496425405e-01 1.300969749746026860e+00 4.790720310001396198e-01
3.298035556375245592e-01 1.301923575785226994e+00 4.788638480711003287e-01
3.307196766254065778e-01 1.302878101136700550e+00 4.786493698328508906e-01
3.316357976132885965e-01 1.303833326313158736e+00 4.784286290033814559e-01
3.325519186011706152e-01 1.304789251827689123e+00 4.782016584296096551e-01
3.334680395890526339e-01 1.305745878193755427e+00 4.779684910870909409e-01
3.343841605769346526e-01 1.306703205925197953e+00 4.777291600797279325e-01
3.353002815648166712e-01 1.307661235536233368e+00 4.774836986394854765e-01
3.362164025526986899e-01 1.308619967541455154e+00 4.772321401260998242e-01
3.371325235405806531e-01 1.309579402455835151e+00 4.769745180267920825e-01
3.380486445284626718e-01 1.310539540794721569e+00 4.767108659559814443e-01
3.389647655163446904e-01 1.311500383073840981e+00 4.764412176549971956e-01
3.398808865042267091e-01 1.312461929809298322e+00 4.761656069917925005e-01
3.407970074921087278e-01 1.313424181517576228e+00 4.758840679606584079e-01
3.417131284799907465e-01 1.314387138715536585e+00 4.755966346819376356e-01
3.426292494678727651e-01 1.315350801920420087e+00 4.753033414017387437e-01
3.435453704557547838e-01 1.316315171649846461e+00 4.750042224916508626e-01
3.444614914436368025e-01 1.317280248421815347e+00 4.746993124484588100e-01
3.453776124315188212e-01 1.318246032754705643e+00 4.743886458938577633e-01
3.462937334194007843e-01 1.319212525167276384e+00 4.740722575741693756e-01
3.472098544072828030e-01 1.320179726178667634e+00 4.737501823600561712e-01
3.481259753951648217e-01 1.321147636308399154e+00 4.734224552462400482e-01
3.490420963830468404e-01 1.322116256076371954e+00 4.730891113512157853e-01
3.499582173709288591e-01 1.323085586002868519e+00 4.727501859169682685e-01
3.508743383588108777e-01 1.324055626608552361e+00 4.724057143086904387e-01
3.517904593466928964e-01 1.325026378414469130e+00 4.720557320144994629e-01
3.527065803345749151e-01 1.325997841942045730e+00 4.717002746451528505e-01
3.536227013224569338e-01 1.326970017713092309e+00 4.713393779337666789e-01
3.545388223103388969e-01 1.327942906249800936e+00 4.709730777355342624e-01
3.554549432982209156e-01 1.328916508074746927e+00 4.706014100274409362e-01
3.563710642861029343e-01 1.329890823710888625e+00 4.702244109079850021e-01
3.572871852739849530e-01 1.330865853681567401e+00 4.698421165968946767e-01
3.582033062618669716e-01 1.331841598510508762e+00 4.694545634348448182e-01
3.591194272497489903e-01 1.332818058721822352e+00 4.690617878831783161e-01
3.600355482376310090e-01 1.333795234840001287e+00 4.686638265236210410e-01
3.609516692255130277e-01 1.334773127389924152e+00 4.682607160580045114e-01
3.618677902133950464e-01 1.335751736896853670e+00 4.678524933079815096e-01
3.627839112012770095e-01 1.336731063886437809e+00 4.674391952147459173e-01
3.637000321891590282e-01 1.337711108884710676e+00 4.670208588387524951e-01
3.646161531770410469e-01 1.338691872418090956e+00 4.665975213594352744e-01
3.655322741649230656e-01 1.339673355013383471e+00 4.661692200749270043e-01
3.664483951528050842e-01 1.340655557197780290e+00 4.657359924017778763e-01
3.673645161406871029e-01 1.341638479498858505e+00 4.652978758746764143e-01
3.682806371285691216e-01 1.342622122444583344e+00 4.648549081461671451e-01
3.691967581164511403e-01 1.343606486563306390e+00 4.644071269863712104e-01
3.701128791043331590e-01 1.344591572383766476e+00 4.639545702827052587e-01
3.710290000922151221e-01 1.345577380435090564e+00 4.634972760396020575e-01
3.719451210800971408e-01 1.346563911246793310e+00 4.630352823782281080e-01
3.728612420679791595e-01 1.347551165348777724e+00 4.625686275362052569e-01
3.737773630558611782e-01 1.348539143271335394e+00 4.620973498673295321e-01
3.746934840437431968e-01 1.349527845545146043e+00 4.616214878412910894e-01
3.756096050316252155e-01 1.350517272701279525e+00 4.611410800433926038e-01
3.765257260195072342e-01 1.351507425271194052e+00 4.606561651742704933e-01
3.774418470073892529e-01 1.352498303786738187e+00 4.601667820496135874e-01
3.783579679952712715e-01 1.353489908780149964e+00 4.596729695998822973e-01
3.792740889831532902e-01 1.354482240784058211e+00 4.591747668700290053e-01
3.801902099710352534e-01 1.355475300331481225e+00 4.586722130192170677e-01
3.811063309589172721e-01 1.356469087955829433e+00 4.581653473205397620e-01
3.820224519467992907e-01 1.357463604190903395e+00 4.576542091607394558e-01
3.829385729346813094e-01 1.358458849570895133e+00 4.571388380399286078e-01
3.838546939225633281e-01 1.359454824630388803e+00 4.566192735713048845e-01
3.847708149104453468e-01 1.360451529904360024e+00 4.560955554808749923e-01
3.856869358983273655e-01 1.361448965928176769e+00 4.555677236071694058e-01
3.866030568862093841e-01 1.362447133237599584e+00 4.550358179009628690e-01
3.875191778740914028e-01 1.363446032368781813e+00 4.544998784249933976e-01
3.884352988619733660e-01 1.364445663858269819e+00 4.539599453536795060e-01
3.893514198498553847e-01 1.365446028243003651e+00 4.534160589728379875e-01
3.902675408377374033e-01 1.366447126060316375e+00 4.528682596794044168e-01
3.911836618256194220e-01 1.367448957847935631e+00 4.523165879811483769e-01
3.920997828135014407e-01 1.368451524143982967e+00 4.517610844963925176e-01
3.930159038013834594e-01 1.369454825486974725e+00 4.512017899537294485e-01
3.939320247892654780e-01 1.370458862415821821e+00 4.506387451917389653e-01
3.948481457771474967e-01 1.371463635469830189e+00 4.500719911587052202e-01
3.957642667650295154e-01 1.372469145188701667e+00 4.495015689123341707e-01
3.966803877529114786e-01 1.373475392112533111e+00 4.489275196194685846e-01
3.975965087407934972e-01 1.374482376781817949e+00 4.483498845558052670e-01
3.985126297286755159e-01 1.375490099737445737e+00 4.477687051056110090e-01
3.994287507165575346e-01 1.376498561520702157e+00 4.471840227614380936e-01
4.003448717044395533e-01 1.377507762673270353e+00 4.465958791238396342e-01
4.012609926923215720e-01 1.378517703737230482e+00 4.460043159010844138e-01
4.021771136802035906e-01 1.379528385255059497e+00 4.454093749088731125e-01
4.030932346680856093e-01 1.380539807769632921e+00 4.448110980700502592e-01
4.040093556559676280e-01 1.381551971824223957e+00 4.442095274143208483e-01
4.049254766438496467e-01 1.382564877962503935e+00 4.436047050779616252e-01
4.058415976317316098e-01 1.383578526728542979e+00 4.429966733035373694e-01
4.067577186196136285e-01 1.384592918666810224e+00 4.423854744396113481e-01
4.076738396074956472e-01 1.385608054322173821e+00 4.417711509404590453e-01
4.085899605953776659e-01 1.386623934239901379e+00 4.411537453657807251e-01
4.095060815832596846e-01 1.387640558965660409e+00 4.405333003804121073e-01
4.104222025711417032e-01 1.388657929045518324e+00 4.399098587540369310e-01
4.113383235590237219e-01 1.389676045025942885e+00 4.392834633608976858e-01
4.122544445469057406e-01 1.390694907453802864e+00 4.386541571795057326e-01
4.131705655347877593e-01 1.391714516876367380e+00 4.380219832923512580e-01
4.140866865226697224e-01 1.392734873841307452e+00 4.373869848856137832e-01
4.150028075105517411e-01 1.393755978896695114e+00 4.367492052488703980e-01
4.159189284984337598e-01 1.394777832591004296e+00 4.361086877748047153e-01
4.168350494863157785e-01 1.395800435473111500e+00 4.354654759589145496e-01
4.177511704741977971e-01 1.396823788092295127e+00 4.348196133992211498e-01
4.186672914620798158e-01 1.397847890998236586e+00 4.341711437959738795e-01
4.195834124499618345e-01 1.398872744741020080e+00 4.335201109513585616e-01
4.204995334378438532e-01 1.399898349871133041e+00 4.328665587692033245e-01
4.214156544257258719e-01 1.400924706939467024e+00 4.322105312546824507e-01
4.223317754136078350e-01 1.401951816497316816e+00 4.315520725140230551e-01
4.232478964014898537e-01 1.402979679096382215e+00 4.308912267542086560e-01
4.241640173893718724e-01 1.404008295288766472e+00 4.302280382826832450e-01
4.250801383772538911e-01 1.405037665626978294e+00 4.295625515070532474e-01
4.259962593651359097e-01 1.406067790663931394e+00 4.288948109347903714e-01
4.269123803530179284e-01 1.407098670952944941e+00 4.282248611729346233e-01
4.278285013408999471e-01 1.408130307047743557e+00 4.275527469277932147e-01
4.287446223287819658e-01 1.409162699502457539e+00 4.268785130046435783e-01
4.296607433166639844e-01 1.410195848871624413e+00 4.262022043074305544e-01
4.305768643045460031e-01 1.411229755710187161e+00 4.255238658384676298e-01
4.314929852924279663e-01 1.412264420573496437e+00 4.248435426981336804e-01
4.324091062803099850e-01 1.413299844017309903e+00 4.241612800845713238e-01
4.333252272681920036e-01 1.414336026597792229e+00 4.234771232933848828e-01
4.342413482560740223e-01 1.415372968871516424e+00 4.227911177173341861e-01
4.351574692439560410e-01 1.416410671395463172e+00 4.221033088460321436e-01
4.360735902318380597e-01 1.417449134727021498e+00 4.214137422656391019e-01
4.369897112197200784e-01 1.418488359423989653e+00 4.207224636585543687e-01
4.379058322076020970e-01 1.419528346044574008e+00 4.200295188031136218e-01
4.388219531954841157e-01 1.420569095147391048e+00 4.193349535732767142e-01
4.397380741833660789e-01 1.421610607291466044e+00 4.186388139383220297e-01
4.406541951712480976e-01 1.422652883036234384e+00 4.179411459625362868e-01
4.415703161591301162e-01 1.423695922941542014e+00 4.172419958049033428e-01
4.424864371470121349e-01 1.424739727567644998e+00 4.165414097187946085e-01
4.434025581348941536e-01 1.425784297475209961e+00 4.158394340516564647e-01
4.443186791227761723e-01 1.426829633225314975e+00 4.151361152446967906e-01
4.452348001106581910e-01 1.427875735379449118e+00 4.144314998325717703e-01
4.461509210985402096e-01 1.428922604499513582e+00 4.137256344430712551e-01
4.470670420864222283e-01 1.429970241147821230e+00 4.130185657968028501e-01
4.479831630743041915e-01 1.431018645887096818e+00 4.123103407068754445e-01
4.488992840621862102e-01 1.432067819280478771e+00 4.116010060785807445e-01
4.498154050500682288e-01 1.433117761891517183e+00 4.108906089090774705e-01
4.507315260379502475e-01 1.434168474284176042e+00 4.101791962870681707e-01
4.516476470258322662e-01 1.435219957022832782e+00 4.094668153924812537e-01
4.525637680137142849e-01 1.436272210672278060e+00 4.087535134961486349e-01
4.534798890015963035e-01 1.437325235797717093e+00 4.080393379594833836e-01
4.543960099894783222e-01 1.438379032964769877e+00 4.073243362341554263e-01
4.553121309773603409e-01 1.439433602739469853e+00 4.066085558617677509e-01
4.562282519652423596e-01 1.440488945688267020e+00 4.058920444735300559e-01
4.571443729531243227e-01 1.441545062378025266e+00 4.051748497899320123e-01
4.580604939410063414e-01 1.442601953376025037e+00 4.044570196204153589e-01
4.589766149288883601e-01 1.443659619249962445e+00 4.037386018630452211e-01
4.598927359167703788e-01 1.444718060567949491e+00 4.030196445041787645e-01
4.608088569046523975e-01 1.445777277898515178e+00 4.023001956181347927e-01
4.617249778925344161e-01 1.446837271810604841e+00 4.015803033668612909e-01
4.626410988804164348e-01 1.447898042873581259e+00 4.008600159996006940e-01
4.635572198682984535e-01 1.448959591657224655e+00 4.001393818525564305e-01
4.644733408561804722e-01 1.450021918731733139e+00 3.994184493485550824e-01
4.653894618440624353e-01 1.451085024667722267e+00 3.986972669967107641e-01
4.663055828319444540e-01 1.452148910036226592e+00 3.979758833920848393e-01
4.672217038198264727e-01 1.453213575408698999e+00 3.972543472153478028e-01
4.681378248077084914e-01 1.454279021357011592e+00 3.965327072324367208e-01
4.690539457955905100e-01 1.455345248453455476e+00 3.958110122942133935e-01
4.699700667834725287e-01 1.456412257270741195e+00 3.950893113361210740e-01
4.708861877713545474e-01 1.457480048382000071e+00 3.943676533778380788e-01
4.718023087592365661e-01 1.458548622360782199e+00 3.936460875229332301e-01
4.727184297471185848e-01 1.459617979781059560e+00 3.929246629585166906e-01
4.736345507350005479e-01 1.460688121217224245e+00 3.922034289548914643e-01
4.745506717228825666e-01 1.461759047244089560e+00 3.914824348652029551e-01
4.754667927107645853e-01 1.462830758436890255e+00 3.907617301250871367e-01
4.763829136986466040e-01 1.463903255371282741e+00 3.900413642523169466e-01
4.772990346865286226e-01 1.464976538623345759e+00 3.893213868464474037e-01
4.782151556744106413e-01 1.466050608769580377e+00 3.886018475884606138e-01
4.791312766622926600e-01 1.467125466386909771e+00 3.878827962404066687e-01
4.800473976501746787e-01 1.468201112052681001e+00 3.871642826450457653e-01
4.809635186380566974e-01 1.469277546344663454e+00 3.864463567254868837e-01
4.818796396259386605e-01 1.470354769841050846e+00 3.857290684848253548e-01
4.827957606138206792e-01 1.471432783120460774e+00 3.850124680057807058e-01
4.837118816017026979e-01 1.472511586761934499e+00 3.842966054503298423e-01
4.846280025895847166e-01 1.473591181344938050e+00 3.835815310593411187e-01
4.855441235774667352e-01 1.474671567449362897e+00 3.828672951522062995e-01
4.864602445653487539e-01 1.475752745655524834e+00 3.821539481264696891e-01
4.873763655532307726e-01 1.476834716544165760e+00 3.814415404574573731e-01
4.882924865411127913e-01 1.477917480696452568e+00 3.807301226979045161e-01
4.892086075289948099e-01 1.479001038693979142e+00 3.800197454775791073e-01
4.901247285168768286e-01 1.480085391118765248e+00 3.793104595029066495e-01
4.910408495047587918e-01 1.481170538553257643e+00 3.786023155565916287e-01
4.919569704926408105e-01 1.482256481580329410e+00 3.778953644972385950e-01
4.928730914805228291e-01 1.483343220783282179e+00 3.771896572589680807e-01
4.937892124684048478e-01 1.484430756745844349e+00 3.764852448510365712e-01
4.947053334562868665e-01 1.485519090052172420e+00 3.757821783574497587e-01
4.956214544441688852e-01 1.486608221286851439e+00 3.750805089365750744e-01
4.965375754320509039e-01 1.487698151034894556e+00 3.743802878207556084e-01
4.974536964199329225e-01 1.488788879881744354e+00 3.736815663159163137e-01
4.983698174078149412e-01 1.489880408413272628e+00 3.729843958011750393e-01
4.992859383956969044e-01 1.490972737215780386e+00 3.722888277284464031e-01
5.002020593835789786e-01 1.492065866875998736e+00 3.715949136220468851e-01
5.011181803714609417e-01 1.493159797981088444e+00 3.709027050782973678e-01
5.020343013593430159e-01 1.494254531118641705e+00 3.702122537651221235e-01
5.029504223472249791e-01 1.495350066876680817e+00 3.695236114216481349e-01
5.038665433351069423e-01 1.496446405843659067e+00 3.688368298578026949e-01
5.047826643229890164e-01 1.497543548608462061e+00 3.681519609539054549e-01
5.056987853108709796e-01 1.498641495760405951e+00 3.674690566602638597e-01
5.066149062987530538e-01 1.499740247889240097e+00 3.667881689967612546e-01
5.075310272866350170e-01 1.500839805585145514e+00 3.661093500524474909e-01
5.084471482745170912e-01 1.501940169438736206e+00 3.654326519851247013e-01
5.093632692623990543e-01 1.503041340041058715e+00 3.647581270209317994e-01
5.102793902502811285e-01 1.504143317983593908e+00 3.640858274539269246e-01
5.111955112381630917e-01 1.505246103858255413e+00 3.634158056456687769e-01
5.121116322260450548e-01 1.506349698257390957e+00 3.627481140247941216e-01
5.130277532139271290e-01 1.507454101773783250e+00 3.620828050865940728e-01
5.139438742018090922e-01 1.508559315000648438e+00 3.614199313925889889e-01
5.148599951896911664e-01 1.509665338531638978e+00 3.607595455700991494e-01
5.157761161775731296e-01 1.510772172960840987e+00 3.601017003118162640e-01
5.166922371654552038e-01 1.511879818882777782e+00 3.594464483753695427e-01
5.176083581533371669e-01 1.512988276892407224e+00 3.587938425828919309e-01
5.185244791412192411e-01 1.514097547585124381e+00 3.581439358205834589e-01
5.194406001291012043e-01 1.515207631556759971e+00 3.574967810382712052e-01
5.203567211169831674e-01 1.516318529403582138e+00 3.568524312489694816e-01
5.212728421048652416e-01 1.517430241722296014e+00 3.562109395284345226e-01
5.221889630927472048e-01 1.518542769110044377e+00 3.555723590147203406e-01
5.231050840806292790e-01 1.519656112164407658e+00 3.549367429077284752e-01
5.240212050685112422e-01 1.520770271483404157e+00 3.543041444687600183e-01
5.249373260563933163e-01 1.521885247665491159e+00 3.536746170200598671e-01
5.258534470442752795e-01 1.523001041309564263e+00 3.530482139443636425e-01
5.267695680321573537e-01 1.524117653014958496e+00 3.524249886844386115e-01
5.276856890200393169e-01 1.525235083381447865e+00 3.518049947426243884e-01
5.286018100079213911e-01 1.526353333009246693e+00 3.511882856803693609e-01
5.295179309958033542e-01 1.527472402499008730e+00 3.505749151177671719e-01
5.304340519836853174e-01 1.528592292451828705e+00 3.499649367330873728e-01
5.313501729715673916e-01 1.529713003469241661e+00 3.493584042623062436e-01
5.322662939594493547e-01 1.530834536153223624e+00 3.487553714986355580e-01
5.331824149473314289e-01 1.531956891106192487e+00 3.481558922920439114e-01
5.340985359352133921e-01 1.533080068931007123e+00 3.475600205487832106e-01
5.350146569230954663e-01 1.534204070230968719e+00 3.469678102309058376e-01
5.359307779109774295e-01 1.535328895609820776e+00 3.463793153557818139e-01
5.368468988988595036e-01 1.536454545671749550e+00 3.457945899956142988e-01
5.377630198867414668e-01 1.537581021021384275e+00 3.452136882769509252e-01
5.386791408746234300e-01 1.538708322263797168e+00 3.446366643801932472e-01
5.395952618625055042e-01 1.539836450004504309e+00 3.440635725391025801e-01
5.405113828503874673e-01 1.540965404849465425e+00 3.434944670403040634e-01
5.414275038382695415e-01 1.542095187405085444e+00 3.429294022227881156e-01
5.423436248261515047e-01 1.543225798278212491e+00 3.423684324774079468e-01
5.432597458140335789e-01 1.544357238076140781e+00 3.418116122463752404e-01
5.441758668019155420e-01 1.545489507406608842e+00 3.412589960227541130e-01
5.450919877897976162e-01 1.546622606877801731e+00 3.407106383499480806e-01
5.460081087776795794e-01 1.547756537098349705e+00 3.401665938211899665e-01
5.469242297655615426e-01 1.548891298677329553e+00 3.396269170790248149e-01
5.478403507534436168e-01 1.550026892224264374e+00 3.390916628147908618e-01
5.487564717413255799e-01 1.551163318349124465e+00 3.385608857680981743e-01
5.496725927292076541e-01 1.552300577662327097e+00 3.380346407263040143e-01
5.505887137170896173e-01 1.553438670774737185e+00 3.375129825239856496e-01
5.515048347049716915e-01 1.554577598297667729e+00 3.369959660424093340e-01
5.524209556928536546e-01 1.555717360842878927e+00 3.364836462089971225e-01
5.533370766807357288e-01 1.556857959022581284e+00 3.359760779967891908e-01
5.542531976686176920e-01 1.557999393449432057e+00 3.354733164239069865e-01
5.551693186564996552e-01 1.559141664736539479e+00 3.349754165530063332e-01
5.560854396443817294e-01 1.560284773497460531e+00 3.344824334907356977e-01
5.570015606322636925e-01 1.561428720346201393e+00 3.339944223871851858e-01
5.579176816201457667e-01 1.562573505897219883e+00 3.335114384353347061e-01
5.588338026080277299e-01 1.563719130765423015e+00 3.330335368704990251e-01
5.597499235959098041e-01 1.564865595566169443e+00 3.325607729697694359e-01
5.606660445837917672e-01 1.566012900915268347e+00 3.320932020514522631e-01
5.615821655716738414e-01 1.567161047428980991e+00 3.316308794745032040e-01
5.624982865595558046e-01 1.568310035724020057e+00 3.311738606379608374e-01
5.634144075474377678e-01 1.569459866417550531e+00 3.307222009803731377e-01
5.643305285353198419e-01 1.570610540127189703e+00 3.302759559792252664e-01
5.652466495232018051e-01 1.571762057471008056e+00 3.298351811503589248e-01
5.661627705110838793e-01 1.572914419067529046e+00 3.293999320473933179e-01
5.670788914989658425e-01 1.574067625535729320e+00 3.289702642611392336e-01
5.679950124868479167e-01 1.575221677495039829e+00 3.285462334190106248e-01
5.689111334747298798e-01 1.576376575565345162e+00 3.281278951844342484e-01
5.698272544626119540e-01 1.577532320366985097e+00 3.277153052562533087e-01
5.707433754504939172e-01 1.578688912520753274e+00 3.273085193681303240e-01
5.716594964383758803e-01 1.579846352647898966e+00 3.269075932879438318e-01
5.725756174262579545e-01 1.581004641370127306e+00 3.265125828171837608e-01
5.734917384141399177e-01 1.582163779309598839e+00 3.261235437903420298e-01
5.744078594020219919e-01 1.583323767088929968e+00 3.257405320743001487e-01
5.753239803899039551e-01 1.584484605331194063e+00 3.253636035677125449e-01
5.762401013777860292e-01 1.585646294659921240e+00 3.249928142003872256e-01
5.771562223656679924e-01 1.586808835699098585e+00 3.246282199326618878e-01
5.780723433535500666e-01 1.587972229073170594e+00 3.242698767547770311e-01
5.789884643414320298e-01 1.589136475407040061e+00 3.239178406862449622e-01
5.799045853293141040e-01 1.590301575326067418e+00 3.235721677752148029e-01
5.808207063171960671e-01 1.591467529456071617e+00 3.232329140978348336e-01
5.817368273050780303e-01 1.592634338423331020e+00 3.229001357576101183e-01
5.826529482929601045e-01 1.593802002854582511e+00 3.225738888847561325e-01
5.835690692808420676e-01 1.594970523377022609e+00 3.222542296355492830e-01
5.844851902687241418e-01 1.596139900618308349e+00 3.219412141916733749e-01
5.854013112566061050e-01 1.597310135206555515e+00 3.216348987595624154e-01
5.863174322444881792e-01 1.598481227770341739e+00 3.213353395697381432e-01
5.872335532323701424e-01 1.599653178938704956e+00 3.210425928761458936e-01
5.881496742202522165e-01 1.600825989341144506e+00 3.207567149554843011e-01
5.890657952081341797e-01 1.601999659607620696e+00 3.204777621065325599e-01
5.899819161960161429e-01 1.603174190368556351e+00 3.202057906494728545e-01
5.908980371838982171e-01 1.604349582254836371e+00 3.199408569252093493e-01
5.918141581717801802e-01 1.605525835897807951e+00 3.196830172946820148e-01
5.927302791596622544e-01 1.606702951929281475e+00 3.194323281381777901e-01
5.936464001475442176e-01 1.607880930981530065e+00 3.191888458546366936e-01
5.945625211354262918e-01 1.609059773687291139e+00 3.189526268609538251e-01
5.954786421233082550e-01 1.610239480679765078e+00 3.187237275912777612e-01
5.963947631111903291e-01 1.611420052592617447e+00 3.185022044963038423e-01
5.973108840990722923e-01 1.612601490059977660e+00 3.182881140425642963e-01
5.982270050869542555e-01 1.613783793716440318e+00 3.180815127117126995e-01
5.991431260748363297e-01 1.614966964197065868e+00 3.178824569998063287e-01
6.000592470627182928e-01 1.616151002137379056e+00 3.176910034165815189e-01
6.009753680506003670e-01 1.617335908173372028e+00 3.175072084847261333e-01
6.018914890384823302e-01 1.618521682941501894e+00 3.173311287391489821e-01
6.028076100263644044e-01 1.619708327078693610e+00 3.171628207262412458e-01
6.037237310142463675e-01 1.620895841222338207e+00 3.170023410031372890e-01
6.046398520021284417e-01 1.622084226010294339e+00 3.168497461369684798e-01
6.055559729900104049e-01 1.623273482080888064e+00 3.167050927041135111e-01
6.064720939778923681e-01 1.624463610072914177e+00 3.165684372894441156e-01
6.073882149657744423e-01 1.625654610625635099e+00 3.164398364855661727e-01
6.083043359536564054e-01 1.626846484378782209e+00 3.163193468920562079e-01
6.092204569415384796e-01 1.628039231972555845e+00 3.162070251146932298e-01
6.101365779294204428e-01 1.629232854047625745e+00 3.161029277646857927e-01
6.110526989173025170e-01 1.630427351245131273e+00 3.160071114578955065e-01
6.119688199051844801e-01 1.631622724206682085e+00 3.159196328140536636e-01
6.128849408930665543e-01 1.632818973574357901e+00 3.158405484559752563e-01
6.138010618809485175e-01 1.634016099990709625e+00 3.157699150087673878e-01
6.147171828688304807e-01 1.635214104098758670e+00 3.157077890990322433e-01
6.156333038567125548e-01 1.636412986541998738e+00 3.156542273540665633e-01
6.165494248445945180e-01 1.637612747964394488e+00 3.156092864010554555e-01
6.174655458324765922e-01 1.638813389010383093e+00 3.155730228662614323e-01
6.183816668203585554e-01 1.640014910324874231e+00 3.155454933742085633e-01
6.192977878082406296e-01 1.641217312553250318e+00 3.155267545468612989e-01
6.202139087961225927e-01 1.642420596341366945e+00 3.155168630027996857e-01
6.211300297840046669e-01 1.643624762335553324e+00 3.155158753563877538e-01
6.220461507718866301e-01 1.644829811182612067e+00 3.155238482169384628e-01
6.229622717597685932e-01 1.646035743529820738e+00 3.155408381878719304e-01
6.238783927476506674e-01 1.647242560024931191e+00 3.155669018658703306e-01
6.247945137355326306e-01 1.648450261316169563e+00 3.156020958400262977e-01
6.257106347234147048e-01 1.649658848052238280e+00 3.156464766909871100e-01
6.266267557112966680e-01 1.650868320882314944e+00 3.157001009900930466e-01
6.275428766991787422e-01 1.652078680456052773e+00 3.157630252985105246e-01
6.284589976870607053e-01 1.653289927423581274e+00 3.158353061663610184e-01
6.293751186749427795e-01 1.654502062435507792e+00 3.159170001318426513e-01
6.302912396628247427e-01 1.655715086142914849e+00 3.160081637203483451e-01
6.312073606507067058e-01 1.656928999197363472e+00 3.161088534435784747e-01
6.321234816385887800e-01 1.658143802250892751e+00 3.162191257986462500e-01
6.330396026264707432e-01 1.659359495956018504e+00 3.163390372671804340e-01
6.339557236143528174e-01 1.660576080965735946e+00 3.164686443144205663e-01
6.348718446022347806e-01 1.661793557933519017e+00 3.166080033883069134e-01
6.357879655901168547e-01 1.663011927513320387e+00 3.167571709185664774e-01
6.367040865779988179e-01 1.664231190359571899e+00 3.169162033157907343e-01
6.376202075658808921e-01 1.665451347127186343e+00 3.170851569705111506e-01
6.385363285537628553e-01 1.666672398471555461e+00 3.172640882522657080e-01
6.394524495416449295e-01 1.667894345048552163e+00 3.174530535086625971e-01
6.403685705295268926e-01 1.669117187514530087e+00 3.176521090644360834e-01
6.412846915174088558e-01 1.670340926526324044e+00 3.178613112204974334e-01
6.422008125052909300e-01 1.671565562741250233e+00 3.180807162529811771e-01
6.431169334931728931e-01 1.672791096817107137e+00 3.183103804122839886e-01
6.440330544810549673e-01 1.674017529412175742e+00 3.185503599220980142e-01
6.449491754689369305e-01 1.675244861185218648e+00 3.188007109784393167e-01
6.458652964568190047e-01 1.676473092795482289e+00 3.190614897486691581e-01
6.467814174447009679e-01 1.677702224902696049e+00 3.193327523705104531e-01
6.476975384325830420e-01 1.678932258167073588e+00 3.196145549510577277e-01
6.486136594204650052e-01 1.680163193249311515e+00 3.199069535657805829e-01
6.495297804083469684e-01 1.681395030810592273e+00 3.202100042575223293e-01
6.504459013962290426e-01 1.682627771512581694e+00 3.205237630354913492e-01
6.513620223841110057e-01 1.683861416017431445e+00 3.208482858742474075e-01
6.522781433719930799e-01 1.685095964987778805e+00 3.211836287126806910e-01
6.531942643598750431e-01 1.686331419086746441e+00 3.215298474529852957e-01
6.541103853477571173e-01 1.687567778977943300e+00 3.218869979596271080e-01
6.550265063356390804e-01 1.688805045325464826e+00 3.222551360583039148e-01
6.559426273235211546e-01 1.690043218793894075e+00 3.226343175349010162e-01
6.568587483114031178e-01 1.691282300048299714e+00 3.230245981344383455e-01
6.577748692992850810e-01 1.692522289754239795e+00 3.234260335600136482e-01
6.586909902871671552e-01 1.693763188577759538e+00 3.238386794717373340e-01
6.596071112750491183e-01 1.695004997185391993e+00 3.242625914856614999e-01
6.605232322629311925e-01 1.696247716244159820e+00 3.246978251727035691e-01
6.614393532508131557e-01 1.697491346421574399e+00 3.251444360575614922e-01
6.623554742386952299e-01 1.698735888385636272e+00 3.256024796176231195e-01
6.632715952265771930e-01 1.699981342804835815e+00 3.260720112818703553e-01
6.641877162144592672e-01 1.701227710348153677e+00 3.265530864297746527e-01
6.651038372023412304e-01 1.702474991685060779e+00 3.270457603901864019e-01
6.660199581902231936e-01 1.703723187485519208e+00 3.275500884402192669e-01
6.669360791781052678e-01 1.704972298419981769e+00 3.280661258041244199e-01
6.678522001659872309e-01 1.706222325159393316e+00 3.285939276521624430e-01
6.687683211538693051e-01 1.707473268375190312e+00 3.291335490994633517e-01
6.696844421417512683e-01 1.708725128739301269e+00 3.296850452048849522e-01
6.706005631296333425e-01 1.709977906924148083e+00 3.302484709698590426e-01
6.715166841175153056e-01 1.711231603602644702e+00 3.308238813372359477e-01
6.724328051053973798e-01 1.712486219448199343e+00 3.314113311901175640e-01
6.733489260932793430e-01 1.713741755134713385e+00 3.320108753506857413e-01
6.742650470811613062e-01 1.714998211336582035e+00 3.326225685790237252e-01
6.751811680690433803e-01 1.716255588728695880e+00 3.332464655719296065e-01
6.760972890569253435e-01 1.717513887986439558e+00 3.338826209617226093e-01
6.770134100448074177e-01 1.718773109785693087e+00 3.345310893150426623e-01
6.779295310326893809e-01 1.720033254802831646e+00 3.351919251316427539e-01
6.788456520205714551e-01 1.721294323714727348e+00 3.358651828431740149e-01
6.797617730084534182e-01 1.722556317198747244e+00 3.365509168119626415e-01
6.806778939963354924e-01 1.723819235932756211e+00 3.372491813297814334e-01
6.815940149842174556e-01 1.725083080595114948e+00 3.379600306166109513e-01
6.825101359720994187e-01 1.726347851864682648e+00 3.386835188193969559e-01
6.834262569599814929e-01 1.727613550420815214e+00 3.394197000107970208e-01
6.843423779478634561e-01 1.728880176943367486e+00 3.401686281879210960e-01
6.852584989357455303e-01 1.730147732112692349e+00 3.409303572710647434e-01
6.861746199236274935e-01 1.731416216609641179e+00 3.417049411024348782e-01
6.870907409115095676e-01 1.732685631115565172e+00 3.424924334448670726e-01
6.880068618993915308e-01 1.733955976312314462e+00 3.432928879805341449e-01
6.889229828872736050e-01 1.735227252882239668e+00 3.441063583096517497e-01
6.898391038751555682e-01 1.736499461508191011e+00 3.449328979491690372e-01
6.907552248630376424e-01 1.737772602873520311e+00 3.457725603314589780e-01
6.916713458509196055e-01 1.739046677662079432e+00 3.466253988029935895e-01
6.925874668388015687e-01 1.740321686558222058e+00 3.474914666230171645e-01
6.935035878266836429e-01 1.741597630246803696e+00 3.483708169622095063e-01
6.944197088145656060e-01 1.742874509413181894e+00 3.492635029013395620e-01
6.953358298024476802e-01 1.744152324743216464e+00 3.501695774299123931e-01
6.962519507903296434e-01 1.745431076923269931e+00 3.510890934448085421e-01
6.971680717782117176e-01 1.746710766640209078e+00 3.520221037489159599e-01
6.980841927660936808e-01 1.747991394581402957e+00 3.529686610497504984e-01
6.990003137539757549e-01 1.749272961434725326e+00 3.539288179580710736e-01
6.999164347418577181e-01 1.750555467888554206e+00 3.549026269864858918e-01
7.008325557297396813e-01 1.751838914631771882e+00 3.558901405480503488e-01
7.017486767176217555e-01 1.753123302353766455e+00 3.568914109548561586e-01
7.026647977055037186e-01 1.754408631744430735e+00 3.579064904166128214e-01
7.035809186933857928e-01 1.755694903494163794e+00 3.589354310392197656e-01
7.044970396812677560e-01 1.756982118293870299e+00 3.599782848233293864e-01
7.054131606691498302e-01 1.758270276834962509e+00 3.610351036629065868e-01
7.063292816570317934e-01 1.759559379809358726e+00 3.621059393437709995e-01
7.072454026449138675e-01 1.760849427909484621e+00 3.631908435421372094e-01
7.081615236327958307e-01 1.762140421828273684e+00 3.642898678231448750e-01
7.090776446206777939e-01 1.763432362259167885e+00 3.654030636393805764e-01
7.099937656085598681e-01 1.764725249896116788e+00 3.665304823293875636e-01
7.109098865964418312e-01 1.766019085433579106e+00 3.676721751161705631e-01
7.118260075843239054e-01 1.767313869566523143e+00 3.688281931056904828e-01
7.127421285722058686e-01 1.768609602990425689e+00 3.699985872853480129e-01
7.136582495600879428e-01 1.769906286401274675e+00 3.711834085224651192e-01
7.145743705479699059e-01 1.771203920495567186e+00 3.723827075627449412e-01
7.154904915358519801e-01 1.772502505970311670e+00 3.735965350287386855e-01
7.164066125237339433e-01 1.773802043523027283e+00 3.748249414182885375e-01
7.173227335116159065e-01 1.775102533851744990e+00 3.760679771029713514e-01
7.182388544994979807e-01 1.776403977655006905e+00 3.773256923265281282e-01
7.191549754873799438e-01 1.777706375631867397e+00 3.785981372032869996e-01
7.200710964752620180e-01 1.779009728481893982e+00 3.798853617165759977e-01
7.209872174631439812e-01 1.780314036905166653e+00 3.811874157171238897e-01
7.219033384510260554e-01 1.781619301602278327e+00 3.825043489214549064e-01
7.228194594389080185e-01 1.782925523274336177e+00 3.838362109102746444e-01
7.237355804267900927e-01 1.784232702622961186e+00 3.851830511268444779e-01
7.246517014146720559e-01 1.785540840350288372e+00 3.865449188753417031e-01
7.255678224025540191e-01 1.786849937158968116e+00 3.879218633192238475e-01
7.264839433904360932e-01 1.788159993752165944e+00 3.893139334795681084e-01
7.274000643783180564e-01 1.789471010833562303e+00 3.907211782334067962e-01
7.283161853662001306e-01 1.790782989107353895e+00 3.921436463120603344e-01
7.292323063540820938e-01 1.792095929278254118e+00 3.935813862994464452e-01
7.301484273419641680e-01 1.793409832051492403e+00 3.950344466303916668e-01
7.310645483298461311e-01 1.794724698132815321e+00 3.965028755889253853e-01
7.319806693177282053e-01 1.796040528228487476e+00 3.979867213065688691e-01
7.328967903056101685e-01 1.797357323045290611e+00 3.994860317606104827e-01
7.338129112934921316e-01 1.798675083290524723e+00 4.010008547723713512e-01
7.347290322813742058e-01 1.799993809672009171e+00 4.025312380054655303e-01
7.356451532692561690e-01 1.801313502898081120e+00 4.040772289640417458e-01
7.365612742571382432e-01 1.802634163677597767e+00 4.056388749910234681e-01
7.374773952450202064e-01 1.803955792719935669e+00 4.072162232663321113e-01
7.383935162329022805e-01 1.805278390734992300e+00 4.088093208051026828e-01
7.393096372207842437e-01 1.806601958433183830e+00 4.104182144558897183e-01
7.402257582086663179e-01 1.807926496525449345e+00 4.120429508988624479e-01
7.411418791965482811e-01 1.809252005723247958e+00 4.136835766439858619e-01
7.420580001844302442e-01 1.810578486738560366e+00 4.153401380291980027e-01
7.429741211723123184e-01 1.811905940283889960e+00 4.170126812185669385e-01
7.438902421601942816e-01 1.813234367072262154e+00 4.187012522004522341e-01
7.448063631480763558e-01 1.814563767817224837e+00 4.204058967856357798e-01
7.457224841359583190e-01 1.815894143232849256e+00 4.221266606054586146e-01
7.466386051238403931e-01 1.817225494033730460e+00 4.238635891099397091e-01
7.475547261117223563e-01 1.818557820934987301e+00 4.256167275658841453e-01
7.484708470996044305e-01 1.819891124652262437e+00 4.273861210549796397e-01
7.493869680874863937e-01 1.821225405901723882e+00 4.291718144718857930e-01
7.503030890753684679e-01 1.822560665400064561e+00 4.309738525223077987e-01
7.512192100632504310e-01 1.823896903864502317e+00 4.327922797210607131e-01
7.521353310511323942e-01 1.825234122012781457e+00 4.346271403901245112e-01
7.530514520390144684e-01 1.826572320563172314e+00 4.364784786566851538e-01
7.539675730268964315e-01 1.827911500234471909e+00 4.383463384511643302e-01
7.548836940147785057e-01 1.829251661746003954e+00 4.402307635052399304e-01
7.557998150026604689e-01 1.830592805817619961e+00 4.421317973498545273e-01
7.567159359905425431e-01 1.831934933169699020e+00 4.440494833132085928e-01
7.576320569784245063e-01 1.833278044523147798e+00 4.459838645187487738e-01
7.585481779663065804e-01 1.834622140599403206e+00 4.479349838831401254e-01
7.594642989541885436e-01 1.835967222120428843e+00 4.499028841142257429e-01
7.603804199420705068e-01 1.837313289808719219e+00 4.518876077089785115e-01
7.612965409299525810e-01 1.838660344387298640e+00 4.538891969514385893e-01
7.622126619178345441e-01 1.840008386579719657e+00 4.559076939106369020e-01
7.631287829057166183e-01 1.841357417110067729e+00 4.579431404385150284e-01
7.640449038935985815e-01 1.842707436702957446e+00 4.599955781678206623e-01
7.649610248814806557e-01 1.844058446083535641e+00 4.620650485100027405e-01
7.658771458693626188e-01 1.845410445977480052e+00 4.641515926530855873e-01
7.667932668572446930e-01 1.846763437111001105e+00 4.662552515595371760e-01
7.677093878451266562e-01 1.848117420210841244e+00 4.683760659641216240e-01
7.686255088330086194e-01 1.849472396004275598e+00 4.705140763717409191e-01
7.695416298208906936e-01 1.850828365219113536e+00 4.726693230552638791e-01
7.704577508087726567e-01 1.852185328583696888e+00 4.748418460533401220e-01
7.713738717966547309e-01 1.853543286826901726e+00 4.770316851682075976e-01
7.722899927845366941e-01 1.854902240678138581e+00 4.792388799634810792e-01
7.732061137724187683e-01 1.856262190867353556e+00 4.814634697619331050e-01
7.741222347603007314e-01 1.857623138125026108e+00 4.837054936432567676e-01
7.750383557481828056e-01 1.858985083182173259e+00 4.859649904418233968e-01
7.759544767360647688e-01 1.860348026770346719e+00 4.882419987444190923e-01
7.768705977239467320e-01 1.861711969621634877e+00 4.905365568879732074e-01
7.777867187118288061e-01 1.863076912468663027e+00 4.928487029572741207e-01
7.787028396997107693e-01 1.864442856044593366e+00 4.951784747826696864e-01
7.796189606875928435e-01 1.865809801083125885e+00 4.975259099377570826e-01
7.805350816754748067e-01 1.867177748318498143e+00 4.998910457370550064e-01
7.814512026633568809e-01 1.868546698485486379e+00 5.022739192336698189e-01
7.823673236512388440e-01 1.869916652319405292e+00 5.046745672169397068e-01
7.832834446391209182e-01 1.871287610556108705e+00 5.070930262100752373e-01
7.841995656270028814e-01 1.872659573931990007e+00 5.095293324677765412e-01
7.851156866148848446e-01 1.874032543183982824e+00 5.119835219738455567e-01
7.860318076027669187e-01 1.875406519049560350e+00 5.144556304387779555e-01
7.869479285906488819e-01 1.876781502266736901e+00 5.169456932973461871e-01
7.878640495785309561e-01 1.878157493574068138e+00 5.194537457061675356e-01
7.887801705664129193e-01 1.879534493710650622e+00 5.219798225412564108e-01
7.896962915542949935e-01 1.880912503416123149e+00 5.245239583955638718e-01
7.906124125421769566e-01 1.882291523430666746e+00 5.270861875765047166e-01
7.915285335300590308e-01 1.883671554495005340e+00 5.296665441034724697e-01
7.924446545179409940e-01 1.885052597350404868e+00 5.322650617053295008e-01
7.933607755058229571e-01 1.886434652738676609e+00 5.348817738179008074e-01
7.942768964937050313e-01 1.887817721402173854e+00 5.375167135814344910e-01
7.951930174815869945e-01 1.889201804083795455e+00 5.401699138380631204e-01
7.961091384694690687e-01 1.890586901526984276e+00 5.428414071292433363e-01
7.970252594573510319e-01 1.891973014475728299e+00 5.455312256931805770e-01
7.979413804452331060e-01 1.893360143674561291e+00 5.482394014622431477e-01
7.988575014331150692e-01 1.894748289868562363e+00 5.509659660603596354e-01
7.997736224209971434e-01 1.896137453803357742e+00 5.537109508004017799e-01
8.006897434088791066e-01 1.897527636225119219e+00 5.564743866815505813e-01
8.016058643967611808e-01 1.898918837880566590e+00 5.592563043866540795e-01
8.025219853846431439e-01 1.900311059516966550e+00 5.620567342795608212e-01
8.034381063725251071e-01 1.901704301882133796e+00 5.648757064024466645e-01
8.043542273604071813e-01 1.903098565724431701e+00 5.677132504731241536e-01
8.052703483482891444e-01 1.904493851792771864e+00 5.705693958823332412e-01
8.061864693361712186e-01 1.905890160836614999e+00 5.734441716910203546e-01
8.071025903240531818e-01 1.907287493605971385e+00 5.763376066276034715e-01
8.080187113119352560e-01 1.908685850851401078e+00 5.792497290852165470e-01
8.089348322998172192e-01 1.910085233324014808e+00 5.821805671189477227e-01
8.098509532876992933e-01 1.911485641775473310e+00 5.851301484430486699e-01
8.107670742755812565e-01 1.912887076957988874e+00 5.880985004281400474e-01
8.116831952634632197e-01 1.914289539624325576e+00 5.910856500983990847e-01
8.125993162513452939e-01 1.915693030527798824e+00 5.940916241287264032e-01
8.135154372392272570e-01 1.917097550422276253e+00 5.971164488419005156e-01
8.144315582271093312e-01 1.918503100062179056e+00 6.001601502057183346e-01
8.153476792149912944e-01 1.919909680202480207e+00 6.032227538301151437e-01
8.162638002028733686e-01 1.921317291598707788e+00 6.063042849642739096e-01
8.171799211907553318e-01 1.922725935006942555e+00 6.094047684937117237e-01
8.180960421786374059e-01 1.924135611183820149e+00 6.125242289373575844e-01
8.190121631665193691e-01 1.925546320886530438e+00 6.156626904446071968e-01
8.199282841544013323e-01 1.926958064872819287e+00 6.188201767923691143e-01
8.208444051422834065e-01 1.928370843900987675e+00 6.219967113820843441e-01
8.217605261301653696e-01 1.929784658729892133e+00 6.251923172367366277e-01
8.226766471180474438e-01 1.931199510118946527e+00 6.284070169978497322e-01
8.235927681059294070e-01 1.932615398828120279e+00 6.316408329224512119e-01
8.245088890938114812e-01 1.934032325617941250e+00 6.348937868800444972e-01
8.254250100816934443e-01 1.935450291249493526e+00 6.381659003495403493e-01
8.263411310695755185e-01 1.936869296484420966e+00 6.414571944161875372e-01
8.272572520574574817e-01 1.938289342084923650e+00 6.447676897684748720e-01
8.281733730453394449e-01 1.939710428813762322e+00 6.480974066950297985e-01
8.290894940332215191e-01 1.941132557434256611e+00 6.514463650814866780e-01
8.300056150211034822e-01 1.942555728710284590e+00 6.548145844073400834e-01
8.309217360089855564e-01 1.943979943406285882e+00 6.582020837427927651e-01
8.318378569968675196e-01 1.945405202287259883e+00 6.616088817455694215e-01
8.327539779847495938e-01 1.946831506118766653e+00 6.650349966577220329e-01
8.336700989726315569e-01 1.948258855666927802e+00 6.684804463024192067e-01
8.345862199605136311e-01 1.949687251698426937e+00 6.719452480807097672e-01
8.355023409483955943e-01 1.951116694980509214e+00 6.754294189682813476e-01
8.364184619362775575e-01 1.952547186280982450e+00 6.789329755121832344e-01
8.373345829241596316e-01 1.953978726368217789e+00 6.824559338275508757e-01
8.382507039120415948e-01 1.955411316011149259e+00 6.859983095942960851e-01
8.391668248999236690e-01 1.956844955979274880e+00 6.895601180537891395e-01
8.400829458878056322e-01 1.958279647042656446e+00 6.931413740055187844e-01
8.409990668756877064e-01 1.959715389971921295e+00 6.967420918037352529e-01
8.419151878635696695e-01 1.961152185538260539e+00 7.003622853540689697e-01
8.428313088514517437e-01 1.962590034513431503e+00 7.040019681101457039e-01
8.437474298393337069e-01 1.964028937669757280e+00 7.076611530701629738e-01
8.446635508272156700e-01 1.965468895780126513e+00 7.113398527734647869e-01
8.455796718150977442e-01 1.966909909617995833e+00 7.150380792970894017e-01
8.464957928029797074e-01 1.968351979957387643e+00 7.187558442522975488e-01
8.474119137908617816e-01 1.969795107572892334e+00 7.224931587810862199e-01
8.483280347787437448e-01 1.971239293239668067e+00 7.262500335526800299e-01
8.492441557666258189e-01 1.972684537733441656e+00 7.300264787600040384e-01
8.501602767545077821e-01 1.974130841830508798e+00 7.338225041161415829e-01
8.510763977423898563e-01 1.975578206307733398e+00 7.376381188507610265e-01
8.519925187302718195e-01 1.977026631942549573e+00 7.414733317065389517e-01
8.529086397181537826e-01 1.978476119512961873e+00 7.453281509355519363e-01
8.538247607060358568e-01 1.979926669797544170e+00 7.492025842956510084e-01
8.547408816939178200e-01 1.981378283575442101e+00 7.530966390468235572e-01
8.556570026817998942e-01 1.982830961626372401e+00 7.570103219475255996e-01
8.565731236696818574e-01 1.984284704730622684e+00 7.609436392509959513e-01
8.574892446575639315e-01 1.985739513669053657e+00 7.648965967015607381e-01
8.584053656454458947e-01 1.987195389223098019e+00 7.688691995309033800e-01
8.593214866333279689e-01 1.988652332174761339e+00 7.728614524543206965e-01
8.602376076212099321e-01 1.990110343306622509e+00 7.768733596669631369e-01
8.611537286090920063e-01 1.991569423401834626e+00 7.809049248400482535e-01
8.620698495969739694e-01 1.993029573244124553e+00 7.849561511170547456e-01
8.629859705848559326e-01 1.994490793617793800e+00 7.890270411098955217e-01
8.639020915727380068e-01 1.995953085307719199e+00 7.931175968950797683e-01
8.648182125606199699e-01 1.997416449099352453e+00 7.972278200098317225e-01
8.657343335485020441e-01 1.998880885778721694e+00 8.013577114482153263e-01
8.666504545363840073e-01 2.000346396132430815e+00 8.055072716572202474e-01
8.675665755242660815e-01 2.001812980947661025e+00 8.096765005328299125e-01
8.684826965121480447e-01 2.003280641012170182e+00 8.138653974160728888e-01
8.693988175000301188e-01 2.004749377114294351e+00 8.180739610890533919e-01
8.703149384879120820e-01 2.006219190042946465e+00 8.223021897709449357e-01
8.712310594757940452e-01 2.007690080587618553e+00 8.265500811139910864e-01
8.721471804636761194e-01 2.009162049538382178e+00 8.308176321994559244e-01
8.730633014515580825e-01 2.010635097685886219e+00 8.351048395335681773e-01
8.739794224394401567e-01 2.012109225821361758e+00 8.394116990434471459e-01
8.748955434273221199e-01 2.013584434736617190e+00 8.437382060729843314e-01
8.758116644152041941e-01 2.015060725224044003e+00 8.480843553787396072e-01
8.767277854030861572e-01 2.016538098076613217e+00 8.524501411257752181e-01
8.776439063909682314e-01 2.018016554087877168e+00 8.568355568834948865e-01
8.785600273788501946e-01 2.019496094051970836e+00 8.612405956214541636e-01
8.794761483667321578e-01 2.020976718763610513e+00 8.656652497051413597e-01
8.803922693546142320e-01 2.022458429018096027e+00 8.701095108917430432e-01
8.813083903424961951e-01 2.023941225611309846e+00 8.745733703258842251e-01
8.822245113303782693e-01 2.025425109339717533e+00 8.790568185353464514e-01
8.831406323182602325e-01 2.026910081000369512e+00 8.835598454267623580e-01
8.840567533061423067e-01 2.028396141390899743e+00 8.880824402812853569e-01
8.849728742940242698e-01 2.029883291309527493e+00 8.926245917502402261e-01
8.858889952819063440e-01 2.031371531555056897e+00 8.971862878507499417e-01
8.868051162697883072e-01 2.032860862926877843e+00 9.017675159613330882e-01
8.877212372576702704e-01 2.034351286224967303e+00 9.063682628174885014e-01
8.886373582455523445e-01 2.035842802249886674e+00 9.109885145072422752e-01
8.895534792334343077e-01 2.037335411802786211e+00 9.156282564666852197e-01
8.904696002213163819e-01 2.038829115685402815e+00 9.202874734754771247e-01
8.913857212091983451e-01 2.040323914700060914e+00 9.249661496523309268e-01
8.923018421970804193e-01 2.041819809649673356e+00 9.296642684504715648e-01
8.932179631849623824e-01 2.043316801337742294e+00 9.343818126530716306e-01
8.941340841728444566e-01 2.044814890568357857e+00 9.391187643686588205e-01
8.950502051607264198e-01 2.046314078146200366e+00 9.438751050265092868e-01
8.959663261486083830e-01 2.047814364876540338e+00 9.486508153720029091e-01
8.968824471364904571e-01 2.049315751565238930e+00 9.534458754619646870e-01
8.977985681243724203e-01 2.050818239018746159e+00 9.582602646599706064e-01
8.987146891122544945e-01 2.052321828044105789e+00 9.630939616316438467e-01
8.996308101001364577e-01 2.053826519448951782e+00 9.679469443399124629e-01
9.005469310880185319e-01 2.055332314041510511e+00 9.728191900402448633e-01
9.014630520759004950e-01 2.056839212630601654e+00 9.777106752758666364e-01
9.023791730637825692e-01 2.058347216025636861e+00 9.826213758729449577e-01
9.032952940516645324e-01 2.059856325036621971e+00 9.875512669357493500e-01
9.042114150395464955e-01 2.061366540474155684e+00 9.925003228417852430e-01
9.051275360274285697e-01 2.062877863149432223e+00 9.974685172369104347e-01
9.060436570153105329e-01 2.064390293874240445e+00 1.002455823030414583e+00
9.069597780031926071e-01 2.065903833460963401e+00 1.007462212390073386e+00
9.078758989910745703e-01 2.067418482722580109e+00 1.012487656737190322e+00
9.087920199789566444e-01 2.068934242472666440e+00 1.017532126741592879e+00
9.097081409668386076e-01 2.070451113525393350e+00 1.022595592316614566e+00
9.106242619547206818e-01 2.071969096695529977e+00 1.027678022614054498e+00
9.115403829426026450e-01 2.073488192798442764e+00 1.032779386019094137e+00
9.124565039304847192e-01 2.075008402650095007e+00 1.037899650145199359e+00
9.133726249183666823e-01 2.076529727067048636e+00 1.043038781828997008e+00
9.142887459062486455e-01 2.078052166866464656e+00 1.048196747125116790e+00
9.152048668941307197e-01 2.079575722866103149e+00 1.053373511301010534e+00
9.161209878820126828e-01 2.081100395884323273e+00 1.058569038831743914e+00
9.170371088698947570e-01 2.082626186740084595e+00 1.063783293394758855e+00
9.179532298577767202e-01 2.084153096252946646e+00 1.069016237864612862e+00
9.188693508456587944e-01 2.085681125243070255e+00 1.074267834307680580e+00
9.197854718335407576e-01 2.087210274531217102e+00 1.079538043976845607e+00
9.207015928214228317e-01 2.088740544938752386e+00 1.084826827306148544e+00
9.216177138093047949e-01 2.090271937287639936e+00 1.090134143905400421e+00
9.225338347971867581e-01 2.091804452400449765e+00 1.095459952554802552e+00
9.234499557850688323e-01 2.093338091100353626e+00 1.100804211199493343e+00
9.243660767729507954e-01 2.094872854211126345e+00 1.106166876944103539e+00
9.252821977608328696e-01 2.096408742557146709e+00 1.111547906047251733e+00
9.261983187487148328e-01 2.097945756963399244e+00 1.116947253916048544e+00
9.271144397365969070e-01 2.099483898255471548e+00 1.122364875100527293e+00
9.280305607244788701e-01 2.101023167259557400e+00 1.127800723288085338e+00
9.289466817123609443e-01 2.102563564802456764e+00 1.133254751297873009e+00
9.298628027002429075e-01 2.104105091711574893e+00 1.138726911075160109e+00
9.307789236881248707e-01 2.105647748814924114e+00 1.144217153685673560e+00
9.316950446760069449e-01 2.107191536941123822e+00 1.149725429309904623e+00
9.326111656638889080e-01 2.108736456919400926e+00 1.155251687237389024e+00
9.335272866517709822e-01 2.110282509579590293e+00 1.160795875860950011e+00
9.344434076396529454e-01 2.111829695752134750e+00 1.166357942670917414e+00
9.353595286275350196e-01 2.113378016268086856e+00 1.171937834249321186e+00
9.362756496154169827e-01 2.114927471959107574e+00 1.177535496264039194e+00
9.371917706032990569e-01 2.116478063657468045e+00 1.183150873462931463e+00
9.381078915911810201e-01 2.118029792196050032e+00 1.188783909667939787e+00
9.390240125790629833e-01 2.119582658408344589e+00 1.194434547769134936e+00
9.399401335669450575e-01 2.121136663128456057e+00 1.200102729718783845e+00
9.408562545548270206e-01 2.122691807191097624e+00 1.205788396525316442e+00
9.417723755427090948e-01 2.124248091431597096e+00 1.211491488247329107e+00
9.426884965305910580e-01 2.125805516685892016e+00 1.217211943987506428e+00
9.436046175184731322e-01 2.127364083790535876e+00 1.222949701886545615e+00
9.445207385063550953e-01 2.128923793582692792e+00 1.228704699117022736e+00
9.454368594942371695e-01 2.130484646900141943e+00 1.234476871877245197e+00
9.463529804821191327e-01 2.132046644581276240e+00 1.240266155385071345e+00
9.472691014700010959e-01 2.133609787465104546e+00 1.246072483871684566e+00
9.481852224578831700e-01 2.135174076391249010e+00 1.251895790575348721e+00
9.491013434457651332e-01 2.136739512199948177e+00 1.257736007735122286e+00
9.500174644336472074e-01 2.138306095732057877e+00 1.263593066584559388e+00
9.509335854215291706e-01 2.139873827829047670e+00 1.269466897345333578e+00
9.518497064094112448e-01 2.141442709333006178e+00 1.275357429220891126e+00
9.527658273972932079e-01 2.143012741086639306e+00 1.281264590390017055e+00
9.536819483851752821e-01 2.144583923933270242e+00 1.287188308000395853e+00
9.545980693730572453e-01 2.146156258716839460e+00 1.293128508162132650e+00
9.555141903609392084e-01 2.147729746281909158e+00 1.299085115941245983e+00
9.564303113488212826e-01 2.149304387473657485e+00 1.305058055353109703e+00
9.573464323367032458e-01 2.150880183137883428e+00 1.311047249355878019e+00
9.582625533245853200e-01 2.152457134121007698e+00 1.317052619843890771e+00
9.591786743124672832e-01 2.154035241270069179e+00 1.323074087640992103e+00
9.600947953003493573e-01 2.155614505432728922e+00 1.329111572493875126e+00
9.610109162882313205e-01 2.157194927457269262e+00 1.335164993065352856e+00
9.619270372761133947e-01 2.158776508192594701e+00 1.341234266927615604e+00
9.628431582639953579e-01 2.160359248488231465e+00 1.347319310555437077e+00
9.637592792518773210e-01 2.161943149194329727e+00 1.353420039319362722e+00
9.646754002397593952e-01 2.163528211161662274e+00 1.359536367478848096e+00
9.655915212276413584e-01 2.165114435241624502e+00 1.365668208175368381e+00
9.665076422155234326e-01 2.166701822286238865e+00 1.371815473425498366e+00
9.674237632034053957e-01 2.168290373148149985e+00 1.377978074113947571e+00
9.683398841912874699e-01 2.169880088680628205e+00 1.384155919986558736e+00
9.692560051791694331e-01 2.171470969737570478e+00 1.390348919643285441e+00
9.701721261670515073e-01 2.173063017173498590e+00 1.396556980531111769e+00
9.710882471549334705e-01 2.174656231843560938e+00 1.402780008936953760e+00
9.720043681428155447e-01 2.176250614603534306e+00 1.409017909980520677e+00
9.729204891306975078e-01 2.177846166309820308e+00 1.415270587607122543e+00
9.738366101185794710e-01 2.179442887819451169e+00 1.421537944580479218e+00
9.747527311064615452e-01 2.181040779990086165e+00 1.427819882475446223e+00
9.756688520943435083e-01 2.182639843680012959e+00 1.434116301670735893e+00
9.765849730822255825e-01 2.184240079748149377e+00 1.440427101341593241e+00
9.775010940701075457e-01 2.185841489054042519e+00 1.446752179452430509e+00
9.784172150579896199e-01 2.187444072457869204e+00 1.453091432749417988e+00
9.793333360458715831e-01 2.189047830820438190e+00 1.459444756753065064e+00
9.802494570337536572e-01 2.190652765003188396e+00 1.465812045750723991e+00
9.811655780216356204e-01 2.192258875868190238e+00 1.472193192789083227e+00
9.820816990095175836e-01 2.193866164278146957e+00 1.478588089666619254e+00
9.829978199973996578e-01 2.195474631096393292e+00 1.484996626925992880e+00
9.839139409852816209e-01 2.197084277186897694e+00 1.491418693846430665e+00
9.848300619731636951e-01 2.198695103414261887e+00 1.497854178436054173e+00
9.857461829610456583e-01 2.200307110643721309e+00 1.504302967424162141e+00
9.866623039489277325e-01 2.201920299741146003e+00 1.510764946253497998e+00
9.875784249368096956e-01 2.203534671573040171e+00 1.517239999072446777e+00
9.884945459246917698e-01 2.205150227006544839e+00 1.523728008727235572e+00
9.894106669125737330e-01 2.206766966909434302e+00 1.530228856754028532e+00
9.903267879004556962e-01 2.208384892150121903e+00 1.536742423371061816e+00
9.912429088883377704e-01 2.210004003597656030e+00 1.543268587470667308e+00
9.921590298762197335e-01 2.211624302121721897e+00 1.549807226611302546e+00
9.930751508641018077e-01 2.213245788592643759e+00 1.556358217009523148e+00
9.939912718519837709e-01 2.214868463881382699e+00 1.562921433531907267e+00
9.949073928398658451e-01 2.216492328859539285e+00 1.569496749686952519e+00
9.958235138277478082e-01 2.218117384399351799e+00 1.576084037616929390e+00
9.967396348156298824e-01 2.219743631373700232e+00 1.582683168089688674e+00
9.976557558035118456e-01 2.221371070656101843e+00 1.589294010490421183e+00
9.985718767913938088e-01 2.222999703120716486e+00 1.595916432813402785e+00
9.994879977792758829e-01 2.224629529642343506e+00 1.602550301653657527e+00
1.000404118767157957e+00 2.226260551096425289e+00 1.609195482198621185e+00
1.001320239755039809e+00 2.227892768359043263e+00 1.615851838219718006e+00
1.002236360742921883e+00 2.229526182306924564e+00 1.622519232063945438e+00
1.003152481730803958e+00 2.231160793817437149e+00 1.629197524645370931e+00
1.004068602718686032e+00 2.232796603768592014e+00 1.635886575436602541e+00
1.004984723706567884e+00 2.234433613039043642e+00 1.642586242460232659e+00
1.005900844694449958e+00 2.236071822508093554e+00 1.649296382280216244e+00
1.006816965682332032e+00 2.237711233055684090e+00 1.656016849993211082e+00
1.007733086670213885e+00 2.239351845562405074e+00 1.662747499219882741e+00
1.008649207658095959e+00 2.240993660909492036e+00 1.669488182096157791e+00
1.009565328645978033e+00 2.242636679978824876e+00 1.676238749264431060e+00
1.010481449633860107e+00 2.244280903652931869e+00 1.682999049864744912e+00
1.011397570621741959e+00 2.245926332814986992e+00 1.689768931525890361e+00
1.012313691609624033e+00 2.247572968348813038e+00 1.696548240356514192e+00
1.013229812597506108e+00 2.249220811138879839e+00 1.703336820936128371e+00
1.014145933585388182e+00 2.250869862070305594e+00 1.710134516306103247e+00
1.015062054573270034e+00 2.252520122028857319e+00 1.716941167960618575e+00
1.015978175561152108e+00 2.254171591900953509e+00 1.723756615837562567e+00
1.016894296549034182e+00 2.255824272573659695e+00 1.730580698309362564e+00
1.017810417536916034e+00 2.257478164934692888e+00 1.737413252173817257e+00
1.018726538524798109e+00 2.259133269872422023e+00 1.744254112644846533e+00
1.019642659512680183e+00 2.260789588275865736e+00 1.751103113343190687e+00
1.020558780500562257e+00 2.262447121034695030e+00 1.757960086287103874e+00
1.021474901488444109e+00 2.264105869039233720e+00 1.764824861882953844e+00
1.022391022476326183e+00 2.265765833180457989e+00 1.771697268915803036e+00
1.023307143464208258e+00 2.267427014349996828e+00 1.778577134539937044e+00
1.024223264452090110e+00 2.269089413440132930e+00 1.785464284269331570e+00
1.025139385439972184e+00 2.270753031343804906e+00 1.792358541968104957e+00
1.026055506427854258e+00 2.272417868954603737e+00 1.799259729840873012e+00
1.026971627415736332e+00 2.274083927166776764e+00 1.806167668423111827e+00
1.027887748403618184e+00 2.275751206875225918e+00 1.813082176571418680e+00
1.028803869391500259e+00 2.277419708975511270e+00 1.820003071453781818e+00
1.029719990379382333e+00 2.279089434363847921e+00 1.826930168539742327e+00
1.030636111367264407e+00 2.280760383937108227e+00 1.833863281590538463e+00
1.031552232355146259e+00 2.282432558592821348e+00 1.840802222649208897e+00
1.032468353343028333e+00 2.284105959229177252e+00 1.847746802030636015e+00
1.033384474330910408e+00 2.285780586745020937e+00 1.854696828311522161e+00
1.034300595318792260e+00 2.287456442039858207e+00 1.861652108320339893e+00
1.035216716306674334e+00 2.289133526013855668e+00 1.868612447127239617e+00
1.036132837294556408e+00 2.290811839567836738e+00 1.875577648033859068e+00
1.037048958282438482e+00 2.292491383603287858e+00 1.882547512563151448e+00
1.037965079270320334e+00 2.294172159022354496e+00 1.889521840449089662e+00
1.038881200258202409e+00 2.295854166727846035e+00 1.896500429626397644e+00
1.039797321246084483e+00 2.297537407623230887e+00 1.903483076220147563e+00
1.040713442233966335e+00 2.299221882612641821e+00 1.910469574535372583e+00
1.041629563221848409e+00 2.300907592600874185e+00 1.917459717046598566e+00
1.042545684209730483e+00 2.302594538493385912e+00 1.924453294387313385e+00
1.043461805197612557e+00 2.304282721196299732e+00 1.931450095339422468e+00
1.044377926185494410e+00 2.305972141616401849e+00 1.938449906822596436e+00
1.045294047173376484e+00 2.307662800661144153e+00 1.945452513883628942e+00
1.046210168161258558e+00 2.309354699238642894e+00 1.952457699685685277e+00
1.047126289149140632e+00 2.311047838257680898e+00 1.959465245497533425e+00
1.048042410137022484e+00 2.312742218627707125e+00 1.966474930682712952e+00
1.048958531124904558e+00 2.314437841258837114e+00 1.973486532688632167e+00
1.049874652112786633e+00 2.316134707061853426e+00 1.980499827035647087e+00
1.050790773100668485e+00 2.317832816948206975e+00 1.987514587306055125e+00
1.051706894088550559e+00 2.319532171830017031e+00 1.994530585133044376e+00
1.052623015076432633e+00 2.321232772620070772e+00 2.001547590189593606e+00
1.053539136064314707e+00 2.322934620231825509e+00 2.008565370177309184e+00
1.054455257052196560e+00 2.324637715579406905e+00 2.015583690815212048e+00
1.055371378040078634e+00 2.326342059577612087e+00 2.022602315828463393e+00
1.056287499027960708e+00 2.328047653141909645e+00 2.029621006937056826e+00
1.057203620015842782e+00 2.329754497188436524e+00 2.036639523844405719e+00
1.058119741003724634e+00 2.331462592634003350e+00 2.043657624225931890e+00
1.059035861991606708e+00 2.333171940396093991e+00 2.050675063717568136e+00
1.059951982979488783e+00 2.334882541392862443e+00 2.057691595904185267e+00
1.060868103967370635e+00 2.336594396543136831e+00 2.064706972308014254e+00
1.061784224955252709e+00 2.338307506766420296e+00 2.071720942376963137e+00
1.062700345943134783e+00 2.340021872982888329e+00 2.078733253472893061e+00
1.063616466931016857e+00 2.341737496113391437e+00 2.085743650859852139e+00
1.064532587918898709e+00 2.343454377079455586e+00 2.092751877692214713e+00
1.065448708906780784e+00 2.345172516803283091e+00 2.099757675002817070e+00
1.066364829894662858e+00 2.346891916207750395e+00 2.106760781690963924e+00
1.067280950882544710e+00 2.348612576216412506e+00 2.113760934510441114e+00
1.068197071870426784e+00 2.350334497753501228e+00 2.120757868057439932e+00
1.069113192858308858e+00 2.352057681743925155e+00 2.127751314758409062e+00
1.070029313846190933e+00 2.353782129113271004e+00 2.134741004857877211e+00
1.070945434834072785e+00 2.355507840787804952e+00 2.141726666406198909e+00
1.071861555821954859e+00 2.357234817694471740e+00 2.148708025247232811e+00
1.072777676809836933e+00 2.358963060760896457e+00 2.155684805005989357e+00
1.073693797797719007e+00 2.360692570915382760e+00 2.162656727076166518e+00
1.074609918785600859e+00 2.362423349086915536e+00 2.169623510607680217e+00
1.075526039773482934e+00 2.364155396205162685e+00 2.176584872494111256e+00
1.076442160761365008e+00 2.365888713200470228e+00 2.183540527360056327e+00
1.077358281749246860e+00 2.367623301003868974e+00 2.190490187548490120e+00
1.078274402737128934e+00 2.369359160547071852e+00 2.197433563107994647e+00
1.079190523725011008e+00 2.371096292762473912e+00 2.204370361779966370e+00
1.080106644712893083e+00 2.372834698583154989e+00 2.211300288985748708e+00
1.081022765700774935e+00 2.374574378942877040e+00 2.218223047813701498e+00
1.081938886688657009e+00 2.376315334776089916e+00 2.225138339006214938e+00
1.082855007676539083e+00 2.378057567017925589e+00 2.232045860946640037e+00
1.083771128664420935e+00 2.379801076604202148e+00 2.238945309646176884e+00
1.084687249652303009e+00 2.381545864471426022e+00 2.245836378730697191e+00
1.085603370640185084e+00 2.383291931556787535e+00 2.252718759427485562e+00
1.086519491628067158e+00 2.385039278798165352e+00 2.259592140551919925e+00
1.087435612615949010e+00 2.386787907134125142e+00 2.266456208494111557e+00
1.088351733603831084e+00 2.388537817503922689e+00 2.273310647205452728e+00
1.089267854591713158e+00 2.390289010847499451e+00 2.280155138185100849e+00
1.090183975579595232e+00 2.392041488105487446e+00 2.286989360466408883e+00
1.091100096567477085e+00 2.393795250219208803e+00 2.293812990603286028e+00
1.092016217555359159e+00 2.395550298130675326e+00 2.300625702656489580e+00
1.092932338543241233e+00 2.397306632782589375e+00 2.307427168179844834e+00
1.093848459531123085e+00 2.399064255118344313e+00 2.314217056206404166e+00
1.094764580519005159e+00 2.400823166082025839e+00 2.320995033234545701e+00
1.095680701506887234e+00 2.402583366618411542e+00 2.327760763213990725e+00
1.096596822494769308e+00 2.404344857672970903e+00 2.334513907531747812e+00
1.097512943482651160e+00 2.406107640191867514e+00 2.341254124998021435e+00
1.098429064470533234e+00 2.407871715121958189e+00 2.347981071832007327e+00
1.099345185458415308e+00 2.409637083410794745e+00 2.354694401647666080e+00
1.100261306446297160e+00 2.411403746006622217e+00 2.361393765439371073e+00
1.101177427434179235e+00 2.413171703858382422e+00 2.368078811567553288e+00
1.102093548422061309e+00 2.414940957915712172e+00 2.374749185744210234e+00
1.103009669409943383e+00 2.416711509128944613e+00 2.381404531018397552e+00
1.103925790397825235e+00 2.418483358449108778e+00 2.388044487761611379e+00
1.104841911385707309e+00 2.420256506827932697e+00 2.394668693653137836e+00
1.105758032373589383e+00 2.422030955217841175e+00 2.401276783665291070e+00
1.106674153361471458e+00 2.423806704571957127e+00 2.407868390048598428e+00
1.107590274349353310e+00 2.425583755844102019e+00 2.414443142316933244e+00
1.108506395337235384e+00 2.427362109988798533e+00 2.421000667232542369e+00
1.109422516325117458e+00 2.429141767961266574e+00 2.427540588791009313e+00
1.110338637312999310e+00 2.430922730717427704e+00 2.434062528206160536e+00
1.111254758300881385e+00 2.432704999213904706e+00 2.440566103894897143e+00
1.112170879288763459e+00 2.434488574408021577e+00 2.447050931461923984e+00
1.113087000276645533e+00 2.436273457257802644e+00 2.453516623684432130e+00
1.114003121264527385e+00 2.438059648721976114e+00 2.459962790496711627e+00
1.114919242252409459e+00 2.439847149759974076e+00 2.466389038974670989e+00
1.115835363240291533e+00 2.441635961331929394e+00 2.472794973320278089e+00
1.116751484228173608e+00 2.443426084398680587e+00 2.479180194845958862e+00
1.117667605216055460e+00 2.445217519921770499e+00 2.485544301958880542e+00
1.118583726203937534e+00 2.447010268863446747e+00 2.491886890145194045e+00
1.119499847191819608e+00 2.448804332186662158e+00 2.498207551954165773e+00
1.120415968179701460e+00 2.450599710855076108e+00 2.504505876982262347e+00
1.121332089167583534e+00 2.452396405833054516e+00 2.510781451857143853e+00
1.122248210155465609e+00 2.454194418085668961e+00 2.517033860221577601e+00
1.123164331143347683e+00 2.455993748578701119e+00 2.523262682717292371e+00
1.124080452131229535e+00 2.457794398278637882e+00 2.529467496968723417e+00
1.124996573119111609e+00 2.459596368152677126e+00 2.535647877566718389e+00
1.125912694106993683e+00 2.461399659168724163e+00 2.541803396052119357e+00
1.126828815094875536e+00 2.463204272295395292e+00 2.547933620899317742e+00
1.127744936082757610e+00 2.465010208502016020e+00 2.554038117499676908e+00
1.128661057070639684e+00 2.466817468758622844e+00 2.560116448144912571e+00
1.129577178058521758e+00 2.468626054035963246e+00 2.566168172010387050e+00
1.130493299046403610e+00 2.470435965305496584e+00 2.572192845138300932e+00
1.131409420034285684e+00 2.472247203539394977e+00 2.578190020420838113e+00
1.132325541022167759e+00 2.474059769710542422e+00 2.584159247583191377e+00
1.133241662010049833e+00 2.475873664792537010e+00 2.590100073166546668e+00
1.134157782997931685e+00 2.477688889759689150e+00 2.596012040510950136e+00
1.135073903985813759e+00 2.479505445587026013e+00 2.601894689738118771e+00
1.135990024973695833e+00 2.481323333250287533e+00 2.607747557734154231e+00
1.136906145961577685e+00 2.483142553725929513e+00 2.613570178132165189e+00
1.137822266949459760e+00 2.484963107991124520e+00 2.619362081294845712e+00
1.138738387937341834e+00 2.486784997023760990e+00 2.625122794296916862e+00
1.139654508925223908e+00 2.488608221802444120e+00 2.630851840907520778e+00
1.140570629913105760e+00 2.490432783306495867e+00 2.636548741572514842e+00
1.141486750900987834e+00 2.492258682515958501e+00 2.642213013396693011e+00
1.142402871888869909e+00 2.494085920411590163e+00 2.647844170125906782e+00
1.143318992876751761e+00 2.495914497974869306e+00 2.653441722129107561e+00
1.144235113864633835e+00 2.497744416187995586e+00 2.659005176380316637e+00
1.145151234852515909e+00 2.499575676033884974e+00 2.664534036440466380e+00
1.146067355840397983e+00 2.501408278496177751e+00 2.670027802439225884e+00
1.146983476828279835e+00 2.503242224559232731e+00 2.675485971056647649e+00
1.147899597816161910e+00 2.505077515208132155e+00 2.680908035504819154e+00
1.148815718804043984e+00 2.506914151428679904e+00 2.686293485509360313e+00
1.149731839791926058e+00 2.508752134207402840e+00 2.691641807290866772e+00
1.150647960779807910e+00 2.510591464531549910e+00 2.696952483546235513e+00
1.151564081767689984e+00 2.512432143389095707e+00 2.702224993429941158e+00
1.152480202755572058e+00 2.514274171768737798e+00 2.707458812535182169e+00
1.153396323743453911e+00 2.516117550659898949e+00 2.712653412874971082e+00
1.154312444731335985e+00 2.517962281052728457e+00 2.717808262863105284e+00
1.155228565719218059e+00 2.519808363938099927e+00 2.722922827295066739e+00
1.156144686707100133e+00 2.521655800307614381e+00 2.727996567328826671e+00
1.157060807694981985e+00 2.523504591153598930e+00 2.733028940465541901e+00
1.157976928682864060e+00 2.525354737469109878e+00 2.738019400530197434e+00
1.158893049670746134e+00 2.527206240247930058e+00 2.742967397652106953e+00
1.159809170658628208e+00 2.529059100484571498e+00 2.747872378245353797e+00
1.160725291646510060e+00 2.530913319174274978e+00 2.752733784989148003e+00
1.161641412634392134e+00 2.532768897313012246e+00 2.757551056808051904e+00
1.162557533622274208e+00 2.534625835897484247e+00 2.762323628852128010e+00
1.163473654610156061e+00 2.536484135925121119e+00 2.767050932477015834e+00
1.164389775598038135e+00 2.538343798394087969e+00 2.771732395223884371e+00
1.165305896585920209e+00 2.540204824303279096e+00 2.776367440799297981e+00
1.166222017573802283e+00 2.542067214652321105e+00 2.780955489054979246e+00
1.167138138561684135e+00 2.543930970441573791e+00 2.785495955967498993e+00
1.168054259549566209e+00 2.545796092672132360e+00 2.789988253617859737e+00
1.168970380537448284e+00 2.547662582345822990e+00 2.794431790170946339e+00
1.169886501525330136e+00 2.549530440465207715e+00 2.798825969854932261e+00
1.170802622513212210e+00 2.551399668033584422e+00 2.803170192940571237e+00
1.171718743501094284e+00 2.553270266054985527e+00 2.807463855720355728e+00
1.172634864488976358e+00 2.555142235534179296e+00 2.811706350487634509e+00
1.173550985476858211e+00 2.557015577476671186e+00 2.815897065515587272e+00
1.174467106464740285e+00 2.558890292888704288e+00 2.820035385036107733e+00
1.175383227452622359e+00 2.560766382777258876e+00 2.824120689218611258e+00
1.176299348440504433e+00 2.562643848150053749e+00 2.828152354148703918e+00
1.177215469428386285e+00 2.564522690015545781e+00 2.832129751806776952e+00
1.178131590416268359e+00 2.566402909382932584e+00 2.836052250046494194e+00
1.179047711404150434e+00 2.568284507262150296e+00 2.839919212573164931e+00
1.179963832392032286e+00 2.570167484663876234e+00 2.843729998922051028e+00
1.180879953379914360e+00 2.572051842599528904e+00 2.847483964436501758e+00
1.181796074367796434e+00 2.573937582081268438e+00 2.851180460246072634e+00
1.182712195355678508e+00 2.575824704121995712e+00 2.854818833244462173e+00
1.183628316343560360e+00 2.577713209735355449e+00 2.858398426067404241e+00
1.184544437331442435e+00 2.579603099935735333e+00 2.861918577070406755e+00
1.185460558319324509e+00 2.581494375738267344e+00 2.865378620306417545e+00
1.186376679307206361e+00 2.583387038158825533e+00 2.868777885503384972e+00
1.187292800295088435e+00 2.585281088214032241e+00 2.872115698041689313e+00
1.188208921282970509e+00 2.587176526921251885e+00 2.875391378931472453e+00
1.189125042270852584e+00 2.589073355298596724e+00 2.878604244789891631e+00
1.190041163258734436e+00 2.590971574364923757e+00 2.881753607818226648e+00
1.190957284246616510e+00 2.592871185139839163e+00 2.884838775778893805e+00
1.191873405234498584e+00 2.594772188643696076e+00 2.887859051972355928e+00
1.192789526222380658e+00 2.596674585897593701e+00 2.890813735213924041e+00
1.193705647210262510e+00 2.598578377923381755e+00 2.893702119810433349e+00
1.194621768198144585e+00 2.600483565743660019e+00 2.896523495536829085e+00
1.195537889186026659e+00 2.602390150381775236e+00 2.899277147612629335e+00
1.196454010173908511e+00 2.604298132861826431e+00 2.901962356678276400e+00
1.197370131161790585e+00 2.606207514208663589e+00 2.904578398771408221e+00
1.198286252149672659e+00 2.608118295447886759e+00 2.907124545302940177e+00
1.199202373137554734e+00 2.610030477605848720e+00 2.909600063033130013e+00
1.200118494125436586e+00 2.611944061709654985e+00 2.912004214047460682e+00
1.201034615113318660e+00 2.613859048787163353e+00 2.914336255732445036e+00
1.201950736101200734e+00 2.615775439866986130e+00 2.916595440751297730e+00
1.202866857089082586e+00 2.617693235978488353e+00 2.918781017019495660e+00
1.203782978076964660e+00 2.619612438151791789e+00 2.920892227680242481e+00
1.204699099064846735e+00 2.621533047417771822e+00 2.922928311079789676e+00
1.205615220052728809e+00 2.623455064808060566e+00 2.924888500742649278e+00
1.206531341040610661e+00 2.625378491355045085e+00 2.926772025346712436e+00
1.207447462028492735e+00 2.627303328091870949e+00 2.928578108698218774e+00
1.208363583016374809e+00 2.629229576052440898e+00 2.930305969706632041e+00
1.209279704004256883e+00 2.631157236271415290e+00 2.931954822359376323e+00
1.210195824992138736e+00 2.633086309784212542e+00 2.933523875696472771e+00
1.211111945980020810e+00 2.635016797627011353e+00 2.935012333785060434e+00
1.212028066967902884e+00 2.636948700836749815e+00 2.936419395693762091e+00
1.212944187955784736e+00 2.638882020451124966e+00 2.937744255466969268e+00
1.213860308943666810e+00 2.640816757508596790e+00 2.938986102098998909e+00
1.214776429931548885e+00 2.642752913048385555e+00 2.940144119508103060e+00
1.215692550919430959e+00 2.644690488110473137e+00 2.941217486510384838e+00
1.216608671907312811e+00 2.646629483735603472e+00 2.942205376793580740e+00
1.217524792895194885e+00 2.648569900965285218e+00 2.943106958890726599e+00
1.218440913883076959e+00 2.650511740841789976e+00 2.943921396153681425e+00
1.219357034870959033e+00 2.652455004408152295e+00 2.944647846726545559e+00
1.220273155858840886e+00 2.654399692708171887e+00 2.945285463518964697e+00
1.221189276846722960e+00 2.656345806786415853e+00 2.945833394179260711e+00
1.222105397834605034e+00 2.658293347688214681e+00 2.946290781067498088e+00
1.223021518822486886e+00 2.660242316459665357e+00 2.946656761228383825e+00
1.223937639810368960e+00 2.662192714147634476e+00 2.946930466364048318e+00
1.224853760798251034e+00 2.664144541799752464e+00 2.947111022806705449e+00
1.225769881786133109e+00 2.666097800464419798e+00 2.947197551491179457e+00
1.226686002774014961e+00 2.668052491190805675e+00 2.947189167927313669e+00
1.227602123761897035e+00 2.670008615028848453e+00 2.947084982172224699e+00
1.228518244749779109e+00 2.671966173029256097e+00 2.946884098802457164e+00
1.229434365737660961e+00 2.673925166243506180e+00 2.946585616885995851e+00
1.230350486725543036e+00 2.675885595723848542e+00 2.946188629954125116e+00
1.231266607713425110e+00 2.677847462523303967e+00 2.945692225973216782e+00
1.232182728701307184e+00 2.679810767695664619e+00 2.945095487316297778e+00
1.233098849689189036e+00 2.681775512295495378e+00 2.944397490734569356e+00
1.234014970677071110e+00 2.683741697378135616e+00 2.943597307328756685e+00
1.234931091664953184e+00 2.685709323999697418e+00 2.942694002520304331e+00
1.235847212652835259e+00 2.687678393217066919e+00 2.941686636022473600e+00
1.236763333640717111e+00 2.689648906087905633e+00 2.940574261811291557e+00
1.237679454628599185e+00 2.691620863670650010e+00 2.939355928096359261e+00
1.238595575616481259e+00 2.693594267024513655e+00 2.938030677291518344e+00
1.239511696604363111e+00 2.695569117209485110e+00 2.936597545985410118e+00
1.240427817592245185e+00 2.697545415286331405e+00 2.935055564911868142e+00
1.241343938580127260e+00 2.699523162316596725e+00 2.933403758920172688e+00
1.242260059568009334e+00 2.701502359362604189e+00 2.931641146945183518e+00
1.243176180555891186e+00 2.703483007487453627e+00 2.929766741977330557e+00
1.244092301543773260e+00 2.705465107755027354e+00 2.927779551032455352e+00
1.245008422531655334e+00 2.707448661229985731e+00 2.925678575121517078e+00
1.245924543519537186e+00 2.709433668977769827e+00 2.923462809220142233e+00
1.246840664507419261e+00 2.711420132064602750e+00 2.921131242238091730e+00
1.247756785495301335e+00 2.713408051557488765e+00 2.918682856988482399e+00
1.248672906483183409e+00 2.715397428524214174e+00 2.916116630156967204e+00
1.249589027471065261e+00 2.717388264033347767e+00 2.913431532270716939e+00
1.250505148458947335e+00 2.719380559154243926e+00 2.910626527667266039e+00
1.251421269446829410e+00 2.721374314957038187e+00 2.907700574463212728e+00
1.252337390434711484e+00 2.723369532512653013e+00 2.904652624522800153e+00
1.253253511422593336e+00 2.725366212892793794e+00 2.901481623426314549e+00
1.254169632410475410e+00 2.727364357169954179e+00 2.898186510438339525e+00
1.255085753398357484e+00 2.729363966417412524e+00 2.894766218475897546e+00
1.256001874386239336e+00 2.731365041709233665e+00 2.891219674076411561e+00
1.256917995374121411e+00 2.733367584120270699e+00 2.887545797365531186e+00
1.257834116362003485e+00 2.735371594726166311e+00 2.883743502024795013e+00
1.258750237349885559e+00 2.737377074603348781e+00 2.879811695259157922e+00
1.259666358337767411e+00 2.739384024829036424e+00 2.875749277764379386e+00
1.260582479325649485e+00 2.741392446481239809e+00 2.871555143694213719e+00
1.261498600313531560e+00 2.743402340638756876e+00 2.867228180627512835e+00
1.262414721301413412e+00 2.745413708381176487e+00 2.862767269535108738e+00
1.263330842289295486e+00 2.747426550788882871e+00 2.858171284746607199e+00
1.264246963277177560e+00 2.749440868943047622e+00 2.853439093916967373e+00
1.265163084265059634e+00 2.751456663925637258e+00 2.848569557992975732e+00
1.266079205252941486e+00 2.753473936819411438e+00 2.843561531179546797e+00
1.266995326240823561e+00 2.755492688707924298e+00 2.838413860905840025e+00
1.267911447228705635e+00 2.757512920675522672e+00 2.833125387791269656e+00
1.268827568216587709e+00 2.759534633807350090e+00 2.827694945611340938e+00
1.269743689204469561e+00 2.761557829189344115e+00 2.822121361263274952e+00
1.270659810192351635e+00 2.763582507908239450e+00 2.816403454731574385e+00
1.271575931180233709e+00 2.765608671051568823e+00 2.810540039053321948e+00
1.272492052168115562e+00 2.767636319707658998e+00 2.804529920283431288e+00
1.273408173155997636e+00 2.769665454965637430e+00 2.798371897459617674e+00
1.274324294143879710e+00 2.771696077915430045e+00 2.792064762567296299e+00
1.275240415131761784e+00 2.773728189647759468e+00 2.785607300504306050e+00
1.276156536119643636e+00 2.775761791254150346e+00 2.778998289045405024e+00
1.277072657107525711e+00 2.777796883826927576e+00 2.772236498806688765e+00
1.277988778095407785e+00 2.779833468459214529e+00 2.765320693209792235e+00
1.278904899083289859e+00 2.781871546244938820e+00 2.758249628445923030e+00
1.279821020071171711e+00 2.783911118278828756e+00 2.751022053439785342e+00
1.280737141059053785e+00 2.785952185656414670e+00 2.743636709813244590e+00
1.281653262046935859e+00 2.787994749474032474e+00 2.736092331848916537e+00
1.282569383034817712e+00 2.790038810828818328e+00 2.728387646453530380e+00
1.283485504022699786e+00 2.792084370818715744e+00 2.720521373121141284e+00
1.284401625010581860e+00 2.794131430542472927e+00 2.712492223896171506e+00
1.285317745998463934e+00 2.796179991099641882e+00 2.704298903336296966e+00
1.286233866986345786e+00 2.798230053590580635e+00 2.695940108475120667e+00
1.287149987974227860e+00 2.800281619116457676e+00 2.687414528784729306e+00
1.288066108962109935e+00 2.802334688779244853e+00 2.678720846138025635e+00
1.288982229949991787e+00 2.804389263681722255e+00 2.669857734770932023e+00
1.289898350937873861e+00 2.806445344927482211e+00 2.660823861244363098e+00
1.290814471925755935e+00 2.808502933620921738e+00 2.651617884406111347e+00
1.291730592913638009e+00 2.810562030867249650e+00 2.642238455352465820e+00
1.292646713901519862e+00 2.812622637772484335e+00 2.632684217389703374e+00
1.293562834889401936e+00 2.814684755443456865e+00 2.622953805995376086e+00
1.294478955877284010e+00 2.816748384987806997e+00 2.613045848779475655e+00
1.295395076865166084e+00 2.818813527513988948e+00 2.602958965445355766e+00
1.296311197853047936e+00 2.820880184131267843e+00 2.592691767750478160e+00
1.297227318840930010e+00 2.822948355949723709e+00 2.582242859467044127e+00
1.298143439828812085e+00 2.825018044080249702e+00 2.571610836342350659e+00
1.299059560816693937e+00 2.827089249634552548e+00 2.560794286059072888e+00
1.299975681804576011e+00 2.829161973725155210e+00 2.549791788195251208e+00
1.300891802792458085e+00 2.831236217465396887e+00 2.538601914184165587e+00
1.301807923780340159e+00 2.833311981969431237e+00 2.527223227274016271e+00
1.302724044768222011e+00 2.835389268352229486e+00 2.515654282487410409e+00
1.303640165756104086e+00 2.837468077729581761e+00 2.503893626580643517e+00
1.304556286743986160e+00 2.839548411218093538e+00 2.491939798002839712e+00
1.305472407731868012e+00 2.841630269935191411e+00 2.479791326854865474e+00
1.306388528719750086e+00 2.843713654999120433e+00 2.467446734848072420e+00
1.307304649707632160e+00 2.845798567528944112e+00 2.454904535262827370e+00
1.308220770695514235e+00 2.847885008644548854e+00 2.442163232906903403e+00
1.309136891683396087e+00 2.849972979466639966e+00 2.429221324073624011e+00
1.310053012671278161e+00 2.852062481116745651e+00 2.416077296499847815e+00
1.310969133659160235e+00 2.854153514717217011e+00 2.402729629323729910e+00
1.311885254647042309e+00 2.856246081391226266e+00 2.389176793042358860e+00
1.312801375634924161e+00 2.858340182262768536e+00 2.375417249469126801e+00
1.313717496622806236e+00 2.860435818456667167e+00 2.361449451690904144e+00
1.314633617610688310e+00 2.862532991098566182e+00 2.347271844025061061e+00
1.315549738598570162e+00 2.864631701314934276e+00 2.332882861976318445e+00
1.316465859586452236e+00 2.866731950233071480e+00 2.318280932193265365e+00
1.317381980574334310e+00 2.868833738981098946e+00 2.303464472424879617e+00
1.318298101562216385e+00 2.870937068687965610e+00 2.288431891476646385e+00
1.319214222550098237e+00 2.873041940483450407e+00 2.273181589166620942e+00
1.320130343537980311e+00 2.875148355498160058e+00 2.257711956281216459e+00
1.321046464525862385e+00 2.877256314863528175e+00 2.242021374530807076e+00
1.321962585513744237e+00 2.879365819711819263e+00 2.226108216505175097e+00
1.322878706501626311e+00 2.881476871176129606e+00 2.209970845628642433e+00
1.323794827489508386e+00 2.883589470390382825e+00 2.193607616115141212e+00
1.324710948477390460e+00 2.885703618489336986e+00 2.177016872922932667e+00
1.325627069465272312e+00 2.887819316608579712e+00 2.160196951709249635e+00
1.326543190453154386e+00 2.889936565884532627e+00 2.143146178784633538e+00
1.327459311441036460e+00 2.892055367454450909e+00 2.125862871067123905e+00
1.328375432428918534e+00 2.894175722456421518e+00 2.108345336036206330e+00
1.329291553416800387e+00 2.896297632029367630e+00 2.090591871686564129e+00
1.330207674404682461e+00 2.898421097313048200e+00 2.072600766481604850e+00
1.331123795392564535e+00 2.900546119448054405e+00 2.054370299306817582e+00
1.332039916380446387e+00 2.902672699575817195e+00 2.035898739422846937e+00
1.332956037368328461e+00 2.904800838838603294e+00 2.017184346418406271e+00
1.333872158356210536e+00 2.906930538379515649e+00 1.998225370162960868e+00
1.334788279344092610e+00 2.909061799342496535e+00 1.979020050759209948e+00
1.335704400331974462e+00 2.911194622872326665e+00 1.959566618495311996e+00
1.336620521319856536e+00 2.913329010114625639e+00 1.939863293796939558e+00
1.337536642307738610e+00 2.915464962215854605e+00 1.919908287179054263e+00
1.338452763295620684e+00 2.917602480323313152e+00 1.899699799197569927e+00
1.339368884283502537e+00 2.919741565585141529e+00 1.879236020400685714e+00
1.340285005271384611e+00 2.921882219150325977e+00 1.858515131280002119e+00
1.341201126259266685e+00 2.924024442168690729e+00 1.837535302221529498e+00
1.342117247247148537e+00 2.926168235790903349e+00 1.816294693456364406e+00
1.343033368235030611e+00 2.928313601168479163e+00 1.794791455011115033e+00
1.343949489222912685e+00 2.930460539453773272e+00 1.773023726658251586e+00
1.344865610210794760e+00 2.932609051799986322e+00 1.750989637866090964e+00
1.345781731198676612e+00 2.934759139361166724e+00 1.728687307748599133e+00
1.346697852186558686e+00 2.936910803292207550e+00 1.706114845014950365e+00
1.347613973174440760e+00 2.939064044748848303e+00 1.683270347918917054e+00
1.348530094162322612e+00 2.941218864887675810e+00 1.660151904207985085e+00
1.349446215150204686e+00 2.943375264866126440e+00 1.636757591072135920e+00
1.350362336138086761e+00 2.945533245842482550e+00 1.613085475092688625e+00
1.351278457125968835e+00 2.947692808975878709e+00 1.589133612190508860e+00
1.352194578113850687e+00 2.949853955426295915e+00 1.564900047574366626e+00
1.353110699101732761e+00 2.952016686354568709e+00 1.540382815688775997e+00
1.354026820089614835e+00 2.954181002922382060e+00 1.515579940161718486e+00
1.354942941077496910e+00 2.956346906292270482e+00 1.490489433752215209e+00
1.355859062065378762e+00 2.958514397627622916e+00 1.465109298297450291e+00
1.356775183053260836e+00 2.960683478092681398e+00 1.439437524659784806e+00
1.357691304041142910e+00 2.962854148852540170e+00 1.413472092673602631e+00
1.358607425029024762e+00 2.965026411073148793e+00 1.387210971091698886e+00
1.359523546016906836e+00 2.967200265921311253e+00 1.360652117531663263e+00
1.360439667004788911e+00 2.969375714564686408e+00 1.333793478421844148e+00
1.361355787992670985e+00 2.971552758171791098e+00 1.306632988947133533e+00
1.362271908980552837e+00 2.973731397911996144e+00 1.279168572994564990e+00
1.363188029968434911e+00 2.975911634955531682e+00 1.251398143098537030e+00
1.364104150956316985e+00 2.978093470473485826e+00 1.223319600385859962e+00
1.365020271944198837e+00 2.980276905637803786e+00 1.194930834520625762e+00
1.365936392932080912e+00 2.982461941621291412e+00 1.166229723648677830e+00
1.366852513919962986e+00 2.984648579597614759e+00 1.137214134341887117e+00
1.367768634907845060e+00 2.986836820741299192e+00 1.107881921542300585e+00
1.368684755895726912e+00 2.989026666227729390e+00 1.078230928505853781e+00
1.369600876883608986e+00 2.991218117233157336e+00 1.048258986745855381e+00
1.370516997871491061e+00 2.993411174934692998e+00 1.017963915976345834e+00
1.371433118859373135e+00 2.995605840510308759e+00 9.873435240551600156e-01
1.372349239847254987e+00 2.997802115138843870e+00 9.563956069265441284e-01
1.373265360835137061e+00 3.000000000000000444e+00 9.251179485637617272e-01
