# tau=beta*t, lambda=exp[(gamma_dot/beta)*tau], sigma_norm=sigma/mu
# tau lambda sigma_over_mu
0.000000000000000000e+00 1.000000000000000000e+00 0.000000000000000000e+00
3.664483951528050860e-03 1.000733165424781301e+00 2.924061631808005154e-03
7.328967903056101720e-03 1.001466868381102771e+00 5.833101011541563970e-03
1.099345185458415301e-02 1.002201109263063827e+00 8.727136059225542794e-03
1.465793580611220344e-02 1.002935888465052994e+00 1.160618508910571216e-02
1.832241975764025560e-02 1.003671206381747893e+00 1.447026680540887573e-02
2.198690370916830603e-02 1.004407063408115697e+00 1.731940029812968629e-02
2.565138766069635645e-02 1.005143459939412676e+00 2.015360503883842358e-02
2.931587161222440688e-02 1.005880396371185315e+00 2.297290087651880641e-02
3.298035556375245730e-02 1.006617873099269866e+00 2.577730803342547991e-02
3.664483951528051120e-02 1.007355890519793240e+00 2.856684710097002339e-02
4.030932346680855816e-02 1.008094449029172113e+00 3.134153903562520577e-02
4.397380741833661205e-02 1.008833549024114484e+00 3.410140515486286689e-02
4.763829136986465901e-02 1.009573190901618345e+00 3.684646713310524291e-02
5.130277532139271290e-02 1.010313375058973451e+00 3.957674699771192295e-02
5.496725927292075986e-02 1.011054101893760881e+00 4.229226712498303231e-02
5.863174322444881376e-02 1.011795371803852817e+00 4.499305023618740962e-02
6.229622717597686765e-02 1.012537185187413202e+00 4.767911939361790807e-02
6.596071112750491461e-02 1.013279542442897974e+00 5.035049799666990039e-02
6.962519507903296156e-02 1.014022443969055276e+00 5.300720977794254329e-02
7.328967903056102240e-02 1.014765890164925688e+00 5.564927879936507060e-02
7.695416298208906936e-02 1.015509881429841998e+00 5.827672944834486751e-02
8.061864693361711631e-02 1.016254418163430318e+00 6.088958643394422332e-02
8.428313088514516327e-02 1.016999500765608966e+00 6.348787478307275911e-02
8.794761483667322410e-02 1.017745129636590251e+00 6.607161983671457073e-02
9.161209878820127106e-02 1.018491305176879358e+00 6.864084724616721644e-02
9.527658273972931802e-02 1.019238027787275458e+00 7.119558296931403907e-02
9.894106669125737885e-02 1.019985297868871488e+00 7.373585326691393937e-02
1.026055506427854258e-01 1.020733115823054149e+00 7.626168469891562995e-02
1.062700345943134728e-01 1.021481482051505019e+00 7.877310412079983892e-02
1.099345185458415197e-01 1.022230396956199439e+00 8.127013867993578000e-02
1.135990024973695806e-01 1.022979860939408292e+00 8.375281581197251135e-02
1.172634864488976275e-01 1.023729874403696671e+00 8.622116323724096643e-02
1.209279704004256745e-01 1.024480437751925210e+00 8.867520895718986051e-02
1.245924543519537353e-01 1.025231551387249862e+00 9.111498125083845878e-02
1.282569383034817823e-01 1.025983215713121899e+00 9.354050867125265900e-02
1.319214222550098292e-01 1.026735431133288579e+00 9.595182004204744208e-02
1.355859062065378762e-01 1.027488198051793589e+00 9.834894445391040296e-02
1.392503901580659231e-01 1.028241516872975936e+00 1.007319112611431422e-01
1.429148741095939701e-01 1.028995388001471945e+00 1.031007500782355479e-01
1.465793580611220448e-01 1.029749811842214147e+00 1.054554907764527621e-01
1.502438420126500918e-01 1.030504788800431948e+00 1.077961634804502911e-01
1.539083259641781387e-01 1.031260319281652071e+00 1.101227985649105567e-01
1.575728099157061857e-01 1.032016403691698336e+00 1.124354266512001543e-01
1.612372938672342326e-01 1.032773042436692101e+00 1.147340786040510763e-01
1.649017778187622796e-01 1.033530235923052931e+00 1.170187855282654454e-01
1.685662617702903265e-01 1.034287984557497930e+00 1.192895787654377759e-01
1.722307457218184013e-01 1.035046288747042187e+00 1.215464898907029356e-01
1.758952296733464482e-01 1.035805148898999883e+00 1.237895507095077563e-01
1.795597136248744952e-01 1.036564565420982964e+00 1.260187932543981870e-01
1.832241975764025421e-01 1.037324538720903133e+00 1.282342497818367844e-01
1.868886815279305891e-01 1.038085069206970523e+00 1.304359527690335252e-01
1.905531654794586360e-01 1.038846157287694805e+00 1.326239349108043475e-01
1.942176494309866830e-01 1.039607803371885186e+00 1.347982291164491198e-01
1.978821333825147577e-01 1.040370007868650415e+00 1.369588685066500389e-01
2.015466173340428047e-01 1.041132771187398998e+00 1.391058864103930370e-01
2.052111012855708516e-01 1.041896093737840534e+00 1.412393163619128922e-01
2.088755852370988986e-01 1.042659975929983718e+00 1.433591920976515222e-01
2.125400691886269455e-01 1.043424418174139001e+00 1.454655475532484754e-01
2.162045531401549925e-01 1.044189420880916819e+00 1.475584168605423852e-01
2.198690370916830394e-01 1.044954984461229142e+00 1.496378343446011505e-01
2.235335210432111142e-01 1.045721109326289033e+00 1.517038345207686045e-01
2.271980049947391611e-01 1.046487795887611094e+00 1.537564520917334698e-01
2.308624889462672081e-01 1.047255044557011461e+00 1.557957219446187147e-01
2.345269728977952550e-01 1.048022855746608473e+00 1.578216791480934467e-01
2.381914568493233020e-01 1.048791229868822672e+00 1.598343589495025696e-01
2.418559408008513489e-01 1.049560167336376360e+00 1.618337967720174797e-01
2.455204247523793959e-01 1.050329668562295149e+00 1.638200282118109363e-01
2.491849087039074706e-01 1.051099733959907079e+00 1.657930890352470321e-01
2.528493926554354898e-01 1.051870363942843278e+00 1.677530151760948940e-01
2.565138766069635645e-01 1.052641558925038190e+00 1.696998427327615355e-01
2.601783605584915837e-01 1.053413319320730013e+00 1.716336079655454983e-01
2.638428445100196584e-01 1.054185645544460259e+00 1.735543472939085063e-01
2.675073284615477331e-01 1.054958538011074198e+00 1.754620972937688539e-01
2.711718124130757523e-01 1.055731997135721745e+00 1.773568946948160530e-01
2.748362963646038271e-01 1.056506023333857014e+00 1.792387763778421905e-01
2.785007803161318463e-01 1.057280617021238545e+00 1.811077793720935469e-01
2.821652642676599210e-01 1.058055778613929965e+00 1.829639408526450017e-01
2.858297482191879402e-01 1.058831508528299770e+00 1.848072981377890112e-01
2.894942321707160149e-01 1.059607807181021988e+00 1.866378886864494546e-01
2.931587161222440896e-01 1.060384674989075293e+00 1.884557500956076936e-01
2.968232000737721088e-01 1.061162112369745447e+00 1.902609200977589121e-01
3.004876840253001835e-01 1.061940119740622857e+00 1.920534365583736192e-01
3.041521679768282027e-01 1.062718697519604794e+00 1.938333374733907655e-01
3.078166519283562774e-01 1.063497846124894730e+00 1.956006609667230167e-01
3.114811358798842966e-01 1.064277565975003004e+00 1.973554452877830656e-01
3.151456198314123713e-01 1.065057857488746373e+00 1.990977288090270692e-01
3.188101037829404460e-01 1.065838721085248686e+00 2.008275500235194855e-01
3.224745877344684652e-01 1.066620157183941542e+00 2.025449475425158685e-01
3.261390716859965400e-01 1.067402166204563629e+00 2.042499600930620385e-01
3.298035556375245592e-01 1.068184748567161613e+00 2.059426265156147628e-01
3.334680395890526339e-01 1.068967904692089688e+00 2.076229857616772589e-01
3.371325235405806531e-01 1.069751635000010914e+00 2.092910768914591491e-01
3.407970074921087278e-01 1.070535939911896328e+00 2.109469390715469350e-01
3.444614914436368025e-01 1.071320819849025607e+00 2.125906115725981205e-01
3.481259753951648217e-01 1.072106275232987294e+00 2.142221337670515424e-01
3.517904593466928964e-01 1.072892306485679237e+00 2.158415451268561325e-01
3.554549432982209156e-01 1.073678914029308373e+00 2.174488852212167200e-01
3.591194272497489903e-01 1.074466098286391391e+00 2.190441937143589313e-01
3.627839112012770095e-01 1.075253859679754731e+00 2.206275103633106305e-01
3.664483951528050842e-01 1.076042198632534586e+00 2.221988750157009862e-01
3.701128791043331590e-01 1.076831115568177566e+00 2.237583276075787442e-01
3.737773630558611782e-01 1.077620610910440924e+00 2.253059081612459602e-01
3.774418470073892529e-01 1.078410685083392107e+00 2.268416567831103292e-01
3.811063309589172721e-01 1.079201338511410091e+00 2.283656136615544452e-01
3.847708149104453468e-01 1.079992571619184494e+00 2.298778190648215758e-01
3.884352988619733660e-01 1.080784384831716238e+00 2.313783133389195057e-01
3.920997828135014407e-01 1.081576778574318443e+00 2.328671369055428375e-01
3.957642667650295154e-01 1.082369753272615531e+00 2.343443302600073941e-01
3.994287507165575346e-01 1.083163309352544124e+00 2.358099339692071861e-01
4.030932346680856093e-01 1.083957447240353034e+00 2.372639886695840361e-01
4.067577186196136285e-01 1.084752167362603936e+00 2.387065350651172979e-01
4.104222025711417032e-01 1.085547470146170923e+00 2.401376139253256214e-01
4.140866865226697224e-01 1.086343356018240947e+00 2.415572660832900898e-01
4.177511704741977971e-01 1.087139825406314486e+00 2.429655324336909838e-01
4.214156544257258719e-01 1.087936878738205104e+00 2.443624539308612009e-01
4.250801383772538911e-01 1.088734516442040556e+00 2.457480715868574084e-01
4.287446223287819658e-01 1.089532738946261903e+00 2.471224264695440764e-01
4.324091062803099850e-01 1.090331546679624619e+00 2.484855597006979944e-01
4.360735902318380597e-01 1.091130940071198374e+00 2.498375124541252768e-01
4.397380741833660789e-01 1.091930919550367696e+00 2.511783259537963553e-01
4.434025581348941536e-01 1.092731485546831749e+00 2.525080414719953481e-01
4.470670420864222283e-01 1.093532638490604780e+00 2.538267003274858324e-01
4.507315260379502475e-01 1.094334378812015895e+00 2.551343438836923827e-01
4.543960099894783222e-01 1.095136706941710392e+00 2.564310135468985119e-01
4.580604939410063414e-01 1.095939623310648869e+00 2.577167507644579358e-01
4.617249778925344161e-01 1.096743128350108343e+00 2.589915970230236009e-01
4.653894618440624353e-01 1.097547222491681129e+00 2.602555938467892571e-01
4.690539457955905100e-01 1.098351906167276848e+00 2.615087827957503497e-01
4.727184297471185848e-01 1.099157179809121310e+00 2.627512054639754568e-01
4.763829136986466040e-01 1.099963043849757405e+00 2.639829034778967132e-01
4.800473976501746787e-01 1.100769498722045325e+00 2.652039184946128336e-01
4.837118816017026979e-01 1.101576544859162343e+00 2.664142922002077363e-01
4.873763655532307726e-01 1.102384182694603032e+00 2.676140663080833759e-01
4.910408495047587918e-01 1.103192412662180599e+00 2.688032825573100082e-01
4.947053334562868665e-01 1.104001235196025554e+00 2.699819827109868342e-01
4.983698174078149412e-01 1.104810650730587263e+00 2.711502085546209084e-01
5.020343013593430159e-01 1.105620659700633057e+00 2.723080018945184255e-01
5.056987853108709796e-01 1.106431262541249572e+00 2.734554045561911617e-01
5.093632692623990543e-01 1.107242459687841851e+00 2.745924583827775711e-01
5.130277532139271290e-01 1.108054251576134908e+00 2.757192052334775378e-01
5.166922371654552038e-01 1.108866638642172386e+00 2.768356869820011723e-01
5.203567211169831674e-01 1.109679621322318344e+00 2.779419455150329843e-01
5.240212050685112422e-01 1.110493200053256357e+00 2.790380227307079908e-01
5.276856890200393169e-01 1.111307375271990194e+00 2.801239605371033670e-01
5.313501729715673916e-01 1.112122147415844031e+00 2.811998008507436420e-01
5.350146569230954663e-01 1.112937516922462899e+00 2.822655855951194948e-01
5.386791408746234300e-01 1.113753484229812463e+00 2.833213566992199839e-01
5.423436248261515047e-01 1.114570049776179461e+00 2.843671560960780442e-01
5.460081087776795794e-01 1.115387214000172378e+00 2.854030257213318045e-01
5.496725927292076541e-01 1.116204977340720328e+00 2.864290075117951750e-01
5.533370766807357288e-01 1.117023340237075502e+00 2.874451434040470876e-01
5.570015606322636925e-01 1.117842303128810943e+00 2.884514753330281733e-01
5.606660445837917672e-01 1.118661866455822995e+00 2.894480452306563145e-01
5.643305285353198419e-01 1.119482030658329741e+00 2.904348950244510785e-01
5.679950124868479167e-01 1.120302796176872562e+00 2.914120666361734169e-01
5.716594964383758803e-01 1.121124163452315248e+00 2.923796019804770774e-01
5.753239803899039551e-01 1.121946132925845330e+00 2.933375429635743381e-01
5.789884643414320298e-01 1.122768705038973636e+00 2.942859314819137317e-01
5.826529482929601045e-01 1.123591880233534734e+00 2.952248094208699269e-01
5.863174322444881792e-01 1.124415658951687158e+00 2.961542186534472654e-01
5.899819161960161429e-01 1.125240041635913180e+00 2.970742010389951782e-01
5.936464001475442176e-01 1.126065028729020145e+00 2.979847984219371471e-01
5.973108840990722923e-01 1.126890620674139587e+00 2.988860526305107124e-01
6.009753680506003670e-01 1.127716817914728331e+00 2.997780054755211365e-01
6.046398520021284417e-01 1.128543620894567834e+00 3.006606987491055594e-01
6.083043359536564054e-01 1.129371030057765291e+00 3.015341742235119193e-01
6.119688199051844801e-01 1.130199045848753192e+00 3.023984736498877002e-01
6.156333038567125548e-01 1.131027668712290435e+00 3.032536387570824443e-01
6.192977878082406296e-01 1.131856899093461433e+00 3.040997112504599253e-01
6.229622717597685932e-01 1.132686737437676783e+00 3.049367328107249198e-01
6.266267557112966680e-01 1.133517184190674598e+00 3.057647450927615251e-01
6.302912396628247427e-01 1.134348239798518732e+00 3.065837897244795274e-01
6.339557236143528174e-01 1.135179904707600551e+00 3.073939083056774213e-01
6.376202075658808921e-01 1.136012179364638719e+00 3.081951424069148127e-01
6.412846915174088558e-01 1.136845064216679413e+00 3.089875335683954227e-01
6.449491754689369305e-01 1.137678559711096327e+00 3.097711232988625829e-01
6.486136594204650052e-01 1.138512666295591558e+00 3.105459530745069974e-01
6.522781433719930799e-01 1.139347384418195164e+00 3.113120643378840535e-01
6.559426273235211546e-01 1.140182714527265606e+00 3.120694984968431784e-01
6.596071112750491183e-01 1.141018657071490194e+00 3.128182969234687971e-01
6.632715952265771930e-01 1.141855212499885530e+00 3.135585009530321710e-01
6.669360791781052678e-01 1.142692381261796841e+00 3.142901518829525065e-01
6.706005631296333425e-01 1.143530163806899091e+00 3.150132909717728302e-01
6.742650470811613062e-01 1.144368560585196759e+00 3.157279594381423027e-01
6.779295310326893809e-01 1.145207572047024502e+00 3.164341984598131874e-01
6.815940149842174556e-01 1.146047198643047160e+00 3.171320491726460911e-01
6.852584989357455303e-01 1.146887440824259752e+00 3.178215526696265281e-01
6.889229828872736050e-01 1.147728299041988143e+00 3.185027499998926981e-01
6.925874668388015687e-01 1.148569773747888823e+00 3.191756821677727007e-01
6.962519507903296434e-01 1.149411865393949572e+00 3.198403901318334075e-01
6.999164347418577181e-01 1.150254574432489907e+00 3.204969148039392146e-01
7.035809186933857928e-01 1.151097901316160410e+00 3.211452970483202884e-01
7.072454026449138675e-01 1.151941846497943844e+00 3.217855776806523571e-01
7.109098865964418312e-01 1.152786410431154929e+00 3.224177974671461056e-01
7.145743705479699059e-01 1.153631593569440783e+00 3.230419971236468957e-01
7.182388544994979807e-01 1.154477396366781372e+00 3.236582173147436459e-01
7.219033384510260554e-01 1.155323819277489061e+00 3.242664986528893678e-01
7.255678224025540191e-01 1.156170862756209505e+00 3.248668816975296414e-01
7.292323063540820938e-01 1.157018527257922091e+00 3.254594069542434132e-01
7.328967903056101685e-01 1.157866813237939052e+00 3.260441148738904005e-01
7.365612742571382432e-01 1.158715721151906797e+00 3.266210458517712079e-01
7.402257582086663179e-01 1.159565251455805912e+00 3.271902402267945487e-01
7.438902421601942816e-01 1.160415404605951162e+00 3.277517382806575119e-01
7.475547261117223563e-01 1.161266181058991931e+00 3.283055802370302700e-01
7.512192100632504310e-01 1.162117581271912226e+00 3.288518062607552750e-01
7.548836940147785057e-01 1.162969605702031339e+00 3.293904564570530602e-01
7.585481779663065804e-01 1.163822254807003631e+00 3.299215708707374795e-01
7.622126619178345441e-01 1.164675529044819191e+00 3.304451894854412153e-01
7.658771458693626188e-01 1.165529428873803841e+00 3.309613522228501137e-01
7.695416298208906936e-01 1.166383954752619134e+00 3.314700989419454014e-01
7.732061137724187683e-01 1.167239107140263465e+00 3.319714694382581155e-01
7.768705977239467320e-01 1.168094886496071405e+00 3.324655034431279188e-01
7.805350816754748067e-01 1.168951293279714143e+00 3.329522406229755704e-01
7.841995656270028814e-01 1.169808327951200377e+00 3.334317205785813920e-01
7.878640495785309561e-01 1.170665990970875425e+00 3.339039828443722269e-01
7.915285335300590308e-01 1.171524282799422556e+00 3.343690668877200012e-01
7.951930174815869945e-01 1.172383203897862991e+00 3.348270121082459472e-01
7.988575014331150692e-01 1.173242754727555237e+00 3.352778578371350404e-01
8.025219853846431439e-01 1.174102935750196641e+00 3.357216433364583197e-01
8.061864693361712186e-01 1.174963747427822947e+00 3.361584077985050878e-01
8.098509532876992933e-01 1.175825190222808514e+00 3.365881903451207191e-01
8.135154372392272570e-01 1.176687264597866767e+00 3.370110300270564574e-01
8.171799211907553318e-01 1.177549971016050412e+00 3.374269658233245428e-01
8.208444051422834065e-01 1.178413309940751663e+00 3.378360366405629978e-01
8.245088890938114812e-01 1.179277281835702462e+00 3.382382813124087395e-01
8.281733730453394449e-01 1.180141887164974479e+00 3.386337385988780202e-01
8.318378569968675196e-01 1.181007126392980000e+00 3.390224471857559707e-01
8.355023409483955943e-01 1.181872999984471706e+00 3.394044456839930834e-01
8.391668248999236690e-01 1.182739508404542894e+00 3.397797726291101883e-01
8.428313088514517437e-01 1.183606652118628144e+00 3.401484664806120328e-01
8.464957928029797074e-01 1.184474431592502652e+00 3.405105656214073573e-01
8.501602767545077821e-01 1.185342847292283786e+00 3.408661083572375738e-01
8.538247607060358568e-01 1.186211899684430415e+00 3.412151329161134949e-01
8.574892446575639315e-01 1.187081589235743140e+00 3.415576774477581123e-01
8.611537286090920063e-01 1.187951916413365172e+00 3.418937800230600343e-01
8.648182125606199699e-01 1.188822881684782340e+00 3.422234786335311973e-01
8.684826965121480447e-01 1.189694485517822420e+00 3.425468111907735702e-01
8.721471804636761194e-01 1.190566728380657135e+00 3.428638155259540743e-01
8.758116644152041941e-01 1.191439610741800825e+00 3.431745293892860538e-01
8.794761483667321578e-01 1.192313133070111775e+00 3.434789904495166857e-01
8.831406323182602325e-01 1.193187295834791328e+00 3.437772362934252146e-01
8.868051162697883072e-01 1.194062099505385888e+00 3.440693044253251287e-01
8.904696002213163819e-01 1.194937544551784914e+00 3.443552322665742738e-01
8.941340841728444566e-01 1.195813631444223590e+00 3.446350571550944597e-01
8.977985681243724203e-01 1.196690360653280605e+00 3.449088163448937872e-01
9.014630520759004950e-01 1.197567732649880590e+00 3.451765470056004093e-01
9.051275360274285697e-01 1.198445747905293457e+00 3.454382862220000128e-01
9.087920199789566444e-01 1.199324406891133732e+00 3.456940709935824030e-01
9.124565039304847192e-01 1.200203710079362773e+00 3.459439382340933067e-01
9.161209878820126828e-01 1.201083657942287219e+00 3.461879247710937246e-01
9.197854718335407576e-01 1.201964250952560320e+00 3.464260673455269446e-01
9.234499557850688323e-01 1.202845489583181937e+00 3.466584026112901062e-01
9.271144397365969070e-01 1.203727374307498543e+00 3.468849671348142039e-01
9.307789236881248707e-01 1.204609905599203667e+00 3.471057973946501951e-01
9.344434076396529454e-01 1.205493083932338116e+00 3.473209297810613272e-01
9.381078915911810201e-01 1.206376909781290196e+00 3.475304005956224573e-01
9.417723755427090948e-01 1.207261383620796380e+00 3.477342460508253685e-01
9.454368594942371695e-01 1.208146505925940861e+00 3.479325022696906911e-01
9.491013434457651332e-01 1.209032277172156222e+00 3.481252052853861523e-01
9.527658273972932079e-01 1.209918697835223433e+00 3.483123910408514323e-01
9.564303113488212826e-01 1.210805768391272741e+00 3.484940953884287929e-01
9.600947953003493573e-01 1.211693489316783001e+00 3.486703540894993125e-01
9.637592792518773210e-01 1.212581861088582791e+00 3.488412028141275045e-01
9.674237632034053957e-01 1.213470884183849963e+00 3.490066771407093205e-01
9.710882471549334705e-01 1.214360559080112312e+00 3.491668125556278701e-01
9.747527311064615452e-01 1.215250886255248020e+00 3.493216444529150255e-01
9.784172150579896199e-01 1.216141866187485210e+00 3.494712081339181875e-01
9.820816990095175836e-01 1.217033499355402837e+00 3.496155388069733250e-01
9.857461829610456583e-01 1.217925786237930907e+00 3.497546715870849532e-01
9.894106669125737330e-01 1.218818727314350259e+00 3.498886414956096091e-01
9.930751508641018077e-01 1.219712323064293003e+00 3.500174834599473761e-01
9.967396348156298824e-01 1.220606573967743635e+00 3.501412323132379045e-01
1.000404118767157957e+00 1.221501480505037485e+00 3.502599227940624838e-01
1.004068602718686032e+00 1.222397043156863150e+00 3.503735895461514427e-01
1.007733086670213885e+00 1.223293262404260506e+00 3.504822671180972682e-01
1.011397570621741959e+00 1.224190138728623367e+00 3.505859899630741072e-01
1.015062054573270034e+00 1.225087672611697487e+00 3.506847924385605442e-01
1.018726538524798109e+00 1.225985864535582115e+00 3.507787088060707603e-01
1.022391022476326183e+00 1.226884714982730218e+00 3.508677732308883579e-01
1.026055506427854258e+00 1.227784224435948257e+00 3.509520197818080112e-01
1.029719990379382333e+00 1.228684393378396855e+00 3.510314824308795600e-01
1.033384474330910408e+00 1.229585222293590352e+00 3.511061950531603193e-01
1.037048958282438482e+00 1.230486711665397914e+00 3.511761914264711071e-01
1.040713442233966335e+00 1.231388861978043980e+00 3.512415052311571029e-01
1.044377926185494410e+00 1.232291673716106928e+00 3.513021700498540900e-01
1.048042410137022484e+00 1.233195147364521516e+00 3.513582193672618592e-01
1.051706894088550559e+00 1.234099283408577330e+00 3.514096865699182226e-01
1.055371378040078634e+00 1.235004082333919895e+00 3.514566049459830754e-01
1.059035861991606708e+00 1.235909544626551115e+00 3.514990076850233458e-01
1.062700345943134783e+00 1.236815670772828613e+00 3.515369278778054385e-01
1.066364829894662858e+00 1.237722461259466833e+00 3.515703985160916201e-01
1.070029313846190933e+00 1.238629916573537493e+00 3.515994524924405673e-01
1.073693797797719007e+00 1.239538037202469134e+00 3.516241226000146325e-01
1.077358281749246860e+00 1.240446823634047124e+00 3.516444415323892736e-01
1.081022765700774935e+00 1.241356276356415433e+00 3.516604418833698675e-01
1.084687249652303009e+00 1.242266395858075301e+00 3.516721561468110768e-01
1.088351733603831084e+00 1.243177182627886346e+00 3.516796167164420450e-01
1.092016217555359159e+00 1.244088637155066124e+00 3.516828558856959219e-01
1.095680701506887234e+00 1.245000759929191458e+00 3.516819058475436077e-01
1.099345185458415308e+00 1.245913551440197997e+00 3.516767986943324376e-01
1.103009669409943383e+00 1.246827012178380656e+00 3.516675664176290295e-01
1.106674153361471458e+00 1.247741142634393174e+00 3.516542409080670728e-01
1.110338637312999310e+00 1.248655943299249893e+00 3.516368539551987804e-01
1.114003121264527385e+00 1.249571414664324642e+00 3.516154372473510592e-01
1.117667605216055460e+00 1.250487557221351631e+00 3.515900223714862882e-01
1.121332089167583534e+00 1.251404371462425669e+00 3.515606408130671490e-01
1.124996573119111609e+00 1.252321857880001943e+00 3.515273239559253415e-01
1.128661057070639684e+00 1.253240016966897574e+00 3.514901030821352412e-01
1.132325541022167759e+00 1.254158849216290061e+00 3.514490093718904973e-01
1.135990024973695833e+00 1.255078355121719058e+00 3.514040739033867933e-01
1.139654508925223908e+00 1.255998535177085706e+00 3.513553276527066060e-01
1.143318992876751761e+00 1.256919389876653526e+00 3.513028014937091270e-01
1.146983476828279835e+00 1.257840919715048411e+00 3.512465261979241804e-01
1.150647960779807910e+00 1.258763125187258636e+00 3.511865324344497497e-01
1.154312444731335985e+00 1.259686006788635515e+00 3.511228507698535561e-01
1.157976928682864060e+00 1.260609565014893851e+00 3.510555116680789123e-01
1.161641412634392134e+00 1.261533800362111490e+00 3.509845454903538498e-01
1.165305896585920209e+00 1.262458713326729987e+00 3.509099824951051882e-01
1.168970380537448284e+00 1.263384304405555048e+00 3.508318528378742140e-01
1.172634864488976358e+00 1.264310574095756534e+00 3.507501865712389089e-01
1.176299348440504433e+00 1.265237522894869127e+00 3.506650136447380106e-01
1.179963832392032286e+00 1.266165151300791658e+00 3.505763639047995150e-01
1.183628316343560360e+00 1.267093459811788225e+00 3.504842670946722305e-01
1.187292800295088435e+00 1.268022448926488854e+00 3.503887528543622176e-01
1.190957284246616510e+00 1.268952119143888391e+00 3.502898507205711720e-01
1.194621768198144585e+00 1.269882470963347609e+00 3.501875901266395807e-01
1.198286252149672659e+00 1.270813504884593881e+00 3.500820004024932097e-01
1.201950736101200734e+00 1.271745221407720505e+00 3.499731107745929215e-01
1.205615220052728809e+00 1.272677621033187600e+00 3.498609503658876019e-01
1.209279704004256883e+00 1.273610704261822102e+00 3.497455481957711942e-01
1.212944187955784736e+00 1.274544471594818207e+00 3.496269331800432312e-01
1.216608671907312811e+00 1.275478923533737596e+00 3.495051341308713089e-01
1.220273155858840886e+00 1.276414060580509879e+00 3.493801797567587242e-01
1.223937639810368960e+00 1.277349883237432371e+00 3.492520986625149426e-01
1.227602123761897035e+00 1.278286392007170535e+00 3.491209193492277318e-01
1.231266607713425110e+00 1.279223587392758654e+00 3.489866702142415678e-01
1.234931091664953184e+00 1.280161469897599824e+00 3.488493795511358186e-01
1.238595575616481259e+00 1.281100040025465958e+00 3.487090755497090910e-01
1.242260059568009334e+00 1.282039298280498674e+00 3.485657862959648523e-01
1.245924543519537186e+00 1.282979245167208626e+00 3.484195397721010501e-01
1.249589027471065261e+00 1.283919881190477286e+00 3.482703638565020077e-01
1.253253511422593336e+00 1.284861206855555604e+00 3.481182863237344827e-01
1.256917995374121411e+00 1.285803222668064905e+00 3.479633348445462238e-01
1.260582479325649485e+00 1.286745929133997546e+00 3.478055369858669144e-01
1.264246963277177560e+00 1.287689326759716701e+00 3.476449202108131686e-01
1.267911447228705635e+00 1.288633416051957026e+00 3.474815118786955814e-01
1.271575931180233709e+00 1.289578197517824210e+00 3.473153392450297194e-01
1.275240415131761784e+00 1.290523671664796090e+00 3.471464294615482782e-01
1.278904899083289859e+00 1.291469839000722653e+00 3.469748095762182905e-01
1.282569383034817712e+00 1.292416700033825805e+00 3.468005065332591119e-01
1.286233866986345786e+00 1.293364255272700492e+00 3.466235471731645701e-01
1.289898350937873861e+00 1.294312505226314469e+00 3.464439582327272782e-01
1.293562834889401936e+00 1.295261450404008752e+00 3.462617663450658911e-01
1.297227318840930010e+00 1.296211091315496944e+00 3.460769980396553591e-01
1.300891802792458085e+00 1.297161428470867683e+00 3.458896797423582914e-01
1.304556286743986160e+00 1.298112462380582421e+00 3.456998377754616492e-01
1.308220770695514235e+00 1.299064193555477642e+00 3.455074983577139935e-01
1.311885254647042309e+00 1.300016622506763975e+00 3.453126876043656757e-01
1.315549738598570162e+00 1.300969749746026860e+00 3.451154315272124129e-01
1.319214222550098237e+00 1.301923575785226994e+00 3.449157560346404194e-01
1.322878706501626311e+00 1.302878101136700550e+00 3.447136869316749230e-01
1.326543190453154386e+00 1.303833326313158736e+00 3.445092499200303471e-01
1.330207674404682461e+00 1.304789251827689123e+00 3.443024705981637124e-01
1.333872158356210536e+00 1.305745878193755427e+00 3.440933744613303702e-01
1.337536642307738610e+00 1.306703205925197953e+00 3.438819869016407349e-01
1.341201126259266685e+00 1.307661235536233368e+00 3.436683332081225117e-01
1.344865610210794760e+00 1.308619967541455154e+00 3.434524385667817592e-01
1.348530094162322612e+00 1.309579402455835151e+00 3.432343280606683367e-01
1.352194578113850687e+00 1.310539540794721569e+00 3.430140266699439611e-01
1.355859062065378762e+00 1.311500383073840981e+00 3.427915592719508187e-01
1.359523546016906836e+00 1.312461929809298322e+00 3.425669506412840626e-01
1.363188029968434911e+00 1.313424181517576228e+00 3.423402254498658648e-01
1.366852513919962986e+00 1.314387138715536585e+00 3.421114082670214662e-01
1.370516997871491061e+00 1.315350801920420087e+00 3.418805235595581138e-01
1.374181481823019135e+00 1.316315171649846461e+00 3.416475956918456625e-01
1.377845965774547210e+00 1.317280248421815347e+00 3.414126489258991759e-01
1.381510449726075285e+00 1.318246032754705643e+00 3.411757074214640806e-01
1.385174933677603137e+00 1.319212525167276384e+00 3.409367952361035403e-01
1.388839417629131212e+00 1.320179726178667634e+00 3.406959363252864970e-01
1.392503901580659287e+00 1.321147636308399154e+00 3.404531545424805961e-01
1.396168385532187362e+00 1.322116256076371954e+00 3.402084736392437803e-01
1.399832869483715436e+00 1.323085586002868519e+00 3.399619172653200461e-01
1.403497353435243511e+00 1.324055626608552361e+00 3.397135089687371989e-01
1.407161837386771586e+00 1.325026378414469130e+00 3.394632721959055521e-01
1.410826321338299660e+00 1.325997841942045730e+00 3.392112302917184019e-01
1.414490805289827735e+00 1.326970017713092309e+00 3.389574064996561109e-01
1.418155289241355588e+00 1.327942906249800936e+00 3.387018239618905802e-01
1.421819773192883662e+00 1.328916508074746927e+00 3.384445057193914419e-01
1.425484257144411737e+00 1.329890823710888625e+00 3.381854747120355276e-01
1.429148741095939812e+00 1.330865853681567401e+00 3.379247537787171130e-01
1.432813225047467887e+00 1.331841598510508762e+00 3.376623656574593846e-01
1.436477708998995961e+00 1.332818058721822352e+00 3.373983329855296809e-01
1.440142192950524036e+00 1.333795234840001287e+00 3.371326782995540672e-01
1.443806676902052111e+00 1.334773127389924152e+00 3.368654240356357965e-01
1.447471160853580185e+00 1.335751736896853670e+00 3.365965925294741035e-01
1.451135644805108038e+00 1.336731063886437809e+00 3.363262060164851075e-01
1.454800128756636113e+00 1.337711108884710676e+00 3.360542866319245481e-01
1.458464612708164188e+00 1.338691872418090956e+00 3.357808564110120741e-01
1.462129096659692262e+00 1.339673355013383471e+00 3.355059372890573655e-01
1.465793580611220337e+00 1.340655557197780290e+00 3.352295511015868645e-01
1.469458064562748412e+00 1.341638479498858505e+00 3.349517195844741169e-01
1.473122548514276486e+00 1.342622122444583344e+00 3.346724643740693339e-01
1.476787032465804561e+00 1.343606486563306390e+00 3.343918070073325088e-01
1.480451516417332636e+00 1.344591572383766476e+00 3.341097689219665323e-01
1.484116000368860488e+00 1.345577380435090564e+00 3.338263714565533613e-01
1.487780484320388563e+00 1.346563911246793310e+00 3.335416358506896883e-01
1.491444968271916638e+00 1.347551165348777724e+00 3.332555832451263300e-01
1.495109452223444713e+00 1.348539143271335394e+00 3.329682346819075045e-01
1.498773936174972787e+00 1.349527845545146043e+00 3.326796111045120519e-01
1.502438420126500862e+00 1.350517272701279525e+00 3.323897333579960978e-01
1.506102904078028937e+00 1.351507425271194052e+00 3.320986221891372159e-01
1.509767388029557011e+00 1.352498303786738187e+00 3.318062982465799227e-01
1.513431871981085086e+00 1.353489908780149964e+00 3.315127820809818937e-01
1.517096355932613161e+00 1.354482240784058211e+00 3.312180941451629002e-01
1.520760839884141014e+00 1.355475300331481225e+00 3.309222547942540227e-01
1.524425323835669088e+00 1.356469087955829433e+00 3.306252842858482532e-01
1.528089807787197163e+00 1.357463604190903395e+00 3.303272027801525956e-01
1.531754291738725238e+00 1.358458849570895133e+00 3.300280303401422755e-01
1.535418775690253312e+00 1.359454824630388803e+00 3.297277869317136734e-01
1.539083259641781387e+00 1.360451529904360024e+00 3.294264924238424208e-01
1.542747743593309462e+00 1.361448965928176769e+00 3.291241665887386092e-01
1.546412227544837537e+00 1.362447133237599584e+00 3.288208291020062179e-01
1.550076711496365611e+00 1.363446032368781813e+00 3.285164995428023760e-01
1.553741195447893464e+00 1.364445663858269819e+00 3.282111973939981220e-01
1.557405679399421539e+00 1.365446028243003651e+00 3.279049420423397754e-01
1.561070163350949613e+00 1.366447126060316375e+00 3.275977527786131382e-01
1.564734647302477688e+00 1.367448957847935631e+00 3.272896487978064761e-01
1.568399131254005763e+00 1.368451524143982967e+00 3.269806491992764408e-01
1.572063615205533837e+00 1.369454825486974725e+00 3.266707729869140486e-01
1.575728099157061912e+00 1.370458862415821821e+00 3.263600390693126019e-01
1.579392583108589987e+00 1.371463635469830189e+00 3.260484662599357208e-01
1.583057067060118062e+00 1.372469145188701667e+00 3.257360732772874856e-01
1.586721551011645914e+00 1.373475392112533111e+00 3.254228787450823557e-01
1.590386034963173989e+00 1.374482376781817949e+00 3.251089011924173100e-01
1.594050518914702064e+00 1.375490099737445737e+00 3.247941590539442092e-01
1.597715002866230138e+00 1.376498561520702157e+00 3.244786706700438228e-01
1.601379486817758213e+00 1.377507762673270353e+00 3.241624542869997461e-01
1.605043970769286288e+00 1.378517703737230482e+00 3.238455280571743700e-01
1.608708454720814363e+00 1.379528385255059497e+00 3.235279100391859064e-01
1.612372938672342437e+00 1.380539807769632921e+00 3.232096181980844141e-01
1.616037422623870512e+00 1.381551971824223957e+00 3.228906704055316546e-01
1.619701906575398587e+00 1.382564877962503935e+00 3.225710844399792832e-01
1.623366390526926439e+00 1.383578526728542979e+00 3.222508779868496487e-01
1.627030874478454514e+00 1.384592918666810224e+00 3.219300686387163157e-01
1.630695358429982589e+00 1.385608054322173821e+00 3.216086738954861413e-01
1.634359842381510664e+00 1.386623934239901379e+00 3.212867111645821283e-01
1.638024326333038738e+00 1.387640558965660409e+00 3.209641977611266128e-01
1.641688810284566813e+00 1.388657929045518324e+00 3.206411509081258937e-01
1.645353294236094888e+00 1.389676045025942885e+00 3.203175877366554181e-01
1.649017778187622962e+00 1.390694907453802864e+00 3.199935252860456325e-01
1.652682262139151037e+00 1.391714516876367380e+00 3.196689805040683896e-01
1.656346746090678890e+00 1.392734873841307452e+00 3.193439702471250752e-01
1.660011230042206964e+00 1.393755978896695114e+00 3.190185112804344580e-01
1.663675713993735039e+00 1.394777832591004296e+00 3.186926202782217610e-01
1.667340197945263114e+00 1.395800435473111500e+00 3.183663138239078427e-01
1.671004681896791189e+00 1.396823788092295127e+00 3.180396084103008225e-01
1.674669165848319263e+00 1.397847890998236586e+00 3.177125204397860947e-01
1.678333649799847338e+00 1.398872744741020080e+00 3.173850662245183418e-01
1.681998133751375413e+00 1.399898349871133041e+00 3.170572619866145470e-01
1.685662617702903487e+00 1.400924706939467024e+00 3.167291238583462842e-01
1.689327101654431340e+00 1.401951816497316816e+00 3.164006678823340635e-01
1.692991585605959415e+00 1.402979679096382215e+00 3.160719100117416192e-01
1.696656069557487490e+00 1.404008295288766472e+00 3.157428661104710876e-01
1.700320553509015564e+00 1.405037665626978294e+00 3.154135519533584064e-01
1.703985037460543639e+00 1.406067790663931394e+00 3.150839832263692686e-01
1.707649521412071714e+00 1.407098670952944941e+00 3.147541755267969643e-01
1.711314005363599788e+00 1.408130307047743557e+00 3.144241443634586131e-01
1.714978489315127863e+00 1.409162699502457539e+00 3.140939051568941709e-01
1.718642973266655938e+00 1.410195848871624413e+00 3.137634732395639947e-01
1.722307457218184013e+00 1.411229755710187161e+00 3.134328638560489599e-01
1.725971941169711865e+00 1.412264420573496437e+00 3.131020921632489684e-01
1.729636425121239940e+00 1.413299844017309903e+00 3.127711732305838988e-01
1.733300909072768015e+00 1.414336026597792229e+00 3.124401220401941126e-01
1.736965393024296089e+00 1.415372968871516424e+00 3.121089534871409610e-01
1.740629876975824164e+00 1.416410671395463172e+00 3.117776823796092889e-01
1.744294360927352239e+00 1.417449134727021498e+00 3.114463234391089963e-01
1.747958844878880313e+00 1.418488359423989653e+00 3.111148913006773764e-01
1.751623328830408388e+00 1.419528346044574008e+00 3.107834005130830080e-01
1.755287812781936463e+00 1.420569095147391048e+00 3.104518655390281490e-01
1.758952296733464316e+00 1.421610607291466044e+00 3.101203007553534619e-01
1.762616780684992390e+00 1.422652883036234384e+00 3.097887204532417948e-01
1.766281264636520465e+00 1.423695922941542014e+00 3.094571388384232402e-01
1.769945748588048540e+00 1.424739727567644998e+00 3.091255700313798593e-01
1.773610232539576614e+00 1.425784297475209961e+00 3.087940280675519067e-01
1.777274716491104689e+00 1.426829633225314975e+00 3.084625268975430545e-01
1.780939200442632764e+00 1.427875735379449118e+00 3.081310803873267279e-01
1.784603684394160839e+00 1.428922604499513582e+00 3.077997023184531611e-01
1.788268168345688913e+00 1.429970241147821230e+00 3.074684063882561769e-01
1.791932652297216766e+00 1.431018645887096818e+00 3.071372062100602984e-01
1.795597136248744841e+00 1.432067819280478771e+00 3.068061153133885832e-01
1.799261620200272915e+00 1.433117761891517183e+00 3.064751471441710673e-01
1.802926104151800990e+00 1.434168474284176042e+00 3.061443150649521550e-01
1.806590588103329065e+00 1.435219957022832782e+00 3.058136323551000069e-01
1.810255072054857139e+00 1.436272210672278060e+00 3.054831122110149844e-01
1.813919556006385214e+00 1.437325235797717093e+00 3.051527677463392596e-01
1.817584039957913289e+00 1.438379032964769877e+00 3.048226119921658706e-01
1.821248523909441364e+00 1.439433602739469853e+00 3.044926578972488862e-01
1.824913007860969438e+00 1.440488945688267020e+00 3.041629183282129611e-01
1.828577491812497291e+00 1.441545062378025266e+00 3.038334060697638894e-01
1.832241975764025366e+00 1.442601953376025037e+00 3.035041338248991583e-01
1.835906459715553440e+00 1.443659619249962445e+00 3.031751142151185574e-01
1.839570943667081515e+00 1.444718060567949491e+00 3.028463597806351215e-01
1.843235427618609590e+00 1.445777277898515178e+00 3.025178829805861835e-01
1.846899911570137665e+00 1.446837271810604841e+00 3.021896961932452053e-01
1.850564395521665739e+00 1.447898042873581259e+00 3.018618117162330527e-01
1.854228879473193814e+00 1.448959591657224655e+00 3.015342417667297159e-01
1.857893363424721889e+00 1.450021918731733139e+00 3.012069984816862500e-01
1.861557847376249741e+00 1.451085024667722267e+00 3.008800939180374390e-01
1.865222331327777816e+00 1.452148910036226592e+00 3.005535400529134593e-01
1.868886815279305891e+00 1.453213575408698999e+00 3.002273487838527100e-01
1.872551299230833965e+00 1.454279021357011592e+00 2.999015319290142534e-01
1.876215783182362040e+00 1.455345248453455476e+00 2.995761012273907009e-01
1.879880267133890115e+00 1.456412257270741195e+00 2.992510683390214865e-01
1.883544751085418190e+00 1.457480048382000071e+00 2.989264448452048639e-01
1.887209235036946264e+00 1.458548622360782199e+00 2.986022422487122352e-01
1.890873718988474339e+00 1.459617979781059560e+00 2.982784719740007584e-01
1.894538202940002192e+00 1.460688121217224245e+00 2.979551453674268990e-01
1.898202686891530266e+00 1.461759047244089560e+00 2.976322736974600369e-01
1.901867170843058341e+00 1.462830758436890255e+00 2.973098681548956290e-01
1.905531654794586416e+00 1.463903255371282741e+00 2.969879398530694825e-01
1.909196138746114491e+00 1.464976538623345759e+00 2.966664998280709176e-01
1.912860622697642565e+00 1.466050608769580377e+00 2.963455590389570959e-01
1.916525106649170640e+00 1.467125466386909771e+00 2.960251283679662393e-01
1.920189590600698715e+00 1.468201112052681001e+00 2.957052186207324018e-01
1.923854074552226789e+00 1.469277546344663454e+00 2.953858405264988551e-01
1.927518558503754642e+00 1.470354769841050846e+00 2.950670047383321393e-01
1.931183042455282717e+00 1.471432783120460774e+00 2.947487218333362247e-01
1.934847526406810791e+00 1.472511586761934499e+00 2.944310023128670628e-01
1.938512010358338866e+00 1.473591181344938050e+00 2.941138566027458046e-01
1.942176494309866941e+00 1.474671567449362897e+00 2.937972950534736838e-01
1.945840978261395016e+00 1.475752745655524834e+00 2.934813279404457353e-01
1.949505462212923090e+00 1.476834716544165760e+00 2.931659654641651791e-01
1.953169946164451165e+00 1.477917480696452568e+00 2.928512177504577485e-01
1.956834430115979240e+00 1.479001038693979142e+00 2.925370948506851310e-01
1.960498914067507314e+00 1.480085391118765248e+00 2.922236067419600181e-01
1.964163398019035167e+00 1.481170538553257643e+00 2.919107633273593239e-01
1.967827881970563242e+00 1.482256481580329410e+00 2.915985744361391241e-01
1.971492365922091317e+00 1.483343220783282179e+00 2.912870498239478190e-01
1.975156849873619391e+00 1.484430756745844349e+00 2.909761991730409614e-01
1.978821333825147466e+00 1.485519090052172420e+00 2.906660320924948082e-01
1.982485817776675541e+00 1.486608221286851439e+00 2.903565581184200384e-01
1.986150301728203615e+00 1.487698151034894556e+00 2.900477867141764143e-01
1.989814785679731690e+00 1.488788879881744354e+00 2.897397272705854454e-01
1.993479269631259765e+00 1.489880408413272628e+00 2.894323891061449938e-01
1.997143753582787618e+00 1.490972737215780386e+00 2.891257814672428261e-01
2.000808237534315914e+00 1.492065866875998736e+00 2.888199135283696650e-01
2.004472721485843767e+00 1.493159797981088444e+00 2.885147943923334068e-01
2.008137205437372064e+00 1.494254531118641705e+00 2.882104330904720069e-01
2.011801689388899916e+00 1.495350066876680817e+00 2.879068385828669752e-01
2.015466173340427769e+00 1.496446405843659067e+00 2.876040197585568170e-01
2.019130657291956066e+00 1.497543548608462061e+00 2.873019854357493630e-01
2.022795141243483918e+00 1.498641495760405951e+00 2.870007443620360421e-01
2.026459625195012215e+00 1.499740247889240097e+00 2.867003052146036013e-01
2.030124109146540068e+00 1.500839805585145514e+00 2.864006766004474347e-01
2.033788593098068365e+00 1.501940169438736206e+00 2.861018670565841915e-01
2.037453077049596217e+00 1.503041340041058715e+00 2.858038850502642725e-01
2.041117561001124514e+00 1.504143317983593908e+00 2.855067389791838828e-01
2.044782044952652367e+00 1.505246103858255413e+00 2.852104371716979170e-01
2.048446528904180219e+00 1.506349698257390957e+00 2.849149878870315677e-01
2.052111012855708516e+00 1.507454101773783250e+00 2.846203993154921563e-01
2.055775496807236369e+00 1.508559315000648438e+00 2.843266795786815737e-01
2.059439980758764666e+00 1.509665338531638978e+00 2.840338367297070010e-01
2.063104464710292518e+00 1.510772172960840987e+00 2.837418787533934617e-01
2.066768948661820815e+00 1.511879818882777782e+00 2.834508135664938755e-01
2.070433432613348668e+00 1.512988276892407224e+00 2.831606490179013891e-01
2.074097916564876964e+00 1.514097547585124381e+00 2.828713928888596518e-01
2.077762400516404817e+00 1.515207631556759971e+00 2.825830528931735919e-01
2.081426884467932670e+00 1.516318529403582138e+00 2.822956366774203030e-01
2.085091368419460967e+00 1.517430241722296014e+00 2.820091518211591541e-01
2.088755852370988819e+00 1.518542769110044377e+00 2.817236058371422325e-01
2.092420336322517116e+00 1.519656112164407658e+00 2.814390061715239533e-01
2.096084820274044969e+00 1.520770271483404157e+00 2.811553602040717803e-01
2.099749304225573265e+00 1.521885247665491159e+00 2.808726752483745037e-01
2.103413788177101118e+00 1.523001041309564263e+00 2.805909585520527383e-01
2.107078272128629415e+00 1.524117653014958496e+00 2.803102172969674788e-01
2.110742756080157267e+00 1.525235083381447865e+00 2.800304585994295437e-01
2.114407240031685564e+00 1.526353333009246693e+00 2.797516895104075196e-01
2.118071723983213417e+00 1.527472402499008730e+00 2.794739170157373720e-01
2.121736207934741270e+00 1.528592292451828705e+00 2.791971480363297231e-01
2.125400691886269566e+00 1.529713003469241661e+00 2.789213894283782413e-01
2.129065175837797419e+00 1.530834536153223624e+00 2.786466479835680854e-01
2.132729659789325716e+00 1.531956891106192487e+00 2.783729304292820173e-01
2.136394143740853568e+00 1.533080068931007123e+00 2.781002434288094016e-01
2.140058627692381865e+00 1.534204070230968719e+00 2.778285935815522079e-01
2.143723111643909718e+00 1.535328895609820776e+00 2.775579874232320110e-01
2.147387595595438015e+00 1.536454545671749550e+00 2.772884314260967153e-01
2.151052079546965867e+00 1.537581021021384275e+00 2.770199319991268894e-01
2.154716563498493720e+00 1.538708322263797168e+00 2.767524954882417121e-01
2.158381047450022017e+00 1.539836450004504309e+00 2.764861281765048640e-01
2.162045531401549869e+00 1.540965404849465425e+00 2.762208362843298626e-01
2.165710015353078166e+00 1.542095187405085444e+00 2.759566259696855095e-01
2.169374499304606019e+00 1.543225798278212491e+00 2.756935033283005598e-01
2.173038983256134316e+00 1.544357238076140781e+00 2.754314743938688914e-01
2.176703467207662168e+00 1.545489507406608842e+00 2.751705451382537859e-01
2.180367951159190465e+00 1.546622606877801731e+00 2.749107214716912106e-01
2.184032435110718318e+00 1.547756537098349705e+00 2.746520092429951543e-01
2.187696919062246170e+00 1.548891298677329553e+00 2.743944142397599650e-01
2.191361403013774467e+00 1.550026892224264374e+00 2.741379421885642431e-01
2.195025886965302320e+00 1.551163318349124465e+00 2.738825987551734009e-01
2.198690370916830616e+00 1.552300577662327097e+00 2.736283895447425007e-01
2.202354854868358469e+00 1.553438670774737185e+00 2.733753201020187595e-01
2.206019338819886766e+00 1.554577598297667729e+00 2.731233959115433318e-01
2.209683822771414619e+00 1.555717360842878927e+00 2.728726223978534815e-01
2.213348306722942915e+00 1.556857959022581284e+00 2.726230049256831434e-01
2.217012790674470768e+00 1.557999393449432057e+00 2.723745488001653170e-01
2.220677274625998621e+00 1.559141664736539479e+00 2.721272592670314627e-01
2.224341758577526917e+00 1.560284773497460531e+00 2.718811415128132847e-01
2.228006242529054770e+00 1.561428720346201393e+00 2.716362006650420713e-01
2.231670726480583067e+00 1.562573505897219883e+00 2.713924417924487020e-01
2.235335210432110919e+00 1.563719130765423015e+00 2.711498699051632655e-01
2.238999694383639216e+00 1.564865595566169443e+00 2.709084899549142889e-01
2.242664178335167069e+00 1.566012900915268347e+00 2.706683068352275789e-01
2.246328662286695366e+00 1.567161047428980991e+00 2.704293253816245080e-01
2.249993146238223218e+00 1.568310035724020057e+00 2.701915503718204659e-01
2.253657630189751071e+00 1.569459866417550531e+00 2.699549865259225356e-01
2.257322114141279368e+00 1.570610540127189703e+00 2.697196385066272795e-01
2.260986598092807220e+00 1.571762057471008056e+00 2.694855109194174148e-01
2.264651082044335517e+00 1.572914419067529046e+00 2.692526083127589898e-01
2.268315565995863370e+00 1.574067625535729320e+00 2.690209351782980041e-01
2.271980049947391667e+00 1.575221677495039829e+00 2.687904959510559744e-01
2.275644533898919519e+00 1.576376575565345162e+00 2.685612950096261664e-01
2.279309017850447816e+00 1.577532320366985097e+00 2.683333366763688277e-01
2.282973501801975669e+00 1.578688912520753274e+00 2.681066252176064757e-01
2.286637985753503521e+00 1.579846352647898966e+00 2.678811648438180759e-01
2.290302469705031818e+00 1.581004641370127306e+00 2.676569597098338305e-01
2.293966953656559671e+00 1.582163779309598839e+00 2.674340139150290785e-01
2.297631437608087968e+00 1.583323767088929968e+00 2.672123315035178637e-01
2.301295921559615820e+00 1.584484605331194063e+00 2.669919164643461129e-01
2.304960405511144117e+00 1.585646294659921240e+00 2.667727727316844821e-01
2.308624889462671970e+00 1.586808835699098585e+00 2.665549041850209799e-01
2.312289373414200266e+00 1.587972229073170594e+00 2.663383146493532028e-01
2.315953857365728119e+00 1.589136475407040061e+00 2.661230078953797928e-01
2.319618341317256416e+00 1.590301575326067418e+00 2.659089876396920071e-01
2.323282825268784269e+00 1.591467529456071617e+00 2.656962575449648423e-01
2.326947309220312121e+00 1.592634338423331020e+00 2.654848212201472712e-01
2.330611793171840418e+00 1.593802002854582511e+00 2.652746822206528132e-01
2.334276277123368271e+00 1.594970523377022609e+00 2.650658440485494927e-01
2.337940761074896567e+00 1.596139900618308349e+00 2.648583101527488548e-01
2.341605245026424420e+00 1.597310135206555515e+00 2.646520839291957028e-01
2.345269728977952717e+00 1.598481227770341739e+00 2.644471687210561139e-01
2.348934212929480569e+00 1.599653178938704956e+00 2.642435678189062331e-01
2.352598696881008866e+00 1.600825989341144506e+00 2.640412844609200116e-01
2.356263180832536719e+00 1.601999659607620696e+00 2.638403218330569455e-01
2.359927664784064572e+00 1.603174190368556351e+00 2.636406830692487047e-01
2.363592148735592868e+00 1.604349582254836371e+00 2.634423712515865934e-01
2.367256632687120721e+00 1.605525835897807951e+00 2.632453894105074022e-01
2.370921116638649018e+00 1.606702951929281475e+00 2.630497405249792586e-01
2.374585600590176870e+00 1.607880930981530065e+00 2.628554275226878123e-01
2.378250084541705167e+00 1.609059773687291139e+00 2.626624532802205314e-01
2.381914568493233020e+00 1.610239480679765078e+00 2.624708206232524432e-01
2.385579052444761317e+00 1.611420052592617447e+00 2.622805323267293209e-01
2.389243536396289169e+00 1.612601490059977660e+00 2.620915911150527577e-01
2.392908020347817022e+00 1.613783793716440318e+00 2.619039996622629096e-01
2.396572504299345319e+00 1.614966964197065868e+00 2.617177605922219041e-01
2.400236988250873171e+00 1.616151002137379056e+00 2.615328764787966942e-01
2.403901472202401468e+00 1.617335908173372028e+00 2.613493498460409681e-01
2.407565956153929321e+00 1.618521682941501894e+00 2.611671831683776146e-01
2.411230440105457618e+00 1.619708327078693610e+00 2.609863788707795229e-01
2.414894924056985470e+00 1.620895841222338207e+00 2.608069393289514371e-01
2.418559408008513767e+00 1.622084226010294339e+00 2.606288668695099231e-01
2.422223891960041620e+00 1.623273482080888064e+00 2.604521637701641135e-01
2.425888375911569472e+00 1.624463610072914177e+00 2.602768322598950079e-01
2.429552859863097769e+00 1.625654610625635099e+00 2.601028745191354963e-01
2.433217343814625622e+00 1.626846484378782209e+00 2.599302926799489377e-01
2.436881827766153918e+00 1.628039231972555845e+00 2.597590888262079067e-01
2.440546311717681771e+00 1.629232854047625745e+00 2.595892649937721064e-01
2.444210795669210068e+00 1.630427351245131273e+00 2.594208231706666701e-01
2.447875279620737921e+00 1.631622724206682085e+00 2.592537652972585760e-01
2.451539763572266217e+00 1.632818973574357901e+00 2.590880932664344494e-01
2.455204247523794070e+00 1.634016099990709625e+00 2.589238089237764773e-01
2.458868731475321923e+00 1.635214104098758670e+00 2.587609140677387121e-01
2.462533215426850219e+00 1.636412986541998738e+00 2.585994104498222090e-01
2.466197699378378072e+00 1.637612747964394488e+00 2.584392997747508858e-01
2.469862183329906369e+00 1.638813389010383093e+00 2.582805837006461047e-01
2.473526667281434221e+00 1.640014910324874231e+00 2.581232638392005341e-01
2.477191151232962518e+00 1.641217312553250318e+00 2.579673417558525084e-01
2.480855635184490371e+00 1.642420596341366945e+00 2.578128189699595008e-01
2.484520119136018668e+00 1.643624762335553324e+00 2.576596969549709293e-01
2.488184603087546520e+00 1.644829811182612067e+00 2.575079771386008520e-01
2.491849087039074373e+00 1.646035743529820738e+00 2.573576609030003848e-01
2.495513570990602670e+00 1.647242560024931191e+00 2.572087495849290084e-01
2.499178054942130522e+00 1.648450261316169563e+00 2.570612444759263204e-01
2.502842538893658819e+00 1.649658848052238280e+00 2.569151468224827317e-01
2.506507022845186672e+00 1.650868320882314944e+00 2.567704578262097748e-01
2.510171506796714969e+00 1.652078680456052773e+00 2.566271786440104674e-01
2.513835990748242821e+00 1.653289927423581274e+00 2.564853103882485663e-01
2.517500474699771118e+00 1.654502062435507792e+00 2.563448541269177650e-01
2.521164958651298971e+00 1.655715086142914849e+00 2.562058108838107806e-01
2.524829442602826823e+00 1.656928999197363472e+00 2.560681816386869980e-01
2.528493926554355120e+00 1.658143802250892751e+00 2.559319673274407791e-01
2.532158410505882973e+00 1.659359495956018504e+00 2.557971688422687184e-01
2.535822894457411270e+00 1.660576080965735946e+00 2.556637870318365646e-01
2.539487378408939122e+00 1.661793557933519017e+00 2.555318227014458654e-01
2.543151862360467419e+00 1.663011927513320387e+00 2.554012766131999457e-01
2.546816346311995272e+00 1.664231190359571899e+00 2.552721494861694418e-01
2.550480830263523568e+00 1.665451347127186343e+00 2.551444419965577248e-01
2.554145314215051421e+00 1.666672398471555461e+00 2.550181547778656022e-01
2.557809798166579718e+00 1.667894345048552163e+00 2.548932884210556304e-01
2.561474282118107570e+00 1.669117187514530087e+00 2.547698434747160401e-01
2.565138766069635423e+00 1.670340926526324044e+00 2.546478204452239380e-01
2.568803250021163720e+00 1.671565562741250233e+00 2.545272197969085104e-01
2.572467733972691573e+00 1.672791096817107137e+00 2.544080419522137815e-01
2.576132217924219869e+00 1.674017529412175742e+00 2.542902872918602064e-01
2.579796701875747722e+00 1.675244861185218648e+00 2.541739561550069859e-01
2.583461185827276019e+00 1.676473092795482289e+00 2.540590488394127155e-01
2.587125669778803871e+00 1.677702224902696049e+00 2.539455656015965901e-01
2.590790153730332168e+00 1.678932258167073588e+00 2.538335066569984422e-01
2.594454637681860021e+00 1.680163193249311515e+00 2.537228721801388365e-01
2.598119121633387874e+00 1.681395030810592273e+00 2.536136623047785532e-01
2.601783605584916170e+00 1.682627771512581694e+00 2.535058771240776276e-01
2.605448089536444023e+00 1.683861416017431445e+00 2.533995166907535568e-01
2.609112573487972320e+00 1.685095964987778805e+00 2.532945810172398948e-01
2.612777057439500172e+00 1.686331419086746441e+00 2.531910700758436272e-01
2.616441541391028469e+00 1.687567778977943300e+00 2.530889837989028224e-01
2.620106025342556322e+00 1.688805045325464826e+00 2.529883220789427845e-01
2.623770509294084619e+00 1.690043218793894075e+00 2.528890847688329835e-01
2.627434993245612471e+00 1.691282300048299714e+00 2.527912716819427086e-01
2.631099477197140324e+00 1.692522289754239795e+00 2.526948825922965547e-01
2.634763961148668621e+00 1.693763188577759538e+00 2.525999172347295763e-01
2.638428445100196473e+00 1.695004997185391993e+00 2.525063753050414417e-01
2.642092929051724770e+00 1.696247716244159820e+00 2.524142564601513095e-01
2.645757413003252623e+00 1.697491346421574399e+00 2.523235603182507614e-01
2.649421896954780919e+00 1.698735888385636272e+00 2.522342864589574574e-01
2.653086380906308772e+00 1.699981342804835815e+00 2.521464344234679578e-01
2.656750864857837069e+00 1.701227710348153677e+00 2.520600037147097128e-01
2.660415348809364922e+00 1.702474991685060779e+00 2.519749937974934961e-01
2.664079832760892774e+00 1.703723187485519208e+00 2.518914040986645064e-01
2.667744316712421071e+00 1.704972298419981769e+00 2.518092340072533020e-01
2.671408800663948924e+00 1.706222325159393316e+00 2.517284828746268466e-01
2.675073284615477220e+00 1.707473268375190312e+00 2.516491500146381122e-01
2.678737768567005073e+00 1.708725128739301269e+00 2.515712347037762919e-01
2.682402252518533370e+00 1.709977906924148083e+00 2.514947361813154036e-01
2.686066736470061223e+00 1.711231603602644702e+00 2.514196536494638368e-01
2.689731220421589519e+00 1.712486219448199343e+00 2.513459862735120121e-01
2.693395704373117372e+00 1.713741755134713385e+00 2.512737331819808184e-01
2.697060188324645225e+00 1.714998211336582035e+00 2.512028934667687730e-01
2.700724672276173521e+00 1.716255588728695880e+00 2.511334661832991255e-01
2.704389156227701374e+00 1.717513887986439558e+00 2.510654503506666857e-01
2.708053640179229671e+00 1.718773109785693087e+00 2.509988449517834286e-01
2.711718124130757523e+00 1.720033254802831646e+00 2.509336489335248221e-01
2.715382608082285820e+00 1.721294323714727348e+00 2.508698612068746003e-01
2.719047092033813673e+00 1.722556317198747244e+00 2.508074806470697582e-01
2.722711575985341970e+00 1.723819235932756211e+00 2.507465060937450474e-01
2.726376059936869822e+00 1.725083080595114948e+00 2.506869363510767501e-01
2.730040543888397675e+00 1.726347851864682648e+00 2.506287701879260643e-01
2.733705027839925972e+00 1.727613550420815214e+00 2.505720063379826557e-01
2.737369511791453824e+00 1.728880176943367486e+00 2.505166434999064329e-01
2.741033995742982121e+00 1.730147732112692349e+00 2.504626803374704891e-01
2.744698479694509974e+00 1.731416216609641179e+00 2.504101154797025441e-01
2.748362963646038271e+00 1.732685631115565172e+00 2.503589475210260540e-01
2.752027447597566123e+00 1.733955976312314462e+00 2.503091750214013200e-01
2.755691931549094420e+00 1.735227252882239668e+00 2.502607965064658213e-01
2.759356415500622273e+00 1.736499461508191011e+00 2.502138104676741026e-01
2.763020899452150569e+00 1.737772602873520311e+00 2.501682153624373850e-01
2.766685383403678422e+00 1.739046677662079432e+00 2.501240096142626212e-01
2.770349867355206275e+00 1.740321686558222058e+00 2.500811916128911627e-01
2.774014351306734572e+00 1.741597630246803696e+00 2.500397597144369266e-01
2.777678835258262424e+00 1.742874509413181894e+00 2.499997122415243966e-01
2.781343319209790721e+00 1.744152324743216464e+00 2.499610474834256246e-01
2.785007803161318574e+00 1.745431076923269931e+00 2.499237636961973430e-01
2.788672287112846870e+00 1.746710766640209078e+00 2.498878591028173834e-01
2.792336771064374723e+00 1.747991394581402957e+00 2.498533318933207070e-01
2.796001255015903020e+00 1.749272961434725326e+00 2.498201802249350179e-01
2.799665738967430872e+00 1.750555467888554206e+00 2.497884022222159328e-01
2.803330222918958725e+00 1.751838914631771882e+00 2.497579959771817071e-01
2.806994706870487022e+00 1.753123302353766455e+00 2.497289595494473491e-01
2.810659190822014875e+00 1.754408631744430735e+00 2.497012909663589575e-01
2.814323674773543171e+00 1.755694903494163794e+00 2.496749882231265316e-01
2.817988158725071024e+00 1.756982118293870299e+00 2.496500492829574203e-01
2.821652642676599321e+00 1.758270276834962509e+00 2.496264720771886325e-01
2.825317126628127173e+00 1.759559379809358726e+00 2.496042545054192596e-01
2.828981610579655470e+00 1.760849427909484621e+00 2.495833944356416478e-01
2.832646094531183323e+00 1.762140421828273684e+00 2.495638897043731819e-01
2.836310578482711175e+00 1.763432362259167885e+00 2.495457381167870414e-01
2.839975062434239472e+00 1.764725249896116788e+00 2.495289374468424026e-01
2.843639546385767325e+00 1.766019085433579106e+00 2.495134854374143341e-01
2.847304030337295622e+00 1.767313869566523143e+00 2.494993798004236929e-01
2.850968514288823474e+00 1.768609602990425689e+00 2.494866182169659663e-01
2.854632998240351771e+00 1.769906286401274675e+00 2.494751983374403348e-01
2.858297482191879624e+00 1.771203920495567186e+00 2.494651177816771259e-01
2.861961966143407921e+00 1.772502505970311670e+00 2.494563741390668221e-01
2.865626450094935773e+00 1.773802043523027283e+00 2.494489649686863209e-01
2.869290934046463626e+00 1.775102533851744990e+00 2.494428877994266935e-01
2.872955417997991923e+00 1.776403977655006905e+00 2.494381401301194734e-01
2.876619901949519775e+00 1.777706375631867397e+00 2.494347194296627213e-01
2.880284385901048072e+00 1.779009728481893982e+00 2.494326231371468139e-01
2.883948869852575925e+00 1.780314036905166653e+00 2.494318486619799269e-01
2.887613353804104221e+00 1.781619301602278327e+00 2.494323933840124075e-01
2.891277837755632074e+00 1.782925523274336177e+00 2.494342546536617022e-01
2.894942321707160371e+00 1.784232702622961186e+00 2.494374297920362027e-01
2.898606805658688224e+00 1.785540840350288372e+00 2.494419160910586186e-01
2.902271289610216076e+00 1.786849937158968116e+00 2.494477108135897125e-01
2.905935773561744373e+00 1.788159993752165944e+00 2.494548111935504520e-01
2.909600257513272226e+00 1.789471010833562303e+00 2.494632144360444947e-01
2.913264741464800522e+00 1.790782989107353895e+00 2.494729177174807577e-01
2.916929225416328375e+00 1.792095929278254118e+00 2.494839181856936539e-01
2.920593709367856672e+00 1.793409832051492403e+00 2.494962129600655221e-01
2.924258193319384525e+00 1.794724698132815321e+00 2.495097991316463093e-01
2.927922677270912821e+00 1.796040528228487476e+00 2.495246737632742795e-01
2.931587161222440674e+00 1.797357323045290611e+00 2.495408338896959455e-01
2.935251645173968527e+00 1.798675083290524723e+00 2.495582765176849460e-01
2.938916129125496823e+00 1.799993809672009171e+00 2.495769986261616724e-01
2.942580613077024676e+00 1.801313502898081120e+00 2.495969971663115072e-01
2.946245097028552973e+00 1.802634163677597767e+00 2.496182690617031186e-01
2.949909580980080825e+00 1.803955792719935669e+00 2.496408112084062270e-01
2.953574064931609122e+00 1.805278390734992300e+00 2.496646204751087339e-01
2.957238548883136975e+00 1.806601958433183830e+00 2.496896937032340724e-01
2.960903032834665272e+00 1.807926496525449345e+00 2.497160277070575862e-01
2.964567516786193124e+00 1.809252005723247958e+00 2.497436192738223260e-01
2.968232000737720977e+00 1.810578486738560366e+00 2.497724651638554283e-01
2.971896484689249274e+00 1.811905940283889960e+00 2.498025621106824135e-01
2.975560968640777126e+00 1.813234367072262154e+00 2.498339068211434533e-01
2.979225452592305423e+00 1.814563767817224837e+00 2.498664959755066139e-01
2.982889936543833276e+00 1.815894143232849256e+00 2.499003262275825143e-01
2.986554420495361573e+00 1.817225494033730460e+00 2.499353942048380128e-01
2.990218904446889425e+00 1.818557820934987301e+00 2.499716965085094778e-01
2.993883388398417722e+00 1.819891124652262437e+00 2.500092297137154196e-01
2.997547872349945575e+00 1.821225405901723882e+00 2.500479903695692063e-01
3.001212356301473871e+00 1.822560665400064561e+00 2.500879749992911405e-01
3.004876840253001724e+00 1.823896903864502317e+00 2.501291801003198145e-01
3.008541324204529577e+00 1.825234122012781457e+00 2.501716021444236326e-01
3.012205808156057874e+00 1.826572320563172314e+00 2.502152375778119442e-01
3.015870292107585726e+00 1.827911500234471909e+00 2.502600828212446227e-01
3.019534776059114023e+00 1.829251661746003954e+00 2.503061342701433101e-01
3.023199260010641876e+00 1.830592805817619961e+00 2.503533882947001077e-01
3.026863743962170172e+00 1.831934933169699020e+00 2.504018412399872107e-01
3.030528227913698025e+00 1.833278044523147798e+00 2.504514894260659874e-01
3.034192711865226322e+00 1.834622140599403206e+00 2.505023291480949488e-01
3.037857195816754174e+00 1.835967222120428843e+00 2.505543566764384389e-01
3.041521679768282027e+00 1.837313289808719219e+00 2.506075682567737717e-01
3.045186163719810324e+00 1.838660344387298640e+00 2.506619601101988670e-01
3.048850647671338177e+00 1.840008386579719657e+00 2.507175284333389431e-01
3.052515131622866473e+00 1.841357417110067729e+00 2.507742693984532090e-01
3.056179615574394326e+00 1.842707436702957446e+00 2.508321791535408352e-01
3.059844099525922623e+00 1.844058446083535641e+00 2.508912538224469801e-01
3.063508583477450475e+00 1.845410445977480052e+00 2.509514895049673733e-01
3.067173067428978772e+00 1.846763437111001105e+00 2.510128822769542856e-01
3.070837551380506625e+00 1.848117420210841244e+00 2.510754281904201135e-01
3.074502035332034477e+00 1.849472396004275598e+00 2.511391232736424062e-01
3.078166519283562774e+00 1.850828365219113536e+00 2.512039635312669494e-01
3.081831003235090627e+00 1.852185328583696888e+00 2.512699449444116828e-01
3.085495487186618924e+00 1.853543286826901726e+00 2.513370634707693396e-01
3.089159971138146776e+00 1.854902240678138581e+00 2.514053150447102536e-01
3.092824455089675073e+00 1.856262190867353556e+00 2.514746955773846104e-01
3.096488939041202926e+00 1.857623138125026108e+00 2.515452009568241998e-01
3.100153422992731223e+00 1.858985083182173259e+00 2.516168270480440006e-01
3.103817906944259075e+00 1.860348026770346719e+00 2.516895696931434334e-01
3.107482390895786928e+00 1.861711969621634877e+00 2.517634247114065582e-01
3.111146874847315225e+00 1.863076912468663027e+00 2.518383878994028824e-01
3.114811358798843077e+00 1.864442856044593366e+00 2.519144550310872255e-01
3.118475842750371374e+00 1.865809801083125885e+00 2.519916218578994171e-01
3.122140326701899227e+00 1.867177748318498143e+00 2.520698841088629960e-01
3.125804810653427523e+00 1.868546698485486379e+00 2.521492374906846856e-01
3.129469294604955376e+00 1.869916652319405292e+00 2.522296776878522606e-01
3.133133778556483673e+00 1.871287610556108705e+00 2.523112003627332456e-01
3.136798262508011526e+00 1.872659573931990007e+00 2.523938011556720040e-01
3.140462746459539378e+00 1.874032543183982824e+00 2.524774756850874935e-01
3.144127230411067675e+00 1.875406519049560350e+00 2.525622195475700771e-01
3.147791714362595528e+00 1.876781502266736901e+00 2.526480283179780573e-01
3.151456198314123824e+00 1.878157493574068138e+00 2.527348975495339878e-01
3.155120682265651677e+00 1.879534493710650622e+00 2.528228227739206524e-01
3.158785166217179974e+00 1.880912503416123149e+00 2.529117995013759890e-01
3.162449650168707826e+00 1.882291523430666746e+00 2.530018232207887907e-01
3.166114134120236123e+00 1.883671554495005340e+00 2.530928893997934637e-01
3.169778618071763976e+00 1.885052597350404868e+00 2.531849934848637851e-01
3.173443102023291829e+00 1.886434652738676609e+00 2.532781309014076609e-01
3.177107585974820125e+00 1.887817721402173854e+00 2.533722970538602182e-01
3.180772069926347978e+00 1.889201804083795455e+00 2.534674873257773409e-01
3.184436553877876275e+00 1.890586901526984276e+00 2.535636970799286516e-01
3.188101037829404127e+00 1.891973014475728299e+00 2.536609216583896598e-01
3.191765521780932424e+00 1.893360143674561291e+00 2.537591563826346874e-01
3.195430005732460277e+00 1.894748289868562363e+00 2.538583965536279075e-01
3.199094489683988574e+00 1.896137453803357742e+00 2.539586374519153811e-01
3.202758973635516426e+00 1.897527636225119219e+00 2.540598743377159296e-01
3.206423457587044723e+00 1.898918837880566590e+00 2.541621024510118954e-01
3.210087941538572576e+00 1.900311059516966550e+00 2.542653170116396799e-01
3.213752425490100428e+00 1.901704301882133796e+00 2.543695132193796171e-01
3.217416909441628725e+00 1.903098565724431701e+00 2.544746862540457344e-01
3.221081393393156578e+00 1.904493851792771864e+00 2.545808312755752922e-01
3.224745877344684875e+00 1.905890160836614999e+00 2.546879434241172691e-01
3.228410361296212727e+00 1.907287493605971385e+00 2.547960178201214010e-01
3.232074845247741024e+00 1.908685850851401078e+00 2.549050495644265002e-01
3.235739329199268877e+00 1.910085233324014808e+00 2.550150337383481070e-01
3.239403813150797173e+00 1.911485641775473310e+00 2.551259654037661417e-01
3.243068297102325026e+00 1.912887076957988874e+00 2.552378396032121688e-01
3.246732781053852879e+00 1.914289539624325576e+00 2.553506513599563266e-01
3.250397265005381175e+00 1.915693030527798824e+00 2.554643956780938141e-01
3.254061748956909028e+00 1.917097550422276253e+00 2.555790675426309888e-01
3.257726232908437325e+00 1.918503100062179056e+00 2.556946619195714088e-01
3.261390716859965178e+00 1.919909680202480207e+00 2.558111737560010424e-01
3.265055200811493474e+00 1.921317291598707788e+00 2.559285979801736444e-01
3.268719684763021327e+00 1.922725935006942555e+00 2.560469295015954105e-01
3.272384168714549624e+00 1.924135611183820149e+00 2.561661632111095210e-01
3.276048652666077476e+00 1.925546320886530438e+00 2.562862939809802953e-01
3.279713136617605329e+00 1.926958064872819287e+00 2.564073166649768476e-01
3.283377620569133626e+00 1.928370843900987675e+00 2.565292260984566308e-01
3.287042104520661479e+00 1.929784658729892133e+00 2.566520170984482596e-01
3.290706588472189775e+00 1.931199510118946527e+00 2.567756844637349434e-01
3.294371072423717628e+00 1.932615398828120279e+00 2.569002229749359767e-01
3.298035556375245925e+00 1.934032325617941250e+00 2.570256273945896175e-01
3.301700040326773777e+00 1.935450291249493526e+00 2.571518924672345219e-01
3.305364524278302074e+00 1.936869296484420966e+00 2.572790129194909570e-01
3.309029008229829927e+00 1.938289342084923650e+00 2.574069834601421802e-01
3.312693492181357779e+00 1.939710428813762322e+00 2.575357987802150972e-01
3.316357976132886076e+00 1.941132557434256611e+00 2.576654535530608081e-01
3.320022460084413929e+00 1.942555728710284590e+00 2.577959424344341555e-01
3.323686944035942226e+00 1.943979943406285882e+00 2.579272600625743816e-01
3.327351427987470078e+00 1.945405202287259883e+00 2.580594010582836773e-01
3.331015911938998375e+00 1.946831506118766653e+00 2.581923600250066730e-01
3.334680395890526228e+00 1.948258855666927802e+00 2.583261315489093213e-01
3.338344879842054524e+00 1.949687251698426937e+00 2.584607101989568334e-01
3.342009363793582377e+00 1.951116694980509214e+00 2.585960905269927279e-01
3.345673847745110230e+00 1.952547186280982450e+00 2.587322670678153802e-01
3.349338331696638527e+00 1.953978726368217789e+00 2.588692343392565709e-01
3.353002815648166379e+00 1.955411316011149259e+00 2.590069868422579247e-01
3.356667299599694676e+00 1.956844955979274880e+00 2.591455190609481263e-01
3.360331783551222529e+00 1.958279647042656446e+00 2.592848254627191373e-01
3.363996267502750825e+00 1.959715389971921295e+00 2.594249004983027462e-01
3.367660751454278678e+00 1.961152185538260539e+00 2.595657386018455637e-01
3.371325235405806975e+00 1.962590034513431503e+00 2.597073341909860167e-01
3.374989719357334828e+00 1.964028937669757280e+00 2.598496816669279563e-01
3.378654203308862680e+00 1.965468895780126513e+00 2.599927754145167080e-01
3.382318687260390977e+00 1.966909909617995833e+00 2.601366098023130125e-01
3.385983171211918830e+00 1.968351979957387643e+00 2.602811791826677434e-01
3.389647655163447126e+00 1.969795107572892334e+00 2.604264778917953493e-01
3.393312139114974979e+00 1.971239293239668067e+00 2.605725002498480158e-01
3.396976623066503276e+00 1.972684537733441656e+00 2.607192405609883856e-01
3.400641107018031128e+00 1.974130841830508798e+00 2.608666931134634437e-01
3.404305590969559425e+00 1.975578206307733398e+00 2.610148521796760712e-01
3.407970074921087278e+00 1.977026631942549573e+00 2.611637120162584313e-01
3.411634558872615131e+00 1.978476119512961873e+00 2.613132668641434120e-01
3.415299042824143427e+00 1.979926669797544170e+00 2.614635109486367348e-01
3.418963526775671280e+00 1.981378283575442101e+00 2.616144384794882871e-01
3.422628010727199577e+00 1.982830961626372401e+00 2.617660436509633981e-01
3.426292494678727429e+00 1.984284704730622684e+00 2.619183206419131160e-01
3.429956978630255726e+00 1.985739513669053657e+00 2.620712636158456510e-01
3.433621462581783579e+00 1.987195389223098019e+00 2.622248667209959860e-01
3.437285946533311876e+00 1.988652332174761339e+00 2.623791240903958766e-01
3.440950430484839728e+00 1.990110343306622509e+00 2.625340298419435725e-01
3.444614914436368025e+00 1.991569423401834626e+00 2.626895780784733181e-01
3.448279398387895878e+00 1.993029573244124553e+00 2.628457628878239083e-01
3.451943882339423730e+00 1.994490793617793800e+00 2.630025783429076336e-01
3.455608366290952027e+00 1.995953085307719199e+00 2.631600185017791693e-01
3.459272850242479880e+00 1.997416449099352453e+00 2.633180774077028552e-01
3.462937334194008177e+00 1.998880885778721694e+00 2.634767490892208630e-01
3.466601818145536029e+00 2.000346396132430815e+00 2.636360275602212533e-01
3.470266302097064326e+00 2.001812980947661025e+00 2.637959068200041446e-01
3.473930786048592179e+00 2.003280641012170182e+00 2.639563808533495481e-01
3.477595270000120475e+00 2.004749377114294351e+00 2.641174436305838702e-01
3.481259753951648328e+00 2.006219190042946465e+00 2.642790891076455262e-01
3.484924237903176181e+00 2.007690080587618553e+00 2.644413112261522203e-01
3.488588721854704477e+00 2.009162049538382178e+00 2.646041039134653383e-01
3.492253205806232330e+00 2.010635097685886219e+00 2.647674610827565056e-01
3.495917689757760627e+00 2.012109225821361758e+00 2.649313766330724240e-01
3.499582173709288480e+00 2.013584434736617190e+00 2.650958444493991539e-01
3.503246657660816776e+00 2.015060725224044003e+00 2.652608584027278948e-01
3.506911141612344629e+00 2.016538098076613217e+00 2.654264123501183237e-01
3.510575625563872926e+00 2.018016554087877168e+00 2.655925001347627656e-01
3.514240109515400778e+00 2.019496094051970836e+00 2.657591155860503651e-01
3.517904593466928631e+00 2.020976718763610513e+00 2.659262525196303129e-01
3.521569077418456928e+00 2.022458429018096027e+00 2.660939047374746291e-01
3.525233561369984780e+00 2.023941225611309846e+00 2.662620660279416129e-01
3.528898045321513077e+00 2.025425109339717533e+00 2.664307301658382920e-01
3.532562529273040930e+00 2.026910081000369512e+00 2.665998909124823735e-01
3.536227013224569227e+00 2.028396141390899743e+00 2.667695420157649155e-01
3.539891497176097079e+00 2.029883291309527493e+00 2.669396772102111681e-01
3.543555981127625376e+00 2.031371531555056897e+00 2.671102902170432447e-01
3.547220465079153229e+00 2.032860862926877843e+00 2.672813747442400745e-01
3.550884949030681081e+00 2.034351286224967303e+00 2.674529244865995192e-01
3.554549432982209378e+00 2.035842802249886674e+00 2.676249331257978259e-01
3.558213916933737231e+00 2.037335411802786211e+00 2.677973943304508553e-01
3.561878400885265528e+00 2.038829115685402815e+00 2.679703017561739786e-01
3.565542884836793380e+00 2.040323914700060914e+00 2.681436490456415855e-01
3.569207368788321677e+00 2.041819809649673356e+00 2.683174298286468140e-01
3.572871852739849530e+00 2.043316801337742294e+00 2.684916377221610584e-01
3.576536336691377826e+00 2.044814890568357857e+00 2.686662663303924226e-01
3.580200820642905679e+00 2.046314078146200366e+00 2.688413092448449504e-01
3.583865304594433532e+00 2.047814364876540338e+00 2.690167600443770235e-01
3.587529788545961829e+00 2.049315751565238930e+00 2.691926122952589817e-01
3.591194272497489681e+00 2.050818239018746159e+00 2.693688595512316875e-01
3.594858756449017978e+00 2.052321828044105789e+00 2.695454953535639797e-01
3.598523240400545831e+00 2.053826519448951782e+00 2.697225132311098506e-01
3.602187724352074127e+00 2.055332314041510511e+00 2.698999067003657881e-01
3.605852208303601980e+00 2.056839212630601654e+00 2.700776692655273425e-01
3.609516692255130277e+00 2.058347216025636861e+00 2.702557944185460803e-01
3.613181176206658130e+00 2.059856325036621971e+00 2.704342756391856506e-01
3.616845660158185982e+00 2.061366540474155684e+00 2.706131063950777960e-01
3.620510144109714279e+00 2.062877863149432223e+00 2.707922801417783076e-01
3.624174628061242132e+00 2.064390293874240445e+00 2.709717903228225366e-01
3.627839112012770428e+00 2.065903833460963401e+00 2.711516303697803498e-01
3.631503595964298281e+00 2.067418482722580109e+00 2.713317937023115856e-01
3.635168079915826578e+00 2.068934242472666440e+00 2.715122737282203436e-01
3.638832563867354430e+00 2.070451113525393350e+00 2.716930638435099410e-01
3.642497047818882727e+00 2.071969096695529977e+00 2.718741574324368138e-01
3.646161531770410580e+00 2.073488192798442764e+00 2.720555478675646399e-01
3.649826015721938877e+00 2.075008402650095007e+00 2.722372285098176303e-01
3.653490499673466729e+00 2.076529727067048636e+00 2.724191927085347076e-01
3.657154983624994582e+00 2.078052166866464656e+00 2.726014338015223526e-01
3.660819467576522879e+00 2.079575722866103149e+00 2.727839451151072847e-01
3.664483951528050731e+00 2.081100395884323273e+00 2.729667199641895858e-01
3.668148435479579028e+00 2.082626186740084595e+00 2.731497516522948255e-01
3.671812919431106881e+00 2.084153096252946646e+00 2.733330334716266297e-01
3.675477403382635178e+00 2.085681125243070255e+00 2.735165587031179735e-01
3.679141887334163030e+00 2.087210274531217102e+00 2.737003206164835833e-01
3.682806371285691327e+00 2.088740544938752386e+00 2.738843124702711740e-01
3.686470855237219180e+00 2.090271937287639936e+00 2.740685275119121300e-01
3.690135339188747032e+00 2.091804452400449765e+00 2.742529589777732424e-01
3.693799823140275329e+00 2.093338091100353626e+00 2.744376000932067239e-01
3.697464307091803182e+00 2.094872854211126345e+00 2.746224440726012794e-01
3.701128791043331479e+00 2.096408742557146709e+00 2.748074841194314555e-01
3.704793274994859331e+00 2.097945756963399244e+00 2.749927134263087103e-01
3.708457758946387628e+00 2.099483898255471548e+00 2.751781251750302637e-01
3.712122242897915481e+00 2.101023167259557400e+00 2.753637125366287242e-01
3.715786726849443777e+00 2.102563564802456764e+00 2.755494686714217156e-01
3.719451210800971630e+00 2.104105091711574893e+00 2.757353867290603944e-01
3.723115694752499483e+00 2.105647748814924114e+00 2.759214598485785208e-01
3.726780178704027779e+00 2.107191536941123822e+00 2.761076811584407542e-01
3.730444662655555632e+00 2.108736456919400926e+00 2.762940437765910584e-01
3.734109146607083929e+00 2.110282509579590293e+00 2.764805408105007190e-01
3.737773630558611782e+00 2.111829695752134750e+00 2.766671653572159162e-01
3.741438114510140078e+00 2.113378016268086856e+00 2.768539105034056869e-01
3.745102598461667931e+00 2.114927471959107574e+00 2.770407693254089421e-01
3.748767082413196228e+00 2.116478063657468045e+00 2.772277348892814297e-01
3.752431566364724080e+00 2.118029792196050032e+00 2.774148002508431965e-01
3.756096050316251933e+00 2.119582658408344589e+00 2.776019584557241626e-01
3.759760534267780230e+00 2.121136663128456057e+00 2.777892025394119724e-01
3.763425018219308082e+00 2.122691807191097624e+00 2.779765255272964031e-01
3.767089502170836379e+00 2.124248091431597096e+00 2.781639204347166605e-01
3.770753986122364232e+00 2.125805516685892016e+00 2.783513802670063986e-01
3.774418470073892529e+00 2.127364083790535876e+00 2.785388980195395159e-01
3.778082954025420381e+00 2.128923793582692792e+00 2.787264666777750088e-01
3.781747437976948678e+00 2.130484646900141943e+00 2.789140792173021022e-01
3.785411921928476531e+00 2.132046644581276240e+00 2.791017286038854350e-01
3.789076405880004383e+00 2.133609787465104546e+00 2.792894077935089148e-01
3.792740889831532680e+00 2.135174076391249010e+00 2.794771097324204034e-01
3.796405373783060533e+00 2.136739512199948177e+00 2.796648273571756826e-01
3.800069857734588830e+00 2.138306095732057877e+00 2.798525535946827514e-01
3.803734341686116682e+00 2.139873827829047670e+00 2.800402813622446252e-01
3.807398825637644979e+00 2.141442709333006178e+00 2.802280035676034675e-01
3.811063309589172832e+00 2.143012741086639306e+00 2.804157131089834998e-01
3.814727793540701128e+00 2.144583923933270242e+00 2.806034028751339671e-01
3.818392277492228981e+00 2.146156258716839460e+00 2.807910657453719372e-01
3.822056761443756834e+00 2.147729746281909158e+00 2.809786945896248778e-01
3.825721245395285131e+00 2.149304387473657485e+00 2.811662822684727336e-01
3.829385729346812983e+00 2.150880183137883428e+00 2.813538216331898933e-01
3.833050213298341280e+00 2.152457134121007698e+00 2.815413055257882657e-01
3.836714697249869133e+00 2.154035241270069179e+00 2.817287267790569705e-01
3.840379181201397429e+00 2.155614505432728922e+00 2.819160782166053036e-01
3.844043665152925282e+00 2.157194927457269262e+00 2.821033526529032054e-01
3.847708149104453579e+00 2.158776508192594701e+00 2.822905428933226712e-01
3.851372633055981431e+00 2.160359248488231465e+00 2.824776417341782198e-01
3.855037117007509284e+00 2.161943149194329727e+00 2.826646419627675821e-01
3.858701600959037581e+00 2.163528211161662274e+00 2.828515363574122254e-01
3.862366084910565434e+00 2.165114435241624502e+00 2.830383176874969320e-01
3.866030568862093730e+00 2.166701822286238865e+00 2.832249787135104335e-01
3.869695052813621583e+00 2.168290373148149985e+00 2.834115121870848797e-01
3.873359536765149880e+00 2.169880088680628205e+00 2.835979108510349733e-01
3.877024020716677732e+00 2.171470969737570478e+00 2.837841674393978275e-01
3.880688504668206029e+00 2.173063017173498590e+00 2.839702746774715458e-01
3.884352988619733882e+00 2.174656231843560938e+00 2.841562252818545797e-01
3.888017472571262179e+00 2.176250614603534306e+00 2.843420119604840313e-01
3.891681956522790031e+00 2.177846166309820308e+00 2.845276274126741223e-01
3.895346440474317884e+00 2.179442887819451169e+00 2.847130643291548857e-01
3.899010924425846181e+00 2.181040779990086165e+00 2.848983153921096356e-01
3.902675408377374033e+00 2.182639843680012959e+00 2.850833732752129923e-01
3.906339892328902330e+00 2.184240079748149377e+00 2.852682306436687409e-01
3.910004376280430183e+00 2.185841489054042519e+00 2.854528801542472460e-01
3.913668860231958480e+00 2.187444072457869204e+00 2.856373144553220333e-01
3.917333344183486332e+00 2.189047830820438190e+00 2.858215261869079260e-01
3.920997828135014629e+00 2.190652765003188396e+00 2.860055079806968492e-01
3.924662312086542482e+00 2.192258875868190238e+00 2.861892524600949672e-01
3.928326796038070334e+00 2.193866164278146957e+00 2.863727522402591541e-01
3.931991279989598631e+00 2.195474631096393292e+00 2.865559999281327985e-01
3.935655763941126484e+00 2.197084277186897694e+00 2.867389881224821635e-01
3.939320247892654780e+00 2.198695103414261887e+00 2.869217094139324131e-01
3.942984731844182633e+00 2.200307110643721309e+00 2.871041563850025291e-01
3.946649215795710930e+00 2.201920299741146003e+00 2.872863216101414485e-01
3.950313699747238783e+00 2.203534671573040171e+00 2.874681976557625918e-01
3.953978183698767079e+00 2.205150227006544839e+00 2.876497770802801668e-01
3.957642667650294932e+00 2.206766966909434302e+00 2.878310524341420873e-01
3.961307151601822785e+00 2.208384892150121903e+00 2.880120162598664435e-01
3.964971635553351081e+00 2.210004003597656030e+00 2.881926610920747533e-01
3.968636119504878934e+00 2.211624302121721897e+00 2.883729794575268235e-01
3.972300603456407231e+00 2.213245788592643759e+00 2.885529638751548331e-01
3.975965087407935084e+00 2.214868463881382699e+00 2.887326068560964742e-01
3.979629571359463380e+00 2.216492328859539285e+00 2.889119009037295349e-01
3.983294055310991233e+00 2.218117384399351799e+00 2.890908385137049841e-01
3.986958539262519530e+00 2.219743631373700232e+00 2.892694121739802227e-01
3.990623023214047382e+00 2.221371070656101843e+00 2.894476143648521127e-01
3.994287507165575235e+00 2.222999703120716486e+00 2.896254375589902841e-01
3.997951991117103532e+00 2.224629529642343506e+00 2.898028742214693310e-01
4.001616475068631829e+00 2.226260551096425289e+00 2.899799168098020075e-01
4.005280959020159237e+00 2.227892768359043263e+00 2.901565577739707580e-01
4.008945442971687534e+00 2.229526182306924564e+00 2.903327895564607464e-01
4.012609926923215831e+00 2.231160793817437149e+00 2.905086045922912197e-01
4.016274410874744127e+00 2.232796603768592014e+00 2.906839953090475381e-01
4.019938894826271536e+00 2.234433613039043642e+00 2.908589541269126499e-01
4.023603378777799833e+00 2.236071822508093554e+00 2.910334734586987326e-01
4.027267862729328129e+00 2.237711233055684090e+00 2.912075457098782794e-01
4.030932346680855538e+00 2.239351845562405074e+00 2.913811632786153516e-01
4.034596830632383835e+00 2.240993660909492036e+00 2.915543185557961103e-01
4.038261314583912132e+00 2.242636679978824876e+00 2.917270039250596803e-01
4.041925798535440428e+00 2.244280903652931869e+00 2.918992117628291805e-01
4.045590282486967837e+00 2.245926332814986992e+00 2.920709344383406458e-01
4.049254766438496134e+00 2.247572968348813038e+00 2.922421643136750014e-01
4.052919250390024430e+00 2.249220811138879839e+00 2.924128937437868725e-01
4.056583734341552727e+00 2.250869862070305594e+00 2.925831150765343946e-01
4.060248218293080136e+00 2.252520122028857319e+00 2.927528206527093557e-01
4.063912702244608433e+00 2.254171591900953509e+00 2.929220028060665060e-01
4.067577186196136729e+00 2.255824272573659695e+00 2.930906538633522018e-01
4.071241670147664138e+00 2.257478164934692888e+00 2.932587661443344929e-01
4.074906154099192435e+00 2.259133269872422023e+00 2.934263319618314880e-01
4.078570638050720731e+00 2.260789588275865736e+00 2.935933436217396664e-01
4.082235122002249028e+00 2.262447121034695030e+00 2.937597934230634644e-01
4.085899605953776437e+00 2.264105869039233720e+00 2.939256736579429208e-01
4.089564089905304733e+00 2.265765833180457989e+00 2.940909766116819868e-01
4.093228573856833030e+00 2.267427014349996828e+00 2.942556945627768372e-01
4.096893057808360439e+00 2.269089413440132930e+00 2.944198197829434593e-01
4.100557541759888736e+00 2.270753031343804906e+00 2.945833445371456305e-01
4.104222025711417032e+00 2.272417868954603737e+00 2.947462610836221741e-01
4.107886509662945329e+00 2.274083927166776764e+00 2.949085616739144933e-01
4.111550993614472738e+00 2.275751206875225918e+00 2.950702385528934935e-01
4.115215477566001034e+00 2.277419708975511270e+00 2.952312839587874493e-01
4.118879961517529331e+00 2.279089434363847921e+00 2.953916901232076508e-01
4.122544445469057628e+00 2.280760383937108227e+00 2.955514492711758257e-01
4.126208929420585036e+00 2.282432558592821348e+00 2.957105536211505070e-01
4.129873413372113333e+00 2.284105959229177252e+00 2.958689953850535126e-01
4.133537897323641630e+00 2.285780586745020937e+00 2.960267667682960901e-01
4.137202381275169039e+00 2.287456442039858207e+00 2.961838599698043417e-01
4.140866865226697335e+00 2.289133526013855668e+00 2.963402671820464240e-01
4.144531349178225632e+00 2.290811839567836738e+00 2.964959805910564739e-01
4.148195833129753929e+00 2.292491383603287858e+00 2.966509923764619749e-01
4.151860317081281337e+00 2.294172159022354496e+00 2.968052947115074058e-01
4.155524801032809634e+00 2.295854166727846035e+00 2.969588797630808852e-01
4.159189284984337931e+00 2.297537407623230887e+00 2.971117396917384301e-01
4.162853768935865340e+00 2.299221882612641821e+00 2.972638666517286588e-01
4.166518252887393636e+00 2.300907592600874185e+00 2.974152527910184363e-01
4.170182736838921933e+00 2.302594538493385912e+00 2.975658902513161341e-01
4.173847220790450230e+00 2.304282721196299732e+00 2.977157711680974428e-01
4.177511704741977638e+00 2.305972141616401849e+00 2.978648876706282422e-01
4.181176188693505935e+00 2.307662800661144153e+00 2.980132318819898596e-01
4.184840672645034232e+00 2.309354699238642894e+00 2.981607959191022728e-01
4.188505156596562529e+00 2.311047838257680898e+00 2.983075718927478137e-01
4.192169640548089937e+00 2.312742218627707125e+00 2.984535519075955934e-01
4.195834124499618234e+00 2.314437841258837114e+00 2.985987280622237061e-01
4.199498608451146531e+00 2.316134707061853426e+00 2.987430924491437656e-01
4.203163092402673939e+00 2.317832816948206975e+00 2.988866371548233314e-01
4.206827576354202236e+00 2.319532171830017031e+00 2.990293542597087795e-01
4.210492060305730533e+00 2.321232772620070772e+00 2.991712358382487835e-01
4.214156544257258830e+00 2.322934620231825509e+00 2.993122739589163528e-01
4.217821028208786238e+00 2.324637715579406905e+00 2.994524606842318137e-01
4.221485512160314535e+00 2.326342059577612087e+00 2.995917880707845149e-01
4.225149996111842832e+00 2.328047653141909645e+00 2.997302481692560860e-01
4.228814480063371128e+00 2.329754497188436524e+00 2.998678330244414769e-01
4.232478964014898537e+00 2.331462592634003350e+00 3.000045346752714948e-01
4.236143447966426834e+00 2.333171940396093991e+00 3.001403451548345647e-01
4.239807931917955131e+00 2.334882541392862443e+00 3.002752564903976573e-01
4.243472415869482539e+00 2.336594396543136831e+00 3.004092607034286599e-01
4.247136899821010836e+00 2.338307506766420296e+00 3.005423498096173041e-01
4.250801383772539133e+00 2.340021872982888329e+00 3.006745158188959266e-01
4.254465867724067429e+00 2.341737496113391437e+00 3.008057507354614524e-01
4.258130351675594838e+00 2.343454377079455586e+00 3.009360465577950450e-01
4.261794835627123135e+00 2.345172516803283091e+00 3.010653952786842003e-01
4.265459319578651431e+00 2.346891916207750395e+00 3.011937888852419531e-01
4.269123803530178840e+00 2.348612576216412506e+00 3.013212193589280830e-01
4.272788287481707137e+00 2.350334497753501228e+00 3.014476786755697080e-01
4.276452771433235434e+00 2.352057681743925155e+00 3.015731588053803813e-01
4.280117255384763730e+00 2.353782129113271004e+00 3.016976517129810742e-01
4.283781739336291139e+00 2.355507840787804952e+00 3.018211493574196047e-01
4.287446223287819436e+00 2.357234817694471740e+00 3.019436436921901779e-01
4.291110707239347732e+00 2.358963060760896457e+00 3.020651266652536471e-01
4.294775191190876029e+00 2.360692570915382760e+00 3.021855902190557774e-01
4.298439675142403438e+00 2.362423349086915536e+00 3.023050262905476737e-01
4.302104159093931735e+00 2.364155396205162685e+00 3.024234268112045432e-01
4.305768643045460031e+00 2.365888713200470228e+00 3.025407837070440142e-01
4.309433126996987440e+00 2.367623301003868974e+00 3.026570888986463426e-01
4.313097610948515737e+00 2.369359160547071852e+00 3.027723343011718415e-01
4.316762094900044033e+00 2.371096292762473912e+00 3.028865118243802002e-01
4.320426578851572330e+00 2.372834698583154989e+00 3.029996133726485796e-01
4.324091062803099739e+00 2.374574378942877040e+00 3.031116308449903762e-01
4.327755546754628035e+00 2.376315334776089916e+00 3.032225561350726517e-01
4.331420030706156332e+00 2.378057567017925589e+00 3.033323811312348406e-01
4.335084514657683741e+00 2.379801076604202148e+00 3.034410977165062917e-01
4.338748998609212038e+00 2.381545864471426022e+00 3.035486977686240317e-01
4.342413482560740334e+00 2.383291931556787535e+00 3.036551731600509174e-01
4.346077966512268631e+00 2.385039278798165352e+00 3.037605157579919002e-01
4.349742450463796040e+00 2.386787907134125142e+00 3.038647174244126781e-01
4.353406934415324336e+00 2.388537817503922689e+00 3.039677700160561824e-01
4.357071418366852633e+00 2.390289010847499451e+00 3.040696653844600084e-01
4.360735902318380930e+00 2.392041488105487446e+00 3.041703953759729018e-01
4.364400386269908338e+00 2.393795250219208803e+00 3.042699518317720786e-01
4.368064870221436635e+00 2.395550298130675326e+00 3.043683265878796562e-01
4.371729354172964932e+00 2.397306632782589375e+00 3.044655114751791958e-01
4.375393838124492341e+00 2.399064255118344313e+00 3.045614983194319669e-01
4.379058322076020637e+00 2.400823166082025839e+00 3.046562789412938232e-01
4.382722806027548934e+00 2.402583366618411542e+00 3.047498451563308564e-01
4.386387289979077231e+00 2.404344857672970903e+00 3.048421887750351611e-01
4.390051773930604639e+00 2.406107640191867514e+00 3.049333016028414334e-01
4.393716257882132936e+00 2.407871715121958189e+00 3.050231754401422357e-01
4.397380741833661233e+00 2.409637083410794745e+00 3.051118020823040400e-01
4.401045225785188642e+00 2.411403746006622217e+00 3.051991733196819934e-01
4.404709709736716938e+00 2.413171703858382422e+00 3.052852809376362941e-01
4.408374193688245235e+00 2.414940957915712172e+00 3.053701167165466246e-01
4.412038677639773532e+00 2.416711509128944613e+00 3.054536724318277496e-01
4.415703161591300940e+00 2.418483358449108778e+00 3.055359398539441163e-01
4.419367645542829237e+00 2.420256506827932697e+00 3.056169107484252856e-01
4.423032129494357534e+00 2.422030955217841175e+00 3.056965768758801993e-01
4.426696613445885831e+00 2.423806704571957127e+00 3.057749299920117791e-01
4.430361097397413239e+00 2.425583755844102019e+00 3.058519618476319146e-01
4.434025581348941536e+00 2.427362109988798533e+00 3.059276641886754522e-01
4.437690065300469833e+00 2.429141767961266574e+00 3.060020287562142949e-01
4.441354549251997241e+00 2.430922730717427704e+00 3.060750472864719463e-01
4.445019033203525538e+00 2.432704999213904706e+00 3.061467115108372772e-01
4.448683517155053835e+00 2.434488574408021577e+00 3.062170131558784592e-01
4.452348001106582132e+00 2.436273457257802644e+00 3.062859439433566200e-01
4.456012485058109540e+00 2.438059648721976114e+00 3.063534955902396106e-01
4.459676969009637837e+00 2.439847149759974076e+00 3.064196598087156609e-01
4.463341452961166134e+00 2.441635961331929394e+00 3.064844283062060359e-01
4.467005936912694430e+00 2.443426084398680587e+00 3.065477927853795803e-01
4.470670420864221839e+00 2.445217519921770499e+00 3.066097449441644862e-01
4.474334904815750136e+00 2.447010268863446747e+00 3.066702764757625044e-01
4.477999388767278433e+00 2.448804332186662158e+00 3.067293790686610455e-01
4.481663872718805841e+00 2.450599710855076108e+00 3.067870444066463365e-01
4.485328356670334138e+00 2.452396405833054516e+00 3.068432641688160767e-01
4.488992840621862435e+00 2.454194418085668961e+00 3.068980300295919283e-01
4.492657324573390731e+00 2.455993748578701119e+00 3.069513336587320063e-01
4.496321808524918140e+00 2.457794398278637882e+00 3.070031667213431459e-01
4.499986292476446437e+00 2.459596368152677126e+00 3.070535208778932268e-01
4.503650776427974733e+00 2.461399659168724163e+00 3.071023877842230521e-01
4.507315260379502142e+00 2.463204272295395292e+00 3.071497590915587272e-01
4.510979744331030439e+00 2.465010208502016020e+00 3.071956264465228736e-01
4.514644228282558736e+00 2.466817468758622844e+00 3.072399814911470073e-01
4.518308712234087032e+00 2.468626054035963246e+00 3.072828158628830297e-01
4.521973196185614441e+00 2.470435965305496584e+00 3.073241211946143858e-01
4.525637680137142738e+00 2.472247203539394977e+00 3.073638891146679430e-01
4.529302164088671034e+00 2.474059769710542422e+00 3.074021112468248162e-01
4.532966648040199331e+00 2.475873664792537010e+00 3.074387792103319139e-01
4.536631131991726740e+00 2.477688889759689150e+00 3.074738846199130959e-01
4.540295615943255036e+00 2.479505445587026013e+00 3.075074190857796097e-01
4.543960099894783333e+00 2.481323333250287533e+00 3.075393742136414699e-01
4.547624583846310742e+00 2.483142553725929513e+00 3.075697416047176169e-01
4.551289067797839039e+00 2.484963107991124520e+00 3.075985128557474635e-01
4.554953551749367335e+00 2.486784997023760990e+00 3.076256795590002202e-01
4.558618035700895632e+00 2.488608221802444120e+00 3.076512333022862755e-01
4.562282519652423041e+00 2.490432783306495867e+00 3.076751656689671321e-01
4.565947003603951337e+00 2.492258682515958501e+00 3.076974682379652326e-01
4.569611487555479634e+00 2.494085920411590163e+00 3.077181325837747283e-01
4.573275971507007043e+00 2.495914497974869306e+00 3.077371502764708611e-01
4.576940455458535340e+00 2.497744416187995586e+00 3.077545128817201769e-01
4.580604939410063636e+00 2.499575676033884974e+00 3.077702119607900189e-01
4.584269423361591933e+00 2.501408278496177751e+00 3.077842390705585740e-01
4.587933907313119342e+00 2.503242224559232731e+00 3.077965857635236446e-01
4.591598391264647638e+00 2.505077515208132155e+00 3.078072435878130286e-01
4.595262875216175935e+00 2.506914151428679904e+00 3.078162040871930683e-01
4.598927359167704232e+00 2.508752134207402840e+00 3.078234588010785311e-01
4.602591843119231640e+00 2.510591464531549910e+00 3.078289992645409368e-01
4.606256327070759937e+00 2.512432143389095707e+00 3.078328170083183268e-01
4.609920811022288234e+00 2.514274171768737798e+00 3.078349035588234806e-01
4.613585294973815643e+00 2.516117550659898949e+00 3.078352504381534627e-01
4.617249778925343939e+00 2.517962281052728457e+00 3.078338491640976171e-01
4.620914262876872236e+00 2.519808363938099927e+00 3.078306912501466708e-01
4.624578746828400533e+00 2.521655800307614381e+00 3.078257682055009492e-01
4.628243230779927941e+00 2.523504591153598930e+00 3.078190715350787032e-01
4.631907714731456238e+00 2.525354737469109878e+00 3.078105927395247687e-01
4.635572198682984535e+00 2.527206240247930058e+00 3.078003233152182272e-01
4.639236682634512832e+00 2.529059100484571498e+00 3.077882547542807323e-01
4.642901166586040240e+00 2.530913319174274978e+00 3.077743785445848923e-01
4.646565650537568537e+00 2.532768897313012246e+00 3.077586861697615417e-01
4.650230134489096834e+00 2.534625835897484247e+00 3.077411691092075130e-01
4.653894618440624242e+00 2.536484135925121119e+00 3.077218188380939079e-01
4.657559102392152539e+00 2.538343798394087969e+00 3.077006268273732026e-01
4.661223586343680836e+00 2.540204824303279096e+00 3.076775845437866308e-01
4.664888070295209133e+00 2.542067214652321105e+00 3.076526834498720109e-01
4.668552554246736541e+00 2.543930970441573791e+00 3.076259150039706292e-01
4.672217038198264838e+00 2.545796092672132360e+00 3.075972706602349005e-01
4.675881522149793135e+00 2.547662582345822990e+00 3.075667418686346966e-01
4.679546006101320543e+00 2.549530440465207715e+00 3.075343200749649508e-01
4.683210490052848840e+00 2.551399668033584422e+00 3.074999967208525975e-01
4.686874974004377137e+00 2.553270266054985527e+00 3.074637632437626222e-01
4.690539457955905434e+00 2.555142235534179296e+00 3.074256110770057226e-01
4.694203941907432842e+00 2.557015577476671186e+00 3.073855316497444701e-01
4.697868425858961139e+00 2.558890292888704288e+00 3.073435163869993048e-01
4.701532909810489436e+00 2.560766382777258876e+00 3.072995567096559744e-01
4.705197393762017732e+00 2.562643848150053749e+00 3.072536440344711961e-01
4.708861877713545141e+00 2.564522690015545781e+00 3.072057697740788740e-01
4.712526361665073438e+00 2.566402909382932584e+00 3.071559253369963716e-01
4.716190845616601734e+00 2.568284507262150296e+00 3.071041021276305627e-01
4.719855329568129143e+00 2.570167484663876234e+00 3.070502915462839932e-01
4.723519813519657440e+00 2.572051842599528904e+00 3.069944849891598770e-01
4.727184297471185737e+00 2.573937582081268438e+00 3.069366738483689794e-01
4.730848781422714033e+00 2.575824704121995712e+00 3.068768495119343909e-01
4.734513265374241442e+00 2.577713209735355449e+00 3.068150033637979113e-01
4.738177749325769739e+00 2.579603099935735333e+00 3.067511267838243794e-01
4.741842233277298035e+00 2.581494375738267344e+00 3.066852111478080567e-01
4.745506717228825444e+00 2.583387038158825533e+00 3.066172478274779012e-01
4.749171201180353741e+00 2.585281088214032241e+00 3.065472281905020635e-01
4.752835685131882038e+00 2.587176526921251885e+00 3.064751436004934937e-01
4.756500169083410334e+00 2.589073355298596724e+00 3.064009854170147151e-01
4.760164653034937743e+00 2.590971574364923757e+00 3.063247449955833757e-01
4.763829136986466040e+00 2.592871185139839163e+00 3.062464136876761334e-01
4.767493620937994336e+00 2.594772188643696076e+00 3.061659828407339856e-01
4.771158104889522633e+00 2.596674585897593701e+00 3.060834437981672096e-01
4.774822588841050042e+00 2.598578377923381755e+00 3.059987878993590815e-01
4.778487072792578338e+00 2.600483565743660019e+00 3.059120064796710947e-01
4.782151556744106635e+00 2.602390150381775236e+00 3.058230908704471229e-01
4.785816040695634044e+00 2.604298132861826431e+00 3.057320323990174171e-01
4.789480524647162341e+00 2.606207514208663589e+00 3.056388223887038791e-01
4.793145008598690637e+00 2.608118295447886759e+00 3.055434521588225039e-01
4.796809492550218934e+00 2.610030477605848720e+00 3.054459130246891529e-01
4.800473976501746343e+00 2.611944061709654985e+00 3.053461962976221633e-01
4.804138460453274639e+00 2.613859048787163353e+00 3.052442932849471768e-01
4.807802944404802936e+00 2.615775439866986130e+00 3.051401952900005266e-01
4.811467428356330345e+00 2.617693235978488353e+00 3.050338936121328448e-01
4.815131912307858641e+00 2.619612438151791789e+00 3.049253795467127826e-01
4.818796396259386938e+00 2.621533047417771822e+00 3.048146443851307841e-01
4.822460880210915235e+00 2.623455064808060566e+00 3.047016794148019736e-01
4.826125364162442644e+00 2.625378491355045085e+00 3.045864759191703186e-01
4.829789848113970940e+00 2.627303328091870949e+00 3.044690251777112944e-01
4.833454332065499237e+00 2.629229576052440898e+00 3.043493184659352147e-01
4.837118816017027534e+00 2.631157236271415290e+00 3.042273470553902848e-01
4.840783299968554942e+00 2.633086309784212542e+00 3.041031022136660433e-01
4.844447783920083239e+00 2.635016797627011353e+00 3.039765752043959712e-01
4.848112267871611536e+00 2.636948700836749815e+00 3.038477572872601007e-01
4.851776751823138945e+00 2.638882020451124966e+00 3.037166397179885124e-01
4.855441235774667241e+00 2.640816757508596790e+00 3.035832137483633342e-01
4.859105719726195538e+00 2.642752913048385555e+00 3.034474706262220156e-01
4.862770203677723835e+00 2.644690488110473137e+00 3.033094015954590494e-01
4.866434687629251243e+00 2.646629483735603472e+00 3.031689978960294685e-01
4.870099171580779540e+00 2.648569900965285218e+00 3.030262507639502889e-01
4.873763655532307837e+00 2.650511740841789976e+00 3.028811514313033415e-01
4.877428139483836134e+00 2.652455004408152295e+00 3.027336911262372143e-01
4.881092623435363542e+00 2.654399692708171887e+00 3.025838610729700284e-01
4.884757107386891839e+00 2.656345806786415853e+00 3.024316524917900484e-01
4.888421591338420136e+00 2.658293347688214681e+00 3.022770565990595681e-01
4.892086075289947544e+00 2.660242316459665357e+00 3.021200646072155771e-01
4.895750559241475841e+00 2.662192714147634476e+00 3.019606677247714255e-01
4.899415043193004138e+00 2.664144541799752464e+00 3.017988571563197664e-01
4.903079527144532435e+00 2.666097800464419798e+00 3.016346241025329444e-01
4.906744011096059843e+00 2.668052491190805675e+00 3.014679597601654382e-01
4.910408495047588140e+00 2.670008615028848453e+00 3.012988553220548593e-01
4.914072978999116437e+00 2.671966173029256097e+00 3.011273019771237291e-01
4.917737462950643845e+00 2.673925166243506180e+00 3.009532909103808662e-01
4.921401946902172142e+00 2.675885595723848542e+00 3.007768133029220525e-01
4.925066430853700439e+00 2.677847462523303967e+00 3.005978603319322540e-01
4.928730914805228736e+00 2.679810767695664619e+00 3.004164231706858423e-01
4.932395398756756144e+00 2.681775512295495378e+00 3.002324929885482052e-01
4.936059882708284441e+00 2.683741697378135616e+00 3.000460609509765231e-01
4.939724366659812738e+00 2.685709323999697418e+00 2.998571182195206575e-01
4.943388850611341034e+00 2.687678393217066919e+00 2.996656559518242058e-01
4.947053334562868443e+00 2.689648906087905633e+00 2.994716653016248342e-01
4.950717818514396740e+00 2.691620863670650010e+00 2.992751374187553326e-01
4.954382302465925036e+00 2.693594267024513655e+00 2.990760634491440584e-01
4.958046786417452445e+00 2.695569117209485110e+00 2.988744345348157139e-01
4.961711270368980742e+00 2.697545415286331405e+00 2.986702418138915127e-01
4.965375754320509039e+00 2.699523162316596725e+00 2.984634764205896240e-01
4.969040238272037335e+00 2.701502359362604189e+00 2.982541294852254499e-01
4.972704722223564744e+00 2.703483007487453627e+00 2.980421921342122915e-01
4.976369206175093041e+00 2.705465107755027354e+00 2.978276554900610162e-01
4.980033690126621337e+00 2.707448661229985731e+00 2.976105106713803905e-01
4.983698174078148746e+00 2.709433668977769827e+00 2.973907487928766913e-01
4.987362658029677043e+00 2.711420132064602750e+00 2.971683609653549274e-01
4.991027141981205340e+00 2.713408051557488765e+00 2.969433382957168965e-01
4.994691625932733636e+00 2.715397428524214174e+00 2.967156718869623511e-01
4.998356109884261045e+00 2.717388264033347767e+00 2.964853528381886094e-01
5.002020593835789342e+00 2.719380559154243926e+00 2.962523722445893903e-01
5.005685077787317638e+00 2.721374314957038187e+00 2.960167211974553680e-01
5.009349561738845935e+00 2.723369532512653013e+00 2.957783907841731175e-01
5.013014045690373344e+00 2.725366212892793794e+00 2.955373720882252253e-01
5.016678529641901640e+00 2.727364357169954179e+00 2.952936561891886247e-01
5.020343013593429937e+00 2.729363966417412524e+00 2.950472341627349282e-01
5.024007497544957346e+00 2.731365041709233665e+00 2.947980970806293177e-01
5.027671981496485643e+00 2.733367584120270699e+00 2.945462360107297117e-01
5.031336465448013939e+00 2.735371594726166311e+00 2.942916420169855440e-01
5.035000949399542236e+00 2.737377074603348781e+00 2.940343061594375973e-01
5.038665433351069645e+00 2.739384024829036424e+00 2.937742194942166152e-01
5.042329917302597941e+00 2.741392446481239809e+00 2.935113730735417481e-01
5.045994401254126238e+00 2.743402340638756876e+00 2.932457579457202757e-01
5.049658885205653647e+00 2.745413708381176487e+00 2.929773651551457747e-01
5.053323369157181943e+00 2.747426550788882871e+00 2.927061857422967872e-01
5.056987853108710240e+00 2.749440868943047622e+00 2.924322107437360430e-01
5.060652337060238537e+00 2.751456663925637258e+00 2.921554311921084057e-01
5.064316821011765946e+00 2.753473936819411438e+00 2.918758381161400961e-01
5.067981304963294242e+00 2.755492688707924298e+00 2.915934225406360825e-01
5.071645788914822539e+00 2.757512920675522672e+00 2.913081754864795814e-01
5.075310272866350836e+00 2.759534633807350090e+00 2.910200879706300037e-01
5.078974756817878244e+00 2.761557829189344115e+00 2.907291510061208450e-01
5.082639240769406541e+00 2.763582507908239450e+00 2.904353556020583538e-01
5.086303724720934838e+00 2.765608671051568823e+00 2.901386927636188662e-01
5.089968208672462247e+00 2.767636319707658998e+00 2.898391534920484736e-01
5.093632692623990543e+00 2.769665454965637430e+00 2.895367287846593585e-01
5.097297176575518840e+00 2.771696077915430045e+00 2.892314096348281294e-01
5.100961660527047137e+00 2.773728189647759468e+00 2.889231870319949325e-01
5.104626144478574545e+00 2.775761791254150346e+00 2.886120519616592328e-01
5.108290628430102842e+00 2.777796883826927576e+00 2.882979954053793148e-01
5.111955112381631139e+00 2.779833468459214529e+00 2.879810083407688959e-01
5.115619596333159436e+00 2.781871546244938820e+00 2.876610817414949617e-01
5.119284080284686844e+00 2.783911118278828756e+00 2.873382065772761007e-01
5.122948564236215141e+00 2.785952185656414670e+00 2.870123738138787295e-01
5.126613048187743438e+00 2.787994749474032474e+00 2.866835744131153718e-01
5.130277532139270846e+00 2.790038810828818328e+00 2.863517993328419942e-01
5.133942016090799143e+00 2.792084370818715744e+00 2.860170395269547861e-01
5.137606500042327440e+00 2.794131430542472927e+00 2.856792859453880506e-01
5.141270983993855737e+00 2.796179991099641882e+00 2.853385295341111516e-01
5.144935467945383145e+00 2.798230053590580635e+00 2.849947612351254600e-01
5.148599951896911442e+00 2.800281619116457676e+00 2.846479719864614122e-01
5.152264435848439739e+00 2.802334688779244853e+00 2.842981527221759563e-01
5.155928919799967147e+00 2.804389263681722255e+00 2.839452943723493328e-01
5.159593403751495444e+00 2.806445344927482211e+00 2.835893878630809661e-01
5.163257887703023741e+00 2.808502933620921738e+00 2.832304241164882996e-01
5.166922371654552038e+00 2.810562030867249650e+00 2.828683940507017436e-01
5.170586855606079446e+00 2.812622637772484335e+00 2.825032885798625104e-01
5.174251339557607743e+00 2.814684755443456865e+00 2.821350986141180073e-01
5.177915823509136040e+00 2.816748384987806997e+00 2.817638150596201707e-01
5.181580307460664336e+00 2.818813527513988948e+00 2.813894288185206927e-01
5.185244791412191745e+00 2.820880184131267843e+00 2.810119307889676898e-01
5.188909275363720042e+00 2.822948355949723709e+00 2.806313118651026506e-01
5.192573759315248338e+00 2.825018044080249702e+00 2.802475629370558829e-01
5.196238243266775747e+00 2.827089249634552548e+00 2.798606748909442388e-01
5.199902727218304044e+00 2.829161973725155210e+00 2.794706386088658401e-01
5.203567211169832341e+00 2.831236217465396887e+00 2.790774449688969705e-01
5.207231695121360637e+00 2.833311981969431237e+00 2.786810848450883560e-01
5.210896179072888046e+00 2.835389268352229486e+00 2.782815491074611125e-01
5.214560663024416343e+00 2.837468077729581761e+00 2.778788286220021386e-01
5.218225146975944639e+00 2.839548411218093538e+00 2.774729142506613400e-01
5.221889630927472048e+00 2.841630269935191411e+00 2.770637968513463556e-01
5.225554114879000345e+00 2.843713654999120433e+00 2.766514672779190609e-01
5.229218598830528641e+00 2.845798567528944112e+00 2.762359163801910711e-01
5.232883082782056938e+00 2.847885008644548854e+00 2.758171350039195224e-01
5.236547566733584347e+00 2.849972979466639966e+00 2.753951139908030754e-01
5.240212050685112644e+00 2.852062481116745651e+00 2.749698441784769742e-01
5.243876534636640940e+00 2.854153514717217011e+00 2.745413164005086615e-01
5.247541018588169237e+00 2.856246081391226266e+00 2.741095214863941698e-01
5.251205502539696646e+00 2.858340182262768536e+00 2.736744502615530705e-01
5.254869986491224942e+00 2.860435818456667167e+00 2.732360935473228669e-01
5.258534470442753239e+00 2.862532991098566182e+00 2.727944421609556636e-01
5.262198954394280648e+00 2.864631701314934276e+00 2.723494869156137255e-01
5.265863438345808945e+00 2.866731950233071480e+00 2.719012186203626502e-01
5.269527922297337241e+00 2.868833738981098946e+00 2.714496280801694250e-01
5.273192406248865538e+00 2.870937068687965610e+00 2.709947060958953768e-01
5.276856890200392947e+00 2.873041940483450407e+00 2.705364434642920091e-01
5.280521374151921243e+00 2.875148355498160058e+00 2.700748309779961165e-01
5.284185858103449540e+00 2.877256314863528175e+00 2.696098594255243452e-01
5.287850342054976949e+00 2.879365819711819263e+00 2.691415195912693070e-01
5.291514826006505245e+00 2.881476871176129606e+00 2.686698022554924736e-01
5.295179309958033542e+00 2.883589470390382825e+00 2.681946981943211794e-01
5.298843793909561839e+00 2.885703618489336986e+00 2.677161981797414603e-01
5.302508277861089248e+00 2.887819316608579712e+00 2.672342929795942235e-01
5.306172761812617544e+00 2.889936565884532627e+00 2.667489733575691968e-01
5.309837245764145841e+00 2.892055367454450909e+00 2.662602300731994331e-01
5.313501729715674138e+00 2.894175722456421518e+00 2.657680538818566474e-01
5.317166213667201546e+00 2.896297632029367630e+00 2.652724355347449436e-01
5.320830697618729843e+00 2.898421097313048200e+00 2.647733657788952644e-01
5.324495181570258140e+00 2.900546119448054405e+00 2.642708353571608937e-01
5.328159665521785548e+00 2.902672699575817195e+00 2.637648350082104631e-01
5.331824149473313845e+00 2.904800838838603294e+00 2.632553554665226780e-01
5.335488633424842142e+00 2.906930538379515649e+00 2.627423874623812661e-01
5.339153117376370439e+00 2.909061799342496535e+00 2.622259217218686489e-01
5.342817601327897847e+00 2.911194622872326665e+00 2.617059489668598360e-01
5.346482085279426144e+00 2.913329010114625639e+00 2.611824599150172066e-01
5.350146569230954441e+00 2.915464962215854605e+00 2.606554452797835708e-01
5.353811053182482738e+00 2.917602480323313152e+00 2.601248957703775067e-01
5.357475537134010146e+00 2.919741565585141529e+00 2.595908020917869208e-01
5.361140021085538443e+00 2.921882219150325977e+00 2.590531549447615545e-01
5.364804505037066740e+00 2.924024442168690729e+00 2.585119450258090423e-01
5.368468988988594148e+00 2.926168235790903349e+00 2.579671630271878624e-01
5.372133472940122445e+00 2.928313601168479163e+00 2.574187996368997866e-01
5.375797956891650742e+00 2.930460539453773272e+00 2.568668455386858285e-01
5.379462440843179039e+00 2.932609051799986322e+00 2.563112914120188601e-01
5.383126924794706447e+00 2.934759139361166724e+00 2.557521279320971175e-01
5.386791408746234744e+00 2.936910803292207550e+00 2.551893457698374834e-01
5.390455892697763041e+00 2.939064044748848303e+00 2.546229355918700477e-01
5.394120376649290449e+00 2.941218864887675810e+00 2.540528880605315010e-01
5.397784860600818746e+00 2.943375264866126440e+00 2.534791938338566419e-01
5.401449344552347043e+00 2.945533245842482550e+00 2.529018435655752683e-01
5.405113828503875339e+00 2.947692808975878709e+00 2.523208279051017411e-01
5.408778312455402748e+00 2.949853955426295915e+00 2.517361374975315425e-01
5.412442796406931045e+00 2.952016686354568709e+00 2.511477629836322834e-01
5.416107280358459342e+00 2.954181002922382060e+00 2.505556949998372085e-01
5.419771764309987638e+00 2.956346906292270482e+00 2.499599241782405612e-01
5.423436248261515047e+00 2.958514397627622916e+00 2.493604411465879800e-01
5.427100732213043344e+00 2.960683478092681398e+00 2.487572365282701703e-01
5.430765216164571640e+00 2.962854148852540170e+00 2.481503009423177697e-01
5.434429700116099049e+00 2.965026411073148793e+00 2.475396250033917167e-01
5.438094184067627346e+00 2.967200265921311253e+00 2.469251993217783103e-01
5.441758668019155643e+00 2.969375714564686408e+00 2.463070145033811331e-01
5.445423151970683939e+00 2.971552758171791098e+00 2.456850611497133907e-01
5.449087635922211348e+00 2.973731397911996144e+00 2.450593298578925827e-01
5.452752119873739645e+00 2.975911634955531682e+00 2.444298112206312046e-01
5.456416603825267941e+00 2.978093470473485826e+00 2.437964958262303361e-01
5.460081087776795350e+00 2.980276905637803786e+00 2.431593742585730078e-01
5.463745571728323647e+00 2.982461941621291412e+00 2.425184370971158188e-01
5.467410055679851943e+00 2.984648579597614759e+00 2.418736749168811651e-01
5.471074539631380240e+00 2.986836820741299192e+00 2.412250782884518552e-01
5.474739023582907649e+00 2.989026666227729390e+00 2.405726377779620340e-01
5.478403507534435946e+00 2.991218117233157336e+00 2.399163439470887726e-01
5.482067991485964242e+00 2.993411174934692998e+00 2.392561873530461847e-01
5.485732475437492539e+00 2.995605840510308759e+00 2.385921585485784868e-01
5.489396959389019948e+00 2.997802115138843870e+00 2.379242480819494798e-01
5.493061443340548244e+00 3.000000000000000444e+00 2.372524464969368307e-01
