# tau=beta*t, lambda=exp[(gamma_dot/beta)*tau], sigma_norm=sigma/mu
# tau lambda sigma_over_mu
0.000000000000000000e+00 1.000000000000000000e+00 0.000000000000000000e+00
1.221494650509350431e-03 1.000733165424781301e+00 2.927641209107922308e-03
2.442989301018700862e-03 1.001466868381102771e+00 5.847371154534811676e-03
3.664483951528051293e-03 1.002201109263063827e+00 8.759156864738612894e-03
4.885978602037401725e-03 1.002935888465052994e+00 1.166296566504714492e-02
6.107473252546752156e-03 1.003671206381747893e+00 1.455876517706339301e-02
7.328967903056102587e-03 1.004407063408115697e+00 1.744652331806978429e-02
8.550462553565452151e-03 1.005143459939412676e+00 2.032620830042585619e-02
9.771957204074803449e-03 1.005880396371185315e+00 2.319778863096847235e-02
1.099345185458415475e-02 1.006617873099269866e+00 2.606123311040435195e-02
1.221494650509350431e-02 1.007355890519793240e+00 2.891651083270383241e-02
1.343644115560285388e-02 1.008094449029172113e+00 3.176359118448565666e-02
1.465793580611220517e-02 1.008833549024114484e+00 3.460244384440841481e-02
1.587943045662155647e-02 1.009573190901618345e+00 3.743303878254829881e-02
1.710092510713090430e-02 1.010313375058973451e+00 4.025534625978584302e-02
1.832241975764025560e-02 1.011054101893760881e+00 4.306933682718200318e-02
1.954391440814960690e-02 1.011795371803852817e+00 4.587498132535246936e-02
2.076540905865895820e-02 1.012537185187413202e+00 4.867225088384279086e-02
2.198690370916830950e-02 1.013279542442897974e+00 5.146111692050003156e-02
2.320839835967765732e-02 1.014022443969055276e+00 5.424155114084111551e-02
2.442989301018700862e-02 1.014765890164925688e+00 5.701352553741968754e-02
2.565138766069635992e-02 1.015509881429841998e+00 5.977701238918874116e-02
2.687288231120570775e-02 1.016254418163430318e+00 6.253198426086606365e-02
2.809437696171505905e-02 1.016999500765608966e+00 6.527841400228912017e-02
2.931587161222441035e-02 1.017745129636590251e+00 6.801627474777925675e-02
3.053736626273376165e-02 1.018491305176879358e+00 7.074553991549169252e-02
3.175886091324311294e-02 1.019238027787275458e+00 7.346618320677351932e-02
3.298035556375246424e-02 1.019985297868871488e+00 7.617817860551361064e-02
3.420185021426180860e-02 1.020733115823054149e+00 7.888150037749146193e-02
3.542334486477115990e-02 1.021481482051505019e+00 8.157612306972919503e-02
3.664483951528051120e-02 1.022230396956199439e+00 8.426202150983204409e-02
3.786633416578986250e-02 1.022979860939408292e+00 8.693917080533945796e-02
3.908782881629921380e-02 1.023729874403696671e+00 8.960754634306114519e-02
4.030932346680856510e-02 1.024480437751925210e+00 9.226712378842293061e-02
4.153081811731791639e-02 1.025231551387249862e+00 9.491787908480424363e-02
4.275231276782726769e-02 1.025983215713121899e+00 9.755978845287456569e-02
4.397380741833661899e-02 1.026735431133288579e+00 1.001928283899318622e-01
4.519530206884596335e-02 1.027488198051793589e+00 1.028169756692377396e-01
4.641679671935531465e-02 1.028241516872975936e+00 1.054322073393455378e-01
4.763829136986466595e-02 1.028995388001471945e+00 1.080385007234385408e-01
4.885978602037401725e-02 1.029749811842214147e+00 1.106358334186554049e-01
5.008128067088336854e-02 1.030504788800431948e+00 1.132241832954208050e-01
5.130277532139271984e-02 1.031260319281652071e+00 1.158035284967734030e-01
5.252426997190207114e-02 1.032016403691698336e+00 1.183738474376906102e-01
5.374576462241141550e-02 1.032773042436692101e+00 1.209351188044141823e-01
5.496725927292076680e-02 1.033530235923052931e+00 1.234873215537757307e-01
5.618875392343011810e-02 1.034287984557497930e+00 1.260304349125161427e-01
5.741024857393946940e-02 1.035046288747042187e+00 1.285644383766075816e-01
5.863174322444882069e-02 1.035805148898999883e+00 1.310893117105766947e-01
5.985323787495817199e-02 1.036564565420982964e+00 1.336050349468189125e-01
6.107473252546752329e-02 1.037324538720903133e+00 1.361115883849220720e-01
6.229622717597687459e-02 1.038085069206970523e+00 1.386089525909787457e-01
6.351772182648622589e-02 1.038846157287694805e+00 1.410971083969050077e-01
6.473921647699557025e-02 1.039607803371885186e+00 1.435760368997552605e-01
6.596071112750492849e-02 1.040370007868650415e+00 1.460457194610357001e-01
6.718220577801427285e-02 1.041132771187398998e+00 1.485061377060175603e-01
6.840370042852361721e-02 1.041896093737840534e+00 1.509572735230532980e-01
6.962519507903297544e-02 1.042659975929983718e+00 1.533991090628820941e-01
7.084668972954231980e-02 1.043424418174139001e+00 1.558316267379473152e-01
7.206818438005167804e-02 1.044189420880916819e+00 1.582548092217013758e-01
7.328967903056102240e-02 1.044954984461229142e+00 1.606686394479193425e-01
7.451117368107038064e-02 1.045721109326289033e+00 1.630731006100059055e-01
7.573266833157972500e-02 1.046487795887611094e+00 1.654681761603039314e-01
7.695416298208908323e-02 1.047255044557011461e+00 1.678538498094016285e-01
7.817565763259842759e-02 1.048022855746608473e+00 1.702301055254415996e-01
7.939715228310777195e-02 1.048791229868822672e+00 1.725969275334254815e-01
8.061864693361713019e-02 1.049560167336376360e+00 1.749543003145190567e-01
8.184014158412647455e-02 1.050329668562295149e+00 1.773022086053611113e-01
8.306163623463583279e-02 1.051099733959907079e+00 1.796406373973656878e-01
8.428313088514517715e-02 1.051870363942843278e+00 1.819695719360276409e-01
8.550462553565453538e-02 1.052641558925038190e+00 1.842889977202270546e-01
8.672612018616387974e-02 1.053413319320730013e+00 1.865989005015336599e-01
8.794761483667323798e-02 1.054185645544460259e+00 1.888992662835087544e-01
8.916910948718258234e-02 1.054958538011074198e+00 1.911900813210085093e-01
9.039060413769192670e-02 1.055731997135721745e+00 1.934713321194893032e-01
9.161209878820128494e-02 1.056506023333857014e+00 1.957430054343084480e-01
9.283359343871062930e-02 1.057280617021238545e+00 1.980050882700259141e-01
9.405508808921998753e-02 1.058055778613929965e+00 2.002575678797091085e-01
9.527658273972933189e-02 1.058831508528299770e+00 2.025004317642320473e-01
9.649807739023869013e-02 1.059607807181021988e+00 2.047336676715803272e-01
9.771957204074803449e-02 1.060384674989075293e+00 2.069572635961478835e-01
9.894106669125737885e-02 1.061162112369745447e+00 2.091712077780468193e-01
1.001625613417667371e-01 1.061940119740622857e+00 2.113754887023998053e-01
1.013840559922760814e-01 1.062718697519604794e+00 2.135700950986479385e-01
1.026055506427854397e-01 1.063497846124894730e+00 2.157550159398503031e-01
1.038270452932947840e-01 1.064277565975003004e+00 2.179302404419858619e-01
1.050485399438041423e-01 1.065057857488746373e+00 2.200957580632533217e-01
1.062700345943134866e-01 1.065838721085248686e+00 2.222515585033743579e-01
1.074915292448228310e-01 1.066620157183941542e+00 2.243976317028961998e-01
1.087130238953321892e-01 1.067402166204563629e+00 2.265339678424909409e-01
1.099345185458415336e-01 1.068184748567161613e+00 2.286605573422594850e-01
1.111560131963508918e-01 1.068967904692089910e+00 2.307773908610314118e-01
1.123775078468602362e-01 1.069751635000010914e+00 2.328844592956685056e-01
1.135990024973695944e-01 1.070535939911896328e+00 2.349817537803693956e-01
1.148204971478789388e-01 1.071320819849025607e+00 2.370692656859670899e-01
1.160419917983882970e-01 1.072106275232987294e+00 2.391469866192352522e-01
1.172634864488976414e-01 1.072892306485679237e+00 2.412149084221908157e-01
1.184849810994069857e-01 1.073678914029308373e+00 2.432730231713965130e-01
1.197064757499163440e-01 1.074466098286391391e+00 2.453213231772654324e-01
1.209279704004256883e-01 1.075253859679754731e+00 2.473598009833643530e-01
1.221494650509350466e-01 1.076042198632534586e+00 2.493884493657173018e-01
1.233709597014443909e-01 1.076831115568177566e+00 2.514072613321117755e-01
1.245924543519537492e-01 1.077620610910440924e+00 2.534162301214026858e-01
1.258139490024630935e-01 1.078410685083392107e+00 2.554153492028178318e-01
1.270354436529724518e-01 1.079201338511410091e+00 2.574046122752643995e-01
1.282569383034817823e-01 1.079992571619184494e+00 2.593840132666339615e-01
1.294784329539911405e-01 1.080784384831716238e+00 2.613535463331092545e-01
1.306999276045004987e-01 1.081576778574318443e+00 2.633132058584742863e-01
1.319214222550098570e-01 1.082369753272615531e+00 2.652629864534170601e-01
1.331429169055191875e-01 1.083163309352544124e+00 2.672028829548418472e-01
1.343644115560285457e-01 1.083957447240353034e+00 2.691328904251752974e-01
1.355859062065379039e-01 1.084752167362603936e+00 2.710530041516783784e-01
1.368074008570472344e-01 1.085547470146170923e+00 2.729632196457525972e-01
1.380288955075565926e-01 1.086343356018240947e+00 2.748635326422531056e-01
1.392503901580659509e-01 1.087139825406314486e+00 2.767539390987987513e-01
1.404718848085753091e-01 1.087936878738205104e+00 2.786344351950835740e-01
1.416933794590846396e-01 1.088734516442040556e+00 2.805050173321900209e-01
1.429148741095939978e-01 1.089532738946261903e+00 2.823656821318994981e-01
1.441363687601033561e-01 1.090331546679624619e+00 2.842164264360084736e-01
1.453578634106127143e-01 1.091130940071198374e+00 2.860572473056408049e-01
1.465793580611220448e-01 1.091930919550367696e+00 2.878881420205642305e-01
1.478008527116314030e-01 1.092731485546831749e+00 2.897091080785047512e-01
1.490223473621407613e-01 1.093532638490604780e+00 2.915201431944629551e-01
1.502438420126500918e-01 1.094334378812015895e+00 2.933212453000311193e-01
1.514653366631594500e-01 1.095136706941710392e+00 2.951124125427124767e-01
1.526868313136688082e-01 1.095939623310649091e+00 2.968936432852384288e-01
1.539083259641781665e-01 1.096743128350108343e+00 2.986649361048875351e-01
1.551298206146874969e-01 1.097547222491681129e+00 3.004262897928067777e-01
1.563513152651968552e-01 1.098351906167276848e+00 3.021777033533324941e-01
1.575728099157062134e-01 1.099157179809121310e+00 3.039191760033108647e-01
1.587943045662155439e-01 1.099963043849757405e+00 3.056507071714224533e-01
1.600157992167249021e-01 1.100769498722045325e+00 3.073722964975050265e-01
1.612372938672342604e-01 1.101576544859162343e+00 3.090839438318772614e-01
1.624587885177436186e-01 1.102384182694603032e+00 3.107856492346636190e-01
1.636802831682529491e-01 1.103192412662180599e+00 3.124774129751233254e-01
1.649017778187623073e-01 1.104001235196025554e+00 3.141592355309740792e-01
1.661232724692716656e-01 1.104810650730587263e+00 3.158311175877220878e-01
1.673447671197809961e-01 1.105620659700633057e+00 3.174930600379902712e-01
1.685662617702903543e-01 1.106431262541249572e+00 3.191450639808480760e-01
1.697877564207997125e-01 1.107242459687841851e+00 3.207871307211425105e-01
1.710092510713090708e-01 1.108054251576134908e+00 3.224192617688302342e-01
1.722307457218184013e-01 1.108866638642172386e+00 3.240414588383093708e-01
1.734522403723277595e-01 1.109679621322318344e+00 3.256537238477548724e-01
1.746737350228371177e-01 1.110493200053256357e+00 3.272560589184514979e-01
1.758952296733464760e-01 1.111307375271990194e+00 3.288484663741303438e-01
1.771167243238558064e-01 1.112122147415844031e+00 3.304309487403062073e-01
1.783382189743651647e-01 1.112937516922462899e+00 3.320035087436148946e-01
1.795597136248745229e-01 1.113753484229812463e+00 3.335661493111523046e-01
1.807812082753838534e-01 1.114570049776179461e+00 3.351188735698131804e-01
1.820027029258932116e-01 1.115387214000172378e+00 3.366616848456349675e-01
1.832241975764025699e-01 1.116204977340720328e+00 3.381945866631358433e-01
1.844456922269119281e-01 1.117023340237075502e+00 3.397175827446627383e-01
1.856671868774212586e-01 1.117842303128810943e+00 3.412306770097304764e-01
1.868886815279306168e-01 1.118661866455822995e+00 3.427338735743716280e-01
1.881101761784399751e-01 1.119482030658329741e+00 3.442271767504800351e-01
1.893316708289493056e-01 1.120302796176872562e+00 3.457105910451601649e-01
1.905531654794586638e-01 1.121124163452315248e+00 3.471841211600742994e-01
1.917746601299680220e-01 1.121946132925845330e+00 3.486477719907935535e-01
1.929961547804773803e-01 1.122768705038973636e+00 3.501015486261493392e-01
1.942176494309867107e-01 1.123591880233534734e+00 3.515454563475842731e-01
1.954391440814960690e-01 1.124415658951687158e+00 3.529795006285065262e-01
1.966606387320054272e-01 1.125240041635913180e+00 3.544036871336428973e-01
1.978821333825147577e-01 1.126065028729020145e+00 3.558180217183969929e-01
1.991036280330241159e-01 1.126890620674139587e+00 3.572225104282040209e-01
2.003251226835334742e-01 1.127716817914728331e+00 3.586171594978903587e-01
2.015466173340428324e-01 1.128543620894567834e+00 3.600019753510311227e-01
2.027681119845521629e-01 1.129371030057765291e+00 3.613769645993126223e-01
2.039896066350615211e-01 1.130199045848753192e+00 3.627421340418929274e-01
2.052111012855708794e-01 1.131027668712290435e+00 3.640974906647660436e-01
2.064325959360802099e-01 1.131856899093461433e+00 3.654430416401239778e-01
2.076540905865895681e-01 1.132686737437676783e+00 3.667787943257238559e-01
2.088755852370989263e-01 1.133517184190674598e+00 3.681047562642560944e-01
2.100970798876082846e-01 1.134348239798518732e+00 3.694209351827081877e-01
2.113185745381176150e-01 1.135179904707600551e+00 3.707273389917375428e-01
2.125400691886269733e-01 1.136012179364638719e+00 3.720239757850410389e-01
2.137615638391363315e-01 1.136845064216679413e+00 3.733108538387265862e-01
2.149830584896456620e-01 1.137678559711096327e+00 3.745879816106854054e-01
2.162045531401550202e-01 1.138512666295591558e+00 3.758553677399679716e-01
2.174260477906643785e-01 1.139347384418195164e+00 3.771130210461589027e-01
2.186475424411737367e-01 1.140182714527265606e+00 3.783609505287533481e-01
2.198690370916830672e-01 1.141018657071490194e+00 3.795991653665360954e-01
2.210905317421924254e-01 1.141855212499885530e+00 3.808276749169616227e-01
2.223120263927017837e-01 1.142692381261796841e+00 3.820464887155321509e-01
2.235335210432111419e-01 1.143530163806899091e+00 3.832556164751840799e-01
2.247550156937204724e-01 1.144368560585196759e+00 3.844550680856673730e-01
2.259765103442298306e-01 1.145207572047024502e+00 3.856448536129333249e-01
2.271980049947391889e-01 1.146047198643047160e+00 3.868249832985199421e-01
2.284194996452485193e-01 1.146887440824259752e+00 3.879954675589386559e-01
2.296409942957578776e-01 1.147728299041988143e+00 3.891563169850637549e-01
2.308624889462672358e-01 1.148569773747888823e+00 3.903075423415225398e-01
2.320839835967765941e-01 1.149411865393949794e+00 3.914491545660871985e-01
2.333054782472859245e-01 1.150254574432489907e+00 3.925811647690669592e-01
2.345269728977952828e-01 1.151097901316160410e+00 3.937035842327039070e-01
2.357484675483046410e-01 1.151941846497943844e+00 3.948164244105662468e-01
2.369699621988139715e-01 1.152786410431154929e+00 3.959196969269471178e-01
2.381914568493233297e-01 1.153631593569440783e+00 3.970134135762627414e-01
2.394129514998326880e-01 1.154477396366781372e+00 3.980975863224514022e-01
2.406344461503420462e-01 1.155323819277489061e+00 3.991722272983752040e-01
2.418559408008513767e-01 1.156170862756209505e+00 4.002373488052217154e-01
2.430774354513607349e-01 1.157018527257922091e+00 4.012929633119102224e-01
2.442989301018700932e-01 1.157866813237939052e+00 4.023390834544935402e-01
2.455204247523794236e-01 1.158715721151906797e+00 4.033757220355673745e-01
2.467419194028887819e-01 1.159565251455805912e+00 4.044028920236762414e-01
2.479634140533981401e-01 1.160415404605951162e+00 4.054206065527259373e-01
2.491849087039074984e-01 1.161266181058991931e+00 4.064288789213906794e-01
2.504064033544168288e-01 1.162117581271912226e+00 4.074277225925279633e-01
2.516278980049261871e-01 1.162969605702031339e+00 4.084171511925917541e-01
2.528493926554355453e-01 1.163822254807003631e+00 4.093971785110461226e-01
2.540708873059449036e-01 1.164675529044819191e+00 4.103678184997834877e-01
2.552923819564542618e-01 1.165529428873803841e+00 4.113290852725416391e-01
2.565138766069635645e-01 1.166383954752619134e+00 4.122809931043221465e-01
2.577353712574729228e-01 1.167239107140263465e+00 4.132235564308135989e-01
2.589568659079822810e-01 1.168094886496071405e+00 4.141567898478102361e-01
2.601783605584916392e-01 1.168951293279714143e+00 4.150807081106380747e-01
2.613998552090009975e-01 1.169808327951200377e+00 4.159953261335794794e-01
2.626213498595103557e-01 1.170665990970875425e+00 4.169006589892974013e-01
2.638428445100197139e-01 1.171524282799422556e+00 4.177967219082660000e-01
2.650643391605290167e-01 1.172383203897862991e+00 4.186835302781982682e-01
2.662858338110383749e-01 1.173242754727555237e+00 4.195610996434762652e-01
2.675073284615477331e-01 1.174102935750196641e+00 4.204294457045837374e-01
2.687288231120570914e-01 1.174963747427822947e+00 4.212885843175404044e-01
2.699503177625664496e-01 1.175825190222808514e+00 4.221385314933344679e-01
2.711718124130758079e-01 1.176687264597866767e+00 4.229793033973613392e-01
2.723933070635851661e-01 1.177549971016050412e+00 4.238109163488598119e-01
2.736148017140944688e-01 1.178413309940751663e+00 4.246333868203516770e-01
2.748362963646038271e-01 1.179277281835702462e+00 4.254467314370822817e-01
2.760577910151131853e-01 1.180141887164974479e+00 4.262509669764621978e-01
2.772792856656225435e-01 1.181007126392980000e+00 4.270461103675112224e-01
2.785007803161319018e-01 1.181872999984471706e+00 4.278321786903024337e-01
2.797222749666412600e-01 1.182739508404542894e+00 4.286091891754089112e-01
2.809437696171506182e-01 1.183606652118628144e+00 4.293771592033513995e-01
2.821652642676599765e-01 1.184474431592502652e+00 4.301361063040469723e-01
2.833867589181692792e-01 1.185342847292283786e+00 4.308860481562601930e-01
2.846082535686786374e-01 1.186211899684430415e+00 4.316270025870546645e-01
2.858297482191879957e-01 1.187081589235743140e+00 4.323589875712453567e-01
2.870512428696973539e-01 1.187951916413365172e+00 4.330820212308560402e-01
2.882727375202067122e-01 1.188822881684782340e+00 4.337961218345733339e-01
2.894942321707160704e-01 1.189694485517822420e+00 4.345013077972039173e-01
2.907157268212254286e-01 1.190566728380657135e+00 4.351975976791355727e-01
2.919372214717347314e-01 1.191439610741800825e+00 4.358850101857968395e-01
2.931587161222440896e-01 1.192313133070111775e+00 4.365635641671171685e-01
2.943802107727534478e-01 1.193187295834791328e+00 4.372332786169929597e-01
2.956017054232628061e-01 1.194062099505385888e+00 4.378941726727509920e-01
2.968232000737721643e-01 1.194937544551785136e+00 4.385462656146136839e-01
2.980446947242815225e-01 1.195813631444223590e+00 4.391895768651680187e-01
2.992661893747908808e-01 1.196690360653280605e+00 4.398241259888341914e-01
3.004876840253001835e-01 1.197567732649880590e+00 4.404499326913357549e-01
3.017091786758095417e-01 1.198445747905293457e+00 4.410670168191708762e-01
3.029306733263189000e-01 1.199324406891133732e+00 4.416753983590865906e-01
3.041521679768282582e-01 1.200203710079362773e+00 4.422750974375523891e-01
3.053736626273376165e-01 1.201083657942287219e+00 4.428661343202368039e-01
3.065951572778469747e-01 1.201964250952560320e+00 4.434485294114850484e-01
3.078166519283563329e-01 1.202845489583181937e+00 4.440223032537969350e-01
3.090381465788656357e-01 1.203727374307498543e+00 4.445874765273076235e-01
3.102596412293749939e-01 1.204609905599203667e+00 4.451440700492692581e-01
3.114811358798843521e-01 1.205493083932338116e+00 4.456921047735334929e-01
3.127026305303937104e-01 1.206376909781290196e+00 4.462316017900367360e-01
3.139241251809030686e-01 1.207261383620796380e+00 4.467625823242850069e-01
3.151456198314124268e-01 1.208146505925940861e+00 4.472850677368412908e-01
3.163671144819217851e-01 1.209032277172156222e+00 4.477990795228143917e-01
3.175886091324310878e-01 1.209918697835223433e+00 4.483046393113488959e-01
3.188101037829404460e-01 1.210805768391272741e+00 4.488017688651161352e-01
3.200315984334498043e-01 1.211693489316783001e+00 4.492904900798065371e-01
3.212530930839591625e-01 1.212581861088582791e+00 4.497708249836247507e-01
3.224745877344685208e-01 1.213470884183849963e+00 4.502427957367838296e-01
3.236960823849778790e-01 1.214360559080112312e+00 4.507064246310028555e-01
3.249175770354872372e-01 1.215250886255248020e+00 4.511617340890051731e-01
3.261390716859965400e-01 1.216141866187485210e+00 4.516087466640170689e-01
3.273605663365058982e-01 1.217033499355402837e+00 4.520474850392689481e-01
3.285820609870152564e-01 1.217925786237930907e+00 4.524779720274990091e-01
3.298035556375246147e-01 1.218818727314350259e+00 4.529002305704543097e-01
3.310250502880339729e-01 1.219712323064293003e+00 4.533142837383970503e-01
3.322465449385433311e-01 1.220606573967743635e+00 4.537201547296116910e-01
3.334680395890526894e-01 1.221501480505037485e+00 4.541178668699108467e-01
3.346895342395619921e-01 1.222397043156862928e+00 4.545074436121452344e-01
3.359110288900713504e-01 1.223293262404260506e+00 4.548889085357143980e-01
3.371325235405807086e-01 1.224190138728623367e+00 4.552622853460767671e-01
3.383540181910900668e-01 1.225087672611697487e+00 4.556275978742640453e-01
3.395755128415994251e-01 1.225985864535582115e+00 4.559848700763956542e-01
3.407970074921087833e-01 1.226884714982730440e+00 4.563341260331930105e-01
3.420185021426181415e-01 1.227784224435948479e+00 4.566753899494970792e-01
3.432399967931274443e-01 1.228684393378396633e+00 4.570086861537874801e-01
3.444614914436368025e-01 1.229585222293590130e+00 4.573340390977008729e-01
3.456829860941461607e-01 1.230486711665397914e+00 4.576514733555522851e-01
3.469044807446555190e-01 1.231388861978043980e+00 4.579610136238572160e-01
3.481259753951648772e-01 1.232291673716107150e+00 4.582626847208545739e-01
3.493474700456742355e-01 1.233195147364521738e+00 4.585565115860328333e-01
3.505689646961835937e-01 1.234099283408577552e+00 4.588425192796548591e-01
3.517904593466929519e-01 1.235004082333920117e+00 4.591207329822860617e-01
3.530119539972022547e-01 1.235909544626551115e+00 4.593911779943210538e-01
3.542334486477116129e-01 1.236815670772828613e+00 4.596538797355166350e-01
3.554549432982209711e-01 1.237722461259466833e+00 4.599088637445206684e-01
3.566764379487303294e-01 1.238629916573537493e+00 4.601561556784047879e-01
3.578979325992396876e-01 1.239538037202469134e+00 4.603957813121995479e-01
3.591194272497490458e-01 1.240446823634047346e+00 4.606277665384270192e-01
3.603409219002584041e-01 1.241356276356415655e+00 4.608521373666391030e-01
3.615624165507677068e-01 1.242266395858075301e+00 4.610689199229536239e-01
3.627839112012770650e-01 1.243177182627886346e+00 4.612781404495940873e-01
3.640054058517864233e-01 1.244088637155066124e+00 4.614798253044286036e-01
3.652269005022957815e-01 1.245000759929191458e+00 4.616740009605118100e-01
3.664483951528051398e-01 1.245913551440197997e+00 4.618606940056269039e-01
3.676698898033144980e-01 1.246827012178380656e+00 4.620399311418290633e-01
3.688913844538238562e-01 1.247741142634393174e+00 4.622117391849912549e-01
3.701128791043331590e-01 1.248655943299249893e+00 4.623761450643488202e-01
3.713343737548425172e-01 1.249571414664324642e+00 4.625331758220482259e-01
3.725558684053518754e-01 1.250487557221351631e+00 4.626828586126940923e-01
3.737773630558612337e-01 1.251404371462425669e+00 4.628252207029007748e-01
3.749988577063705919e-01 1.252321857880002165e+00 4.629602894708410576e-01
3.762203523568799501e-01 1.253240016966897574e+00 4.630880924057997894e-01
3.774418470073893084e-01 1.254158849216290061e+00 4.632086571077259629e-01
3.786633416578986111e-01 1.255078355121719058e+00 4.633220112867886264e-01
3.798848363084079693e-01 1.255998535177085706e+00 4.634281827629311290e-01
3.811063309589173276e-01 1.256919389876653526e+00 4.635271994654283079e-01
3.823278256094266858e-01 1.257840919715048411e+00 4.636190894324445644e-01
3.835493202599360441e-01 1.258763125187258636e+00 4.637038808105928833e-01
3.847708149104454023e-01 1.259686006788635515e+00 4.637816018544946850e-01
3.859923095609547605e-01 1.260609565014893851e+00 4.638522809263420088e-01
3.872138042114640633e-01 1.261533800362111490e+00 4.639159464954589751e-01
3.884352988619734215e-01 1.262458713326729987e+00 4.639726271378669664e-01
3.896567935124827797e-01 1.263384304405555048e+00 4.640223515358472550e-01
3.908782881629921380e-01 1.264310574095756534e+00 4.640651484775082936e-01
3.920997828135014962e-01 1.265237522894869127e+00 4.641010468563531721e-01
3.933212774640108544e-01 1.266165151300791658e+00 4.641300756708467423e-01
3.945427721145202127e-01 1.267093459811788447e+00 4.641522640239845732e-01
3.957642667650295154e-01 1.268022448926488854e+00 4.641676411228644050e-01
3.969857614155388736e-01 1.268952119143888391e+00 4.641762362782576590e-01
3.982072560660482319e-01 1.269882470963347609e+00 4.641780789041797806e-01
3.994287507165575901e-01 1.270813504884593881e+00 4.641731985174662456e-01
4.006502453670669484e-01 1.271745221407720505e+00 4.641616247373462345e-01
4.018717400175763066e-01 1.272677621033187600e+00 4.641433872850181941e-01
4.030932346680856648e-01 1.273610704261822102e+00 4.641185159832267315e-01
4.043147293185949676e-01 1.274544471594818207e+00 4.640870407558411737e-01
4.055362239691043258e-01 1.275478923533737596e+00 4.640489916274331827e-01
4.067577186196136840e-01 1.276414060580509879e+00 4.640043987228567590e-01
4.079792132701230423e-01 1.277349883237432371e+00 4.639532922668312409e-01
4.092007079206324005e-01 1.278286392007170535e+00 4.638957025835204750e-01
4.104222025711417587e-01 1.279223587392758654e+00 4.638316600961182035e-01
4.116436972216511170e-01 1.280161469897599824e+00 4.637611953264293430e-01
4.128651918721604197e-01 1.281100040025465958e+00 4.636843388944587585e-01
4.140866865226697779e-01 1.282039298280498674e+00 4.636011215179936529e-01
4.153081811731791362e-01 1.282979245167208848e+00 4.635115740121933392e-01
4.165296758236884944e-01 1.283919881190477508e+00 4.634157272891746282e-01
4.177511704741978527e-01 1.284861206855555604e+00 4.633136123576037102e-01
4.189726651247072109e-01 1.285803222668064905e+00 4.632052603222840403e-01
4.201941597752165691e-01 1.286745929133997546e+00 4.630907023837479430e-01
4.214156544257258719e-01 1.287689326759716701e+00 4.629699698378488271e-01
4.226371490762352301e-01 1.288633416051957026e+00 4.628430940753532341e-01
4.238586437267445883e-01 1.289578197517824210e+00 4.627101065815357184e-01
4.250801383772539466e-01 1.290523671664796090e+00 4.625710389357724495e-01
4.263016330277633048e-01 1.291469839000722653e+00 4.624259228111383124e-01
4.275231276782726630e-01 1.292416700033825805e+00 4.622747899740016209e-01
4.287446223287820213e-01 1.293364255272700492e+00 4.621176722836238260e-01
4.299661169792913240e-01 1.294312505226314469e+00 4.619546016917558950e-01
4.311876116298006822e-01 1.295261450404008752e+00 4.617856102422391307e-01
4.324091062803100405e-01 1.296211091315496944e+00 4.616107300706050465e-01
4.336306009308193987e-01 1.297161428470867683e+00 4.614299934036756312e-01
4.348520955813287570e-01 1.298112462380582421e+00 4.612434325591666107e-01
4.360735902318381152e-01 1.299064193555477642e+00 4.610510799452900432e-01
4.372950848823474734e-01 1.300016622506763975e+00 4.608529680603574707e-01
4.385165795328568317e-01 1.300969749746026860e+00 4.606491294923850677e-01
4.397380741833661344e-01 1.301923575785226994e+00 4.604395969186990678e-01
4.409595688338754926e-01 1.302878101136700550e+00 4.602244031055421347e-01
4.421810634843848509e-01 1.303833326313158736e+00 4.600035809076801208e-01
4.434025581348942091e-01 1.304789251827689123e+00 4.597771632680102138e-01
4.446240527854035673e-01 1.305745878193755649e+00 4.595451832171705830e-01
4.458455474359129256e-01 1.306703205925197953e+00 4.593076738731496356e-01
4.470670420864222838e-01 1.307661235536233368e+00 4.590646684408949407e-01
4.482885367369315865e-01 1.308619967541455154e+00 4.588162002119267058e-01
4.495100313874409448e-01 1.309579402455835151e+00 4.585623025639484207e-01
4.507315260379503030e-01 1.310539540794721569e+00 4.583030089604606672e-01
4.519530206884596613e-01 1.311500383073840981e+00 4.580383529503739282e-01
4.531745153389690195e-01 1.312461929809298322e+00 4.577683681676229521e-01
4.543960099894783777e-01 1.313424181517576228e+00 4.574930883307826157e-01
4.556175046399877360e-01 1.314387138715536585e+00 4.572125472426834536e-01
4.568389992904970387e-01 1.315350801920420087e+00 4.569267787900281319e-01
4.580604939410063969e-01 1.316315171649846461e+00 4.566358169430088099e-01
4.592819885915157552e-01 1.317280248421815347e+00 4.563396957549260557e-01
4.605034832420251134e-01 1.318246032754705643e+00 4.560384493618063750e-01
4.617249778925344716e-01 1.319212525167276606e+00 4.557321119820228472e-01
4.629464725430438299e-01 1.320179726178667634e+00 4.554207179159153740e-01
4.641679671935531881e-01 1.321147636308399154e+00 4.551043015454107055e-01
4.653894618440624908e-01 1.322116256076371954e+00 4.547828973336451308e-01
4.666109564945718491e-01 1.323085586002868519e+00 4.544565398245857812e-01
4.678324511450812073e-01 1.324055626608552361e+00 4.541252636426550970e-01
4.690539457955905656e-01 1.325026378414469130e+00 4.537891034923536848e-01
4.702754404460999238e-01 1.325997841942045730e+00 4.534480941578841184e-01
4.714969350966092820e-01 1.326970017713092309e+00 4.531022705027765718e-01
4.727184297471186403e-01 1.327942906249801158e+00 4.527516674695151178e-01
4.739399243976279430e-01 1.328916508074747149e+00 4.523963200791624173e-01
4.751614190481373012e-01 1.329890823710888625e+00 4.520362634309881833e-01
4.763829136986466595e-01 1.330865853681567401e+00 4.516715327020960347e-01
4.776044083491560177e-01 1.331841598510508762e+00 4.513021631470505168e-01
4.788259029996653759e-01 1.332818058721822352e+00 4.509281900975088409e-01
4.800473976501747342e-01 1.333795234840001287e+00 4.505496489618462941e-01
4.812688923006840924e-01 1.334773127389924152e+00 4.501665752247898111e-01
4.824903869511933951e-01 1.335751736896853670e+00 4.497790044470462156e-01
4.837118816017027534e-01 1.336731063886438031e+00 4.493869722649334042e-01
4.849333762522121116e-01 1.337711108884710676e+00 4.489905143900135287e-01
4.861548709027214699e-01 1.338691872418090956e+00 4.485896666087227924e-01
4.873763655532308281e-01 1.339673355013383693e+00 4.481844647820067973e-01
4.885978602037401863e-01 1.340655557197780290e+00 4.477749448449511727e-01
4.898193548542495446e-01 1.341638479498858505e+00 4.473611428064176998e-01
4.910408495047588473e-01 1.342622122444583344e+00 4.469430947486767169e-01
4.922623441552682055e-01 1.343606486563306168e+00 4.465208368270434658e-01
4.934838388057775638e-01 1.344591572383766476e+00 4.460944052695112738e-01
4.947053334562869220e-01 1.345577380435090564e+00 4.456638363763906208e-01
4.959268281067962802e-01 1.346563911246793310e+00 4.452291665199415993e-01
4.971483227573056385e-01 1.347551165348777946e+00 4.447904321440133701e-01
4.983698174078149967e-01 1.348539143271335394e+00 4.443476697636805639e-01
4.995913120583242994e-01 1.349527845545146043e+00 4.439009159648807379e-01
5.008128067088336577e-01 1.350517272701279525e+00 4.434502074040520547e-01
5.020343013593430159e-01 1.351507425271194052e+00 4.429955808077732926e-01
5.032557960098523742e-01 1.352498303786738187e+00 4.425370729724011909e-01
5.044772906603617324e-01 1.353489908780149964e+00 4.420747207637104603e-01
5.056987853108710906e-01 1.354482240784057989e+00 4.416085611165339042e-01
5.069202799613804489e-01 1.355475300331481225e+00 4.411386310344023176e-01
5.081417746118898071e-01 1.356469087955829433e+00 4.406649675891849416e-01
5.093632692623991653e-01 1.357463604190903395e+00 4.401876079207300840e-01
5.105847639129085236e-01 1.358458849570895133e+00 4.397065892365084050e-01
5.118062585634178818e-01 1.359454824630388803e+00 4.392219488112508730e-01
5.130277532139271290e-01 1.360451529904360024e+00 4.387337239865953809e-01
5.142492478644364873e-01 1.361448965928176547e+00 4.382419521707253685e-01
5.154707425149458455e-01 1.362447133237599584e+00 4.377466708380142180e-01
5.166922371654552038e-01 1.363446032368781813e+00 4.372479175286690944e-01
5.179137318159645620e-01 1.364445663858269819e+00 4.367457298483725658e-01
5.191352264664739202e-01 1.365446028243003651e+00 4.362401454679267765e-01
5.203567211169832785e-01 1.366447126060316375e+00 4.357312021228988974e-01
5.215782157674926367e-01 1.367448957847935631e+00 4.352189376132636900e-01
5.227997104180019949e-01 1.368451524143982967e+00 4.347033898030489008e-01
5.240212050685113532e-01 1.369454825486974725e+00 4.341845966199796014e-01
5.252426997190207114e-01 1.370458862415821821e+00 4.336625960551238057e-01
5.264641943695300697e-01 1.371463635469830189e+00 4.331374261625376421e-01
5.276856890200394279e-01 1.372469145188701667e+00 4.326091250589113035e-01
5.289071836705487861e-01 1.373475392112533111e+00 4.320777309232137764e-01
5.301286783210580333e-01 1.374482376781817949e+00 4.315432819963402333e-01
5.313501729715673916e-01 1.375490099737445737e+00 4.310058165807574837e-01
5.325716676220767498e-01 1.376498561520702157e+00 4.304653730401507006e-01
5.337931622725861081e-01 1.377507762673270353e+00 4.299219897990701478e-01
5.350146569230954663e-01 1.378517703737230260e+00 4.293757053425776293e-01
5.362361515736048245e-01 1.379528385255059497e+00 4.288265582158947153e-01
5.374576462241141828e-01 1.380539807769632921e+00 4.282745870240484698e-01
5.386791408746235410e-01 1.381551971824223957e+00 4.277198304315198429e-01
5.399006355251328992e-01 1.382564877962503935e+00 4.271623271618899542e-01
5.411221301756422575e-01 1.383578526728542979e+00 4.266021159974898724e-01
5.423436248261516157e-01 1.384592918666810224e+00 4.260392357790463436e-01
5.435651194766609740e-01 1.385608054322174043e+00 4.254737254053305717e-01
5.447866141271703322e-01 1.386623934239901379e+00 4.249056238328063895e-01
5.460081087776796904e-01 1.387640558965660409e+00 4.243349700752773734e-01
5.472296034281889376e-01 1.388657929045518324e+00 4.237618032035365689e-01
5.484510980786982959e-01 1.389676045025942885e+00 4.231861623450137166e-01
5.496725927292076541e-01 1.390694907453802642e+00 4.226080866834235339e-01
5.508940873797170124e-01 1.391714516876367380e+00 4.220276154584149952e-01
5.521155820302263706e-01 1.392734873841307452e+00 4.214447879652185591e-01
5.533370766807357288e-01 1.393755978896695114e+00 4.208596435542956149e-01
5.545585713312450871e-01 1.394777832591004296e+00 4.202722216309867642e-01
5.557800659817544453e-01 1.395800435473111500e+00 4.196825616551597138e-01
5.570015606322638035e-01 1.396823788092295127e+00 4.190907031408592776e-01
5.582230552827731618e-01 1.397847890998236586e+00 4.184966856559543813e-01
5.594445499332825200e-01 1.398872744741020080e+00 4.179005488217875097e-01
5.606660445837918783e-01 1.399898349871133041e+00 4.173023323128229878e-01
5.618875392343012365e-01 1.400924706939467024e+00 4.167020758562949845e-01
5.631090338848105947e-01 1.401951816497317038e+00 4.160998192318565714e-01
5.643305285353199530e-01 1.402979679096382215e+00 4.154956022712283925e-01
5.655520231858292002e-01 1.404008295288766472e+00 4.148894648578463906e-01
5.667735178363385584e-01 1.405037665626978294e+00 4.142814469265096999e-01
5.679950124868479167e-01 1.406067790663931394e+00 4.136715884630292051e-01
5.692165071373572749e-01 1.407098670952944941e+00 4.130599295038767105e-01
5.704380017878666331e-01 1.408130307047743557e+00 4.124465101358306685e-01
5.716594964383759914e-01 1.409162699502457539e+00 4.118313704956265697e-01
5.728809910888853496e-01 1.410195848871624413e+00 4.112145507696022273e-01
5.741024857393947078e-01 1.411229755710187161e+00 4.105960911933473900e-01
5.753239803899040661e-01 1.412264420573496659e+00 4.099760320513496925e-01
5.765454750404134243e-01 1.413299844017309903e+00 4.093544136766429364e-01
5.777669696909227826e-01 1.414336026597792229e+00 4.087312764504541507e-01
5.789884643414321408e-01 1.415372968871516424e+00 4.081066608018495967e-01
5.802099589919414990e-01 1.416410671395463172e+00 4.074806072073826613e-01
5.814314536424508573e-01 1.417449134727021498e+00 4.068531561907404170e-01
5.826529482929601045e-01 1.418488359423989431e+00 4.062243483223885177e-01
5.838744429434694627e-01 1.419528346044574008e+00 4.055942242192186464e-01
5.850959375939788210e-01 1.420569095147390826e+00 4.049628245441950769e-01
5.863174322444881792e-01 1.421610607291466044e+00 4.043301900059981246e-01
5.875389268949975374e-01 1.422652883036234384e+00 4.036963613586720956e-01
5.887604215455068957e-01 1.423695922941542014e+00 4.030613794012679607e-01
5.899819161960162539e-01 1.424739727567644998e+00 4.024252849774900831e-01
5.912034108465256121e-01 1.425784297475209961e+00 4.017881189753405580e-01
5.924249054970349704e-01 1.426829633225314975e+00 4.011499223267626091e-01
5.936464001475443286e-01 1.427875735379449340e+00 4.005107360072852063e-01
5.948678947980536869e-01 1.428922604499513582e+00 3.998706010356670726e-01
5.960893894485630451e-01 1.429970241147821230e+00 3.992295584735390257e-01
5.973108840990724033e-01 1.431018645887097041e+00 3.985876494250482627e-01
5.985323787495817616e-01 1.432067819280478771e+00 3.979449150364998689e-01
5.997538734000910088e-01 1.433117761891517183e+00 3.973013964960002697e-01
6.009753680506003670e-01 1.434168474284176042e+00 3.966571350330976298e-01
6.021968627011097253e-01 1.435219957022832782e+00 3.960121719184249156e-01
6.034183573516190835e-01 1.436272210672278060e+00 3.953665484633402949e-01
6.046398520021284417e-01 1.437325235797717093e+00 3.947203060195683122e-01
6.058613466526378000e-01 1.438379032964769655e+00 3.940734859788396771e-01
6.070828413031471582e-01 1.439433602739469853e+00 3.934261297725312745e-01
6.083043359536565164e-01 1.440488945688267020e+00 3.927782788713063411e-01
6.095258306041658747e-01 1.441545062378025266e+00 3.921299747847525885e-01
6.107473252546752329e-01 1.442601953376025259e+00 3.914812590610211029e-01
6.119688199051845912e-01 1.443659619249962445e+00 3.908321732864650233e-01
6.131903145556939494e-01 1.444718060567949491e+00 3.901827590852761096e-01
6.144118092062033076e-01 1.445777277898515178e+00 3.895330581191221442e-01
6.156333038567126659e-01 1.446837271810604841e+00 3.888831120867846103e-01
6.168547985072219131e-01 1.447898042873581259e+00 3.882329627237930958e-01
6.180762931577312713e-01 1.448959591657224655e+00 3.875826518020623057e-01
6.192977878082406296e-01 1.450021918731733139e+00 3.869322211295259661e-01
6.205192824587499878e-01 1.451085024667722267e+00 3.862817125497723381e-01
6.217407771092593460e-01 1.452148910036226592e+00 3.856311679416769556e-01
6.229622717597687043e-01 1.453213575408699221e+00 3.849806292190371959e-01
6.241837664102780625e-01 1.454279021357011592e+00 3.843301383302042407e-01
6.254052610607874207e-01 1.455345248453455476e+00 3.836797372577151477e-01
6.266267557112967790e-01 1.456412257270741195e+00 3.830294680179252564e-01
6.278482503618061372e-01 1.457480048382000071e+00 3.823793726606377064e-01
6.290697450123154955e-01 1.458548622360782421e+00 3.817294932687350650e-01
6.302912396628248537e-01 1.459617979781059560e+00 3.810798719578086802e-01
6.315127343133342119e-01 1.460688121217224245e+00 3.804305508757865883e-01
6.327342289638435702e-01 1.461759047244089560e+00 3.797815722025634777e-01
6.339557236143529284e-01 1.462830758436890255e+00 3.791329781496272089e-01
6.351772182648621756e-01 1.463903255371282741e+00 3.784848109596861687e-01
6.363987129153715339e-01 1.464976538623345759e+00 3.778371129062949585e-01
6.376202075658808921e-01 1.466050608769580377e+00 3.771899262934810260e-01
6.388417022163902503e-01 1.467125466386909771e+00 3.765432934553684108e-01
6.400631968668996086e-01 1.468201112052681001e+00 3.758972567558026001e-01
6.412846915174089668e-01 1.469277546344663454e+00 3.752518585879731638e-01
6.425061861679183250e-01 1.470354769841050846e+00 3.746071413740366118e-01
6.437276808184276833e-01 1.471432783120460774e+00 3.739631475647381409e-01
6.449491754689370415e-01 1.472511586761934499e+00 3.733199196390329933e-01
6.461706701194463998e-01 1.473591181344938272e+00 3.726775001037058166e-01
6.473921647699557580e-01 1.474671567449362897e+00 3.720359314929908567e-01
6.486136594204651162e-01 1.475752745655525056e+00 3.713952563681898189e-01
6.498351540709744745e-01 1.476834716544165760e+00 3.707555173172903951e-01
6.510566487214838327e-01 1.477917480696452568e+00 3.701167569545825708e-01
6.522781433719930799e-01 1.479001038693979142e+00 3.694790179202743774e-01
6.534996380225024382e-01 1.480085391118765248e+00 3.688423428801075876e-01
6.547211326730117964e-01 1.481170538553257643e+00 3.682067745249719137e-01
6.559426273235211546e-01 1.482256481580329410e+00 3.675723555705183720e-01
6.571641219740305129e-01 1.483343220783282179e+00 3.669391287567707050e-01
6.583856166245398711e-01 1.484430756745844349e+00 3.663071368477386347e-01
6.596071112750492293e-01 1.485519090052172420e+00 3.656764226310276200e-01
6.608286059255585876e-01 1.486608221286851439e+00 3.650470289174474470e-01
6.620501005760679458e-01 1.487698151034894556e+00 3.644189985406235954e-01
6.632715952265773041e-01 1.488788879881744354e+00 3.637923743566015555e-01
6.644930898770866623e-01 1.489880408413272628e+00 3.631671992434563068e-01
6.657145845275960205e-01 1.490972737215780386e+00 3.625435161008967455e-01
6.669360791781053788e-01 1.492065866875998736e+00 3.619213678498704456e-01
6.681575738286147370e-01 1.493159797981088444e+00 3.613007974321683635e-01
6.693790684791239842e-01 1.494254531118641705e+00 3.606818478100258796e-01
6.706005631296333425e-01 1.495350066876680595e+00 3.600645619657253382e-01
6.718220577801427007e-01 1.496446405843659067e+00 3.594489829011969784e-01
6.730435524306520589e-01 1.497543548608462061e+00 3.588351536376174211e-01
6.742650470811614172e-01 1.498641495760405951e+00 3.582231172150092124e-01
6.754865417316707754e-01 1.499740247889240097e+00 3.576129166918368130e-01
6.767080363821801336e-01 1.500839805585145514e+00 3.570045951446038091e-01
6.779295310326894919e-01 1.501940169438736206e+00 3.563981956674476814e-01
6.791510256831988501e-01 1.503041340041058938e+00 3.557937613717334080e-01
6.803725203337082084e-01 1.504143317983593908e+00 3.551913353856466227e-01
6.815940149842175666e-01 1.505246103858255413e+00 3.545909608537851643e-01
6.828155096347269248e-01 1.506349698257391179e+00 3.539926809367491822e-01
6.840370042852362831e-01 1.507454101773783250e+00 3.533965388107307426e-01
6.852584989357456413e-01 1.508559315000648660e+00 3.528025776671016578e-01
6.864799935862548885e-01 1.509665338531638756e+00 3.522108407120005946e-01
6.877014882367642468e-01 1.510772172960840987e+00 3.516213711659178509e-01
6.889229828872736050e-01 1.511879818882777782e+00 3.510342122632809092e-01
6.901444775377829632e-01 1.512988276892407224e+00 3.504494072520363823e-01
6.913659721882923215e-01 1.514097547585124159e+00 3.498669993932329580e-01
6.925874668388016797e-01 1.515207631556759971e+00 3.492870319606004026e-01
6.938089614893110380e-01 1.516318529403582138e+00 3.487095482401305624e-01
6.950304561398203962e-01 1.517430241722296014e+00 3.481345915296539251e-01
6.962519507903297544e-01 1.518542769110044599e+00 3.475622051384167355e-01
6.974734454408391127e-01 1.519656112164407658e+00 3.469924323866565574e-01
6.986949400913484709e-01 1.520770271483404379e+00 3.464253166051755595e-01
6.999164347418578291e-01 1.521885247665491381e+00 3.458609011349136342e-01
7.011379293923671874e-01 1.523001041309564263e+00 3.452992293265189638e-01
7.023594240428765456e-01 1.524117653014958496e+00 3.447403445399182531e-01
7.035809186933859039e-01 1.525235083381447865e+00 3.441842901438855740e-01
7.048024133438951511e-01 1.526353333009246693e+00 3.436311095156077688e-01
7.060239079944045093e-01 1.527472402499008730e+00 3.430808460402520188e-01
7.072454026449138675e-01 1.528592292451828705e+00 3.425335431105280826e-01
7.084668972954232258e-01 1.529713003469241661e+00 3.419892441262515348e-01
7.096883919459325840e-01 1.530834536153223624e+00 3.414479924939064492e-01
7.109098865964419423e-01 1.531956891106192487e+00 3.409098316262016981e-01
7.121313812469513005e-01 1.533080068931007123e+00 3.403748049416325250e-01
7.133528758974606587e-01 1.534204070230968719e+00 3.398429558640356229e-01
7.145743705479700170e-01 1.535328895609820776e+00 3.393143278221436021e-01
7.157958651984793752e-01 1.536454545671749550e+00 3.387889642491396791e-01
7.170173598489887334e-01 1.537581021021384275e+00 3.382669085822095911e-01
7.182388544994980917e-01 1.538708322263797168e+00 3.377482042620914560e-01
7.194603491500074499e-01 1.539836450004504309e+00 3.372328947326250770e-01
7.206818438005168082e-01 1.540965404849465648e+00 3.367210234402986391e-01
7.219033384510260554e-01 1.542095187405085444e+00 3.362126338337951825e-01
7.231248331015354136e-01 1.543225798278212491e+00 3.357077693635357463e-01
7.243463277520447718e-01 1.544357238076140559e+00 3.352064734812224556e-01
7.255678224025541301e-01 1.545489507406608842e+00 3.347087896393783346e-01
7.267893170530634883e-01 1.546622606877801731e+00 3.342147612908873966e-01
7.280108117035728466e-01 1.547756537098349705e+00 3.337244318885312366e-01
7.292323063540822048e-01 1.548891298677329553e+00 3.332378448845249030e-01
7.304538010045915630e-01 1.550026892224264374e+00 3.327550437300508257e-01
7.316752956551009213e-01 1.551163318349124465e+00 3.322760718747905795e-01
7.328967903056102795e-01 1.552300577662327097e+00 3.318009727664561481e-01
7.341182849561196377e-01 1.553438670774737407e+00 3.313297898503178018e-01
7.353397796066289960e-01 1.554577598297667729e+00 3.308625665687318085e-01
7.365612742571383542e-01 1.555717360842879149e+00 3.303993463606647030e-01
7.377827689076477125e-01 1.556857959022581284e+00 3.299401726612170016e-01
7.390042635581569597e-01 1.557999393449432057e+00 3.294850889011452511e-01
7.402257582086663179e-01 1.559141664736539479e+00 3.290341385063798585e-01
7.414472528591756761e-01 1.560284773497460309e+00 3.285873648975452532e-01
7.426687475096850344e-01 1.561428720346201615e+00 3.281448114894741641e-01
7.438902421601943926e-01 1.562573505897219883e+00 3.277065216907227296e-01
7.451117368107037509e-01 1.563719130765423015e+00 3.272725389030815002e-01
7.463332314612131091e-01 1.564865595566169443e+00 3.268429065210867179e-01
7.475547261117224673e-01 1.566012900915268347e+00 3.264176679315284879e-01
7.487762207622318256e-01 1.567161047428980991e+00 3.259968665129562293e-01
7.499977154127411838e-01 1.568310035724020057e+00 3.255805456351846816e-01
7.512192100632505420e-01 1.569459866417550531e+00 3.251687486587947484e-01
7.524407047137599003e-01 1.570610540127189925e+00 3.247615189346353404e-01
7.536621993642692585e-01 1.571762057471008278e+00 3.243588998033210546e-01
7.548836940147786168e-01 1.572914419067529046e+00 3.239609345947285779e-01
7.561051886652878640e-01 1.574067625535729320e+00 3.235676666274917013e-01
7.573266833157972222e-01 1.575221677495039829e+00 3.231791392084928938e-01
7.585481779663065804e-01 1.576376575565345162e+00 3.227953956323545981e-01
7.597696726168159387e-01 1.577532320366985097e+00 3.224164791809264186e-01
7.609911672673252969e-01 1.578688912520753274e+00 3.220424331227722536e-01
7.622126619178346552e-01 1.579846352647898966e+00 3.216733007126533206e-01
7.634341565683440134e-01 1.581004641370127306e+00 3.213091251910111246e-01
7.646556512188533716e-01 1.582163779309598839e+00 3.209499497834459314e-01
7.658771458693627299e-01 1.583323767088929968e+00 3.205958177001957399e-01
7.670986405198720881e-01 1.584484605331194063e+00 3.202467721356107022e-01
7.683201351703814463e-01 1.585646294659921240e+00 3.199028562676265453e-01
7.695416298208908046e-01 1.586808835699098585e+00 3.195641132572360488e-01
7.707631244714001628e-01 1.587972229073170594e+00 3.192305862479573042e-01
7.719846191219095211e-01 1.589136475407040061e+00 3.189023183653008631e-01
7.732061137724187683e-01 1.590301575326067196e+00 3.185793527162329442e-01
7.744276084229281265e-01 1.591467529456071617e+00 3.182617323886388627e-01
7.756491030734374847e-01 1.592634338423331020e+00 3.179495004507819633e-01
7.768705977239468430e-01 1.593802002854582511e+00 3.176426999507611093e-01
7.780920923744562012e-01 1.594970523377022831e+00 3.173413739159658409e-01
7.793135870249655595e-01 1.596139900618308127e+00 3.170455653525293682e-01
7.805350816754749177e-01 1.597310135206555515e+00 3.167553172447788445e-01
7.817565763259842759e-01 1.598481227770341739e+00 3.164706725546833077e-01
7.829780709764936342e-01 1.599653178938704956e+00 3.161916742212997899e-01
7.841995656270029924e-01 1.600825989341144506e+00 3.159183651602159304e-01
7.854210602775123506e-01 1.601999659607620696e+00 3.156507882629913109e-01
7.866425549280217089e-01 1.603174190368556573e+00 3.153889863965959051e-01
7.878640495785310671e-01 1.604349582254836593e+00 3.151330024028455856e-01
7.890855442290404254e-01 1.605525835897808173e+00 3.148828790978362990e-01
7.903070388795497836e-01 1.606702951929281697e+00 3.146386592713742436e-01
7.915285335300590308e-01 1.607880930981530065e+00 3.144003856864051594e-01
7.927500281805683890e-01 1.609059773687291139e+00 3.141681010784395656e-01
7.939715228310777473e-01 1.610239480679765078e+00 3.139418481549771656e-01
7.951930174815871055e-01 1.611420052592617225e+00 3.137216695949265333e-01
7.964145121320964638e-01 1.612601490059977660e+00 3.135076080480244665e-01
7.976360067826058220e-01 1.613783793716440318e+00 3.132997061342509548e-01
7.988575014331151802e-01 1.614966964197065868e+00 3.130980064432431487e-01
8.000789960836245385e-01 1.616151002137379056e+00 3.129025515337049423e-01
8.013004907341338967e-01 1.617335908173372028e+00 3.127133839328149478e-01
8.025219853846432549e-01 1.618521682941502116e+00 3.125305461356326919e-01
8.037434800351526132e-01 1.619708327078693610e+00 3.123540806044997620e-01
8.049649746856619714e-01 1.620895841222338207e+00 3.121840297684403964e-01
8.061864693361713297e-01 1.622084226010294339e+00 3.120204360225585782e-01
8.074079639866806879e-01 1.623273482080888286e+00 3.118633417274321307e-01
8.086294586371899351e-01 1.624463610072914177e+00 3.117127892085047591e-01
8.098509532876992933e-01 1.625654610625635099e+00 3.115688207554741518e-01
8.110724479382086516e-01 1.626846484378782209e+00 3.114314786216790254e-01
8.122939425887180098e-01 1.628039231972555845e+00 3.113008050234815638e-01
8.135154372392273681e-01 1.629232854047625745e+00 3.111768421396483575e-01
8.147369318897367263e-01 1.630427351245131273e+00 3.110596321107281792e-01
8.159584265402460845e-01 1.631622724206682085e+00 3.109492170384262066e-01
8.171799211907554428e-01 1.632818973574357901e+00 3.108456389849761914e-01
8.184014158412648010e-01 1.634016099990709625e+00 3.107489399725096857e-01
8.196229104917741592e-01 1.635214104098758892e+00 3.106591619824213835e-01
8.208444051422835175e-01 1.636412986541998738e+00 3.105763469547336841e-01
8.220658997927928757e-01 1.637612747964394488e+00 3.105005367874550948e-01
8.232873944433022340e-01 1.638813389010383315e+00 3.104317733359390763e-01
8.245088890938115922e-01 1.640014910324874453e+00 3.103700984122372830e-01
8.257303837443208394e-01 1.641217312553250318e+00 3.103155537844516365e-01
8.269518783948301976e-01 1.642420596341366945e+00 3.102681811760816255e-01
8.281733730453395559e-01 1.643624762335553102e+00 3.102280222653703845e-01
8.293948676958489141e-01 1.644829811182612067e+00 3.101951186846462760e-01
8.306163623463582724e-01 1.646035743529820738e+00 3.101695120196623634e-01
8.318378569968676306e-01 1.647242560024931191e+00 3.101512438089321644e-01
8.330593516473769888e-01 1.648450261316169563e+00 3.101403555430622960e-01
8.342808462978863471e-01 1.649658848052238280e+00 3.101368886640826217e-01
8.355023409483957053e-01 1.650868320882314944e+00 3.101408845647727341e-01
8.367238355989050635e-01 1.652078680456052773e+00 3.101523845879848862e-01
8.379453302494144218e-01 1.653289927423581496e+00 3.101714300259652557e-01
8.391668248999237800e-01 1.654502062435507792e+00 3.101980621196694932e-01
8.403883195504331383e-01 1.655715086142914849e+00 3.102323220580776586e-01
8.416098142009424965e-01 1.656928999197363694e+00 3.102742509775043289e-01
8.428313088514517437e-01 1.658143802250892529e+00 3.103238899609059853e-01
8.440528035019611020e-01 1.659359495956018504e+00 3.103812800371841263e-01
8.452742981524704602e-01 1.660576080965735946e+00 3.104464621804877700e-01
8.464957928029798184e-01 1.661793557933519017e+00 3.105194773095085736e-01
8.477172874534891767e-01 1.663011927513320387e+00 3.106003662867765636e-01
8.489387821039985349e-01 1.664231190359571899e+00 3.106891699179497035e-01
8.501602767545078931e-01 1.665451347127186343e+00 3.107859289511016865e-01
8.513817714050172514e-01 1.666672398471555461e+00 3.108906840760051749e-01
8.526032660555266096e-01 1.667894345048552163e+00 3.110034759234132085e-01
8.538247607060359678e-01 1.669117187514530087e+00 3.111243450643349506e-01
8.550462553565453261e-01 1.670340926526324044e+00 3.112533320093096023e-01
8.562677500070546843e-01 1.671565562741250233e+00 3.113904772076768745e-01
8.574892446575640426e-01 1.672791096817107359e+00 3.115358210468428535e-01
8.587107393080734008e-01 1.674017529412175742e+00 3.116894038515429788e-01
8.599322339585826480e-01 1.675244861185218648e+00 3.118512658831021911e-01
8.611537286090920063e-01 1.676473092795482289e+00 3.120214473386894172e-01
8.623752232596013645e-01 1.677702224902696049e+00 3.121999883505711670e-01
8.635967179101107227e-01 1.678932258167073366e+00 3.123869289853594133e-01
8.648182125606200810e-01 1.680163193249311515e+00 3.125823092432567507e-01
8.660397072111294392e-01 1.681395030810592273e+00 3.127861690572976139e-01
8.672612018616387974e-01 1.682627771512581694e+00 3.129985482925863316e-01
8.684826965121481557e-01 1.683861416017431667e+00 3.132194867455307397e-01
8.697041911626575139e-01 1.685095964987778805e+00 3.134490241430724078e-01
8.709256858131668722e-01 1.686331419086746441e+00 3.136872001419135914e-01
8.721471804636762304e-01 1.687567778977943300e+00 3.139340543277395756e-01
8.733686751141855886e-01 1.688805045325465048e+00 3.141896262144379115e-01
8.745901697646949469e-01 1.690043218793894075e+00 3.144539552433134322e-01
8.758116644152043051e-01 1.691282300048299714e+00 3.147270807822998284e-01
8.770331590657136633e-01 1.692522289754239795e+00 3.150090421251671158e-01
8.782546537162229106e-01 1.693763188577759315e+00 3.152998784907248275e-01
8.794761483667322688e-01 1.695004997185391993e+00 3.155996290220229872e-01
8.806976430172416270e-01 1.696247716244159820e+00 3.159083327855464196e-01
8.819191376677509853e-01 1.697491346421574399e+00 3.162260287704080630e-01
8.831406323182603435e-01 1.698735888385636272e+00 3.165527558875360081e-01
8.843621269687697017e-01 1.699981342804835815e+00 3.168885529688582059e-01
8.855836216192790600e-01 1.701227710348153677e+00 3.172334587664823458e-01
8.868051162697884182e-01 1.702474991685060779e+00 3.175875119518707934e-01
8.880266109202977765e-01 1.703723187485519208e+00 3.179507511150148069e-01
8.892481055708071347e-01 1.704972298419981991e+00 3.183232147635999265e-01
8.904696002213164929e-01 1.706222325159393316e+00 3.187049413221718641e-01
8.916910948718258512e-01 1.707473268375190312e+00 3.190959691312946211e-01
8.929125895223352094e-01 1.708725128739301269e+00 3.194963364467076072e-01
8.941340841728445676e-01 1.709977906924148083e+00 3.199060814384754314e-01
8.953555788233538149e-01 1.711231603602644702e+00 3.203252421901368052e-01
8.965770734738631731e-01 1.712486219448199343e+00 3.207538566978463401e-01
8.977985681243725313e-01 1.713741755134713385e+00 3.211919628695139028e-01
8.990200627748818896e-01 1.714998211336582035e+00 3.216395985239393629e-01
9.002415574253912478e-01 1.716255588728695880e+00 3.220968013899428994e-01
9.014630520759006060e-01 1.717513887986439558e+00 3.225636091054908672e-01
9.026845467264099643e-01 1.718773109785693087e+00 3.230400592168173324e-01
9.039060413769193225e-01 1.720033254802831868e+00 3.235261891775422227e-01
9.051275360274286808e-01 1.721294323714727348e+00 3.240220363477835375e-01
9.063490306779380390e-01 1.722556317198747244e+00 3.245276379932666710e-01
9.075705253284473972e-01 1.723819235932756211e+00 3.250430312844285741e-01
9.087920199789567555e-01 1.725083080595115170e+00 3.255682532955169739e-01
9.100135146294661137e-01 1.726347851864682648e+00 3.261033410036865421e-01
9.112350092799754719e-01 1.727613550420815214e+00 3.266483312880900103e-01
9.124565039304847192e-01 1.728880176943367708e+00 3.272032609289630689e-01
9.136779985809940774e-01 1.730147732112692127e+00 3.277681666067077115e-01
9.148994932315034356e-01 1.731416216609641179e+00 3.283430849009699726e-01
9.161209878820127939e-01 1.732685631115565172e+00 3.289280522897107817e-01
9.173424825325221521e-01 1.733955976312314462e+00 3.295231051482752083e-01
9.185639771830315103e-01 1.735227252882239668e+00 3.301282797484572651e-01
9.197854718335408686e-01 1.736499461508191011e+00 3.307436122575563298e-01
9.210069664840502268e-01 1.737772602873520311e+00 3.313691387374340103e-01
9.222284611345595851e-01 1.739046677662079432e+00 3.320048951435610740e-01
9.234499557850689433e-01 1.740321686558222281e+00 3.326509173240641548e-01
9.246714504355783015e-01 1.741597630246803918e+00 3.333072410187655210e-01
9.258929450860876598e-01 1.742874509413181894e+00 3.339739018582181251e-01
9.271144397365970180e-01 1.744152324743216464e+00 3.346509353627361572e-01
9.283359343871063762e-01 1.745431076923270153e+00 3.353383769414205462e-01
9.295574290376156235e-01 1.746710766640209078e+00 3.360362618911805210e-01
9.307789236881249817e-01 1.747991394581402957e+00 3.367446253957494529e-01
9.320004183386343399e-01 1.749272961434725326e+00 3.374635025246953135e-01
9.332219129891436982e-01 1.750555467888554206e+00 3.381929282324274699e-01
9.344434076396530564e-01 1.751838914631771882e+00 3.389329373571979276e-01
9.356649022901624146e-01 1.753123302353766455e+00 3.396835646200973002e-01
9.368863969406717729e-01 1.754408631744430735e+00 3.404448446240471160e-01
9.381078915911811311e-01 1.755694903494163794e+00 3.412168118527845184e-01
9.393293862416904894e-01 1.756982118293870521e+00 3.419995006698443030e-01
9.405508808921998476e-01 1.758270276834962509e+00 3.427929453175356800e-01
9.417723755427092058e-01 1.759559379809358726e+00 3.435971799159131534e-01
9.429938701932185641e-01 1.760849427909484621e+00 3.444122384617409605e-01
9.442153648437279223e-01 1.762140421828273906e+00 3.452381548274553458e-01
9.454368594942372805e-01 1.763432362259168107e+00 3.460749627601213407e-01
9.466583541447466388e-01 1.764725249896116788e+00 3.469226958803794392e-01
9.478798487952558860e-01 1.766019085433579328e+00 3.477813876813948823e-01
9.491013434457652442e-01 1.767313869566522921e+00 3.486510715277952865e-01
9.503228380962746025e-01 1.768609602990425689e+00 3.495317806546052730e-01
9.515443327467839607e-01 1.769906286401274675e+00 3.504235481661778229e-01
9.527658273972933189e-01 1.771203920495567186e+00 3.513264070351146406e-01
9.539873220478026772e-01 1.772502505970311670e+00 3.522403901011895710e-01
9.552088166983120354e-01 1.773802043523027283e+00 3.531655300702575273e-01
9.564303113488213937e-01 1.775102533851744990e+00 3.541018595131650848e-01
9.576518059993307519e-01 1.776403977655006905e+00 3.550494108646510272e-01
9.588733006498401101e-01 1.777706375631867619e+00 3.560082164222456713e-01
9.600947953003494684e-01 1.779009728481894204e+00 3.569783083451598116e-01
9.613162899508588266e-01 1.780314036905166653e+00 3.579597186531721098e-01
9.625377846013681848e-01 1.781619301602278327e+00 3.589524792255085472e-01
9.637592792518775431e-01 1.782925523274336399e+00 3.599566217997186568e-01
9.649807739023867903e-01 1.784232702622961186e+00 3.609721779705429290e-01
9.662022685528961485e-01 1.785540840350288372e+00 3.619991791887767763e-01
9.674237632034055068e-01 1.786849937158968338e+00 3.630376567601312221e-01
9.686452578539148650e-01 1.788159993752165944e+00 3.640876418440794904e-01
9.698667525044242232e-01 1.789471010833562303e+00 3.651491654527081465e-01
9.710882471549335815e-01 1.790782989107353895e+00 3.662222584495572475e-01
9.723097418054429397e-01 1.792095929278254118e+00 3.673069515484523873e-01
9.735312364559522980e-01 1.793409832051492403e+00 3.684032753123371862e-01
9.747527311064616562e-01 1.794724698132815321e+00 3.695112601520940121e-01
9.759742257569710144e-01 1.796040528228487476e+00 3.706309363253637024e-01
9.771957204074803727e-01 1.797357323045290611e+00 3.717623339353555156e-01
9.784172150579897309e-01 1.798675083290524945e+00 3.729054829296521989e-01
9.796387097084990891e-01 1.799993809672009393e+00 3.740604130990121678e-01
9.808602043590084474e-01 1.801313502898081342e+00 3.752271540761606961e-01
9.820816990095176946e-01 1.802634163677597767e+00 3.764057353345781065e-01
9.833031936600270528e-01 1.803955792719935891e+00 3.775961861872828562e-01
9.845246883105364111e-01 1.805278390734992078e+00 3.787985357856047952e-01
9.857461829610457693e-01 1.806601958433183830e+00 3.800128131179568713e-01
9.869676776115551275e-01 1.807926496525449345e+00 3.812390470085968985e-01
9.881891722620644858e-01 1.809252005723247958e+00 3.824772661163849952e-01
9.894106669125738440e-01 1.810578486738560589e+00 3.837274989335356379e-01
9.906321615630832023e-01 1.811905940283889960e+00 3.849897737843596124e-01
9.918536562135925605e-01 1.813234367072262154e+00 3.862641188240077961e-01
9.930751508641019187e-01 1.814563767817224837e+00 3.875505620371967885e-01
9.942966455146112770e-01 1.815894143232849478e+00 3.888491312369395381e-01
9.955181401651206352e-01 1.817225494033730682e+00 3.901598540632634782e-01
9.967396348156299934e-01 1.818557820934987301e+00 3.914827579819230019e-01
9.979611294661393517e-01 1.819891124652262437e+00 3.928178702831083280e-01
9.991826241166485989e-01 1.821225405901723882e+00 3.941652180801435978e-01
1.000404118767157957e+00 1.822560665400064339e+00 3.955248283081813088e-01
1.001625613417667315e+00 1.823896903864502317e+00 3.968967277228916402e-01
1.002847108068176674e+00 1.825234122012781457e+00 3.982809428991395118e-01
1.004068602718686032e+00 1.826572320563172314e+00 3.996775002296630852e-01
1.005290097369195390e+00 1.827911500234471909e+00 4.010864259237385543e-01
1.006511592019704748e+00 1.829251661746003954e+00 4.025077460058426038e-01
1.007733086670214107e+00 1.830592805817619961e+00 4.039414863143072632e-01
1.008954581320723465e+00 1.831934933169699020e+00 4.053876724999650460e-01
1.010176075971232823e+00 1.833278044523148020e+00 4.068463300247938674e-01
1.011397570621742181e+00 1.834622140599402984e+00 4.083174841605474170e-01
1.012619065272251540e+00 1.835967222120428843e+00 4.098011599873868649e-01
1.013840559922760898e+00 1.837313289808719441e+00 4.112973823924972461e-01
1.015062054573270256e+00 1.838660344387298640e+00 4.128061760687051773e-01
1.016283549223779614e+00 1.840008386579719879e+00 4.143275655130811419e-01
1.017505043874288972e+00 1.841357417110067729e+00 4.158615750255455490e-01
1.018726538524798331e+00 1.842707436702957446e+00 4.174082287074566966e-01
1.019948033175307689e+00 1.844058446083535641e+00 4.189675504602001777e-01
1.021169527825817047e+00 1.845410445977480052e+00 4.205395639837653521e-01
1.022391022476326405e+00 1.846763437111001105e+00 4.221242927753193208e-01
1.023612517126835764e+00 1.848117420210841244e+00 4.237217601277714074e-01
1.024834011777345122e+00 1.849472396004275820e+00 4.253319891283315335e-01
1.026055506427854258e+00 1.850828365219113536e+00 4.269550026570589352e-01
1.027277001078363616e+00 1.852185328583696888e+00 4.285908233854085481e-01
1.028498495728872975e+00 1.853543286826901504e+00 4.302394737747647913e-01
1.029719990379382333e+00 1.854902240678138581e+00 4.319009760749735749e-01
1.030941485029891691e+00 1.856262190867353334e+00 4.335753523228601525e-01
1.032162979680401049e+00 1.857623138125026108e+00 4.352626243407463069e-01
1.033384474330910408e+00 1.858985083182173259e+00 4.369628137349583219e-01
1.034605968981419766e+00 1.860348026770346497e+00 4.386759418943234623e-01
1.035827463631929124e+00 1.861711969621634877e+00 4.404020299886664547e-01
1.037048958282438482e+00 1.863076912468663027e+00 4.421410989672890368e-01
1.038270452932947840e+00 1.864442856044593366e+00 4.438931695574522829e-01
1.039491947583457199e+00 1.865809801083125885e+00 4.456582622628451618e-01
1.040713442233966557e+00 1.867177748318498143e+00 4.474363973620442692e-01
1.041934936884475915e+00 1.868546698485486379e+00 4.492275949069722829e-01
1.043156431534985273e+00 1.869916652319405292e+00 4.510318747213412638e-01
1.044377926185494632e+00 1.871287610556108705e+00 4.528492563990955677e-01
1.045599420836003990e+00 1.872659573931990229e+00 4.546797593028415463e-01
1.046820915486513348e+00 1.874032543183982824e+00 4.565234025622700864e-01
1.048042410137022706e+00 1.875406519049560350e+00 4.583802050725772625e-01
1.049263904787532065e+00 1.876781502266737123e+00 4.602501854928685576e-01
1.050485399438041423e+00 1.878157493574068138e+00 4.621333622445595313e-01
1.051706894088550781e+00 1.879534493710650844e+00 4.640297535097729353e-01
1.052928388739060139e+00 1.880912503416123149e+00 4.659393772297160119e-01
1.054149883389569498e+00 1.882291523430666746e+00 4.678622511030636200e-01
1.055371378040078856e+00 1.883671554495005340e+00 4.697983925843258746e-01
1.056592872690588214e+00 1.885052597350405090e+00 4.717478188822044616e-01
1.057814367341097572e+00 1.886434652738676832e+00 4.737105469579507844e-01
1.059035861991606930e+00 1.887817721402173854e+00 4.756865935237062915e-01
1.060257356642116067e+00 1.889201804083795455e+00 4.776759750408429150e-01
1.061478851292625425e+00 1.890586901526984276e+00 4.796787077182878556e-01
1.062700345943134783e+00 1.891973014475728299e+00 4.816948075108439253e-01
1.063921840593644141e+00 1.893360143674561069e+00 4.837242901175026755e-01
1.065143335244153500e+00 1.894748289868562363e+00 4.857671709797480863e-01
1.066364829894662858e+00 1.896137453803357520e+00 4.878234652798488780e-01
1.067586324545172216e+00 1.897527636225119219e+00 4.898931879391483779e-01
1.068807819195681574e+00 1.898918837880566590e+00 4.919763536163410667e-01
1.070029313846190933e+00 1.900311059516966328e+00 4.940729767057417954e-01
1.071250808496700291e+00 1.901704301882133796e+00 4.961830713355502853e-01
1.072472303147209649e+00 1.903098565724431701e+00 4.983066513660995844e-01
1.073693797797719007e+00 1.904493851792771864e+00 5.004437303881037469e-01
1.074915292448228366e+00 1.905890160836614999e+00 5.025943217208909131e-01
1.076136787098737724e+00 1.907287493605971385e+00 5.047584384106329480e-01
1.077358281749247082e+00 1.908685850851401078e+00 5.069360932285605914e-01
1.078579776399756440e+00 1.910085233324014808e+00 5.091272986691774971e-01
1.079801271050265798e+00 1.911485641775473310e+00 5.113320669484555658e-01
1.081022765700775157e+00 1.912887076957989096e+00 5.135504100020298335e-01
1.082244260351284515e+00 1.914289539624325576e+00 5.157823394833828123e-01
1.083465755001793873e+00 1.915693030527798824e+00 5.180278667620165090e-01
1.084687249652303231e+00 1.917097550422276475e+00 5.202870029216186687e-01
1.085908744302812590e+00 1.918503100062179056e+00 5.225597587582176962e-01
1.087130238953321948e+00 1.919909680202480429e+00 5.248461447783335787e-01
1.088351733603831306e+00 1.921317291598707788e+00 5.271461711971119346e-01
1.089573228254340664e+00 1.922725935006942555e+00 5.294598479364558408e-01
1.090794722904850023e+00 1.924135611183820149e+00 5.317871846231448929e-01
1.092016217555359381e+00 1.925546320886530660e+00 5.341281905869458280e-01
1.093237712205868739e+00 1.926958064872819509e+00 5.364828748587151530e-01
1.094459206856377875e+00 1.928370843900987452e+00 5.388512461684902277e-01
1.095680701506887234e+00 1.929784658729892133e+00 5.412333129435751289e-01
1.096902196157396592e+00 1.931199510118946527e+00 5.436290833066110828e-01
1.098123690807905950e+00 1.932615398828120279e+00 5.460385650736396812e-01
1.099345185458415308e+00 1.934032325617941028e+00 5.484617657521638767e-01
1.100566680108924666e+00 1.935450291249493526e+00 5.508986925391886613e-01
1.101788174759434025e+00 1.936869296484420744e+00 5.533493523192564156e-01
1.103009669409943383e+00 1.938289342084923650e+00 5.558137516624761520e-01
1.104231164060452741e+00 1.939710428813762544e+00 5.582918968225393241e-01
1.105452658710962099e+00 1.941132557434256389e+00 5.607837937347252000e-01
1.106674153361471458e+00 1.942555728710284590e+00 5.632894480139015725e-01
1.107895648011980816e+00 1.943979943406285882e+00 5.658088649525093716e-01
1.109117142662490174e+00 1.945405202287259883e+00 5.683420495185423915e-01
1.110338637312999532e+00 1.946831506118766653e+00 5.708890063535135839e-01
1.111560131963508891e+00 1.948258855666927802e+00 5.734497397704158006e-01
1.112781626614018249e+00 1.949687251698426937e+00 5.760242537516668815e-01
1.114003121264527607e+00 1.951116694980509214e+00 5.786125519470530776e-01
1.115224615915036965e+00 1.952547186280982672e+00 5.812146376716498253e-01
1.116446110565546324e+00 1.953978726368218011e+00 5.838305139037491820e-01
1.117667605216055682e+00 1.955411316011149259e+00 5.864601832827579520e-01
1.118889099866565040e+00 1.956844955979274880e+00 5.891036481071058040e-01
1.120110594517074398e+00 1.958279647042656668e+00 5.917609103321262998e-01
1.121332089167583757e+00 1.959715389971921295e+00 5.944319715679362570e-01
1.122553583818093115e+00 1.961152185538260762e+00 5.971168330773040100e-01
1.123775078468602473e+00 1.962590034513431503e+00 5.998154957735055692e-01
1.124996573119111831e+00 1.964028937669757280e+00 6.025279602181732308e-01
1.126218067769621189e+00 1.965468895780126735e+00 6.052542266191286435e-01
1.127439562420130548e+00 1.966909909617996055e+00 6.079942948282117676e-01
1.128661057070639906e+00 1.968351979957387865e+00 6.107481643390940684e-01
1.129882551721149042e+00 1.969795107572892112e+00 6.135158342850827173e-01
1.131104046371658400e+00 1.971239293239668067e+00 6.162973034369191305e-01
1.132325541022167759e+00 1.972684537733441656e+00 6.190925702005560805e-01
1.133547035672677117e+00 1.974130841830508798e+00 6.219016326149374718e-01
1.134768530323186475e+00 1.975578206307733176e+00 6.247244883497524714e-01
1.135990024973695833e+00 1.977026631942549573e+00 6.275611347031958553e-01
1.137211519624205192e+00 1.978476119512961873e+00 6.304115685996998231e-01
1.138433014274714550e+00 1.979926669797544170e+00 6.332757865876683656e-01
1.139654508925223908e+00 1.981378283575442323e+00 6.361537848371969783e-01
1.140876003575733266e+00 1.982830961626372179e+00 6.390455591377750544e-01
1.142097498226242624e+00 1.984284704730622684e+00 6.419511048959899435e-01
1.143318992876751983e+00 1.985739513669053657e+00 6.448704171332038104e-01
1.144540487527261341e+00 1.987195389223098019e+00 6.478034904832357110e-01
1.145761982177770699e+00 1.988652332174761339e+00 6.507503191900190220e-01
1.146983476828280057e+00 1.990110343306622509e+00 6.537108971052575379e-01
1.148204971478789416e+00 1.991569423401834626e+00 6.566852176860645818e-01
1.149426466129298774e+00 1.993029573244124553e+00 6.596732739925920130e-01
1.150647960779808132e+00 1.994490793617794022e+00 6.626750586856476888e-01
1.151869455430317490e+00 1.995953085307719421e+00 6.656905640243042654e-01
1.153090950080826849e+00 1.997416449099352453e+00 6.687197818634902369e-01
1.154312444731336207e+00 1.998880885778721694e+00 6.717627036515795291e-01
1.155533939381845565e+00 2.000346396132430815e+00 6.748193204279581137e-01
1.156755434032354923e+00 2.001812980947661025e+00 6.778896228205852914e-01
1.157976928682864282e+00 2.003280641012170626e+00 6.809736010435449849e-01
1.159198423333373640e+00 2.004749377114294351e+00 6.840712448945781565e-01
1.160419917983882998e+00 2.006219190042946465e+00 6.871825437526125624e-01
1.161641412634392356e+00 2.007690080587618997e+00 6.903074865752750755e-01
1.162862907284901715e+00 2.009162049538382178e+00 6.934460618963870226e-01
1.164084401935410851e+00 2.010635097685886219e+00 6.965982578234621858e-01
1.165305896585920209e+00 2.012109225821361314e+00 6.997640620351802676e-01
1.166527391236429567e+00 2.013584434736617190e+00 7.029434617788510309e-01
1.167748885886938925e+00 2.015060725224044003e+00 7.061364438678690014e-01
1.168970380537448284e+00 2.016538098076613217e+00 7.093429946791546259e-01
1.170191875187957642e+00 2.018016554087877168e+00 7.125631001505809969e-01
1.171413369838467000e+00 2.019496094051970836e+00 7.157967457783949161e-01
1.172634864488976358e+00 2.020976718763610513e+00 7.190439166146165295e-01
1.173856359139485717e+00 2.022458429018096027e+00 7.223045972644337454e-01
1.175077853789995075e+00 2.023941225611309846e+00 7.255787718835802202e-01
1.176299348440504433e+00 2.025425109339717533e+00 7.288664241757041307e-01
1.177520843091013791e+00 2.026910081000369512e+00 7.321675373897207351e-01
1.178742337741523150e+00 2.028396141390899743e+00 7.354820943171540559e-01
1.179963832392032508e+00 2.029883291309527493e+00 7.388100772894679036e-01
1.181185327042541866e+00 2.031371531555056897e+00 7.421514681753811349e-01
1.182406821693051224e+00 2.032860862926877843e+00 7.455062483781706995e-01
1.183628316343560583e+00 2.034351286224967303e+00 7.488743988329653600e-01
1.184849810994069941e+00 2.035842802249886674e+00 7.522559000040187627e-01
1.186071305644579299e+00 2.037335411802786655e+00 7.556507318819799535e-01
1.187292800295088657e+00 2.038829115685402815e+00 7.590588739811380270e-01
1.188514294945598015e+00 2.040323914700060914e+00 7.624803053366723260e-01
1.189735789596107374e+00 2.041819809649673356e+00 7.659150045018671138e-01
1.190957284246616732e+00 2.043316801337742294e+00 7.693629495453314648e-01
1.192178778897126090e+00 2.044814890568357857e+00 7.728241180481931760e-01
1.193400273547635448e+00 2.046314078146200810e+00 7.762984871012931221e-01
1.194621768198144807e+00 2.047814364876540782e+00 7.797860333023474144e-01
1.195843262848654165e+00 2.049315751565238930e+00 7.832867327531183310e-01
1.197064757499163523e+00 2.050818239018746159e+00 7.868005610565512731e-01
1.198286252149672881e+00 2.052321828044105789e+00 7.903274933139114999e-01
1.199507746800182018e+00 2.053826519448951338e+00 7.938675041219027673e-01
1.200729241450691376e+00 2.055332314041510511e+00 7.974205675697727536e-01
1.201950736101200734e+00 2.056839212630601654e+00 8.009866572364026105e-01
1.203172230751710092e+00 2.058347216025636861e+00 8.045657461873884087e-01
1.204393725402219451e+00 2.059856325036621971e+00 8.081578069721029323e-01
1.205615220052728809e+00 2.061366540474155684e+00 8.117628116207445954e-01
1.206836714703238167e+00 2.062877863149432223e+00 8.153807316413780315e-01
1.208058209353747525e+00 2.064390293874240445e+00 8.190115380169536996e-01
1.209279704004256883e+00 2.065903833460963401e+00 8.226552012023140570e-01
1.210501198654766242e+00 2.067418482722580109e+00 8.263116911211930704e-01
1.211722693305275600e+00 2.068934242472665996e+00 8.299809771631897481e-01
1.212944187955784958e+00 2.070451113525393350e+00 8.336630281807404508e-01
1.214165682606294316e+00 2.071969096695529977e+00 8.373578124860653338e-01
1.215387177256803675e+00 2.073488192798442764e+00 8.410652978481083508e-01
1.216608671907313033e+00 2.075008402650095007e+00 8.447854514894569400e-01
1.217830166557822391e+00 2.076529727067048636e+00 8.485182400832543825e-01
1.219051661208331749e+00 2.078052166866464656e+00 8.522636297500904012e-01
1.220273155858841108e+00 2.079575722866103149e+00 8.560215860548805455e-01
1.221494650509350466e+00 2.081100395884323717e+00 8.597920740037331422e-01
1.222716145159859824e+00 2.082626186740084595e+00 8.635750580407903776e-01
1.223937639810369182e+00 2.084153096252946646e+00 8.673705020450788172e-01
1.225159134460878541e+00 2.085681125243070255e+00 8.711783693273111862e-01
1.226380629111387899e+00 2.087210274531217546e+00 8.749986226267074674e-01
1.227602123761897257e+00 2.088740544938752386e+00 8.788312241077728126e-01
1.228823618412406615e+00 2.090271937287640380e+00 8.826761353570793389e-01
1.230045113062915974e+00 2.091804452400450209e+00 8.865333173800230560e-01
1.231266607713425332e+00 2.093338091100353626e+00 8.904027305975701356e-01
1.232488102363934690e+00 2.094872854211126345e+00 8.942843348429888595e-01
1.233709597014443826e+00 2.096408742557146709e+00 8.981780893585520342e-01
1.234931091664953184e+00 2.097945756963398800e+00 9.020839527922537293e-01
1.236152586315462543e+00 2.099483898255471104e+00 9.060018831944771645e-01
1.237374080965971901e+00 2.101023167259557400e+00 9.099318380146698138e-01
1.238595575616481259e+00 2.102563564802456764e+00 9.138737740979936408e-01
1.239817070266990617e+00 2.104105091711574893e+00 9.178276476819615670e-01
1.241038564917499976e+00 2.105647748814924114e+00 9.217934143930595070e-01
1.242260059568009334e+00 2.107191536941123822e+00 9.257710292433487531e-01
1.243481554218518692e+00 2.108736456919400926e+00 9.297604466270590340e-01
1.244703048869028050e+00 2.110282509579590293e+00 9.337616203171579254e-01
1.245924543519537409e+00 2.111829695752134750e+00 9.377745034619071607e-01
1.247146038170046767e+00 2.113378016268086412e+00 9.417990485814081714e-01
1.248367532820556125e+00 2.114927471959107574e+00 9.458352075641289769e-01
1.249589027471065483e+00 2.116478063657468045e+00 9.498829316633985442e-01
1.250810522121574841e+00 2.118029792196050032e+00 9.539421714939209096e-01
1.252032016772084200e+00 2.119582658408345033e+00 9.580128770282303474e-01
1.253253511422593558e+00 2.121136663128456057e+00 9.620949975931663012e-01
1.254475006073102916e+00 2.122691807191097624e+00 9.661884818663097896e-01
1.255696500723612274e+00 2.124248091431597096e+00 9.702932778724131513e-01
1.256917995374121633e+00 2.125805516685892460e+00 9.744093329798041436e-01
1.258139490024630991e+00 2.127364083790535876e+00 9.785365938967867105e-01
1.259360984675140349e+00 2.128923793582692792e+00 9.826750066680143281e-01
1.260582479325649707e+00 2.130484646900141943e+00 9.868245166708465854e-01
1.261803973976159066e+00 2.132046644581276684e+00 9.909850686117009921e-01
1.263025468626668424e+00 2.133609787465104546e+00 9.951566065223675928e-01
1.264246963277177782e+00 2.135174076391249010e+00 9.993390737563266901e-01
1.265468457927687140e+00 2.136739512199948621e+00 1.003532412985034483e+00
1.266689952578196499e+00 2.138306095732057877e+00 1.007736566194203931e+00
1.267911447228705857e+00 2.139873827829047670e+00 1.011951474680052199e+00
1.269132941879214993e+00 2.141442709333006178e+00 1.016177079045553100e+00
1.270354436529724351e+00 2.143012741086639306e+00 1.020413319196648683e+00
1.271575931180233709e+00 2.144583923933269798e+00 1.024660134338458484e+00
1.272797425830743068e+00 2.146156258716839460e+00 1.028917462971467911e+00
1.274018920481252426e+00 2.147729746281909158e+00 1.033185242887697530e+00
1.275240415131761784e+00 2.149304387473657485e+00 1.037463411166851257e+00
1.276461909782271142e+00 2.150880183137883428e+00 1.041751904172450116e+00
1.277683404432780501e+00 2.152457134121007698e+00 1.046050657547963780e+00
1.278904899083289859e+00 2.154035241270069179e+00 1.050359606212884156e+00
1.280126393733799217e+00 2.155614505432728922e+00 1.054678684358824725e+00
1.281347888384308575e+00 2.157194927457269262e+00 1.059007825445573037e+00
1.282569383034817934e+00 2.158776508192594701e+00 1.063346962197140311e+00
1.283790877685327292e+00 2.160359248488231465e+00 1.067696026597781955e+00
1.285012372335836650e+00 2.161943149194329727e+00 1.072054949888010311e+00
1.286233866986346008e+00 2.163528211161662274e+00 1.076423662560579420e+00
1.287455361636855367e+00 2.165114435241624946e+00 1.080802094356454912e+00
1.288676856287364725e+00 2.166701822286238865e+00 1.085190174260769247e+00
1.289898350937874083e+00 2.168290373148149985e+00 1.089587830498755405e+00
1.291119845588383441e+00 2.169880088680628205e+00 1.093994990531654832e+00
1.292341340238892800e+00 2.171470969737570478e+00 1.098411581052622488e+00
1.293562834889402158e+00 2.173063017173498590e+00 1.102837527982594157e+00
1.294784329539911516e+00 2.174656231843560938e+00 1.107272756466149088e+00
1.296005824190420874e+00 2.176250614603534306e+00 1.111717190867352878e+00
1.297227318840930232e+00 2.177846166309820752e+00 1.116170754765563489e+00
1.298448813491439591e+00 2.179442887819451613e+00 1.120633370951248597e+00
1.299670308141948949e+00 2.181040779990086609e+00 1.125104961421756089e+00
1.300891802792458307e+00 2.182639843680012959e+00 1.129585447377070562e+00
1.302113297442967665e+00 2.184240079748149377e+00 1.134074749215574496e+00
1.303334792093476802e+00 2.185841489054042519e+00 1.138572786529753023e+00
1.304556286743986160e+00 2.187444072457869204e+00 1.143079478101898694e+00
1.305777781394495518e+00 2.189047830820438190e+00 1.147594741899807591e+00
1.306999276045004876e+00 2.190652765003188396e+00 1.152118495072427917e+00
1.308220770695514235e+00 2.192258875868190238e+00 1.156650653945510809e+00
1.309442265346023593e+00 2.193866164278146957e+00 1.161191134017235838e+00
1.310663759996532951e+00 2.195474631096393292e+00 1.165739849953805640e+00
1.311885254647042309e+00 2.197084277186897694e+00 1.170296715585039671e+00
1.313106749297551668e+00 2.198695103414261887e+00 1.174861643899932862e+00
1.314328243948061026e+00 2.200307110643721309e+00 1.179434547042194081e+00
1.315549738598570384e+00 2.201920299741146003e+00 1.184015336305777488e+00
1.316771233249079742e+00 2.203534671573040171e+00 1.188603922130373247e+00
1.317992727899589100e+00 2.205150227006544394e+00 1.193200214096905576e+00
1.319214222550098459e+00 2.206766966909434302e+00 1.197804120922972615e+00
1.320435717200607817e+00 2.208384892150121903e+00 1.202415550458303839e+00
1.321657211851117175e+00 2.210004003597656030e+00 1.207034409680167286e+00
1.322878706501626533e+00 2.211624302121722341e+00 1.211660604688777676e+00
1.324100201152135892e+00 2.213245788592643759e+00 1.216294040702662560e+00
1.325321695802645250e+00 2.214868463881382699e+00 1.220934622054031582e+00
1.326543190453154608e+00 2.216492328859539285e+00 1.225582252184098442e+00
1.327764685103663966e+00 2.218117384399352243e+00 1.230236833638404637e+00
1.328986179754173325e+00 2.219743631373700232e+00 1.234898268062101012e+00
1.330207674404682683e+00 2.221371070656101843e+00 1.239566456195229538e+00
1.331429169055192041e+00 2.222999703120716486e+00 1.244241297867969331e+00
1.332650663705701399e+00 2.224629529642343950e+00 1.248922691995856704e+00
1.333872158356210758e+00 2.226260551096425289e+00 1.253610536575002765e+00
1.335093653006720116e+00 2.227892768359043707e+00 1.258304728677264839e+00
1.336315147657229474e+00 2.229526182306925008e+00 1.263005164445423434e+00
1.337536642307738832e+00 2.231160793817437149e+00 1.267711739088307255e+00
1.338758136958247968e+00 2.232796603768591570e+00 1.272424346875921319e+00
1.339979631608757327e+00 2.234433613039044086e+00 1.277142881134537777e+00
1.341201126259266685e+00 2.236071822508093110e+00 1.281867234241770293e+00
1.342422620909776043e+00 2.237711233055684090e+00 1.286597297621632219e+00
1.343644115560285401e+00 2.239351845562405519e+00 1.291332961739549479e+00
1.344865610210794760e+00 2.240993660909492036e+00 1.296074116097380546e+00
1.346087104861304118e+00 2.242636679978824876e+00 1.300820649228394021e+00
1.347308599511813476e+00 2.244280903652931869e+00 1.305572448692234655e+00
1.348530094162322834e+00 2.245926332814986992e+00 1.310329401069846522e+00
1.349751588812832193e+00 2.247572968348813038e+00 1.315091391958409517e+00
1.350973083463341551e+00 2.249220811138879839e+00 1.319858305966213896e+00
1.352194578113850909e+00 2.250869862070305594e+00 1.324630026707531494e+00
1.353416072764360267e+00 2.252520122028857319e+00 1.329406436797467617e+00
1.354637567414869626e+00 2.254171591900953509e+00 1.334187417846783630e+00
1.355859062065378984e+00 2.255824272573659695e+00 1.338972850456680241e+00
1.357080556715888342e+00 2.257478164934692888e+00 1.343762614213592110e+00
1.358302051366397700e+00 2.259133269872422023e+00 1.348556587683930275e+00
1.359523546016907058e+00 2.260789588275865736e+00 1.353354648408801930e+00
1.360745040667416417e+00 2.262447121034695030e+00 1.358156672898731099e+00
1.361966535317925775e+00 2.264105869039233720e+00 1.362962536628324006e+00
1.363188029968435133e+00 2.265765833180457989e+00 1.367772114030932240e+00
1.364409524618944491e+00 2.267427014349996828e+00 1.372585278493283489e+00
1.365631019269453850e+00 2.269089413440133374e+00 1.377401902350082308e+00
1.366852513919963208e+00 2.270753031343804906e+00 1.382221856878605992e+00
1.368074008570472566e+00 2.272417868954603737e+00 1.387045012293247837e+00
1.369295503220981924e+00 2.274083927166776764e+00 1.391871237740065936e+00
1.370516997871491283e+00 2.275751206875226362e+00 1.396700401291277371e+00
1.371738492522000641e+00 2.277419708975511270e+00 1.401532369939759048e+00
1.372959987172509777e+00 2.279089434363847477e+00 1.406367009593495698e+00
1.374181481823019135e+00 2.280760383937107783e+00 1.411204185070017214e+00
1.375402976473528494e+00 2.282432558592821348e+00 1.416043760090809567e+00
1.376624471124037852e+00 2.284105959229176808e+00 1.420885597275698853e+00
1.377845965774547210e+00 2.285780586745020493e+00 1.425729558137209363e+00
1.379067460425056568e+00 2.287456442039858651e+00 1.430575503074903221e+00
1.380288955075565926e+00 2.289133526013855668e+00 1.435423291369677834e+00
1.381510449726075285e+00 2.290811839567836738e+00 1.440272781178056460e+00
1.382731944376584643e+00 2.292491383603287414e+00 1.445123829526446357e+00
1.383953439027094001e+00 2.294172159022354496e+00 1.449976292305362957e+00
1.385174933677603359e+00 2.295854166727846035e+00 1.454830024263643384e+00
1.386396428328112718e+00 2.297537407623230887e+00 1.459684879002616231e+00
1.387617922978622076e+00 2.299221882612642265e+00 1.464540708970265559e+00
1.388839417629131434e+00 2.300907592600874185e+00 1.469397365455343385e+00
1.390060912279640792e+00 2.302594538493385912e+00 1.474254698581487499e+00
1.391282406930150151e+00 2.304282721196299732e+00 1.479112557301286435e+00
1.392503901580659509e+00 2.305972141616401849e+00 1.483970789390316902e+00
1.393725396231168867e+00 2.307662800661144153e+00 1.488829241441185891e+00
1.394946890881678225e+00 2.309354699238642894e+00 1.493687758857506376e+00
1.396168385532187584e+00 2.311047838257680898e+00 1.498546185847872358e+00
1.397389880182696942e+00 2.312742218627707125e+00 1.503404365419801492e+00
1.398611374833206300e+00 2.314437841258837114e+00 1.508262139373635069e+00
1.399832869483715658e+00 2.316134707061853870e+00 1.513119348296440236e+00
1.401054364134225017e+00 2.317832816948207419e+00 1.517975831555856470e+00
1.402275858784734375e+00 2.319532171830017475e+00 1.522831427293931617e+00
1.403497353435243733e+00 2.321232772620071216e+00 1.527685972420921079e+00
1.404718848085753091e+00 2.322934620231825509e+00 1.532539302609065013e+00
1.405940342736262449e+00 2.324637715579407349e+00 1.537391252286341992e+00
1.407161837386771808e+00 2.326342059577612531e+00 1.542241654630170711e+00
1.408383332037280944e+00 2.328047653141909201e+00 1.547090341561123239e+00
1.409604826687790302e+00 2.329754497188436080e+00 1.551937143736576985e+00
1.410826321338299660e+00 2.331462592634003794e+00 1.556781890544348901e+00
1.412047815988809019e+00 2.333171940396093991e+00 1.561624410096303039e+00
1.413269310639318377e+00 2.334882541392862443e+00 1.566464529221930135e+00
1.414490805289827735e+00 2.336594396543137275e+00 1.571302073461899429e+00
1.415712299940337093e+00 2.338307506766420296e+00 1.576136867061574520e+00
1.416933794590846452e+00 2.340021872982888329e+00 1.580968732964504575e+00
1.418155289241355810e+00 2.341737496113391437e+00 1.585797492805894882e+00
1.419376783891865168e+00 2.343454377079455586e+00 1.590622966906025448e+00
1.420598278542374526e+00 2.345172516803283091e+00 1.595444974263678484e+00
1.421819773192883885e+00 2.346891916207750395e+00 1.600263332549485495e+00
1.423041267843393243e+00 2.348612576216412950e+00 1.605077858099293930e+00
1.424262762493902601e+00 2.350334497753501228e+00 1.609888365907473640e+00
1.425484257144411959e+00 2.352057681743925155e+00 1.614694669620206913e+00
1.426705751794921317e+00 2.353782129113271004e+00 1.619496581528738766e+00
1.427927246445430676e+00 2.355507840787804952e+00 1.624293912562610798e+00
1.429148741095940034e+00 2.357234817694472184e+00 1.629086472282850417e+00
1.430370235746449392e+00 2.358963060760896457e+00 1.633874068875142083e+00
1.431591730396958750e+00 2.360692570915382760e+00 1.638656509142957463e+00
1.432813225047468109e+00 2.362423349086915980e+00 1.643433598500664061e+00
1.434034719697977467e+00 2.364155396205162685e+00 1.648205140966599203e+00
1.435256214348486825e+00 2.365888713200470672e+00 1.652970939156110930e+00
1.436477708998996183e+00 2.367623301003869418e+00 1.657730794274574926e+00
1.437699203649505542e+00 2.369359160547072296e+00 1.662484506110371463e+00
1.438920698300014900e+00 2.371096292762474356e+00 1.667231873027838152e+00
1.440142192950524258e+00 2.372834698583154989e+00 1.671972691960189827e+00
1.441363687601033616e+00 2.374574378942877484e+00 1.676706758402408237e+00
1.442585182251542752e+00 2.376315334776089916e+00 1.681433866404090871e+00
1.443806676902052111e+00 2.378057567017925145e+00 1.686153808562282030e+00
1.445028171552561469e+00 2.379801076604202592e+00 1.690866376014269257e+00
1.446249666203070827e+00 2.381545864471426466e+00 1.695571358430330244e+00
1.447471160853580185e+00 2.383291931556787535e+00 1.700268544006476201e+00
1.448692655504089544e+00 2.385039278798165352e+00 1.704957719457141030e+00
1.449914150154598902e+00 2.386787907134125586e+00 1.709638670007849415e+00
1.451135644805108260e+00 2.388537817503922689e+00 1.714311179387846718e+00
1.452357139455617618e+00 2.390289010847499451e+00 1.718975029822697120e+00
1.453578634106126977e+00 2.392041488105487002e+00 1.723630002026849128e+00
1.454800128756636335e+00 2.393795250219208803e+00 1.728275875196177758e+00
1.456021623407145693e+00 2.395550298130675326e+00 1.732912427000475208e+00
1.457243118057655051e+00 2.397306632782589375e+00 1.737539433575922665e+00
1.458464612708164410e+00 2.399064255118344757e+00 1.742156669517525236e+00
1.459686107358673768e+00 2.400823166082025839e+00 1.746763907871509147e+00
1.460907602009183126e+00 2.402583366618411542e+00 1.751360920127701837e+00
1.462129096659692484e+00 2.404344857672970903e+00 1.755947476211842107e+00
1.463350591310201843e+00 2.406107640191867514e+00 1.760523344477904484e+00
1.464572085960711201e+00 2.407871715121958633e+00 1.765088291700347867e+00
1.465793580611220559e+00 2.409637083410794745e+00 1.769642083066357063e+00
1.467015075261729917e+00 2.411403746006622661e+00 1.774184482168036814e+00
1.468236569912239275e+00 2.413171703858382866e+00 1.778715250994574504e+00
1.469458064562748634e+00 2.414940957915712616e+00 1.783234149924371792e+00
1.470679559213257992e+00 2.416711509128944613e+00 1.787740937717131606e+00
1.471901053863767350e+00 2.418483358449108778e+00 1.792235371505924713e+00
1.473122548514276708e+00 2.420256506827933141e+00 1.796717206789216537e+00
1.474344043164786067e+00 2.422030955217841175e+00 1.801186197422840474e+00
1.475565537815295425e+00 2.423806704571957127e+00 1.805642095611967424e+00
1.476787032465804561e+00 2.425583755844102019e+00 1.810084651903021591e+00
1.478008527116313919e+00 2.427362109988798533e+00 1.814513615175559647e+00
1.479230021766823278e+00 2.429141767961266574e+00 1.818928732634114587e+00
1.480451516417332636e+00 2.430922730717427704e+00 1.823329749800012722e+00
1.481673011067841994e+00 2.432704999213905150e+00 1.827716410503156919e+00
1.482894505718351352e+00 2.434488574408021133e+00 1.832088456873740778e+00
1.484116000368860711e+00 2.436273457257802644e+00 1.836445629333983476e+00
1.485337495019370069e+00 2.438059648721976558e+00 1.840787666589771776e+00
1.486558989669879427e+00 2.439847149759974076e+00 1.845114305622299389e+00
1.487780484320388785e+00 2.441635961331929394e+00 1.849425281679661026e+00
1.489001978970898143e+00 2.443426084398680587e+00 1.853720328268408712e+00
1.490223473621407502e+00 2.445217519921770499e+00 1.857999177145064129e+00
1.491444968271916860e+00 2.447010268863446747e+00 1.862261558307615195e+00
1.492666462922426218e+00 2.448804332186662158e+00 1.866507199986944476e+00
1.493887957572935576e+00 2.450599710855076552e+00 1.870735828638247167e+00
1.495109452223444935e+00 2.452396405833054516e+00 1.874947168932395991e+00
1.496330946873954293e+00 2.454194418085668961e+00 1.879140943747275028e+00
1.497552441524463651e+00 2.455993748578701119e+00 1.883316874159075116e+00
1.498773936174973009e+00 2.457794398278637882e+00 1.887474679433543301e+00
1.499995430825482368e+00 2.459596368152677126e+00 1.891614077017211848e+00
1.501216925475991726e+00 2.461399659168724163e+00 1.895734782528560869e+00
1.502438420126501084e+00 2.463204272295395736e+00 1.899836509749178060e+00
1.503659914777010442e+00 2.465010208502016020e+00 1.903918970614840056e+00
1.504881409427519801e+00 2.466817468758622844e+00 1.907981875206592459e+00
1.506102904078029159e+00 2.468626054035963246e+00 1.912024931741767686e+00
1.507324398728538517e+00 2.470435965305497028e+00 1.916047846564962853e+00
1.508545893379047875e+00 2.472247203539395422e+00 1.920050324138996345e+00
1.509767388029557234e+00 2.474059769710542867e+00 1.924032067035803317e+00
1.510988882680066592e+00 2.475873664792537010e+00 1.927992775927307445e+00
1.512210377330575728e+00 2.477688889759689150e+00 1.931932149576246038e+00
1.513431871981085086e+00 2.479505445587026013e+00 1.935849884826954970e+00
1.514653366631594444e+00 2.481323333250287533e+00 1.939745676596116741e+00
1.515874861282103803e+00 2.483142553725929513e+00 1.943619217863456150e+00
1.517096355932613161e+00 2.484963107991124520e+00 1.947470199662423518e+00
1.518317850583122519e+00 2.486784997023760990e+00 1.951298311070802871e+00
1.519539345233631877e+00 2.488608221802443676e+00 1.955103239201299470e+00
1.520760839884141236e+00 2.490432783306495867e+00 1.958884669192085592e+00
1.521982334534650594e+00 2.492258682515958501e+00 1.962642284197297471e+00
1.523203829185159952e+00 2.494085920411589719e+00 1.966375765377493812e+00
1.524425323835669310e+00 2.495914497974869750e+00 1.970084791890087228e+00
1.525646818486178669e+00 2.497744416187995586e+00 1.973769040879697290e+00
1.526868313136688027e+00 2.499575676033884974e+00 1.977428187468500909e+00
1.528089807787197385e+00 2.501408278496177751e+00 1.981061904746531210e+00
1.529311302437706743e+00 2.503242224559232731e+00 1.984669863761903130e+00
1.530532797088216101e+00 2.505077515208132155e+00 1.988251733511046559e+00
1.531754291738725460e+00 2.506914151428679904e+00 1.991807180928858667e+00
1.532975786389234818e+00 2.508752134207402840e+00 1.995335870878831130e+00
1.534197281039744176e+00 2.510591464531549910e+00 1.998837466143122299e+00
1.535418775690253534e+00 2.512432143389095707e+00 2.002311627412602935e+00
1.536640270340762893e+00 2.514274171768737798e+00 2.005758013276842444e+00
1.537861764991272251e+00 2.516117550659899393e+00 2.009176280214065358e+00
1.539083259641781609e+00 2.517962281052728901e+00 2.012566082581046523e+00
1.540304754292290967e+00 2.519808363938100371e+00 2.015927072602989423e+00
1.541526248942800326e+00 2.521655800307614381e+00 2.019258900363332110e+00
1.542747743593309684e+00 2.523504591153599375e+00 2.022561213793518053e+00
1.543969238243819042e+00 2.525354737469109878e+00 2.025833658662740788e+00
1.545190732894328400e+00 2.527206240247930058e+00 2.029075878567617508e+00
1.546412227544837537e+00 2.529059100484571054e+00 2.032287514921827132e+00
1.547633722195346895e+00 2.530913319174274978e+00 2.035468206945725278e+00
1.548855216845856253e+00 2.532768897313012246e+00 2.038617591655869976e+00
1.550076711496365611e+00 2.534625835897483803e+00 2.041735303854537165e+00
1.551298206146874969e+00 2.536484135925121564e+00 2.044820976119185119e+00
1.552519700797384328e+00 2.538343798394087969e+00 2.047874238791867363e+00
1.553741195447893686e+00 2.540204824303278652e+00 2.050894719968590518e+00
1.554962690098403044e+00 2.542067214652320661e+00 2.053882045488652608e+00
1.556184184748912402e+00 2.543930970441573791e+00 2.056835838923901871e+00
1.557405679399421761e+00 2.545796092672132360e+00 2.059755721567985365e+00
1.558627174049931119e+00 2.547662582345822546e+00 2.062641312425513629e+00
1.559848668700440477e+00 2.549530440465207715e+00 2.065492228201208480e+00
1.561070163350949835e+00 2.551399668033584422e+00 2.068308083288994403e+00
1.562291658001459194e+00 2.553270266054985527e+00 2.071088489761025997e+00
1.563513152651968552e+00 2.555142235534179296e+00 2.073833057356699872e+00
1.564734647302477910e+00 2.557015577476671186e+00 2.076541393471595498e+00
1.565956141952987268e+00 2.558890292888704288e+00 2.079213103146366315e+00
1.567177636603496627e+00 2.560766382777258876e+00 2.081847789055609521e+00
1.568399131254005985e+00 2.562643848150053749e+00 2.084445051496653267e+00
1.569620625904515343e+00 2.564522690015546225e+00 2.087004488378318534e+00
1.570842120555024701e+00 2.566402909382932584e+00 2.089525695209625944e+00
1.572063615205534060e+00 2.568284507262150296e+00 2.092008265088449726e+00
1.573285109856043418e+00 2.570167484663876678e+00 2.094451788690141036e+00
1.574506604506552776e+00 2.572051842599529348e+00 2.096855854256066021e+00
1.575728099157062134e+00 2.573937582081268438e+00 2.099220047582126547e+00
1.576949593807571492e+00 2.575824704121995712e+00 2.101543952007231209e+00
1.578171088458080851e+00 2.577713209735355449e+00 2.103827148401696601e+00
1.579392583108590209e+00 2.579603099935735777e+00 2.106069215155601526e+00
1.580614077759099567e+00 2.581494375738267344e+00 2.108269728167116774e+00
1.581835572409608703e+00 2.583387038158825533e+00 2.110428260830749636e+00
1.583057067060118062e+00 2.585281088214032241e+00 2.112544384025569322e+00
1.584278561710627420e+00 2.587176526921251885e+00 2.114617666103345783e+00
1.585500056361136778e+00 2.589073355298596280e+00 2.116647672876684538e+00
1.586721551011646136e+00 2.590971574364923757e+00 2.118633967607065571e+00
1.587943045662155495e+00 2.592871185139839163e+00 2.120576110992855146e+00
1.589164540312664853e+00 2.594772188643695632e+00 2.122473661157259883e+00
1.590386034963174211e+00 2.596674585897593701e+00 2.124326173636235549e+00
1.591607529613683569e+00 2.598578377923382199e+00 2.126133201366328329e+00
1.592829024264192928e+00 2.600483565743660019e+00 2.127894294672482811e+00
1.594050518914702286e+00 2.602390150381775236e+00 2.129609001255778900e+00
1.595272013565211644e+00 2.604298132861826431e+00 2.131276866181130991e+00
1.596493508215721002e+00 2.606207514208663589e+00 2.132897431864940518e+00
1.597715002866230360e+00 2.608118295447886759e+00 2.134470238062656122e+00
1.598936497516739719e+00 2.610030477605848720e+00 2.135994821856333381e+00
1.600157992167249077e+00 2.611944061709654985e+00 2.137470717642102613e+00
1.601379486817758435e+00 2.613859048787163353e+00 2.138897457117605150e+00
1.602600981468267793e+00 2.615775439866986130e+00 2.140274569269358995e+00
1.603822476118777152e+00 2.617693235978488797e+00 2.141601580360079193e+00
1.605043970769286510e+00 2.619612438151792233e+00 2.142878013915951119e+00
1.606265465419795868e+00 2.621533047417771822e+00 2.144103390713827828e+00
1.607486960070305226e+00 2.623455064808060566e+00 2.145277228768396327e+00
1.608708454720814585e+00 2.625378491355045085e+00 2.146399043319274114e+00
1.609929949371323943e+00 2.627303328091871393e+00 2.147468346818055540e+00
1.611151444021833301e+00 2.629229576052441342e+00 2.148484648915298667e+00
1.612372938672342659e+00 2.631157236271415290e+00 2.149447456447462823e+00
1.613594433322852018e+00 2.633086309784212986e+00 2.150356273423783104e+00
1.614815927973361376e+00 2.635016797627011798e+00 2.151210601013103130e+00
1.616037422623870512e+00 2.636948700836749815e+00 2.152009937530622974e+00
1.617258917274379870e+00 2.638882020451124966e+00 2.152753778424620013e+00
1.618480411924889228e+00 2.640816757508596790e+00 2.153441616263104930e+00
1.619701906575398587e+00 2.642752913048385555e+00 2.154072940720406226e+00
1.620923401225907945e+00 2.644690488110472693e+00 2.154647238563711209e+00
1.622144895876417303e+00 2.646629483735603472e+00 2.155163993639551023e+00
1.623366390526926661e+00 2.648569900965285218e+00 2.155622686860222625e+00
1.624587885177436020e+00 2.650511740841789532e+00 2.156022796190145918e+00
1.625809379827945378e+00 2.652455004408151851e+00 2.156363796632176921e+00
1.627030874478454736e+00 2.654399692708172331e+00 2.156645160213855217e+00
1.628252369128964094e+00 2.656345806786415853e+00 2.156866355973590554e+00
1.629473863779473453e+00 2.658293347688214681e+00 2.157026849946793945e+00
1.630695358429982811e+00 2.660242316459665801e+00 2.157126105151951023e+00
1.631916853080492169e+00 2.662192714147634476e+00 2.157163581576630129e+00
1.633138347731001527e+00 2.664144541799752464e+00 2.157138736163436210e+00
1.634359842381510886e+00 2.666097800464419798e+00 2.157051022795902107e+00
1.635581337032020244e+00 2.668052491190805675e+00 2.156899892284322995e+00
1.636802831682529602e+00 2.670008615028848453e+00 2.156684792351523328e+00
1.638024326333038960e+00 2.671966173029256097e+00 2.156405167618569596e+00
1.639245820983548318e+00 2.673925166243506624e+00 2.156060459590428025e+00
1.640467315634057677e+00 2.675885595723848986e+00 2.155650106641531671e+00
1.641688810284567035e+00 2.677847462523303967e+00 2.155173544001339980e+00
1.642910304935076393e+00 2.679810767695664619e+00 2.154630203739774874e+00
1.644131799585585751e+00 2.681775512295495822e+00 2.154019514752638642e+00
1.645353294236095110e+00 2.683741697378136060e+00 2.153340902746961660e+00
1.646574788886604468e+00 2.685709323999697862e+00 2.152593790226267956e+00
1.647796283537113826e+00 2.687678393217066919e+00 2.151777596475801246e+00
1.649017778187623184e+00 2.689648906087905633e+00 2.150891737547672822e+00
1.650239272838132543e+00 2.691620863670650454e+00 2.149935626245960574e+00
1.651460767488641679e+00 2.693594267024513655e+00 2.148908672111728535e+00
1.652682262139151037e+00 2.695569117209485110e+00 2.147810281407993127e+00
1.653903756789660395e+00 2.697545415286331405e+00 2.146639857104631233e+00
1.655125251440169754e+00 2.699523162316596725e+00 2.145396798863201671e+00
1.656346746090679112e+00 2.701502359362603745e+00 2.144080503021723594e+00
1.657568240741188470e+00 2.703483007487453627e+00 2.142690362579383834e+00
1.658789735391697828e+00 2.705465107755027354e+00 2.141225767181183404e+00
1.660011230042207186e+00 2.707448661229985731e+00 2.139686103102504511e+00
1.661232724692716545e+00 2.709433668977769827e+00 2.138070753233617616e+00
1.662454219343225903e+00 2.711420132064602750e+00 2.136379097064154298e+00
1.663675713993735261e+00 2.713408051557488765e+00 2.134610510667448224e+00
1.664897208644244619e+00 2.715397428524213730e+00 2.132764366684875235e+00
1.666118703294753978e+00 2.717388264033348211e+00 2.130840034310096165e+00
1.667340197945263336e+00 2.719380559154243926e+00 2.128836879273223737e+00
1.668561692595772694e+00 2.721374314957038187e+00 2.126754263824945923e+00
1.669783187246282052e+00 2.723369532512653013e+00 2.124591546720572932e+00
1.671004681896791411e+00 2.725366212892793794e+00 2.122348083204014468e+00
1.672226176547300769e+00 2.727364357169954623e+00 2.120023224991677502e+00
1.673447671197810127e+00 2.729363966417412524e+00 2.117616320256317408e+00
1.674669165848319485e+00 2.731365041709233665e+00 2.115126713610818499e+00
1.675890660498828844e+00 2.733367584120271587e+00 2.112553746091890172e+00
1.677112155149338202e+00 2.735371594726166311e+00 2.109896755143695568e+00
1.678333649799847560e+00 2.737377074603348781e+00 2.107155074601429590e+00
1.679555144450356918e+00 2.739384024829036868e+00 2.104328034674814774e+00
1.680776639100866277e+00 2.741392446481239809e+00 2.101414961931522996e+00
1.681998133751375635e+00 2.743402340638756876e+00 2.098415179280536780e+00
1.683219628401884993e+00 2.745413708381176932e+00 2.095328005955428896e+00
1.684441123052394351e+00 2.747426550788883315e+00 2.092152757497588667e+00
1.685662617702903487e+00 2.749440868943047178e+00 2.088888745739362562e+00
1.686884112353412846e+00 2.751456663925637258e+00 2.085535278787113089e+00
1.688105607003922204e+00 2.753473936819411438e+00 2.082091661004257688e+00
1.689327101654431562e+00 2.755492688707924298e+00 2.078557192994155312e+00
1.690548596304940920e+00 2.757512920675522672e+00 2.074931171582993450e+00
1.691770090955450279e+00 2.759534633807349646e+00 2.071212889802577006e+00
1.692991585605959637e+00 2.761557829189344115e+00 2.067401636873006598e+00
1.694213080256468995e+00 2.763582507908239450e+00 2.063496698185367961e+00
1.695434574906978353e+00 2.765608671051568823e+00 2.059497355284250375e+00
1.696656069557487712e+00 2.767636319707658998e+00 2.055402885850286410e+00
1.697877564207997070e+00 2.769665454965637430e+00 2.051212563682532242e+00
1.699099058858506428e+00 2.771696077915430045e+00 2.046925658680829763e+00
1.700320553509015786e+00 2.773728189647759468e+00 2.042541436828093193e+00
1.701542048159525145e+00 2.775761791254150790e+00 2.038059160172469575e+00
1.702763542810034503e+00 2.777796883826927576e+00 2.033478086809495267e+00
1.703985037460543861e+00 2.779833468459214529e+00 2.028797470864119212e+00
1.705206532111053219e+00 2.781871546244938820e+00 2.024016562472673808e+00
1.706428026761562577e+00 2.783911118278828756e+00 2.019134607764792921e+00
1.707649521412071936e+00 2.785952185656415558e+00 2.014150848845194908e+00
1.708871016062581294e+00 2.787994749474032474e+00 2.009064523775455413e+00
1.710092510713090652e+00 2.790038810828818328e+00 2.003874866555649170e+00
1.711314005363600010e+00 2.792084370818716632e+00 1.998581107105946941e+00
1.712535500014109369e+00 2.794131430542472927e+00 1.993182471248133858e+00
1.713756994664618727e+00 2.796179991099641882e+00 1.987678180687022289e+00
1.714978489315128085e+00 2.798230053590581079e+00 1.982067452991819190e+00
1.716199983965637443e+00 2.800281619116457676e+00 1.976349501577402190e+00
1.717421478616146802e+00 2.802334688779244853e+00 1.970523535685509309e+00
1.718642973266656160e+00 2.804389263681723143e+00 1.964588760365860498e+00
1.719864467917165296e+00 2.806445344927482211e+00 1.958544376457200809e+00
1.721085962567674654e+00 2.808502933620921294e+00 1.952389580568245186e+00
1.722307457218184013e+00 2.810562030867249650e+00 1.946123565058566651e+00
1.723528951868693371e+00 2.812622637772484335e+00 1.939745518019409420e+00
1.724750446519202729e+00 2.814684755443456865e+00 1.933254623254367033e+00
1.725971941169712087e+00 2.816748384987806997e+00 1.926650060260061803e+00
1.727193435820221445e+00 2.818813527513988504e+00 1.919931004206683056e+00
1.728414930470730804e+00 2.820880184131267843e+00 1.913096625918438320e+00
1.729636425121240162e+00 2.822948355949723709e+00 1.906146091853992086e+00
1.730857919771749520e+00 2.825018044080249702e+00 1.899078564086725152e+00
1.732079414422258878e+00 2.827089249634552548e+00 1.891893200285010845e+00
1.733300909072768237e+00 2.829161973725155210e+00 1.884589153692320718e+00
1.734522403723277595e+00 2.831236217465396887e+00 1.877165573107296703e+00
1.735743898373786953e+00 2.833311981969431237e+00 1.869621602863735577e+00
1.736965393024296311e+00 2.835389268352229930e+00 1.861956382810477262e+00
1.738186887674805670e+00 2.837468077729581761e+00 1.854169048291211874e+00
1.739408382325315028e+00 2.839548411218093538e+00 1.846258730124203495e+00
1.740629876975824386e+00 2.841630269935191855e+00 1.838224554581938452e+00
1.741851371626333744e+00 2.843713654999120433e+00 1.830065643370665907e+00
1.743072866276843103e+00 2.845798567528944556e+00 1.821781113609873604e+00
1.744294360927352461e+00 2.847885008644548854e+00 1.813370077811679471e+00
1.745515855577861819e+00 2.849972979466639966e+00 1.804831643860105306e+00
1.746737350228371177e+00 2.852062481116746095e+00 1.796164914990303174e+00
1.747958844878880535e+00 2.854153514717217011e+00 1.787368989767678773e+00
1.749180339529389894e+00 2.856246081391226266e+00 1.778442962066910660e+00
1.750401834179899252e+00 2.858340182262768980e+00 1.769385921050933508e+00
1.751623328830408610e+00 2.860435818456667167e+00 1.760196951149734179e+00
1.752844823480917968e+00 2.862532991098566182e+00 1.750875132039187321e+00
1.754066318131427327e+00 2.864631701314935164e+00 1.741419538619712881e+00
1.755287812781936463e+00 2.866731950233071480e+00 1.731829240994849917e+00
1.756509307432445821e+00 2.868833738981098058e+00 1.722103304449797978e+00
1.757730802082955179e+00 2.870937068687965610e+00 1.712240789429789301e+00
1.758952296733464538e+00 2.873041940483450407e+00 1.702240751518456330e+00
1.760173791383973896e+00 2.875148355498160058e+00 1.692102241416027830e+00
1.761395286034483254e+00 2.877256314863528175e+00 1.681824304917480806e+00
1.762616780684992612e+00 2.879365819711819263e+00 1.671405982890615372e+00
1.763838275335501971e+00 2.881476871176129606e+00 1.660846311253971752e+00
1.765059769986011329e+00 2.883589470390382825e+00 1.650144320954743504e+00
1.766281264636520687e+00 2.885703618489336986e+00 1.639299037946507109e+00
1.767502759287030045e+00 2.887819316608579712e+00 1.628309483166942684e+00
1.768724253937539403e+00 2.889936565884532627e+00 1.617174672515397038e+00
1.769945748588048762e+00 2.892055367454450909e+00 1.605893616830393444e+00
1.771167243238558120e+00 2.894175722456421518e+00 1.594465321867026830e+00
1.772388737889067478e+00 2.896297632029368518e+00 1.582888788274271707e+00
1.773610232539576836e+00 2.898421097313048200e+00 1.571163011572195511e+00
1.774831727190086195e+00 2.900546119448054405e+00 1.559286982129084009e+00
1.776053221840595553e+00 2.902672699575818083e+00 1.547259685138447693e+00
1.777274716491104911e+00 2.904800838838603294e+00 1.535080100595969554e+00
1.778496211141614269e+00 2.906930538379516094e+00 1.522747203276298755e+00
1.779717705792123628e+00 2.909061799342496535e+00 1.510259962709857628e+00
1.780939200442632986e+00 2.911194622872326665e+00 1.497617343159380443e+00
1.782160695093142344e+00 2.913329010114626527e+00 1.484818303596532107e+00
1.783382189743651702e+00 2.915464962215854605e+00 1.471861797678322592e+00
1.784603684394161061e+00 2.917602480323313152e+00 1.458746773723437418e+00
1.785825179044670419e+00 2.919741565585141974e+00 1.445472174688518852e+00
1.787046673695179777e+00 2.921882219150325977e+00 1.432036938144272797e+00
1.788268168345689135e+00 2.924024442168690729e+00 1.418439996251541046e+00
1.789489662996198271e+00 2.926168235790903793e+00 1.404680275737258066e+00
1.790711157646707630e+00 2.928313601168479163e+00 1.390756697870263903e+00
1.791932652297216988e+00 2.930460539453772384e+00 1.376668178437083778e+00
1.793154146947726346e+00 2.932609051799986322e+00 1.362413627717565134e+00
1.794375641598235704e+00 2.934759139361166724e+00 1.347991950460432964e+00
1.795597136248745063e+00 2.936910803292207550e+00 1.333402045858699925e+00
1.796818630899254421e+00 2.939064044748848303e+00 1.318642807525050475e+00
1.798040125549763779e+00 2.941218864887675810e+00 1.303713123467077128e+00
1.799261620200273137e+00 2.943375264866126440e+00 1.288611876062351946e+00
1.800483114850782496e+00 2.945533245842482550e+00 1.273337942033582415e+00
1.801704609501291854e+00 2.947692808975878709e+00 1.257890192423405384e+00
1.802926104151801212e+00 2.949853955426295915e+00 1.242267492569327336e+00
1.804147598802310570e+00 2.952016686354568709e+00 1.226468702078371553e+00
1.805369093452819929e+00 2.954181002922382060e+00 1.210492674801704860e+00
1.806590588103329287e+00 2.956346906292270482e+00 1.194338258809209519e+00
1.807812082753838645e+00 2.958514397627623360e+00 1.178004296363812209e+00
1.809033577404348003e+00 2.960683478092681398e+00 1.161489623895818113e+00
1.810255072054857362e+00 2.962854148852540170e+00 1.144793071977110444e+00
1.811476566705366720e+00 2.965026411073149237e+00 1.127913465295203421e+00
1.812698061355876078e+00 2.967200265921311253e+00 1.110849622627282152e+00
1.813919556006385436e+00 2.969375714564687296e+00 1.093600356813993146e+00
1.815141050656894794e+00 2.971552758171791098e+00 1.076164474733291021e+00
1.816362545307404153e+00 2.973731397911996144e+00 1.058540777274014300e+00
1.817584039957913511e+00 2.975911634955532126e+00 1.040728059309479647e+00
1.818805534608422869e+00 2.978093470473485826e+00 1.022725109670912014e+00
1.820027029258932227e+00 2.980276905637804674e+00 1.004530711120739106e+00
1.821248523909441586e+00 2.982461941621292301e+00 9.861436403258548866e-01
1.822470018559950944e+00 2.984648579597614759e+00 9.675626678306739059e-01
1.823691513210460302e+00 2.986836820741299192e+00 9.487865580301476642e-01
1.824913007860969438e+00 2.989026666227730278e+00 9.298140691426670656e-01
1.826134502511478797e+00 2.991218117233157336e+00 9.106439531827865697e-01
1.827355997161988155e+00 2.993411174934692109e+00 8.912749559338879468e-01
1.828577491812497513e+00 2.995605840510308759e+00 8.717058169207624330e-01
1.829798986463006871e+00 2.997802115138843870e+00 8.519352693820164690e-01
1.831020481113516452e+00 3.000000000000000444e+00 8.319620402423568706e-01
