# tau=beta*t, lambda=exp[(gamma_dot/beta)*tau], sigma_norm=sigma/mu
# tau lambda sigma_over_mu
0.000000000000000000e+00 1.000000000000000000e+00 0.000000000000000000e+00
1.832241975764025430e-03 1.000733165424781301e+00 2.926746312353521121e-03
3.664483951528050860e-03 1.001466868381102771e+00 5.843800344404273886e-03
5.496725927292076506e-03 1.002201109263063827e+00 8.751138614643822269e-03
7.328967903056101720e-03 1.002935888465052994e+00 1.164873799469089491e-02
9.161209878820127800e-03 1.003671206381747893e+00 1.453657570791097933e-02
1.099345185458415301e-02 1.004407063408115697e+00 1.741462932803768474e-02
1.282569383034817823e-02 1.005143459939412676e+00 2.028287677779035819e-02
1.465793580611220344e-02 1.005880396371185315e+00 2.314129632749714616e-02
1.649017778187622865e-02 1.006617873099269866e+00 2.598986659371308600e-02
1.832241975764025560e-02 1.007355890519793240e+00 2.882856653784244064e-02
2.015466173340427908e-02 1.008094449029172113e+00 3.165737546475481251e-02
2.198690370916830603e-02 1.008833549024114484e+00 3.447627302141085398e-02
2.381914568493232950e-02 1.009573190901618345e+00 3.728523919547709065e-02
2.565138766069635645e-02 1.010313375058973451e+00 4.008425431395269689e-02
2.748362963646037993e-02 1.011054101893760881e+00 4.287329904178838191e-02
2.931587161222440688e-02 1.011795371803852817e+00 4.565235438050656291e-02
3.114811358798843383e-02 1.012537185187413202e+00 4.842140166682502161e-02
3.298035556375245730e-02 1.013279542442897974e+00 5.118042257128026934e-02
3.481259753951648078e-02 1.014022443969055276e+00 5.392939909685018351e-02
3.664483951528051120e-02 1.014765890164925688e+00 5.666831357757832338e-02
3.847708149104453468e-02 1.015509881429841998e+00 5.939714867719684405e-02
4.030932346680855816e-02 1.016254418163430318e+00 6.211588738775507962e-02
4.214156544257258163e-02 1.016999500765608966e+00 6.482451302824052131e-02
4.397380741833661205e-02 1.017745129636590251e+00 6.752300924321212594e-02
4.580604939410063553e-02 1.018491305176879358e+00 7.021136000142212674e-02
4.763829136986465901e-02 1.019238027787275458e+00 7.288954959444900183e-02
4.947053334562868943e-02 1.019985297868871488e+00 7.555756263532507899e-02
5.130277532139271290e-02 1.020733115823054149e+00 7.821538405716625675e-02
5.313501729715673638e-02 1.021481482051505019e+00 8.086299911180748479e-02
5.496725927292075986e-02 1.022230396956199439e+00 8.350039336843000093e-02
5.679950124868479028e-02 1.022979860939408292e+00 8.612755271220176589e-02
5.863174322444881376e-02 1.023729874403696671e+00 8.874446334290621297e-02
6.046398520021283723e-02 1.024480437751925210e+00 9.135111177358326562e-02
6.229622717597686765e-02 1.025231551387249862e+00 9.394748482916533139e-02
6.412846915174089113e-02 1.025983215713121899e+00 9.653356964511498883e-02
6.596071112750491461e-02 1.026735431133288579e+00 9.910935366606755947e-02
6.779295310326893809e-02 1.027488198051793589e+00 1.016748246444735132e-01
6.962519507903296156e-02 1.028241516872975936e+00 1.042299706392366687e-01
7.145743705479698504e-02 1.028995388001471945e+00 1.067747800143653836e-01
7.328967903056102240e-02 1.029749811842214147e+00 1.093092414376140020e-01
7.512192100632504588e-02 1.030504788800431948e+00 1.118333438791324769e-01
7.695416298208906936e-02 1.031260319281652071e+00 1.143470766101161301e-01
7.878640495785309283e-02 1.032016403691698336e+00 1.168504292014553303e-01
8.061864693361711631e-02 1.032773042436692101e+00 1.193433915223887226e-01
8.245088890938113979e-02 1.033530235923052931e+00 1.218259537391595260e-01
8.428313088514516327e-02 1.034287984557497930e+00 1.242981063136685688e-01
8.611537286090920063e-02 1.035046288747042187e+00 1.267598400021329452e-01
8.794761483667322410e-02 1.035805148898999883e+00 1.292111458537484325e-01
8.977985681243724758e-02 1.036564565420982964e+00 1.316520152093467733e-01
9.161209878820127106e-02 1.037324538720903133e+00 1.340824397000641433e-01
9.344434076396529454e-02 1.038085069206970523e+00 1.365024112460021533e-01
9.527658273972931802e-02 1.038846157287694805e+00 1.389119220548976907e-01
9.710882471549334150e-02 1.039607803371885186e+00 1.413109646207921510e-01
9.894106669125737885e-02 1.040370007868650415e+00 1.436995317227015567e-01
1.007733086670214023e-01 1.041132771187398998e+00 1.460776164232905350e-01
1.026055506427854258e-01 1.041896093737840534e+00 1.484452120675507913e-01
1.044377926185494493e-01 1.042659975929983718e+00 1.508023122814728112e-01
1.062700345943134728e-01 1.043424418174139001e+00 1.531489109707321328e-01
1.081022765700774962e-01 1.044189420880916819e+00 1.554850023193659891e-01
1.099345185458415197e-01 1.044954984461229142e+00 1.578105807884613576e-01
1.117667605216055571e-01 1.045721109326289033e+00 1.601256411148395398e-01
1.135990024973695806e-01 1.046487795887611094e+00 1.624301783097452379e-01
1.154312444731336040e-01 1.047255044557011461e+00 1.647241876575371577e-01
1.172634864488976275e-01 1.048022855746608473e+00 1.670076647143829418e-01
1.190957284246616510e-01 1.048791229868822672e+00 1.692806053069535188e-01
1.209279704004256745e-01 1.049560167336376360e+00 1.715430055311198687e-01
1.227602123761896979e-01 1.050329668562295149e+00 1.737948617506569204e-01
1.245924543519537353e-01 1.051099733959907079e+00 1.760361705959437861e-01
1.264246963277177449e-01 1.051870363942843278e+00 1.782669289626698239e-01
1.282569383034817823e-01 1.052641558925038190e+00 1.804871340105428379e-01
1.300891802792457919e-01 1.053413319320730013e+00 1.826967831619998595e-01
1.319214222550098292e-01 1.054185645544460259e+00 1.848958741009184559e-01
1.337536642307738666e-01 1.054958538011074198e+00 1.870844047713322578e-01
1.355859062065378762e-01 1.055731997135721745e+00 1.892623733761515104e-01
1.374181481823019135e-01 1.056506023333857014e+00 1.914297783758814042e-01
1.392503901580659231e-01 1.057280617021238545e+00 1.935866184873449303e-01
1.410826321338299605e-01 1.058055778613929965e+00 1.957328926824112025e-01
1.429148741095939701e-01 1.058831508528299770e+00 1.978686001867211164e-01
1.447471160853580074e-01 1.059607807181021988e+00 1.999937404784215278e-01
1.465793580611220448e-01 1.060384674989075293e+00 2.021083132868946586e-01
1.484116000368860544e-01 1.061162112369745447e+00 2.042123185915020733e-01
1.502438420126500918e-01 1.061940119740622857e+00 2.063057566203159443e-01
1.520760839884141014e-01 1.062718697519604794e+00 2.083886278488668309e-01
1.539083259641781387e-01 1.063497846124894730e+00 2.104609329988869071e-01
1.557405679399421483e-01 1.064277565975003004e+00 2.125226730370581574e-01
1.575728099157061857e-01 1.065057857488746373e+00 2.145738491737615439e-01
1.594050518914702230e-01 1.065838721085248686e+00 2.166144628618317802e-01
1.612372938672342326e-01 1.066620157183941542e+00 2.186445157953146867e-01
1.630695358429982700e-01 1.067402166204563629e+00 2.206640099082241846e-01
1.649017778187622796e-01 1.068184748567161613e+00 2.226729473733062292e-01
1.667340197945263169e-01 1.068967904692089688e+00 2.246713306008013555e-01
1.685662617702903265e-01 1.069751635000010914e+00 2.266591622372170489e-01
1.703985037460543639e-01 1.070535939911896328e+00 2.286364451640942597e-01
1.722307457218184013e-01 1.071320819849025607e+00 2.306031824967834931e-01
1.740629876975824109e-01 1.072106275232987294e+00 2.325593775832211496e-01
1.758952296733464482e-01 1.072892306485679237e+00 2.345050340027101110e-01
1.777274716491104578e-01 1.073678914029308373e+00 2.364401555647015762e-01
1.795597136248744952e-01 1.074466098286391391e+00 2.383647463075821427e-01
1.813919556006385048e-01 1.075253859679754731e+00 2.402788104974621086e-01
1.832241975764025421e-01 1.076042198632534586e+00 2.421823526269668292e-01
1.850564395521665795e-01 1.076831115568177566e+00 2.440753774140332621e-01
1.868886815279305891e-01 1.077620610910440924e+00 2.459578898007074577e-01
1.887209235036946264e-01 1.078410685083392107e+00 2.478298949519456562e-01
1.905531654794586360e-01 1.079201338511410091e+00 2.496913982544194666e-01
1.923854074552226734e-01 1.079992571619184494e+00 2.515424053153222372e-01
1.942176494309866830e-01 1.080784384831716238e+00 2.533829219611797856e-01
1.960498914067507203e-01 1.081576778574318443e+00 2.552129542366669002e-01
1.978821333825147577e-01 1.082369753272615531e+00 2.570325084034199570e-01
1.997143753582787673e-01 1.083163309352544124e+00 2.588415909388607217e-01
2.015466173340428047e-01 1.083957447240353034e+00 2.606402085350171816e-01
2.033788593098068143e-01 1.084752167362603936e+00 2.624283680973528710e-01
2.052111012855708516e-01 1.085547470146170923e+00 2.642060767435931989e-01
2.070433432613348612e-01 1.086343356018240947e+00 2.659733418025607143e-01
2.088755852370988986e-01 1.087139825406314486e+00 2.677301708130109814e-01
2.107078272128629359e-01 1.087936878738205104e+00 2.694765715224711200e-01
2.125400691886269455e-01 1.088734516442040556e+00 2.712125518860841744e-01
2.143723111643909829e-01 1.089532738946261903e+00 2.729381200654524275e-01
2.162045531401549925e-01 1.090331546679624619e+00 2.746532844274890417e-01
2.180367951159190298e-01 1.091130940071198374e+00 2.763580535432690333e-01
2.198690370916830394e-01 1.091930919550367696e+00 2.780524361868861871e-01
2.217012790674470768e-01 1.092731485546831749e+00 2.797364413343109701e-01
2.235335210432111142e-01 1.093532638490604780e+00 2.814100781622529412e-01
2.253657630189751238e-01 1.094334378812015895e+00 2.830733560470266030e-01
2.271980049947391611e-01 1.095136706941710392e+00 2.847262845634211392e-01
2.290302469705031707e-01 1.095939623310648869e+00 2.863688734835714844e-01
2.308624889462672081e-01 1.096743128350108343e+00 2.880011327758352779e-01
2.326947309220312177e-01 1.097547222491681129e+00 2.896230726036688741e-01
2.345269728977952550e-01 1.098351906167276848e+00 2.912347033245137329e-01
2.363592148735592924e-01 1.099157179809121310e+00 2.928360354886783146e-01
2.381914568493233020e-01 1.099963043849757405e+00 2.944270798382295218e-01
2.400236988250873393e-01 1.100769498722045325e+00 2.960078473058843085e-01
2.418559408008513489e-01 1.101576544859162343e+00 2.975783490139046195e-01
2.436881827766153863e-01 1.102384182694603032e+00 2.991385962729962711e-01
2.455204247523793959e-01 1.103192412662180599e+00 3.006886005812136609e-01
2.473526667281434333e-01 1.104001235196025554e+00 3.022283736228629225e-01
2.491849087039074706e-01 1.104810650730587263e+00 3.037579272674124642e-01
2.510171506796715080e-01 1.105620659700633057e+00 3.052772735684051719e-01
2.528493926554354898e-01 1.106431262541249572e+00 3.067864247623744434e-01
2.546816346311995272e-01 1.107242459687841851e+00 3.082853932677633857e-01
2.565138766069635645e-01 1.108054251576134908e+00 3.097741916838482878e-01
2.583461185827276019e-01 1.108866638642172386e+00 3.112528327896634250e-01
2.601783605584915837e-01 1.109679621322318344e+00 3.127213295429325246e-01
2.620106025342556211e-01 1.110493200053256357e+00 3.141796950789999543e-01
2.638428445100196584e-01 1.111307375271990194e+00 3.156279427097676282e-01
2.656750864857836958e-01 1.112122147415844031e+00 3.170660859226356876e-01
2.675073284615477331e-01 1.112937516922462899e+00 3.184941383794450132e-01
2.693395704373117150e-01 1.113753484229812463e+00 3.199121139154240678e-01
2.711718124130757523e-01 1.114570049776179461e+00 3.213200265381380150e-01
2.730040543888397897e-01 1.115387214000172378e+00 3.227178904264449422e-01
2.748362963646038271e-01 1.116204977340720328e+00 3.241057199294485880e-01
2.766685383403678644e-01 1.117023340237075502e+00 3.254835295654638361e-01
2.785007803161318463e-01 1.117842303128810943e+00 3.268513340209752704e-01
2.803330222918958836e-01 1.118661866455822995e+00 3.282091481496090535e-01
2.821652642676599210e-01 1.119482030658329741e+00 3.295569869711001965e-01
2.839975062434239583e-01 1.120302796176872562e+00 3.308948656702688229e-01
2.858297482191879402e-01 1.121124163452315248e+00 3.322227995959962099e-01
2.876619901949519775e-01 1.121946132925845330e+00 3.335408042602067691e-01
2.894942321707160149e-01 1.122768705038973636e+00 3.348488953368524146e-01
2.913264741464800522e-01 1.123591880233534734e+00 3.361470886609002062e-01
2.931587161222440896e-01 1.124415658951687158e+00 3.374354002273234343e-01
2.949909580980080714e-01 1.125240041635913180e+00 3.387138461900960906e-01
2.968232000737721088e-01 1.126065028729020145e+00 3.399824428611925020e-01
2.986554420495361462e-01 1.126890620674139587e+00 3.412412067095872414e-01
3.004876840253001835e-01 1.127716817914728331e+00 3.424901543602617560e-01
3.023199260010642209e-01 1.128543620894567834e+00 3.437293025932108281e-01
3.041521679768282027e-01 1.129371030057765291e+00 3.449586683424566980e-01
3.059844099525922401e-01 1.130199045848753192e+00 3.461782686950630739e-01
3.078166519283562774e-01 1.131027668712290435e+00 3.473881208901548612e-01
3.096488939041203148e-01 1.131856899093461433e+00 3.485882423179388900e-01
3.114811358798842966e-01 1.132686737437676783e+00 3.497786505187306938e-01
3.133133778556483340e-01 1.133517184190674598e+00 3.509593631819850623e-01
3.151456198314123713e-01 1.134348239798518732e+00 3.521303981453247633e-01
3.169778618071764087e-01 1.135179904707600551e+00 3.532917733935797000e-01
3.188101037829404460e-01 1.136012179364638719e+00 3.544435070578255687e-01
3.206423457587044279e-01 1.136845064216679413e+00 3.555856174144263471e-01
3.224745877344684652e-01 1.137678559711096327e+00 3.567181228840795582e-01
3.243068297102325026e-01 1.138512666295591558e+00 3.578410420308680284e-01
3.261390716859965400e-01 1.139347384418195164e+00 3.589543935613117021e-01
3.279713136617605773e-01 1.140182714527265606e+00 3.600581963234234517e-01
3.298035556375245592e-01 1.141018657071490194e+00 3.611524693057705515e-01
3.316357976132885965e-01 1.141855212499885530e+00 3.622372316365372602e-01
3.334680395890526339e-01 1.142692381261796841e+00 3.633125025825902354e-01
3.353002815648166712e-01 1.143530163806899091e+00 3.643783015485514420e-01
3.371325235405806531e-01 1.144368560585196759e+00 3.654346480758683402e-01
3.389647655163446904e-01 1.145207572047024502e+00 3.664815618418934551e-01
3.407970074921087278e-01 1.146047198643047160e+00 3.675190626589636689e-01
3.426292494678727651e-01 1.146887440824259752e+00 3.685471704734836762e-01
3.444614914436368025e-01 1.147728299041988143e+00 3.695659053650129366e-01
3.462937334194007843e-01 1.148569773747888823e+00 3.705752875453564021e-01
3.481259753951648217e-01 1.149411865393949572e+00 3.715753373576583529e-01
3.499582173709288591e-01 1.150254574432489907e+00 3.725660752755001748e-01
3.517904593466928964e-01 1.151097901316160410e+00 3.735475219019994686e-01
3.536227013224569338e-01 1.151941846497943844e+00 3.745196979689146000e-01
3.554549432982209156e-01 1.152786410431154929e+00 3.754826243357525795e-01
3.572871852739849530e-01 1.153631593569440783e+00 3.764363219888793299e-01
3.591194272497489903e-01 1.154477396366781372e+00 3.773808120406328959e-01
3.609516692255130277e-01 1.155323819277489061e+00 3.783161157284419263e-01
3.627839112012770095e-01 1.156170862756209505e+00 3.792422544139449903e-01
3.646161531770410469e-01 1.157018527257922091e+00 3.801592495821168316e-01
3.664483951528050842e-01 1.157866813237939052e+00 3.810671228403929578e-01
3.682806371285691216e-01 1.158715721151906797e+00 3.819658959178021673e-01
3.701128791043331590e-01 1.159565251455805912e+00 3.828555906640989659e-01
3.719451210800971408e-01 1.160415404605951162e+00 3.837362290489033656e-01
3.737773630558611782e-01 1.161266181058991931e+00 3.846078331608384637e-01
3.756096050316252155e-01 1.162117581271912226e+00 3.854704252066762926e-01
3.774418470073892529e-01 1.162969605702031339e+00 3.863240275104847243e-01
3.792740889831532902e-01 1.163822254807003631e+00 3.871686625127772063e-01
3.811063309589172721e-01 1.164675529044819191e+00 3.880043527696671601e-01
3.829385729346813094e-01 1.165529428873803841e+00 3.888311209520252110e-01
3.847708149104453468e-01 1.166383954752619134e+00 3.896489898446383604e-01
3.866030568862093841e-01 1.167239107140263465e+00 3.904579823453755427e-01
3.884352988619733660e-01 1.168094886496071405e+00 3.912581214643522376e-01
3.902675408377374033e-01 1.168951293279714143e+00 3.920494303231022992e-01
3.920997828135014407e-01 1.169808327951200377e+00 3.928319321537508402e-01
3.939320247892654780e-01 1.170665990970875425e+00 3.936056502981896688e-01
3.957642667650295154e-01 1.171524282799422556e+00 3.943706082072590546e-01
3.975965087407934972e-01 1.172383203897862991e+00 3.951268294399297165e-01
3.994287507165575346e-01 1.173242754727555237e+00 3.958743376624888621e-01
4.012609926923215720e-01 1.174102935750196641e+00 3.966131566477301695e-01
4.030932346680856093e-01 1.174963747427822947e+00 3.973433102741469325e-01
4.049254766438496467e-01 1.175825190222808514e+00 3.980648225251265382e-01
4.067577186196136285e-01 1.176687264597866767e+00 3.987777174881511622e-01
4.085899605953776659e-01 1.177549971016050412e+00 3.994820193539991848e-01
4.104222025711417032e-01 1.178413309940751663e+00 4.001777524159508825e-01
4.122544445469057406e-01 1.179277281835702462e+00 4.008649410689970050e-01
4.140866865226697224e-01 1.180141887164974479e+00 4.015436098090506833e-01
4.159189284984337598e-01 1.181007126392980000e+00 4.022137832321625028e-01
4.177511704741977971e-01 1.181872999984471706e+00 4.028754860337384058e-01
4.195834124499618345e-01 1.182739508404542894e+00 4.035287430077609261e-01
4.214156544257258719e-01 1.183606652118628144e+00 4.041735790460143640e-01
4.232478964014898537e-01 1.184474431592502652e+00 4.048100191373108503e-01
4.250801383772538911e-01 1.185342847292283786e+00 4.054380883667225710e-01
4.269123803530179284e-01 1.186211899684430415e+00 4.060578119148148812e-01
4.287446223287819658e-01 1.187081589235743140e+00 4.066692150568822495e-01
4.305768643045460031e-01 1.187951916413365172e+00 4.072723231621904194e-01
4.324091062803099850e-01 1.188822881684782340e+00 4.078671616932178501e-01
4.342413482560740223e-01 1.189694485517822420e+00 4.084537562049014858e-01
4.360735902318380597e-01 1.190566728380657135e+00 4.090321323438875778e-01
4.379058322076020970e-01 1.191439610741800825e+00 4.096023158477836157e-01
4.397380741833660789e-01 1.192313133070111775e+00 4.101643325444115362e-01
4.415703161591301162e-01 1.193187295834791328e+00 4.107182083510694803e-01
4.434025581348941536e-01 1.194062099505385888e+00 4.112639692737912744e-01
4.452348001106581910e-01 1.194937544551784914e+00 4.118016414066101860e-01
4.470670420864222283e-01 1.195813631444223590e+00 4.123312509308291185e-01
4.488992840621862102e-01 1.196690360653280605e+00 4.128528241142880306e-01
4.507315260379502475e-01 1.197567732649880590e+00 4.133663873106401265e-01
4.525637680137142849e-01 1.198445747905293457e+00 4.138719669586262695e-01
4.543960099894783222e-01 1.199324406891133732e+00 4.143695895813562236e-01
4.562282519652423596e-01 1.200203710079362773e+00 4.148592817855896731e-01
4.580604939410063414e-01 1.201083657942287219e+00 4.153410702610227379e-01
4.598927359167703788e-01 1.201964250952560320e+00 4.158149817795765424e-01
4.617249778925344161e-01 1.202845489583181937e+00 4.162810431946875611e-01
4.635572198682984535e-01 1.203727374307498543e+00 4.167392814406027934e-01
4.653894618440624353e-01 1.204609905599203667e+00 4.171897235316768815e-01
4.672217038198264727e-01 1.205493083932338116e+00 4.176323965616722811e-01
4.690539457955905100e-01 1.206376909781290196e+00 4.180673277030625967e-01
4.708861877713545474e-01 1.207261383620796380e+00 4.184945442063383592e-01
4.727184297471185848e-01 1.208146505925940861e+00 4.189140733993158006e-01
4.745506717228825666e-01 1.209032277172156222e+00 4.193259426864495154e-01
4.763829136986466040e-01 1.209918697835223433e+00 4.197301795481463427e-01
4.782151556744106413e-01 1.210805768391272741e+00 4.201268115400838554e-01
4.800473976501746787e-01 1.211693489316783001e+00 4.205158662925293500e-01
4.818796396259386605e-01 1.212581861088582791e+00 4.208973715096651080e-01
4.837118816017026979e-01 1.213470884183849963e+00 4.212713549689128811e-01
4.855441235774667352e-01 1.214360559080112312e+00 4.216378445202641490e-01
4.873763655532307726e-01 1.215250886255248020e+00 4.219968680856114318e-01
4.892086075289948099e-01 1.216141866187485210e+00 4.223484536580827120e-01
4.910408495047587918e-01 1.217033499355402837e+00 4.226926293013793523e-01
4.928730914805228291e-01 1.217925786237930907e+00 4.230294231491169010e-01
4.947053334562868665e-01 1.218818727314350259e+00 4.233588634041665633e-01
4.965375754320509039e-01 1.219712323064293003e+00 4.236809783380023342e-01
4.983698174078149412e-01 1.220606573967743635e+00 4.239957962900496868e-01
5.002020593835789786e-01 1.221501480505037485e+00 4.243033456670363690e-01
5.020343013593430159e-01 1.222397043156863150e+00 4.246036549423468642e-01
5.038665433351069423e-01 1.223293262404260506e+00 4.248967526553790175e-01
5.056987853108709796e-01 1.224190138728623367e+00 4.251826674109044357e-01
5.075310272866350170e-01 1.225087672611697487e+00 4.254614278784295545e-01
5.093632692623990543e-01 1.225985864535582115e+00 4.257330627915622001e-01
5.111955112381630917e-01 1.226884714982730218e+00 4.259976009473780412e-01
5.130277532139271290e-01 1.227784224435948257e+00 4.262550712057925351e-01
5.148599951896911664e-01 1.228684393378396855e+00 4.265055024889319868e-01
5.166922371654552038e-01 1.229585222293590352e+00 4.267489237805111024e-01
5.185244791412192411e-01 1.230486711665397914e+00 4.269853641252117638e-01
5.203567211169831674e-01 1.231388861978043980e+00 4.272148526280626912e-01
5.221889630927472048e-01 1.232291673716106928e+00 4.274374184538234367e-01
5.240212050685112422e-01 1.233195147364521516e+00 4.276530908263730391e-01
5.258534470442752795e-01 1.234099283408577330e+00 4.278618990280957379e-01
5.276856890200393169e-01 1.235004082333919895e+00 4.280638723992758465e-01
5.295179309958033542e-01 1.235909544626551115e+00 4.282590403374895160e-01
5.313501729715673916e-01 1.236815670772828613e+00 4.284474322970029947e-01
5.331824149473314289e-01 1.237722461259466833e+00 4.286290777881722192e-01
5.350146569230954663e-01 1.238629916573537493e+00 4.288040063768437937e-01
5.368468988988595036e-01 1.239538037202469134e+00 4.289722476837613541e-01
5.386791408746234300e-01 1.240446823634047124e+00 4.291338313839704877e-01
5.405113828503874673e-01 1.241356276356415433e+00 4.292887872062305377e-01
5.423436248261515047e-01 1.242266395858075301e+00 4.294371449324255741e-01
5.441758668019155420e-01 1.243177182627886346e+00 4.295789343969799723e-01
5.460081087776795794e-01 1.244088637155066124e+00 4.297141854862752686e-01
5.478403507534436168e-01 1.245000759929191458e+00 4.298429281380700129e-01
5.496725927292076541e-01 1.245913551440197997e+00 4.299651923409225085e-01
5.515048347049716915e-01 1.246827012178380656e+00 4.300810081336146617e-01
5.533370766807357288e-01 1.247741142634393174e+00 4.301904056045808278e-01
5.551693186564996552e-01 1.248655943299249893e+00 4.302934148913357126e-01
5.570015606322636925e-01 1.249571414664324642e+00 4.303900661799082150e-01
5.588338026080277299e-01 1.250487557221351631e+00 4.304803897042747129e-01
5.606660445837917672e-01 1.251404371462425669e+00 4.305644157457976795e-01
5.624982865595558046e-01 1.252321857880001943e+00 4.306421746326633548e-01
5.643305285353198419e-01 1.253240016966897574e+00 4.307136967393257465e-01
5.661627705110838793e-01 1.254158849216290061e+00 4.307790124859482983e-01
5.679950124868479167e-01 1.255078355121719058e+00 4.308381523378537192e-01
5.698272544626119540e-01 1.255998535177085706e+00 4.308911468049707594e-01
5.716594964383758803e-01 1.256919389876653526e+00 4.309380264412865369e-01
5.734917384141399177e-01 1.257840919715048411e+00 4.309788218443004748e-01
5.753239803899039551e-01 1.258763125187258636e+00 4.310135636544802917e-01
5.771562223656679924e-01 1.259686006788635515e+00 4.310422825547207126e-01
5.789884643414320298e-01 1.260609565014893851e+00 4.310650092698041780e-01
5.808207063171960671e-01 1.261533800362111490e+00 4.310817745658638289e-01
5.826529482929601045e-01 1.262458713326729987e+00 4.310926092498504891e-01
5.844851902687241418e-01 1.263384304405555048e+00 4.310975441689975929e-01
5.863174322444881792e-01 1.264310574095756534e+00 4.310966102102939956e-01
5.881496742202522165e-01 1.265237522894869127e+00 4.310898382999553968e-01
5.899819161960161429e-01 1.266165151300791658e+00 4.310772594028989269e-01
5.918141581717801802e-01 1.267093459811788225e+00 4.310589045222195104e-01
5.936464001475442176e-01 1.268022448926488854e+00 4.310348046986707260e-01
5.954786421233082550e-01 1.268952119143888391e+00 4.310049910101444448e-01
5.973108840990722923e-01 1.269882470963347609e+00 4.309694945711550207e-01
5.991431260748363297e-01 1.270813504884593881e+00 4.309283465323255347e-01
6.009753680506003670e-01 1.271745221407720505e+00 4.308815780798757045e-01
6.028076100263644044e-01 1.272677621033187600e+00 4.308292204351120702e-01
6.046398520021284417e-01 1.273610704261822102e+00 4.307713048539199008e-01
6.064720939778923681e-01 1.274544471594818207e+00 4.307078626262592635e-01
6.083043359536564054e-01 1.275478923533737596e+00 4.306389250756604281e-01
6.101365779294204428e-01 1.276414060580509879e+00 4.305645235587227115e-01
6.119688199051844801e-01 1.277349883237432371e+00 4.304846894646174316e-01
6.138010618809485175e-01 1.278286392007170535e+00 4.303994542145886948e-01
6.156333038567125548e-01 1.279223587392758654e+00 4.303088492614611238e-01
6.174655458324765922e-01 1.280161469897599824e+00 4.302129060891445311e-01
6.192977878082406296e-01 1.281100040025465958e+00 4.301116562121470865e-01
6.211300297840046669e-01 1.282039298280498674e+00 4.300051311750835437e-01
6.229622717597685932e-01 1.282979245167208626e+00 4.298933625521911828e-01
6.247945137355326306e-01 1.283919881190477286e+00 4.297763819468446989e-01
6.266267557112966680e-01 1.284861206855555604e+00 4.296542209910744203e-01
6.284589976870607053e-01 1.285803222668064905e+00 4.295269113450860266e-01
6.302912396628247427e-01 1.286745929133997546e+00 4.293944846967829854e-01
6.321234816385887800e-01 1.287689326759716701e+00 4.292569727612903785e-01
6.339557236143528174e-01 1.288633416051957026e+00 4.291144072804801146e-01
6.357879655901168547e-01 1.289578197517824210e+00 4.289668200225004724e-01
6.376202075658808921e-01 1.290523671664796090e+00 4.288142427813051993e-01
6.394524495416449295e-01 1.291469839000722653e+00 4.286567073761856639e-01
6.412846915174088558e-01 1.292416700033825805e+00 4.284942456513048947e-01
6.431169334931728931e-01 1.293364255272700492e+00 4.283268894752340072e-01
6.449491754689369305e-01 1.294312505226314469e+00 4.281546707404894070e-01
6.467814174447009679e-01 1.295261450404008752e+00 4.279776213630732129e-01
6.486136594204650052e-01 1.296211091315496944e+00 4.277957732820154568e-01
6.504459013962290426e-01 1.297161428470867683e+00 4.276091584589165051e-01
6.522781433719930799e-01 1.298112462380582421e+00 4.274178088774940321e-01
6.541103853477571173e-01 1.299064193555477642e+00 4.272217565431305486e-01
6.559426273235211546e-01 1.300016622506763975e+00 4.270210334824219855e-01
6.577748692992850810e-01 1.300969749746026860e+00 4.268156717427299407e-01
6.596071112750491183e-01 1.301923575785226994e+00 4.266057033917344810e-01
6.614393532508131557e-01 1.302878101136700550e+00 4.263911605169895536e-01
6.632715952265771930e-01 1.303833326313158736e+00 4.261720752254795075e-01
6.651038372023412304e-01 1.304789251827689123e+00 4.259484796431781684e-01
6.669360791781052678e-01 1.305745878193755427e+00 4.257204059146104669e-01
6.687683211538693051e-01 1.306703205925197953e+00 4.254878862024124020e-01
6.706005631296333425e-01 1.307661235536233368e+00 4.252509526868983869e-01
6.724328051053973798e-01 1.308619967541455154e+00 4.250096375656252090e-01
6.742650470811613062e-01 1.309579402455835151e+00 4.247639730529604307e-01
6.760972890569253435e-01 1.310539540794721569e+00 4.245139913796527886e-01
6.779295310326893809e-01 1.311500383073840981e+00 4.242597247924024262e-01
6.797617730084534182e-01 1.312461929809298322e+00 4.240012055534352342e-01
6.815940149842174556e-01 1.313424181517576228e+00 4.237384659400770248e-01
6.834262569599814929e-01 1.314387138715536585e+00 4.234715382443307030e-01
6.852584989357455303e-01 1.315350801920420087e+00 4.232004547724548260e-01
6.870907409115095676e-01 1.316315171649846461e+00 4.229252478445428842e-01
6.889229828872736050e-01 1.317280248421815347e+00 4.226459497941063015e-01
6.907552248630376424e-01 1.318246032754705643e+00 4.223625929676571022e-01
6.925874668388015687e-01 1.319212525167276384e+00 4.220752097242942424e-01
6.944197088145656060e-01 1.320179726178667634e+00 4.217838324352884971e-01
6.962519507903296434e-01 1.321147636308399154e+00 4.214884934836741204e-01
6.980841927660936808e-01 1.322116256076371954e+00 4.211892252638363976e-01
6.999164347418577181e-01 1.323085586002868519e+00 4.208860601811046376e-01
7.017486767176217555e-01 1.324055626608552361e+00 4.205790306513462751e-01
7.035809186933857928e-01 1.325026378414469130e+00 4.202681691005611953e-01
7.054131606691498302e-01 1.325997841942045730e+00 4.199535079644790558e-01
7.072454026449138675e-01 1.326970017713092309e+00 4.196350796881569423e-01
7.090776446206777939e-01 1.327942906249800936e+00 4.193129167255811307e-01
7.109098865964418312e-01 1.328916508074746927e+00 4.189870515392661865e-01
7.127421285722058686e-01 1.329890823710888625e+00 4.186575165998607240e-01
7.145743705479699059e-01 1.330865853681567401e+00 4.183243443857506683e-01
7.164066125237339433e-01 1.331841598510508762e+00 4.179875673826652926e-01
7.182388544994979807e-01 1.332818058721822352e+00 4.176472180832868641e-01
7.200710964752620180e-01 1.333795234840001287e+00 4.173033289868573470e-01
7.219033384510260554e-01 1.334773127389924152e+00 4.169559325987926002e-01
7.237355804267900927e-01 1.335751736896853670e+00 4.166050614302921340e-01
7.255678224025540191e-01 1.336731063886437809e+00 4.162507479979541958e-01
7.274000643783180564e-01 1.337711108884710676e+00 4.158930248233912996e-01
7.292323063540820938e-01 1.338691872418090956e+00 4.155319244328469219e-01
7.310645483298461311e-01 1.339673355013383471e+00 4.151674793568144728e-01
7.328967903056101685e-01 1.340655557197780290e+00 4.147997221296557679e-01
7.347290322813742058e-01 1.341638479498858505e+00 4.144286852892247186e-01
7.365612742571382432e-01 1.342622122444583344e+00 4.140544013764879683e-01
7.383935162329022805e-01 1.343606486563306390e+00 4.136769029351501370e-01
7.402257582086663179e-01 1.344591572383766476e+00 4.132962225112796761e-01
7.420580001844302442e-01 1.345577380435090564e+00 4.129123926529357780e-01
7.438902421601942816e-01 1.346563911246793310e+00 4.125254459097960069e-01
7.457224841359583190e-01 1.347551165348777724e+00 4.121354148327879274e-01
7.475547261117223563e-01 1.348539143271335394e+00 4.117423319737190668e-01
7.493869680874863937e-01 1.349527845545146043e+00 4.113462298849103194e-01
7.512192100632504310e-01 1.350517272701279525e+00 4.109471411188292955e-01
7.530514520390144684e-01 1.351507425271194052e+00 4.105450982277265015e-01
7.548836940147785057e-01 1.352498303786738187e+00 4.101401337632718525e-01
7.567159359905425431e-01 1.353489908780149964e+00 4.097322802761922400e-01
7.585481779663065804e-01 1.354482240784058211e+00 4.093215703159116536e-01
7.603804199420705068e-01 1.355475300331481225e+00 4.089080364301920234e-01
7.622126619178345441e-01 1.356469087955829433e+00 4.084917111647746735e-01
7.640449038935985815e-01 1.357463604190903395e+00 4.080726270630237185e-01
7.658771458693626188e-01 1.358458849570895133e+00 4.076508166655720689e-01
7.677093878451266562e-01 1.359454824630388803e+00 4.072263125099645498e-01
7.695416298208906936e-01 1.360451529904360024e+00 4.067991471303089024e-01
7.713738717966547309e-01 1.361448965928176769e+00 4.063693530569207901e-01
7.732061137724187683e-01 1.362447133237599584e+00 4.059369628159754106e-01
7.750383557481828056e-01 1.363446032368781813e+00 4.055020089291583862e-01
7.768705977239467320e-01 1.364445663858269819e+00 4.050645239133175979e-01
7.787028396997107693e-01 1.365446028243003651e+00 4.046245402801156299e-01
7.805350816754748067e-01 1.366447126060316375e+00 4.041820905356870441e-01
7.823673236512388440e-01 1.367448957847935631e+00 4.037372071802918239e-01
7.841995656270028814e-01 1.368451524143982967e+00 4.032899227079732585e-01
7.860318076027669187e-01 1.369454825486974725e+00 4.028402696062162724e-01
7.878640495785309561e-01 1.370458862415821821e+00 4.023882803556065868e-01
7.896962915542949935e-01 1.371463635469830189e+00 4.019339874294916015e-01
7.915285335300590308e-01 1.372469145188701667e+00 4.014774232936422216e-01
7.933607755058229571e-01 1.373475392112533111e+00 4.010186204059149606e-01
7.951930174815869945e-01 1.374482376781817949e+00 4.005576112159169311e-01
7.970252594573510319e-01 1.375490099737445737e+00 4.000944281646702794e-01
7.988575014331150692e-01 1.376498561520702157e+00 3.996291036842788413e-01
8.006897434088791066e-01 1.377507762673270353e+00 3.991616701975954085e-01
8.025219853846431439e-01 1.378517703737230482e+00 3.986921601178898822e-01
8.043542273604071813e-01 1.379528385255059497e+00 3.982206058485201483e-01
8.061864693361712186e-01 1.380539807769632921e+00 3.977470397826004533e-01
8.080187113119352560e-01 1.381551971824223957e+00 3.972714943026753875e-01
8.098509532876992933e-01 1.382564877962503935e+00 3.967940017803908703e-01
8.116831952634632197e-01 1.383578526728542979e+00 3.963145945761696320e-01
8.135154372392272570e-01 1.384592918666810224e+00 3.958333050388846974e-01
8.153476792149912944e-01 1.385608054322173821e+00 3.953501655055360331e-01
8.171799211907553318e-01 1.386623934239901379e+00 3.948652083009273062e-01
8.190121631665193691e-01 1.387640558965660409e+00 3.943784657373437530e-01
8.208444051422834065e-01 1.388657929045518324e+00 3.938899701142311027e-01
8.226766471180474438e-01 1.389676045025942885e+00 3.933997537178762771e-01
8.245088890938114812e-01 1.390694907453802864e+00 3.929078488210869802e-01
8.263411310695755185e-01 1.391714516876367380e+00 3.924142876828745630e-01
8.281733730453394449e-01 1.392734873841307452e+00 3.919191025481368884e-01
8.300056150211034822e-01 1.393755978896695114e+00 3.914223256473419177e-01
8.318378569968675196e-01 1.394777832591004296e+00 3.909239891962125735e-01
8.336700989726315569e-01 1.395800435473111500e+00 3.904241253954118251e-01
8.355023409483955943e-01 1.396823788092295127e+00 3.899227664302313823e-01
8.373345829241596316e-01 1.397847890998236586e+00 3.894199444702766688e-01
8.391668248999236690e-01 1.398872744741020080e+00 3.889156916691572929e-01
8.409990668756877064e-01 1.399898349871133041e+00 3.884100401641756850e-01
8.428313088514517437e-01 1.400924706939467024e+00 3.879030220760171233e-01
8.446635508272156700e-01 1.401951816497316816e+00 3.873946695084413694e-01
8.464957928029797074e-01 1.402979679096382215e+00 3.868850145479749147e-01
8.483280347787437448e-01 1.404008295288766472e+00 3.863740892636038371e-01
8.501602767545077821e-01 1.405037665626978294e+00 3.858619257064670460e-01
8.519925187302718195e-01 1.406067790663931394e+00 3.853485559095510271e-01
8.538247607060358568e-01 1.407098670952944941e+00 3.848340118873864180e-01
8.556570026817998942e-01 1.408130307047743557e+00 3.843183256357427524e-01
8.574892446575639315e-01 1.409162699502457539e+00 3.838015291313271460e-01
8.593214866333279689e-01 1.410195848871624413e+00 3.832836543314808164e-01
8.611537286090920063e-01 1.411229755710187161e+00 3.827647331738789349e-01
8.629859705848559326e-01 1.412264420573496437e+00 3.822447975762297001e-01
8.648182125606199699e-01 1.413299844017309903e+00 3.817238794359744114e-01
8.666504545363840073e-01 1.414336026597792229e+00 3.812020106299898181e-01
8.684826965121480447e-01 1.415372968871516424e+00 3.806792230142881373e-01
8.703149384879120820e-01 1.416410671395463172e+00 3.801555484237211791e-01
8.721471804636761194e-01 1.417449134727021498e+00 3.796310186716837509e-01
8.739794224394401567e-01 1.418488359423989653e+00 3.791056655498161176e-01
8.758116644152041941e-01 1.419528346044574008e+00 3.785795208277115687e-01
8.776439063909682314e-01 1.420569095147391048e+00 3.780526162526193779e-01
8.794761483667321578e-01 1.421610607291466044e+00 3.775249835491529260e-01
8.813083903424961951e-01 1.422652883036234384e+00 3.769966544189961577e-01
8.831406323182602325e-01 1.423695922941542014e+00 3.764676605406108711e-01
8.849728742940242698e-01 1.424739727567644998e+00 3.759380335689455066e-01
8.868051162697883072e-01 1.425784297475209961e+00 3.754078051351449896e-01
8.886373582455523445e-01 1.426829633225314975e+00 3.748770068462591309e-01
8.904696002213163819e-01 1.427875735379449118e+00 3.743456702849536910e-01
8.923018421970804193e-01 1.428922604499513582e+00 3.738138270092219440e-01
8.941340841728444566e-01 1.429970241147821230e+00 3.732815085520955201e-01
8.959663261486083830e-01 1.431018645887096818e+00 3.727487464213574686e-01
8.977985681243724203e-01 1.432067819280478771e+00 3.722155720992545436e-01
8.996308101001364577e-01 1.433117761891517183e+00 3.716820170422120984e-01
9.014630520759004950e-01 1.434168474284176042e+00 3.711481126805467046e-01
9.032952940516645324e-01 1.435219957022832782e+00 3.706138904181820459e-01
9.051275360274285697e-01 1.436272210672278060e+00 3.700793816323639795e-01
9.069597780031926071e-01 1.437325235797717093e+00 3.695446176733769850e-01
9.087920199789566444e-01 1.438379032964769877e+00 3.690096298642599471e-01
9.106242619547206818e-01 1.439433602739469853e+00 3.684744495005239928e-01
9.124565039304847192e-01 1.440488945688267020e+00 3.679391078498697731e-01
9.142887459062486455e-01 1.441545062378025266e+00 3.674036361519061877e-01
9.161209878820126828e-01 1.442601953376025037e+00 3.668680656178685551e-01
9.179532298577767202e-01 1.443659619249962445e+00 3.663324274303387806e-01
9.197854718335407576e-01 1.444718060567949491e+00 3.657967527429644705e-01
9.216177138093047949e-01 1.445777277898515178e+00 3.652610726801793772e-01
9.234499557850688323e-01 1.446837271810604841e+00 3.647254183369251224e-01
9.252821977608328696e-01 1.447898042873581259e+00 3.641898207783713648e-01
9.271144397365969070e-01 1.448959591657224655e+00 3.636543110396386336e-01
9.289466817123609443e-01 1.450021918731733139e+00 3.631189201255202170e-01
9.307789236881248707e-01 1.451085024667722267e+00 3.625836790102052176e-01
9.326111656638889080e-01 1.452148910036226592e+00 3.620486186370016624e-01
9.344434076396529454e-01 1.453213575408698999e+00 3.615137699180603348e-01
9.362756496154169827e-01 1.454279021357011592e+00 3.609791637340992176e-01
9.381078915911810201e-01 1.455345248453455476e+00 3.604448309341277135e-01
9.399401335669450575e-01 1.456412257270741195e+00 3.599108023351721419e-01
9.417723755427090948e-01 1.457480048382000071e+00 3.593771087220007932e-01
9.436046175184731322e-01 1.458548622360782199e+00 3.588437808468503132e-01
9.454368594942371695e-01 1.459617979781059560e+00 3.583108494291518120e-01
9.472691014700010959e-01 1.460688121217224245e+00 3.577783451552575267e-01
9.491013434457651332e-01 1.461759047244089560e+00 3.572462986781680394e-01
9.509335854215291706e-01 1.462830758436890255e+00 3.567147406172599400e-01
9.527658273972932079e-01 1.463903255371282741e+00 3.561837015580132659e-01
9.545980693730572453e-01 1.464976538623345759e+00 3.556532120517398865e-01
9.564303113488212826e-01 1.466050608769580377e+00 3.551233026153126082e-01
9.582625533245853200e-01 1.467125466386909771e+00 3.545940037308933368e-01
9.600947953003493573e-01 1.468201112052681001e+00 3.540653458456629599e-01
9.619270372761133947e-01 1.469277546344663454e+00 3.535373593715509521e-01
9.637592792518773210e-01 1.470354769841050846e+00 3.530100746849645366e-01
9.655915212276413584e-01 1.471432783120460774e+00 3.524835221265200103e-01
9.674237632034053957e-01 1.472511586761934499e+00 3.519577320007727383e-01
9.692560051791694331e-01 1.473591181344938050e+00 3.514327345759479804e-01
9.710882471549334705e-01 1.474671567449362897e+00 3.509085600836723828e-01
9.729204891306975078e-01 1.475752745655524834e+00 3.503852387187050277e-01
9.747527311064615452e-01 1.476834716544165760e+00 3.498628006386693690e-01
9.765849730822255825e-01 1.477917480696452568e+00 3.493412759637857246e-01
9.784172150579896199e-01 1.479001038693979142e+00 3.488206947766023802e-01
9.802494570337536572e-01 1.480085391118765248e+00 3.483010871217289139e-01
9.820816990095175836e-01 1.481170538553257643e+00 3.477824830055687433e-01
9.839139409852816209e-01 1.482256481580329410e+00 3.472649123960525053e-01
9.857461829610456583e-01 1.483343220783282179e+00 3.467484052223700486e-01
9.875784249368096956e-01 1.484430756745844349e+00 3.462329913747053123e-01
9.894106669125737330e-01 1.485519090052172420e+00 3.457187007039693172e-01
9.912429088883377704e-01 1.486608221286851439e+00 3.452055630215334903e-01
9.930751508641018077e-01 1.487698151034894556e+00 3.446936080989652096e-01
9.949073928398658451e-01 1.488788879881744354e+00 3.441828656677599629e-01
9.967396348156298824e-01 1.489880408413272628e+00 3.436733654190773368e-01
9.985718767913938088e-01 1.490972737215780386e+00 3.431651370034751736e-01
1.000404118767157957e+00 1.492065866875998736e+00 3.426582100306437839e-01
1.002236360742921883e+00 1.493159797981088444e+00 3.421526140691420470e-01
1.004068602718686032e+00 1.494254531118641705e+00 3.416483786461308458e-01
1.005900844694449958e+00 1.495350066876680817e+00 3.411455332471092783e-01
1.007733086670213885e+00 1.496446405843659067e+00 3.406441073156503685e-01
1.009565328645978033e+00 1.497543548608462061e+00 3.401441302531348354e-01
1.011397570621741959e+00 1.498641495760405951e+00 3.396456314184886915e-01
1.013229812597506108e+00 1.499740247889240097e+00 3.391486401279171781e-01
1.015062054573270034e+00 1.500839805585145514e+00 3.386531856546415864e-01
1.016894296549034182e+00 1.501940169438736206e+00 3.381592972286348031e-01
1.018726538524798109e+00 1.503041340041058715e+00 3.376670040363571323e-01
1.020558780500562257e+00 1.504143317983593908e+00 3.371763352204921182e-01
1.022391022476326183e+00 1.505246103858255413e+00 3.366873198796833666e-01
1.024223264452090110e+00 1.506349698257390957e+00 3.361999870682699787e-01
1.026055506427854258e+00 1.507454101773783250e+00 3.357143657960227623e-01
1.027887748403618184e+00 1.508559315000648438e+00 3.352304850278811088e-01
1.029719990379382333e+00 1.509665338531638978e+00 3.347483736836882051e-01
1.031552232355146259e+00 1.510772172960840987e+00 3.342680606379287989e-01
1.033384474330910408e+00 1.511879818882777782e+00 3.337895747194639107e-01
1.035216716306674334e+00 1.512988276892407224e+00 3.333129447112684329e-01
1.037048958282438482e+00 1.514097547585124381e+00 3.328381993501668412e-01
1.038881200258202409e+00 1.515207631556759971e+00 3.323653673265696828e-01
1.040713442233966335e+00 1.516318529403582138e+00 3.318944772842101765e-01
1.042545684209730483e+00 1.517430241722296014e+00 3.314255578198798124e-01
1.044377926185494410e+00 1.518542769110044377e+00 3.309586374831657851e-01
1.046210168161258558e+00 1.519656112164407658e+00 3.304937447761855385e-01
1.048042410137022484e+00 1.520770271483404157e+00 3.300309081533254751e-01
1.049874652112786633e+00 1.521885247665491159e+00 3.295701560209745029e-01
1.051706894088550559e+00 1.523001041309564263e+00 3.291115167372620220e-01
1.053539136064314707e+00 1.524117653014958496e+00 3.286550186117930816e-01
1.055371378040078634e+00 1.525235083381447865e+00 3.282006899053847571e-01
1.057203620015842782e+00 1.526353333009246693e+00 3.277485588298015284e-01
1.059035861991606708e+00 1.527472402499008730e+00 3.272986535474922132e-01
1.060868103967370635e+00 1.528592292451828705e+00 3.268510021713242897e-01
1.062700345943134783e+00 1.529713003469241661e+00 3.264056327643203304e-01
1.064532587918898709e+00 1.530834536153223624e+00 3.259625733393941571e-01
1.066364829894662858e+00 1.531956891106192487e+00 3.255218518590842214e-01
1.068197071870426784e+00 1.533080068931007123e+00 3.250834962352911472e-01
1.070029313846190933e+00 1.534204070230968719e+00 3.246475343290119442e-01
1.071861555821954859e+00 1.535328895609820776e+00 3.242139939500742196e-01
1.073693797797719007e+00 1.536454545671749550e+00 3.237829028568723344e-01
1.075526039773482934e+00 1.537581021021384275e+00 3.233542887561015045e-01
1.077358281749246860e+00 1.538708322263797168e+00 3.229281793024926239e-01
1.079190523725011008e+00 1.539836450004504309e+00 3.225046020985461448e-01
1.081022765700774935e+00 1.540965404849465425e+00 3.220835846942666780e-01
1.082855007676539083e+00 1.542095187405085444e+00 3.216651545868969841e-01
1.084687249652303009e+00 1.543225798278212491e+00 3.212493392206517973e-01
1.086519491628067158e+00 1.544357238076140781e+00 3.208361659864511495e-01
1.088351733603831084e+00 1.545489507406608842e+00 3.204256622216548611e-01
1.090183975579595232e+00 1.546622606877801731e+00 3.200178552097937001e-01
1.092016217555359159e+00 1.547756537098349705e+00 3.196127721803045940e-01
1.093848459531123085e+00 1.548891298677329553e+00 3.192104403082621222e-01
1.095680701506887234e+00 1.550026892224264374e+00 3.188108867141114522e-01
1.097512943482651160e+00 1.551163318349124465e+00 3.184141384634002203e-01
1.099345185458415308e+00 1.552300577662327097e+00 3.180202225665109683e-01
1.101177427434179235e+00 1.553438670774737185e+00 3.176291659783929133e-01
1.103009669409943383e+00 1.554577598297667729e+00 3.172409955982932184e-01
1.104841911385707309e+00 1.555717360842878927e+00 3.168557382694885405e-01
1.106674153361471458e+00 1.556857959022581284e+00 3.164734207790153020e-01
1.108506395337235384e+00 1.557999393449432057e+00 3.160940698574016827e-01
1.110338637312999310e+00 1.559141664736539479e+00 3.157177121783959484e-01
1.112170879288763459e+00 1.560284773497460531e+00 3.153443743586986647e-01
1.114003121264527385e+00 1.561428720346201393e+00 3.149740829576911372e-01
1.115835363240291533e+00 1.562573505897219883e+00 3.146068644771651823e-01
1.117667605216055460e+00 1.563719130765423015e+00 3.142427453610521226e-01
1.119499847191819608e+00 1.564865595566169443e+00 3.138817519951518364e-01
1.121332089167583534e+00 1.566012900915268347e+00 3.135239107068610864e-01
1.123164331143347683e+00 1.567161047428980991e+00 3.131692477649013484e-01
1.124996573119111609e+00 1.568310035724020057e+00 3.128177893790470288e-01
1.126828815094875536e+00 1.569459866417550531e+00 3.124695616998521830e-01
1.128661057070639684e+00 1.570610540127189703e+00 3.121245908183784001e-01
1.130493299046403610e+00 1.571762057471008056e+00 3.117829027659203556e-01
1.132325541022167759e+00 1.572914419067529046e+00 3.114445235137330292e-01
1.134157782997931685e+00 1.574067625535729320e+00 3.111094789727570364e-01
1.135990024973695833e+00 1.575221677495039829e+00 3.107777949933440143e-01
1.137822266949459760e+00 1.576376575565345162e+00 3.104494973649821188e-01
1.139654508925223908e+00 1.577532320366985097e+00 3.101246118160199128e-01
1.141486750900987834e+00 1.578688912520753274e+00 3.098031640133917519e-01
1.143318992876751761e+00 1.579846352647898966e+00 3.094851795623401736e-01
1.145151234852515909e+00 1.581004641370127306e+00 3.091706840061402284e-01
1.146983476828279835e+00 1.582163779309598839e+00 3.088597028258218691e-01
1.148815718804043984e+00 1.583323767088929968e+00 3.085522614398930608e-01
1.150647960779807910e+00 1.584484605331194063e+00 3.082483852040606709e-01
1.152480202755572058e+00 1.585646294659921240e+00 3.079480994109531911e-01
1.154312444731335985e+00 1.586808835699098585e+00 3.076514292898409053e-01
1.156144686707100133e+00 1.587972229073170594e+00 3.073584000063569466e-01
1.157976928682864060e+00 1.589136475407040061e+00 3.070690366622174095e-01
1.159809170658628208e+00 1.590301575326067418e+00 3.067833642949404638e-01
1.161641412634392134e+00 1.591467529456071617e+00 3.065014078775660789e-01
1.163473654610156061e+00 1.592634338423331020e+00 3.062231923183743598e-01
1.165305896585920209e+00 1.593802002854582511e+00 3.059487424606032735e-01
1.167138138561684135e+00 1.594970523377022609e+00 3.056780830821668182e-01
1.168970380537448284e+00 1.596139900618308349e+00 3.054112388953714730e-01
1.170802622513212210e+00 1.597310135206555515e+00 3.051482345466334234e-01
1.172634864488976358e+00 1.598481227770341739e+00 3.048890946161935123e-01
1.174467106464740285e+00 1.599653178938704956e+00 3.046338436178335218e-01
1.176299348440504433e+00 1.600825989341144506e+00 3.043825059985904025e-01
1.178131590416268359e+00 1.601999659607620696e+00 3.041351061384710008e-01
1.179963832392032286e+00 1.603174190368556351e+00 3.038916683501652338e-01
1.181796074367796434e+00 1.604349582254836371e+00 3.036522168787598730e-01
1.183628316343560360e+00 1.605525835897807951e+00 3.034167759014502752e-01
1.185460558319324509e+00 1.606702951929281475e+00 3.031853695272529459e-01
1.187292800295088435e+00 1.607880930981530065e+00 3.029580217967167144e-01
1.189125042270852584e+00 1.609059773687291139e+00 3.027347566816329660e-01
1.190957284246616510e+00 1.610239480679765078e+00 3.025155980847469284e-01
1.192789526222380658e+00 1.611420052592617447e+00 3.023005698394655161e-01
1.194621768198144585e+00 1.612601490059977660e+00 3.020896957095676183e-01
1.196454010173908511e+00 1.613783793716440318e+00 3.018829993889112773e-01
1.198286252149672659e+00 1.614966964197065868e+00 3.016805045011421993e-01
1.200118494125436586e+00 1.616151002137379056e+00 3.014822345993998787e-01
1.201950736101200734e+00 1.617335908173372028e+00 3.012882131660237772e-01
1.203782978076964660e+00 1.618521682941501894e+00 3.010984636122600588e-01
1.205615220052728809e+00 1.619708327078693610e+00 3.009130092779648824e-01
1.207447462028492735e+00 1.620895841222338207e+00 3.007318734313100261e-01
1.209279704004256883e+00 1.622084226010294339e+00 3.005550792684854589e-01
1.211111945980020810e+00 1.623273482080888064e+00 3.003826499134028549e-01
1.212944187955784736e+00 1.624463610072914177e+00 3.002146084173971663e-01
1.214776429931548885e+00 1.625654610625635099e+00 3.000509777589285276e-01
1.216608671907312811e+00 1.626846484378782209e+00 2.998917808432827181e-01
1.218440913883076959e+00 1.628039231972555845e+00 2.997370405022710682e-01
1.220273155858840886e+00 1.629232854047625745e+00 2.995867794939298112e-01
1.222105397834605034e+00 1.630427351245131273e+00 2.994410205022191573e-01
1.223937639810368960e+00 1.631622724206682085e+00 2.992997861367199253e-01
1.225769881786133109e+00 1.632818973574357901e+00 2.991630989323312839e-01
1.227602123761897035e+00 1.634016099990709625e+00 2.990309813489673285e-01
1.229434365737660961e+00 1.635214104098758670e+00 2.989034557712515472e-01
1.231266607713425110e+00 1.636412986541998738e+00 2.987805445082124534e-01
1.233098849689189036e+00 1.637612747964394488e+00 2.986622697929771086e-01
1.234931091664953184e+00 1.638813389010383093e+00 2.985486537824645903e-01
1.236763333640717111e+00 1.640014910324874231e+00 2.984397185570777378e-01
1.238595575616481259e+00 1.641217312553250318e+00 2.983354861203951214e-01
1.240427817592245185e+00 1.642420596341366945e+00 2.982359783988618451e-01
1.242260059568009334e+00 1.643624762335553324e+00 2.981412172414793504e-01
1.244092301543773260e+00 1.644829811182612067e+00 2.980512244194944982e-01
1.245924543519537186e+00 1.646035743529820738e+00 2.979660216260875405e-01
1.247756785495301335e+00 1.647242560024931191e+00 2.978856304760601481e-01
1.249589027471065261e+00 1.648450261316169563e+00 2.978100725055213838e-01
1.251421269446829410e+00 1.649658848052238280e+00 2.977393691715737312e-01
1.253253511422593336e+00 1.650868320882314944e+00 2.976735418519980136e-01
1.255085753398357484e+00 1.652078680456052773e+00 2.976126118449371472e-01
1.256917995374121411e+00 1.653289927423581274e+00 2.975566003685795047e-01
1.258750237349885559e+00 1.654502062435507792e+00 2.975055285608409483e-01
1.260582479325649485e+00 1.655715086142914849e+00 2.974594174790461398e-01
1.262414721301413412e+00 1.656928999197363472e+00 2.974182880996092404e-01
1.264246963277177560e+00 1.658143802250892751e+00 2.973821613177130563e-01
1.266079205252941486e+00 1.659359495956018504e+00 2.973510579469881843e-01
1.267911447228705635e+00 1.660576080965735946e+00 2.973249987191903809e-01
1.269743689204469561e+00 1.661793557933519017e+00 2.973040042838771546e-01
1.271575931180233709e+00 1.663011927513320387e+00 2.972880952080842465e-01
1.273408173155997636e+00 1.664231190359571899e+00 2.972772919759996690e-01
1.275240415131761784e+00 1.665451347127186343e+00 2.972716149886387438e-01
1.277072657107525711e+00 1.666672398471555461e+00 2.972710845635158639e-01
1.278904899083289859e+00 1.667894345048552163e+00 2.972757209343179774e-01
1.280737141059053785e+00 1.669117187514530087e+00 2.972855442505742962e-01
1.282569383034817712e+00 1.670340926526324044e+00 2.973005745773271702e-01
1.284401625010581860e+00 1.671565562741250233e+00 2.973208318948009632e-01
1.286233866986345786e+00 1.672791096817107137e+00 2.973463360980704295e-01
1.288066108962109935e+00 1.674017529412175742e+00 2.973771069967274805e-01
1.289898350937873861e+00 1.675244861185218648e+00 2.974131643145475623e-01
1.291730592913638009e+00 1.676473092795482289e+00 2.974545276891547019e-01
1.293562834889401936e+00 1.677702224902696049e+00 2.975012166716854423e-01
1.295395076865166084e+00 1.678932258167073588e+00 2.975532507264523341e-01
1.297227318840930010e+00 1.680163193249311515e+00 2.976106492306054285e-01
1.299059560816693937e+00 1.681395030810592273e+00 2.976734314737936593e-01
1.300891802792458085e+00 1.682627771512581694e+00 2.977416166578246703e-01
1.302724044768222011e+00 1.683861416017431445e+00 2.978152238963235332e-01
1.304556286743986160e+00 1.685095964987778805e+00 2.978942722143909649e-01
1.306388528719750086e+00 1.686331419086746441e+00 2.979787805482596030e-01
1.308220770695514235e+00 1.687567778977943300e+00 2.980687677449498918e-01
1.310053012671278161e+00 1.688805045325464826e+00 2.981642525619249140e-01
1.311885254647042309e+00 1.690043218793894075e+00 2.982652536667436127e-01
1.313717496622806236e+00 1.691282300048299714e+00 2.983717896367130140e-01
1.315549738598570162e+00 1.692522289754239795e+00 2.984838789585401164e-01
1.317381980574334310e+00 1.693763188577759538e+00 2.986015400279814491e-01
1.319214222550098237e+00 1.695004997185391993e+00 2.987247911494921859e-01
1.321046464525862385e+00 1.696247716244159820e+00 2.988536505358747597e-01
1.322878706501626311e+00 1.697491346421574399e+00 2.989881363079248677e-01
1.324710948477390460e+00 1.698735888385636272e+00 2.991282664940772551e-01
1.326543190453154386e+00 1.699981342804835815e+00 2.992740590300507764e-01
1.328375432428918534e+00 1.701227710348153677e+00 2.994255317584910703e-01
1.330207674404682461e+00 1.702474991685060779e+00 2.995827024286128459e-01
1.332039916380446387e+00 1.703723187485519208e+00 2.997455886958414473e-01
1.333872158356210536e+00 1.704972298419981769e+00 2.999142081214518640e-01
1.335704400331974462e+00 1.706222325159393316e+00 3.000885781722079648e-01
1.337536642307738610e+00 1.707473268375190312e+00 3.002687162199995652e-01
1.339368884283502537e+00 1.708725128739301269e+00 3.004546395414791626e-01
1.341201126259266685e+00 1.709977906924148083e+00 3.006463653176961737e-01
1.343033368235030611e+00 1.711231603602644702e+00 3.008439106337316149e-01
1.344865610210794760e+00 1.712486219448199343e+00 3.010472924783301196e-01
1.346697852186558686e+00 1.713741755134713385e+00 3.012565277435312883e-01
1.348530094162322612e+00 1.714998211336582035e+00 3.014716332243002617e-01
1.350362336138086761e+00 1.716255588728695880e+00 3.016926256181562960e-01
1.352194578113850687e+00 1.717513887986439558e+00 3.019195215248001718e-01
1.354026820089614835e+00 1.718773109785693087e+00 3.021523374457408817e-01
1.355859062065378762e+00 1.720033254802831646e+00 3.023910897839205969e-01
1.357691304041142910e+00 1.721294323714727348e+00 3.026357948433386902e-01
1.359523546016906836e+00 1.722556317198747244e+00 3.028864688286737050e-01
1.361355787992670985e+00 1.723819235932756211e+00 3.031431278449053246e-01
1.363188029968434911e+00 1.725083080595114948e+00 3.034057878969335098e-01
1.365020271944198837e+00 1.726347851864682648e+00 3.036744648891981924e-01
1.366852513919962986e+00 1.727613550420815214e+00 3.039491746252956927e-01
1.368684755895726912e+00 1.728880176943367486e+00 3.042299328075945830e-01
1.370516997871491061e+00 1.730147732112692349e+00 3.045167550368512721e-01
1.372349239847254987e+00 1.731416216609641179e+00 3.048096568118229266e-01
1.374181481823019135e+00 1.732685631115565172e+00 3.051086535288791701e-01
1.376013723798783062e+00 1.733955976312314462e+00 3.054137604816127838e-01
1.377845965774547210e+00 1.735227252882239668e+00 3.057249928604497957e-01
1.379678207750311136e+00 1.736499461508191011e+00 3.060423657522558516e-01
1.381510449726075285e+00 1.737772602873520311e+00 3.063658941399449720e-01
1.383342691701839211e+00 1.739046677662079432e+00 3.066955929020820926e-01
1.385174933677603137e+00 1.740321686558222058e+00 3.070314768124888238e-01
1.387007175653367286e+00 1.741597630246803696e+00 3.073735605398453252e-01
1.388839417629131212e+00 1.742874509413181894e+00 3.077218586472910689e-01
1.390671659604895360e+00 1.744152324743216464e+00 3.080763855920243266e-01
1.392503901580659287e+00 1.745431076923269931e+00 3.084371557249004359e-01
1.394336143556423435e+00 1.746710766640209078e+00 3.088041832900291217e-01
1.396168385532187362e+00 1.747991394581402957e+00 3.091774824243688213e-01
1.398000627507951510e+00 1.749272961434725326e+00 3.095570671573210086e-01
1.399832869483715436e+00 1.750555467888554206e+00 3.099429514103226868e-01
1.401665111459479363e+00 1.751838914631771882e+00 3.103351489964372156e-01
1.403497353435243511e+00 1.753123302353766455e+00 3.107336736199435290e-01
1.405329595411007437e+00 1.754408631744430735e+00 3.111385388759249082e-01
1.407161837386771586e+00 1.755694903494163794e+00 3.115497582498548690e-01
1.408994079362535512e+00 1.756982118293870299e+00 3.119673451171816603e-01
1.410826321338299660e+00 1.758270276834962509e+00 3.123913127429137626e-01
1.412658563314063587e+00 1.759559379809358726e+00 3.128216742812000573e-01
1.414490805289827735e+00 1.760849427909484621e+00 3.132584427749105505e-01
1.416323047265591661e+00 1.762140421828273684e+00 3.137016311552162651e-01
1.418155289241355588e+00 1.763432362259167885e+00 3.141512522411667452e-01
1.419987531217119736e+00 1.764725249896116788e+00 3.146073187392651183e-01
1.421819773192883662e+00 1.766019085433579106e+00 3.150698432430429352e-01
1.423652015168647811e+00 1.767313869566523143e+00 3.155388382326335117e-01
1.425484257144411737e+00 1.768609602990425689e+00 3.160143160743419388e-01
1.427316499120175886e+00 1.769906286401274675e+00 3.164962890202173140e-01
1.429148741095939812e+00 1.771203920495567186e+00 3.169847692076174783e-01
1.430980983071703960e+00 1.772502505970311670e+00 3.174797686587791379e-01
1.432813225047467887e+00 1.773802043523027283e+00 3.179812992803802696e-01
1.434645467023231813e+00 1.775102533851744990e+00 3.184893728631047471e-01
1.436477708998995961e+00 1.776403977655006905e+00 3.190040010812036919e-01
1.438309950974759888e+00 1.777706375631867397e+00 3.195251954920563797e-01
1.440142192950524036e+00 1.779009728481893982e+00 3.200529675357282611e-01
1.441974434926287962e+00 1.780314036905166653e+00 3.205873285345278711e-01
1.443806676902052111e+00 1.781619301602278327e+00 3.211282896925617969e-01
1.445638918877816037e+00 1.782925523274336177e+00 3.216758620952895331e-01
1.447471160853580185e+00 1.784232702622961186e+00 3.222300567090753409e-01
1.449303402829344112e+00 1.785540840350288372e+00 3.227908843807362205e-01
1.451135644805108038e+00 1.786849937158968116e+00 3.233583558370947131e-01
1.452967886780872186e+00 1.788159993752165944e+00 3.239324816845229327e-01
1.454800128756636113e+00 1.789471010833562303e+00 3.245132724084875409e-01
1.456632370732400261e+00 1.790782989107353895e+00 3.251007383730968314e-01
1.458464612708164188e+00 1.792095929278254118e+00 3.256948898206386556e-01
1.460296854683928336e+00 1.793409832051492403e+00 3.262957368711233985e-01
1.462129096659692262e+00 1.794724698132815321e+00 3.269032895218211832e-01
1.463961338635456411e+00 1.796040528228487476e+00 3.275175576467995731e-01
1.465793580611220337e+00 1.797357323045290611e+00 3.281385509964582226e-01
1.467625822586984263e+00 1.798675083290524723e+00 3.287662791970615284e-01
1.469458064562748412e+00 1.799993809672009171e+00 3.294007517502718918e-01
1.471290306538512338e+00 1.801313502898081120e+00 3.300419780326778185e-01
1.473122548514276486e+00 1.802634163677597767e+00 3.306899672953236835e-01
1.474954790490040413e+00 1.803955792719935669e+00 3.313447286632347222e-01
1.476787032465804561e+00 1.805278390734992300e+00 3.320062711349417994e-01
1.478619274441568487e+00 1.806601958433183830e+00 3.326746035820047354e-01
1.480451516417332636e+00 1.807926496525449345e+00 3.333497347485333551e-01
1.482283758393096562e+00 1.809252005723247958e+00 3.340316732507054853e-01
1.484116000368860488e+00 1.810578486738560366e+00 3.347204275762860615e-01
1.485948242344624637e+00 1.811905940283889960e+00 3.354160060841399060e-01
1.487780484320388563e+00 1.813234367072262154e+00 3.361184170037498919e-01
1.489612726296152712e+00 1.814563767817224837e+00 3.368276684347236705e-01
1.491444968271916638e+00 1.815894143232849256e+00 3.375437683463070604e-01
1.493277210247680786e+00 1.817225494033730460e+00 3.382667245768916642e-01
1.495109452223444713e+00 1.818557820934987301e+00 3.389965448335205966e-01
1.496941694199208861e+00 1.819891124652262437e+00 3.397332366913927704e-01
1.498773936174972787e+00 1.821225405901723882e+00 3.404768075933664595e-01
1.500606178150736936e+00 1.822560665400064561e+00 3.412272648494590888e-01
1.502438420126500862e+00 1.823896903864502317e+00 3.419846156363459677e-01
1.504270662102264788e+00 1.825234122012781457e+00 3.427488669968580259e-01
1.506102904078028937e+00 1.826572320563172314e+00 3.435200258394763284e-01
1.507935146053792863e+00 1.827911500234471909e+00 3.442980989378245926e-01
1.509767388029557011e+00 1.829251661746003954e+00 3.450830929301610395e-01
1.511599630005320938e+00 1.830592805817619961e+00 3.458750143188680237e-01
1.513431871981085086e+00 1.831934933169699020e+00 3.466738694699373902e-01
1.515264113956849013e+00 1.833278044523147798e+00 3.474796646124577171e-01
1.517096355932613161e+00 1.834622140599403206e+00 3.482924058380972854e-01
1.518928597908377087e+00 1.835967222120428843e+00 3.491120991005844942e-01
1.520760839884141014e+00 1.837313289808719219e+00 3.499387502151880547e-01
1.522593081859905162e+00 1.838660344387298640e+00 3.507723648581946296e-01
1.524425323835669088e+00 1.840008386579719657e+00 3.516129485663826992e-01
1.526257565811433237e+00 1.841357417110067729e+00 3.524605067364985911e-01
1.528089807787197163e+00 1.842707436702957446e+00 3.533150446247252385e-01
1.529922049762961311e+00 1.844058446083535641e+00 3.541765673461536590e-01
1.531754291738725238e+00 1.845410445977480052e+00 3.550450798742483816e-01
1.533586533714489386e+00 1.846763437111001105e+00 3.559205870403142624e-01
1.535418775690253312e+00 1.848117420210841244e+00 3.568030935329590814e-01
1.537251017666017239e+00 1.849472396004275598e+00 3.576926038975550837e-01
1.539083259641781387e+00 1.850828365219113536e+00 3.585891225356980794e-01
1.540915501617545313e+00 1.852185328583696888e+00 3.594926537046636006e-01
1.542747743593309462e+00 1.853543286826901726e+00 3.604032015168635028e-01
1.544579985569073388e+00 1.854902240678138581e+00 3.613207699392972927e-01
1.546412227544837537e+00 1.856262190867353556e+00 3.622453627930045661e-01
1.548244469520601463e+00 1.857623138125026108e+00 3.631769837525116174e-01
1.550076711496365611e+00 1.858985083182173259e+00 3.641156363452806577e-01
1.551908953472129538e+00 1.860348026770346719e+00 3.650613239511517616e-01
1.553741195447893464e+00 1.861711969621634877e+00 3.660140498017865340e-01
1.555573437423657612e+00 1.863076912468663027e+00 3.669738169801078920e-01
1.557405679399421539e+00 1.864442856044593366e+00 3.679406284197385135e-01
1.559237921375185687e+00 1.865809801083125885e+00 3.689144869044367336e-01
1.561070163350949613e+00 1.867177748318498143e+00 3.698953950675291646e-01
1.562902405326713762e+00 1.868546698485486379e+00 3.708833553913438164e-01
1.564734647302477688e+00 1.869916652319405292e+00 3.718783702066374985e-01
1.566566889278241836e+00 1.871287610556108705e+00 3.728804416920252773e-01
1.568399131254005763e+00 1.872659573931990007e+00 3.738895718734035478e-01
1.570231373229769689e+00 1.874032543183982824e+00 3.749057626233737173e-01
1.572063615205533837e+00 1.875406519049560350e+00 3.759290156606621691e-01
1.573895857181297764e+00 1.876781502266736901e+00 3.769593325495387282e-01
1.575728099157061912e+00 1.878157493574068138e+00 3.779967146992335714e-01
1.577560341132825839e+00 1.879534493710650622e+00 3.790411633633494759e-01
1.579392583108589987e+00 1.880912503416123149e+00 3.800926796392738449e-01
1.581224825084353913e+00 1.882291523430666746e+00 3.811512644675882355e-01
1.583057067060118062e+00 1.883671554495005340e+00 3.822169186314765543e-01
1.584889309035881988e+00 1.885052597350404868e+00 3.832896427561264252e-01
1.586721551011645914e+00 1.886434652738676609e+00 3.843694373081355531e-01
1.588553792987410063e+00 1.887817721402173854e+00 3.854563025949087063e-01
1.590386034963173989e+00 1.889201804083795455e+00 3.865502387640569193e-01
1.592218276938938137e+00 1.890586901526984276e+00 3.876512458027932539e-01
1.594050518914702064e+00 1.891973014475728299e+00 3.887593235373245637e-01
1.595882760890466212e+00 1.893360143674561291e+00 3.898744716322437021e-01
1.597715002866230138e+00 1.894748289868562363e+00 3.909966895899170680e-01
1.599547244841994287e+00 1.896137453803357742e+00 3.921259767498713744e-01
1.601379486817758213e+00 1.897527636225119219e+00 3.932623322881761974e-01
1.603211728793522362e+00 1.898918837880566590e+00 3.944057552168269698e-01
1.605043970769286288e+00 1.900311059516966550e+00 3.955562443831223129e-01
1.606876212745050214e+00 1.901704301882133796e+00 3.967137984690410901e-01
1.608708454720814363e+00 1.903098565724431701e+00 3.978784159906175733e-01
1.610540696696578289e+00 1.904493851792771864e+00 3.990500952973117244e-01
1.612372938672342437e+00 1.905890160836614999e+00 4.002288345713788109e-01
1.614205180648106364e+00 1.907287493605971385e+00 4.014146318272369118e-01
1.616037422623870512e+00 1.908685850851401078e+00 4.026074849108303155e-01
1.617869664599634438e+00 1.910085233324014808e+00 4.038073914989935287e-01
1.619701906575398587e+00 1.911485641775473310e+00 4.050143490988076245e-01
1.621534148551162513e+00 1.912887076957988874e+00 4.062283550469593107e-01
1.623366390526926439e+00 1.914289539624325576e+00 4.074494065090957240e-01
1.625198632502690588e+00 1.915693030527798824e+00 4.086775004791754484e-01
1.627030874478454514e+00 1.917097550422276253e+00 4.099126337788181473e-01
1.628863116454218662e+00 1.918503100062179056e+00 4.111548030566525846e-01
1.630695358429982589e+00 1.919909680202480207e+00 4.124040047876595394e-01
1.632527600405746737e+00 1.921317291598707788e+00 4.136602352725156084e-01
1.634359842381510664e+00 1.922725935006942555e+00 4.149234906369306808e-01
1.636192084357274812e+00 1.924135611183820149e+00 4.161937668309866334e-01
1.638024326333038738e+00 1.925546320886530438e+00 4.174710596284697539e-01
1.639856568308802665e+00 1.926958064872819287e+00 4.187553646262051621e-01
1.641688810284566813e+00 1.928370843900987675e+00 4.200466772433832929e-01
1.643521052260330739e+00 1.929784658729892133e+00 4.213449927208869905e-01
1.645353294236094888e+00 1.931199510118946527e+00 4.226503061206183798e-01
1.647185536211858814e+00 1.932615398828120279e+00 4.239626123248143585e-01
1.649017778187622962e+00 1.934032325617941250e+00 4.252819060353721925e-01
1.650850020163386889e+00 1.935450291249493526e+00 4.266081817731603998e-01
1.652682262139151037e+00 1.936869296484420966e+00 4.279414338773349091e-01
1.654514504114914963e+00 1.938289342084923650e+00 4.292816565046480570e-01
1.656346746090678890e+00 1.939710428813762322e+00 4.306288436287590282e-01
1.658178988066443038e+00 1.941132557434256611e+00 4.319829890395381344e-01
1.660011230042206964e+00 1.942555728710284590e+00 4.333440863423678180e-01
1.661843472017971113e+00 1.943979943406285882e+00 4.347121289574468750e-01
1.663675713993735039e+00 1.945405202287259883e+00 4.360871101190842980e-01
1.665507955969499188e+00 1.946831506118766653e+00 4.374690228749948950e-01
1.667340197945263114e+00 1.948258855666927802e+00 4.388578600855926326e-01
1.669172439921027262e+00 1.949687251698426937e+00 4.402536144232772619e-01
1.671004681896791189e+00 1.951116694980509214e+00 4.416562783717247198e-01
1.672836923872555115e+00 1.952547186280982450e+00 4.430658442251661500e-01
1.674669165848319263e+00 1.953978726368217789e+00 4.444823040876733078e-01
1.676501407824083190e+00 1.955411316011149259e+00 4.459056498724334183e-01
1.678333649799847338e+00 1.956844955979274880e+00 4.473358733010266985e-01
1.680165891775611264e+00 1.958279647042656446e+00 4.487729659026981066e-01
1.681998133751375413e+00 1.959715389971921295e+00 4.502169190136278143e-01
1.683830375727139339e+00 1.961152185538260539e+00 4.516677237761963504e-01
1.685662617702903487e+00 1.962590034513431503e+00 4.531253711382521865e-01
1.687494859678667414e+00 1.964028937669757280e+00 4.545898518523696641e-01
1.689327101654431340e+00 1.965468895780126513e+00 4.560611564751096414e-01
1.691159343630195488e+00 1.966909909617995833e+00 4.575392753662747003e-01
1.692991585605959415e+00 1.968351979957387643e+00 4.590241986881612446e-01
1.694823827581723563e+00 1.969795107572892334e+00 4.605159164048100440e-01
1.696656069557487490e+00 1.971239293239668067e+00 4.620144182812532807e-01
1.698488311533251638e+00 1.972684537733441656e+00 4.635196938827580437e-01
1.700320553509015564e+00 1.974130841830508798e+00 4.650317325740693786e-01
1.702152795484779713e+00 1.975578206307733398e+00 4.665505235186453992e-01
1.703985037460543639e+00 1.977026631942549573e+00 4.680760556778956749e-01
1.705817279436307565e+00 1.978476119512961873e+00 4.696083178104122902e-01
1.707649521412071714e+00 1.979926669797544170e+00 4.711472984711986278e-01
1.709481763387835640e+00 1.981378283575442101e+00 4.726929860108980419e-01
1.711314005363599788e+00 1.982830961626372401e+00 4.742453685750156467e-01
1.713146247339363715e+00 1.984284704730622684e+00 4.758044341031379965e-01
1.714978489315127863e+00 1.985739513669053657e+00 4.773701703281536535e-01
1.716810731290891789e+00 1.987195389223098019e+00 4.789425647754655957e-01
1.718642973266655938e+00 1.988652332174761339e+00 4.805216047622019038e-01
1.720475215242419864e+00 1.990110343306622509e+00 4.821072773964265590e-01
1.722307457218184013e+00 1.991569423401834626e+00 4.836995695763436909e-01
1.724139699193947939e+00 1.993029573244124553e+00 4.852984679895000486e-01
1.725971941169711865e+00 1.994490793617793800e+00 4.869039591119831978e-01
1.727804183145476014e+00 1.995953085307719199e+00 4.885160292076214938e-01
1.729636425121239940e+00 1.997416449099352453e+00 4.901346643271718428e-01
1.731468667097004088e+00 1.998880885778721694e+00 4.917598503075137906e-01
1.733300909072768015e+00 2.000346396132430815e+00 4.933915727708360621e-01
1.735133151048532163e+00 2.001812980947661025e+00 4.950298171238181055e-01
1.736965393024296089e+00 2.003280641012170182e+00 4.966745685568129676e-01
1.738797635000060238e+00 2.004749377114294351e+00 4.983258120430258398e-01
1.740629876975824164e+00 2.006219190042946465e+00 4.999835323376834451e-01
1.742462118951588090e+00 2.007690080587618553e+00 5.016477139772120841e-01
1.744294360927352239e+00 2.009162049538382178e+00 5.033183412784003607e-01
1.746126602903116165e+00 2.010635097685886219e+00 5.049953983375659039e-01
1.747958844878880313e+00 2.012109225821361758e+00 5.066788690297193698e-01
1.749791086854644240e+00 2.013584434736617190e+00 5.083687370077168977e-01
1.751623328830408388e+00 2.015060725224044003e+00 5.100649857014236677e-01
1.753455570806172314e+00 2.016538098076613217e+00 5.117675983168583631e-01
1.755287812781936463e+00 2.018016554087877168e+00 5.134765578353457371e-01
1.757120054757700389e+00 2.019496094051970836e+00 5.151918470126618521e-01
1.758952296733464316e+00 2.020976718763610513e+00 5.169134483781754330e-01
1.760784538709228464e+00 2.022458429018096027e+00 5.186413442339876667e-01
1.762616780684992390e+00 2.023941225611309846e+00 5.203755166540670052e-01
1.764449022660756539e+00 2.025425109339717533e+00 5.221159474833825254e-01
1.766281264636520465e+00 2.026910081000369512e+00 5.238626183370325151e-01
1.768113506612284613e+00 2.028396141390899743e+00 5.256155105993691734e-01
1.769945748588048540e+00 2.029883291309527493e+00 5.273746054231227554e-01
1.771777990563812688e+00 2.031371531555056897e+00 5.291398837285196111e-01
1.773610232539576614e+00 2.032860862926877843e+00 5.309113262023977819e-01
1.775442474515340541e+00 2.034351286224967303e+00 5.326889132973207097e-01
1.777274716491104689e+00 2.035842802249886674e+00 5.344726252306832848e-01
1.779106958466868615e+00 2.037335411802786211e+00 5.362624419838201151e-01
1.780939200442632764e+00 2.038829115685402815e+00 5.380583433011060235e-01
1.782771442418396690e+00 2.040323914700060914e+00 5.398603086890556568e-01
1.784603684394160839e+00 2.041819809649673356e+00 5.416683174154174329e-01
1.786435926369924765e+00 2.043316801337742294e+00 5.434823485082671546e-01
1.788268168345688913e+00 2.044814890568357857e+00 5.453023807550938518e-01
1.790100410321452840e+00 2.046314078146200366e+00 5.471283927018875115e-01
1.791932652297216766e+00 2.047814364876540338e+00 5.489603626522185920e-01
1.793764894272980914e+00 2.049315751565238930e+00 5.507982686663162042e-01
1.795597136248744841e+00 2.050818239018746159e+00 5.526420885601417421e-01
1.797429378224508989e+00 2.052321828044105789e+00 5.544917999044611800e-01
1.799261620200272915e+00 2.053826519448951782e+00 5.563473800239120415e-01
1.801093862176037064e+00 2.055332314041510511e+00 5.582088059960654824e-01
1.802926104151800990e+00 2.056839212630601654e+00 5.600760546504884863e-01
1.804758346127565138e+00 2.058347216025636861e+00 5.619491025677999518e-01
1.806590588103329065e+00 2.059856325036621971e+00 5.638279260787231184e-01
1.808422830079092991e+00 2.061366540474155684e+00 5.657125012631343264e-01
1.810255072054857139e+00 2.062877863149432223e+00 5.676028039491113342e-01
1.812087314030621066e+00 2.064390293874240445e+00 5.694988097119737525e-01
1.813919556006385214e+00 2.065903833460963401e+00 5.714004938733200367e-01
1.815751797982149141e+00 2.067418482722580109e+00 5.733078315000667002e-01
1.817584039957913289e+00 2.068934242472666440e+00 5.752207974034748705e-01
1.819416281933677215e+00 2.070451113525393350e+00 5.771393661381796214e-01
1.821248523909441364e+00 2.071969096695529977e+00 5.790635120012166404e-01
1.823080765885205290e+00 2.073488192798442764e+00 5.809932090310381270e-01
1.824913007860969438e+00 2.075008402650095007e+00 5.829284310065302455e-01
1.826745249836733365e+00 2.076529727067048636e+00 5.848691514460282459e-01
1.828577491812497291e+00 2.078052166866464656e+00 5.868153436063227035e-01
1.830409733788261439e+00 2.079575722866103149e+00 5.887669804816665353e-01
1.832241975764025366e+00 2.081100395884323273e+00 5.907240348027751331e-01
1.834074217739789514e+00 2.082626186740084595e+00 5.926864790358248314e-01
1.835906459715553440e+00 2.084153096252946646e+00 5.946542853814469343e-01
1.837738701691317589e+00 2.085681125243070255e+00 5.966274257737157471e-01
1.839570943667081515e+00 2.087210274531217102e+00 5.986058718791388289e-01
1.841403185642845663e+00 2.088740544938752386e+00 6.005895950956372520e-01
1.843235427618609590e+00 2.090271937287639936e+00 6.025785665515205336e-01
1.845067669594373516e+00 2.091804452400449765e+00 6.045727571044690052e-01
1.846899911570137665e+00 2.093338091100353626e+00 6.065721373404979744e-01
1.848732153545901591e+00 2.094872854211126345e+00 6.085766775729291034e-01
1.850564395521665739e+00 2.096408742557146709e+00 6.105863478413480205e-01
1.852396637497429666e+00 2.097945756963399244e+00 6.126011179105718130e-01
1.854228879473193814e+00 2.099483898255471548e+00 6.146209572695954249e-01
1.856061121448957740e+00 2.101023167259557400e+00 6.166458351305486030e-01
1.857893363424721889e+00 2.102563564802456764e+00 6.186757204276418509e-01
1.859725605400485815e+00 2.104105091711574893e+00 6.207105818161083866e-01
1.861557847376249741e+00 2.105647748814924114e+00 6.227503876711453223e-01
1.863390089352013890e+00 2.107191536941123822e+00 6.247951060868475182e-01
1.865222331327777816e+00 2.108736456919400926e+00 6.268447048751406570e-01
1.867054573303541964e+00 2.110282509579590293e+00 6.288991515647073260e-01
1.868886815279305891e+00 2.111829695752134750e+00 6.309584133999088795e-01
1.870719057255070039e+00 2.113378016268086856e+00 6.330224573397088550e-01
1.872551299230833965e+00 2.114927471959107574e+00 6.350912500565835117e-01
1.874383541206598114e+00 2.116478063657468045e+00 6.371647579354360325e-01
1.876215783182362040e+00 2.118029792196050032e+00 6.392429470725039531e-01
1.878048025158125967e+00 2.119582658408344589e+00 6.413257832742558229e-01
1.879880267133890115e+00 2.121136663128456057e+00 6.434132320563019647e-01
1.881712509109654041e+00 2.122691807191097624e+00 6.455052586422744820e-01
1.883544751085418190e+00 2.124248091431597096e+00 6.476018279627301366e-01
1.885376993061182116e+00 2.125805516685892016e+00 6.497029046540288011e-01
1.887209235036946264e+00 2.127364083790535876e+00 6.518084530572204605e-01
1.889041477012710191e+00 2.128923793582692792e+00 6.539184372169195569e-01
1.890873718988474339e+00 2.130484646900141943e+00 6.560328208801802230e-01
1.892705960964238265e+00 2.132046644581276240e+00 6.581515674953668515e-01
1.894538202940002192e+00 2.133609787465104546e+00 6.602746402110180046e-01
1.896370444915766340e+00 2.135174076391249010e+00 6.624020018747065475e-01
1.898202686891530266e+00 2.136739512199948177e+00 6.645336150318972290e-01
1.900034928867294415e+00 2.138306095732057877e+00 6.666694419248031522e-01
1.901867170843058341e+00 2.139873827829047670e+00 6.688094444912238146e-01
1.903699412818822490e+00 2.141442709333006178e+00 6.709535843634008012e-01
1.905531654794586416e+00 2.143012741086639306e+00 6.731018228668493864e-01
1.907363896770350564e+00 2.144583923933270242e+00 6.752541210191957965e-01
1.909196138746114491e+00 2.146156258716839460e+00 6.774104395290088121e-01
1.911028380721878417e+00 2.147729746281909158e+00 6.795707387946268163e-01
1.912860622697642565e+00 2.149304387473657485e+00 6.817349789029766294e-01
1.914692864673406492e+00 2.150880183137883428e+00 6.839031196283920089e-01
1.916525106649170640e+00 2.152457134121007698e+00 6.860751204314341489e-01
1.918357348624934566e+00 2.154035241270069179e+00 6.882509404576878653e-01
1.920189590600698715e+00 2.155614505432728922e+00 6.904305385365758774e-01
1.922021832576462641e+00 2.157194927457269262e+00 6.926138731801537718e-01
1.923854074552226789e+00 2.158776508192594701e+00 6.948009025819080753e-01
1.925686316527990716e+00 2.160359248488231465e+00 6.969915846155450012e-01
1.927518558503754642e+00 2.161943149194329727e+00 6.991858768337790853e-01
1.929350800479518790e+00 2.163528211161662274e+00 7.013837364671129393e-01
1.931183042455282717e+00 2.165114435241624502e+00 7.035851204226146738e-01
1.933015284431046865e+00 2.166701822286238865e+00 7.057899852826927667e-01
1.934847526406810791e+00 2.168290373148149985e+00 7.079982873038633828e-01
1.936679768382574940e+00 2.169880088680628205e+00 7.102099824155116981e-01
1.938512010358338866e+00 2.171470969737570478e+00 7.124250262186548888e-01
1.940344252334103015e+00 2.173063017173498590e+00 7.146433739846926869e-01
1.942176494309866941e+00 2.174656231843560938e+00 7.168649806541594893e-01
1.944008736285631089e+00 2.176250614603534306e+00 7.190898008354704718e-01
1.945840978261395016e+00 2.177846166309820308e+00 7.213177888036563790e-01
1.947673220237158942e+00 2.179442887819451169e+00 7.235488984991083061e-01
1.949505462212923090e+00 2.181040779990086165e+00 7.257830835263009428e-01
1.951337704188687017e+00 2.182639843680012959e+00 7.280202971525218114e-01
1.953169946164451165e+00 2.184240079748149377e+00 7.302604923065936227e-01
1.955002188140215091e+00 2.185841489054042519e+00 7.325036215775908577e-01
1.956834430115979240e+00 2.187444072457869204e+00 7.347496372135484677e-01
1.958666672091743166e+00 2.189047830820438190e+00 7.369984911201765687e-01
1.960498914067507314e+00 2.190652765003188396e+00 7.392501348595555966e-01
1.962331156043271241e+00 2.192258875868190238e+00 7.415045196488372348e-01
1.964163398019035167e+00 2.193866164278146957e+00 7.437615963589390145e-01
1.965995639994799316e+00 2.195474631096393292e+00 7.460213155132273677e-01
1.967827881970563242e+00 2.197084277186897694e+00 7.482836272862061211e-01
1.969660123946327390e+00 2.198695103414261887e+00 7.505484815021932210e-01
1.971492365922091317e+00 2.200307110643721309e+00 7.528158276339905752e-01
1.973324607897855465e+00 2.201920299741146003e+00 7.550856148015583358e-01
1.975156849873619391e+00 2.203534671573040171e+00 7.573577917706726392e-01
1.976989091849383540e+00 2.205150227006544839e+00 7.596323069515926729e-01
1.978821333825147466e+00 2.206766966909434302e+00 7.619091083977017620e-01
1.980653575800911392e+00 2.208384892150121903e+00 7.641881438041693286e-01
1.982485817776675541e+00 2.210004003597656030e+00 7.664693605065847626e-01
1.984318059752439467e+00 2.211624302121721897e+00 7.687527054796012838e-01
1.986150301728203615e+00 2.213245788592643759e+00 7.710381253355690356e-01
1.987982543703967542e+00 2.214868463881382699e+00 7.733255663231612953e-01
1.989814785679731690e+00 2.216492328859539285e+00 7.756149743260001284e-01
1.991647027655495616e+00 2.218117384399351799e+00 7.779062948612747164e-01
1.993479269631259765e+00 2.219743631373700232e+00 7.801994730783550214e-01
1.995311511607023691e+00 2.221371070656101843e+00 7.824944537573963466e-01
1.997143753582787618e+00 2.222999703120716486e+00 7.847911813079495591e-01
1.998975995558551766e+00 2.224629529642343506e+00 7.870895997675515510e-01
2.000808237534315914e+00 2.226260551096425289e+00 7.893896528003250257e-01
2.002640479510079619e+00 2.227892768359043263e+00 7.916912836955579680e-01
2.004472721485843767e+00 2.229526182306924564e+00 7.939944353662957699e-01
2.006304963461607915e+00 2.231160793817437149e+00 7.962990503479117077e-01
2.008137205437372064e+00 2.232796603768592014e+00 7.986050707966778628e-01
2.009969447413135768e+00 2.234433613039043642e+00 8.009124384883379300e-01
2.011801689388899916e+00 2.236071822508093554e+00 8.032210948166642606e-01
2.013633931364664065e+00 2.237711233055684090e+00 8.055309807920150167e-01
2.015466173340427769e+00 2.239351845562405074e+00 8.078420370398848860e-01
2.017298415316191917e+00 2.240993660909492036e+00 8.101542037994517997e-01
2.019130657291956066e+00 2.242636679978824876e+00 8.124674209221148802e-01
2.020962899267720214e+00 2.244280903652931869e+00 8.147816278700326098e-01
2.022795141243483918e+00 2.245926332814986992e+00 8.170967637146457907e-01
2.024627383219248067e+00 2.247572968348813038e+00 8.194127671352113840e-01
2.026459625195012215e+00 2.249220811138879839e+00 8.217295764173133676e-01
2.028291867170776364e+00 2.250869862070305594e+00 8.240471294513762590e-01
2.030124109146540068e+00 2.252520122028857319e+00 8.263653637311769717e-01
2.031956351122304216e+00 2.254171591900953509e+00 8.286842163523469029e-01
2.033788593098068365e+00 2.255824272573659695e+00 8.310036240108616967e-01
2.035620835073832069e+00 2.257478164934692888e+00 8.333235230015418882e-01
2.037453077049596217e+00 2.259133269872422023e+00 8.356438492165341181e-01
2.039285319025360366e+00 2.260789588275865736e+00 8.379645381437870189e-01
2.041117561001124514e+00 2.262447121034695030e+00 8.402855248655363152e-01
2.042949802976888218e+00 2.264105869039233720e+00 8.426067440567637234e-01
2.044782044952652367e+00 2.265765833180457989e+00 8.449281299836663983e-01
2.046614286928416515e+00 2.267427014349996828e+00 8.472496165021132786e-01
2.048446528904180219e+00 2.269089413440132930e+00 8.495711370560941056e-01
2.050278770879944368e+00 2.270753031343804906e+00 8.518926246761735488e-01
2.052111012855708516e+00 2.272417868954603737e+00 8.542140119779215723e-01
2.053943254831472665e+00 2.274083927166776764e+00 8.565352311603586788e-01
2.055775496807236369e+00 2.275751206875225918e+00 8.588562140043767279e-01
2.057607738783000517e+00 2.277419708975511270e+00 8.611768918711718568e-01
2.059439980758764666e+00 2.279089434363847921e+00 8.634971957006549736e-01
2.061272222734528814e+00 2.280760383937108227e+00 8.658170560098636948e-01
2.063104464710292518e+00 2.282432558592821348e+00 8.681364028913731712e-01
2.064936706686056667e+00 2.284105959229177252e+00 8.704551660116975897e-01
2.066768948661820815e+00 2.285780586745020937e+00 8.727732746096784622e-01
2.068601190637584519e+00 2.287456442039858207e+00 8.750906574948766892e-01
2.070433432613348668e+00 2.289133526013855668e+00 8.774072430459602945e-01
2.072265674589112816e+00 2.290811839567836738e+00 8.797229592090713979e-01
2.074097916564876964e+00 2.292491383603287858e+00 8.820377334962085092e-01
2.075930158540640669e+00 2.294172159022354496e+00 8.843514929835805116e-01
2.077762400516404817e+00 2.295854166727846035e+00 8.866641643099788528e-01
2.079594642492168965e+00 2.297537407623230887e+00 8.889756736751186494e-01
2.081426884467932670e+00 2.299221882612641821e+00 8.912859468379931149e-01
2.083259126443696818e+00 2.300907592600874185e+00 8.935949091152144419e-01
2.085091368419460967e+00 2.302594538493385912e+00 8.959024853793440268e-01
2.086923610395225115e+00 2.304282721196299732e+00 8.982086000572310214e-01
2.088755852370988819e+00 2.305972141616401849e+00 9.005131771283232389e-01
2.090588094346752968e+00 2.307662800661144153e+00 9.028161401229972682e-01
2.092420336322517116e+00 2.309354699238642894e+00 9.051174121208587220e-01
2.094252578298281264e+00 2.311047838257680898e+00 9.074169157490532545e-01
2.096084820274044969e+00 2.312742218627707125e+00 9.097145731805647006e-01
2.097917062249809117e+00 2.314437841258837114e+00 9.120103061325024463e-01
2.099749304225573265e+00 2.316134707061853426e+00 9.143040358643952370e-01
2.101581546201336970e+00 2.317832816948206975e+00 9.165956831764670021e-01
2.103413788177101118e+00 2.319532171830017031e+00 9.188851684079102355e-01
2.105246030152865266e+00 2.321232772620070772e+00 9.211724114351560466e-01
2.107078272128629415e+00 2.322934620231825509e+00 9.234573316701335521e-01
2.108910514104393119e+00 2.324637715579406905e+00 9.257398480585254941e-01
2.110742756080157267e+00 2.326342059577612087e+00 9.280198790780156415e-01
2.112574998055921416e+00 2.328047653141909645e+00 9.302973427365368586e-01
2.114407240031685564e+00 2.329754497188436524e+00 9.325721565704971905e-01
2.116239482007449269e+00 2.331462592634003350e+00 9.348442376430179390e-01
2.118071723983213417e+00 2.333171940396093991e+00 9.371135025421561959e-01
2.119903965958977565e+00 2.334882541392862443e+00 9.393798673791138309e-01
2.121736207934741270e+00 2.336594396543136831e+00 9.416432477864580264e-01
2.123568449910505418e+00 2.338307506766420296e+00 9.439035589163192741e-01
2.125400691886269566e+00 2.340021872982888329e+00 9.461607154385885954e-01
2.127232933862033715e+00 2.341737496113391437e+00 9.484146315391122073e-01
2.129065175837797419e+00 2.343454377079455586e+00 9.506652209178696467e-01
2.130897417813561567e+00 2.345172516803283091e+00 9.529123967871612200e-01
2.132729659789325716e+00 2.346891916207750395e+00 9.551560718697673646e-01
2.134561901765089420e+00 2.348612576216412506e+00 9.573961583971213329e-01
2.136394143740853568e+00 2.350334497753501228e+00 9.596325681074671099e-01
2.138226385716617717e+00 2.352057681743925155e+00 9.618652122440052299e-01
2.140058627692381865e+00 2.353782129113271004e+00 9.640940015530421459e-01
2.141890869668145569e+00 2.355507840787804952e+00 9.663188462821276081e-01
2.143723111643909718e+00 2.357234817694471740e+00 9.685396561781829394e-01
2.145555353619673866e+00 2.358963060760896457e+00 9.707563404856326406e-01
2.147387595595438015e+00 2.360692570915382760e+00 9.729688079445104609e-01
2.149219837571201719e+00 2.362423349086915536e+00 9.751769667885806792e-01
2.151052079546965867e+00 2.364155396205162685e+00 9.773807247434418422e-01
2.152884321522730016e+00 2.365888713200470228e+00 9.795799890246136288e-01
2.154716563498493720e+00 2.367623301003868974e+00 9.817746663356416992e-01
2.156548805474257868e+00 2.369359160547071852e+00 9.839646628661707917e-01
2.158381047450022017e+00 2.371096292762473912e+00 9.861498842900261463e-01
2.160213289425786165e+00 2.372834698583154989e+00 9.883302357632817170e-01
2.162045531401549869e+00 2.374574378942877040e+00 9.905056219223236091e-01
2.163877773377314018e+00 2.376315334776089916e+00 9.926759468819075227e-01
2.165710015353078166e+00 2.378057567017925589e+00 9.948411142332034274e-01
2.167542257328841870e+00 2.379801076604202148e+00 9.970010270418415699e-01
2.169374499304606019e+00 2.381545864471426022e+00 9.991555878459468243e-01
2.171206741280370167e+00 2.383291931556787535e+00 1.001304698654166270e+00
2.173038983256134316e+00 2.385039278798165352e+00 1.003448260943685222e+00
2.174871225231898020e+00 2.386787907134125142e+00 1.005586175658249370e+00
2.176703467207662168e+00 2.388537817503922689e+00 1.007718343206166711e+00
2.178535709183426317e+00 2.390289010847499451e+00 1.009844663458305591e+00
2.180367951159190465e+00 2.392041488105487446e+00 1.011965035746088537e+00
2.182200193134954169e+00 2.393795250219208803e+00 1.014079358859477864e+00
2.184032435110718318e+00 2.395550298130675326e+00 1.016187531044954184e+00
2.185864677086482466e+00 2.397306632782589375e+00 1.018289450003483809e+00
2.187696919062246170e+00 2.399064255118344313e+00 1.020385012888484155e+00
2.189529161038010319e+00 2.400823166082025839e+00 1.022474116303780489e+00
2.191361403013774467e+00 2.402583366618411542e+00 1.024556656301554458e+00
2.193193644989538615e+00 2.404344857672970903e+00 1.026632528380281073e+00
2.195025886965302320e+00 2.406107640191867514e+00 1.028701627482669689e+00
2.196858128941066468e+00 2.407871715121958189e+00 1.030763847993583671e+00
2.198690370916830616e+00 2.409637083410794745e+00 1.032819083737968047e+00
2.200522612892594321e+00 2.411403746006622217e+00 1.034867227978749415e+00
2.202354854868358469e+00 2.413171703858382422e+00 1.036908173414753609e+00
2.204187096844122618e+00 2.414940957915712172e+00 1.038941812178590496e+00
2.206019338819886766e+00 2.416711509128944613e+00 1.040968035834551442e+00
2.207851580795650470e+00 2.418483358449108778e+00 1.042986735376485008e+00
2.209683822771414619e+00 2.420256506827932697e+00 1.044997801225678868e+00
2.211516064747178767e+00 2.422030955217841175e+00 1.047001123228718411e+00
2.213348306722942915e+00 2.423806704571957127e+00 1.048996590655346672e+00
2.215180548698706620e+00 2.425583755844102019e+00 1.050984092196323161e+00
2.217012790674470768e+00 2.427362109988798533e+00 1.052963515961259366e+00
2.218845032650234916e+00 2.429141767961266574e+00 1.054934749476456712e+00
2.220677274625998621e+00 2.430922730717427704e+00 1.056897679682735403e+00
2.222509516601762769e+00 2.432704999213904706e+00 1.058852192933258829e+00
2.224341758577526917e+00 2.434488574408021577e+00 1.060798174991338882e+00
2.226174000553291066e+00 2.436273457257802644e+00 1.062735511028244373e+00
2.228006242529054770e+00 2.438059648721976114e+00 1.064664085621000345e+00
2.229838484504818918e+00 2.439847149759974076e+00 1.066583782750175180e+00
2.231670726480583067e+00 2.441635961331929394e+00 1.068494485797659266e+00
2.233502968456347215e+00 2.443426084398680587e+00 1.070396077544445212e+00
2.235335210432110919e+00 2.445217519921770499e+00 1.072288440168385870e+00
2.237167452407875068e+00 2.447010268863446747e+00 1.074171455241959228e+00
2.238999694383639216e+00 2.448804332186662158e+00 1.076045003730011773e+00
2.240831936359402921e+00 2.450599710855076108e+00 1.077908965987503853e+00
2.242664178335167069e+00 2.452396405833054516e+00 1.079763221757242375e+00
2.244496420310931217e+00 2.454194418085668961e+00 1.081607650167604628e+00
2.246328662286695366e+00 2.455993748578701119e+00 1.083442129730260328e+00
2.248160904262459070e+00 2.457794398278637882e+00 1.085266538337874120e+00
2.249993146238223218e+00 2.459596368152677126e+00 1.087080753261815858e+00
2.251825388213987367e+00 2.461399659168724163e+00 1.088884651149843119e+00
2.253657630189751071e+00 2.463204272295395292e+00 1.090678108023795945e+00
2.255489872165515219e+00 2.465010208502016020e+00 1.092460999277266032e+00
2.257322114141279368e+00 2.466817468758622844e+00 1.094233199673268819e+00
2.259154356117043516e+00 2.468626054035963246e+00 1.095994583341905138e+00
2.260986598092807220e+00 2.470435965305496584e+00 1.097745023778007756e+00
2.262818840068571369e+00 2.472247203539394977e+00 1.099484393838791485e+00
2.264651082044335517e+00 2.474059769710542422e+00 1.101212565741481519e+00
2.266483324020099666e+00 2.475873664792537010e+00 1.102929411060945997e+00
2.268315565995863370e+00 2.477688889759689150e+00 1.104634800727311017e+00
2.270147807971627518e+00 2.479505445587026013e+00 1.106328605023572775e+00
2.271980049947391667e+00 2.481323333250287533e+00 1.108010693583197925e+00
2.273812291923155371e+00 2.483142553725929513e+00 1.109680935387713285e+00
2.275644533898919519e+00 2.484963107991124520e+00 1.111339198764298430e+00
2.277476775874683668e+00 2.486784997023760990e+00 1.112985351383354304e+00
2.279309017850447816e+00 2.488608221802444120e+00 1.114619260256073385e+00
2.281141259826211520e+00 2.490432783306495867e+00 1.116240791731997195e+00
2.282973501801975669e+00 2.492258682515958501e+00 1.117849811496569590e+00
2.284805743777739817e+00 2.494085920411590163e+00 1.119446184568673619e+00
2.286637985753503521e+00 2.495914497974869306e+00 1.121029775298167275e+00
2.288470227729267670e+00 2.497744416187995586e+00 1.122600447363409248e+00
2.290302469705031818e+00 2.499575676033884974e+00 1.124158063768767146e+00
2.292134711680795967e+00 2.501408278496177751e+00 1.125702486842134808e+00
2.293966953656559671e+00 2.503242224559232731e+00 1.127233578232417210e+00
2.295799195632323819e+00 2.505077515208132155e+00 1.128751198907030906e+00
2.297631437608087968e+00 2.506914151428679904e+00 1.130255209149377826e+00
2.299463679583852116e+00 2.508752134207402840e+00 1.131745468556319523e+00
2.301295921559615820e+00 2.510591464531549910e+00 1.133221836035633645e+00
2.303128163535379969e+00 2.512432143389095707e+00 1.134684169803474862e+00
2.304960405511144117e+00 2.514274171768737798e+00 1.136132327381812912e+00
2.306792647486907821e+00 2.516117550659898949e+00 1.137566165595872647e+00
2.308624889462671970e+00 2.517962281052728457e+00 1.138985540571556765e+00
2.310457131438436118e+00 2.519808363938099927e+00 1.140390307732864317e+00
2.312289373414200266e+00 2.521655800307614381e+00 1.141780321799299447e+00
2.314121615389963971e+00 2.523504591153598930e+00 1.143155436783267476e+00
2.315953857365728119e+00 2.525354737469109878e+00 1.144515505987470538e+00
2.317786099341492267e+00 2.527206240247930058e+00 1.145860382002280575e+00
2.319618341317256416e+00 2.529059100484571498e+00 1.147189916703113877e+00
2.321450583293020120e+00 2.530913319174274978e+00 1.148503961247798966e+00
2.323282825268784269e+00 2.532768897313012246e+00 1.149802366073920723e+00
2.325115067244548417e+00 2.534625835897484247e+00 1.151084980896165622e+00
2.326947309220312121e+00 2.536484135925121119e+00 1.152351654703660522e+00
2.328779551196076270e+00 2.538343798394087969e+00 1.153602235757294370e+00
2.330611793171840418e+00 2.540204824303279096e+00 1.154836571587033012e+00
2.332444035147604566e+00 2.542067214652321105e+00 1.156054508989224683e+00
2.334276277123368271e+00 2.543930970441573791e+00 1.157255894023898612e+00
2.336108519099132419e+00 2.545796092672132360e+00 1.158440572012054526e+00
2.337940761074896567e+00 2.547662582345822990e+00 1.159608387532931939e+00
2.339773003050660272e+00 2.549530440465207715e+00 1.160759184421284340e+00
2.341605245026424420e+00 2.551399668033584422e+00 1.161892805764638270e+00
2.343437487002188568e+00 2.553270266054985527e+00 1.163009093900535085e+00
2.345269728977952717e+00 2.555142235534179296e+00 1.164107890413779156e+00
2.347101970953716421e+00 2.557015577476671186e+00 1.165189036133660982e+00
2.348934212929480569e+00 2.558890292888704288e+00 1.166252371131176968e+00
2.350766454905244718e+00 2.560766382777258876e+00 1.167297734716243873e+00
2.352598696881008866e+00 2.562643848150053749e+00 1.168324965434894613e+00
2.354430938856772570e+00 2.564522690015545781e+00 1.169333901066468728e+00
2.356263180832536719e+00 2.566402909382932584e+00 1.170324378620795525e+00
2.358095422808300867e+00 2.568284507262150296e+00 1.171296234335361008e+00
2.359927664784064572e+00 2.570167484663876234e+00 1.172249303672475040e+00
2.361759906759828720e+00 2.572051842599528904e+00 1.173183421316410957e+00
2.363592148735592868e+00 2.573937582081268438e+00 1.174098421170558515e+00
2.365424390711357017e+00 2.575824704121995712e+00 1.174994136354545970e+00
2.367256632687120721e+00 2.577713209735355449e+00 1.175870399201366157e+00
2.369088874662884869e+00 2.579603099935735333e+00 1.176727041254482131e+00
2.370921116638649018e+00 2.581494375738267344e+00 1.177563893264930606e+00
2.372753358614412722e+00 2.583387038158825533e+00 1.178380785188414270e+00
2.374585600590176870e+00 2.585281088214032241e+00 1.179177546182379022e+00
2.376417842565941019e+00 2.587176526921251885e+00 1.179954004603081419e+00
2.378250084541705167e+00 2.589073355298596724e+00 1.180709988002655031e+00
2.380082326517468871e+00 2.590971574364923757e+00 1.181445323126156133e+00
2.381914568493233020e+00 2.592871185139839163e+00 1.182159835908601186e+00
2.383746810468997168e+00 2.594772188643696076e+00 1.182853351471998771e+00
2.385579052444761317e+00 2.596674585897593701e+00 1.183525694122367522e+00
2.387411294420525021e+00 2.598578377923381755e+00 1.184176687346742751e+00
2.389243536396289169e+00 2.600483565743660019e+00 1.184806153810174401e+00
2.391075778372053318e+00 2.602390150381775236e+00 1.185413915352715453e+00
2.392908020347817022e+00 2.604298132861826431e+00 1.185999792986394130e+00
2.394740262323581170e+00 2.606207514208663589e+00 1.186563606892191869e+00
2.396572504299345319e+00 2.608118295447886759e+00 1.187105176416979990e+00
2.398404746275109467e+00 2.610030477605848720e+00 1.187624320070481243e+00
2.400236988250873171e+00 2.611944061709654985e+00 1.188120855522194708e+00
2.402069230226637320e+00 2.613859048787163353e+00 1.188594599598324031e+00
2.403901472202401468e+00 2.615775439866986130e+00 1.189045368278687675e+00
2.405733714178165172e+00 2.617693235978488353e+00 1.189472976693620287e+00
2.407565956153929321e+00 2.619612438151791789e+00 1.189877239120867181e+00
2.409398198129693469e+00 2.621533047417771822e+00 1.190257968982463055e+00
2.411230440105457618e+00 2.623455064808060566e+00 1.190614978841597171e+00
2.413062682081221322e+00 2.625378491355045085e+00 1.190948080399480968e+00
2.414894924056985470e+00 2.627303328091870949e+00 1.191257084492188367e+00
2.416727166032749619e+00 2.629229576052440898e+00 1.191541801087496300e+00
2.418559408008513767e+00 2.631157236271415290e+00 1.191802039281708137e+00
2.420391649984277471e+00 2.633086309784212542e+00 1.192037607296468460e+00
2.422223891960041620e+00 2.635016797627011353e+00 1.192248312475571836e+00
2.424056133935805768e+00 2.636948700836749815e+00 1.192433961281746280e+00
2.425888375911569472e+00 2.638882020451124966e+00 1.192594359293440931e+00
2.427720617887333621e+00 2.640816757508596790e+00 1.192729311201596643e+00
2.429552859863097769e+00 2.642752913048385555e+00 1.192838620806401684e+00
2.431385101838861917e+00 2.644690488110473137e+00 1.192922091014039676e+00
2.433217343814625622e+00 2.646629483735603472e+00 1.192979523833428201e+00
2.435049585790389770e+00 2.648569900965285218e+00 1.193010720372943867e+00
2.436881827766153918e+00 2.650511740841789976e+00 1.193015480837133158e+00
2.438714069741918067e+00 2.652455004408152295e+00 1.192993604523415296e+00
2.440546311717681771e+00 2.654399692708171887e+00 1.192944889818778886e+00
2.442378553693445919e+00 2.656345806786415853e+00 1.192869134196450576e+00
2.444210795669210068e+00 2.658293347688214681e+00 1.192766134212572382e+00
2.446043037644973772e+00 2.660242316459665357e+00 1.192635685502854592e+00
2.447875279620737921e+00 2.662192714147634476e+00 1.192477582779218892e+00
2.449707521596502069e+00 2.664144541799752464e+00 1.192291619826433280e+00
2.451539763572266217e+00 2.666097800464419798e+00 1.192077589498732770e+00
2.453372005548029922e+00 2.668052491190805675e+00 1.191835283716430549e+00
2.455204247523794070e+00 2.670008615028848453e+00 1.191564493462512919e+00
2.457036489499558218e+00 2.671966173029256097e+00 1.191265008779226919e+00
2.458868731475321923e+00 2.673925166243506180e+00 1.190936618764657950e+00
2.460700973451086071e+00 2.675885595723848542e+00 1.190579111569282977e+00
2.462533215426850219e+00 2.677847462523303967e+00 1.190192274392535499e+00
2.464365457402614368e+00 2.679810767695664619e+00 1.189775893479327884e+00
2.466197699378378072e+00 2.681775512295495378e+00 1.189329754116588589e+00
2.468029941354142220e+00 2.683741697378135616e+00 1.188853640629777608e+00
2.469862183329906369e+00 2.685709323999697418e+00 1.188347336379381725e+00
2.471694425305670517e+00 2.687678393217066919e+00 1.187810623757408202e+00
2.473526667281434221e+00 2.689648906087905633e+00 1.187243284183866265e+00
2.475358909257198370e+00 2.691620863670650010e+00 1.186645098103229934e+00
2.477191151232962518e+00 2.693594267024513655e+00 1.186015844980889078e+00
2.479023393208726223e+00 2.695569117209485110e+00 1.185355303299599594e+00
2.480855635184490371e+00 2.697545415286331405e+00 1.184663250555906044e+00
2.482687877160254519e+00 2.699523162316596725e+00 1.183939463256559854e+00
2.484520119136018668e+00 2.701502359362604189e+00 1.183183716914923078e+00
2.486352361111782372e+00 2.703483007487453627e+00 1.182395786047364838e+00
2.488184603087546520e+00 2.705465107755027354e+00 1.181575444169637557e+00
2.490016845063310669e+00 2.707448661229985731e+00 1.180722463793244970e+00
2.491849087039074373e+00 2.709433668977769827e+00 1.179836616421793050e+00
2.493681329014838521e+00 2.711420132064602750e+00 1.178917672547345141e+00
2.495513570990602670e+00 2.713408051557488765e+00 1.177965401646733135e+00
2.497345812966366818e+00 2.715397428524214174e+00 1.176979572177887956e+00
2.499178054942130522e+00 2.717388264033347767e+00 1.175959951576140305e+00
2.501010296917894671e+00 2.719380559154243926e+00 1.174906306250508958e+00
2.502842538893658819e+00 2.721374314957038187e+00 1.173818401579981074e+00
2.504674780869422968e+00 2.723369532512653013e+00 1.172696001909781183e+00
2.506507022845186672e+00 2.725366212892793794e+00 1.171538870547622846e+00
2.508339264820950820e+00 2.727364357169954179e+00 1.170346769759942340e+00
2.510171506796714969e+00 2.729363966417412524e+00 1.169119460768134555e+00
2.512003748772478673e+00 2.731365041709233665e+00 1.167856703744762470e+00
2.513835990748242821e+00 2.733367584120270699e+00 1.166558257809760635e+00
2.515668232724006970e+00 2.735371594726166311e+00 1.165223881026619335e+00
2.517500474699771118e+00 2.737377074603348781e+00 1.163853330398561869e+00
2.519332716675534822e+00 2.739384024829036424e+00 1.162446361864709399e+00
2.521164958651298971e+00 2.741392446481239809e+00 1.161002730296222030e+00
2.522997200627063119e+00 2.743402340638756876e+00 1.159522189492442568e+00
2.524829442602826823e+00 2.745413708381176487e+00 1.158004492177010292e+00
2.526661684578590972e+00 2.747426550788882871e+00 1.156449389993976951e+00
2.528493926554355120e+00 2.749440868943047622e+00 1.154856633503895225e+00
2.530326168530119268e+00 2.751456663925637258e+00 1.153225972179905412e+00
2.532158410505882973e+00 2.753473936819411438e+00 1.151557154403804351e+00
2.533990652481647121e+00 2.755492688707924298e+00 1.149849927462093691e+00
2.535822894457411270e+00 2.757512920675522672e+00 1.148104037542026834e+00
2.537655136433175418e+00 2.759534633807350090e+00 1.146319229727641442e+00
2.539487378408939122e+00 2.761557829189344115e+00 1.144495247995758191e+00
2.541319620384703271e+00 2.763582507908239450e+00 1.142631835211997515e+00
2.543151862360467419e+00 2.765608671051568823e+00 1.140728733126752159e+00
2.544984104336231123e+00 2.767636319707658998e+00 1.138785682371175279e+00
2.546816346311995272e+00 2.769665454965637430e+00 1.136802422453124350e+00
2.548648588287759420e+00 2.771696077915430045e+00 1.134778691753114188e+00
2.550480830263523568e+00 2.773728189647759468e+00 1.132714227520252859e+00
2.552313072239287273e+00 2.775761791254150346e+00 1.130608765868145626e+00
2.554145314215051421e+00 2.777796883826927576e+00 1.128462041770809776e+00
2.555977556190815569e+00 2.779833468459214529e+00 1.126273789058561459e+00
2.557809798166579718e+00 2.781871546244938820e+00 1.124043740413883441e+00
2.559642040142343422e+00 2.783911118278828756e+00 1.121771627367299740e+00
2.561474282118107570e+00 2.785952185656414670e+00 1.119457180293208287e+00
2.563306524093871719e+00 2.787994749474032474e+00 1.117100128405723369e+00
2.565138766069635423e+00 2.790038810828818328e+00 1.114700199754490084e+00
2.566971008045399572e+00 2.792084370818715744e+00 1.112257121220488365e+00
2.568803250021163720e+00 2.794131430542472927e+00 1.109770618511821461e+00
2.570635491996927868e+00 2.796179991099641882e+00 1.107240416159497087e+00
2.572467733972691573e+00 2.798230053590580635e+00 1.104666237513180160e+00
2.574299975948455721e+00 2.800281619116457676e+00 1.102047804736944414e+00
2.576132217924219869e+00 2.802334688779244853e+00 1.099384838805002040e+00
2.577964459899983574e+00 2.804389263681722255e+00 1.096677059497423556e+00
2.579796701875747722e+00 2.806445344927482211e+00 1.093924185395830140e+00
2.581628943851511870e+00 2.808502933620921738e+00 1.091125933879098842e+00
2.583461185827276019e+00 2.810562030867249650e+00 1.088282021119021614e+00
2.585293427803039723e+00 2.812622637772484335e+00 1.085392162075969225e+00
2.587125669778803871e+00 2.814684755443456865e+00 1.082456070494527633e+00
2.588957911754568020e+00 2.816748384987806997e+00 1.079473458899139260e+00
2.590790153730332168e+00 2.818813527513988948e+00 1.076444038589708940e+00
2.592622395706095872e+00 2.820880184131267843e+00 1.073367519637196565e+00
2.594454637681860021e+00 2.822948355949723709e+00 1.070243610879213714e+00
2.596286879657624169e+00 2.825018044080249702e+00 1.067072019915578096e+00
2.598119121633387874e+00 2.827089249634552548e+00 1.063852453103883100e+00
2.599951363609152022e+00 2.829161973725155210e+00 1.060584615555021593e+00
2.601783605584916170e+00 2.831236217465396887e+00 1.057268211128712831e+00
2.603615847560680319e+00 2.833311981969431237e+00 1.053902942429014056e+00
2.605448089536444023e+00 2.835389268352229486e+00 1.050488510799810760e+00
2.607280331512208171e+00 2.837468077729581761e+00 1.047024616320289425e+00
2.609112573487972320e+00 2.839548411218093538e+00 1.043510957800405148e+00
2.610944815463736024e+00 2.841630269935191411e+00 1.039947232776325725e+00
2.612777057439500172e+00 2.843713654999120433e+00 1.036333137505861313e+00
2.614609299415264321e+00 2.845798567528944112e+00 1.032668366963876094e+00
2.616441541391028469e+00 2.847885008644548854e+00 1.028952614837694846e+00
2.618273783366792173e+00 2.849972979466639966e+00 1.025185573522481963e+00
2.620106025342556322e+00 2.852062481116745651e+00 1.021366934116609393e+00
2.621938267318320470e+00 2.854153514717217011e+00 1.017496386417005239e+00
2.623770509294084619e+00 2.856246081391226266e+00 1.013573618914501262e+00
2.625602751269848323e+00 2.858340182262768536e+00 1.009598318789147076e+00
2.627434993245612471e+00 2.860435818456667167e+00 1.005570171905506349e+00
2.629267235221376620e+00 2.862532991098566182e+00 1.001488862807953018e+00
2.631099477197140324e+00 2.864631701314934276e+00 9.973540747159524988e-01
2.632931719172904472e+00 2.866731950233071480e+00 9.931654895192942867e-01
2.634763961148668621e+00 2.868833738981098946e+00 9.889227877733617333e-01
2.636596203124432769e+00 2.870937068687965610e+00 9.846256486943327779e-01
2.638428445100196473e+00 2.873041940483450407e+00 9.802737501543972165e-01
2.640260687075960622e+00 2.875148355498160058e+00 9.758667686769475491e-01
2.642092929051724770e+00 2.877256314863528175e+00 9.714043794317492875e-01
2.643925171027488474e+00 2.879365819711819263e+00 9.668862562301128172e-01
2.645757413003252623e+00 2.881476871176129606e+00 9.623120715200161879e-01
2.647589654979016771e+00 2.883589470390382825e+00 9.576814963812518844e-01
2.649421896954780919e+00 2.885703618489336986e+00 9.529942005205154221e-01
2.651254138930544624e+00 2.887819316608579712e+00 9.482498522665154805e-01
2.653086380906308772e+00 2.889936565884532627e+00 9.434481185650379631e-01
2.654918622882072921e+00 2.892055367454450909e+00 9.385886649740116106e-01
2.656750864857837069e+00 2.894175722456421518e+00 9.336711556585477467e-01
2.658583106833600773e+00 2.896297632029367630e+00 9.286952533859667014e-01
2.660415348809364922e+00 2.898421097313048200e+00 9.236606195208028058e-01
2.662247590785129070e+00 2.900546119448054405e+00 9.185669140198065019e-01
2.664079832760892774e+00 2.902672699575817195e+00 9.134137954269070381e-01
2.665912074736656923e+00 2.904800838838603294e+00 9.082009208681757206e-01
2.667744316712421071e+00 2.906930538379515649e+00 9.029279460467656282e-01
2.669576558688185219e+00 2.909061799342496535e+00 8.975945252378395578e-01
2.671408800663948924e+00 2.911194622872326665e+00 8.922003112834686611e-01
2.673241042639713072e+00 2.913329010114625639e+00 8.867449555875279721e-01
2.675073284615477220e+00 2.915464962215854605e+00 8.812281081105567404e-01
2.676905526591241369e+00 2.917602480323313152e+00 8.756494173646318657e-01
2.678737768567005073e+00 2.919741565585141529e+00 8.700085304081928150e-01
2.680570010542769221e+00 2.921882219150325977e+00 8.643050928408513300e-01
2.682402252518533370e+00 2.924024442168690729e+00 8.585387487982141241e-01
2.684234494494297074e+00 2.926168235790903349e+00 8.527091409466591720e-01
2.686066736470061223e+00 2.928313601168479163e+00 8.468159104780861313e-01
2.687898978445825371e+00 2.930460539453773272e+00 8.408586971046907443e-01
2.689731220421589519e+00 2.932609051799986322e+00 8.348371390536829528e-01
2.691563462397353224e+00 2.934759139361166724e+00 8.287508730620000152e-01
2.693395704373117372e+00 2.936910803292207550e+00 8.225995343709974206e-01
2.695227946348881520e+00 2.939064044748848303e+00 8.163827567211379144e-01
2.697060188324645225e+00 2.941218864887675810e+00 8.101001723466506599e-01
2.698892430300409373e+00 2.943375264866126440e+00 8.037514119701456572e-01
2.700724672276173521e+00 2.945533245842482550e+00 7.973361047972864490e-01
2.702556914251937670e+00 2.947692808975878709e+00 7.908538785113403691e-01
2.704389156227701374e+00 2.949853955426295915e+00 7.843043592678112796e-01
2.706221398203465522e+00 2.952016686354568709e+00 7.776871716889779407e-01
2.708053640179229671e+00 2.954181002922382060e+00 7.710019388584483657e-01
2.709885882154993819e+00 2.956346906292270482e+00 7.642482823157157323e-01
2.711718124130757523e+00 2.958514397627622916e+00 7.574258220506424610e-01
2.713550366106521672e+00 2.960683478092681398e+00 7.505341764979591712e-01
2.715382608082285820e+00 2.962854148852540170e+00 7.435729625317639702e-01
2.717214850058049525e+00 2.965026411073148793e+00 7.365417954599466910e-01
2.719047092033813673e+00 2.967200265921311253e+00 7.294402890186563182e-01
2.720879334009577821e+00 2.969375714564686408e+00 7.222680553667047976e-01
2.722711575985341970e+00 2.971552758171791098e+00 7.150247050799671822e-01
2.724543817961105674e+00 2.973731397911996144e+00 7.077098471457798912e-01
2.726376059936869822e+00 2.975911634955531682e+00 7.003230889572866769e-01
2.728208301912633971e+00 2.978093470473485826e+00 6.928640363077829267e-01
2.730040543888397675e+00 2.980276905637803786e+00 6.853322933850602983e-01
2.731872785864161823e+00 2.982461941621291412e+00 6.777274627656942885e-01
2.733705027839925972e+00 2.984648579597614759e+00 6.700491454093255861e-01
2.735537269815690120e+00 2.986836820741299192e+00 6.622969406529558567e-01
2.737369511791453824e+00 2.989026666227729390e+00 6.544704462051766924e-01
2.739201753767217973e+00 2.991218117233157336e+00 6.465692581403852390e-01
2.741033995742982121e+00 2.993411174934692998e+00 6.385929708930156989e-01
2.742866237718746270e+00 2.995605840510308759e+00 6.305411772517384161e-01
2.744698479694509974e+00 2.997802115138843870e+00 6.224134683535936796e-01
2.746530721670274122e+00 3.000000000000000444e+00 6.142094336781678265e-01
