# tau=beta*t, lambda=exp[(gamma_dot/beta)*tau], sigma_norm=sigma/mu
# tau lambda sigma_over_mu
0.000000000000000000e+00 1.000000000000000000e+00 0.000000000000000000e+00
7.328967903056101720e-03 1.000733165424781301e+00 2.918692344235130492e-03
1.465793580611220344e-02 1.001466868381102771e+00 5.811761223582747292e-03
2.198690370916830603e-02 1.002201109263063827e+00 8.679365017538243077e-03
2.931587161222440688e-02 1.002935888465052994e+00 1.152166165958015340e-02
3.664483951528051120e-02 1.003671206381747893e+00 1.433880863130631428e-02
4.397380741833661205e-02 1.004407063408115697e+00 1.713096295670552341e-02
5.130277532139271290e-02 1.005143459939412676e+00 1.989828119655755873e-02
5.863174322444881376e-02 1.005880396371185315e+00 2.264091944296872660e-02
6.596071112750491461e-02 1.006617873099269866e+00 2.535903331403119992e-02
7.328967903056102240e-02 1.007355890519793240e+00 2.805277794861323060e-02
8.061864693361711631e-02 1.008094449029172113e+00 3.072230800126866598e-02
8.794761483667322410e-02 1.008833549024114484e+00 3.336777763727907797e-02
9.527658273972931802e-02 1.009573190901618345e+00 3.598934052780750070e-02
1.026055506427854258e-01 1.010313375058973451e+00 3.858714984518357011e-02
1.099345185458415197e-01 1.011054101893760881e+00 4.116135825829996681e-02
1.172634864488976275e-01 1.011795371803852817e+00 4.371211792812703528e-02
1.245924543519537353e-01 1.012537185187413202e+00 4.623958050334618652e-02
1.319214222550098292e-01 1.013279542442897974e+00 4.874389711609670994e-02
1.392503901580659231e-01 1.014022443969055276e+00 5.122521837783446108e-02
1.465793580611220448e-01 1.014765890164925688e+00 5.368369437530267491e-02
1.539083259641781387e-01 1.015509881429841998e+00 5.611947466661083850e-02
1.612372938672342326e-01 1.016254418163430318e+00 5.853270827742655669e-02
1.685662617702903265e-01 1.016999500765608966e+00 6.092354369726670632e-02
1.758952296733464482e-01 1.017745129636590251e+00 6.329212887590440761e-02
1.832241975764025421e-01 1.018491305176879358e+00 6.563861121986924729e-02
1.905531654794586360e-01 1.019238027787275458e+00 6.796313758905918323e-02
1.978821333825147577e-01 1.019985297868871488e+00 7.026585429344814338e-02
2.052111012855708516e-01 1.020733115823054149e+00 7.254690708989454395e-02
2.125400691886269455e-01 1.021481482051505019e+00 7.480644117905255186e-02
2.198690370916830394e-01 1.022230396956199439e+00 7.704460120237241472e-02
2.271980049947391611e-01 1.022979860939408292e+00 7.926153123920695598e-02
2.345269728977952550e-01 1.023729874403696671e+00 8.145737480400185027e-02
2.418559408008513489e-01 1.024480437751925210e+00 8.363227484358823349e-02
2.491849087039074706e-01 1.025231551387249862e+00 8.578637373456207693e-02
2.565138766069635645e-01 1.025983215713121899e+00 8.791981328075459956e-02
2.638428445100196584e-01 1.026735431133288579e+00 9.003273471079485668e-02
2.711718124130757523e-01 1.027488198051793589e+00 9.212527867575925900e-02
2.785007803161318463e-01 1.028241516872975936e+00 9.419758524690330370e-02
2.858297482191879402e-01 1.028995388001471945e+00 9.624979391348829905e-02
2.931587161222440896e-01 1.029749811842214147e+00 9.828204358068348689e-02
3.004876840253001835e-01 1.030504788800431948e+00 1.002944725675565946e-01
3.078166519283562774e-01 1.031260319281652071e+00 1.022872186051453636e-01
3.151456198314123713e-01 1.032016403691698336e+00 1.042604188346084315e-01
3.224745877344684652e-01 1.032773042436692101e+00 1.062142098054574546e-01
3.298035556375245592e-01 1.033530235923052931e+00 1.081487274738687776e-01
3.371325235405806531e-01 1.034287984557497930e+00 1.100641072010684618e-01
3.444614914436368025e-01 1.035046288747042187e+00 1.119604837517966939e-01
3.517904593466928964e-01 1.035805148898999883e+00 1.138379912928487864e-01
3.591194272497489903e-01 1.036564565420982964e+00 1.156967633916845400e-01
3.664483951528050842e-01 1.037324538720903133e+00 1.175369330151180003e-01
3.737773630558611782e-01 1.038085069206970523e+00 1.193586325280715371e-01
3.811063309589172721e-01 1.038846157287694805e+00 1.211619936924061003e-01
3.884352988619733660e-01 1.039607803371885186e+00 1.229471476658190732e-01
3.957642667650295154e-01 1.040370007868650415e+00 1.247142250008100306e-01
4.030932346680856093e-01 1.041132771187398998e+00 1.264633556437151085e-01
4.104222025711417032e-01 1.041896093737840534e+00 1.281946689338100964e-01
4.177511704741977971e-01 1.042659975929983718e+00 1.299082936024721913e-01
4.250801383772538911e-01 1.043424418174139001e+00 1.316043577724156644e-01
4.324091062803099850e-01 1.044189420880916819e+00 1.332829889569820403e-01
4.397380741833660789e-01 1.044954984461229142e+00 1.349443140594999146e-01
4.470670420864222283e-01 1.045721109326289033e+00 1.365884593727019758e-01
4.543960099894783222e-01 1.046487795887611094e+00 1.382155505782042548e-01
4.617249778925344161e-01 1.047255044557011461e+00 1.398257127460444116e-01
4.690539457955905100e-01 1.048022855746608473e+00 1.414190703342804167e-01
4.763829136986466040e-01 1.048791229868822672e+00 1.429957471886443565e-01
4.837118816017026979e-01 1.049560167336376360e+00 1.445558665422539135e-01
4.910408495047587918e-01 1.050329668562295149e+00 1.460995510153823285e-01
4.983698174078149412e-01 1.051099733959907079e+00 1.476269226152794878e-01
5.056987853108709796e-01 1.051870363942843278e+00 1.491381027360496048e-01
5.130277532139271290e-01 1.052641558925038190e+00 1.506332121585816364e-01
5.203567211169831674e-01 1.053413319320730013e+00 1.521123710505321303e-01
5.276856890200393169e-01 1.054185645544460259e+00 1.535756989663586425e-01
5.350146569230954663e-01 1.054958538011074198e+00 1.550233148474045031e-01
5.423436248261515047e-01 1.055731997135721745e+00 1.564553370220349571e-01
5.496725927292076541e-01 1.056506023333857014e+00 1.578718832058197685e-01
5.570015606322636925e-01 1.057280617021238545e+00 1.592730705017643134e-01
5.643305285353198419e-01 1.058055778613929965e+00 1.606590154005906879e-01
5.716594964383758803e-01 1.058831508528299770e+00 1.620298337810611722e-01
5.789884643414320298e-01 1.059607807181021988e+00 1.633856409103520702e-01
5.863174322444881792e-01 1.060384674989075293e+00 1.647265514444666290e-01
5.936464001475442176e-01 1.061162112369745447e+00 1.660526794287006946e-01
6.009753680506003670e-01 1.061940119740622857e+00 1.673641382981412573e-01
6.083043359536564054e-01 1.062718697519604794e+00 1.686610408782167891e-01
6.156333038567125548e-01 1.063497846124894730e+00 1.699434993852844966e-01
6.229622717597685932e-01 1.064277565975003004e+00 1.712116254272604832e-01
6.302912396628247427e-01 1.065057857488746373e+00 1.724655300042886030e-01
6.376202075658808921e-01 1.065838721085248686e+00 1.737053235094515313e-01
6.449491754689369305e-01 1.066620157183941542e+00 1.749311157295197205e-01
6.522781433719930799e-01 1.067402166204563629e+00 1.761430158457373829e-01
6.596071112750491183e-01 1.068184748567161613e+00 1.773411324346482187e-01
6.669360791781052678e-01 1.068967904692089688e+00 1.785255734689551177e-01
6.742650470811613062e-01 1.069751635000010914e+00 1.796964463184209659e-01
6.815940149842174556e-01 1.070535939911896328e+00 1.808538577507989575e-01
6.889229828872736050e-01 1.071320819849025607e+00 1.819979139328020135e-01
6.962519507903296434e-01 1.072106275232987294e+00 1.831287204311048689e-01
7.035809186933857928e-01 1.072892306485679237e+00 1.842463822133802442e-01
7.109098865964418312e-01 1.073678914029308373e+00 1.853510036493670743e-01
7.182388544994979807e-01 1.074466098286391391e+00 1.864426885119719879e-01
7.255678224025540191e-01 1.075253859679754731e+00 1.875215399784018744e-01
7.328967903056101685e-01 1.076042198632534586e+00 1.885876606313269810e-01
7.402257582086663179e-01 1.076831115568177566e+00 1.896411524600760679e-01
7.475547261117223563e-01 1.077620610910440924e+00 1.906821168618595130e-01
7.548836940147785057e-01 1.078410685083392107e+00 1.917106546430228375e-01
7.622126619178345441e-01 1.079201338511410091e+00 1.927268660203285133e-01
7.695416298208906936e-01 1.079992571619184494e+00 1.937308506222652493e-01
7.768705977239467320e-01 1.080784384831716238e+00 1.947227074903852828e-01
7.841995656270028814e-01 1.081576778574318443e+00 1.957025350806700925e-01
7.915285335300590308e-01 1.082369753272615531e+00 1.966704312649182329e-01
7.988575014331150692e-01 1.083163309352544124e+00 1.976264933321637551e-01
8.061864693361712186e-01 1.083957447240353034e+00 1.985708179901164439e-01
8.135154372392272570e-01 1.084752167362603936e+00 1.995035013666294210e-01
8.208444051422834065e-01 1.085547470146170923e+00 2.004246390111875664e-01
8.281733730453394449e-01 1.086343356018240947e+00 2.013343258964229165e-01
8.355023409483955943e-01 1.087139825406314486e+00 2.022326564196515741e-01
8.428313088514517437e-01 1.087936878738205104e+00 2.031197244044329608e-01
8.501602767545077821e-01 1.088734516442040556e+00 2.039956231021524125e-01
8.574892446575639315e-01 1.089532738946261903e+00 2.048604451936234527e-01
8.648182125606199699e-01 1.090331546679624619e+00 2.057142827907133265e-01
8.721471804636761194e-01 1.091130940071198374e+00 2.065572274379876005e-01
8.794761483667321578e-01 1.091930919550367696e+00 2.073893701143759150e-01
8.868051162697883072e-01 1.092731485546831749e+00 2.082108012348563020e-01
8.941340841728444566e-01 1.093532638490604780e+00 2.090216106521595174e-01
9.014630520759004950e-01 1.094334378812015895e+00 2.098218876584919124e-01
9.087920199789566444e-01 1.095136706941710392e+00 2.106117209872769847e-01
9.161209878820126828e-01 1.095939623310648869e+00 2.113911988149136945e-01
9.234499557850688323e-01 1.096743128350108343e+00 2.121604087625534318e-01
9.307789236881248707e-01 1.097547222491681129e+00 2.129194378978921942e-01
9.381078915911810201e-01 1.098351906167276848e+00 2.136683727369820818e-01
9.454368594942371695e-01 1.099157179809121310e+00 2.144072992460554772e-01
9.527658273972932079e-01 1.099963043849757405e+00 2.151363028433678215e-01
9.600947953003493573e-01 1.100769498722045325e+00 2.158554684010539626e-01
9.674237632034053957e-01 1.101576544859162343e+00 2.165648802469996581e-01
9.747527311064615452e-01 1.102384182694603032e+00 2.172646221667274558e-01
9.820816990095175836e-01 1.103192412662180599e+00 2.179547774052977838e-01
9.894106669125737330e-01 1.104001235196025554e+00 2.186354286692216986e-01
9.967396348156298824e-01 1.104810650730587263e+00 2.193066581283883709e-01
1.004068602718686032e+00 1.105620659700633057e+00 2.199685474180047562e-01
1.011397570621741959e+00 1.106431262541249572e+00 2.206211776405482272e-01
1.018726538524798109e+00 1.107242459687841851e+00 2.212646293677309750e-01
1.026055506427854258e+00 1.108054251576134908e+00 2.218989826424762613e-01
1.033384474330910408e+00 1.108866638642172386e+00 2.225243169809061894e-01
1.040713442233966335e+00 1.109679621322318344e+00 2.231407113743404391e-01
1.048042410137022484e+00 1.110493200053256357e+00 2.237482442913055758e-01
1.055371378040078634e+00 1.111307375271990194e+00 2.243469936795546293e-01
1.062700345943134783e+00 1.112122147415844031e+00 2.249370369680974147e-01
1.070029313846190933e+00 1.112937516922462899e+00 2.255184510692395117e-01
1.077358281749246860e+00 1.113753484229812463e+00 2.260913123806312930e-01
1.084687249652303009e+00 1.114570049776179461e+00 2.266556967873251116e-01
1.092016217555359159e+00 1.115387214000172378e+00 2.272116796638428970e-01
1.099345185458415308e+00 1.116204977340720328e+00 2.277593358762494691e-01
1.106674153361471458e+00 1.117023340237075502e+00 2.282987397842371202e-01
1.114003121264527385e+00 1.117842303128810943e+00 2.288299652432144726e-01
1.121332089167583534e+00 1.118661866455822995e+00 2.293530856064061596e-01
1.128661057070639684e+00 1.119482030658329741e+00 2.298681737269568370e-01
1.135990024973695833e+00 1.120302796176872562e+00 2.303753019600440211e-01
1.143318992876751761e+00 1.121124163452315248e+00 2.308745421649960328e-01
1.150647960779807910e+00 1.121946132925845330e+00 2.313659657074172982e-01
1.157976928682864060e+00 1.122768705038973636e+00 2.318496434613193657e-01
1.165305896585920209e+00 1.123591880233534734e+00 2.323256458112570866e-01
1.172634864488976358e+00 1.124415658951687158e+00 2.327940426544706787e-01
1.179963832392032286e+00 1.125240041635913180e+00 2.332549034030328983e-01
1.187292800295088435e+00 1.126065028729020145e+00 2.337082969860013737e-01
1.194621768198144585e+00 1.126890620674139587e+00 2.341542918515750471e-01
1.201950736101200734e+00 1.127716817914728331e+00 2.345929559692553068e-01
1.209279704004256883e+00 1.128543620894567834e+00 2.350243568320109500e-01
1.216608671907312811e+00 1.129371030057765291e+00 2.354485614584478081e-01
1.223937639810368960e+00 1.130199045848753192e+00 2.358656363949809542e-01
1.231266607713425110e+00 1.131027668712290435e+00 2.362756477180111281e-01
1.238595575616481259e+00 1.131856899093461433e+00 2.366786610361035215e-01
1.245924543519537186e+00 1.132686737437676783e+00 2.370747414921701712e-01
1.253253511422593336e+00 1.133517184190674598e+00 2.374639537656555444e-01
1.260582479325649485e+00 1.134348239798518732e+00 2.378463620747219842e-01
1.267911447228705635e+00 1.135179904707600551e+00 2.382220301784409577e-01
1.275240415131761784e+00 1.136012179364638719e+00 2.385910213789838863e-01
1.282569383034817712e+00 1.136845064216679413e+00 2.389533985238154190e-01
1.289898350937873861e+00 1.137678559711096327e+00 2.393092240078882049e-01
1.297227318840930010e+00 1.138512666295591558e+00 2.396585597758395247e-01
1.304556286743986160e+00 1.139347384418195164e+00 2.400014673241884777e-01
1.311885254647042309e+00 1.140182714527265606e+00 2.403380077035342510e-01
1.319214222550098237e+00 1.141018657071490194e+00 2.406682415207554437e-01
1.326543190453154386e+00 1.141855212499885530e+00 2.409922289412098073e-01
1.333872158356210536e+00 1.142692381261796841e+00 2.413100296909338749e-01
1.341201126259266685e+00 1.143530163806899091e+00 2.416217030588438397e-01
1.348530094162322612e+00 1.144368560585196759e+00 2.419273078989351289e-01
1.355859062065378762e+00 1.145207572047024502e+00 2.422269026324829211e-01
1.363188029968434911e+00 1.146047198643047160e+00 2.425205452502417480e-01
1.370516997871491061e+00 1.146887440824259752e+00 2.428082933146443467e-01
1.377845965774547210e+00 1.147728299041988143e+00 2.430902039620001509e-01
1.385174933677603137e+00 1.148569773747888823e+00 2.433663339046929774e-01
1.392503901580659287e+00 1.149411865393949572e+00 2.436367394333771585e-01
1.399832869483715436e+00 1.150254574432489907e+00 2.439014764191730911e-01
1.407161837386771586e+00 1.151097901316160410e+00 2.441606003158605653e-01
1.414490805289827735e+00 1.151941846497943844e+00 2.444141661620713168e-01
1.421819773192883662e+00 1.152786410431154929e+00 2.446622285834795518e-01
1.429148741095939812e+00 1.153631593569440783e+00 2.449048417949906131e-01
1.436477708998995961e+00 1.154477396366781372e+00 2.451420596029272869e-01
1.443806676902052111e+00 1.155323819277489061e+00 2.453739354072148604e-01
1.451135644805108038e+00 1.156170862756209505e+00 2.456005222035625990e-01
1.458464612708164188e+00 1.157018527257922091e+00 2.458218725856443077e-01
1.465793580611220337e+00 1.157866813237939052e+00 2.460380387472745345e-01
1.473122548514276486e+00 1.158715721151906797e+00 2.462490724845835532e-01
1.480451516417332636e+00 1.159565251455805912e+00 2.464550251981883211e-01
1.487780484320388563e+00 1.160415404605951162e+00 2.466559478953619378e-01
1.495109452223444713e+00 1.161266181058991931e+00 2.468518911921976922e-01
1.502438420126500862e+00 1.162117581271912226e+00 2.470429053157721655e-01
1.509767388029557011e+00 1.162969605702031339e+00 2.472290401063035881e-01
1.517096355932613161e+00 1.163822254807003631e+00 2.474103450193068099e-01
1.524425323835669088e+00 1.164675529044819191e+00 2.475868691277451072e-01
1.531754291738725238e+00 1.165529428873803841e+00 2.477586611241779924e-01
1.539083259641781387e+00 1.166383954752619134e+00 2.479257693229046655e-01
1.546412227544837537e+00 1.167239107140263465e+00 2.480882416621048581e-01
1.553741195447893464e+00 1.168094886496071405e+00 2.482461257059735416e-01
1.561070163350949613e+00 1.168951293279714143e+00 2.483994686468534163e-01
1.568399131254005763e+00 1.169808327951200377e+00 2.485483173073620433e-01
1.575728099157061912e+00 1.170665990970875425e+00 2.486927181425139244e-01
1.583057067060118062e+00 1.171524282799422556e+00 2.488327172418402788e-01
1.590386034963173989e+00 1.172383203897862991e+00 2.489683603315014926e-01
1.597715002866230138e+00 1.173242754727555237e+00 2.490996927763968471e-01
1.605043970769286288e+00 1.174102935750196641e+00 2.492267595822683923e-01
1.612372938672342437e+00 1.174963747427822947e+00 2.493496053978004889e-01
1.619701906575398587e+00 1.175825190222808514e+00 2.494682745167135229e-01
1.627030874478454514e+00 1.176687264597866767e+00 2.495828108798537892e-01
1.634359842381510664e+00 1.177549971016050412e+00 2.496932580772768251e-01
1.641688810284566813e+00 1.178413309940751663e+00 2.497996593503266083e-01
1.649017778187622962e+00 1.179277281835702462e+00 2.499020575937082600e-01
1.656346746090678890e+00 1.180141887164974479e+00 2.500004953575565292e-01
1.663675713993735039e+00 1.181007126392980000e+00 2.500950148494978653e-01
1.671004681896791189e+00 1.181872999984471706e+00 2.501856579367071620e-01
1.678333649799847338e+00 1.182739508404542894e+00 2.502724661479587276e-01
1.685662617702903487e+00 1.183606652118628144e+00 2.503554806756718709e-01
1.692991585605959415e+00 1.184474431592502652e+00 2.504347423779500481e-01
1.700320553509015564e+00 1.185342847292283786e+00 2.505102917806146245e-01
1.707649521412071714e+00 1.186211899684430415e+00 2.505821690792323642e-01
1.714978489315127863e+00 1.187081589235743140e+00 2.506504141411368125e-01
1.722307457218184013e+00 1.187951916413365172e+00 2.507150665074440177e-01
1.729636425121239940e+00 1.188822881684782340e+00 2.507761653950615344e-01
1.736965393024296089e+00 1.189694485517822420e+00 2.508337496986914328e-01
1.744294360927352239e+00 1.190566728380657135e+00 2.508878579928269792e-01
1.751623328830408388e+00 1.191439610741800825e+00 2.509385285337432658e-01
1.758952296733464316e+00 1.192313133070111775e+00 2.509857992614802358e-01
1.766281264636520465e+00 1.193187295834791328e+00 2.510297078018212114e-01
1.773610232539576614e+00 1.194062099505385888e+00 2.510702914682628184e-01
1.780939200442632764e+00 1.194937544551784914e+00 2.511075872639795259e-01
1.788268168345688913e+00 1.195813631444223590e+00 2.511416318837816908e-01
1.795597136248744841e+00 1.196690360653280605e+00 2.511724617160656647e-01
1.802926104151800990e+00 1.197567732649880590e+00 2.512001128447585163e-01
1.810255072054857139e+00 1.198445747905293457e+00 2.512246210512551481e-01
1.817584039957913289e+00 1.199324406891133732e+00 2.512460218163490855e-01
1.824913007860969438e+00 1.200203710079362773e+00 2.512643503221553276e-01
1.832241975764025366e+00 1.201083657942287219e+00 2.512796414540280354e-01
1.839570943667081515e+00 1.201964250952560320e+00 2.512919298024692827e-01
1.846899911570137665e+00 1.202845489583181937e+00 2.513012496650322558e-01
1.854228879473193814e+00 1.203727374307498543e+00 2.513076350482165711e-01
1.861557847376249741e+00 1.204609905599203667e+00 2.513111196693569860e-01
1.868886815279305891e+00 1.205493083932338116e+00 2.513117369585043392e-01
1.876215783182362040e+00 1.206376909781290196e+00 2.513095200603001067e-01
1.883544751085418190e+00 1.207261383620796380e+00 2.513045018358429084e-01
1.890873718988474339e+00 1.208146505925940861e+00 2.512967148645485205e-01
1.898202686891530266e+00 1.209032277172156222e+00 2.512861914460020052e-01
1.905531654794586416e+00 1.209918697835223433e+00 2.512729636018028456e-01
1.912860622697642565e+00 1.210805768391272741e+00 2.512570630774029756e-01
1.920189590600698715e+00 1.211693489316783001e+00 2.512385213439362053e-01
1.927518558503754642e+00 1.212581861088582791e+00 2.512173696000422618e-01
1.934847526406810791e+00 1.213470884183849963e+00 2.511936387736812271e-01
1.942176494309866941e+00 1.214360559080112312e+00 2.511673595239425349e-01
1.949505462212923090e+00 1.215250886255248020e+00 2.511385622428444209e-01
1.956834430115979240e+00 1.216141866187485210e+00 2.511072770571279311e-01
1.964163398019035167e+00 1.217033499355402837e+00 2.510735338300416064e-01
1.971492365922091317e+00 1.217925786237930907e+00 2.510373621631198926e-01
1.978821333825147466e+00 1.218818727314350259e+00 2.509987913979530028e-01
1.986150301728203615e+00 1.219712323064293003e+00 2.509578506179502289e-01
1.993479269631259765e+00 1.220606573967743635e+00 2.509145686500944272e-01
2.000808237534315914e+00 1.221501480505037485e+00 2.508689740666897317e-01
2.008137205437372064e+00 1.222397043156863150e+00 2.508210951871012728e-01
2.015466173340427769e+00 1.223293262404260506e+00 2.507709600794875149e-01
2.022795141243483918e+00 1.224190138728623367e+00 2.507185965625243762e-01
2.030124109146540068e+00 1.225087672611697487e+00 2.506640322071219673e-01
2.037453077049596217e+00 1.225985864535582115e+00 2.506072943381337792e-01
2.044782044952652367e+00 1.226884714982730218e+00 2.505484100360576560e-01
2.052111012855708516e+00 1.227784224435948257e+00 2.504874061387298845e-01
2.059439980758764666e+00 1.228684393378396855e+00 2.504243092430098461e-01
2.066768948661820815e+00 1.229585222293590352e+00 2.503591457064591186e-01
2.074097916564876964e+00 1.230486711665397914e+00 2.502919416490113069e-01
2.081426884467932670e+00 1.231388861978043980e+00 2.502227229546341580e-01
2.088755852370988819e+00 1.232291673716106928e+00 2.501515152729843483e-01
2.096084820274044969e+00 1.233195147364521516e+00 2.500783440210547215e-01
2.103413788177101118e+00 1.234099283408577330e+00 2.500032343848124228e-01
2.110742756080157267e+00 1.235004082333919895e+00 2.499262113208311487e-01
2.118071723983213417e+00 1.235909544626551115e+00 2.498472995579136269e-01
2.125400691886269566e+00 1.236815670772828613e+00 2.497665235987076293e-01
2.132729659789325716e+00 1.237722461259466833e+00 2.496839077213137137e-01
2.140058627692381865e+00 1.238629916573537493e+00 2.495994759808847219e-01
2.147387595595438015e+00 1.239538037202469134e+00 2.495132522112185058e-01
2.154716563498493720e+00 1.240446823634047124e+00 2.494252600263414388e-01
2.162045531401549869e+00 1.241356276356415433e+00 2.493355228220852648e-01
2.169374499304606019e+00 1.242266395858075301e+00 2.492440637776555667e-01
2.176703467207662168e+00 1.243177182627886346e+00 2.491509058571924895e-01
2.184032435110718318e+00 1.244088637155066124e+00 2.490560718113235261e-01
2.191361403013774467e+00 1.245000759929191458e+00 2.489595841787087260e-01
2.198690370916830616e+00 1.245913551440197997e+00 2.488614652875777433e-01
2.206019338819886766e+00 1.246827012178380656e+00 2.487617372572594465e-01
2.213348306722942915e+00 1.247741142634393174e+00 2.486604219997035070e-01
2.220677274625998621e+00 1.248655943299249893e+00 2.485575412209939661e-01
2.228006242529054770e+00 1.249571414664324642e+00 2.484531164228552802e-01
2.235335210432110919e+00 1.250487557221351631e+00 2.483471689041505115e-01
2.242664178335167069e+00 1.251404371462425669e+00 2.482397197623718021e-01
2.249993146238223218e+00 1.252321857880001943e+00 2.481307898951226609e-01
2.257322114141279368e+00 1.253240016966897574e+00 2.480204000015928389e-01
2.264651082044335517e+00 1.254158849216290061e+00 2.479085705840252674e-01
2.271980049947391667e+00 1.255078355121719058e+00 2.477953219491754455e-01
2.279309017850447816e+00 1.255998535177085706e+00 2.476806742097627800e-01
2.286637985753503521e+00 1.256919389876653526e+00 2.475646472859141800e-01
2.293966953656559671e+00 1.257840919715048411e+00 2.474472609066001583e-01
2.301295921559615820e+00 1.258763125187258636e+00 2.473285346110629113e-01
2.308624889462671970e+00 1.259686006788635515e+00 2.472084877502370159e-01
2.315953857365728119e+00 1.260609565014893851e+00 2.470871394881619665e-01
2.323282825268784269e+00 1.261533800362111490e+00 2.469645088033873004e-01
2.330611793171840418e+00 1.262458713326729987e+00 2.468406144903703137e-01
2.337940761074896567e+00 1.263384304405555048e+00 2.467154751608652830e-01
2.345269728977952717e+00 1.264310574095756534e+00 2.465891092453057765e-01
2.352598696881008866e+00 1.265237522894869127e+00 2.464615349941790545e-01
2.359927664784064572e+00 1.266165151300791658e+00 2.463327704793927819e-01
2.367256632687120721e+00 1.267093459811788225e+00 2.462028335956341629e-01
2.374585600590176870e+00 1.268022448926488854e+00 2.460717420617214435e-01
2.381914568493233020e+00 1.268952119143888391e+00 2.459395134219479750e-01
2.389243536396289169e+00 1.269882470963347609e+00 2.458061650474182569e-01
2.396572504299345319e+00 1.270813504884593881e+00 2.456717141373772062e-01
2.403901472202401468e+00 1.271745221407720505e+00 2.455361777205308793e-01
2.411230440105457618e+00 1.272677621033187600e+00 2.453995726563607260e-01
2.418559408008513767e+00 1.273610704261822102e+00 2.452619156364291841e-01
2.425888375911569472e+00 1.274544471594818207e+00 2.451232231856790011e-01
2.433217343814625622e+00 1.275478923533737596e+00 2.449835116637240351e-01
2.440546311717681771e+00 1.276414060580509879e+00 2.448427972661330054e-01
2.447875279620737921e+00 1.277349883237432371e+00 2.447010960257061662e-01
2.455204247523794070e+00 1.278286392007170535e+00 2.445584238137437916e-01
2.462533215426850219e+00 1.279223587392758654e+00 2.444147963413081104e-01
2.469862183329906369e+00 1.280161469897599824e+00 2.442702291604767484e-01
2.477191151232962518e+00 1.281100040025465958e+00 2.441247376655902301e-01
2.484520119136018668e+00 1.282039298280498674e+00 2.439783370944907104e-01
2.491849087039074373e+00 1.282979245167208626e+00 2.438310425297544604e-01
2.499178054942130522e+00 1.283919881190477286e+00 2.436828688999163328e-01
2.506507022845186672e+00 1.284861206855555604e+00 2.435338309806873158e-01
2.513835990748242821e+00 1.285803222668064905e+00 2.433839433961648147e-01
2.521164958651298971e+00 1.286745929133997546e+00 2.432332206200353841e-01
2.528493926554355120e+00 1.287689326759716701e+00 2.430816769767706331e-01
2.535822894457411270e+00 1.288633416051957026e+00 2.429293266428155240e-01
2.543151862360467419e+00 1.289578197517824210e+00 2.427761836477699275e-01
2.550480830263523568e+00 1.290523671664796090e+00 2.426222618755626836e-01
2.557809798166579718e+00 1.291469839000722653e+00 2.424675750656184459e-01
2.565138766069635423e+00 1.292416700033825805e+00 2.423121368140179477e-01
2.572467733972691573e+00 1.293364255272700492e+00 2.421559605746504418e-01
2.579796701875747722e+00 1.294312505226314469e+00 2.419990596603597000e-01
2.587125669778803871e+00 1.295261450404008752e+00 2.418414472440825191e-01
2.594454637681860021e+00 1.296211091315496944e+00 2.416831363599807325e-01
2.601783605584916170e+00 1.297161428470867683e+00 2.415241399045651716e-01
2.609112573487972320e+00 1.298112462380582421e+00 2.413644706378142157e-01
2.616441541391028469e+00 1.299064193555477642e+00 2.412041411842837935e-01
2.623770509294084619e+00 1.300016622506763975e+00 2.410431640342115822e-01
2.631099477197140324e+00 1.300969749746026860e+00 2.408815515446138811e-01
2.638428445100196473e+00 1.301923575785226994e+00 2.407193159403753779e-01
2.645757413003252623e+00 1.302878101136700550e+00 2.405564693153324496e-01
2.653086380906308772e+00 1.303833326313158736e+00 2.403930236333495507e-01
2.660415348809364922e+00 1.304789251827689123e+00 2.402289907293885252e-01
2.667744316712421071e+00 1.305745878193755427e+00 2.400643823105715891e-01
2.675073284615477220e+00 1.306703205925197953e+00 2.398992099572368475e-01
2.682402252518533370e+00 1.307661235536233368e+00 2.397334851239881215e-01
2.689731220421589519e+00 1.308619967541455154e+00 2.395672191407369478e-01
2.697060188324645225e+00 1.309579402455835151e+00 2.394004232137385280e-01
2.704389156227701374e+00 1.310539540794721569e+00 2.392331084266212105e-01
2.711718124130757523e+00 1.311500383073840981e+00 2.390652857414086174e-01
2.719047092033813673e+00 1.312461929809298322e+00 2.388969659995357486e-01
2.726376059936869822e+00 1.313424181517576228e+00 2.387281599228583961e-01
2.733705027839925972e+00 1.314387138715536585e+00 2.385588781146558146e-01
2.741033995742982121e+00 1.315350801920420087e+00 2.383891310606271186e-01
2.748362963646038271e+00 1.316315171649846461e+00 2.382189291298809630e-01
2.755691931549094420e+00 1.317280248421815347e+00 2.380482825759187571e-01
2.763020899452150569e+00 1.318246032754705643e+00 2.378772015376117155e-01
2.770349867355206275e+00 1.319212525167276384e+00 2.377056960401711105e-01
2.777678835258262424e+00 1.320179726178667634e+00 2.375337759961121953e-01
2.785007803161318574e+00 1.321147636308399154e+00 2.373614512062122150e-01
2.792336771064374723e+00 1.322116256076371954e+00 2.371887313604613412e-01
2.799665738967430872e+00 1.323085586002868519e+00 2.370156260390076375e-01
2.806994706870487022e+00 1.324055626608552361e+00 2.368421447130961699e-01
2.814323674773543171e+00 1.325026378414469130e+00 2.366682967460010667e-01
2.821652642676599321e+00 1.325997841942045730e+00 2.364940913939518607e-01
2.828981610579655470e+00 1.326970017713092309e+00 2.363195378070532260e-01
2.836310578482711175e+00 1.327942906249800936e+00 2.361446450301993016e-01
2.843639546385767325e+00 1.328916508074746927e+00 2.359694220039807999e-01
2.850968514288823474e+00 1.329890823710888625e+00 2.357938775655868680e-01
2.858297482191879624e+00 1.330865853681567401e+00 2.356180204497004549e-01
2.865626450094935773e+00 1.331841598510508762e+00 2.354418592893874340e-01
2.872955417997991923e+00 1.332818058721822352e+00 2.352654026169802570e-01
2.880284385901048072e+00 1.333795234840001287e+00 2.350886588649548914e-01
2.887613353804104221e+00 1.334773127389924152e+00 2.349116363668024565e-01
2.894942321707160371e+00 1.335751736896853670e+00 2.347343433578942262e-01
2.902271289610216076e+00 1.336731063886437809e+00 2.345567879763413854e-01
2.909600257513272226e+00 1.337711108884710676e+00 2.343789782638480701e-01
2.916929225416328375e+00 1.338691872418090956e+00 2.342009221665593277e-01
2.924258193319384525e+00 1.339673355013383471e+00 2.340226275359028607e-01
2.931587161222440674e+00 1.340655557197780290e+00 2.338441021294246358e-01
2.938916129125496823e+00 1.341638479498858505e+00 2.336653536116194418e-01
2.946245097028552973e+00 1.342622122444583344e+00 2.334863895547549251e-01
2.953574064931609122e+00 1.343606486563306390e+00 2.333072174396902954e-01
2.960903032834665272e+00 1.344591572383766476e+00 2.331278446566894258e-01
2.968232000737720977e+00 1.345577380435090564e+00 2.329482785062276518e-01
2.975560968640777126e+00 1.346563911246793310e+00 2.327685261997937960e-01
2.982889936543833276e+00 1.347551165348777724e+00 2.325885948606856990e-01
2.990218904446889425e+00 1.348539143271335394e+00 2.324084915248007532e-01
2.997547872349945575e+00 1.349527845545146043e+00 2.322282231414207199e-01
3.004876840253001724e+00 1.350517272701279525e+00 2.320477965739906334e-01
3.012205808156057874e+00 1.351507425271194052e+00 2.318672186008927105e-01
3.019534776059114023e+00 1.352498303786738187e+00 2.316864959162145965e-01
3.026863743962170172e+00 1.353489908780149964e+00 2.315056351305116999e-01
3.034192711865226322e+00 1.354482240784058211e+00 2.313246427715648923e-01
3.041521679768282027e+00 1.355475300331481225e+00 2.311435252851322120e-01
3.048850647671338177e+00 1.356469087955829433e+00 2.309622890356951841e-01
3.056179615574394326e+00 1.357463604190903395e+00 2.307809403072001997e-01
3.063508583477450475e+00 1.358458849570895133e+00 2.305994853037942882e-01
3.070837551380506625e+00 1.359454824630388803e+00 2.304179301505553390e-01
3.078166519283562774e+00 1.360451529904360024e+00 2.302362808942176875e-01
3.085495487186618924e+00 1.361448965928176769e+00 2.300545435038918729e-01
3.092824455089675073e+00 1.362447133237599584e+00 2.298727238717794552e-01
3.100153422992731223e+00 1.363446032368781813e+00 2.296908278138826143e-01
3.107482390895786928e+00 1.364445663858269819e+00 2.295088610707085586e-01
3.114811358798843077e+00 1.365446028243003651e+00 2.293268293079686326e-01
3.122140326701899227e+00 1.366447126060316375e+00 2.291447381172728726e-01
3.129469294604955376e+00 1.367448957847935631e+00 2.289625930168187051e-01
3.136798262508011526e+00 1.368451524143982967e+00 2.287803994520750672e-01
3.144127230411067675e+00 1.369454825486974725e+00 2.285981627964615015e-01
3.151456198314123824e+00 1.370458862415821821e+00 2.284158883520221173e-01
3.158785166217179974e+00 1.371463635469830189e+00 2.282335813500946942e-01
3.166114134120236123e+00 1.372469145188701667e+00 2.280512469519746233e-01
3.173443102023291829e+00 1.373475392112533111e+00 2.278688902495741020e-01
3.180772069926347978e+00 1.374482376781817949e+00 2.276865162660764996e-01
3.188101037829404127e+00 1.375490099737445737e+00 2.275041299565856712e-01
3.195430005732460277e+00 1.376498561520702157e+00 2.273217362087708027e-01
3.202758973635516426e+00 1.377507762673270353e+00 2.271393398435055666e-01
3.210087941538572576e+00 1.378517703737230482e+00 2.269569456155037246e-01
3.217416909441628725e+00 1.379528385255059497e+00 2.267745582139492622e-01
3.224745877344684875e+00 1.380539807769632921e+00 2.265921822631213056e-01
3.232074845247741024e+00 1.381551971824223957e+00 2.264098223230157636e-01
3.239403813150797173e+00 1.382564877962503935e+00 2.262274828899607237e-01
3.246732781053852879e+00 1.383578526728542979e+00 2.260451683972283521e-01
3.254061748956909028e+00 1.384592918666810224e+00 2.258628832156414912e-01
3.261390716859965178e+00 1.385608054322173821e+00 2.256806316541759283e-01
3.268719684763021327e+00 1.386623934239901379e+00 2.254984179605583061e-01
3.276048652666077476e+00 1.387640558965660409e+00 2.253162463218588429e-01
3.283377620569133626e+00 1.388657929045518324e+00 2.251341208650801395e-01
3.290706588472189775e+00 1.389676045025942885e+00 2.249520456577414618e-01
3.298035556375245925e+00 1.390694907453802864e+00 2.247700247084580272e-01
3.305364524278302074e+00 1.391714516876367380e+00 2.245880619675164336e-01
3.312693492181357779e+00 1.392734873841307452e+00 2.244061613274452305e-01
3.320022460084413929e+00 1.393755978896695114e+00 2.242243266235817989e-01
3.327351427987470078e+00 1.394777832591004296e+00 2.240425616346337634e-01
3.334680395890526228e+00 1.395800435473111500e+00 2.238608700832369069e-01
3.342009363793582377e+00 1.396823788092295127e+00 2.236792556365088114e-01
3.349338331696638527e+00 1.397847890998236586e+00 2.234977219065976128e-01
3.356667299599694676e+00 1.398872744741020080e+00 2.233162724512270103e-01
3.363996267502750825e+00 1.399898349871133041e+00 2.231349107742367222e-01
3.371325235405806975e+00 1.400924706939467024e+00 2.229536403261190014e-01
3.378654203308862680e+00 1.401951816497316816e+00 2.227724645045507934e-01
3.385983171211918830e+00 1.402979679096382215e+00 2.225913866549216191e-01
3.393312139114974979e+00 1.404008295288766472e+00 2.224104100708577669e-01
3.400641107018031128e+00 1.405037665626978294e+00 2.222295379947419602e-01
3.407970074921087278e+00 1.406067790663931394e+00 2.220487736182287231e-01
3.415299042824143427e+00 1.407098670952944941e+00 2.218681200827566091e-01
3.422628010727199577e+00 1.408130307047743557e+00 2.216875804800554073e-01
3.429956978630255726e+00 1.409162699502457539e+00 2.215071578526498497e-01
3.437285946533311876e+00 1.410195848871624413e+00 2.213268551943592399e-01
3.444614914436368025e+00 1.411229755710187161e+00 2.211466754507930565e-01
3.451943882339423730e+00 1.412264420573496437e+00 2.209666215198426709e-01
3.459272850242479880e+00 1.413299844017309903e+00 2.207866962521691789e-01
3.466601818145536029e+00 1.414336026597792229e+00 2.206069024516872368e-01
3.473930786048592179e+00 1.415372968871516424e+00 2.204272428760451208e-01
3.481259753951648328e+00 1.416410671395463172e+00 2.202477202371010412e-01
3.488588721854704477e+00 1.417449134727021498e+00 2.200683372013952921e-01
3.495917689757760627e+00 1.418488359423989653e+00 2.198890963906190710e-01
3.503246657660816776e+00 1.419528346044574008e+00 2.197100003820791347e-01
3.510575625563872926e+00 1.420569095147391048e+00 2.195310517091589031e-01
3.517904593466928631e+00 1.421610607291466044e+00 2.193522528617759537e-01
3.525233561369984780e+00 1.422652883036234384e+00 2.191736062868354651e-01
3.532562529273040930e+00 1.423695922941542014e+00 2.189951143886802731e-01
3.539891497176097079e+00 1.424739727567644998e+00 2.188167795295372087e-01
3.547220465079153229e+00 1.425784297475209961e+00 2.186386040299598543e-01
3.554549432982209378e+00 1.426829633225314975e+00 2.184605901692675267e-01
3.561878400885265528e+00 1.427875735379449118e+00 2.182827401859807614e-01
3.569207368788321677e+00 1.428922604499513582e+00 2.181050562782534397e-01
3.576536336691377826e+00 1.429970241147821230e+00 2.179275406043009178e-01
3.583865304594433532e+00 1.431018645887096818e+00 2.177501952828253540e-01
3.591194272497489681e+00 1.432067819280478771e+00 2.175730223934364826e-01
3.598523240400545831e+00 1.433117761891517183e+00 2.173960239770703073e-01
3.605852208303601980e+00 1.434168474284176042e+00 2.172192020364029641e-01
3.613181176206658130e+00 1.435219957022832782e+00 2.170425585362620868e-01
3.620510144109714279e+00 1.436272210672278060e+00 2.168660954040343980e-01
3.627839112012770428e+00 1.437325235797717093e+00 2.166898145300701350e-01
3.635168079915826578e+00 1.438379032964769877e+00 2.165137177680837022e-01
3.642497047818882727e+00 1.439433602739469853e+00 2.163378069355516298e-01
3.649826015721938877e+00 1.440488945688267020e+00 2.161620838141064260e-01
3.657154983624994582e+00 1.441545062378025266e+00 2.159865501499279861e-01
3.664483951528050731e+00 1.442601953376025037e+00 2.158112076541311430e-01
3.671812919431106881e+00 1.443659619249962445e+00 2.156360580031499996e-01
3.679141887334163030e+00 1.444718060567949491e+00 2.154611028391194838e-01
3.686470855237219180e+00 1.445777277898515178e+00 2.152863437702531024e-01
3.693799823140275329e+00 1.446837271810604841e+00 2.151117823712180854e-01
3.701128791043331479e+00 1.447898042873581259e+00 2.149374201835068110e-01
3.708457758946387628e+00 1.448959591657224655e+00 2.147632587158055384e-01
3.715786726849443777e+00 1.450021918731733139e+00 2.145892994443598101e-01
3.723115694752499483e+00 1.451085024667722267e+00 2.144155438133368563e-01
3.730444662655555632e+00 1.452148910036226592e+00 2.142419932351847800e-01
3.737773630558611782e+00 1.453213575408698999e+00 2.140686490909886608e-01
3.745102598461667931e+00 1.454279021357011592e+00 2.138955127308240500e-01
3.752431566364724080e+00 1.455345248453455476e+00 2.137225854741067743e-01
3.759760534267780230e+00 1.456412257270741195e+00 2.135498686099404908e-01
3.767089502170836379e+00 1.457480048382000071e+00 2.133773633974603290e-01
3.774418470073892529e+00 1.458548622360782199e+00 2.132050710661747561e-01
3.781747437976948678e+00 1.459617979781059560e+00 2.130329928163033348e-01
3.789076405880004383e+00 1.460688121217224245e+00 2.128611298191125656e-01
3.796405373783060533e+00 1.461759047244089560e+00 2.126894832172479266e-01
3.803734341686116682e+00 1.462830758436890255e+00 2.125180541250638877e-01
3.811063309589172832e+00 1.463903255371282741e+00 2.123468436289505379e-01
3.818392277492228981e+00 1.464976538623345759e+00 2.121758527876573541e-01
3.825721245395285131e+00 1.466050608769580377e+00 2.120050826326145554e-01
3.833050213298341280e+00 1.467125466386909771e+00 2.118345341682513761e-01
3.840379181201397429e+00 1.468201112052681001e+00 2.116642083723113688e-01
3.847708149104453579e+00 1.469277546344663454e+00 2.114941061961657653e-01
3.855037117007509284e+00 1.470354769841050846e+00 2.113242285651227570e-01
3.862366084910565434e+00 1.471432783120460774e+00 2.111545763787353591e-01
3.869695052813621583e+00 1.472511586761934499e+00 2.109851505111061398e-01
3.877024020716677732e+00 1.473591181344938050e+00 2.108159518111886732e-01
3.884352988619733882e+00 1.474671567449362897e+00 2.106469811030872441e-01
3.891681956522790031e+00 1.475752745655524834e+00 2.104782391863533331e-01
3.899010924425846181e+00 1.476834716544165760e+00 2.103097268362796590e-01
3.906339892328902330e+00 1.477917480696452568e+00 2.101414448041918626e-01
3.913668860231958480e+00 1.479001038693979142e+00 2.099733938177367754e-01
3.920997828135014629e+00 1.480085391118765248e+00 2.098055745811693018e-01
3.928326796038070334e+00 1.481170538553257643e+00 2.096379877756356924e-01
3.935655763941126484e+00 1.482256481580329410e+00 2.094706340594550409e-01
3.942984731844182633e+00 1.483343220783282179e+00 2.093035140683977002e-01
3.950313699747238783e+00 1.484430756745844349e+00 2.091366284159616729e-01
3.957642667650294932e+00 1.485519090052172420e+00 2.089699776936462805e-01
3.964971635553351081e+00 1.486608221286851439e+00 2.088035624712232807e-01
3.972300603456407231e+00 1.487698151034894556e+00 2.086373832970056519e-01
3.979629571359463380e+00 1.488788879881744354e+00 2.084714406981143242e-01
3.986958539262519530e+00 1.489880408413272628e+00 2.083057351807415802e-01
3.994287507165575235e+00 1.490972737215780386e+00 2.081402672304131785e-01
4.001616475068631829e+00 1.492065866875998736e+00 2.079750373122471185e-01
4.008945442971687534e+00 1.493159797981088444e+00 2.078100458712109355e-01
4.016274410874744127e+00 1.494254531118641705e+00 2.076452933323757466e-01
4.023603378777799833e+00 1.495350066876680817e+00 2.074807801011687713e-01
4.030932346680855538e+00 1.496446405843659067e+00 2.073165065636232152e-01
4.038261314583912132e+00 1.497543548608462061e+00 2.071524730866255160e-01
4.045590282486967837e+00 1.498641495760405951e+00 2.069886800181612307e-01
4.052919250390024430e+00 1.499740247889240097e+00 2.068251276875576194e-01
4.060248218293080136e+00 1.500839805585145514e+00 2.066618164057248408e-01
4.067577186196136729e+00 1.501940169438736206e+00 2.064987464653942895e-01
4.074906154099192435e+00 1.503041340041058715e+00 2.063359181413552956e-01
4.082235122002249028e+00 1.504143317983593908e+00 2.061733316906890490e-01
4.089564089905304733e+00 1.505246103858255413e+00 2.060109873530009128e-01
4.096893057808360439e+00 1.506349698257390957e+00 2.058488853506503236e-01
4.104222025711417032e+00 1.507454101773783250e+00 2.056870258889781644e-01
4.111550993614472738e+00 1.508559315000648438e+00 2.055254091565331120e-01
4.118879961517529331e+00 1.509665338531638978e+00 2.053640353252943473e-01
4.126208929420585036e+00 1.510772172960840987e+00 2.052029045508938498e-01
4.133537897323641630e+00 1.511879818882777782e+00 2.050420169728348341e-01
4.140866865226697335e+00 1.512988276892407224e+00 2.048813727147100472e-01
4.148195833129753929e+00 1.514097547585124381e+00 2.047209718844161253e-01
4.155524801032809634e+00 1.515207631556759971e+00 2.045608145743675055e-01
4.162853768935865340e+00 1.516318529403582138e+00 2.044009008617071466e-01
4.170182736838921933e+00 1.517430241722296014e+00 2.042412308085161110e-01
4.177511704741977638e+00 1.518542769110044377e+00 2.040818044620206773e-01
4.184840672645034232e+00 1.519656112164407658e+00 2.039226218547973146e-01
4.192169640548089937e+00 1.520770271483404157e+00 2.037636830049765757e-01
4.199498608451146531e+00 1.521885247665491159e+00 2.036049879164439635e-01
4.206827576354202236e+00 1.523001041309564263e+00 2.034465365790395774e-01
4.214156544257258830e+00 1.524117653014958496e+00 2.032883289687557049e-01
4.221485512160314535e+00 1.525235083381447865e+00 2.031303650479323042e-01
4.228814480063371128e+00 1.526353333009246693e+00 2.029726447654508770e-01
4.236143447966426834e+00 1.527472402499008730e+00 2.028151680569263704e-01
4.243472415869482539e+00 1.528592292451828705e+00 2.026579348448971640e-01
4.250801383772539133e+00 1.529713003469241661e+00 2.025009450390132248e-01
4.258130351675594838e+00 1.530834536153223624e+00 2.023441985362227358e-01
4.265459319578651431e+00 1.531956891106192487e+00 2.021876952209562261e-01
4.272788287481707137e+00 1.533080068931007123e+00 2.020314349653099251e-01
4.280117255384763730e+00 1.534204070230968719e+00 2.018754176292263114e-01
4.287446223287819436e+00 1.535328895609820776e+00 2.017196430606734148e-01
4.294775191190876029e+00 1.536454545671749550e+00 2.015641110958224513e-01
4.302104159093931735e+00 1.537581021021384275e+00 2.014088215592233777e-01
4.309433126996987440e+00 1.538708322263797168e+00 2.012537742639791127e-01
4.316762094900044033e+00 1.539836450004504309e+00 2.010989690119176221e-01
4.324091062803099739e+00 1.540965404849465425e+00 2.009444055937625873e-01
4.331420030706156332e+00 1.542095187405085444e+00 2.007900837893023815e-01
4.338748998609212038e+00 1.543225798278212491e+00 2.006360033675571586e-01
4.346077966512268631e+00 1.544357238076140781e+00 2.004821640869446364e-01
4.353406934415324336e+00 1.545489507406608842e+00 2.003285656954439109e-01
4.360735902318380930e+00 1.546622606877801731e+00 2.001752079307574927e-01
4.368064870221436635e+00 1.547756537098349705e+00 2.000220905204725397e-01
4.375393838124492341e+00 1.548891298677329553e+00 1.998692131822195350e-01
4.382722806027548934e+00 1.550026892224264374e+00 1.997165756238298562e-01
4.390051773930604639e+00 1.551163318349124465e+00 1.995641775434915111e-01
4.397380741833661233e+00 1.552300577662327097e+00 1.994120186299036812e-01
4.404709709736716938e+00 1.553438670774737185e+00 1.992600985624295440e-01
4.412038677639773532e+00 1.554577598297667729e+00 1.991084170112469853e-01
4.419367645542829237e+00 1.555717360842878927e+00 1.989569736374990905e-01
4.426696613445885831e+00 1.556857959022581284e+00 1.988057680934413873e-01
4.434025581348941536e+00 1.557999393449432057e+00 1.986548000225893951e-01
4.441354549251997241e+00 1.559141664736539479e+00 1.985040690598628976e-01
4.448683517155053835e+00 1.560284773497460531e+00 1.983535748317304392e-01
4.456012485058109540e+00 1.561428720346201393e+00 1.982033169563509611e-01
4.463341452961166134e+00 1.562573505897219883e+00 1.980532950437148276e-01
4.470670420864221839e+00 1.563719130765423015e+00 1.979035086957828815e-01
4.477999388767278433e+00 1.564865595566169443e+00 1.977539575066245559e-01
4.485328356670334138e+00 1.566012900915268347e+00 1.976046410625540706e-01
4.492657324573390731e+00 1.567161047428980991e+00 1.974555589422657131e-01
4.499986292476446437e+00 1.568310035724020057e+00 1.973067107169672041e-01
4.507315260379502142e+00 1.569459866417550531e+00 1.971580959505119246e-01
4.514644228282558736e+00 1.570610540127189703e+00 1.970097141995300893e-01
4.521973196185614441e+00 1.571762057471008056e+00 1.968615650135577266e-01
4.529302164088671034e+00 1.572914419067529046e+00 1.967136479351651313e-01
4.536631131991726740e+00 1.574067625535729320e+00 1.965659625000836241e-01
4.543960099894783333e+00 1.575221677495039829e+00 1.964185082373308688e-01
4.551289067797839039e+00 1.576376575565345162e+00 1.962712846693349389e-01
4.558618035700895632e+00 1.577532320366985097e+00 1.961242913120573028e-01
4.565947003603951337e+00 1.578688912520753274e+00 1.959775276751143380e-01
4.573275971507007043e+00 1.579846352647898966e+00 1.958309932618972626e-01
4.580604939410063636e+00 1.581004641370127306e+00 1.956846875696913457e-01
4.587933907313119342e+00 1.582163779309598839e+00 1.955386100897932300e-01
4.595262875216175935e+00 1.583323767088929968e+00 1.953927603076279773e-01
4.602591843119231640e+00 1.584484605331194063e+00 1.952471377028633659e-01
4.609920811022288234e+00 1.585646294659921240e+00 1.951017417495244100e-01
4.617249778925343939e+00 1.586808835699098585e+00 1.949565719161058253e-01
4.624578746828400533e+00 1.587972229073170594e+00 1.948116276656835788e-01
4.631907714731456238e+00 1.589136475407040061e+00 1.946669084560250229e-01
4.639236682634512832e+00 1.590301575326067418e+00 1.945224137396980024e-01
4.646565650537568537e+00 1.591467529456071617e+00 1.943781429641788516e-01
4.653894618440624242e+00 1.592634338423331020e+00 1.942340955719588924e-01
4.661223586343680836e+00 1.593802002854582511e+00 1.940902710006499887e-01
4.668552554246736541e+00 1.594970523377022609e+00 1.939466686830890740e-01
4.675881522149793135e+00 1.596139900618308349e+00 1.938032880474412356e-01
4.683210490052848840e+00 1.597310135206555515e+00 1.936601285173019382e-01
4.690539457955905434e+00 1.598481227770341739e+00 1.935171895117976382e-01
4.697868425858961139e+00 1.599653178938704956e+00 1.933744704456859809e-01
4.705197393762017732e+00 1.600825989341144506e+00 1.932319707294543887e-01
4.712526361665073438e+00 1.601999659607620696e+00 1.930896897694177883e-01
4.719855329568129143e+00 1.603174190368556351e+00 1.929476269678147837e-01
4.727184297471185737e+00 1.604349582254836371e+00 1.928057817229036075e-01
4.734513265374241442e+00 1.605525835897807951e+00 1.926641534290562396e-01
4.741842233277298035e+00 1.606702951929281475e+00 1.925227414768515277e-01
4.749171201180353741e+00 1.607880930981530065e+00 1.923815452531679737e-01
4.756500169083410334e+00 1.609059773687291139e+00 1.922405641412744115e-01
4.763829136986466040e+00 1.610239480679765078e+00 1.920997975209206288e-01
4.771158104889522633e+00 1.611420052592617447e+00 1.919592447684261294e-01
4.778487072792578338e+00 1.612601490059977660e+00 1.918189052567686459e-01
4.785816040695634044e+00 1.613783793716440318e+00 1.916787783556708480e-01
4.793145008598690637e+00 1.614966964197065868e+00 1.915388634316869954e-01
4.800473976501746343e+00 1.616151002137379056e+00 1.913991598482876755e-01
4.807802944404802936e+00 1.617335908173372028e+00 1.912596669659439030e-01
4.815131912307858641e+00 1.618521682941501894e+00 1.911203841422108030e-01
4.822460880210915235e+00 1.619708327078693610e+00 1.909813107318091563e-01
4.829789848113970940e+00 1.620895841222338207e+00 1.908424460867072514e-01
4.837118816017027534e+00 1.622084226010294339e+00 1.907037895562007368e-01
4.844447783920083239e+00 1.623273482080888064e+00 1.905653404869923906e-01
4.851776751823138945e+00 1.624463610072914177e+00 1.904270982232701692e-01
4.859105719726195538e+00 1.625654610625635099e+00 1.902890621067848675e-01
4.866434687629251243e+00 1.626846484378782209e+00 1.901512314769269463e-01
4.873763655532307837e+00 1.628039231972555845e+00 1.900136056708018883e-01
4.881092623435363542e+00 1.629232854047625745e+00 1.898761840233049447e-01
4.888421591338420136e+00 1.630427351245131273e+00 1.897389658671955193e-01
4.895750559241475841e+00 1.631622724206682085e+00 1.896019505331696109e-01
4.903079527144532435e+00 1.632818973574357901e+00 1.894651373499322278e-01
4.910408495047588140e+00 1.634016099990709625e+00 1.893285256442686082e-01
4.917737462950643845e+00 1.635214104098758670e+00 1.891921147411147475e-01
4.925066430853700439e+00 1.636412986541998738e+00 1.890559039636265370e-01
4.932395398756756144e+00 1.637612747964394488e+00 1.889198926332489870e-01
4.939724366659812738e+00 1.638813389010383093e+00 1.887840800697838661e-01
4.947053334562868443e+00 1.640014910324874231e+00 1.886484655914565933e-01
4.954382302465925036e+00 1.641217312553250318e+00 1.885130485149826007e-01
4.961711270368980742e+00 1.642420596341366945e+00 1.883778281556328649e-01
4.969040238272037335e+00 1.643624762335553324e+00 1.882428038272982440e-01
4.976369206175093041e+00 1.644829811182612067e+00 1.881079748425533438e-01
4.983698174078148746e+00 1.646035743529820738e+00 1.879733405127196333e-01
4.991027141981205340e+00 1.647242560024931191e+00 1.878389001479275067e-01
4.998356109884261045e+00 1.648450261316169563e+00 1.877046530571777894e-01
5.005685077787317638e+00 1.649658848052238280e+00 1.875705985484023564e-01
5.013014045690373344e+00 1.650868320882314944e+00 1.874367359285240564e-01
5.020343013593429937e+00 1.652078680456052773e+00 1.873030645035159147e-01
5.027671981496485643e+00 1.653289927423581274e+00 1.871695835784592532e-01
5.035000949399542236e+00 1.654502062435507792e+00 1.870362924576016439e-01
5.042329917302597941e+00 1.655715086142914849e+00 1.869031904444136971e-01
5.049658885205653647e+00 1.656928999197363472e+00 1.867702768416451276e-01
5.056987853108710240e+00 1.658143802250892751e+00 1.866375509513803765e-01
5.064316821011765946e+00 1.659359495956018504e+00 1.865050120750931240e-01
5.071645788914822539e+00 1.660576080965735946e+00 1.863726595137005226e-01
5.078974756817878244e+00 1.661793557933519017e+00 1.862404925676164613e-01
5.086303724720934838e+00 1.663011927513320387e+00 1.861085105368040504e-01
5.093632692623990543e+00 1.664231190359571899e+00 1.859767127208277748e-01
5.100961660527047137e+00 1.665451347127186343e+00 1.858450984189043975e-01
5.108290628430102842e+00 1.666672398471555461e+00 1.857136669299538356e-01
5.115619596333159436e+00 1.667894345048552163e+00 1.855824175526490094e-01
5.122948564236215141e+00 1.669117187514530087e+00 1.854513495854648863e-01
5.130277532139270846e+00 1.670340926526324044e+00 1.853204623267272200e-01
5.137606500042327440e+00 1.671565562741250233e+00 1.851897550746603727e-01
5.144935467945383145e+00 1.672791096817107137e+00 1.850592271274345835e-01
5.152264435848439739e+00 1.674017529412175742e+00 1.849288777832126252e-01
5.159593403751495444e+00 1.675244861185218648e+00 1.847987063401958230e-01
5.166922371654552038e+00 1.676473092795482289e+00 1.846687120966694073e-01
5.174251339557607743e+00 1.677702224902696049e+00 1.845388943510471447e-01
5.181580307460664336e+00 1.678932258167073588e+00 1.844092524019154966e-01
5.188909275363720042e+00 1.680163193249311515e+00 1.842797855480772795e-01
5.196238243266775747e+00 1.681395030810592273e+00 1.841504930885942970e-01
5.203567211169832341e+00 1.682627771512581694e+00 1.840213743228300003e-01
5.210896179072888046e+00 1.683861416017431445e+00 1.838924285504908163e-01
5.218225146975944639e+00 1.685095964987778805e+00 1.837636550716675032e-01
5.225554114879000345e+00 1.686331419086746441e+00 1.836350531868756186e-01
5.232883082782056938e+00 1.687567778977943300e+00 1.835066221970955425e-01
5.240212050685112644e+00 1.688805045325464826e+00 1.833783614038117793e-01
5.247541018588169237e+00 1.690043218793894075e+00 1.832502701090517883e-01
5.254869986491224942e+00 1.691282300048299714e+00 1.831223476154243135e-01
5.262198954394280648e+00 1.692522289754239795e+00 1.829945932261570762e-01
5.269527922297337241e+00 1.693763188577759538e+00 1.828670062451339118e-01
5.276856890200392947e+00 1.695004997185391993e+00 1.827395859769313236e-01
5.284185858103449540e+00 1.696247716244159820e+00 1.826123317268546487e-01
5.291514826006505245e+00 1.697491346421574399e+00 1.824852428009736405e-01
5.298843793909561839e+00 1.698735888385636272e+00 1.823583185061572742e-01
5.306172761812617544e+00 1.699981342804835815e+00 1.822315581501085247e-01
5.313501729715674138e+00 1.701227710348153677e+00 1.821049610413980058e-01
5.320830697618729843e+00 1.702474991685060779e+00 1.819785264894978050e-01
5.328159665521785548e+00 1.703723187485519208e+00 1.818522538048141235e-01
5.335488633424842142e+00 1.704972298419981769e+00 1.817261422987198616e-01
5.342817601327897847e+00 1.706222325159393316e+00 1.816001912835864263e-01
5.350146569230954441e+00 1.707473268375190312e+00 1.814744000728154838e-01
5.357475537134010146e+00 1.708725128739301269e+00 1.813487679808696573e-01
5.364804505037066740e+00 1.709977906924148083e+00 1.812232943233030580e-01
5.372133472940122445e+00 1.711231603602644702e+00 1.810979784167913720e-01
5.379462440843179039e+00 1.712486219448199343e+00 1.809728195791613647e-01
5.386791408746234744e+00 1.713741755134713385e+00 1.808478171294198578e-01
5.394120376649290449e+00 1.714998211336582035e+00 1.807229703877824556e-01
5.401449344552347043e+00 1.716255588728695880e+00 1.805982786757015235e-01
5.408778312455402748e+00 1.717513887986439558e+00 1.804737413158940262e-01
5.416107280358459342e+00 1.718773109785693087e+00 1.803493576323687009e-01
5.423436248261515047e+00 1.720033254802831646e+00 1.802251269504528408e-01
5.430765216164571640e+00 1.721294323714727348e+00 1.801010485968186081e-01
5.438094184067627346e+00 1.722556317198747244e+00 1.799771218995089572e-01
5.445423151970683939e+00 1.723819235932756211e+00 1.798533461879631146e-01
5.452752119873739645e+00 1.725083080595114948e+00 1.797297207930417806e-01
5.460081087776795350e+00 1.726347851864682648e+00 1.796062450470512772e-01
5.467410055679851943e+00 1.727613550420815214e+00 1.794829182837684445e-01
5.474739023582907649e+00 1.728880176943367486e+00 1.793597398384637331e-01
5.482067991485964242e+00 1.730147732112692349e+00 1.792367090479251024e-01
5.489396959389019948e+00 1.731416216609641179e+00 1.791138252504807793e-01
5.496725927292076541e+00 1.732685631115565172e+00 1.789910877860217409e-01
5.504054895195132246e+00 1.733955976312314462e+00 1.788684959960240572e-01
5.511383863098188840e+00 1.735227252882239668e+00 1.787460492235705412e-01
5.518712831001244545e+00 1.736499461508191011e+00 1.786237468133722028e-01
5.526041798904301139e+00 1.737772602873520311e+00 1.785015881117892333e-01
5.533370766807356844e+00 1.739046677662079432e+00 1.783795724668515714e-01
5.540699734710412550e+00 1.740321686558222058e+00 1.782576992282792760e-01
5.548028702613469143e+00 1.741597630246803696e+00 1.781359677475021497e-01
5.555357670516524848e+00 1.742874509413181894e+00 1.780143773776794724e-01
5.562686638419581442e+00 1.744152324743216464e+00 1.778929274737190980e-01
5.570015606322637147e+00 1.745431076923269931e+00 1.777716173922960496e-01
5.577344574225693741e+00 1.746710766640209078e+00 1.776504464918710890e-01
5.584673542128749446e+00 1.747991394581402957e+00 1.775294141327086461e-01
5.592002510031806040e+00 1.749272961434725326e+00 1.774085196768946104e-01
5.599331477934861745e+00 1.750555467888554206e+00 1.772877624883537340e-01
5.606660445837917450e+00 1.751838914631771882e+00 1.771671419328665342e-01
5.613989413740974044e+00 1.753123302353766455e+00 1.770466573780858643e-01
5.621318381644029749e+00 1.754408631744430735e+00 1.769263081935536497e-01
5.628647349547086343e+00 1.755694903494163794e+00 1.768060937507163199e-01
5.635976317450142048e+00 1.756982118293870299e+00 1.766860134229411017e-01
5.643305285353198641e+00 1.758270276834962509e+00 1.765660665855306732e-01
5.650634253256254347e+00 1.759559379809358726e+00 1.764462526157388189e-01
5.657963221159310940e+00 1.760849427909484621e+00 1.763265708927848063e-01
5.665292189062366646e+00 1.762140421828273684e+00 1.762070207978678471e-01
5.672621156965422351e+00 1.763432362259167885e+00 1.760876017141811134e-01
5.679950124868478945e+00 1.764725249896116788e+00 1.759683130269256990e-01
5.687279092771534650e+00 1.766019085433579106e+00 1.758491541233237754e-01
5.694608060674591243e+00 1.767313869566523143e+00 1.757301243926319978e-01
5.701937028577646949e+00 1.768609602990425689e+00 1.756112232261544670e-01
5.709265996480703542e+00 1.769906286401274675e+00 1.754924500172549418e-01
5.716594964383759248e+00 1.771203920495567186e+00 1.753738041613693288e-01
5.723923932286815841e+00 1.772502505970311670e+00 1.752552850560178122e-01
5.731252900189871546e+00 1.773802043523027283e+00 1.751368921008161772e-01
5.738581868092927252e+00 1.775102533851744990e+00 1.750186246974876902e-01
5.745910835995983845e+00 1.776403977655006905e+00 1.749004822498738954e-01
5.753239803899039551e+00 1.777706375631867397e+00 1.747824641639456333e-01
5.760568771802096144e+00 1.779009728481893982e+00 1.746645698478135611e-01
5.767897739705151849e+00 1.780314036905166653e+00 1.745467987117386155e-01
5.775226707608208443e+00 1.781619301602278327e+00 1.744291501681418943e-01
5.782555675511264148e+00 1.782925523274336177e+00 1.743116236316145928e-01
5.789884643414320742e+00 1.784232702622961186e+00 1.741942185189274683e-01
5.797213611317376447e+00 1.785540840350288372e+00 1.740769342490401661e-01
5.804542579220432152e+00 1.786849937158968116e+00 1.739597702431101289e-01
5.811871547123488746e+00 1.788159993752165944e+00 1.738427259245015621e-01
5.819200515026544451e+00 1.789471010833562303e+00 1.737258007187937603e-01
5.826529482929601045e+00 1.790782989107353895e+00 1.736089940537895726e-01
5.833858450832656750e+00 1.792095929278254118e+00 1.734923053595231468e-01
5.841187418735713344e+00 1.793409832051492403e+00 1.733757340682681447e-01
5.848516386638769049e+00 1.794724698132815321e+00 1.732592796145449310e-01
5.855845354541825643e+00 1.796040528228487476e+00 1.731429414351279283e-01
5.863174322444881348e+00 1.797357323045290611e+00 1.730267189690530005e-01
5.870503290347937053e+00 1.798675083290524723e+00 1.729106116576240859e-01
5.877832258250993647e+00 1.799993809672009171e+00 1.727946189444196090e-01
5.885161226154049352e+00 1.801313502898081120e+00 1.726787402752994194e-01
5.892490194057105946e+00 1.802634163677597767e+00 1.725629750984105926e-01
5.899819161960161651e+00 1.803955792719935669e+00 1.724473228641935085e-01
5.907148129863218244e+00 1.805278390734992300e+00 1.723317830253875138e-01
5.914477097766273950e+00 1.806601958433183830e+00 1.722163550370366669e-01
5.921806065669330543e+00 1.807926496525449345e+00 1.721010383564949009e-01
5.929135033572386249e+00 1.809252005723247958e+00 1.719858324434310193e-01
5.936464001475441954e+00 1.810578486738560366e+00 1.718707367598340807e-01
5.943792969378498547e+00 1.811905940283889960e+00 1.717557507700174513e-01
5.951121937281554253e+00 1.813234367072262154e+00 1.716408739406239670e-01
5.958450905184610846e+00 1.814563767817224837e+00 1.715261057406297085e-01
5.965779873087666552e+00 1.815894143232849256e+00 1.714114456413484699e-01
5.973108840990723145e+00 1.817225494033730460e+00 1.712968931164353947e-01
5.980437808893778850e+00 1.818557820934987301e+00 1.711824476418910834e-01
5.987766776796835444e+00 1.819891124652262437e+00 1.710681086960646469e-01
5.995095744699891149e+00 1.821225405901723882e+00 1.709538757596575087e-01
6.002424712602947743e+00 1.822560665400064561e+00 1.708397483157263197e-01
6.009753680506003448e+00 1.823896903864502317e+00 1.707257258496858998e-01
6.017082648409059153e+00 1.825234122012781457e+00 1.706118078493123191e-01
6.024411616312115747e+00 1.826572320563172314e+00 1.704979938047452293e-01
6.031740584215171452e+00 1.827911500234471909e+00 1.703842832084904446e-01
6.039069552118228046e+00 1.829251661746003954e+00 1.702706755554222184e-01
6.046398520021283751e+00 1.830592805817619961e+00 1.701571703427854076e-01
6.053727487924340345e+00 1.831934933169699020e+00 1.700437670701972215e-01
6.061056455827396050e+00 1.833278044523147798e+00 1.699304652396493032e-01
6.068385423730452644e+00 1.834622140599403206e+00 1.698172643555089512e-01
6.075714391633508349e+00 1.835967222120428843e+00 1.697041639245208400e-01
6.083043359536564054e+00 1.837313289808719219e+00 1.695911634558083247e-01
6.090372327439620648e+00 1.838660344387298640e+00 1.694782624608742738e-01
6.097701295342676353e+00 1.840008386579719657e+00 1.693654604536024844e-01
6.105030263245732947e+00 1.841357417110067729e+00 1.692527569502580154e-01
6.112359231148788652e+00 1.842707436702957446e+00 1.691401514694881592e-01
6.119688199051845245e+00 1.844058446083535641e+00 1.690276435323230242e-01
6.127017166954900951e+00 1.845410445977480052e+00 1.689152326621755074e-01
6.134346134857957544e+00 1.846763437111001105e+00 1.688029183848419601e-01
6.141675102761013250e+00 1.848117420210841244e+00 1.686907002285019386e-01
6.149004070664068955e+00 1.849472396004275598e+00 1.685785777237183147e-01
6.156333038567125548e+00 1.850828365219113536e+00 1.684665504034369432e-01
6.163662006470181254e+00 1.852185328583696888e+00 1.683546178029864393e-01
6.170990974373237847e+00 1.853543286826901726e+00 1.682427794600776239e-01
6.178319942276293553e+00 1.854902240678138581e+00 1.681310349148028849e-01
6.185648910179350146e+00 1.856262190867353556e+00 1.680193837096354004e-01
6.192977878082405852e+00 1.857623138125026108e+00 1.679078253894284722e-01
6.200306845985462445e+00 1.858985083182173259e+00 1.677963595014140830e-01
6.207635813888518150e+00 1.860348026770346719e+00 1.676849855952022017e-01
6.214964781791573856e+00 1.861711969621634877e+00 1.675737032227793410e-01
6.222293749694630449e+00 1.863076912468663027e+00 1.674625119385069749e-01
6.229622717597686155e+00 1.864442856044593366e+00 1.673514112991202896e-01
6.236951685500742748e+00 1.865809801083125885e+00 1.672404008637265183e-01
6.244280653403798453e+00 1.867177748318498143e+00 1.671294801938030261e-01
6.251609621306855047e+00 1.868546698485486379e+00 1.670186488531955615e-01
6.258938589209910752e+00 1.869916652319405292e+00 1.669079064081161468e-01
6.266267557112967346e+00 1.871287610556108705e+00 1.667972524271412182e-01
6.273596525016023051e+00 1.872659573931990007e+00 1.666866864812092675e-01
6.280925492919078756e+00 1.874032543183982824e+00 1.665762081436182596e-01
6.288254460822135350e+00 1.875406519049560350e+00 1.664658169900237183e-01
6.295583428725191055e+00 1.876781502266736901e+00 1.663555125984357008e-01
6.302912396628247649e+00 1.878157493574068138e+00 1.662452945492164380e-01
6.310241364531303354e+00 1.879534493710650622e+00 1.661351624250775871e-01
6.317570332434359948e+00 1.880912503416123149e+00 1.660251158110770675e-01
6.324899300337415653e+00 1.882291523430666746e+00 1.659151542946164792e-01
6.332228268240472246e+00 1.883671554495005340e+00 1.658052774654377726e-01
6.339557236143527952e+00 1.885052597350404868e+00 1.656954849156203335e-01
6.346886204046583657e+00 1.886434652738676609e+00 1.655857762395774035e-01
6.354215171949640251e+00 1.887817721402173854e+00 1.654761510340530539e-01
6.361544139852695956e+00 1.889201804083795455e+00 1.653666088981185223e-01
6.368873107755752550e+00 1.890586901526984276e+00 1.652571494331688817e-01
6.376202075658808255e+00 1.891973014475728299e+00 1.651477722429190442e-01
6.383531043561864848e+00 1.893360143674561291e+00 1.650384769334005686e-01
6.390860011464920554e+00 1.894748289868562363e+00 1.649292631129573306e-01
6.398188979367977147e+00 1.896137453803357742e+00 1.648201303922419425e-01
6.405517947271032853e+00 1.897527636225119219e+00 1.647110783842118120e-01
6.412846915174089446e+00 1.898918837880566590e+00 1.646021067041247565e-01
6.420175883077145151e+00 1.900311059516966550e+00 1.644932149695351731e-01
6.427504850980200857e+00 1.901704301882133796e+00 1.643844028002897362e-01
6.434833818883257450e+00 1.903098565724431701e+00 1.642756698185228459e-01
6.442162786786313156e+00 1.904493851792771864e+00 1.641670156486527143e-01
6.449491754689369749e+00 1.905890160836614999e+00 1.640584399173763419e-01
6.456820722592425454e+00 1.907287493605971385e+00 1.639499422536654372e-01
6.464149690495482048e+00 1.908685850851401078e+00 1.638415222887615874e-01
6.471478658398537753e+00 1.910085233324014808e+00 1.637331796561715125e-01
6.478807626301594347e+00 1.911485641775473310e+00 1.636249139916624296e-01
6.486136594204650052e+00 1.912887076957988874e+00 1.635167249332571959e-01
6.493465562107705757e+00 1.914289539624325576e+00 1.634086121212292575e-01
6.500794530010762351e+00 1.915693030527798824e+00 1.633005751980978748e-01
6.508123497913818056e+00 1.917097550422276253e+00 1.631926138086229605e-01
6.515452465816874650e+00 1.918503100062179056e+00 1.630847275997999168e-01
6.522781433719930355e+00 1.919909680202480207e+00 1.629769162208547228e-01
6.530110401622986949e+00 1.921317291598707788e+00 1.628691793232381890e-01
6.537439369526042654e+00 1.922725935006942555e+00 1.627615165606212944e-01
6.544768337429099248e+00 1.924135611183820149e+00 1.626539275888892744e-01
6.552097305332154953e+00 1.925546320886530438e+00 1.625464120661364309e-01
6.559426273235210658e+00 1.926958064872819287e+00 1.624389696526606086e-01
6.566755241138267252e+00 1.928370843900987675e+00 1.623316000109578106e-01
6.574084209041322957e+00 1.929784658729892133e+00 1.622243028057161196e-01
6.581413176944379551e+00 1.931199510118946527e+00 1.621170777038106470e-01
6.588742144847435256e+00 1.932615398828120279e+00 1.620099243742972872e-01
6.596071112750491849e+00 1.934032325617941250e+00 1.619028424884073059e-01
6.603400080653547555e+00 1.935450291249493526e+00 1.617958317195414553e-01
6.610729048556604148e+00 1.936869296484420966e+00 1.616888917432636741e-01
6.618058016459659854e+00 1.938289342084923650e+00 1.615820222372959247e-01
6.625386984362715559e+00 1.939710428813762322e+00 1.614752228815114488e-01
6.632715952265772152e+00 1.941132557434256611e+00 1.613684933579291880e-01
6.640044920168827858e+00 1.942555728710284590e+00 1.612618333507076507e-01
6.647373888071884451e+00 1.943979943406285882e+00 1.611552425461386662e-01
6.654702855974940157e+00 1.945405202287259883e+00 1.610487206326411125e-01
6.662031823877996750e+00 1.946831506118766653e+00 1.609422673007550597e-01
6.669360791781052455e+00 1.948258855666927802e+00 1.608358822431352197e-01
6.676689759684109049e+00 1.949687251698426937e+00 1.607295651545445070e-01
6.684018727587164754e+00 1.951116694980509214e+00 1.606233157318482374e-01
6.691347695490220460e+00 1.952547186280982450e+00 1.605171336740070509e-01
6.698676663393277053e+00 1.953978726368217789e+00 1.604110186820709438e-01
6.706005631296332758e+00 1.955411316011149259e+00 1.603049704591726909e-01
6.713334599199389352e+00 1.956844955979274880e+00 1.601989887105211285e-01
6.720663567102445057e+00 1.958279647042656446e+00 1.600930731433949095e-01
6.727992535005501651e+00 1.959715389971921295e+00 1.599872234671356475e-01
6.735321502908557356e+00 1.961152185538260539e+00 1.598814393931414224e-01
6.742650470811613950e+00 1.962590034513431503e+00 1.597757206348601744e-01
6.749979438714669655e+00 1.964028937669757280e+00 1.596700669077828205e-01
6.757308406617725360e+00 1.965468895780126513e+00 1.595644779294366211e-01
6.764637374520781954e+00 1.966909909617995833e+00 1.594589534193784353e-01
6.771966342423837659e+00 1.968351979957387643e+00 1.593534930991879761e-01
6.779295310326894253e+00 1.969795107572892334e+00 1.592480966924606500e-01
6.786624278229949958e+00 1.971239293239668067e+00 1.591427639248012560e-01
6.793953246133006552e+00 1.972684537733441656e+00 1.590374945238165194e-01
6.801282214036062257e+00 1.974130841830508798e+00 1.589322882191084862e-01
6.808611181939118850e+00 1.975578206307733398e+00 1.588271447422676119e-01
6.815940149842174556e+00 1.977026631942549573e+00 1.587220638268654893e-01
6.823269117745230261e+00 1.978476119512961873e+00 1.586170452084481597e-01
6.830598085648286855e+00 1.979926669797544170e+00 1.585120886245289240e-01
6.837927053551342560e+00 1.981378283575442101e+00 1.584071938145812097e-01
6.845256021454399153e+00 1.982830961626372401e+00 1.583023605200316875e-01
6.852584989357454859e+00 1.984284704730622684e+00 1.581975884842530267e-01
6.859913957260511452e+00 1.985739513669053657e+00 1.580928774525566238e-01
6.867242925163567158e+00 1.987195389223098019e+00 1.579882271721858578e-01
6.874571893066623751e+00 1.988652332174761339e+00 1.578836373923084846e-01
6.881900860969679457e+00 1.990110343306622509e+00 1.577791078640096434e-01
6.889229828872736050e+00 1.991569423401834626e+00 1.576746383402846396e-01
6.896558796775791755e+00 1.993029573244124553e+00 1.575702285760315902e-01
6.903887764678847461e+00 1.994490793617793800e+00 1.574658783280442342e-01
6.911216732581904054e+00 1.995953085307719199e+00 1.573615873550047450e-01
6.918545700484959760e+00 1.997416449099352453e+00 1.572573554174762911e-01
6.925874668388016353e+00 1.998880885778721694e+00 1.571531822778957088e-01
6.933203636291072058e+00 2.000346396132430815e+00 1.570490677005663693e-01
6.940532604194128652e+00 2.001812980947661025e+00 1.569450114516504069e-01
6.947861572097184357e+00 2.003280641012170182e+00 1.568410132991619188e-01
6.955190540000240951e+00 2.004749377114294351e+00 1.567370730129591105e-01
6.962519507903296656e+00 2.006219190042946465e+00 1.566331903647371904e-01
6.969848475806352361e+00 2.007690080587618553e+00 1.565293651280207921e-01
6.977177443709408955e+00 2.009162049538382178e+00 1.564255970781565641e-01
6.984506411612464660e+00 2.010635097685886219e+00 1.563218859923059256e-01
6.991835379515521254e+00 2.012109225821361758e+00 1.562182316494372669e-01
6.999164347418576959e+00 2.013584434736617190e+00 1.561146338303188719e-01
7.006493315321633553e+00 2.015060725224044003e+00 1.560110923175111464e-01
7.013822283224689258e+00 2.016538098076613217e+00 1.559076068953592908e-01
7.021151251127745851e+00 2.018016554087877168e+00 1.558041773499857785e-01
7.028480219030801557e+00 2.019496094051970836e+00 1.557008034692828335e-01
7.035809186933857262e+00 2.020976718763610513e+00 1.555974850429049372e-01
7.043138154836913856e+00 2.022458429018096027e+00 1.554942218622612227e-01
7.050467122739969561e+00 2.023941225611309846e+00 1.553910137205081476e-01
7.057796090643026155e+00 2.025425109339717533e+00 1.552878604125417228e-01
7.065125058546081860e+00 2.026910081000369512e+00 1.551847617349901842e-01
7.072454026449138453e+00 2.028396141390899743e+00 1.550817174862062497e-01
7.079782994352194159e+00 2.029883291309527493e+00 1.549787274662596526e-01
7.087111962255250752e+00 2.031371531555056897e+00 1.548757914769296751e-01
7.094440930158306458e+00 2.032860862926877843e+00 1.547729093216973772e-01
7.101769898061362163e+00 2.034351286224967303e+00 1.546700808057381582e-01
7.109098865964418756e+00 2.035842802249886674e+00 1.545673057359142621e-01
7.116427833867474462e+00 2.037335411802786211e+00 1.544645839207669791e-01
7.123756801770531055e+00 2.038829115685402815e+00 1.543619151705091508e-01
7.131085769673586761e+00 2.040323914700060914e+00 1.542592992970178156e-01
7.138414737576643354e+00 2.041819809649673356e+00 1.541567361138262426e-01
7.145743705479699059e+00 2.043316801337742294e+00 1.540542254361165764e-01
7.153072673382755653e+00 2.044814890568357857e+00 1.539517670807121763e-01
7.160401641285811358e+00 2.046314078146200366e+00 1.538493608660700673e-01
7.167730609188867064e+00 2.047814364876540338e+00 1.537470066122733625e-01
7.175059577091923657e+00 2.049315751565238930e+00 1.536447041410235748e-01
7.182388544994979362e+00 2.050818239018746159e+00 1.535424532756330673e-01
7.189717512898035956e+00 2.052321828044105789e+00 1.534402538410175598e-01
7.197046480801091661e+00 2.053826519448951782e+00 1.533381056636884121e-01
7.204375448704148255e+00 2.055332314041510511e+00 1.532360085717451026e-01
7.211704416607203960e+00 2.056839212630601654e+00 1.531339623948675954e-01
7.219033384510260554e+00 2.058347216025636861e+00 1.530319669643087355e-01
7.226362352413316259e+00 2.059856325036621971e+00 1.529300221128868653e-01
7.233691320316371964e+00 2.061366540474155684e+00 1.528281276749779427e-01
7.241020288219428558e+00 2.062877863149432223e+00 1.527262834865082408e-01
7.248349256122484263e+00 2.064390293874240445e+00 1.526244893849465489e-01
7.255678224025540857e+00 2.065903833460963401e+00 1.525227452092967062e-01
7.263007191928596562e+00 2.067418482722580109e+00 1.524210508000901909e-01
7.270336159831653156e+00 2.068934242472666440e+00 1.523194059993782379e-01
7.277665127734708861e+00 2.070451113525393350e+00 1.522178106507245943e-01
7.284994095637765454e+00 2.071969096695529977e+00 1.521162645991977480e-01
7.292323063540821160e+00 2.073488192798442764e+00 1.520147676913634893e-01
7.299652031443877753e+00 2.075008402650095007e+00 1.519133197752773889e-01
7.306980999346933459e+00 2.076529727067048636e+00 1.518119207004773041e-01
7.314309967249989164e+00 2.078052166866464656e+00 1.517105703179756349e-01
7.321638935153045757e+00 2.079575722866103149e+00 1.516092684802520796e-01
7.328967903056101463e+00 2.081100395884323273e+00 1.515080150412459470e-01
7.336296870959158056e+00 2.082626186740084595e+00 1.514068098563488285e-01
7.343625838862213762e+00 2.084153096252946646e+00 1.513056527823969655e-01
7.350954806765270355e+00 2.085681125243070255e+00 1.512045436776636720e-01
7.358283774668326060e+00 2.087210274531217102e+00 1.511034824018522016e-01
7.365612742571382654e+00 2.088740544938752386e+00 1.510024688160878092e-01
7.372941710474438359e+00 2.090271937287639936e+00 1.509015027829108402e-01
7.380270678377494065e+00 2.091804452400449765e+00 1.508005841662687363e-01
7.387599646280550658e+00 2.093338091100353626e+00 1.506997128315089862e-01
7.394928614183606363e+00 2.094872854211126345e+00 1.505988886453716036e-01
7.402257582086662957e+00 2.096408742557146709e+00 1.504981114759815497e-01
7.409586549989718662e+00 2.097945756963399244e+00 1.503973811928414894e-01
7.416915517892775256e+00 2.099483898255471548e+00 1.502966976668244359e-01
7.424244485795830961e+00 2.101023167259557400e+00 1.501960607701661177e-01
7.431573453698887555e+00 2.102563564802456764e+00 1.500954703764579845e-01
7.438902421601943260e+00 2.104105091711574893e+00 1.499949263606394079e-01
7.446231389504998965e+00 2.105647748814924114e+00 1.498944285989907144e-01
7.453560357408055559e+00 2.107191536941123822e+00 1.497939769691255807e-01
7.460889325311111264e+00 2.108736456919400926e+00 1.496935713499837894e-01
7.468218293214167858e+00 2.110282509579590293e+00 1.495932116218241237e-01
7.475547261117223563e+00 2.111829695752134750e+00 1.494928976662166786e-01
7.482876229020280157e+00 2.113378016268086856e+00 1.493926293660358118e-01
7.490205196923335862e+00 2.114927471959107574e+00 1.492924066054528709e-01
7.497534164826392455e+00 2.116478063657468045e+00 1.491922292699288943e-01
7.504863132729448161e+00 2.118029792196050032e+00 1.490920972462073113e-01
7.512192100632503866e+00 2.119582658408344589e+00 1.489920104223068087e-01
7.519521068535560460e+00 2.121136663128456057e+00 1.488919686875140314e-01
7.526850036438616165e+00 2.122691807191097624e+00 1.487919719323763657e-01
7.534179004341672758e+00 2.124248091431597096e+00 1.486920200486947785e-01
7.541507972244728464e+00 2.125805516685892016e+00 1.485921129295167953e-01
7.548836940147785057e+00 2.127364083790535876e+00 1.484922504691290057e-01
7.556165908050840763e+00 2.128923793582692792e+00 1.483924325630502083e-01
7.563494875953897356e+00 2.130484646900141943e+00 1.482926591080240830e-01
7.570823843856953062e+00 2.132046644581276240e+00 1.481929300020123630e-01
7.578152811760008767e+00 2.133609787465104546e+00 1.480932451441872855e-01
7.585481779663065360e+00 2.135174076391249010e+00 1.479936044349248470e-01
7.592810747566121066e+00 2.136739512199948177e+00 1.478940077757977534e-01
7.600139715469177659e+00 2.138306095732057877e+00 1.477944550695680648e-01
7.607468683372233365e+00 2.139873827829047670e+00 1.476949462201805896e-01
7.614797651275289958e+00 2.141442709333006178e+00 1.475954811327553906e-01
7.622126619178345663e+00 2.143012741086639306e+00 1.474960597135812068e-01
7.629455587081402257e+00 2.144583923933270242e+00 1.473966818701081538e-01
7.636784554984457962e+00 2.146156258716839460e+00 1.472973475109410346e-01
7.644113522887513668e+00 2.147729746281909158e+00 1.471980565458319845e-01
7.651442490790570261e+00 2.149304387473657485e+00 1.470988088856740872e-01
7.658771458693625966e+00 2.150880183137883428e+00 1.469996044424939641e-01
7.666100426596682560e+00 2.152457134121007698e+00 1.469004431294450852e-01
7.673429394499738265e+00 2.154035241270069179e+00 1.468013248608009136e-01
7.680758362402794859e+00 2.155614505432728922e+00 1.467022495519480774e-01
7.688087330305850564e+00 2.157194927457269262e+00 1.466032171193792089e-01
7.695416298208907158e+00 2.158776508192594701e+00 1.465042274806866163e-01
7.702745266111962863e+00 2.160359248488231465e+00 1.464052805545550673e-01
7.710074234015018568e+00 2.161943149194329727e+00 1.463063762607551554e-01
7.717403201918075162e+00 2.163528211161662274e+00 1.462075145201365278e-01
7.724732169821130867e+00 2.165114435241624502e+00 1.461086952546211681e-01
7.732061137724187461e+00 2.166701822286238865e+00 1.460099183871964579e-01
7.739390105627243166e+00 2.168290373148149985e+00 1.459111838419087925e-01
7.746719073530299760e+00 2.169880088680628205e+00 1.458124915438566982e-01
7.754048041433355465e+00 2.171470969737570478e+00 1.457138414191839204e-01
7.761377009336412058e+00 2.173063017173498590e+00 1.456152333950732902e-01
7.768705977239467764e+00 2.174656231843560938e+00 1.455166673997396465e-01
7.776034945142524357e+00 2.176250614603534306e+00 1.454181433624233688e-01
7.783363913045580063e+00 2.177846166309820308e+00 1.453196612133838828e-01
7.790692880948635768e+00 2.179442887819451169e+00 1.452212208838928320e-01
7.798021848851692361e+00 2.181040779990086165e+00 1.451228223062277500e-01
7.805350816754748067e+00 2.182639843680012959e+00 1.450244654136654543e-01
7.812679784657804660e+00 2.184240079748149377e+00 1.449261501404753572e-01
7.820008752560860366e+00 2.185841489054042519e+00 1.448278764219132764e-01
7.827337720463916959e+00 2.187444072457869204e+00 1.447296441942146905e-01
7.834666688366972664e+00 2.189047830820438190e+00 1.446314533945884107e-01
7.841995656270029258e+00 2.190652765003188396e+00 1.445333039612099746e-01
7.849324624173084963e+00 2.192258875868190238e+00 1.444351958332155683e-01
7.856653592076140669e+00 2.193866164278146957e+00 1.443371289506952537e-01
7.863982559979197262e+00 2.195474631096393292e+00 1.442391032546868068e-01
7.871311527882252967e+00 2.197084277186897694e+00 1.441411186871692229e-01
7.878640495785309561e+00 2.198695103414261887e+00 1.440431751910566383e-01
7.885969463688365266e+00 2.200307110643721309e+00 1.439452727101915852e-01
7.893298431591421860e+00 2.201920299741146003e+00 1.438474111893391916e-01
7.900627399494477565e+00 2.203534671573040171e+00 1.437495905741804636e-01
7.907956367397534159e+00 2.205150227006544839e+00 1.436518108113063463e-01
7.915285335300589864e+00 2.206766966909434302e+00 1.435540718482113398e-01
7.922614303203645569e+00 2.208384892150121903e+00 1.434563736332873096e-01
7.929943271106702163e+00 2.210004003597656030e+00 1.433587161158172141e-01
7.937272239009757868e+00 2.211624302121721897e+00 1.432610992459692201e-01
7.944601206912814462e+00 2.213245788592643759e+00 1.431635229747902360e-01
7.951930174815870167e+00 2.214868463881382699e+00 1.430659872541999444e-01
7.959259142718926761e+00 2.216492328859539285e+00 1.429684920369846401e-01
7.966588110621982466e+00 2.218117384399351799e+00 1.428710372767912351e-01
7.973917078525039059e+00 2.219743631373700232e+00 1.427736229281210412e-01
7.981246046428094765e+00 2.221371070656101843e+00 1.426762489463239414e-01
7.988575014331150470e+00 2.222999703120716486e+00 1.425789152875921728e-01
7.995903982234207064e+00 2.224629529642343506e+00 1.424816219089544422e-01
8.003232950137263657e+00 2.226260551096425289e+00 1.423843687682698200e-01
8.010561918040318474e+00 2.227892768359043263e+00 1.422871558242220780e-01
8.017890885943375068e+00 2.229526182306924564e+00 1.421899830363134443e-01
8.025219853846431661e+00 2.231160793817437149e+00 1.420928503648587748e-01
8.032548821749488255e+00 2.232796603768592014e+00 1.419957577709798913e-01
8.039877789652543072e+00 2.234433613039043642e+00 1.418987052165993634e-01
8.047206757555599665e+00 2.236071822508093554e+00 1.418016926644348752e-01
8.054535725458656259e+00 2.237711233055684090e+00 1.417047200779933402e-01
8.061864693361711076e+00 2.239351845562405074e+00 1.416077874215652677e-01
8.069193661264767670e+00 2.240993660909492036e+00 1.415108946602186835e-01
8.076522629167824263e+00 2.242636679978824876e+00 1.414140417597936072e-01
8.083851597070880857e+00 2.244280903652931869e+00 1.413172286868961958e-01
8.091180564973935674e+00 2.245926332814986992e+00 1.412204554088931918e-01
8.098509532876992267e+00 2.247572968348813038e+00 1.411237218939059845e-01
8.105838500780048861e+00 2.249220811138879839e+00 1.410270281108051971e-01
8.113167468683105454e+00 2.250869862070305594e+00 1.409303740292049412e-01
8.120496436586160272e+00 2.252520122028857319e+00 1.408337596194570995e-01
8.127825404489216865e+00 2.254171591900953509e+00 1.407371848526458857e-01
8.135154372392273459e+00 2.255824272573659695e+00 1.406406497005821266e-01
8.142483340295328276e+00 2.257478164934692888e+00 1.405441541357978774e-01
8.149812308198384869e+00 2.259133269872422023e+00 1.404476981315406769e-01
8.157141276101441463e+00 2.260789588275865736e+00 1.403512816617682457e-01
8.164470244004498056e+00 2.262447121034695030e+00 1.402549047011428240e-01
8.171799211907552873e+00 2.264105869039233720e+00 1.401585672250258152e-01
8.179128179810609467e+00 2.265765833180457989e+00 1.400622692094723176e-01
8.186457147713666060e+00 2.267427014349996828e+00 1.399660106312256846e-01
8.193786115616720878e+00 2.269089413440132930e+00 1.398697914677121956e-01
8.201115083519777471e+00 2.270753031343804906e+00 1.397736116970354492e-01
8.208444051422834065e+00 2.272417868954603737e+00 1.396774712979714506e-01
8.215773019325890658e+00 2.274083927166776764e+00 1.395813702499627829e-01
8.223101987228945475e+00 2.275751206875225918e+00 1.394853085331137221e-01
8.230430955132002069e+00 2.277419708975511270e+00 1.393892861281845752e-01
8.237759923035058662e+00 2.279089434363847921e+00 1.392933030165866559e-01
8.245088890938115256e+00 2.280760383937108227e+00 1.391973591803770671e-01
8.252417858841170073e+00 2.282432558592821348e+00 1.391014546022534271e-01
8.259746826744226667e+00 2.284105959229177252e+00 1.390055892655484293e-01
8.267075794647283260e+00 2.285780586745020937e+00 1.389097631542251243e-01
8.274404762550338077e+00 2.287456442039858207e+00 1.388139762528714238e-01
8.281733730453394671e+00 2.289133526013855668e+00 1.387182285466951048e-01
8.289062698356451264e+00 2.290811839567836738e+00 1.386225200215186193e-01
8.296391666259507858e+00 2.292491383603287858e+00 1.385268506637742092e-01
8.303720634162562675e+00 2.294172159022354496e+00 1.384312204604986052e-01
8.311049602065619268e+00 2.295854166727846035e+00 1.383356293993280306e-01
8.318378569968675862e+00 2.297537407623230887e+00 1.382400774684933997e-01
8.325707537871730679e+00 2.299221882612641821e+00 1.381445646568150165e-01
8.333036505774787273e+00 2.300907592600874185e+00 1.380490909536978006e-01
8.340365473677843866e+00 2.302594538493385912e+00 1.379536563491262635e-01
8.347694441580900460e+00 2.304282721196299732e+00 1.378582608336597348e-01
8.355023409483955277e+00 2.305972141616401849e+00 1.377629043984271162e-01
8.362352377387011870e+00 2.307662800661144153e+00 1.376675870351223296e-01
8.369681345290068464e+00 2.309354699238642894e+00 1.375723087359993768e-01
8.377010313193125057e+00 2.311047838257680898e+00 1.374770694938672877e-01
8.384339281096179874e+00 2.312742218627707125e+00 1.373818693020855963e-01
8.391668248999236468e+00 2.314437841258837114e+00 1.372867081545594559e-01
8.398997216902293061e+00 2.316134707061853426e+00 1.371915860457347536e-01
8.406326184805347879e+00 2.317832816948206975e+00 1.370965029705935034e-01
8.413655152708404472e+00 2.319532171830017031e+00 1.370014589246488779e-01
8.420984120611461066e+00 2.321232772620070772e+00 1.369064539039409334e-01
8.428313088514517659e+00 2.322934620231825509e+00 1.368114879050315313e-01
8.435642056417572476e+00 2.324637715579406905e+00 1.367165609249998970e-01
8.442971024320629070e+00 2.326342059577612087e+00 1.366216729614378178e-01
8.450299992223685663e+00 2.328047653141909645e+00 1.365268240124450638e-01
8.457628960126742257e+00 2.329754497188436524e+00 1.364320140766250300e-01
8.464957928029797074e+00 2.331462592634003350e+00 1.363372431530797957e-01
8.472286895932853668e+00 2.333171940396093991e+00 1.362425112414057948e-01
8.479615863835910261e+00 2.334882541392862443e+00 1.361478183416892640e-01
8.486944831738965078e+00 2.336594396543136831e+00 1.360531644545017183e-01
8.494273799642021672e+00 2.338307506766420296e+00 1.359585495808953715e-01
8.501602767545078265e+00 2.340021872982888329e+00 1.358639737223988342e-01
8.508931735448134859e+00 2.341737496113391437e+00 1.357694368810125896e-01
8.516260703351189676e+00 2.343454377079455586e+00 1.356749390592045523e-01
8.523589671254246269e+00 2.345172516803283091e+00 1.355804802599056558e-01
8.530918639157302863e+00 2.346891916207750395e+00 1.354860604865056606e-01
8.538247607060357680e+00 2.348612576216412506e+00 1.353916797428483809e-01
8.545576574963414274e+00 2.350334497753501228e+00 1.352973380332279374e-01
8.552905542866470867e+00 2.352057681743925155e+00 1.352030353623838721e-01
8.560234510769527461e+00 2.353782129113271004e+00 1.351087717354972351e-01
8.567563478672582278e+00 2.355507840787804952e+00 1.350145471581861711e-01
8.574892446575638871e+00 2.357234817694471740e+00 1.349203616365016734e-01
8.582221414478695465e+00 2.358963060760896457e+00 1.348262151769234196e-01
8.589550382381752058e+00 2.360692570915382760e+00 1.347321077863554151e-01
8.596879350284806875e+00 2.362423349086915536e+00 1.346380394721221063e-01
8.604208318187863469e+00 2.364155396205162685e+00 1.345440102419638018e-01
8.611537286090920063e+00 2.365888713200470228e+00 1.344500201040329246e-01
8.618866253993974880e+00 2.367623301003868974e+00 1.343560690668896551e-01
8.626195221897031473e+00 2.369359160547071852e+00 1.342621571394979063e-01
8.633524189800088067e+00 2.371096292762473912e+00 1.341682843312212159e-01
8.640853157703144660e+00 2.372834698583154989e+00 1.340744506518187495e-01
8.648182125606199477e+00 2.374574378942877040e+00 1.339806561114413042e-01
8.655511093509256071e+00 2.376315334776089916e+00 1.338869007206270056e-01
8.662840061412312664e+00 2.378057567017925589e+00 1.337931844902976730e-01
8.670169029315367482e+00 2.379801076604202148e+00 1.336995074317548216e-01
8.677497997218424075e+00 2.381545864471426022e+00 1.336058695566751942e-01
8.684826965121480669e+00 2.383291931556787535e+00 1.335122708771076250e-01
8.692155933024537262e+00 2.385039278798165352e+00 1.334187114054686540e-01
8.699484900927592079e+00 2.386787907134125142e+00 1.333251911545385304e-01
8.706813868830648673e+00 2.388537817503922689e+00 1.332317101374575485e-01
8.714142836733705266e+00 2.390289010847499451e+00 1.331382683677224121e-01
8.721471804636761860e+00 2.392041488105487446e+00 1.330448658591819044e-01
8.728800772539816677e+00 2.393795250219208803e+00 1.329515026260335298e-01
8.736129740442873270e+00 2.395550298130675326e+00 1.328581786828194056e-01
8.743458708345929864e+00 2.397306632782589375e+00 1.327648940444226822e-01
8.750787676248984681e+00 2.399064255118344313e+00 1.326716487260637400e-01
8.758116644152041275e+00 2.400823166082025839e+00 1.325784427432965540e-01
8.765445612055097868e+00 2.402583366618411542e+00 1.324852761120047517e-01
8.772774579958154462e+00 2.404344857672970903e+00 1.323921488483981723e-01
8.780103547861209279e+00 2.406107640191867514e+00 1.322990609690091190e-01
8.787432515764265872e+00 2.407871715121958189e+00 1.322060124906886958e-01
8.794761483667322466e+00 2.409637083410794745e+00 1.321130034306031431e-01
8.802090451570377283e+00 2.411403746006622217e+00 1.320200338062303969e-01
8.809419419473433877e+00 2.413171703858382422e+00 1.319271036353561743e-01
8.816748387376490470e+00 2.414940957915712172e+00 1.318342129360707826e-01
8.824077355279547064e+00 2.416711509128944613e+00 1.317413617267654269e-01
8.831406323182601881e+00 2.418483358449108778e+00 1.316485500261286579e-01
8.838735291085658474e+00 2.420256506827932697e+00 1.315557778531427635e-01
8.846064258988715068e+00 2.422030955217841175e+00 1.314630452270805216e-01
8.853393226891771661e+00 2.423806704571957127e+00 1.313703521675015640e-01
8.860722194794826478e+00 2.425583755844102019e+00 1.312776986942490454e-01
8.868051162697883072e+00 2.427362109988798533e+00 1.311850848274460080e-01
8.875380130600939665e+00 2.429141767961266574e+00 1.310925105874921892e-01
8.882709098503994483e+00 2.430922730717427704e+00 1.309999759950606635e-01
8.890038066407051076e+00 2.432704999213904706e+00 1.309074810710941228e-01
8.897367034310107670e+00 2.434488574408021577e+00 1.308150258368019903e-01
8.904696002213164263e+00 2.436273457257802644e+00 1.307226103136568118e-01
8.912024970116219080e+00 2.438059648721976114e+00 1.306302345233909812e-01
8.919353938019275674e+00 2.439847149759974076e+00 1.305378984879934368e-01
8.926682905922332267e+00 2.441635961331929394e+00 1.304456022297065254e-01
8.934011873825388861e+00 2.443426084398680587e+00 1.303533457710225052e-01
8.941340841728443678e+00 2.445217519921770499e+00 1.302611291346806588e-01
8.948669809631500272e+00 2.447010268863446747e+00 1.301689523436636298e-01
8.955998777534556865e+00 2.448804332186662158e+00 1.300768154211946470e-01
8.963327745437611682e+00 2.450599710855076108e+00 1.299847183907341108e-01
8.970656713340668276e+00 2.452396405833054516e+00 1.298926612759763732e-01
8.977985681243724869e+00 2.454194418085668961e+00 1.298006441008469902e-01
8.985314649146781463e+00 2.455993748578701119e+00 1.297086668894990302e-01
8.992643617049836280e+00 2.457794398278637882e+00 1.296167296663104374e-01
8.999972584952892873e+00 2.459596368152677126e+00 1.295248324558806730e-01
9.007301552855949467e+00 2.461399659168724163e+00 1.294329752830278568e-01
9.014630520759004284e+00 2.463204272295395292e+00 1.293411581727855475e-01
9.021959488662060878e+00 2.465010208502016020e+00 1.292493811503997170e-01
9.029288456565117471e+00 2.466817468758622844e+00 1.291576442413258641e-01
9.036617424468174065e+00 2.468626054035963246e+00 1.290659474712260169e-01
9.043946392371228882e+00 2.470435965305496584e+00 1.289742908659655685e-01
9.051275360274285475e+00 2.472247203539394977e+00 1.288826744516105016e-01
9.058604328177342069e+00 2.474059769710542422e+00 1.287910982544243910e-01
9.065933296080398662e+00 2.475873664792537010e+00 1.286995623008654610e-01
9.073262263983453479e+00 2.477688889759689150e+00 1.286080666175838105e-01
9.080591231886510073e+00 2.479505445587026013e+00 1.285166112314182485e-01
9.087920199789566666e+00 2.481323333250287533e+00 1.284251961693937405e-01
9.095249167692621484e+00 2.483142553725929513e+00 1.283338214587184112e-01
9.102578135595678077e+00 2.484963107991124520e+00 1.282424871267806576e-01
9.109907103498734671e+00 2.486784997023760990e+00 1.281511932011463462e-01
9.117236071401791264e+00 2.488608221802444120e+00 1.280599397095562031e-01
9.124565039304846081e+00 2.490432783306495867e+00 1.279687266799229006e-01
9.131894007207902675e+00 2.492258682515958501e+00 1.278775541403281424e-01
9.139222975110959268e+00 2.494085920411590163e+00 1.277864221190201932e-01
9.146551943014014086e+00 2.495914497974869306e+00 1.276953306444110203e-01
9.153880910917070679e+00 2.497744416187995586e+00 1.276042797450734623e-01
9.161209878820127273e+00 2.499575676033884974e+00 1.275132694497388697e-01
9.168538846723183866e+00 2.501408278496177751e+00 1.274222997872940522e-01
9.175867814626238683e+00 2.503242224559232731e+00 1.273313707867788913e-01
9.183196782529295277e+00 2.505077515208132155e+00 1.272404824773835652e-01
9.190525750432351870e+00 2.506914151428679904e+00 1.271496348884459393e-01
9.197854718335408464e+00 2.508752134207402840e+00 1.270588280494489575e-01
9.205183686238463281e+00 2.510591464531549910e+00 1.269680619900181717e-01
9.212512654141519874e+00 2.512432143389095707e+00 1.268773367399189389e-01
9.219841622044576468e+00 2.514274171768737798e+00 1.267866523290540615e-01
9.227170589947631285e+00 2.516117550659898949e+00 1.266960087874611784e-01
9.234499557850687879e+00 2.517962281052728457e+00 1.266054061453101287e-01
9.241828525753744472e+00 2.519808363938099927e+00 1.265148444329007305e-01
9.249157493656801066e+00 2.521655800307614381e+00 1.264243236806599779e-01
9.256486461559855883e+00 2.523504591153598930e+00 1.263338439191397378e-01
9.263815429462912476e+00 2.525354737469109878e+00 1.262434051790142231e-01
9.271144397365969070e+00 2.527206240247930058e+00 1.261530074910775789e-01
9.278473365269025663e+00 2.529059100484571498e+00 1.260626508862415229e-01
9.285802333172080480e+00 2.530913319174274978e+00 1.259723353955328196e-01
9.293131301075137074e+00 2.532768897313012246e+00 1.258820610500908932e-01
9.300460268978193668e+00 2.534625835897484247e+00 1.257918278811654689e-01
9.307789236881248485e+00 2.536484135925121119e+00 1.257016359201144073e-01
9.315118204784305078e+00 2.538343798394087969e+00 1.256114851984009295e-01
9.322447172687361672e+00 2.540204824303279096e+00 1.255213757475917014e-01
9.329776140590418265e+00 2.542067214652321105e+00 1.254313075993543358e-01
9.337105108493473082e+00 2.543930970441573791e+00 1.253412807854550615e-01
9.344434076396529676e+00 2.545796092672132360e+00 1.252512953377565297e-01
9.351763044299586269e+00 2.547662582345822990e+00 1.251613512882154555e-01
9.359092012202641087e+00 2.549530440465207715e+00 1.250714486688804805e-01
9.366420980105697680e+00 2.551399668033584422e+00 1.249815875118898273e-01
9.373749948008754274e+00 2.553270266054985527e+00 1.248917678494690792e-01
9.381078915911810867e+00 2.555142235534179296e+00 1.248019897139291540e-01
9.388407883814865684e+00 2.557015577476671186e+00 1.247122531376638199e-01
9.395736851717922278e+00 2.558890292888704288e+00 1.246225581531477389e-01
9.403065819620978871e+00 2.560766382777258876e+00 1.245329047929342320e-01
9.410394787524035465e+00 2.562643848150053749e+00 1.244432930896531425e-01
9.417723755427090282e+00 2.564522690015545781e+00 1.243537230760087264e-01
9.425052723330146875e+00 2.566402909382932584e+00 1.242641947847774458e-01
9.432381691233203469e+00 2.568284507262150296e+00 1.241747082488060261e-01
9.439710659136258286e+00 2.570167484663876234e+00 1.240852635010091937e-01
9.447039627039314880e+00 2.572051842599528904e+00 1.239958605743677195e-01
9.454368594942371473e+00 2.573937582081268438e+00 1.239064995019263232e-01
9.461697562845428067e+00 2.575824704121995712e+00 1.238171803167916751e-01
9.469026530748482884e+00 2.577713209735355449e+00 1.237279030521303280e-01
9.476355498651539477e+00 2.579603099935735333e+00 1.236386677411666635e-01
9.483684466554596071e+00 2.581494375738267344e+00 1.235494744171809350e-01
9.491013434457650888e+00 2.583387038158825533e+00 1.234603231135073531e-01
9.498342402360707482e+00 2.585281088214032241e+00 1.233712138635319477e-01
9.505671370263764075e+00 2.587176526921251885e+00 1.232821467006908478e-01
9.513000338166820669e+00 2.589073355298596724e+00 1.231931216584680466e-01
9.520329306069875486e+00 2.590971574364923757e+00 1.231041387703938061e-01
9.527658273972932079e+00 2.592871185139839163e+00 1.230151980700424641e-01
9.534987241875988673e+00 2.594772188643696076e+00 1.229262995910305883e-01
9.542316209779045266e+00 2.596674585897593701e+00 1.228374433670152283e-01
9.549645177682100083e+00 2.598578377923381755e+00 1.227486294316919996e-01
9.556974145585156677e+00 2.600483565743660019e+00 1.226598578187930028e-01
9.564303113488213270e+00 2.602390150381775236e+00 1.225711285620853935e-01
9.571632081391268088e+00 2.604298132861826431e+00 1.224824416953691625e-01
9.578961049294324681e+00 2.606207514208663589e+00 1.223937972524755252e-01
9.586290017197381275e+00 2.608118295447886759e+00 1.223051952672650350e-01
9.593618985100437868e+00 2.610030477605848720e+00 1.222166357736259451e-01
9.600947953003492685e+00 2.611944061709654985e+00 1.221281188054721412e-01
9.608276920906549279e+00 2.613859048787163353e+00 1.220396443967416700e-01
9.615605888809605872e+00 2.615775439866986130e+00 1.219512125813948383e-01
9.622934856712660689e+00 2.617693235978488353e+00 1.218628233934125893e-01
9.630263824615717283e+00 2.619612438151791789e+00 1.217744768667945038e-01
9.637592792518773877e+00 2.621533047417771822e+00 1.216861730355574822e-01
9.644921760421830470e+00 2.623455064808060566e+00 1.215979119337337461e-01
9.652250728324885287e+00 2.625378491355045085e+00 1.215096935953693807e-01
9.659579696227941881e+00 2.627303328091870949e+00 1.214215180545224204e-01
9.666908664130998474e+00 2.629229576052440898e+00 1.213333853452613353e-01
9.674237632034055068e+00 2.631157236271415290e+00 1.212452955016634082e-01
9.681566599937109885e+00 2.633086309784212542e+00 1.211572485578130964e-01
9.688895567840166478e+00 2.635016797627011353e+00 1.210692445478002699e-01
9.696224535743223072e+00 2.636948700836749815e+00 1.209812835057187813e-01
9.703553503646277889e+00 2.638882020451124966e+00 1.208933654656648565e-01
9.710882471549334483e+00 2.640816757508596790e+00 1.208054904617352904e-01
9.718211439452391076e+00 2.642752913048385555e+00 1.207176585280262254e-01
9.725540407355447670e+00 2.644690488110473137e+00 1.206298696986313063e-01
9.732869375258502487e+00 2.646629483735603472e+00 1.205421240076403611e-01
9.740198343161559080e+00 2.648569900965285218e+00 1.204544214891375836e-01
9.747527311064615674e+00 2.650511740841789976e+00 1.203667621772003121e-01
9.754856278967672267e+00 2.652455004408152295e+00 1.202791461058973915e-01
9.762185246870727084e+00 2.654399692708171887e+00 1.201915733092876748e-01
9.769514214773783678e+00 2.656345806786415853e+00 1.201040438214184131e-01
9.776843182676840271e+00 2.658293347688214681e+00 1.200165576763241176e-01
9.784172150579895089e+00 2.660242316459665357e+00 1.199291149080248392e-01
9.791501118482951682e+00 2.662192714147634476e+00 1.198417155505245996e-01
9.798830086386008276e+00 2.664144541799752464e+00 1.197543596378104480e-01
9.806159054289064869e+00 2.666097800464419798e+00 1.196670472038505462e-01
9.813488022192119686e+00 2.668052491190805675e+00 1.195797782825929328e-01
9.820816990095176280e+00 2.670008615028848453e+00 1.194925529079641641e-01
9.828145957998232873e+00 2.671966173029256097e+00 1.194053711138678697e-01
9.835474925901287691e+00 2.673925166243506180e+00 1.193182329341834769e-01
9.842803893804344284e+00 2.675885595723848542e+00 1.192311384027646554e-01
9.850132861707400878e+00 2.677847462523303967e+00 1.191440875534381244e-01
9.857461829610457471e+00 2.679810767695664619e+00 1.190570804200022509e-01
9.864790797513512288e+00 2.681775512295495378e+00 1.189701170362258004e-01
9.872119765416568882e+00 2.683741697378135616e+00 1.188831974358464244e-01
9.879448733319625475e+00 2.685709323999697418e+00 1.187963216525694393e-01
9.886777701222682069e+00 2.687678393217066919e+00 1.187094897200667715e-01
9.894106669125736886e+00 2.689648906087905633e+00 1.186227016719752503e-01
9.901435637028793479e+00 2.691620863670650010e+00 1.185359575418956507e-01
9.908764604931850073e+00 2.693594267024513655e+00 1.184492573633912499e-01
9.916093572834904890e+00 2.695569117209485110e+00 1.183626011699867170e-01
9.923422540737961484e+00 2.697545415286331405e+00 1.182759889951667392e-01
9.930751508641018077e+00 2.699523162316596725e+00 1.181894208723748563e-01
9.938080476544074671e+00 2.701502359362604189e+00 1.181028968350122527e-01
9.945409444447129488e+00 2.703483007487453627e+00 1.180164169164365368e-01
9.952738412350186081e+00 2.705465107755027354e+00 1.179299811499605194e-01
9.960067380253242675e+00 2.707448661229985731e+00 1.178435895688509510e-01
9.967396348156297492e+00 2.709433668977769827e+00 1.177572422063275920e-01
9.974725316059354085e+00 2.711420132064602750e+00 1.176709390955617551e-01
9.982054283962410679e+00 2.713408051557488765e+00 1.175846802696753068e-01
9.989383251865467273e+00 2.715397428524214174e+00 1.174984657617395012e-01
9.996712219768522090e+00 2.717388264033347767e+00 1.174122956047738559e-01
1.000404118767157868e+01 2.719380559154243926e+00 1.173261698317448892e-01
1.001137015557463528e+01 2.721374314957038187e+00 1.172400884755652878e-01
1.001869912347769187e+01 2.723369532512653013e+00 1.171540515690924628e-01
1.002602809138074669e+01 2.725366212892793794e+00 1.170680591451277591e-01
1.003335705928380328e+01 2.727364357169954179e+00 1.169821112364150956e-01
1.004068602718685987e+01 2.729363966417412524e+00 1.168962078756401179e-01
1.004801499508991469e+01 2.731365041709233665e+00 1.168103490954290197e-01
1.005534396299297129e+01 2.733367584120270699e+00 1.167245349283475286e-01
1.006267293089602788e+01 2.735371594726166311e+00 1.166387654068997276e-01
1.007000189879908447e+01 2.737377074603348781e+00 1.165530405635272770e-01
1.007733086670213929e+01 2.739384024829036424e+00 1.164673604306081384e-01
1.008465983460519588e+01 2.741392446481239809e+00 1.163817250404556997e-01
1.009198880250825248e+01 2.743402340638756876e+00 1.162961344253177071e-01
1.009931777041130729e+01 2.745413708381176487e+00 1.162105886173754044e-01
1.010664673831436389e+01 2.747426550788882871e+00 1.161250876487421729e-01
1.011397570621742048e+01 2.749440868943047622e+00 1.160396315514630600e-01
1.012130467412047707e+01 2.751456663925637258e+00 1.159542203575135155e-01
1.012863364202353189e+01 2.753473936819411438e+00 1.158688540987983379e-01
1.013596260992658848e+01 2.755492688707924298e+00 1.157835328071510211e-01
1.014329157782964508e+01 2.757512920675522672e+00 1.156982565143325759e-01
1.015062054573270167e+01 2.759534633807350090e+00 1.156130252520306684e-01
1.015794951363575649e+01 2.761557829189344115e+00 1.155278390518588161e-01
1.016527848153881308e+01 2.763582507908239450e+00 1.154426979453552493e-01
1.017260744944186968e+01 2.765608671051568823e+00 1.153576019639821343e-01
1.017993641734492449e+01 2.767636319707658998e+00 1.152725511391247404e-01
1.018726538524798109e+01 2.769665454965637430e+00 1.151875455020904687e-01
1.019459435315103768e+01 2.771696077915430045e+00 1.151025850841078668e-01
1.020192332105409427e+01 2.773728189647759468e+00 1.150176699163261013e-01
1.020925228895714909e+01 2.775761791254150346e+00 1.149328000298137364e-01
1.021658125686020568e+01 2.777796883826927576e+00 1.148479754555579990e-01
1.022391022476326228e+01 2.779833468459214529e+00 1.147631962244640702e-01
1.023123919266631887e+01 2.781871546244938820e+00 1.146784623673540865e-01
1.023856816056937369e+01 2.783911118278828756e+00 1.145937739149663626e-01
1.024589712847243028e+01 2.785952185656414670e+00 1.145091308979546557e-01
1.025322609637548688e+01 2.787994749474032474e+00 1.144245333468871945e-01
1.026055506427854169e+01 2.790038810828818328e+00 1.143399812922460956e-01
1.026788403218159829e+01 2.792084370818715744e+00 1.142554747644263513e-01
1.027521300008465488e+01 2.794131430542472927e+00 1.141710137937352459e-01
1.028254196798771147e+01 2.796179991099641882e+00 1.140865984103913711e-01
1.028987093589076629e+01 2.798230053590580635e+00 1.140022286445241534e-01
1.029719990379382288e+01 2.800281619116457676e+00 1.139179045261726614e-01
1.030452887169687948e+01 2.802334688779244853e+00 1.138336260852853832e-01
1.031185783959993429e+01 2.804389263681722255e+00 1.137493933517191441e-01
1.031918680750299089e+01 2.806445344927482211e+00 1.136652063552382602e-01
1.032651577540604748e+01 2.808502933620921738e+00 1.135810651255143022e-01
1.033384474330910408e+01 2.810562030867249650e+00 1.134969696921249022e-01
1.034117371121215889e+01 2.812622637772484335e+00 1.134129200845532814e-01
1.034850267911521549e+01 2.814684755443456865e+00 1.133289163321874182e-01
1.035583164701827208e+01 2.816748384987806997e+00 1.132449584643195756e-01
1.036316061492132867e+01 2.818813527513988948e+00 1.131610465101453022e-01
1.037048958282438349e+01 2.820880184131267843e+00 1.130771804987631135e-01
1.037781855072744008e+01 2.822948355949723709e+00 1.129933604591734225e-01
1.038514751863049668e+01 2.825018044080249702e+00 1.129095864202782351e-01
1.039247648653355149e+01 2.827089249634552548e+00 1.128258584108803447e-01
1.039980545443660809e+01 2.829161973725155210e+00 1.127421764596826664e-01
1.040713442233966468e+01 2.831236217465396887e+00 1.126585405952875846e-01
1.041446339024272127e+01 2.833311981969431237e+00 1.125749508461964393e-01
1.042179235814577609e+01 2.835389268352229486e+00 1.124914072408088050e-01
1.042912132604883269e+01 2.837468077729581761e+00 1.124079098074217964e-01
1.043645029395188928e+01 2.839548411218093538e+00 1.123244585742297491e-01
1.044377926185494410e+01 2.841630269935191411e+00 1.122410535693232625e-01
1.045110822975800069e+01 2.843713654999120433e+00 1.121576948206888386e-01
1.045843719766105728e+01 2.845798567528944112e+00 1.120743823562082853e-01
1.046576616556411388e+01 2.847885008644548854e+00 1.119911162036579533e-01
1.047309513346716869e+01 2.849972979466639966e+00 1.119078963907084306e-01
1.048042410137022529e+01 2.852062481116745651e+00 1.118247229449237240e-01
1.048775306927328188e+01 2.854153514717217011e+00 1.117415958937608284e-01
1.049508203717633847e+01 2.856246081391226266e+00 1.116585152645692414e-01
1.050241100507939329e+01 2.858340182262768536e+00 1.115754810845903666e-01
1.050973997298244988e+01 2.860435818456667167e+00 1.114924933809567226e-01
1.051706894088550648e+01 2.862532991098566182e+00 1.114095521806918593e-01
1.052439790878856130e+01 2.864631701314934276e+00 1.113266575107096645e-01
1.053172687669161789e+01 2.866731950233071480e+00 1.112438093978134895e-01
1.053905584459467448e+01 2.868833738981098946e+00 1.111610078686962738e-01
1.054638481249773108e+01 2.870937068687965610e+00 1.110782529499396432e-01
1.055371378040078589e+01 2.873041940483450407e+00 1.109955446680133268e-01
1.056104274830384249e+01 2.875148355498160058e+00 1.109128830492750045e-01
1.056837171620689908e+01 2.877256314863528175e+00 1.108302681199695577e-01
1.057570068410995390e+01 2.879365819711819263e+00 1.107476999062288053e-01
1.058302965201301049e+01 2.881476871176129606e+00 1.106651784340706851e-01
1.059035861991606708e+01 2.883589470390382825e+00 1.105827037293992260e-01
1.059768758781912368e+01 2.885703618489336986e+00 1.105002758180038125e-01
1.060501655572217850e+01 2.887819316608579712e+00 1.104178947255588239e-01
1.061234552362523509e+01 2.889936565884532627e+00 1.103355604776231763e-01
1.061967449152829168e+01 2.892055367454450909e+00 1.102532730996397953e-01
1.062700345943134828e+01 2.894175722456421518e+00 1.101710326169353799e-01
1.063433242733440309e+01 2.896297632029367630e+00 1.100888390547198475e-01
1.064166139523745969e+01 2.898421097313048200e+00 1.100066924380858624e-01
1.064899036314051628e+01 2.900546119448054405e+00 1.099245927920086130e-01
1.065631933104357110e+01 2.902672699575817195e+00 1.098425401413451880e-01
1.066364829894662769e+01 2.904800838838603294e+00 1.097605345108342845e-01
1.067097726684968428e+01 2.906930538379515649e+00 1.096785759250958753e-01
1.067830623475274088e+01 2.909061799342496535e+00 1.095966644086307507e-01
1.068563520265579569e+01 2.911194622872326665e+00 1.095147999858200744e-01
1.069296417055885229e+01 2.913329010114625639e+00 1.094329826809251061e-01
1.070029313846190888e+01 2.915464962215854605e+00 1.093512125180867572e-01
1.070762210636496548e+01 2.917602480323313152e+00 1.092694895213252859e-01
1.071495107426802029e+01 2.919741565585141529e+00 1.091878137145400746e-01
1.072228004217107689e+01 2.921882219150325977e+00 1.091061851215087697e-01
1.072960901007413348e+01 2.924024442168690729e+00 1.090246037658875872e-01
1.073693797797718830e+01 2.926168235790903349e+00 1.089430696712106461e-01
1.074426694588024489e+01 2.928313601168479163e+00 1.088615828608894137e-01
1.075159591378330148e+01 2.930460539453773272e+00 1.087801433582128857e-01
1.075892488168635808e+01 2.932609051799986322e+00 1.086987511863469064e-01
1.076625384958941289e+01 2.934759139361166724e+00 1.086174063683339047e-01
1.077358281749246949e+01 2.936910803292207550e+00 1.085361089270925616e-01
1.078091178539552608e+01 2.939064044748848303e+00 1.084548588854176987e-01
1.078824075329858090e+01 2.941218864887675810e+00 1.083736562659797231e-01
1.079556972120163749e+01 2.943375264866126440e+00 1.082925010913245029e-01
1.080289868910469409e+01 2.945533245842482550e+00 1.082113933838729503e-01
1.081022765700775068e+01 2.947692808975878709e+00 1.081303331659208000e-01
1.081755662491080550e+01 2.949853955426295915e+00 1.080493204596384010e-01
1.082488559281386209e+01 2.952016686354568709e+00 1.079683552870703001e-01
1.083221456071691868e+01 2.954181002922382060e+00 1.078874376701349780e-01
1.083954352861997528e+01 2.956346906292270482e+00 1.078065676306248222e-01
1.084687249652303009e+01 2.958514397627622916e+00 1.077257451902055296e-01
1.085420146442608669e+01 2.960683478092681398e+00 1.076449703704160099e-01
1.086153043232914328e+01 2.962854148852540170e+00 1.075642431926682602e-01
1.086885940023219810e+01 2.965026411073148793e+00 1.074835636782468795e-01
1.087618836813525469e+01 2.967200265921311253e+00 1.074029318483089995e-01
1.088351733603831129e+01 2.969375714564686408e+00 1.073223477238839790e-01
1.089084630394136788e+01 2.971552758171791098e+00 1.072418113258731681e-01
1.089817527184442270e+01 2.973731397911996144e+00 1.071613226750497555e-01
1.090550423974747929e+01 2.975911634955531682e+00 1.070808817920584632e-01
1.091283320765053588e+01 2.978093470473485826e+00 1.070004886974153802e-01
1.092016217555359070e+01 2.980276905637803786e+00 1.069201434115077398e-01
1.092749114345664729e+01 2.982461941621291412e+00 1.068398459545937540e-01
1.093482011135970389e+01 2.984648579597614759e+00 1.067595963468022657e-01
1.094214907926276048e+01 2.986836820741299192e+00 1.066793946081327771e-01
1.094947804716581530e+01 2.989026666227729390e+00 1.065992407584551438e-01
1.095680701506887189e+01 2.991218117233157336e+00 1.065191348175092284e-01
1.096413598297192848e+01 2.993411174934692998e+00 1.064390768049050390e-01
1.097146495087498508e+01 2.995605840510308759e+00 1.063590667401223960e-01
1.097879391877803990e+01 2.997802115138843870e+00 1.062791046425106689e-01
1.098612288668109649e+01 3.000000000000000444e+00 1.061991905312886925e-01
