sigma_0.2_time,sigma_0.2_strain,sigma_0.4_time,sigma_0.4_strain,sigma_0.6_time,sigma_0.6_strain,sigma_1.0_time,sigma_1.0_strain,sigma_3.0_time,sigma_3.0_strain
0.000000,1.054012,0.000000,1.117181,0.000000,1.191370,0.000000,1.380278,0.000000,3.035744
0.010000,1.054595,0.010000,1.118550,0.010000,1.193785,0.010000,1.385768,0.010000,3.064825
0.020000,1.055179,0.020000,1.119922,0.020000,1.196208,0.020000,1.391290,0.020000,3.094116
0.030000,1.055763,0.030000,1.121297,0.030000,1.198640,0.030000,1.396844,0.030000,3.123622
0.040000,1.056349,0.040000,1.122675,0.040000,1.201081,0.040000,1.402430,0.040000,3.153349
0.050000,1.056934,0.050000,1.124056,0.050000,1.203530,0.050000,1.408049,0.050000,3.183300
0.060000,1.057521,0.060000,1.125441,0.060000,1.205988,0.060000,1.413700,0.060000,3.213480
0.070000,1.058108,0.070000,1.126828,0.070000,1.208455,0.070000,1.419385,0.070000,3.243894
0.080000,1.058696,0.080000,1.128219,0.080000,1.210931,0.080000,1.425103,0.080000,3.274545
0.090000,1.059284,0.090000,1.129613,0.090000,1.213416,0.090000,1.430855,0.090000,3.305439
0.100000,1.059873,0.100000,1.131010,0.100000,1.215910,0.100000,1.436642,0.100000,3.336579
0.110000,1.060462,0.110000,1.132411,0.110000,1.218412,0.110000,1.442463,0.110000,3.367971
0.120000,1.061053,0.120000,1.133814,0.120000,1.220924,0.120000,1.448319,0.120000,3.399617
0.130000,1.061644,0.130000,1.135221,0.130000,1.223446,0.130000,1.454211,0.130000,3.431523
0.140000,1.062235,0.140000,1.136632,0.140000,1.225976,0.140000,1.460138,0.140000,3.463693
0.150000,1.062827,0.150000,1.138045,0.150000,1.228516,0.150000,1.466102,0.150000,3.496130
0.160000,1.063420,0.160000,1.139462,0.160000,1.231065,0.160000,1.472102,0.160000,3.528840
0.170000,1.064014,0.170000,1.140882,0.170000,1.233623,0.170000,1.478139,0.170000,3.561826
0.180000,1.064608,0.180000,1.142306,0.180000,1.236191,0.180000,1.484214,0.180000,3.595093
0.190000,1.065203,0.190000,1.143733,0.190000,1.238769,0.190000,1.490326,0.190000,3.628644
0.200000,1.065798,0.200000,1.145163,0.200000,1.241356,0.200000,1.496477,0.200000,3.662485
0.210000,1.066394,0.210000,1.146597,0.210000,1.243953,0.210000,1.502666,0.210000,3.696619
0.220000,1.066991,0.220000,1.148034,0.220000,1.246560,0.220000,1.508894,0.220000,3.731050
0.230000,1.067588,0.230000,1.149474,0.230000,1.249177,0.230000,1.515161,0.230000,3.765783
0.240000,1.068186,0.240000,1.150918,0.240000,1.251803,0.240000,1.521468,0.240000,3.800821
0.250000,1.068785,0.250000,1.152365,0.250000,1.254440,0.250000,1.527815,0.250000,3.836170
0.260000,1.069384,0.260000,1.153816,0.260000,1.257086,0.260000,1.534203,0.260000,3.871833
0.270000,1.069984,0.270000,1.155270,0.270000,1.259743,0.270000,1.540632,0.270000,3.907814
0.280000,1.070585,0.280000,1.156728,0.280000,1.262409,0.280000,1.547103,0.280000,3.944118
0.290000,1.071186,0.290000,1.158189,0.290000,1.265086,0.290000,1.553615,0.290000,3.980750
0.300000,1.071788,0.300000,1.159654,0.300000,1.267774,0.300000,1.560170,0.300000,4.017712
0.310000,1.072391,0.310000,1.161122,0.310000,1.270471,0.310000,1.566768,0.310000,4.055010
0.320000,1.072994,0.320000,1.162594,0.320000,1.273179,0.320000,1.573409,0.320000,4.092647
0.330000,1.073598,0.330000,1.164070,0.330000,1.275898,0.330000,1.580093,0.330000,4.130629
0.340000,1.074203,0.340000,1.165549,0.340000,1.278627,0.340000,1.586822,0.340000,4.168959
0.350000,1.074808,0.350000,1.167031,0.350000,1.281367,0.350000,1.593595,0.350000,4.207642
0.360000,1.075414,0.360000,1.168517,0.360000,1.284117,0.360000,1.600414,0.360000,4.246682
0.370000,1.076021,0.370000,1.170007,0.370000,1.286879,0.370000,1.607278,0.370000,4.286084
0.380000,1.076628,0.380000,1.171501,0.380000,1.289651,0.380000,1.614188,0.380000,4.325851
0.390000,1.077236,0.390000,1.172998,0.390000,1.292434,0.390000,1.621144,0.390000,4.365989
0.400000,1.077845,0.400000,1.174499,0.400000,1.295228,0.400000,1.628147,0.400000,4.406502
0.410000,1.078454,0.410000,1.176003,0.410000,1.298033,0.410000,1.635198,0.410000,4.447395
0.420000,1.079064,0.420000,1.177511,0.420000,1.300849,0.420000,1.642297,0.420000,4.488671
0.430000,1.079675,0.430000,1.179023,0.430000,1.303677,0.430000,1.649445,0.430000,4.530335
0.440000,1.080287,0.440000,1.180539,0.440000,1.306516,0.440000,1.656641,0.440000,4.572393
0.450000,1.080899,0.450000,1.182058,0.450000,1.309366,0.450000,1.663887,0.450000,4.614848
0.460000,1.081512,0.460000,1.183581,0.460000,1.312228,0.460000,1.671183,0.460000,4.657705
0.470000,1.082125,0.470000,1.185108,0.470000,1.315101,0.470000,1.678529,0.470000,4.700969
0.480000,1.082739,0.480000,1.186639,0.480000,1.317986,0.480000,1.685927,0.480000,4.744644
0.490000,1.083354,0.490000,1.188174,0.490000,1.320882,0.490000,1.693375,0.490000,4.788736
0.500000,1.083970,0.500000,1.189712,0.500000,1.323791,0.500000,1.700877,0.500000,4.833249
0.510000,1.084586,0.510000,1.191254,0.510000,1.326711,0.510000,1.708430,0.510000,4.878187
0.520000,1.085203,0.520000,1.192800,0.520000,1.329643,0.520000,1.716037,0.520000,4.923556
0.530000,1.085820,0.530000,1.194350,0.530000,1.332587,0.530000,1.723698,0.530000,4.969360
0.540000,1.086439,0.540000,1.195904,0.540000,1.335543,0.540000,1.731413,0.540000,5.015605
0.550000,1.087058,0.550000,1.197462,0.550000,1.338511,0.550000,1.739182,0.550000,5.062295
0.560000,1.087678,0.560000,1.199024,0.560000,1.341492,0.560000,1.747008,0.560000,5.109435
0.570000,1.088298,0.570000,1.200589,0.570000,1.344485,0.570000,1.754889,0.570000,5.157031
0.580000,1.088919,0.580000,1.202159,0.580000,1.347490,0.580000,1.762827,0.580000,5.205086
0.590000,1.089541,0.590000,1.203733,0.590000,1.350508,0.590000,1.770822,0.590000,5.253607
0.600000,1.090164,0.600000,1.205310,0.600000,1.353538,0.600000,1.778874,0.600000,5.302598
0.610000,1.090787,0.610000,1.206892,0.610000,1.356581,0.610000,1.786985,0.610000,5.352065
0.620000,1.091411,0.620000,1.208478,0.620000,1.359637,0.620000,1.795155,0.620000,5.402013
0.630000,1.092035,0.630000,1.210067,0.630000,1.362706,0.630000,1.803385,0.630000,5.452446
0.640000,1.092661,0.640000,1.211661,0.640000,1.365787,0.640000,1.811675,0.640000,5.503371
0.650000,1.093287,0.650000,1.213259,0.650000,1.368882,0.650000,1.820026,0.650000,5.554793
0.660000,1.093914,0.660000,1.214861,0.660000,1.371989,0.660000,1.828438,0.660000,5.606716
0.670000,1.094541,0.670000,1.216467,0.670000,1.375110,0.670000,1.836912,0.670000,5.659147
0.680000,1.095169,0.680000,1.218078,0.680000,1.378244,0.680000,1.845449,0.680000,5.712090
0.690000,1.095798,0.690000,1.219692,0.690000,1.381392,0.690000,1.854049,0.690000,5.765552
0.700000,1.096428,0.700000,1.221311,0.700000,1.384553,0.700000,1.862714,0.700000,5.819538
0.710000,1.097058,0.710000,1.222933,0.710000,1.387727,0.710000,1.871443,0.710000,5.874054
0.720000,1.097690,0.720000,1.224560,0.720000,1.390915,0.720000,1.880237,0.720000,5.929104
0.730000,1.098321,0.730000,1.226192,0.730000,1.394117,0.730000,1.889098,0.730000,5.984696
0.740000,1.098954,0.740000,1.227827,0.740000,1.397333,0.740000,1.898025,0.740000,6.040834
0.750000,1.099587,0.750000,1.229467,0.750000,1.400562,0.750000,1.907020,0.750000,6.097524
0.760000,1.100221,0.760000,1.231111,0.760000,1.403806,0.760000,1.916083,0.760000,6.154772
0.770000,1.100856,0.770000,1.232759,0.770000,1.407064,0.770000,1.925215,0.770000,6.212585
0.780000,1.101491,0.780000,1.234412,0.780000,1.410336,0.780000,1.934416,0.780000,6.270968
0.790000,1.102128,0.790000,1.236069,0.790000,1.413622,0.790000,1.943688,0.790000,6.329927
0.800000,1.102765,0.800000,1.237730,0.800000,1.416923,0.800000,1.953030,0.800000,6.389468
0.810000,1.103402,0.810000,1.239396,0.810000,1.420238,0.810000,1.962445,0.810000,6.449597
0.820000,1.104041,0.820000,1.241066,0.820000,1.423568,0.820000,1.971932,0.820000,6.510321
0.830000,1.104680,0.830000,1.242741,0.830000,1.426912,0.830000,1.981492,0.830000,6.571645
0.840000,1.105320,0.840000,1.244419,0.840000,1.430271,0.840000,1.991127,0.840000,6.633576
0.850000,1.105960,0.850000,1.246103,0.850000,1.433646,0.850000,2.000836,0.850000,6.696120
0.860000,1.106602,0.860000,1.247791,0.860000,1.437035,0.860000,2.010620,0.860000,6.759284
0.870000,1.107244,0.870000,1.249483,0.870000,1.440439,0.870000,2.020482,0.870000,6.823075
0.880000,1.107887,0.880000,1.251180,0.880000,1.443859,0.880000,2.030420,0.880000,6.887497
0.890000,1.108530,0.890000,1.252882,0.890000,1.447293,0.890000,2.040436,0.890000,6.952559
0.900000,1.109175,0.900000,1.254588,0.900000,1.450744,0.900000,2.050531,0.900000,7.018267
0.910000,1.109820,0.910000,1.256298,0.910000,1.454209,0.910000,2.060706,0.910000,7.084627
0.920000,1.110466,0.920000,1.258013,0.920000,1.457691,0.920000,2.070961,0.920000,7.151647
0.930000,1.111112,0.930000,1.259733,0.930000,1.461188,0.930000,2.081298,0.930000,7.219332
0.940000,1.111759,0.940000,1.261457,0.940000,1.464701,0.940000,2.091717,0.940000,7.287691
0.950000,1.112408,0.950000,1.263186,0.950000,1.468230,0.950000,2.102218,0.950000,7.356729
0.960000,1.113056,0.960000,1.264920,0.960000,1.471775,0.960000,2.112804,0.960000,7.426455
0.970000,1.113706,0.970000,1.266659,0.970000,1.475337,0.970000,2.123474,0.970000,7.496874
0.980000,1.114356,0.980000,1.268402,0.980000,1.478914,0.980000,2.134231,0.980000,7.567995
0.990000,1.115008,0.990000,1.270149,0.990000,1.482508,0.990000,2.145073,0.990000,7.639824
1.000000,1.115659,1.000000,1.271902,1.000000,1.486119,1.000000,2.156003,1.000000,7.712368
1.010000,1.116312,1.010000,1.273659,1.010000,1.489746,1.010000,2.167022,1.010000,7.785636
1.020000,1.116966,1.020000,1.275422,1.020000,1.493390,1.020000,2.178130,1.020000,7.859634
1.030000,1.117620,1.030000,1.277189,1.030000,1.497051,1.030000,2.189328,1.030000,7.934370
1.040000,1.118275,1.040000,1.278960,1.040000,1.500729,1.040000,2.200617,1.040000,8.009851
1.050000,1.118930,1.050000,1.280737,1.050000,1.504424,1.050000,2.211998,1.050000,8.086086
1.060000,1.119587,1.060000,1.282519,1.060000,1.508137,1.060000,2.223473,1.060000,8.163081
1.070000,1.120244,1.070000,1.284305,1.070000,1.511866,1.070000,2.235042,1.070000,8.240845
1.080000,1.120902,1.080000,1.286096,1.080000,1.515613,1.080000,2.246705,1.080000,8.319386
1.090000,1.121561,1.090000,1.287893,1.090000,1.519378,1.090000,2.258465,1.090000,8.398711
1.100000,1.122221,1.100000,1.289694,1.100000,1.523161,1.100000,2.270322,1.100000,8.478828
1.110000,1.122881,1.110000,1.291500,1.110000,1.526961,1.110000,2.282277,1.110000,8.559746
1.120000,1.123542,1.120000,1.293312,1.120000,1.530780,1.120000,2.294332,1.120000,8.641472
1.130000,1.124204,1.130000,1.295128,1.130000,1.534616,1.130000,2.306486,1.130000,8.724016
1.140000,1.124867,1.140000,1.296949,1.140000,1.538471,1.140000,2.318742,1.140000,8.807384
1.150000,1.125530,1.150000,1.298776,1.150000,1.542344,1.150000,2.331100,1.150000,8.891586
1.160000,1.126195,1.160000,1.300607,1.160000,1.546236,1.160000,2.343562,1.160000,8.976631
1.170000,1.126860,1.170000,1.302444,1.170000,1.550146,1.170000,2.356128,1.170000,9.062526
1.180000,1.127526,1.180000,1.304286,1.180000,1.554076,1.180000,2.368799,1.180000,9.149280
1.190000,1.128192,1.190000,1.306133,1.190000,1.558024,1.190000,2.381578,1.190000,9.236903
1.200000,1.128860,1.200000,1.307985,1.200000,1.561991,1.200000,2.394464,1.200000,9.325402
1.210000,1.129528,1.210000,1.309842,1.210000,1.565977,1.210000,2.407459,1.210000,9.414788
1.220000,1.130197,1.220000,1.311705,1.220000,1.569983,1.220000,2.420565,1.220000,9.505068
1.230000,1.130867,1.230000,1.313573,1.230000,1.574008,1.230000,2.433781,1.230000,9.596252
1.240000,1.131538,1.240000,1.315446,1.240000,1.578053,1.240000,2.447111,1.240000,9.688349
1.250000,1.132209,1.250000,1.317324,1.250000,1.582117,1.250000,2.460553,1.250000,9.781368
1.260000,1.132881,1.260000,1.319208,1.260000,1.586202,1.260000,2.474111,1.260000,9.875320
1.270000,1.133554,1.270000,1.321097,1.270000,1.590306,1.270000,2.487785,1.270000,9.970212
1.280000,1.134228,1.280000,1.322992,1.280000,1.594431,1.280000,2.501576,1.280000,10.066055
1.290000,1.134903,1.290000,1.324891,1.290000,1.598576,1.290000,2.515486,1.290000,10.162858
1.300000,1.135578,1.300000,1.326797,1.300000,1.602741,1.300000,2.529516,1.300000,10.260632
1.310000,1.136255,1.310000,1.328708,1.310000,1.606928,1.310000,2.543666,1.310000,10.359385
1.320000,1.136932,1.320000,1.330624,1.320000,1.611135,1.320000,2.557939,1.320000,10.459128
1.330000,1.137610,1.330000,1.332546,1.330000,1.615362,1.330000,2.572336,1.330000,10.559871
1.340000,1.138288,1.340000,1.334473,1.340000,1.619611,1.340000,2.586858,1.340000,10.661624
1.350000,1.138968,1.350000,1.336406,1.350000,1.623882,1.350000,2.601506,1.350000,10.764397
1.360000,1.139648,1.360000,1.338344,1.360000,1.628173,1.360000,2.616282,1.360000,10.868200
1.370000,1.140329,1.370000,1.340288,1.370000,1.632486,1.370000,2.631186,1.370000,10.973044
1.380000,1.141011,1.380000,1.342237,1.380000,1.636821,1.380000,2.646221,1.380000,11.078940
1.390000,1.141694,1.390000,1.344193,1.390000,1.641178,1.390000,2.661388,1.390000,11.185898
1.400000,1.142378,1.400000,1.346154,1.400000,1.645557,1.400000,2.676688,1.400000,11.293928
1.410000,1.143062,1.410000,1.348120,1.410000,1.649958,1.410000,2.692122,1.410000,11.403043
1.420000,1.143747,1.420000,1.350093,1.420000,1.654382,1.420000,2.707693,1.420000,11.513251
1.430000,1.144433,1.430000,1.352071,1.430000,1.658828,1.430000,2.723401,1.430000,11.624566
1.440000,1.145120,1.440000,1.354054,1.440000,1.663296,1.440000,2.739247,1.440000,11.736997
1.450000,1.145808,1.450000,1.356044,1.450000,1.667788,1.450000,2.755234,1.450000,11.850556
1.460000,1.146497,1.460000,1.358040,1.460000,1.672303,1.460000,2.771363,1.460000,11.965255
1.470000,1.147186,1.470000,1.360041,1.470000,1.676841,1.470000,2.787636,1.470000,12.081104
1.480000,1.147876,1.480000,1.362048,1.480000,1.681402,1.480000,2.804053,1.480000,12.198116
1.490000,1.148568,1.490000,1.364061,1.490000,1.685987,1.490000,2.820616,1.490000,12.316303
1.500000,1.149259,1.500000,1.366080,1.500000,1.690595,1.500000,2.837328,1.500000,12.435675
1.510000,1.149952,1.510000,1.368105,1.510000,1.695228,1.510000,2.854189,1.510000,12.556246
1.520000,1.150646,1.520000,1.370136,1.520000,1.699885,1.520000,2.871201,1.520000,12.678027
1.530000,1.151340,1.530000,1.372173,1.530000,1.704566,1.530000,2.888366,1.530000,12.801030
1.540000,1.152036,1.540000,1.374216,1.540000,1.709271,1.540000,2.905685,1.540000,12.925268
1.550000,1.152732,1.550000,1.376266,1.550000,1.714001,1.550000,2.923160,1.550000,13.050753
1.560000,1.153429,1.560000,1.378321,1.560000,1.718756,1.560000,2.940793,1.560000,13.177498
1.570000,1.154127,1.570000,1.380382,1.570000,1.723536,1.570000,2.958585,1.570000,13.305515
1.580000,1.154825,1.580000,1.382450,1.580000,1.728342,1.580000,2.976538,1.580000,13.434818
1.590000,1.155525,1.590000,1.384523,1.590000,1.733173,1.590000,2.994654,1.590000,13.565419
1.600000,1.156225,1.600000,1.386603,1.600000,1.738029,1.600000,3.012934,1.600000,13.697331
1.610000,1.156927,1.610000,1.388690,1.610000,1.742911,1.610000,3.031381,1.610000,13.830567
1.620000,1.157629,1.620000,1.390782,1.620000,1.747819,1.620000,3.049995,1.620000,13.965142
1.630000,1.158332,1.630000,1.392881,1.630000,1.752754,1.630000,3.068779,1.630000,14.101067
1.640000,1.159036,1.640000,1.394986,1.640000,1.757715,1.640000,3.087735,1.640000,14.238358
1.650000,1.159740,1.650000,1.397097,1.650000,1.762702,1.650000,3.106864,1.650000,14.377028
1.660000,1.160446,1.660000,1.399215,1.660000,1.767717,1.660000,3.126168,1.660000,14.517090
1.670000,1.161152,1.670000,1.401339,1.670000,1.772758,1.670000,3.145649,1.670000,14.658558
1.680000,1.161860,1.680000,1.403470,1.680000,1.777827,1.680000,3.165309,1.680000,14.801448
1.690000,1.162568,1.690000,1.405607,1.690000,1.782923,1.690000,3.185149,1.690000,14.945772
1.700000,1.163277,1.700000,1.407750,1.700000,1.788047,1.700000,3.205173,1.700000,15.091546
1.710000,1.163987,1.710000,1.409901,1.710000,1.793198,1.710000,3.225381,1.710000,15.238784
1.720000,1.164698,1.720000,1.412057,1.720000,1.798378,1.720000,3.245776,1.720000,15.387501
1.730000,1.165410,1.730000,1.414221,1.730000,1.803586,1.730000,3.266359,1.730000,15.537712
1.740000,1.166122,1.740000,1.416391,1.740000,1.808823,1.740000,3.287133,1.740000,15.689432
1.750000,1.166836,1.750000,1.418567,1.750000,1.814088,1.750000,3.308100,1.750000,15.842675
1.760000,1.167550,1.760000,1.420751,1.760000,1.819383,1.760000,3.329261,1.760000,15.997458
1.770000,1.168265,1.770000,1.422941,1.770000,1.824707,1.770000,3.350618,1.770000,16.153796
1.780000,1.168981,1.780000,1.425137,1.780000,1.830060,1.780000,3.372175,1.780000,16.311704
1.790000,1.169698,1.790000,1.427341,1.790000,1.835443,1.790000,3.393932,1.790000,16.471198
1.800000,1.170416,1.800000,1.429551,1.800000,1.840856,1.800000,3.415893,1.800000,16.632295
1.810000,1.171135,1.810000,1.431769,1.810000,1.846299,1.810000,3.438059,1.810000,16.795010
1.820000,1.171855,1.820000,1.433993,1.820000,1.851772,1.820000,3.460431,1.820000,16.959359
1.830000,1.172575,1.830000,1.436224,1.830000,1.857276,1.830000,3.483014,1.830000,17.125360
1.840000,1.173297,1.840000,1.438462,1.840000,1.862811,1.840000,3.505808,1.840000,17.293028
1.850000,1.174019,1.850000,1.440707,1.850000,1.868378,1.850000,3.528816,1.850000,17.462381
1.860000,1.174742,1.860000,1.442959,1.860000,1.873975,1.860000,3.552040,1.860000,17.633435
1.870000,1.175466,1.870000,1.445218,1.870000,1.879604,1.870000,3.575483,1.870000,17.806208
1.880000,1.176192,1.880000,1.447484,1.880000,1.885265,1.880000,3.599147,1.880000,17.980716
1.890000,1.176917,1.890000,1.449757,1.890000,1.890959,1.890000,3.623034,1.890000,18.156978
1.900000,1.177644,1.900000,1.452037,1.900000,1.896684,1.900000,3.647146,1.900000,18.335011
1.910000,1.178372,1.910000,1.454325,1.910000,1.902443,1.910000,3.671486,1.910000,18.514832
1.920000,1.179101,1.920000,1.456620,1.920000,1.908234,1.920000,3.696056,1.920000,18.696460
1.930000,1.179830,1.930000,1.458922,1.930000,1.914059,1.930000,3.720859,1.930000,18.879913
1.940000,1.180561,1.940000,1.461231,1.940000,1.919917,1.940000,3.745897,1.940000,19.065210
1.950000,1.181292,1.950000,1.463547,1.950000,1.925808,1.950000,3.771173,1.950000,19.252368
1.960000,1.182025,1.960000,1.465871,1.960000,1.931734,1.960000,3.796689,1.960000,19.441406
1.970000,1.182758,1.970000,1.468203,1.970000,1.937694,1.970000,3.822448,1.970000,19.632344
1.980000,1.183492,1.980000,1.470541,1.980000,1.943689,1.980000,3.848452,1.980000,19.825201
1.990000,1.184227,1.990000,1.472888,1.990000,1.949719,1.990000,3.874703,1.990000,20.019995
2.000000,1.184963,2.000000,1.475241,2.000000,1.955783,2.000000,3.901205,2.000000,20.216747
2.010000,1.185700,2.010000,1.477603,2.010000,1.961884,2.010000,3.927960,2.010000,20.415475
2.020000,1.186438,2.020000,1.479972,2.020000,1.968019,2.020000,3.954971,2.020000,20.616201
2.030000,1.187177,2.030000,1.482348,2.030000,1.974191,2.030000,3.982239,2.030000,20.818943
2.040000,1.187917,2.040000,1.484732,2.040000,1.980400,2.040000,4.009770,2.040000,21.023723
2.050000,1.188658,2.050000,1.487124,2.050000,1.986645,2.050000,4.037563,2.050000,21.230560
2.060000,1.189399,2.060000,1.489523,2.060000,1.992926,2.060000,4.065624,2.060000,21.439476
2.070000,1.190142,2.070000,1.491931,2.070000,1.999245,2.070000,4.093954,2.070000,21.650491
2.080000,1.190885,2.080000,1.494346,2.080000,2.005602,2.080000,4.122556,2.080000,21.863627
2.090000,1.191630,2.090000,1.496768,2.090000,2.011997,2.090000,4.151433,2.090000,22.078904
2.100000,1.192375,2.100000,1.499199,2.100000,2.018429,2.100000,4.180588,2.100000,22.296344
2.110000,1.193122,2.110000,1.501638,2.110000,2.024900,2.110000,4.210023,2.110000,22.515970
2.120000,1.193869,2.120000,1.504084,2.120000,2.031410,2.120000,4.239743,2.120000,22.737802
2.130000,1.194617,2.130000,1.506539,2.130000,2.037960,2.130000,4.269749,2.130000,22.961864
2.140000,1.195366,2.140000,1.509002,2.140000,2.044548,2.140000,4.300045,2.140000,23.188177
2.150000,1.196116,2.150000,1.511472,2.150000,2.051177,2.150000,4.330634,2.150000,23.416765
2.160000,1.196868,2.160000,1.513951,2.160000,2.057845,2.160000,4.361519,2.160000,23.647649
2.170000,1.197620,2.170000,1.516438,2.170000,2.064554,2.170000,4.392702,2.170000,23.880854
2.180000,1.198373,2.180000,1.518933,2.180000,2.071304,2.180000,4.424188,2.180000,24.116402
2.190000,1.199127,2.190000,1.521436,2.190000,2.078095,2.190000,4.455979,2.190000,24.354317
2.200000,1.199881,2.200000,1.523948,2.200000,2.084927,2.200000,4.488078,2.200000,24.594623
2.210000,1.200637,2.210000,1.526468,2.210000,2.091802,2.210000,4.520489,2.210000,24.837344
2.220000,1.201394,2.220000,1.528996,2.220000,2.098718,2.220000,4.553214,2.220000,25.082504
2.230000,1.202152,2.230000,1.531533,2.230000,2.105678,2.230000,4.586258,2.230000,25.330128
2.240000,1.202911,2.240000,1.534078,2.240000,2.112680,2.240000,4.619623,2.240000,25.580240
2.250000,1.203671,2.250000,1.536632,2.250000,2.119725,2.250000,4.653313,2.250000,25.832866
2.260000,1.204431,2.260000,1.539194,2.260000,2.126814,2.260000,4.687331,2.260000,26.088031
2.270000,1.205193,2.270000,1.541764,2.270000,2.133948,2.270000,4.721681,2.270000,26.345759
2.280000,1.205956,2.280000,1.544344,2.280000,2.141125,2.280000,4.756366,2.280000,26.606078
2.290000,1.206720,2.290000,1.546931,2.290000,2.148348,2.290000,4.791389,2.290000,26.869013
2.300000,1.207484,2.300000,1.549528,2.300000,2.155615,2.300000,4.826754,2.300000,27.134590
2.310000,1.208250,2.310000,1.552133,2.310000,2.162929,2.310000,4.862465,2.310000,27.402836
2.320000,1.209016,2.320000,1.554747,2.320000,2.170288,2.320000,4.898525,2.320000,27.673778
2.330000,1.209784,2.330000,1.557370,2.330000,2.177694,2.330000,4.934937,2.330000,27.947443
2.340000,1.210553,2.340000,1.560002,2.340000,2.185146,2.340000,4.971706,2.340000,28.223858
2.350000,1.211322,2.350000,1.562643,2.350000,2.192646,2.350000,5.008836,2.350000,28.503051
2.360000,1.212093,2.360000,1.565292,2.360000,2.200193,2.360000,5.046329,2.360000,28.785049
2.370000,1.212864,2.370000,1.567951,2.370000,2.207789,2.370000,5.084190,2.370000,29.069882
2.380000,1.213637,2.380000,1.570619,2.380000,2.215432,2.380000,5.122422,2.380000,29.357577
2.390000,1.214411,2.390000,1.573296,2.390000,2.223125,2.390000,5.161029,2.390000,29.648163
2.400000,1.215185,2.400000,1.575981,2.400000,2.230867,2.400000,5.200016,2.400000,29.941670
2.410000,1.215961,2.410000,1.578677,2.410000,2.238659,2.410000,5.239385,2.410000,30.238126
2.420000,1.216737,2.420000,1.581381,2.420000,2.246501,2.420000,5.279142,2.420000,30.537562
2.430000,1.217515,2.430000,1.584095,2.430000,2.254393,2.430000,5.319290,2.430000,30.840007
2.440000,1.218294,2.440000,1.586818,2.440000,2.262337,2.440000,5.359833,2.440000,31.145491
2.450000,1.219073,2.450000,1.589550,2.450000,2.270332,2.450000,5.400775,2.450000,31.454045
2.460000,1.219854,2.460000,1.592292,2.460000,2.278379,2.460000,5.442120,2.460000,31.765701
2.470000,1.220635,2.470000,1.595043,2.470000,2.286479,2.470000,5.483873,2.470000,32.080488
2.480000,1.221418,2.480000,1.597804,2.480000,2.294631,2.480000,5.526037,2.480000,32.398439
2.490000,1.222202,2.490000,1.600574,2.490000,2.302837,2.490000,5.568617,2.490000,32.719585
2.500000,1.222986,2.500000,1.603354,2.500000,2.311096,2.500000,5.611618,2.500000,33.043959
2.510000,1.223772,2.510000,1.606144,2.510000,2.319410,2.510000,5.655042,2.510000,33.371593
2.520000,1.224559,2.520000,1.608943,2.520000,2.327779,2.520000,5.698896,2.520000,33.702519
2.530000,1.225347,2.530000,1.611752,2.530000,2.336203,2.530000,5.743183,2.530000,34.036771
2.540000,1.226135,2.540000,1.614571,2.540000,2.344683,2.540000,5.787908,2.540000,34.374383
2.550000,1.226925,2.550000,1.617400,2.550000,2.353220,2.550000,5.833075,2.550000,34.715387
2.560000,1.227716,2.560000,1.620239,2.560000,2.361813,2.560000,5.878688,2.560000,35.059818
2.570000,1.228508,2.570000,1.623087,2.570000,2.370463,2.570000,5.924754,2.570000,35.407711
2.580000,1.229301,2.580000,1.625946,2.580000,2.379171,2.580000,5.971275,2.580000,35.759100
2.590000,1.230095,2.590000,1.628815,2.590000,2.387938,2.590000,6.018256,2.590000,36.114021
2.600000,1.230890,2.600000,1.631694,2.600000,2.396764,2.600000,6.065704,2.600000,36.472509
2.610000,1.231686,2.610000,1.634583,2.610000,2.405649,2.610000,6.113621,2.610000,36.834599
2.620000,1.232483,2.620000,1.637483,2.620000,2.414593,2.620000,6.162013,2.620000,37.200329
2.630000,1.233281,2.630000,1.640392,2.630000,2.423599,2.630000,6.210886,2.630000,37.569733
2.640000,1.234081,2.640000,1.643312,2.640000,2.432665,2.640000,6.260243,2.640000,37.942851
2.650000,1.234881,2.650000,1.646243,2.650000,2.441794,2.650000,6.310089,2.650000,38.319718
2.660000,1.235682,2.660000,1.649184,2.660000,2.450984,2.660000,6.360431,2.660000,38.700373
2.670000,1.236485,2.670000,1.652135,2.670000,2.460237,2.670000,6.411272,2.670000,39.084853
2.680000,1.237288,2.680000,1.655097,2.680000,2.469554,2.680000,6.462619,2.680000,39.473198
2.690000,1.238092,2.690000,1.658070,2.690000,2.478934,2.690000,6.514475,2.690000,39.865445
2.700000,1.238898,2.700000,1.661053,2.700000,2.488379,2.700000,6.566847,2.700000,40.261634
2.710000,1.239705,2.710000,1.664047,2.710000,2.497889,2.710000,6.619739,2.710000,40.661806
2.720000,1.240512,2.720000,1.667052,2.720000,2.507465,2.720000,6.673158,2.720000,41.065998
2.730000,1.241321,2.730000,1.670068,2.730000,2.517107,2.730000,6.727107,2.730000,41.474253
2.740000,1.242131,2.740000,1.673094,2.740000,2.526816,2.740000,6.781594,2.740000,41.886611
2.750000,1.242942,2.750000,1.676132,2.750000,2.536593,2.750000,6.836622,2.750000,42.303114
2.760000,1.243754,2.760000,1.679181,2.760000,2.546438,2.760000,6.892199,2.760000,42.723802
2.770000,1.244567,2.770000,1.682241,2.770000,2.556351,2.770000,6.948328,2.770000,43.148718
2.780000,1.245381,2.780000,1.685311,2.780000,2.566334,2.780000,7.005017,2.780000,43.577904
2.790000,1.246196,2.790000,1.688394,2.790000,2.576387,2.790000,7.062270,2.790000,44.011404
2.800000,1.247012,2.800000,1.691487,2.800000,2.586511,2.800000,7.120094,2.800000,44.449260
2.810000,1.247830,2.810000,1.694592,2.810000,2.596707,2.810000,7.178494,2.810000,44.891517
2.820000,1.248648,2.820000,1.697708,2.820000,2.606974,2.820000,7.237476,2.820000,45.338219
2.830000,1.249468,2.830000,1.700835,2.830000,2.617315,2.830000,7.297046,2.830000,45.789410
2.840000,1.250289,2.840000,1.703975,2.840000,2.627728,2.840000,7.357211,2.840000,46.245136
2.850000,1.251110,2.850000,1.707125,2.850000,2.638216,2.850000,7.417975,2.850000,46.705442
2.860000,1.251933,2.860000,1.710288,2.860000,2.648779,2.860000,7.479345,2.860000,47.170373
2.870000,1.252757,2.870000,1.713462,2.870000,2.659417,2.870000,7.541328,2.870000,47.639978
2.880000,1.253582,2.880000,1.716647,2.880000,2.670132,2.880000,7.603930,2.880000,48.114302
2.890000,1.254408,2.890000,1.719845,2.890000,2.680924,2.890000,7.667156,2.890000,48.593393
2.900000,1.255236,2.900000,1.723055,2.900000,2.691793,2.900000,7.731013,2.900000,49.077299
2.910000,1.256064,2.910000,1.726276,2.910000,2.702741,2.910000,7.795509,2.910000,49.566068
2.920000,1.256894,2.920000,1.729510,2.920000,2.713768,2.920000,7.860648,2.920000,50.059749
2.930000,1.257724,2.930000,1.732756,2.930000,2.724875,2.930000,7.926438,2.930000,50.558392
2.940000,1.258556,2.940000,1.736013,2.940000,2.736063,2.940000,7.992885,2.940000,51.062046
2.950000,1.259389,2.950000,1.739284,2.950000,2.747332,2.950000,8.059997,2.950000,51.570763
2.960000,1.260223,2.960000,1.742566,2.960000,2.758684,2.960000,8.127779,2.960000,52.084591
2.970000,1.261058,2.970000,1.745861,2.970000,2.770118,2.970000,8.196238,2.970000,52.603584
2.980000,1.261894,2.980000,1.749168,2.980000,2.781637,2.980000,8.265382,2.980000,53.127793
2.990000,1.262731,2.990000,1.752488,2.990000,2.793240,2.990000,8.335217,2.990000,53.657270
3.000000,1.263570,3.000000,1.755820,3.000000,2.804929,3.000000,8.405750,3.000000,54.192069
3.010000,1.264409,3.010000,1.759165,3.010000,2.816704,3.010000,8.476989,3.010000,54.732242
3.020000,1.265250,3.020000,1.762523,3.020000,2.828566,3.020000,8.548941,3.020000,55.277844
3.030000,1.266092,3.030000,1.765893,3.030000,2.840517,3.030000,8.621612,3.030000,55.828929
3.040000,1.266935,3.040000,1.769277,3.040000,2.852556,3.040000,8.695011,3.040000,56.385553
3.050000,1.267779,3.050000,1.772673,3.050000,2.864685,3.050000,8.769143,3.050000,56.947771
3.060000,1.268625,3.060000,1.776082,3.060000,2.876904,3.060000,8.844018,3.060000,57.515640
3.070000,1.269471,3.070000,1.779505,3.070000,2.889215,3.070000,8.919642,3.070000,58.089215
3.080000,1.270319,3.080000,1.782940,3.080000,2.901618,3.080000,8.996023,3.080000,58.668555
3.090000,1.271167,3.090000,1.786389,3.090000,2.914115,3.090000,9.073169,3.090000,59.253718
3.100000,1.272017,3.100000,1.789851,3.100000,2.926706,3.100000,9.151088,3.100000,59.844761
3.110000,1.272868,3.110000,1.793327,3.110000,2.939391,3.110000,9.229786,3.110000,60.441745
3.120000,1.273720,3.120000,1.796816,3.120000,2.952173,3.120000,9.309273,3.120000,61.044728
3.130000,1.274574,3.130000,1.800318,3.130000,2.965052,3.130000,9.389555,3.130000,61.653772
3.140000,1.275428,3.140000,1.803834,3.140000,2.978029,3.140000,9.470642,3.140000,62.268936
3.150000,1.276284,3.150000,1.807364,3.150000,2.991104,3.150000,9.552541,3.150000,62.890283
3.160000,1.277141,3.160000,1.810908,3.160000,3.004280,3.160000,9.635261,3.160000,63.517874
3.170000,1.277999,3.170000,1.814465,3.170000,3.017556,3.170000,9.718809,3.170000,64.151773
3.180000,1.278858,3.180000,1.818037,3.180000,3.030934,3.180000,9.803195,3.180000,64.792043
3.190000,1.279719,3.190000,1.821622,3.190000,3.044415,3.190000,9.888426,3.190000,65.438747
3.200000,1.280580,3.200000,1.825222,3.200000,3.058000,3.200000,9.974512,3.200000,66.091951
3.210000,1.281443,3.210000,1.828835,3.210000,3.071690,3.210000,10.061460,3.210000,66.751720
3.220000,1.282307,3.220000,1.832463,3.220000,3.085485,3.220000,10.149280,3.220000,67.418119
3.230000,1.283172,3.230000,1.836106,3.230000,3.099388,3.230000,10.237980,3.230000,68.091216
3.240000,1.284038,3.240000,1.839762,3.240000,3.113398,3.240000,10.327569,3.240000,68.771078
3.250000,1.284906,3.250000,1.843434,3.250000,3.127518,3.250000,10.418057,3.250000,69.457772
3.260000,1.285775,3.260000,1.847119,3.260000,3.141748,3.260000,10.509451,3.260000,70.151368
3.270000,1.286644,3.270000,1.850820,3.270000,3.156089,3.270000,10.601763,3.270000,70.851934
3.280000,1.287515,3.280000,1.854535,3.280000,3.170543,3.280000,10.695000,3.280000,71.559542
3.290000,1.288388,3.290000,1.858265,3.290000,3.185110,3.290000,10.789172,3.290000,72.274260
3.300000,1.289261,3.300000,1.862010,3.300000,3.199791,3.300000,10.884288,3.300000,72.996162
3.310000,1.290136,3.310000,1.865770,3.310000,3.214589,3.310000,10.980359,3.310000,73.725319
3.320000,1.291012,3.320000,1.869546,3.320000,3.229503,3.320000,11.077393,3.320000,74.461805
3.330000,1.291889,3.330000,1.873336,3.330000,3.244536,3.330000,11.175401,3.330000,75.205692
3.340000,1.292767,3.340000,1.877142,3.340000,3.259688,3.340000,11.274391,3.340000,75.957055
3.350000,1.293647,3.350000,1.880963,3.350000,3.274960,3.350000,11.374375,3.350000,76.715969
3.360000,1.294528,3.360000,1.884799,3.360000,3.290354,3.360000,11.475362,3.360000,77.482511
3.370000,1.295410,3.370000,1.888651,3.370000,3.305871,3.370000,11.577362,3.370000,78.256757
3.380000,1.296293,3.380000,1.892519,3.380000,3.321513,3.380000,11.680386,3.380000,79.038783
3.390000,1.297177,3.390000,1.896403,3.390000,3.337280,3.390000,11.784444,3.390000,79.828670
3.400000,1.298063,3.400000,1.900302,3.400000,3.353173,3.400000,11.889545,3.400000,80.626495
3.410000,1.298950,3.410000,1.904218,3.410000,3.369194,3.410000,11.995702,3.410000,81.432338
3.420000,1.299838,3.420000,1.908149,3.420000,3.385345,3.420000,12.102923,3.420000,82.246280
3.430000,1.300727,3.430000,1.912096,3.430000,3.401627,3.430000,12.211221,3.430000,83.068402
3.440000,1.301618,3.440000,1.916060,3.440000,3.418040,3.440000,12.320606,3.440000,83.898787
3.450000,1.302510,3.450000,1.920040,3.450000,3.434586,3.450000,12.431089,3.450000,84.737517
3.460000,1.303403,3.460000,1.924037,3.460000,3.451268,3.460000,12.542680,3.460000,85.584677
3.470000,1.304297,3.470000,1.928050,3.470000,3.468085,3.470000,12.655392,3.470000,86.440350
3.480000,1.305193,3.480000,1.932079,3.480000,3.485039,3.480000,12.769235,3.480000,87.304623
3.490000,1.306089,3.490000,1.936126,3.490000,3.502133,3.490000,12.884222,3.490000,88.177583
3.500000,1.306987,3.500000,1.940189,3.500000,3.519366,3.500000,13.000362,3.500000,89.059316
3.510000,1.307887,3.510000,1.944269,3.510000,3.536741,3.510000,13.117669,3.510000,89.949910
3.520000,1.308787,3.520000,1.948366,3.520000,3.554259,3.520000,13.236153,3.520000,90.849455
3.530000,1.309689,3.530000,1.952480,3.530000,3.571922,3.530000,13.355826,3.530000,91.758040
3.540000,1.310592,3.540000,1.956612,3.540000,3.589731,3.540000,13.476702,3.540000,92.675757
3.550000,1.311497,3.550000,1.960761,3.550000,3.607687,3.550000,13.598791,3.550000,93.602698
3.560000,1.312402,3.560000,1.964927,3.560000,3.625792,3.560000,13.722106,3.560000,94.538953
3.570000,1.313309,3.570000,1.969111,3.570000,3.644048,3.570000,13.846659,3.570000,95.484619
3.580000,1.314218,3.580000,1.973313,3.580000,3.662456,3.580000,13.972463,3.580000,96.439789
3.590000,1.315127,3.590000,1.977532,3.590000,3.681018,3.590000,14.099530,3.590000,97.404558
3.600000,1.316038,3.600000,1.981769,3.600000,3.699734,3.600000,14.227873,3.600000,98.379024
3.610000,1.316950,3.610000,1.986024,3.610000,3.718608,3.610000,14.357505,3.610000,99.363282
3.620000,1.317863,3.620000,1.990298,3.620000,3.737640,3.620000,14.488439,3.620000,100.357433
3.630000,1.318778,3.630000,1.994589,3.630000,3.756832,3.630000,14.620688,3.630000,101.361575
3.640000,1.319694,3.640000,1.998899,3.640000,3.776186,3.640000,14.754265,3.640000,102.375809
3.650000,1.320611,3.650000,2.003228,3.650000,3.795703,3.650000,14.889184,3.650000,103.400237
3.660000,1.321530,3.660000,2.007575,3.660000,3.815386,3.660000,15.025457,3.660000,104.434960
3.670000,1.322449,3.670000,2.011940,3.670000,3.835235,3.670000,15.163100,3.670000,105.480082
3.680000,1.323370,3.680000,2.016325,3.680000,3.855252,3.680000,15.302125,3.680000,106.535708
3.690000,1.324293,3.690000,2.020728,3.690000,3.875440,3.690000,15.442546,3.690000,107.601942
3.700000,1.325217,3.700000,2.025150,3.700000,3.895800,3.700000,15.584377,3.700000,108.678893
3.710000,1.326142,3.710000,2.029592,3.710000,3.916334,3.710000,15.727634,3.710000,109.766667
3.720000,1.327068,3.720000,2.034053,3.720000,3.937043,3.720000,15.872329,3.720000,110.865374
3.730000,1.327996,3.730000,2.038533,3.730000,3.957930,3.730000,16.018478,3.730000,111.975123
3.740000,1.328925,3.740000,2.043032,3.740000,3.978996,3.740000,16.166095,3.740000,113.096025
3.750000,1.329855,3.750000,2.047552,3.750000,4.000243,3.750000,16.315194,3.750000,114.228192
3.760000,1.330787,3.760000,2.052091,3.760000,4.021673,3.760000,16.465792,3.760000,115.371737
3.770000,1.331720,3.770000,2.056650,3.770000,4.043288,3.770000,16.617902,3.770000,116.526776
3.780000,1.332654,3.780000,2.061229,3.780000,4.065090,3.780000,16.771540,3.780000,117.693422
3.790000,1.333590,3.790000,2.065828,3.790000,4.087081,3.790000,16.926722,3.790000,118.871795
3.800000,1.334527,3.800000,2.070448,3.800000,4.109262,3.800000,17.083463,3.800000,120.062009
3.810000,1.335465,3.810000,2.075088,3.810000,4.131637,3.810000,17.241778,3.810000,121.264185
3.820000,1.336405,3.820000,2.079748,3.820000,4.154205,3.820000,17.401684,3.820000,122.478444
3.830000,1.337346,3.830000,2.084429,3.830000,4.176971,3.830000,17.563197,3.830000,123.704906
3.840000,1.338288,3.840000,2.089131,3.840000,4.199936,3.840000,17.726332,3.840000,124.943694
3.850000,1.339232,3.850000,2.093854,3.850000,4.223101,3.850000,17.891106,3.850000,126.194932
3.860000,1.340177,3.860000,2.098598,3.860000,4.246470,3.860000,18.057535,3.860000,127.458746
3.870000,1.341123,3.870000,2.103363,3.870000,4.270043,3.870000,18.225637,3.870000,128.735261
3.880000,1.342071,3.880000,2.108149,3.880000,4.293824,3.880000,18.395427,3.880000,130.024605
3.890000,1.343020,3.890000,2.112957,3.890000,4.317814,3.890000,18.566923,3.890000,131.326907
3.900000,1.343971,3.900000,2.117787,3.900000,4.342016,3.900000,18.740143,3.900000,132.642298
3.910000,1.344923,3.910000,2.122638,3.910000,4.366432,3.910000,18.915103,3.910000,133.970908
3.920000,1.345876,3.920000,2.127512,3.920000,4.391064,3.920000,19.091820,3.920000,135.312872
3.930000,1.346831,3.930000,2.132407,3.930000,4.415914,3.930000,19.270314,3.930000,136.668322
3.940000,1.347787,3.940000,2.137325,3.940000,4.440985,3.940000,19.450600,3.940000,138.037394
3.950000,1.348744,3.950000,2.142264,3.950000,4.466278,3.950000,19.632699,3.950000,139.420226
3.960000,1.349703,3.960000,2.147227,3.960000,4.491797,3.960000,19.816626,3.960000,140.816956
3.970000,1.350663,3.970000,2.152212,3.970000,4.517544,3.970000,20.002402,3.970000,142.227723
3.980000,1.351625,3.980000,2.157220,3.980000,4.543521,3.980000,20.190045,3.980000,143.652669
3.990000,1.352588,3.990000,2.162250,3.990000,4.569730,3.990000,20.379573,3.990000,145.091935
4.000000,1.353552,4.000000,2.167304,4.000000,4.596174,4.000000,20.571006,4.000000,146.545667
4.010000,1.354518,4.010000,2.172381,4.010000,4.622855,4.010000,20.764362,4.010000,148.014008
4.020000,1.355485,4.020000,2.177482,4.020000,4.649776,4.020000,20.959661,4.020000,149.497107
4.030000,1.356454,4.030000,2.182606,4.030000,4.676940,4.030000,21.156922,4.030000,150.995110
4.040000,1.357424,4.040000,2.187754,4.040000,4.704348,4.040000,21.356165,4.040000,152.508170
4.050000,1.358395,4.050000,2.192925,4.050000,4.732004,4.050000,21.557411,4.050000,154.036436
4.060000,1.359368,4.060000,2.198121,4.060000,4.759910,4.060000,21.760678,4.060000,155.580061
4.070000,1.360342,4.070000,2.203341,4.070000,4.788068,4.070000,21.965989,4.070000,157.139200
4.080000,1.361318,4.080000,2.208585,4.080000,4.816482,4.080000,22.173362,4.080000,158.714008
4.090000,1.362295,4.090000,2.213854,4.090000,4.845154,4.090000,22.382819,4.090000,160.304643
4.100000,1.363273,4.100000,2.219147,4.100000,4.874087,4.100000,22.594381,4.100000,161.911266
4.110000,1.364253,4.110000,2.224465,4.110000,4.903283,4.110000,22.808069,4.110000,163.534034
4.120000,1.365235,4.120000,2.229808,4.120000,4.932746,4.120000,23.023904,4.120000,165.173111
4.130000,1.366217,4.130000,2.235177,4.130000,4.962477,4.130000,23.241908,4.130000,166.828662
4.140000,1.367202,4.140000,2.240571,4.140000,4.992481,4.140000,23.462103,4.140000,168.500851
4.150000,1.368187,4.150000,2.245990,4.150000,5.022759,4.150000,23.684511,4.150000,170.189846
4.160000,1.369175,4.160000,2.251435,4.160000,5.053315,4.160000,23.909153,4.160000,171.895816
4.170000,1.370163,4.170000,2.256906,4.170000,5.084151,4.170000,24.136053,4.170000,173.618931
4.180000,1.371153,4.180000,2.262403,4.180000,5.115271,4.180000,24.365233,4.180000,175.359363
4.190000,1.372145,4.190000,2.267926,4.190000,5.146678,4.190000,24.596716,4.190000,177.117287
4.200000,1.373138,4.200000,2.273476,4.200000,5.178374,4.200000,24.830526,4.200000,178.892879
4.210000,1.374132,4.210000,2.279052,4.210000,5.210362,4.210000,25.066685,4.210000,180.686315
4.220000,1.375128,4.220000,2.284655,4.220000,5.242646,4.220000,25.305217,4.220000,182.497775
4.230000,1.376126,4.230000,2.290285,4.230000,5.275229,4.230000,25.546146,4.230000,184.327442
4.240000,1.377124,4.240000,2.295943,4.240000,5.308114,4.240000,25.789496,4.240000,186.175496
4.250000,1.378125,4.250000,2.301627,4.250000,5.341304,4.250000,26.035292,4.250000,188.042125
4.260000,1.379127,4.260000,2.307339,4.260000,5.374802,4.260000,26.283558,4.260000,189.927513
4.270000,1.380130,4.270000,2.313079,4.270000,5.408611,4.270000,26.534319,4.270000,191.831849
4.280000,1.381135,4.280000,2.318847,4.280000,5.442736,4.280000,26.787600,4.280000,193.755325
4.290000,1.382141,4.290000,2.324642,4.290000,5.477178,4.290000,27.043426,4.290000,195.698130
4.300000,1.383149,4.300000,2.330467,4.300000,5.511942,4.300000,27.301823,4.300000,197.660463
4.310000,1.384158,4.310000,2.336319,4.310000,5.547031,4.310000,27.562817,4.310000,199.642517
4.320000,1.385169,4.320000,2.342201,4.320000,5.582448,4.320000,27.826434,4.320000,201.644490
4.330000,1.386181,4.330000,2.348111,4.330000,5.618196,4.330000,28.092700,4.330000,203.666585
4.340000,1.387195,4.340000,2.354050,4.340000,5.654280,4.340000,28.361642,4.340000,205.709002
4.350000,1.388210,4.350000,2.360019,4.350000,5.690703,4.350000,28.633286,4.350000,207.771944
4.360000,1.389227,4.360000,2.366017,4.360000,5.727468,4.360000,28.907661,4.360000,209.855620
4.370000,1.390245,4.370000,2.372045,4.370000,5.764578,4.370000,29.184792,4.370000,211.960237
4.380000,1.391265,4.380000,2.378103,4.380000,5.802039,4.380000,29.464709,4.380000,214.086006
4.390000,1.392286,4.390000,2.384191,4.390000,5.839852,4.390000,29.747439,4.390000,216.233139
4.400000,1.393309,4.400000,2.390309,4.400000,5.878022,4.400000,30.033011,4.400000,218.401852
4.410000,1.394334,4.410000,2.396459,4.410000,5.916553,4.410000,30.321452,4.410000,220.592361
4.420000,1.395360,4.420000,2.402638,4.420000,5.955448,4.420000,30.612791,4.420000,222.804882
4.430000,1.396387,4.430000,2.408849,4.430000,5.994712,4.430000,30.907059,4.430000,225.039643
4.440000,1.397416,4.440000,2.415091,4.440000,6.034347,4.440000,31.204284,4.440000,227.296862
4.450000,1.398447,4.450000,2.421365,4.450000,6.074359,4.450000,31.504497,4.450000,229.576766
4.460000,1.399479,4.460000,2.427670,4.460000,6.114750,4.460000,31.807726,4.460000,231.879584
4.470000,1.400513,4.470000,2.434008,4.470000,6.155526,4.470000,32.114003,4.470000,234.205546
4.480000,1.401548,4.480000,2.440377,4.480000,6.196689,4.480000,32.423357,4.480000,236.554885
4.490000,1.402585,4.490000,2.446779,4.490000,6.238244,4.490000,32.735821,4.490000,238.927833
4.500000,1.403623,4.500000,2.453213,4.500000,6.280196,4.500000,33.051424,4.500000,241.324631
4.510000,1.404663,4.510000,2.459681,4.510000,6.322548,4.510000,33.370200,4.510000,243.745518
4.520000,1.405705,4.520000,2.466181,4.520000,6.365304,4.520000,33.692180,4.520000,246.190734
4.530000,1.406748,4.530000,2.472715,4.530000,6.408469,4.530000,34.017395,4.530000,248.660525
4.540000,1.407792,4.540000,2.479282,4.540000,6.452047,4.540000,34.345878,4.540000,251.155138
4.550000,1.408839,4.550000,2.485883,4.550000,6.496042,4.550000,34.677662,4.550000,253.674821
4.560000,1.409886,4.560000,2.492519,4.560000,6.540459,4.560000,35.012782,4.560000,256.219829
4.570000,1.410936,4.570000,2.499188,4.570000,6.585302,4.570000,35.351269,4.570000,258.790414
4.580000,1.411987,4.580000,2.505893,4.580000,6.630576,4.580000,35.693157,4.580000,261.386836
4.590000,1.413039,4.590000,2.512632,4.590000,6.676284,4.590000,36.038482,4.590000,264.009349
4.600000,1.414094,4.600000,2.519406,4.600000,6.722433,4.600000,36.387277,4.600000,266.658221
4.610000,1.415149,4.610000,2.526215,4.610000,6.769025,4.610000,36.739578,4.610000,269.333714
4.620000,1.416207,4.620000,2.533061,4.620000,6.816066,4.620000,37.095419,4.620000,272.036096
4.630000,1.417266,4.630000,2.539942,4.630000,6.863561,4.630000,37.454836,4.630000,274.765637
4.640000,1.418327,4.640000,2.546859,4.640000,6.911514,4.640000,37.817866,4.640000,277.522610
4.650000,1.419389,4.650000,2.553813,4.650000,6.959930,4.650000,38.184544,4.650000,280.307293
4.660000,1.420453,4.660000,2.560803,4.660000,7.008814,4.660000,38.554906,4.660000,283.119960
4.670000,1.421518,4.670000,2.567830,4.670000,7.058170,4.670000,38.928992,4.670000,285.960897
4.680000,1.422585,4.680000,2.574895,4.680000,7.108004,4.680000,39.306836,4.680000,288.830384
4.690000,1.423654,4.690000,2.581997,4.690000,7.158321,4.690000,39.688478,4.690000,291.728712
4.700000,1.424724,4.700000,2.589137,4.700000,7.209126,4.700000,40.073956,4.700000,294.656166
4.710000,1.425797,4.710000,2.596315,4.710000,7.260423,4.710000,40.463307,4.710000,297.613044
4.720000,1.426870,4.720000,2.603532,4.720000,7.312218,4.720000,40.856572,4.720000,300.599637
4.730000,1.427946,4.730000,2.610787,4.730000,7.364516,4.730000,41.253789,4.730000,303.616247
4.740000,1.429023,4.740000,2.618081,4.740000,7.417322,4.740000,41.654998,4.740000,306.663174
4.750000,1.430101,4.750000,2.625414,4.750000,7.470642,4.750000,42.060239,4.750000,309.740724
4.760000,1.431181,4.760000,2.632787,4.760000,7.524481,4.760000,42.469553,4.760000,312.849203
4.770000,1.432263,4.770000,2.640200,4.770000,7.578844,4.770000,42.882980,4.770000,315.988922
4.780000,1.433347,4.780000,2.647653,4.780000,7.633737,4.780000,43.300562,4.780000,319.160197
4.790000,1.434432,4.790000,2.655146,4.790000,7.689165,4.790000,43.722341,4.790000,322.363344
4.800000,1.435519,4.800000,2.662681,4.800000,7.745134,4.800000,44.148359,4.800000,325.598683
4.810000,1.436608,4.810000,2.670256,4.810000,7.801649,4.810000,44.578659,4.810000,328.866536
4.820000,1.437698,4.820000,2.677873,4.820000,7.858717,4.820000,45.013283,4.820000,332.167235
4.830000,1.438790,4.830000,2.685531,4.830000,7.916342,4.830000,45.452275,4.830000,335.501102
4.840000,1.439884,4.840000,2.693232,4.840000,7.974531,4.840000,45.895679,4.840000,338.868478
4.850000,1.440979,4.850000,2.700975,4.850000,8.033289,4.850000,46.343539,4.850000,342.269697
4.860000,1.442077,4.860000,2.708761,4.860000,8.092623,4.860000,46.795900,4.860000,345.705098
4.870000,1.443175,4.870000,2.716590,4.870000,8.152537,4.870000,47.252808,4.870000,349.175025
4.880000,1.444276,4.880000,2.724462,4.880000,8.213039,4.880000,47.714307,4.880000,352.679824
4.890000,1.445378,4.890000,2.732378,4.890000,8.274135,4.890000,48.180445,4.890000,356.219849
4.900000,1.446482,4.900000,2.740338,4.900000,8.335830,4.900000,48.651267,4.900000,359.795452
4.910000,1.447588,4.910000,2.748342,4.910000,8.398130,4.910000,49.126821,4.910000,363.406988
4.920000,1.448695,4.920000,2.756391,4.920000,8.461043,4.920000,49.607155,4.920000,367.054823
4.930000,1.449804,4.930000,2.764485,4.930000,8.524573,4.930000,50.092315,4.930000,370.739318
4.940000,1.450915,4.940000,2.772625,4.940000,8.588729,4.940000,50.582352,4.940000,374.460844
4.950000,1.452028,4.950000,2.780811,4.950000,8.653515,4.950000,51.077313,4.950000,378.219772
4.960000,1.453142,4.960000,2.789042,4.960000,8.718939,4.960000,51.577250,4.960000,382.016476
4.970000,1.454258,4.970000,2.797320,4.970000,8.785008,4.970000,52.082210,4.970000,385.851338
4.980000,1.455376,4.980000,2.805646,4.980000,8.851727,4.980000,52.592246,4.980000,389.724743
4.990000,1.456495,4.990000,2.814018,4.990000,8.919104,4.990000,53.107407,4.990000,393.637073
5.000000,1.457617,5.000000,2.822438,5.000000,8.987145,5.000000,53.627745,5.000000,397.588726
5.010000,1.458740,5.010000,2.830906,5.010000,9.055857,5.010000,54.153314,5.010000,401.580091
5.020000,1.459865,5.020000,2.839423,5.020000,9.125247,5.020000,54.684165,5.020000,405.611572
5.030000,1.460991,5.030000,2.847989,5.030000,9.195322,5.030000,55.220349,5.030000,409.683568
5.040000,1.462120,5.040000,2.856603,5.040000,9.266089,5.040000,55.761924,5.040000,413.796489
5.050000,1.463250,5.050000,2.865267,5.050000,9.337556,5.050000,56.308940,5.050000,417.950748
5.060000,1.464382,5.060000,2.873982,5.060000,9.409729,5.060000,56.861455,5.060000,422.146755
5.070000,1.465516,5.070000,2.882746,5.070000,9.482615,5.070000,57.419522,5.070000,426.384933
5.080000,1.466651,5.080000,2.891562,5.080000,9.556223,5.080000,57.983198,5.080000,430.665707
5.090000,1.467788,5.090000,2.900429,5.090000,9.630559,5.090000,58.552539,5.090000,434.989501
5.100000,1.468927,5.100000,2.909347,5.100000,9.705630,5.100000,59.127602,5.100000,439.356752
5.110000,1.470068,5.110000,2.918317,5.110000,9.781445,5.110000,59.708445,5.110000,443.767895
5.120000,1.471211,5.120000,2.927340,5.120000,9.858012,5.120000,60.295124,5.120000,448.223368
5.130000,1.472356,5.130000,2.936416,5.130000,9.935336,5.130000,60.887701,5.130000,452.723623
5.140000,1.473502,5.140000,2.945545,5.140000,10.013428,5.140000,61.486233,5.140000,457.269105
5.150000,1.474650,5.150000,2.954728,5.150000,10.092293,5.150000,62.090780,5.150000,461.860268
5.160000,1.475800,5.160000,2.963965,5.160000,10.171941,5.160000,62.701402,5.160000,466.497574
5.170000,1.476952,5.170000,2.973257,5.170000,10.252380,5.170000,63.318162,5.170000,471.181484
5.180000,1.478106,5.180000,2.982604,5.180000,10.333616,5.180000,63.941120,5.180000,475.912472
5.190000,1.479261,5.190000,2.992007,5.190000,10.415660,5.190000,64.570339,5.190000,480.691005
5.200000,1.480418,5.200000,3.001465,5.200000,10.498518,5.200000,65.205882,5.200000,485.517562
5.210000,1.481578,5.210000,3.010980,5.210000,10.582199,5.210000,65.847811,5.210000,490.392628
5.220000,1.482739,5.220000,3.020552,5.220000,10.666712,5.220000,66.496193,5.220000,495.316690
5.230000,1.483902,5.230000,3.030182,5.230000,10.752065,5.230000,67.151092,5.230000,500.290236
5.240000,1.485066,5.240000,3.039869,5.240000,10.838266,5.240000,67.812571,5.240000,505.313772
5.250000,1.486233,5.250000,3.049615,5.250000,10.925325,5.250000,68.480699,5.250000,510.387792
5.260000,1.487401,5.260000,3.059419,5.260000,11.013250,5.260000,69.155541,5.260000,515.512806
5.270000,1.488572,5.270000,3.069283,5.270000,11.102050,5.270000,69.837165,5.270000,520.689331
5.280000,1.489744,5.280000,3.079207,5.280000,11.191733,5.280000,70.525641,5.280000,525.917879
5.290000,1.490918,5.290000,3.089191,5.290000,11.282310,5.290000,71.221035,5.290000,531.198976
5.300000,1.492094,5.300000,3.099236,5.300000,11.373788,5.300000,71.923418,5.300000,536.533145
5.310000,1.493272,5.310000,3.109343,5.310000,11.466178,5.310000,72.632860,5.310000,541.920928
5.320000,1.494452,5.320000,3.119511,5.320000,11.559488,5.320000,73.349432,5.320000,547.362854
5.330000,1.495633,5.330000,3.129742,5.330000,11.653728,5.330000,74.073207,5.330000,552.859476
5.340000,1.496817,5.340000,3.140036,5.340000,11.748907,5.340000,74.804254,5.340000,558.411339
5.350000,1.498002,5.350000,3.150393,5.350000,11.845035,5.350000,75.542649,5.350000,564.019001
5.360000,1.499190,5.360000,3.160814,5.360000,11.942121,5.360000,76.288465,5.360000,569.683021
5.370000,1.500379,5.370000,3.171300,5.370000,12.040176,5.370000,77.041777,5.370000,575.403963
5.380000,1.501570,5.380000,3.181851,5.380000,12.139209,5.380000,77.802659,5.380000,581.182400
5.390000,1.502764,5.390000,3.192468,5.390000,12.239231,5.390000,78.571190,5.390000,587.018915
5.400000,1.503959,5.400000,3.203151,5.400000,12.340250,5.400000,79.347442,5.400000,592.914087
5.410000,1.505156,5.410000,3.213900,5.410000,12.442277,5.410000,80.131498,5.410000,598.868503
5.420000,1.506355,5.420000,3.224717,5.420000,12.545323,5.420000,80.923431,5.420000,604.882766
5.430000,1.507556,5.430000,3.235602,5.430000,12.649398,5.430000,81.723325,5.430000,610.957471
5.440000,1.508759,5.440000,3.246556,5.440000,12.754512,5.440000,82.531258,5.440000,617.093231
5.450000,1.509963,5.450000,3.257579,5.450000,12.860677,5.450000,83.347310,5.450000,623.290655
5.460000,1.511170,5.460000,3.268671,5.460000,12.967901,5.460000,84.171565,5.460000,629.550362
5.470000,1.512379,5.470000,3.279834,5.470000,13.076197,5.470000,85.004103,5.470000,635.872979
5.480000,1.513590,5.480000,3.291068,5.480000,13.185576,5.480000,85.845009,5.480000,642.259145
5.490000,1.514802,5.490000,3.302373,5.490000,13.296047,5.490000,86.694365,5.490000,648.709488
5.500000,1.516017,5.500000,3.313751,5.500000,13.407623,5.500000,87.552257,5.500000,655.224659
5.510000,1.517234,5.510000,3.325201,5.510000,13.520314,5.510000,88.418772,5.510000,661.805313
5.520000,1.518453,5.520000,3.336725,5.520000,13.634132,5.520000,89.293994,5.520000,668.452099
5.530000,1.519673,5.530000,3.348323,5.530000,13.749089,5.530000,90.178013,5.530000,675.165688
5.540000,1.520896,5.540000,3.359995,5.540000,13.865195,5.540000,91.070918,5.540000,681.946748
5.550000,1.522121,5.550000,3.371743,5.550000,13.982462,5.550000,91.972795,5.550000,688.795958
5.560000,1.523347,5.560000,3.383567,5.560000,14.100903,5.560000,92.883736,5.560000,695.714010
5.570000,1.524576,5.570000,3.395468,5.570000,14.220529,5.570000,93.803834,5.570000,702.701584
5.580000,1.525807,5.580000,3.407447,5.580000,14.341352,5.580000,94.733177,5.580000,709.759383
5.590000,1.527040,5.590000,3.419503,5.590000,14.463384,5.590000,95.671861,5.590000,716.888116
5.600000,1.528274,5.600000,3.431638,5.600000,14.586637,5.600000,96.619979,5.600000,724.088498
5.610000,1.529511,5.610000,3.443853,5.610000,14.711125,5.610000,97.577627,5.610000,731.361240
5.620000,1.530750,5.620000,3.456148,5.620000,14.836858,5.620000,98.544897,5.620000,738.707078
5.630000,1.531991,5.630000,3.468523,5.630000,14.963851,5.630000,99.521890,5.630000,746.126740
5.640000,1.533234,5.640000,3.480981,5.640000,15.092116,5.640000,100.508700,5.640000,753.620971
5.650000,1.534479,5.650000,3.493520,5.650000,15.221665,5.650000,101.505429,5.650000,761.190520
5.660000,1.535726,5.660000,3.506143,5.660000,15.352511,5.660000,102.512176,5.660000,768.836145
5.670000,1.536975,5.670000,3.518850,5.670000,15.484668,5.670000,103.529040,5.670000,776.558611
5.680000,1.538226,5.680000,3.531641,5.680000,15.618149,5.680000,104.556123,5.680000,784.358685
5.690000,1.539480,5.690000,3.544518,5.690000,15.752967,5.690000,105.593529,5.690000,792.237154
5.700000,1.540735,5.700000,3.557480,5.700000,15.889137,5.700000,106.641361,5.700000,800.194805
5.710000,1.541993,5.710000,3.570530,5.710000,16.026670,5.710000,107.699723,5.710000,808.232430
5.720000,1.543252,5.720000,3.583667,5.720000,16.165582,5.720000,108.768725,5.720000,816.350831
5.730000,1.544514,5.730000,3.596893,5.730000,16.305886,5.730000,109.848467,5.730000,824.550831
5.740000,1.545778,5.740000,3.610208,5.740000,16.447597,5.740000,110.939062,5.740000,832.833235
5.750000,1.547043,5.750000,3.623613,5.750000,16.590728,5.750000,112.040619,5.750000,841.198881
5.760000,1.548311,5.760000,3.637110,5.760000,16.735294,5.760000,113.153245,5.760000,849.648604
5.770000,1.549582,5.770000,3.650697,5.770000,16.881309,5.770000,114.277054,5.770000,858.183250
5.780000,1.550854,5.780000,3.664378,5.780000,17.028788,5.780000,115.412157,5.780000,866.803668
5.790000,1.552128,5.790000,3.678151,5.790000,17.177746,5.790000,116.558668,5.790000,875.510721
5.800000,1.553405,5.800000,3.692020,5.800000,17.328197,5.800000,117.716701,5.800000,884.305285
5.810000,1.554683,5.810000,3.705983,5.810000,17.480157,5.810000,118.886374,5.810000,893.188229
5.820000,1.555964,5.820000,3.720042,5.820000,17.633642,5.820000,120.067801,5.820000,902.160458
5.830000,1.557247,5.830000,3.734198,5.830000,17.788665,5.830000,121.261101,5.830000,911.222849
5.840000,1.558532,5.840000,3.748452,5.840000,17.945244,5.840000,122.466395,5.840000,920.376325
5.850000,1.559819,5.850000,3.762805,5.850000,18.103393,5.850000,123.683803,5.850000,929.621796
5.860000,1.561109,5.860000,3.777257,5.860000,18.263128,5.860000,124.913444,5.860000,938.960184
5.870000,1.562400,5.870000,3.791809,5.870000,18.424466,5.870000,126.155446,5.870000,948.392421
5.880000,1.563694,5.880000,3.806464,5.880000,18.587423,5.880000,127.409929,5.880000,957.919456
5.890000,1.564990,5.890000,3.821220,5.890000,18.752015,5.890000,128.677019,5.890000,967.542242
5.900000,1.566288,5.900000,3.836080,5.900000,18.918257,5.900000,129.956843,5.900000,977.261735
5.910000,1.567589,5.910000,3.851044,5.910000,19.086169,5.910000,131.249531,5.910000,987.078913
5.920000,1.568891,5.920000,3.866114,5.920000,19.255765,5.920000,132.555212,5.920000,996.994758
5.930000,1.570196,5.930000,3.881290,5.930000,19.427062,5.930000,133.874013,5.930000,1007.010255
5.940000,1.571503,5.940000,3.896573,5.940000,19.600079,5.940000,135.206068,5.940000,1017.126405
5.950000,1.572812,5.950000,3.911964,5.950000,19.774833,5.950000,136.551511,5.950000,1027.344230
5.960000,1.574124,5.960000,3.927465,5.960000,19.951340,5.960000,137.910477,5.960000,1037.664743
5.970000,1.575437,5.970000,3.943075,5.970000,20.129618,5.970000,139.283099,5.970000,1048.088982
5.980000,1.576753,5.980000,3.958798,5.980000,20.309687,5.980000,140.669517,5.980000,1058.617987
5.990000,1.578071,5.990000,3.974632,5.990000,20.491562,5.990000,142.069869,5.990000,1069.252808
6.000000,1.579392,6.000000,3.990580,6.000000,20.675263,6.000000,143.484294,6.000000,1079.994510
6.010000,1.580714,6.010000,4.006643,6.010000,20.860809,6.010000,144.912936,6.010000,1090.844165
6.020000,1.582039,6.020000,4.022821,6.020000,21.048217,6.020000,146.355934,6.020000,1101.802863
6.030000,1.583366,6.030000,4.039116,6.030000,21.237506,6.030000,147.813435,6.030000,1112.871701
6.040000,1.584696,6.040000,4.055529,6.040000,21.428696,6.040000,149.285584,6.040000,1124.051778
6.050000,1.586027,6.050000,4.072061,6.050000,21.621805,6.050000,150.772528,6.050000,1135.344221
6.060000,1.587361,6.060000,4.088713,6.060000,21.816853,6.060000,152.274416,6.060000,1146.750158
6.070000,1.588698,6.070000,4.105486,6.070000,22.013860,6.070000,153.791400,6.070000,1158.270718
6.080000,1.590036,6.080000,4.122381,6.080000,22.212844,6.080000,155.323628,6.080000,1169.907066
6.090000,1.591377,6.090000,4.139400,6.090000,22.413827,6.090000,156.871256,6.090000,1181.660361
6.100000,1.592720,6.100000,4.156544,6.100000,22.616827,6.100000,158.434438,6.100000,1193.531777
6.110000,1.594066,6.110000,4.173814,6.110000,22.821867,6.110000,160.013331,6.110000,1205.522505
6.120000,1.595413,6.120000,4.191210,6.120000,23.028965,6.120000,161.608090,6.120000,1217.633741
6.130000,1.596763,6.130000,4.208736,6.130000,23.238142,6.130000,163.218879,6.130000,1229.866700
6.140000,1.598116,6.140000,4.226390,6.140000,23.449421,6.140000,164.845855,6.140000,1242.222593
6.150000,1.599471,6.150000,4.244176,6.150000,23.662821,6.150000,166.489182,6.150000,1254.702670
6.160000,1.600828,6.160000,4.262094,6.160000,23.878365,6.160000,168.149027,6.160000,1267.308181
6.170000,1.602187,6.170000,4.280145,6.170000,24.096072,6.170000,169.825552,6.170000,1280.040366
6.180000,1.603549,6.180000,4.298330,6.180000,24.315968,6.180000,171.518926,6.180000,1292.900522
6.190000,1.604913,6.190000,4.316652,6.190000,24.538071,6.190000,173.229319,6.190000,1305.889921
6.200000,1.606280,6.200000,4.335111,6.200000,24.762404,6.200000,174.956904,6.200000,1319.009871
6.210000,1.607649,6.210000,4.353709,6.210000,24.988991,6.210000,176.701848,6.210000,1332.261666
6.220000,1.609020,6.220000,4.372447,6.220000,25.217855,6.220000,178.464331,6.220000,1345.646659
6.230000,1.610394,6.230000,4.391326,6.230000,25.449017,6.230000,180.244527,6.230000,1359.166161
6.240000,1.611770,6.240000,4.410348,6.240000,25.682500,6.240000,182.042614,6.240000,1372.821543
6.250000,1.613148,6.250000,4.429514,6.250000,25.918329,6.250000,183.858772,6.250000,1386.614158
6.260000,1.614529,6.260000,4.448825,6.260000,26.156527,6.260000,185.693182,6.260000,1400.545396
6.270000,1.615913,6.270000,4.468284,6.270000,26.397118,6.270000,187.546029,6.270000,1414.616650
6.280000,1.617298,6.280000,4.487891,6.280000,26.640125,6.280000,189.417498,6.280000,1428.829309
6.290000,1.618686,6.290000,4.507647,6.290000,26.885574,6.290000,191.307774,6.290000,1443.184818
6.300000,1.620077,6.300000,4.527555,6.300000,27.133488,6.300000,193.217050,6.300000,1457.684604
6.310000,1.621470,6.310000,4.547616,6.310000,27.383893,6.310000,195.145512,6.310000,1472.330112
6.320000,1.622865,6.320000,4.567832,6.320000,27.636813,6.320000,197.093358,6.320000,1487.122808
6.330000,1.624263,6.330000,4.588203,6.330000,27.892274,6.330000,199.060778,6.330000,1502.064169
6.340000,1.625664,6.340000,4.608732,6.340000,28.150301,6.340000,201.047973,6.340000,1517.155701
6.350000,1.627066,6.350000,4.629419,6.350000,28.410921,6.350000,203.055136,6.350000,1532.398901
6.360000,1.628472,6.360000,4.650267,6.360000,28.674160,6.360000,205.082474,6.360000,1547.795298
6.370000,1.629879,6.370000,4.671278,6.370000,28.940042,6.370000,207.130187,6.370000,1563.346431
6.380000,1.631290,6.380000,4.692452,6.380000,29.208596,6.380000,209.198479,6.380000,1579.053856
6.390000,1.632702,6.390000,4.713791,6.390000,29.479848,6.390000,211.287556,6.390000,1594.919153
6.400000,1.634118,6.400000,4.735297,6.400000,29.753826,6.400000,213.397633,6.400000,1610.943888
6.410000,1.635535,6.410000,4.756973,6.410000,30.030555,6.410000,215.528914,6.410000,1627.129672
6.420000,1.636956,6.420000,4.778818,6.420000,30.310065,6.420000,217.681615,6.420000,1643.478137
6.430000,1.638378,6.430000,4.800836,6.430000,30.592384,6.430000,219.855953,6.430000,1659.990895
6.440000,1.639804,6.440000,4.823027,6.440000,30.877539,6.440000,222.052139,6.440000,1676.669614
6.450000,1.641231,6.450000,4.845394,6.450000,31.165559,6.450000,224.270403,6.450000,1693.515957
6.460000,1.642662,6.460000,4.867938,6.460000,31.456473,6.460000,226.510954,6.460000,1710.531608
6.470000,1.644095,6.470000,4.890661,6.470000,31.750310,6.470000,228.774027,6.470000,1727.718270
6.480000,1.645530,6.480000,4.913565,6.480000,32.047100,6.480000,231.059842,6.480000,1745.077664
6.490000,1.646968,6.490000,4.936652,6.490000,32.346871,6.490000,233.368635,6.490000,1762.611515
6.500000,1.648409,6.500000,4.959924,6.500000,32.649655,6.500000,235.700628,6.500000,1780.321586
6.510000,1.649852,6.510000,4.983381,6.510000,32.955481,6.510000,238.056057,6.510000,1798.209651
6.520000,1.651297,6.520000,5.007027,6.520000,33.264380,6.520000,240.435160,6.520000,1816.277492
6.530000,1.652746,6.530000,5.030864,6.530000,33.576382,6.530000,242.838173,6.530000,1834.526913
6.540000,1.654197,6.540000,5.054892,6.540000,33.891521,6.540000,245.265337,6.540000,1852.959752
6.550000,1.655650,6.550000,5.079114,6.550000,34.209824,6.550000,247.716893,6.550000,1871.577838
6.560000,1.657106,6.560000,5.103533,6.560000,34.531327,6.560000,250.193090,6.560000,1890.383045
6.570000,1.658565,6.570000,5.128149,6.570000,34.856060,6.570000,252.694172,6.570000,1909.377237
6.580000,1.660026,6.580000,5.152965,6.580000,35.184057,6.580000,255.220389,6.580000,1928.562340
6.590000,1.661490,6.590000,5.177984,6.590000,35.515349,6.590000,257.771995,6.590000,1947.940247
6.600000,1.662957,6.600000,5.203206,6.600000,35.849970,6.600000,260.349245,6.600000,1967.512900
6.610000,1.664426,6.610000,5.228635,6.610000,36.187954,6.610000,262.952399,6.610000,1987.282273
6.620000,1.665898,6.620000,5.254271,6.620000,36.529334,6.620000,265.581714,6.620000,2007.250321
6.630000,1.667372,6.630000,5.280119,6.630000,36.874144,6.630000,268.237454,6.630000,2027.419056
6.640000,1.668849,6.640000,5.306178,6.640000,37.222420,6.640000,270.919884,6.640000,2047.790489
6.650000,1.670329,6.650000,5.332453,6.650000,37.574195,6.650000,273.629277,6.650000,2068.366663
6.660000,1.671812,6.660000,5.358944,6.660000,37.929505,6.660000,276.365895,6.660000,2089.149625
6.670000,1.673297,6.670000,5.385655,6.670000,38.288385,6.670000,279.130018,6.670000,2110.141451
6.680000,1.674785,6.680000,5.412587,6.680000,38.650872,6.680000,281.921920,6.680000,2131.344263
6.690000,1.676275,6.690000,5.439742,6.690000,39.017002,6.690000,284.741881,6.690000,2152.760170
6.700000,1.677768,6.700000,5.467123,6.700000,39.386810,6.700000,287.590186,6.700000,2174.391289
6.710000,1.679264,6.710000,5.494733,6.710000,39.760336,6.710000,290.467114,6.710000,2196.239830
6.720000,1.680763,6.720000,5.522573,6.720000,40.137614,6.720000,293.372956,6.720000,2218.307937
6.730000,1.682265,6.730000,5.550646,6.730000,40.518684,6.730000,296.308004,6.730000,2240.597834
6.740000,1.683769,6.740000,5.578955,6.740000,40.903583,6.740000,299.272546,6.740000,2263.111750
6.750000,1.685276,6.750000,5.607501,6.750000,41.292351,6.750000,302.266885,6.750000,2285.851936
6.760000,1.686785,6.760000,5.636288,6.760000,41.685025,6.760000,305.291317,6.760000,2308.820660
6.770000,1.688298,6.770000,5.665317,6.770000,42.081645,6.770000,308.346146,6.770000,2332.020227
6.780000,1.689813,6.780000,5.694591,6.780000,42.482251,6.780000,311.431674,6.780000,2355.452959
6.790000,1.691331,6.790000,5.724113,6.790000,42.886882,6.790000,314.548216,6.790000,2379.121185
6.800000,1.692852,6.800000,5.753886,6.800000,43.295580,6.800000,317.696077,6.800000,2403.027280
6.810000,1.694375,6.810000,5.783911,6.810000,43.708385,6.810000,320.875574,6.810000,2427.173645
6.820000,1.695902,6.820000,5.814192,6.820000,44.125338,6.820000,324.087025,6.820000,2451.562681
6.830000,1.697431,6.830000,5.844730,6.830000,44.546483,6.830000,327.330758,6.830000,2476.196822
6.840000,1.698963,6.840000,5.875530,6.840000,44.971859,6.840000,330.607085,6.840000,2501.078541
6.850000,1.700497,6.850000,5.906593,6.850000,45.401510,6.850000,333.916340,6.850000,2526.210339
6.860000,1.702035,6.860000,5.937923,6.860000,45.835478,6.860000,337.258856,6.860000,2551.594706
6.870000,1.703575,6.870000,5.969521,6.870000,46.273809,6.870000,340.634964,6.870000,2577.234195
6.880000,1.705119,6.880000,6.001391,6.880000,46.716543,6.880000,344.045002,6.880000,2603.131364
6.890000,1.706665,6.890000,6.033536,6.890000,47.163728,6.890000,347.489309,6.890000,2629.288794
6.900000,1.708214,6.900000,6.065959,6.900000,47.615405,6.900000,350.968233,6.900000,2655.709121
6.910000,1.709766,6.910000,6.098661,6.910000,48.071623,6.910000,354.482124,6.910000,2682.394981
6.920000,1.711320,6.920000,6.131647,6.920000,48.532425,6.920000,358.031325,6.920000,2709.349025
6.930000,1.712878,6.930000,6.164919,6.930000,48.997859,6.930000,361.616203,6.930000,2736.573964
6.940000,1.714439,6.940000,6.198481,6.940000,49.467968,6.940000,365.237106,6.940000,2764.072528
6.950000,1.716002,6.950000,6.232334,6.950000,49.942803,6.950000,368.894398,6.950000,2791.847456
6.960000,1.717568,6.960000,6.266483,6.960000,50.422411,6.960000,372.588446,6.960000,2819.901522
6.970000,1.719137,6.970000,6.300930,6.970000,50.906838,6.970000,376.319627,6.970000,2848.237538
6.980000,1.720710,6.980000,6.335679,6.980000,51.396133,6.980000,380.088301,6.980000,2876.858323
6.990000,1.722285,6.990000,6.370733,6.990000,51.890346,6.990000,383.894847,6.990000,2905.766766
7.000000,1.723863,7.000000,6.406094,7.000000,52.389525,7.000000,387.739654,7.000000,2934.965745
7.010000,1.725444,7.010000,6.441766,7.010000,52.893721,7.010000,391.623101,7.010000,2964.458173
7.020000,1.727028,7.020000,6.477752,7.020000,53.402985,7.020000,395.545583,7.020000,2994.247014
7.030000,1.728614,7.030000,6.514056,7.030000,53.917365,7.030000,399.507477,7.030000,3024.335224
7.040000,1.730204,7.040000,6.550681,7.040000,54.436915,7.040000,403.509192,7.040000,3054.725823
7.050000,1.731797,7.050000,6.587630,7.050000,54.961687,7.050000,407.551127,7.050000,3085.421875
7.060000,1.733393,7.060000,6.624907,7.060000,55.491733,7.060000,411.633684,7.060000,3116.426415
7.070000,1.734992,7.070000,6.662514,7.070000,56.027106,7.070000,415.757272,7.070000,3147.742551
7.080000,1.736594,7.080000,6.700457,7.080000,56.567859,7.080000,419.922298,7.080000,3179.373417
7.090000,1.738199,7.090000,6.738737,7.090000,57.114046,7.090000,424.129193,7.090000,3211.322186
7.100000,1.739806,7.100000,6.777359,7.100000,57.665724,7.100000,428.378360,7.100000,3243.592051
7.110000,1.741417,7.110000,6.816325,7.110000,58.222944,7.110000,432.670232,7.110000,3276.186217
7.120000,1.743031,7.120000,6.855641,7.120000,58.785766,7.120000,437.005244,7.120000,3309.107962
7.130000,1.744648,7.130000,6.895309,7.130000,59.354243,7.130000,441.383818,7.130000,3342.360592
7.140000,1.746268,7.140000,6.935334,7.140000,59.928433,7.140000,445.806398,7.140000,3375.947406
7.150000,1.747892,7.150000,6.975718,7.150000,60.508394,7.150000,450.273422,7.150000,3409.871770
7.160000,1.749518,7.160000,7.016466,7.160000,61.094183,7.160000,454.785346,7.160000,3444.137098
7.170000,1.751147,7.170000,7.057581,7.170000,61.685861,7.170000,459.342613,7.170000,3478.746767
7.180000,1.752779,7.180000,7.099067,7.180000,62.283484,7.180000,463.945683,7.180000,3513.704295
7.190000,1.754415,7.190000,7.140929,7.190000,62.887113,7.190000,468.595014,7.190000,3549.013140
7.200000,1.756054,7.200000,7.183170,7.200000,63.496809,7.200000,473.291071,7.200000,3584.676862
7.210000,1.757695,7.210000,7.225794,7.210000,64.112633,7.210000,478.034328,7.210000,3620.698992
7.220000,1.759340,7.220000,7.268805,7.220000,64.734644,7.220000,482.825254,7.220000,3657.083148
7.230000,1.760988,7.230000,7.312208,7.230000,65.362908,7.230000,487.664323,7.230000,3693.832967
7.240000,1.762639,7.240000,7.356006,7.240000,65.997486,7.240000,492.552036,7.240000,3730.952141
7.250000,1.764294,7.250000,7.400203,7.250000,66.638440,7.250000,497.488864,7.250000,3768.444381
7.260000,1.765951,7.260000,7.444804,7.260000,67.285837,7.260000,502.475307,7.260000,3806.313396
7.270000,1.767612,7.270000,7.489813,7.270000,67.939741,7.270000,507.511867,7.270000,3844.563013
7.280000,1.769276,7.280000,7.535235,7.280000,68.600216,7.280000,512.599050,7.280000,3883.197050
7.290000,1.770943,7.290000,7.581072,7.290000,69.267327,7.290000,517.737348,7.290000,3922.219365
7.300000,1.772613,7.300000,7.627331,7.300000,69.941144,7.300000,522.927295,7.300000,3961.633871
7.310000,1.774286,7.310000,7.674015,7.310000,70.621734,7.310000,528.169405,7.310000,4001.444473
7.320000,1.775963,7.320000,7.721129,7.320000,71.309163,7.320000,533.464195,7.320000,4041.655186
7.330000,1.777643,7.330000,7.768678,7.330000,72.003501,7.330000,538.812199,7.330000,4082.270041
7.340000,1.779326,7.340000,7.816665,7.340000,72.704815,7.340000,544.213948,7.340000,4123.293079
7.350000,1.781012,7.350000,7.865096,7.350000,73.413180,7.350000,549.669988,7.350000,4164.728389
7.360000,1.782702,7.360000,7.913976,7.360000,74.128663,7.360000,555.180866,7.360000,4206.580143
7.370000,1.784395,7.370000,7.963308,7.370000,74.851336,7.370000,560.747130,7.370000,4248.852510
7.380000,1.786091,7.380000,8.013097,7.380000,75.581273,7.380000,566.369330,7.380000,4291.549722
7.390000,1.787790,7.390000,8.063350,7.390000,76.318545,7.390000,572.048034,7.390000,4334.676043
7.400000,1.789493,7.400000,8.114070,7.400000,77.063227,7.400000,577.783806,7.400000,4378.235789
7.410000,1.791199,7.410000,8.165262,7.410000,77.815394,7.410000,583.577230,7.410000,4422.233331
7.420000,1.792909,7.420000,8.216932,7.420000,78.575119,7.420000,589.428879,7.420000,4466.673034
7.430000,1.794621,7.430000,8.269083,7.430000,79.342480,7.430000,595.339346,7.430000,4511.559385
7.440000,1.796337,7.440000,8.321722,7.440000,80.117554,7.440000,601.309194,7.440000,4556.896842
7.450000,1.798057,7.450000,8.374854,7.450000,80.900416,7.450000,607.339055,7.450000,4602.689954
7.460000,1.799780,7.460000,8.428483,7.460000,81.691146,7.460000,613.429515,7.460000,4648.943283
7.470000,1.801506,7.470000,8.482615,7.470000,82.489824,7.470000,619.581187,7.470000,4695.661479
7.480000,1.803235,7.480000,8.537256,7.480000,83.296528,7.480000,625.794681,7.480000,4742.849193
7.490000,1.804968,7.490000,8.592410,7.490000,84.111339,7.490000,632.070615,7.490000,4790.511158
7.500000,1.806704,7.500000,8.648082,7.500000,84.934338,7.500000,638.409630,7.500000,4838.652126
7.510000,1.808444,7.510000,8.704280,7.510000,85.765611,7.510000,644.812353,7.510000,4887.276923
7.520000,1.810187,7.520000,8.761007,7.520000,86.605236,7.520000,651.279428,7.520000,4936.390410
7.530000,1.811934,7.530000,8.818269,7.530000,87.453301,7.530000,657.811488,7.530000,4985.997471
7.540000,1.813684,7.540000,8.876073,7.540000,88.309888,7.540000,664.409208,7.540000,5036.103120
7.550000,1.815437,7.550000,8.934423,7.550000,89.175085,7.550000,671.073228,7.550000,5086.712342
7.560000,1.817194,7.560000,8.993326,7.560000,90.048976,7.560000,677.804228,7.560000,5137.830181
7.570000,1.818954,7.570000,9.052787,7.570000,90.931651,7.570000,684.602874,7.570000,5189.461753
7.580000,1.820718,7.580000,9.112812,7.580000,91.823197,7.580000,691.469845,7.580000,5241.612257
7.590000,1.822485,7.590000,9.173407,7.590000,92.723703,7.590000,698.405833,7.590000,5294.286856
7.600000,1.824256,7.600000,9.234578,7.600000,93.633258,7.600000,705.411534,7.600000,5347.490866
7.610000,1.826031,7.610000,9.296332,7.610000,94.551955,7.610000,712.487635,7.610000,5401.229587
7.620000,1.827808,7.620000,9.358674,7.620000,95.479886,7.620000,719.634856,7.620000,5455.508371
7.630000,1.829590,7.630000,9.421610,7.630000,96.417142,7.630000,726.853905,7.630000,5510.332657
7.640000,1.831375,7.640000,9.485146,7.640000,97.363816,7.640000,734.145509,7.640000,5565.707979
7.650000,1.833163,7.650000,9.549289,7.650000,98.320007,7.650000,741.510383,7.650000,5621.639802
7.660000,1.834955,7.660000,9.614046,7.660000,99.285805,7.660000,748.949293,7.660000,5678.133750
7.670000,1.836751,7.670000,9.679422,7.670000,100.261312,7.670000,756.462957,7.670000,5735.195494
7.680000,1.838550,7.680000,9.745424,7.680000,101.246622,7.680000,764.052138,7.680000,5792.830687
7.690000,1.840353,7.690000,9.812059,7.690000,102.241833,7.690000,771.717579,7.690000,5851.045136
7.700000,1.842159,7.700000,9.879333,7.700000,103.247049,7.700000,779.460071,7.700000,5909.844648
7.710000,1.843969,7.710000,9.947253,7.710000,104.262364,7.710000,787.280379,7.710000,5969.235106
7.720000,1.845782,7.720000,10.015826,7.720000,105.287886,7.720000,795.179277,7.720000,6029.222435
7.730000,1.847600,7.730000,10.085059,7.730000,106.323712,7.730000,803.157555,7.730000,6089.812687
7.740000,1.849421,7.740000,10.154958,7.740000,107.369952,7.740000,811.216036,7.740000,6151.011850
7.750000,1.851245,7.750000,10.225530,7.750000,108.426701,7.750000,819.355488,7.750000,6212.826067
7.760000,1.853073,7.760000,10.296783,7.760000,109.494076,7.760000,827.576742,7.760000,6275.261557
7.770000,1.854905,7.770000,10.368723,7.770000,110.572175,7.770000,835.880622,7.770000,6338.324499
7.780000,1.856741,7.780000,10.441357,7.780000,111.661113,7.780000,844.267968,7.780000,6402.021248
7.790000,1.858580,7.790000,10.514694,7.790000,112.760992,7.790000,852.739606,7.790000,6466.358160
7.800000,1.860423,7.800000,10.588740,7.800000,113.871925,7.800000,861.296380,7.800000,6531.341679
7.810000,1.862270,7.810000,10.663503,7.810000,114.994021,7.810000,869.939152,7.810000,6596.978316
7.820000,1.864120,7.820000,10.738990,7.820000,116.127397,7.820000,878.668782,7.820000,6663.274545
7.830000,1.865975,7.830000,10.815208,7.830000,117.272166,7.830000,887.486148,7.830000,6730.237107
7.840000,1.867832,7.840000,10.892166,7.840000,118.428435,7.840000,896.392141,7.840000,6797.872648
7.850000,1.869694,7.850000,10.969870,7.850000,119.596327,7.850000,905.387630,7.850000,6866.187975
7.860000,1.871560,7.860000,11.048330,7.860000,120.775957,7.860000,914.473514,7.860000,6935.189822
7.870000,1.873429,7.870000,11.127552,7.870000,121.967443,7.870000,923.650730,7.870000,7004.885151
7.880000,1.875302,7.880000,11.207544,7.880000,123.170900,7.880000,932.920171,7.880000,7075.280992
7.890000,1.877179,7.890000,11.288316,7.890000,124.386456,7.890000,942.282785,7.890000,7146.384257
7.900000,1.879060,7.900000,11.369873,7.900000,125.614228,7.900000,951.739473,7.900000,7218.202129
7.910000,1.880945,7.910000,11.452226,7.910000,126.854338,7.910000,961.291214,7.910000,7290.741814
7.920000,1.882833,7.920000,11.535381,7.920000,128.106910,7.920000,970.938955,7.920000,7364.010507
7.930000,1.884725,7.930000,11.619348,7.930000,129.372075,7.930000,980.683653,7.930000,7438.015586
7.940000,1.886622,7.940000,11.704135,7.940000,130.649952,7.940000,990.526283,7.940000,7512.764408
7.950000,1.888522,7.950000,11.789749,7.950000,131.940670,7.950000,1000.467845,7.950000,7588.264522
7.960000,1.890426,7.960000,11.876201,7.960000,133.244361,7.960000,1010.509307,7.960000,7664.523357
7.970000,1.892334,7.970000,11.963499,7.970000,134.561156,7.970000,1020.651700,7.970000,7741.548654
7.980000,1.894245,7.980000,12.051651,7.980000,135.891185,7.980000,1030.896009,7.980000,7819.348022
7.990000,1.896161,7.990000,12.140665,7.990000,137.234580,7.990000,1041.243291,7.990000,7897.929305
8.000000,1.898081,8.000000,12.230552,8.000000,138.591478,8.000000,1051.694563,8.000000,7977.300355
8.010000,1.900005,8.010000,12.321320,8.010000,139.962011,8.010000,1062.250870,8.010000,8057.469060
8.020000,1.901932,8.020000,12.412978,8.020000,141.346319,8.020000,1072.913264,8.020000,8138.443534
8.030000,1.903864,8.030000,12.505536,8.030000,142.744538,8.030000,1083.682826,8.030000,8220.231763
8.040000,1.905800,8.040000,12.599003,8.040000,144.156810,8.040000,1094.560608,8.040000,8302.842034
8.050000,1.907739,8.050000,12.693387,8.050000,145.583279,8.050000,1105.547738,8.050000,8386.282485
8.060000,1.909683,8.060000,12.788699,8.060000,147.024081,8.060000,1116.645270,8.060000,8470.561574
8.070000,1.911631,8.070000,12.884948,8.070000,148.479362,8.070000,1127.854344,8.070000,8555.687669
8.080000,1.913583,8.080000,12.982144,8.080000,149.949273,8.080000,1139.176072,8.080000,8641.669316
8.090000,1.915538,8.090000,13.080297,8.090000,151.433951,8.090000,1150.611575,8.090000,8728.515046
8.100000,1.917498,8.100000,13.179416,8.100000,152.933554,8.100000,1162.162018,8.100000,8816.233604
8.110000,1.919462,8.110000,13.279512,8.110000,154.448228,8.110000,1173.828542,8.110000,8904.833734
8.120000,1.921430,8.120000,13.380594,8.120000,155.978127,8.120000,1185.612306,8.120000,8994.324389
8.130000,1.923403,8.130000,13.482673,8.130000,157.523398,8.130000,1197.514515,8.130000,9084.714343
8.140000,1.925379,8.140000,13.585759,8.140000,159.084198,8.140000,1209.536328,8.140000,9176.012788
8.150000,1.927359,8.150000,13.689862,8.150000,160.660687,8.150000,1221.678973,8.150000,9268.228806
8.160000,1.929344,8.160000,13.794993,8.160000,162.253022,8.160000,1233.943645,8.160000,9361.371565
8.170000,1.931333,8.170000,13.901162,8.170000,163.861355,8.170000,1246.331580,8.170000,9455.450471
8.180000,1.933326,8.180000,14.008380,8.180000,165.485855,8.180000,1258.844032,8.180000,9550.474816
8.190000,1.935323,8.190000,14.116658,8.190000,167.126683,8.190000,1271.482215,8.190000,9646.454253
8.200000,1.937324,8.200000,14.226007,8.200000,168.784003,8.200000,1284.247413,8.200000,9743.398248
8.210000,1.939330,8.210000,14.336437,8.210000,170.457975,8.210000,1297.140933,8.210000,9841.316565
8.220000,1.941340,8.220000,14.447960,8.220000,172.148773,8.220000,1310.164005,8.220000,9940.218994
8.230000,1.943354,8.230000,14.560587,8.230000,173.856559,8.230000,1323.317962,8.230000,10040.115375
8.240000,1.945372,8.240000,14.674329,8.240000,175.581518,8.240000,1336.604144,8.240000,10141.015721
8.250000,1.947395,8.250000,14.789199,8.250000,177.323806,8.250000,1350.023825,8.250000,10242.930171
8.260000,1.949422,8.260000,14.905206,8.260000,179.083606,8.260000,1363.578404,8.260000,10345.868830
8.270000,1.951453,8.270000,15.022364,8.270000,180.861089,8.270000,1377.269184,8.270000,10449.842081
8.280000,1.953488,8.280000,15.140683,8.280000,182.656440,8.280000,1391.097562,8.280000,10554.860330
8.290000,1.955528,8.290000,15.260176,8.290000,184.469834,8.290000,1405.064929,8.290000,10660.933964
8.300000,1.957572,8.300000,15.380854,8.300000,186.301451,8.300000,1419.172669,8.300000,10768.073616
8.310000,1.959621,8.310000,15.502731,8.310000,188.151480,8.310000,1433.422201,8.310000,10876.290146
8.320000,1.961674,8.320000,15.625818,8.320000,190.020098,8.320000,1447.814920,8.320000,10985.594181
8.330000,1.963731,8.330000,15.750127,8.330000,191.907498,8.330000,1462.352301,8.330000,11095.996737
8.340000,1.965793,8.340000,15.875671,8.340000,193.813864,8.340000,1477.035780,8.340000,11207.508915
8.350000,1.967859,8.350000,16.002462,8.350000,195.739396,8.350000,1491.866845,8.350000,11320.141766
8.360000,1.969929,8.360000,16.130514,8.360000,197.684276,8.360000,1506.846951,8.360000,11433.906642
8.370000,1.972004,8.370000,16.259839,8.370000,199.648698,8.370000,1521.977627,8.370000,11548.814851
8.380000,1.974084,8.380000,16.390451,8.380000,201.632871,8.380000,1537.260353,8.380000,11664.877917
8.390000,1.976168,8.390000,16.522361,8.390000,203.636979,8.390000,1552.696660,8.390000,11782.107442
8.400000,1.978256,8.400000,16.655585,8.400000,205.661230,8.400000,1568.288135,8.400000,11900.515118
8.410000,1.980349,8.410000,16.790134,8.410000,207.705825,8.410000,1584.036299,8.410000,12020.112799
8.420000,1.982446,8.420000,16.926023,8.420000,209.770972,8.420000,1599.942734,8.420000,12140.912462
8.430000,1.984548,8.430000,17.063265,8.430000,211.856870,8.430000,1616.009027,8.430000,12262.926200
8.440000,1.986655,8.440000,17.201875,8.440000,213.963731,8.440000,1632.236770,8.440000,12386.166217
8.450000,1.988766,8.450000,17.341864,8.450000,216.091768,8.450000,1648.627615,8.450000,12510.644767
8.460000,1.990881,8.460000,17.483250,8.460000,218.241194,8.460000,1665.183204,8.460000,12636.374365
8.470000,1.993001,8.470000,17.626044,8.470000,220.412221,8.470000,1681.905190,8.470000,12763.367589
8.480000,1.995126,8.480000,17.770262,8.480000,222.605067,8.480000,1698.795190,8.480000,12891.637099
8.490000,1.997255,8.490000,17.915918,8.490000,224.819952,8.490000,1715.854985,8.490000,13021.195710
8.500000,1.999389,8.500000,18.063027,8.500000,227.057092,8.500000,1733.086222,8.500000,13152.056409
8.510000,2.001528,8.510000,18.211603,8.510000,229.316723,8.510000,1750.490613,8.510000,13284.232302
8.520000,2.003671,8.520000,18.361662,8.520000,231.599055,8.520000,1768.069940,8.520000,13417.736626
8.530000,2.005819,8.530000,18.513217,8.530000,233.904331,8.530000,1785.825930,8.530000,13552.582625
8.540000,2.007972,8.540000,18.666286,8.540000,236.232777,8.540000,1803.760389,8.540000,13688.783912
8.550000,2.010129,8.550000,18.820883,8.550000,238.584623,8.550000,1821.875075,8.550000,13826.353993
8.560000,2.012292,8.560000,18.977024,8.560000,240.960100,8.560000,1840.171827,8.560000,13965.306711
8.570000,2.014458,8.570000,19.134723,8.570000,243.359461,8.570000,1858.652443,8.570000,14105.655939
8.580000,2.016630,8.580000,19.293999,8.580000,245.782929,8.580000,1877.318831,8.580000,14247.415651
8.590000,2.018806,8.590000,19.454865,8.590000,248.230754,8.590000,1896.172782,8.590000,14390.600041
8.600000,2.020988,8.600000,19.617339,8.600000,250.703177,8.600000,1915.216256,8.600000,14535.223555
8.610000,2.023174,8.610000,19.781435,8.610000,253.200455,8.610000,1934.451074,8.610000,14681.300517
8.620000,2.025364,8.620000,19.947173,8.620000,255.722825,8.620000,1953.879225,8.620000,14828.845560
8.630000,2.027560,8.630000,20.114566,8.630000,258.270547,8.630000,1973.502665,8.630000,14977.873444
8.640000,2.029760,8.640000,20.283634,8.640000,260.843874,8.640000,1993.323286,8.640000,15128.399155
8.650000,2.031966,8.650000,20.454392,8.650000,263.443065,8.650000,2013.343129,8.650000,15280.437595
8.660000,2.034176,8.660000,20.626858,8.660000,266.068383,8.660000,2033.564147,8.660000,15434.004129
8.670000,2.036391,8.670000,20.801049,8.670000,268.720074,8.670000,2053.988414,8.670000,15589.113986
8.680000,2.038611,8.680000,20.976982,8.680000,271.398427,8.680000,2074.617927,8.680000,15745.782654
8.690000,2.040836,8.690000,21.154676,8.690000,274.103688,8.690000,2095.454806,8.690000,15904.025909
8.700000,2.043066,8.700000,21.334147,8.700000,276.836146,8.700000,2116.501058,8.700000,16063.859662
8.710000,2.045301,8.710000,21.515414,8.710000,279.596055,8.710000,2137.758850,8.710000,16225.299628
8.720000,2.047541,8.720000,21.698496,8.720000,282.383713,8.720000,2159.230266,8.720000,16388.362135
8.730000,2.049785,8.730000,21.883410,8.730000,285.199382,8.730000,2180.917526,8.730000,16553.063443
8.740000,2.052035,8.740000,22.070175,8.740000,288.043349,8.740000,2202.822679,8.740000,16719.420071
8.750000,2.054290,8.750000,22.258810,8.750000,290.915899,8.750000,2224.948010,8.750000,16887.448479
8.760000,2.056550,8.760000,22.449334,8.760000,293.817316,8.760000,2247.295737,8.760000,17057.165749
8.770000,2.058815,8.770000,22.641765,8.770000,296.747894,8.770000,2269.868013,8.770000,17228.588594
8.780000,2.061085,8.780000,22.836124,8.780000,299.707922,8.780000,2292.667179,8.780000,17401.734381
8.790000,2.063360,8.790000,23.032430,8.790000,302.697713,8.790000,2315.695455,8.790000,17576.620227
8.800000,2.065641,8.800000,23.230702,8.800000,305.717535,8.800000,2338.955203,8.800000,17753.263696
8.810000,2.067926,8.810000,23.430960,8.810000,308.767711,8.810000,2362.448679,8.810000,17931.682573
8.820000,2.070217,8.820000,23.633225,8.820000,311.848544,8.820000,2386.178264,8.820000,18111.894453
8.830000,2.072512,8.830000,23.837515,8.830000,314.960340,8.830000,2410.146374,8.830000,18293.917584
8.840000,2.074813,8.840000,24.043854,8.840000,318.103416,8.840000,2434.355344,8.840000,18477.770060
8.850000,2.077119,8.850000,24.252260,8.850000,321.278072,8.850000,2458.807624,8.850000,18663.470251
8.860000,2.079431,8.860000,24.462755,8.860000,324.484639,8.860000,2483.505648,8.860000,18851.036723
8.870000,2.081747,8.870000,24.675360,8.870000,327.723424,8.870000,2508.451893,8.870000,19040.488350
8.880000,2.084069,8.880000,24.890096,8.880000,330.994764,8.880000,2533.648849,8.880000,19231.843972
8.890000,2.086396,8.890000,25.106984,8.890000,334.298989,8.890000,2559.099038,8.890000,19425.122824
8.900000,2.088729,8.900000,25.326047,8.900000,337.636411,8.900000,2584.805040,8.900000,19620.344028
8.910000,2.091067,8.910000,25.547306,8.910000,341.007378,8.910000,2610.769343,8.910000,19817.527272
8.920000,2.093410,8.920000,25.770784,8.920000,344.412231,8.920000,2636.994597,8.920000,20016.692331
8.930000,2.095758,8.930000,25.996503,8.930000,347.851290,8.930000,2663.483460,8.930000,20217.858940
8.940000,2.098112,8.940000,26.224484,8.940000,351.324926,8.940000,2690.238497,8.940000,20421.047334
8.950000,2.100471,8.950000,26.454753,8.950000,354.833461,8.950000,2717.262455,8.950000,20626.277817
8.960000,2.102836,8.960000,26.687332,8.960000,358.377269,8.960000,2744.557965,8.960000,20833.570922
8.970000,2.105206,8.970000,26.922243,8.970000,361.956682,8.970000,2772.127849,8.970000,21042.947282
8.980000,2.107581,8.980000,27.159510,8.980000,365.572073,8.980000,2799.974786,8.980000,21254.427948
8.990000,2.109962,8.990000,27.399157,8.990000,369.223795,8.990000,2828.101592,8.990000,21468.034009
9.000000,2.112348,9.000000,27.641209,9.000000,372.912220,9.000000,2856.511111,9.000000,21683.786896
9.010000,2.114740,9.010000,27.885689,9.010000,376.637716,9.010000,2885.206093,9.010000,21901.708146
9.020000,2.117137,9.020000,28.132621,9.020000,380.400658,9.020000,2914.189520,9.020000,22121.819458
9.030000,2.119540,9.030000,28.382032,9.030000,384.201411,9.030000,2943.464214,9.030000,22344.143040
9.040000,2.121949,9.040000,28.633944,9.040000,388.040367,9.040000,2973.033120,9.040000,22568.700817
9.050000,2.124363,9.050000,28.888386,9.050000,391.917905,9.050000,3002.899190,9.050000,22795.515585
9.060000,2.126783,9.060000,29.145379,9.060000,395.834408,9.060000,3033.065431,9.060000,23024.609952
9.070000,2.129208,9.070000,29.404952,9.070000,399.790272,9.070000,3063.534849,9.070000,23256.006562
9.080000,2.131639,9.080000,29.667131,9.080000,403.785909,9.080000,3094.310506,9.080000,23489.728882
9.090000,2.134075,9.090000,29.931940,9.090000,407.821686,9.090000,3125.395407,9.090000,23725.800179
9.100000,2.136517,9.100000,30.199408,9.100000,411.898028,9.100000,3156.792798,9.100000,23964.243876
9.110000,2.138965,9.110000,30.469559,9.110000,416.015333,9.110000,3188.505657,9.110000,24205.084043
9.120000,2.141419,9.120000,30.742423,9.120000,420.174023,9.120000,3220.537308,9.120000,24448.344773
9.130000,2.143878,9.130000,31.018026,9.130000,424.374511,9.130000,3252.890830,9.130000,24694.050262
9.140000,2.146343,9.140000,31.296396,9.140000,428.617208,9.140000,3285.569492,9.140000,24942.225106
9.150000,2.148814,9.150000,31.577559,9.150000,432.902557,9.150000,3318.576649,9.150000,25192.894229
9.160000,2.151291,9.160000,31.861545,9.160000,437.230956,9.160000,3351.915481,9.160000,25446.082444
9.170000,2.153773,9.170000,32.148382,9.170000,441.602865,9.170000,3385.589421,9.170000,25701.815467
9.180000,2.156262,9.180000,32.438100,9.180000,446.018716,9.180000,3419.601748,9.180000,25960.118452
9.190000,2.158756,9.190000,32.730726,9.190000,450.478948,9.190000,3453.955886,9.190000,26221.017556
9.200000,2.161256,9.200000,33.026290,9.200000,454.984003,9.200000,3488.655328,9.200000,26484.538724
9.210000,2.163762,9.210000,33.324822,9.210000,459.534326,9.210000,3523.703492,9.210000,26750.708216
9.220000,2.166273,9.220000,33.626351,9.220000,464.130398,9.220000,3559.103893,9.220000,27019.552853
9.230000,2.168791,9.230000,33.930909,9.230000,468.772654,9.230000,3594.860071,9.230000,27291.099407
9.240000,2.171315,9.240000,34.238524,9.240000,473.461553,9.240000,3630.975628,9.240000,27565.375056
9.250000,2.173845,9.250000,34.549228,9.250000,478.197597,9.250000,3667.454174,9.250000,27842.407256
9.260000,2.176380,9.260000,34.863052,9.260000,482.981224,9.260000,3704.299274,9.260000,28122.223588
9.270000,2.178922,9.270000,35.180029,9.270000,487.812925,9.270000,3741.514686,9.270000,28404.852210
9.280000,2.181470,9.280000,35.500189,9.280000,492.693203,9.280000,3779.104148,9.280000,28690.321261
9.290000,2.184024,9.290000,35.823563,9.290000,497.622514,9.290000,3817.071370,9.290000,28978.659405
9.300000,2.186584,9.300000,36.150186,9.300000,502.601374,9.300000,3855.420176,9.300000,29269.895158
9.310000,2.189150,9.310000,36.480088,9.310000,507.630262,9.310000,3894.154382,9.310000,29564.058071
9.320000,2.191722,9.320000,36.813304,9.320000,512.709691,9.320000,3933.277912,9.320000,29861.177346
9.330000,2.194300,9.330000,37.149868,9.330000,517.840185,9.330000,3972.794604,9.330000,30161.282714
9.340000,2.196884,9.340000,37.489811,9.340000,523.022221,9.340000,4012.708462,9.340000,30464.404149
9.350000,2.199475,9.350000,37.833169,9.350000,528.256355,9.350000,4053.023462,9.350000,30770.572041
9.360000,2.202072,9.360000,38.179975,9.360000,533.543079,9.360000,4093.743645,9.360000,31079.816943
9.370000,2.204675,9.370000,38.530266,9.370000,538.882945,9.370000,4134.873047,9.370000,31392.169848
9.380000,2.207285,9.380000,38.884075,9.380000,544.276481,9.380000,4176.415793,9.380000,31707.662006
9.390000,2.209900,9.390000,39.241438,9.390000,549.724213,9.390000,4218.376073,9.390000,32026.324677
9.400000,2.212522,9.400000,39.602391,9.400000,555.226704,9.400000,4260.758046,9.400000,32348.190256
9.410000,2.215151,9.410000,39.966969,9.410000,560.784486,9.410000,4303.565927,9.410000,32673.290553
9.420000,2.217785,9.420000,40.335210,9.420000,566.398121,9.420000,4346.804105,9.420000,33001.657929
9.430000,2.220426,9.430000,40.707150,9.430000,572.068184,9.430000,4390.476849,9.430000,33333.325668
9.440000,2.223074,9.440000,41.082826,9.440000,577.795228,9.440000,4434.588433,9.440000,33668.326784
9.450000,2.225728,9.450000,41.462277,9.450000,583.579833,9.450000,4479.143378,9.450000,34006.694616
9.460000,2.228388,9.460000,41.845540,9.460000,589.422575,9.460000,4524.146136,9.460000,34348.463165
9.470000,2.231055,9.470000,42.232653,9.470000,595.324035,9.470000,4569.601185,9.470000,34693.666449
9.480000,2.233728,9.480000,42.623655,9.480000,601.284810,9.480000,4615.513045,9.480000,35042.339081
9.490000,2.236408,9.490000,43.018585,9.490000,607.305499,9.490000,4661.886279,9.490000,35394.516066
9.500000,2.239094,9.500000,43.417483,9.500000,613.386681,9.500000,4708.725628,9.500000,35750.232269
9.510000,2.241787,9.510000,43.820387,9.510000,619.528988,9.510000,4756.035677,9.510000,36109.523691
9.520000,2.244487,9.520000,44.227341,9.520000,625.733024,9.520000,4803.821255,9.520000,36472.425917
9.530000,2.247193,9.530000,44.638382,9.530000,631.999408,9.530000,4852.087049,9.530000,36838.975406
9.540000,2.249906,9.540000,45.053554,9.540000,638.328781,9.540000,4900.837942,9.540000,37209.208868
9.550000,2.252625,9.550000,45.472897,9.550000,644.721750,9.550000,4950.078796,9.550000,37583.163172
9.560000,2.255351,9.560000,45.896453,9.560000,651.178967,9.560000,4999.814552,9.560000,37960.875639
9.570000,2.258084,9.570000,46.324265,9.570000,657.701106,9.570000,5050.050129,9.570000,38342.384311
9.580000,2.260824,9.580000,46.756374,9.580000,664.288771,9.580000,5100.790577,9.580000,38727.727367
9.590000,2.263570,9.590000,47.192826,9.590000,670.942650,9.590000,5152.040957,9.590000,39116.943041
9.600000,2.266323,9.600000,47.633664,9.600000,677.663406,9.600000,5203.806358,9.600000,39510.070341
9.610000,2.269083,9.610000,48.078931,9.610000,684.451701,9.610000,5256.092120,9.610000,39907.148797
9.620000,2.271850,9.620000,48.528670,9.620000,691.308214,9.620000,5308.903342,9.620000,40308.217747
9.630000,2.274623,9.630000,48.982929,9.630000,698.233643,9.630000,5362.245318,9.630000,40713.317501
9.640000,2.277404,9.640000,49.441753,9.640000,705.228681,9.640000,5416.123347,9.640000,41122.488782
9.650000,2.280191,9.650000,49.905187,9.650000,712.294018,9.650000,5470.542906,9.650000,41535.772230
9.660000,2.282986,9.660000,50.373279,9.660000,719.430348,9.660000,5525.509392,9.660000,41953.209210
9.670000,2.285787,9.670000,50.846072,9.670000,726.638415,9.670000,5581.028253,9.670000,42374.841465
9.680000,2.288595,9.680000,51.323617,9.680000,733.918913,9.680000,5637.105090,9.680000,42800.711347
9.690000,2.291411,9.690000,51.805960,9.690000,741.272579,9.690000,5693.745611,9.690000,43230.861207
9.700000,2.294233,9.700000,52.293150,9.700000,748.700166,9.700000,5750.955329,9.700000,43665.333999
9.710000,2.297063,9.710000,52.785236,9.710000,756.202390,9.710000,5808.739936,9.710000,44104.173422
9.720000,2.299899,9.720000,53.282267,9.720000,763.780010,9.720000,5867.105299,9.720000,44547.423308
9.730000,2.302743,9.730000,53.784291,9.730000,771.433792,9.730000,5926.057274,9.730000,44995.127830
9.740000,2.305594,9.740000,54.291360,9.740000,779.164506,9.740000,5985.601813,9.740000,45447.331848
9.750000,2.308452,9.750000,54.803525,9.750000,786.972907,9.750000,6045.744715,9.750000,45904.080711
9.760000,2.311317,9.760000,55.320837,9.760000,794.859776,9.760000,6106.492026,9.760000,46365.419830
9.770000,2.314190,9.770000,55.843346,9.770000,802.825921,9.770000,6167.849866,9.770000,46831.395846
9.780000,2.317069,9.780000,56.371106,9.780000,810.872105,9.780000,6229.824440,9.780000,47302.054647
9.790000,2.319956,9.790000,56.904169,9.790000,818.999180,9.790000,6292.421774,9.790000,47777.443545
9.800000,2.322851,9.800000,57.442590,9.800000,827.207916,9.800000,6355.648287,9.800000,48257.610602
9.810000,2.325752,9.810000,57.986420,9.810000,835.499186,9.810000,6419.510217,9.810000,48742.603091
9.820000,2.328661,9.820000,58.535716,9.820000,843.873748,9.820000,6484.014005,9.820000,49232.469973
9.830000,2.331578,9.830000,59.090531,9.830000,852.332477,9.830000,6549.165938,9.830000,49727.260009
9.840000,2.334502,9.840000,59.650923,9.840000,860.876236,9.840000,6614.972785,9.840000,50227.022722
9.850000,2.337433,9.850000,60.216947,9.850000,869.505842,9.850000,6681.441043,9.850000,50731.808340
9.860000,2.340372,9.860000,60.788657,9.860000,878.222192,9.860000,6748.577201,9.860000,51241.666994
9.870000,2.343318,9.870000,61.366111,9.870000,887.026147,9.870000,6816.388045,9.870000,51756.649738
9.880000,2.346272,9.880000,61.949371,9.880000,895.918556,9.880000,6884.880530,9.880000,52276.808223
9.890000,2.349233,9.890000,62.538492,9.890000,904.900371,9.890000,6954.061299,9.890000,52802.194517
9.900000,2.352202,9.900000,63.133531,9.900000,913.972424,9.900000,7023.937396,9.900000,53332.860841
9.910000,2.355179,9.910000,63.734550,9.910000,923.135664,9.910000,7094.515770,9.910000,53868.860747
9.920000,2.358163,9.920000,64.341612,9.920000,932.390992,9.920000,7165.803454,9.920000,54410.247320
9.930000,2.361155,9.930000,64.954772,9.930000,941.739356,9.930000,7237.807570,9.930000,54957.075022
9.940000,2.364155,9.940000,65.574092,9.940000,951.181659,9.940000,7310.535299,9.940000,55509.398294
9.950000,2.367163,9.950000,66.199640,9.950000,960.718855,9.950000,7383.994046,9.950000,56067.272491
9.960000,2.370178,9.960000,66.831473,9.960000,970.351915,9.960000,7458.191041,9.960000,56630.753452
9.970000,2.373201,9.970000,67.469656,9.970000,980.081774,9.970000,7533.133602,9.970000,57199.897550
9.980000,2.376232,9.980000,68.114250,9.980000,989.909429,9.980000,7608.829505,9.980000,57774.761530
9.990000,2.379271,9.990000,68.765325,9.990000,999.835845,9.990000,7685.286182,9.990000,58355.403028
10.000000,2.382317,10.000000,69.422940,10.000000,1009.862037,10.000000,7762.511107,10.000000,58941.880278
10.010000,2.385372,10.010000,70.087166,10.010000,1019.988986,10.010000,7840.512280,10.010000,59534.251256
10.020000,2.388434,10.020000,70.758066,10.020000,1030.217686,10.020000,7919.297256,10.020000,60132.576314
10.030000,2.391505,10.030000,71.435709,10.030000,1040.549224,10.030000,7998.874249,10.030000,60736.914180
10.040000,2.394584,10.040000,72.120160,10.040000,1050.984573,10.040000,8079.250773,10.040000,61347.325959
10.050000,2.397670,10.050000,72.811490,10.050000,1061.524819,10.050000,8160.435170,10.050000,61963.872100
10.060000,2.400765,10.060000,73.509770,10.060000,1072.170990,10.060000,8242.435618,10.060000,62586.615050
10.070000,2.403868,10.070000,74.215067,10.070000,1082.924161,10.070000,8325.260050,10.070000,63215.616432
10.080000,2.406979,10.080000,74.927451,10.080000,1093.785378,10.080000,8408.916928,10.080000,63850.939503
10.090000,2.410098,10.090000,75.646994,10.090000,1104.755771,10.090000,8493.414433,10.090000,64492.647453
10.100000,2.413225,10.100000,76.373770,10.100000,1115.836429,10.100000,8578.761366,10.100000,65140.804919
10.110000,2.416361,10.110000,77.107848,10.110000,1127.028434,10.110000,8664.965870,10.110000,65795.476430
10.120000,2.419505,10.120000,77.849306,10.120000,1138.332936,10.120000,8752.036935,10.120000,66456.727511
10.130000,2.422657,10.130000,78.598212,10.130000,1149.751010,10.130000,8839.982914,10.130000,67124.624328
10.140000,2.425818,10.140000,79.354645,10.140000,1161.283899,10.140000,8928.812798,10.140000,67799.233717
10.150000,2.428987,10.150000,80.118683,10.150000,1172.932654,10.150000,9018.535475,10.150000,68480.622713
10.160000,2.432164,10.160000,80.890395,10.160000,1184.698478,10.160000,9109.159931,10.160000,69168.860188
10.170000,2.435350,10.170000,81.669866,10.170000,1196.582559,10.170000,9200.694967,10.170000,69864.014357
10.180000,2.438544,10.180000,82.457172,10.180000,1208.586068,10.180000,9293.150203,10.180000,70566.154747
10.190000,2.441747,10.190000,83.252386,10.190000,1220.710258,10.190000,9386.534450,10.190000,71275.351728
10.200000,2.444958,10.200000,84.055591,10.200000,1232.956237,10.200000,9480.857372,10.200000,71991.676513
10.210000,2.448178,10.210000,84.866873,10.210000,1245.325336,10.210000,9576.128143,10.210000,72715.200283
10.220000,2.451407,10.220000,85.686304,10.220000,1257.818734,10.220000,9672.356398,10.220000,73445.996093
10.230000,2.454644,10.230000,86.513973,10.230000,1270.437685,10.230000,9769.551731,10.230000,74184.135960
10.240000,2.457890,10.240000,87.349962,10.240000,1283.183452,10.240000,9867.724048,10.240000,74929.694558
10.250000,2.461144,10.250000,88.194346,10.250000,1296.057313,10.250000,9966.882861,10.250000,75682.746052
10.260000,2.464408,10.260000,89.047222,10.260000,1309.060583,10.260000,10067.038294,10.260000,76443.365710
10.270000,2.467680,10.270000,89.908666,10.270000,1322.194525,10.270000,10168.200258,10.270000,77211.629929
10.280000,2.470961,10.280000,90.778771,10.280000,1335.460481,10.280000,10270.378980,10.280000,77987.615083
10.290000,2.474250,10.290000,91.657619,10.290000,1348.859726,10.290000,10373.584711,10.290000,78771.399293
10.300000,2.477549,10.300000,92.545297,10.300000,1362.393668,10.300000,10477.827550,10.300000,79563.060577
10.310000,2.480857,10.310000,93.441897,10.310000,1376.063640,10.310000,10583.118034,10.310000,80362.678219
10.320000,2.484173,10.320000,94.347510,10.320000,1389.870937,10.320000,10689.466760,10.320000,81170.331961
10.330000,2.487499,10.330000,95.262220,10.330000,1403.817046,10.330000,10796.884362,10.330000,81986.102945
10.340000,2.490834,10.340000,96.186127,10.340000,1417.903337,10.340000,10905.381372,10.340000,82810.072536
10.350000,2.494177,10.350000,97.119318,10.350000,1432.131150,10.350000,11014.968899,10.350000,83642.323362
10.360000,2.497530,10.360000,98.061889,10.360000,1446.501983,10.360000,11125.657848,10.360000,84482.937948
10.370000,2.500892,10.370000,99.013931,10.370000,1461.017233,10.370000,11237.459090,10.370000,85332.001357
10.380000,2.504263,10.380000,99.975539,10.380000,1475.678369,10.380000,11350.384092,10.380000,86189.597387
10.390000,2.507644,10.390000,100.946814,10.390000,1490.486833,10.390000,11464.443955,10.390000,87055.813186
10.400000,2.511034,10.400000,101.927851,10.400000,1505.444139,10.400000,11579.650083,10.400000,87930.733989
10.410000,2.514432,10.410000,102.918747,10.410000,1520.551771,10.410000,11696.014178,10.410000,88814.447769
10.420000,2.517841,10.420000,103.919600,10.420000,1535.811247,10.420000,11813.547569,10.420000,89707.043504
10.430000,2.521258,10.430000,104.930514,10.430000,1551.224086,10.430000,11932.262356,10.430000,90608.610035
10.440000,2.524686,10.440000,105.951584,10.440000,1566.791770,10.440000,12052.170214,10.440000,91519.237188
10.450000,2.528122,10.450000,106.982919,10.450000,1582.515975,10.450000,12173.283030,10.450000,92439.016246
10.460000,2.531568,10.460000,108.024620,10.460000,1598.398205,10.460000,12295.613131,10.460000,93368.039469
10.470000,2.535024,10.470000,109.076787,10.470000,1614.440020,10.470000,12419.172768,10.470000,94306.399032
10.480000,2.538489,10.480000,110.139528,10.480000,1630.643063,10.480000,12543.973988,10.480000,95254.189618
10.490000,2.541964,10.490000,111.212952,10.490000,1647.008982,10.490000,12670.029750,10.490000,96211.506005
10.500000,2.545448,10.500000,112.297160,10.500000,1663.539370,10.500000,12797.352212,10.500000,97178.443185
10.510000,2.548942,10.510000,113.392269,10.510000,1680.235863,10.510000,12925.954324,10.510000,98155.098566
10.520000,2.552446,10.520000,114.498384,10.520000,1697.100195,10.520000,13055.848900,10.520000,99141.568912
10.530000,2.555960,10.530000,115.615613,10.530000,1714.134000,10.530000,13187.049023,10.530000,100137.953918
10.540000,2.559483,10.540000,116.744073,10.540000,1731.339000,10.540000,13319.567660,10.540000,101144.352803
10.550000,2.563017,10.550000,117.883873,10.550000,1748.716892,10.550000,13453.418162,10.550000,102160.865793
10.560000,2.566560,10.560000,119.035124,10.560000,1766.269459,10.560000,13588.613771,10.560000,103187.595290
10.570000,2.570113,10.570000,120.197951,10.570000,1783.998438,10.570000,13725.168278,10.570000,104224.643176
10.580000,2.573676,10.580000,121.372462,10.580000,1801.905572,10.580000,13863.095253,10.580000,105272.113898
10.590000,2.577249,10.590000,122.558775,10.590000,1819.992698,10.590000,14002.408138,10.590000,106330.111955
10.600000,2.580833,10.600000,123.757012,10.600000,1838.261594,10.600000,14143.121257,10.600000,107398.742885
10.610000,2.584426,10.610000,124.967294,10.610000,1856.714110,10.610000,14285.248673,10.610000,108478.113517
10.620000,2.588029,10.620000,126.189735,10.620000,1875.352090,10.620000,14428.804424,10.620000,109568.332126
10.630000,2.591643,10.630000,127.424465,10.630000,1894.177338,10.630000,14573.802913,10.630000,110669.507763
10.640000,2.595267,10.640000,128.671608,10.640000,1913.191807,10.640000,14720.258749,10.640000,111781.750588
10.650000,2.598901,10.650000,129.931275,10.650000,1932.397338,10.650000,14868.186176,10.650000,112905.170729
10.660000,2.602546,10.660000,131.203606,10.660000,1951.795941,10.660000,15017.600514,10.660000,114039.882444
10.670000,2.606201,10.670000,132.488729,10.670000,1971.389460,10.670000,15168.516727,10.670000,115185.997695
10.680000,2.609866,10.680000,133.786763,10.680000,1991.179957,10.680000,15320.949378,10.680000,116343.631611
10.690000,2.613542,10.690000,135.097844,10.690000,2011.169291,10.690000,15474.914115,10.690000,117512.900375
10.700000,2.617228,10.700000,136.422102,10.700000,2031.359574,10.700000,15630.426143,10.700000,118693.920559
10.710000,2.620925,10.710000,137.759662,10.710000,2051.752711,10.710000,15787.501128,10.710000,119886.809573
10.720000,2.624632,10.720000,139.110670,10.720000,2072.350809,10.720000,15946.154757,10.720000,121091.687785
10.730000,2.628350,10.730000,140.475257,10.730000,2093.156005,10.730000,16106.402871,10.730000,122308.674699
10.740000,2.632079,10.740000,141.853562,10.740000,2114.170235,10.740000,16268.261622,10.740000,123537.893049
10.750000,2.635818,10.750000,143.245716,10.750000,2135.395680,10.750000,16431.746990,10.750000,124779.464863
10.760000,2.639568,10.760000,144.651856,10.760000,2156.834396,10.760000,16596.875154,10.760000,126033.514422
10.770000,2.643329,10.770000,146.072134,10.770000,2178.488593,10.770000,16763.663318,10.770000,127300.167984
10.780000,2.647101,10.780000,147.506682,10.780000,2200.360444,10.780000,16932.127388,10.780000,128579.551815
10.790000,2.650884,10.790000,148.955650,10.790000,2222.452137,10.790000,17102.284777,10.790000,129871.793373
10.800000,2.654678,10.800000,150.419175,10.800000,2244.765783,10.800000,17274.152042,10.800000,131177.022392
10.810000,2.658483,10.810000,151.897414,10.810000,2267.303739,10.810000,17447.746932,10.810000,132495.368593
10.820000,2.662298,10.820000,153.390507,10.820000,2290.068172,10.820000,17623.086367,10.820000,133826.964386
10.830000,2.666125,10.830000,154.898614,10.830000,2313.061426,10.830000,17800.187843,10.830000,135171.943325
10.840000,2.669963,10.840000,156.421867,10.840000,2336.285719,10.840000,17979.069260,10.840000,136530.439264
10.850000,2.673813,10.850000,157.960435,10.850000,2359.743473,10.850000,18159.748513,10.850000,137902.589393
10.860000,2.677673,10.860000,159.514465,10.860000,2383.436957,10.860000,18342.243661,10.860000,139288.529001
10.870000,2.681545,10.870000,161.084108,10.870000,2407.368562,10.870000,18526.572871,10.870000,140688.397131
10.880000,2.685428,10.880000,162.669532,10.880000,2431.540640,10.880000,18712.754424,10.880000,142102.334320
10.890000,2.689323,10.890000,164.270889,10.890000,2455.955687,10.890000,18900.807560,10.890000,143530.482610
10.900000,2.693229,10.900000,165.888336,10.900000,2480.616132,10.900000,19090.750519,10.900000,144972.983019
10.910000,2.697146,10.910000,167.522044,10.910000,2505.524399,10.910000,19282.602120,10.910000,146429.981743
10.920000,2.701075,10.920000,169.172171,10.920000,2530.682990,10.920000,19476.382131,10.920000,147901.622624
10.930000,2.705016,10.930000,170.838873,10.930000,2556.094479,10.930000,19672.109778,10.930000,149388.054265
10.940000,2.708968,10.940000,172.522334,10.940000,2581.761299,10.940000,19869.804326,10.940000,150889.424724
10.950000,2.712932,10.950000,174.222710,10.950000,2607.686079,10.950000,20069.485731,10.950000,152405.883895
10.960000,2.716908,10.960000,175.940180,10.960000,2633.871443,10.960000,20271.174008,10.960000,153937.584227
10.970000,2.720895,10.970000,177.674908,10.970000,2660.319974,10.970000,20474.889175,10.970000,155484.677756
10.980000,2.724895,10.980000,179.427070,10.980000,2687.034296,10.980000,20680.651869,10.980000,157047.320560
10.990000,2.728906,10.990000,181.196838,10.990000,2714.017109,10.990000,20888.482742,10.990000,158625.668135
11.000000,2.732929,11.000000,182.984395,11.000000,2741.271065,11.000000,21098.401966,11.000000,160219.877781
11.010000,2.736964,11.010000,184.789920,11.010000,2768.798994,11.010000,21310.430779,11.010000,161830.109620
11.020000,2.741012,11.020000,186.613592,11.020000,2796.603509,11.020000,21524.591075,11.020000,163456.525803
11.030000,2.745071,11.030000,188.455588,11.030000,2824.687553,11.030000,21740.903402,11.030000,165099.286724
11.040000,2.749143,11.040000,190.316101,11.040000,2853.053758,11.040000,21959.389670,11.040000,166758.556962
11.050000,2.753227,11.050000,192.195303,11.050000,2881.705171,11.050000,22180.071550,11.050000,168434.504135
11.060000,2.757323,11.060000,194.093404,11.060000,2910.644421,11.060000,22402.971695,11.060000,170127.294672
11.070000,2.761431,11.070000,196.010574,11.070000,2939.874573,11.070000,22628.111864,11.070000,171837.098019
11.080000,2.765552,11.080000,197.947005,11.080000,2969.398440,11.080000,22855.514846,11.080000,173564.084603
11.090000,2.769685,11.090000,199.902912,11.090000,2999.219106,11.090000,23085.203126,11.090000,175308.428521
11.100000,2.773831,11.100000,201.878467,11.100000,3029.339386,11.100000,23317.199920,11.100000,177070.302527
11.110000,2.777990,11.110000,203.873879,11.110000,3059.762382,11.110000,23551.528254,11.110000,178849.884139
11.120000,2.782161,11.120000,205.889344,11.120000,3090.491227,11.120000,23788.211704,11.120000,180647.351150
11.130000,2.786344,11.130000,207.925064,11.130000,3121.528851,11.130000,24027.273886,11.130000,182462.883204
11.140000,2.790541,11.140000,209.981250,11.140000,3152.878333,11.140000,24268.738396,11.140000,184296.660798
11.150000,2.794750,11.150000,212.058090,11.150000,3184.543014,11.150000,24512.629971,11.150000,186148.869244
11.160000,2.798972,11.160000,214.155809,11.160000,3216.525855,11.160000,24758.972578,11.160000,188019.691936
11.170000,2.803207,11.170000,216.274616,11.170000,3248.830137,11.170000,25007.791108,11.170000,189909.316691
11.180000,2.807455,11.180000,218.414711,11.180000,3281.459088,11.180000,25259.110202,11.180000,191817.931705
11.190000,2.811716,11.190000,220.576313,11.190000,3314.416001,11.190000,25512.955014,11.190000,193745.730624
11.200000,2.815990,11.200000,222.759637,11.200000,3347.704110,11.200000,25769.350933,11.200000,195692.902595
11.210000,2.820277,11.210000,224.964908,11.210000,3381.326752,11.210000,26028.324023,11.210000,197659.644432
11.220000,2.824578,11.220000,227.192342,11.220000,3415.287285,11.220000,26289.899511,11.220000,199646.152311
11.230000,2.828891,11.230000,229.442162,11.230000,3449.589178,11.230000,26554.104238,11.230000,201652.624578
11.240000,2.833218,11.240000,231.714595,11.240000,3484.235737,11.240000,26820.963805,11.240000,203679.262736
11.250000,2.837559,11.250000,234.009863,11.250000,3519.230541,11.250000,27090.505462,11.250000,205726.269416
11.260000,2.841913,11.260000,236.328200,11.260000,3554.577059,11.260000,27362.756263,11.260000,207793.848894
11.270000,2.846280,11.270000,238.669838,11.270000,3590.278857,11.270000,27637.742860,11.270000,209882.207093
11.280000,2.850661,11.280000,241.035012,11.280000,3626.339464,11.280000,27915.493554,11.280000,211991.552925
11.290000,2.855055,11.290000,243.423955,11.290000,3662.762412,11.290000,28196.035783,11.290000,214122.099503
11.300000,2.859464,11.300000,245.836904,11.300000,3699.551477,11.300000,28479.397291,11.300000,216274.058403
11.310000,2.863886,11.310000,248.274100,11.310000,3736.710185,11.310000,28765.606614,11.310000,218447.643428
11.320000,2.868321,11.320000,250.735794,11.320000,3774.242491,11.320000,29054.692067,11.320000,220643.075588
11.330000,2.872771,11.330000,253.222233,11.330000,3812.151866,11.330000,29346.683001,11.330000,222860.570358
11.340000,2.877235,11.340000,255.733662,11.340000,3850.442365,11.340000,29641.608769,11.340000,225100.352037
11.350000,2.881713,11.350000,258.270321,11.350000,3889.117567,11.350000,29939.498835,11.350000,227362.644077
11.360000,2.886204,11.360000,260.832486,11.360000,3928.181565,11.360000,30240.382078,11.360000,229647.671380
11.370000,2.890710,11.370000,263.420388,11.370000,3967.638053,11.370000,30544.289710,11.370000,231955.664577
11.380000,2.895231,11.380000,266.034311,11.380000,4007.491185,11.380000,30851.251576,11.380000,234286.853747
11.390000,2.899765,11.390000,268.674493,11.390000,4047.744713,11.390000,31161.298275,11.390000,236641.471043
11.400000,2.904314,11.400000,271.341220,11.400000,4088.402934,11.400000,31474.461322,11.400000,239019.752834
11.410000,2.908877,11.410000,274.034742,11.410000,4129.469797,11.410000,31790.771218,11.410000,241421.936910
11.420000,2.913455,11.420000,276.755333,11.420000,4170.949225,11.420000,32110.260534,11.420000,243848.262508
11.430000,2.918047,11.430000,279.503275,11.430000,4212.845715,11.430000,32432.960549,11.430000,246298.973409
11.440000,2.922654,11.440000,282.278825,11.440000,4255.163219,11.440000,32758.904191,11.440000,248774.314832
11.450000,2.927276,11.450000,285.082278,11.450000,4297.905947,11.450000,33088.123189,11.450000,251274.534202
11.460000,2.931912,11.460000,287.913897,11.460000,4341.078331,11.460000,33420.650846,11.460000,253799.881594
11.470000,2.936563,11.470000,290.773984,11.470000,4384.684454,11.470000,33756.520449,11.470000,256350.608301
11.480000,2.941230,11.480000,293.662809,11.480000,4428.728981,11.480000,34095.765872,11.480000,258926.969384
11.490000,2.945911,11.490000,296.580662,11.490000,4473.216145,11.490000,34438.420169,11.490000,261529.225292
11.500000,2.950607,11.500000,299.527853,11.500000,4518.150325,11.500000,34784.518696,11.500000,264157.633461
11.510000,2.955318,11.510000,302.504655,11.510000,4563.536188,11.510000,35134.095672,11.510000,266812.456626
11.520000,2.960044,11.520000,305.511369,11.520000,4609.378125,11.520000,35487.186158,11.520000,269493.962407
11.530000,2.964786,11.530000,308.548314,11.530000,4655.680803,11.530000,35843.824607,11.530000,272202.417439
11.540000,2.969543,11.540000,311.615765,11.540000,4702.448891,11.540000,36204.047480,11.540000,274938.091892
11.550000,2.974316,11.550000,314.714062,11.550000,4749.686877,11.550000,36567.890750,11.550000,277701.261013
11.560000,2.979104,11.560000,317.843489,11.560000,4797.399718,11.560000,36935.391116,11.560000,280492.201211
11.570000,2.983907,11.570000,321.004369,11.570000,4845.592040,11.570000,37306.584314,11.570000,283311.190163
11.580000,2.988726,11.580000,324.197017,11.580000,4894.268725,11.580000,37681.508830,11.580000,286158.509995
11.590000,2.993561,11.590000,327.421751,11.590000,4943.434607,11.590000,38060.200391,11.590000,289034.445988
11.600000,2.998412,11.600000,330.678885,11.600000,4993.094673,11.600000,38442.698684,11.600000,291939.286422
11.610000,3.003279,11.610000,333.968763,11.610000,5043.253760,11.610000,38829.040665,11.610000,294873.321766
11.620000,3.008161,11.620000,337.291708,11.620000,5093.916968,11.620000,39219.265601,11.620000,297836.842513
11.630000,3.013059,11.630000,340.648051,11.630000,5145.089241,11.630000,39613.412214,11.630000,300830.149009
11.640000,3.017974,11.640000,344.038116,11.640000,5196.775977,11.640000,40011.520085,11.640000,303853.537130
11.650000,3.022905,11.650000,347.462246,11.650000,5248.982139,11.650000,40413.629305,11.650000,306907.310160
11.660000,3.027852,11.660000,350.920805,11.660000,5301.712910,11.660000,40819.779870,11.660000,309991.776714
11.670000,3.032815,11.670000,354.414111,11.670000,5354.973741,11.670000,41230.011812,11.670000,313107.242175
11.680000,3.037795,11.680000,357.942531,11.680000,5408.769827,11.680000,41644.367252,11.680000,316254.016987
11.690000,3.042791,11.690000,361.506419,11.690000,5463.106521,11.690000,42062.886401,11.690000,319432.417065
11.700000,3.047804,11.700000,365.106116,11.700000,5517.989270,11.700000,42485.612254,11.700000,322642.761969
11.710000,3.052834,11.710000,368.741989,11.710000,5573.423712,11.710000,42912.586387,11.710000,325885.372357
11.720000,3.057880,11.720000,372.414408,11.720000,5629.415172,11.720000,43343.851129,11.720000,329160.570197
11.730000,3.062943,11.730000,376.123725,11.730000,5685.969394,11.730000,43779.451007,11.730000,332468.684224
11.740000,3.068023,11.740000,379.870346,11.740000,5743.092029,11.740000,44219.428687,11.740000,335810.044417
11.750000,3.073120,11.750000,383.654592,11.750000,5800.788695,11.750000,44663.827612,11.750000,339184.987076
11.760000,3.078234,11.760000,387.476888,11.760000,5859.065286,11.760000,45112.693463,11.760000,342593.849503
11.770000,3.083365,11.770000,391.337592,11.770000,5917.927500,11.770000,45566.069779,11.770000,346036.970835
11.780000,3.088513,11.780000,395.237102,11.780000,5977.381340,11.780000,46024.003531,11.780000,349514.694548
11.790000,3.093679,11.790000,399.175810,11.790000,6037.432669,11.790000,46486.538596,11.790000,353027.372445
11.800000,3.098862,11.800000,403.154088,11.800000,6098.087542,11.800000,46953.722704,11.800000,356575.352052
11.810000,3.104063,11.810000,407.172357,11.810000,6159.351906,11.810000,47425.602523,11.810000,360158.989775
11.820000,3.109281,11.820000,411.230997,11.820000,6221.232240,11.820000,47902.223723,11.820000,363778.642637
11.830000,3.114517,11.830000,415.330437,11.830000,6283.734331,11.830000,48383.635972,11.830000,367434.675340
11.840000,3.119771,11.840000,419.471084,11.840000,6346.864530,11.840000,48869.885957,11.840000,371127.449967
11.850000,3.125043,11.850000,423.653327,11.850000,6410.629231,11.850000,49361.022820,11.850000,374857.338283
11.860000,3.130332,11.860000,427.877618,11.860000,6475.034757,11.860000,49857.096873,11.860000,378624.712335
11.870000,3.135640,11.870000,432.144350,11.870000,6540.087589,11.870000,50358.155567,11.870000,382429.950568
11.880000,3.140965,11.880000,436.453965,11.880000,6605.794315,11.880000,50864.249899,11.880000,386273.430024
11.890000,3.146309,11.890000,440.806903,11.890000,6672.161229,11.890000,51375.430706,11.890000,390155.538012
11.900000,3.151671,11.900000,445.203596,11.900000,6739.195284,11.900000,51891.748710,11.900000,394076.661369
11.910000,3.157052,11.910000,449.644457,11.910000,6806.902920,11.910000,52413.256401,11.910000,398037.193153
11.920000,3.162451,11.920000,454.129967,11.920000,6875.291152,11.920000,52940.004447,11.920000,402037.529268
11.930000,3.167869,11.930000,458.660534,11.930000,6944.366624,11.930000,53472.047242,11.930000,406078.068950
11.940000,3.173305,11.940000,463.236653,11.940000,7014.136324,11.940000,54009.436881,11.940000,410159.216981
11.950000,3.178760,11.950000,467.858753,11.950000,7084.607197,11.950000,54552.227254,11.950000,414281.382563
11.960000,3.184234,11.960000,472.527327,11.960000,7155.786349,11.960000,55100.472286,11.960000,418444.975557
11.970000,3.189727,11.970000,477.242787,11.970000,7227.680831,11.970000,55654.228299,11.970000,422650.411100
11.980000,3.195239,11.980000,482.005664,11.980000,7300.298064,11.980000,56213.549066,11.980000,426898.114594
11.990000,3.200771,11.990000,486.816399,11.990000,7373.644851,11.990000,56778.491466,11.990000,431188.506245
12.000000,3.206321,12.000000,491.675474,12.000000,7447.728939,12.000000,57349.111650,12.000000,435522.018459
12.010000,3.211891,12.010000,496.583414,12.010000,7522.557582,12.010000,57925.466359,12.010000,439899.084623
12.020000,3.217481,12.020000,501.540653,12.020000,7598.138212,12.020000,58507.613079,12.020000,444320.139015
12.030000,3.223089,12.030000,506.547715,12.030000,7674.478475,12.030000,59095.611397,12.030000,448785.626155
12.040000,3.228718,12.040000,511.605095,12.040000,7751.585818,12.040000,59689.518546,12.040000,453295.991712
12.050000,3.234366,12.050000,516.713308,12.050000,7829.468252,12.050000,60289.395018,12.050000,457851.687448
12.060000,3.240035,12.060000,521.872864,12.060000,7908.133439,12.060000,60895.299290,12.060000,462453.169241
12.070000,3.245723,12.070000,527.084281,12.070000,7987.589095,12.070000,61507.294645,12.070000,467100.898298
12.080000,3.251431,12.080000,532.348052,12.080000,8067.843345,12.080000,62125.439078,12.080000,471795.334763
12.090000,3.257160,12.090000,537.664738,12.090000,8148.904226,12.090000,62749.797390,12.090000,476536.953225
12.100000,3.262909,12.100000,543.034866,12.100000,8230.779703,12.100000,63380.430025,12.100000,481326.223538
12.110000,3.268678,12.110000,548.458960,12.110000,8313.477970,12.110000,64017.400016,12.110000,486163.628870
12.120000,3.274467,12.120000,553.937567,12.120000,8397.007608,12.120000,64660.772601,12.120000,491049.650092
12.130000,3.280278,12.130000,559.471227,12.130000,8481.376441,12.130000,65310.610619,12.130000,495984.775596
12.140000,3.286109,12.140000,565.060489,12.140000,8566.593497,12.140000,65966.980266,12.140000,500969.500642
12.150000,3.291961,12.150000,570.705950,12.150000,8652.666720,12.150000,66629.945641,12.150000,506004.323353
12.160000,3.297833,12.160000,576.408131,12.160000,8739.605378,12.160000,67299.573933,12.160000,511089.747427
12.170000,3.303727,12.170000,582.167644,12.170000,8827.417374,12.170000,67975.932797,12.170000,516226.280888
12.180000,3.309642,12.180000,587.985006,12.180000,8916.111983,12.180000,68659.089066,12.180000,521414.436187
12.190000,3.315579,12.190000,593.860864,12.190000,9005.698194,12.190000,69349.111213,12.190000,526654.732106
12.200000,3.321536,12.200000,599.795751,12.200000,9096.184469,12.200000,70046.067174,12.200000,531947.695783
12.210000,3.327516,12.210000,605.790318,12.210000,9187.580368,12.210000,70750.028703,12.210000,537293.854750
12.220000,3.333516,12.220000,611.845101,12.220000,9279.894703,12.220000,71461.064917,12.220000,542693.744450
12.230000,3.339539,12.230000,617.960747,12.230000,9373.136910,12.230000,72179.247286,12.230000,548147.901926
12.240000,3.345583,12.240000,624.137850,12.240000,9467.316371,12.240000,72904.647963,12.240000,553656.875225
12.250000,3.351650,12.250000,630.377055,12.250000,9562.442076,12.250000,73637.337776,12.250000,559221.217303
12.260000,3.357738,12.260000,636.678941,12.260000,9658.523773,12.260000,74377.392334,12.260000,564841.476570
12.270000,3.363849,12.270000,643.044150,12.270000,9755.571277,12.270000,75124.883798,12.270000,570518.223343
12.280000,3.369982,12.280000,649.473360,12.280000,9853.594007,12.280000,75879.888707,12.280000,576252.025385
12.290000,3.376137,12.290000,655.967180,12.290000,9952.602135,12.290000,76642.480638,12.290000,582043.447403
12.300000,3.382315,12.300000,662.526250,12.300000,10052.604838,12.300000,77412.737125,12.300000,587893.079660
12.310000,3.388516,12.310000,669.151263,12.310000,10153.613144,12.310000,78190.734510,12.310000,593801.498046
12.320000,3.394739,12.320000,675.842844,12.320000,10255.636094,12.320000,78976.550485,12.320000,599769.298976
12.330000,3.400985,12.330000,682.601670,12.330000,10358.684822,12.330000,79770.264813,12.330000,605797.075090
12.340000,3.407255,12.340000,689.428412,12.340000,10462.769031,12.340000,80571.956123,12.340000,611885.430090
12.350000,3.413547,12.350000,696.323798,12.350000,10567.899183,12.350000,81381.704060,12.350000,618034.979116
12.360000,3.419863,12.360000,703.288456,12.360000,10674.085910,12.360000,82199.589843,12.360000,624246.326667
12.370000,3.426203,12.370000,710.323115,12.370000,10781.340077,12.370000,83025.696428,12.370000,630520.105910
12.380000,3.432565,12.380000,717.428491,12.380000,10889.671799,12.380000,83860.104647,12.380000,636856.932273
12.390000,3.438952,12.390000,724.605258,12.390000,10999.092682,12.390000,84702.900028,12.390000,643257.447804
12.400000,3.445362,12.400000,731.854176,12.400000,11109.612826,12.400000,85554.165237,12.400000,649722.287923
12.410000,3.451797,12.410000,739.175922,12.410000,11221.244136,12.410000,86413.984277,12.410000,656252.097799
12.420000,3.458255,12.420000,746.571261,12.420000,11333.997174,12.420000,87282.446978,12.420000,662847.538394
12.430000,3.464738,12.430000,754.040935,12.430000,11447.883526,12.430000,88159.636700,12.430000,669509.262309
12.440000,3.471245,12.440000,761.585668,12.440000,11562.914281,12.440000,89045.641875,12.440000,676237.936246
12.450000,3.477776,12.450000,769.206223,12.450000,11679.101154,12.450000,89940.552073,12.450000,683034.238982
12.460000,3.484332,12.460000,776.903396,12.460000,11796.455741,12.460000,90844.456828,12.460000,689898.842815
12.470000,3.490913,12.470000,784.677874,12.470000,11914.989510,12.470000,91757.445671,12.470000,696832.435269
12.480000,3.497519,12.480000,792.530551,12.480000,12034.714948,12.480000,92679.610003,12.480000,703835.713422
12.490000,3.504150,12.490000,800.462076,12.490000,12155.643418,12.490000,93611.042049,12.490000,710909.375953
12.500000,3.510806,12.500000,808.473375,12.500000,12277.787551,12.500000,94551.834949,12.500000,718054.129149
12.510000,3.517487,12.510000,816.565167,12.510000,12401.159022,12.510000,95502.082793,12.510000,725270.686339
12.520000,3.524194,12.520000,824.738279,12.520000,12525.770488,12.520000,96461.881835,12.520000,732559.773279
12.530000,3.530926,12.530000,832.993531,12.530000,12651.634052,12.530000,97431.326512,12.530000,739922.119104
12.540000,3.537684,12.540000,841.331748,12.540000,12778.762597,12.540000,98410.513951,12.540000,747358.454962
12.550000,3.544468,12.550000,849.753793,12.550000,12907.169056,12.550000,99399.542761,12.550000,754869.531110
12.560000,3.551278,12.560000,858.260427,12.560000,13036.865949,12.560000,100398.510320,12.560000,762456.091288
12.570000,3.558114,12.570000,866.852612,12.570000,13167.866429,12.570000,101407.519411,12.570000,770118.897145
12.580000,3.564977,12.580000,875.531103,12.580000,13300.183202,12.580000,102426.668418,12.580000,777858.715830
12.590000,3.571865,12.590000,884.296871,12.590000,13433.830119,12.590000,103456.060166,12.590000,785676.320074
12.600000,3.578781,12.600000,893.150660,12.600000,13568.819915,12.600000,104495.797730,12.600000,793572.494305
12.610000,3.585723,12.610000,902.093510,12.610000,13705.166309,12.610000,105545.983984,12.610000,801548.024233
12.620000,3.592693,12.620000,911.126176,12.620000,13842.883577,12.620000,106606.725457,12.620000,809603.713096
12.630000,3.599689,12.630000,920.249654,12.630000,13981.984466,12.630000,107678.127056,12.630000,817740.363686
12.640000,3.606712,12.640000,929.464791,12.640000,14122.483139,12.640000,108760.298237,12.640000,825958.786343
12.650000,3.613763,12.650000,938.772587,12.650000,14264.394163,12.650000,109853.343310,12.650000,834259.803993
12.660000,3.620842,12.660000,948.173894,12.660000,14407.731645,12.660000,110957.375023,12.660000,842644.246504
12.670000,3.627948,12.670000,957.669699,12.670000,14552.509379,12.670000,112072.500301,12.670000,851112.959106
12.680000,3.635082,12.680000,967.260959,12.680000,14698.741817,12.680000,113198.835534,12.680000,859666.783371
12.690000,3.642244,12.690000,976.948585,12.690000,14846.444382,12.690000,114336.489483,12.690000,868306.576417
12.700000,3.649434,12.700000,986.733571,12.700000,14995.631559,12.700000,115485.576922,12.700000,877033.195902
12.710000,3.656653,12.710000,996.616905,12.710000,15146.317691,12.710000,116646.211945,12.710000,885847.523433
12.720000,3.663900,12.720000,1006.599580,12.720000,15298.518557,12.720000,117818.513702,12.720000,894750.433154
12.730000,3.671176,12.730000,1016.682590,12.730000,15452.248884,12.730000,119002.596385,12.730000,903742.821493
12.740000,3.678481,12.740000,1026.866906,12.740000,15607.523951,12.740000,120198.578961,12.740000,912825.582765
12.750000,3.685814,12.750000,1037.153592,12.750000,15764.360207,12.750000,121406.581127,12.750000,921999.627073
12.760000,3.693177,12.760000,1047.543650,12.760000,15922.772089,12.760000,122626.723877,12.760000,931265.873081
12.770000,3.700569,12.770000,1058.038139,12.770000,16082.776268,12.770000,123859.129317,12.770000,940625.246136
12.780000,3.707991,12.780000,1068.638092,12.780000,16244.388511,12.780000,125103.921504,12.780000,950078.680995
12.790000,3.715442,12.790000,1079.344601,12.790000,16407.625067,12.790000,126361.223178,12.790000,959627.128035
12.800000,3.722924,12.800000,1090.158674,12.800000,16572.502136,12.800000,127631.160868,12.800000,969271.537814
12.810000,3.730435,12.810000,1101.081434,12.810000,16739.035873,12.810000,128913.861489,12.810000,979012.874052
12.820000,3.737976,12.820000,1112.113983,12.820000,16907.244016,12.820000,130209.453091,12.820000,988852.110739
12.830000,3.745548,12.830000,1123.257411,12.830000,17077.142043,12.830000,131518.067805,12.830000,998790.234830
12.840000,3.753151,12.840000,1134.512857,12.840000,17248.748063,12.840000,132839.831675,12.840000,1008828.239377
12.850000,3.760784,12.850000,1145.881401,12.850000,17422.078354,12.850000,134174.881669,12.850000,1018967.126894
12.860000,3.768448,12.860000,1157.364201,12.860000,17597.150702,12.860000,135523.347848,12.860000,1029207.914888
12.870000,3.776143,12.870000,1168.962389,12.870000,17773.983096,12.870000,136885.366827,12.870000,1039551.618893
12.880000,3.783870,12.880000,1180.677149,12.880000,17952.591912,12.880000,138261.073214,12.880000,1049999.281279
12.890000,3.791628,12.890000,1192.509686,12.890000,18132.996519,12.890000,139650.608445,12.890000,1060551.945789
12.900000,3.799418,12.900000,1204.461090,12.900000,18315.213667,12.900000,141054.105086,12.900000,1071210.665890
12.910000,3.807239,12.910000,1216.532594,12.910000,18499.261887,12.910000,142471.711442,12.910000,1081976.507446
12.920000,3.815093,12.920000,1228.725479,12.920000,18685.160377,12.920000,143903.560270,12.920000,1092850.546667
12.930000,3.822979,12.930000,1241.040842,12.930000,18872.927296,12.930000,145349.803487,12.930000,1103833.875045
12.940000,3.830897,12.940000,1253.480044,12.940000,19062.581235,12.940000,146810.579785,12.940000,1114927.583319
12.950000,3.838848,12.950000,1266.044249,12.950000,19254.140736,12.950000,148286.036060,12.950000,1126132.788511
12.960000,3.846832,12.960000,1278.734689,12.960000,19447.625767,12.960000,149776.321365,12.960000,1137450.605619
12.970000,3.854849,12.970000,1291.552654,12.970000,19643.055290,12.970000,151281.586738,12.970000,1148882.168864
12.980000,3.862899,12.980000,1304.499493,12.980000,19840.449000,12.980000,152801.979690,12.980000,1160428.622208
12.990000,3.870983,12.990000,1317.576442,12.990000,20039.826554,12.990000,154337.651546,12.990000,1172091.119709
13.000000,3.879100,13.000000,1330.784798,13.000000,20241.207885,13.000000,155888.757390,13.000000,1183870.825687
13.010000,3.887251,13.010000,1344.125895,13.010000,20444.612905,13.010000,157455.450438,13.010000,1195768.921714
13.020000,3.895436,13.020000,1357.601116,13.020000,20650.062415,13.020000,159037.892080,13.020000,1207786.592006
13.030000,3.903656,13.030000,1371.211685,13.030000,20857.576784,13.030000,160636.234187,13.030000,1219925.045745
13.040000,3.911909,13.040000,1384.959133,13.040000,21067.176220,13.040000,162250.641927,13.040000,1232185.493988
13.050000,3.920198,13.050000,1398.844696,13.050000,21278.882714,13.050000,163881.276449,13.050000,1244569.158511
13.060000,3.928521,13.060000,1412.869825,13.060000,21492.716539,13.060000,165528.297338,13.060000,1257077.280797
13.070000,3.936880,13.070000,1427.035860,13.070000,21708.699336,13.070000,167191.870076,13.070000,1269711.112217
13.080000,3.945274,13.080000,1441.344350,13.080000,21926.853226,13.080000,168872.163269,13.080000,1282471.923415
13.090000,3.953703,13.090000,1455.796570,13.090000,22147.199813,13.090000,170569.341909,13.090000,1295360.969590
13.100000,3.962168,13.100000,1470.394039,13.100000,22369.760287,13.100000,172283.579375,13.100000,1308379.560558
13.110000,3.970669,13.110000,1485.138306,13.110000,22594.557905,13.110000,174015.045829,13.110000,1321528.989993
13.120000,3.979206,13.120000,1500.030687,13.120000,22821.614542,13.120000,175763.911286,13.120000,1334810.574568
13.130000,3.987780,13.130000,1515.072734,13.130000,23050.953221,13.130000,177530.354059,13.130000,1348225.635018
13.140000,3.996390,13.140000,1530.265981,13.140000,23282.596996,13.140000,179314.549572,13.140000,1361775.531776
13.150000,4.005037,13.150000,1545.611843,13.150000,23516.568537,13.150000,181116.679418,13.150000,1375461.592804
13.160000,4.013722,13.160000,1561.112020,13.160000,23752.891413,13.160000,182936.918844,13.160000,1389285.209109
13.170000,4.022443,13.170000,1576.767970,13.170000,23991.589558,13.170000,184775.452558,13.170000,1403247.753483
13.180000,4.031202,13.180000,1592.581247,13.180000,24232.686808,13.180000,186632.462896,13.180000,1417350.620488
13.190000,4.039999,13.190000,1608.553466,13.190000,24476.207386,13.190000,188508.135717,13.190000,1431595.233173
13.200000,4.048835,13.200000,1624.686222,13.200000,24722.175196,13.200000,190402.660893,13.200000,1445982.992968
13.210000,4.057708,13.210000,1640.981028,13.210000,24970.614600,13.210000,192316.225331,13.210000,1460515.358157
13.220000,4.066620,13.220000,1657.439640,13.220000,25221.550923,13.220000,194249.023401,13.220000,1475193.778699
13.230000,4.075570,13.230000,1674.063749,13.230000,25475.009918,13.230000,196201.243941,13.230000,1490019.716664
13.240000,4.084560,13.240000,1690.854839,13.240000,25731.015212,13.240000,198173.088855,13.240000,1504994.658986
13.250000,4.093589,13.250000,1707.814689,13.250000,25989.593755,13.250000,200164.747107,13.250000,1520120.109008
13.260000,4.102657,13.260000,1724.945068,13.260000,26250.771513,13.260000,202176.423874,13.260000,1535397.565823
13.270000,4.111765,13.270000,1742.247496,13.270000,26514.573448,13.270000,204208.314993,13.270000,1550828.560479
13.280000,4.120914,13.280000,1759.723888,13.280000,26781.027227,13.280000,206260.631267,13.280000,1566414.642235
13.290000,4.130102,13.290000,1777.375890,13.290000,27050.158502,13.290000,208333.570914,13.290000,1582157.371329
13.300000,4.139331,13.300000,1795.205312,13.300000,27321.995127,13.300000,210427.343265,13.300000,1598058.307630
13.310000,4.148601,13.310000,1813.213976,13.310000,27596.563271,13.310000,212542.159596,13.310000,1614119.057189
13.320000,4.157911,13.320000,1831.403559,13.320000,27873.891345,13.320000,214678.229187,13.320000,1630341.218333
13.330000,4.167264,13.330000,1849.775976,13.330000,28154.005537,13.330000,216835.770314,13.330000,1646726.419688
13.340000,4.176657,13.340000,1868.333038,13.340000,28436.936284,13.340000,219014.993261,13.340000,1663276.287010
13.350000,4.186093,13.350000,1887.076608,13.350000,28722.709371,13.350000,221216.115921,13.350000,1679992.485768
13.360000,4.195570,13.360000,1906.008556,13.360000,29011.355089,13.360000,223439.363507,13.360000,1696876.684259
13.370000,4.205090,13.370000,1925.130759,13.370000,29302.902307,13.370000,225684.948964,13.370000,1713930.573072
13.380000,4.214653,13.380000,1944.445133,13.380000,29597.378625,13.380000,227953.108876,13.380000,1731155.861073
13.390000,4.224259,13.390000,1963.953633,13.390000,29894.814875,13.390000,230244.062674,13.390000,1748554.267547
13.400000,4.233907,13.400000,1983.658108,13.400000,30195.240549,13.400000,232558.039721,13.400000,1766127.516681
13.410000,4.243600,13.410000,2003.560778,13.410000,30498.685422,13.410000,234895.274566,13.410000,1783877.389517
13.420000,4.253336,13.420000,2023.663337,13.420000,30805.180311,13.420000,237255.997441,13.420000,1801805.656760
13.430000,4.263116,13.430000,2043.968022,13.430000,31114.754576,13.430000,239640.445658,13.430000,1819914.099908
13.440000,4.272941,13.440000,2064.476735,13.440000,31427.440916,13.440000,242048.861711,13.440000,1838204.538801
13.450000,4.282810,13.450000,2085.191584,13.450000,31743.269883,13.450000,244481.478150,13.450000,1856678.786989
13.460000,4.292724,13.460000,2106.114640,13.460000,32062.272658,13.460000,246938.543606,13.460000,1875338.719668
13.470000,4.302683,13.470000,2127.247905,13.470000,32384.481622,13.470000,249420.304325,13.470000,1894186.188231
13.480000,4.312688,13.480000,2148.593592,13.480000,32709.928554,13.480000,251927.007589,13.480000,1913223.070905
13.490000,4.322739,13.490000,2170.153869,13.490000,33038.646825,13.490000,254458.904453,13.490000,1932451.266990
13.500000,4.332835,13.500000,2191.930751,13.500000,33370.668461,13.500000,257016.245135,13.500000,1951872.725326
13.510000,4.342979,13.510000,2213.926474,13.510000,33706.026676,13.510000,259599.285257,13.510000,1971489.368873
13.520000,4.353169,13.520000,2236.143308,13.520000,34044.755242,13.520000,262208.287867,13.520000,1991303.168451
13.530000,4.363406,13.530000,2258.583488,13.530000,34386.888951,13.530000,264843.512068,13.530000,2011316.081028
13.540000,4.373690,13.540000,2281.249083,13.540000,34732.459826,13.540000,267505.220221,13.540000,2031530.145428
13.550000,4.384022,13.550000,2304.142482,13.550000,35081.505172,13.550000,270193.678838,13.550000,2051947.354977
13.560000,4.394403,13.560000,2327.266018,13.560000,35434.057589,13.560000,272909.157137,13.560000,2072569.765133
13.570000,4.404831,13.570000,2350.621941,13.570000,35790.153557,13.570000,275651.928147,13.570000,2093399.437526
13.580000,4.415308,13.580000,2374.212602,13.580000,36149.828203,13.580000,278422.261006,13.580000,2114438.440931
13.590000,4.425835,13.590000,2398.040339,13.590000,36513.117434,13.590000,281220.436872,13.590000,2135688.906783
13.600000,4.436410,13.600000,2422.107495,13.600000,36880.058553,13.600000,284046.736768,13.600000,2157152.932855
13.610000,4.447035,13.610000,2446.416608,13.610000,37250.686274,13.610000,286901.438967,13.610000,2178832.664697
13.620000,4.457710,13.620000,2470.969989,13.620000,37625.040061,13.620000,289784.832418,13.620000,2200730.291928
13.630000,4.468436,13.630000,2495.770166,13.630000,38003.155377,13.630000,292697.206801,13.630000,2222848.006166
13.640000,4.479212,13.640000,2520.819568,13.640000,38385.071281,13.640000,295638.847049,13.640000,2245187.997224
13.650000,4.490039,13.650000,2546.120706,13.650000,38770.825561,13.650000,298610.054290,13.650000,2267752.499731
13.660000,4.500917,13.660000,2571.676193,13.660000,39160.456414,13.660000,301611.123490,13.660000,2290543.787463
13.670000,4.511848,13.670000,2597.488400,13.670000,39554.002649,13.670000,304642.351614,13.670000,2313564.136819
13.680000,4.522830,13.680000,2623.560118,13.680000,39951.505162,13.680000,307704.045198,13.680000,2336815.832678
13.690000,4.533864,13.690000,2649.893807,13.690000,40353.001272,13.690000,310796.510099,13.690000,2360301.217669
13.700000,4.544952,13.700000,2676.492223,13.700000,40758.534133,13.700000,313920.054145,13.700000,2384022.632963
13.710000,4.556093,13.710000,2703.357875,13.710000,41168.141667,13.710000,317074.986812,13.710000,2407982.460767
13.720000,4.567287,13.720000,2730.493626,13.720000,41581.866349,13.720000,320261.631060,13.720000,2432183.070869
13.730000,4.578535,13.730000,2757.902070,13.730000,41999.748422,13.730000,323480.299211,13.730000,2456626.918866
13.740000,4.589837,13.740000,2785.585885,13.740000,42421.830547,13.740000,326731.316117,13.740000,2481316.424190
13.750000,4.601194,13.750000,2813.547973,13.750000,42848.155051,13.750000,330015.011329,13.750000,2506254.059398
13.760000,4.612606,13.760000,2841.791105,13.760000,43278.763428,13.760000,333331.699859,13.760000,2531442.326578
13.770000,4.624073,13.770000,2870.318048,13.770000,43713.699783,13.770000,336681.725132,13.770000,2556883.740005
13.780000,4.635596,13.780000,2899.131781,13.780000,44153.007424,13.780000,340065.422483,13.780000,2582580.855745
13.790000,4.647175,13.790000,2928.235012,13.790000,44596.730939,13.790000,343483.121203,13.790000,2608536.214635
13.800000,4.658811,13.800000,2957.630776,13.800000,45044.912361,13.800000,346935.172933,13.800000,2634752.436683
13.810000,4.670503,13.810000,2987.322000,13.810000,45497.599538,13.810000,350421.914385,13.810000,2661232.126760
13.820000,4.682253,13.820000,3017.311531,13.820000,45954.835449,13.820000,353943.701802,13.820000,2687977.950051
13.830000,4.694061,13.830000,3047.602499,13.830000,46416.666389,13.830000,357500.881092,13.830000,2714992.573226
13.840000,4.705927,13.840000,3078.197898,13.840000,46883.140167,13.840000,361093.813128,13.840000,2742278.711001
13.850000,4.717852,13.850000,3109.100791,13.850000,47354.301408,13.850000,364722.850785,13.850000,2769839.058881
13.860000,4.729835,13.860000,3140.314260,13.860000,47830.196651,13.860000,368388.364769,13.860000,2797676.397742
13.870000,4.741878,13.870000,3171.841472,13.870000,48310.875577,13.870000,372090.715799,13.870000,2825793.507248
13.880000,4.753981,13.880000,3203.685526,13.880000,48796.385729,13.880000,375830.276611,13.880000,2854193.183280
13.890000,4.766144,13.890000,3235.849663,13.890000,49286.776148,13.890000,379607.421723,13.890000,1000000.000000
13.900000,4.778367,13.900000,3268.336963,13.900000,49782.093147,13.900000,383422.523551,13.900000,1000000.000000
13.910000,4.790652,13.910000,3301.150790,13.910000,50282.389902,13.910000,387275.971414,13.910000,1000000.000000
13.920000,4.802998,13.920000,3334.294446,13.920000,50787.714279,13.920000,391168.143607,13.920000,1000000.000000
13.930000,4.815407,13.930000,3367.771117,13.930000,51298.116887,13.930000,395099.434487,13.930000,1000000.000000
13.940000,4.827877,13.940000,3401.584223,13.940000,51813.649083,13.940000,399070.241671,13.940000,1000000.000000
13.950000,4.840411,13.950000,3435.737264,13.950000,52334.361696,13.950000,403080.949260,13.950000,1000000.000000
13.960000,4.853008,13.960000,3470.233500,13.960000,52860.308633,13.960000,407131.968131,13.960000,1000000.000000
13.970000,4.865669,13.970000,3505.076421,13.970000,53391.541698,13.970000,411223.692440,13.970000,1000000.000000
13.980000,4.878394,13.980000,3540.269423,13.980000,53928.113977,13.980000,415356.551413,13.980000,1000000.000000
13.990000,4.891183,13.990000,3575.816294,13.990000,54470.076791,13.990000,419530.941576,13.990000,1000000.000000
14.000000,4.904038,14.000000,3611.720350,14.000000,55017.489063,14.000000,423747.285171,14.000000,1000000.000000
14.010000,4.916959,14.010000,3647.985263,14.010000,55570.400373,14.010000,428006.000185,14.010000,1000000.000000
14.020000,4.929945,14.020000,3684.614659,14.020000,56128.870539,14.020000,432307.515919,14.020000,1000000.000000
14.030000,4.942998,14.030000,3721.612097,14.030000,56692.953178,14.030000,436652.270577,14.030000,1000000.000000
14.040000,4.956119,14.040000,3758.981436,14.040000,57262.703263,14.040000,441040.685632,14.040000,1000000.000000
14.050000,4.969307,14.050000,3796.726258,14.050000,57838.181504,14.050000,445473.199577,14.050000,1000000.000000
14.060000,4.982563,14.060000,3834.850539,14.060000,58419.441709,14.060000,449950.266923,14.060000,1000000.000000
14.070000,4.995888,14.070000,3873.357918,14.070000,59006.545996,14.070000,454472.332832,14.070000,1000000.000000
14.080000,5.009281,14.080000,3912.252336,14.080000,59599.548106,14.080000,459039.842955,14.080000,1000000.000000
14.090000,5.022745,14.090000,3951.537620,14.090000,60198.512217,14.090000,463653.257138,14.090000,1000000.000000
14.100000,5.036278,14.100000,3991.217738,14.100000,60803.494293,14.100000,468313.033185,14.100000,1000000.000000
14.110000,5.049882,14.110000,4031.296641,14.110000,61414.557589,14.110000,473019.642995,14.110000,1000000.000000
14.120000,5.063557,14.120000,4071.778287,14.120000,62031.761795,14.120000,477773.557287,14.120000,1000000.000000
14.130000,5.077304,14.130000,4112.666925,14.130000,62655.169470,14.130000,482575.246512,14.130000,1000000.000000
14.140000,5.091124,14.140000,4153.966290,14.140000,63284.842452,14.140000,487425.194380,14.140000,1000000.000000
14.150000,5.105016,14.150000,4195.681022,14.150000,63920.843252,14.150000,492323.885654,14.150000,1000000.000000
14.160000,5.118981,14.160000,4237.814764,14.160000,64563.236298,14.160000,497271.808212,14.160000,1000000.000000
14.170000,5.133020,14.170000,4280.371975,14.170000,65212.083563,14.170000,502269.461619,14.170000,1000000.000000
14.180000,5.147133,14.180000,4323.356820,14.180000,65867.454188,14.180000,507317.341554,14.180000,1000000.000000
14.190000,5.161322,14.190000,4366.773926,14.190000,66529.411486,14.190000,512415.954327,14.190000,1000000.000000
14.200000,5.175586,14.200000,4410.627185,14.200000,67198.020219,14.200000,517565.801755,14.200000,1000000.000000
14.210000,5.189926,14.210000,4454.921130,14.210000,67873.348823,14.210000,522767.412237,14.210000,1000000.000000
14.220000,5.204343,14.220000,4499.660521,14.220000,68555.465759,14.220000,528021.298132,14.220000,1000000.000000
14.230000,5.218837,14.230000,4544.849256,14.230000,69244.436263,14.230000,533327.988625,14.230000,1000000.000000
14.240000,5.233409,14.240000,4590.492296,14.240000,69940.331922,14.240000,538688.013557,14.240000,1000000.000000
14.250000,5.248059,14.250000,4636.593924,14.250000,70643.221828,14.250000,544101.904144,14.250000,1000000.000000
14.260000,5.262788,14.260000,4683.158956,14.260000,71353.175252,14.260000,549570.201428,14.260000,1000000.000000
14.270000,5.277597,14.270000,4730.192024,14.270000,72070.266238,14.270000,555093.466351,14.270000,1000000.000000
14.280000,5.292486,14.280000,4777.697814,14.280000,72794.560257,14.280000,560672.234872,14.280000,1000000.000000
14.290000,5.307457,14.290000,4825.680830,14.290000,73526.135985,14.290000,566307.066322,14.290000,1000000.000000
14.300000,5.322508,14.300000,4874.146190,14.300000,74265.063504,14.300000,571998.531411,14.300000,1000000.000000
14.310000,5.337642,14.310000,4923.098900,14.310000,75011.417888,14.310000,577747.203493,14.310000,1000000.000000
14.320000,5.352858,14.320000,4972.543273,14.320000,75765.272013,14.320000,583553.647576,14.320000,1000000.000000
14.330000,5.368158,14.330000,5022.484650,14.330000,76526.703916,14.330000,589418.447548,14.330000,1000000.000000
14.340000,5.383542,14.340000,5072.927919,14.340000,77295.788528,14.340000,595342.182307,14.340000,1000000.000000
14.350000,5.399010,14.350000,5123.878326,14.350000,78072.602422,14.350000,601325.455178,14.350000,1000000.000000
14.360000,5.414564,14.360000,5175.340500,14.360000,78857.221461,14.360000,607368.870612,14.360000,1000000.000000
14.370000,5.430203,14.370000,5227.319968,14.370000,79649.728344,14.370000,613473.010798,14.370000,1000000.000000
14.380000,5.445930,14.380000,5279.821924,14.380000,80450.198193,14.380000,619638.503502,14.380000,1000000.000000
14.390000,5.461743,14.390000,5332.851704,14.390000,81258.713399,14.390000,625865.964399,14.390000,1000000.000000
14.400000,5.477645,14.400000,5386.414178,14.400000,82075.354487,14.400000,632156.007359,14.400000,1000000.000000
14.410000,5.493635,14.410000,5440.514970,14.410000,82900.203703,14.410000,638509.265367,14.410000,1000000.000000
14.420000,5.509715,14.420000,5495.159710,14.420000,83733.342984,14.420000,644926.377754,14.420000,1000000.000000
14.430000,5.525885,14.430000,5550.353316,14.430000,84574.854111,14.430000,651407.981017,14.430000,1000000.000000
14.440000,5.542146,14.440000,5606.102003,14.440000,85424.822051,14.440000,657954.729685,14.440000,1000000.000000
14.450000,5.558498,14.450000,5662.410636,14.450000,86283.333589,14.450000,664567.269222,14.450000,1000000.000000
14.460000,5.574942,14.460000,5719.285430,14.460000,87150.473769,14.460000,671246.263432,14.460000,1000000.000000
14.470000,5.591479,14.470000,5776.731642,14.470000,88026.327821,14.470000,677992.392534,14.470000,1000000.000000
14.480000,5.608110,14.480000,5834.755197,14.480000,88910.986113,14.480000,684806.319966,14.480000,1000000.000000
14.490000,5.624836,14.490000,5893.361947,14.490000,89804.533647,14.490000,691688.720506,14.490000,1000000.000000
14.500000,5.641657,14.500000,5952.557798,14.500000,90707.061067,14.500000,698640.290759,14.500000,1000000.000000
14.510000,5.658573,14.510000,6012.348497,14.510000,91618.661297,14.510000,705661.731285,14.510000,1000000.000000
14.520000,5.675587,14.520000,6072.740025,14.520000,92539.421482,14.520000,712753.732789,14.520000,1000000.000000
14.530000,5.692697,14.530000,6133.738503,14.530000,93469.436280,14.530000,719917.022181,14.530000,1000000.000000
14.540000,5.709906,14.540000,6195.350088,14.540000,94408.796930,14.540000,727152.292560,14.540000,1000000.000000
14.550000,5.727215,14.550000,6257.580926,14.550000,95357.599667,14.550000,734460.272536,14.550000,1000000.000000
14.560000,5.744623,14.560000,6320.437322,14.560000,96315.937010,14.560000,741841.709208,14.560000,1000000.000000
14.570000,5.762131,14.570000,6383.925070,14.570000,97283.904436,14.570000,749297.335053,14.570000,1000000.000000
14.580000,5.779742,14.580000,6448.051328,14.580000,98261.602712,14.580000,756827.878585,14.580000,1000000.000000
14.590000,5.797454,14.590000,6512.821628,14.590000,99249.125496,14.590000,764434.112893,14.590000,1000000.000000
14.600000,5.815270,14.600000,6578.243113,14.600000,100246.573765,14.600000,772116.790324,14.600000,1000000.000000
14.610000,5.833189,14.610000,6644.321965,14.610000,101254.044342,14.610000,779876.683723,14.610000,1000000.000000
14.620000,5.851214,14.620000,6711.065241,14.620000,102271.642169,14.620000,787714.562536,14.620000,1000000.000000
14.630000,5.869344,14.630000,6778.478946,14.630000,103299.468355,14.630000,795631.201966,14.630000,1000000.000000
14.640000,5.887580,14.640000,6846.570321,14.640000,104337.622716,14.640000,803627.424292,14.640000,1000000.000000
14.650000,5.905924,14.650000,6915.346100,14.650000,105386.210129,14.650000,811703.998326,14.650000,1000000.000000
14.660000,5.924376,14.660000,6984.812724,14.660000,106445.338524,14.660000,819861.747212,14.660000,1000000.000000
14.670000,5.942938,14.670000,7054.978009,14.670000,107515.107145,14.670000,828101.479666,14.670000,1000000.000000
14.680000,5.961609,14.680000,7125.848127,14.680000,108595.632384,14.680000,836424.028965,14.680000,1000000.000000
14.690000,5.980392,14.690000,7197.430508,14.690000,109687.011494,14.690000,844830.210579,14.690000,1000000.000000
14.700000,5.999286,14.700000,7269.732462,14.700000,110789.364759,14.700000,853320.879273,14.700000,1000000.000000
14.710000,6.018293,14.710000,7342.760817,14.710000,111902.791595,14.710000,861896.880788,14.710000,1000000.000000
14.720000,6.037414,14.720000,7416.523565,14.720000,113027.413329,14.720000,870559.081672,14.720000,1000000.000000
14.730000,6.056649,14.730000,7491.027023,14.730000,114163.334550,14.730000,879308.330494,14.730000,1000000.000000
14.740000,6.076001,14.740000,7566.279718,14.740000,115310.673841,14.740000,888145.517137,14.740000,1000000.000000
14.750000,6.095468,14.750000,7642.288614,14.750000,116469.541625,14.750000,897071.511200,14.750000,1000000.000000
14.760000,6.115054,14.760000,7719.061450,14.760000,117640.056670,14.760000,906087.219807,14.760000,1000000.000000
14.770000,6.134758,14.770000,7796.605753,14.770000,118822.336944,14.770000,915193.535417,14.770000,1000000.000000
14.780000,6.154581,14.780000,7874.929264,14.780000,120016.500380,14.780000,924391.358345,14.780000,1000000.000000
14.790000,6.174525,14.790000,7954.040387,14.790000,121222.663693,14.790000,933681.635601,14.790000,1000000.000000
14.800000,6.194590,14.800000,8033.946058,14.800000,122440.950932,14.800000,943065.276685,14.800000,1000000.000000
14.810000,6.214778,14.810000,8114.655255,14.810000,123671.480614,14.810000,952543.228927,14.810000,1000000.000000
14.820000,6.235090,14.820000,8196.175376,14.820000,124914.376693,14.820000,962116.440270,14.820000,1000000.000000
14.830000,6.255527,14.830000,8278.514786,14.830000,126169.762931,14.830000,971785.851260,14.830000,1000000.000000
14.840000,6.276089,14.840000,8361.681877,14.840000,127437.769994,14.840000,981552.453494,14.840000,1000000.000000
14.850000,6.296777,14.850000,8445.684380,14.850000,128718.515351,14.850000,991417.201996,14.850000,1000000.000000
14.860000,6.317594,14.860000,8530.531434,14.860000,130012.135485,14.860000,1001381.104714,14.860000,1000000.000000
14.870000,6.338540,14.870000,8616.231232,14.870000,131318.759993,14.870000,1011445.127621,14.870000,1000000.000000
14.880000,6.359615,14.880000,8702.792621,14.880000,132638.511534,14.880000,1021610.320793,14.880000,1000000.000000
14.890000,6.380822,14.890000,8790.223659,14.890000,133971.530129,14.890000,1031877.649145,14.890000,1000000.000000
14.900000,6.402161,14.900000,8878.533309,14.900000,135317.940841,14.900000,1042248.183070,14.900000,1000000.000000
14.910000,6.423634,14.910000,8967.730372,14.910000,136677.886307,14.910000,1052722.939785,14.910000,1000000.000000
14.920000,6.445241,14.920000,9057.824024,14.920000,138051.500984,14.920000,1063302.961966,14.920000,1000000.000000
14.930000,6.466983,14.930000,9148.823234,14.930000,139438.920270,14.930000,1073989.328816,14.930000,1000000.000000
14.940000,6.488863,14.940000,9240.736734,14.940000,140840.282591,14.940000,1084783.084688,14.940000,1000000.000000
14.950000,6.510881,14.950000,9333.574419,14.950000,142255.725952,14.950000,1095685.323542,14.950000,1000000.000000
14.960000,6.533038,14.960000,9427.345093,14.960000,143685.399466,14.960000,1106697.129346,14.960000,1000000.000000
14.970000,6.555335,14.970000,9522.057665,14.970000,145129.437011,14.970000,1117819.599613,14.970000,1000000.000000
14.980000,6.577774,14.980000,9617.722626,14.980000,146587.990708,14.980000,1129053.862980,14.980000,1000000.000000
14.990000,6.600356,14.990000,9714.348771,14.990000,148061.201052,14.990000,1140401.034698,14.990000,1000000.000000
15.000000,6.623082,15.000000,9811.946097,15.000000,149549.219073,15.000000,1151862.239311,15.000000,1000000.000000
15.010000,6.645953,15.010000,9910.524428,15.010000,151052.190652,15.010000,1163438.640738,15.010000,1000000.000000
15.020000,6.668971,15.020000,10010.093372,15.020000,152570.268316,15.020000,1175131.367586,15.020000,1000000.000000
15.030000,6.692137,15.030000,10110.662556,15.030000,154103.602474,15.030000,1186941.628877,15.030000,1000000.000000
15.040000,6.715453,15.040000,10212.243032,15.040000,155652.348681,15.040000,1198870.579770,15.040000,1000000.000000
15.050000,6.738919,15.050000,10314.844642,15.050000,157216.659249,15.050000,1210919.415811,15.050000,1000000.000000
15.060000,6.762536,15.060000,10418.476972,15.060000,158796.688544,15.060000,1223089.340256,15.060000,1000000.000000
15.070000,6.786307,15.070000,10523.150633,15.070000,160392.601242,15.070000,1235381.582053,15.070000,1000000.000000
15.080000,6.810232,15.080000,10628.876519,15.080000,162004.549702,15.080000,1247797.358398,15.080000,1000000.000000
15.090000,6.834314,15.090000,10735.664982,15.090000,163632.701866,15.090000,1260337.909133,15.090000,1000000.000000
15.100000,6.858553,15.100000,10843.526613,15.100000,165277.216720,15.100000,1273004.518977,15.100000,1000000.000000
15.110000,6.882950,15.110000,10952.472660,15.110000,166938.256794,15.110000,1285798.397576,15.110000,1000000.000000
15.120000,6.907508,15.120000,11062.513191,15.120000,168615.993813,15.120000,1298720.873557,15.120000,1000000.000000
15.130000,6.932227,15.130000,11173.659732,15.130000,170310.590654,15.130000,1311773.235455,15.130000,1000000.000000
15.140000,6.957109,15.140000,11285.923459,15.140000,172022.218252,15.140000,1324956.760653,15.140000,1000000.000000
15.150000,6.982155,15.150000,11399.315471,15.150000,173751.044188,15.150000,1338272.787724,15.150000,1000000.000000
15.160000,7.007368,15.160000,11513.846799,15.160000,175497.249590,15.160000,1351722.640731,15.160000,1000000.000000
15.170000,7.032747,15.170000,11629.529374,15.170000,177261.006785,15.170000,1365307.657769,15.170000,1000000.000000
15.180000,7.058296,15.180000,11746.374805,15.180000,179042.487458,15.180000,1379029.216954,15.180000,1000000.000000
15.190000,7.084015,15.190000,11864.394329,15.190000,180841.872680,15.190000,1392888.667858,15.190000,1000000.000000
15.200000,7.109906,15.200000,11983.599836,15.200000,182659.340869,15.200000,1406887.423111,15.200000,1000000.000000
15.210000,7.135971,15.210000,12104.003429,15.210000,184495.070954,15.210000,1421026.867000,15.210000,1000000.000000
15.220000,7.162210,15.220000,12225.617154,15.220000,186349.258006,15.220000,1435308.408319,15.220000,1000000.000000
15.230000,7.188627,15.230000,12348.453297,15.230000,188222.075935,15.230000,1449733.485149,15.230000,1000000.000000
15.240000,7.215221,15.240000,12472.523914,15.240000,190113.716998,15.240000,1464303.541578,15.240000,1000000.000000
15.250000,7.241995,15.250000,12597.841267,15.250000,192024.370044,15.250000,1479020.014349,15.250000,1000000.000000
15.260000,7.268951,15.260000,12724.418155,15.260000,193954.222925,15.260000,1493884.391767,15.260000,1000000.000000
15.270000,7.296090,15.270000,12852.267582,15.270000,195903.472092,15.270000,1508898.170037,15.270000,1000000.000000
15.280000,7.323414,15.280000,12981.401236,15.280000,197872.313335,15.280000,1524062.847873,15.280000,1000000.000000
15.290000,7.350924,15.290000,13111.832663,15.290000,199860.941999,15.290000,1539379.903545,15.290000,1000000.000000
15.300000,7.378623,15.300000,13243.575606,15.300000,201869.555720,15.300000,1554850.916088,15.300000,1000000.000000
15.310000,7.406511,15.310000,13376.641974,15.310000,203898.358017,15.310000,1570477.421141,15.310000,1000000.000000
15.320000,7.434591,15.320000,13511.046052,15.320000,205947.545200,15.320000,1586260.990171,15.320000,1000000.000000
15.330000,7.462865,15.330000,13646.800991,15.330000,208017.332440,15.330000,1602203.155092,15.330000,1000000.000000
15.340000,7.491334,15.340000,13783.919942,15.340000,210107.920508,15.340000,1618305.535720,15.340000,1000000.000000
15.350000,7.520000,15.350000,13922.417620,15.350000,212219.512163,15.350000,1634569.768388,15.350000,1000000.000000
15.360000,7.548864,15.360000,14062.306447,15.360000,214352.332564,15.360000,1650997.445129,15.360000,1000000.000000
15.370000,7.577930,15.370000,14203.601618,15.370000,216506.590547,15.370000,1667590.247778,15.370000,1000000.000000
15.380000,7.607197,15.380000,14346.316256,15.380000,218682.493702,15.380000,1684349.799550,15.380000,1000000.000000
15.390000,7.636670,15.390000,14490.465869,15.390000,220880.266840,15.390000,1701277.778192,15.390000,1000000.000000
15.400000,7.666348,15.400000,14636.064338,15.400000,223100.126939,15.400000,1718375.892610,15.400000,1000000.000000
15.410000,7.696235,15.410000,14783.125393,15.410000,225342.298183,15.410000,1735645.838144,15.410000,1000000.000000
15.420000,7.726332,15.420000,14931.664930,15.420000,227607.001499,15.420000,1753089.356853,15.420000,1000000.000000
15.430000,7.756642,15.430000,15081.696944,15.430000,229894.471844,15.430000,1770708.170519,15.430000,1000000.000000
15.440000,7.787165,15.440000,15233.237074,15.440000,232204.925421,15.440000,1788504.077706,15.440000,1000000.000000
15.450000,7.817904,15.450000,15386.300500,15.450000,234538.599837,15.450000,1806478.838553,15.450000,1000000.000000
15.460000,7.848862,15.460000,15540.901618,15.460000,236895.732366,15.460000,1824634.221435,15.460000,1000000.000000
15.470000,7.880040,15.470000,15697.057079,15.470000,239276.551786,15.470000,1842972.099667,15.470000,1000000.000000
15.480000,7.911440,15.480000,15854.781507,15.480000,241681.301476,15.480000,1861494.270476,15.480000,1000000.000000
15.490000,7.943065,15.490000,16014.090695,15.490000,244110.215508,15.490000,1880202.568364,15.490000,1000000.000000
15.500000,7.974916,15.500000,16175.001673,15.500000,246563.542517,15.500000,1899098.918012,15.500000,1000000.000000
15.510000,8.006996,15.510000,16337.529580,15.510000,249041.522449,15.510000,1918185.171886,15.510000,1000000.000000
15.520000,8.039306,15.520000,16501.690750,15.520000,251544.411762,15.520000,1937463.232542,15.520000,1000000.000000
15.530000,8.071850,15.530000,16667.502235,15.530000,254072.448200,15.530000,1956935.033830,15.530000,1000000.000000
15.540000,8.104629,15.540000,16834.979965,15.540000,256625.898661,15.540000,1976602.580904,15.540000,1000000.000000
15.550000,8.137645,15.550000,17004.140532,15.550000,259205.006523,15.550000,1996467.718067,15.550000,1000000.000000
15.560000,8.170901,15.560000,17175.001841,15.560000,261810.041924,15.560000,2016532.538417,15.560000,1000000.000000
15.570000,8.204399,15.570000,17347.579774,15.570000,264441.251737,15.570000,2036799.022745,15.570000,1000000.000000
15.580000,8.238141,15.580000,17521.892368,15.580000,267098.908616,15.580000,2057269.187634,15.580000,1000000.000000
15.590000,8.272130,15.590000,17697.957300,15.590000,269783.273430,15.590000,2077945.072576,15.590000,1000000.000000
15.600000,8.306368,15.600000,17875.790992,15.600000,272494.615612,15.600000,2098828.757159,15.600000,1000000.000000
15.610000,8.340857,15.610000,18055.411866,15.610000,275233.211267,15.610000,2119922.313636,15.610000,1000000.000000
15.620000,8.375600,15.620000,18236.838570,15.620000,277999.333082,15.620000,2141227.885498,15.620000,1000000.000000
15.630000,8.410599,15.630000,18420.088647,15.630000,280793.248773,15.630000,2162747.559614,15.630000,1000000.000000
15.640000,8.445857,15.640000,18605.179753,15.640000,283615.242147,15.640000,2184483.543230,15.640000,1000000.000000
15.650000,8.481376,15.650000,18792.131492,15.650000,286465.608102,15.650000,2206437.938923,15.650000,1000000.000000
15.660000,8.517160,15.660000,18980.962100,15.660000,289344.607402,15.660000,2228612.997365,15.660000,1000000.000000
15.670000,8.553209,15.670000,19171.690342,15.670000,292252.546733,15.670000,2251010.908052,15.670000,1000000.000000
15.680000,8.589527,15.680000,19364.335447,15.680000,295189.712959,15.680000,2273633.947949,15.680000,1000000.000000
15.690000,8.626117,15.690000,19558.916672,15.690000,298156.400682,15.690000,2296484.320747,15.690000,1000000.000000
15.700000,8.662980,15.700000,19755.453608,15.700000,301152.899206,15.700000,2319564.355913,15.700000,1000000.000000
15.710000,8.700121,15.710000,19953.965586,15.710000,304179.510113,15.710000,2342876.356053,15.710000,1000000.000000
15.720000,8.737540,15.720000,20154.473159,15.720000,307236.539942,15.720000,2366422.667507,15.720000,1000000.000000
15.730000,8.775243,15.730000,20356.995319,15.730000,310324.295191,15.730000,2390205.594545,15.730000,1000000.000000
15.740000,8.813230,15.740000,20561.552968,15.740000,313443.087758,15.740000,2414227.502372,15.740000,1000000.000000
15.750000,8.851504,15.750000,20768.166651,15.750000,316593.217664,15.750000,2438490.889899,15.750000,1000000.000000
15.760000,8.890070,15.760000,20976.856619,15.760000,319775.009728,15.760000,2462998.111293,15.760000,1000000.000000
15.770000,8.928928,15.770000,21187.643557,15.770000,322988.781320,15.770000,2487751.663286,15.770000,1000000.000000
15.780000,8.968083,15.780000,21400.549777,15.780000,326234.848893,15.780000,2512753.940640,15.780000,1000000.000000
15.790000,9.007537,15.790000,21615.595593,15.790000,329513.546406,15.790000,2538007.540937,15.790000,1000000.000000
15.800000,9.047294,15.800000,21832.802593,15.800000,332825.186745,15.800000,2563514.915997,15.800000,1000000.000000
15.810000,9.087355,15.810000,22052.192212,15.810000,336170.116971,15.810000,2589278.679509,15.810000,1000000.000000
15.820000,9.127724,15.820000,22273.786453,15.820000,339548.658195,15.820000,2615301.348401,15.820000,1000000.000000
15.830000,9.168405,15.830000,22497.608788,15.830000,342961.152203,15.830000,2641585.556720,15.830000,1000000.000000
15.840000,9.209400,15.840000,22723.680382,15.840000,346407.956255,15.840000,2668133.930507,15.840000,1000000.000000
15.850000,9.250712,15.850000,22952.022954,15.850000,349889.390808,15.850000,2694949.075647,15.850000,1000000.000000
15.860000,9.292345,15.860000,23182.661375,15.860000,353405.813631,15.860000,2722033.753753,15.860000,1000000.000000
15.870000,9.334301,15.870000,23415.617783,15.870000,356957.578878,15.870000,2749390.646935,15.870000,1000000.000000
15.880000,9.376584,15.880000,23650.915338,15.880000,360545.035951,15.880000,2777022.444864,15.880000,1000000.000000
15.890000,9.419197,15.890000,23888.577260,15.890000,364168.550594,15.890000,2804931.966353,15.890000,1000000.000000
15.900000,9.462144,15.900000,24128.627291,15.900000,367828.488174,15.900000,2833122.013419,15.900000,1000000.000000
15.910000,9.505427,15.910000,24371.091216,15.910000,371525.199571,15.910000,2861595.356180,15.910000,1000000.000000
15.920000,9.549051,15.920000,24615.991203,15.920000,375259.069894,15.920000,2890354.876057,15.920000,1000000.000000
15.930000,9.593018,15.930000,24863.352166,15.930000,379030.460123,15.930000,2919403.397438,15.930000,1000000.000000
15.940000,9.637332,15.940000,25113.199690,15.940000,382839.756527,15.940000,2948743.870694,15.940000,1000000.000000
15.950000,9.681996,15.950000,25365.558507,15.950000,386687.344673,15.950000,2978379.194265,15.950000,1000000.000000
15.960000,9.727014,15.960000,25620.452990,15.960000,390573.590882,15.960000,3008312.413875,15.960000,1000000.000000
15.970000,9.772390,15.970000,25877.909031,15.970000,394498.899371,15.970000,3038546.423544,15.970000,1000000.000000
15.980000,9.818126,15.980000,26137.952194,15.980000,398463.661548,15.980000,3069084.285452,15.980000,1000000.000000
15.990000,9.864228,15.990000,26400.609521,15.990000,402468.261382,15.990000,1000000.000000,15.990000,1000000.000000
16.000000,9.910697,16.000000,26665.906916,16.000000,406513.116058,16.000000,1000000.000000,16.000000,1000000.000000
