sigma_0.1_tau,sigma_0.1_strain,sigma_0.1_strain_rate,sigma_0.2_tau,sigma_0.2_strain,sigma_0.2_strain_rate
0.00000000e+00,1.02478438e+00,1.35428688e-01,0.00000000e+00,1.05144801e+00,2.91818192e-01
1.00000000e-02,1.02613867e+00,1.35428688e-01,1.00000000e-02,1.05436619e+00,2.91818192e-01
2.00000000e-02,1.02750015e+00,1.36147880e-01,2.00000000e-02,1.05730822e+00,2.94203031e-01
3.00000000e-02,1.02886869e+00,1.36854310e-01,3.00000000e-02,1.06027401e+00,2.96578858e-01
4.00000000e-02,1.03024417e+00,1.37548566e-01,4.00000000e-02,1.06326348e+00,2.98946830e-01
5.00000000e-02,1.03162649e+00,1.38231222e-01,5.00000000e-02,1.06627656e+00,3.01308082e-01
6.00000000e-02,1.03301552e+00,1.38902835e-01,6.00000000e-02,1.06931320e+00,3.03663730e-01
7.00000000e-02,1.03441115e+00,1.39563945e-01,7.00000000e-02,1.07237334e+00,3.06014864e-01
8.00000000e-02,1.03581331e+00,1.40215077e-01,8.00000000e-02,1.07545697e+00,3.08362553e-01
9.00000000e-02,1.03722187e+00,1.40856738e-01,9.00000000e-02,1.07856405e+00,3.10707843e-01
1.00000000e-01,1.03863677e+00,1.41489418e-01,1.00000000e-01,1.08169457e+00,3.13051756e-01
1.10000000e-01,1.04005790e+00,1.42113593e-01,1.10000000e-01,1.08484852e+00,3.15395293e-01
1.20000000e-01,1.04148520e+00,1.42729720e-01,1.20000000e-01,1.08802591e+00,3.17739430e-01
1.30000000e-01,1.04291858e+00,1.43338241e-01,1.30000000e-01,1.09122676e+00,3.20085123e-01
1.40000000e-01,1.04435798e+00,1.43939583e-01,1.40000000e-01,1.09445110e+00,3.22433305e-01
1.50000000e-01,1.04580332e+00,1.44534156e-01,1.50000000e-01,1.09769895e+00,3.24784887e-01
1.60000000e-01,1.04725454e+00,1.45122356e-01,1.60000000e-01,1.10097035e+00,3.27140758e-01
1.70000000e-01,1.04871159e+00,1.45704562e-01,1.70000000e-01,1.10426537e+00,3.29501788e-01
1.80000000e-01,1.05017440e+00,1.46281142e-01,1.80000000e-01,1.10758406e+00,3.31868828e-01
1.90000000e-01,1.05164292e+00,1.46852446e-01,1.90000000e-01,1.11092649e+00,3.34242706e-01
2.00000000e-01,1.05311711e+00,1.47418813e-01,2.00000000e-01,1.11429273e+00,3.36624234e-01
2.10000000e-01,1.05459692e+00,1.47980566e-01,2.10000000e-01,1.11768287e+00,3.39014206e-01
2.20000000e-01,1.05608230e+00,1.48538018e-01,2.20000000e-01,1.12109701e+00,3.41413396e-01
2.30000000e-01,1.05757321e+00,1.49091467e-01,2.30000000e-01,1.12453523e+00,3.43822565e-01
2.40000000e-01,1.05906963e+00,1.49641200e-01,2.40000000e-01,1.12799766e+00,3.46242454e-01
2.50000000e-01,1.06057150e+00,1.50187492e-01,2.50000000e-01,1.13148439e+00,3.48673791e-01
2.60000000e-01,1.06207881e+00,1.50730606e-01,2.60000000e-01,1.13499557e+00,3.51117289e-01
2.70000000e-01,1.06359151e+00,1.51270795e-01,2.70000000e-01,1.13853130e+00,3.53573647e-01
2.80000000e-01,1.06510960e+00,1.51808301e-01,2.80000000e-01,1.14209174e+00,3.56043551e-01
2.90000000e-01,1.06663303e+00,1.52343356e-01,2.90000000e-01,1.14567702e+00,3.58527674e-01
3.00000000e-01,1.06816179e+00,1.52876182e-01,3.00000000e-01,1.14928728e+00,3.61026677e-01
3.10000000e-01,1.06969586e+00,1.53406992e-01,3.10000000e-01,1.15292269e+00,3.63541211e-01
3.20000000e-01,1.07123522e+00,1.53935989e-01,3.20000000e-01,1.15658341e+00,3.66071915e-01
3.30000000e-01,1.07277986e+00,1.54463368e-01,3.30000000e-01,1.16026961e+00,3.68619420e-01
3.40000000e-01,1.07432975e+00,1.54989317e-01,3.40000000e-01,1.16398145e+00,3.71184346e-01
3.50000000e-01,1.07588489e+00,1.55514013e-01,3.50000000e-01,1.16771912e+00,3.73767306e-01
3.60000000e-01,1.07744527e+00,1.56037629e-01,3.60000000e-01,1.17148281e+00,3.76368905e-01
3.70000000e-01,1.07901087e+00,1.56560328e-01,3.70000000e-01,1.17527271e+00,3.78989741e-01
3.80000000e-01,1.08058169e+00,1.57082266e-01,3.80000000e-01,1.17908901e+00,3.81630404e-01
3.90000000e-01,1.08215773e+00,1.57603595e-01,3.90000000e-01,1.18293193e+00,3.84291479e-01
4.00000000e-01,1.08373897e+00,1.58124457e-01,4.00000000e-01,1.18680167e+00,3.86973546e-01
4.10000000e-01,1.08532542e+00,1.58644991e-01,4.10000000e-01,1.19069844e+00,3.89677180e-01
4.20000000e-01,1.08691708e+00,1.59165329e-01,4.20000000e-01,1.19462247e+00,3.92402951e-01
4.30000000e-01,1.08851393e+00,1.59685597e-01,4.30000000e-01,1.19857398e+00,3.95151427e-01
4.40000000e-01,1.09011599e+00,1.60205916e-01,4.40000000e-01,1.20255321e+00,3.97923171e-01
4.50000000e-01,1.09172325e+00,1.60726401e-01,4.50000000e-01,1.20656040e+00,4.00718744e-01
4.60000000e-01,1.09333573e+00,1.61247165e-01,4.60000000e-01,1.21059579e+00,4.03538705e-01
4.70000000e-01,1.09495341e+00,1.61768314e-01,4.70000000e-01,1.21465962e+00,4.06383613e-01
4.80000000e-01,1.09657631e+00,1.62289949e-01,4.80000000e-01,1.21875216e+00,4.09254022e-01
4.90000000e-01,1.09820443e+00,1.62812170e-01,4.90000000e-01,1.22287367e+00,4.12150490e-01
5.00000000e-01,1.09983778e+00,1.63335069e-01,5.00000000e-01,1.22702440e+00,4.15073571e-01
5.10000000e-01,1.10147637e+00,1.63858737e-01,5.10000000e-01,1.23120464e+00,4.18023822e-01
5.20000000e-01,1.10312020e+00,1.64383261e-01,5.20000000e-01,1.23541466e+00,4.21001798e-01
5.30000000e-01,1.10476929e+00,1.64908725e-01,5.30000000e-01,1.23965474e+00,4.24008060e-01
5.40000000e-01,1.10642364e+00,1.65435206e-01,5.40000000e-01,1.24392517e+00,4.27043165e-01
5.50000000e-01,1.10808327e+00,1.65962784e-01,5.50000000e-01,1.24822625e+00,4.30107675e-01
5.60000000e-01,1.10974818e+00,1.66491531e-01,5.60000000e-01,1.25255827e+00,4.33202155e-01
5.70000000e-01,1.11141840e+00,1.67021519e-01,5.70000000e-01,1.25692154e+00,4.36327172e-01
5.80000000e-01,1.11309393e+00,1.67552816e-01,5.80000000e-01,1.26131638e+00,4.39483297e-01
5.90000000e-01,1.11477478e+00,1.68085487e-01,5.90000000e-01,1.26574309e+00,4.42671103e-01
6.00000000e-01,1.11646098e+00,1.68619597e-01,6.00000000e-01,1.27020200e+00,4.45891169e-01
6.10000000e-01,1.11815253e+00,1.69155206e-01,6.10000000e-01,1.27469344e+00,4.49144078e-01
6.20000000e-01,1.11984945e+00,1.69692374e-01,6.20000000e-01,1.27921774e+00,4.52430417e-01
6.30000000e-01,1.12155177e+00,1.70231157e-01,6.30000000e-01,1.28377525e+00,4.55750781e-01
6.40000000e-01,1.12325948e+00,1.70771611e-01,6.40000000e-01,1.28836631e+00,4.59105767e-01
6.50000000e-01,1.12497262e+00,1.71313788e-01,6.50000000e-01,1.29299127e+00,4.62495981e-01
6.60000000e-01,1.12669120e+00,1.71857741e-01,6.60000000e-01,1.29765049e+00,4.65922034e-01
6.70000000e-01,1.12841523e+00,1.72403518e-01,6.70000000e-01,1.30234433e+00,4.69384544e-01
6.80000000e-01,1.13014474e+00,1.72951168e-01,6.80000000e-01,1.30707318e+00,4.72884137e-01
6.90000000e-01,1.13187975e+00,1.73500737e-01,6.90000000e-01,1.31183739e+00,4.76421445e-01
7.00000000e-01,1.13362027e+00,1.74052272e-01,7.00000000e-01,1.31663736e+00,4.79997110e-01
7.10000000e-01,1.13536633e+00,1.74605815e-01,7.10000000e-01,1.32147348e+00,4.83611781e-01
7.20000000e-01,1.13711795e+00,1.75161410e-01,7.20000000e-01,1.32634614e+00,4.87266116e-01
7.30000000e-01,1.13887514e+00,1.75719098e-01,7.30000000e-01,1.33125575e+00,4.90960782e-01
7.40000000e-01,1.14063793e+00,1.76278919e-01,7.40000000e-01,1.33620271e+00,4.94696456e-01
7.50000000e-01,1.14240634e+00,1.76840913e-01,7.50000000e-01,1.34118745e+00,4.98473823e-01
7.60000000e-01,1.14418039e+00,1.77405118e-01,7.60000000e-01,1.34621039e+00,5.02293581e-01
7.70000000e-01,1.14596010e+00,1.77971572e-01,7.70000000e-01,1.35127195e+00,5.06156436e-01
7.80000000e-01,1.14774551e+00,1.78540310e-01,7.80000000e-01,1.35637258e+00,5.10063107e-01
7.90000000e-01,1.14953662e+00,1.79111368e-01,7.90000000e-01,1.36151273e+00,5.14014323e-01
8.00000000e-01,1.15133347e+00,1.79684782e-01,8.00000000e-01,1.36669283e+00,5.18010825e-01
8.10000000e-01,1.15313607e+00,1.80260585e-01,8.10000000e-01,1.37191337e+00,5.22053367e-01
8.20000000e-01,1.15494446e+00,1.80838811e-01,8.20000000e-01,1.37717479e+00,5.26142715e-01
8.30000000e-01,1.15675866e+00,1.81419493e-01,8.30000000e-01,1.38247759e+00,5.30279647e-01
8.40000000e-01,1.15857868e+00,1.82002662e-01,8.40000000e-01,1.38782224e+00,5.34464956e-01
8.50000000e-01,1.16040457e+00,1.82588351e-01,8.50000000e-01,1.39320923e+00,5.38699447e-01
8.60000000e-01,1.16223633e+00,1.83176589e-01,8.60000000e-01,1.39863907e+00,5.42983942e-01
8.70000000e-01,1.16407401e+00,1.83767408e-01,8.70000000e-01,1.40411227e+00,5.47319275e-01
8.80000000e-01,1.16591761e+00,1.84360838e-01,8.80000000e-01,1.40962933e+00,5.51706296e-01
8.90000000e-01,1.16776718e+00,1.84956909e-01,8.90000000e-01,1.41519079e+00,5.56145871e-01
9.00000000e-01,1.16962274e+00,1.85555649e-01,9.00000000e-01,1.42079718e+00,5.60638881e-01
9.10000000e-01,1.17148431e+00,1.86157087e-01,9.10000000e-01,1.42644904e+00,5.65186224e-01
9.20000000e-01,1.17335192e+00,1.86761252e-01,9.20000000e-01,1.43214693e+00,5.69788816e-01
9.30000000e-01,1.17522560e+00,1.87368172e-01,9.30000000e-01,1.43789140e+00,5.74447587e-01
9.40000000e-01,1.17710538e+00,1.87977875e-01,9.40000000e-01,1.44368304e+00,5.79163490e-01
9.50000000e-01,1.17899129e+00,1.88590388e-01,9.50000000e-01,1.44952241e+00,5.83937492e-01
9.60000000e-01,1.18088334e+00,1.89205739e-01,9.60000000e-01,1.45541012e+00,5.88770582e-01
9.70000000e-01,1.18278158e+00,1.89823954e-01,9.70000000e-01,1.46134676e+00,5.93663765e-01
9.80000000e-01,1.18468604e+00,1.90445061e-01,9.80000000e-01,1.46733294e+00,5.98618070e-01
9.90000000e-01,1.18659673e+00,1.91069086e-01,9.90000000e-01,1.47336928e+00,6.03634544e-01
1.00000000e+00,1.18851369e+00,1.91696056e-01,1.00000000e+00,1.47945643e+00,6.08714255e-01
1.01000000e+00,1.19043695e+00,1.92325998e-01,1.01000000e+00,1.48559501e+00,6.13858295e-01
1.02000000e+00,1.19236654e+00,1.92958936e-01,1.02000000e+00,1.49178569e+00,6.19067776e-01
1.03000000e+00,1.19430248e+00,1.93594898e-01,1.03000000e+00,1.49802912e+00,6.24343834e-01
1.04000000e+00,1.19624482e+00,1.94233910e-01,1.04000000e+00,1.50432600e+00,6.29687627e-01
1.05000000e+00,1.19819358e+00,1.94875997e-01,1.05000000e+00,1.51067700e+00,6.35100340e-01
1.06000000e+00,1.20014880e+00,1.95521185e-01,1.06000000e+00,1.51708284e+00,6.40583181e-01
1.07000000e+00,1.20211049e+00,1.96169500e-01,1.07000000e+00,1.52354421e+00,6.46137384e-01
1.08000000e+00,1.20407870e+00,1.96820969e-01,1.08000000e+00,1.53006185e+00,6.51764208e-01
1.09000000e+00,1.20605346e+00,1.97475615e-01,1.09000000e+00,1.53663650e+00,6.57464941e-01
1.10000000e+00,1.20803479e+00,1.98133466e-01,1.10000000e+00,1.54326891e+00,6.63240897e-01
1.11000000e+00,1.21002274e+00,1.98794547e-01,1.11000000e+00,1.54995984e+00,6.69093420e-01
1.12000000e+00,1.21201733e+00,1.99458883e-01,1.12000000e+00,1.55671008e+00,6.75023882e-01
1.13000000e+00,1.21401859e+00,2.00126501e-01,1.13000000e+00,1.56352042e+00,6.81033685e-01
1.14000000e+00,1.21602656e+00,2.00797426e-01,1.14000000e+00,1.57039166e+00,6.87124263e-01
1.15000000e+00,1.21804128e+00,2.01471683e-01,1.15000000e+00,1.57732463e+00,6.93297080e-01
1.16000000e+00,1.22006277e+00,2.02149300e-01,1.16000000e+00,1.58432017e+00,6.99553635e-01
1.17000000e+00,1.22209108e+00,2.02830301e-01,1.17000000e+00,1.59137912e+00,7.05895458e-01
1.18000000e+00,1.22412622e+00,2.03514712e-01,1.18000000e+00,1.59850237e+00,7.12324114e-01
1.19000000e+00,1.22616825e+00,2.04202560e-01,1.19000000e+00,1.60569078e+00,7.18841205e-01
1.20000000e+00,1.22821719e+00,2.04893870e-01,1.20000000e+00,1.61294526e+00,7.25448368e-01
1.21000000e+00,1.23027308e+00,2.05588670e-01,1.21000000e+00,1.62026673e+00,7.32147278e-01
1.22000000e+00,1.23233595e+00,2.06286984e-01,1.22000000e+00,1.62765613e+00,7.38939646e-01
1.23000000e+00,1.23440583e+00,2.06988840e-01,1.23000000e+00,1.63511440e+00,7.45827227e-01
1.24000000e+00,1.23648278e+00,2.07694264e-01,1.24000000e+00,1.64264252e+00,7.52811813e-01
1.25000000e+00,1.23856681e+00,2.08403282e-01,1.25000000e+00,1.65024147e+00,7.59895240e-01
1.26000000e+00,1.24065797e+00,2.09115922e-01,1.26000000e+00,1.65791227e+00,7.67079385e-01
1.27000000e+00,1.24275629e+00,2.09832210e-01,1.27000000e+00,1.66565593e+00,7.74366170e-01
1.28000000e+00,1.24486181e+00,2.10552173e-01,1.28000000e+00,1.67347350e+00,7.81757564e-01
1.29000000e+00,1.24697457e+00,2.11275838e-01,1.29000000e+00,1.68136606e+00,7.89255580e-01
1.30000000e+00,1.24909460e+00,2.12003234e-01,1.30000000e+00,1.68933468e+00,7.96862282e-01
1.31000000e+00,1.25122195e+00,2.12734386e-01,1.31000000e+00,1.69738048e+00,8.04579781e-01
1.32000000e+00,1.25335664e+00,2.13469324e-01,1.32000000e+00,1.70550458e+00,8.12410241e-01
1.33000000e+00,1.25549872e+00,2.14208074e-01,1.33000000e+00,1.71370814e+00,8.20355877e-01
1.34000000e+00,1.25764823e+00,2.14950664e-01,1.34000000e+00,1.72199233e+00,8.28418959e-01
1.35000000e+00,1.25980520e+00,2.15697123e-01,1.35000000e+00,1.73035835e+00,8.36601812e-01
1.36000000e+00,1.26196967e+00,2.16447480e-01,1.36000000e+00,1.73880742e+00,8.44906819e-01
1.37000000e+00,1.26414169e+00,2.17201762e-01,1.37000000e+00,1.74734078e+00,8.53336420e-01
1.38000000e+00,1.26632129e+00,2.17959999e-01,1.38000000e+00,1.75595971e+00,8.61893118e-01
1.39000000e+00,1.26850851e+00,2.18722219e-01,1.39000000e+00,1.76466551e+00,8.70579478e-01
1.40000000e+00,1.27070340e+00,2.19488451e-01,1.40000000e+00,1.77345949e+00,8.79398129e-01
1.41000000e+00,1.27290599e+00,2.20258725e-01,1.41000000e+00,1.78234301e+00,8.88351765e-01
1.42000000e+00,1.27511632e+00,2.21033071e-01,1.42000000e+00,1.79131744e+00,8.97443151e-01
1.43000000e+00,1.27733443e+00,2.21811518e-01,1.43000000e+00,1.80038419e+00,9.06675121e-01
1.44000000e+00,1.27956037e+00,2.22594096e-01,1.44000000e+00,1.80954470e+00,9.16050582e-01
1.45000000e+00,1.28179418e+00,2.23380835e-01,1.45000000e+00,1.81880042e+00,9.25572514e-01
1.46000000e+00,1.28403590e+00,2.24171766e-01,1.46000000e+00,1.82815286e+00,9.35243978e-01
1.47000000e+00,1.28628557e+00,2.24966920e-01,1.47000000e+00,1.83760354e+00,9.45068112e-01
1.48000000e+00,1.28854323e+00,2.25766328e-01,1.48000000e+00,1.84715402e+00,9.55048135e-01
1.49000000e+00,1.29080893e+00,2.26570020e-01,1.49000000e+00,1.85680590e+00,9.65187352e-01
1.50000000e+00,1.29308271e+00,2.27378028e-01,1.50000000e+00,1.86656079e+00,9.75489157e-01
1.51000000e+00,1.29536461e+00,2.28190384e-01,1.51000000e+00,1.87642036e+00,9.85957031e-01
1.52000000e+00,1.29765469e+00,2.29007121e-01,1.52000000e+00,1.88638630e+00,9.96594549e-01
1.53000000e+00,1.29995297e+00,2.29828269e-01,1.53000000e+00,1.89646036e+00,1.00740538e+00
1.54000000e+00,1.30225951e+00,2.30653862e-01,1.54000000e+00,1.90664429e+00,1.01839330e+00
1.55000000e+00,1.30457435e+00,2.31483932e-01,1.55000000e+00,1.91693991e+00,1.02956218e+00
1.56000000e+00,1.30689753e+00,2.32318513e-01,1.56000000e+00,1.92734907e+00,1.04091599e+00
1.57000000e+00,1.30922911e+00,2.33157637e-01,1.57000000e+00,1.93787366e+00,1.05245882e+00
1.58000000e+00,1.31156912e+00,2.34001339e-01,1.58000000e+00,1.94851561e+00,1.06419487e+00
1.59000000e+00,1.31391762e+00,2.34849652e-01,1.59000000e+00,1.95927689e+00,1.07612846e+00
1.60000000e+00,1.31627464e+00,2.35702610e-01,1.60000000e+00,1.97015953e+00,1.08826402e+00
1.61000000e+00,1.31864025e+00,2.36560249e-01,1.61000000e+00,1.98116560e+00,1.10060611e+00
1.62000000e+00,1.32101447e+00,2.37422602e-01,1.62000000e+00,1.99229719e+00,1.11315941e+00
1.63000000e+00,1.32339737e+00,2.38289705e-01,1.63000000e+00,2.00355648e+00,1.12592875e+00
1.64000000e+00,1.32578899e+00,2.39161593e-01,1.64000000e+00,2.01494567e+00,1.13891908e+00
1.65000000e+00,1.32818937e+00,2.40038302e-01,1.65000000e+00,2.02646702e+00,1.15213550e+00
1.66000000e+00,1.33059857e+00,2.40919868e-01,1.66000000e+00,2.03812286e+00,1.16558326e+00
1.67000000e+00,1.33301663e+00,2.41806328e-01,1.67000000e+00,2.04991553e+00,1.17926774e+00
1.68000000e+00,1.33544361e+00,2.42697717e-01,1.68000000e+00,2.06184748e+00,1.19319451e+00
1.69000000e+00,1.33787955e+00,2.43594074e-01,1.69000000e+00,2.07392117e+00,1.20736927e+00
1.70000000e+00,1.34032450e+00,2.44495435e-01,1.70000000e+00,2.08613915e+00,1.22179791e+00
1.71000000e+00,1.34277852e+00,2.45401838e-01,1.71000000e+00,2.09850401e+00,1.23648648e+00
1.72000000e+00,1.34524165e+00,2.46313321e-01,1.72000000e+00,2.11101843e+00,1.25144122e+00
1.73000000e+00,1.34771395e+00,2.47229923e-01,1.73000000e+00,2.12368511e+00,1.26666855e+00
1.74000000e+00,1.35019547e+00,2.48151683e-01,1.74000000e+00,2.13650686e+00,1.28217508e+00
1.75000000e+00,1.35268626e+00,2.49078638e-01,1.75000000e+00,2.14948654e+00,1.29796763e+00
1.76000000e+00,1.35518637e+00,2.50010830e-01,1.76000000e+00,2.16262707e+00,1.31405321e+00
1.77000000e+00,1.35769585e+00,2.50948297e-01,1.77000000e+00,2.17593146e+00,1.33043906e+00
1.78000000e+00,1.36021476e+00,2.51891081e-01,1.78000000e+00,2.18940279e+00,1.34713263e+00
1.79000000e+00,1.36274315e+00,2.52839221e-01,1.79000000e+00,2.20304420e+00,1.36414160e+00
1.80000000e+00,1.36528108e+00,2.53792758e-01,1.80000000e+00,2.21685894e+00,1.38147391e+00
1.81000000e+00,1.36782860e+00,2.54751734e-01,1.81000000e+00,2.23085032e+00,1.39913772e+00
1.82000000e+00,1.37038576e+00,2.55716191e-01,1.82000000e+00,2.24502174e+00,1.41714146e+00
1.83000000e+00,1.37295262e+00,2.56686170e-01,1.83000000e+00,2.25937667e+00,1.43549382e+00
1.84000000e+00,1.37552924e+00,2.57661715e-01,1.84000000e+00,2.27391871e+00,1.45420378e+00
1.85000000e+00,1.37811567e+00,2.58642868e-01,1.85000000e+00,2.28865152e+00,1.47328057e+00
1.86000000e+00,1.38071196e+00,2.59629672e-01,1.86000000e+00,2.30357886e+00,1.49273377e+00
1.87000000e+00,1.38331818e+00,2.60622172e-01,1.87000000e+00,2.31870459e+00,1.51257323e+00
1.88000000e+00,1.38593439e+00,2.61620411e-01,1.88000000e+00,2.33403268e+00,1.53280913e+00
1.89000000e+00,1.38856063e+00,2.62624434e-01,1.89000000e+00,2.34956720e+00,1.55345198e+00
1.90000000e+00,1.39119698e+00,2.63634287e-01,1.90000000e+00,2.36531232e+00,1.57451264e+00
1.91000000e+00,1.39384348e+00,2.64650014e-01,1.91000000e+00,2.38127235e+00,1.59600234e+00
1.92000000e+00,1.39650019e+00,2.65671661e-01,1.92000000e+00,2.39745167e+00,1.61793267e+00
1.93000000e+00,1.39916719e+00,2.66699276e-01,1.93000000e+00,2.41385483e+00,1.64031559e+00
1.94000000e+00,1.40184451e+00,2.67732904e-01,1.94000000e+00,2.43048647e+00,1.66316351e+00
1.95000000e+00,1.40453224e+00,2.68772593e-01,1.95000000e+00,2.44735136e+00,1.68648921e+00
1.96000000e+00,1.40723042e+00,2.69818391e-01,1.96000000e+00,2.46445442e+00,1.71030594e+00
1.97000000e+00,1.40993913e+00,2.70870346e-01,1.97000000e+00,2.48180069e+00,1.73462739e+00
1.98000000e+00,1.41265841e+00,2.71928506e-01,1.98000000e+00,2.49939537e+00,1.75946773e+00
1.99000000e+00,1.41538834e+00,2.72992922e-01,1.99000000e+00,2.51724378e+00,1.78484161e+00
2.00000000e+00,1.41812898e+00,2.74063641e-01,2.00000000e+00,2.53535143e+00,1.81076420e+00
2.01000000e+00,1.42088039e+00,2.75140715e-01,2.01000000e+00,2.55372394e+00,1.83725120e+00
2.02000000e+00,1.42364263e+00,2.76224195e-01,2.02000000e+00,2.57236713e+00,1.86431886e+00
2.03000000e+00,1.42641577e+00,2.77314130e-01,2.03000000e+00,2.59128697e+00,1.89198403e+00
2.04000000e+00,1.42919987e+00,2.78410574e-01,2.04000000e+00,2.61048961e+00,1.92026414e+00
2.05000000e+00,1.43199501e+00,2.79513578e-01,2.05000000e+00,2.62998138e+00,1.94917726e+00
2.06000000e+00,1.43480124e+00,2.80623195e-01,2.06000000e+00,2.64976880e+00,1.97874210e+00
2.07000000e+00,1.43761864e+00,2.81739478e-01,2.07000000e+00,2.66985858e+00,2.00897807e+00
2.08000000e+00,1.44044726e+00,2.82862480e-01,2.08000000e+00,2.69025764e+00,2.03990529e+00
2.09000000e+00,1.44328718e+00,2.83992257e-01,2.09000000e+00,2.71097308e+00,2.07154461e+00
2.10000000e+00,1.44613847e+00,2.85128863e-01,2.10000000e+00,2.73201226e+00,2.10391768e+00
2.11000000e+00,1.44900120e+00,2.86272353e-01,2.11000000e+00,2.75338273e+00,2.13704692e+00
2.12000000e+00,1.45187542e+00,2.87422783e-01,2.12000000e+00,2.77509228e+00,2.17095564e+00
2.13000000e+00,1.45476123e+00,2.88580210e-01,2.13000000e+00,2.79714896e+00,2.20566801e+00
2.14000000e+00,1.45765867e+00,2.89744691e-01,2.14000000e+00,2.81956106e+00,2.24120912e+00
2.15000000e+00,1.46056784e+00,2.90916284e-01,2.15000000e+00,2.84233711e+00,2.27760504e+00
2.16000000e+00,1.46348879e+00,2.92095047e-01,2.16000000e+00,2.86548593e+00,2.31488282e+00
2.17000000e+00,1.46642160e+00,2.93281039e-01,2.17000000e+00,2.88901664e+00,2.35307059e+00
2.18000000e+00,1.46936634e+00,2.94474319e-01,2.18000000e+00,2.91293862e+00,2.39219757e+00
2.19000000e+00,1.47232309e+00,2.95674947e-01,2.19000000e+00,2.93726156e+00,2.43229414e+00
2.20000000e+00,1.47529192e+00,2.96882985e-01,2.20000000e+00,2.96199548e+00,2.47339187e+00
2.21000000e+00,1.47827290e+00,2.98098493e-01,2.21000000e+00,2.98715071e+00,2.51552360e+00
2.22000000e+00,1.48126612e+00,2.99321534e-01,2.22000000e+00,3.01273795e+00,2.55872350e+00
2.23000000e+00,1.48427164e+00,3.00552169e-01,2.23000000e+00,3.03876822e+00,2.60302712e+00
2.24000000e+00,1.48728955e+00,3.01790464e-01,2.24000000e+00,3.06525293e+00,2.64847143e+00
2.25000000e+00,1.49031991e+00,3.03036480e-01,2.25000000e+00,3.09220388e+00,2.69509496e+00
2.26000000e+00,1.49336281e+00,3.04290284e-01,2.26000000e+00,3.11963326e+00,2.74293781e+00
2.27000000e+00,1.49641833e+00,3.05551940e-01,2.27000000e+00,3.14755368e+00,2.79204175e+00
2.28000000e+00,1.49948655e+00,3.06821514e-01,2.28000000e+00,3.17597818e+00,2.84245030e+00
2.29000000e+00,1.50256754e+00,3.08099073e-01,2.29000000e+00,3.20492027e+00,2.89420881e+00
2.30000000e+00,1.50566139e+00,3.09384685e-01,2.30000000e+00,3.23439391e+00,2.94736455e+00
2.31000000e+00,1.50876817e+00,3.10678417e-01,2.31000000e+00,3.26441358e+00,3.00196684e+00
2.32000000e+00,1.51188797e+00,3.11980339e-01,2.32000000e+00,3.29499425e+00,3.05806709e+00
2.33000000e+00,1.51502088e+00,3.13290519e-01,2.33000000e+00,3.32615144e+00,3.11571894e+00
2.34000000e+00,1.51816697e+00,3.14609028e-01,2.34000000e+00,3.35790123e+00,3.17497839e+00
2.35000000e+00,1.52132633e+00,3.15935938e-01,2.35000000e+00,3.39026027e+00,3.23590387e+00
2.36000000e+00,1.52449904e+00,3.17271319e-01,2.36000000e+00,3.42324583e+00,3.29855641e+00
2.37000000e+00,1.52768519e+00,3.18615245e-01,2.37000000e+00,3.45687583e+00,3.36299976e+00
2.38000000e+00,1.53088487e+00,3.19967789e-01,2.38000000e+00,3.49116883e+00,3.42930053e+00
2.39000000e+00,1.53409816e+00,3.21329025e-01,2.39000000e+00,3.52614412e+00,3.49752831e+00
2.40000000e+00,1.53732515e+00,3.22699028e-01,2.40000000e+00,3.56182167e+00,3.56775588e+00
2.41000000e+00,1.54056593e+00,3.24077874e-01,2.41000000e+00,3.59822227e+00,3.64005933e+00
2.42000000e+00,1.54382059e+00,3.25465639e-01,2.42000000e+00,3.63536745e+00,3.71451827e+00
2.43000000e+00,1.54708921e+00,3.26862401e-01,2.43000000e+00,3.67327961e+00,3.79121599e+00
2.44000000e+00,1.55037189e+00,3.28268238e-01,2.44000000e+00,3.71198201e+00,3.87023967e+00
2.45000000e+00,1.55366873e+00,3.29683229e-01,2.45000000e+00,3.75149881e+00,3.95168060e+00
2.46000000e+00,1.55697980e+00,3.31107454e-01,2.46000000e+00,3.79185516e+00,4.03563438e+00
2.47000000e+00,1.56030521e+00,3.32540994e-01,2.47000000e+00,3.83307717e+00,4.12220116e+00
2.48000000e+00,1.56364505e+00,3.33983931e-01,2.48000000e+00,3.87519203e+00,4.21148591e+00
2.49000000e+00,1.56699941e+00,3.35436347e-01,2.49000000e+00,3.91822801e+00,4.30359867e+00
2.50000000e+00,1.57036840e+00,3.36898326e-01,2.50000000e+00,3.96221456e+00,4.39865480e+00
2.51000000e+00,1.57375210e+00,3.38369953e-01,2.51000000e+00,4.00718232e+00,4.49677534e+00
2.52000000e+00,1.57715061e+00,3.39851312e-01,2.52000000e+00,4.05316319e+00,4.59808730e+00
2.53000000e+00,1.58056403e+00,3.41342490e-01,2.53000000e+00,4.10019043e+00,4.70272395e+00
2.54000000e+00,1.58399247e+00,3.42843575e-01,2.54000000e+00,4.14829868e+00,4.81082527e+00
2.55000000e+00,1.58743602e+00,3.44354654e-01,2.55000000e+00,4.19752406e+00,4.92253822e+00
2.56000000e+00,1.59089477e+00,3.45875818e-01,2.56000000e+00,4.24790424e+00,5.03801723e+00
2.57000000e+00,1.59436885e+00,3.47407156e-01,2.57000000e+00,4.29947848e+00,5.15742459e+00
2.58000000e+00,1.59785833e+00,3.48948760e-01,2.58000000e+00,4.35228779e+00,5.28093090e+00
2.59000000e+00,1.60136334e+00,3.50500721e-01,2.59000000e+00,4.40637495e+00,5.40871557e+00
2.60000000e+00,1.60488397e+00,3.52063134e-01,2.60000000e+00,4.46178462e+00,5.54096730e+00
2.61000000e+00,1.60842033e+00,3.53636093e-01,2.61000000e+00,4.51856347e+00,5.67788467e+00
2.62000000e+00,1.61197253e+00,3.55219693e-01,2.62000000e+00,4.57676023e+00,5.81967670e+00
2.63000000e+00,1.61554067e+00,3.56814030e-01,2.63000000e+00,4.63642587e+00,5.96656342e+00
2.64000000e+00,1.61912486e+00,3.58419204e-01,2.64000000e+00,4.69761363e+00,6.11877661e+00
2.65000000e+00,1.62272522e+00,3.60035312e-01,2.65000000e+00,4.76037924e+00,6.27656043e+00
2.66000000e+00,1.62634184e+00,3.61662454e-01,2.66000000e+00,4.82478096e+00,6.44017219e+00
2.67000000e+00,1.62997485e+00,3.63300731e-01,2.67000000e+00,4.89087979e+00,6.60988311e+00
2.68000000e+00,1.63362435e+00,3.64950246e-01,2.68000000e+00,4.95873958e+00,6.78597921e+00
2.69000000e+00,1.63729046e+00,3.66611102e-01,2.69000000e+00,5.02842720e+00,6.96876212e+00
2.70000000e+00,1.64097329e+00,3.68283404e-01,2.70000000e+00,5.10001271e+00,7.15855011e+00
2.71000000e+00,1.64467297e+00,3.69967257e-01,2.71000000e+00,5.17356950e+00,7.35567903e+00
2.72000000e+00,1.64838960e+00,3.71662769e-01,2.72000000e+00,5.24917453e+00,7.56050341e+00
2.73000000e+00,1.65212330e+00,3.73370048e-01,2.73000000e+00,5.32690851e+00,7.77339759e+00
2.74000000e+00,1.65587419e+00,3.75089203e-01,2.74000000e+00,5.40685607e+00,7.99475694e+00
2.75000000e+00,1.65964239e+00,3.76820346e-01,2.75000000e+00,5.48910607e+00,8.22499910e+00
2.76000000e+00,1.66342803e+00,3.78563588e-01,2.76000000e+00,5.57375172e+00,8.46456541e+00
2.77000000e+00,1.66723122e+00,3.80319042e-01,2.77000000e+00,5.66089094e+00,8.71392230e+00
2.78000000e+00,1.67105209e+00,3.82086825e-01,2.78000000e+00,5.75062657e+00,8.97356283e+00
2.79000000e+00,1.67489076e+00,3.83867051e-01,2.79000000e+00,5.84306665e+00,9.24400837e+00
2.80000000e+00,1.67874735e+00,3.85659839e-01,2.80000000e+00,5.93832476e+00,9.52581025e+00
2.81000000e+00,1.68262201e+00,3.87465307e-01,2.81000000e+00,6.03652027e+00,9.81955167e+00
2.82000000e+00,1.68651484e+00,3.89283576e-01,2.82000000e+00,6.13777877e+00,1.01258496e+01
2.83000000e+00,1.69042599e+00,3.91114767e-01,2.83000000e+00,6.24223234e+00,1.04453568e+01
2.84000000e+00,1.69435558e+00,3.92959003e-01,2.84000000e+00,6.35001998e+00,1.07787641e+01
2.85000000e+00,1.69830375e+00,3.94816410e-01,2.85000000e+00,6.46128801e+00,1.11268027e+01
2.86000000e+00,1.70227062e+00,3.96687114e-01,2.86000000e+00,6.57619047e+00,1.14902463e+01
2.87000000e+00,1.70625633e+00,3.98571242e-01,2.87000000e+00,6.69488961e+00,1.18699143e+01
2.88000000e+00,1.71026102e+00,4.00468923e-01,2.88000000e+00,6.81755635e+00,1.22666737e+01
2.89000000e+00,1.71428482e+00,4.02380288e-01,2.89000000e+00,6.94437078e+00,1.26814428e+01
2.90000000e+00,1.71832788e+00,4.04305471e-01,2.90000000e+00,7.07552271e+00,1.31151936e+01
2.91000000e+00,1.72239032e+00,4.06244604e-01,2.91000000e+00,7.21121226e+00,1.35689551e+01
2.92000000e+00,1.72647230e+00,4.08197823e-01,2.92000000e+00,7.35165043e+00,1.40438168e+01
2.93000000e+00,1.73057395e+00,4.10165266e-01,2.93000000e+00,7.49705976e+00,1.45409322e+01
2.94000000e+00,1.73469542e+00,4.12147072e-01,2.94000000e+00,7.64767498e+00,1.50615223e+01
2.95000000e+00,1.73883686e+00,4.14143380e-01,2.95000000e+00,7.80374377e+00,1.56068793e+01
2.96000000e+00,1.74299840e+00,4.16154335e-01,2.96000000e+00,7.96552748e+00,1.61783713e+01
2.97000000e+00,1.74718020e+00,4.18180080e-01,2.97000000e+00,8.13330194e+00,1.67774455e+01
2.98000000e+00,1.75138241e+00,4.20220760e-01,2.98000000e+00,8.30735827e+00,1.74056335e+01
2.99000000e+00,1.75560517e+00,4.22276524e-01,2.99000000e+00,8.48800383e+00,1.80645552e+01
3.00000000e+00,1.75984865e+00,4.24347521e-01,3.00000000e+00,8.67556307e+00,1.87559239e+01
3.01000000e+00,1.76411299e+00,4.26433903e-01,3.01000000e+00,8.87037858e+00,1.94815511e+01
3.02000000e+00,1.76839835e+00,4.28535822e-01,3.02000000e+00,9.07281209e+00,2.02433515e+01
3.03000000e+00,1.77270488e+00,4.30653435e-01,3.03000000e+00,9.28324557e+00,2.10433483e+01
3.04000000e+00,1.77703275e+00,4.32786899e-01,3.04000000e+00,9.50208236e+00,2.18836789e+01
3.05000000e+00,1.78138211e+00,4.34936372e-01,3.05000000e+00,9.72974836e+00,2.27666001e+01
3.06000000e+00,1.78575313e+00,4.37102016e-01,3.06000000e+00,9.96669330e+00,2.36944941e+01
3.07000000e+00,1.79014597e+00,4.39283993e-01,3.07000000e+00,1.02133921e+01,2.46698746e+01
3.08000000e+00,1.79456080e+00,4.41482471e-01,3.08000000e+00,1.04703460e+01,2.56953924e+01
3.09000000e+00,1.79899777e+00,4.43697615e-01,3.09000000e+00,1.07380844e+01,2.67738423e+01
3.10000000e+00,1.80345707e+00,4.45929595e-01,3.10000000e+00,1.10171661e+01,2.79081690e+01
3.11000000e+00,1.80793886e+00,4.48178583e-01,3.11000000e+00,1.13081808e+01,2.91014742e+01
3.12000000e+00,1.81244330e+00,4.50444754e-01,3.12000000e+00,1.16117511e+01,3.03570230e+01
3.13000000e+00,1.81697059e+00,4.52728282e-01,3.13000000e+00,1.19285336e+01,3.16782508e+01
3.14000000e+00,1.82152088e+00,4.55029346e-01,3.14000000e+00,1.22592213e+01,3.30687709e+01
3.15000000e+00,1.82609436e+00,4.57348128e-01,3.15000000e+00,1.26045451e+01,3.45323815e+01
3.16000000e+00,1.83069121e+00,4.59684810e-01,3.16000000e+00,1.29652758e+01,3.60730732e+01
3.17000000e+00,1.83531161e+00,4.62039577e-01,3.17000000e+00,1.33422262e+01,3.76950371e+01
3.18000000e+00,1.83995573e+00,4.64412618e-01,3.18000000e+00,1.37362529e+01,3.94026729e+01
3.19000000e+00,1.84462377e+00,4.66804122e-01,3.19000000e+00,1.41482589e+01,4.12005971e+01
3.20000000e+00,1.84931592e+00,4.69214283e-01,3.20000000e+00,1.45791954e+01,4.30936519e+01
3.21000000e+00,1.85403235e+00,4.71643295e-01,3.21000000e+00,1.50300646e+01,4.50869147e+01
3.22000000e+00,1.85877326e+00,4.74091357e-01,3.22000000e+00,1.55019216e+01,4.71857072e+01
3.23000000e+00,1.86353885e+00,4.76558669e-01,3.23000000e+00,1.59958777e+01,4.93956061e+01
3.24000000e+00,1.86832930e+00,4.79045433e-01,3.24000000e+00,1.65131022e+01,5.17224540e+01
3.25000000e+00,1.87314482e+00,4.81551857e-01,3.25000000e+00,1.70548259e+01,5.41723702e+01
3.26000000e+00,1.87798560e+00,4.84078148e-01,3.26000000e+00,1.76223436e+01,5.67517637e+01
3.27000000e+00,1.88285185e+00,4.86624518e-01,3.27000000e+00,1.82170170e+01,5.94673457e+01
3.28000000e+00,1.88774376e+00,4.89191180e-01,3.28000000e+00,1.88402785e+01,6.23261439e+01
3.29000000e+00,1.89266154e+00,4.91778352e-01,3.29000000e+00,1.94936336e+01,6.53355170e+01
3.30000000e+00,1.89760541e+00,4.94386254e-01,3.30000000e+00,2.01786653e+01,6.85031709e+01
3.31000000e+00,1.90257556e+00,4.97015108e-01,3.31000000e+00,2.08970371e+01,7.18371760e+01
3.32000000e+00,1.90757221e+00,4.99665140e-01,3.32000000e+00,2.16504970e+01,7.53459848e+01
3.33000000e+00,1.91259557e+00,5.02336580e-01,3.33000000e+00,2.24408815e+01,7.90384520e+01
3.34000000e+00,1.91764587e+00,5.05029659e-01,3.34000000e+00,2.32701200e+01,8.29238550e+01
3.35000000e+00,1.92272332e+00,5.07744613e-01,3.35000000e+00,2.41402392e+01,8.70119162e+01
3.36000000e+00,1.92782813e+00,5.10481679e-01,3.36000000e+00,2.50533675e+01,9.13128266e+01
3.37000000e+00,1.93296054e+00,5.13241100e-01,3.37000000e+00,2.60117402e+01,9.58372709e+01
3.38000000e+00,1.93812078e+00,5.16023120e-01,3.38000000e+00,2.70177047e+01,1.00596454e+02
3.39000000e+00,1.94330906e+00,5.18827989e-01,3.39000000e+00,2.80737260e+01,1.05602129e+02
3.40000000e+00,1.94852562e+00,5.21655956e-01,3.40000000e+00,2.91823923e+01,1.10866628e+02
3.41000000e+00,1.95377069e+00,5.24507279e-01,3.41000000e+00,3.03464212e+01,1.16402891e+02
3.42000000e+00,1.95904451e+00,5.27382215e-01,3.42000000e+00,3.15686662e+01,1.22224502e+02
3.43000000e+00,1.96434732e+00,5.30281027e-01,3.43000000e+00,3.28521234e+01,1.28345721e+02
3.44000000e+00,1.96967936e+00,5.33203981e-01,3.44000000e+00,3.41999386e+01,1.34781524e+02
3.45000000e+00,1.97504087e+00,5.36151347e-01,3.45000000e+00,3.56154150e+01,1.41547636e+02
3.46000000e+00,1.98043211e+00,5.39123398e-01,3.46000000e+00,3.71020208e+01,1.48660577e+02
3.47000000e+00,1.98585331e+00,5.42120412e-01,3.47000000e+00,3.86633978e+01,1.56137699e+02
3.48000000e+00,1.99130474e+00,5.45142670e-01,3.48000000e+00,4.03033701e+01,1.63997234e+02
3.49000000e+00,1.99678664e+00,5.48190457e-01,3.49000000e+00,4.20259535e+01,1.72258338e+02
3.50000000e+00,2.00229928e+00,5.51264063e-01,3.50000000e+00,4.38353649e+01,1.80941140e+02
3.51000000e+00,2.00784292e+00,5.54363781e-01,3.51000000e+00,4.57360328e+01,1.90066792e+02
3.52000000e+00,2.01341782e+00,5.57489908e-01,3.52000000e+00,4.77326081e+01,1.99657524e+02
3.53000000e+00,2.01902425e+00,5.60642747e-01,3.53000000e+00,4.98299750e+01,2.09736695e+02
3.54000000e+00,2.02466247e+00,5.63822604e-01,3.54000000e+00,5.20332636e+01,2.20328859e+02
3.55000000e+00,2.03033277e+00,5.67029789e-01,3.55000000e+00,5.43478618e+01,2.31459817e+02
3.56000000e+00,2.03603542e+00,5.70264618e-01,3.56000000e+00,5.67794286e+01,2.43156686e+02
3.57000000e+00,2.04177069e+00,5.73527409e-01,3.57000000e+00,5.93339083e+01,2.55447965e+02
3.58000000e+00,2.04753888e+00,5.76818489e-01,3.58000000e+00,6.20175443e+01,2.68363607e+02
3.59000000e+00,2.05334026e+00,5.80138184e-01,3.59000000e+00,6.48368952e+01,2.81935088e+02
3.60000000e+00,2.05917513e+00,5.83486830e-01,3.60000000e+00,6.77988501e+01,2.96195489e+02
3.61000000e+00,2.06504378e+00,5.86864765e-01,3.61000000e+00,7.09106459e+01,3.11179573e+02
3.62000000e+00,2.07094650e+00,5.90272333e-01,3.62000000e+00,7.41798846e+01,3.26923874e+02
3.63000000e+00,2.07688360e+00,5.93709882e-01,3.63000000e+00,7.76145524e+01,3.43466784e+02
3.64000000e+00,2.08285538e+00,5.97177767e-01,3.64000000e+00,8.12230389e+01,3.60848647e+02
3.65000000e+00,2.08886214e+00,6.00676346e-01,3.65000000e+00,8.50141575e+01,3.79111858e+02
3.66000000e+00,2.09490420e+00,6.04205984e-01,3.66000000e+00,8.89971671e+01,3.98300967e+02
3.67000000e+00,2.10098187e+00,6.07767050e-01,3.67000000e+00,9.31817950e+01,4.18462786e+02
3.68000000e+00,2.10709547e+00,6.11359922e-01,3.68000000e+00,9.75782600e+01,4.39646505e+02
3.69000000e+00,2.11324532e+00,6.14984978e-01,3.69000000e+00,1.02197298e+02,4.61903811e+02
3.70000000e+00,2.11943174e+00,6.18642607e-01,3.70000000e+00,1.07050188e+02,4.85289015e+02
3.71000000e+00,2.12565508e+00,6.22333200e-01,3.71000000e+00,1.12148780e+02,5.09859184e+02
3.72000000e+00,2.13191565e+00,6.26057157e-01,3.72000000e+00,1.17505523e+02,5.35674279e+02
3.73000000e+00,2.13821380e+00,6.29814881e-01,3.73000000e+00,1.23133496e+02,5.62797302e+02
3.74000000e+00,2.14454986e+00,6.33606784e-01,3.74000000e+00,1.29046440e+02,5.91294453e+02
3.75000000e+00,2.15092420e+00,6.37433283e-01,3.75000000e+00,1.35258793e+02,6.21235284e+02
3.76000000e+00,2.15733714e+00,6.41294802e-01,3.76000000e+00,1.41785722e+02,6.52692877e+02
3.77000000e+00,2.16378906e+00,6.45191769e-01,3.77000000e+00,1.48643162e+02,6.85744015e+02
3.78000000e+00,2.17028031e+00,6.49124622e-01,3.78000000e+00,1.55847856e+02,7.20469377e+02
3.79000000e+00,2.17681125e+00,6.53093804e-01,3.79000000e+00,1.63417393e+02,7.56953726e+02
3.80000000e+00,2.18338224e+00,6.57099764e-01,3.80000000e+00,1.71370254e+02,7.95286123e+02
3.81000000e+00,2.18999367e+00,6.61142962e-01,3.81000000e+00,1.79725856e+02,8.35560142e+02
3.82000000e+00,2.19664591e+00,6.65223859e-01,3.82000000e+00,1.88504597e+02,8.77874096e+02
3.83000000e+00,2.20333934e+00,6.69342929e-01,3.83000000e+00,1.97727910e+02,9.22331282e+02
3.84000000e+00,2.21007435e+00,6.73500649e-01,3.84000000e+00,2.07418312e+02,9.69040227e+02
3.85000000e+00,2.21685132e+00,6.77697508e-01,3.85000000e+00,2.17599462e+02,1.01811496e+03
3.86000000e+00,2.22367066e+00,6.81933997e-01,3.86000000e+00,2.28296214e+02,1.06967528e+03
3.87000000e+00,2.23053277e+00,6.86210621e-01,3.87000000e+00,2.39534685e+02,1.12384706e+03
3.88000000e+00,2.23743805e+00,6.90527888e-01,3.88000000e+00,2.51342310e+02,1.18076254e+03
3.89000000e+00,2.24438691e+00,6.94886317e-01,3.89000000e+00,2.63747917e+02,1.24056068e+03
3.90000000e+00,2.25137978e+00,6.99286434e-01,3.90000000e+00,2.76781792e+02,1.30338746e+03
3.91000000e+00,2.25841706e+00,7.03728774e-01,3.91000000e+00,2.90475754e+02,1.36939625e+03
3.92000000e+00,2.26549920e+00,7.08213881e-01,3.92000000e+00,3.04863236e+02,1.43874820e+03
3.93000000e+00,2.27262663e+00,7.12742306e-01,3.93000000e+00,3.19979362e+02,1.51161262e+03
3.94000000e+00,2.27979977e+00,7.17314611e-01,3.94000000e+00,3.35861036e+02,1.58816739e+03
3.95000000e+00,2.28701909e+00,7.21931367e-01,3.95000000e+00,3.52547030e+02,1.66859942e+03
3.96000000e+00,2.29428502e+00,7.26593152e-01,3.96000000e+00,3.70078081e+02,1.75310505e+03
3.97000000e+00,2.30159802e+00,7.31300555e-01,3.97000000e+00,3.88496987e+02,1.84189059e+03
3.98000000e+00,2.30895856e+00,7.36054177e-01,3.98000000e+00,4.07848715e+02,1.93517280e+03
3.99000000e+00,2.31636711e+00,7.40854624e-01,3.99000000e+00,4.28180509e+02,2.03317940e+03
4.00000000e+00,2.32382414e+00,7.45702516e-01,4.00000000e+00,4.49542005e+02,2.13614967e+03
4.01000000e+00,2.33133012e+00,7.50598482e-01,4.01000000e+00,4.71985355e+02,2.24433498e+03
4.02000000e+00,2.33888555e+00,7.55543160e-01,4.02000000e+00,4.95565350e+02,2.35799946e+03
4.03000000e+00,2.34649092e+00,7.60537202e-01,4.03000000e+00,5.20339556e+02,2.47742058e+03
4.04000000e+00,2.35414674e+00,7.65581267e-01,4.04000000e+00,5.46368455e+02,2.60288990e+03
4.05000000e+00,2.36185350e+00,7.70676029e-01,4.05000000e+00,5.73715592e+02,2.73471374e+03
4.06000000e+00,2.36961172e+00,7.75822169e-01,4.06000000e+00,6.02447731e+02,2.87321390e+03
4.07000000e+00,2.37742192e+00,7.81020383e-01,4.07000000e+00,6.32635016e+02,3.01872852e+03
4.08000000e+00,2.38528464e+00,7.86271379e-01,4.08000000e+00,6.64351145e+02,3.17161285e+03
4.09000000e+00,2.39320040e+00,7.91575873e-01,4.09000000e+00,6.97673546e+02,3.33224013e+03
4.10000000e+00,2.40116974e+00,7.96934598e-01,4.10000000e+00,7.32683571e+02,3.50100249e+03
4.11000000e+00,2.40919322e+00,8.02348296e-01,4.11000000e+00,7.69466691e+02,3.67831195e+03
4.12000000e+00,2.41727140e+00,8.07817725e-01,4.12000000e+00,8.08112704e+02,3.86460137e+03
4.13000000e+00,2.42540484e+00,8.13343652e-01,4.13000000e+00,8.48715960e+02,4.06032555e+03
4.14000000e+00,2.43359411e+00,8.18926862e-01,4.14000000e+00,8.91375583e+02,4.26596231e+03
4.15000000e+00,2.44183979e+00,8.24568150e-01,4.15000000e+00,9.36195720e+02,4.48201368e+03
4.16000000e+00,2.45014247e+00,8.30268326e-01,4.16000000e+00,9.83285791e+02,4.70900711e+03
4.17000000e+00,2.45850275e+00,8.36028214e-01,4.17000000e+00,1.03276076e+03,4.94749677e+03
4.18000000e+00,2.46692124e+00,8.41848654e-01,4.18000000e+00,1.08474141e+03,5.19806489e+03
4.19000000e+00,2.47539855e+00,8.47730498e-01,4.19000000e+00,1.13935464e+03,5.46132319e+03
4.20000000e+00,2.48393529e+00,8.53674616e-01,4.20000000e+00,1.19673378e+03,5.73791436e+03
4.21000000e+00,2.49253211e+00,8.59681890e-01,4.21000000e+00,1.25701892e+03,6.02851366e+03
4.22000000e+00,2.50118964e+00,8.65753222e-01,4.22000000e+00,1.32035722e+03,6.33383053e+03
4.23000000e+00,2.50990854e+00,8.71889526e-01,4.23000000e+00,1.38690333e+03,6.65461035e+03
4.24000000e+00,2.51868945e+00,8.78091736e-01,4.24000000e+00,1.45681969e+03,6.99163626e+03
4.25000000e+00,2.52753306e+00,8.84360799e-01,4.25000000e+00,1.53027700e+03,7.34573103e+03
4.26000000e+00,2.53644004e+00,8.90697682e-01,4.26000000e+00,1.60745459e+03,7.71775914e+03
4.27000000e+00,2.54541107e+00,8.97103368e-01,4.27000000e+00,1.68854088e+03,8.10862882e+03
4.28000000e+00,2.55444686e+00,9.03578860e-01,4.28000000e+00,1.77373382e+03,8.51929431e+03
4.29000000e+00,2.56354811e+00,9.10125176e-01,4.29000000e+00,1.86324141e+03,8.95075819e+03
4.30000000e+00,2.57271555e+00,9.16743356e-01,4.30000000e+00,1.95728214e+03,9.40407380e+03
4.31000000e+00,2.58194989e+00,9.23434457e-01,4.31000000e+00,2.05608562e+03,9.88034783e+03
4.32000000e+00,2.59125189e+00,9.30199555e-01,4.32000000e+00,2.15989305e+03,1.03807430e+04
4.33000000e+00,2.60062228e+00,9.37039748e-01,4.33000000e+00,2.26895786e+03,1.09064810e+04
4.34000000e+00,2.61006185e+00,9.43956153e-01,4.34000000e+00,2.38354631e+03,1.14588452e+04
4.35000000e+00,2.61957135e+00,9.50949908e-01,4.35000000e+00,2.50393816e+03,1.20391843e+04
4.36000000e+00,2.62915157e+00,9.58022173e-01,4.36000000e+00,2.63042731e+03,1.26489149e+04
4.37000000e+00,2.63880331e+00,9.65174129e-01,4.37000000e+00,2.76332256e+03,1.32895257e+04
4.38000000e+00,2.64852738e+00,9.72406979e-01,4.38000000e+00,2.90294837e+03,1.39625806e+04
4.39000000e+00,2.65832460e+00,9.79721950e-01,4.39000000e+00,3.04964560e+03,1.46697226e+04
4.40000000e+00,2.66819580e+00,9.87120292e-01,4.40000000e+00,3.20377238e+03,1.54126783e+04
4.41000000e+00,2.67814183e+00,9.94603278e-01,4.41000000e+00,3.36570499e+03,1.61932614e+04
4.42000000e+00,2.68816356e+00,1.00217221e+00,4.42000000e+00,3.53583877e+03,1.70133775e+04
4.43000000e+00,2.69826184e+00,1.00982840e+00,4.43000000e+00,3.71458906e+03,1.78750288e+04
4.44000000e+00,2.70843757e+00,1.01757320e+00,4.44000000e+00,3.90239224e+03,1.87803189e+04
4.45000000e+00,2.71869165e+00,1.02540799e+00,4.45000000e+00,4.09970682e+03,1.97314579e+04
4.46000000e+00,2.72902499e+00,1.03333417e+00,4.46000000e+00,4.30701450e+03,2.07307678e+04
4.47000000e+00,2.73943852e+00,1.04135317e+00,4.47000000e+00,4.52482139e+03,2.17806884e+04
4.48000000e+00,2.74993319e+00,1.04946644e+00,4.48000000e+00,4.75365921e+03,2.28837827e+04
4.49000000e+00,2.76050994e+00,1.05767547e+00,4.49000000e+00,4.99408665e+03,2.40427438e+04
4.50000000e+00,2.77116976e+00,1.06598177e+00,4.50000000e+00,5.24669066e+03,2.52604011e+04
4.51000000e+00,2.78191363e+00,1.07438689e+00,4.51000000e+00,5.51208794e+03,2.65397273e+04
4.52000000e+00,2.79274255e+00,1.08289240e+00,4.52000000e+00,5.79092639e+03,2.78838457e+04
4.53000000e+00,2.80365755e+00,1.09149990e+00,4.53000000e+00,6.08388677e+03,2.92960377e+04
4.54000000e+00,2.81465966e+00,1.10021105e+00,4.54000000e+00,6.39168428e+03,3.07797508e+04
4.55000000e+00,2.82574994e+00,1.10902750e+00,4.55000000e+00,6.71507035e+03,3.23386074e+04
4.56000000e+00,2.83692945e+00,1.11795097e+00,4.56000000e+00,7.05483448e+03,3.39764131e+04
4.57000000e+00,2.84819928e+00,1.12698319e+00,4.57000000e+00,7.41180615e+03,3.56971664e+04
4.58000000e+00,2.85956054e+00,1.13612594e+00,4.58000000e+00,7.78685683e+03,3.75050681e+04
4.59000000e+00,2.87101435e+00,1.14538103e+00,4.59000000e+00,8.18090215e+03,3.94045319e+04
4.60000000e+00,2.88256185e+00,1.15475031e+00,4.60000000e+00,8.59490410e+03,4.14001951e+04
4.61000000e+00,2.89420421e+00,1.16423567e+00,4.61000000e+00,9.02987339e+03,4.34969297e+04
4.62000000e+00,2.90594260e+00,1.17383903e+00,4.62000000e+00,9.48687194e+03,4.56998546e+04
4.63000000e+00,2.91777822e+00,1.18356236e+00,4.63000000e+00,9.96701542e+03,4.80143477e+04
4.64000000e+00,2.92971230e+00,1.19340767e+00,4.64000000e+00,1.04714760e+04,5.04460595e+04
4.65000000e+00,2.94174607e+00,1.20337701e+00,4.65000000e+00,1.10014853e+04,5.30009267e+04
4.66000000e+00,2.95388080e+00,1.21347246e+00,4.66000000e+00,1.15583371e+04,5.56851865e+04
4.67000000e+00,2.96611776e+00,1.22369617e+00,4.67000000e+00,1.21433911e+04,5.85053920e+04
4.68000000e+00,2.97845826e+00,1.23405031e+00,4.68000000e+00,1.27580753e+04,6.14684283e+04
4.69000000e+00,2.99090363e+00,1.24453712e+00,4.69000000e+00,1.34038906e+04,6.45815291e+04
4.70000000e+00,3.00345522e+00,1.25515887e+00,4.70000000e+00,1.40824136e+04,6.78522946e+04
4.71000000e+00,3.01611440e+00,1.26591789e+00,4.71000000e+00,1.47953007e+04,7.12887097e+04
4.72000000e+00,3.02888256e+00,1.27681654e+00,4.72000000e+00,1.55442923e+04,7.48991639e+04
4.73000000e+00,3.04176114e+00,1.28785727e+00,4.73000000e+00,1.63312170e+04,7.86924714e+04
4.74000000e+00,3.05475156e+00,1.29904253e+00,4.74000000e+00,1.71579960e+04,8.26778930e+04
4.75000000e+00,3.06785531e+00,1.31037488e+00,4.75000000e+00,1.80266475e+04,8.68651583e+04
4.76000000e+00,3.08107388e+00,1.32185690e+00,4.76000000e+00,1.89392924e+04,9.12644900e+04
4.77000000e+00,3.09440879e+00,1.33349123e+00,4.77000000e+00,1.98981587e+04,9.58866280e+04
4.78000000e+00,3.10786160e+00,1.34528058e+00,4.78000000e+00,2.09055873e+04,1.00742857e+05
4.79000000e+00,3.12143388e+00,1.35722771e+00,4.79000000e+00,2.19640376e+04,1.05845032e+05
4.80000000e+00,3.13512723e+00,1.36933545e+00,4.80000000e+00,2.30760937e+04,1.11205609e+05
4.81000000e+00,3.14894330e+00,1.38160668e+00,4.81000000e+00,2.42444705e+04,1.16837675e+05
4.82000000e+00,3.16288374e+00,1.39404437e+00,4.82000000e+00,2.54720203e+04,1.22754981e+05
4.83000000e+00,3.17695026e+00,1.40665154e+00,4.83000000e+00,2.67617400e+04,1.28971972e+05
4.84000000e+00,3.19114457e+00,1.41943127e+00,4.84000000e+00,2.81167782e+04,1.35503825e+05
4.85000000e+00,3.20546844e+00,1.43238672e+00,4.85000000e+00,2.95404431e+04,1.42366487e+05
4.86000000e+00,3.21992365e+00,1.44552113e+00,4.86000000e+00,3.10362102e+04,1.49576713e+05
4.87000000e+00,3.23451202e+00,1.45883780e+00,4.87000000e+00,3.26077313e+04,1.57152104e+05
4.88000000e+00,3.24923543e+00,1.47234012e+00,4.88000000e+00,3.42588428e+04,1.65111155e+05
4.89000000e+00,3.26409574e+00,1.48603156e+00,4.89000000e+00,3.59935758e+04,1.73473296e+05
4.90000000e+00,3.27909490e+00,1.49991564e+00,4.90000000e+00,3.78161652e+04,1.82258943e+05
4.91000000e+00,3.29423486e+00,1.51399600e+00,4.91000000e+00,3.97310606e+04,1.91489543e+05
4.92000000e+00,3.30951762e+00,1.52827635e+00,4.92000000e+00,4.17429370e+04,2.01187631e+05
4.93000000e+00,3.32494523e+00,1.54276049e+00,4.93000000e+00,4.38567058e+04,2.11376885e+05
4.94000000e+00,3.34051975e+00,1.55745231e+00,4.94000000e+00,4.60775276e+04,2.22082178e+05
4.95000000e+00,3.35624331e+00,1.57235578e+00,4.95000000e+00,4.84108241e+04,2.33329647e+05
4.96000000e+00,3.37211806e+00,1.58747499e+00,4.96000000e+00,5.08622916e+04,2.45146750e+05
4.97000000e+00,3.38814620e+00,1.60281412e+00,4.97000000e+00,5.34379149e+04,2.57562336e+05
4.98000000e+00,3.40432997e+00,1.61837743e+00,4.98000000e+00,5.61439821e+04,2.70606716e+05
4.99000000e+00,3.42067167e+00,1.63416931e+00,4.99000000e+00,5.89870994e+04,2.84311735e+05
5.00000000e+00,3.43717361e+00,1.65019424e+00,5.00000000e+00,6.19742080e+04,2.98710853e+05
5.01000000e+00,3.45383818e+00,1.66645683e+00,5.01000000e+00,6.51126002e+04,3.13839221e+05
5.02000000e+00,3.47066779e+00,1.68296178e+00,5.02000000e+00,6.84099379e+04,3.29733773e+05
5.03000000e+00,3.48766493e+00,1.69971392e+00,5.03000000e+00,7.18742710e+04,3.46433314e+05
5.04000000e+00,3.50483212e+00,1.71671820e+00,5.04000000e+00,7.55140571e+04,3.63978611e+05
5.05000000e+00,3.52217191e+00,1.73397969e+00,5.05000000e+00,7.93381821e+04,3.82412499e+05
5.06000000e+00,3.53968695e+00,1.75150358e+00,5.06000000e+00,8.33559819e+04,4.01779981e+05
5.07000000e+00,3.55737990e+00,1.76929521e+00,5.07000000e+00,8.75772653e+04,4.22128340e+05
5.08000000e+00,3.57525350e+00,1.78736004e+00,5.08000000e+00,9.20123379e+04,4.43507252e+05
5.09000000e+00,3.59331054e+00,1.80570368e+00,5.09000000e+00,9.66720269e+04,4.65968910e+05
5.10000000e+00,3.61155386e+00,1.82433187e+00,5.10000000e+00,1.01567708e+05,4.89568150e+05
5.11000000e+00,3.62998636e+00,1.84325051e+00,5.11000000e+00,1.06711334e+05,5.14362586e+05
5.12000000e+00,3.64861102e+00,1.86246564e+00,5.12000000e+00,1.12115462e+05,5.40412750e+05
5.13000000e+00,3.66743085e+00,1.88198347e+00,5.13000000e+00,1.17793284e+05,5.67782238e+05
5.14000000e+00,3.68644896e+00,1.90181037e+00,5.14000000e+00,1.23758663e+05,5.96537868e+05
5.15000000e+00,3.70566848e+00,1.92195288e+00,5.15000000e+00,1.30026161e+05,6.26749842e+05
5.16000000e+00,3.72509266e+00,1.94241769e+00,5.16000000e+00,1.36611080e+05,6.58491918e+05
5.17000000e+00,3.74472478e+00,1.96321169e+00,5.17000000e+00,1.43529496e+05,6.91841587e+05
5.18000000e+00,3.76456820e+00,1.98434196e+00,5.18000000e+00,1.50798299e+05,7.26880268e+05
5.19000000e+00,3.78462636e+00,2.00581574e+00,5.19000000e+00,1.58435234e+05,7.63693502e+05
5.20000000e+00,3.80490276e+00,2.02764049e+00,5.20000000e+00,1.66458946e+05,8.02371161e+05
5.21000000e+00,3.82540100e+00,2.04982387e+00,5.21000000e+00,1.74889022e+05,8.43007670e+05
5.22000000e+00,3.84612474e+00,2.07237373e+00,5.22000000e+00,1.83746045e+05,8.85702237e+05
5.23000000e+00,3.86707772e+00,2.09529815e+00,5.23000000e+00,1.93051636e+05,9.30559093e+05
5.24000000e+00,3.88826377e+00,2.11860543e+00,5.24000000e+00,2.02828513e+05,9.77687748e+05
5.25000000e+00,3.90968681e+00,2.14230411e+00,5.25000000e+00,2.13100546e+05,1.02720326e+06
5.26000000e+00,3.93135084e+00,2.16640294e+00,5.26000000e+00,2.23892811e+05,1.07922651e+06
5.27000000e+00,3.95325995e+00,2.19091093e+00,5.27000000e+00,2.35231656e+05,1.13388450e+06
5.28000000e+00,3.97541833e+00,2.21583735e+00,5.28000000e+00,2.47144763e+05,1.19131068e+06
5.29000000e+00,3.99783024e+00,2.24119171e+00,5.29000000e+00,2.59661215e+05,1.25164523e+06
5.30000000e+00,4.02050008e+00,2.26698382e+00,5.30000000e+00,2.72811570e+05,1.31503547e+06
5.31000000e+00,4.04343232e+00,2.29322374e+00,5.31000000e+00,2.86627931e+05,1.38163613e+06
5.32000000e+00,4.06663154e+00,2.31992184e+00,5.32000000e+00,3.01144029e+05,1.45160982e+06
5.33000000e+00,4.09010242e+00,2.34708878e+00,5.33000000e+00,3.16395303e+05,1.52512736e+06
5.34000000e+00,4.11384978e+00,2.37473551e+00,5.34000000e+00,3.32418985e+05,1.60236824e+06
5.35000000e+00,4.13787851e+00,2.40287334e+00,5.35000000e+00,3.49254195e+05,1.68352102e+06
5.36000000e+00,4.16219365e+00,2.43151388e+00,5.36000000e+00,3.66942033e+05,1.76878383e+06
5.37000000e+00,4.18680034e+00,2.46066908e+00,5.37000000e+00,3.85525682e+05,1.85836481e+06
5.38000000e+00,4.21170386e+00,2.49035127e+00,5.38000000e+00,4.05050508e+05,1.95248268e+06
5.39000000e+00,4.23690959e+00,2.52057312e+00,5.39000000e+00,4.25564180e+05,2.05136719e+06
5.40000000e+00,4.26242306e+00,2.55134770e+00,5.40000000e+00,4.47116778e+05,2.15525976e+06
5.41000000e+00,4.28824995e+00,2.58268845e+00,5.41000000e+00,4.69760918e+05,2.26441402e+06
5.42000000e+00,4.31439604e+00,2.61460924e+00,5.42000000e+00,4.93551883e+05,2.37909646e+06
5.43000000e+00,4.34086728e+00,2.64712435e+00,5.43000000e+00,5.18547753e+05,2.49958705e+06
5.44000000e+00,4.36766977e+00,2.68024850e+00,5.44000000e+00,5.44809553e+05,2.62617996e+06
5.45000000e+00,4.39480974e+00,2.71399685e+00,5.45000000e+00,5.72401395e+05,2.75918422e+06
5.46000000e+00,4.42229359e+00,2.74838507e+00,5.46000000e+00,6.01390641e+05,2.89892456e+06
5.47000000e+00,4.45012788e+00,2.78342926e+00,5.47000000e+00,6.31848062e+05,3.04574212e+06
5.48000000e+00,4.47831934e+00,2.81914607e+00,5.48000000e+00,6.63848015e+05,3.19999533e+06
5.49000000e+00,4.50687487e+00,2.85555265e+00,5.49000000e+00,6.97468623e+05,3.36206077e+06
5.50000000e+00,4.53580153e+00,2.89266671e+00,5.50000000e+00,7.32791964e+05,3.53233411e+06
5.51000000e+00,4.56510660e+00,2.93050650e+00,5.51000000e+00,7.69904274e+05,3.71123103e+06
5.52000000e+00,4.59479751e+00,2.96909088e+00,5.52000000e+00,8.08896157e+05,3.89918828e+06
5.53000000e+00,4.62488190e+00,3.00843931e+00,5.53000000e+00,8.49862804e+05,4.09666472e+06
5.54000000e+00,4.65536762e+00,3.04857187e+00,5.54000000e+00,8.92904229e+05,4.30414246e+06
5.55000000e+00,4.68626271e+00,3.08950931e+00,5.55000000e+00,9.38125509e+05,4.52212801e+06
5.56000000e+00,4.71757544e+00,3.13127305e+00,5.56000000e+00,9.85637044e+05,4.75115357e+06
5.57000000e+00,4.74931430e+00,3.17388521e+00,5.57000000e+00,1.03555483e+06,4.99177824e+06
5.58000000e+00,4.78148798e+00,3.21736867e+00,5.58000000e+00,1.08800072e+06,5.24458947e+06
5.59000000e+00,4.81410545e+00,3.26174706e+00,5.59000000e+00,1.14310277e+06,5.51020446e+06
5.60000000e+00,4.84717590e+00,3.30704479e+00,5.60000000e+00,1.20099548e+06,5.78927167e+06
5.61000000e+00,4.88070877e+00,3.35328711e+00,5.61000000e+00,1.26182021e+06,6.08247238e+06
5.62000000e+00,4.91471377e+00,3.40050013e+00,5.62000000e+00,1.32572543e+06,6.39052239e+06
5.63000000e+00,4.94920088e+00,3.44871085e+00,5.63000000e+00,1.39286717e+06,6.71417376e+06
5.64000000e+00,4.98418035e+00,3.49794719e+00,5.64000000e+00,1.46340933e+06,7.05421662e+06
5.65000000e+00,5.01966273e+00,3.54823805e+00,5.65000000e+00,1.53752415e+06,7.41148113e+06
5.66000000e+00,5.05565887e+00,3.59961333e+00,5.66000000e+00,1.61539254e+06,7.78683949e+06
5.67000000e+00,5.09217991e+00,3.65210399e+00,5.67000000e+00,1.69720462e+06,8.18120807e+06
5.68000000e+00,5.12923733e+00,3.70574205e+00,5.68000000e+00,1.78316012e+06,8.59554966e+06
5.69000000e+00,5.16684294e+00,3.76056072e+00,5.69000000e+00,1.87346888e+06,9.03087579e+06
5.70000000e+00,5.20500888e+00,3.81659434e+00,5.70000000e+00,1.96835137e+06,9.48824924e+06
5.71000000e+00,5.24374766e+00,3.87387851e+00,5.71000000e+00,2.06803923e+06,9.96878662e+06
5.72000000e+00,5.28307217e+00,3.93245013e+00,5.72000000e+00,2.17277584e+06,1.04736611e+07
5.73000000e+00,5.32299564e+00,3.99234743e+00,5.73000000e+00,2.28281690e+06,1.10041051e+07
5.74000000e+00,5.36353174e+00,4.05361003e+00,5.74000000e+00,2.39843103e+06,1.15614138e+07
5.75000000e+00,5.40469453e+00,4.11627903e+00,5.75000000e+00,2.51990051e+06,1.21469477e+07
5.76000000e+00,5.44649850e+00,4.18039704e+00,5.76000000e+00,2.64752187e+06,1.27621363e+07
5.77000000e+00,5.48895858e+00,4.24600828e+00,5.77000000e+00,2.78160669e+06,1.34084814e+07
5.78000000e+00,5.53209017e+00,4.31315860e+00,5.78000000e+00,2.92248230e+06,1.40875610e+07
5.79000000e+00,5.57590913e+00,4.38189562e+00,5.79000000e+00,3.07049263e+06,1.48010329e+07
5.80000000e+00,5.62043181e+00,4.45226875e+00,5.80000000e+00,3.22599902e+06,1.55506390e+07
5.81000000e+00,5.66567511e+00,4.52432930e+00,5.81000000e+00,3.38938111e+06,1.63382093e+07
5.82000000e+00,5.71165641e+00,4.59813056e+00,5.82000000e+00,3.56103777e+06,1.71656665e+07
5.83000000e+00,5.75839369e+00,4.67372788e+00,5.83000000e+00,3.74138808e+06,1.80350307e+07
5.84000000e+00,5.80590548e+00,4.75117880e+00,5.84000000e+00,3.93087232e+06,1.89484243e+07
5.85000000e+00,5.85421091e+00,4.83054309e+00,5.85000000e+00,4.12995310e+06,1.99080772e+07
5.86000000e+00,5.90332974e+00,4.91188290e+00,5.86000000e+00,4.33911642e+06,2.09163323e+07
5.87000000e+00,5.95328237e+00,4.99526286e+00,5.87000000e+00,4.55887293e+06,2.19756509e+07
5.88000000e+00,6.00408987e+00,5.08075021e+00,5.88000000e+00,4.78975912e+06,2.30886193e+07
5.89000000e+00,6.05577402e+00,5.16841486e+00,5.89000000e+00,5.03233867e+06,2.42579546e+07
5.90000000e+00,6.10835731e+00,5.25832961e+00,5.90000000e+00,5.28720378e+06,2.54865114e+07
5.91000000e+00,6.16186302e+00,5.35057022e+00,5.91000000e+00,5.55497667e+06,2.67772892e+07
5.92000000e+00,6.21631517e+00,5.44521557e+00,5.92000000e+00,5.83631106e+06,2.81334391e+07
5.93000000e+00,6.27173865e+00,5.54234782e+00,5.93000000e+00,6.13189378e+06,2.95582719e+07
5.94000000e+00,6.32815918e+00,5.64205255e+00,5.94000000e+00,6.44244645e+06,3.10552662e+07
5.95000000e+00,6.38560337e+00,5.74441897e+00,5.95000000e+00,6.76872721e+06,3.26280765e+07
5.96000000e+00,6.44409877e+00,5.84954002e+00,5.96000000e+00,7.11153264e+06,3.42805426e+07
5.97000000e+00,6.50367389e+00,5.95751265e+00,5.97000000e+00,7.47169962e+06,3.60166987e+07
5.98000000e+00,6.56435827e+00,6.06843793e+00,5.98000000e+00,7.85010746e+06,3.78407833e+07
5.99000000e+00,6.62618248e+00,6.18242134e+00,5.99000000e+00,8.24767995e+06,3.97572497e+07
6.00000000e+00,6.68917821e+00,6.29957290e+00,6.00000000e+00,8.66538772e+06,4.17707765e+07
6.01000000e+00,6.75337829e+00,6.42000750e+00,6.01000000e+00,9.10425051e+06,4.38862795e+07
6.02000000e+00,6.81881674e+00,6.54384506e+00,6.02000000e+00,9.56533974e+06,4.61089232e+07
6.03000000e+00,6.88552885e+00,6.67121085e+00,6.03000000e+00,1.00497811e+07,4.84441338e+07
6.04000000e+00,6.95355120e+00,6.80223571e+00,6.04000000e+00,1.05587572e+07,5.08976125e+07
6.05000000e+00,7.02292177e+00,6.93705642e+00,6.05000000e+00,1.10935107e+07,5.34753488e+07
6.06000000e+00,7.09367993e+00,7.07581591e+00,6.06000000e+00,1.16553471e+07,5.61836360e+07
6.07000000e+00,7.16586656e+00,7.21866366e+00,6.07000000e+00,1.22456379e+07,5.90290858e+07
6.08000000e+00,7.23952412e+00,7.36575602e+00,6.08000000e+00,1.28658244e+07,6.20186449e+07
6.09000000e+00,7.31469669e+00,7.51725656e+00,6.09000000e+00,1.35174205e+07,6.51596118e+07
6.10000000e+00,7.39143006e+00,7.67333649e+00,6.10000000e+00,1.42020170e+07,6.84596546e+07
6.11000000e+00,7.46977181e+00,7.83417503e+00,6.11000000e+00,1.49212853e+07,7.19268298e+07
6.12000000e+00,7.54977140e+00,7.99995987e+00,6.12000000e+00,1.56769813e+07,7.55696019e+07
6.13000000e+00,7.63148028e+00,8.17088764e+00,6.13000000e+00,1.64709500e+07,7.93968642e+07
6.14000000e+00,7.71495192e+00,8.34716435e+00,6.14000000e+00,1.73051296e+07,8.34179601e+07
6.15000000e+00,7.80024198e+00,8.52900598e+00,6.15000000e+00,1.81815566e+07,8.76427066e+07
6.16000000e+00,7.88740837e+00,8.71663895e+00,6.16000000e+00,1.91023708e+07,9.20814175e+07
6.17000000e+00,7.97651138e+00,8.91030076e+00,6.17000000e+00,2.00698201e+07,9.67449294e+07
6.18000000e+00,8.06761379e+00,9.11024059e+00,6.18000000e+00,2.10862664e+07,1.01644627e+08
6.19000000e+00,8.16078099e+00,9.31671994e+00,6.19000000e+00,2.21541911e+07,1.06792473e+08
6.20000000e+00,8.25608112e+00,9.53001337e+00,6.20000000e+00,2.32762015e+07,1.12201034e+08
6.21000000e+00,8.35358521e+00,9.75040917e+00,6.21000000e+00,2.44550366e+07,1.17883514e+08
6.22000000e+00,8.45336731e+00,9.97821023e+00,6.22000000e+00,2.56935745e+07,1.23853787e+08
6.23000000e+00,8.55550466e+00,1.02137348e+01,6.23000000e+00,2.69948387e+07,1.30126427e+08
6.24000000e+00,8.66007784e+00,1.04573174e+01,6.24000000e+00,2.83620062e+07,1.36716748e+08
6.25000000e+00,8.76717093e+00,1.07093098e+01,6.25000000e+00,2.97984146e+07,1.43640840e+08
6.26000000e+00,8.87687175e+00,1.09700820e+01,6.26000000e+00,3.13075707e+07,1.50915606e+08
6.27000000e+00,8.98927199e+00,1.12400233e+01,6.27000000e+00,3.28931587e+07,1.58558806e+08
6.28000000e+00,9.10446742e+00,1.15195433e+01,6.28000000e+00,3.45590497e+07,1.66589100e+08
6.29000000e+00,9.22255815e+00,1.18090734e+01,6.29000000e+00,3.63093107e+07,1.75026093e+08
6.30000000e+00,9.34364883e+00,1.21090676e+01,6.30000000e+00,3.81482145e+07,1.83890381e+08
6.31000000e+00,9.46784888e+00,1.24200046e+01,6.31000000e+00,4.00802505e+07,1.93203606e+08
6.32000000e+00,9.59527276e+00,1.27423885e+01,6.32000000e+00,4.21101356e+07,2.02988504e+08
6.33000000e+00,9.72604027e+00,1.30767507e+01,6.33000000e+00,4.42428252e+07,2.13268964e+08
6.34000000e+00,9.86027678e+00,1.34236514e+01,6.34000000e+00,4.64835260e+07,2.24070083e+08
6.35000000e+00,9.99811360e+00,1.37836816e+01,6.35000000e+00,4.88377083e+07,2.35418230e+08
6.36000000e+00,1.01396882e+01,1.41574647e+01,6.36000000e+00,5.13111194e+07,2.47341110e+08
6.37000000e+00,1.02851448e+01,1.45456584e+01,6.37000000e+00,5.39097978e+07,2.59867831e+08
6.38000000e+00,1.04346344e+01,1.49489570e+01,6.38000000e+00,5.66400875e+07,2.73028974e+08
6.39000000e+00,1.05883153e+01,1.53680937e+01,6.39000000e+00,5.95086542e+07,2.86856670e+08
6.40000000e+00,1.07463538e+01,1.58038426e+01,6.40000000e+00,6.25225010e+07,3.01384677e+08
6.41000000e+00,1.09089240e+01,1.62570213e+01,6.41000000e+00,6.56889856e+07,3.16648462e+08
6.42000000e+00,1.10762089e+01,1.67284941e+01,6.42000000e+00,6.90158385e+07,3.32685290e+08
6.43000000e+00,1.12484007e+01,1.72191739e+01,6.43000000e+00,7.25111816e+07,3.49534312e+08
6.44000000e+00,1.14257009e+01,1.77300261e+01,6.44000000e+00,7.61835482e+07,3.67236661e+08
6.45000000e+00,1.16083216e+01,1.82620711e+01,6.45000000e+00,8.00419038e+07,3.85835555e+08
6.46000000e+00,1.17964855e+01,1.88163881e+01,6.46000000e+00,8.40956677e+07,4.05376399e+08
6.47000000e+00,1.19904267e+01,1.93941186e+01,6.47000000e+00,8.83547367e+07,4.25906900e+08
6.48000000e+00,1.21903914e+01,1.99964701e+01,6.48000000e+00,9.28295085e+07,4.47477179e+08
6.49000000e+00,1.23966386e+01,2.06247201e+01,6.49000000e+00,9.75309075e+07,4.70139896e+08
6.50000000e+00,1.26094408e+01,2.12802206e+01,6.50000000e+00,1.02470411e+08,4.93950378e+08
6.51000000e+00,1.28290848e+01,2.19644023e+01,6.51000000e+00,1.07660079e+08,5.18966755e+08
6.52000000e+00,1.30558726e+01,2.26787798e+01,6.52000000e+00,1.13112580e+08,5.45250099e+08
6.53000000e+00,1.32901222e+01,2.34249559e+01,6.53000000e+00,1.18841226e+08,5.72864578e+08
6.54000000e+00,1.35321685e+01,2.42046277e+01,6.54000000e+00,1.24860002e+08,6.01877605e+08
6.55000000e+00,1.37823644e+01,2.50195920e+01,6.55000000e+00,1.31183602e+08,6.32360013e+08
6.56000000e+00,1.40410819e+01,2.58717506e+01,6.56000000e+00,1.37827464e+08,6.64386219e+08
6.57000000e+00,1.43087131e+01,2.67631175e+01,6.57000000e+00,1.44807808e+08,6.98034408e+08
6.58000000e+00,1.45856713e+01,2.76958248e+01,6.58000000e+00,1.52141675e+08,7.33386728e+08
6.59000000e+00,1.48723926e+01,2.86721295e+01,6.59000000e+00,1.59846970e+08,7.70529485e+08
6.60000000e+00,1.51693368e+01,2.96944212e+01,6.60000000e+00,1.67942504e+08,8.09553356e+08
6.61000000e+00,1.54769891e+01,3.07652292e+01,6.61000000e+00,1.76448040e+08,8.50553611e+08
6.62000000e+00,1.57958614e+01,3.18872306e+01,6.62000000e+00,1.85384343e+08,8.93630346e+08
6.63000000e+00,1.61264940e+01,3.30632586e+01,6.63000000e+00,1.94773231e+08,9.38888725e+08
6.64000000e+00,1.64694571e+01,3.42963108e+01,6.64000000e+00,2.04637623e+08,9.86439238e+08
6.65000000e+00,1.68253527e+01,3.55895586e+01,6.65000000e+00,2.15001603e+08,1.03639797e+09
6.66000000e+00,1.71948163e+01,3.69463561e+01,6.66000000e+00,2.25890472e+08,1.08888689e+09
6.67000000e+00,1.75785188e+01,3.83702500e+01,6.67000000e+00,2.37330813e+08,1.14403414e+09
6.68000000e+00,1.79771687e+01,3.98649899e+01,6.68000000e+00,2.49350557e+08,1.20197435e+09
6.69000000e+00,1.83915140e+01,4.14345379e+01,6.69000000e+00,2.61979046e+08,1.26284898e+09
6.70000000e+00,1.88223448e+01,4.30830802e+01,6.70000000e+00,2.75247113e+08,1.32680663e+09
6.71000000e+00,1.92704952e+01,4.48150376e+01,6.71000000e+00,2.89187147e+08,1.39400345e+09
6.72000000e+00,1.97368460e+01,4.66350772e+01,6.72000000e+00,3.03833182e+08,1.46460348e+09
6.73000000e+00,2.02223272e+01,4.85481242e+01,6.73000000e+00,3.19220973e+08,1.53877910e+09
6.74000000e+00,2.07279210e+01,5.05593735e+01,6.74000000e+00,3.35388087e+08,1.61671137e+09
6.75000000e+00,2.12546640e+01,5.26743028e+01,6.75000000e+00,3.52373992e+08,1.69859057e+09
6.76000000e+00,2.18036508e+01,5.48986848e+01,6.76000000e+00,3.70220158e+08,1.78461659e+09
6.77000000e+00,2.23760368e+01,5.72386004e+01,6.77000000e+00,3.88970153e+08,1.87499943e+09
6.78000000e+00,2.29730414e+01,5.97004522e+01,6.78000000e+00,4.08669750e+08,1.96995976e+09
6.79000000e+00,2.35959511e+01,6.22909782e+01,6.79000000e+00,4.29367044e+08,2.06972941e+09
6.80000000e+00,2.42461238e+01,6.50172658e+01,6.80000000e+00,4.51112564e+08,2.17455195e+09
6.81000000e+00,2.49249915e+01,6.78867667e+01,6.81000000e+00,4.73959396e+08,2.28468327e+09
6.82000000e+00,2.56340646e+01,7.09073112e+01,6.82000000e+00,4.97963319e+08,2.40039226e+09
6.83000000e+00,2.63749358e+01,7.40871242e+01,6.83000000e+00,5.23182933e+08,2.52196139e+09
6.84000000e+00,2.71492842e+01,7.74348410e+01,6.84000000e+00,5.49679807e+08,2.64968745e+09
6.85000000e+00,2.79588795e+01,8.09595240e+01,6.85000000e+00,5.77518630e+08,2.78388226e+09
6.86000000e+00,2.88055863e+01,8.46706797e+01,6.86000000e+00,6.06767365e+08,2.92487345e+09
6.87000000e+00,2.96913690e+01,8.85782771e+01,6.87000000e+00,6.37497417e+08,3.07300520e+09
6.88000000e+00,3.06182967e+01,9.26927665e+01,6.88000000e+00,6.69783808e+08,3.22863916e+09
6.89000000e+00,3.15885477e+01,9.70250996e+01,6.89000000e+00,7.03705361e+08,3.39215529e+09
6.90000000e+00,3.26044152e+01,1.01586751e+02,6.90000000e+00,7.39344889e+08,3.56395278e+09
6.91000000e+00,3.36683126e+01,1.06389739e+02,6.91000000e+00,7.76789399e+08,3.74445104e+09
6.92000000e+00,3.47827791e+01,1.11446652e+02,6.92000000e+00,8.16130307e+08,3.93409074e+09
6.93000000e+00,3.59504858e+01,1.16770672e+02,6.93000000e+00,8.57463655e+08,4.13333483e+09
6.94000000e+00,3.71742418e+01,1.22375602e+02,6.94000000e+00,9.00890353e+08,4.34266975e+09
6.95000000e+00,3.84570008e+01,1.28275897e+02,6.95000000e+00,9.46516418e+08,4.56260654e+09
6.96000000e+00,3.98018677e+01,1.34486691e+02,6.96000000e+00,9.94453239e+08,4.79368215e+09
6.97000000e+00,4.12121061e+01,1.41023836e+02,6.97000000e+00,1.04481785e+09,5.03646070e+09
6.98000000e+00,4.26911454e+01,1.47903931e+02,6.98000000e+00,1.09773320e+09,5.29153491e+09
6.99000000e+00,4.42425890e+01,1.55144365e+02,6.99000000e+00,1.15332847e+09,5.55952747e+09
7.00000000e+00,4.58702226e+01,1.62763356e+02,7.00000000e+00,1.21173940e+09,5.84109267e+09
7.01000000e+00,4.75780226e+01,1.70779995e+02,7.01000000e+00,1.27310858e+09,6.13691788e+09
7.02000000e+00,4.93701655e+01,1.79214291e+02,7.02000000e+00,1.33758583e+09,6.44772531e+09
7.03000000e+00,5.12510377e+01,1.88087219e+02,7.03000000e+00,1.40532857e+09,6.77427375e+09
7.04000000e+00,5.32252454e+01,1.97420776e+02,7.04000000e+00,1.47650217e+09,7.11736041e+09
7.05000000e+00,5.52976257e+01,2.07238033e+02,7.05000000e+00,1.55128040e+09,7.47782287e+09
7.06000000e+00,5.74732577e+01,2.17563193e+02,7.06000000e+00,1.62984581e+09,7.85654114e+09
7.07000000e+00,5.97574742e+01,2.28421653e+02,7.07000000e+00,1.71239021e+09,8.25443980e+09
7.08000000e+00,6.21558749e+01,2.39840072e+02,7.08000000e+00,1.79911511e+09,8.67249025e+09
7.09000000e+00,6.46743393e+01,2.51846433e+02,7.09000000e+00,1.89023224e+09,9.11171308e+09
7.10000000e+00,6.73190405e+01,2.64470120e+02,7.10000000e+00,1.98596405e+09,9.57318058e+09
7.11000000e+00,7.00964604e+01,2.77741990e+02,7.11000000e+00,2.08654424e+09,1.00580193e+10
7.12000000e+00,7.30134049e+01,2.91694454e+02,7.12000000e+00,2.19221837e+09,1.05674130e+10
7.13000000e+00,7.60770205e+01,3.06361556e+02,7.13000000e+00,2.30324442e+09,1.11026052e+10
7.14000000e+00,7.92948111e+01,3.21779067e+02,7.14000000e+00,2.41989345e+09,1.16649025e+10
7.15000000e+00,8.26746568e+01,3.37984566e+02,7.15000000e+00,2.54245022e+09,1.22556776e+10
7.16000000e+00,8.62248322e+01,3.55017542e+02,7.16000000e+00,2.67121395e+09,1.28763729e+10
7.17000000e+00,8.99540271e+01,3.72919493e+02,7.17000000e+00,2.80649899e+09,1.35285035e+10
7.18000000e+00,9.38713674e+01,3.91734024e+02,7.18000000e+00,2.94863561e+09,1.42136617e+10
7.19000000e+00,9.79864370e+01,4.11506966e+02,7.19000000e+00,3.09797081e+09,1.49335201e+10
7.20000000e+00,1.02309302e+02,4.32286479e+02,7.20000000e+00,3.25486917e+09,1.56898361e+10
7.21000000e+00,1.06850534e+02,4.54123181e+02,7.21000000e+00,3.41971373e+09,1.64844561e+10
7.22000000e+00,1.11621236e+02,4.77070270e+02,7.22000000e+00,3.59290693e+09,1.73193200e+10
7.23000000e+00,1.16633073e+02,5.01183652e+02,7.23000000e+00,3.77487159e+09,1.81964661e+10
7.24000000e+00,1.21898294e+02,5.26522084e+02,7.24000000e+00,3.96605194e+09,1.91180357e+10
7.25000000e+00,1.27429767e+02,5.53147315e+02,7.25000000e+00,4.16691473e+09,2.00862786e+10
7.26000000e+00,1.33241009e+02,5.81124242e+02,7.26000000e+00,4.37795032e+09,2.11035588e+10
7.27000000e+00,1.39346220e+02,6.10521063e+02,7.27000000e+00,4.59967392e+09,2.21723596e+10
7.28000000e+00,1.45760314e+02,6.41409447e+02,7.28000000e+00,4.83262682e+09,2.32952904e+10
7.29000000e+00,1.52498961e+02,6.73864713e+02,7.29000000e+00,5.07737775e+09,2.44750927e+10
7.30000000e+00,1.59578622e+02,7.07966006e+02,7.30000000e+00,5.33452421e+09,2.57146466e+10
7.31000000e+00,1.67016587e+02,7.43796498e+02,7.31000000e+00,5.60469400e+09,2.70169784e+10
7.32000000e+00,1.74831022e+02,7.81443588e+02,7.32000000e+00,5.88854667e+09,2.83852675e+10
7.33000000e+00,1.83041014e+02,8.20999114e+02,7.33000000e+00,6.18677522e+09,2.98228543e+10
7.34000000e+00,1.91666609e+02,8.62559578e+02,7.34000000e+00,6.50010770e+09,3.13332485e+10
7.35000000e+00,2.00728873e+02,9.06226384e+02,7.35000000e+00,6.82930907e+09,3.29201373e+10
7.36000000e+00,2.10249934e+02,9.52106082e+02,7.36000000e+00,7.17518302e+09,3.45873950e+10
7.37000000e+00,2.20253040e+02,1.00031063e+03,7.37000000e+00,7.53857394e+09,3.63390918e+10
7.38000000e+00,2.30762617e+02,1.05095766e+03,7.38000000e+00,7.92036898e+09,3.81795042e+10
7.39000000e+00,2.41804325e+02,1.10417078e+03,7.39000000e+00,8.32150024e+09,4.01131253e+10
7.40000000e+00,2.53405123e+02,1.16007986e+03,7.40000000e+00,8.74294699e+09,4.21446756e+10
7.41000000e+00,2.65593337e+02,1.21882137e+03,7.41000000e+00,9.18573814e+09,4.42791149e+10
7.42000000e+00,2.78398724e+02,1.28053867e+03,7.42000000e+00,9.65095468e+09,4.65216539e+10
7.43000000e+00,2.91852548e+02,1.34538241e+03,7.43000000e+00,1.01397324e+10,4.88777676e+10
7.44000000e+00,3.05987656e+02,1.41351087e+03,7.44000000e+00,1.06532644e+10,5.13532078e+10
7.45000000e+00,3.20838560e+02,1.48509035e+03,7.45000000e+00,1.11928046e+10,5.39540180e+10
7.46000000e+00,3.36441516e+02,1.56029559e+03,7.46000000e+00,1.17596701e+10,5.66865476e+10
7.47000000e+00,3.52834617e+02,1.63931015e+03,7.47000000e+00,1.23552448e+10,5.95574677e+10
7.48000000e+00,3.70057887e+02,1.72232694e+03,7.48000000e+00,1.29809826e+10,6.25737869e+10
7.49000000e+00,3.88153373e+02,1.80954860e+03,7.49000000e+00,1.36384113e+10,6.57428693e+10
7.50000000e+00,4.07165253e+02,1.90118805e+03,7.50000000e+00,1.43291358e+10,6.90724515e+10
7.51000000e+00,4.27139943e+02,1.99746902e+03,7.51000000e+00,1.50548425e+10,7.25706621e+10
7.52000000e+00,4.48126209e+02,2.09862654e+03,7.52000000e+00,1.58173029e+10,7.62460415e+10
7.53000000e+00,4.70175284e+02,2.20490756e+03,7.53000000e+00,1.66183785e+10,8.01075623e+10
7.54000000e+00,4.93341000e+02,2.31657154e+03,7.54000000e+00,1.74600250e+10,8.41646520e+10
7.55000000e+00,5.17679910e+02,2.43389108e+03,7.55000000e+00,1.83442972e+10,8.84272150e+10
7.56000000e+00,5.43251436e+02,2.55715259e+03,7.56000000e+00,1.92733538e+10,9.29056579e+10
7.57000000e+00,5.70118006e+02,2.68665699e+03,7.57000000e+00,2.02494629e+10,9.76109138e+10
7.58000000e+00,5.98345211e+02,2.82272043e+03,7.58000000e+00,2.12750076e+10,1.02554470e+11
7.59000000e+00,6.28001961e+02,2.96567509e+03,7.59000000e+00,2.23524915e+10,1.07748395e+11
7.60000000e+00,6.59160661e+02,3.11586996e+03,7.60000000e+00,2.34845452e+10,1.13205369e+11
7.61000000e+00,6.91897378e+02,3.27367171e+03,7.61000000e+00,2.46739324e+10,1.18938714e+11
7.62000000e+00,7.26292034e+02,3.43946558e+03,7.62000000e+00,2.59235567e+10,1.24962428e+11
7.63000000e+00,7.62428597e+02,3.61365634e+03,7.63000000e+00,2.72364688e+10,1.31291216e+11
7.64000000e+00,8.00395289e+02,3.79666923e+03,7.64000000e+00,2.86158741e+10,1.37940529e+11
7.65000000e+00,8.40284800e+02,3.98895104e+03,7.65000000e+00,3.00651401e+10,1.44926599e+11
7.66000000e+00,8.82194512e+02,4.19097121e+03,7.66000000e+00,3.15878049e+10,1.52266483e+11
7.67000000e+00,9.26226741e+02,4.40322291e+03,7.67000000e+00,3.31875859e+10,1.59978099e+11
7.68000000e+00,9.72488984e+02,4.62622433e+03,7.68000000e+00,3.48683887e+10,1.68080274e+11
7.69000000e+00,1.02109418e+03,4.86051989e+03,7.69000000e+00,3.66343166e+10,1.76592788e+11
7.70000000e+00,1.07216100e+03,5.10668158e+03,7.70000000e+00,3.84896808e+10,1.85536423e+11
7.71000000e+00,1.12581410e+03,5.36531035e+03,7.71000000e+00,4.04390109e+10,1.94933013e+11
7.72000000e+00,1.18218448e+03,5.63703760e+03,7.72000000e+00,4.24870659e+10,2.04805498e+11
7.73000000e+00,1.24140975e+03,5.92252671e+03,7.73000000e+00,4.46388457e+10,2.15177980e+11
7.74000000e+00,1.30363449e+03,6.22247466e+03,7.74000000e+00,4.68996035e+10,2.26075782e+11
7.75000000e+00,1.36901063e+03,6.53761370e+03,7.75000000e+00,4.92748586e+10,2.37525509e+11
7.76000000e+00,1.43769776e+03,6.86871319e+03,7.76000000e+00,5.17704097e+10,2.49555113e+11
7.77000000e+00,1.50986358e+03,7.21658147e+03,7.77000000e+00,5.43923494e+10,2.62193963e+11
7.78000000e+00,1.58568425e+03,7.58206778e+03,7.78000000e+00,5.71470785e+10,2.75472914e+11
7.79000000e+00,1.66534490e+03,7.96606441e+03,7.79000000e+00,6.00413223e+10,2.89424385e+11
7.80000000e+00,1.74903999e+03,8.36950880e+03,7.80000000e+00,6.30821467e+10,3.04082435e+11
7.81000000e+00,1.83697384e+03,8.79338591e+03,7.81000000e+00,6.62769752e+10,3.19482850e+11
7.82000000e+00,1.92936115e+03,9.23873054e+03,7.82000000e+00,6.96336075e+10,3.35663227e+11
7.83000000e+00,2.02642745e+03,9.70662994e+03,7.83000000e+00,7.31602381e+10,3.52663067e+11
7.84000000e+00,2.12840971e+03,1.01982264e+04,7.84000000e+00,7.68654769e+10,3.70523874e+11
7.85000000e+00,2.23555691e+03,1.07147201e+04,7.85000000e+00,8.07583694e+10,3.89289250e+11
7.86000000e+00,2.34813063e+03,1.12573719e+04,7.86000000e+00,8.48484195e+10,4.09005009e+11
7.87000000e+00,2.46640570e+03,1.18275066e+04,7.87000000e+00,8.91456123e+10,4.29719283e+11
7.88000000e+00,2.59067086e+03,1.24265161e+04,7.88000000e+00,9.36604387e+10,4.51482642e+11
7.89000000e+00,2.72122949e+03,1.30558629e+04,7.89000000e+00,9.84039209e+10,4.74348218e+11
7.90000000e+00,2.85840032e+03,1.37170832e+04,7.90000000e+00,1.03387639e+11,4.98371833e+11
7.91000000e+00,3.00251824e+03,1.44117915e+04,7.91000000e+00,1.08623761e+11,5.23612137e+11
7.92000000e+00,3.15393507e+03,1.51416836e+04,7.92000000e+00,1.14125068e+11,5.50130749e+11
7.93000000e+00,3.31302049e+03,1.59085416e+04,7.93000000e+00,1.19904992e+11,5.77992410e+11
7.94000000e+00,3.48016286e+03,1.67142375e+04,7.94000000e+00,1.25977644e+11,6.07265140e+11
7.95000000e+00,3.65577025e+03,1.75607383e+04,7.95000000e+00,1.32357848e+11,6.38020402e+11
7.96000000e+00,3.84027135e+03,1.84501106e+04,7.96000000e+00,1.39061180e+11,6.70333281e+11
7.97000000e+00,4.03411661e+03,1.93845257e+04,7.97000000e+00,1.46104007e+11,7.04282662e+11
7.98000000e+00,4.23777926e+03,2.03662648e+04,7.98000000e+00,1.53503521e+11,7.39951428e+11
7.99000000e+00,4.45175650e+03,2.13977245e+04,7.99000000e+00,1.61277788e+11,7.77426658e+11
8.00000000e+00,4.67657074e+03,2.24814231e+04,8.00000000e+00,1.69445786e+11,8.16799840e+11
8.01000000e+00,4.91277080e+03,2.36200062e+04,8.01000000e+00,1.78027457e+11,8.58167097e+11
8.02000000e+00,5.16093333e+03,2.48162535e+04,8.02000000e+00,1.87043751e+11,9.01629421e+11
8.03000000e+00,5.42166419e+03,2.60730854e+04,8.03000000e+00,1.96516681e+11,9.47292917e+11
8.04000000e+00,5.69559989e+03,2.73935701e+04,8.04000000e+00,2.06469371e+11,9.95269065e+11
8.05000000e+00,5.98340920e+03,2.87809316e+04,8.05000000e+00,2.16926121e+11,1.04567499e+12
8.06000000e+00,6.28579477e+03,3.02385567e+04,8.06000000e+00,2.27912459e+11,1.09863375e+12
8.07000000e+00,6.60349481e+03,3.17700040e+04,8.07000000e+00,2.39455205e+11,1.15427463e+12
8.08000000e+00,6.93728493e+03,3.33790123e+04,8.08000000e+00,2.51582540e+11,1.21273348e+12
8.09000000e+00,7.28798003e+03,3.50695097e+04,8.09000000e+00,2.64324070e+11,1.27415301e+12
8.10000000e+00,7.65643626e+03,3.68456232e+04,8.10000000e+00,2.77710901e+11,1.33868315e+12
8.11000000e+00,8.04355315e+03,3.87116889e+04,8.11000000e+00,2.91775716e+11,1.40648147e+12
8.12000000e+00,8.45027578e+03,4.06722626e+04,8.12000000e+00,3.06552851e+11,1.47771346e+12
8.13000000e+00,8.87759708e+03,4.27321305e+04,8.13000000e+00,3.22078381e+11,1.55255304e+12
8.14000000e+00,9.32656030e+03,4.48963215e+04,8.14000000e+00,3.38390210e+11,1.63118290e+12
8.15000000e+00,9.79826149e+03,4.71701191e+04,8.15000000e+00,3.55528160e+11,1.71379502e+12
8.16000000e+00,1.02938522e+04,4.95590744e+04,8.16000000e+00,3.73534071e+11,1.80059107e+12
8.17000000e+00,1.08145424e+04,5.20690196e+04,8.17000000e+00,3.92451900e+11,1.89178295e+12
8.18000000e+00,1.13616033e+04,5.47060824e+04,8.18000000e+00,4.12327833e+11,1.98759329e+12
8.19000000e+00,1.19363703e+04,5.74767005e+04,8.19000000e+00,4.33210393e+11,2.08825600e+12
8.20000000e+00,1.25402466e+04,6.03876381e+04,8.20000000e+00,4.55150562e+11,2.19401682e+12
8.21000000e+00,1.31747067e+04,6.34460016e+04,8.21000000e+00,4.78201901e+11,2.30513396e+12
8.22000000e+00,1.38412992e+04,6.66592576e+04,8.22000000e+00,5.02420688e+11,2.42187868e+12
8.23000000e+00,1.45416517e+04,7.00352506e+04,8.23000000e+00,5.27866048e+11,2.54453600e+12
8.24000000e+00,1.52774740e+04,7.35822226e+04,8.24000000e+00,5.54600102e+11,2.67340536e+12
8.25000000e+00,1.60505623e+04,7.73088329e+04,8.25000000e+00,5.82688115e+11,2.80880139e+12
8.26000000e+00,1.68628041e+04,8.12241793e+04,8.26000000e+00,6.12198662e+11,2.95105461e+12
8.27000000e+00,1.77161823e+04,8.53378204e+04,8.27000000e+00,6.43203785e+11,3.10051232e+12
8.28000000e+00,1.86127803e+04,8.96597991e+04,8.28000000e+00,6.75779179e+11,3.25753940e+12
8.29000000e+00,1.95547869e+04,9.42006667e+04,8.29000000e+00,7.10004371e+11,3.42251919e+12
8.30000000e+00,2.05445020e+04,9.89715090e+04,8.30000000e+00,7.45962916e+11,3.59585448e+12
8.31000000e+00,2.15843418e+04,1.03983973e+05,8.31000000e+00,7.83742600e+11,3.77796842e+12
8.32000000e+00,2.26768447e+04,1.09250296e+05,8.32000000e+00,8.23435656e+11,3.96930562e+12
8.33000000e+00,2.38246781e+04,1.14783335e+05,8.33000000e+00,8.65138988e+11,4.17033319e+12
8.34000000e+00,2.50306440e+04,1.20596597e+05,8.34000000e+00,9.08954407e+11,4.38154191e+12
8.35000000e+00,2.62976868e+04,1.26704275e+05,8.35000000e+00,9.54988881e+11,4.60344740e+12
8.36000000e+00,2.76288996e+04,1.33121279e+05,8.36000000e+00,1.00335480e+12,4.83659142e+12
8.37000000e+00,2.90275323e+04,1.39863277e+05,8.37000000e+00,1.05417023e+12,5.08154313e+12
8.38000000e+00,3.04969996e+04,1.46946726e+05,8.38000000e+00,1.10755923e+12,5.33890056e+12
8.39000000e+00,3.20408888e+04,1.54388920e+05,8.39000000e+00,1.16365215e+12,5.60929198e+12
8.40000000e+00,3.36629691e+04,1.62208028e+05,8.40000000e+00,1.22258593e+12,5.89337753e+12
8.41000000e+00,3.53672005e+04,1.70423139e+05,8.41000000e+00,1.28450443e+12,6.19185073e+12
8.42000000e+00,3.71577435e+04,1.79054308e+05,8.42000000e+00,1.34955884e+12,6.50544027e+12
8.43000000e+00,3.90389696e+04,1.88122608e+05,8.43000000e+00,1.41790795e+12,6.83491171e+12
8.44000000e+00,4.10154714e+04,1.97650176e+05,8.44000000e+00,1.48971865e+12,7.18106941e+12
8.45000000e+00,4.30920741e+04,2.07660273e+05,8.45000000e+00,1.56516623e+12,7.54475845e+12
8.46000000e+00,4.52738475e+04,2.18177337e+05,8.46000000e+00,1.64443490e+12,7.92686671e+12
8.47000000e+00,4.75661179e+04,2.29227043e+05,8.47000000e+00,1.72771817e+12,8.32832704e+12
8.48000000e+00,4.99744816e+04,2.40836367e+05,8.48000000e+00,1.81521937e+12,8.75011955e+12
8.49000000e+00,5.25048181e+04,2.53033651e+05,8.49000000e+00,1.90715211e+12,9.19327395e+12
8.50000000e+00,5.51633048e+04,2.65848674e+05,8.50000000e+00,2.00374083e+12,9.65887215e+12
8.51000000e+00,5.79564320e+04,2.79312719e+05,8.51000000e+00,2.10522134e+12,1.01480508e+13
8.52000000e+00,6.08910186e+04,2.93458659e+05,8.52000000e+00,2.21184138e+12,1.06620042e+13
8.53000000e+00,6.39742289e+04,3.08321027e+05,8.53000000e+00,2.32386125e+12,1.12019870e+13
8.54000000e+00,6.72135900e+04,3.23936108e+05,8.54000000e+00,2.44155442e+12,1.17693175e+13
8.55000000e+00,7.06170102e+04,3.40342022e+05,8.55000000e+00,2.56520823e+12,1.23653808e+13
8.56000000e+00,7.41927984e+04,3.57578823e+05,8.56000000e+00,2.69512455e+12,1.29916320e+13
8.57000000e+00,7.79496843e+04,3.75688590e+05,8.57000000e+00,2.83162055e+12,1.36496000e+13
8.58000000e+00,8.18968397e+04,3.94715537e+05,8.58000000e+00,2.97502946e+12,1.43408912e+13
8.59000000e+00,8.60439008e+04,4.14706113e+05,8.59000000e+00,3.12570139e+12,1.50671932e+13
8.60000000e+00,9.04009920e+04,4.35709122e+05,8.60000000e+00,3.28400419e+12,1.58302791e+13
8.61000000e+00,9.49787504e+04,4.57775839e+05,8.61000000e+00,3.45032430e+12,1.66320119e+13
8.62000000e+00,9.97883518e+04,4.80960138e+05,8.62000000e+00,3.62506779e+12,1.74743489e+13
8.63000000e+00,1.04841538e+05,5.05318617e+05,8.63000000e+00,3.80866126e+12,1.83593465e+13
8.64000000e+00,1.10150645e+05,5.30910744e+05,8.64000000e+00,4.00155291e+12,1.92891653e+13
8.65000000e+00,1.15728635e+05,5.57798998e+05,8.65000000e+00,4.20421366e+12,2.02660752e+13
8.66000000e+00,1.21589126e+05,5.86049021e+05,8.66000000e+00,4.41713828e+12,2.12924612e+13
8.67000000e+00,1.27746423e+05,6.15729782e+05,8.67000000e+00,4.64084657e+12,2.23708291e+13
8.68000000e+00,1.34215561e+05,6.46913741e+05,8.68000000e+00,4.87588468e+12,2.35038115e+13
8.69000000e+00,1.41012331e+05,6.79677028e+05,8.69000000e+00,5.12282643e+12,2.46941744e+13
8.70000000e+00,1.48153327e+05,7.14099628e+05,8.70000000e+00,5.38227467e+12,2.59448239e+13
8.71000000e+00,1.55655983e+05,7.50265579e+05,8.71000000e+00,5.65486280e+12,2.72588131e+13
8.72000000e+00,1.63538615e+05,7.88263174e+05,8.72000000e+00,5.94125630e+12,2.86393501e+13
8.73000000e+00,1.71820467e+05,8.28185177e+05,8.73000000e+00,6.24215435e+12,3.00898050e+13
8.74000000e+00,1.80521757e+05,8.70129051e+05,8.74000000e+00,6.55829154e+12,3.16137190e+13
8.75000000e+00,1.89663729e+05,9.14197195e+05,8.75000000e+00,6.89043966e+12,3.32148124e+13
8.76000000e+00,1.99268701e+05,9.60497192e+05,8.76000000e+00,7.23940960e+12,3.48969941e+13
8.77000000e+00,2.09360122e+05,1.00914208e+06,8.77000000e+00,7.60605331e+12,3.66643707e+13
8.78000000e+00,2.19962628e+05,1.06025061e+06,8.78000000e+00,7.99126588e+12,3.85212570e+13
8.79000000e+00,2.31102104e+05,1.11394756e+06,8.79000000e+00,8.39598774e+12,4.04721864e+13
8.80000000e+00,2.42805744e+05,1.17036402e+06,8.80000000e+00,8.82120696e+12,4.25219215e+13
8.81000000e+00,2.55102121e+05,1.22963772e+06,8.81000000e+00,9.26796163e+12,4.46754666e+13
8.82000000e+00,2.68021255e+05,1.29191337e+06,8.82000000e+00,9.73734242e+12,4.69380791e+13
8.83000000e+00,2.81594685e+05,1.35734300e+06,8.83000000e+00,1.02304952e+13,4.93152828e+13
8.84000000e+00,2.95855548e+05,1.42608635e+06,8.84000000e+00,1.07486241e+13,5.18128813e+13
8.85000000e+00,3.10838661e+05,1.49831124e+06,8.85000000e+00,1.12929938e+13,5.44369719e+13
8.86000000e+00,3.26580601e+05,1.57419401e+06,8.86000000e+00,1.18649334e+13,5.71939610e+13
8.87000000e+00,3.43119800e+05,1.65391989e+06,8.87000000e+00,1.24658392e+13,6.00905792e+13
8.88000000e+00,3.60496635e+05,1.73768353e+06,8.88000000e+00,1.30971782e+13,6.31338982e+13
8.89000000e+00,3.78753529e+05,1.82568943e+06,8.89000000e+00,1.37604916e+13,6.63313477e+13
8.90000000e+00,3.97935053e+05,1.91815243e+06,8.90000000e+00,1.44573990e+13,6.96907337e+13
8.91000000e+00,4.18088036e+05,2.01529827e+06,8.91000000e+00,1.51896015e+13,7.32202575e+13
8.92000000e+00,4.39261677e+05,2.11736411e+06,8.92000000e+00,1.59588869e+13,7.69285360e+13
8.93000000e+00,4.61507669e+05,2.22459913e+06,8.93000000e+00,1.67671331e+13,8.08246221e+13
8.94000000e+00,4.84880320e+05,2.33726512e+06,8.94000000e+00,1.76163134e+13,8.49180276e+13
8.95000000e+00,5.09436691e+05,2.45563714e+06,8.95000000e+00,1.85085009e+13,8.92187458e+13
8.96000000e+00,5.35236733e+05,2.58000418e+06,8.96000000e+00,1.94458736e+13,9.37372761e+13
8.97000000e+00,5.62343431e+05,2.71066985e+06,8.97000000e+00,2.04307201e+13,9.84846498e+13
8.98000000e+00,5.90822963e+05,2.84795315e+06,8.98000000e+00,2.14654447e+13,1.03472457e+14
8.99000000e+00,6.20744855e+05,2.99218923e+06,8.99000000e+00,2.25525734e+13,1.08712874e+14
9.00000000e+00,6.52182157e+05,3.14373023e+06,9.00000000e+00,2.36947604e+13,1.14218694e+14
9.01000000e+00,6.85211618e+05,3.30294610e+06,9.01000000e+00,2.48947940e+13,1.20003360e+14
9.02000000e+00,7.19913874e+05,3.47022554e+06,9.02000000e+00,2.61556039e+13,1.26080993e+14
9.03000000e+00,7.56373643e+05,3.64597694e+06,9.03000000e+00,2.74802682e+13,1.32466432e+14
9.04000000e+00,7.94679937e+05,3.83062936e+06,9.04000000e+00,2.88720209e+13,1.39175264e+14
9.05000000e+00,8.34926273e+05,4.02463360e+06,9.05000000e+00,3.03342595e+13,1.46223868e+14
9.06000000e+00,8.77210906e+05,4.22846328e+06,9.06000000e+00,3.18705541e+13,1.53629453e+14
9.07000000e+00,9.21637066e+05,4.44261603e+06,9.07000000e+00,3.34846550e+13,1.61410097e+14
9.08000000e+00,9.68313213e+05,4.66761466e+06,9.08000000e+00,3.51805030e+13,1.69584797e+14
9.09000000e+00,1.01735330e+06,4.90400846e+06,9.09000000e+00,3.69622381e+13,1.78173508e+14
9.10000000e+00,1.06887704e+06,5.15237454e+06,9.10000000e+00,3.88342101e+13,1.87197199e+14
9.11000000e+00,1.12301024e+06,5.41331926e+06,9.11000000e+00,4.08009891e+13,1.96677900e+14
9.12000000e+00,1.17988503e+06,5.68747966e+06,9.12000000e+00,4.28673766e+13,2.06638755e+14
9.13000000e+00,1.23964028e+06,5.97552506e+06,9.13000000e+00,4.50384175e+13,2.17104084e+14
9.14000000e+00,1.30242187e+06,6.27815867e+06,9.14000000e+00,4.73194118e+13,2.28099434e+14
9.15000000e+00,1.36838306e+06,6.59611932e+06,9.15000000e+00,4.97159283e+13,2.39651650e+14
9.16000000e+00,1.43768489e+06,6.93018325e+06,9.16000000e+00,5.22338176e+13,2.51788934e+14
9.17000000e+00,1.51049656e+06,7.28116603e+06,9.17000000e+00,5.48792268e+13,2.64540917e+14
9.18000000e+00,1.58699580e+06,7.64992451e+06,9.18000000e+00,5.76586141e+13,2.77938731e+14
9.19000000e+00,1.66736939e+06,8.03735896e+06,9.19000000e+00,6.05787650e+13,2.92015084e+14
9.20000000e+00,1.75181354e+06,8.44441523e+06,9.20000000e+00,6.36468084e+13,3.06804341e+14
9.21000000e+00,1.84053441e+06,8.87208708e+06,9.21000000e+00,6.68702345e+13,3.22342609e+14
9.22000000e+00,1.93374860e+06,9.32141860e+06,9.22000000e+00,7.02569127e+13,3.38667820e+14
9.23000000e+00,2.03168367e+06,9.79350675e+06,9.23000000e+00,7.38151109e+13,3.55819829e+14
9.24000000e+00,2.13457871e+06,1.02895041e+07,9.24000000e+00,7.75535161e+13,3.73840512e+14
9.25000000e+00,2.24268492e+06,1.08106214e+07,9.25000000e+00,8.14812547e+13,3.92773861e+14
9.26000000e+00,2.35626623e+06,1.13581310e+07,9.26000000e+00,8.56079157e+13,4.12666100e+14
9.27000000e+00,2.47559993e+06,1.19333695e+07,9.27000000e+00,8.99435736e+13,4.33565792e+14
9.28000000e+00,2.60097734e+06,1.25377413e+07,9.28000000e+00,9.44988132e+13,4.55523959e+14
9.29000000e+00,2.73270456e+06,1.31727218e+07,9.29000000e+00,9.92847553e+13,4.78594210e+14
9.30000000e+00,2.87110317e+06,1.38398612e+07,9.30000000e+00,1.04313084e+14,5.02832865e+14
9.31000000e+00,3.01651105e+06,1.45407883e+07,9.31000000e+00,1.09596075e+14,5.28299100e+14
9.32000000e+00,3.16928319e+06,1.52772141e+07,9.32000000e+00,1.15146626e+14,5.55055086e+14
9.33000000e+00,3.32979256e+06,1.60509367e+07,9.33000000e+00,1.20978287e+14,5.83166143e+14
9.34000000e+00,3.49843101e+06,1.68638448e+07,9.34000000e+00,1.27105296e+14,6.12700899e+14
9.35000000e+00,3.67561024e+06,1.77179231e+07,9.35000000e+00,1.33542611e+14,6.43731458e+14
9.36000000e+00,3.86176281e+06,1.86152566e+07,9.36000000e+00,1.40305947e+14,6.76333576e+14
9.37000000e+00,4.05734317e+06,1.95580361e+07,9.37000000e+00,1.47411815e+14,7.10586846e+14
9.38000000e+00,4.26282880e+06,2.05485631e+07,9.38000000e+00,1.54877564e+14,7.46574891e+14
9.39000000e+00,4.47872136e+06,2.15892559e+07,9.39000000e+00,1.62721420e+14,7.84385569e+14
9.40000000e+00,4.70554791e+06,2.26826551e+07,9.40000000e+00,1.70962531e+14,8.24111188e+14
9.41000000e+00,4.94386221e+06,2.38314301e+07,9.41000000e+00,1.79621019e+14,8.65848733e+14
9.42000000e+00,5.19424607e+06,2.50383855e+07,9.42000000e+00,1.88718020e+14,9.09700097e+14
9.43000000e+00,5.45731074e+06,2.63064677e+07,9.43000000e+00,1.98275743e+14,9.55772337e+14
9.44000000e+00,5.73369847e+06,2.76387726e+07,9.44000000e+00,2.08317522e+14,1.00417793e+15
9.45000000e+00,6.02408399e+06,2.90385527e+07,9.45000000e+00,2.18867873e+14,1.05503505e+15
9.46000000e+00,6.32917625e+06,3.05092255e+07,9.46000000e+00,2.29952552e+14,1.10846785e+15
9.47000000e+00,6.64972006e+06,3.20543813e+07,9.47000000e+00,2.41598619e+14,1.16460679e+15
9.48000000e+00,6.98649799e+06,3.36777923e+07,9.48000000e+00,2.53834509e+14,1.22358892e+15
9.49000000e+00,7.34033220e+06,3.53834218e+07,9.49000000e+00,2.66690091e+14,1.28555822e+15
9.50000000e+00,7.71208654e+06,3.71754338e+07,9.50000000e+00,2.80196751e+14,1.35066599e+15
9.51000000e+00,8.10266857e+06,3.90582032e+07,9.51000000e+00,2.94387463e+14,1.41907118e+15
9.52000000e+00,8.51303184e+06,4.10363264e+07,9.52000000e+00,3.09296870e+14,1.49094079e+15
9.53000000e+00,8.94417816e+06,4.31146328e+07,9.53000000e+00,3.24961373e+14,1.56645027e+15
9.54000000e+00,9.39716012e+06,4.52981960e+07,9.54000000e+00,3.41419213e+14,1.64578397e+15
9.55000000e+00,9.87308359e+06,4.75923470e+07,9.55000000e+00,3.58710568e+14,1.72913556e+15
9.56000000e+00,1.03731105e+07,5.00026864e+07,9.56000000e+00,3.76877654e+14,1.81670854e+15
9.57000000e+00,1.08984614e+07,5.25350988e+07,9.57000000e+00,3.95964821e+14,1.90871670e+15
9.58000000e+00,1.14504191e+07,5.51957665e+07,9.58000000e+00,4.16018667e+14,2.00538466e+15
9.59000000e+00,1.20303310e+07,5.79911851e+07,9.59000000e+00,4.37088152e+14,2.10694842e+15
9.60000000e+00,1.26396128e+07,6.09281792e+07,9.60000000e+00,4.59224711e+14,2.21365593e+15
9.61000000e+00,1.32797519e+07,6.40139189e+07,9.61000000e+00,4.82482388e+14,2.32576770e+15
9.62000000e+00,1.39523113e+07,6.72559374e+07,9.62000000e+00,5.06917962e+14,2.44355743e+15
9.63000000e+00,1.46589328e+07,7.06621498e+07,9.63000000e+00,5.32591089e+14,2.56731268e+15
9.64000000e+00,1.54013415e+07,7.42408715e+07,9.64000000e+00,5.59564445e+14,2.69733558e+15
9.65000000e+00,1.61813499e+07,7.80008395e+07,9.65000000e+00,5.87903881e+14,2.83394356e+15
9.66000000e+00,1.70008623e+07,8.19512330e+07,9.66000000e+00,6.17678582e+14,2.97747012e+15
9.67000000e+00,1.78618792e+07,8.61016963e+07,9.67000000e+00,6.48961238e+14,3.12826567e+15
9.68000000e+00,1.87665028e+07,9.04623620e+07,9.68000000e+00,6.81828222e+14,3.28669833e+15
9.69000000e+00,1.97169416e+07,9.50438760e+07,9.69000000e+00,7.16359771e+14,3.45315489e+15
9.70000000e+00,2.07155158e+07,9.98574230e+07,9.70000000e+00,7.52640188e+14,3.62804174e+15
9.71000000e+00,2.17646634e+07,1.04914755e+08,9.71000000e+00,7.90758046e+14,3.81178582e+15
9.72000000e+00,2.28669456e+07,1.10228218e+08,9.72000000e+00,8.30806403e+14,4.00483572e+15
9.73000000e+00,2.40250534e+07,1.15810784e+08,9.73000000e+00,8.72883031e+14,4.20766273e+15
9.74000000e+00,2.52418142e+07,1.21676082e+08,9.74000000e+00,9.17090651e+14,4.42076202e+15
9.75000000e+00,2.65201985e+07,1.27838431e+08,9.75000000e+00,9.63537189e+14,4.64465384e+15
9.76000000e+00,2.78633273e+07,1.34312876e+08,9.76000000e+00,1.01233604e+15,4.87988477e+15
9.77000000e+00,2.92744795e+07,1.41115222e+08,9.77000000e+00,1.06360633e+15,5.12702910e+15
9.78000000e+00,3.07571003e+07,1.48262076e+08,9.78000000e+00,1.11747323e+15,5.38669019e+15
9.79000000e+00,3.23148091e+07,1.55770887e+08,9.79000000e+00,1.17406825e+15,5.65950195e+15
9.80000000e+00,3.39514090e+07,1.63659986e+08,9.80000000e+00,1.23352955e+15,5.94613040e+15
9.81000000e+00,3.56708953e+07,1.71948632e+08,9.81000000e+00,1.29600231e+15,6.24727530e+15
9.82000000e+00,3.74774659e+07,1.80657061e+08,9.82000000e+00,1.36163902e+15,6.56367185e+15
9.83000000e+00,3.93755312e+07,1.89806533e+08,9.83000000e+00,1.43059995e+15,6.89609246e+15
9.84000000e+00,4.13697251e+07,1.99419384e+08,9.84000000e+00,1.50305344e+15,7.24534869e+15
9.85000000e+00,4.34649159e+07,2.09519084e+08,9.85000000e+00,1.57917637e+15,7.61229318e+15
9.86000000e+00,4.56662188e+07,2.20130288e+08,9.86000000e+00,1.65915459e+15,7.99782178e+15
9.87000000e+00,4.79790078e+07,2.31278902e+08,9.87000000e+00,1.74318334e+15,8.40287567e+15
9.88000000e+00,5.04089293e+07,2.42992144e+08,9.88000000e+00,1.83146778e+15,8.82844373e+15
9.89000000e+00,5.29619153e+07,2.55298609e+08,9.89000000e+00,1.92422343e+15,9.27556490e+15
9.90000000e+00,5.56441988e+07,2.68228341e+08,9.90000000e+00,2.02167674e+15,9.74533076e+15
9.91000000e+00,5.84623278e+07,2.81812907e+08,9.91000000e+00,2.12406562e+15,1.02388882e+16
9.92000000e+00,6.14231825e+07,2.96085469e+08,9.92000000e+00,2.23164004e+15,1.07574420e+16
9.93000000e+00,6.45339913e+07,3.11080874e+08,9.93000000e+00,2.34466262e+15,1.13022584e+16
9.94000000e+00,6.78023485e+07,3.26835728e+08,9.94000000e+00,2.46340929e+15,1.18746672e+16
9.95000000e+00,7.12362335e+07,3.43388496e+08,9.95000000e+00,2.58816995e+15,1.24760659e+16
9.96000000e+00,7.48440294e+07,3.60779587e+08,9.96000000e+00,2.71924918e+15,1.31079229e+16
9.97000000e+00,7.86345440e+07,3.79051459e+08,9.97000000e+00,2.85696699e+15,1.37717805e+16
9.98000000e+00,8.26170311e+07,3.98248719e+08,9.98000000e+00,3.00165958e+15,1.44692596e+16
9.99000000e+00,8.68012135e+07,4.18418235e+08,9.99000000e+00,3.15368021e+15,1.52020628e+16
1.00000000e+01,9.11973060e+07,4.39609246e+08,1.00000000e+01,3.31340000e+15,1.59719793e+16
1.00100000e+01,9.58160408e+07,4.61873488e+08,1.00100000e+01,3.48120889e+15,1.67808886e+16
1.00200000e+01,1.00668694e+08,4.85265314e+08,1.00200000e+01,3.65751655e+15,1.76307655e+16
1.00300000e+01,1.05767112e+08,5.09841831e+08,1.00300000e+01,3.84275339e+15,1.85236849e+16
1.00400000e+01,1.11123743e+08,5.35663038e+08,1.00400000e+01,4.03737166e+15,1.94618267e+16
1.00500000e+01,1.16751662e+08,5.62791975e+08,1.00500000e+01,4.24184647e+15,2.04474811e+16
1.00600000e+01,1.22664611e+08,5.91294870e+08,1.00600000e+01,4.45667702e+15,2.14830546e+16
1.00700000e+01,1.28877024e+08,6.21241310e+08,1.00700000e+01,4.68238777e+15,2.25710752e+16
1.00800000e+01,1.35404068e+08,6.52704403e+08,1.00800000e+01,4.91952976e+15,2.37141991e+16
1.00900000e+01,1.42261678e+08,6.85760961e+08,1.00900000e+01,5.16868193e+15,2.49152172e+16
1.01000000e+01,1.49466595e+08,7.20491685e+08,1.01000000e+01,5.43045255e+15,2.61770615e+16
1.01100000e+01,1.57036408e+08,7.56981366e+08,1.01100000e+01,5.70548067e+15,2.75028126e+16
1.01200000e+01,1.64989599e+08,7.95319085e+08,1.01200000e+01,5.99443774e+15,2.88957070e+16
1.01300000e+01,1.73345584e+08,8.35598438e+08,1.01300000e+01,6.29802920e+15,3.03591452e+16
1.01400000e+01,1.82124761e+08,8.77917761e+08,1.01400000e+01,6.61699620e+15,3.18967001e+16
1.01500000e+01,1.91348565e+08,9.22380368e+08,1.01500000e+01,6.95211745e+15,3.35121253e+16
1.01600000e+01,2.01039513e+08,9.69094807e+08,1.01600000e+01,7.30421110e+15,3.52093645e+16
1.01700000e+01,2.11221264e+08,1.01817512e+09,1.01700000e+01,7.67413671e+15,3.69925613e+16
1.01800000e+01,2.21918676e+08,1.06974114e+09,1.01800000e+01,8.06279740e+15,3.88660690e+16
1.01900000e+01,2.33157863e+08,1.12391874e+09,1.01900000e+01,8.47114201e+15,4.08344615e+16
1.02000000e+01,2.44966265e+08,1.18084020e+09,1.02000000e+01,8.90016746e+15,4.29025443e+16
1.02100000e+01,2.57372710e+08,1.24064447e+09,1.02100000e+01,9.35092112e+15,4.50753662e+16
1.02200000e+01,2.70407485e+08,1.30347756e+09,1.02200000e+01,9.82450344e+15,4.73582318e+16
1.02300000e+01,2.84102414e+08,1.36949287e+09,1.02300000e+01,1.03220706e+16,4.97567144e+16
1.02400000e+01,2.98490929e+08,1.43885155e+09,1.02400000e+01,1.08448373e+16,5.22766694e+16
1.02500000e+01,3.13608159e+08,1.51172295e+09,1.02500000e+01,1.13940798e+16,5.49242488e+16
1.02600000e+01,3.29491008e+08,1.58828495e+09,1.02600000e+01,1.19711389e+16,5.77059162e+16
1.02700000e+01,3.46178253e+08,1.66872448e+09,1.02700000e+01,1.25774236e+16,6.06284627e+16
1.02800000e+01,3.63710632e+08,1.75323791e+09,1.02800000e+01,1.32144138e+16,6.36990231e+16
1.02900000e+01,3.82130948e+08,1.84203156e+09,1.02900000e+01,1.38836647e+16,6.69250936e+16
1.03000000e+01,4.01484170e+08,1.93532222e+09,1.03000000e+01,1.45868102e+16,7.03145502e+16
1.03100000e+01,4.21817546e+08,2.03333763e+09,1.03100000e+01,1.53255669e+16,7.38756676e+16
1.03200000e+01,4.43180717e+08,2.13631709e+09,1.03200000e+01,1.61017383e+16,7.76171396e+16
1.03300000e+01,4.65625837e+08,2.24451199e+09,1.03300000e+01,1.69172193e+16,8.15481005e+16
1.03400000e+01,4.89207702e+08,2.35818648e+09,1.03400000e+01,1.77740008e+16,8.56781469e+16
1.03500000e+01,5.13983883e+08,2.47761807e+09,1.03500000e+01,1.86741744e+16,9.00173617e+16
1.03600000e+01,5.40014866e+08,2.60309834e+09,1.03600000e+01,1.96199378e+16,9.45763384e+16
1.03700000e+01,5.67364202e+08,2.73493363e+09,1.03700000e+01,2.06135998e+16,9.93662068e+16
1.03800000e+01,5.96098660e+08,2.87344578e+09,1.03800000e+01,2.16575864e+16,1.04398661e+17
1.03900000e+01,6.26288390e+08,3.01897295e+09,1.03900000e+01,2.27544463e+16,1.09685986e+17
1.04000000e+01,6.58007094e+08,3.17187043e+09,1.04000000e+01,2.39068572e+16,1.15241090e+17
1.04100000e+01,6.91332209e+08,3.33251147e+09,1.04100000e+01,2.51176326e+16,1.21077536e+17
1.04200000e+01,7.26345091e+08,3.50128827e+09,1.04200000e+01,2.63897283e+16,1.27209571e+17
1.04300000e+01,7.63131220e+08,3.67861285e+09,1.04300000e+01,2.77262499e+16,1.33652167e+17
1.04400000e+01,8.01780401e+08,3.86491814e+09,1.04400000e+01,2.91304604e+16,1.40421051e+17
1.04500000e+01,8.42386991e+08,4.06065895e+09,1.04500000e+01,3.06057879e+16,1.47532749e+17
1.04600000e+01,8.85050122e+08,4.26631316e+09,1.04600000e+01,3.21558342e+16,1.55004623e+17
1.04700000e+01,9.29873950e+08,4.48238283e+09,1.04700000e+01,3.37843833e+16,1.62854913e+17
1.04800000e+01,9.76967905e+08,4.70939547e+09,1.04800000e+01,3.54954112e+16,1.71102786e+17
1.04900000e+01,1.02644696e+09,4.94790528e+09,1.04900000e+01,3.72930949e+16,1.79768377e+17
1.05000000e+01,1.07843190e+09,5.19849454e+09,1.05000000e+01,3.91818233e+16,1.88872841e+17
1.05100000e+01,1.13304965e+09,5.46177503e+09,1.05100000e+01,4.11662074e+16,1.98438405e+17
1.05200000e+01,1.19043355e+09,5.73838950e+09,1.05200000e+01,4.32510916e+16,2.08488423e+17
1.05300000e+01,1.25072368e+09,6.02901326e+09,1.05300000e+01,4.54415659e+16,2.19047428e+17
1.05400000e+01,1.31406724e+09,6.33435580e+09,1.05400000e+01,4.77429779e+16,2.30141201e+17
1.05500000e+01,1.38061887e+09,6.65516258e+09,1.05500000e+01,5.01609461e+16,2.41796823e+17
1.05600000e+01,1.45054103e+09,6.99221679e+09,1.05600000e+01,5.27013736e+16,2.54042750e+17
1.05700000e+01,1.52400445e+09,7.34634129e+09,1.05700000e+01,5.53704624e+16,2.66908879e+17
1.05800000e+01,1.60118845e+09,7.71840061e+09,1.05800000e+01,5.81747286e+16,2.80426619e+17
1.05900000e+01,1.68228148e+09,8.10930307e+09,1.05900000e+01,6.11210183e+16,2.94628973e+17
1.06000000e+01,1.76748151e+09,8.52000299e+09,1.06000000e+01,6.42165245e+16,3.09550612e+17
1.06100000e+01,1.85699654e+09,8.95150302e+09,1.06100000e+01,6.74688041e+16,3.25227966e+17
1.06200000e+01,1.95104511e+09,9.40485660e+09,1.06200000e+01,7.08857972e+16,3.41699307e+17
1.06300000e+01,2.04985681e+09,9.88117051e+09,1.06300000e+01,7.44758457e+16,3.59004848e+17
1.06400000e+01,2.15367289e+09,1.03816076e+10,1.06400000e+01,7.82477141e+16,3.77186838e+17
1.06500000e+01,2.26274679e+09,1.09073896e+10,1.06500000e+01,8.22106107e+16,3.96289663e+17
1.06600000e+01,2.37734479e+09,1.14598000e+10,1.06600000e+01,8.63742103e+16,4.16359962e+17
1.06700000e+01,2.49774666e+09,1.20401876e+10,1.06700000e+01,9.07486776e+16,4.37446731e+17
1.06800000e+01,2.62424635e+09,1.26499693e+10,1.06800000e+01,9.53446921e+16,4.59601451e+17
1.06900000e+01,2.75715269e+09,1.32906336e+10,1.06900000e+01,1.00173474e+17,4.82878208e+17
1.07000000e+01,2.89679014e+09,1.39637448e+10,1.07000000e+01,1.05246812e+17,5.07333829e+17
1.07100000e+01,3.04349960e+09,1.46709460e+10,1.07100000e+01,1.10577093e+17,5.33028018e+17
1.07200000e+01,3.19763924e+09,1.54139637e+10,1.07200000e+01,1.16177328e+17,5.60023502e+17
1.07300000e+01,3.35958536e+09,1.61946120e+10,1.07300000e+01,1.22061190e+17,5.88386187e+17
1.07400000e+01,3.52973332e+09,1.70147967e+10,1.07400000e+01,1.28243043e+17,6.18185315e+17
1.07500000e+01,3.70849852e+09,1.78765200e+10,1.07500000e+01,1.34737979e+17,6.49493635e+17
1.07600000e+01,3.89631738e+09,1.87818858e+10,1.07600000e+01,1.41561855e+17,6.82387582e+17
1.07700000e+01,4.09364842e+09,1.97331042e+10,1.07700000e+01,1.48731329e+17,7.16947460e+17
1.07800000e+01,4.30097340e+09,2.07324977e+10,1.07800000e+01,1.56263906e+17,7.53257641e+17
1.07900000e+01,4.51879846e+09,2.17825059e+10,1.07900000e+01,1.64177974e+17,7.91406770e+17
1.08000000e+01,4.74765538e+09,2.28856924e+10,1.08000000e+01,1.72492853e+17,8.31487983e+17
1.08100000e+01,4.98810289e+09,2.40447503e+10,1.08100000e+01,1.81228845e+17,8.73599129e+17
1.08200000e+01,5.24072798e+09,2.52625094e+10,1.08200000e+01,1.90407275e+17,9.17843016e+17
1.08300000e+01,5.50614740e+09,2.65419424e+10,1.08300000e+01,2.00050551e+17,9.64327658e+17
1.08400000e+01,5.78500914e+09,2.78861731e+10,1.08400000e+01,2.10182217e+17,1.01316654e+18
1.08500000e+01,6.07799396e+09,2.92984830e+10,1.08500000e+01,2.20827006e+17,1.06447889e+18
1.08600000e+01,6.38581717e+09,3.07823201e+10,1.08600000e+01,2.32010906e+17,1.11838999e+18
1.08700000e+01,6.70923023e+09,3.23413068e+10,1.08700000e+01,2.43761220e+17,1.17503143e+18
1.08800000e+01,7.04902273e+09,3.39792493e+10,1.08800000e+01,2.56106635e+17,1.23454152e+18
1.08900000e+01,7.40602419e+09,3.57001463e+10,1.08900000e+01,2.69077290e+17,1.29706552e+18
1.09000000e+01,7.78110618e+09,3.75081990e+10,1.09000000e+01,2.82704851e+17,1.36275609e+18
1.09100000e+01,8.17518439e+09,3.94078214e+10,1.09100000e+01,2.97022587e+17,1.43177359e+18
1.09200000e+01,8.58922091e+09,4.14036513e+10,1.09200000e+01,3.12065452e+17,1.50428652e+18
1.09300000e+01,9.02422652e+09,4.35005610e+10,1.09300000e+01,3.27870171e+17,1.58047190e+18
1.09400000e+01,9.48126322e+09,4.57036698e+10,1.09400000e+01,3.44475329e+17,1.66051573e+18
1.09500000e+01,9.96144678e+09,4.80183562e+10,1.09500000e+01,3.61921463e+17,1.74461342e+18
1.09600000e+01,1.04659495e+10,5.04502711e+10,1.09600000e+01,3.80251166e+17,1.83297028e+18
1.09700000e+01,1.09960030e+10,5.30053516e+10,1.09700000e+01,3.99509186e+17,1.92580203e+18
1.09800000e+01,1.15529014e+10,5.56898355e+10,1.09800000e+01,4.19742539e+17,2.02333529e+18
1.09900000e+01,1.21380041e+10,5.85102765e+10,1.09900000e+01,4.41000620e+17,2.12580816e+18
1.10000000e+01,1.27527397e+10,6.14735602e+10,1.10000000e+01,4.63335329e+17,2.23347084e+18
1.10100000e+01,1.33986089e+10,6.45869210e+10,1.10100000e+01,4.86801190e+17,2.34658614e+18
1.10200000e+01,1.40771885e+10,6.78579596e+10,1.10200000e+01,5.11455493e+17,2.46543023e+18
1.10300000e+01,1.47901351e+10,7.12946617e+10,1.10300000e+01,5.37358425e+17,2.59029324e+18
1.10400000e+01,1.55391893e+10,7.49054173e+10,1.10400000e+01,5.64573225e+17,2.72148001e+18
1.10500000e+01,1.63261797e+10,7.86990416e+10,1.10500000e+01,5.93166333e+17,2.85931079e+18
1.10600000e+01,1.71530277e+10,8.26847959e+10,1.10600000e+01,6.23207554e+17,3.00412209e+18
1.10700000e+01,1.80217518e+10,8.68724109e+10,1.10700000e+01,6.54770228e+17,3.15626744e+18
1.10800000e+01,1.89344729e+10,9.12721099e+10,1.10800000e+01,6.87931411e+17,3.31611826e+18
1.10900000e+01,1.98934192e+10,9.58946339e+10,1.10900000e+01,7.22772059e+17,3.48406481e+18
1.11000000e+01,2.09009319e+10,1.00751268e+11,1.11000000e+01,7.59377230e+17,3.66051711e+18
1.11100000e+01,2.19594706e+10,1.05853869e+11,1.11100000e+01,7.97836289e+17,3.84590592e+18
1.11200000e+01,2.30716196e+10,1.11214894e+11,1.11200000e+01,8.38243128e+17,4.04068385e+18
1.11300000e+01,2.42400939e+10,1.16847431e+11,1.11300000e+01,8.80696392e+17,4.24532641e+18
1.11400000e+01,2.54677462e+10,1.22765230e+11,1.11400000e+01,9.25299724e+17,4.46033320e+18
1.11500000e+01,2.67575736e+10,1.28982740e+11,1.11500000e+01,9.72162015e+17,4.68622912e+18
1.11600000e+01,2.81127249e+10,1.35515139e+11,1.11600000e+01,1.02139767e+18,4.92356566e+18
1.11700000e+01,2.95365087e+10,1.42378374e+11,1.11700000e+01,1.07312689e+18,5.17292223e+18
1.11800000e+01,3.10324007e+10,1.49589202e+11,1.11800000e+01,1.12747597e+18,5.43490760e+18
1.11900000e+01,3.26040530e+10,1.57165226e+11,1.11900000e+01,1.18457758e+18,5.71016135e+18
1.12000000e+01,3.42553024e+10,1.65124941e+11,1.12000000e+01,1.24457114e+18,5.99935548e+18
1.12100000e+01,3.59901802e+10,1.73487781e+11,1.12100000e+01,1.30760310e+18,6.30319599e+18
1.12200000e+01,3.78129218e+10,1.82274160e+11,1.12200000e+01,1.37382734e+18,6.62242467e+18
1.12300000e+01,3.97279771e+10,1.91505531e+11,1.12300000e+01,1.44340555e+18,6.95782085e+18
1.12400000e+01,4.17400214e+10,2.01204429e+11,1.12400000e+01,1.51650759e+18,7.31020334e+18
1.12500000e+01,4.38539667e+10,2.11394534e+11,1.12500000e+01,1.59331191e+18,7.68043244e+18
1.12600000e+01,4.60749739e+10,2.22100721e+11,1.12600000e+01,1.67400603e+18,8.06941198e+18
1.12700000e+01,4.84084652e+10,2.33349129e+11,1.12700000e+01,1.75878695e+18,8.47809159e+18
1.12800000e+01,5.08601374e+10,2.45167218e+11,1.12800000e+01,1.84786164e+18,8.90746900e+18
1.12900000e+01,5.34359758e+10,2.57583841e+11,1.12900000e+01,1.94144756e+18,9.35859245e+18
1.13000000e+01,5.61422689e+10,2.70629310e+11,1.13000000e+01,2.03977319e+18,9.83256329e+18
1.13100000e+01,5.89856237e+10,2.84335474e+11,1.13100000e+01,2.14307858e+18,1.03305386e+19
1.13200000e+01,6.19729816e+10,2.98735793e+11,1.13200000e+01,2.25161592e+18,1.08537342e+19
1.13300000e+01,6.51116358e+10,3.13865425e+11,1.13300000e+01,2.36565020e+18,1.14034273e+19
1.13400000e+01,6.84092489e+10,3.29761304e+11,1.13400000e+01,2.48545979e+18,1.19809598e+19
1.13500000e+01,7.18738713e+10,3.46462239e+11,1.13500000e+01,2.61133721e+18,1.25877419e+19
1.13600000e+01,7.55139613e+10,3.64009001e+11,1.13600000e+01,2.74358976e+18,1.32252547e+19
1.13700000e+01,7.93384056e+10,3.82444429e+11,1.13700000e+01,2.88254030e+18,1.38950546e+19
1.13800000e+01,8.33565408e+10,4.01813528e+11,1.13800000e+01,3.02852807e+18,1.45987770e+19
1.13900000e+01,8.75781767e+10,4.22163585e+11,1.13900000e+01,3.18190947e+18,1.53381397e+19
1.14000000e+01,9.20136195e+10,4.43544282e+11,1.14000000e+01,3.34305895e+18,1.61149479e+19
1.14100000e+01,9.66736977e+10,4.66007816e+11,1.14100000e+01,3.51236993e+18,1.69310979e+19
1.14200000e+01,1.01569788e+11,4.89609027e+11,1.14200000e+01,3.69025575e+18,1.77885822e+19
1.14300000e+01,1.06713843e+11,5.14405533e+11,1.14300000e+01,3.87715070e+18,1.86894944e+19
1.14400000e+01,1.12118422e+11,5.40457872e+11,1.14400000e+01,4.07351103e+18,1.96360336e+19
1.14500000e+01,1.17796718e+11,5.67829645e+11,1.14500000e+01,4.27981614e+18,2.06305109e+19
1.14600000e+01,1.23762595e+11,5.96587676e+11,1.14600000e+01,4.49656968e+18,2.16753540e+19
1.14700000e+01,1.30030617e+11,6.26802173e+11,1.14700000e+01,4.72430082e+18,2.27731137e+19
1.14800000e+01,1.36616086e+11,6.58546899e+11,1.14800000e+01,4.96356552e+18,2.39264700e+19
1.14900000e+01,1.43535079e+11,6.91899353e+11,1.14900000e+01,5.21494790e+18,2.51382386e+19
1.15000000e+01,1.50804489e+11,7.26940959e+11,1.15000000e+01,5.47906168e+18,2.64113779e+19
1.15100000e+01,1.58442062e+11,7.63757267e+11,1.15100000e+01,5.75655164e+18,2.77489961e+19
1.15200000e+01,1.66466443e+11,8.02438155e+11,1.15200000e+01,6.04809523e+18,2.91543586e+19
1.15300000e+01,1.74897224e+11,8.43078058e+11,1.15300000e+01,6.35440419e+18,3.06308964e+19
1.15400000e+01,1.83754986e+11,8.85776189e+11,1.15400000e+01,6.67622634e+18,3.21822143e+19
1.15500000e+01,1.93061354e+11,9.30636790e+11,1.15500000e+01,7.01434733e+18,3.38120994e+19
1.15600000e+01,2.02839047e+11,9.77769380e+11,1.15600000e+01,7.36959264e+18,3.55245310e+19
1.15700000e+01,2.13111938e+11,1.02728902e+12,1.15700000e+01,7.74282953e+18,3.73236895e+19
1.15800000e+01,2.23905104e+11,1.07931662e+12,1.15800000e+01,8.13496921e+18,3.92139674e+19
1.15900000e+01,2.35244896e+11,1.13397918e+12,1.15900000e+01,8.54696900e+18,4.11999794e+19
1.16000000e+01,2.47158997e+11,1.19141015e+12,1.16000000e+01,8.97983474e+18,4.32865741e+19
1.16100000e+01,2.59676494e+11,1.25174974e+12,1.16100000e+01,9.43462320e+18,4.54788454e+19
1.16200000e+01,2.72827947e+11,1.31514526e+12,1.16200000e+01,9.91244465e+18,4.77821454e+19
1.16300000e+01,2.86645462e+11,1.38175149e+12,1.16300000e+01,1.04144656e+19,5.02020973e+19
1.16400000e+01,3.01162772e+11,1.45173102e+12,1.16400000e+01,1.09419117e+19,5.27446089e+19
1.16500000e+01,3.16415319e+11,1.52525470e+12,1.16500000e+01,1.14960706e+19,5.54158874e+19
1.16600000e+01,3.32440339e+11,1.60250203e+12,1.16600000e+01,1.20782951e+19,5.82224542e+19
1.16700000e+01,3.49276955e+11,1.68366158e+12,1.16700000e+01,1.26900067e+19,6.11711610e+19
1.16800000e+01,3.66966270e+11,1.76893151e+12,1.16800000e+01,1.33326988e+19,6.42692066e+19
1.16900000e+01,3.85551470e+11,1.85851998e+12,1.16900000e+01,1.40079403e+19,6.75241544e+19
1.17000000e+01,4.05077927e+11,1.95264570e+12,1.17000000e+01,1.47173799e+19,7.09439507e+19
1.17100000e+01,4.25593312e+11,2.05153847e+12,1.17100000e+01,1.54627493e+19,7.45369444e+19
1.17200000e+01,4.47147709e+11,2.15543971e+12,1.17200000e+01,1.62458684e+19,7.83119071e+19
1.17300000e+01,4.69793740e+11,2.26460309e+12,1.17300000e+01,1.70686489e+19,8.22780549e+19
1.17400000e+01,4.93586691e+11,2.37929511e+12,1.17400000e+01,1.79330996e+19,8.64450702e+19
1.17500000e+01,5.18584649e+11,2.49979576e+12,1.17500000e+01,1.88413309e+19,9.08231263e+19
1.17600000e+01,5.44848641e+11,2.62639923e+12,1.17600000e+01,1.97955600e+19,9.54229113e+19
1.17700000e+01,5.72442787e+11,2.75941460e+12,1.17700000e+01,2.07981165e+19,1.00255655e+20
1.17800000e+01,6.01434453e+11,2.89916660e+12,1.17800000e+01,2.18514481e+19,1.05333155e+20
1.17900000e+01,6.31894417e+11,3.04599642e+12,1.17900000e+01,2.29581262e+19,1.10667808e+20
1.18000000e+01,6.63897042e+11,3.20026251e+12,1.18000000e+01,2.41208526e+19,1.16272638e+20
1.18100000e+01,6.97520457e+11,3.36234149e+12,1.18100000e+01,2.53424658e+19,1.22161326e+20
1.18200000e+01,7.32846747e+11,3.53262904e+12,1.18200000e+01,2.66259483e+19,1.28348251e+20
1.18300000e+01,7.69962156e+11,3.71154090e+12,1.18300000e+01,2.79744335e+19,1.34848516e+20
1.18400000e+01,8.08957295e+11,3.89951384e+12,1.18400000e+01,2.93912134e+19,1.41677990e+20
1.18500000e+01,8.49927362e+11,4.09700677e+12,1.18500000e+01,3.08797468e+19,1.48853346e+20
1.18600000e+01,8.92972381e+11,4.30450183e+12,1.18600000e+01,3.24436679e+19,1.56392102e+20
1.18700000e+01,9.38197437e+11,4.52250559e+12,1.18700000e+01,3.40867945e+19,1.64312662e+20
1.18800000e+01,9.85712939e+11,4.75155026e+12,1.18800000e+01,3.58131381e+19,1.72634364e+20
1.18900000e+01,1.03563489e+12,4.99219503e+12,1.18900000e+01,3.76269133e+19,1.81377522e+20
1.19000000e+01,1.08808516e+12,5.24502737e+12,1.19000000e+01,3.95325482e+19,1.90563482e+20
1.19100000e+01,1.14319181e+12,5.51066454e+12,1.19100000e+01,4.15346949e+19,2.00214669e+20
1.19200000e+01,1.20108936e+12,5.78975504e+12,1.19200000e+01,4.36382413e+19,2.10354647e+20
1.19300000e+01,1.26191916e+12,6.08298023e+12,1.19300000e+01,4.58483230e+19,2.21008168e+20
1.19400000e+01,1.32582972e+12,6.39105597e+12,1.19400000e+01,4.81703354e+19,2.32201243e+20
1.19500000e+01,1.39297706e+12,6.71473436e+12,1.19500000e+01,5.06099474e+19,2.43961197e+20
1.19600000e+01,1.46352512e+12,7.05480561e+12,1.19600000e+01,5.31731148e+19,2.56316741e+20
1.19700000e+01,1.53764612e+12,7.41209995e+12,1.19700000e+01,5.58660952e+19,2.69298037e+20
1.19800000e+01,1.61552102e+12,7.78748965e+12,1.19800000e+01,5.86954630e+19,2.82936777e+20
1.19900000e+01,1.69733993e+12,8.18189116e+12,1.19900000e+01,6.16681256e+19,2.97266259e+20
1.20000000e+01,1.78330260e+12,8.59626734e+12,1.20000000e+01,6.47913402e+19,3.12321465e+20
1.20100000e+01,1.87361890e+12,9.03162982e+12,1.20100000e+01,6.80727317e+19,3.28139150e+20
1.20200000e+01,1.96850931e+12,9.48904147e+12,1.20200000e+01,7.15203110e+19,3.44757930e+20
1.20300000e+01,2.06820550e+12,9.96961896e+12,1.20300000e+01,7.51424948e+19,3.62218377e+20
1.20400000e+01,2.17295086e+12,1.04745356e+13,1.20400000e+01,7.89481260e+19,3.80563117e+20
1.20500000e+01,2.28300110e+12,1.10050239e+13,1.20500000e+01,8.29464953e+19,3.99836936e+20
1.20600000e+01,2.39862489e+12,1.15623791e+13,1.20600000e+01,8.71473642e+19,4.20086888e+20
1.20700000e+01,2.52010451e+12,1.21479619e+13,1.20700000e+01,9.15609883e+19,4.41362410e+20
1.20800000e+01,2.64773653e+12,1.27632018e+13,1.20800000e+01,9.61981427e+19,4.63715441e+20
1.20900000e+01,2.78183254e+12,1.34096009e+13,1.20900000e+01,1.01070148e+20,4.87200553e+20
1.21000000e+01,2.92271991e+12,1.40887372e+13,1.21000000e+01,1.06188899e+20,5.11875082e+20
1.21100000e+01,3.07074260e+12,1.48022687e+13,1.21100000e+01,1.11566892e+20,5.37799265e+20
1.21200000e+01,3.22626197e+12,1.55519374e+13,1.21200000e+01,1.17217256e+20,5.65036391e+20
1.21300000e+01,3.38965770e+12,1.63395734e+13,1.21300000e+01,1.23153785e+20,5.93652956e+20
1.21400000e+01,3.56132870e+12,1.71670997e+13,1.21400000e+01,1.29390973e+20,6.23718823e+20
1.21500000e+01,3.74169407e+12,1.80365365e+13,1.21500000e+01,1.35944047e+20,6.55307390e+20
1.21600000e+01,3.93119413e+12,1.89500064e+13,1.21600000e+01,1.42829005e+20,6.88495778e+20
1.21700000e+01,4.13029153e+12,1.99097394e+13,1.21700000e+01,1.50062655e+20,7.23365009e+20
1.21800000e+01,4.33947231e+12,2.09180787e+13,1.21800000e+01,1.57662657e+20,7.60000210e+20
1.21900000e+01,4.55924717e+12,2.19774858e+13,1.21900000e+01,1.65647565e+20,7.98490820e+20
1.22000000e+01,4.79015264e+12,2.30905471e+13,1.22000000e+01,1.74036874e+20,8.38930808e+20
1.22100000e+01,5.03275244e+12,2.42599800e+13,1.22100000e+01,1.82851063e+20,8.81418900e+20
1.22200000e+01,5.28763884e+12,2.54886394e+13,1.22200000e+01,1.92111651e+20,9.26058824e+20
1.22300000e+01,5.55543409e+12,2.67795250e+13,1.22300000e+01,2.01841246e+20,9.72959560e+20
1.22400000e+01,5.83679197e+12,2.81357881e+13,1.22400000e+01,2.12063602e+20,1.02223561e+21
1.22500000e+01,6.13239937e+12,2.95607399e+13,1.22500000e+01,2.22803675e+20,1.07400727e+21
1.22600000e+01,6.44297796e+12,3.10578591e+13,1.22600000e+01,2.34087684e+20,1.12840093e+21
1.22700000e+01,6.76928597e+12,3.26308007e+13,1.22700000e+01,2.45943178e+20,1.18554939e+21
1.22800000e+01,7.11212001e+12,3.42834048e+13,1.22800000e+01,2.58399100e+20,1.24559216e+21
1.22900000e+01,7.47231707e+12,3.60197059e+13,1.22900000e+01,2.71485858e+20,1.30867583e+21
1.23000000e+01,7.85075650e+12,3.78439428e+13,1.23000000e+01,2.85235402e+20,1.37495441e+21
1.23100000e+01,8.24836219e+12,3.97605692e+13,1.23100000e+01,2.99681299e+20,1.44458970e+21
1.23200000e+01,8.66610483e+12,4.17742642e+13,1.23200000e+01,3.14858816e+20,1.51775170e+21
1.23300000e+01,9.10500427e+12,4.38899437e+13,1.23300000e+01,3.30805007e+20,1.59461904e+21
1.23400000e+01,9.56613200e+12,4.61127730e+13,1.23400000e+01,3.47558800e+20,1.67537936e+21
1.23500000e+01,1.00506138e+13,4.84481787e+13,1.23500000e+01,3.65161099e+20,1.76022983e+21
1.23600000e+01,1.05596324e+13,5.09018622e+13,1.23600000e+01,3.83654875e+20,1.84937759e+21
1.23700000e+01,1.10944305e+13,5.34798138e+13,1.23700000e+01,4.03085277e+20,1.94304029e+21
1.23800000e+01,1.16563138e+13,5.61883270e+13,1.23800000e+01,4.23499743e+20,2.04144659e+21
1.23900000e+01,1.22466540e+13,5.90340144e+13,1.23900000e+01,4.44948111e+20,2.14483673e+21
1.24000000e+01,1.28668922e+13,6.20238231e+13,1.24000000e+01,4.67482742e+20,2.25346311e+21
1.24100000e+01,1.35185427e+13,6.51650523e+13,1.24100000e+01,4.91158651e+20,2.36759093e+21
1.24200000e+01,1.42031964e+13,6.84653706e+13,1.24200000e+01,5.16033639e+20,2.48749882e+21
1.24300000e+01,1.49225248e+13,7.19328353e+13,1.24300000e+01,5.42168434e+20,2.61347951e+21
1.24400000e+01,1.56782839e+13,7.55759116e+13,1.24400000e+01,5.69626840e+20,2.74584055e+21
1.24500000e+01,1.64723188e+13,7.94034934e+13,1.24500000e+01,5.98475891e+20,2.88490509e+21
1.24600000e+01,1.73065681e+13,8.34249251e+13,1.24600000e+01,6.28786017e+20,3.03101263e+21
1.24700000e+01,1.81830683e+13,8.76500243e+13,1.24700000e+01,6.60631216e+20,3.18451986e+21
1.24800000e+01,1.91039594e+13,9.20891059e+13,1.24800000e+01,6.94089231e+20,3.34580154e+21
1.24900000e+01,2.00714895e+13,9.67530071e+13,1.24900000e+01,7.29241745e+20,3.51525142e+21
1.25000000e+01,2.10880206e+13,1.01653114e+14,1.25000000e+01,7.66174577e+20,3.69328317e+21
1.25100000e+01,2.21560345e+13,1.06801389e+14,1.25100000e+01,8.04977891e+20,3.88033144e+21
1.25200000e+01,2.32781385e+13,1.12210402e+14,1.25200000e+01,8.45746420e+20,4.07685287e+21
1.25300000e+01,2.44570721e+13,1.17893357e+14,1.25300000e+01,8.88579692e+20,4.28332723e+21
1.25400000e+01,2.56957134e+13,1.23864128e+14,1.25400000e+01,9.33582278e+20,4.50025859e+21
1.25500000e+01,2.69970863e+13,1.30137292e+14,1.25500000e+01,9.80864044e+20,4.72817655e+21
1.25600000e+01,2.83643679e+13,1.36728163e+14,1.25600000e+01,1.03054042e+21,4.96763754e+21
1.25700000e+01,2.98008962e+13,1.43652833e+14,1.25700000e+01,1.08273268e+21,5.21922616e+21
1.25800000e+01,3.13101783e+13,1.50928206e+14,1.25800000e+01,1.13756825e+21,5.48355661e+21
1.25900000e+01,3.28958987e+13,1.58572045e+14,1.25900000e+01,1.19518099e+21,5.76127422e+21
1.26000000e+01,3.45619288e+13,1.66603009e+14,1.26000000e+01,1.25571156e+21,6.05305698e+21
1.26100000e+01,3.63123359e+13,1.75040706e+14,1.26100000e+01,1.31930773e+21,6.35961724e+21
1.26200000e+01,3.81513933e+13,1.83905735e+14,1.26200000e+01,1.38612477e+21,6.68170340e+21
1.26300000e+01,4.00835906e+13,1.93219738e+14,1.26300000e+01,1.45632578e+21,7.02010178e+21
1.26400000e+01,4.21136452e+13,2.03005453e+14,1.26400000e+01,1.53008217e+21,7.37563853e+21
1.26500000e+01,4.42465129e+13,2.13286771e+14,1.26500000e+01,1.60757398e+21,7.74918162e+21
1.26600000e+01,4.64874008e+13,2.24088792e+14,1.26600000e+01,1.68899041e+21,8.14164300e+21
1.26700000e+01,4.88417797e+13,2.35437886e+14,1.26700000e+01,1.77453022e+21,8.55398079e+21
1.26800000e+01,5.13153973e+13,2.47361762e+14,1.26800000e+01,1.86440224e+21,8.98720165e+21
1.26900000e+01,5.39142926e+13,2.59889529e+14,1.26900000e+01,1.95882587e+21,9.44236320e+21
1.27000000e+01,5.66448103e+13,2.73051770e+14,1.27000000e+01,2.05803164e+21,9.92057665e+21
1.27100000e+01,5.95136165e+13,2.86880621e+14,1.27100000e+01,2.16226173e+21,1.04230095e+22
1.27200000e+01,6.25277149e+13,3.01409841e+14,1.27200000e+01,2.27177061e+21,1.09508883e+22
1.27300000e+01,6.56944639e+13,3.16674901e+14,1.27300000e+01,2.38682563e+21,1.15055018e+22
1.27400000e+01,6.90215946e+13,3.32713068e+14,1.27400000e+01,2.50770767e+21,1.20882040e+22
1.27500000e+01,7.25172295e+13,3.49563496e+14,1.27500000e+01,2.63471185e+21,1.27004174e+22
1.27600000e+01,7.61899028e+13,3.67267323e+14,1.27600000e+01,2.76814821e+21,1.33436367e+22
1.27700000e+01,8.00485805e+13,3.85867770e+14,1.27700000e+01,2.90834254e+21,1.40194322e+22
1.27800000e+01,8.41026829e+13,4.05410246e+14,1.27800000e+01,3.05563707e+21,1.47294537e+22
1.27900000e+01,8.83621075e+13,4.25942461e+14,1.27900000e+01,3.21039142e+21,1.54754347e+22
1.28000000e+01,9.28372530e+13,4.47514541e+14,1.28000000e+01,3.37298338e+21,1.62591962e+22
1.28100000e+01,9.75390445e+13,4.70179151e+14,1.28100000e+01,3.54380990e+21,1.70826517e+22
1.28200000e+01,1.02478961e+14,4.93991621e+14,1.28200000e+01,3.72328802e+21,1.79478116e+22
1.28300000e+01,1.07669062e+14,5.19010086e+14,1.28300000e+01,3.91185589e+21,1.88567880e+22
1.28400000e+01,1.13122018e+14,5.45295625e+14,1.28400000e+01,4.10997389e+21,1.98117999e+22
1.28500000e+01,1.18851142e+14,5.72912409e+14,1.28500000e+01,4.31812568e+21,2.08151790e+22
1.28600000e+01,1.24870420e+14,6.01927859e+14,1.28600000e+01,4.53681943e+21,2.18693746e+22
1.28700000e+01,1.31194549e+14,6.32412812e+14,1.28700000e+01,4.76658904e+21,2.29769606e+22
1.28800000e+01,1.37838966e+14,6.64441692e+14,1.28800000e+01,5.00799545e+21,2.41406409e+22
1.28900000e+01,1.44819892e+14,6.98092691e+14,1.28900000e+01,5.26162801e+21,2.53632563e+22
1.29000000e+01,1.52154372e+14,7.33447962e+14,1.29000000e+01,5.52810593e+21,2.66477918e+22
1.29100000e+01,1.59860310e+14,7.70593820e+14,1.29100000e+01,5.80807976e+21,2.79973832e+22
1.29200000e+01,1.67956520e+14,8.09620949e+14,1.29200000e+01,6.10223301e+21,2.94153254e+22
1.29300000e+01,1.76462766e+14,8.50624628e+14,1.29300000e+01,6.41128381e+21,3.09050801e+22
1.29400000e+01,1.85399816e+14,8.93704960e+14,1.29400000e+01,6.73598665e+21,3.24702841e+22
1.29500000e+01,1.94789487e+14,9.38967118e+14,1.29500000e+01,7.07713424e+21,3.41147587e+22
1.29600000e+01,2.04654703e+14,9.86521601e+14,1.29600000e+01,7.43555943e+21,3.58425186e+22
1.29700000e+01,2.15019548e+14,1.03648451e+15,1.29700000e+01,7.81213725e+21,3.76577818e+22
1.29800000e+01,2.25909326e+14,1.08897781e+15,1.29800000e+01,8.20778705e+21,3.95649800e+22
1.29900000e+01,2.37350623e+14,1.14412966e+15,1.29900000e+01,8.62347474e+21,4.15687692e+22
1.30000000e+01,2.49371370e+14,1.20207471e+15,1.30000000e+01,9.06021515e+21,4.36740414e+22
1.30100000e+01,2.62000914e+14,1.26295442e+15,1.30100000e+01,9.51907451e+21,4.58859362e+22
1.30200000e+01,2.75270088e+14,1.32691741e+15,1.30200000e+01,1.00011730e+22,4.82098535e+22
1.30300000e+01,2.89211286e+14,1.39411984e+15,1.30300000e+01,1.05076877e+22,5.06514669e+22
1.30400000e+01,3.03858544e+14,1.46472577e+15,1.30400000e+01,1.10398551e+22,5.32167371e+22
1.30500000e+01,3.19247620e+14,1.53890758e+15,1.30500000e+01,1.15989744e+22,5.59119268e+22
1.30600000e+01,3.35416083e+14,1.61684636e+15,1.30600000e+01,1.21864105e+22,5.87436157e+22
1.30700000e+01,3.52403407e+14,1.69873240e+15,1.30700000e+01,1.28035977e+22,6.17187170e+22
1.30800000e+01,3.70251063e+14,1.78476559e+15,1.30800000e+01,1.34520426e+22,6.48444939e+22
1.30900000e+01,3.89002623e+14,1.87515598e+15,1.30900000e+01,1.41333284e+22,6.81285774e+22
1.31000000e+01,4.08703866e+14,1.97012425e+15,1.31000000e+01,1.48491182e+22,7.15789850e+22
1.31100000e+01,4.29402888e+14,2.06990222e+15,1.31100000e+01,1.56011597e+22,7.52041404e+22
1.31200000e+01,4.51150223e+14,2.17473351e+15,1.31200000e+01,1.63912886e+22,7.90128936e+22
1.31300000e+01,4.73998963e+14,2.28487403e+15,1.31300000e+01,1.72214340e+22,8.30145432e+22
1.31400000e+01,4.98004890e+14,2.40059268e+15,1.31400000e+01,1.80936226e+22,8.72188584e+22
1.31500000e+01,5.23226610e+14,2.52217196e+15,1.31500000e+01,1.90099836e+22,9.16361033e+22
1.31600000e+01,5.49725697e+14,2.64990869e+15,1.31600000e+01,1.99727543e+22,9.62770620e+22
1.31700000e+01,5.77566844e+14,2.78411470e+15,1.31700000e+01,2.09842849e+22,1.01153064e+23
1.31800000e+01,6.06818020e+14,2.92511766e+15,1.31800000e+01,2.20470450e+22,1.06276015e+23
1.31900000e+01,6.37550638e+14,3.07326178e+15,1.31900000e+01,2.31636292e+22,1.11658419e+23
1.32000000e+01,6.69839725e+14,3.22890874e+15,1.32000000e+01,2.43367634e+22,1.17313419e+23
1.32100000e+01,7.03764111e+14,3.39243852e+15,1.32100000e+01,2.55693116e+22,1.23254818e+23
1.32200000e+01,7.39406614e+14,3.56425035e+15,1.32200000e+01,2.68642828e+22,1.29497124e+23
1.32300000e+01,7.76854251e+14,3.74476369e+15,1.32300000e+01,2.82248386e+22,1.36055573e+23
1.32400000e+01,8.16198443e+14,3.93441922e+15,1.32400000e+01,2.96543004e+22,1.42946180e+23
1.32500000e+01,8.57535243e+14,4.13367995e+15,1.32500000e+01,3.11561580e+22,1.50185764e+23
1.32600000e+01,9.00965566e+14,4.34303234e+15,1.32600000e+01,3.27340780e+22,1.57792001e+23
1.32700000e+01,9.46595441e+14,4.56298750e+15,1.32700000e+01,3.43919126e+22,1.65783460e+23
1.32800000e+01,9.94536265e+14,4.79408240e+15,1.32800000e+01,3.61337091e+22,1.74179650e+23
1.32900000e+01,1.04490508e+15,5.03688122e+15,1.32900000e+01,3.79637198e+22,1.83001070e+23
1.33000000e+01,1.09782484e+15,5.29197672e+15,1.33000000e+01,3.98864124e+22,1.92269256e+23
1.33100000e+01,1.15342476e+15,5.55999167e+15,1.33100000e+01,4.19064807e+22,2.02006833e+23
1.33200000e+01,1.21184057e+15,5.84158037e+15,1.33200000e+01,4.40288565e+22,2.12237576e+23
1.33300000e+01,1.27321487e+15,6.13743028e+15,1.33300000e+01,4.62587211e+22,2.22986459e+23
1.33400000e+01,1.33769750e+15,6.44826367e+15,1.33400000e+01,4.86015183e+22,2.34279726e+23
1.33500000e+01,1.40544590e+15,6.77483937e+15,1.33500000e+01,5.10629678e+22,2.46144946e+23
1.33600000e+01,1.47662544e+15,7.11795467e+15,1.33600000e+01,5.36490787e+22,2.58611086e+23
1.33700000e+01,1.55140992e+15,7.47844723e+15,1.33700000e+01,5.63661645e+22,2.71708581e+23
1.33800000e+01,1.62998189e+15,7.85719713e+15,1.33800000e+01,5.92208585e+22,2.85469405e+23
1.33900000e+01,1.71253318e+15,8.25512901e+15,1.33900000e+01,6.22201300e+22,2.99927153e+23
1.34000000e+01,1.79926532e+15,8.67321436e+15,1.34000000e+01,6.53713013e+22,3.15117121e+23
1.34100000e+01,1.89039006e+15,9.11247386e+15,1.34100000e+01,6.86820652e+22,3.31076394e+23
1.34200000e+01,1.98612986e+15,9.57397989e+15,1.34200000e+01,7.21605045e+22,3.47843932e+23
1.34300000e+01,2.08671845e+15,1.00588591e+16,1.34300000e+01,7.58151112e+22,3.65460670e+23
1.34400000e+01,2.19240140e+15,1.05682954e+16,1.34400000e+01,7.96548074e+22,3.83969618e+23
1.34500000e+01,2.30343673e+15,1.11035322e+16,1.34500000e+01,8.36889670e+22,4.03415962e+23
1.34600000e+01,2.42009549e+15,1.16658765e+16,1.34600000e+01,8.79274388e+22,4.23847175e+23
1.34700000e+01,2.54266250e+15,1.22567009e+16,1.34700000e+01,9.23805701e+22,4.45313138e+23
1.34800000e+01,2.67143698e+15,1.28774480e+16,1.34800000e+01,9.70592327e+22,4.67866256e+23
1.34900000e+01,2.80673331e+15,1.35296331e+16,1.34900000e+01,1.01974849e+23,4.91561589e+23
1.35000000e+01,2.94888180e+15,1.42148485e+16,1.35000000e+01,1.07139418e+23,5.16456984e+23
1.35100000e+01,3.09822947e+15,1.49347670e+16,1.35100000e+01,1.12565551e+23,5.42613220e+23
1.35200000e+01,3.25514093e+15,1.56911461e+16,1.35200000e+01,1.18266492e+23,5.70094152e+23
1.35300000e+01,3.41999925e+15,1.64858324e+16,1.35300000e+01,1.24256161e+23,5.98966870e+23
1.35400000e+01,3.59320691e+15,1.73207661e+16,1.35400000e+01,1.30549179e+23,6.29301862e+23
1.35500000e+01,3.77518677e+15,1.81979854e+16,1.35500000e+01,1.37160911e+23,6.61173186e+23
1.35600000e+01,3.96638308e+15,1.91196319e+16,1.35600000e+01,1.44107498e+23,6.94658650e+23
1.35700000e+01,4.16726264e+15,2.00879558e+16,1.35700000e+01,1.51405898e+23,7.29840002e+23
1.35800000e+01,4.37831585e+15,2.11053208e+16,1.35800000e+01,1.59073929e+23,7.66803133e+23
1.35900000e+01,4.60005796e+15,2.21742109e+16,1.35900000e+01,1.67130312e+23,8.05638281e+23
1.36000000e+01,4.83303031e+15,2.32972355e+16,1.36000000e+01,1.75594715e+23,8.46440256e+23
1.36100000e+01,5.07780168e+15,2.44771362e+16,1.36100000e+01,1.84487801e+23,8.89308668e+23
1.36200000e+01,5.33496961e+15,2.57167937e+16,1.36200000e+01,1.93831283e+23,9.34348173e+23
1.36300000e+01,5.60516196e+15,2.70192342e+16,1.36300000e+01,2.03647970e+23,9.81668728e+23
1.36400000e+01,5.88903833e+15,2.83876375e+16,1.36400000e+01,2.13961829e+23,1.03138586e+24
1.36500000e+01,6.18729178e+15,2.98253444e+16,1.36500000e+01,2.24798038e+23,1.08362094e+24
1.36600000e+01,6.50065042e+15,3.13358646e+16,1.36600000e+01,2.36183053e+23,1.13850149e+24
1.36700000e+01,6.82987928e+15,3.29228860e+16,1.36700000e+01,2.48144668e+23,1.19616149e+24
1.36800000e+01,7.17578211e+15,3.45902829e+16,1.36800000e+01,2.60712085e+23,1.25674172e+24
1.36900000e+01,7.53920337e+15,3.63421259e+16,1.36900000e+01,2.73915986e+23,1.32039007e+24
1.37000000e+01,7.92103029e+15,3.81826920e+16,1.37000000e+01,2.87788605e+23,1.38726192e+24
1.37100000e+01,8.32219503e+15,4.01164745e+16,1.37100000e+01,3.02363810e+23,1.45752053e+24
1.37200000e+01,8.74367698e+15,4.21481945e+16,1.37200000e+01,3.17677185e+23,1.53133742e+24
1.37300000e+01,9.18650510e+15,4.42828120e+16,1.37300000e+01,3.33766113e+23,1.60889281e+24
1.37400000e+01,9.65176048e+15,4.65255383e+16,1.37400000e+01,3.50669873e+23,1.69037603e+24
1.37500000e+01,1.01405790e+16,4.88818486e+16,1.37500000e+01,3.68429733e+23,1.77598602e+24
1.37600000e+01,1.06541539e+16,5.13574955e+16,1.37600000e+01,3.87089051e+23,1.86593176e+24
1.37700000e+01,1.11937392e+16,5.39585229e+16,1.37700000e+01,4.06693379e+23,1.96043286e+24
1.37800000e+01,1.17606520e+16,5.66912807e+16,1.37800000e+01,4.27290579e+23,2.05972001e+24
1.37900000e+01,1.23562764e+16,5.95624404e+16,1.37900000e+01,4.48930936e+23,2.16403561e+24
1.38000000e+01,1.29820665e+16,6.25790115e+16,1.38000000e+01,4.71667279e+23,2.27363434e+24
1.38100000e+01,1.36395501e+16,6.57483585e+16,1.38100000e+01,4.95555116e+23,2.38878374e+24
1.38200000e+01,1.43303323e+16,6.90782187e+16,1.38200000e+01,5.20652766e+23,2.50976495e+24
1.38300000e+01,1.50560995e+16,7.25767214e+16,1.38300000e+01,5.47021499e+23,2.63687332e+24
1.38400000e+01,1.58186235e+16,7.62524076e+16,1.38400000e+01,5.74725691e+23,2.77041915e+24
1.38500000e+01,1.66197661e+16,8.01142509e+16,1.38500000e+01,6.03832976e+23,2.91072849e+24
1.38600000e+01,1.74614828e+16,8.41716793e+16,1.38600000e+01,6.34414414e+23,3.05814386e+24
1.38700000e+01,1.83458288e+16,8.84345983e+16,1.38700000e+01,6.66544666e+23,3.21302517e+24
1.38800000e+01,1.92749630e+16,9.29134150e+16,1.38800000e+01,7.00302171e+23,3.37575052e+24
1.38900000e+01,2.02511536e+16,9.76190638e+16,1.38900000e+01,7.35769343e+23,3.54671718e+24
1.39000000e+01,2.12767839e+16,1.02563033e+17,1.39000000e+01,7.73032768e+23,3.72634254e+24
1.39100000e+01,2.23543579e+16,1.07757391e+17,1.39100000e+01,8.12183419e+23,3.91506511e+24
1.39200000e+01,2.34865061e+16,1.13214821e+17,1.39200000e+01,8.53316876e+23,4.11334565e+24
1.39300000e+01,2.46759925e+16,1.18948645e+17,1.39300000e+01,8.96533558e+23,4.32166820e+24
1.39400000e+01,2.59257211e+16,1.24972862e+17,1.39400000e+01,9.41938971e+23,4.54054136e+24
1.39500000e+01,2.72387429e+16,1.31302178e+17,1.39500000e+01,9.89643966e+23,4.77049946e+24
1.39600000e+01,2.86182634e+16,1.37952046e+17,1.39600000e+01,1.03976501e+24,5.01210392e+24
1.39700000e+01,3.00676504e+16,1.44938700e+17,1.39700000e+01,1.09242445e+24,5.26594456e+24
1.39800000e+01,3.15904424e+16,1.52279197e+17,1.39800000e+01,1.14775086e+24,5.53264109e+24
1.39900000e+01,3.31903569e+16,1.59991457e+17,1.39900000e+01,1.20587931e+24,5.81284461e+24
1.40000000e+01,3.48713000e+16,1.68094308e+17,1.40000000e+01,1.26695170e+24,6.10723918e+24
1.40100000e+01,3.66373753e+16,1.76607533e+17,1.40100000e+01,1.33111713e+24,6.41654352e+24
1.40200000e+01,3.84928945e+16,1.85551914e+17,1.40200000e+01,1.39853226e+24,6.74151274e+24
1.40300000e+01,4.04423874e+16,1.94949289e+17,1.40300000e+01,1.46936166e+24,7.08294020e+24
1.40400000e+01,4.24906133e+16,2.04822598e+17,1.40400000e+01,1.54377826e+24,7.44165943e+24
1.40500000e+01,4.46425728e+16,2.15195946e+17,1.40500000e+01,1.62196372e+24,7.81854619e+24
1.40600000e+01,4.69035194e+16,2.26094658e+17,1.40600000e+01,1.70410893e+24,8.21452057e+24
1.40700000e+01,4.92789728e+16,2.37545341e+17,1.40700000e+01,1.79041442e+24,8.63054929e+24
1.40800000e+01,5.17747323e+16,2.49575950e+17,1.40800000e+01,1.88109090e+24,9.06764800e+24
1.40900000e+01,5.43968908e+16,2.62215855e+17,1.40900000e+01,1.97635974e+24,9.52688380e+24
1.41000000e+01,5.71518500e+16,2.75495915e+17,1.41000000e+01,2.07645352e+24,1.00093778e+25
1.41100000e+01,6.00463355e+16,2.89448550e+17,1.41100000e+01,2.18161660e+24,1.05163080e+25
1.41200000e+01,6.30874137e+16,3.04107824e+17,1.41200000e+01,2.29210572e+24,1.10489120e+25
1.41300000e+01,6.62825090e+16,3.19509525e+17,1.41300000e+01,2.40819062e+24,1.16084900e+25
1.41400000e+01,6.96394215e+16,3.35691253e+17,1.41400000e+01,2.53015470e+24,1.21964080e+25
1.41500000e+01,7.31663467e+16,3.52692513e+17,1.41500000e+01,2.65829571e+24,1.28141015e+25
1.41600000e+01,7.68718948e+16,3.70554811e+17,1.41600000e+01,2.79292650e+24,1.34630784e+25
1.41700000e+01,8.07651123e+16,3.89321754e+17,1.41700000e+01,2.93437573e+24,1.41449231e+25
1.41800000e+01,8.48555039e+16,4.09039159e+17,1.41800000e+01,3.08298873e+24,1.48613002e+25
1.41900000e+01,8.91530555e+16,4.29755163e+17,1.41900000e+01,3.23912831e+24,1.56139586e+25
1.42000000e+01,9.36682589e+16,4.51520339e+17,1.42000000e+01,3.40317567e+24,1.64047357e+25
1.42100000e+01,9.84121372e+16,4.74387824e+17,1.42100000e+01,3.57553129e+24,1.72355622e+25
1.42200000e+01,1.03396272e+17,4.98413445e+17,1.42200000e+01,3.75661596e+24,1.81084663e+25
1.42300000e+01,1.08632830e+17,5.23655856e+17,1.42300000e+01,3.94687175e+24,1.90255791e+25
1.42400000e+01,1.14134597e+17,5.50176682e+17,1.42400000e+01,4.14676314e+24,1.99891396e+25
1.42500000e+01,1.19915004e+17,5.78040670e+17,1.42500000e+01,4.35677814e+24,2.10015000e+25
1.42600000e+01,1.25988162e+17,6.07315843e+17,1.42600000e+01,4.57742946e+24,2.20651321e+25
1.42700000e+01,1.32368899e+17,6.38073674e+17,1.42700000e+01,4.80925579e+24,2.31826323e+25
1.42800000e+01,1.39072791e+17,6.70389250e+17,1.42800000e+01,5.05282308e+24,2.43567289e+25
1.42900000e+01,1.46116206e+17,7.04341467e+17,1.42900000e+01,5.30872596e+24,2.55902882e+25
1.43000000e+01,1.53516338e+17,7.40013211e+17,1.43000000e+01,5.57758918e+24,2.68863218e+25
1.43100000e+01,1.61291254e+17,7.77491569e+17,1.43100000e+01,5.86006911e+24,2.82479937e+25
1.43200000e+01,1.69459934e+17,8.16868038e+17,1.43200000e+01,6.15685540e+24,2.96786283e+25
1.43300000e+01,1.78042322e+17,8.58238750e+17,1.43300000e+01,6.46867258e+24,3.11817180e+25
1.43400000e+01,1.87059369e+17,9.01704703e+17,1.43400000e+01,6.79628190e+24,3.27609325e+25
1.43500000e+01,1.96533089e+17,9.47372012e+17,1.43500000e+01,7.14048317e+24,3.44201272e+25
1.43600000e+01,2.06486610e+17,9.95352165e+17,1.43600000e+01,7.50211670e+24,3.61633526e+25
1.43700000e+01,2.16944233e+17,1.04576230e+18,1.43700000e+01,7.88206535e+24,3.79948646e+25
1.43800000e+01,2.27931488e+17,1.09872548e+18,1.43800000e+01,8.28125669e+24,3.99191345e+25
1.43900000e+01,2.39475198e+17,1.15437101e+18,1.43900000e+01,8.70066529e+24,4.19408601e+25
1.44000000e+01,2.51603546e+17,1.21283474e+18,1.44000000e+01,9.14131506e+24,4.40649770e+25
1.44100000e+01,2.64346140e+17,1.27425939e+18,1.44100000e+01,9.60428177e+24,4.62966709e+25
1.44200000e+01,2.77734089e+17,1.33879493e+18,1.44200000e+01,1.00906957e+25,4.86413902e+25
1.44300000e+01,2.91800078e+17,1.40659890e+18,1.44300000e+01,1.06017443e+25,5.11048590e+25
1.44400000e+01,3.06578446e+17,1.47783684e+18,1.44400000e+01,1.11386752e+25,5.36930914e+25
1.44500000e+01,3.22105273e+17,1.55268267e+18,1.44500000e+01,1.17027992e+25,5.64124063e+25
1.44600000e+01,3.38418464e+17,1.63131910e+18,1.44600000e+01,1.22954937e+25,5.92694423e+25
1.44700000e+01,3.55557845e+17,1.71393811e+18,1.44700000e+01,1.29182054e+25,6.22711744e+25
1.44800000e+01,3.73565259e+17,1.80074141e+18,1.44800000e+01,1.35724547e+25,6.54249307e+25
1.44900000e+01,3.92484668e+17,1.89194090e+18,1.44900000e+01,1.42598388e+25,6.87384108e+25
1.45000000e+01,4.12362261e+17,1.98775925e+18,1.45000000e+01,1.49820359e+25,7.22197037e+25
1.45100000e+01,4.33246564e+17,2.08843036e+18,1.45100000e+01,1.57408089e+25,7.58773086e+25
1.45200000e+01,4.55188564e+17,2.19420001e+18,1.45200000e+01,1.65380105e+25,7.97201548e+25
1.45300000e+01,4.78241829e+17,2.30532643e+18,1.45300000e+01,1.73755867e+25,8.37576240e+25
1.45400000e+01,5.02462638e+17,2.42208090e+18,1.45400000e+01,1.82555825e+25,8.79995729e+25
1.45500000e+01,5.27910122e+17,2.54474846e+18,1.45500000e+01,1.91801460e+25,9.24563576e+25
1.45600000e+01,5.54646408e+17,2.67362858e+18,1.45600000e+01,2.01515346e+25,9.71388584e+25
1.45700000e+01,5.82736767e+17,2.80903591e+18,1.45700000e+01,2.11721197e+25,1.02058507e+26
1.45800000e+01,6.12249777e+17,2.95130101e+18,1.45800000e+01,2.22443928e+25,1.07227314e+26
1.45900000e+01,6.43257489e+17,3.10077120e+18,1.45900000e+01,2.33709718e+25,1.12657897e+26
1.46000000e+01,6.75835603e+17,3.25781139e+18,1.46000000e+01,2.45546070e+25,1.18363516e+26
1.46100000e+01,7.10063653e+17,3.42280496e+18,1.46100000e+01,2.57981879e+25,1.24358098e+26
1.46200000e+01,7.46025200e+17,3.59615472e+18,1.46200000e+01,2.71047507e+25,1.30656280e+26
1.46300000e+01,7.83808038e+17,3.77828386e+18,1.46300000e+01,2.84774851e+25,1.37273436e+26
1.46400000e+01,8.23504409e+17,3.96963704e+18,1.46400000e+01,2.99197423e+25,1.44225721e+26
1.46500000e+01,8.65211223e+17,4.17068139e+18,1.46500000e+01,3.14350434e+25,1.51530109e+26
1.46600000e+01,9.09030300e+17,4.38190775e+18,1.46600000e+01,3.30270877e+25,1.59204431e+26
1.46700000e+01,9.55068618e+17,4.60383177e+18,1.46700000e+01,3.46997619e+25,1.67267423e+26
1.46800000e+01,1.00343857e+18,4.83699525e+18,1.46800000e+01,3.64571496e+25,1.75738769e+26
1.46900000e+01,1.05425824e+18,5.08196742e+18,1.46900000e+01,3.83035411e+25,1.84639152e+26
1.47000000e+01,1.10765171e+18,5.33934633e+18,1.47000000e+01,4.02434441e+25,1.93990299e+26
1.47100000e+01,1.16374931e+18,5.60976033e+18,1.47100000e+01,4.22815945e+25,2.03815040e+26
1.47200000e+01,1.22268801e+18,5.89386960e+18,1.47200000e+01,4.44229681e+25,2.14137359e+26
1.47300000e+01,1.28461168e+18,6.19236772e+18,1.47300000e+01,4.66727927e+25,2.24982459e+26
1.47400000e+01,1.34967152e+18,6.50598344e+18,1.47400000e+01,4.90365608e+25,2.36376814e+26
1.47500000e+01,1.41802634e+18,6.83548240e+18,1.47500000e+01,5.15200433e+25,2.48348242e+26
1.47600000e+01,1.48984303e+18,7.18166900e+18,1.47600000e+01,5.41293030e+25,2.60925969e+26
1.47700000e+01,1.56529692e+18,7.54538840e+18,1.47700000e+01,5.68707100e+25,2.74140702e+26
1.47800000e+01,1.64457220e+18,7.92752857e+18,1.47800000e+01,5.97509570e+25,2.88024702e+26
1.47900000e+01,1.72786243e+18,8.32902242e+18,1.47900000e+01,6.27770756e+25,3.02611864e+26
1.48000000e+01,1.81537093e+18,8.75085014e+18,1.48000000e+01,6.59564536e+25,3.17937801e+26
1.48100000e+01,1.90731134e+18,9.19404155e+18,1.48100000e+01,6.92968529e+25,3.34039929e+26
1.48200000e+01,2.00390813e+18,9.65967862e+18,1.48200000e+01,7.28064285e+25,3.50957557e+26
1.48300000e+01,2.10539711e+18,1.01488981e+19,1.48300000e+01,7.64937484e+25,3.68731987e+26
1.48400000e+01,2.21202605e+18,1.06628944e+19,1.48400000e+01,8.03678145e+25,3.87406612e+26
1.48500000e+01,2.32405528e+18,1.12029223e+19,1.48500000e+01,8.44380847e+25,4.07027024e+26
1.48600000e+01,2.44175828e+18,1.17703002e+19,1.48600000e+01,8.87144959e+25,4.27641121e+26
1.48700000e+01,2.56542241e+18,1.23664132e+19,1.48700000e+01,9.32074882e+25,4.49299231e+26
1.48800000e+01,2.69534958e+18,1.29927167e+19,1.48800000e+01,9.79280305e+25,4.72054227e+26
1.48900000e+01,2.83185698e+18,1.36507397e+19,1.48900000e+01,1.02887647e+26,4.95961661e+26
1.49000000e+01,2.97527786e+18,1.43420886e+19,1.49000000e+01,1.08098446e+26,5.21079900e+26
1.49100000e+01,3.12596238e+18,1.50684512e+19,1.49100000e+01,1.13573149e+26,5.47470266e+26
1.49200000e+01,3.28427838e+18,1.58316009e+19,1.49200000e+01,1.19325121e+26,5.75197186e+26
1.49300000e+01,3.45061239e+18,1.66334006e+19,1.49300000e+01,1.25368404e+26,6.04328350e+26
1.49400000e+01,3.62537047e+18,1.74758079e+19,1.49400000e+01,1.31717753e+26,6.34934877e+26
1.49500000e+01,3.80897926e+18,1.83608794e+19,1.49500000e+01,1.38388668e+26,6.67091488e+26
1.49600000e+01,4.00188702e+18,1.92907758e+19,1.49600000e+01,1.45397435e+26,7.00876687e+26
1.49700000e+01,4.20456470e+18,2.02677673e+19,1.49700000e+01,1.52761164e+26,7.36372955e+26
1.49800000e+01,4.41750709e+18,2.12942390e+19,1.49800000e+01,1.60497834e+26,7.73666951e+26
1.49900000e+01,4.64123406e+18,2.23726970e+19,1.49900000e+01,1.68626331e+26,8.12849721e+26
1.50000000e+01,4.87629180e+18,2.35057740e+19,1.50000000e+01,1.77166500e+26,8.54016922e+26
1.50100000e+01,5.12325416e+18,2.46962363e+19,1.50100000e+01,1.86139191e+26,8.97269058e+26
1.50200000e+01,5.38272406e+18,2.59469902e+19,1.50200000e+01,1.95566308e+26,9.42711722e+26
1.50300000e+01,5.65533495e+18,2.72610891e+19,1.50300000e+01,2.05470866e+26,9.90455853e+26
1.50400000e+01,5.94175236e+18,2.86417413e+19,1.50400000e+01,2.15877047e+26,1.04061801e+27
1.50500000e+01,6.24267554e+18,3.00923174e+19,1.50500000e+01,2.26810253e+26,1.09332066e+27
1.50600000e+01,6.55883912e+18,3.16163586e+19,1.50600000e+01,2.38297178e+26,1.14869246e+27
1.50700000e+01,6.89101498e+18,3.32175857e+19,1.50700000e+01,2.50365864e+26,1.20686859e+27
1.50800000e+01,7.24001406e+18,3.48999078e+19,1.50800000e+01,2.63045774e+26,1.26799108e+27
1.50900000e+01,7.60668838e+18,3.66674320e+19,1.50900000e+01,2.76367866e+26,1.33220916e+27
1.51000000e+01,7.99193311e+18,3.85244734e+19,1.51000000e+01,2.90364662e+26,1.39967959e+27
1.51100000e+01,8.39668877e+18,4.04755656e+19,1.51100000e+01,3.05070333e+26,1.47056710e+27
1.51200000e+01,8.82194349e+18,4.25254719e+19,1.51200000e+01,3.20520780e+26,1.54504475e+27
1.51300000e+01,9.26873546e+18,4.46791968e+19,1.51300000e+01,3.36753724e+26,1.62329435e+27
1.51400000e+01,9.73815544e+18,4.69419982e+19,1.51400000e+01,3.53808793e+26,1.70550695e+27
1.51500000e+01,1.02313494e+19,4.93194004e+19,1.51500000e+01,3.71727626e+26,1.79188324e+27
1.51600000e+01,1.07495215e+19,5.18172074e+19,1.51600000e+01,3.90553967e+26,1.88263411e+27
1.51700000e+01,1.12939367e+19,5.44415171e+19,1.51700000e+01,4.10333778e+26,1.97798111e+27
1.51800000e+01,1.18659241e+19,5.71987364e+19,1.51800000e+01,4.31115348e+26,2.07815700e+27
1.51900000e+01,1.24668800e+19,6.00955965e+19,1.51900000e+01,4.52949412e+26,2.18340636e+27
1.52000000e+01,1.30982717e+19,6.31391696e+19,1.52000000e+01,4.75889273e+26,2.29398612e+27
1.52100000e+01,1.37616406e+19,6.63368860e+19,1.52100000e+01,4.99990935e+26,2.41016625e+27
1.52200000e+01,1.44586061e+19,6.96965525e+19,1.52200000e+01,5.25313239e+26,2.53223039e+27
1.52300000e+01,1.51908698e+19,7.32263711e+19,1.52300000e+01,5.51918005e+26,2.66047653e+27
1.52400000e+01,1.59602194e+19,7.69349591e+19,1.52400000e+01,5.79870182e+26,2.79521776e+27
1.52500000e+01,1.67685331e+19,8.08313706e+19,1.52500000e+01,6.09238013e+26,2.93678304e+27
1.52600000e+01,1.76177843e+19,8.49251179e+19,1.52600000e+01,6.40093192e+26,3.08551796e+27
1.52700000e+01,1.85100462e+19,8.92261951e+19,1.52700000e+01,6.72511049e+26,3.24178564e+27
1.52800000e+01,1.94474973e+19,9.37451027e+19,1.52800000e+01,7.06570724e+26,3.40596758e+27
1.52900000e+01,2.04324260e+19,9.84928728e+19,1.52900000e+01,7.42355370e+26,3.57846460e+27
1.53000000e+01,2.14672370e+19,1.03481096e+20,1.53000000e+01,7.79952349e+26,3.75969782e+27
1.53100000e+01,2.25544565e+19,1.08721951e+20,1.53100000e+01,8.19453446e+26,3.95010969e+27
1.53200000e+01,2.36967388e+19,1.14228231e+20,1.53200000e+01,8.60955096e+26,4.15016508e+27
1.53300000e+01,2.48968726e+19,1.20013380e+20,1.53300000e+01,9.04558620e+26,4.36035237e+27
1.53400000e+01,2.61577878e+19,1.26091521e+20,1.53400000e+01,9.50370467e+26,4.58118471e+27
1.53500000e+01,2.74825627e+19,1.32477492e+20,1.53500000e+01,9.98502479e+26,4.81320122e+27
1.53600000e+01,2.88744315e+19,1.39186884e+20,1.53600000e+01,1.04907216e+27,5.05696832e+27
1.53700000e+01,3.03367923e+19,1.46236077e+20,1.53700000e+01,1.10220297e+27,5.31308115e+27
1.53800000e+01,3.18732151e+19,1.53642280e+20,1.53800000e+01,1.15802462e+27,5.58216493e+27
1.53900000e+01,3.34874509e+19,1.61423574e+20,1.53900000e+01,1.21667339e+27,5.86487661e+27
1.54000000e+01,3.51834404e+19,1.69598956e+20,1.54000000e+01,1.27829245e+27,6.16190637e+27
1.54100000e+01,3.69653243e+19,1.78188385e+20,1.54100000e+01,1.34303225e+27,6.47397936e+27
1.54200000e+01,3.88374526e+19,1.87212829e+20,1.54200000e+01,1.41105082e+27,6.80185745e+27
1.54300000e+01,4.08043958e+19,1.96694321e+20,1.54300000e+01,1.48251423e+27,7.14634110e+27
1.54400000e+01,4.28709558e+19,2.06656009e+20,1.54400000e+01,1.55759695e+27,7.50827131e+27
1.54500000e+01,4.50421780e+19,2.17122211e+20,1.54500000e+01,1.63648226e+27,7.88853166e+27
1.54600000e+01,4.73233627e+19,2.28118479e+20,1.54600000e+01,1.71936277e+27,8.28805049e+27
1.54700000e+01,4.97200793e+19,2.39671660e+20,1.54700000e+01,1.80644080e+27,8.70780317e+27
1.54800000e+01,5.22381789e+19,2.51809957e+20,1.54800000e+01,1.89792894e+27,9.14881444e+27
1.54900000e+01,5.48838090e+19,2.64563005e+20,1.54900000e+01,1.99405055e+27,9.61216096e+27
1.55000000e+01,5.76634283e+19,2.77961937e+20,1.55000000e+01,2.09504029e+27,1.00989739e+28
1.55100000e+01,6.05838230e+19,2.92039466e+20,1.55100000e+01,2.20114471e+27,1.06104417e+28
1.55200000e+01,6.36521226e+19,3.06829958e+20,1.55200000e+01,2.31262284e+27,1.11478132e+28
1.55300000e+01,6.68758178e+19,3.22369523e+20,1.55300000e+01,2.42974684e+27,1.17124000e+28
1.55400000e+01,7.02627788e+19,3.38696097e+20,1.55400000e+01,2.55280265e+27,1.23055807e+28
1.55500000e+01,7.38212742e+19,3.55849539e+20,1.55500000e+01,2.68209068e+27,1.29288033e+28
1.55600000e+01,7.75599914e+19,3.73871726e+20,1.55600000e+01,2.81792657e+27,1.35835893e+28
1.55700000e+01,8.14880580e+19,3.92806656e+20,1.55700000e+01,2.96064195e+27,1.42715373e+28
1.55800000e+01,8.56150635e+19,4.12700556e+20,1.55800000e+01,3.11058522e+27,1.49943269e+28
1.55900000e+01,8.99510835e+19,4.33601992e+20,1.55900000e+01,3.26812244e+27,1.57537224e+28
1.56000000e+01,9.45067034e+19,4.55561993e+20,1.56000000e+01,3.43363822e+27,1.65515780e+28
1.56100000e+01,9.92930451e+19,4.78634170e+20,1.56100000e+01,3.60753663e+27,1.73898414e+28
1.56200000e+01,1.04321794e+20,5.02874849e+20,1.56200000e+01,3.79024222e+27,1.82705590e+28
1.56300000e+01,1.09605226e+20,5.28343211e+20,1.56300000e+01,3.98220103e+27,1.91958811e+28
1.56400000e+01,1.15156240e+20,5.55101430e+20,1.56400000e+01,4.18388170e+27,2.01680666e+28
1.56500000e+01,1.20988388e+20,5.83214834e+20,1.56500000e+01,4.39577659e+27,2.11894889e+28
1.56600000e+01,1.27115909e+20,6.12752056e+20,1.56600000e+01,4.61840301e+27,2.22626417e+28
1.56700000e+01,1.33553761e+20,6.43785207e+20,1.56700000e+01,4.85230446e+27,2.33901449e+28
1.56800000e+01,1.40317661e+20,6.76390047e+20,1.56800000e+01,5.09805197e+27,2.45747511e+28
1.56900000e+01,1.47424123e+20,7.10646177e+20,1.56900000e+01,5.35624549e+27,2.58193523e+28
1.57000000e+01,1.54890495e+20,7.46637226e+20,1.57000000e+01,5.62751536e+27,2.71269870e+28
1.57100000e+01,1.62735006e+20,7.84451061e+20,1.57100000e+01,5.91252384e+27,2.85008475e+28
1.57200000e+01,1.70976806e+20,8.24179998e+20,1.57200000e+01,6.21196672e+27,2.99442880e+28
1.57300000e+01,1.79636016e+20,8.65921027e+20,1.57300000e+01,6.52657504e+27,3.14608322e+28
1.57400000e+01,1.88733777e+20,9.09776053e+20,1.57400000e+01,6.85711686e+27,3.30541826e+28
1.57500000e+01,1.98292298e+20,9.55852140e+20,1.57500000e+01,7.20439915e+27,3.47282290e+28
1.57600000e+01,2.08334916e+20,1.00426177e+21,1.57600000e+01,7.56926974e+27,3.64870584e+28
1.57700000e+01,2.18886147e+20,1.05512314e+21,1.57700000e+01,7.95261939e+27,3.83349647e+28
1.57800000e+01,2.29971751e+20,1.10856041e+21,1.57800000e+01,8.35538398e+27,4.02764592e+28
1.57900000e+01,2.41618792e+20,1.16470403e+21,1.57900000e+01,8.77854679e+27,4.23162816e+28
1.58000000e+01,2.53855703e+20,1.22369108e+21,1.58000000e+01,9.22314091e+27,4.44594120e+28
1.58100000e+01,2.66712358e+20,1.28566556e+21,1.58100000e+01,9.69025174e+27,4.67110823e+28
1.58200000e+01,2.80220146e+20,1.35077877e+21,1.58200000e+01,1.01810196e+28,4.90767896e+28
1.58300000e+01,2.94412042e+20,1.41918967e+21,1.58300000e+01,1.06966427e+28,5.15623094e+28
1.58400000e+01,3.09322695e+20,1.49106527e+21,1.58400000e+01,1.12383798e+28,5.41737097e+28
1.58500000e+01,3.24988506e+20,1.56658106e+21,1.58500000e+01,1.18075535e+28,5.69173657e+28
1.58600000e+01,3.41447720e+20,1.64592138e+21,1.58600000e+01,1.24055532e+28,5.97999756e+28
1.58700000e+01,3.58740519e+20,1.72927994e+21,1.58700000e+01,1.30338390e+28,6.28285769e+28
1.58800000e+01,3.76909121e+20,1.81686023e+21,1.58800000e+01,1.36939446e+28,6.60105632e+28
1.58900000e+01,3.95997882e+20,1.90887607e+21,1.58900000e+01,1.43874817e+28,6.93537029e+28
1.59000000e+01,4.16053403e+20,2.00555210e+21,1.59000000e+01,1.51161432e+28,7.28661576e+28
1.59100000e+01,4.37124646e+20,2.10712434e+21,1.59100000e+01,1.58817083e+28,7.65565025e+28
1.59200000e+01,4.59263054e+20,2.21384076e+21,1.59200000e+01,1.66860457e+28,8.04337468e+28
1.59300000e+01,4.82522673e+20,2.32596189e+21,1.59300000e+01,1.75311193e+28,8.45073563e+28
1.59400000e+01,5.06960287e+20,2.44376146e+21,1.59400000e+01,1.84189921e+28,8.87872758e+28
1.59500000e+01,5.32635558e+20,2.56752704e+21,1.59500000e+01,1.93518316e+28,9.32839541e+28
1.59600000e+01,5.59611166e+20,2.69756080e+21,1.59600000e+01,2.03319153e+28,9.80083690e+28
1.59700000e+01,5.87952968e+20,2.83418018e+21,1.59700000e+01,2.13616358e+28,1.02972054e+29
1.59800000e+01,6.17730155e+20,2.97771873e+21,1.59800000e+01,2.24435071e+28,1.08187128e+29
1.59900000e+01,6.49015424e+20,3.12852686e+21,1.59900000e+01,2.35801703e+28,1.13666322e+29
1.60000000e+01,6.81885151e+20,3.28697275e+21,1.60000000e+01,2.47744005e+28,1.19423013e+29
1.60100000e+01,7.16419583e+20,3.45344321e+21,1.60100000e+01,2.60291130e+28,1.25471254e+29
1.60200000e+01,7.52703030e+20,3.62834466e+21,1.60200000e+01,2.73473711e+28,1.31825812e+29
1.60300000e+01,7.90824071e+20,3.81210408e+21,1.60300000e+01,2.87323931e+28,1.38502199e+29
1.60400000e+01,8.30875772e+20,4.00517010e+21,1.60400000e+01,3.01875603e+28,1.45516716e+29
1.60500000e+01,8.72955912e+20,4.20801405e+21,1.60500000e+01,3.17164251e+28,1.52886487e+29
1.60600000e+01,9.17167223e+20,4.42113113e+21,1.60600000e+01,3.33227202e+28,1.60629503e+29
1.60700000e+01,9.63617640e+20,4.64504164e+21,1.60700000e+01,3.50103669e+28,1.68764669e+29
1.60800000e+01,1.01242056e+21,4.88029222e+21,1.60800000e+01,3.67834853e+28,1.77311844e+29
1.60900000e+01,1.06369513e+21,5.12745719e+21,1.60900000e+01,3.86464043e+28,1.86291896e+29
1.61000000e+01,1.11756653e+21,5.38713995e+21,1.61000000e+01,4.06036717e+28,1.95726747e+29
1.61100000e+01,1.17416628e+21,5.65997449e+21,1.61100000e+01,4.26600661e+28,2.05639431e+29
1.61200000e+01,1.23363255e+21,5.94662687e+21,1.61200000e+01,4.48206075e+28,2.16054148e+29
1.61300000e+01,1.29611052e+21,6.24779692e+21,1.61300000e+01,4.70905708e+28,2.26996324e+29
1.61400000e+01,1.36175272e+21,6.56421988e+21,1.61400000e+01,4.94754975e+28,2.38492673e+29
1.61500000e+01,1.43071940e+21,6.89666825e+21,1.61500000e+01,5.19812101e+28,2.50571259e+29
1.61600000e+01,1.50317893e+21,7.24595364e+21,1.61600000e+01,5.46138258e+28,2.63261573e+29
1.61700000e+01,1.57930822e+21,7.61292877e+21,1.61700000e+01,5.73797718e+28,2.76594593e+29
1.61800000e+01,1.65929312e+21,7.99848956e+21,1.61800000e+01,6.02858005e+28,2.90602872e+29
1.61900000e+01,1.74332889e+21,8.40357727e+21,1.61900000e+01,6.33390066e+28,3.05320607e+29
1.62000000e+01,1.83162070e+21,8.82918086e+21,1.62000000e+01,6.65468439e+28,3.20783730e+29
1.62100000e+01,1.92438409e+21,9.27633937e+21,1.62100000e+01,6.99171438e+28,3.37029991e+29
1.62200000e+01,2.02184554e+21,9.74614445e+21,1.62200000e+01,7.34581343e+28,3.54099052e+29
1.62300000e+01,2.12424297e+21,1.02397431e+22,1.62300000e+01,7.71784601e+28,3.72032585e+29
1.62400000e+01,2.23182637e+21,1.07583402e+22,1.62400000e+01,8.10872039e+28,3.90874371e+29
1.62500000e+01,2.34485839e+21,1.13032020e+22,1.62500000e+01,8.51939079e+28,4.10670409e+29
1.62600000e+01,2.46361498e+21,1.18756586e+22,1.62600000e+01,8.95085982e+28,4.31469028e+29
1.62700000e+01,2.58838605e+21,1.24771076e+22,1.62700000e+01,9.40418083e+28,4.53321004e+29
1.62800000e+01,2.71947623e+21,1.31090173e+22,1.62800000e+01,9.88046051e+28,4.76279684e+29
1.62900000e+01,2.85720553e+21,1.37729304e+22,1.62900000e+01,1.03808616e+29,5.00401119e+29
1.63000000e+01,3.00191021e+21,1.44704677e+22,1.63000000e+01,1.09066058e+29,5.25744197e+29
1.63100000e+01,3.15394353e+21,1.52033321e+22,1.63100000e+01,1.14589766e+29,5.52370789e+29
1.63200000e+01,3.31367666e+21,1.59733129e+22,1.63200000e+01,1.20393225e+29,5.80345898e+29
1.63300000e+01,3.48149955e+21,1.67822897e+22,1.63300000e+01,1.26490603e+29,6.09737821e+29
1.63400000e+01,3.65782193e+21,1.76322376e+22,1.63400000e+01,1.32896786e+29,6.40618314e+29
1.63500000e+01,3.84307425e+21,1.85252316e+22,1.63500000e+01,1.39627414e+29,6.73062765e+29
1.63600000e+01,4.03770876e+21,1.94634517e+22,1.63600000e+01,1.46698918e+29,7.07150383e+29
1.63700000e+01,4.24220065e+21,2.04491884e+22,1.63700000e+01,1.54128562e+29,7.42964386e+29
1.63800000e+01,4.45704913e+21,2.14848483e+22,1.63800000e+01,1.61934484e+29,7.80592208e+29
1.63900000e+01,4.68277873e+21,2.25729597e+22,1.63900000e+01,1.70135741e+29,8.20125711e+29
1.64000000e+01,4.91994052e+21,2.37161792e+22,1.64000000e+01,1.78752355e+29,8.61661409e+29
1.64100000e+01,5.16911349e+21,2.49172975e+22,1.64100000e+01,1.87805362e+29,9.05300704e+29
1.64200000e+01,5.43090597e+21,2.61792472e+22,1.64200000e+01,1.97316863e+29,9.51150135e+29
1.64300000e+01,5.70595705e+21,2.75051089e+22,1.64300000e+01,2.07310080e+29,9.99321633e+29
1.64400000e+01,5.99493825e+21,2.88981196e+22,1.64400000e+01,2.17809408e+29,1.04993280e+30
1.64500000e+01,6.29855505e+21,3.03616801e+22,1.64500000e+01,2.28840480e+29,1.10310720e+30
1.64600000e+01,6.61754868e+21,3.18993633e+22,1.64600000e+01,2.40430226e+29,1.15897465e+30
1.64700000e+01,6.95269792e+21,3.35149234e+22,1.64700000e+01,2.52606942e+29,1.21767153e+30
1.64800000e+01,7.30482096e+21,3.52123043e+22,1.64800000e+01,2.65400353e+29,1.27934114e+30
1.64900000e+01,7.67477746e+21,3.69956500e+22,1.64900000e+01,2.78841694e+29,1.34413405e+30
1.65000000e+01,8.06347060e+21,3.88693141e+22,1.65000000e+01,2.92963778e+29,1.41220842e+30
1.65100000e+01,8.47184931e+21,4.08378710e+22,1.65100000e+01,3.07801082e+29,1.48373046e+30
1.65200000e+01,8.90091058e+21,4.29061264e+22,1.65200000e+01,3.23389830e+29,1.55887477e+30
1.65300000e+01,9.35170187e+21,4.50791298e+22,1.65300000e+01,3.39768078e+29,1.63782480e+30
1.65400000e+01,9.82532373e+21,4.73621860e+22,1.65400000e+01,3.56975811e+29,1.72077330e+30
1.65500000e+01,1.03229324e+22,4.97608688e+22,1.65500000e+01,3.75055039e+29,1.80792277e+30
1.65600000e+01,1.08457428e+22,5.22810342e+22,1.65600000e+01,3.94049899e+29,1.89948597e+30
1.65700000e+01,1.13950311e+22,5.49288347e+22,1.65700000e+01,4.14006763e+29,1.99568644e+30
1.65800000e+01,1.19721385e+22,5.77107344e+22,1.65800000e+01,4.34974353e+29,2.09675903e+30
1.65900000e+01,1.25784737e+22,6.06335249e+22,1.65900000e+01,4.57003858e+29,2.20295049e+30
1.66000000e+01,1.32155171e+22,6.37043417e+22,1.66000000e+01,4.80149059e+29,2.31452008e+30
1.66100000e+01,1.38848239e+22,6.69306816e+22,1.66100000e+01,5.04466460e+29,2.43174016e+30
1.66200000e+01,1.45880281e+22,7.03204211e+22,1.66200000e+01,5.30015430e+29,2.55489692e+30
1.66300000e+01,1.53268465e+22,7.38818359e+22,1.66300000e+01,5.56858340e+29,2.68429102e+30
1.66400000e+01,1.61030827e+22,7.76236203e+22,1.66400000e+01,5.85060723e+29,2.82023835e+30
1.66500000e+01,1.69186318e+22,8.15549094e+22,1.66500000e+01,6.14691431e+29,2.96307081e+30
1.66600000e+01,1.77754848e+22,8.56853006e+22,1.66600000e+01,6.45822802e+29,3.11313709e+30
1.66700000e+01,1.86757336e+22,9.00248778e+22,1.66700000e+01,6.78530838e+29,3.27080355e+30
1.66800000e+01,1.96215759e+22,9.45842350e+22,1.66800000e+01,7.12895389e+29,3.43645512e+30
1.66900000e+01,2.06153210e+22,9.93745034e+22,1.66900000e+01,7.49000351e+29,3.61049619e+30
1.67000000e+01,2.16593947e+22,1.04407377e+23,1.67000000e+01,7.86933868e+29,3.79335167e+30
1.67100000e+01,2.27563462e+22,1.09695144e+23,1.67100000e+01,8.26788547e+29,3.98546796e+30
1.67200000e+01,2.39088533e+22,1.15250712e+23,1.67200000e+01,8.68661688e+29,4.18731408e+30
1.67300000e+01,2.51197298e+22,1.21087645e+23,1.67300000e+01,9.12655516e+29,4.39938281e+30
1.67400000e+01,2.63919317e+22,1.27220193e+23,1.67400000e+01,9.58877435e+29,4.62219187e+30
1.67500000e+01,2.77285649e+22,1.33663326e+23,1.67500000e+01,1.00744029e+30,4.85628520e+30
1.67600000e+01,2.91328927e+22,1.40432776e+23,1.67600000e+01,1.05846263e+30,5.10223432e+30
1.67700000e+01,3.06083434e+22,1.47545067e+23,1.67700000e+01,1.11206903e+30,5.36063966e+30
1.67800000e+01,3.21585190e+22,1.55017565e+23,1.67800000e+01,1.16839035e+30,5.63213208e+30
1.67900000e+01,3.37872041e+22,1.62868511e+23,1.67900000e+01,1.22756409e+30,5.91737437e+30
1.68000000e+01,3.54983749e+22,1.71117072e+23,1.68000000e+01,1.28973472e+30,6.21706291e+30
1.68100000e+01,3.72962087e+22,1.79783387e+23,1.68100000e+01,1.35505401e+30,6.53192933e+30
1.68200000e+01,3.91850948e+22,1.88888611e+23,1.68200000e+01,1.42368144e+30,6.86274232e+30
1.68300000e+01,4.11696446e+22,1.98454974e+23,1.68300000e+01,1.49578453e+30,7.21030952e+30
1.68400000e+01,4.32547029e+22,2.08505830e+23,1.68400000e+01,1.57153933e+30,7.57547944e+30
1.68500000e+01,4.54453601e+22,2.19065718e+23,1.68500000e+01,1.65113076e+30,7.95914358e+30
1.68600000e+01,4.77469642e+22,2.30160416e+23,1.68600000e+01,1.73475315e+30,8.36223859e+30
1.68700000e+01,5.01651343e+22,2.41817012e+23,1.68700000e+01,1.82261063e+30,8.78574856e+30
1.68800000e+01,5.27057739e+22,2.54063961e+23,1.68800000e+01,1.91491771e+30,9.23070742e+30
1.68900000e+01,5.53750856e+22,2.66931164e+23,1.68900000e+01,2.01189972e+30,9.69820145e+30
1.69000000e+01,5.81795859e+22,2.80450034e+23,1.69000000e+01,2.11379344e+30,1.01893720e+31
1.69100000e+01,6.11261217e+22,2.94653573e+23,1.69100000e+01,2.22084762e+30,1.07054181e+31
1.69200000e+01,6.42218862e+22,3.09576458e+23,1.69200000e+01,2.33332362e+30,1.12475996e+31
1.69300000e+01,6.74744374e+22,3.25255121e+23,1.69300000e+01,2.45149602e+30,1.18172402e+31
1.69400000e+01,7.08917158e+22,3.41727837e+23,1.69400000e+01,2.57565333e+30,1.24157305e+31
1.69500000e+01,7.44820641e+22,3.59034823e+23,1.69500000e+01,2.70609864e+30,1.30445317e+31
1.69600000e+01,7.82542474e+22,3.77218331e+23,1.69600000e+01,2.84315043e+30,1.37051789e+31
1.69700000e+01,8.22174749e+22,3.96322752e+23,1.69700000e+01,2.98714328e+30,1.43992849e+31
1.69800000e+01,8.63814221e+22,4.16394726e+23,1.69800000e+01,3.13842872e+30,1.51285443e+31
1.69900000e+01,9.07562547e+22,4.37483256e+23,1.69900000e+01,3.29737610e+30,1.58947373e+31
1.70000000e+01,9.53526530e+22,4.59639825e+23,1.70000000e+01,3.46437344e+30,1.66997347e+31
1.70100000e+01,1.00181838e+23,4.82918526e+23,1.70100000e+01,3.63982846e+30,1.75455015e+31
1.70200000e+01,1.05255600e+23,5.07376189e+23,1.70200000e+01,3.82416949e+30,1.84341027e+31
1.70300000e+01,1.10586325e+23,5.33072523e+23,1.70300000e+01,4.01784656e+30,1.93677075e+31
1.70400000e+01,1.16187028e+23,5.60070261e+23,1.70400000e+01,4.22133251e+30,2.03485952e+31
1.70500000e+01,1.22071381e+23,5.88435314e+23,1.70500000e+01,4.43512412e+30,2.13791605e+31
1.70600000e+01,1.28253750e+23,6.18236930e+23,1.70600000e+01,4.65974331e+30,2.24619194e+31
1.70700000e+01,1.34749229e+23,6.49547865e+23,1.70700000e+01,4.89573846e+30,2.35995151e+31
1.70800000e+01,1.41573675e+23,6.82444558e+23,1.70800000e+01,5.14368571e+30,2.47947250e+31
1.70900000e+01,1.48743748e+23,7.17007321e+23,1.70900000e+01,5.40419038e+30,2.60504668e+31
1.71000000e+01,1.56276953e+23,7.53320534e+23,1.71000000e+01,5.67788845e+30,2.73698064e+31
1.71100000e+01,1.64191682e+23,7.91472849e+23,1.71100000e+01,5.96544809e+30,2.87559647e+31
1.71200000e+01,1.72507256e+23,8.31557408e+23,1.71200000e+01,6.26757135e+30,3.02123256e+31
1.71300000e+01,1.81243976e+23,8.73672070e+23,1.71300000e+01,6.58499580e+30,3.17424448e+31
1.71400000e+01,1.90423173e+23,9.17919652e+23,1.71400000e+01,6.91849637e+30,3.33500576e+31
1.71500000e+01,2.00067255e+23,9.64408175e+23,1.71500000e+01,7.26888726e+30,3.50390888e+31
1.71600000e+01,2.10199766e+23,1.01325113e+24,1.71600000e+01,7.63702388e+30,3.68136619e+31
1.71700000e+01,2.20845444e+23,1.06456777e+24,1.71700000e+01,8.02380497e+30,3.86781091e+31
1.71800000e+01,2.32030277e+23,1.11848337e+24,1.71800000e+01,8.43017479e+30,4.06369823e+31
1.71900000e+01,2.43781573e+23,1.17512954e+24,1.71900000e+01,8.85712543e+30,4.26950636e+31
1.72000000e+01,2.56128019e+23,1.23464460e+24,1.72000000e+01,9.30569921e+30,4.48573776e+31
1.72100000e+01,2.69099757e+23,1.29717382e+24,1.72100000e+01,9.77699124e+30,4.71292031e+31
1.72200000e+01,2.82728456e+23,1.36286987e+24,1.72200000e+01,1.02721521e+31,4.95160864e+31
1.72300000e+01,2.97047387e+23,1.43189314e+24,1.72300000e+01,1.07923906e+31,5.20238546e+31
1.72400000e+01,3.12091508e+23,1.50441212e+24,1.72400000e+01,1.13389769e+31,5.46586301e+31
1.72500000e+01,3.27897547e+23,1.58060386e+24,1.72500000e+01,1.19132454e+31,5.74268451e+31
1.72600000e+01,3.44504091e+23,1.66065437e+24,1.72600000e+01,1.25165980e+31,6.03352579e+31
1.72700000e+01,3.61951681e+23,1.74475909e+24,1.72700000e+01,1.31505077e+31,6.33909688e+31
1.72800000e+01,3.80282915e+23,1.83312333e+24,1.72800000e+01,1.38165220e+31,6.66014377e+31
1.72900000e+01,3.99542543e+23,1.92596282e+24,1.72900000e+01,1.45162671e+31,6.99745026e+31
1.73000000e+01,4.19777585e+23,2.02350422e+24,1.73000000e+01,1.52514510e+31,7.35183981e+31
1.73100000e+01,4.41037442e+23,2.12598566e+24,1.73100000e+01,1.60238688e+31,7.72417760e+31
1.73200000e+01,4.63374015e+23,2.23365732e+24,1.73200000e+01,1.68354061e+31,8.11537264e+31
1.73300000e+01,4.86841836e+23,2.34678207e+24,1.73300000e+01,1.76880441e+31,8.52637996e+31
1.73400000e+01,5.11498197e+23,2.46563608e+24,1.73400000e+01,1.85838644e+31,8.95820295e+31
1.73500000e+01,5.37403292e+23,2.59050952e+24,1.73500000e+01,1.95250539e+31,9.41189585e+31
1.73600000e+01,5.64620364e+23,2.72170724e+24,1.73600000e+01,2.05139106e+31,9.88856627e+31
1.73700000e+01,5.93215860e+23,2.85954953e+24,1.73700000e+01,2.15528484e+31,1.03893779e+32
1.73800000e+01,6.23259589e+23,3.00437292e+24,1.73800000e+01,2.26444037e+31,1.09155534e+32
1.73900000e+01,6.54824898e+23,3.15653097e+24,1.73900000e+01,2.37912414e+31,1.14683774e+32
1.74000000e+01,6.87988850e+23,3.31639514e+24,1.74000000e+01,2.49961614e+31,1.20491994e+32
1.74100000e+01,7.22832407e+23,3.48435572e+24,1.74100000e+01,2.62621051e+31,1.26594374e+32
1.74200000e+01,7.59440634e+23,3.66082274e+24,1.74200000e+01,2.75921632e+31,1.33005813e+32
1.74300000e+01,7.97902905e+23,3.84622704e+24,1.74300000e+01,2.89895829e+31,1.39741962e+32
1.74400000e+01,8.38313117e+23,4.04102123e+24,1.74400000e+01,3.04577755e+31,1.46819267e+32
1.74500000e+01,8.80769926e+23,4.24568087e+24,1.74500000e+01,3.20003256e+31,1.54255006e+32
1.74600000e+01,9.25376982e+23,4.46070562e+24,1.74600000e+01,3.36209989e+31,1.62067332e+32
1.74700000e+01,9.72243186e+23,4.68662040e+24,1.74700000e+01,3.53237521e+31,1.70275317e+32
1.74800000e+01,1.02148295e+24,4.92397675e+24,1.74800000e+01,3.71127421e+31,1.78899000e+32
1.74900000e+01,1.07321649e+24,5.17335414e+24,1.74900000e+01,3.89923364e+31,1.87959434e+32
1.75000000e+01,1.12757011e+24,5.43536139e+24,1.75000000e+01,4.09671238e+31,1.97478739e+32
1.75100000e+01,1.18467649e+24,5.71063812e+24,1.75100000e+01,4.30419254e+31,2.07480153e+32
1.75200000e+01,1.24467505e+24,5.99985639e+24,1.75200000e+01,4.52218063e+31,2.17988095e+32
1.75300000e+01,1.30771228e+24,6.30372228e+24,1.75300000e+01,4.75120885e+31,2.29028217e+32
1.75400000e+01,1.37394205e+24,6.62297761e+24,1.75400000e+01,4.99183632e+31,2.40627471e+32
1.75500000e+01,1.44352607e+24,6.95840179e+24,1.75500000e+01,5.24465050e+31,2.52814176e+32
1.75600000e+01,1.51663421e+24,7.31081371e+24,1.75600000e+01,5.51026858e+31,2.65618083e+32
1.75700000e+01,1.59344495e+24,7.68107372e+24,1.75700000e+01,5.78933903e+31,2.79070450e+32
1.75800000e+01,1.67414580e+24,8.07008573e+24,1.75800000e+01,6.08254315e+31,2.93204120e+32
1.75900000e+01,1.75893380e+24,8.47879947e+24,1.75900000e+01,6.39059675e+31,3.08053597e+32
1.76000000e+01,1.84801592e+24,8.90821273e+24,1.76000000e+01,6.71425188e+31,3.23655133e+32
1.76100000e+01,1.94160966e+24,9.35937385e+24,1.76100000e+01,7.05429870e+31,3.40046818e+32
1.76200000e+01,2.03994351e+24,9.83338426e+24,1.76200000e+01,7.41156737e+31,3.57268668e+32
1.76300000e+01,2.14325752e+24,1.03314012e+25,1.76300000e+01,7.78693009e+31,3.75362727e+32
1.76400000e+01,2.25180392e+24,1.08546404e+25,1.76400000e+01,8.18130326e+31,3.94373170e+32
1.76500000e+01,2.36584772e+24,1.14043794e+25,1.76500000e+01,8.59564967e+31,4.14346407e+32
1.76600000e+01,2.48566732e+24,1.19819602e+25,1.76600000e+01,9.03098087e+31,4.35331199e+32
1.76700000e+01,2.61155525e+24,1.25887929e+25,1.76700000e+01,9.48835964e+31,4.57378776e+32
1.76800000e+01,2.74381884e+24,1.32263589e+25,1.76800000e+01,9.96890261e+31,4.80542965e+32
1.76900000e+01,2.88278098e+24,1.38962148e+25,1.76900000e+01,1.04737829e+32,5.04880316e+32
1.77000000e+01,3.02878094e+24,1.45999959e+25,1.77000000e+01,1.10042332e+32,5.30450245e+32
1.77100000e+01,3.18217515e+24,1.53394204e+25,1.77100000e+01,1.15615483e+32,5.57315177e+32
1.77200000e+01,3.34333808e+24,1.61162934e+25,1.77200000e+01,1.21470890e+32,5.85540697e+32
1.77300000e+01,3.51266320e+24,1.69325116e+25,1.77300000e+01,1.27622848e+32,6.15195714e+32
1.77400000e+01,3.69056387e+24,1.77900675e+25,1.77400000e+01,1.34086374e+32,6.46352624e+32
1.77500000e+01,3.87747442e+24,1.86910548e+25,1.77500000e+01,1.40877249e+32,6.79087493e+32
1.77600000e+01,4.07385115e+24,1.96376731e+25,1.77600000e+01,1.48012051e+32,7.13480236e+32
1.77700000e+01,4.28017348e+24,2.06322334e+25,1.77700000e+01,1.55508199e+32,7.49614818e+32
1.77800000e+01,4.49694512e+24,2.16771637e+25,1.77800000e+01,1.63383994e+32,7.87579455e+32
1.77900000e+01,4.72469527e+24,2.27750151e+25,1.77900000e+01,1.71658662e+32,8.27466830e+32
1.78000000e+01,4.96397995e+24,2.39284677e+25,1.78000000e+01,1.80352405e+32,8.69374323e+32
1.78100000e+01,5.21538333e+24,2.51403376e+25,1.78100000e+01,1.89486448e+32,9.13404243e+32
1.78200000e+01,5.47951916e+24,2.64135832e+25,1.78200000e+01,1.99083089e+32,9.59664081e+32
1.78300000e+01,5.75703229e+24,2.77513130e+25,1.78300000e+01,2.09165756e+32,1.00826677e+33
1.78400000e+01,6.04860022e+24,2.91567928e+25,1.78400000e+01,2.19759066e+32,1.05933097e+33
1.78500000e+01,6.35493476e+24,3.06334539e+25,1.78500000e+01,2.30888880e+32,1.11298135e+33
1.78600000e+01,6.67678377e+24,3.21849013e+25,1.78600000e+01,2.42582368e+32,1.16934887e+33
1.78700000e+01,7.01493299e+24,3.38149226e+25,1.78700000e+01,2.54868080e+32,1.22857116e+33
1.78800000e+01,7.37020797e+24,3.55274971e+25,1.78800000e+01,2.67776008e+32,1.29079280e+33
1.78900000e+01,7.74347602e+24,3.73268059e+25,1.78900000e+01,2.81337665e+32,1.35616568e+33
1.79000000e+01,8.13564844e+24,3.92172416e+25,1.79000000e+01,2.95586159e+32,1.42484940e+33
1.79100000e+01,8.54768263e+24,4.12034194e+25,1.79100000e+01,3.10556275e+32,1.49701165e+33
1.79200000e+01,8.98058452e+24,4.32901883e+25,1.79200000e+01,3.26284561e+32,1.57282859e+33
1.79300000e+01,9.43541094e+24,4.54826426e+25,1.79300000e+01,3.42809414e+32,1.65248532e+33
1.79400000e+01,9.91327229e+24,4.77861350e+25,1.79400000e+01,3.60171177e+32,1.73617631e+33
1.79500000e+01,1.04153352e+25,5.02062889e+25,1.79500000e+01,3.78412236e+32,1.82410587e+33
1.79600000e+01,1.09428253e+25,5.27490129e+25,1.79600000e+01,3.97577123e+32,1.91648867e+33
1.79700000e+01,1.14970305e+25,5.54205144e+25,1.79700000e+01,4.17712625e+32,2.01355025e+33
1.79800000e+01,1.20793036e+25,5.82273155e+25,1.79800000e+01,4.38867901e+32,2.11552756e+33
1.79900000e+01,1.26910663e+25,6.11762685e+25,1.79900000e+01,4.61094597e+32,2.22266957e+33
1.80000000e+01,1.33338120e+25,6.42745728e+25,1.80000000e+01,4.84446975e+32,2.33523784e+33
1.80100000e+01,1.40091099e+25,6.75297923e+25,1.80100000e+01,5.08982047e+32,2.45350719e+33
1.80200000e+01,1.47186087e+25,7.09498742e+25,1.80200000e+01,5.34759710e+32,2.57776635e+33
1.80300000e+01,1.54640404e+25,7.45431678e+25,1.80300000e+01,5.61842897e+32,2.70831868e+33
1.80400000e+01,1.62472248e+25,7.83184458e+25,1.80400000e+01,5.90297726e+32,2.84548290e+33
1.80500000e+01,1.70700741e+25,8.22849247e+25,1.80500000e+01,6.20193665e+32,2.98959388e+33
1.80600000e+01,1.79345969e+25,8.64522880e+25,1.80600000e+01,6.51603699e+32,3.14100344e+33
1.80700000e+01,1.88429040e+25,9.08307096e+25,1.80700000e+01,6.84604511e+32,3.30008121e+33
1.80800000e+01,1.97972128e+25,9.54308786e+25,1.80800000e+01,7.19276667e+32,3.46721556e+33
1.80900000e+01,2.07998531e+25,1.00264026e+26,1.80900000e+01,7.55704812e+32,3.64281451e+33
1.81000000e+01,2.18532726e+25,1.05341950e+26,1.81000000e+01,7.93977880e+32,3.82730677e+33
1.81100000e+01,2.29600431e+25,1.10677048e+26,1.81100000e+01,8.34189307e+32,4.02114273e+33
1.81200000e+01,2.41228665e+25,1.16282346e+26,1.81200000e+01,8.76437263e+32,4.22479562e+33
1.81300000e+01,2.53445818e+25,1.22171526e+26,1.81300000e+01,9.20824890e+32,4.43876262e+33
1.81400000e+01,2.66281715e+25,1.28358968e+26,1.81400000e+01,9.67460550e+32,4.66356609e+33
1.81500000e+01,2.79767692e+25,1.34859775e+26,1.81500000e+01,1.01645810e+33,4.89975484e+33
1.81600000e+01,2.93936674e+25,1.41689819e+26,1.81600000e+01,1.06793715e+33,5.14790550e+33
1.81700000e+01,3.08823252e+25,1.48865775e+26,1.81700000e+01,1.12202339e+33,5.40862389e+33
1.81800000e+01,3.24463768e+25,1.56405160e+26,1.81800000e+01,1.17884886e+33,5.68254649e+33
1.81900000e+01,3.40896406e+25,1.64326382e+26,1.81900000e+01,1.23855228e+33,5.97034204e+33
1.82000000e+01,3.58161284e+25,1.72648778e+26,1.82000000e+01,1.30127941e+33,6.27271316e+33
1.82100000e+01,3.76300550e+25,1.81392666e+26,1.82100000e+01,1.36718339e+33,6.59039801e+33
1.82200000e+01,3.95358489e+25,1.90579393e+26,1.82200000e+01,1.43642511e+33,6.92417219e+33
1.82300000e+01,4.15381628e+25,2.00231386e+26,1.82300000e+01,1.50917362e+33,7.27485053e+33
1.82400000e+01,4.36418849e+25,2.10372210e+26,1.82400000e+01,1.58560651e+33,7.64328916e+33
1.82500000e+01,4.58521511e+25,2.21026622e+26,1.82500000e+01,1.66591038e+33,8.03038756e+33
1.82600000e+01,4.81743574e+25,2.32220631e+26,1.82600000e+01,1.75028129e+33,8.43709076e+33
1.82700000e+01,5.06141731e+25,2.43981567e+26,1.82700000e+01,1.83892521e+33,8.86439166e+33
1.82800000e+01,5.31775545e+25,2.56338142e+26,1.82800000e+01,1.93205854e+33,9.31333344e+33
1.82900000e+01,5.58707597e+25,2.69320522e+26,1.82900000e+01,2.02990866e+33,9.78501211e+33
1.83000000e+01,5.87003638e+25,2.82960401e+26,1.83000000e+01,2.13271446e+33,1.02805792e+34
1.83100000e+01,6.16732745e+25,2.97291080e+26,1.83100000e+01,2.24072690e+33,1.08012445e+34
1.83200000e+01,6.47967500e+25,3.12347543e+26,1.83200000e+01,2.35420969e+33,1.13482792e+34
1.83300000e+01,6.80784155e+25,3.28166548e+26,1.83300000e+01,2.47343988e+33,1.19230188e+34
1.83400000e+01,7.15262826e+25,3.44786716e+26,1.83400000e+01,2.59870855e+33,1.25268664e+34
1.83500000e+01,7.51487688e+25,3.62248620e+26,1.83500000e+01,2.73032151e+33,1.31612961e+34
1.83600000e+01,7.89547177e+25,3.80594892e+26,1.83600000e+01,2.86860008e+33,1.38278569e+34
1.83700000e+01,8.29534210e+25,3.99870321e+26,1.83700000e+01,3.01388184e+33,1.45281760e+34
1.83800000e+01,8.71546406e+25,4.20121964e+26,1.83800000e+01,3.16652147e+33,1.52639631e+34
1.83900000e+01,9.15686332e+25,4.41399261e+26,1.83900000e+01,3.32689161e+33,1.60370145e+34
1.84000000e+01,9.62061748e+25,4.63754159e+26,1.84000000e+01,3.49538379e+33,1.68492175e+34
1.84100000e+01,1.01078587e+26,4.87241232e+26,1.84100000e+01,3.67240934e+33,1.77025550e+34
1.84200000e+01,1.06197765e+26,5.11917821e+26,1.84200000e+01,3.85840044e+33,1.85991102e+34
1.84300000e+01,1.11576207e+26,5.37844168e+26,1.84300000e+01,4.05381116e+33,1.95410720e+34
1.84400000e+01,1.17227043e+26,5.65083569e+26,1.84400000e+01,4.25911856e+33,2.05307398e+34
1.84500000e+01,1.23164068e+26,5.93702524e+26,1.84500000e+01,4.47482386e+33,2.15705300e+34
1.84600000e+01,1.29401777e+26,6.23770900e+26,1.84600000e+01,4.70145366e+33,2.26629808e+34
1.84700000e+01,1.35955398e+26,6.55362105e+26,1.84700000e+01,4.93956126e+33,2.38107594e+34
1.84800000e+01,1.42840931e+26,6.88553264e+26,1.84800000e+01,5.18972794e+33,2.50166678e+34
1.84900000e+01,1.50075185e+26,7.23425406e+26,1.84900000e+01,5.45256444e+33,2.62836501e+34
1.85000000e+01,1.57675821e+26,7.60063666e+26,1.85000000e+01,5.72871243e+33,2.76147994e+34
1.85100000e+01,1.65661396e+26,7.98557491e+26,1.85100000e+01,6.01884609e+33,2.90133654e+34
1.85200000e+01,1.74051405e+26,8.39000855e+26,1.85200000e+01,6.32367371e+33,3.04827626e+34
1.85300000e+01,1.82866330e+26,8.81492494e+26,1.85300000e+01,6.64393949e+33,3.20265781e+34
1.85400000e+01,1.92127691e+26,9.26136145e+26,1.85400000e+01,6.98042530e+33,3.36485810e+34
1.85500000e+01,2.01858099e+26,9.73040797e+26,1.85500000e+01,7.33395261e+33,3.53527311e+34
1.85600000e+01,2.12081309e+26,1.02232096e+27,1.85600000e+01,7.70538450e+33,3.71431888e+34
1.85700000e+01,2.22822278e+26,1.07409694e+27,1.85700000e+01,8.09562775e+33,3.90243251e+34
1.85800000e+01,2.34107230e+26,1.12849515e+27,1.85800000e+01,8.50563508e+33,4.10007326e+34
1.85900000e+01,2.45963713e+26,1.18564838e+27,1.85900000e+01,8.93640744e+33,4.30772362e+34
1.86000000e+01,2.58420675e+26,1.24569616e+27,1.86000000e+01,9.38899649e+33,4.52589055e+34
1.86100000e+01,2.71508526e+26,1.30878510e+27,1.86100000e+01,9.86450716e+33,4.75510666e+34
1.86200000e+01,2.85259218e+26,1.37506921e+27,1.86200000e+01,1.03641003e+34,4.99593154e+34
1.86300000e+01,2.99706321e+26,1.44471031e+27,1.86300000e+01,1.08889956e+34,5.24895312e+34
1.86400000e+01,3.14885106e+26,1.51787843e+27,1.86400000e+01,1.14404745e+34,5.51478911e+34
1.86500000e+01,3.30832627e+26,1.59475218e+27,1.86500000e+01,1.20198834e+34,5.79408850e+34
1.86600000e+01,3.47587820e+26,1.67551924e+27,1.86600000e+01,1.26286367e+34,6.08753316e+34
1.86700000e+01,3.65191588e+26,1.76037680e+27,1.86700000e+01,1.32682207e+34,6.39583948e+34
1.86800000e+01,3.83686908e+26,1.84953200e+27,1.86800000e+01,1.39401967e+34,6.71976014e+34
1.86900000e+01,4.03118933e+26,1.94320253e+27,1.86900000e+01,1.46462053e+34,7.06008592e+34
1.87000000e+01,4.23535104e+26,2.04161704e+27,1.87000000e+01,1.53879700e+34,7.41764769e+34
1.87100000e+01,4.44985262e+26,2.14501581e+27,1.87100000e+01,1.61673019e+34,7.79331836e+34
1.87200000e+01,4.67521774e+26,2.25365126e+27,1.87200000e+01,1.69861034e+34,8.18801506e+34
1.87300000e+01,4.91199660e+26,2.36778862e+27,1.87300000e+01,1.78463735e+34,8.60270139e+34
1.87400000e+01,5.16076726e+26,2.48770652e+27,1.87400000e+01,1.87502125e+34,9.03838973e+34
1.87500000e+01,5.42213703e+26,2.61369772e+27,1.87500000e+01,1.96998269e+34,9.49614373e+34
1.87600000e+01,5.69674401e+26,2.74606982e+27,1.87600000e+01,2.06975349e+34,9.97708092e+34
1.87700000e+01,5.98525861e+26,2.88514597e+27,1.87700000e+01,2.17457725e+34,1.04823754e+35
1.87800000e+01,6.28838518e+26,3.03126570e+27,1.87800000e+01,2.28470986e+34,1.10132609e+35
1.87900000e+01,6.60686375e+26,3.18478575e+27,1.87900000e+01,2.40042019e+34,1.15710332e+35
1.88000000e+01,6.94147184e+26,3.34608090e+27,1.88000000e+01,2.52199073e+34,1.21570543e+35
1.88100000e+01,7.29302633e+26,3.51554492e+27,1.88100000e+01,2.64971828e+34,1.27727547e+35
1.88200000e+01,7.66238549e+26,3.69359155e+27,1.88200000e+01,2.78391466e+34,1.34196376e+35
1.88300000e+01,8.05045103e+26,3.88065543e+27,1.88300000e+01,2.92490748e+34,1.40992822e+35
1.88400000e+01,8.45817036e+26,4.07719327e+27,1.88400000e+01,3.07304096e+34,1.48133478e+35
1.88500000e+01,8.88653884e+26,4.28368487e+27,1.88500000e+01,3.22867673e+34,1.55635776e+35
1.88600000e+01,9.33660228e+26,4.50063434e+27,1.88600000e+01,3.39219476e+34,1.63518031e+35
1.88700000e+01,9.80945941e+26,4.72857133e+27,1.88700000e+01,3.56399425e+34,1.71799488e+35
1.88800000e+01,1.03062646e+27,4.96805231e+27,1.88800000e+01,3.74449461e+34,1.80500363e+35
1.88900000e+01,1.08282308e+27,5.21966194e+27,1.88900000e+01,3.93413651e+34,1.89641899e+35
1.89000000e+01,1.13766323e+27,5.48401446e+27,1.89000000e+01,4.13338293e+34,1.99246413e+35
1.89100000e+01,1.19528078e+27,5.76175526e+27,1.89100000e+01,4.34272028e+34,2.09337352e+35
1.89200000e+01,1.25581640e+27,6.05356238e+27,1.89200000e+01,4.56265963e+34,2.19939353e+35
1.89300000e+01,1.31941789e+27,6.36014823e+27,1.89300000e+01,4.79373793e+34,2.31078297e+35
1.89400000e+01,1.38624050e+27,6.68226129e+27,1.89400000e+01,5.03651931e+34,2.42781379e+35
1.89500000e+01,1.45644738e+27,7.02068792e+27,1.89500000e+01,5.29159648e+34,2.55077169e+35
1.89600000e+01,1.53020992e+27,7.37625436e+27,1.89600000e+01,5.55959216e+34,2.67995687e+35
1.89700000e+01,1.60770821e+27,7.74982864e+27,1.89700000e+01,5.84116063e+34,2.81568469e+35
1.89800000e+01,1.68913144e+27,8.14232279e+27,1.89800000e+01,6.13698928e+34,2.95828652e+35
1.89900000e+01,1.77467839e+27,8.55469501e+27,1.89900000e+01,6.44780033e+34,3.10811050e+35
1.90000000e+01,1.86455791e+27,8.98795203e+27,1.90000000e+01,6.77435257e+34,3.26552239e+35
1.90100000e+01,1.95898942e+27,9.44315159e+27,1.90100000e+01,7.11744322e+34,3.43090649e+35
1.90200000e+01,2.05820347e+27,9.92140497e+27,1.90200000e+01,7.47790988e+34,3.60466656e+35
1.90300000e+01,2.16244227e+27,1.04238797e+28,1.90300000e+01,7.85663256e+34,3.78722679e+35
1.90400000e+01,2.27196030e+27,1.09518026e+28,1.90400000e+01,8.25453585e+34,3.97903288e+35
1.90500000e+01,2.38702492e+27,1.15064624e+28,1.90500000e+01,8.67259116e+34,4.18055310e+35
1.90600000e+01,2.50791705e+27,1.20892133e+28,1.90600000e+01,9.11181910e+34,4.39227941e+35
1.90700000e+01,2.63493183e+27,1.27014778e+28,1.90700000e+01,9.57329197e+34,4.61472871e+35
1.90800000e+01,2.76837934e+27,1.33447509e+28,1.90800000e+01,1.00581364e+35,4.84844407e+35
1.90900000e+01,2.90858537e+27,1.40206028e+28,1.90900000e+01,1.05675360e+35,5.09399607e+35
1.91000000e+01,3.05589220e+27,1.47306836e+28,1.91000000e+01,1.11027344e+35,5.35198418e+35
1.91100000e+01,3.21065947e+27,1.54767268e+28,1.91100000e+01,1.16650382e+35,5.62303823e+35
1.91200000e+01,3.37326501e+27,1.62605538e+28,1.91200000e+01,1.22558202e+35,5.90781996e+35
1.91300000e+01,3.54410579e+27,1.70840781e+28,1.91300000e+01,1.28765227e+35,6.20702461e+35
1.91400000e+01,3.72359889e+27,1.79493102e+28,1.91400000e+01,1.35286609e+35,6.52138264e+35
1.91500000e+01,3.91218252e+27,1.88583624e+28,1.91500000e+01,1.42138271e+35,6.85166149e+35
1.91600000e+01,4.11031706e+27,1.98134541e+28,1.91600000e+01,1.49336938e+35,7.19866749e+35
1.91700000e+01,4.31848623e+27,2.08169169e+28,1.91700000e+01,1.56900186e+35,7.56324779e+35
1.91800000e+01,4.53719823e+27,2.18712006e+28,1.91800000e+01,1.64846479e+35,7.94629246e+35
1.91900000e+01,4.76698702e+27,2.29788791e+28,1.91900000e+01,1.73195215e+35,8.34873662e+35
1.92000000e+01,5.00841359e+27,2.41426565e+28,1.92000000e+01,1.81966778e+35,8.77156277e+35
1.92100000e+01,5.26206733e+27,2.53653740e+28,1.92100000e+01,1.91182581e+35,9.21580318e+35
1.92200000e+01,5.52856750e+27,2.66500168e+28,1.92200000e+01,2.00865124e+35,9.68254238e+35
1.92300000e+01,5.80856471e+27,2.79997209e+28,1.92300000e+01,2.11038043e+35,1.01729198e+36
1.92400000e+01,6.10274252e+27,2.94177815e+28,1.92400000e+01,2.21726176e+35,1.06881327e+36
1.92500000e+01,6.41181913e+27,3.09076605e+28,1.92500000e+01,2.32955615e+35,1.12294388e+36
1.92600000e+01,6.73654908e+27,3.24729952e+28,1.92600000e+01,2.44753775e+35,1.17981596e+36
1.92700000e+01,7.07772515e+27,3.41176071e+28,1.92700000e+01,2.57149458e+35,1.23956836e+36
1.92800000e+01,7.43618026e+27,3.58455113e+28,1.92800000e+01,2.70172928e+35,1.30234696e+36
1.92900000e+01,7.81278952e+27,3.76609261e+28,1.92900000e+01,2.83855978e+35,1.36830500e+36
1.93000000e+01,8.20847236e+27,3.95682835e+28,1.93000000e+01,2.98232013e+35,1.43760353e+36
1.93100000e+01,8.62419476e+27,4.15722400e+28,1.93100000e+01,3.13336130e+35,1.51041172e+36
1.93200000e+01,9.06097164e+27,4.36776880e+28,1.93200000e+01,3.29205203e+35,1.58690731e+36
1.93300000e+01,9.51986931e+27,4.58897674e+28,1.93300000e+01,3.45877974e+35,1.66727707e+36
1.93400000e+01,1.00020081e+28,4.82138788e+28,1.93400000e+01,3.63395146e+35,1.75171719e+36
1.93500000e+01,1.05085651e+28,5.06556961e+28,1.93500000e+01,3.81799484e+35,1.84043383e+36
1.93600000e+01,1.10407769e+28,5.32211805e+28,1.93600000e+01,4.01135920e+35,1.93364357e+36
1.93700000e+01,1.15999428e+28,5.59165951e+28,1.93700000e+01,4.21451660e+35,2.03157397e+36
1.93800000e+01,1.21874280e+28,5.87485205e+28,1.93800000e+01,4.42796301e+35,2.13446410e+36
1.93900000e+01,1.28046667e+28,6.17238702e+28,1.93900000e+01,4.65221952e+35,2.24256515e+36
1.94000000e+01,1.34531658e+28,6.48499081e+28,1.94000000e+01,4.88783363e+35,2.35614105e+36
1.94100000e+01,1.41345085e+28,6.81342658e+28,1.94100000e+01,5.13538053e+35,2.47546905e+36
1.94200000e+01,1.48503581e+28,7.15849615e+28,1.94200000e+01,5.39546458e+35,2.60084048e+36
1.94300000e+01,1.56024623e+28,7.52104196e+28,1.94300000e+01,5.66872072e+35,2.73256142e+36
1.94400000e+01,1.63926572e+28,7.90194908e+28,1.94400000e+01,5.95581606e+35,2.87095343e+36
1.94500000e+01,1.72228719e+28,8.30214745e+28,1.94500000e+01,6.25745150e+35,3.01635437e+36
1.94600000e+01,1.80951333e+28,8.72261407e+28,1.94600000e+01,6.57436342e+35,3.16911923e+36
1.94700000e+01,1.90115709e+28,9.16437545e+28,1.94700000e+01,6.90732552e+35,3.32962094e+36
1.94800000e+01,1.99744219e+28,9.62851007e+28,1.94800000e+01,7.25715065e+35,3.49825134e+36
1.94900000e+01,2.09860370e+28,1.01161510e+29,1.94900000e+01,7.62469286e+35,3.67542212e+36
1.95000000e+01,2.20488859e+28,1.06284888e+29,1.95000000e+01,8.01084944e+35,3.86156580e+36
1.95100000e+01,2.31655633e+28,1.11667742e+29,1.95100000e+01,8.41656313e+35,4.05713684e+36
1.95200000e+01,2.43387954e+28,1.17323214e+29,1.95200000e+01,8.84282439e+35,4.26261266e+36
1.95300000e+01,2.55714465e+28,1.23265110e+29,1.95300000e+01,9.29067389e+35,4.47849492e+36
1.95400000e+01,2.68665259e+28,1.29507936e+29,1.95400000e+01,9.76120495e+35,4.70531066e+36
1.95500000e+01,2.82271952e+28,1.36066933e+29,1.95500000e+01,1.02555663e+36,4.94361359e+36
1.95600000e+01,2.96567764e+28,1.42958115e+29,1.95600000e+01,1.07749649e+36,5.19398550e+36
1.95700000e+01,3.11587594e+28,1.50198304e+29,1.95700000e+01,1.13206686e+36,5.45703763e+36
1.95800000e+01,3.27368112e+28,1.57805176e+29,1.95800000e+01,1.18940098e+36,5.73341217e+36
1.95900000e+01,3.43947842e+28,1.65797302e+29,1.95900000e+01,1.24963882e+36,6.02378384e+36
1.96000000e+01,3.61367261e+28,1.74194194e+29,1.96000000e+01,1.31292744e+36,6.32886154e+36
1.96100000e+01,3.79668896e+28,1.83016350e+29,1.96100000e+01,1.37942134e+36,6.64939007e+36
1.96200000e+01,3.98897427e+28,1.92285309e+29,1.96200000e+01,1.44928286e+36,6.98615192e+36
1.96300000e+01,4.19099797e+28,2.02023700e+29,1.96300000e+01,1.52268255e+36,7.33996926e+36
1.96400000e+01,4.40325327e+28,2.12255297e+29,1.96400000e+01,1.59979961e+36,7.71170587e+36
1.96500000e+01,4.62625835e+28,2.23005078e+29,1.96500000e+01,1.68082230e+36,8.10226926e+36
1.96600000e+01,4.86055763e+28,2.34299287e+29,1.96600000e+01,1.76594843e+36,8.51261295e+36
1.96700000e+01,5.10672313e+28,2.46165498e+29,1.96700000e+01,1.85538582e+36,8.94373871e+36
1.96800000e+01,5.36535581e+28,2.58632679e+29,1.96800000e+01,1.94935281e+36,9.39669906e+36
1.96900000e+01,5.63708708e+28,2.71731267e+29,1.96900000e+01,2.04807881e+36,9.87259983e+36
1.97000000e+01,5.92258032e+28,2.85493240e+29,1.97000000e+01,2.15180484e+36,1.03726028e+37
1.97100000e+01,6.22253251e+28,2.99952195e+29,1.97100000e+01,2.26078412e+36,1.08979288e+37
1.97200000e+01,6.53767594e+28,3.15143432e+29,1.97200000e+01,2.37528272e+36,1.14498601e+37
1.97300000e+01,6.86877998e+28,3.31104037e+29,1.97300000e+01,2.49558017e+36,1.20297443e+37
1.97400000e+01,7.21665296e+28,3.47872975e+29,1.97400000e+01,2.62197014e+36,1.26389970e+37
1.97500000e+01,7.58214414e+28,3.65491185e+29,1.97500000e+01,2.75476119e+36,1.32791057e+37
1.97600000e+01,7.96614582e+28,3.84001678e+29,1.97600000e+01,2.89427752e+36,1.39516330e+37
1.97700000e+01,8.36959546e+28,4.03449645e+29,1.97700000e+01,3.04085973e+36,1.46582208e+37
1.97800000e+01,8.79347803e+28,4.23882564e+29,1.97800000e+01,3.19486567e+36,1.54005940e+37
1.97900000e+01,9.23882835e+28,4.45350320e+29,1.97900000e+01,3.35667132e+36,1.61805652e+37
1.98000000e+01,9.70673367e+28,4.67905321e+29,1.98000000e+01,3.52667171e+36,1.70000385e+37
1.98100000e+01,1.01983363e+29,4.91602632e+29,1.98100000e+01,3.70528185e+36,1.78610144e+37
1.98200000e+01,1.07148364e+29,5.16500106e+29,1.98200000e+01,3.89293780e+36,1.87655948e+37
1.98300000e+01,1.12574949e+29,5.42658526e+29,1.98300000e+01,4.09009768e+36,1.97159882e+37
1.98400000e+01,1.18276367e+29,5.70141752e+29,1.98400000e+01,4.29724283e+36,2.07145148e+37
1.98500000e+01,1.24266536e+29,5.99016881e+29,1.98500000e+01,4.51487896e+36,2.17636123e+37
1.98600000e+01,1.30560080e+29,6.29354406e+29,1.98600000e+01,4.74353737e+36,2.28658419e+37
1.98700000e+01,1.37172364e+29,6.61228391e+29,1.98700000e+01,4.98377632e+36,2.40238945e+37
1.98800000e+01,1.44119530e+29,6.94716650e+29,1.98800000e+01,5.23618229e+36,2.52405973e+37
1.98900000e+01,1.51418540e+29,7.29900941e+29,1.98900000e+01,5.50137150e+36,2.65189206e+37
1.99000000e+01,1.59087211e+29,7.66867158e+29,1.99000000e+01,5.77999135e+36,2.78619853e+37
1.99100000e+01,1.67144267e+29,8.05705548e+29,1.99100000e+01,6.07272205e+36,2.92730702e+37
1.99200000e+01,1.75609376e+29,8.46510929e+29,1.99200000e+01,6.38027826e+36,3.07556203e+37
1.99300000e+01,1.84503205e+29,8.89382921e+29,1.99300000e+01,6.70341081e+36,3.23132548e+37
1.99400000e+01,1.93847467e+29,9.34426187e+29,1.99400000e+01,7.04290857e+36,3.39497766e+37
1.99500000e+01,2.03664974e+29,9.81750692e+29,1.99500000e+01,7.39960038e+36,3.56691809e+37
1.99600000e+01,2.13979694e+29,1.03147197e+30,1.99600000e+01,7.77435703e+36,3.74756653e+37
1.99700000e+01,2.24816808e+29,1.08371141e+30,1.99700000e+01,8.16809343e+36,3.93736401e+37
1.99800000e+01,2.36202773e+29,1.13859655e+30,1.99800000e+01,8.58177082e+36,4.13677388e+37
1.99900000e+01,2.48165387e+29,1.19626137e+30,1.99900000e+01,9.01639912e+36,4.34628297e+37
2.00000000e+01,2.60733853e+29,1.25684665e+30,2.00000000e+01,9.47303940e+36,4.56640276e+37
2.00100000e+01,2.73938857e+29,1.32050031e+30,2.00100000e+01,9.95280646e+36,4.79767063e+37
2.00200000e+01,2.87812634e+29,1.38737775e+30,2.00200000e+01,1.04568716e+37,5.04065118e+37
2.00300000e+01,3.02389056e+29,1.45764222e+30,2.00300000e+01,1.09864653e+37,5.29593761e+37
2.00400000e+01,3.17703709e+29,1.53146528e+30,2.00400000e+01,1.15428807e+37,5.56415316e+37
2.00500000e+01,3.33793981e+29,1.60902715e+30,2.00500000e+01,1.21274759e+37,5.84595262e+37
2.00600000e+01,3.50699152e+29,1.69051717e+30,2.00600000e+01,1.27416783e+37,6.14202396e+37
2.00700000e+01,3.68460495e+29,1.77613430e+30,2.00700000e+01,1.33869873e+37,6.45309000e+37
2.00800000e+01,3.87121371e+29,1.86608756e+30,2.00800000e+01,1.40649783e+37,6.77991014e+37
2.00900000e+01,4.06727336e+29,1.96059654e+30,2.00900000e+01,1.47773065e+37,7.12328225e+37
2.01000000e+01,4.27326256e+29,2.05989199e+30,2.01000000e+01,1.55257110e+37,7.48404463e+37
2.01100000e+01,4.48968419e+29,2.16421630e+30,2.01100000e+01,1.63120188e+37,7.86307800e+37
2.01200000e+01,4.71706661e+29,2.27382417e+30,2.01200000e+01,1.71381496e+37,8.26130772e+37
2.01300000e+01,4.95596493e+29,2.38898319e+30,2.01300000e+01,1.80061202e+37,8.67970600e+37
2.01400000e+01,5.20696238e+29,2.50997451e+30,2.01400000e+01,1.89180496e+37,9.11929427e+37
2.01500000e+01,5.47067173e+29,2.63709348e+30,2.01500000e+01,1.98761642e+37,9.58114573e+37
2.01600000e+01,5.74773677e+29,2.77065047e+30,2.01600000e+01,2.08828030e+37,1.00663879e+38
2.01700000e+01,6.03883393e+29,2.91097152e+30,2.01700000e+01,2.19404235e+37,1.05762054e+38
2.01800000e+01,6.34467385e+29,3.05839920e+30,2.01800000e+01,2.30516078e+37,1.11118429e+38
2.01900000e+01,6.66600319e+29,3.21329344e+30,2.01900000e+01,2.42190686e+37,1.16746080e+38
2.02000000e+01,7.00360643e+29,3.37603238e+30,2.02000000e+01,2.54456561e+37,1.22658747e+38
2.02100000e+01,7.35830776e+29,3.54701331e+30,2.02100000e+01,2.67343647e+37,1.28870864e+38
2.02200000e+01,7.73097313e+29,3.72665367e+30,2.02200000e+01,2.80883407e+37,1.35397596e+38
2.02300000e+01,8.12251233e+29,3.91539200e+30,2.02300000e+01,2.95108895e+37,1.42254879e+38
2.02400000e+01,8.53388124e+29,4.11368909e+30,2.02400000e+01,3.10054840e+37,1.49459452e+38
2.02500000e+01,8.96608414e+29,4.32202904e+30,2.02500000e+01,3.25757730e+37,1.57028904e+38
2.02600000e+01,9.42017619e+29,4.54092047e+30,2.02600000e+01,3.42255902e+37,1.64981716e+38
2.02700000e+01,9.89726597e+29,4.77089778e+30,2.02700000e+01,3.59589632e+37,1.73337302e+38
2.02800000e+01,1.03985182e+30,5.01252240e+30,2.02800000e+01,3.77801238e+37,1.82116060e+38
2.02900000e+01,1.09251566e+30,5.26638424e+30,2.02900000e+01,3.96935180e+37,1.91339424e+38
2.03000000e+01,1.14784669e+30,5.53310304e+30,2.03000000e+01,4.17038171e+37,2.01029910e+38
2.03100000e+01,1.20597999e+30,5.81332995e+30,2.03100000e+01,4.38159289e+37,2.11211175e+38
2.03200000e+01,1.26705748e+30,6.10774910e+30,2.03200000e+01,4.60350097e+37,2.21908076e+38
2.03300000e+01,1.33122828e+30,6.41707927e+30,2.03300000e+01,4.83664769e+37,2.33146728e+38
2.03400000e+01,1.39864903e+30,6.74207563e+30,2.03400000e+01,5.08160226e+37,2.44954566e+38
2.03500000e+01,1.46948435e+30,7.08353159e+30,2.03500000e+01,5.33896268e+37,2.57360419e+38
2.03600000e+01,1.54390716e+30,7.44228078e+30,2.03600000e+01,5.60935725e+37,2.70394573e+38
2.03700000e+01,1.62209915e+30,7.81919900e+30,2.03700000e+01,5.89344610e+37,2.84088848e+38
2.03800000e+01,1.70425121e+30,8.21520645e+30,2.03800000e+01,6.19192278e+37,2.98476678e+38
2.03900000e+01,1.79056391e+30,8.63126990e+30,2.03900000e+01,6.50551596e+37,3.13593186e+38
2.04000000e+01,1.88124796e+30,9.06840510e+30,2.04000000e+01,6.83499124e+37,3.29475278e+38
2.04100000e+01,1.97652475e+30,9.52767925e+30,2.04100000e+01,7.18115297e+37,3.46161726e+38
2.04200000e+01,2.07662689e+30,1.00102136e+31,2.04200000e+01,7.54484624e+37,3.63693269e+38
2.04300000e+01,2.18179875e+30,1.05171861e+31,2.04300000e+01,7.92695894e+37,3.82112706e+38
2.04400000e+01,2.29229710e+30,1.10498345e+31,2.04400000e+01,8.32842395e+37,4.01465005e+38
2.04500000e+01,2.40839169e+30,1.16094592e+31,2.04500000e+01,8.75022136e+37,4.21797411e+38
2.04600000e+01,2.53036595e+30,1.21974264e+31,2.04600000e+01,9.19338092e+37,4.43159563e+38
2.04700000e+01,2.65851767e+30,1.28151715e+31,2.04700000e+01,9.65898454e+37,4.65603612e+38
2.04800000e+01,2.79315969e+30,1.34642025e+31,2.04800000e+01,1.01481689e+38,4.89184352e+38
2.04900000e+01,2.93462073e+30,1.41461042e+31,2.04900000e+01,1.06621282e+38,5.13959351e+38
2.05000000e+01,3.08324614e+30,1.48625411e+31,2.05000000e+01,1.12021173e+38,5.39989093e+38
2.05100000e+01,3.23939877e+30,1.56152623e+31,2.05100000e+01,1.17694545e+38,5.67337124e+38
2.05200000e+01,3.40345982e+30,1.64061054e+31,2.05200000e+01,1.23655247e+38,5.96070211e+38
2.05300000e+01,3.57582983e+30,1.72370013e+31,2.05300000e+01,1.29917832e+38,6.26258501e+38
2.05400000e+01,3.75692962e+30,1.81099783e+31,2.05400000e+01,1.36497589e+38,6.57975692e+38
2.05500000e+01,3.94720129e+30,1.90271676e+31,2.05500000e+01,1.43410581e+38,6.91299217e+38
2.05600000e+01,4.14710938e+30,1.99908086e+31,2.05600000e+01,1.50673685e+38,7.26310429e+38
2.05700000e+01,4.35714191e+30,2.10032536e+31,2.05700000e+01,1.58304633e+38,7.63094803e+38
2.05800000e+01,4.57781166e+30,2.20669744e+31,2.05800000e+01,1.66322054e+38,8.01742141e+38
2.05900000e+01,4.80965734e+30,2.31845679e+31,2.05900000e+01,1.74745522e+38,8.42346793e+38
2.06000000e+01,5.05324496e+30,2.43587626e+31,2.06000000e+01,1.83595601e+38,8.85007889e+38
2.06100000e+01,5.30916921e+30,2.55924249e+31,2.06100000e+01,1.92893897e+38,9.29829579e+38
2.06200000e+01,5.57805488e+30,2.68885667e+31,2.06200000e+01,2.02663110e+38,9.76921288e+38
2.06300000e+01,5.86055840e+30,2.82503523e+31,2.06300000e+01,2.12927090e+38,1.02639798e+39
2.06400000e+01,6.15736946e+30,2.96811063e+31,2.06400000e+01,2.23710894e+38,1.07838045e+39
2.06500000e+01,6.46921268e+30,3.11843215e+31,2.06500000e+01,2.35040850e+38,1.13299559e+39
2.06600000e+01,6.79684936e+30,3.27636679e+31,2.06600000e+01,2.46944618e+38,1.19037675e+39
2.06700000e+01,7.14107937e+30,3.44230011e+31,2.06700000e+01,2.59451258e+38,1.25066400e+39
2.06800000e+01,7.50274309e+30,3.61663721e+31,2.06800000e+01,2.72591303e+38,1.31400454e+39
2.06900000e+01,7.88272346e+30,3.79980370e+31,2.06900000e+01,2.86396833e+38,1.38055299e+39
2.07000000e+01,8.28194814e+30,3.99224676e+31,2.07000000e+01,3.00901551e+38,1.45047182e+39
2.07100000e+01,8.70139175e+30,4.19443619e+31,2.07100000e+01,3.16140869e+38,1.52393173e+39
2.07200000e+01,9.14207832e+30,4.40686562e+31,2.07200000e+01,3.32151989e+38,1.60111206e+39
2.07300000e+01,9.60508368e+30,4.63005365e+31,2.07300000e+01,3.48974001e+38,1.68220122e+39
2.07400000e+01,1.00915382e+31,4.86454515e+31,2.07400000e+01,3.66647973e+38,1.76739718e+39
2.07500000e+01,1.06026295e+31,5.11091260e+31,2.07500000e+01,3.85217053e+38,1.85690794e+39
2.07600000e+01,1.11396052e+31,5.36975746e+31,2.07600000e+01,4.04726573e+38,1.95095202e+39
2.07700000e+01,1.17037764e+31,5.64171165e+31,2.07700000e+01,4.25224163e+38,2.04975902e+39
2.07800000e+01,1.22965203e+31,5.92743910e+31,2.07800000e+01,4.46759864e+38,2.15357014e+39
2.07900000e+01,1.29192840e+31,6.22763737e+31,2.07900000e+01,4.69386253e+38,2.26263883e+39
2.08000000e+01,1.35735879e+31,6.54303934e+31,2.08000000e+01,4.93158566e+38,2.37723137e+39
2.08100000e+01,1.42610294e+31,6.87441501e+31,2.08100000e+01,5.18134841e+38,2.49762750e+39
2.08200000e+01,1.49832868e+31,7.22257337e+31,2.08200000e+01,5.44376053e+38,2.62412116e+39
2.08300000e+01,1.57421232e+31,7.58836440e+31,2.08300000e+01,5.71946264e+38,2.75702115e+39
2.08400000e+01,1.65393913e+31,7.97268111e+31,2.08400000e+01,6.00912784e+38,2.89665194e+39
2.08500000e+01,1.73770375e+31,8.37646173e+31,2.08500000e+01,6.31346328e+38,3.04335440e+39
2.08600000e+01,1.82571067e+31,8.80069205e+31,2.08600000e+01,6.63321195e+38,3.19748668e+39
2.08700000e+01,1.91817475e+31,9.24640772e+31,2.08700000e+01,6.96915445e+38,3.35942508e+39
2.08800000e+01,2.01532172e+31,9.71469691e+31,2.08800000e+01,7.32211095e+38,3.52956493e+39
2.08900000e+01,2.11738875e+31,1.02067028e+32,2.08900000e+01,7.69294311e+38,3.70832160e+39
2.09000000e+01,2.22462501e+31,1.07236267e+32,2.09000000e+01,8.08255626e+38,3.89613150e+39
2.09100000e+01,2.33729232e+31,1.12667304e+32,2.09100000e+01,8.49190157e+38,4.09345313e+39
2.09200000e+01,2.45566572e+31,1.18373399e+32,2.09200000e+01,8.92197839e+38,4.30076822e+39
2.09300000e+01,2.58003420e+31,1.24368482e+32,2.09300000e+01,9.37383668e+38,4.51858288e+39
2.09400000e+01,2.71070139e+31,1.30667189e+32,2.09400000e+01,9.84857957e+38,4.74742889e+39
2.09500000e+01,2.84798628e+31,1.37284897e+32,2.09500000e+01,1.03473661e+39,4.98786492e+39
2.09600000e+01,2.99222405e+31,1.44237763e+32,2.09600000e+01,1.08714139e+39,5.24047797e+39
2.09700000e+01,3.14376681e+31,1.51542761e+32,2.09700000e+01,1.14220023e+39,5.50588473e+39
2.09800000e+01,3.30298453e+31,1.59217724e+32,2.09800000e+01,1.20004756e+39,5.78473316e+39
2.09900000e+01,3.47026592e+31,1.67281389e+32,2.09900000e+01,1.26082460e+39,6.07770401e+39
2.10000000e+01,3.64601936e+31,1.75753443e+32,2.10000000e+01,1.32467973e+39,6.38551253e+39
2.10100000e+01,3.83067393e+31,1.84654568e+32,2.10100000e+01,1.39176883e+39,6.70891017e+39
2.10200000e+01,4.02468043e+31,1.94006496e+32,2.10200000e+01,1.46225570e+39,7.04868645e+39
2.10300000e+01,4.22851248e+31,2.03832057e+32,2.10300000e+01,1.53631241e+39,7.40567088e+39
2.10400000e+01,4.44266772e+31,2.14155239e+32,2.10400000e+01,1.61411975e+39,7.78073498e+39
2.10500000e+01,4.66766897e+31,2.25001244e+32,2.10500000e+01,1.69586770e+39,8.17479440e+39
2.10600000e+01,4.90406552e+31,2.36396550e+32,2.10600000e+01,1.78175581e+39,8.58881116e+39
2.10700000e+01,5.15243449e+31,2.48368977e+32,2.10700000e+01,1.87199377e+39,9.02379602e+39
2.10800000e+01,5.41338225e+31,2.60947755e+32,2.10800000e+01,1.96680188e+39,9.48081091e+39
2.10900000e+01,5.68754584e+31,2.74163591e+32,2.10900000e+01,2.06641160e+39,9.96097157e+39
2.11000000e+01,5.97559459e+31,2.88048751e+32,2.11000000e+01,2.17106610e+39,1.04654502e+40
2.11100000e+01,6.27823172e+31,3.02637131e+32,2.11100000e+01,2.28102088e+39,1.09954784e+40
2.11200000e+01,6.59619607e+31,3.17964348e+32,2.11200000e+01,2.39654438e+39,1.15523502e+40
2.11300000e+01,6.93026389e+31,3.34067819e+32,2.11300000e+01,2.51791864e+39,1.21374251e+40
2.11400000e+01,7.28125075e+31,3.50986860e+32,2.11400000e+01,2.64543995e+39,1.27521314e+40
2.11500000e+01,7.65001352e+31,3.68762774e+32,2.11500000e+01,2.77941965e+39,1.33979698e+40
2.11600000e+01,8.03745248e+31,3.87438959e+32,2.11600000e+01,2.92018482e+39,1.40765170e+40
2.11700000e+01,8.44451349e+31,4.07061008e+32,2.11700000e+01,3.06807911e+39,1.47894296e+40
2.11800000e+01,8.87219032e+31,4.27676827e+32,2.11800000e+01,3.22346359e+39,1.55384480e+40
2.11900000e+01,9.32152706e+31,4.49336745e+32,2.11900000e+01,3.38671760e+39,1.63254009e+40
2.12000000e+01,9.79362070e+31,4.72093641e+32,2.12000000e+01,3.55823970e+39,1.71522094e+40
2.12100000e+01,1.02896238e+32,4.96003072e+32,2.12100000e+01,3.73844862e+39,1.80208921e+40
2.12200000e+01,1.08107472e+32,5.21123408e+32,2.12200000e+01,3.92778431e+39,1.89335697e+40
2.12300000e+01,1.13582632e+32,5.47515977e+32,2.12300000e+01,4.12670902e+39,1.98924702e+40
2.12400000e+01,1.19335084e+32,5.75245212e+32,2.12400000e+01,4.33570836e+39,2.08999349e+40
2.12500000e+01,1.25378872e+32,6.04378808e+32,2.12500000e+01,4.55529260e+39,2.19584231e+40
2.12600000e+01,1.31728751e+32,6.34987891e+32,2.12600000e+01,4.78599778e+39,2.30705189e+40
2.12700000e+01,1.38400223e+32,6.67147186e+32,2.12700000e+01,5.02838716e+39,2.42389375e+40
2.12800000e+01,1.45409575e+32,7.00935207e+32,2.12800000e+01,5.28305247e+39,2.54665312e+40
2.12900000e+01,1.52773919e+32,7.36434439e+32,2.12900000e+01,5.55061544e+39,2.67562971e+40
2.13000000e+01,1.60511235e+32,7.73731548e+32,2.13000000e+01,5.83172928e+39,2.81113839e+40
2.13100000e+01,1.68640410e+32,8.12917590e+32,2.13100000e+01,6.12708028e+39,2.95350997e+40
2.13200000e+01,1.77181293e+32,8.54088228e+32,2.13200000e+01,6.43738948e+39,3.10309203e+40
2.13300000e+01,1.86154732e+32,8.97343976e+32,2.13300000e+01,6.76341446e+39,3.26024976e+40
2.13400000e+01,1.95582637e+32,9.42790434e+32,2.13400000e+01,7.10595114e+39,3.42536683e+40
2.13500000e+01,2.05488022e+32,9.90538551e+32,2.13500000e+01,7.46583577e+39,3.59884633e+40
2.13600000e+01,2.15895071e+32,1.04070490e+33,2.13600000e+01,7.84394695e+39,3.78111180e+40
2.13700000e+01,2.26829191e+32,1.09341194e+33,2.13700000e+01,8.24120777e+39,3.97260819e+40
2.13800000e+01,2.38317074e+32,1.14878837e+33,2.13800000e+01,8.65858808e+39,4.17380302e+40
2.13900000e+01,2.50386768e+32,1.20696936e+33,2.13900000e+01,9.09710682e+39,4.38518747e+40
2.14000000e+01,2.63067738e+32,1.26809696e+33,2.14000000e+01,9.55783458e+39,4.60727760e+40
2.14100000e+01,2.76390941e+32,1.33232039e+33,2.14100000e+01,1.00418961e+40,4.84061560e+40
2.14200000e+01,2.90388906e+32,1.39979646e+33,2.14200000e+01,1.05504733e+40,5.08577112e+40
2.14300000e+01,3.05095805e+32,1.47068989e+33,2.14300000e+01,1.10848075e+40,5.34334267e+40
2.14400000e+01,3.20547542e+32,1.54517375e+33,2.14400000e+01,1.16462034e+40,5.61395907e+40
2.14500000e+01,3.36781841e+32,1.62342989e+33,2.14500000e+01,1.22360315e+40,5.89828098e+40
2.14600000e+01,3.53838335e+32,1.70564935e+33,2.14600000e+01,1.28557318e+40,6.19700252e+40
2.14700000e+01,3.71758663e+32,1.79203286e+33,2.14700000e+01,1.35068171e+40,6.51085298e+40
2.14800000e+01,3.90586576e+32,1.88279130e+33,2.14800000e+01,1.41908769e+40,6.84059855e+40
2.14900000e+01,4.10368039e+32,1.97814626e+33,2.14900000e+01,1.49095814e+40,7.18704426e+40
2.15000000e+01,4.31151344e+32,2.07833052e+33,2.15000000e+01,1.56646849e+40,7.55103590e+40
2.15100000e+01,4.52987231e+32,2.18358866e+33,2.15100000e+01,1.64580312e+40,7.93346208e+40
2.15200000e+01,4.75929007e+32,2.29417766e+33,2.15200000e+01,1.72915568e+40,8.33525644e+40
2.15300000e+01,5.00032682e+32,2.41036749e+33,2.15300000e+01,1.81672968e+40,8.75739989e+40
2.15400000e+01,5.25357100e+32,2.53244182e+33,2.15400000e+01,1.90873891e+40,9.20092301e+40
2.15500000e+01,5.51964087e+32,2.66069867e+33,2.15500000e+01,2.00540800e+40,9.66690860e+40
2.15600000e+01,5.79918599e+32,2.79545115e+33,2.15600000e+01,2.10697294e+40,1.01564943e+41
2.15700000e+01,6.09288881e+32,2.93702825e+33,2.15700000e+01,2.21368169e+40,1.06708753e+41
2.15800000e+01,6.40146637e+32,3.08577559e+33,2.15800000e+01,2.32579476e+40,1.12113074e+41
2.15900000e+01,6.72567200e+32,3.24205631e+33,2.15900000e+01,2.44358586e+40,1.17791099e+41
2.16000000e+01,7.06629720e+32,3.40625196e+33,2.16000000e+01,2.56734255e+40,1.23756691e+41
2.16100000e+01,7.42417354e+32,3.57876338e+33,2.16100000e+01,2.69736697e+40,1.30024414e+41
2.16200000e+01,7.80017471e+32,3.76001174e+33,2.16200000e+01,2.83397654e+40,1.36609569e+41
2.16300000e+01,8.19521866e+32,3.95043951e+33,2.16300000e+01,2.97750477e+40,1.43528232e+41
2.16400000e+01,8.61026982e+32,4.15051159e+33,2.16400000e+01,3.12830206e+40,1.50797295e+41
2.16500000e+01,9.04634146e+32,4.36071644e+33,2.16500000e+01,3.28673657e+40,1.58434503e+41
2.16600000e+01,9.50449818e+32,4.58156722e+33,2.16600000e+01,3.45319507e+40,1.66458502e+41
2.16700000e+01,9.98585849e+32,4.81360310e+33,2.16700000e+01,3.62808395e+40,1.74888881e+41
2.16800000e+01,1.04915975e+33,5.05739056e+33,2.16800000e+01,3.81183017e+40,1.83746220e+41
2.16900000e+01,1.10229500e+33,5.31352476e+33,2.16900000e+01,4.00488231e+40,1.93052144e+41
2.17000000e+01,1.15812131e+33,5.58263102e+33,2.17000000e+01,4.20771169e+40,2.02829371e+41
2.17100000e+01,1.21677498e+33,5.86536630e+33,2.17100000e+01,4.42081346e+40,2.13101771e+41
2.17200000e+01,1.27839918e+33,6.16242086e+33,2.17200000e+01,4.64470788e+40,2.23894423e+41
2.17300000e+01,1.34314438e+33,6.47451991e+33,2.17300000e+01,4.87994155e+40,2.35233674e+41
2.17400000e+01,1.41116864e+33,6.80242538e+33,2.17400000e+01,5.12708876e+40,2.47147207e+41
2.17500000e+01,1.48263802e+33,7.14693779e+33,2.17500000e+01,5.38675287e+40,2.59664107e+41
2.17600000e+01,1.55772700e+33,7.50889821e+33,2.17600000e+01,5.65956780e+40,2.72814932e+41
2.17700000e+01,1.63661890e+33,7.88919031e+33,2.17700000e+01,5.94619959e+40,2.86631788e+41
2.17800000e+01,1.71950633e+33,8.28874250e+33,2.17800000e+01,6.24734799e+40,3.01148406e+41
2.17900000e+01,1.80659163e+33,8.70853023e+33,2.17900000e+01,6.56374822e+40,3.16400225e+41
2.18000000e+01,1.89808741e+33,9.14957832e+33,2.18000000e+01,6.89617270e+40,3.32424481e+41
2.18100000e+01,1.99421705e+33,9.61296353e+33,2.18100000e+01,7.24543299e+40,3.49260294e+41
2.18200000e+01,2.09521522e+33,1.00998171e+34,2.18200000e+01,7.61238176e+40,3.66948765e+41
2.18300000e+01,2.20132849e+33,1.06113277e+34,2.18300000e+01,7.99791484e+40,3.85533078e+41
2.18400000e+01,2.31281593e+33,1.11487439e+34,2.18400000e+01,8.40297344e+40,4.05058604e+41
2.18500000e+01,2.42994971e+33,1.17133779e+34,2.18500000e+01,8.82854645e+40,4.25573010e+41
2.18600000e+01,2.55301579e+33,1.23066081e+34,2.18600000e+01,9.27567283e+40,4.47126378e+41
2.18700000e+01,2.68231462e+33,1.29298828e+34,2.18700000e+01,9.74544416e+40,4.69771329e+41
2.18800000e+01,2.81816186e+33,1.35847235e+34,2.18800000e+01,1.02390073e+41,4.93563145e+41
2.18900000e+01,2.96088915e+33,1.42727290e+34,2.18900000e+01,1.07575672e+41,5.18559910e+41
2.19000000e+01,3.11084493e+33,1.49955788e+34,2.19000000e+01,1.13023899e+41,5.44822650e+41
2.19100000e+01,3.26839531e+33,1.57550378e+34,2.19100000e+01,1.18748053e+41,5.72415479e+41
2.19200000e+01,3.43392491e+33,1.65529600e+34,2.19200000e+01,1.24762111e+41,6.01405762e+41
2.19300000e+01,3.60783785e+33,1.73912933e+34,2.19300000e+01,1.31080754e+41,6.31864273e+41
2.19400000e+01,3.79055869e+33,1.82720845e+34,2.19400000e+01,1.37719407e+41,6.63865372e+41
2.19500000e+01,3.98253353e+33,1.91974839e+34,2.19500000e+01,1.44694279e+41,6.97487183e+41
2.19600000e+01,4.18423103e+33,2.01697505e+34,2.19600000e+01,1.52022397e+41,7.32811788e+41
2.19700000e+01,4.39614362e+33,2.11912582e+34,2.19700000e+01,1.59721651e+41,7.69925427e+41
2.19800000e+01,4.61878862e+33,2.22645006e+34,2.19800000e+01,1.67810839e+41,8.08918705e+41
2.19900000e+01,4.85270960e+33,2.33920979e+34,2.19900000e+01,1.76309707e+41,8.49886818e+41
2.20000000e+01,5.09847763e+33,2.45768030e+34,2.20000000e+01,1.85239005e+41,8.92929783e+41
2.20100000e+01,5.35669271e+33,2.58215081e+34,2.20100000e+01,1.94620531e+41,9.38152681e+41
2.20200000e+01,5.62798523e+33,2.71292520e+34,2.20200000e+01,2.04477191e+41,9.85665917e+41
2.20300000e+01,5.91301750e+33,2.85032272e+34,2.20300000e+01,2.14833045e+41,1.03558549e+42
2.20400000e+01,6.21248539e+33,2.99467882e+34,2.20400000e+01,2.25713378e+41,1.08803326e+42
2.20500000e+01,6.52711998e+33,3.14634590e+34,2.20500000e+01,2.37144751e+41,1.14313727e+42
2.20600000e+01,6.85768940e+33,3.30569424e+34,2.20600000e+01,2.49155071e+41,1.20103206e+42
2.20700000e+01,7.20500069e+33,3.47311287e+34,2.20700000e+01,2.61773661e+41,1.26185896e+42
2.20800000e+01,7.56990174e+33,3.64901049e+34,2.20800000e+01,2.75031326e+41,1.32576647e+42
2.20900000e+01,7.95328339e+33,3.83381655e+34,2.20900000e+01,2.88960432e+41,1.39291061e+42
2.21000000e+01,8.35608161e+33,4.02798221e+34,2.21000000e+01,3.03594985e+41,1.46345531e+42
2.21100000e+01,8.77927976e+33,4.23198148e+34,2.21100000e+01,3.18970713e+41,1.53757277e+42
2.21200000e+01,9.22391100e+33,4.44631241e+34,2.21200000e+01,3.35125152e+41,1.61544395e+42
2.21300000e+01,9.69106082e+33,4.67149824e+34,2.21300000e+01,3.52097742e+41,1.69725896e+42
2.21400000e+01,1.01818697e+34,4.90808873e+34,2.21400000e+01,3.69929917e+41,1.78321753e+42
2.21500000e+01,1.06975358e+34,5.15666146e+34,2.21500000e+01,3.88665212e+41,1.87352952e+42
2.21600000e+01,1.12393182e+34,5.41782329e+34,2.21600000e+01,4.08349366e+41,1.96841541e+42
2.21700000e+01,1.18085394e+34,5.69221180e+34,2.21700000e+01,4.29030435e+41,2.06810684e+42
2.21800000e+01,1.24065890e+34,5.98049687e+34,2.21800000e+01,4.50758907e+41,2.17284720e+42
2.21900000e+01,1.30349273e+34,6.28338227e+34,2.21900000e+01,4.73587829e+41,2.28289219e+42
2.22000000e+01,1.36950880e+34,6.60160747e+34,2.22000000e+01,4.97572933e+41,2.39851047e+42
2.22100000e+01,1.43886830e+34,6.93594936e+34,2.22100000e+01,5.22772776e+41,2.51998429e+42
2.22200000e+01,1.51174054e+34,7.28722416e+34,2.22200000e+01,5.49248879e+41,2.64761022e+42
2.22300000e+01,1.58830343e+34,7.65628946e+34,2.22300000e+01,5.77065877e+41,2.78169983e+42
2.22400000e+01,1.66874389e+34,8.04404627e+34,2.22400000e+01,6.06291682e+41,2.92258049e+42
2.22500000e+01,1.75325831e+34,8.45144122e+34,2.22500000e+01,6.36997643e+41,3.07059611e+42
2.22600000e+01,1.84205300e+34,8.87946891e+34,2.22600000e+01,6.69258724e+41,3.22610807e+42
2.22700000e+01,1.93534474e+34,9.32917428e+34,2.22700000e+01,7.03153684e+41,3.38949601e+42
2.22800000e+01,2.03336129e+34,9.80165522e+34,2.22800000e+01,7.38765272e+41,3.56115881e+42
2.22900000e+01,2.13634194e+34,1.02980652e+35,2.22900000e+01,7.76180427e+41,3.74151558e+42
2.23000000e+01,2.24453810e+34,1.08196161e+35,2.23000000e+01,8.15490493e+41,3.93100660e+42
2.23100000e+01,2.35821392e+34,1.13675813e+35,2.23100000e+01,8.56791438e+41,4.13009450e+42
2.23200000e+01,2.47764690e+34,1.19432984e+35,2.23200000e+01,9.00184092e+41,4.33926530e+42
2.23300000e+01,2.60312863e+34,1.25481730e+35,2.23300000e+01,9.45774388e+41,4.55902968e+42
2.23400000e+01,2.73496545e+34,1.31836819e+35,2.23400000e+01,9.93673630e+41,4.78992413e+42
2.23500000e+01,2.87347921e+34,1.38513764e+35,2.23500000e+01,1.04399875e+42,5.03251236e+42
2.23600000e+01,3.01900808e+34,1.45528866e+35,2.23600000e+01,1.09687262e+42,5.28738660e+42
2.23700000e+01,3.17190733e+34,1.52899252e+35,2.23700000e+01,1.15242431e+42,5.55516907e+42
2.23800000e+01,3.33255025e+34,1.60642915e+35,2.23800000e+01,1.21078945e+42,5.83651353e+42
2.23900000e+01,3.50132901e+34,1.68778760e+35,2.23900000e+01,1.27211051e+42,6.13210683e+42
2.24000000e+01,3.67865566e+34,1.77326649e+35,2.24000000e+01,1.33653722e+42,6.44267061e+42
2.24100000e+01,3.86496311e+34,1.86307451e+35,2.24100000e+01,1.40422685e+42,6.76896305e+42
2.24200000e+01,4.06070620e+34,1.95743089e+35,2.24200000e+01,1.47534466e+42,7.11178074e+42
2.24300000e+01,4.26636280e+34,2.05656601e+35,2.24300000e+01,1.55006426e+42,7.47196062e+42
2.24400000e+01,4.48243499e+34,2.16072188e+35,2.24400000e+01,1.62856808e+42,7.85038199e+42
2.24500000e+01,4.70945026e+34,2.27015277e+35,2.24500000e+01,1.71104777e+42,8.24796872e+42
2.24600000e+01,4.94796285e+34,2.38512586e+35,2.24600000e+01,1.79770469e+42,8.66569143e+42
2.24700000e+01,5.19855503e+34,2.50592181e+35,2.24700000e+01,1.88875038e+42,9.10456993e+42
2.24800000e+01,5.46183858e+34,2.63283554e+35,2.24800000e+01,1.98440714e+42,9.56567566e+42
2.24900000e+01,5.73845627e+34,2.76617688e+35,2.24900000e+01,2.08490848e+42,1.00501343e+43
2.25000000e+01,6.02908341e+34,2.90627136e+35,2.25000000e+01,2.19049977e+42,1.05591287e+43
2.25100000e+01,6.33442951e+34,3.05346100e+35,2.25100000e+01,2.30143878e+42,1.10939013e+43
2.25200000e+01,6.65524002e+34,3.20810514e+35,2.25200000e+01,2.41799636e+42,1.16557578e+43
2.25300000e+01,6.99229815e+34,3.37058131e+35,2.25300000e+01,2.54045706e+42,1.22460698e+43
2.25400000e+01,7.34642677e+34,3.54128618e+35,2.25400000e+01,2.66911984e+42,1.28662784e+43
2.25500000e+01,7.71849042e+34,3.72063648e+35,2.25500000e+01,2.80429882e+42,1.35178978e+43
2.25600000e+01,8.10939742e+34,3.90907007e+35,2.25600000e+01,2.94632401e+42,1.42025189e+43
2.25700000e+01,8.52010212e+34,4.10704698e+35,2.25700000e+01,3.09554214e+42,1.49218129e+43
2.25800000e+01,8.95160718e+34,4.31505053e+35,2.25800000e+01,3.25231750e+42,1.56775360e+43
2.25900000e+01,9.40496603e+34,4.53358854e+35,2.25900000e+01,3.41703283e+42,1.64715330e+43
2.26000000e+01,9.88128548e+34,4.76319451e+35,2.26000000e+01,3.59009026e+42,1.73057425e+43
2.26100000e+01,1.03817284e+35,5.00442900e+35,2.26100000e+01,3.77191226e+42,1.81822009e+43
2.26200000e+01,1.09075165e+35,5.25788094e+35,2.26200000e+01,3.96294274e+42,1.91030481e+43
2.26300000e+01,1.14599334e+35,5.52416909e+35,2.26300000e+01,4.16364806e+42,2.00705320e+43
2.26400000e+01,1.20403277e+35,5.80394354e+35,2.26400000e+01,4.37451821e+42,2.10870146e+43
2.26500000e+01,1.26501165e+35,6.09788731e+35,2.26500000e+01,4.59606799e+42,2.21549776e+43
2.26600000e+01,1.32907883e+35,6.40671802e+35,2.26600000e+01,4.82883827e+42,2.32770281e+43
2.26700000e+01,1.39639072e+35,6.73118963e+35,2.26700000e+01,5.07339732e+42,2.44559054e+43
2.26800000e+01,1.46711167e+35,7.07209427e+35,2.26800000e+01,5.33034220e+42,2.56944876e+43
2.26900000e+01,1.54141431e+35,7.43026420e+35,2.26900000e+01,5.60030018e+42,2.69957984e+43
2.27000000e+01,1.61948005e+35,7.80657384e+35,2.27000000e+01,5.88393033e+42,2.83630148e+43
2.27100000e+01,1.70149947e+35,8.20194188e+35,2.27100000e+01,6.18192508e+42,2.97994746e+43
2.27200000e+01,1.78767280e+35,8.61733354e+35,2.27200000e+01,6.49501192e+42,3.13086847e+43
2.27300000e+01,1.87821043e+35,9.05376292e+35,2.27300000e+01,6.82395522e+42,3.28943295e+43
2.27400000e+01,1.97333338e+35,9.51229551e+35,2.27400000e+01,7.16955802e+42,3.45602801e+43
2.27500000e+01,2.07327389e+35,9.99405072e+35,2.27500000e+01,7.53266406e+42,3.63106037e+43
2.27600000e+01,2.17827594e+35,1.05002047e+36,2.27600000e+01,7.91415979e+42,3.81495733e+43
2.27700000e+01,2.28859587e+35,1.10319931e+36,2.27700000e+01,8.31497657e+42,4.00816785e+43
2.27800000e+01,2.40450301e+35,1.15907142e+36,2.27800000e+01,8.73609294e+42,4.21116362e+43
2.27900000e+01,2.52628033e+35,1.21777320e+36,2.27900000e+01,9.17853696e+42,4.42444022e+43
2.28000000e+01,2.65422513e+35,1.27944796e+36,2.28000000e+01,9.64338879e+42,4.64851832e+43
2.28100000e+01,2.78864975e+35,1.34424628e+36,2.28100000e+01,1.01317833e+43,4.88394497e+43
2.28200000e+01,2.92988239e+35,1.41232634e+36,2.28200000e+01,1.06449128e+43,5.13129494e+43
2.28300000e+01,3.07826782e+35,1.48385435e+36,2.28300000e+01,1.11840300e+43,5.39117207e+43
2.28400000e+01,3.23416832e+35,1.55900493e+36,2.28400000e+01,1.17504511e+43,5.66421081e+43
2.28500000e+01,3.39796447e+35,1.63796155e+36,2.28500000e+01,1.23455588e+43,5.95107775e+43
2.28600000e+01,3.57005617e+35,1.72091698e+36,2.28600000e+01,1.29708062e+43,6.25247321e+43
2.28700000e+01,3.75086354e+35,1.80807372e+36,2.28700000e+01,1.36277195e+43,6.56913300e+43
2.28800000e+01,3.94082800e+35,1.89964457e+36,2.28800000e+01,1.43179025e+43,6.90183020e+43
2.28900000e+01,4.14041330e+35,1.99585307e+36,2.28900000e+01,1.50430402e+43,7.25137702e+43
2.29000000e+01,4.35010671e+35,2.09693410e+36,2.29000000e+01,1.58049029e+43,7.61862682e+43
2.29100000e+01,4.57042016e+35,2.20313443e+36,2.29100000e+01,1.66053505e+43,8.00447619e+43
2.29200000e+01,4.80189149e+35,2.31471333e+36,2.29200000e+01,1.74463372e+43,8.40986709e+43
2.29300000e+01,5.04508581e+35,2.43194320e+36,2.29300000e+01,1.83299161e+43,8.83578924e+43
2.29400000e+01,5.30059683e+35,2.55511024e+36,2.29400000e+01,1.92582444e+43,9.28328243e+43
2.29500000e+01,5.56904835e+35,2.68451515e+36,2.29500000e+01,2.02335883e+43,9.75343915e+43
2.29600000e+01,5.85109573e+35,2.82047383e+36,2.29600000e+01,2.12583290e+43,1.02474072e+44
2.29700000e+01,6.14742755e+35,2.96331821e+36,2.29700000e+01,2.23349683e+43,1.07663925e+44
2.29800000e+01,6.45876725e+35,3.11339702e+36,2.29800000e+01,2.34661345e+43,1.13116621e+44
2.29900000e+01,6.78587492e+35,3.27107665e+36,2.29900000e+01,2.46545892e+43,1.18845472e+44
2.30000000e+01,7.12954912e+35,3.43674204e+36,2.30000000e+01,2.59032338e+43,1.24864464e+44
2.30100000e+01,7.49062889e+35,3.61079765e+36,2.30100000e+01,2.72151167e+43,1.31188290e+44
2.30200000e+01,7.86999573e+35,3.79366840e+36,2.30200000e+01,2.85934406e+43,1.37832390e+44
2.30300000e+01,8.26857580e+35,3.98580073e+36,2.30300000e+01,3.00415705e+43,1.44812984e+44
2.30400000e+01,8.68734217e+35,4.18766371e+36,2.30400000e+01,3.15630416e+43,1.52147114e+44
2.30500000e+01,9.12731719e+35,4.39975014e+36,2.30500000e+01,3.31615684e+43,1.59852684e+44
2.30600000e+01,9.58957497e+35,4.62257780e+36,2.30600000e+01,3.48410535e+43,1.67948508e+44
2.30700000e+01,1.00752440e+36,4.85669068e+36,2.30700000e+01,3.66055970e+43,1.76454348e+44
2.30800000e+01,1.05855101e+36,5.10266033e+36,2.30800000e+01,3.84595067e+43,1.85390971e+44
2.30900000e+01,1.11216188e+36,5.36108725e+36,2.30900000e+01,4.04073087e+43,1.94780195e+44
2.31000000e+01,1.16848790e+36,5.63260233e+36,2.31000000e+01,4.24537581e+43,2.04644940e+44
2.31100000e+01,1.22766659e+36,5.91786844e+36,2.31100000e+01,4.46038510e+43,2.15009291e+44
2.31200000e+01,1.28984241e+36,6.21758200e+36,2.31200000e+01,4.68628365e+43,2.25898549e+44
2.31300000e+01,1.35516715e+36,6.53247471e+36,2.31300000e+01,4.92362295e+43,2.37339300e+44
2.31400000e+01,1.42380031e+36,6.86331533e+36,2.31400000e+01,5.17298242e+43,2.49359474e+44
2.31500000e+01,1.49590942e+36,7.21091154e+36,2.31500000e+01,5.43497084e+43,2.61988416e+44
2.31600000e+01,1.57167054e+36,7.57611195e+36,2.31600000e+01,5.71022779e+43,2.75256957e+44
2.31700000e+01,1.65126862e+36,7.95980813e+36,2.31700000e+01,5.99942528e+43,2.89197490e+44
2.31800000e+01,1.73489799e+36,8.36293680e+36,2.31800000e+01,6.30326933e+43,3.03844049e+44
2.31900000e+01,1.82276281e+36,8.78648213e+36,2.31900000e+01,6.62250172e+43,3.19232391e+44
2.32000000e+01,1.91507759e+36,9.23147814e+36,2.32000000e+01,6.95790181e+43,3.35400083e+44
2.32100000e+01,2.01206771e+36,9.69901120e+36,2.32100000e+01,7.31028840e+43,3.52386597e+44
2.32200000e+01,2.11396993e+36,1.01902227e+37,2.32200000e+01,7.68052180e+43,3.70233401e+44
2.32300000e+01,2.22103305e+36,1.07063119e+37,2.32300000e+01,8.06950587e+43,3.88984066e+44
2.32400000e+01,2.33351844e+36,1.12485387e+37,2.32400000e+01,8.47819024e+43,4.08684369e+44
2.32500000e+01,2.45170071e+36,1.18182269e+37,2.32500000e+01,8.90757264e+43,4.29382404e+44
2.32600000e+01,2.57586838e+36,1.24167672e+37,2.32600000e+01,9.35870134e+43,4.51128702e+44
2.32700000e+01,2.70632459e+36,1.30456209e+37,2.32700000e+01,9.83267770e+43,4.73976352e+44
2.32800000e+01,2.84338782e+36,1.37063232e+37,2.32800000e+01,1.03306588e+44,4.97981134e+44
2.32900000e+01,2.98739269e+36,1.44004872e+37,2.32900000e+01,1.08538605e+44,5.23201650e+44
2.33000000e+01,3.13869077e+36,1.51298074e+37,2.33000000e+01,1.14035600e+44,5.49699473e+44
2.33100000e+01,3.29765141e+36,1.58960645e+37,2.33100000e+01,1.19810992e+44,5.77539292e+44
2.33200000e+01,3.46466270e+36,1.67011290e+37,2.33200000e+01,1.25878883e+44,6.06789073e+44
2.33300000e+01,3.64013237e+36,1.75469665e+37,2.33300000e+01,1.32254085e+44,6.37520225e+44
2.33400000e+01,3.82448879e+36,1.84356418e+37,2.33400000e+01,1.38952163e+44,6.69807772e+44
2.33500000e+01,4.01818203e+36,1.93693246e+37,2.33500000e+01,1.45989469e+44,7.03730539e+44
2.33600000e+01,4.22168497e+36,2.03502942e+37,2.33600000e+01,1.53383182e+44,7.39371342e+44
2.33700000e+01,4.43549443e+36,2.13809456e+37,2.33700000e+01,1.61151354e+44,7.76817192e+44
2.33800000e+01,4.66013238e+36,2.24637948e+37,2.33800000e+01,1.69312949e+44,8.16159508e+44
2.33900000e+01,4.89614723e+36,2.36014855e+37,2.33900000e+01,1.77887892e+44,8.57494335e+44
2.34000000e+01,5.14411519e+36,2.47967952e+37,2.34000000e+01,1.86897118e+44,9.00922587e+44
2.34100000e+01,5.40464161e+36,2.60526419e+37,2.34100000e+01,1.96362621e+44,9.46550285e+44
2.34200000e+01,5.67836252e+36,2.73720917e+37,2.34200000e+01,2.06307509e+44,9.94488822e+44
2.34300000e+01,5.96594618e+36,2.87583657e+37,2.34300000e+01,2.16756062e+44,1.04485523e+45
2.34400000e+01,6.26809466e+36,3.02148482e+37,2.34400000e+01,2.27733786e+44,1.09777247e+45
2.34500000e+01,6.58554561e+36,3.17450951e+37,2.34500000e+01,2.39267484e+44,1.15336974e+45
2.34600000e+01,6.91907403e+36,3.33528421e+37,2.34600000e+01,2.51385311e+44,1.21178276e+45
2.34700000e+01,7.26949418e+36,3.50420144e+37,2.34700000e+01,2.64116853e+44,1.27315413e+45
2.34800000e+01,7.63766153e+36,3.68167356e+37,2.34800000e+01,2.77493189e+44,1.33763369e+45
2.34900000e+01,8.02447492e+36,3.86813386e+37,2.34900000e+01,2.91546978e+44,1.40537885e+45
2.35000000e+01,8.43087867e+36,4.06403753e+37,2.35000000e+01,3.06312528e+44,1.47655500e+45
2.35100000e+01,8.85786496e+36,4.26986285e+37,2.35100000e+01,3.21825887e+44,1.55133591e+45
2.35200000e+01,9.30647619e+36,4.48611230e+37,2.35200000e+01,3.38124928e+44,1.62990413e+45
2.35300000e+01,9.77780757e+36,4.71331381e+37,2.35300000e+01,3.55249443e+44,1.71245148e+45
2.35400000e+01,1.02730098e+37,4.95202207e+37,2.35400000e+01,3.73241238e+44,1.79917949e+45
2.35500000e+01,1.07932918e+37,5.20281983e+37,2.35500000e+01,3.92144237e+44,1.89029988e+45
2.35600000e+01,1.13399237e+37,5.46631938e+37,2.35600000e+01,4.12004588e+44,1.98603511e+45
2.35700000e+01,1.19142401e+37,5.74316400e+37,2.35700000e+01,4.32870777e+44,2.08661891e+45
2.35800000e+01,1.25176431e+37,6.03402956e+37,2.35800000e+01,4.54793745e+44,2.19229682e+45
2.35900000e+01,1.31516057e+37,6.33962616e+37,2.35900000e+01,4.77827014e+44,2.30332684e+45
2.36000000e+01,1.38176757e+37,6.66069986e+37,2.36000000e+01,5.02026814e+44,2.41998004e+45
2.36100000e+01,1.45174791e+37,6.99803451e+37,2.36100000e+01,5.27452226e+44,2.54254121e+45
2.36200000e+01,1.52527245e+37,7.35245365e+37,2.36200000e+01,5.54165322e+44,2.67130954e+45
2.36300000e+01,1.60252067e+37,7.72482253e+37,2.36300000e+01,5.82231316e+44,2.80659942e+45
2.36400000e+01,1.68368117e+37,8.11605023e+37,2.36400000e+01,6.11718727e+44,2.94874112e+45
2.36500000e+01,1.76895209e+37,8.52709187e+37,2.36500000e+01,6.42699544e+44,3.09808167e+45
2.36600000e+01,1.85854160e+37,8.95895092e+37,2.36600000e+01,6.75249400e+44,3.25498564e+45
2.36700000e+01,1.95266842e+37,9.41268170e+37,2.36700000e+01,7.09447762e+44,3.41983610e+45
2.36800000e+01,2.05156234e+37,9.88939192e+37,2.36800000e+01,7.45378117e+44,3.59303550e+45
2.36900000e+01,2.15546479e+37,1.03902454e+38,2.36900000e+01,7.83128183e+44,3.77500668e+45
2.37000000e+01,2.26462944e+37,1.09164648e+38,2.37000000e+01,8.22790122e+44,3.96619387e+45
2.37100000e+01,2.37932279e+37,1.14693349e+38,2.37100000e+01,8.64460761e+44,4.16706385e+45
2.37200000e+01,2.49982484e+37,1.20502054e+38,2.37200000e+01,9.08241830e+44,4.37810699e+45
2.37300000e+01,2.62642979e+37,1.26604944e+38,2.37300000e+01,9.54240216e+44,4.59983852e+45
2.37400000e+01,2.75944671e+37,1.33016918e+38,2.37400000e+01,1.00256821e+45,4.83279976e+45
2.37500000e+01,2.89920034e+37,1.39753630e+38,2.37500000e+01,1.05334381e+45,5.07755945e+45
2.37600000e+01,3.04603186e+37,1.46831526e+38,2.37600000e+01,1.10669096e+45,5.33471512e+45
2.37700000e+01,3.20029975e+37,1.54267886e+38,2.37700000e+01,1.16273990e+45,5.60489457e+45
2.37800000e+01,3.36238061e+37,1.62080864e+38,2.37800000e+01,1.22162748e+45,5.88875740e+45
2.37900000e+01,3.53267015e+37,1.70289535e+38,2.37900000e+01,1.28349744e+45,6.18699662e+45
2.38000000e+01,3.71158408e+37,1.78913938e+38,2.38000000e+01,1.34850085e+45,6.50034032e+45
2.38100000e+01,3.89955921e+37,1.87975128e+38,2.38100000e+01,1.41679638e+45,6.82955347e+45
2.38200000e+01,4.09705444e+37,1.97495227e+38,2.38200000e+01,1.48855078e+45,7.17543980e+45
2.38300000e+01,4.30455192e+37,2.07497477e+38,2.38300000e+01,1.56393922e+45,7.53884372e+45
2.38400000e+01,4.52255821e+37,2.18006296e+38,2.38400000e+01,1.64314574e+45,7.92065243e+45
2.38500000e+01,4.75160555e+37,2.29047339e+38,2.38500000e+01,1.72636372e+45,8.32179804e+45
2.38600000e+01,4.99225311e+37,2.40647562e+38,2.38600000e+01,1.81379632e+45,8.74325987e+45
2.38700000e+01,5.24508840e+37,2.52835285e+38,2.38700000e+01,1.90565699e+45,9.18606687e+45
2.38800000e+01,5.51072866e+37,2.65640261e+38,2.38800000e+01,2.00216999e+45,9.65130006e+45
2.38900000e+01,5.78982241e+37,2.79093751e+38,2.38900000e+01,2.10357094e+45,1.01400952e+46
2.39000000e+01,6.08305101e+37,2.93228601e+38,2.39000000e+01,2.21010740e+45,1.06536457e+46
2.39100000e+01,6.39113033e+37,3.08079318e+38,2.39100000e+01,2.32203945e+45,1.11932052e+46
2.39200000e+01,6.71481249e+37,3.23682157e+38,2.39200000e+01,2.43964036e+45,1.17600909e+46
2.39300000e+01,7.05488770e+37,3.40075210e+38,2.39300000e+01,2.56319723e+45,1.23556869e+46
2.39400000e+01,7.41218620e+37,3.57298498e+38,2.39400000e+01,2.69301170e+45,1.29814472e+46
2.39500000e+01,7.78758026e+37,3.75394068e+38,2.39500000e+01,2.82940070e+45,1.36388994e+46
2.39600000e+01,8.18198636e+37,3.94406099e+38,2.39600000e+01,2.97269718e+45,1.43296486e+46
2.39700000e+01,8.59636737e+37,4.14381003e+38,2.39700000e+01,3.12325099e+45,1.50553812e+46
2.39800000e+01,9.03173491e+37,4.35367547e+38,2.39800000e+01,3.28142968e+45,1.58178689e+46
2.39900000e+01,9.48915188e+37,4.57416965e+38,2.39900000e+01,3.44761942e+45,1.66189732e+46
2.40000000e+01,9.96973497e+37,4.80583088e+38,2.40000000e+01,3.62222592e+45,1.74606499e+46
2.40100000e+01,1.04746574e+38,5.04922471e+38,2.40100000e+01,3.80567545e+45,1.83449537e+46
2.40200000e+01,1.10051520e+38,5.30494535e+38,2.40200000e+01,3.99841589e+45,1.92740435e+46
2.40300000e+01,1.15625137e+38,5.57361710e+38,2.40300000e+01,4.20091776e+45,2.02501876e+46
2.40400000e+01,1.21481033e+38,5.85589587e+38,2.40400000e+01,4.41367545e+45,2.12757690e+46
2.40500000e+01,1.27633503e+38,6.15247080e+38,2.40500000e+01,4.63720837e+45,2.23532915e+46
2.40600000e+01,1.34097569e+38,6.46406592e+38,2.40600000e+01,4.87206222e+45,2.34853857e+46
2.40700000e+01,1.40889011e+38,6.79144193e+38,2.40700000e+01,5.11881038e+45,2.46748154e+46
2.40800000e+01,1.48024409e+38,7.13539808e+38,2.40800000e+01,5.37805522e+45,2.59244844e+46
2.40900000e+01,1.55521183e+38,7.49677407e+38,2.40900000e+01,5.65042966e+45,2.72374435e+46
2.41000000e+01,1.63397636e+38,7.87645214e+38,2.41000000e+01,5.93659864e+45,2.86168982e+46
2.41100000e+01,1.71672995e+38,8.27535920e+38,2.41100000e+01,6.23726080e+45,3.00662161e+46
2.41200000e+01,1.80367464e+38,8.69446912e+38,2.41200000e+01,6.55315015e+45,3.15889354e+46
2.41300000e+01,1.89502269e+38,9.13480508e+38,2.41300000e+01,6.88503789e+45,3.31887736e+46
2.41400000e+01,1.99099711e+38,9.59744209e+38,2.41400000e+01,7.23373425e+45,3.48696365e+46
2.41500000e+01,2.09183221e+38,1.00835096e+39,2.41500000e+01,7.60009053e+45,3.66356276e+46
2.41600000e+01,2.19777415e+38,1.05941942e+39,2.41600000e+01,7.98500111e+45,3.84910582e+46
2.41700000e+01,2.30908158e+38,1.11307428e+39,2.41700000e+01,8.38940569e+45,4.04404581e+46
2.41800000e+01,2.42602623e+38,1.16944651e+39,2.41800000e+01,8.81429156e+45,4.24885864e+46
2.41900000e+01,2.54889360e+38,1.22867374e+39,2.41900000e+01,9.26069599e+45,4.46404432e+46
2.42000000e+01,2.67798366e+38,1.29090057e+39,2.42000000e+01,9.72970881e+45,4.69012819e+46
2.42100000e+01,2.81361155e+38,1.35627891e+39,2.42100000e+01,1.02224750e+46,4.92766220e+46
2.42200000e+01,2.95610839e+38,1.42496837e+39,2.42200000e+01,1.07401977e+46,5.17722625e+46
2.42300000e+01,3.10582205e+38,1.49713664e+39,2.42300000e+01,1.12841406e+46,5.43942959e+46
2.42400000e+01,3.26311804e+38,1.57295991e+39,2.42400000e+01,1.18556318e+46,5.71491237e+46
2.42500000e+01,3.42838037e+38,1.65262330e+39,2.42500000e+01,1.24560666e+46,6.00434711e+46
2.42600000e+01,3.60201250e+38,1.73632127e+39,2.42600000e+01,1.30869106e+46,6.30844042e+46
2.42700000e+01,3.78443832e+38,1.82425818e+39,2.42700000e+01,1.37497041e+46,6.62793471e+46
2.42800000e+01,3.97610319e+38,1.91664869e+39,2.42800000e+01,1.44460651e+46,6.96360995e+46
2.42900000e+01,4.17747502e+38,2.01371837e+39,2.42900000e+01,1.51776936e+46,7.31628564e+46
2.43000000e+01,4.38904544e+38,2.11570420e+39,2.43000000e+01,1.59463759e+46,7.68682277e+46
2.43100000e+01,4.61133096e+38,2.22285515e+39,2.43100000e+01,1.67539885e+46,8.07612595e+46
2.43200000e+01,4.84487424e+38,2.33543282e+39,2.43200000e+01,1.76025031e+46,8.48514560e+46
2.43300000e+01,5.09024544e+38,2.45371204e+39,2.43300000e+01,1.84939911e+46,8.91488026e+46
2.43400000e+01,5.34804360e+38,2.57798158e+39,2.43400000e+01,1.94306290e+46,9.36637906e+46
2.43500000e+01,5.61889808e+38,2.70854481e+39,2.43500000e+01,2.04147034e+46,9.84074426e+46
2.43600000e+01,5.90347013e+38,2.84572049e+39,2.43600000e+01,2.14486168e+46,1.03391339e+47
2.43700000e+01,6.20245448e+38,2.98984350e+39,2.43700000e+01,2.25348933e+46,1.08627648e+47
2.43800000e+01,6.51658105e+38,3.14126570e+39,2.43800000e+01,2.36761848e+46,1.14129152e+47
2.43900000e+01,6.84661673e+38,3.30035675e+39,2.43900000e+01,2.48752777e+46,1.19909283e+47
2.44000000e+01,7.19336723e+38,3.46750505e+39,2.44000000e+01,2.61350992e+46,1.25982152e+47
2.44100000e+01,7.55767910e+38,3.64311867e+39,2.44100000e+01,2.74587250e+46,1.32362584e+47
2.44200000e+01,7.94044173e+38,3.82762633e+39,2.44200000e+01,2.88493866e+46,1.39066157e+47
2.44300000e+01,8.34258958e+38,4.02147848e+39,2.44300000e+01,3.03104789e+46,1.46109236e+47
2.44400000e+01,8.76510442e+38,4.22514837e+39,2.44400000e+01,3.18455691e+46,1.53509015e+47
2.44500000e+01,9.20901774e+38,4.43913323e+39,2.44500000e+01,3.34584047e+46,1.61283560e+47
2.44600000e+01,9.67541329e+38,4.66395547e+39,2.44600000e+01,3.51529232e+46,1.69451850e+47
2.44700000e+01,1.01654297e+39,4.90016395e+39,2.44700000e+01,3.69332615e+46,1.78033828e+47
2.44800000e+01,1.06802632e+39,5.14833533e+39,2.44800000e+01,3.88037659e+46,1.87050445e+47
2.44900000e+01,1.12211708e+39,5.40907548e+39,2.44900000e+01,4.07690031e+46,1.96523714e+47
2.45000000e+01,1.17894729e+39,5.68302095e+39,2.45000000e+01,4.28337707e+46,2.06476760e+47
2.45100000e+01,1.23865569e+39,5.97084054e+39,2.45100000e+01,4.50031095e+46,2.16933884e+47
2.45200000e+01,1.30138806e+39,6.27323690e+39,2.45200000e+01,4.72823157e+46,2.27920615e+47
2.45300000e+01,1.36729754e+39,6.59094828e+39,2.45300000e+01,4.96769534e+46,2.39463775e+47
2.45400000e+01,1.43654505e+39,6.92475032e+39,2.45400000e+01,5.21928688e+46,2.51591543e+47
2.45500000e+01,1.50929963e+39,7.27545794e+39,2.45500000e+01,5.48362041e+46,2.64333529e+47
2.45600000e+01,1.58573890e+39,7.64392734e+39,2.45600000e+01,5.76134125e+46,2.77720840e+47
2.45700000e+01,1.66604948e+39,8.03105806e+39,2.45700000e+01,6.05312741e+46,2.91786158e+47
2.45800000e+01,1.75042743e+39,8.43779522e+39,2.45800000e+01,6.35969123e+46,3.06563822e+47
2.45900000e+01,1.83907875e+39,8.86513180e+39,2.45900000e+01,6.68178114e+46,3.22089908e+47
2.46000000e+01,1.93221986e+39,9.31411106e+39,2.46000000e+01,7.02018346e+46,3.38402320e+47
2.46100000e+01,2.03007815e+39,9.78582911e+39,2.46100000e+01,7.37572435e+46,3.55540884e+47
2.46200000e+01,2.13289253e+39,1.02814376e+40,2.46200000e+01,7.74927178e+46,3.73547439e+47
2.46300000e+01,2.24091399e+39,1.08021464e+40,2.46300000e+01,8.14173773e+46,3.92465945e+47
2.46400000e+01,2.35440626e+39,1.13492268e+40,2.46400000e+01,8.55408032e+46,4.12342590e+47
2.46500000e+01,2.47364640e+39,1.19240143e+40,2.46500000e+01,8.98730622e+46,4.33225897e+47
2.46600000e+01,2.59892553e+39,1.25279123e+40,2.46600000e+01,9.44247307e+46,4.55166850e+47
2.46700000e+01,2.73054948e+39,1.31623950e+40,2.46700000e+01,9.92069208e+46,4.78219015e+47
2.46800000e+01,2.86883959e+39,1.38290114e+40,2.46800000e+01,1.04231308e+47,5.02438668e+47
2.46900000e+01,3.01413348e+39,1.45293890e+40,2.46900000e+01,1.09510157e+47,5.27884939e+47
2.47000000e+01,3.16678586e+39,1.52652375e+40,2.47000000e+01,1.15056356e+47,5.54619950e+47
2.47100000e+01,3.32716939e+39,1.60383535e+40,2.47100000e+01,1.20883446e+47,5.82708969e+47
2.47200000e+01,3.49567563e+39,1.68506244e+40,2.47200000e+01,1.27005652e+47,6.12220571e+47
2.47300000e+01,3.67271597e+39,1.77040331e+40,2.47300000e+01,1.33437920e+47,6.43226804e+47
2.47400000e+01,3.85872260e+39,1.86006632e+40,2.47400000e+01,1.40195953e+47,6.75803363e+47
2.47500000e+01,4.05414963e+39,1.95427036e+40,2.47500000e+01,1.47296251e+47,7.10029780e+47
2.47600000e+01,4.25947417e+39,2.05324541e+40,2.47600000e+01,1.54756147e+47,7.45989612e+47
2.47700000e+01,4.47519748e+39,2.15723310e+40,2.47700000e+01,1.62593854e+47,7.83770648e+47
2.47800000e+01,4.70184621e+39,2.26648730e+40,2.47800000e+01,1.70828505e+47,8.23465125e+47
2.47900000e+01,4.93997369e+39,2.38127475e+40,2.47900000e+01,1.79480205e+47,8.65169949e+47
2.48000000e+01,5.19016125e+39,2.50187566e+40,2.48000000e+01,1.88570074e+47,9.08986936e+47
2.48100000e+01,5.45301970e+39,2.62858447e+40,2.48100000e+01,1.98120305e+47,9.55023058e+47
2.48200000e+01,5.72919075e+39,2.76171051e+40,2.48200000e+01,2.08154212e+47,1.00339070e+48
2.48300000e+01,6.01934863e+39,2.90157879e+40,2.48300000e+01,2.18696291e+47,1.05420795e+48
2.48400000e+01,6.32420171e+39,3.04853077e+40,2.48400000e+01,2.29772280e+47,1.10759887e+48
2.48500000e+01,6.64449423e+39,3.20292522e+40,2.48500000e+01,2.41409218e+47,1.16369380e+48
2.48600000e+01,6.98100813e+39,3.36513905e+40,2.48600000e+01,2.53635515e+47,1.22262968e+48
2.48700000e+01,7.33456496e+39,3.53556829e+40,2.48700000e+01,2.66481019e+47,1.28455040e+48
2.48800000e+01,7.70602786e+39,3.71462900e+40,2.48800000e+01,2.79977090e+47,1.34960713e+48
2.48900000e+01,8.09630370e+39,3.90275834e+40,2.48900000e+01,2.94156677e+47,1.41795870e+48
2.49000000e+01,8.50634526e+39,4.10041559e+40,2.49000000e+01,3.09054397e+47,1.48977196e+48
2.49100000e+01,8.93715359e+39,4.30808330e+40,2.49100000e+01,3.24706619e+47,1.56522225e+48
2.49200000e+01,9.38978043e+39,4.52626844e+40,2.49200000e+01,3.41151557e+47,1.64449375e+48
2.49300000e+01,9.86533080e+39,4.75550369e+40,2.49300000e+01,3.58429357e+47,1.72778000e+48
2.49400000e+01,1.03649657e+40,4.99634867e+40,2.49400000e+01,3.76582200e+47,1.81528433e+48
2.49500000e+01,1.08899048e+40,5.24939138e+40,2.49500000e+01,3.95654403e+47,1.90722036e+48
2.49600000e+01,1.14414298e+40,5.51524957e+40,2.49600000e+01,4.15692529e+47,2.00381254e+48
2.49700000e+01,1.20208870e+40,5.79457228e+40,2.49700000e+01,4.36745496e+47,2.10529668e+48
2.49800000e+01,1.26296911e+40,6.08804144e+40,2.49800000e+01,4.58864701e+47,2.21192053e+48
2.49900000e+01,1.32693285e+40,6.39637350e+40,2.49900000e+01,4.82104145e+47,2.32394441e+48
2.50000000e+01,1.39413606e+40,6.72032120e+40,2.50000000e+01,5.06520563e+47,2.44164180e+48
2.50100000e+01,1.46474281e+40,7.06067541e+40,2.50100000e+01,5.32173563e+47,2.56530003e+48
2.50200000e+01,1.53892548e+40,7.41826703e+40,2.50200000e+01,5.59125773e+47,2.69522100e+48
2.50300000e+01,1.61686518e+40,7.79396906e+40,2.50300000e+01,5.87442992e+47,2.83172189e+48
2.50400000e+01,1.69875216e+40,8.18869872e+40,2.50400000e+01,6.17194352e+47,2.97513593e+48
2.50500000e+01,1.78478636e+40,8.60341968e+40,2.50500000e+01,6.48452484e+47,3.12581326e+48
2.50600000e+01,1.87517780e+40,9.03914439e+40,2.50600000e+01,6.81293701e+47,3.28412171e+48
2.50700000e+01,1.97014717e+40,9.49693661e+40,2.50700000e+01,7.15798179e+47,3.45044778e+48
2.50800000e+01,2.06992631e+40,9.97791396e+40,2.50800000e+01,7.52050154e+47,3.62519753e+48
2.50900000e+01,2.17475882e+40,1.04832507e+41,2.50900000e+01,7.90138130e+47,3.80879756e+48
2.51000000e+01,2.28490062e+40,1.10141804e+41,2.51000000e+01,8.30155091e+47,4.00169612e+48
2.51100000e+01,2.40062061e+40,1.15719994e+41,2.51100000e+01,8.72198732e+47,4.20436412e+48
2.51200000e+01,2.52220131e+40,1.21580694e+41,2.51200000e+01,9.16371696e+47,4.41729636e+48
2.51300000e+01,2.64993952e+40,1.27738212e+41,2.51300000e+01,9.62781822e+47,4.64101265e+48
2.51400000e+01,2.78414710e+40,1.34207581e+41,2.51400000e+01,1.01154241e+48,4.87605918e+48
2.51500000e+01,2.92515169e+40,1.41004594e+41,2.51500000e+01,1.06277251e+48,5.12300976e+48
2.51600000e+01,3.07329754e+40,1.48145846e+41,2.51600000e+01,1.11659718e+48,5.38246728e+48
2.51700000e+01,3.22894631e+40,1.55648770e+41,2.51700000e+01,1.17314784e+48,5.65506517e+48
2.51800000e+01,3.39247799e+40,1.63531684e+41,2.51800000e+01,1.23256253e+48,5.94146892e+48
2.51900000e+01,3.56429183e+40,1.71813832e+41,2.51900000e+01,1.29498630e+48,6.24237774e+48
2.52000000e+01,3.74480726e+40,1.80515434e+41,2.52000000e+01,1.36057157e+48,6.55852624e+48
2.52100000e+01,3.93446499e+40,1.89657733e+41,2.52100000e+01,1.42947843e+48,6.89068626e+48
2.52200000e+01,4.13372804e+40,1.99263049e+41,2.52200000e+01,1.50187511e+48,7.23966868e+48
2.52300000e+01,4.34308287e+40,2.09354831e+41,2.52300000e+01,1.57793837e+48,7.60632551e+48
2.52400000e+01,4.56304059e+40,2.19957717e+41,2.52400000e+01,1.65785389e+48,7.99155187e+48
2.52500000e+01,4.79413818e+40,2.31097591e+41,2.52500000e+01,1.74181677e+48,8.39628822e+48
2.52600000e+01,5.03693983e+40,2.42801650e+41,2.52600000e+01,1.83003200e+48,8.82152265e+48
2.52700000e+01,5.29203830e+40,2.55098467e+41,2.52700000e+01,1.92271493e+48,9.26829330e+48
2.52800000e+01,5.56005636e+40,2.68018063e+41,2.52800000e+01,2.02009184e+48,9.73769089e+48
2.52900000e+01,5.84164834e+40,2.81591979e+41,2.52900000e+01,2.12240045e+48,1.02308614e+49
2.53000000e+01,6.13750169e+40,2.95853353e+41,2.53000000e+01,2.22989054e+48,1.07490087e+49
2.53100000e+01,6.44833869e+40,3.10837001e+41,2.53100000e+01,2.34282452e+48,1.12933979e+49
2.53200000e+01,6.77491820e+40,3.26579505e+41,2.53200000e+01,2.46147810e+48,1.18653580e+49
2.53300000e+01,7.11803750e+40,3.43119296e+41,2.53300000e+01,2.58614095e+48,1.24662853e+49
2.53400000e+01,7.47853425e+40,3.60496753e+41,2.53400000e+01,2.71711742e+48,1.30976469e+49
2.53500000e+01,7.85728855e+40,3.78754300e+41,2.53500000e+01,2.85472726e+48,1.37609841e+49
2.53600000e+01,8.25522506e+40,3.97936511e+41,2.53600000e+01,2.99930643e+48,1.44579164e+49
2.53700000e+01,8.67331527e+40,4.18090215e+41,2.53700000e+01,3.15120788e+48,1.51901451e+49
2.53800000e+01,9.11257989e+40,4.39264614e+41,2.53800000e+01,3.31080246e+48,1.59594580e+49
2.53900000e+01,9.57409129e+40,4.61511401e+41,2.53900000e+01,3.47847979e+48,1.67677332e+49
2.54000000e+01,1.00589762e+41,4.84884889e+41,2.54000000e+01,3.65464923e+48,1.76169439e+49
2.54100000e+01,1.05684183e+41,5.09442139e+41,2.54100000e+01,3.83974086e+48,1.85091632e+49
2.54200000e+01,1.11036614e+41,5.35243104e+41,2.54200000e+01,4.03420656e+48,1.94465695e+49
2.54300000e+01,1.16660122e+41,5.62350773e+41,2.54300000e+01,4.23852107e+48,2.04314513e+49
2.54400000e+01,1.22568435e+41,5.90831324e+41,2.54400000e+01,4.45318320e+48,2.14662129e+49
2.54500000e+01,1.28775978e+41,6.20754287e+41,2.54500000e+01,4.67871700e+48,2.25533805e+49
2.54600000e+01,1.35297905e+41,6.52192714e+41,2.54600000e+01,4.91567309e+48,2.36956084e+49
2.54700000e+01,1.42150139e+41,6.85223357e+41,2.54700000e+01,5.16462994e+48,2.48956849e+49
2.54800000e+01,1.49349407e+41,7.19926855e+41,2.54800000e+01,5.42619534e+48,2.61565400e+49
2.54900000e+01,1.56913287e+41,7.56387929e+41,2.54900000e+01,5.70100785e+48,2.74812517e+49
2.55000000e+01,1.64860243e+41,7.94695593e+41,2.55000000e+01,5.98973839e+48,2.88730541e+49
2.55100000e+01,1.73209676e+41,8.34943370e+41,2.55100000e+01,6.29309184e+48,3.03353451e+49
2.55200000e+01,1.81981971e+41,8.77229516e+41,2.55200000e+01,6.61180879e+48,3.18716946e+49
2.55300000e+01,1.91198544e+41,9.21657266e+41,2.55300000e+01,6.94666733e+48,3.34858534e+49
2.55400000e+01,2.00881895e+41,9.68335083e+41,2.55400000e+01,7.29848495e+48,3.51817620e+49
2.55500000e+01,2.11055664e+41,1.01737692e+42,2.55500000e+01,7.66812055e+48,3.69635609e+49
2.55600000e+01,2.21744689e+41,1.06890251e+42,2.55600000e+01,8.05647655e+48,3.88355999e+49
2.55700000e+01,2.32975066e+41,1.12303764e+42,2.55700000e+01,8.46450105e+48,4.08024493e+49
2.55800000e+01,2.44774210e+41,1.17991447e+42,2.55800000e+01,8.89319015e+48,4.28689108e+49
2.55900000e+01,2.57170929e+41,1.23967186e+42,2.55900000e+01,9.34359045e+48,4.50400293e+49
2.56000000e+01,2.70195486e+41,1.30245570e+42,2.56000000e+01,9.81680150e+48,4.73211053e+49
2.56100000e+01,2.83879678e+41,1.36841925e+42,2.56100000e+01,1.03139786e+49,4.97177075e+49
2.56200000e+01,2.98256914e+41,1.43772356e+42,2.56200000e+01,1.08363354e+49,5.22356870e+49
2.56300000e+01,3.13362292e+41,1.51053783e+42,2.56300000e+01,1.13851474e+49,5.48811908e+49
2.56400000e+01,3.29232691e+41,1.58703981e+42,2.56400000e+01,1.19617541e+49,5.76606776e+49
2.56500000e+01,3.45906853e+41,1.66741628e+42,2.56500000e+01,1.25675635e+49,6.05809329e+49
2.56600000e+01,3.63425488e+41,1.75186345e+42,2.56600000e+01,1.32040543e+49,6.36490861e+49
2.56700000e+01,3.81831363e+41,1.84058750e+42,2.56700000e+01,1.38727806e+49,6.68726276e+49
2.56800000e+01,4.01169413e+41,1.93380502e+42,2.56800000e+01,1.45753749e+49,7.02594270e+49
2.56900000e+01,4.21486849e+41,2.03174359e+42,2.56900000e+01,1.53135524e+49,7.38177526e+49
2.57000000e+01,4.42833272e+41,2.13464232e+42,2.57000000e+01,1.60891153e+49,7.75562915e+49
2.57100000e+01,4.65260796e+41,2.24275240e+42,2.57100000e+01,1.69039570e+49,8.14841707e+49
2.57200000e+01,4.88824174e+41,2.35633777e+42,2.57200000e+01,1.77600668e+49,8.56109794e+49
2.57300000e+01,5.13580931e+41,2.47567574e+42,2.57300000e+01,1.86595347e+49,8.99467925e+49
2.57400000e+01,5.39591508e+41,2.60105764e+42,2.57400000e+01,1.96045567e+49,9.45021951e+49
2.57500000e+01,5.66919403e+41,2.73278957e+42,2.57500000e+01,2.05974398e+49,9.92883085e+49
2.57600000e+01,5.95631335e+41,2.87119314e+42,2.57600000e+01,2.16406079e+49,1.04316817e+50
2.57700000e+01,6.25797397e+41,3.01660622e+42,2.57700000e+01,2.27366079e+49,1.09599997e+50
2.57800000e+01,6.57491235e+41,3.16938383e+42,2.57800000e+01,2.38881154e+49,1.15150747e+50
2.57900000e+01,6.90790225e+41,3.32989894e+42,2.57900000e+01,2.50979415e+49,1.20982617e+50
2.58000000e+01,7.25775659e+41,3.49854343e+42,2.58000000e+01,2.63690400e+49,1.27109845e+50
2.58100000e+01,7.62532949e+41,3.67572900e+42,2.58100000e+01,2.77045139e+49,1.33547390e+50
2.58200000e+01,8.01151831e+41,3.86188823e+42,2.58200000e+01,2.91076236e+49,1.40310968e+50
2.58300000e+01,8.41726587e+41,4.05747559e+42,2.58300000e+01,3.05817945e+49,1.47417091e+50
2.58400000e+01,8.84356273e+41,4.26296857e+42,2.58400000e+01,3.21306255e+49,1.54883107e+50
2.58500000e+01,9.29144961e+41,4.47886886e+42,2.58500000e+01,3.37578980e+49,1.62727243e+50
2.58600000e+01,9.76201997e+41,4.70570353e+42,2.58600000e+01,3.54675845e+49,1.70968650e+50
2.58700000e+01,1.02564226e+42,4.94402636e+42,2.58700000e+01,3.72638589e+49,1.79627447e+50
2.58800000e+01,1.07758645e+42,5.19441917e+42,2.58800000e+01,3.91511067e+49,1.88724774e+50
2.58900000e+01,1.13216138e+42,5.45749326e+42,2.58900000e+01,4.11339351e+49,1.98282839e+50
2.59000000e+01,1.18950029e+42,5.73389088e+42,2.59000000e+01,4.32171848e+49,2.08324978e+50
2.59100000e+01,1.24974316e+42,6.02428680e+42,2.59100000e+01,4.54059419e+49,2.18875706e+50
2.59200000e+01,1.31303706e+42,6.32938997e+42,2.59200000e+01,4.77055497e+49,2.29960781e+50
2.59300000e+01,1.37953651e+42,6.64994526e+42,2.59300000e+01,5.01216224e+49,2.41607266e+50
2.59400000e+01,1.44940387e+42,6.98673523e+42,2.59400000e+01,5.26600583e+49,2.53843593e+50
2.59500000e+01,1.52280969e+42,7.34058211e+42,2.59500000e+01,5.53270546e+49,2.66699635e+50
2.59600000e+01,1.59993318e+42,7.71234976e+42,2.59600000e+01,5.81291224e+49,2.80206778e+50
2.59700000e+01,1.68096264e+42,8.10294577e+42,2.59700000e+01,6.10731024e+49,2.94397998e+50
2.59800000e+01,1.76609588e+42,8.51332372e+42,2.59800000e+01,6.41661818e+49,3.09307939e+50
2.59900000e+01,1.85554073e+42,8.94448547e+42,2.59900000e+01,6.74159118e+49,3.24973003e+50
2.60000000e+01,1.94951557e+42,9.39748364e+42,2.60000000e+01,7.08302261e+49,3.41431431e+50
2.60100000e+01,2.04824981e+42,9.87342415e+42,2.60100000e+01,7.44174602e+49,3.58723406e+50
2.60200000e+01,2.15198450e+42,1.03734689e+43,2.60200000e+01,7.81863716e+49,3.76891141e+50
2.60300000e+01,2.26097289e+42,1.08988387e+43,2.60300000e+01,8.21461615e+49,3.95978991e+50
2.60400000e+01,2.37548105e+42,1.14508161e+43,2.60400000e+01,8.63064971e+49,4.16033556e+50
2.60500000e+01,2.49578854e+42,1.20307487e+43,2.60500000e+01,9.06775350e+49,4.37103794e+50
2.60600000e+01,2.62218906e+42,1.26400523e+43,2.60600000e+01,9.52699465e+49,4.59241146e+50
2.60700000e+01,2.75499120e+42,1.32802144e+43,2.60700000e+01,1.00094943e+50,4.82499655e+50
2.60800000e+01,2.89451918e+42,1.39527979e+43,2.60800000e+01,1.05164304e+50,5.06936104e+50
2.60900000e+01,3.04111363e+42,1.46594446e+43,2.60900000e+01,1.10490406e+50,5.32610149e+50
2.61000000e+01,3.19513243e+42,1.54018799e+43,2.61000000e+01,1.16086250e+50,5.59584470e+50
2.61100000e+01,3.35695159e+42,1.61819162e+43,2.61100000e+01,1.21965499e+50,5.87924920e+50
2.61200000e+01,3.52696617e+42,1.70014579e+43,2.61200000e+01,1.28142506e+50,6.17700687e+50
2.61300000e+01,3.70559123e+42,1.78625057e+43,2.61300000e+01,1.34632351e+50,6.48984463e+50
2.61400000e+01,3.89326284e+42,1.87671617e+43,2.61400000e+01,1.41450877e+50,6.81852623e+50
2.61500000e+01,4.09043919e+42,1.97176344e+43,2.61500000e+01,1.48614731e+50,7.16385407e+50
2.61600000e+01,4.29760163e+42,2.07162444e+43,2.61600000e+01,1.56141403e+50,7.52667123e+50
2.61700000e+01,4.51525593e+42,2.17654295e+43,2.61700000e+01,1.64049266e+50,7.90786346e+50
2.61800000e+01,4.74393344e+42,2.28677511e+43,2.61800000e+01,1.72357627e+50,8.30836136e+50
2.61900000e+01,4.98419244e+42,2.40259004e+43,2.61900000e+01,1.81086770e+50,8.72914269e+50
2.62000000e+01,5.23661949e+42,2.52427048e+43,2.62000000e+01,1.90258005e+50,9.17123471e+50
2.62100000e+01,5.50183084e+42,2.65211348e+43,2.62100000e+01,1.99893721e+50,9.63571672e+50
2.62200000e+01,5.78047395e+42,2.78643117e+43,2.62200000e+01,2.10017444e+50,1.01237227e+51
2.62300000e+01,6.07322910e+42,2.92755144e+43,2.62300000e+01,2.20653888e+50,1.06364439e+51
2.62400000e+01,6.38081098e+42,3.07581882e+43,2.62400000e+01,2.31829020e+50,1.11751322e+51
2.62500000e+01,6.70397051e+42,3.23159528e+43,2.62500000e+01,2.43570123e+50,1.17411027e+51
2.62600000e+01,7.04349662e+42,3.39526112e+43,2.62600000e+01,2.55905860e+50,1.23357370e+51
2.62700000e+01,7.40021821e+42,3.56721591e+43,2.62700000e+01,2.68866347e+50,1.29604869e+51
2.62800000e+01,7.77500615e+42,3.74787944e+43,2.62800000e+01,2.82483224e+50,1.36168775e+51
2.62900000e+01,8.16877543e+42,3.93769276e+43,2.62900000e+01,2.96789736e+50,1.43065115e+51
2.63000000e+01,8.58248736e+42,4.13711928e+43,2.63000000e+01,3.11820808e+50,1.50310723e+51
2.63100000e+01,9.01715195e+42,4.34664586e+43,2.63100000e+01,3.27613137e+50,1.57923288e+51
2.63200000e+01,9.47383035e+42,4.56678403e+43,2.63200000e+01,3.44205277e+50,1.65921396e+51
2.63300000e+01,9.95363747e+42,4.79807121e+43,2.63300000e+01,3.61637734e+50,1.74324573e+51
2.63400000e+01,1.04577447e+43,5.04107205e+43,2.63400000e+01,3.79953067e+50,1.83153332e+51
2.63500000e+01,1.09873827e+43,5.29637980e+43,2.63500000e+01,3.99195990e+50,1.92429229e+51
2.63600000e+01,1.15438444e+43,5.56461774e+43,2.63600000e+01,4.19413481e+50,2.02174909e+51
2.63700000e+01,1.21284885e+43,5.84644073e+43,2.63700000e+01,4.40654897e+50,2.12414163e+51
2.63800000e+01,1.27427422e+43,6.14253679e+43,2.63800000e+01,4.62972096e+50,2.23171990e+51
2.63900000e+01,1.33881051e+43,6.45362880e+43,2.63900000e+01,4.86419562e+50,2.34474653e+51
2.64000000e+01,1.40661527e+43,6.78047623e+43,2.64000000e+01,5.11054536e+50,2.46349745e+51
2.64100000e+01,1.47785404e+43,7.12387701e+43,2.64100000e+01,5.36937162e+50,2.58826258e+51
2.64200000e+01,1.55270073e+43,7.48466951e+43,2.64200000e+01,5.64130627e+50,2.71934650e+51
2.64300000e+01,1.63133808e+43,7.86373453e+43,2.64300000e+01,5.92701319e+50,2.85706923e+51
2.64400000e+01,1.71395805e+43,8.26199750e+43,2.64400000e+01,6.22718989e+50,3.00176701e+51
2.64500000e+01,1.80076236e+43,8.68043071e+43,2.64500000e+01,6.54256920e+50,3.15379307e+51
2.64600000e+01,1.89196292e+43,9.12005569e+43,2.64600000e+01,6.87392106e+50,3.31351858e+51
2.64700000e+01,1.98778237e+43,9.58194571e+43,2.64700000e+01,7.22205441e+50,3.48133347e+51
2.64800000e+01,2.08845466e+43,1.00672284e+44,2.64800000e+01,7.58781915e+50,3.65764744e+51
2.64900000e+01,2.19422554e+43,1.05770885e+44,2.64900000e+01,7.97210824e+50,3.84289092e+51
2.65000000e+01,2.30535325e+43,1.11127707e+44,2.65000000e+01,8.37585986e+50,4.03751615e+51
2.65100000e+01,2.42210908e+43,1.16755828e+44,2.65100000e+01,8.80005968e+50,4.24199828e+51
2.65200000e+01,2.54477807e+43,1.22668988e+44,2.65200000e+01,9.24574333e+50,4.45683651e+51
2.65300000e+01,2.67365969e+43,1.28881624e+44,2.65300000e+01,9.71399887e+50,4.68255534e+51
2.65400000e+01,2.80906859e+43,1.35408901e+44,2.65400000e+01,1.02059695e+51,4.91970582e+51
2.65500000e+01,2.95133535e+43,1.42266756e+44,2.65500000e+01,1.07228561e+51,5.16886691e+51
2.65600000e+01,3.10080728e+43,1.49471931e+44,2.65600000e+01,1.12659208e+51,5.43064689e+51
2.65700000e+01,3.25784929e+43,1.57042016e+44,2.65700000e+01,1.18364893e+51,5.70568486e+51
2.65800000e+01,3.42284479e+43,1.64995491e+44,2.65800000e+01,1.24359545e+51,5.99465227e+51
2.65900000e+01,3.59619656e+43,1.73351774e+44,2.65900000e+01,1.30657800e+51,6.29825459e+51
2.66000000e+01,3.77832783e+43,1.82131266e+44,2.66000000e+01,1.37275033e+51,6.61723300e+51
2.66100000e+01,3.96968323e+43,1.91355400e+44,2.66100000e+01,1.44227399e+51,6.95236625e+51
2.66200000e+01,4.17072992e+43,2.01046695e+44,2.66200000e+01,1.51531872e+51,7.30447250e+51
2.66300000e+01,4.38195873e+43,2.11228811e+44,2.66300000e+01,1.59206283e+51,7.67441135e+51
2.66400000e+01,4.60388534e+43,2.21926605e+44,2.66400000e+01,1.67269369e+51,8.06308595e+51
2.66500000e+01,4.83705153e+43,2.33166194e+44,2.66500000e+01,1.75740814e+51,8.47144518e+51
2.66600000e+01,5.08202655e+43,2.44975019e+44,2.66600000e+01,1.84641300e+51,8.90048597e+51
2.66700000e+01,5.33940846e+43,2.57381908e+44,2.66700000e+01,1.93992556e+51,9.35125577e+51
2.66800000e+01,5.60982561e+43,2.70417150e+44,2.66800000e+01,2.03817411e+51,9.82485503e+51
2.66900000e+01,5.89393818e+43,2.84112568e+44,2.66900000e+01,2.14139851e+51,1.03224400e+52
2.67000000e+01,6.19243977e+43,2.98501599e+44,2.67000000e+01,2.24985076e+51,1.08452254e+52
2.67100000e+01,6.50605914e+43,3.13619369e+44,2.67100000e+01,2.36379564e+51,1.13944875e+52
2.67200000e+01,6.83556193e+43,3.29502787e+44,2.67200000e+01,2.48351131e+51,1.19715673e+52
2.67300000e+01,7.18175256e+43,3.46190629e+44,2.67300000e+01,2.60929005e+51,1.25778737e+52
2.67400000e+01,7.54547620e+43,3.63723636e+44,2.67400000e+01,2.74143892e+51,1.32148867e+52
2.67500000e+01,7.92762081e+43,3.82144611e+44,2.67500000e+01,2.88028053e+51,1.38841616e+52
2.67600000e+01,8.32911933e+43,4.01498525e+44,2.67600000e+01,3.02615385e+51,1.45873322e+52
2.67700000e+01,8.75095196e+43,4.21832629e+44,2.67700000e+01,3.17941501e+51,1.53261154e+52
2.67800000e+01,9.19414853e+43,4.43196565e+44,2.67800000e+01,3.34043815e+51,1.61023145e+52
2.67900000e+01,9.65979101e+43,4.65642488e+44,2.67900000e+01,3.50961640e+51,1.69178247e+52
2.68000000e+01,1.01490162e+44,4.89225197e+44,2.68000000e+01,3.68736277e+51,1.77746369e+52
2.68100000e+01,1.06630185e+44,5.14002264e+44,2.68100000e+01,3.87411120e+51,1.86748427e+52
2.68200000e+01,1.12030527e+44,5.40034179e+44,2.68200000e+01,4.07031760e+51,1.96206399e+52
2.68300000e+01,1.17704371e+44,5.67384494e+44,2.68300000e+01,4.27646097e+51,2.06143376e+52
2.68400000e+01,1.23665571e+44,5.96119980e+44,2.68400000e+01,4.49304459e+51,2.16583615e+52
2.68500000e+01,1.29928679e+44,6.26310790e+44,2.68500000e+01,4.72059719e+51,2.27552606e+52
2.68600000e+01,1.36508985e+44,6.58030630e+44,2.68600000e+01,4.95967432e+51,2.39077128e+52
2.68700000e+01,1.43422555e+44,6.91356937e+44,2.68700000e+01,5.21085963e+51,2.51185315e+52
2.68800000e+01,1.50686266e+44,7.26371073e+44,2.68800000e+01,5.47476636e+51,2.63906727e+52
2.68900000e+01,1.58317851e+44,7.63158518e+44,2.68900000e+01,5.75203878e+51,2.77272422e+52
2.69000000e+01,1.66335942e+44,8.01809082e+44,2.69000000e+01,6.04335381e+51,2.91315030e+52
2.69100000e+01,1.74760113e+44,8.42417125e+44,2.69100000e+01,6.34942265e+51,3.06068833e+52
2.69200000e+01,1.83610931e+44,8.85081783e+44,2.69200000e+01,6.67099250e+51,3.21569850e+52
2.69300000e+01,1.92910003e+44,9.29907216e+44,2.69300000e+01,7.00884842e+51,3.37855924e+52
2.69400000e+01,2.02680031e+44,9.77002856e+44,2.69400000e+01,7.36381523e+51,3.54966815e+52
2.69500000e+01,2.12944868e+44,1.02648368e+45,2.69500000e+01,7.73675953e+51,3.72944296e+52
2.69600000e+01,2.23729573e+44,1.07847049e+45,2.69600000e+01,8.12859179e+51,3.91832256e+52
2.69700000e+01,2.35060475e+44,1.13309019e+45,2.69700000e+01,8.54026859e+51,4.11676806e+52
2.69800000e+01,2.46965236e+44,1.19047614e+45,2.69800000e+01,8.97279499e+51,4.32526395e+52
2.69900000e+01,2.59472921e+44,1.25076843e+45,2.69900000e+01,9.42722691e+51,4.54431922e+52
2.70000000e+01,2.72614063e+44,1.31411425e+45,2.70000000e+01,9.90467377e+51,4.77446865e+52
2.70100000e+01,2.86420746e+44,1.38066826e+45,2.70100000e+01,1.04063012e+52,5.01627413e+52
2.70200000e+01,3.00926675e+44,1.45059293e+45,2.70200000e+01,1.09333338e+52,5.27032597e+52
2.70300000e+01,3.16167265e+44,1.52405897e+45,2.70300000e+01,1.14870582e+52,5.53724440e+52
2.70400000e+01,3.32179722e+44,1.60124574e+45,2.70400000e+01,1.20688263e+52,5.81768106e+52
2.70500000e+01,3.49003139e+44,1.68234167e+45,2.70500000e+01,1.26800584e+52,6.11232057e+52
2.70600000e+01,3.66678587e+44,1.76754475e+45,2.70600000e+01,1.33222466e+52,6.42188226e+52
2.70700000e+01,3.85249216e+44,1.85706299e+45,2.70700000e+01,1.39969588e+52,6.74712187e+52
2.70800000e+01,4.04760366e+44,1.95111492e+45,2.70800000e+01,1.47058421e+52,7.08883340e+52
2.70900000e+01,4.25259667e+44,2.04993016e+45,2.70900000e+01,1.54506272e+52,7.44785110e+52
2.71000000e+01,4.46797167e+44,2.15374995e+45,2.71000000e+01,1.62331324e+52,7.82505144e+52
2.71100000e+01,4.69425444e+44,2.26282775e+45,2.71100000e+01,1.70552679e+52,8.22135528e+52
2.71200000e+01,4.93199743e+44,2.37742985e+45,2.71200000e+01,1.79190409e+52,8.63773014e+52
2.71300000e+01,5.18178103e+44,2.49783604e+45,2.71300000e+01,1.88265602e+52,9.07519253e+52
2.71400000e+01,5.44421506e+44,2.62434026e+45,2.71400000e+01,1.97800412e+52,9.53481043e+52
2.71500000e+01,5.71994019e+44,2.75725135e+45,2.71500000e+01,2.07818118e+52,1.00177059e+53
2.71600000e+01,6.00962957e+44,2.89689380e+45,2.71600000e+01,2.18343176e+52,1.05250579e+53
2.71700000e+01,6.31399042e+44,3.04360851e+45,2.71700000e+01,2.29401281e+52,1.10581050e+53
2.71800000e+01,6.63376579e+44,3.19775366e+45,2.71800000e+01,2.41019430e+52,1.16181485e+53
2.71900000e+01,6.96973635e+44,3.35970558e+45,2.71900000e+01,2.53225985e+52,1.22065558e+53
2.72000000e+01,7.32272231e+44,3.52985963e+45,2.72000000e+01,2.66050749e+52,1.28247632e+53
2.72100000e+01,7.69358543e+44,3.70863123e+45,2.72100000e+01,2.79525029e+52,1.34742801e+53
2.72200000e+01,8.08323111e+44,3.89645681e+45,2.72200000e+01,2.93681721e+52,1.41566921e+53
2.72300000e+01,8.49261060e+44,4.09379491e+45,2.72300000e+01,3.08555386e+52,1.48736652e+53
2.72400000e+01,8.92272333e+44,4.30112731e+45,2.72400000e+01,3.24182336e+52,1.56269498e+53
2.72500000e+01,9.37461935e+44,4.51896016e+45,2.72500000e+01,3.40600721e+52,1.64183849e+53
2.72600000e+01,9.84940188e+44,4.74782528e+45,2.72600000e+01,3.57850624e+52,1.72499027e+53
2.72700000e+01,1.03482300e+45,4.98828139e+45,2.72700000e+01,3.75974157e+52,1.81235330e+53
2.72800000e+01,1.08723216e+45,5.24091552e+45,2.72800000e+01,3.95015565e+52,1.90414089e+53
2.72900000e+01,1.14229560e+45,5.50634444e+45,2.72900000e+01,4.15021337e+52,2.00057711e+53
2.73000000e+01,1.20014776e+45,5.78521615e+45,2.73000000e+01,4.36040310e+52,2.10189739e+53
2.73100000e+01,1.26092988e+45,6.07821147e+45,2.73100000e+01,4.58123801e+52,2.20834909e+53
2.73200000e+01,1.32479033e+45,6.38604569e+45,2.73200000e+01,4.81325722e+52,2.32019209e+53
2.73300000e+01,1.39188504e+45,6.70947033e+45,2.73300000e+01,5.05702717e+52,2.43769944e+53
2.73400000e+01,1.46237779e+45,7.04927498e+45,2.73400000e+01,5.31314297e+52,2.56115801e+53
2.73500000e+01,1.53644068e+45,7.40628922e+45,2.73500000e+01,5.58222989e+52,2.69086920e+53
2.73600000e+01,1.61425453e+45,7.78138464e+45,2.73600000e+01,5.86494485e+52,2.82714969e+53
2.73700000e+01,1.69600930e+45,8.17547695e+45,2.73700000e+01,6.16197807e+52,2.97033217e+53
2.73800000e+01,1.78190458e+45,8.58952828e+45,2.73800000e+01,6.47405469e+52,3.12076620e+53
2.73900000e+01,1.87215007e+45,9.02454946e+45,2.73900000e+01,6.80193660e+52,3.27881905e+53
2.74000000e+01,1.96696610e+45,9.48160252e+45,2.74000000e+01,7.14642425e+52,3.44487657e+53
2.74100000e+01,2.06658413e+45,9.96180326e+45,2.74100000e+01,7.50835867e+52,3.61934415e+53
2.74200000e+01,2.17124737e+45,1.04663240e+46,2.74200000e+01,7.88862344e+52,3.80264774e+53
2.74300000e+01,2.28121134e+45,1.09963965e+46,2.74300000e+01,8.28814693e+52,3.99523483e+53
2.74400000e+01,2.39674448e+45,1.15533148e+46,2.74400000e+01,8.70790449e+52,4.19757560e+53
2.74500000e+01,2.51812887e+45,1.21384385e+46,2.74500000e+01,9.14892089e+52,4.41016403e+53
2.74600000e+01,2.64566083e+45,1.27531961e+46,2.74600000e+01,9.61227280e+52,4.63351911e+53
2.74700000e+01,2.77965171e+45,1.33990884e+46,2.74700000e+01,1.00990914e+53,4.86818612e+53
2.74800000e+01,2.92042864e+45,1.40776923e+46,2.74800000e+01,1.06105652e+53,5.11473796e+53
2.74900000e+01,3.06833528e+45,1.47906644e+46,2.74900000e+01,1.11479429e+53,5.37377656e+53
2.75000000e+01,3.22373274e+45,1.55397454e+46,2.75000000e+01,1.17125363e+53,5.64593430e+53
2.75100000e+01,3.38700038e+45,1.63267640e+46,2.75100000e+01,1.23057239e+53,5.93187561e+53
2.75200000e+01,3.55853679e+45,1.71536416e+46,2.75200000e+01,1.29289537e+53,6.23229857e+53
2.75300000e+01,3.73876076e+45,1.80223968e+46,2.75300000e+01,1.35837474e+53,6.54793661e+53
2.75400000e+01,3.92811226e+45,1.89351505e+46,2.75400000e+01,1.42717034e+53,6.87956030e+53
2.75500000e+01,4.12705358e+45,1.98941312e+46,2.75500000e+01,1.49945013e+53,7.22797925e+53
2.75600000e+01,4.33607038e+45,2.09016799e+46,2.75600000e+01,1.57539057e+53,7.59404406e+53
2.75700000e+01,4.55567294e+45,2.19602565e+46,2.75700000e+01,1.65517706e+53,7.97864842e+53
2.75800000e+01,4.78639739e+45,2.30724452e+46,2.75800000e+01,1.73900437e+53,8.38273127e+53
2.75900000e+01,5.02880701e+45,2.42409613e+46,2.75900000e+01,1.82707716e+53,8.80727910e+53
2.76000000e+01,5.28349358e+45,2.54686576e+46,2.76000000e+01,1.91961045e+53,9.25332838e+53
2.76100000e+01,5.55107889e+45,2.67585311e+46,2.76100000e+01,2.01683013e+53,9.72196807e+53
2.76200000e+01,5.83221620e+45,2.81137310e+46,2.76200000e+01,2.11897355e+53,1.02143423e+54
2.76300000e+01,6.12759186e+45,2.95375657e+46,2.76300000e+01,2.22629008e+53,1.07316530e+54
2.76400000e+01,6.43792697e+45,3.10335113e+46,2.76400000e+01,2.33904171e+53,1.12751632e+54
2.76500000e+01,6.76397917e+45,3.26052198e+46,2.76500000e+01,2.45750371e+53,1.18461998e+54
2.76600000e+01,7.10654445e+45,3.42565283e+46,2.76600000e+01,2.58196528e+53,1.24461568e+54
2.76700000e+01,7.46645914e+45,3.59914682e+46,2.76700000e+01,2.71273027e+53,1.30764989e+54
2.76800000e+01,7.84460189e+45,3.78142750e+46,2.76800000e+01,2.85011792e+53,1.37387651e+54
2.76900000e+01,8.24189587e+45,3.97293989e+46,2.76900000e+01,2.99446364e+53,1.44345721e+54
2.77000000e+01,8.65931103e+45,4.17415152e+46,2.77000000e+01,3.14611982e+53,1.51656186e+54
2.77100000e+01,9.09786639e+45,4.38555361e+46,2.77100000e+01,3.30545672e+53,1.59336893e+54
2.77200000e+01,9.55863262e+45,4.60766228e+46,2.77200000e+01,3.47286331e+53,1.67406594e+54
2.77300000e+01,1.00427346e+46,4.84101976e+46,2.77300000e+01,3.64874830e+53,1.75884989e+54
2.77400000e+01,1.05513542e+46,5.08619576e+46,2.77400000e+01,3.83354108e+53,1.84792777e+54
2.77500000e+01,1.10857330e+46,5.34378882e+46,2.77500000e+01,4.02769278e+53,1.94151704e+54
2.77600000e+01,1.16471758e+46,5.61442781e+46,2.77600000e+01,4.23167740e+53,2.03984619e+54
2.77700000e+01,1.22370532e+46,5.89877346e+46,2.77700000e+01,4.44599293e+53,2.14315528e+54
2.77800000e+01,1.28568052e+46,6.19751994e+46,2.77800000e+01,4.67116258e+53,2.25169650e+54
2.77900000e+01,1.35079448e+46,6.51139660e+46,2.77900000e+01,4.90773606e+53,2.36573486e+54
2.78000000e+01,1.41920618e+46,6.84116971e+46,2.78000000e+01,5.15629094e+53,2.48554874e+54
2.78100000e+01,1.49108262e+46,7.18764435e+46,2.78100000e+01,5.41743400e+53,2.61143067e+54
2.78200000e+01,1.56659929e+46,7.55166637e+46,2.78200000e+01,5.69180280e+53,2.74368795e+54
2.78300000e+01,1.64594053e+46,7.93412449e+46,2.78300000e+01,5.98006714e+53,2.88264346e+54
2.78400000e+01,1.72930006e+46,8.33595240e+46,2.78400000e+01,6.28293079e+53,3.02863646e+54
2.78500000e+01,1.81688137e+46,8.75813109e+46,2.78500000e+01,6.60113313e+53,3.18202335e+54
2.78600000e+01,1.90889828e+46,9.20169125e+46,2.78600000e+01,6.93545098e+53,3.34317859e+54
2.78700000e+01,2.00557544e+46,9.66771574e+46,2.78700000e+01,7.28670055e+53,3.51249563e+54
2.78800000e+01,2.10714886e+46,1.01573423e+47,2.78800000e+01,7.65573933e+53,3.69038782e+54
2.78900000e+01,2.21386652e+46,1.06717662e+47,2.78900000e+01,8.04346827e+53,3.87728945e+54
2.79000000e+01,2.32598896e+46,1.12122434e+47,2.79000000e+01,8.45083396e+53,4.07365681e+54
2.79100000e+01,2.44378989e+46,1.17800934e+47,2.79100000e+01,8.87883089e+53,4.27996931e+54
2.79200000e+01,2.56755692e+46,1.23767024e+47,2.79200000e+01,9.32850395e+53,4.49673060e+54
2.79300000e+01,2.69759219e+46,1.30035270e+47,2.79300000e+01,9.80095094e+53,4.72446989e+54
2.79400000e+01,2.83421316e+46,1.36620975e+47,2.79400000e+01,1.02973253e+54,4.96374315e+54
2.79500000e+01,2.97775338e+46,1.43540216e+47,2.79500000e+01,1.08188387e+54,5.21513453e+54
2.79600000e+01,3.12856326e+46,1.50809886e+47,2.79600000e+01,1.13667645e+54,5.47925777e+54
2.79700000e+01,3.28701099e+46,1.58447732e+47,2.79700000e+01,1.19424402e+54,5.75675766e+54
2.79800000e+01,3.45348340e+46,1.66472401e+47,2.79800000e+01,1.25472714e+54,6.04831168e+54
2.79900000e+01,3.62838688e+46,1.74903483e+47,2.79900000e+01,1.31827346e+54,6.35463160e+54
2.80000000e+01,3.81214844e+46,1.83761562e+47,2.80000000e+01,1.38503811e+54,6.67646526e+54
2.80100000e+01,4.00521670e+46,1.93068263e+47,2.80100000e+01,1.45518409e+54,7.01459836e+54
2.80200000e+01,4.20806301e+46,2.02846307e+47,2.80200000e+01,1.52888266e+54,7.36985638e+54
2.80300000e+01,4.42118257e+46,2.13119564e+47,2.80300000e+01,1.60631372e+54,7.74310663e+54
2.80400000e+01,4.64509569e+46,2.23913117e+47,2.80400000e+01,1.68766633e+54,8.13526034e+54
2.80500000e+01,4.88034901e+46,2.35253314e+47,2.80500000e+01,1.77313908e+54,8.54727488e+54
2.80600000e+01,5.12751685e+46,2.47167842e+47,2.80600000e+01,1.86294064e+54,8.98015611e+54
2.80700000e+01,5.38720264e+46,2.59685788e+47,2.80700000e+01,1.95729025e+54,9.43496084e+54
2.80800000e+01,5.66004035e+46,2.72837711e+47,2.80800000e+01,2.05641824e+54,9.91279940e+54
2.80900000e+01,5.94669607e+46,2.86655720e+47,2.80900000e+01,2.16056662e+54,1.04148383e+55
2.81000000e+01,6.24786962e+46,3.01173550e+47,2.81000000e+01,2.26998966e+54,1.09423033e+55
2.81100000e+01,6.56429626e+46,3.16426643e+47,2.81100000e+01,2.38495448e+54,1.14964820e+55
2.81200000e+01,6.89674850e+46,3.32452237e+47,2.81200000e+01,2.50574175e+54,1.20787274e+55
2.81300000e+01,7.24603795e+46,3.49289455e+47,2.81300000e+01,2.63264636e+54,1.26904609e+55
2.81400000e+01,7.61301736e+46,3.66979403e+47,2.81400000e+01,2.76597812e+54,1.33331760e+55
2.81500000e+01,7.99858262e+46,3.85565268e+47,2.81500000e+01,2.90606253e+54,1.40084417e+55
2.81600000e+01,8.40367505e+46,4.05092424e+47,2.81600000e+01,3.05324160e+54,1.47179066e+55
2.81700000e+01,8.82928359e+46,4.25608543e+47,2.81700000e+01,3.20787463e+54,1.54633027e+55
2.81800000e+01,9.27644730e+46,4.47163711e+47,2.81800000e+01,3.37033912e+54,1.62464498e+55
2.81900000e+01,9.74625785e+46,4.69810553e+47,2.81900000e+01,3.54103172e+54,1.70692598e+55
2.82000000e+01,1.02398622e+47,4.93604355e+47,2.82000000e+01,3.72036914e+54,1.79337414e+55
2.82100000e+01,1.07584654e+47,5.18603207e+47,2.82100000e+01,3.90878919e+54,1.88420052e+55
2.82200000e+01,1.13033336e+47,5.44868140e+47,2.82200000e+01,4.10675187e+54,1.97962684e+55
2.82300000e+01,1.18757968e+47,5.72463273e+47,2.82300000e+01,4.31474048e+54,2.07988609e+55
2.82400000e+01,1.24772528e+47,6.01455977e+47,2.82400000e+01,4.53326278e+54,2.18522301e+55
2.82500000e+01,1.31091698e+47,6.31917031e+47,2.82500000e+01,4.76285226e+54,2.29589478e+55
2.82600000e+01,1.37730906e+47,6.63920801e+47,2.82600000e+01,5.00406942e+54,2.41217158e+55
2.82700000e+01,1.44706361e+47,6.97545420e+47,2.82700000e+01,5.25750315e+54,2.53433728e+55
2.82800000e+01,1.52035090e+47,7.32872974e+47,2.82800000e+01,5.52377216e+54,2.66269012e+55
2.82900000e+01,1.59734987e+47,7.69989712e+47,2.82900000e+01,5.80352650e+54,2.79754346e+55
2.83000000e+01,1.67824850e+47,8.08986246e+47,2.83000000e+01,6.09744916e+54,2.93922652e+55
2.83100000e+01,1.76324428e+47,8.49957779e+47,2.83100000e+01,6.40625768e+54,3.08808520e+55
2.83200000e+01,1.85254471e+47,8.93004338e+47,2.83200000e+01,6.73070597e+54,3.24448290e+55
2.83300000e+01,1.94636781e+47,9.38231013e+47,2.83300000e+01,7.07158611e+54,3.40880144e+55
2.83400000e+01,2.04494263e+47,9.85748216e+47,2.83400000e+01,7.42973031e+54,3.58144198e+55
2.83500000e+01,2.14850983e+47,1.03567195e+48,2.83500000e+01,7.80601291e+54,3.76282599e+55
2.83600000e+01,2.25732224e+47,1.08812410e+48,2.83600000e+01,8.20135254e+54,3.95339629e+55
2.83700000e+01,2.37164551e+47,1.14323272e+48,2.83700000e+01,8.61671435e+54,4.15361813e+55
2.83800000e+01,2.49175875e+47,1.20113234e+48,2.83800000e+01,9.05311238e+54,4.36398030e+55
2.83900000e+01,2.61795518e+47,1.26196432e+48,2.83900000e+01,9.51161202e+54,4.58499638e+55
2.84000000e+01,2.75054289e+47,1.32587717e+48,2.84000000e+01,9.99333261e+54,4.81720593e+55
2.84100000e+01,2.88984559e+47,1.39302692e+48,2.84100000e+01,1.04994502e+55,5.06117586e+55
2.84200000e+01,3.03620334e+47,1.46357750e+48,2.84200000e+01,1.10312004e+55,5.31750178e+55
2.84300000e+01,3.18997345e+47,1.53770115e+48,2.84300000e+01,1.15898813e+55,5.58680945e+55
2.84400000e+01,3.35153133e+47,1.61557883e+48,2.84400000e+01,1.21768570e+55,5.86975635e+55
2.84500000e+01,3.52127140e+47,1.69740067e+48,2.84500000e+01,1.27935603e+55,6.16703325e+55
2.84600000e+01,3.69960804e+47,1.78336642e+48,2.84600000e+01,1.34414969e+55,6.47936589e+55
2.84700000e+01,3.88697664e+47,1.87368595e+48,2.84700000e+01,1.41222485e+55,6.80751679e+55
2.84800000e+01,4.08383462e+47,1.96857976e+48,2.84800000e+01,1.48374773e+55,7.15228706e+55
2.84900000e+01,4.29066257e+47,2.06827952e+48,2.84900000e+01,1.55889291e+55,7.51451840e+55
2.85000000e+01,4.50796543e+47,2.17302863e+48,2.85000000e+01,1.63784386e+55,7.89509513e+55
2.85100000e+01,4.73627371e+47,2.28308280e+48,2.85100000e+01,1.72079332e+55,8.29494638e+55
2.85200000e+01,4.97614478e+47,2.39871073e+48,2.85200000e+01,1.80794381e+55,8.71504830e+55
2.85300000e+01,5.22816425e+47,2.52019470e+48,2.85300000e+01,1.89950807e+55,9.15642651e+55
2.85400000e+01,5.49294738e+47,2.64783128e+48,2.85400000e+01,1.99570966e+55,9.62015854e+55
2.85500000e+01,5.77114059e+47,2.78193209e+48,2.85500000e+01,2.09678342e+55,1.01073765e+56
2.85600000e+01,6.06342304e+47,2.92282451e+48,2.85600000e+01,2.20297612e+55,1.06192699e+56
2.85700000e+01,6.37050829e+47,3.07085249e+48,2.85700000e+01,2.31454701e+55,1.11570884e+56
2.85800000e+01,6.69314603e+47,3.22637743e+48,2.85800000e+01,2.43176846e+55,1.17221451e+56
2.85900000e+01,7.03212394e+47,3.38977901e+48,2.85900000e+01,2.55492665e+55,1.23158193e+56
2.86000000e+01,7.38826955e+47,3.56145615e+48,2.86000000e+01,2.68432225e+55,1.29395604e+56
2.86100000e+01,7.76245235e+47,3.74182797e+48,2.86100000e+01,2.82027117e+55,1.35948912e+56
2.86200000e+01,8.15558583e+47,3.93133482e+48,2.86200000e+01,2.96310528e+55,1.42834117e+56
2.86300000e+01,8.56862976e+47,4.13043934e+48,2.86300000e+01,3.11317331e+55,1.50068026e+56
2.86400000e+01,9.00259253e+47,4.33962761e+48,2.86400000e+01,3.27084161e+55,1.57668300e+56
2.86500000e+01,9.45853356e+47,4.55941034e+48,2.86500000e+01,3.43649510e+55,1.65653494e+56
2.86600000e+01,9.93756597e+47,4.79032407e+48,2.86600000e+01,3.61053820e+55,1.74043102e+56
2.86700000e+01,1.04408592e+48,5.03293255e+48,2.86700000e+01,3.79339581e+55,1.82857606e+56
2.86800000e+01,1.09696420e+48,5.28782807e+48,2.86800000e+01,3.98551434e+55,1.92118526e+56
2.86900000e+01,1.15252053e+48,5.55563290e+48,2.86900000e+01,4.18736281e+55,2.01848470e+56
2.87000000e+01,1.21089054e+48,5.83700085e+48,2.87000000e+01,4.39943400e+55,2.12071192e+56
2.87100000e+01,1.27221673e+48,6.13261883e+48,2.87100000e+01,4.62224565e+55,2.22811649e+56
2.87200000e+01,1.33664881e+48,6.44320854e+48,2.87200000e+01,4.85634171e+55,2.34096062e+56
2.87300000e+01,1.40434410e+48,6.76952822e+48,2.87300000e+01,5.10229369e+55,2.45951980e+56
2.87400000e+01,1.47546784e+48,7.11237454e+48,2.87400000e+01,5.36070204e+55,2.58408348e+56
2.87500000e+01,1.55019369e+48,7.47258449e+48,2.87500000e+01,5.63219761e+55,2.71495574e+56
2.87600000e+01,1.62870406e+48,7.85103746e+48,2.87600000e+01,5.91744322e+55,2.85245610e+56
2.87700000e+01,1.71119064e+48,8.24865738e+48,2.87700000e+01,6.21713525e+55,2.99692024e+56
2.87800000e+01,1.79785478e+48,8.66641497e+48,2.87800000e+01,6.53200533e+55,3.14870085e+56
2.87900000e+01,1.88890809e+48,9.10533012e+48,2.87900000e+01,6.86282218e+55,3.30816846e+56
2.88000000e+01,1.98457283e+48,9.56647435e+48,2.88000000e+01,7.21039341e+55,3.47571239e+56
2.88100000e+01,2.08508256e+48,1.00509735e+49,2.88100000e+01,7.57556758e+55,3.65174167e+56
2.88200000e+01,2.19068267e+48,1.05600103e+49,2.88200000e+01,7.95923619e+55,3.83668605e+56
2.88300000e+01,2.30163094e+48,1.10948276e+49,2.88300000e+01,8.36233589e+55,4.03099703e+56
2.88400000e+01,2.41819825e+48,1.16567310e+49,2.88400000e+01,8.78585079e+55,4.23514899e+56
2.88500000e+01,2.54066918e+48,1.22470922e+49,2.88500000e+01,9.23081482e+55,4.44964034e+56
2.88600000e+01,2.66934270e+48,1.28673527e+49,2.88600000e+01,9.69831429e+55,4.67499472e+56
2.88700000e+01,2.80453297e+48,1.35190265e+49,2.88700000e+01,1.01894905e+56,4.91176228e+56
2.88800000e+01,2.94657001e+48,1.42037047e+49,2.88800000e+01,1.07055426e+56,5.16052107e+56
2.88900000e+01,3.09580060e+48,1.49230588e+49,2.88900000e+01,1.12477305e+56,5.42187837e+56
2.89000000e+01,3.25258905e+48,1.56788450e+49,2.89000000e+01,1.18173777e+56,5.69647225e+56
2.89100000e+01,3.41731814e+48,1.64729083e+49,2.89100000e+01,1.24158750e+56,5.98497309e+56
2.89200000e+01,3.59039001e+48,1.73071874e+49,2.89200000e+01,1.30446835e+56,6.28808520e+56
2.89300000e+01,3.77222720e+48,1.81837191e+49,2.89300000e+01,1.37053384e+56,6.60654858e+56
2.89400000e+01,3.96327363e+48,1.91046431e+49,2.89400000e+01,1.43994525e+56,6.94114071e+56
2.89500000e+01,4.16399571e+48,2.00722078e+49,2.89500000e+01,1.51287203e+56,7.29267843e+56
2.89600000e+01,4.37488346e+48,2.10887753e+49,2.89600000e+01,1.58949223e+56,7.66201997e+56
2.89700000e+01,4.59645174e+48,2.21568274e+49,2.89700000e+01,1.66999290e+56,8.05006700e+56
2.89800000e+01,4.82924145e+48,2.32789716e+49,2.89800000e+01,1.75457057e+56,8.45776687e+56
2.89900000e+01,5.07382093e+48,2.44579473e+49,2.89900000e+01,1.84343172e+56,8.88611493e+56
2.90000000e+01,5.33078725e+48,2.56966329e+49,2.90000000e+01,1.93679329e+56,9.33615689e+56
2.90100000e+01,5.60076778e+48,2.69980524e+49,2.90100000e+01,2.03488320e+56,9.80899147e+56
2.90200000e+01,5.88442161e+48,2.83653830e+49,2.90200000e+01,2.13794093e+56,1.03057730e+57
2.90300000e+01,6.18244124e+48,2.98019627e+49,2.90300000e+01,2.24621807e+56,1.08277143e+57
2.90400000e+01,6.49555422e+48,3.13112988e+49,2.90400000e+01,2.35997897e+56,1.13760896e+57
2.90500000e+01,6.82452498e+48,3.28970760e+49,2.90500000e+01,2.47950135e+56,1.19522376e+57
2.90600000e+01,7.17015664e+48,3.45631657e+49,2.90600000e+01,2.60507700e+56,1.25575650e+57
2.90700000e+01,7.53329300e+48,3.63136354e+49,2.90700000e+01,2.73701249e+56,1.31935495e+57
2.90800000e+01,7.91482058e+48,3.81527586e+49,2.90800000e+01,2.87562993e+56,1.38617437e+57
2.90900000e+01,8.31567083e+48,4.00850251e+49,2.90900000e+01,3.02126772e+56,1.45637790e+57
2.91000000e+01,8.73682236e+48,4.21151523e+49,2.91000000e+01,3.17428141e+56,1.53013693e+57
2.91100000e+01,9.17930332e+48,4.42480964e+49,2.91100000e+01,3.33504456e+56,1.60763152e+57
2.91200000e+01,9.64419397e+48,4.64890645e+49,2.91200000e+01,3.50394965e+56,1.68905086e+57
2.91300000e+01,1.01326292e+49,4.88435276e+49,2.91300000e+01,3.68140902e+56,1.77459373e+57
2.91400000e+01,1.06458016e+49,5.13172337e+49,2.91400000e+01,3.86785592e+56,1.86446896e+57
2.91500000e+01,1.11849638e+49,5.39162220e+49,2.91500000e+01,4.06374551e+56,1.95889597e+57
2.91600000e+01,1.17514322e+49,5.66468375e+49,2.91600000e+01,4.26955604e+56,2.05810529e+57
2.91700000e+01,1.23465896e+49,5.95157463e+49,2.91700000e+01,4.48578995e+56,2.16233911e+57
2.91800000e+01,1.29718892e+49,6.25299526e+49,2.91800000e+01,4.71297515e+56,2.27185192e+57
2.91900000e+01,1.36288573e+49,6.56968150e+49,2.91900000e+01,4.95166625e+56,2.38691105e+57
2.92000000e+01,1.43190980e+49,6.90240647e+49,2.92000000e+01,5.20244599e+56,2.50779742e+57
2.92100000e+01,1.50442962e+49,7.25198248e+49,2.92100000e+01,5.46592661e+56,2.63480614e+57
2.92200000e+01,1.58062225e+49,7.61926294e+49,2.92200000e+01,5.74275133e+56,2.76824728e+57
2.92300000e+01,1.66067370e+49,8.00514452e+49,2.92300000e+01,6.03359600e+56,2.90844662e+57
2.92400000e+01,1.74477939e+49,8.41056928e+49,2.92400000e+01,6.33917064e+56,3.05574643e+57
2.92500000e+01,1.83314466e+49,8.83652698e+49,2.92500000e+01,6.66022127e+56,3.21050631e+57
2.92600000e+01,1.92598523e+49,9.28405754e+49,2.92600000e+01,6.99753168e+56,3.37310409e+57
2.92700000e+01,2.02352777e+49,9.75425352e+49,2.92700000e+01,7.35192535e+56,3.54393672e+57
2.92800000e+01,2.12601040e+49,1.02482628e+50,2.92800000e+01,7.72426748e+56,3.72342126e+57
2.92900000e+01,2.23368331e+49,1.07672915e+50,2.92900000e+01,8.11546707e+56,3.91199589e+57
2.93000000e+01,2.34680938e+49,1.13126066e+50,2.93000000e+01,8.52647916e+56,4.11012098e+57
2.93100000e+01,2.46566477e+49,1.18855395e+50,2.93100000e+01,8.95830719e+56,4.31828022e+57
2.93200000e+01,2.59053966e+49,1.24874889e+50,2.93200000e+01,9.41200537e+56,4.53698179e+57
2.93300000e+01,2.72173891e+49,1.31199244e+50,2.93300000e+01,9.88868133e+56,4.76675962e+57
2.93400000e+01,2.85958280e+49,1.37843898e+50,2.93400000e+01,1.03894988e+57,5.00817467e+57
2.93500000e+01,3.00440788e+49,1.44825075e+50,2.93500000e+01,1.09156804e+57,5.26181631e+57
2.93600000e+01,3.15656770e+49,1.52159817e+50,2.93600000e+01,1.14685108e+57,5.52830377e+57
2.93700000e+01,3.31643373e+49,1.59866031e+50,2.93700000e+01,1.20493396e+57,5.80828762e+57
2.93800000e+01,3.48439626e+49,1.67962531e+50,2.93800000e+01,1.26595847e+57,6.10245140e+57
2.93900000e+01,3.66086534e+49,1.76469081e+50,2.93900000e+01,1.33007360e+57,6.41151326e+57
2.94000000e+01,3.84627179e+49,1.85406451e+50,2.94000000e+01,1.39743588e+57,6.73622772e+57
2.94100000e+01,4.04106825e+49,1.94796458e+50,2.94100000e+01,1.46820976e+57,7.07738752e+57
2.94200000e+01,4.24573028e+49,2.04662027e+50,2.94200000e+01,1.54256801e+57,7.43582553e+57
2.94300000e+01,4.46075752e+49,2.15027243e+50,2.94300000e+01,1.62069218e+57,7.81241682e+57
2.94400000e+01,4.68667493e+49,2.25917411e+50,2.94400000e+01,1.70277299e+57,8.20808078e+57
2.94500000e+01,4.92403405e+49,2.37359117e+50,2.94500000e+01,1.78901082e+57,8.62378335e+57
2.94600000e+01,5.17341434e+49,2.49380294e+50,2.94600000e+01,1.87961621e+57,9.06053940e+57
2.94700000e+01,5.43542463e+49,2.62010290e+50,2.94700000e+01,1.97481037e+57,9.51941518e+57
2.94800000e+01,5.71070457e+49,2.75279939e+50,2.94800000e+01,2.07482568e+57,1.00015310e+58
2.94900000e+01,5.99992621e+49,2.89221637e+50,2.94900000e+01,2.17990631e+57,1.05080638e+58
2.95000000e+01,6.30379562e+49,3.03869418e+50,2.95000000e+01,2.29030882e+57,1.10402502e+58
2.95100000e+01,6.62305467e+49,3.19259045e+50,2.95100000e+01,2.40630271e+57,1.15993895e+58
2.95200000e+01,6.95848276e+49,3.35428087e+50,2.95200000e+01,2.52817118e+57,1.21868466e+58
2.95300000e+01,7.31089878e+49,3.52416019e+50,2.95300000e+01,2.65621174e+57,1.28040559e+58
2.95400000e+01,7.68116309e+49,3.70264314e+50,2.95400000e+01,2.79073698e+57,1.34525240e+58
2.95500000e+01,8.07017963e+49,3.89016545e+50,2.95500000e+01,2.93207532e+57,1.41338342e+58
2.95600000e+01,8.47889813e+49,4.08718492e+50,2.95600000e+01,3.08057181e+57,1.48496497e+58
2.95700000e+01,8.90831638e+49,4.29418255e+50,2.95700000e+01,3.23658899e+57,1.56017180e+58
2.95800000e+01,9.35948275e+49,4.51166369e+50,2.95800000e+01,3.40050775e+57,1.63918752e+58
2.95900000e+01,9.83349868e+49,4.74015927e+50,2.95900000e+01,3.57272825e+57,1.72220503e+58
2.96000000e+01,1.03315214e+50,4.98022713e+50,2.96000000e+01,3.75367095e+57,1.80942701e+58
2.96100000e+01,1.08547667e+50,5.23245335e+50,2.96100000e+01,3.94377759e+57,1.90106640e+58
2.96200000e+01,1.14045121e+50,5.49745370e+50,2.96200000e+01,4.14351228e+57,1.99734690e+58
2.96300000e+01,1.19820996e+50,5.77587514e+50,2.96300000e+01,4.35336264e+57,2.09850359e+58
2.96400000e+01,1.25889393e+50,6.06839737e+50,2.96400000e+01,4.57384098e+57,2.20478341e+58
2.96500000e+01,1.32265128e+50,6.37573455e+50,2.96500000e+01,4.80548556e+57,2.31644582e+58
2.96600000e+01,1.38963765e+50,6.69863698e+50,2.96600000e+01,5.04886191e+57,2.43376344e+58
2.96700000e+01,1.46001658e+50,7.03789297e+50,2.96700000e+01,5.30456417e+57,2.55702267e+58
2.96800000e+01,1.53395989e+50,7.39433076e+50,2.96800000e+01,5.57321662e+57,2.68652443e+58
2.96900000e+01,1.61164809e+50,7.76882053e+50,2.96900000e+01,5.85547510e+57,2.82258487e+58
2.97000000e+01,1.69327086e+50,8.16227653e+50,2.97000000e+01,6.15202872e+57,2.96553616e+58
2.97100000e+01,1.77902745e+50,8.57565932e+50,2.97100000e+01,6.46360145e+57,3.11572730e+58
2.97200000e+01,1.86912723e+50,9.00997810e+50,2.97200000e+01,6.79095394e+57,3.27352495e+58
2.97300000e+01,1.96379016e+50,9.46629318e+50,2.97300000e+01,7.13488538e+57,3.43931434e+58
2.97400000e+01,2.06324735e+50,9.94571857e+50,2.97400000e+01,7.49623540e+57,3.61350023e+58
2.97500000e+01,2.16774160e+50,1.04494247e+51,2.97500000e+01,7.87588619e+57,3.79650785e+58
2.97600000e+01,2.27752801e+50,1.09786413e+51,2.97600000e+01,8.27476458e+57,3.98878398e+58
2.97700000e+01,2.39287461e+50,1.15346604e+51,2.97700000e+01,8.69384439e+57,4.19079805e+58
2.97800000e+01,2.51406301e+50,1.21188393e+51,2.97800000e+01,9.13414871e+57,4.40304322e+58
2.97900000e+01,2.64138905e+50,1.27326043e+51,2.97900000e+01,9.59675248e+57,4.62603766e+58
2.98000000e+01,2.77516359e+50,1.33774538e+51,2.98000000e+01,1.00827851e+58,4.86032577e+58
2.98100000e+01,2.91571321e+50,1.40549620e+51,2.98100000e+01,1.05934330e+58,5.10647952e+58
2.98200000e+01,3.06338104e+50,1.47667829e+51,2.98200000e+01,1.11299430e+58,5.36509986e+58
2.98300000e+01,3.21852758e+50,1.55146544e+51,2.98300000e+01,1.16936248e+58,5.63681817e+58
2.98400000e+01,3.38153160e+50,1.63004022e+51,2.98400000e+01,1.22858546e+58,5.92229779e+58
2.98500000e+01,3.55279105e+50,1.71259447e+51,2.98500000e+01,1.29080782e+58,6.22223568e+58
2.98600000e+01,3.73272402e+50,1.79932971e+51,2.98600000e+01,1.35618146e+58,6.53736407e+58
2.98700000e+01,3.92176979e+50,1.89045771e+51,2.98700000e+01,1.42486598e+58,6.86845232e+58
2.98800000e+01,4.12038989e+50,1.98620094e+51,2.98800000e+01,1.49702907e+58,7.21630870e+58
2.98900000e+01,4.32906920e+50,2.08679313e+51,2.98900000e+01,1.57284689e+58,7.58178245e+58
2.99000000e+01,4.54831719e+50,2.19247987e+51,2.99000000e+01,1.65250455e+58,7.96576581e+58
2.99100000e+01,4.77866910e+50,2.30351916e+51,2.99100000e+01,1.73619651e+58,8.36919620e+58
2.99200000e+01,5.02068731e+50,2.42018210e+51,2.99200000e+01,1.82412710e+58,8.79305855e+58
2.99300000e+01,5.27496266e+50,2.54275350e+51,2.99300000e+01,1.91651097e+58,9.23838762e+58
2.99400000e+01,5.54211592e+50,2.67153258e+51,2.99400000e+01,2.01357368e+58,9.70627062e+58
2.99500000e+01,5.82279930e+50,2.80683376e+51,2.99500000e+01,2.11555218e+58,1.01978498e+59
2.99600000e+01,6.11769803e+50,2.94898733e+51,2.99600000e+01,2.22269543e+58,1.07143253e+59
2.99700000e+01,6.42753206e+50,3.09834034e+51,2.99700000e+01,2.33526501e+58,1.12569579e+59
2.99800000e+01,6.75305781e+50,3.25525742e+51,2.99800000e+01,2.45353573e+58,1.18270725e+59
2.99900000e+01,7.09506997e+50,3.42012164e+51,2.99900000e+01,2.57779634e+58,1.24260608e+59
3.00000000e+01,7.45440352e+50,3.59333550e+51,3.00000000e+01,2.70835019e+58,1.30553852e+59
3.00100000e+01,7.83193571e+50,3.77532187e+51,3.00100000e+01,2.84551601e+58,1.37165820e+59
3.00200000e+01,8.22858821e+50,3.96652503e+51,3.00200000e+01,2.98962867e+58,1.44112655e+59
3.00300000e+01,8.64532939e+50,4.16741178e+51,3.00300000e+01,3.14103998e+58,1.51411316e+59
3.00400000e+01,9.08317664e+50,4.37847254e+51,3.00400000e+01,3.30011961e+58,1.59079622e+59
3.00500000e+01,9.54319890e+50,4.60022259e+51,3.00500000e+01,3.46725590e+58,1.67136293e+59
3.00600000e+01,1.00265192e+51,4.83320328e+51,3.00600000e+01,3.64285690e+58,1.75600999e+59
3.00700000e+01,1.05343176e+51,5.07798340e+51,3.00700000e+01,3.82735130e+58,1.84494404e+59
3.00800000e+01,1.10678336e+51,5.33516054e+51,3.00800000e+01,4.02118952e+58,1.93838220e+59
3.00900000e+01,1.16283699e+51,5.60536255e+51,3.00900000e+01,4.22484478e+58,2.03655258e+59
3.01000000e+01,1.22172948e+51,5.88924909e+51,3.01000000e+01,4.43881427e+58,2.13969486e+59
3.01100000e+01,1.28360461e+51,6.18751320e+51,3.01100000e+01,4.66362035e+58,2.24806083e+59
3.01200000e+01,1.34861344e+51,6.50088306e+51,3.01200000e+01,4.89981185e+58,2.36191506e+59
3.01300000e+01,1.41691468e+51,6.83012371e+51,3.01300000e+01,5.14796540e+58,2.48153549e+59
3.01400000e+01,1.48867507e+51,7.17603891e+51,3.01400000e+01,5.40868682e+58,2.60721416e+59
3.01500000e+01,1.56406980e+51,7.53947318e+51,3.01500000e+01,5.68261261e+58,2.73925789e+59
3.01600000e+01,1.64328294e+51,7.92131376e+51,3.01600000e+01,5.97041151e+58,2.87798904e+59
3.01700000e+01,1.72650787e+51,8.32249287e+51,3.01700000e+01,6.27278614e+58,3.02374631e+59
3.01800000e+01,1.81394776e+51,8.74398990e+51,3.01800000e+01,6.59047470e+58,3.17688554e+59
3.01900000e+01,1.90581610e+51,9.18683386e+51,3.01900000e+01,6.92425275e+58,3.33778057e+59
3.02000000e+01,2.00233716e+51,9.65210590e+51,3.02000000e+01,7.27493518e+58,3.50682423e+59
3.02100000e+01,2.10374658e+51,1.01409419e+52,3.02100000e+01,7.64337810e+58,3.68442918e+59
3.02200000e+01,2.21029193e+51,1.06545352e+52,3.02200000e+01,8.03048100e+58,3.87102904e+59
3.02300000e+01,2.32223333e+51,1.11941398e+52,3.02300000e+01,8.43718893e+58,4.06707934e+59
3.02400000e+01,2.43984406e+51,1.17610728e+52,3.02400000e+01,8.86449480e+58,4.27305871e+59
3.02500000e+01,2.56341124e+51,1.23567186e+52,3.02500000e+01,9.31344181e+58,4.48947002e+59
3.02600000e+01,2.69323656e+51,1.29825311e+52,3.02600000e+01,9.78512596e+58,4.71684159e+59
3.02700000e+01,2.82963694e+51,1.36400382e+52,3.02700000e+01,1.02806988e+59,4.95572851e+59
3.02800000e+01,2.97294539e+51,1.43308451e+52,3.02800000e+01,1.08013702e+59,5.20671399e+59
3.02900000e+01,3.12351177e+51,1.50566383e+52,3.02900000e+01,1.13484113e+59,5.47041076e+59
3.03000000e+01,3.28170367e+51,1.58191897e+52,3.03000000e+01,1.19231575e+59,5.74746259e+59
3.03100000e+01,3.44790728e+51,1.66203608e+52,3.03100000e+01,1.25270121e+59,6.03854585e+59
3.03200000e+01,3.62252835e+51,1.74621078e+52,3.03200000e+01,1.31614493e+59,6.34437118e+59
3.03300000e+01,3.80599321e+51,1.83464854e+52,3.03300000e+01,1.38280178e+59,6.66568520e+59
3.03400000e+01,3.99874974e+51,1.92756528e+52,3.03400000e+01,1.45283450e+59,7.00327233e+59
3.03500000e+01,4.20126852e+51,2.02518784e+52,3.03500000e+01,1.52641407e+59,7.35795674e+59
3.03600000e+01,4.41404397e+51,2.12775454e+52,3.03600000e+01,1.60372011e+59,7.73060433e+59
3.03700000e+01,4.63759555e+51,2.23551579e+52,3.03700000e+01,1.68494136e+59,8.12212486e+59
3.03800000e+01,4.87246902e+51,2.34873466e+52,3.03800000e+01,1.77027610e+59,8.53347414e+59
3.03900000e+01,5.11923777e+51,2.46768756e+52,3.03900000e+01,1.85993267e+59,8.96565643e+59
3.04000000e+01,5.37850426e+51,2.59266490e+52,3.04000000e+01,1.95412993e+59,9.41972681e+59
3.04100000e+01,5.65090144e+51,2.72397177e+52,3.04100000e+01,2.05309787e+59,9.89679383e+59
3.04200000e+01,5.93709432e+51,2.86192876e+52,3.04200000e+01,2.15707809e+59,1.03980222e+60
3.04300000e+01,6.23778158e+51,3.00687264e+52,3.04300000e+01,2.26632445e+59,1.09246355e+60
3.04400000e+01,6.55369731e+51,3.15915729e+52,3.04400000e+01,2.38110364e+59,1.14779194e+60
3.04500000e+01,6.88561276e+51,3.31915447e+52,3.04500000e+01,2.50169589e+59,1.20592246e+60
3.04600000e+01,7.23433824e+51,3.48725480e+52,3.04600000e+01,2.62839559e+59,1.26699704e+60
3.04700000e+01,7.60072510e+51,3.66386865e+52,3.04700000e+01,2.76151207e+59,1.33116477e+60
3.04800000e+01,7.98566782e+51,3.84942721e+52,3.04800000e+01,2.90137030e+59,1.39858231e+60
3.04900000e+01,8.39010617e+51,4.04438347e+52,3.04900000e+01,3.04831173e+59,1.46941425e+60
3.05000000e+01,8.81502751e+51,4.24921340e+52,3.05000000e+01,3.20269508e+59,1.54383351e+60
3.05100000e+01,9.26146921e+51,4.46441705e+52,3.05100000e+01,3.36489725e+59,1.62202177e+60
3.05200000e+01,9.73052119e+51,4.69051980e+52,3.05200000e+01,3.53531424e+59,1.70416991e+60
3.05300000e+01,1.02233286e+52,4.92807364e+52,3.05300000e+01,3.71436209e+59,1.79047849e+60
3.05400000e+01,1.07410944e+52,5.17765852e+52,3.05400000e+01,3.90247792e+59,1.88115822e+60
3.05500000e+01,1.12850828e+52,5.43988376e+52,3.05500000e+01,4.10012096e+59,1.97643047e+60
3.05600000e+01,1.18566217e+52,5.71538953e+52,3.05600000e+01,4.30777374e+59,2.07652783e+60
3.05700000e+01,1.24571066e+52,6.00484844e+52,3.05700000e+01,4.52594321e+59,2.18169467e+60
3.05800000e+01,1.30880033e+52,6.30896715e+52,3.05800000e+01,4.75516199e+59,2.29218774e+60
3.05900000e+01,1.37508521e+52,6.62848811e+52,3.05900000e+01,4.99598967e+59,2.40827680e+60
3.06000000e+01,1.44472712e+52,6.96419138e+52,3.06000000e+01,5.24901419e+59,2.53024524e+60
3.06100000e+01,1.51789609e+52,7.31689651e+52,3.06100000e+01,5.51485328e+59,2.65839085e+60
3.06200000e+01,1.59477074e+52,7.68746458e+52,3.06200000e+01,5.79415592e+59,2.79302645e+60
3.06300000e+01,1.67553874e+52,8.07680027e+52,3.06300000e+01,6.08760399e+59,2.93448074e+60
3.06400000e+01,1.76039728e+52,8.48585407e+52,3.06400000e+01,6.39591390e+59,3.08309906e+60
3.06500000e+01,1.84955353e+52,8.91562461e+52,3.06500000e+01,6.71983832e+59,3.23924424e+60
3.06600000e+01,1.94322514e+52,9.36716111e+52,3.06600000e+01,7.06016807e+59,3.40329746e+60
3.06700000e+01,2.04164080e+52,9.84156591e+52,3.06700000e+01,7.41773400e+59,3.57565925e+60
3.06800000e+01,2.14504077e+52,1.03399972e+53,3.06800000e+01,7.79340904e+59,3.75675040e+60
3.06900000e+01,2.25367749e+52,1.08636718e+53,3.06900000e+01,8.18811034e+59,3.94701300e+60
3.07000000e+01,2.36781617e+52,1.14138682e+53,3.07000000e+01,8.60280149e+59,4.14691155e+60
3.07100000e+01,2.48773546e+52,1.19919295e+53,3.07100000e+01,9.03849490e+59,4.35693406e+60
3.07200000e+01,2.61372813e+52,1.25992671e+53,3.07200000e+01,9.49625422e+59,4.57759328e+60
3.07300000e+01,2.74610177e+52,1.32373636e+53,3.07300000e+01,9.97719701e+59,4.80942790e+60
3.07400000e+01,2.88517954e+52,1.39077768e+53,3.07400000e+01,1.04824974e+60,5.05300390e+60
3.07500000e+01,3.03130097e+52,1.46121435e+53,3.07500000e+01,1.10133890e+60,5.30891595e+60
3.07600000e+01,3.18482280e+52,1.53521832e+53,3.07600000e+01,1.15711679e+60,5.57778879e+60
3.07700000e+01,3.34611983e+52,1.61297026e+53,3.07700000e+01,1.21571958e+60,5.86027883e+60
3.07800000e+01,3.51558583e+52,1.69465999e+53,3.07800000e+01,1.27729033e+60,6.15707574e+60
3.07900000e+01,3.69363452e+52,1.78048693e+53,3.07900000e+01,1.34197937e+60,6.46890408e+60
3.08000000e+01,3.88070059e+52,1.87066063e+53,3.08000000e+01,1.40994463e+60,6.79652512e+60
3.08100000e+01,4.07724071e+52,1.96540122e+53,3.08100000e+01,1.48135201e+60,7.14073871e+60
3.08200000e+01,4.28373471e+52,2.06494000e+53,3.08200000e+01,1.55637586e+60,7.50238518e+60
3.08300000e+01,4.50068671e+52,2.16951997e+53,3.08300000e+01,1.63519934e+60,7.88234743e+60
3.08400000e+01,4.72862635e+52,2.27939645e+53,3.08400000e+01,1.71801487e+60,8.28155306e+60
3.08500000e+01,4.96811012e+52,2.39483769e+53,3.08500000e+01,1.80502464e+60,8.70097667e+60
3.08600000e+01,5.21972267e+52,2.51612550e+53,3.08600000e+01,1.89644106e+60,9.14164221e+60
3.08700000e+01,5.48407827e+52,2.64355600e+53,3.08700000e+01,1.99248731e+60,9.60462549e+60
3.08800000e+01,5.76182230e+52,2.77744028e+53,3.08800000e+01,2.09339788e+60,1.00910568e+61
3.08900000e+01,6.05363282e+52,2.91810521e+53,3.08900000e+01,2.19941912e+60,1.06021237e+61
3.09000000e+01,6.36022224e+52,3.06589418e+53,3.09000000e+01,2.31080986e+60,1.11390738e+61
3.09100000e+01,6.68233904e+52,3.22116801e+53,3.09100000e+01,2.42784204e+60,1.17032181e+61
3.09200000e+01,7.02076961e+52,3.38430575e+53,3.09200000e+01,2.55080137e+60,1.22959337e+61
3.09300000e+01,7.37634018e+52,3.55570570e+53,3.09300000e+01,2.67998805e+60,1.29186677e+61
3.09400000e+01,7.74991881e+52,3.73578628e+53,3.09400000e+01,2.81571745e+60,1.35729404e+61
3.09500000e+01,8.14241753e+52,3.92498714e+53,3.09500000e+01,2.95832095e+60,1.42603491e+61
3.09600000e+01,8.55479454e+52,4.12377018e+53,3.09600000e+01,3.10814667e+60,1.49825720e+61
3.09700000e+01,8.98805661e+52,4.33262069e+53,3.09700000e+01,3.26556039e+60,1.57413723e+61
3.09800000e+01,9.44326147e+52,4.55204855e+53,3.09800000e+01,3.43094641e+60,1.65386023e+61
3.09900000e+01,9.92152041e+52,4.78258944e+53,3.09900000e+01,3.60470850e+60,1.73762086e+61
3.10000000e+01,1.04240010e+53,5.02480620e+53,3.10000000e+01,3.78727086e+60,1.82562358e+61
3.10100000e+01,1.09519300e+53,5.27929015e+53,3.10100000e+01,3.97907918e+60,1.91808325e+61
3.10200000e+01,1.15065963e+53,5.54666258e+53,3.10200000e+01,4.18060174e+60,2.01522558e+61
3.10300000e+01,1.20893539e+53,5.82757622e+53,3.10300000e+01,4.39233051e+60,2.11728774e+61
3.10400000e+01,1.27016256e+53,6.12271688e+53,3.10400000e+01,4.61478240e+60,2.22451889e+61
3.10500000e+01,1.33449061e+53,6.43280510e+53,3.10500000e+01,4.84850048e+60,2.33718082e+61
3.10600000e+01,1.40207659e+53,6.75859790e+53,3.10600000e+01,5.09405534e+60,2.45554857e+61
3.10700000e+01,1.47308550e+53,7.10089064e+53,3.10700000e+01,5.35204645e+60,2.57991112e+61
3.10800000e+01,1.54769069e+53,7.46051898e+53,3.10800000e+01,5.62310366e+60,2.71057208e+61
3.10900000e+01,1.62607430e+53,7.83836089e+53,3.10900000e+01,5.90788870e+60,2.84785042e+61
3.11000000e+01,1.70842768e+53,8.23533880e+53,3.11000000e+01,6.20709683e+60,2.99208131e+61
3.11100000e+01,1.79495190e+53,8.65242187e+53,3.11100000e+01,6.52145852e+60,3.14361684e+61
3.11200000e+01,1.88585819e+53,9.09062832e+53,3.11200000e+01,6.85174121e+60,3.30282697e+61
3.11300000e+01,1.98136847e+53,9.55102798e+53,3.11300000e+01,7.19875125e+60,3.47010038e+61
3.11400000e+01,2.08171591e+53,1.00347448e+54,3.11400000e+01,7.56333580e+60,3.64584543e+61
3.11500000e+01,2.18714551e+53,1.05429597e+54,3.11500000e+01,7.94638491e+60,3.83049119e+61
3.11600000e+01,2.29791465e+53,1.10769135e+54,3.11600000e+01,8.34883376e+60,4.02448844e+61
3.11700000e+01,2.41429374e+53,1.16379096e+54,3.11700000e+01,8.77166484e+60,4.22831077e+61
3.11800000e+01,2.53656692e+53,1.22273176e+54,3.11800000e+01,9.21591041e+60,4.44245579e+61
3.11900000e+01,2.66503268e+53,1.28465766e+54,3.11900000e+01,9.68265504e+60,4.66744630e+61
3.12000000e+01,2.80000467e+53,1.34971982e+54,3.12000000e+01,1.01730382e+61,4.90383158e+61
3.12100000e+01,2.94181238e+53,1.41807709e+54,3.12100000e+01,1.06882571e+61,5.15218870e+61
3.12200000e+01,3.09080201e+53,1.48989635e+54,3.12200000e+01,1.12295695e+61,5.41312401e+61
3.12300000e+01,3.24733730e+53,1.56535294e+54,3.12300000e+01,1.17982969e+61,5.68727452e+61
3.12400000e+01,3.41180041e+53,1.64463106e+54,3.12400000e+01,1.23958279e+61,5.97530953e+61
3.12500000e+01,3.58459284e+53,1.72792426e+54,3.12500000e+01,1.30236211e+61,6.27793223e+61
3.12600000e+01,3.76613643e+53,1.81543590e+54,3.12600000e+01,1.36832092e+61,6.59588141e+61
3.12700000e+01,3.95687439e+53,1.90737960e+54,3.12700000e+01,1.43762026e+61,6.92993329e+61
3.12800000e+01,4.15727237e+53,2.00397985e+54,3.12800000e+01,1.51042929e+61,7.28090341e+61
3.12900000e+01,4.36781962e+53,2.10547246e+54,3.12900000e+01,1.58692578e+61,7.64964859e+61
3.13000000e+01,4.58903014e+53,2.21210522e+54,3.13000000e+01,1.66729647e+61,8.03706907e+61
3.13100000e+01,4.82144398e+53,2.32413845e+54,3.13100000e+01,1.75173757e+61,8.44411066e+61
3.13200000e+01,5.06562855e+53,2.44184566e+54,3.13200000e+01,1.84045525e+61,8.87176708e+61
3.13300000e+01,5.32217997e+53,2.56551422e+54,3.13300000e+01,1.93366607e+61,9.32108239e+61
3.13400000e+01,5.59172458e+53,2.69544604e+54,3.13400000e+01,2.03159760e+61,9.79315351e+61
3.13500000e+01,5.87492041e+53,2.83195832e+54,3.13500000e+01,2.13448893e+61,1.02891329e+62
3.13600000e+01,6.17245884e+53,2.97538434e+54,3.13600000e+01,2.24259125e+61,1.08102315e+62
3.13700000e+01,6.48506627e+53,3.12607425e+54,3.13700000e+01,2.35616846e+61,1.13577213e+62
3.13800000e+01,6.81350586e+53,3.28439592e+54,3.13800000e+01,2.47549785e+61,1.19329391e+62
3.13900000e+01,7.15857945e+53,3.45073588e+54,3.13900000e+01,2.60087074e+61,1.25372891e+62
3.14000000e+01,7.52112947e+53,3.62550021e+54,3.14000000e+01,2.73259321e+61,1.31722467e+62
3.14100000e+01,7.90204103e+53,3.80911558e+54,3.14100000e+01,2.87098683e+61,1.38393620e+62
3.14200000e+01,8.30224405e+53,4.00203024e+54,3.14200000e+01,3.01638947e+61,1.45402638e+62
3.14300000e+01,8.72271557e+53,4.20471517e+54,3.14300000e+01,3.16915610e+61,1.52766631e+62
3.14400000e+01,9.16448209e+53,4.41766518e+54,3.14400000e+01,3.32965968e+61,1.60503578e+62
3.14500000e+01,9.62862210e+53,4.64140015e+54,3.14500000e+01,3.49829204e+61,1.68632366e+62
3.14600000e+01,1.01162687e+54,4.87646631e+54,3.14600000e+01,3.67546488e+61,1.77172841e+62
3.14700000e+01,1.06286125e+54,5.12343751e+54,3.14700000e+01,3.86161074e+61,1.86145852e+62
3.14800000e+01,1.11669042e+54,5.38291669e+54,3.14800000e+01,4.05718404e+61,1.95573307e+62
3.14900000e+01,1.17324579e+54,5.65553734e+54,3.14900000e+01,4.26266226e+61,2.05478220e+62
3.15000000e+01,1.23266544e+54,5.94196501e+54,3.15000000e+01,4.47854703e+61,2.15884772e+62
3.15100000e+01,1.29509443e+54,6.24289895e+54,3.15100000e+01,4.70536540e+61,2.26818370e+62
3.15200000e+01,1.36068517e+54,6.55907385e+54,3.15200000e+01,4.94367111e+61,2.38305706e+62
3.15300000e+01,1.42959778e+54,6.89126159e+54,3.15300000e+01,5.19404593e+61,2.50374824e+62
3.15400000e+01,1.50200051e+54,7.24027316e+54,3.15400000e+01,5.45710112e+61,2.63055188e+62
3.15500000e+01,1.57807012e+54,7.60696060e+54,3.15500000e+01,5.73347888e+61,2.76377757e+62
3.15600000e+01,1.65799231e+54,7.99221913e+54,3.15600000e+01,6.02385393e+61,2.90375053e+62
3.15700000e+01,1.74196220e+54,8.39698927e+54,3.15700000e+01,6.32893518e+61,3.05081251e+62
3.15800000e+01,1.83018480e+54,8.82225921e+54,3.15800000e+01,6.64946743e+61,3.20532251e+62
3.15900000e+01,1.92287547e+54,9.26906716e+54,3.15900000e+01,6.98623321e+61,3.36765776e+62
3.16000000e+01,2.02026051e+54,9.73850394e+54,3.16000000e+01,7.34005467e+61,3.53821456e+62
3.16100000e+01,2.12257766e+54,1.02317156e+55,3.16100000e+01,7.71179560e+61,3.71740929e+62
3.16200000e+01,2.23007673e+54,1.07499062e+55,3.16200000e+01,8.10236354e+61,3.90567944e+62
3.16300000e+01,2.34302013e+54,1.12943409e+55,3.16300000e+01,8.51271200e+61,4.10348463e+62
3.16400000e+01,2.46168362e+54,1.18663487e+55,3.16400000e+01,8.94384278e+61,4.31130777e+62
3.16500000e+01,2.58635688e+54,1.24673262e+55,3.16500000e+01,9.39680840e+61,4.52965622e+62
3.16600000e+01,2.71734429e+54,1.30987405e+55,3.16600000e+01,9.87271470e+61,4.75906304e+62
3.16700000e+01,2.85496562e+54,1.37621331e+55,3.16700000e+01,1.03727235e+62,5.00008829e+62
3.16800000e+01,2.99955685e+54,1.44591235e+55,3.16800000e+01,1.08980556e+62,5.25332039e+62
3.16900000e+01,3.15147099e+54,1.51914135e+55,3.16900000e+01,1.14499933e+62,5.51937757e+62
3.17000000e+01,3.31107889e+54,1.59607906e+55,3.17000000e+01,1.20298843e+62,5.79890935e+62
3.17100000e+01,3.47877023e+54,1.67691332e+55,3.17100000e+01,1.26391441e+62,6.09259816e+62
3.17200000e+01,3.65495437e+54,1.76184148e+55,3.17200000e+01,1.32792602e+62,6.40116100e+62
3.17300000e+01,3.84006146e+54,1.85107087e+55,3.17300000e+01,1.39517953e+62,6.72535116e+62
3.17400000e+01,4.03454339e+54,1.94481932e+55,3.17400000e+01,1.46583913e+62,7.06596011e+62
3.17500000e+01,4.23887497e+54,2.04331572e+55,3.17500000e+01,1.54007732e+62,7.42381938e+62
3.17600000e+01,4.45355502e+54,2.14680052e+55,3.17600000e+01,1.61807535e+62,7.79980261e+62
3.17700000e+01,4.67910765e+54,2.25552636e+55,3.17700000e+01,1.70002363e+62,8.19482772e+62
3.17800000e+01,4.91608352e+54,2.36975868e+55,3.17800000e+01,1.78612222e+62,8.60985908e+62
3.17900000e+01,5.16506116e+54,2.48977636e+55,3.17900000e+01,1.87658132e+62,9.04590992e+62
3.18000000e+01,5.42664840e+54,2.61587239e+55,3.18000000e+01,1.97162177e+62,9.50404479e+62
3.18100000e+01,5.70148386e+54,2.74835462e+55,3.18100000e+01,2.07147559e+62,9.98538213e+62
3.18200000e+01,5.99023851e+54,2.88754649e+55,3.18200000e+01,2.17638656e+62,1.04910971e+63
3.18300000e+01,6.29361729e+54,3.03378780e+55,3.18300000e+01,2.28661080e+62,1.10224242e+63
3.18400000e+01,6.61236085e+54,3.18743558e+55,3.18400000e+01,2.40241741e+62,1.15806607e+63
3.18500000e+01,6.94724734e+54,3.34886493e+55,3.18500000e+01,2.52408910e+62,1.21671693e+63
3.18600000e+01,7.29909433e+54,3.51846996e+55,3.18600000e+01,2.65192292e+62,1.27833820e+63
3.18700000e+01,7.66876081e+54,3.69666472e+55,3.18700000e+01,2.78623095e+62,1.34308031e+63
3.18800000e+01,8.05714923e+54,3.88388425e+55,3.18800000e+01,2.92734108e+62,1.41110132e+63
3.18900000e+01,8.46520779e+54,4.08058561e+55,3.18900000e+01,3.07559781e+62,1.48256729e+63
3.19000000e+01,8.89393269e+54,4.28724901e+55,3.19000000e+01,3.23136308e+62,1.55765269e+63
3.19100000e+01,9.34437059e+54,4.50437899e+55,3.19100000e+01,3.39501716e+62,1.63654083e+63
3.19200000e+01,9.81762115e+54,4.73250563e+55,3.19200000e+01,3.56695959e+62,1.71942430e+63
3.19300000e+01,1.03148397e+55,4.97218587e+55,3.19300000e+01,3.74761014e+62,1.80650545e+63
3.19400000e+01,1.08372402e+55,5.22400484e+55,3.19400000e+01,3.93740982e+62,1.89799687e+63
3.19500000e+01,1.13860980e+55,5.48857731e+55,3.19500000e+01,4.13682202e+62,1.99412192e+63
3.19600000e+01,1.19627529e+55,5.76654920e+55,3.19600000e+01,4.34633354e+62,2.09511527e+63
3.19700000e+01,1.25686128e+55,6.05859912e+55,3.19700000e+01,4.56645589e+62,2.20122348e+63
3.19800000e+01,1.32051568e+55,6.36544005e+55,3.19800000e+01,4.79772645e+62,2.31270560e+63
3.19900000e+01,1.38739389e+55,6.68782111e+55,3.19900000e+01,5.04070983e+62,2.42983380e+63
3.20000000e+01,1.45765918e+55,7.02652933e+55,3.20000000e+01,5.29599923e+62,2.55289401e+63
3.20100000e+01,1.53148310e+55,7.38239161e+55,3.20100000e+01,5.56421790e+62,2.68218667e+63
3.20200000e+01,1.60904587e+55,7.75627671e+55,3.20200000e+01,5.84602064e+62,2.81802742e+63
3.20300000e+01,1.69053684e+55,8.14909742e+55,3.20300000e+01,6.14209543e+62,2.96074790e+63
3.20400000e+01,1.77615497e+55,8.56181275e+55,3.20400000e+01,6.45316508e+62,3.11069654e+63
3.20500000e+01,1.86610927e+55,8.99543026e+55,3.20500000e+01,6.77998902e+62,3.26823940e+63
3.20600000e+01,1.96061936e+55,9.45100856e+55,3.20600000e+01,7.12336513e+62,3.43376110e+63
3.20700000e+01,2.05991596e+55,9.92965986e+55,3.20700000e+01,7.48413171e+62,3.60766574e+63
3.20800000e+01,2.16424148e+55,1.04325527e+56,3.20800000e+01,7.86316949e+62,3.79037787e+63
3.20900000e+01,2.27385063e+55,1.09609148e+56,3.20900000e+01,8.26140385e+62,3.98234355e+63
3.21000000e+01,2.38901099e+55,1.15160361e+56,3.21000000e+01,8.67980699e+62,4.18403143e+63
3.21100000e+01,2.51000371e+55,1.20992718e+56,3.21100000e+01,9.11940038e+62,4.39593390e+63
3.21200000e+01,2.63712417e+55,1.27120458e+56,3.21200000e+01,9.58125721e+62,4.61856829e+63
3.21300000e+01,2.77068271e+55,1.33558541e+56,3.21300000e+01,1.00665050e+63,4.85247811e+63
3.21400000e+01,2.91100539e+55,1.40322683e+56,3.21400000e+01,1.05763285e+63,5.09823442e+63
3.21500000e+01,3.05843479e+55,1.47429399e+56,3.21500000e+01,1.11119722e+63,5.35643718e+63
3.21600000e+01,3.21333083e+55,1.54896039e+56,3.21600000e+01,1.16747439e+63,5.62771676e+63
3.21700000e+01,3.37607166e+55,1.62740830e+56,3.21700000e+01,1.22660174e+63,5.91273543e+63
3.21800000e+01,3.54705458e+55,1.70982925e+56,3.21800000e+01,1.28872363e+63,6.21218903e+63
3.21900000e+01,3.72669703e+55,1.79642445e+56,3.21900000e+01,1.35399172e+63,6.52680861e+63
3.22000000e+01,3.91543756e+55,1.88740531e+56,3.22000000e+01,1.42256534e+63,6.85736226e+63
3.22100000e+01,4.11373696e+55,1.98299395e+56,3.22100000e+01,1.49461191e+63,7.20465698e+63
3.22200000e+01,4.32207933e+55,2.08342372e+56,3.22200000e+01,1.57030732e+63,7.56954063e+63
3.22300000e+01,4.54097331e+55,2.18893981e+56,3.22300000e+01,1.64983636e+63,7.95290399e+63
3.22400000e+01,4.77095329e+55,2.29979982e+56,3.22400000e+01,1.73339319e+63,8.35568300e+63
3.22500000e+01,5.01258073e+55,2.41627439e+56,3.22500000e+01,1.82118179e+63,8.77886096e+63
3.22600000e+01,5.26644552e+55,2.53864787e+56,3.22600000e+01,1.91341650e+63,9.22347099e+63
3.22700000e+01,5.53316742e+55,2.66721903e+56,3.22700000e+01,2.01032249e+63,9.69059853e+63
3.22800000e+01,5.81339759e+55,2.80230174e+56,3.22800000e+01,2.11213633e+63,1.01813840e+64
3.22900000e+01,6.10782017e+55,2.94422579e+56,3.22900000e+01,2.21910659e+63,1.06970255e+64
3.23000000e+01,6.41715394e+55,3.09333765e+56,3.23000000e+01,2.33149441e+63,1.12387820e+64
3.23100000e+01,6.74215407e+55,3.25000136e+56,3.23100000e+01,2.44957417e+63,1.18079760e+64
3.23200000e+01,7.08361401e+55,3.41459939e+56,3.23200000e+01,2.57363414e+63,1.24059972e+64
3.23300000e+01,7.44236737e+55,3.58753357e+56,3.23300000e+01,2.70397719e+63,1.30343055e+64
3.23400000e+01,7.81928998e+55,3.76922610e+56,3.23400000e+01,2.84092154e+63,1.36944347e+64
3.23500000e+01,8.21530203e+55,3.96012054e+56,3.23500000e+01,2.98480151e+63,1.43879966e+64
3.23600000e+01,8.63137033e+55,4.16068293e+56,3.23600000e+01,3.13596835e+63,1.51166842e+64
3.23700000e+01,9.06851062e+55,4.37140290e+56,3.23700000e+01,3.29479111e+63,1.58822766e+64
3.23800000e+01,9.52779011e+55,4.59279490e+56,3.23800000e+01,3.46165754e+63,1.66866429e+64
3.23900000e+01,1.00103300e+56,4.82539941e+56,3.23900000e+01,3.63697501e+63,1.75317467e+64
3.24000000e+01,1.05173085e+56,5.06978430e+56,3.24000000e+01,3.82117152e+63,1.84196512e+64
3.24100000e+01,1.10499631e+56,5.32654620e+56,3.24100000e+01,4.01469676e+63,1.93525242e+64
3.24200000e+01,1.16095943e+56,5.59631193e+56,3.24200000e+01,4.21802319e+63,2.03326429e+64
3.24300000e+01,1.21975683e+56,5.87974009e+56,3.24300000e+01,4.43164720e+63,2.13624003e+64
3.24400000e+01,1.28153206e+56,6.17752262e+56,3.24400000e+01,4.65609030e+63,2.24443103e+64
3.24500000e+01,1.34643592e+56,6.49038650e+56,3.24500000e+01,4.89190044e+63,2.35810142e+64
3.24600000e+01,1.41462688e+56,6.81909554e+56,3.24600000e+01,5.13965331e+63,2.47752871e+64
3.24700000e+01,1.48627140e+56,7.16445222e+56,3.24700000e+01,5.39995376e+63,2.60300445e+64
3.24800000e+01,1.56154440e+56,7.52729967e+56,3.24800000e+01,5.67343726e+63,2.73483498e+64
3.24900000e+01,1.64062963e+56,7.90852372e+56,3.24900000e+01,5.96077147e+63,2.87334214e+64
3.25000000e+01,1.72372018e+56,8.30905507e+56,3.25000000e+01,6.26265788e+63,3.01886406e+64
3.25100000e+01,1.81101890e+56,8.72987153e+56,3.25100000e+01,6.57983348e+63,3.17175602e+64
3.25200000e+01,1.90273890e+56,9.17200047e+56,3.25200000e+01,6.91307260e+63,3.33239127e+64
3.25300000e+01,1.99910412e+56,9.63652126e+56,3.25300000e+01,7.26318880e+63,3.50116198e+64
3.25400000e+01,2.10034980e+56,1.01245679e+57,3.25400000e+01,7.63103682e+63,3.67848017e+64
3.25500000e+01,2.20672312e+56,1.06373320e+57,3.25500000e+01,8.01751469e+63,3.86477873e+64
3.25600000e+01,2.31848377e+56,1.11760653e+57,3.25600000e+01,8.42356594e+63,4.06051249e+64
3.25700000e+01,2.43590460e+56,1.17420830e+57,3.25700000e+01,8.85018187e+63,4.26615928e+64
3.25800000e+01,2.55927227e+56,1.23367670e+57,3.25800000e+01,9.29840399e+63,4.48222116e+64
3.25900000e+01,2.68888796e+56,1.29615690e+57,3.25900000e+01,9.76932655e+63,4.70922561e+64
3.26000000e+01,2.82506810e+56,1.36180145e+57,3.26000000e+01,1.02640992e+64,4.94772681e+64
3.26100000e+01,2.96814516e+56,1.43077060e+57,3.26100000e+01,1.07839299e+64,5.19830704e+64
3.26200000e+01,3.11846844e+56,1.50323273e+57,3.26200000e+01,1.13300877e+64,5.46157803e+64
3.26300000e+01,3.27640491e+56,1.57936474e+57,3.26300000e+01,1.19039060e+64,5.73818253e+64
3.26400000e+01,3.44234016e+56,1.65935250e+57,3.26400000e+01,1.25067856e+64,6.02879580e+64
3.26500000e+01,3.61667929e+56,1.74339128e+57,3.26500000e+01,1.31401983e+64,6.33412733e+64
3.26600000e+01,3.79984791e+56,1.83168625e+57,3.26600000e+01,1.38056906e+64,6.65492254e+64
3.26700000e+01,3.99229321e+56,1.92445296e+57,3.26700000e+01,1.45048870e+64,6.99196460e+64
3.26800000e+01,4.19448500e+56,2.02191789e+57,3.26800000e+01,1.52394946e+64,7.34607632e+64
3.26900000e+01,4.40691690e+56,2.12431899e+57,3.26900000e+01,1.60113069e+64,7.71812222e+64
3.27000000e+01,4.63010752e+56,2.23190624e+57,3.27000000e+01,1.68222079e+64,8.10901058e+64
3.27100000e+01,4.86460175e+56,2.34494231e+57,3.27100000e+01,1.76741775e+64,8.51969568e+64
3.27200000e+01,5.11097207e+56,2.46370314e+57,3.27200000e+01,1.85692955e+64,8.95118015e+64
3.27300000e+01,5.36981994e+56,2.58847869e+57,3.27300000e+01,1.95097472e+64,9.40451738e+64
3.27400000e+01,5.64177729e+56,2.71957355e+57,3.27400000e+01,2.04978287e+64,9.88081411e+64
3.27500000e+01,5.92750807e+56,2.85730778e+57,3.27500000e+01,2.15359520e+64,1.03812331e+65
3.27600000e+01,6.22770983e+56,3.00201764e+57,3.27600000e+01,2.26266516e+64,1.09069961e+65
3.27700000e+01,6.54311547e+56,3.15405640e+57,3.27700000e+01,2.37725903e+64,1.14593867e+65
3.27800000e+01,6.87449500e+56,3.31379525e+57,3.27800000e+01,2.49765656e+64,1.20397534e+65
3.27900000e+01,7.22265741e+56,3.48162415e+57,3.27900000e+01,2.62415169e+64,1.26495130e+65
3.28000000e+01,7.58845270e+56,3.65795284e+57,3.28000000e+01,2.75705323e+64,1.32901543e+65
3.28100000e+01,7.97277387e+56,3.84321178e+57,3.28100000e+01,2.89668564e+64,1.39632411e+65
3.28200000e+01,8.37655920e+56,4.03785326e+57,3.28200000e+01,3.04338981e+64,1.46704168e+65
3.28300000e+01,8.80079445e+56,4.24235247e+57,3.28300000e+01,3.19752389e+64,1.54134078e+65
3.28400000e+01,9.24651531e+56,4.45720864e+57,3.28400000e+01,3.35946417e+64,1.61940279e+65
3.28500000e+01,9.71480994e+56,4.68294631e+57,3.28500000e+01,3.52960600e+64,1.70141830e+65
3.28600000e+01,1.02068216e+57,4.92011659e+57,3.28600000e+01,3.70836475e+64,1.78758752e+65
3.28700000e+01,1.07237514e+57,5.16929848e+57,3.28700000e+01,3.89617683e+64,1.87812083e+65
3.28800000e+01,1.12668615e+57,5.43110033e+57,3.28800000e+01,4.09350076e+64,1.97323925e+65
3.28900000e+01,1.18374776e+57,5.70616126e+57,3.28900000e+01,4.30081826e+64,2.07317499e+65
3.29000000e+01,1.24369929e+57,5.99515280e+57,3.29000000e+01,4.51863546e+64,2.17817203e+65
3.29100000e+01,1.30668709e+57,6.29878046e+57,3.29100000e+01,4.74748413e+64,2.28848670e+65
3.29200000e+01,1.37286495e+57,6.61778551e+57,3.29200000e+01,4.98792296e+64,2.40438831e+65
3.29300000e+01,1.44239442e+57,6.95294674e+57,3.29300000e+01,5.24053894e+64,2.52615982e+65
3.29400000e+01,1.51544524e+57,7.30508238e+57,3.29400000e+01,5.50594879e+64,2.65409851e+65
3.29500000e+01,1.59219576e+57,7.67505212e+57,3.29500000e+01,5.78480047e+64,2.78851673e+65
3.29600000e+01,1.67283335e+57,8.06375918e+57,3.29600000e+01,6.07777473e+64,2.92974262e+65
3.29700000e+01,1.75755488e+57,8.47215250e+57,3.29700000e+01,6.38558683e+64,3.07812098e+65
3.29800000e+01,1.84656717e+57,8.90122912e+57,3.29800000e+01,6.70898823e+64,3.23401403e+65
3.29900000e+01,1.94008753e+57,9.35203655e+57,3.29900000e+01,7.04876847e+64,3.39780238e+65
3.30000000e+01,2.03834429e+57,9.82567536e+57,3.30000000e+01,7.40575705e+64,3.56988586e+65
3.30100000e+01,2.14157731e+57,1.03233019e+58,3.30100000e+01,7.78082551e+64,3.75068461e+65
3.30200000e+01,2.25003862e+57,1.08461309e+58,3.30200000e+01,8.17488952e+64,3.94064001e+65
3.30300000e+01,2.36399300e+57,1.13954389e+58,3.30300000e+01,8.58891109e+64,4.14021579e+65
3.30400000e+01,2.48371867e+57,1.19725669e+58,3.30400000e+01,9.02390101e+64,4.34989920e+65
3.30500000e+01,2.60950791e+57,1.25789239e+58,3.30500000e+01,9.48092123e+64,4.57020213e+65
3.30600000e+01,2.74166781e+57,1.32159901e+58,3.30600000e+01,9.96108747e+64,4.80166242e+65
3.30700000e+01,2.88052102e+57,1.38853208e+58,3.30700000e+01,1.04655720e+65,5.04484514e+65
3.30800000e+01,3.02640652e+57,1.45885502e+58,3.30800000e+01,1.09956064e+65,5.30034398e+65
3.30900000e+01,3.17968047e+57,1.53273950e+58,3.30900000e+01,1.15524847e+65,5.56878269e+65
3.31000000e+01,3.34071706e+57,1.61036590e+58,3.31000000e+01,1.21375663e+65,5.85081661e+65
3.31100000e+01,3.50990944e+57,1.69192373e+58,3.31100000e+01,1.27522797e+65,6.14713430e+65
3.31200000e+01,3.68767065e+57,1.77761210e+58,3.31200000e+01,1.33981257e+65,6.45845915e+65
3.31300000e+01,3.87443467e+57,1.86764020e+58,3.31300000e+01,1.40766808e+65,6.78555121e+65
3.31400000e+01,4.07065745e+57,1.96222782e+58,3.31400000e+01,1.47896017e+65,7.12920902e+65
3.31500000e+01,4.27681804e+57,2.06160587e+58,3.31500000e+01,1.55386288e+65,7.49027156e+65
3.31600000e+01,4.49341973e+57,2.16601699e+58,3.31600000e+01,1.63255909e+65,7.86962030e+65
3.31700000e+01,4.72099134e+57,2.27571606e+58,3.31700000e+01,1.71524090e+65,8.26818136e+65
3.31800000e+01,4.96008843e+57,2.39097090e+58,3.31800000e+01,1.80211018e+65,8.68692776e+65
3.31900000e+01,5.21129472e+57,2.51206287e+58,3.31900000e+01,1.89337900e+65,9.12688178e+65
3.32000000e+01,5.47522348e+57,2.63928762e+58,3.32000000e+01,1.98927017e+65,9.58911751e+65
3.32100000e+01,5.75251905e+57,2.77295573e+58,3.32100000e+01,2.09001780e+65,1.00747634e+66
3.32200000e+01,6.04385840e+57,2.91339353e+58,3.32200000e+01,2.19586786e+65,1.05850051e+66
3.32300000e+01,6.34995279e+57,3.06094388e+58,3.32300000e+01,2.30707874e+65,1.11210883e+66
3.32400000e+01,6.67154949e+57,3.21596699e+58,3.32400000e+01,2.42392195e+65,1.16843216e+66
3.32500000e+01,7.00943362e+57,3.37884133e+58,3.32500000e+01,2.54668276e+65,1.22760802e+66
3.32600000e+01,7.36443008e+57,3.54996453e+58,3.32600000e+01,2.67566084e+65,1.28978088e+66
3.32700000e+01,7.73740551e+57,3.72975435e+58,3.32700000e+01,2.81117110e+65,1.35510251e+66
3.32800000e+01,8.12927048e+57,3.91864972e+58,3.32800000e+01,2.95354433e+65,1.42373239e+66
3.32900000e+01,8.54098166e+57,4.11711179e+58,3.32900000e+01,3.10312814e+65,1.49583806e+66
3.33000000e+01,8.97354417e+57,4.32562509e+58,3.33000000e+01,3.26028770e+65,1.57159557e+66
3.33100000e+01,9.42801404e+57,4.54469864e+58,3.33100000e+01,3.42540668e+65,1.65118985e+66
3.33200000e+01,9.90550077e+57,4.77486730e+58,3.33200000e+01,3.59888821e+65,1.73481523e+66
3.33300000e+01,1.04071701e+58,5.01669296e+58,3.33300000e+01,3.78115579e+65,1.82267586e+66
3.33400000e+01,1.09342467e+58,5.27076602e+58,3.33400000e+01,3.97265442e+65,1.91498624e+66
3.33500000e+01,1.14880173e+58,5.53770673e+58,3.33500000e+01,4.17385159e+65,2.01197172e+66
3.33600000e+01,1.20698340e+58,5.81816680e+58,3.33600000e+01,4.38523850e+65,2.11386909e+66
3.33700000e+01,1.26811171e+58,6.11283092e+58,3.33700000e+01,4.60733121e+65,2.22092710e+66
3.33800000e+01,1.33233590e+58,6.42241846e+58,3.33800000e+01,4.84067192e+65,2.33340712e+66
3.33900000e+01,1.39981275e+58,6.74768522e+58,3.33900000e+01,5.08583029e+65,2.45158375e+66
3.34000000e+01,1.47070700e+58,7.08942529e+58,3.34000000e+01,5.34340484e+65,2.57574550e+66
3.34100000e+01,1.54519173e+58,7.44847296e+58,3.34100000e+01,5.61402439e+65,2.70619549e+66
3.34200000e+01,1.62344878e+58,7.82570479e+58,3.34200000e+01,5.89834961e+65,2.84325218e+66
3.34300000e+01,1.70566920e+58,8.22204173e+58,3.34300000e+01,6.19707463e+65,2.98725018e+66
3.34400000e+01,1.79205371e+58,8.63845135e+58,3.34400000e+01,6.51092873e+65,3.13854104e+66
3.34500000e+01,1.88281321e+58,9.07595027e+58,3.34500000e+01,6.84067814e+65,3.29749410e+66
3.34600000e+01,1.97816928e+58,9.53560654e+58,3.34600000e+01,7.18712789e+65,3.46449743e+66
3.34700000e+01,2.07835470e+58,1.00185423e+59,3.34700000e+01,7.55112376e+65,3.63995872e+66
3.34800000e+01,2.18361407e+58,1.05259367e+59,3.34800000e+01,7.93355439e+65,3.82430634e+66
3.34900000e+01,2.29420435e+58,1.10590283e+59,3.34900000e+01,8.33535343e+65,4.01799035e+66
3.35000000e+01,2.41039554e+58,1.16191186e+59,3.35000000e+01,8.75750179e+65,4.22148359e+66
3.35100000e+01,2.53247129e+58,1.22075750e+59,3.35100000e+01,9.20103007e+65,4.43528284e+66
3.35200000e+01,2.66072963e+58,1.28258340e+59,3.35200000e+01,9.66702108e+65,4.65991007e+66
3.35300000e+01,2.79548368e+58,1.34754051e+59,3.35300000e+01,1.01566124e+66,4.89591367e+66
3.35400000e+01,2.93706242e+58,1.41578741e+59,3.35400000e+01,1.06709994e+66,5.14386979e+66
3.35500000e+01,3.08581149e+58,1.48749071e+59,3.35500000e+01,1.12114378e+66,5.40438379e+66
3.35600000e+01,3.24209404e+58,1.56282546e+59,3.35600000e+01,1.17792470e+66,5.67809164e+66
3.35700000e+01,3.40629159e+58,1.64197558e+59,3.35700000e+01,1.23758131e+66,5.96566158e+66
3.35800000e+01,3.57880502e+58,1.72513429e+59,3.35800000e+01,1.30025927e+66,6.26779565e+66
3.35900000e+01,3.76005549e+58,1.81250463e+59,3.35900000e+01,1.36611158e+66,6.58523146e+66
3.36000000e+01,3.95048547e+58,1.90429988e+59,3.36000000e+01,1.43529902e+66,6.91874397e+66
3.36100000e+01,4.15055989e+58,2.00074415e+59,3.36100000e+01,1.50799050e+66,7.26914740e+66
3.36200000e+01,4.36076718e+58,2.10207289e+59,3.36200000e+01,1.58436347e+66,7.63729719e+66
3.36300000e+01,4.58162052e+58,2.20853347e+59,3.36300000e+01,1.66460439e+66,8.02409212e+66
3.36400000e+01,4.81365911e+58,2.32038581e+59,3.36400000e+01,1.74890916e+66,8.43047649e+66
3.36500000e+01,5.05744940e+58,2.43790297e+59,3.36500000e+01,1.83748358e+66,8.85744241e+66
3.36600000e+01,5.31358659e+58,2.56137185e+59,3.36600000e+01,1.93054390e+66,9.30603224e+66
3.36700000e+01,5.58269598e+58,2.69109388e+59,3.36700000e+01,2.02831731e+66,9.77734113e+66
3.36800000e+01,5.86543455e+58,2.82738574e+59,3.36800000e+01,2.13104251e+66,1.02725197e+67
3.36900000e+01,6.16249257e+58,2.97058018e+59,3.36900000e+01,2.23897028e+66,1.07927769e+67
3.37000000e+01,6.47459524e+58,3.12102677e+59,3.37000000e+01,2.35236411e+66,1.13393827e+67
3.37100000e+01,6.80250453e+58,3.27909282e+59,3.37100000e+01,2.47150082e+66,1.19136717e+67
3.37200000e+01,7.14702095e+58,3.44516420e+59,3.37200000e+01,2.59667128e+66,1.25170459e+67
3.37300000e+01,7.50898558e+58,3.61964635e+59,3.37300000e+01,2.72818107e+66,1.31509783e+67
3.37400000e+01,7.88928210e+58,3.80296524e+59,3.37400000e+01,2.86635123e+66,1.38170165e+67
3.37500000e+01,8.28883895e+58,3.99556842e+59,3.37500000e+01,3.01151910e+66,1.45167866e+67
3.37600000e+01,8.70863155e+58,4.19792608e+59,3.37600000e+01,3.16403907e+66,1.52519969e+67
3.37700000e+01,9.14968478e+58,4.41053226e+59,3.37700000e+01,3.32428349e+66,1.60244423e+67
3.37800000e+01,9.61307538e+58,4.63390598e+59,3.37800000e+01,3.49264357e+66,1.68360086e+67
3.37900000e+01,1.00999346e+59,4.86859259e+59,3.37900000e+01,3.66953034e+66,1.76886771e+67
3.38000000e+01,1.06114511e+59,5.11516502e+59,3.38000000e+01,3.85537564e+66,1.85845294e+67
3.38100000e+01,1.11488737e+59,5.37422524e+59,3.38100000e+01,4.05063317e+66,1.95257527e+67
3.38200000e+01,1.17135142e+59,5.64640571e+59,3.38200000e+01,4.25577961e+66,2.05146447e+67
3.38300000e+01,1.23067513e+59,5.93237089e+59,3.38300000e+01,4.47131581e+66,2.15536197e+67
3.38400000e+01,1.29300332e+59,6.23281894e+59,3.38400000e+01,4.69776795e+66,2.26452141e+67
3.38500000e+01,1.35848816e+59,6.54848333e+59,3.38500000e+01,4.93568888e+66,2.37920929e+67
3.38600000e+01,1.42728950e+59,6.88013471e+59,3.38600000e+01,5.18565944e+66,2.49970559e+67
3.38700000e+01,1.49957533e+59,7.22858276e+59,3.38700000e+01,5.44828989e+66,2.62630450e+67
3.38800000e+01,1.57552211e+59,7.59467813e+59,3.38800000e+01,5.72422140e+66,2.75931507e+67
3.38900000e+01,1.65531526e+59,7.97931460e+59,3.38900000e+01,6.01412760e+66,2.89906203e+67
3.39000000e+01,1.73914957e+59,8.38343118e+59,3.39000000e+01,6.31871626e+66,3.04588656e+67
3.39100000e+01,1.82722971e+59,8.80801447e+59,3.39100000e+01,6.63873096e+66,3.20014708e+67
3.39200000e+01,1.91977072e+59,9.25410099e+59,3.39200000e+01,6.97495299e+66,3.36222021e+67
3.39300000e+01,2.01699852e+59,9.72277980e+59,3.39300000e+01,7.32820315e+66,3.53250163e+67
3.39400000e+01,2.11915047e+59,1.02151951e+60,3.39400000e+01,7.69934385e+66,3.71140703e+67
3.39500000e+01,2.22647596e+59,1.07325490e+60,3.39500000e+01,8.08928117e+66,3.89937319e+67
3.39600000e+01,2.33923701e+59,1.12761046e+60,3.39600000e+01,8.49896707e+66,4.09685900e+67
3.39700000e+01,2.45770890e+59,1.18471889e+60,3.39700000e+01,8.92940173e+66,4.30434657e+67
3.39800000e+01,2.58218086e+59,1.24471960e+60,3.39800000e+01,9.38163597e+66,4.52234247e+67
3.39900000e+01,2.71295677e+59,1.30775908e+60,3.39900000e+01,9.85677386e+66,4.75137888e+67
3.40000000e+01,2.85035589e+59,1.37399122e+60,3.40000000e+01,1.03559754e+67,4.99201497e+67
3.40100000e+01,2.99471366e+59,1.44357773e+60,3.40100000e+01,1.08804592e+67,5.24483819e+67
3.40200000e+01,3.14638251e+59,1.51668848e+60,3.40200000e+01,1.14315058e+67,5.51046578e+67
3.40300000e+01,3.30573271e+59,1.59350197e+60,3.40300000e+01,1.20104604e+67,5.78954622e+67
3.40400000e+01,3.47315328e+59,1.67420572e+60,3.40400000e+01,1.26187365e+67,6.08276083e+67
3.40500000e+01,3.64905295e+59,1.75899675e+60,3.40500000e+01,1.32578190e+67,6.39082545e+67
3.40600000e+01,3.83386116e+59,1.84808206e+60,3.40600000e+01,1.39292682e+67,6.71449217e+67
3.40700000e+01,4.02802907e+59,1.94167915e+60,3.40700000e+01,1.46347233e+67,7.05455115e+67
3.40800000e+01,4.23203072e+59,2.04001651e+60,3.40800000e+01,1.53759066e+67,7.41183261e+67
3.40900000e+01,4.44636415e+59,2.14333422e+60,3.40900000e+01,1.61546275e+67,7.78720877e+67
3.41000000e+01,4.67155260e+59,2.25188451e+60,3.41000000e+01,1.69727871e+67,8.18159605e+67
3.41100000e+01,4.90814584e+59,2.36593238e+60,3.41100000e+01,1.78323828e+67,8.59595729e+67
3.41200000e+01,5.15672146e+59,2.48575627e+60,3.41200000e+01,1.87355132e+67,9.03130407e+67
3.41300000e+01,5.41788633e+59,2.61164871e+60,3.41300000e+01,1.96843831e+67,9.48869921e+67
3.41400000e+01,5.69227804e+59,2.74391703e+60,3.41400000e+01,2.06813091e+67,9.96925937e+67
3.41500000e+01,5.98056645e+59,2.88288415e+60,3.41500000e+01,2.17287249e+67,1.04741578e+68
3.41600000e+01,6.28345539e+59,3.02888934e+60,3.41600000e+01,2.28291875e+67,1.10046270e+68
3.41700000e+01,6.60168429e+59,3.18228903e+60,3.41700000e+01,2.39853838e+67,1.15619621e+68
3.41800000e+01,6.93603006e+59,3.34345773e+60,3.41800000e+01,2.52001361e+67,1.21475238e+68
3.41900000e+01,7.28730895e+59,3.51278891e+60,3.41900000e+01,2.64764103e+67,1.27627415e+68
3.42000000e+01,7.65637855e+59,3.69069595e+60,3.42000000e+01,2.78173220e+67,1.34091172e+68
3.42100000e+01,8.04413987e+59,3.87761319e+60,3.42100000e+01,2.92261449e+67,1.40882290e+68
3.42200000e+01,8.45153956e+59,4.07399694e+60,3.42200000e+01,3.07063184e+67,1.48017348e+68
3.42300000e+01,8.87957223e+59,4.28032666e+60,3.42300000e+01,3.22614560e+67,1.55513765e+68
3.42400000e+01,9.32928283e+59,4.49710606e+60,3.42400000e+01,3.38953545e+67,1.63389841e+68
3.42500000e+01,9.80176927e+59,4.72486436e+60,3.42500000e+01,3.56120025e+67,1.71664805e+68
3.42600000e+01,1.02981850e+60,4.96415760e+60,3.42600000e+01,3.74155911e+67,1.80358860e+68
3.42700000e+01,1.08197420e+60,5.21556997e+60,3.42700000e+01,3.93105234e+67,1.89493229e+68
3.42800000e+01,1.13677136e+60,5.47971526e+60,3.42800000e+01,4.13014255e+67,1.99090213e+68
3.42900000e+01,1.19434374e+60,5.75723832e+60,3.42900000e+01,4.33931579e+67,2.09173242e+68
3.43000000e+01,1.25483191e+60,6.04881668e+60,3.43000000e+01,4.55908273e+67,2.19766931e+68
3.43100000e+01,1.31838353e+60,6.35516218e+60,3.43100000e+01,4.78997987e+67,2.30897143e+68
3.43200000e+01,1.38515375e+60,6.67702272e+60,3.43200000e+01,5.03257092e+67,2.42591050e+68
3.43300000e+01,1.45530559e+60,7.01518404e+60,3.43300000e+01,5.28744812e+67,2.54877201e+68
3.43400000e+01,1.52901031e+60,7.37047173e+60,3.43400000e+01,5.55523371e+67,2.67785591e+68
3.43500000e+01,1.60644784e+60,7.74375315e+60,3.43500000e+01,5.83658144e+67,2.81347733e+68
3.43600000e+01,1.68780724e+60,8.13593960e+60,3.43600000e+01,6.13217818e+67,2.95596737e+68
3.43700000e+01,1.77328712e+60,8.54798854e+60,3.43700000e+01,6.44274557e+67,3.10567389e+68
3.43800000e+01,1.86309618e+60,8.98090591e+60,3.43800000e+01,6.76904181e+67,3.26296238e+68
3.43900000e+01,1.95745367e+60,9.43574862e+60,3.43900000e+01,7.11186349e+67,3.42821683e+68
3.44000000e+01,2.05658994e+60,9.91362707e+60,3.44000000e+01,7.47204756e+67,3.60184067e+68
3.44100000e+01,2.16074702e+60,1.04157079e+61,3.44100000e+01,7.85047334e+67,3.78425779e+68
3.44200000e+01,2.27017919e+60,1.09432169e+61,3.44200000e+01,8.24806469e+67,3.97591351e+68
3.44300000e+01,2.38515361e+60,1.14974419e+61,3.44300000e+01,8.66579226e+67,4.17727574e+68
3.44400000e+01,2.50595097e+60,1.20797359e+61,3.44400000e+01,9.10467587e+67,4.38883607e+68
3.44500000e+01,2.63286617e+60,1.26915205e+61,3.44500000e+01,9.56578697e+67,4.61111098e+68
3.44600000e+01,2.76620906e+60,1.33342892e+61,3.44600000e+01,1.00502513e+68,4.84464312e+68
3.44700000e+01,2.90630518e+60,1.40096113e+61,3.44700000e+01,1.05592515e+68,5.09000262e+68
3.44800000e+01,3.05349653e+60,1.47191354e+61,3.44800000e+01,1.10940304e+68,5.34778848e+68
3.44900000e+01,3.20814247e+60,1.54645938e+61,3.44900000e+01,1.16558934e+68,5.61863004e+68
3.45000000e+01,3.37062053e+60,1.62478063e+61,3.45000000e+01,1.22462122e+68,5.90318852e+68
3.45100000e+01,3.54132738e+60,1.70706850e+61,3.45100000e+01,1.28664281e+68,6.20215860e+68
3.45200000e+01,3.72067977e+60,1.79352388e+61,3.45200000e+01,1.35180551e+68,6.51627019e+68
3.45300000e+01,3.90911555e+60,1.88435784e+61,3.45300000e+01,1.42026841e+68,6.84629012e+68
3.45400000e+01,4.10709477e+60,1.97979213e+61,3.45400000e+01,1.49219865e+68,7.19302408e+68
3.45500000e+01,4.31510074e+60,2.08005975e+61,3.45500000e+01,1.56777184e+68,7.55731857e+68
3.45600000e+01,4.53364129e+60,2.18540547e+61,3.45600000e+01,1.64717247e+68,7.94006294e+68
3.45700000e+01,4.76324994e+60,2.29608648e+61,3.45700000e+01,1.73059439e+68,8.34219161e+68
3.45800000e+01,5.00448723e+60,2.41237298e+61,3.45800000e+01,1.81824125e+68,8.76468629e+68
3.45900000e+01,5.25794212e+60,2.53454888e+61,3.45900000e+01,1.91032703e+68,9.20857844e+68
3.46000000e+01,5.52423337e+60,2.66291244e+61,3.46000000e+01,2.00707655e+68,9.67495174e+68
3.46100000e+01,5.80401107e+60,2.79777704e+61,3.46100000e+01,2.10872600e+68,1.01649448e+69
3.46200000e+01,6.09795826e+60,2.93947193e+61,3.46200000e+01,2.21552354e+68,1.06797537e+69
3.46300000e+01,6.40679257e+60,3.08834304e+61,3.46300000e+01,2.32772989e+68,1.12206355e+69
3.46400000e+01,6.73126795e+60,3.24475379e+61,3.46400000e+01,2.44561899e+68,1.17889105e+69
3.46500000e+01,7.07217655e+60,3.40908606e+61,3.46500000e+01,2.56947865e+68,1.23859660e+69
3.46600000e+01,7.43035065e+60,3.58174101e+61,3.46600000e+01,2.69961125e+68,1.30132598e+69
3.46700000e+01,7.80666467e+60,3.76314017e+61,3.46700000e+01,2.83633448e+68,1.36723232e+69
3.46800000e+01,8.20203731e+60,3.95372638e+61,3.46800000e+01,2.97998214e+68,1.43647652e+69
3.46900000e+01,8.61743380e+60,4.15396494e+61,3.46900000e+01,3.13090490e+68,1.50922763e+69
3.47000000e+01,9.05386827e+60,4.36434467e+61,3.47000000e+01,3.28947122e+68,1.58566325e+69
3.47100000e+01,9.51240619e+60,4.58537921e+61,3.47100000e+01,3.45606822e+68,1.66597000e+69
3.47200000e+01,9.99416701e+60,4.81760815e+61,3.47200000e+01,3.63110262e+68,1.75034393e+69
3.47300000e+01,1.05003269e+61,5.06159845e+61,3.47300000e+01,3.81500172e+68,1.83899102e+69
3.47400000e+01,1.10321214e+61,5.31794576e+61,3.47400000e+01,4.00821449e+68,1.93212769e+69
3.47500000e+01,1.15908490e+61,5.58727592e+61,3.47500000e+01,4.21121262e+68,2.02998131e+69
3.47600000e+01,1.21778737e+61,5.87024645e+61,3.47600000e+01,4.42449170e+68,2.13279078e+69
3.47700000e+01,1.27946285e+61,6.16754817e+61,3.47700000e+01,4.64857241e+68,2.24080709e+69
3.47800000e+01,1.34426192e+61,6.47990689e+61,3.47800000e+01,4.88400180e+68,2.35429395e+69
3.47900000e+01,1.41234277e+61,6.80808518e+61,3.47900000e+01,5.13135464e+68,2.47352840e+69
3.48000000e+01,1.48387161e+61,7.15288424e+61,3.48000000e+01,5.39123480e+68,2.59880155e+69
3.48100000e+01,1.55902307e+61,7.51514582e+61,3.48100000e+01,5.66427672e+68,2.73041922e+69
3.48200000e+01,1.63798061e+61,7.89575434e+61,3.48200000e+01,5.95114699e+68,2.86870274e+69
3.48300000e+01,1.72093700e+61,8.29563897e+61,3.48300000e+01,6.25254596e+68,3.01398970e+69
3.48400000e+01,1.80809476e+61,8.71577597e+61,3.48400000e+01,6.56920944e+68,3.16663479e+69
3.48500000e+01,1.89966667e+61,9.15719102e+61,3.48500000e+01,6.90191051e+68,3.32701067e+69
3.48600000e+01,1.99587629e+61,9.62096178e+61,3.48600000e+01,7.25146139e+68,3.49550888e+69
3.48700000e+01,2.09695849e+61,1.01082204e+62,3.48700000e+01,7.61871547e+68,3.67254076e+69
3.48800000e+01,2.20316006e+61,1.06201566e+62,3.48800000e+01,8.00456932e+68,3.85853852e+69
3.48900000e+01,2.31474026e+61,1.11580200e+62,3.48900000e+01,8.40996495e+68,4.05395624e+69
3.49000000e+01,2.43197150e+61,1.17231238e+62,3.49000000e+01,8.83589205e+68,4.25927098e+69
3.49100000e+01,2.55513997e+61,1.23168476e+62,3.49100000e+01,9.28339045e+68,4.47498400e+69
3.49200000e+01,2.68454638e+61,1.29406408e+62,3.49200000e+01,9.75355264e+68,4.70162192e+69
3.49300000e+01,2.82050665e+61,1.35960264e+62,3.49300000e+01,1.02475264e+69,4.93973803e+69
3.49400000e+01,2.96335269e+61,1.42846043e+62,3.49400000e+01,1.07665178e+69,5.18991366e+69
3.49500000e+01,3.11343324e+61,1.50080556e+62,3.49500000e+01,1.13117938e+69,5.45275957e+69
3.49600000e+01,3.27111471e+61,1.57681464e+62,3.49600000e+01,1.18846855e+69,5.72891745e+69
3.49700000e+01,3.43678203e+61,1.65667325e+62,3.49700000e+01,1.24865917e+69,6.01906149e+69
3.49800000e+01,3.61083967e+61,1.74057634e+62,3.49800000e+01,1.31189817e+69,6.32390002e+69
3.49900000e+01,3.79371254e+61,1.82872874e+62,3.49900000e+01,1.37833994e+69,6.64417726e+69
3.50000000e+01,3.98584711e+61,1.92134567e+62,3.50000000e+01,1.44814669e+69,6.98067512e+69
3.50100000e+01,4.18771243e+61,2.01865323e+62,3.50100000e+01,1.52148884e+69,7.33421508e+69
3.50200000e+01,4.39980133e+61,2.12088899e+62,3.50200000e+01,1.59854544e+69,7.70566026e+69
3.50300000e+01,4.62263158e+61,2.22830253e+62,3.50300000e+01,1.67950462e+69,8.09591748e+69
3.50400000e+01,4.85674719e+61,2.34115608e+62,3.50400000e+01,1.76456401e+69,8.50593947e+69
3.50500000e+01,5.10271971e+61,2.45972516e+62,3.50500000e+01,1.85393129e+69,8.93672725e+69
3.50600000e+01,5.36114963e+61,2.58429923e+62,3.50600000e+01,1.94782461e+69,9.38933251e+69
3.50700000e+01,5.63266787e+61,2.71518243e+62,3.50700000e+01,2.04647321e+69,9.86486019e+69
3.50800000e+01,5.91793730e+61,2.85269427e+62,3.50800000e+01,2.15011792e+69,1.03644712e+70
3.50900000e+01,6.21765435e+61,2.99717047e+62,3.50900000e+01,2.25901178e+69,1.08893853e+70
3.51000000e+01,6.53255072e+61,3.14896375e+62,3.51000000e+01,2.37342062e+69,1.14408840e+70
3.51100000e+01,6.86339519e+61,3.30844467e+62,3.51100000e+01,2.49362375e+69,1.20203136e+70
3.51200000e+01,7.21099545e+61,3.47600259e+62,3.51200000e+01,2.61991464e+69,1.26290887e+70
3.51300000e+01,7.57620010e+61,3.65204657e+62,3.51300000e+01,2.75260159e+69,1.32686955e+70
3.51400000e+01,7.95990074e+61,3.83700639e+62,3.51400000e+01,2.89200855e+69,1.39406956e+70
3.51500000e+01,8.36303410e+61,4.03133360e+62,3.51500000e+01,3.03847584e+69,1.46467294e+70
3.51600000e+01,8.78658436e+61,4.23550261e+62,3.51600000e+01,3.19236105e+69,1.53885207e+70
3.51700000e+01,9.23158555e+61,4.45001187e+62,3.51700000e+01,3.35403986e+69,1.61678805e+70
3.51800000e+01,9.69912406e+61,4.67538506e+62,3.51800000e+01,3.52390697e+69,1.69867113e+70
3.51900000e+01,1.01903413e+62,4.91217239e+62,3.51900000e+01,3.70237709e+69,1.78470122e+70
3.52000000e+01,1.07064365e+62,5.16095195e+62,3.52000000e+01,3.88988593e+69,1.87508835e+70
3.52100000e+01,1.12486696e+62,5.42233107e+62,3.52100000e+01,4.08689124e+69,1.97005319e+70
3.52200000e+01,1.18183644e+62,5.69694788e+62,3.52200000e+01,4.29387400e+69,2.06982757e+70
3.52300000e+01,1.24169117e+62,5.98547280e+62,3.52300000e+01,4.51133951e+69,2.17465507e+70
3.52400000e+01,1.30457727e+62,6.28861022e+62,3.52400000e+01,4.73981867e+69,2.28479162e+70
3.52500000e+01,1.37064827e+62,6.60710020e+62,3.52500000e+01,4.97986928e+69,2.40050610e+70
3.52600000e+01,1.44006547e+62,6.94172026e+62,3.52600000e+01,5.23207738e+69,2.52208099e+70
3.52700000e+01,1.51299835e+62,7.29328733e+62,3.52700000e+01,5.49705869e+69,2.64981311e+70
3.52800000e+01,1.58962494e+62,7.66265971e+62,3.52800000e+01,5.77546012e+69,2.78401429e+70
3.52900000e+01,1.67013234e+62,8.05073914e+62,3.52900000e+01,6.06796133e+69,2.92501215e+70
3.53000000e+01,1.75471707e+62,8.45847306e+62,3.53000000e+01,6.37527643e+69,3.07315093e+70
3.53100000e+01,1.84358563e+62,8.88685687e+62,3.53100000e+01,6.69815565e+69,3.22879228e+70
3.53200000e+01,1.93695500e+62,9.33693641e+62,3.53200000e+01,7.03738727e+69,3.39231616e+70
3.53300000e+01,2.03505310e+62,9.80981047e+62,3.53300000e+01,7.39379945e+69,3.56412180e+70
3.53400000e+01,2.13811944e+62,1.03066335e+63,3.53400000e+01,7.76826231e+69,3.74462862e+70
3.53500000e+01,2.24640562e+62,1.08286184e+63,3.53500000e+01,8.16169004e+69,3.93427731e+70
3.53600000e+01,2.36017602e+62,1.13770394e+63,3.53600000e+01,8.57504313e+69,4.13353085e+70
3.53700000e+01,2.47970837e+62,1.19532356e+63,3.53700000e+01,9.00933070e+69,4.34287569e+70
3.53800000e+01,2.60529451e+62,1.25586135e+63,3.53800000e+01,9.46561299e+69,4.56282292e+70
3.53900000e+01,2.73724102e+62,1.31946511e+63,3.53900000e+01,9.94500394e+69,4.79390948e+70
3.54000000e+01,2.87587003e+62,1.38629011e+63,3.54000000e+01,1.04486739e+70,5.03669955e+70
3.54100000e+01,3.02151998e+62,1.45649950e+63,3.54100000e+01,1.09778525e+70,5.29178585e+70
3.54200000e+01,3.17454645e+62,1.53026469e+63,3.54200000e+01,1.15338316e+70,5.55979113e+70
3.54300000e+01,3.33532302e+62,1.60776575e+63,3.54300000e+01,1.21179686e+70,5.84136967e+70
3.54400000e+01,3.50424221e+62,1.68919189e+63,3.54400000e+01,1.27316894e+70,6.13720891e+70
3.54500000e+01,3.68171640e+62,1.77474190e+63,3.54500000e+01,1.33764926e+70,6.44803109e+70
3.54600000e+01,3.86817886e+62,1.86462464e+63,3.54600000e+01,1.40539521e+70,6.77459501e+70
3.54700000e+01,4.06408482e+62,1.95905953e+63,3.54700000e+01,1.47657219e+70,7.11769794e+70
3.54800000e+01,4.26991253e+62,2.05827713e+63,3.54800000e+01,1.55135396e+70,7.47817750e+70
3.54900000e+01,4.48616450e+62,2.16251966e+63,3.54900000e+01,1.62992310e+70,7.85691373e+70
3.55000000e+01,4.71336866e+62,2.27204160e+63,3.55000000e+01,1.71247141e+70,8.25483126e+70
3.55100000e+01,4.95207969e+62,2.38711035e+63,3.55100000e+01,1.79920043e+70,8.67290153e+70
3.55200000e+01,5.20288037e+62,2.50800681e+63,3.55200000e+01,1.89032188e+70,9.11214519e+70
3.55300000e+01,5.46638298e+62,2.63502613e+63,3.55300000e+01,1.98605822e+70,9.57363457e+70
3.55400000e+01,5.74323083e+62,2.76847841e+63,3.55400000e+01,2.08664319e+70,1.00584963e+71
3.55500000e+01,6.03409977e+62,2.90868946e+63,3.55500000e+01,2.19232233e+70,1.05679142e+71
3.55600000e+01,6.33969993e+62,3.05600157e+63,3.55600000e+01,2.30335365e+70,1.11031317e+71
3.55700000e+01,6.66077737e+62,3.21077437e+63,3.55700000e+01,2.42000820e+70,1.16654557e+71
3.55800000e+01,6.99811594e+62,3.37338573e+63,3.55800000e+01,2.54257079e+70,1.22562588e+71
3.55900000e+01,7.35253920e+62,3.54423263e+63,3.55900000e+01,2.67134063e+70,1.28769835e+71
3.56000000e+01,7.72491242e+62,3.72373215e+63,3.56000000e+01,2.80663208e+70,1.35291451e+71
3.56100000e+01,8.11614467e+62,3.91232252e+63,3.56100000e+01,2.94877543e+70,1.42143358e+71
3.56200000e+01,8.52719108e+62,4.11046416e+63,3.56200000e+01,3.09811772e+70,1.49342283e+71
3.56300000e+01,8.95905516e+62,4.31864078e+63,3.56300000e+01,3.25502352e+70,1.56905801e+71
3.56400000e+01,9.41279122e+62,4.53736061e+63,3.56400000e+01,3.41987590e+70,1.64852378e+71
3.56500000e+01,9.88950699e+62,4.76715762e+63,3.56500000e+01,3.59307731e+70,1.73201414e+71
3.56600000e+01,1.03903663e+63,5.00859283e+63,3.56600000e+01,3.77505060e+70,1.81973290e+71
3.56700000e+01,1.09165918e+63,5.26225565e+63,3.56700000e+01,3.96624002e+70,1.91189423e+71
3.56800000e+01,1.14694684e+63,5.52876535e+63,3.56800000e+01,4.16711234e+70,2.00872312e+71
3.56900000e+01,1.20503456e+63,5.80877258e+63,3.56900000e+01,4.37815793e+70,2.11045596e+71
3.57000000e+01,1.26606417e+63,6.10296092e+63,3.57000000e+01,4.59989204e+70,2.21734111e+71
3.57100000e+01,1.33018466e+63,6.41204859e+63,3.57100000e+01,4.83285599e+70,2.32963952e+71
3.57200000e+01,1.39755256e+63,6.73679016e+63,3.57200000e+01,5.07761853e+70,2.44762534e+71
3.57300000e+01,1.46833234e+63,7.07797844e+63,3.57300000e+01,5.33477719e+70,2.57158661e+71
3.57400000e+01,1.54269681e+63,7.43644639e+63,3.57400000e+01,5.60495979e+70,2.70182597e+71
3.57500000e+01,1.62082750e+63,7.81306912e+63,3.57500000e+01,5.88882592e+70,2.83866136e+71
3.57600000e+01,1.70291516e+63,8.20876612e+63,3.57600000e+01,6.18706861e+70,2.98242686e+71
3.57700000e+01,1.78916019e+63,8.62450340e+63,3.57700000e+01,6.50041595e+70,3.13347344e+71
3.57800000e+01,1.87977315e+63,9.06129591e+63,3.57800000e+01,6.82963294e+70,3.29216985e+71
3.57900000e+01,1.97497525e+63,9.52021000e+63,3.57900000e+01,7.17552329e+70,3.45890352e+71
3.58000000e+01,2.07499891e+63,1.00023660e+64,3.58000000e+01,7.53893144e+70,3.63408151e+71
3.58100000e+01,2.18008833e+63,1.05089411e+64,3.58100000e+01,7.92074459e+70,3.81813148e+71
3.58200000e+01,2.29050004e+63,1.10411720e+64,3.58200000e+01,8.32189487e+70,4.01150276e+71
3.58300000e+01,2.40650362e+63,1.16003580e+64,3.58300000e+01,8.74336161e+70,4.21466743e+71
3.58400000e+01,2.52838227e+63,1.21878642e+64,3.58400000e+01,9.18617376e+70,4.42812147e+71
3.58500000e+01,2.65643352e+63,1.28051250e+64,3.58500000e+01,9.65141236e+70,4.65238601e+71
3.58600000e+01,2.79096999e+63,1.34536473e+64,3.58600000e+01,1.01402132e+71,4.88800855e+71
3.58700000e+01,2.93232013e+63,1.41350143e+64,3.58700000e+01,1.06537696e+71,5.13556432e+71
3.58800000e+01,3.08082903e+63,1.48508895e+64,3.58800000e+01,1.11933354e+71,5.39565767e+71
3.58900000e+01,3.23685923e+63,1.56030207e+64,3.58900000e+01,1.17602278e+71,5.66892359e+71
3.59000000e+01,3.40079167e+63,1.63932438e+64,3.59000000e+01,1.23558307e+71,5.95602921e+71
3.59100000e+01,3.57302655e+63,1.72234883e+64,3.59100000e+01,1.29815982e+71,6.25767544e+71
3.59200000e+01,3.75398436e+63,1.80957809e+64,3.59200000e+01,1.36390581e+71,6.57459871e+71
3.59300000e+01,3.94410688e+63,1.90122513e+64,3.59300000e+01,1.43298154e+71,6.90757272e+71
3.59400000e+01,4.14385824e+63,1.99751367e+64,3.59400000e+01,1.50555564e+71,7.25741037e+71
3.59500000e+01,4.35372612e+63,2.09867880e+64,3.59500000e+01,1.58180530e+71,7.62496573e+71
3.59600000e+01,4.57422287e+63,2.20496749e+64,3.59600000e+01,1.66191666e+71,8.01113613e+71
3.59700000e+01,4.80588680e+63,2.31663923e+64,3.59700000e+01,1.74608530e+71,8.41686434e+71
3.59800000e+01,5.04928346e+63,2.43396665e+64,3.59800000e+01,1.83451671e+71,8.84314086e+71
3.59900000e+01,5.30500708e+63,2.55723617e+64,3.59900000e+01,1.92742678e+71,9.29100638e+71
3.60000000e+01,5.57368195e+63,2.68674874e+64,3.60000000e+01,2.02504232e+71,9.76155428e+71
3.60100000e+01,5.85596401e+63,2.82282054e+64,3.60100000e+01,2.12760165e+71,1.02559333e+72
3.60200000e+01,6.15254238e+63,2.96578377e+64,3.60200000e+01,2.23535516e+71,1.07753505e+72
3.60300000e+01,6.46414113e+63,3.11598745e+64,3.60300000e+01,2.34856589e+71,1.13210738e+72
3.60400000e+01,6.79152096e+63,3.27379827e+64,3.60400000e+01,2.46751025e+71,1.18944355e+72
3.60500000e+01,7.13548111e+63,3.43960151e+64,3.60500000e+01,2.59247860e+71,1.24968354e+72
3.60600000e+01,7.49686130e+63,3.61380194e+64,3.60600000e+01,2.72377605e+71,1.31297442e+72
3.60700000e+01,7.87654378e+63,3.79682484e+64,3.60700000e+01,2.86172312e+71,1.37947070e+72
3.60800000e+01,8.27545549e+63,3.98911703e+64,3.60800000e+01,3.00665659e+71,1.44933472e+72
3.60900000e+01,8.69457028e+63,4.19114796e+64,3.60900000e+01,3.15893029e+71,1.52273704e+72
3.61000000e+01,9.13491137e+63,4.40341085e+64,3.61000000e+01,3.31891598e+71,1.59985686e+72
3.61100000e+01,9.59755376e+63,4.62642391e+64,3.61100000e+01,3.48700423e+71,1.68088245e+72
3.61200000e+01,1.00836269e+64,4.86073158e+64,3.61200000e+01,3.66360539e+71,1.76601163e+72
3.61300000e+01,1.05943175e+64,5.10690589e+64,3.61300000e+01,3.84915061e+71,1.85545222e+72
3.61400000e+01,1.11308723e+64,5.36554782e+64,3.61400000e+01,4.04409287e+71,1.94942257e+72
3.61500000e+01,1.16946012e+64,5.63728882e+64,3.61500000e+01,4.24890808e+71,2.04815210e+72
3.61600000e+01,1.22868804e+64,5.92279227e+64,3.61600000e+01,4.46409626e+71,2.15188184e+72
3.61700000e+01,1.29091559e+64,6.22275520e+64,3.61700000e+01,4.69018277e+71,2.26086503e+72
3.61800000e+01,1.35629469e+64,6.53790991e+64,3.61800000e+01,4.92771954e+71,2.37536773e+72
3.61900000e+01,1.42498495e+64,6.86902580e+64,3.61900000e+01,5.17728649e+71,2.49566948e+72
3.62000000e+01,1.49715406e+64,7.21691122e+64,3.62000000e+01,5.43949288e+71,2.62206397e+72
3.62100000e+01,1.57297822e+64,7.58241549e+64,3.62100000e+01,5.71497886e+71,2.75485978e+72
3.62200000e+01,1.65264253e+64,7.96643091e+64,3.62200000e+01,6.00441697e+71,2.89438110e+72
3.62300000e+01,1.73634147e+64,8.36989499e+64,3.62300000e+01,6.30851383e+71,3.04096856e+72
3.62400000e+01,1.82427940e+64,8.79379273e+64,3.62400000e+01,6.62801183e+71,3.19498001e+72
3.62500000e+01,1.91667099e+64,9.23915898e+64,3.62500000e+01,6.96369097e+71,3.35679145e+72
3.62600000e+01,2.01374180e+64,9.70708105e+64,3.62600000e+01,7.31637077e+71,3.52679792e+72
3.62700000e+01,2.11572882e+64,1.01987013e+65,3.62700000e+01,7.68691221e+71,3.70541446e+72
3.62800000e+01,2.22288101e+64,1.07152199e+65,3.62800000e+01,8.07621992e+71,3.89307712e+72
3.62900000e+01,2.33545999e+64,1.12578978e+65,3.62900000e+01,8.48524433e+71,4.09024406e+72
3.63000000e+01,2.45374059e+64,1.18280600e+65,3.63000000e+01,8.91498399e+71,4.29739662e+72
3.63100000e+01,2.57801157e+64,1.24270983e+65,3.63100000e+01,9.36648804e+71,4.51504053e+72
3.63200000e+01,2.70857633e+64,1.30564752e+65,3.63200000e+01,9.84085876e+71,4.74370714e+72
3.63300000e+01,2.84575360e+64,1.37177273e+65,3.63300000e+01,1.03392542e+72,4.98395468e+72
3.63400000e+01,2.98987829e+64,1.44124688e+65,3.63400000e+01,1.08628912e+72,5.23636968e+72
3.63500000e+01,3.14130225e+64,1.51423958e+65,3.63500000e+01,1.14130480e+72,5.50156838e+72
3.63600000e+01,3.30039515e+64,1.59092904e+65,3.63600000e+01,1.19910679e+72,5.78019821e+72
3.63700000e+01,3.46754540e+64,1.67150248e+65,3.63700000e+01,1.25983618e+72,6.07293938e+72
3.63800000e+01,3.64316106e+64,1.75615661e+65,3.63800000e+01,1.32364125e+72,6.38050659e+72
3.63900000e+01,3.82767087e+64,1.84509808e+65,3.63900000e+01,1.39067775e+72,6.70365071e+72
3.64000000e+01,4.02152527e+64,1.93854404e+65,3.64000000e+01,1.46110936e+72,7.04316062e+72
3.64100000e+01,4.22519753e+64,2.03672263e+65,3.64100000e+01,1.53510801e+72,7.39986520e+72
3.64200000e+01,4.43918489e+64,2.13987351e+65,3.64200000e+01,1.61285436e+72,7.77463526e+72
3.64300000e+01,4.66400974e+64,2.24824853e+65,3.64300000e+01,1.69453822e+72,8.16838575e+72
3.64400000e+01,4.90022097e+64,2.36211226e+65,3.64400000e+01,1.78035900e+72,8.58207794e+72
3.64500000e+01,5.14839523e+64,2.48174268e+65,3.64500000e+01,1.87052622e+72,9.01672180e+72
3.64600000e+01,5.40913842e+64,2.60743185e+65,3.64600000e+01,1.96526000e+72,9.47337841e+72
3.64700000e+01,5.68308708e+64,2.73948660e+65,3.64700000e+01,2.06479163e+72,9.95316265e+72
3.64800000e+01,5.97091001e+64,2.87822934e+65,3.64800000e+01,2.16936409e+72,1.04572458e+73
3.64900000e+01,6.27330989e+64,3.02399878e+65,3.64900000e+01,2.27923267e+72,1.09868585e+73
3.65000000e+01,6.59102497e+64,3.17715079e+65,3.65000000e+01,2.39466561e+72,1.15432937e+73
3.65100000e+01,6.92483090e+64,3.33805926e+65,3.65100000e+01,2.51594471e+72,1.21279099e+73
3.65200000e+01,7.27554260e+64,3.50711703e+65,3.65200000e+01,2.64336605e+72,1.27421343e+73
3.65300000e+01,7.64401628e+64,3.68473682e+65,3.65300000e+01,2.77724072e+72,1.33874664e+73
3.65400000e+01,8.03115151e+64,3.87135225e+65,3.65400000e+01,2.91789553e+72,1.40654817e+73
3.65500000e+01,8.43789340e+64,4.06741892e+65,3.65500000e+01,3.06567389e+72,1.47778354e+73
3.65600000e+01,8.86523495e+64,4.27341549e+65,3.65600000e+01,3.22093655e+72,1.55262666e+73
3.65700000e+01,9.31421943e+64,4.48984487e+65,3.65700000e+01,3.38406258e+72,1.63126026e+73
3.65800000e+01,9.78594298e+64,4.71723542e+65,3.65800000e+01,3.55545021e+72,1.71387629e+73
3.65900000e+01,1.02815572e+65,4.95614229e+65,3.65900000e+01,3.73551785e+72,1.80067646e+73
3.66000000e+01,1.08022721e+65,5.20714872e+65,3.66000000e+01,3.92470512e+72,1.89187266e+73
3.66100000e+01,1.13493588e+65,5.47086751e+65,3.66100000e+01,4.12347387e+72,1.98768755e+73
3.66200000e+01,1.19241531e+65,5.74794247e+65,3.66200000e+01,4.33230938e+72,2.08835503e+73
3.66300000e+01,1.25280581e+65,6.03905004e+65,3.66300000e+01,4.55172147e+72,2.19412087e+73
3.66400000e+01,1.31625482e+65,6.34490091e+65,3.66400000e+01,4.78224579e+72,2.30524328e+73
3.66500000e+01,1.38291723e+65,6.66624175e+65,3.66500000e+01,5.02444515e+72,2.42199354e+73
3.66600000e+01,1.45295581e+65,7.00385707e+65,3.66600000e+01,5.27891081e+72,2.54465667e+73
3.66700000e+01,1.52654152e+65,7.35857110e+65,3.66700000e+01,5.54626403e+72,2.67353215e+73
3.66800000e+01,1.60385401e+65,7.73124980e+65,3.66800000e+01,5.82715749e+72,2.80893459e+73
3.66900000e+01,1.68508204e+65,8.12280301e+65,3.66900000e+01,6.12227694e+72,2.95119456e+73
3.67000000e+01,1.77042391e+65,8.53418664e+65,3.67000000e+01,6.43234288e+72,3.10065936e+73
3.67100000e+01,1.86008796e+65,8.96640502e+65,3.67100000e+01,6.75811227e+72,3.25769388e+73
3.67200000e+01,1.95429309e+65,9.42051331e+65,3.67200000e+01,7.10038042e+72,3.42268150e+73
3.67300000e+01,2.05326930e+65,9.89762017e+65,3.67300000e+01,7.45998292e+72,3.59602501e+73
3.67400000e+01,2.15725820e+65,1.03988903e+66,3.67400000e+01,7.83779768e+72,3.77814759e+73
3.67500000e+01,2.26651368e+65,1.09255476e+66,3.67500000e+01,8.23474706e+72,3.96949386e+73
3.67600000e+01,2.38130245e+65,1.14788777e+66,3.67600000e+01,8.65180016e+72,4.17053096e+73
3.67700000e+01,2.50190477e+65,1.20602315e+66,3.67700000e+01,9.08997513e+72,4.38174970e+73
3.67800000e+01,2.62861505e+65,1.26710283e+66,3.67800000e+01,9.55034170e+72,4.60366571e+73
3.67900000e+01,2.76174264e+65,1.33127592e+66,3.67900000e+01,1.00340238e+73,4.83682079e+73
3.68000000e+01,2.90161255e+65,1.39869909e+66,3.68000000e+01,1.05422022e+73,5.08178412e+73
3.68100000e+01,3.04856625e+65,1.46953694e+66,3.68100000e+01,1.10761176e+73,5.33915375e+73
3.68200000e+01,3.20296249e+65,1.54396241e+66,3.68200000e+01,1.16370734e+73,5.60955800e+73
3.68300000e+01,3.36517821e+65,1.62215720e+66,3.68300000e+01,1.22264391e+73,5.89365701e+73
3.68400000e+01,3.53560943e+65,1.70431220e+66,3.68400000e+01,1.28456535e+73,6.19214437e+73
3.68500000e+01,3.71467223e+65,1.79062799e+66,3.68500000e+01,1.34962284e+73,6.50574878e+73
3.68600000e+01,3.90280375e+65,1.88131529e+66,3.68600000e+01,1.41797520e+73,6.83523585e+73
3.68700000e+01,4.10046330e+65,1.97659549e+66,3.68700000e+01,1.48978930e+73,7.18140997e+73
3.68800000e+01,4.30813342e+65,2.07670121e+66,3.68800000e+01,1.56524046e+73,7.54511625e+73
3.68900000e+01,4.52632111e+65,2.18187683e+66,3.68900000e+01,1.64451289e+73,7.92724263e+73
3.69000000e+01,4.75555902e+65,2.29237913e+66,3.69000000e+01,1.72780011e+73,8.32872200e+73
3.69100000e+01,4.99640681e+65,2.40847788e+66,3.69100000e+01,1.81530545e+73,8.75053451e+73
3.69200000e+01,5.24945246e+65,2.53045651e+66,3.69200000e+01,1.90724255e+73,9.19370993e+73
3.69300000e+01,5.51531374e+65,2.65861281e+66,3.69300000e+01,2.00383585e+73,9.65933021e+73
3.69400000e+01,5.79463970e+65,2.79325965e+66,3.69400000e+01,2.10532117e+73,1.01485321e+74
3.69500000e+01,6.08811228e+65,2.93472576e+66,3.69500000e+01,2.21194627e+73,1.06625098e+74
3.69600000e+01,6.39644793e+65,3.08335649e+66,3.69600000e+01,2.32397145e+73,1.12025182e+74
3.69700000e+01,6.72039940e+65,3.23951470e+66,3.69700000e+01,2.44167021e+73,1.17698757e+74
3.69800000e+01,7.06075756e+65,3.40358162e+66,3.69800000e+01,2.56532988e+73,1.23659672e+74
3.69900000e+01,7.41835334e+65,3.57595780e+66,3.69900000e+01,2.69525236e+73,1.29922481e+74
3.70000000e+01,7.79405975e+65,3.75706407e+66,3.70000000e+01,2.83175484e+73,1.36502474e+74
3.70100000e+01,8.18879400e+65,3.94734255e+66,3.70100000e+01,2.97517055e+73,1.43415713e+74
3.70200000e+01,8.60351978e+65,4.14725779e+66,3.70200000e+01,3.12584963e+73,1.50679077e+74
3.70300000e+01,9.03924957e+65,4.35729785e+66,3.70300000e+01,3.28415992e+73,1.58310298e+74
3.70400000e+01,9.49704712e+65,4.57797549e+66,3.70400000e+01,3.45048793e+73,1.66328007e+74
3.70500000e+01,9.97803006e+65,4.80982946e+66,3.70500000e+01,3.62523971e+73,1.74751776e+74
3.70600000e+01,1.04833726e+66,5.05342581e+66,3.70600000e+01,3.80884188e+73,1.83602172e+74
3.70700000e+01,1.10143086e+66,5.30935921e+66,3.70700000e+01,4.00174268e+73,1.92900800e+74
3.70800000e+01,1.15721340e+66,5.57825450e+66,3.70800000e+01,4.20441304e+73,2.02670363e+74
3.70900000e+01,1.21582108e+66,5.86076814e+66,3.70900000e+01,4.41734775e+73,2.12934710e+74
3.71000000e+01,1.27739698e+66,6.15758982e+66,3.71000000e+01,4.64106665e+73,2.23718900e+74
3.71100000e+01,1.34209142e+66,6.46944420e+66,3.71100000e+01,4.87611591e+73,2.35049262e+74
3.71200000e+01,1.41006235e+66,6.79709260e+66,3.71200000e+01,5.12306937e+73,2.46953455e+74
3.71300000e+01,1.48147570e+66,7.14133493e+66,3.71300000e+01,5.38252991e+73,2.59460543e+74
3.71400000e+01,1.55650581e+66,7.50301160e+66,3.71400000e+01,5.65513097e+73,2.72601058e+74
3.71500000e+01,1.63533587e+66,7.88300556e+66,3.71500000e+01,5.94153805e+73,2.86407082e+74
3.71600000e+01,1.71815832e+66,8.28224453e+66,3.71600000e+01,6.24245037e+73,3.00912320e+74
3.71700000e+01,1.80517535e+66,8.70170316e+66,3.71700000e+01,6.55860256e+73,3.16152183e+74
3.71800000e+01,1.89659940e+66,9.14240549e+66,3.71800000e+01,6.89076643e+73,3.32163876e+74
3.71900000e+01,1.99265368e+66,9.60542743e+66,3.71900000e+01,7.23975292e+73,3.48986490e+74
3.72000000e+01,2.09357267e+66,1.00918993e+67,3.72000000e+01,7.60641402e+73,3.66661095e+74
3.72100000e+01,2.19960276e+66,1.06030089e+67,3.72100000e+01,7.99164486e+73,3.85230839e+74
3.72200000e+01,2.31100280e+66,1.11400039e+67,3.72200000e+01,8.39638591e+73,4.04741057e+74
3.72300000e+01,2.42804475e+66,1.17041952e+67,3.72300000e+01,8.82162529e+73,4.25239381e+74
3.72400000e+01,2.55101435e+66,1.22969603e+67,3.72400000e+01,9.26840115e+73,4.46775853e+74
3.72500000e+01,2.68021182e+66,1.29197464e+67,3.72500000e+01,9.73780420e+73,4.69403051e+74
3.72600000e+01,2.81595255e+66,1.35740737e+67,3.72600000e+01,1.02309804e+74,4.93176215e+74
3.72700000e+01,2.95856795e+66,1.42615398e+67,3.72700000e+01,1.07491338e+74,5.18153384e+74
3.72800000e+01,3.10840618e+66,1.49838230e+67,3.72800000e+01,1.12935293e+74,5.44395535e+74
3.72900000e+01,3.26583305e+66,1.57426866e+67,3.72900000e+01,1.18654961e+74,5.71966733e+74
3.73000000e+01,3.43123288e+66,1.65399832e+67,3.73000000e+01,1.24664304e+74,6.00934289e+74
3.73100000e+01,3.60500947e+66,1.73776594e+67,3.73100000e+01,1.30977993e+74,6.31368922e+74
3.73200000e+01,3.78758708e+66,1.82577601e+67,3.73200000e+01,1.37611442e+74,6.63344933e+74
3.73300000e+01,3.97941141e+66,1.91824340e+67,3.73300000e+01,1.44580846e+74,6.96940387e+74
3.73400000e+01,4.18095080e+66,2.01539384e+67,3.73400000e+01,1.51903219e+74,7.32237299e+74
3.73500000e+01,4.39269725e+66,2.11746452e+67,3.73500000e+01,1.59596437e+74,7.69321842e+74
3.73600000e+01,4.61516771e+66,2.22470463e+67,3.73600000e+01,1.67679283e+74,8.08284551e+74
3.73700000e+01,4.84890531e+66,2.33737596e+67,3.73700000e+01,1.76171488e+74,8.49220548e+74
3.73800000e+01,5.09448067e+66,2.45575360e+67,3.73800000e+01,1.85093786e+74,8.92229769e+74
3.73900000e+01,5.35249332e+66,2.58012653e+67,3.73900000e+01,1.94467958e+74,9.37417215e+74
3.74000000e+01,5.62357316e+66,2.71079840e+67,3.74000000e+01,2.04316890e+74,9.84893203e+74
3.74100000e+01,5.90838198e+66,2.84808821e+67,3.74100000e+01,2.14664627e+74,1.03477364e+75
3.74200000e+01,6.20761510e+66,2.99233113e+67,3.74200000e+01,2.25536430e+74,1.08718029e+75
3.74300000e+01,6.52200303e+66,3.14387932e+67,3.74300000e+01,2.36958841e+74,1.14224111e+75
3.74400000e+01,6.85231330e+66,3.30310274e+67,3.74400000e+01,2.48959746e+74,1.20009051e+75
3.74500000e+01,7.19935231e+66,3.47039011e+67,3.74500000e+01,2.61568443e+74,1.26086973e+75
3.74600000e+01,7.56396730e+66,3.64614985e+67,3.74600000e+01,2.74815714e+74,1.32472714e+75
3.74700000e+01,7.94704840e+66,3.83081102e+67,3.74700000e+01,2.88733901e+74,1.39181864e+75
3.74800000e+01,8.34953085e+66,4.02482446e+67,3.74800000e+01,3.03356981e+74,1.46230803e+75
3.74900000e+01,8.77239723e+66,4.22866381e+67,3.74900000e+01,3.18720655e+74,1.53636739e+75
3.75000000e+01,9.21667990e+66,4.44282672e+67,3.75000000e+01,3.34862430e+74,1.61417752e+75
3.75100000e+01,9.68346350e+66,4.66783601e+67,3.75100000e+01,3.51821714e+74,1.69592839e+75
3.75200000e+01,1.01738876e+67,4.90424102e+67,3.75200000e+01,3.69639910e+74,1.78181958e+75
3.75300000e+01,1.06891495e+67,5.15261889e+67,3.75300000e+01,3.88360517e+74,1.87206077e+75
3.75400000e+01,1.12305071e+67,5.41357598e+67,3.75400000e+01,4.08029240e+74,1.96687227e+75
3.75500000e+01,1.17992820e+67,5.68774938e+67,3.75500000e+01,4.28694096e+74,2.06648555e+75
3.75600000e+01,1.23968629e+67,5.97580844e+67,3.75600000e+01,4.50405534e+74,2.17114380e+75
3.75700000e+01,1.30247085e+67,6.27845641e+67,3.75700000e+01,4.73216559e+74,2.28110251e+75
3.75800000e+01,1.36843517e+67,6.59643213e+67,3.75800000e+01,4.97182860e+74,2.39663015e+75
3.75900000e+01,1.43774029e+67,6.93051191e+67,3.75900000e+01,5.22362948e+74,2.51800875e+75
3.76000000e+01,1.51055540e+67,7.28151133e+67,3.76000000e+01,5.48818294e+74,2.64553462e+75
3.76100000e+01,1.58705828e+67,7.65028730e+67,3.76100000e+01,5.76613485e+74,2.77951912e+75
3.76200000e+01,1.66743568e+67,8.03774012e+67,3.76200000e+01,6.05816378e+74,2.92028932e+75
3.76300000e+01,1.75188384e+67,8.44481570e+67,3.76300000e+01,6.36498267e+74,3.06818891e+75
3.76400000e+01,1.84060891e+67,8.87250783e+67,3.76400000e+01,6.68734057e+74,3.22357895e+75
3.76500000e+01,1.93382752e+67,9.32186066e+67,3.76500000e+01,7.02602445e+74,3.38683880e+75
3.76600000e+01,2.03176723e+67,9.79397119e+67,3.76600000e+01,7.38186115e+74,3.55836704e+75
3.76700000e+01,2.13466715e+67,1.02899920e+68,3.76700000e+01,7.75571939e+74,3.73858241e+75
3.76800000e+01,2.24277849e+67,1.08111341e+68,3.76800000e+01,8.14851188e+74,3.92792488e+75
3.76900000e+01,2.35636519e+67,1.13586696e+68,3.76900000e+01,8.56119755e+74,4.12685670e+75
3.77000000e+01,2.47570454e+67,1.19339354e+68,3.77000000e+01,8.99478391e+74,4.33586353e+75
3.77100000e+01,2.60108790e+67,1.25383359e+68,3.77100000e+01,9.45032947e+74,4.55545562e+75
3.77200000e+01,2.73282137e+67,1.31733465e+68,3.77200000e+01,9.92894637e+74,4.78616906e+75
3.77300000e+01,2.87122654e+67,1.38405176e+68,3.77300000e+01,1.04318031e+75,5.02856711e+75
3.77400000e+01,3.01664132e+67,1.45414779e+68,3.77400000e+01,1.09601272e+75,5.28324154e+75
3.77500000e+01,3.16942071e+67,1.52779386e+68,3.77500000e+01,1.15152086e+75,5.55081409e+75
3.77600000e+01,3.32993769e+67,1.60516979e+68,3.77600000e+01,1.20984024e+75,5.83193799e+75
3.77700000e+01,3.49858413e+67,1.68646446e+68,3.77700000e+01,1.27111324e+75,6.12729955e+75
3.77800000e+01,3.67577177e+67,1.77187634e+68,3.77800000e+01,1.33548944e+75,6.43761986e+75
3.77900000e+01,3.86193316e+67,1.86161395e+68,3.77900000e+01,1.40312600e+75,6.76365651e+75
3.78000000e+01,4.05752280e+67,1.95589636e+68,3.78000000e+01,1.47418806e+75,7.10620545e+75
3.78100000e+01,4.26301817e+67,2.05495376e+68,3.78100000e+01,1.54884909e+75,7.46610296e+75
3.78200000e+01,4.47892097e+67,2.15902798e+68,3.78200000e+01,1.62729136e+75,7.84422767e+75
3.78300000e+01,4.70575828e+67,2.26837308e+68,3.78300000e+01,1.70970639e+75,8.24150271e+75
3.78400000e+01,4.94408388e+67,2.38325603e+68,3.78400000e+01,1.79629537e+75,8.65889795e+75
3.78500000e+01,5.19447961e+67,2.50395729e+68,3.78500000e+01,1.88726970e+75,9.09743239e+75
3.78600000e+01,5.45755676e+67,2.63077152e+68,3.78600000e+01,1.98285146e+75,9.55817664e+75
3.78700000e+01,5.73395760e+67,2.76400833e+68,3.78700000e+01,2.08327402e+75,1.00422555e+76
3.78800000e+01,6.02435690e+67,2.90399298e+68,3.78800000e+01,2.18878252e+75,1.05508508e+76
3.78900000e+01,6.32946362e+67,3.05106724e+68,3.78900000e+01,2.29963457e+75,1.10852042e+76
3.79000000e+01,6.65002263e+67,3.20559014e+68,3.79000000e+01,2.41610077e+75,1.16466202e+76
3.79100000e+01,6.98681653e+67,3.36793894e+68,3.79100000e+01,2.53846546e+75,1.22364694e+76
3.79200000e+01,7.34066753e+67,3.53850998e+68,3.79200000e+01,2.66702738e+75,1.28561919e+76
3.79300000e+01,7.71243949e+67,3.71771968e+68,3.79300000e+01,2.80210039e+75,1.35073005e+76
3.79400000e+01,8.10304005e+67,3.90600555e+68,3.79400000e+01,2.94401423e+75,1.41913848e+76
3.79500000e+01,8.51342277e+67,4.10382725e+68,3.79500000e+01,3.09311538e+75,1.49101149e+76
3.79600000e+01,8.94458955e+67,4.31166774e+68,3.79600000e+01,3.24976784e+75,1.56652456e+76
3.79700000e+01,9.39759299e+67,4.53003442e+68,3.79700000e+01,3.41435404e+75,1.64586202e+76
3.79800000e+01,9.87353903e+67,4.75946040e+68,3.79800000e+01,3.58727580e+75,1.72921756e+76
3.79900000e+01,1.03735896e+68,5.00050577e+68,3.79900000e+01,3.76895527e+75,1.81679470e+76
3.80000000e+01,1.08989655e+68,5.25375902e+68,3.80000000e+01,3.95983599e+75,1.90880722e+76
3.80100000e+01,1.14509493e+68,5.51983841e+68,3.80100000e+01,4.16038397e+75,2.00547976e+76
3.80200000e+01,1.20308887e+68,5.79939353e+68,3.80200000e+01,4.37108880e+75,2.10704834e+76
3.80300000e+01,1.26401994e+68,6.09310686e+68,3.80300000e+01,4.59246489e+75,2.21376091e+76
3.80400000e+01,1.32803689e+68,6.40169546e+68,3.80400000e+01,4.82505269e+75,2.32587800e+76
3.80500000e+01,1.39529602e+68,6.72591270e+68,3.80500000e+01,5.06942002e+75,2.44367331e+76
3.80600000e+01,1.46596152e+68,7.06655008e+68,3.80600000e+01,5.32616347e+75,2.56743443e+76
3.80700000e+01,1.54020591e+68,7.42443923e+68,3.80700000e+01,5.59590982e+75,2.69746350e+76
3.80800000e+01,1.61821045e+68,7.80045386e+68,3.80800000e+01,5.87931761e+75,2.83407796e+76
3.80900000e+01,1.70016557e+68,8.19551195e+68,3.80900000e+01,6.17707874e+75,2.97761133e+76
3.81000000e+01,1.78627135e+68,8.61057796e+68,3.81000000e+01,6.48992015e+75,3.12841402e+76
3.81100000e+01,1.87673800e+68,9.04666521e+68,3.81100000e+01,6.81860557e+75,3.28685419e+76
3.81200000e+01,1.97178639e+68,9.50483833e+68,3.81200000e+01,7.16393743e+75,3.45331865e+76
3.81300000e+01,2.07164855e+68,9.98621587e+68,3.81300000e+01,7.52675881e+75,3.62821379e+76
3.81400000e+01,2.17656828e+68,1.04919730e+69,3.81400000e+01,7.90795547e+75,3.81196659e+76
3.81500000e+01,2.28680172e+68,1.10233445e+69,3.81500000e+01,8.30845803e+75,4.00502564e+76
3.81600000e+01,2.40261800e+68,1.15816276e+69,3.81600000e+01,8.72924426e+75,4.20786227e+76
3.81700000e+01,2.52429985e+68,1.21681852e+69,3.81700000e+01,9.17134143e+75,4.42097167e+76
3.81800000e+01,2.65214434e+68,1.27844494e+69,3.81800000e+01,9.63582884e+75,4.64487410e+76
3.81900000e+01,2.78646359e+68,1.34319245e+69,3.81900000e+01,1.01238405e+76,4.88011620e+76
3.82000000e+01,2.92758550e+68,1.41121914e+69,3.82000000e+01,1.06365677e+76,5.12727225e+76
3.82100000e+01,3.07585461e+68,1.48269108e+69,3.82100000e+01,1.11752622e+76,5.38694565e+76
3.82200000e+01,3.23163288e+68,1.55778274e+69,3.82200000e+01,1.17412393e+76,5.65977034e+76
3.82300000e+01,3.39530063e+68,1.63667747e+69,3.82300000e+01,1.23358805e+76,5.94641239e+76
3.82400000e+01,3.56725742e+68,1.71956786e+69,3.82400000e+01,1.29606377e+76,6.24757157e+76
3.82500000e+01,3.74792304e+68,1.80665628e+69,3.82500000e+01,1.36170360e+76,6.56398312e+76
3.82600000e+01,3.93773858e+68,1.89815534e+69,3.82600000e+01,1.43066779e+76,6.89641950e+76
3.82700000e+01,4.13716742e+68,1.99428841e+69,3.82700000e+01,1.50312472e+76,7.24569229e+76
3.82800000e+01,4.34669644e+68,2.09529020e+69,3.82800000e+01,1.57925126e+76,7.61265419e+76
3.82900000e+01,4.56683717e+68,2.20140727e+69,3.82900000e+01,1.65923327e+76,7.99820106e+76
3.83000000e+01,4.79812704e+68,2.31289870e+69,3.83000000e+01,1.74326601e+76,8.40327416e+76
3.83100000e+01,5.04113071e+68,2.43003668e+69,3.83100000e+01,1.83155463e+76,8.82886240e+76
3.83200000e+01,5.29644142e+68,2.55310716e+69,3.83200000e+01,1.92431468e+76,9.27600478e+76
3.83300000e+01,5.56468248e+68,2.68241062e+69,3.83300000e+01,2.02177261e+76,9.74579292e+76
3.83400000e+01,5.84650875e+68,2.81826271e+69,3.83400000e+01,2.12416635e+76,1.02393737e+77
3.83500000e+01,6.14260827e+68,2.96099511e+69,3.83500000e+01,2.23174587e+76,1.07579522e+77
3.83600000e+01,6.45370389e+68,3.11095626e+69,3.83600000e+01,2.34477381e+76,1.13027943e+77
3.83700000e+01,6.78055512e+68,3.26851228e+69,3.83700000e+01,2.46352612e+76,1.18752303e+77
3.83800000e+01,7.12395990e+68,3.43404780e+69,3.83800000e+01,2.58829269e+76,1.24766576e+77
3.83900000e+01,7.48475660e+68,3.60796696e+69,3.83900000e+01,2.71937814e+76,1.31085445e+77
3.84000000e+01,7.86382603e+68,3.79069435e+69,3.84000000e+01,2.85710247e+76,1.37724336e+77
3.84100000e+01,8.26209364e+68,3.98267605e+69,3.84100000e+01,3.00180193e+76,1.44699458e+77
3.84200000e+01,8.68053171e+68,4.18438078e+69,3.84200000e+01,3.15382977e+76,1.52027838e+77
3.84300000e+01,9.12016181e+68,4.39630094e+69,3.84300000e+01,3.31355714e+76,1.59727368e+77
3.84400000e+01,9.58205720e+68,4.61895392e+69,3.84400000e+01,3.48137398e+76,1.67816844e+77
3.84500000e+01,1.00673455e+69,4.85288327e+69,3.84500000e+01,3.65769000e+76,1.76316016e+77
3.84600000e+01,1.05772115e+69,5.09866009e+69,3.84600000e+01,3.84293563e+76,1.85245634e+77
3.84700000e+01,1.11129000e+69,5.35688442e+69,3.84700000e+01,4.03756313e+76,1.94627496e+77
3.84800000e+01,1.16757186e+69,5.62818664e+69,3.84800000e+01,4.24204764e+76,2.04484508e+77
3.84900000e+01,1.22670416e+69,5.91322912e+69,3.84900000e+01,4.45688837e+76,2.14840734e+77
3.85000000e+01,1.28883123e+69,6.21270772e+69,3.85000000e+01,4.68260983e+76,2.25721456e+77
3.85100000e+01,1.35410477e+69,6.52735357e+69,3.85100000e+01,4.91976306e+76,2.37153238e+77
3.85200000e+01,1.42268412e+69,6.85793482e+69,3.85200000e+01,5.16892705e+76,2.49163988e+77
3.85300000e+01,1.49473670e+69,7.20525854e+69,3.85300000e+01,5.43071008e+76,2.61783029e+77
3.85400000e+01,1.57043843e+69,7.57017265e+69,3.85400000e+01,5.70575125e+76,2.75041168e+77
3.85500000e+01,1.64997411e+69,7.95356802e+69,3.85500000e+01,5.99472202e+76,2.88970773e+77
3.85600000e+01,1.73353792e+69,8.35638066e+69,3.85600000e+01,6.29832787e+76,3.03605850e+77
3.85700000e+01,1.82133385e+69,8.77959395e+69,3.85700000e+01,6.61731000e+76,3.18982128e+77
3.85800000e+01,1.91357627e+69,9.22424110e+69,3.85800000e+01,6.95244715e+76,3.35137145e+77
3.85900000e+01,2.01049034e+69,9.69140765e+69,3.85900000e+01,7.30455749e+76,3.52110342e+77
3.86000000e+01,2.11231268e+69,1.01822341e+70,3.86000000e+01,7.67450064e+76,3.69943156e+77
3.86100000e+01,2.21929187e+69,1.06979187e+70,3.86100000e+01,8.06317977e+76,3.88679122e+77
3.86200000e+01,2.33168907e+69,1.12397204e+70,3.86200000e+01,8.47154375e+76,4.08363980e+77
3.86300000e+01,2.44977869e+69,1.18089620e+70,3.86300000e+01,8.90058953e+76,4.29045789e+77
3.86400000e+01,2.57384902e+69,1.24070330e+70,3.86400000e+01,9.35136457e+76,4.50775038e+77
3.86500000e+01,2.70420296e+69,1.30353938e+70,3.86500000e+01,9.82496935e+76,4.73604777e+77
3.86600000e+01,2.84115874e+69,1.36955781e+70,3.86600000e+01,1.03225601e+77,4.97590740e+77
3.86700000e+01,2.98505072e+69,1.43891979e+70,3.86700000e+01,1.08453516e+77,5.22791485e+77
3.86800000e+01,3.13623019e+69,1.51179464e+70,3.86800000e+01,1.13946201e+77,5.49268535e+77
3.86900000e+01,3.29506621e+69,1.58836027e+70,3.86900000e+01,1.19717066e+77,5.77086529e+77
3.87000000e+01,3.46194657e+69,1.66880361e+70,3.87000000e+01,1.25780200e+77,6.06313380e+77
3.87100000e+01,3.63727868e+69,1.75332105e+70,3.87100000e+01,1.32150405e+77,6.37020440e+77
3.87200000e+01,3.82149057e+69,1.84211892e+70,3.87200000e+01,1.38843231e+77,6.69282675e+77
3.87300000e+01,4.01503197e+69,1.93541400e+70,3.87300000e+01,1.45875020e+77,7.03178848e+77
3.87400000e+01,4.21837538e+69,2.03343406e+70,3.87400000e+01,1.53262937e+77,7.38791710e+77
3.87500000e+01,4.43201722e+69,2.13641840e+70,3.87500000e+01,1.61025019e+77,7.76208205e+77
3.87600000e+01,4.65647906e+69,2.24461843e+70,3.87600000e+01,1.69180216e+77,8.15519678e+77
3.87700000e+01,4.89230889e+69,2.35829831e+70,3.87700000e+01,1.77748437e+77,8.56822101e+77
3.87800000e+01,5.14008245e+69,2.47773557e+70,3.87800000e+01,1.86750600e+77,9.00216307e+77
3.87900000e+01,5.40040463e+69,2.60322179e+70,3.87900000e+01,1.96208682e+77,9.45808235e+77
3.88000000e+01,5.67391096e+69,2.73506333e+70,3.88000000e+01,2.06145774e+77,9.93709191e+77
3.88100000e+01,5.96126916e+69,2.87358205e+70,3.88100000e+01,2.16586135e+77,1.04403612e+78
3.88200000e+01,6.26318078e+69,3.01911612e+70,3.88200000e+01,2.27555254e+77,1.09691187e+78
3.88300000e+01,6.58038286e+69,3.17202085e+70,3.88300000e+01,2.39079910e+77,1.15246555e+78
3.88400000e+01,6.91364981e+69,3.33266951e+70,3.88400000e+01,2.51188237e+77,1.21083278e+78
3.88500000e+01,7.26379524e+69,3.50145431e+70,3.88500000e+01,2.63909798e+77,1.27215604e+78
3.88600000e+01,7.63167397e+69,3.67878731e+70,3.88600000e+01,2.77275648e+77,1.33658505e+78
3.88700000e+01,8.01818412e+69,3.86510142e+70,3.88700000e+01,2.91318419e+77,1.40427710e+78
3.88800000e+01,8.42426927e+69,4.06085152e+70,3.88800000e+01,3.06072394e+77,1.47539746e+78
3.88900000e+01,8.85092082e+69,4.26651548e+70,3.88900000e+01,3.21573591e+77,1.55011974e+78
3.89000000e+01,9.29918036e+69,4.48259540e+70,3.89000000e+01,3.37859855e+77,1.62862637e+78
3.89100000e+01,9.77014224e+69,4.70961880e+70,3.89100000e+01,3.54970945e+77,1.71110901e+78
3.89200000e+01,1.02649562e+70,4.94813992e+70,3.89200000e+01,3.72948635e+77,1.79776902e+78
3.89300000e+01,1.07848303e+70,5.19874107e+70,3.89300000e+01,3.91836815e+77,1.88881798e+78
3.89400000e+01,1.13310337e+70,5.46203405e+70,3.89400000e+01,4.11681596e+77,1.98447816e+78
3.89500000e+01,1.19048999e+70,5.73866164e+70,3.89500000e+01,4.32531427e+77,2.08498310e+78
3.89600000e+01,1.25078298e+70,6.02929917e+70,3.89600000e+01,4.54437209e+77,2.19057816e+78
3.89700000e+01,1.31412954e+70,6.33465620e+70,3.89700000e+01,4.77452421e+77,2.30152115e+78
3.89800000e+01,1.38068433e+70,6.65547820e+70,3.89800000e+01,5.01633250e+77,2.41808290e+78
3.89900000e+01,1.45060981e+70,6.99254839e+70,3.89900000e+01,5.27038729e+77,2.54054798e+78
3.90000000e+01,1.52407671e+70,7.34668968e+70,3.90000000e+01,5.53730883e+77,2.66921537e+78
3.90100000e+01,1.60126437e+70,7.71876665e+70,3.90100000e+01,5.81774875e+77,2.80439918e+78
3.90200000e+01,1.68236125e+70,8.10968764e+70,3.90200000e+01,6.11239169e+77,2.94642945e+78
3.90300000e+01,1.76756532e+70,8.52040704e+70,3.90300000e+01,6.42195699e+77,3.09565292e+78
3.90400000e+01,1.85708460e+70,8.95192753e+70,3.90400000e+01,6.74720037e+77,3.25243389e+78
3.90500000e+01,1.95113762e+70,9.40530261e+70,3.90500000e+01,7.08891589e+77,3.41715512e+78
3.90600000e+01,2.04995401e+70,9.88163911e+70,3.90600000e+01,7.44793776e+77,3.59021874e+78
3.90700000e+01,2.15377501e+70,1.03820999e+71,3.90700000e+01,7.82514249e+77,3.77204725e+78
3.90800000e+01,2.26285408e+70,1.09079068e+71,3.90800000e+01,8.22145094e+77,3.96308457e+78
3.90900000e+01,2.37745752e+70,1.14603435e+71,3.90900000e+01,8.63783065e+77,4.16379707e+78
3.91000000e+01,2.49786510e+70,1.20407586e+71,3.91000000e+01,9.07529813e+77,4.37467476e+78
3.91100000e+01,2.62437079e+70,1.26505692e+71,3.91100000e+01,9.53492137e+77,4.59623247e+78
3.91200000e+01,2.75728343e+70,1.32912639e+71,3.91200000e+01,1.00178225e+78,4.82901108e+78
3.91300000e+01,2.89692750e+70,1.39644070e+71,3.91300000e+01,1.05251804e+78,5.07357889e+78
3.91400000e+01,3.04364392e+70,1.46716417e+71,3.91400000e+01,1.10582337e+78,5.33053296e+78
3.91500000e+01,3.19779087e+70,1.54146947e+71,3.91500000e+01,1.16182837e+78,5.60050060e+78
3.91600000e+01,3.35974467e+70,1.61953800e+71,3.91600000e+01,1.22066978e+78,5.88414090e+78
3.91700000e+01,3.52990070e+70,1.70156036e+71,3.91700000e+01,1.28249124e+78,6.18214631e+78
3.91800000e+01,3.70867438e+70,1.78773678e+71,3.91800000e+01,1.34744369e+78,6.49524436e+78
3.91900000e+01,3.89650215e+70,1.87827765e+71,3.91900000e+01,1.41568568e+78,6.82419943e+78
3.92000000e+01,4.09384255e+70,1.97340401e+71,3.92000000e+01,1.48738383e+78,7.16981460e+78
3.92100000e+01,4.30117736e+70,2.07334809e+71,3.92100000e+01,1.56271316e+78,7.53293363e+78
3.92200000e+01,4.51901274e+70,2.17835389e+71,3.92200000e+01,1.64185760e+78,7.91444302e+78
3.92300000e+01,4.74788052e+70,2.28867777e+71,3.92300000e+01,1.72501034e+78,8.31527415e+78
3.92400000e+01,4.98833943e+70,2.40458906e+71,3.92400000e+01,1.81237439e+78,8.73640558e+78
3.92500000e+01,5.24097650e+70,2.52637074e+71,3.92500000e+01,1.90416305e+78,9.17886544e+78
3.92600000e+01,5.50640851e+70,2.65432012e+71,3.92600000e+01,2.00060039e+78,9.64373390e+78
3.92700000e+01,5.78528347e+70,2.78874955e+71,3.92700000e+01,2.10192184e+78,1.01321459e+79
3.92800000e+01,6.07828219e+70,2.92998724e+71,3.92800000e+01,2.20837478e+78,1.06452937e+79
3.92900000e+01,6.38611999e+70,3.07837799e+71,3.92900000e+01,2.32021908e+78,1.11844302e+79
3.93000000e+01,6.70954840e+70,3.23428406e+71,3.93000000e+01,2.43772780e+78,1.17508716e+79
3.93100000e+01,7.04935701e+70,3.39808608e+71,3.93100000e+01,2.56118781e+78,1.23460007e+79
3.93200000e+01,7.40637540e+70,3.57018393e+71,3.93200000e+01,2.69090051e+78,1.29712704e+79
3.93300000e+01,7.78147518e+70,3.75099778e+71,3.93300000e+01,2.82718258e+78,1.36282072e+79
3.93400000e+01,8.17557208e+70,3.94096903e+71,3.93400000e+01,2.97036673e+78,1.43184149e+79
3.93500000e+01,8.58962823e+70,4.14056148e+71,3.93500000e+01,3.12080252e+78,1.50435785e+79
3.93600000e+01,9.02465447e+70,4.35026239e+71,3.93600000e+01,3.27885720e+78,1.58054685e+79
3.93700000e+01,9.48171284e+70,4.57058372e+71,3.93700000e+01,3.44491665e+78,1.66059448e+79
3.93800000e+01,9.96191917e+70,4.80206334e+71,3.93800000e+01,3.61938626e+78,1.74469616e+79
3.93900000e+01,1.04664458e+71,5.04526636e+71,3.93900000e+01,3.80269199e+78,1.83305721e+79
3.94000000e+01,1.09965245e+71,5.30078653e+71,3.94000000e+01,3.99528132e+78,1.92589336e+79
3.94100000e+01,1.15534492e+71,5.56924765e+71,3.94100000e+01,4.19762445e+78,2.02343124e+79
3.94200000e+01,1.21385797e+71,5.85130513e+71,3.94200000e+01,4.41021534e+78,2.12590898e+79
3.94300000e+01,1.27533445e+71,6.14764756e+71,3.94300000e+01,4.63357302e+78,2.23357676e+79
3.94400000e+01,1.33992443e+71,6.45899840e+71,3.94400000e+01,4.86824276e+78,2.34669743e+79
3.94500000e+01,1.40778561e+71,6.78611777e+71,3.94500000e+01,5.11479748e+78,2.46554715e+79
3.94600000e+01,1.47908365e+71,7.12980427e+71,3.94600000e+01,5.37383909e+78,2.59041608e+79
3.94700000e+01,1.55399262e+71,7.49089696e+71,3.94700000e+01,5.64599999e+78,2.72160907e+79
3.94800000e+01,1.63269540e+71,7.87027738e+71,3.94800000e+01,5.93194463e+78,2.85944639e+79
3.94900000e+01,1.71538411e+71,8.26887172e+71,3.94900000e+01,6.23237109e+78,3.00426456e+79
3.95000000e+01,1.80226065e+71,8.68765307e+71,3.95000000e+01,6.54801280e+78,3.15641712e+79
3.95100000e+01,1.89353708e+71,9.12764383e+71,3.95100000e+01,6.87964035e+78,3.31627552e+79
3.95200000e+01,1.98943627e+71,9.58991815e+71,3.95200000e+01,7.22806336e+78,3.48423004e+79
3.95300000e+01,2.09019231e+71,1.00756046e+72,3.95300000e+01,7.59413243e+78,3.66069070e+79
3.95400000e+01,2.19605120e+71,1.05858889e+72,3.95400000e+01,7.97874126e+78,3.84608831e+79
3.95500000e+01,2.30727137e+71,1.11220168e+72,3.95500000e+01,8.38282880e+78,4.04087548e+79
3.95600000e+01,2.42412434e+71,1.16852972e+72,3.95600000e+01,8.80738158e+78,4.24552774e+79
3.95700000e+01,2.54689539e+71,1.22771052e+72,3.95700000e+01,9.25343605e+78,4.46054472e+79
3.95800000e+01,2.67588425e+71,1.28988857e+72,3.95800000e+01,9.72208119e+78,4.68645136e+79
3.95900000e+01,2.81140581e+71,1.35521565e+72,3.95900000e+01,1.02144611e+79,4.92379915e+79
3.96000000e+01,2.95379094e+71,1.42385126e+72,3.96000000e+01,1.07317779e+79,5.17316755e+79
3.96100000e+01,3.10338724e+71,1.49596296e+72,3.96100000e+01,1.12752944e+79,5.43516534e+79
3.96200000e+01,3.26055992e+71,1.57172679e+72,3.96200000e+01,1.18463376e+79,5.71043215e+79
3.96300000e+01,3.42569269e+71,1.65132772e+72,3.96300000e+01,1.24463016e+79,5.99963999e+79
3.96400000e+01,3.59918870e+71,1.73496008e+72,3.96400000e+01,1.30766511e+79,6.30349491e+79
3.96500000e+01,3.78147150e+71,1.82282805e+72,3.96500000e+01,1.37389250e+79,6.62273873e+79
3.96600000e+01,3.97298611e+71,1.91514613e+72,3.96600000e+01,1.44347400e+79,6.95815081e+79
3.96700000e+01,4.17420008e+71,2.01213971e+72,3.96700000e+01,1.51657951e+79,7.31055002e+79
3.96800000e+01,4.38560464e+71,2.11404559e+72,3.96800000e+01,1.59338747e+79,7.68079667e+79
3.96900000e+01,4.60771590e+71,2.22111254e+72,3.96900000e+01,1.67408542e+79,8.06979466e+79
3.97000000e+01,4.84107609e+71,2.33360195e+72,3.97000000e+01,1.75887036e+79,8.47849365e+79
3.97100000e+01,5.08625494e+71,2.45178845e+72,3.97100000e+01,1.84794927e+79,8.90789142e+79
3.97200000e+01,5.34385099e+71,2.57596057e+72,3.97200000e+01,1.94153963e+79,9.35903627e+79
3.97300000e+01,5.61449314e+71,2.70642144e+72,3.97300000e+01,2.03986993e+79,9.83302959e+79
3.97400000e+01,5.89884210e+71,2.84348958e+72,3.97400000e+01,2.14318021e+79,1.03310285e+80
3.97500000e+01,6.19759206e+71,2.98749961e+72,3.97500000e+01,2.25172270e+79,1.08542489e+80
3.97600000e+01,6.51147237e+71,3.13880309e+72,3.97600000e+01,2.36576238e+79,1.14039681e+80
3.97700000e+01,6.84124931e+71,3.29776943e+72,3.97700000e+01,2.48557766e+79,1.19815280e+80
3.97800000e+01,7.18772798e+71,3.46478670e+72,3.97800000e+01,2.61146105e+79,1.25883388e+80
3.97900000e+01,7.55175424e+71,3.64026264e+72,3.97900000e+01,2.74371987e+79,1.32258818e+80
3.98000000e+01,7.93421681e+71,3.82462566e+72,3.98000000e+01,2.88267701e+79,1.38957136e+80
3.98100000e+01,8.33604939e+71,4.01832583e+72,3.98100000e+01,3.02867170e+79,1.45994693e+80
3.98200000e+01,8.75823300e+71,4.22183606e+72,3.98200000e+01,3.18206037e+79,1.53388671e+80
3.98300000e+01,9.20179831e+71,4.43565317e+72,3.98300000e+01,3.34321749e+79,1.61157121e+80
3.98400000e+01,9.66782823e+71,4.66029915e+72,3.98400000e+01,3.51253650e+79,1.69319008e+80
3.98500000e+01,1.01574605e+72,4.89632246e+72,3.98500000e+01,3.69043076e+79,1.77894259e+80
3.98600000e+01,1.06718904e+72,5.14429928e+72,3.98600000e+01,3.87733456e+79,1.86903807e+80
3.98700000e+01,1.12123739e+72,5.40483503e+72,3.98700000e+01,4.07370421e+79,1.96369648e+80
3.98800000e+01,1.17802305e+72,5.67856574e+72,3.98800000e+01,4.28001911e+79,2.06314893e+80
3.98900000e+01,1.23768464e+72,5.96615969e+72,3.98900000e+01,4.49678292e+79,2.16763819e+80
3.99000000e+01,1.30036783e+72,6.26831898e+72,3.99000000e+01,4.72452486e+79,2.27741936e+80
3.99100000e+01,1.36622565e+72,6.58578129e+72,3.99100000e+01,4.96380091e+79,2.39276047e+80
3.99200000e+01,1.43541886e+72,6.91932165e+72,3.99200000e+01,5.21519522e+79,2.51394308e+80
3.99300000e+01,1.50811641e+72,7.26975434e+72,3.99300000e+01,5.47932152e+79,2.64126305e+80
3.99400000e+01,1.58449576e+72,7.63793487e+72,3.99400000e+01,5.75682464e+79,2.77503120e+80
3.99500000e+01,1.66474338e+72,8.02476210e+72,3.99500000e+01,6.04838205e+79,2.91557412e+80
3.99600000e+01,1.74905518e+72,8.43118039e+72,3.99600000e+01,6.35470554e+79,3.06323490e+80
3.99700000e+01,1.83763700e+72,8.85818196e+72,3.99700000e+01,6.67654295e+79,3.21837405e+80
3.99800000e+01,1.93070509e+72,9.30680924e+72,3.99800000e+01,7.01467998e+79,3.38137029e+80
3.99900000e+01,2.02848667e+72,9.77815749e+72,3.99900000e+01,7.36994213e+79,3.55262157e+80
4.00000000e+01,2.13122044e+72,1.02733774e+73,4.00000000e+01,7.74319673e+79,3.73254596e+80
4.00100000e+01,2.23915722e+72,1.07936780e+73,4.00100000e+01,8.13535500e+79,3.92158271e+80
4.00200000e+01,2.35256052e+72,1.13403295e+73,4.00200000e+01,8.54737433e+79,4.12019333e+80
4.00300000e+01,2.47170718e+72,1.19146665e+73,4.00300000e+01,8.98026060e+79,4.32886269e+80
4.00400000e+01,2.59688809e+72,1.25180910e+73,4.00400000e+01,9.43507062e+79,4.54810022e+80
4.00500000e+01,2.72840886e+72,1.31520763e+73,4.00500000e+01,9.91291474e+79,4.77844114e+80
4.00600000e+01,2.86659056e+72,1.38181702e+73,4.00600000e+01,1.04149595e+80,5.02044781e+80
4.00700000e+01,3.01177054e+72,1.45179987e+73,4.00700000e+01,1.09424306e+80,5.27471103e+80
4.00800000e+01,3.16430325e+72,1.52532703e+73,4.00800000e+01,1.14966158e+80,5.54185154e+80
4.00900000e+01,3.32456105e+72,1.60257802e+73,4.00900000e+01,1.20788679e+80,5.82252153e+80
4.01000000e+01,3.49293519e+72,1.68374143e+73,4.01000000e+01,1.26906085e+80,6.11740619e+80
4.01100000e+01,3.66983673e+72,1.76901540e+73,4.01100000e+01,1.33333311e+80,6.42722545e+80
4.01200000e+01,3.85569754e+72,1.85860812e+73,4.01200000e+01,1.40086047e+80,6.75273566e+80
4.01300000e+01,4.05097137e+72,1.95273830e+73,4.01300000e+01,1.47180778e+80,7.09473151e+80
4.01400000e+01,4.25613495e+72,2.05163576e+73,4.01400000e+01,1.54634826e+80,7.45404792e+80
4.01500000e+01,4.47168914e+72,2.15554193e+73,4.01500000e+01,1.62466388e+80,7.83156210e+80
4.01600000e+01,4.69816019e+72,2.26471049e+73,4.01600000e+01,1.70694584e+80,8.22819568e+80
4.01700000e+01,4.93610099e+72,2.37940794e+73,4.01700000e+01,1.79339501e+80,8.64491698e+80
4.01800000e+01,5.18609242e+72,2.49991431e+73,4.01800000e+01,1.88422244e+80,9.08274334e+80
4.01900000e+01,5.44874480e+72,2.62652378e+73,4.01900000e+01,1.97964988e+80,9.54274366e+80
4.02000000e+01,5.72469934e+72,2.75954546e+73,4.02000000e+01,2.07991029e+80,1.00260409e+81
4.02100000e+01,6.01462975e+72,2.89930409e+73,4.02100000e+01,2.18524844e+80,1.05338150e+81
4.02200000e+01,6.31924384e+72,3.04614087e+73,4.02200000e+01,2.29592149e+80,1.10673056e+81
4.02300000e+01,6.63928527e+72,3.20041428e+73,4.02300000e+01,2.41219965e+80,1.16278152e+81
4.02400000e+01,6.97553536e+72,3.36250094e+73,4.02400000e+01,2.53436677e+80,1.22167120e+81
4.02500000e+01,7.32881502e+72,3.53279657e+73,4.02500000e+01,2.66272110e+80,1.28354338e+81
4.02600000e+01,7.69998671e+72,3.71171691e+73,4.02600000e+01,2.79757601e+80,1.34854911e+81
4.02700000e+01,8.08995659e+72,3.89969877e+73,4.02700000e+01,2.93926072e+80,1.41684709e+81
4.02800000e+01,8.49967669e+72,4.09720106e+73,4.02800000e+01,3.08812113e+80,1.48860405e+81
4.02900000e+01,8.93014729e+72,4.30470597e+73,4.02900000e+01,3.24452065e+80,1.56399519e+81
4.03000000e+01,9.38241930e+72,4.52272006e+73,4.03000000e+01,3.40884110e+80,1.64320455e+81
4.03100000e+01,9.85759686e+72,4.75177560e+73,4.03100000e+01,3.58148365e+80,1.72642551e+81
4.03200000e+01,1.03568400e+73,4.99243178e+73,4.03200000e+01,3.76286978e+80,1.81386123e+81
4.03300000e+01,1.08813676e+73,5.24527611e+73,4.03300000e+01,3.95344229e+80,1.90572519e+81
4.03400000e+01,1.14324602e+73,5.51092588e+73,4.03400000e+01,4.15366646e+80,2.00224164e+81
4.03500000e+01,1.20114632e+73,5.79002962e+73,4.03500000e+01,4.36403108e+80,2.10364622e+81
4.03600000e+01,1.26197901e+73,6.08326871e+73,4.03600000e+01,4.58504973e+80,2.21018649e+81
4.03700000e+01,1.32589260e+73,6.39135905e+73,4.03700000e+01,4.81726199e+80,2.32212255e+81
4.03800000e+01,1.39304312e+73,6.71505280e+73,4.03800000e+01,5.06123475e+80,2.43972767e+81
4.03900000e+01,1.46359453e+73,7.05514018e+73,4.03900000e+01,5.31756365e+80,2.56328896e+81
4.04000000e+01,1.53771904e+73,7.41245146e+73,4.04000000e+01,5.58687446e+80,2.69310808e+81
4.04100000e+01,1.61559763e+73,7.78785896e+73,4.04100000e+01,5.86982465e+80,2.82950195e+81
4.04200000e+01,1.69742042e+73,8.18227918e+73,4.04200000e+01,6.16710501e+80,2.97280357e+81
4.04300000e+01,1.78338717e+73,8.59667501e+73,4.04300000e+01,6.47944129e+80,3.12336277e+81
4.04400000e+01,1.87370775e+73,9.03205814e+73,4.04400000e+01,6.80759600e+80,3.28154712e+81
4.04500000e+01,1.96860267e+73,9.48949147e+73,4.04500000e+01,7.15237028e+80,3.44774280e+81
4.04600000e+01,2.06830359e+73,9.97009176e+73,4.04600000e+01,7.51460583e+80,3.62235555e+81
4.04700000e+01,2.17305391e+73,1.04750323e+74,4.04700000e+01,7.89518700e+80,3.80581165e+81
4.04800000e+01,2.28310937e+73,1.10055458e+74,4.04800000e+01,8.29504290e+80,3.99855898e+81
4.04900000e+01,2.39873864e+73,1.15629275e+74,4.04900000e+01,8.71514971e+80,4.20106810e+81
4.05000000e+01,2.52022402e+73,1.21485380e+74,4.05000000e+01,9.15653305e+80,4.41383341e+81
4.05100000e+01,2.64786209e+73,1.27638071e+74,4.05100000e+01,9.62027048e+80,4.63737432e+81
4.05200000e+01,2.78196446e+73,1.34102368e+74,4.05200000e+01,1.01074941e+81,4.87223658e+81
4.05300000e+01,2.92285852e+73,1.40894053e+74,4.05300000e+01,1.06193935e+81,5.11899357e+81
4.05400000e+01,3.07088822e+73,1.48029707e+74,4.05400000e+01,1.11572183e+81,5.37824769e+81
4.05500000e+01,3.22641497e+73,1.55526749e+74,4.05500000e+01,1.17222814e+81,5.65063187e+81
4.05600000e+01,3.38981846e+73,1.63403483e+74,4.05600000e+01,1.23159626e+81,5.93681110e+81
4.05700000e+01,3.56149759e+73,1.71679139e+74,4.05700000e+01,1.29397110e+81,6.23748402e+81
4.05800000e+01,3.74187151e+73,1.80373919e+74,4.05800000e+01,1.35950494e+81,6.55338468e+81
4.05900000e+01,3.93138056e+73,1.89509051e+74,4.05900000e+01,1.42835779e+81,6.88528429e+81
4.06000000e+01,4.13048740e+73,1.99106836e+74,4.06000000e+01,1.50069772e+81,7.23399313e+81
4.06100000e+01,4.33967811e+73,2.09190707e+74,4.06100000e+01,1.57670134e+81,7.60036252e+81
4.06200000e+01,4.55946339e+73,2.19785280e+74,4.06200000e+01,1.65655421e+81,7.98528688e+81
4.06300000e+01,4.79037981e+73,2.30916421e+74,4.06300000e+01,1.74045127e+81,8.38970593e+81
4.06400000e+01,5.03299111e+73,2.42611305e+74,4.06400000e+01,1.82859734e+81,8.81460700e+81
4.06500000e+01,5.28788960e+73,2.54898482e+74,4.06500000e+01,1.92120761e+81,9.26102741e+81
4.06600000e+01,5.55569755e+73,2.67807950e+74,4.06600000e+01,2.01850818e+81,9.73005701e+81
4.06700000e+01,5.83706877e+73,2.81371224e+74,4.06700000e+01,2.12073659e+81,1.02228409e+82
4.06800000e+01,6.13269019e+73,2.95621418e+74,4.06800000e+01,2.22814241e+81,1.07405820e+82
4.06900000e+01,6.44328351e+73,3.10593320e+74,4.06900000e+01,2.34098786e+81,1.12845444e+82
4.07000000e+01,6.76960699e+73,3.26323482e+74,4.07000000e+01,2.45954842e+81,1.18560561e+82
4.07100000e+01,7.11245730e+73,3.42850307e+74,4.07100000e+01,2.58411354e+81,1.24565123e+82
4.07200000e+01,7.47267144e+73,3.60214141e+74,4.07200000e+01,2.71498733e+81,1.30873790e+82
4.07300000e+01,7.85112881e+73,3.78457375e+74,4.07300000e+01,2.85248929e+81,1.37501961e+82
4.07400000e+01,8.24875336e+73,3.97624548e+74,4.07400000e+01,2.99695511e+81,1.44465821e+82
4.07500000e+01,8.66651581e+73,4.17762453e+74,4.07500000e+01,3.14873748e+81,1.51782368e+82
4.07600000e+01,9.10543607e+73,4.38920252e+74,4.07600000e+01,3.30820695e+81,1.59469466e+82
4.07700000e+01,9.56658566e+73,4.61149599e+74,4.07700000e+01,3.47575283e+81,1.67545881e+82
4.07800000e+01,1.00510904e+74,4.84504763e+74,4.07800000e+01,3.65178416e+81,1.76031330e+82
4.07900000e+01,1.05601332e+74,5.09042761e+74,4.07900000e+01,3.83673069e+81,1.84946529e+82
4.08000000e+01,1.10949567e+74,5.34823500e+74,4.08000000e+01,4.03104393e+81,1.94313244e+82
4.08100000e+01,1.16568666e+74,5.61909917e+74,4.08100000e+01,4.23519827e+81,2.04154340e+82
4.08200000e+01,1.22472347e+74,5.90368140e+74,4.08200000e+01,4.44969212e+81,2.14493844e+82
4.08300000e+01,1.28675024e+74,6.20267645e+74,4.08300000e+01,4.67504911e+81,2.25356998e+82
4.08400000e+01,1.35191838e+74,6.51681426e+74,4.08400000e+01,4.91181944e+81,2.36770321e+82
4.08500000e+01,1.42038700e+74,6.84686175e+74,4.08500000e+01,5.16058111e+81,2.48761679e+82
4.08600000e+01,1.49232325e+74,7.19362467e+74,4.08600000e+01,5.42194146e+81,2.61360345e+82
4.08700000e+01,1.56790274e+74,7.55794957e+74,4.08700000e+01,5.69653854e+81,2.74597077e+82
4.08800000e+01,1.64731000e+74,7.94072590e+74,4.08800000e+01,5.98504273e+81,2.88504190e+82
4.08900000e+01,1.73073888e+74,8.34288814e+74,4.08900000e+01,6.28815836e+81,3.03115637e+82
4.09000000e+01,1.81839306e+74,8.76541810e+74,4.09000000e+01,6.60662545e+81,3.18467088e+82
4.09100000e+01,1.91048654e+74,9.20934731e+74,4.09100000e+01,6.94122147e+81,3.34596021e+82
4.09200000e+01,2.00724413e+74,9.67575955e+74,4.09200000e+01,7.29276328e+81,3.51541812e+82
4.09300000e+01,2.10890207e+74,1.01657935e+75,4.09300000e+01,7.66210912e+81,3.69345832e+82
4.09400000e+01,2.21570852e+74,1.06806454e+75,4.09400000e+01,8.05016066e+81,3.88051546e+82
4.09500000e+01,2.32792424e+74,1.12215723e+75,4.09500000e+01,8.45786528e+81,4.07704621e+82
4.09600000e+01,2.44582319e+74,1.17898948e+75,4.09600000e+01,8.88621832e+81,4.28353036e+82
4.09700000e+01,2.56969319e+74,1.23870002e+75,4.09700000e+01,9.33626552e+81,4.50047201e+82
4.09800000e+01,2.69983666e+74,1.30143463e+75,4.09800000e+01,9.80910560e+81,4.72840078e+82
4.09900000e+01,2.83657130e+74,1.36734648e+75,4.09900000e+01,1.03058929e+82,4.96787312e+82
4.10000000e+01,2.98023095e+74,1.43659646e+75,4.10000000e+01,1.08278403e+82,5.21947367e+82
4.10100000e+01,3.13116631e+74,1.50935364e+75,4.10100000e+01,1.13762219e+82,5.48381666e+82
4.10200000e+01,3.28974588e+74,1.58579565e+75,4.10200000e+01,1.19523767e+82,5.76154744e+82
4.10300000e+01,3.45635679e+74,1.66610910e+75,4.10300000e+01,1.25577111e+82,6.05334404e+82
4.10400000e+01,3.63140580e+74,1.75049008e+75,4.10400000e+01,1.31937030e+82,6.35991883e+82
4.10500000e+01,3.81532025e+74,1.83914457e+75,4.10500000e+01,1.38619050e+82,6.68202027e+82
4.10600000e+01,4.00854916e+74,1.93228901e+75,4.10600000e+01,1.45639485e+82,7.02043470e+82
4.10700000e+01,4.21156424e+74,2.03015080e+75,4.10700000e+01,1.53015473e+82,7.37598831e+82
4.10800000e+01,4.42486112e+74,2.13296886e+75,4.10800000e+01,1.60765022e+82,7.74954911e+82
4.10900000e+01,4.64896054e+74,2.24099419e+75,4.10900000e+01,1.68907051e+82,8.14202910e+82
4.11000000e+01,4.88440959e+74,2.35449052e+75,4.11000000e+01,1.77461438e+82,8.55438645e+82
4.11100000e+01,5.13178308e+74,2.47373493e+75,4.11100000e+01,1.86449066e+82,8.98762785e+82
4.11200000e+01,5.39168494e+74,2.59901853e+75,4.11200000e+01,1.95891877e+82,9.44281099e+82
4.11300000e+01,5.66474966e+74,2.73064720e+75,4.11300000e+01,2.05812924e+82,9.92104712e+82
4.11400000e+01,5.95164388e+74,2.86894226e+75,4.11400000e+01,2.16236427e+82,1.04235038e+83
4.11500000e+01,6.25306802e+74,3.01424135e+75,4.11500000e+01,2.27187835e+82,1.09514076e+83
4.11600000e+01,6.56975794e+74,3.16689919e+75,4.11600000e+01,2.38693882e+82,1.15060474e+83
4.11700000e+01,6.90248678e+74,3.32728846e+75,4.11700000e+01,2.50782660e+82,1.20887772e+83
4.11800000e+01,7.25206686e+74,3.49580074e+75,4.11800000e+01,2.63483679e+82,1.27010197e+83
4.11900000e+01,7.61935160e+74,3.67284740e+75,4.11900000e+01,2.76827949e+82,1.33442695e+83
4.12000000e+01,8.00523767e+74,3.85886069e+75,4.12000000e+01,2.90848046e+82,1.40200971e+83
4.12100000e+01,8.41066714e+74,4.05429472e+75,4.12100000e+01,3.05578198e+82,1.47301523e+83
4.12200000e+01,8.83662980e+74,4.25962661e+75,4.12200000e+01,3.21054367e+82,1.54761686e+83
4.12300000e+01,9.28416556e+74,4.47535764e+75,4.12300000e+01,3.37314334e+82,1.62599673e+83
4.12400000e+01,9.75436701e+74,4.70201448e+75,4.12400000e+01,3.54397796e+82,1.70834619e+83
4.12500000e+01,1.02483821e+75,4.94015048e+75,4.12500000e+01,3.72346459e+82,1.79486628e+83
4.12600000e+01,1.07674168e+75,5.19034700e+75,4.12600000e+01,3.91204141e+82,1.88576822e+83
4.12700000e+01,1.13127382e+75,5.45321485e+75,4.12700000e+01,4.11016880e+82,1.98127395e+83
4.12800000e+01,1.18856778e+75,5.72939579e+75,4.12800000e+01,4.31833047e+82,2.08161661e+83
4.12900000e+01,1.24876342e+75,6.01956405e+75,4.12900000e+01,4.53703458e+82,2.18704118e+83
4.13000000e+01,1.31200770e+75,6.32442804e+75,4.13000000e+01,4.76681509e+82,2.29780503e+83
4.13100000e+01,1.37845502e+75,6.64473202e+75,4.13100000e+01,5.00823294e+82,2.41417857e+83
4.13200000e+01,1.44826760e+75,6.98125797e+75,4.13200000e+01,5.26187753e+82,2.53644592e+83
4.13300000e+01,1.52161588e+75,7.33482745e+75,4.13300000e+01,5.52836809e+82,2.66490555e+83
4.13400000e+01,1.59867891e+75,7.70630364e+75,4.13400000e+01,5.80835520e+82,2.79987110e+83
4.13500000e+01,1.67964485e+75,8.09659345e+75,4.13500000e+01,6.10252240e+82,2.94167204e+83
4.13600000e+01,1.76471135e+75,8.50664968e+75,4.13600000e+01,6.41158786e+82,3.09065457e+83
4.13700000e+01,1.85408608e+75,8.93747343e+75,4.13700000e+01,6.73630610e+82,3.24718240e+83
4.13800000e+01,1.94798724e+75,9.39011647e+75,4.13800000e+01,7.07746987e+82,3.41163766e+83
4.13900000e+01,2.04664408e+75,9.86568386e+75,4.13900000e+01,7.43591205e+82,3.58442184e+83
4.14000000e+01,2.15029745e+75,1.03653366e+76,4.14000000e+01,7.81250773e+82,3.76595677e+83
4.14100000e+01,2.25920039e+75,1.08902945e+76,4.14100000e+01,8.20817629e+82,3.95668563e+83
4.14200000e+01,2.37361879e+75,1.14418392e+76,4.14200000e+01,8.62388370e+82,4.15707405e+83
4.14300000e+01,2.49383196e+75,1.20213172e+76,4.14300000e+01,9.06064482e+82,4.36761126e+83
4.14400000e+01,2.62013339e+75,1.26301431e+76,4.14400000e+01,9.51952594e+82,4.58881123e+83
4.14500000e+01,2.75283142e+75,1.32698034e+76,4.14500000e+01,1.00016473e+83,4.82121398e+83
4.14600000e+01,2.89225002e+75,1.39418595e+76,4.14600000e+01,1.05081860e+83,5.06538690e+83
4.14700000e+01,3.03872954e+75,1.46479523e+76,4.14700000e+01,1.10403786e+83,5.32192609e+83
4.14800000e+01,3.19262760e+75,1.53898056e+76,4.14800000e+01,1.15995244e+83,5.59145783e+83
4.14900000e+01,3.35431990e+75,1.61692304e+76,4.14900000e+01,1.21869884e+83,5.87464015e+83
4.15000000e+01,3.52420120e+75,1.69881296e+76,4.15000000e+01,1.28042049e+83,6.17216440e+83
4.15100000e+01,3.70268622e+75,1.78485023e+76,4.15100000e+01,1.34526806e+83,6.48475691e+83
4.15200000e+01,3.89021071e+75,1.87524491e+76,4.15200000e+01,1.41339987e+83,6.81318083e+83
4.15300000e+01,4.08723248e+75,1.97021768e+76,4.15300000e+01,1.48498224e+83,7.15823796e+83
4.15400000e+01,4.29423252e+75,2.07000039e+76,4.15400000e+01,1.56018995e+83,7.52077068e+83
4.15500000e+01,4.51171618e+75,2.17483665e+76,4.15500000e+01,1.63920659e+83,7.90166407e+83
4.15600000e+01,4.74021442e+75,2.28498239e+76,4.15600000e+01,1.72222507e+83,8.30184800e+83
4.15700000e+01,4.98028507e+75,2.40070653e+76,4.15700000e+01,1.80944807e+83,8.72229946e+83
4.15800000e+01,5.23251423e+75,2.52229157e+76,4.15800000e+01,1.90108852e+83,9.16404491e+83
4.15900000e+01,5.49751767e+75,2.65003435e+76,4.15900000e+01,1.99737014e+83,9.62816278e+83
4.16000000e+01,5.77594234e+75,2.78424674e+76,4.16000000e+01,2.09852801e+83,1.01157862e+84
4.16100000e+01,6.06846798e+75,2.92525638e+76,4.16100000e+01,2.20480906e+83,1.06281055e+84
4.16200000e+01,6.37580873e+75,3.07340753e+76,4.16200000e+01,2.31647277e+83,1.11663715e+84
4.16300000e+01,6.69871492e+75,3.22906187e+76,4.16300000e+01,2.43379176e+83,1.17318982e+84
4.16400000e+01,7.03797486e+75,3.39259940e+76,4.16400000e+01,2.55705242e+83,1.23260664e+84
4.16500000e+01,7.39441680e+75,3.56441938e+76,4.16500000e+01,2.68655569e+83,1.29503265e+84
4.16600000e+01,7.76891092e+75,3.74494128e+76,4.16600000e+01,2.82261771e+83,1.36062026e+84
4.16700000e+01,8.16237150e+75,3.93460580e+76,4.16700000e+01,2.96557067e+83,1.42952959e+84
4.16800000e+01,8.57575910e+75,4.13387598e+76,4.16800000e+01,3.11576356e+83,1.50192886e+84
4.16900000e+01,9.01008293e+75,4.34323830e+76,4.16900000e+01,3.27356304e+83,1.57799484e+84
4.17000000e+01,9.46640332e+75,4.56320389e+76,4.17000000e+01,3.43935436e+83,1.65791322e+84
4.17100000e+01,9.94583430e+75,4.79430975e+76,4.17100000e+01,3.61354227e+83,1.74187911e+84
4.17200000e+01,1.04495463e+76,5.03712009e+76,4.17200000e+01,3.79655202e+83,1.83009749e+84
4.17300000e+01,1.09787691e+76,5.29222769e+76,4.17300000e+01,3.98883040e+83,1.92278374e+84
4.17400000e+01,1.15347946e+76,5.56025534e+76,4.17400000e+01,4.19084681e+83,2.02016413e+84
4.17500000e+01,1.21189803e+76,5.84185740e+76,4.17500000e+01,4.40309445e+83,2.12247641e+84
4.17600000e+01,1.27327525e+76,6.13772134e+76,4.17600000e+01,4.62609148e+83,2.22997034e+84
4.17700000e+01,1.33776094e+76,6.44856947e+76,4.17700000e+01,4.86038232e+83,2.34290836e+84
4.17800000e+01,1.40551255e+76,6.77516066e+76,4.17800000e+01,5.10653894e+83,2.46156619e+84
4.17900000e+01,1.47669547e+76,7.11829223e+76,4.17900000e+01,5.36516229e+83,2.58623350e+84
4.18000000e+01,1.55148349e+76,7.47880189e+76,4.18000000e+01,5.63688376e+83,2.71721466e+84
4.18100000e+01,1.63005919e+76,7.85756974e+76,4.18100000e+01,5.92236670e+83,2.85482943e+84
4.18200000e+01,1.71261439e+76,8.25552050e+76,4.18200000e+01,6.22230808e+83,2.99941376e+84
4.18300000e+01,1.79935065e+76,8.67362567e+76,4.18300000e+01,6.53744014e+83,3.15132065e+84
4.18400000e+01,1.89047971e+76,9.11290601e+76,4.18400000e+01,6.86853223e+83,3.31092094e+84
4.18500000e+01,1.98622405e+76,9.57443393e+76,4.18500000e+01,7.21639266e+83,3.47860428e+84
4.18600000e+01,2.08681741e+76,1.00593362e+77,4.18600000e+01,7.58187066e+83,3.65478002e+84
4.18700000e+01,2.19250538e+76,1.05687965e+77,4.18700000e+01,7.96585849e+83,3.83987828e+84
4.18800000e+01,2.30354596e+76,1.11040588e+77,4.18800000e+01,8.36929359e+83,4.03435093e+84
4.18900000e+01,2.42021026e+76,1.16664297e+77,4.18900000e+01,8.79316086e+83,4.23867276e+84
4.19000000e+01,2.54278308e+76,1.22572822e+77,4.19000000e+01,9.23849512e+83,4.45334257e+84
4.19100000e+01,2.67156367e+76,1.28780587e+77,4.19100000e+01,9.70638356e+83,4.67888444e+84
4.19200000e+01,2.80686642e+76,1.35302747e+77,4.19200000e+01,1.01979685e+84,4.91584901e+84
4.19300000e+01,2.94902164e+76,1.42155226e+77,4.19300000e+01,1.07144499e+84,5.16481477e+84
4.19400000e+01,3.09837640e+76,1.49354752e+77,4.19400000e+01,1.12570889e+84,5.42638953e+84
4.19500000e+01,3.25529530e+76,1.56918902e+77,4.19500000e+01,1.18272101e+84,5.70121188e+84
4.19600000e+01,3.42016144e+76,1.64866143e+77,4.19600000e+01,1.24262054e+84,5.98995275e+84
4.19700000e+01,3.59337731e+76,1.73215875e+77,4.19700000e+01,1.30555371e+84,6.29331706e+84
4.19800000e+01,3.77536580e+76,1.81988484e+77,4.19800000e+01,1.37167416e+84,6.61204541e+84
4.19900000e+01,3.96657119e+76,1.91205387e+77,4.19900000e+01,1.44114332e+84,6.94691593e+84
4.20000000e+01,4.16746027e+76,2.00889084e+77,4.20000000e+01,1.51413078e+84,7.29874614e+84
4.20100000e+01,4.37852349e+76,2.11063217e+77,4.20100000e+01,1.59081473e+84,7.66839498e+84
4.20200000e+01,4.60027611e+76,2.21752625e+77,4.20200000e+01,1.67138238e+84,8.05676488e+84
4.20300000e+01,4.83325952e+76,2.32983403e+77,4.20300000e+01,1.75603042e+84,8.46480397e+84
4.20400000e+01,5.07804249e+76,2.44782970e+77,4.20400000e+01,1.84496550e+84,8.89350842e+84
4.20500000e+01,5.33522262e+76,2.57180133e+77,4.20500000e+01,1.93840475e+84,9.34392483e+84
4.20600000e+01,5.60542777e+76,2.70205156e+77,4.20600000e+01,2.03657628e+84,9.81715282e+84
4.20700000e+01,5.88931761e+76,2.83889838e+77,4.20700000e+01,2.13971976e+84,1.03143477e+85
4.20800000e+01,6.18758520e+76,2.98267588e+77,4.20800000e+01,2.24808699e+84,1.08367233e+85
4.20900000e+01,6.50095871e+76,3.13373507e+77,4.20900000e+01,2.36194254e+84,1.13855548e+85
4.21000000e+01,6.83020318e+76,3.29244473e+77,4.21000000e+01,2.48156436e+84,1.19621822e+85
4.21100000e+01,7.17612241e+76,3.45919233e+77,4.21100000e+01,2.60724449e+84,1.25680132e+85
4.21200000e+01,7.53956091e+76,3.63438494e+77,4.21200000e+01,2.73928976e+84,1.32045269e+85
4.21300000e+01,7.92140593e+76,3.81845028e+77,4.21300000e+01,2.87802253e+84,1.38732771e+85
4.21400000e+01,8.32258970e+76,4.01183770e+77,4.21400000e+01,3.02378150e+84,1.45758965e+85
4.21500000e+01,8.74409164e+76,4.21501933e+77,4.21500000e+01,3.17692250e+84,1.53141004e+85
4.21600000e+01,9.18694076e+76,4.42849120e+77,4.21600000e+01,3.33781941e+84,1.60896911e+85
4.21700000e+01,9.65221820e+76,4.65277447e+77,4.21700000e+01,3.50686503e+84,1.69045620e+85
4.21800000e+01,1.01410599e+77,4.88841668e+77,4.21800000e+01,3.68447205e+84,1.77607024e+85
4.21900000e+01,1.06546592e+77,5.13599311e+77,4.21900000e+01,3.87107408e+84,1.86602025e+85
4.22000000e+01,1.11942700e+77,5.39610818e+77,4.22000000e+01,4.06712666e+84,1.96052583e+85
4.22100000e+01,1.17612097e+77,5.66939692e+77,4.22100000e+01,4.27310843e+84,2.05981769e+85
4.22200000e+01,1.23568623e+77,5.95652651e+77,4.22200000e+01,4.48952226e+84,2.16413824e+85
4.22300000e+01,1.29826821e+77,6.25819793e+77,4.22300000e+01,4.71689647e+84,2.27374216e+85
4.22400000e+01,1.36401969e+77,6.57514765e+77,4.22400000e+01,4.95578617e+84,2.38889703e+85
4.22500000e+01,1.43310118e+77,6.90814946e+77,4.22500000e+01,5.20677457e+84,2.50988397e+85
4.22600000e+01,1.50568135e+77,7.25801633e+77,4.22600000e+01,5.47047441e+84,2.63699837e+85
4.22700000e+01,1.58193737e+77,7.62560238e+77,4.22700000e+01,5.74752946e+84,2.77055054e+85
4.22800000e+01,1.66205542e+77,8.01180503e+77,4.22800000e+01,6.03861612e+84,2.91086653e+85
4.22900000e+01,1.74623109e+77,8.41756710e+77,4.22900000e+01,6.34444500e+84,3.05828889e+85
4.23000000e+01,1.83466989e+77,8.84387922e+77,4.23000000e+01,6.66576276e+84,3.21317754e+85
4.23100000e+01,1.92758771e+77,9.29178213e+77,4.23100000e+01,7.00335382e+84,3.37591061e+85
4.23200000e+01,2.02521140e+77,9.76236933e+77,4.23200000e+01,7.35804236e+84,3.54688538e+85
4.23300000e+01,2.12777930e+77,1.02567897e+78,4.23300000e+01,7.73069428e+84,3.72651925e+85
4.23400000e+01,2.23554180e+77,1.07762502e+78,4.23400000e+01,8.12221936e+84,3.91525078e+85
4.23500000e+01,2.34876199e+77,1.13220190e+78,4.23500000e+01,8.53357343e+84,4.11354072e+85
4.23600000e+01,2.46771627e+77,1.18954286e+78,4.23600000e+01,8.96576075e+84,4.32187315e+85
4.23700000e+01,2.59269506e+77,1.24978789e+78,4.23700000e+01,9.41983642e+84,4.54075669e+85
4.23800000e+01,2.72400347e+77,1.31308405e+78,4.23800000e+01,9.89690899e+84,4.77072570e+85
4.23900000e+01,2.86196206e+77,1.37958588e+78,4.23900000e+01,1.03981431e+85,5.01234161e+85
4.24000000e+01,3.00690763e+77,1.44945574e+78,4.24000000e+01,1.09247626e+85,5.26619429e+85
4.24100000e+01,3.15919405e+77,1.52286418e+78,4.24100000e+01,1.14780529e+85,5.53290347e+85
4.24200000e+01,3.31919309e+77,1.59999044e+78,4.24200000e+01,1.20593650e+85,5.81312027e+85
4.24300000e+01,3.48729537e+77,1.68102280e+78,4.24300000e+01,1.26701178e+85,6.10752881e+85
4.24400000e+01,3.66391128e+77,1.76615908e+78,4.24400000e+01,1.33118026e+85,6.41684782e+85
4.24500000e+01,3.84947200e+77,1.85560714e+78,4.24500000e+01,1.39859859e+85,6.74183245e+85
4.24600000e+01,4.04443053e+77,1.94958534e+78,4.24600000e+01,1.46943135e+85,7.08327610e+85
4.24700000e+01,4.24926284e+77,2.04832311e+78,4.24700000e+01,1.54385147e+85,7.44201234e+85
4.24800000e+01,4.46446899e+77,2.15206152e+78,4.24800000e+01,1.62204064e+85,7.81891697e+85
4.24900000e+01,4.69057437e+77,2.26105380e+78,4.24900000e+01,1.70418974e+85,8.21491014e+85
4.25000000e+01,4.92813098e+77,2.37556606e+78,4.25000000e+01,1.79049933e+85,8.63095858e+85
4.25100000e+01,5.17771876e+77,2.49587785e+78,4.25100000e+01,1.88118011e+85,9.06807802e+85
4.25200000e+01,5.43994705e+77,2.62228290e+78,4.25200000e+01,1.97645346e+85,9.52733560e+85
4.25300000e+01,5.71545603e+77,2.75508980e+78,4.25300000e+01,2.07655199e+85,1.00098525e+86
4.25400000e+01,6.00491831e+77,2.89462277e+78,4.25400000e+01,2.18172006e+85,1.05168068e+86
4.25500000e+01,6.30904056e+77,3.04122246e+78,4.25500000e+01,2.29221442e+85,1.10494360e+86
4.25600000e+01,6.62856524e+77,3.19524677e+78,4.25600000e+01,2.40830482e+85,1.16090405e+86
4.25700000e+01,6.96427241e+77,3.35707173e+78,4.25700000e+01,2.53027468e+85,1.21969864e+86
4.25800000e+01,7.31698165e+77,3.52709239e+78,4.25800000e+01,2.65842178e+85,1.28147092e+86
4.25900000e+01,7.68755403e+77,3.70572384e+78,4.25900000e+01,2.79305895e+85,1.34637169e+86
4.26000000e+01,8.07689425e+77,3.89340217e+78,4.26000000e+01,2.93451489e+85,1.41455939e+86
4.26100000e+01,8.48595281e+77,4.09058557e+78,4.26100000e+01,3.08313494e+85,1.48620050e+86
4.26200000e+01,8.91572835e+77,4.29775543e+78,4.26200000e+01,3.23928193e+85,1.56146990e+86
4.26300000e+01,9.36727010e+77,4.51541752e+78,4.26300000e+01,3.40333706e+85,1.64055137e+86
4.26400000e+01,9.84168042e+77,4.74410321e+78,4.26400000e+01,3.57570086e+85,1.72363796e+86
4.26500000e+01,1.03401175e+78,4.98437081e+78,4.26500000e+01,3.75679411e+85,1.81093251e+86
4.26600000e+01,1.08637982e+78,5.23680690e+78,4.26600000e+01,3.94705892e+85,1.90264814e+86
4.26700000e+01,1.14140010e+78,5.50202774e+78,4.26700000e+01,4.14695980e+85,1.99900875e+86
4.26800000e+01,1.19920690e+78,5.78068082e+78,4.26800000e+01,4.35698476e+85,2.10024960e+86
4.26900000e+01,1.25994137e+78,6.07344644e+78,4.26900000e+01,4.57764654e+85,2.20661785e+86
4.27000000e+01,1.32375176e+78,6.38103933e+78,4.27000000e+01,4.80948386e+85,2.31837317e+86
4.27100000e+01,1.39079387e+78,6.70421043e+78,4.27100000e+01,5.05306270e+85,2.43578840e+86
4.27200000e+01,1.46123135e+78,7.04374869e+78,4.27200000e+01,5.30897772e+85,2.55915018e+86
4.27300000e+01,1.53523618e+78,7.40048305e+78,4.27300000e+01,5.57785369e+85,2.68875969e+86
4.27400000e+01,1.61298903e+78,7.77528440e+78,4.27400000e+01,5.86034702e+85,2.82493334e+86
4.27500000e+01,1.69467971e+78,8.16906777e+78,4.27500000e+01,6.15714738e+85,2.96800357e+86
4.27600000e+01,1.78050765e+78,8.58279451e+78,4.27600000e+01,6.46897935e+85,3.11831967e+86
4.27700000e+01,1.87068240e+78,9.01747465e+78,4.27700000e+01,6.79660421e+85,3.27624861e+86
4.27800000e+01,1.96542409e+78,9.47416940e+78,4.27800000e+01,7.14082180e+85,3.44217595e+86
4.27900000e+01,2.06496403e+78,9.95399369e+78,4.27900000e+01,7.50247248e+85,3.61650676e+86
4.28000000e+01,2.16954522e+78,1.04581189e+79,4.28000000e+01,7.88243914e+85,3.79966665e+86
4.28100000e+01,2.27942298e+78,1.09877759e+79,4.28100000e+01,8.28164942e+85,3.99210276e+86
4.28200000e+01,2.39486555e+78,1.15442576e+79,4.28200000e+01,8.70107791e+85,4.19428491e+86
4.28300000e+01,2.51615478e+78,1.21289226e+79,4.28300000e+01,9.14174858e+85,4.40670667e+86
4.28400000e+01,2.64358676e+78,1.27431982e+79,4.28400000e+01,9.60473724e+85,4.62988665e+86
4.28500000e+01,2.77747260e+78,1.33885842e+79,4.28500000e+01,1.00911742e+86,4.86436969e+86
4.28600000e+01,2.91813916e+78,1.40666561e+79,4.28600000e+01,1.06022470e+86,5.11072826e+86
4.28700000e+01,3.06592986e+78,1.47790693e+79,4.28700000e+01,1.11392034e+86,5.36956378e+86
4.28800000e+01,3.22120549e+78,1.55275630e+79,4.28800000e+01,1.17033542e+86,5.64150816e+86
4.28900000e+01,3.38434513e+78,1.63139646e+79,4.28900000e+01,1.22960768e+86,5.92722531e+86
4.29000000e+01,3.55574707e+78,1.71401939e+79,4.29000000e+01,1.29188180e+86,6.22741275e+86
4.29100000e+01,3.73582975e+78,1.80082681e+79,4.29100000e+01,1.35730984e+86,6.54280334e+86
4.29200000e+01,3.92503281e+78,1.89203063e+79,4.29200000e+01,1.42605151e+86,6.87416706e+86
4.29300000e+01,4.12381817e+78,1.98785351e+79,4.29300000e+01,1.49827464e+86,7.22231287e+86
4.29400000e+01,4.33267111e+78,2.08852940e+79,4.29400000e+01,1.57415554e+86,7.58809070e+86
4.29500000e+01,4.55210151e+78,2.19430407e+79,4.29500000e+01,1.65387948e+86,7.97239354e+86
4.29600000e+01,4.78264509e+78,2.30543575e+79,4.29600000e+01,1.73764107e+86,8.37615961e+86
4.29700000e+01,5.02486466e+78,2.42219576e+79,4.29700000e+01,1.82564482e+86,8.80037462e+86
4.29800000e+01,5.27935158e+78,2.54486914e+79,4.29800000e+01,1.91810556e+86,9.24607422e+86
4.29900000e+01,5.54672711e+78,2.67375537e+79,4.29900000e+01,2.01524903e+86,9.71434651e+86
4.30000000e+01,5.82764403e+78,2.80916912e+79,4.30000000e+01,2.11731238e+86,1.02063347e+87
4.30100000e+01,6.12278812e+78,2.95144097e+79,4.30100000e+01,2.22454477e+86,1.07232399e+87
4.30200000e+01,6.43287995e+78,3.10091825e+79,4.30200000e+01,2.33720801e+86,1.12663240e+87
4.30300000e+01,6.75867654e+78,3.25796589e+79,4.30300000e+01,2.45557714e+86,1.18369129e+87
4.30400000e+01,7.10097327e+78,3.42296728e+79,4.30400000e+01,2.57994114e+86,1.24363996e+87
4.30500000e+01,7.46060579e+78,3.59632526e+79,4.30500000e+01,2.71060362e+86,1.30662476e+87
4.30600000e+01,7.83845210e+78,3.77846304e+79,4.30600000e+01,2.84788356e+86,1.37279946e+87
4.30700000e+01,8.23543462e+78,3.96982529e+79,4.30700000e+01,2.99211612e+86,1.44232561e+87
4.30800000e+01,8.65252254e+78,4.17087918e+79,4.30800000e+01,3.14365342e+86,1.51537295e+87
4.30900000e+01,9.09073410e+78,4.38211555e+79,4.30900000e+01,3.30286540e+86,1.59211981e+87
4.31000000e+01,9.55113911e+78,4.60405010e+79,4.31000000e+01,3.47014075e+86,1.67275355e+87
4.31100000e+01,1.00348616e+79,4.83722464e+79,4.31100000e+01,3.64588786e+86,1.75747104e+87
4.31200000e+01,1.05430824e+79,5.08220842e+79,4.31200000e+01,3.83053576e+86,1.84647908e+87
4.31300000e+01,1.10770424e+79,5.33959954e+79,4.31300000e+01,4.02453526e+86,1.93999499e+87
4.31400000e+01,1.16380450e+79,5.61002637e+79,4.31400000e+01,4.22835997e+86,2.03824705e+87
4.31500000e+01,1.22274599e+79,5.89414911e+79,4.31500000e+01,4.44250748e+86,2.14147515e+87
4.31600000e+01,1.28467261e+79,6.19266139e+79,4.31600000e+01,4.66750061e+86,2.24993128e+87
4.31700000e+01,1.34973553e+79,6.50629198e+79,4.31700000e+01,4.90388863e+86,2.36388023e+87
4.31800000e+01,1.41809359e+79,6.83580656e+79,4.31800000e+01,5.15224865e+86,2.48360019e+87
4.31900000e+01,1.48991369e+79,7.18200958e+79,4.31900000e+01,5.41318700e+86,2.60938343e+87
4.32000000e+01,1.56537115e+79,7.54574623e+79,4.32000000e+01,5.68734070e+86,2.74153703e+87
4.32100000e+01,1.64465019e+79,7.92790452e+79,4.32100000e+01,5.97537906e+86,2.88038361e+87
4.32200000e+01,1.72794437e+79,8.32941741e+79,4.32200000e+01,6.27800528e+86,3.02626215e+87
4.32300000e+01,1.81545702e+79,8.75126514e+79,4.32300000e+01,6.59595815e+86,3.17952879e+87
4.32400000e+01,1.90740180e+79,9.19447756e+79,4.32400000e+01,6.93001392e+86,3.34055770e+87
4.32500000e+01,2.00400316e+79,9.66013672e+79,4.32500000e+01,7.28098813e+86,3.50974200e+87
4.32600000e+01,2.10549696e+79,1.01493794e+80,4.32600000e+01,7.64973760e+86,3.68749473e+87
4.32700000e+01,2.21213096e+79,1.06634001e+80,4.32700000e+01,8.03716258e+86,3.87424984e+87
4.32800000e+01,2.32416549e+79,1.12034536e+80,4.32800000e+01,8.44420891e+86,4.07046326e+87
4.32900000e+01,2.44187408e+79,1.17708584e+80,4.32900000e+01,8.87187031e+86,4.27661402e+87
4.33000000e+01,2.56554407e+79,1.23669997e+80,4.33000000e+01,9.32119085e+86,4.49320538e+87
4.33100000e+01,2.69547740e+79,1.29933329e+80,4.33100000e+01,9.79326746e+86,4.72076613e+87
4.33200000e+01,2.83199127e+79,1.36513871e+80,4.33200000e+01,1.02892526e+87,4.95985182e+87
4.33300000e+01,2.97541896e+79,1.43427688e+80,4.33300000e+01,1.08103573e+87,5.21104612e+87
4.33400000e+01,3.12611062e+79,1.50691658e+80,4.33400000e+01,1.13578535e+87,5.47496229e+87
4.33500000e+01,3.28443414e+79,1.58323517e+80,4.33500000e+01,1.19330779e+87,5.75224464e+87
4.33600000e+01,3.45077603e+79,1.66341894e+80,4.33600000e+01,1.25374350e+87,6.04357009e+87
4.33700000e+01,3.62554240e+79,1.74766367e+80,4.33700000e+01,1.31723999e+87,6.34964988e+87
4.33800000e+01,3.80915990e+79,1.83617502e+80,4.33800000e+01,1.38395231e+87,6.67123124e+87
4.33900000e+01,4.00207681e+79,1.92916907e+80,4.33900000e+01,1.45404330e+87,7.00909925e+87
4.34000000e+01,4.20476409e+79,2.02687285e+80,4.34000000e+01,1.52768409e+87,7.36407877e+87
4.34100000e+01,4.41771658e+79,2.12952489e+80,4.34100000e+01,1.60505445e+87,7.73703641e+87
4.34200000e+01,4.64145416e+79,2.23737580e+80,4.34200000e+01,1.68634328e+87,8.12888269e+87
4.34300000e+01,4.87652305e+79,2.35068887e+80,4.34300000e+01,1.77174902e+87,8.54057423e+87
4.34400000e+01,5.12349712e+79,2.46974075e+80,4.34400000e+01,1.86148018e+87,8.97311610e+87
4.34500000e+01,5.38297933e+79,2.59482207e+80,4.34500000e+01,1.95575582e+87,9.42756429e+87
4.34600000e+01,5.65560315e+79,2.72623819e+80,4.34600000e+01,2.05480611e+87,9.90502824e+87
4.34700000e+01,5.94203414e+79,2.86430996e+80,4.34700000e+01,2.15887284e+87,1.04066736e+88
4.34800000e+01,6.24297159e+79,3.00937445e+80,4.34800000e+01,2.26821009e+87,1.09337251e+88
4.34900000e+01,6.55915017e+79,3.16178580e+80,4.34900000e+01,2.38308479e+87,1.14874693e+88
4.35000000e+01,6.89134178e+79,3.32191610e+80,4.35000000e+01,2.50377737e+87,1.20692582e+88
4.35100000e+01,7.24035741e+79,3.49015629e+80,4.35100000e+01,2.63058249e+87,1.26805122e+88
4.35200000e+01,7.60704912e+79,3.66691709e+80,4.35200000e+01,2.76380972e+87,1.33227234e+88
4.35300000e+01,7.99231212e+79,3.85263004e+80,4.35300000e+01,2.90378432e+87,1.39974597e+88
4.35400000e+01,8.39708697e+79,4.04774851e+80,4.35400000e+01,3.05084801e+87,1.47063684e+88
4.35500000e+01,8.82236186e+79,4.25274886e+80,4.35500000e+01,3.20535981e+87,1.54511802e+88
4.35600000e+01,9.26917501e+79,4.46813157e+80,4.35600000e+01,3.36769694e+87,1.62337133e+88
4.35700000e+01,9.73861726e+79,4.69442244e+80,4.35700000e+01,3.53825572e+87,1.70558783e+88
4.35800000e+01,1.02318347e+80,4.93217393e+80,4.35800000e+01,3.71745255e+87,1.79196822e+88
4.35900000e+01,1.07500313e+80,5.18196648e+80,4.35900000e+01,3.90572489e+87,1.88272339e+88
4.36000000e+01,1.12944723e+80,5.44440989e+80,4.36000000e+01,4.10353238e+87,1.97807491e+88
4.36100000e+01,1.18664868e+80,5.72014490e+80,4.36100000e+01,4.31135793e+87,2.07825556e+88
4.36200000e+01,1.24674712e+80,6.00984464e+80,4.36200000e+01,4.52970892e+87,2.18350990e+88
4.36300000e+01,1.30988929e+80,6.31421639e+80,4.36300000e+01,4.75911841e+87,2.29409491e+88
4.36400000e+01,1.37622932e+80,6.63400320e+80,4.36400000e+01,5.00014647e+87,2.41028055e+88
4.36500000e+01,1.44592918e+80,6.96998578e+80,4.36500000e+01,5.25338152e+87,2.53235048e+88
4.36600000e+01,1.51915902e+80,7.32298437e+80,4.36600000e+01,5.51944179e+87,2.66060270e+88
4.36700000e+01,1.59609763e+80,7.69386077e+80,4.36700000e+01,5.79897682e+87,2.79535032e+88
4.36800000e+01,1.67693283e+80,8.08352039e+80,4.36800000e+01,6.09266905e+87,2.93692231e+88
4.36900000e+01,1.76186198e+80,8.49291454e+80,4.36900000e+01,6.40123548e+87,3.08566429e+88
4.37000000e+01,1.85109241e+80,8.92304266e+80,4.37000000e+01,6.72542942e+87,3.24193938e+88
4.37100000e+01,1.94484195e+80,9.37495485e+80,4.37100000e+01,7.06604233e+87,3.40612910e+88
4.37200000e+01,2.04333950e+80,9.84975437e+80,4.37200000e+01,7.42390576e+87,3.57863430e+88
4.37300000e+01,2.14682550e+80,1.03486004e+81,4.37300000e+01,7.79989337e+87,3.75987612e+88
4.37400000e+01,2.25555261e+80,1.08727107e+81,4.37400000e+01,8.19492307e+87,3.95029702e+88
4.37500000e+01,2.36978626e+80,1.14233648e+81,4.37500000e+01,8.60995926e+87,4.15036189e+88
4.37600000e+01,2.48980533e+80,1.20019071e+81,4.37600000e+01,9.04601518e+87,4.36055915e+88
4.37700000e+01,2.61590283e+80,1.26097500e+81,4.37700000e+01,9.50415537e+87,4.58140196e+88
4.37800000e+01,2.74838660e+80,1.32483775e+81,4.37800000e+01,9.98549832e+87,4.81342948e+88
4.37900000e+01,2.88758009e+80,1.39193485e+81,4.37900000e+01,1.04912191e+88,5.05720814e+88
4.38000000e+01,3.03382310e+80,1.46243012e+81,4.38000000e+01,1.10225524e+88,5.31333311e+88
4.38100000e+01,3.18747267e+80,1.53649567e+81,4.38100000e+01,1.15807954e+88,5.58242966e+88
4.38200000e+01,3.34890390e+80,1.61431230e+81,4.38200000e+01,1.21673109e+88,5.86515475e+88
4.38300000e+01,3.51851089e+80,1.69606999e+81,4.38300000e+01,1.27835307e+88,6.16219859e+88
4.38400000e+01,3.69670773e+80,1.78196835e+81,4.38400000e+01,1.34309594e+88,6.47428638e+88
4.38500000e+01,3.88392944e+80,1.87221707e+81,4.38500000e+01,1.41111774e+88,6.80218002e+88
4.38600000e+01,4.08063309e+80,1.96703649e+81,4.38600000e+01,1.48258454e+88,7.14668001e+88
4.38700000e+01,4.28729889e+80,2.06665809e+81,4.38700000e+01,1.55767081e+88,7.50862738e+88
4.38800000e+01,4.50443140e+80,2.17132508e+81,4.38800000e+01,1.63655987e+88,7.88890576e+88
4.38900000e+01,4.73256070e+80,2.28129298e+81,4.38900000e+01,1.71944431e+88,8.28844354e+88
4.39000000e+01,4.97224373e+80,2.39683026e+81,4.39000000e+01,1.80652647e+88,8.70821612e+88
4.39100000e+01,5.22406562e+80,2.51821899e+81,4.39100000e+01,1.89801895e+88,9.14924831e+88
4.39200000e+01,5.48864118e+80,2.64575551e+81,4.39200000e+01,1.99414512e+88,9.61261680e+88
4.39300000e+01,5.76661630e+80,2.77975119e+81,4.39300000e+01,2.09513965e+88,1.00994528e+89
4.39400000e+01,6.05866961e+80,2.92053315e+81,4.39400000e+01,2.20124910e+88,1.06109449e+89
4.39500000e+01,6.36551412e+80,3.06844509e+81,4.39500000e+01,2.31273251e+88,1.11483418e+89
4.39600000e+01,6.68789893e+80,3.22384811e+81,4.39600000e+01,2.42986207e+88,1.17129555e+89
4.39700000e+01,7.02661109e+80,3.38712159e+81,4.39700000e+01,2.55292371e+88,1.23061642e+89
4.39800000e+01,7.38247750e+80,3.55866414e+81,4.39800000e+01,2.68221787e+88,1.29294164e+89
4.39900000e+01,7.75636696e+80,3.73889456e+81,4.39900000e+01,2.81806021e+88,1.35842335e+89
4.40000000e+01,8.14919224e+80,3.92825284e+81,4.40000000e+01,2.96078235e+88,1.42722142e+89
4.40100000e+01,8.56191237e+80,4.12720127e+81,4.40100000e+01,3.11073273e+88,1.49950379e+89
4.40200000e+01,8.99553493e+80,4.33622555e+81,4.40200000e+01,3.26827743e+88,1.57544695e+89
4.40300000e+01,9.45111852e+80,4.55583598e+81,4.40300000e+01,3.43380106e+88,1.65523629e+89
4.40400000e+01,9.92977539e+80,4.78656869e+81,4.40400000e+01,3.60770772e+88,1.73906661e+89
4.40500000e+01,1.04326741e+81,5.02898698e+81,4.40500000e+01,3.79042197e+88,1.82714255e+89
4.40600000e+01,1.09610424e+81,5.28368267e+81,4.40600000e+01,3.98238989e+88,1.91967914e+89
4.40700000e+01,1.15161701e+81,5.55127755e+81,4.40700000e+01,4.18408012e+88,2.01690230e+89
4.40800000e+01,1.20994126e+81,5.83242493e+81,4.40800000e+01,4.39598505e+88,2.11904938e+89
4.40900000e+01,1.27121937e+81,6.12781115e+81,4.40900000e+01,4.61862203e+88,2.22636975e+89
4.41000000e+01,1.33560095e+81,6.43815737e+81,4.41000000e+01,4.85253457e+88,2.33912542e+89
4.41100000e+01,1.40324316e+81,6.76422124e+81,4.41100000e+01,5.09829374e+88,2.45759166e+89
4.41200000e+01,1.47431115e+81,7.10679878e+81,4.41200000e+01,5.35649950e+88,2.58205768e+89
4.41300000e+01,1.54897841e+81,7.46672634e+81,4.41300000e+01,5.62778224e+88,2.71282735e+89
4.41400000e+01,1.62742724e+81,7.84488263e+81,4.41400000e+01,5.91280423e+88,2.85021992e+89
4.41500000e+01,1.70984914e+81,8.24219083e+81,4.41500000e+01,6.21226131e+88,2.99457080e+89
4.41600000e+01,1.79644535e+81,8.65962092e+81,4.41600000e+01,6.52688455e+88,3.14623242e+89
4.41700000e+01,1.88742727e+81,9.09819198e+81,4.41700000e+01,6.85744205e+88,3.30557501e+89
4.41800000e+01,1.98301702e+81,9.55897470e+81,4.41800000e+01,7.20474081e+88,3.47298760e+89
4.41900000e+01,2.08344796e+81,1.00430940e+82,4.41900000e+01,7.56962870e+88,3.64887888e+89
4.42000000e+01,2.18896528e+81,1.05517318e+82,4.42000000e+01,7.95299653e+88,3.83367827e+89
4.42100000e+01,2.29982658e+81,1.10861298e+82,4.42100000e+01,8.35578022e+88,4.02783692e+89
4.42200000e+01,2.41630250e+81,1.16475927e+82,4.42200000e+01,8.77896310e+88,4.23182884e+89
4.42300000e+01,2.53867741e+81,1.22374911e+82,4.42300000e+01,9.22357831e+88,4.44615204e+89
4.42400000e+01,2.66725007e+81,1.28572653e+82,4.42400000e+01,9.69071128e+88,4.67132975e+89
4.42500000e+01,2.80233435e+81,1.35084282e+82,4.42500000e+01,1.01815025e+89,4.90791170e+89
4.42600000e+01,2.94426005e+81,1.41925697e+82,4.42600000e+01,1.06971500e+89,5.15647547e+89
4.42700000e+01,3.09337364e+81,1.49113599e+82,4.42700000e+01,1.12389128e+89,5.41762788e+89
4.42800000e+01,3.25003918e+81,1.56665535e+82,4.42800000e+01,1.18081134e+89,5.69200650e+89
4.42900000e+01,3.41463912e+81,1.64599944e+82,4.42900000e+01,1.24061416e+89,5.98028116e+89
4.43000000e+01,3.58757532e+81,1.72936194e+82,4.43000000e+01,1.30344571e+89,6.28315564e+89
4.43100000e+01,3.76926996e+81,1.81694639e+82,4.43100000e+01,1.36945941e+89,6.60136936e+89
4.43200000e+01,3.96016662e+81,1.90896659e+82,4.43200000e+01,1.43881640e+89,6.93569919e+89
4.43300000e+01,4.16073134e+81,2.00564721e+82,4.43300000e+01,1.51168601e+89,7.28696132e+89
4.43400000e+01,4.37145376e+81,2.10722427e+82,4.43400000e+01,1.58824614e+89,7.65601331e+89
4.43500000e+01,4.59284834e+81,2.21394575e+82,4.43500000e+01,1.66868370e+89,8.04375613e+89
4.43600000e+01,4.82545556e+81,2.32607220e+82,4.43600000e+01,1.75319507e+89,8.45113639e+89
4.43700000e+01,5.06984329e+81,2.44387735e+82,4.43700000e+01,1.84198656e+89,8.87914864e+89
4.43800000e+01,5.32660817e+81,2.56764880e+82,4.43800000e+01,1.93527493e+89,9.32883779e+89
4.43900000e+01,5.59637705e+81,2.69768873e+82,4.43900000e+01,2.03328795e+89,9.80130169e+89
4.44000000e+01,5.87980851e+81,2.83431459e+82,4.44000000e+01,2.13626489e+89,1.02976938e+90
4.44100000e+01,6.17759450e+81,2.97785994e+82,4.44100000e+01,2.24445715e+89,1.08192259e+90
4.44200000e+01,6.49046202e+81,3.12867523e+82,4.44200000e+01,2.35812886e+89,1.13671713e+90
4.44300000e+01,6.81917489e+81,3.28712863e+82,4.44300000e+01,2.47755754e+89,1.19428676e+90
4.44400000e+01,7.16453558e+81,3.45360699e+82,4.44400000e+01,2.60303474e+89,1.25477205e+90
4.44500000e+01,7.52738726e+81,3.62851673e+82,4.44500000e+01,2.73486680e+89,1.31832064e+90
4.44600000e+01,7.90861574e+81,3.81228487e+82,4.44600000e+01,2.87337557e+89,1.38508768e+90
4.44700000e+01,8.30915175e+81,4.00536004e+82,4.44700000e+01,3.01889919e+89,1.45523617e+90
4.44800000e+01,8.72997311e+81,4.20821361e+82,4.44800000e+01,3.17179293e+89,1.52893737e+90
4.44900000e+01,9.17210719e+81,4.42134080e+82,4.44900000e+01,3.33243005e+89,1.60637121e+90
4.45000000e+01,9.63663338e+81,4.64526193e+82,4.45000000e+01,3.50120272e+89,1.68772672e+90
4.45100000e+01,1.01246857e+82,4.88052366e+82,4.45100000e+01,3.67852297e+89,1.77320253e+90
4.45200000e+01,1.06374558e+82,5.12770035e+82,4.45200000e+01,3.86482370e+89,1.86300731e+90
4.45300000e+01,1.11761953e+82,5.38739543e+82,4.45300000e+01,4.06055973e+89,1.95736029e+90
4.45400000e+01,1.17422196e+82,5.66024291e+82,4.45400000e+01,4.26620892e+89,2.05649183e+90
4.45500000e+01,1.23369105e+82,5.94690889e+82,4.45500000e+01,4.48227331e+89,2.16064394e+90
4.45600000e+01,1.29617198e+82,6.24809321e+82,4.45600000e+01,4.70928040e+89,2.27007089e+90
4.45700000e+01,1.36181729e+82,6.56453118e+82,4.45700000e+01,4.94778438e+89,2.38503983e+90
4.45800000e+01,1.43078725e+82,6.89699532e+82,4.45800000e+01,5.19836753e+89,2.50583142e+90
4.45900000e+01,1.50325022e+82,7.24629727e+82,4.45900000e+01,5.46164158e+89,2.63274058e+90
4.46000000e+01,1.57938312e+82,7.61328981e+82,4.46000000e+01,5.73824929e+89,2.76607711e+90
4.46100000e+01,1.65937181e+82,7.99886887e+82,4.46100000e+01,6.02886595e+89,2.90616654e+90
4.46200000e+01,1.74341157e+82,8.40397580e+82,4.46200000e+01,6.33420103e+89,3.05335087e+90
4.46300000e+01,1.83170756e+82,8.82959957e+82,4.46300000e+01,6.65499998e+89,3.20798943e+90
4.46400000e+01,1.92447535e+82,9.27677928e+82,4.46400000e+01,6.99204595e+89,3.37045974e+90
4.46500000e+01,2.02194142e+82,9.74660665e+82,4.46500000e+01,7.34616180e+89,3.54115845e+90
4.46600000e+01,2.12434371e+82,1.02402287e+83,4.46600000e+01,7.71821202e+89,3.72050228e+90
4.46700000e+01,2.23193221e+82,1.07588504e+83,4.46700000e+01,8.10910493e+89,3.90892907e+90
4.46800000e+01,2.34496959e+82,1.13037381e+83,4.46800000e+01,8.51979482e+89,4.10689884e+90
4.46900000e+01,2.46373181e+82,1.18762218e+83,4.46900000e+01,8.95128431e+89,4.31489490e+90
4.47000000e+01,2.58850880e+82,1.24776993e+83,4.47000000e+01,9.40462681e+89,4.53342502e+90
4.47100000e+01,2.71960519e+82,1.31096390e+83,4.47100000e+01,9.88092908e+89,4.76302271e+90
4.47200000e+01,2.85734103e+82,1.37735835e+83,4.47200000e+01,1.03813539e+90,5.00424850e+90
4.47300000e+01,3.00205257e+82,1.44711539e+83,4.47300000e+01,1.09071231e+90,5.25769130e+90
4.47400000e+01,3.15409310e+82,1.52040531e+83,4.47400000e+01,1.14595200e+90,5.52396984e+90
4.47500000e+01,3.31383380e+82,1.59740704e+83,4.47500000e+01,1.20398935e+90,5.80373420e+90
4.47600000e+01,3.48166466e+82,1.67830856e+83,4.47600000e+01,1.26496602e+90,6.09766737e+90
4.47700000e+01,3.65799540e+82,1.76330738e+83,4.47700000e+01,1.32903089e+90,6.40648694e+90
4.47800000e+01,3.84325650e+82,1.85261101e+83,4.47800000e+01,1.39634036e+90,6.73094684e+90
4.47900000e+01,4.03790025e+82,1.94643747e+83,4.47900000e+01,1.46705875e+90,7.07183919e+90
4.48000000e+01,4.24240183e+82,2.04501582e+83,4.48000000e+01,1.54135871e+90,7.42999620e+90
4.48100000e+01,4.45726050e+82,2.14858672e+83,4.48100000e+01,1.61942163e+90,7.80629227e+90
4.48200000e+01,4.68300080e+82,2.25740302e+83,4.48200000e+01,1.70143809e+90,8.20164604e+90
4.48300000e+01,4.92017384e+82,2.37173039e+83,4.48300000e+01,1.78760832e+90,8.61702272e+90
4.48400000e+01,5.16935863e+82,2.49184792e+83,4.48400000e+01,1.87814269e+90,9.05343637e+90
4.48500000e+01,5.43116352e+82,2.61804887e+83,4.48500000e+01,1.97326221e+90,9.51195242e+90
4.48600000e+01,5.70622765e+82,2.75064133e+83,4.48600000e+01,2.07319911e+90,9.99369025e+90
4.48700000e+01,5.99522255e+82,2.88994901e+83,4.48700000e+01,2.17819737e+90,1.04998259e+91
4.48800000e+01,6.29885375e+82,3.03631200e+83,4.48800000e+01,2.28851332e+90,1.10315952e+91
4.48900000e+01,6.61786251e+82,3.19008761e+83,4.48900000e+01,2.40441628e+90,1.15902961e+91
4.49000000e+01,6.95302764e+82,3.35165128e+83,4.49000000e+01,2.52618921e+90,1.21772927e+91
4.49100000e+01,7.30516738e+82,3.52139742e+83,4.49100000e+01,2.65412939e+90,1.27940181e+91
4.49200000e+01,7.67514143e+82,3.69974044e+83,4.49200000e+01,2.78854917e+90,1.34419779e+91
4.49300000e+01,8.06385300e+82,3.88711575e+83,4.49300000e+01,2.92977671e+90,1.41227540e+91
4.49400000e+01,8.47225108e+82,4.08398077e+83,4.49400000e+01,3.07815679e+90,1.48380083e+91
4.49500000e+01,8.90133269e+82,4.29081612e+83,4.49500000e+01,3.23405166e+90,1.55894870e+91
4.49600000e+01,9.35214537e+82,4.50812676e+83,4.49600000e+01,3.39784191e+90,1.63790248e+91
4.49700000e+01,9.82578969e+82,4.73644321e+83,4.49700000e+01,3.56992740e+90,1.72085491e+91
4.49800000e+01,1.03234220e+83,4.97632287e+83,4.49800000e+01,3.75072825e+90,1.80800851e+91
4.49900000e+01,1.08462571e+83,5.22835136e+83,4.49900000e+01,3.94068586e+90,1.89957605e+91
4.50000000e+01,1.13955715e+83,5.49314396e+83,4.50000000e+01,4.14026397e+90,1.99578108e+91
4.50100000e+01,1.19727062e+83,5.77134713e+83,4.50100000e+01,4.34994981e+90,2.09685846e+91
4.50200000e+01,1.25790702e+83,6.06364004e+83,4.50200000e+01,4.57025531e+90,2.20305496e+91
4.50300000e+01,1.32161439e+83,6.37073628e+83,4.50300000e+01,4.80171829e+90,2.31462984e+91
4.50400000e+01,1.38854824e+83,6.69338557e+83,4.50400000e+01,5.04490384e+90,2.43185549e+91
4.50500000e+01,1.45887200e+83,7.03237560e+83,4.50500000e+01,5.30040565e+90,2.55501809e+91
4.50600000e+01,1.53275734e+83,7.38853396e+83,4.50600000e+01,5.56884748e+90,2.68441832e+91
4.50700000e+01,1.61038464e+83,7.76273015e+83,4.50700000e+01,5.85088469e+90,2.82037210e+91
4.50800000e+01,1.69194341e+83,8.15587770e+83,4.50800000e+01,6.14720582e+90,2.96321133e+91
4.50900000e+01,1.77763278e+83,8.56893642e+83,4.50900000e+01,6.45853430e+90,3.11328472e+91
4.51000000e+01,1.86766193e+83,9.00291471e+83,4.51000000e+01,6.78563016e+90,3.27095866e+91
4.51100000e+01,1.96225065e+83,9.45887206e+83,4.51100000e+01,7.12929197e+90,3.43661809e+91
4.51200000e+01,2.06162986e+83,9.93792161e+83,4.51200000e+01,7.49035871e+90,3.61066742e+91
4.51300000e+01,2.16604219e+83,1.04412329e+84,4.51300000e+01,7.86971187e+90,3.79353157e+91
4.51400000e+01,2.27574254e+83,1.09700346e+84,4.51400000e+01,8.26827757e+90,3.98565697e+91
4.51500000e+01,2.39099872e+83,1.15256178e+84,4.51500000e+01,8.68702883e+90,4.18751266e+91
4.51600000e+01,2.51209210e+83,1.21093388e+84,4.51600000e+01,9.12698798e+90,4.39959144e+91
4.51700000e+01,2.63931833e+83,1.27226226e+84,4.51700000e+01,9.58922908e+90,4.62241107e+91
4.51800000e+01,2.77298799e+83,1.33669665e+84,4.51800000e+01,1.00748806e+91,4.85651551e+91
4.51900000e+01,2.91342743e+83,1.40439435e+84,4.51900000e+01,1.05851283e+91,5.10247629e+91
4.52000000e+01,3.06097949e+83,1.47552065e+84,4.52000000e+01,1.11212177e+91,5.36089388e+91
4.52100000e+01,3.21600441e+83,1.55024916e+84,4.52100000e+01,1.16844576e+91,5.63239917e+91
4.52200000e+01,3.37888065e+83,1.62876235e+84,4.52200000e+01,1.22762231e+91,5.91765499e+91
4.52300000e+01,3.55000583e+83,1.71125187e+84,4.52300000e+01,1.28979588e+91,6.21735774e+91
4.52400000e+01,3.72979775e+83,1.79791913e+84,4.52400000e+01,1.35511828e+91,6.53223910e+91
4.52500000e+01,3.91869531e+83,1.88897569e+84,4.52500000e+01,1.42374895e+91,6.86306778e+91
4.52600000e+01,4.11715970e+83,1.98464385e+84,4.52600000e+01,1.49585547e+91,7.21065146e+91
4.52700000e+01,4.32567542e+83,2.08515718e+84,4.52700000e+01,1.57161385e+91,7.57583869e+91
4.52800000e+01,4.54475152e+83,2.19076107e+84,4.52800000e+01,1.65120906e+91,7.95952103e+91
4.52900000e+01,4.77492286e+83,2.30171331e+84,4.52900000e+01,1.73483542e+91,8.36263516e+91
4.53000000e+01,5.01675134e+83,2.41828479e+84,4.53000000e+01,1.82269707e+91,8.78616521e+91
4.53100000e+01,5.27082735e+83,2.54076010e+84,4.53100000e+01,1.91500852e+91,9.23114517e+91
4.53200000e+01,5.53777117e+83,2.66943823e+84,4.53200000e+01,2.01199513e+91,9.69866138e+91
4.53300000e+01,5.81823450e+83,2.80463334e+84,4.53300000e+01,2.11389369e+91,1.01898552e+92
4.53400000e+01,6.11290205e+83,2.94667547e+84,4.53400000e+01,2.22095294e+91,1.07059258e+92
4.53500000e+01,6.42249319e+83,3.09591139e+84,4.53500000e+01,2.33343427e+91,1.12481330e+92
4.53600000e+01,6.74776373e+83,3.25270546e+84,4.53600000e+01,2.45161228e+91,1.18178006e+92
4.53700000e+01,7.08950778e+83,3.41744043e+84,4.53700000e+01,2.57577547e+91,1.24163193e+92
4.53800000e+01,7.44855963e+83,3.59051850e+84,4.53800000e+01,2.70622698e+91,1.30451504e+92
4.53900000e+01,7.82579585e+83,3.77236220e+84,4.53900000e+01,2.84328527e+91,1.37058289e+92
4.54000000e+01,8.22213739e+83,3.96341547e+84,4.54000000e+01,2.98728494e+91,1.43999678e+92
4.54100000e+01,8.63855187e+83,4.16414473e+84,4.54100000e+01,3.13857756e+91,1.51292617e+92
4.54200000e+01,9.07605587e+83,4.37504003e+84,4.54200000e+01,3.29753247e+91,1.58954911e+92
4.54300000e+01,9.53571749e+83,4.59661623e+84,4.54300000e+01,3.46453774e+91,1.67005266e+92
4.54400000e+01,1.00186589e+84,4.82941428e+84,4.54400000e+01,3.64000107e+91,1.75463336e+92
4.54500000e+01,1.05260592e+84,5.07400251e+84,4.54500000e+01,3.82435084e+91,1.84349769e+92
4.54600000e+01,1.10591570e+84,5.33097803e+84,4.54600000e+01,4.01803710e+91,1.93686260e+92
4.54700000e+01,1.16192538e+84,5.60096822e+84,4.54700000e+01,4.22153271e+91,2.03495602e+92
4.54800000e+01,1.22077170e+84,5.88463220e+84,4.54800000e+01,4.43533445e+91,2.13801744e+92
4.54900000e+01,1.28259833e+84,6.18266249e+84,4.54900000e+01,4.65996430e+91,2.24629846e+92
4.55000000e+01,1.34755619e+84,6.49578669e+84,4.55000000e+01,4.89597064e+91,2.36006343e+92
4.55100000e+01,1.41580389e+84,6.82476922e+84,4.55100000e+01,5.14392965e+91,2.47959008e+92
4.55200000e+01,1.48750802e+84,7.17041325e+84,4.55200000e+01,5.40444667e+91,2.60517022e+92
4.55300000e+01,1.56284364e+84,7.53356260e+84,4.55300000e+01,5.67815771e+91,2.73711044e+92
4.55400000e+01,1.64199468e+84,7.91510384e+84,4.55400000e+01,5.96573100e+91,2.87573284e+92
4.55500000e+01,1.72515437e+84,8.31596843e+84,4.55500000e+01,6.26786858e+91,3.02137584e+92
4.55600000e+01,1.81252572e+84,8.73713503e+84,4.55600000e+01,6.58530808e+91,3.17439501e+92
4.55700000e+01,1.90432204e+84,9.17963183e+84,4.55700000e+01,6.91882447e+91,3.33516391e+92
4.55800000e+01,2.00076743e+84,9.64453911e+84,4.55800000e+01,7.26923198e+91,3.50407505e+92
4.55900000e+01,2.10209735e+84,1.01329919e+85,4.55900000e+01,7.63738605e+91,3.68154077e+92
4.56000000e+01,2.20855917e+84,1.06461826e+85,4.56000000e+01,8.02418549e+91,3.86799434e+92
4.56100000e+01,2.32041281e+84,1.11853641e+85,4.56100000e+01,8.43057458e+91,4.06389095e+92
4.56200000e+01,2.43793134e+84,1.17518527e+85,4.56200000e+01,8.85754547e+91,4.26970884e+92
4.56300000e+01,2.56140165e+84,1.23470315e+85,4.56300000e+01,9.30614052e+91,4.48595049e+92
4.56400000e+01,2.69112519e+84,1.29723534e+85,4.56400000e+01,9.77745490e+91,4.71314381e+92
4.56500000e+01,2.82741864e+84,1.36293451e+85,4.56500000e+01,1.02726392e+92,4.95184346e+92
4.56600000e+01,2.97061474e+84,1.43196104e+85,4.56600000e+01,1.07929025e+92,5.20263218e+92
4.56700000e+01,3.12106309e+84,1.50448346e+85,4.56700000e+01,1.13395147e+92,5.46612222e+92
4.56800000e+01,3.27913097e+84,1.58067882e+85,4.56800000e+01,1.19138104e+92,5.74295685e+92
4.56900000e+01,3.44520428e+84,1.66073313e+85,4.56900000e+01,1.25171916e+92,6.03381192e+92
4.57000000e+01,3.61968847e+84,1.74484183e+85,4.57000000e+01,1.31511313e+92,6.33939750e+92
4.57100000e+01,3.80300949e+84,1.83321026e+85,4.57100000e+01,1.38171773e+92,6.66045962e+92
4.57200000e+01,3.99561491e+84,1.92605416e+85,4.57200000e+01,1.45169555e+92,6.99778210e+92
4.57300000e+01,4.19797493e+84,2.02360019e+85,4.57300000e+01,1.52521743e+92,7.35218846e+92
4.57400000e+01,4.41058357e+84,2.12608648e+85,4.57400000e+01,1.60246287e+92,7.72454391e+92
4.57500000e+01,4.63395990e+84,2.23376325e+85,4.57500000e+01,1.68362045e+92,8.11575750e+92
4.57600000e+01,4.86864924e+84,2.34689336e+85,4.57600000e+01,1.76888829e+92,8.52678431e+92
4.57700000e+01,5.11522454e+84,2.46575301e+85,4.57700000e+01,1.85847457e+92,8.95862778e+92
4.57800000e+01,5.37428777e+84,2.59063237e+85,4.57800000e+01,1.95259799e+92,9.41234220e+92
4.57900000e+01,5.64647141e+84,2.72183631e+85,4.57900000e+01,2.05148834e+92,9.88903522e+92
4.58000000e+01,5.93243992e+84,2.85968514e+85,4.58000000e+01,2.15538705e+92,1.03898706e+93
4.58100000e+01,6.23289146e+84,3.00451540e+85,4.58100000e+01,2.26454776e+92,1.09160711e+93
4.58200000e+01,6.54855953e+84,3.15668066e+85,4.58200000e+01,2.37923697e+92,1.14689212e+93
4.58300000e+01,6.88021477e+84,3.31655242e+85,4.58300000e+01,2.49973468e+92,1.20497708e+93
4.58400000e+01,7.22866686e+84,3.48452096e+85,4.58400000e+01,2.62633506e+92,1.26600378e+93
4.58500000e+01,7.59476650e+84,3.66099635e+85,4.58500000e+01,2.75934718e+92,1.33012120e+93
4.58600000e+01,7.97940744e+84,3.84640944e+85,4.58600000e+01,2.89909577e+92,1.39748589e+93
4.58700000e+01,8.38352873e+84,4.04121287e+85,4.58700000e+01,3.04592200e+92,1.46826230e+93
4.58800000e+01,8.80811695e+84,4.24588222e+85,4.58800000e+01,3.20018432e+92,1.54262322e+93
4.58900000e+01,9.25420867e+84,4.46091716e+85,4.58900000e+01,3.36225934e+92,1.62075018e+93
4.59000000e+01,9.72289293e+84,4.68684265e+85,4.59000000e+01,3.53254273e+92,1.70283393e+93
4.59100000e+01,1.02153140e+85,4.92421027e+85,4.59100000e+01,3.71145021e+92,1.78907484e+93
4.59200000e+01,1.07326739e+85,5.17359948e+85,4.59200000e+01,3.89941856e+92,1.87968348e+93
4.59300000e+01,1.12762358e+85,5.43561915e+85,4.59300000e+01,4.09690666e+92,1.97488104e+93
4.59400000e+01,1.18473267e+85,5.71090894e+85,4.59400000e+01,4.30439666e+92,2.07489993e+93
4.59500000e+01,1.24473408e+85,6.00014093e+85,4.59500000e+01,4.52239509e+92,2.17998433e+93
4.59600000e+01,1.30777429e+85,6.30402122e+85,4.59600000e+01,4.75143417e+92,2.29039078e+93
4.59700000e+01,1.37400721e+85,6.62329169e+85,4.59700000e+01,4.99207305e+92,2.40638883e+93
4.59800000e+01,1.44359453e+85,6.95873179e+85,4.59800000e+01,5.24489922e+92,2.52826165e+93
4.59900000e+01,1.51670613e+85,7.31116042e+85,4.59900000e+01,5.51052990e+92,2.65630679e+93
4.60000000e+01,1.59352051e+85,7.68143798e+85,4.60000000e+01,5.78961358e+92,2.79083685e+93
4.60100000e+01,1.67422520e+85,8.07046845e+85,4.60100000e+01,6.08283161e+92,2.93218025e+93
4.60200000e+01,1.75901721e+85,8.47920157e+85,4.60200000e+01,6.39089981e+92,3.08068206e+93
4.60300000e+01,1.84810356e+85,8.90863519e+85,4.60300000e+01,6.71457029e+92,3.23670482e+93
4.60400000e+01,1.94170174e+85,9.35981771e+85,4.60400000e+01,7.05463324e+92,3.40062944e+93
4.60500000e+01,2.04004025e+85,9.83385060e+85,4.60500000e+01,7.41191885e+92,3.57285611e+93
4.60600000e+01,2.14335916e+85,1.03318911e+86,4.60600000e+01,7.78729938e+92,3.75380529e+93
4.60700000e+01,2.25191071e+85,1.08551552e+86,4.60700000e+01,8.18169125e+92,3.94391873e+93
4.60800000e+01,2.36595991e+85,1.14049202e+86,4.60800000e+01,8.59605731e+92,4.14366057e+93
4.60900000e+01,2.48578520e+85,1.19825284e+86,4.60900000e+01,9.03140915e+92,4.35351844e+93
4.61000000e+01,2.61167910e+85,1.25893899e+86,4.61000000e+01,9.48880962e+92,4.57400467e+93
4.61100000e+01,2.74394896e+85,1.32269861e+86,4.61100000e+01,9.96937537e+92,4.80565754e+93
4.61200000e+01,2.88291770e+85,1.38968738e+86,4.61200000e+01,1.04742796e+93,5.04904259e+93
4.61300000e+01,3.02892458e+85,1.46006883e+86,4.61300000e+01,1.10047550e+93,5.30475401e+93
4.61400000e+01,3.18232606e+85,1.53401478e+86,4.61400000e+01,1.15620966e+93,5.57341607e+93
4.61500000e+01,3.34349663e+85,1.61170577e+86,4.61500000e+01,1.21476651e+93,5.85568466e+93
4.61600000e+01,3.51282978e+85,1.69333146e+86,4.61600000e+01,1.27628900e+93,6.15224889e+93
4.61700000e+01,3.69073889e+85,1.77909112e+86,4.61700000e+01,1.34092733e+93,6.46383277e+93
4.61800000e+01,3.87765830e+85,1.86919412e+86,4.61800000e+01,1.40883930e+93,6.79119698e+93
4.61900000e+01,4.07404435e+85,1.96386044e+86,4.61900000e+01,1.48019070e+93,7.13514072e+93
4.62000000e+01,4.28037647e+85,2.06332119e+86,4.62000000e+01,1.55515574e+93,7.49650367e+93
4.62100000e+01,4.49715838e+85,2.16781918e+86,4.62100000e+01,1.63391742e+93,7.87616805e+93
4.62200000e+01,4.72491934e+85,2.27760952e+86,4.62200000e+01,1.71666803e+93,8.27506072e+93
4.62300000e+01,4.96421536e+85,2.39296025e+86,4.62300000e+01,1.80360958e+93,8.69415552e+93
4.62400000e+01,5.21563066e+85,2.51415298e+86,4.62400000e+01,1.89495434e+93,9.13447560e+93
4.62500000e+01,5.47977902e+85,2.64148358e+86,4.62500000e+01,1.99092530e+93,9.59709592e+93
4.62600000e+01,5.75730531e+85,2.77526291e+86,4.62600000e+01,2.09175676e+93,1.00831459e+94
4.62700000e+01,6.04888706e+85,2.91581755e+86,4.62700000e+01,2.19769488e+93,1.05938121e+94
4.62800000e+01,6.35523613e+85,3.06349067e+86,4.62800000e+01,2.30899829e+93,1.11303413e+94
4.62900000e+01,6.67710041e+85,3.21864276e+86,4.62900000e+01,2.42593872e+93,1.16940433e+94
4.63000000e+01,7.01526567e+85,3.38165262e+86,4.63000000e+01,2.54880167e+93,1.22862943e+94
4.63100000e+01,7.37055749e+85,3.55291820e+86,4.63100000e+01,2.67788707e+93,1.29085401e+94
4.63200000e+01,7.74384325e+85,3.73285761e+86,4.63200000e+01,2.81351007e+93,1.35622999e+94
4.63300000e+01,8.13603426e+85,3.92191014e+86,4.63300000e+01,2.95600177e+93,1.42491697e+94
4.63400000e+01,8.54808800e+85,4.12053735e+86,4.63400000e+01,3.10571003e+93,1.49708264e+94
4.63500000e+01,8.98101041e+85,4.32922413e+86,4.63500000e+01,3.26300035e+93,1.57290318e+94
4.63600000e+01,9.43585841e+85,4.54847996e+86,4.63600000e+01,3.42825672e+93,1.65256369e+94
4.63700000e+01,9.91374242e+85,4.77884012e+86,4.63700000e+01,3.60188258e+93,1.73625865e+94
4.63800000e+01,1.04158291e+86,5.02086699e+86,4.63800000e+01,3.78430182e+93,1.82419238e+94
4.63900000e+01,1.09433443e+86,5.27515144e+86,4.63900000e+01,3.97595977e+93,1.91657956e+94
4.64000000e+01,1.14975757e+86,5.54231426e+86,4.64000000e+01,4.17732435e+93,2.01364574e+94
4.64100000e+01,1.20798765e+86,5.82300768e+86,4.64100000e+01,4.38888714e+93,2.11562789e+94
4.64200000e+01,1.26916682e+86,6.11791697e+86,4.64200000e+01,4.61116463e+93,2.22277497e+94
4.64300000e+01,1.33344444e+86,6.42776209e+86,4.64300000e+01,4.84469949e+93,2.33534858e+94
4.64400000e+01,1.40097743e+86,6.75329948e+86,4.64400000e+01,5.09006185e+93,2.45362354e+94
4.64500000e+01,1.47193067e+86,7.09532389e+86,4.64500000e+01,5.34785071e+93,2.57788859e+94
4.64600000e+01,1.54647737e+86,7.45467030e+86,4.64600000e+01,5.61869542e+93,2.70844712e+94
4.64700000e+01,1.62479953e+86,7.83221599e+86,4.64700000e+01,5.90325720e+93,2.84561785e+94
4.64800000e+01,1.70708836e+86,8.22888269e+86,4.64800000e+01,6.20223077e+93,2.98973566e+94
4.64900000e+01,1.79354475e+86,8.64563879e+86,4.64900000e+01,6.51634601e+93,3.14115239e+94
4.65000000e+01,1.88437976e+86,9.08350171e+86,4.65000000e+01,6.84636978e+93,3.30023771e+94
4.65100000e+01,1.97981517e+86,9.54354043e+86,4.65100000e+01,7.19310778e+93,3.46737998e+94
4.65200000e+01,2.08008395e+86,1.00268781e+87,4.65200000e+01,7.55740650e+93,3.64298727e+94
4.65300000e+01,2.18543090e+86,1.05346946e+87,4.65300000e+01,7.94015533e+93,3.82748827e+94
4.65400000e+01,2.29611319e+86,1.10682297e+87,4.65400000e+01,8.34228867e+93,4.02133343e+94
4.65500000e+01,2.41240105e+86,1.16287860e+87,4.65500000e+01,8.76478827e+93,4.22499598e+94
4.65600000e+01,2.53457837e+86,1.22177320e+87,4.65600000e+01,9.20868558e+93,4.43897312e+94
4.65700000e+01,2.66294343e+86,1.28365055e+87,4.65700000e+01,9.67506431e+93,4.66378725e+94
4.65800000e+01,2.79780960e+86,1.34866171e+87,4.65800000e+01,1.01650630e+94,4.89998721e+94
4.65900000e+01,2.93950614e+86,1.41696539e+87,4.65900000e+01,1.06798780e+94,5.14814964e+94
4.66000000e+01,3.08837897e+86,1.48872834e+87,4.66000000e+01,1.12207660e+94,5.40888038e+94
4.66100000e+01,3.24479155e+86,1.56412577e+87,4.66100000e+01,1.17890476e+94,5.68281598e+94
4.66200000e+01,3.40912572e+86,1.64334175e+87,4.66200000e+01,1.23861101e+94,5.97062518e+94
4.66300000e+01,3.58178269e+86,1.72656965e+87,4.66300000e+01,1.30134112e+94,6.27301063e+94
4.66400000e+01,3.76318396e+86,1.81401268e+87,4.66400000e+01,1.36724823e+94,6.59071055e+94
4.66500000e+01,3.95377239e+86,1.90588431e+87,4.66500000e+01,1.43649323e+94,6.92450056e+94
4.66600000e+01,4.15401327e+86,2.00240882e+87,4.66600000e+01,1.50924519e+94,7.27519553e+94
4.66700000e+01,4.36439546e+86,2.10382187e+87,4.66700000e+01,1.58568170e+94,7.64365163e+94
4.66800000e+01,4.58543256e+86,2.21037103e+87,4.66800000e+01,1.66598939e+94,8.03076839e+94
4.66900000e+01,4.81766420e+86,2.32231644e+87,4.66900000e+01,1.75036430e+94,8.43749088e+94
4.67000000e+01,5.06165734e+86,2.43993138e+87,4.67000000e+01,1.83901242e+94,8.86481204e+94
4.67100000e+01,5.31800764e+86,2.56350298e+87,4.67100000e+01,1.93215017e+94,9.31377511e+94
4.67200000e+01,5.58734093e+86,2.69333294e+87,4.67200000e+01,2.03000493e+94,9.78547615e+94
4.67300000e+01,5.87031475e+86,2.82973820e+87,4.67300000e+01,2.13281560e+94,1.02810667e+95
4.67400000e+01,6.16761993e+86,2.97305178e+87,4.67400000e+01,2.24083316e+94,1.08017568e+95
4.67500000e+01,6.47998229e+86,3.12362355e+87,4.67500000e+01,2.35432134e+94,1.13488174e+95
4.67600000e+01,6.80816440e+86,3.28182111e+87,4.67600000e+01,2.47355718e+94,1.19235843e+95
4.67700000e+01,7.15296747e+86,3.44803067e+87,4.67700000e+01,2.59883179e+94,1.25274604e+95
4.67800000e+01,7.51523327e+86,3.62265800e+87,4.67800000e+01,2.73045099e+94,1.31619203e+95
4.67900000e+01,7.89584621e+86,3.80612942e+87,4.67900000e+01,2.86873612e+94,1.38285126e+95
4.68000000e+01,8.29573549e+86,3.99889284e+87,4.68000000e+01,3.01402476e+94,1.45288649e+95
4.68100000e+01,8.71587738e+86,4.20141887e+87,4.68100000e+01,3.16667163e+94,1.52646869e+95
4.68200000e+01,9.15729757e+86,4.41420194e+87,4.68200000e+01,3.32704938e+94,1.60377750e+95
4.68300000e+01,9.62107372e+86,4.63776152e+87,4.68300000e+01,3.49554955e+94,1.68500166e+95
4.68400000e+01,1.01083381e+87,4.87264339e+87,4.68400000e+01,3.67258350e+94,1.77033946e+95
4.68500000e+01,1.06202802e+87,5.11942098e+87,4.68500000e+01,3.85858342e+94,1.85999923e+95
4.68600000e+01,1.11581498e+87,5.37869675e+87,4.68600000e+01,4.05400341e+94,1.95419987e+95
4.68700000e+01,1.17232602e+87,5.65110367e+87,4.68700000e+01,4.25932054e+94,2.05317135e+95
4.68800000e+01,1.23169909e+87,5.93730679e+87,4.68800000e+01,4.47503607e+94,2.15715529e+95
4.68900000e+01,1.29407914e+87,6.23800482e+87,4.68900000e+01,4.70167663e+94,2.26640555e+95
4.69000000e+01,1.35961845e+87,6.55393185e+87,4.69000000e+01,4.93979551e+94,2.38118886e+95
4.69100000e+01,1.42847705e+87,6.88585918e+87,4.69100000e+01,5.18997405e+94,2.50178542e+95
4.69200000e+01,1.50082302e+87,7.23459714e+87,4.69200000e+01,5.45282302e+94,2.62848966e+95
4.69300000e+01,1.57683299e+87,7.60099711e+87,4.69300000e+01,5.72898411e+94,2.76161090e+95
4.69400000e+01,1.65669253e+87,7.98595361e+87,4.69400000e+01,6.01913152e+94,2.90147413e+95
4.69500000e+01,1.74059659e+87,8.39040643e+87,4.69500000e+01,6.32397360e+94,3.04842082e+95
4.69600000e+01,1.82875002e+87,8.81534298e+87,4.69600000e+01,6.64425457e+94,3.20280969e+95
4.69700000e+01,1.92136803e+87,9.26180066e+87,4.69700000e+01,6.98075634e+94,3.36501768e+95
4.69800000e+01,2.01867672e+87,9.73086943e+87,4.69800000e+01,7.33430042e+94,3.53544077e+95
4.69900000e+01,2.12091366e+87,1.02236944e+88,4.69900000e+01,7.70574992e+94,3.71449502e+95
4.70000000e+01,2.22832845e+87,1.07414788e+88,4.70000000e+01,8.09601168e+94,3.90261758e+95
4.70100000e+01,2.34118332e+87,1.12854867e+88,4.70100000e+01,8.50603845e+94,4.10026770e+95
4.70200000e+01,2.45975378e+87,1.18570461e+88,4.70200000e+01,8.93683124e+94,4.30792791e+95
4.70300000e+01,2.58432930e+87,1.24575524e+88,4.70300000e+01,9.38944176e+94,4.52610519e+95
4.70400000e+01,2.71521402e+87,1.30884717e+88,4.70400000e+01,9.86497497e+94,4.75533216e+95
4.70500000e+01,2.85272746e+87,1.37513442e+88,4.70500000e+01,1.03645918e+95,4.99616846e+95
4.70600000e+01,2.99720535e+87,1.44477883e+88,4.70600000e+01,1.08895120e+95,5.24920204e+95
4.70700000e+01,3.14900039e+87,1.51795041e+88,4.70700000e+01,1.14410171e+95,5.51505064e+95
4.70800000e+01,3.30848317e+87,1.59482781e+88,4.70800000e+01,1.20204534e+95,5.79436328e+95
4.70900000e+01,3.47604304e+87,1.67559870e+88,4.70900000e+01,1.26292356e+95,6.08782186e+95
4.71000000e+01,3.65208907e+87,1.76046028e+88,4.71000000e+01,1.32688499e+95,6.39614280e+95
4.71100000e+01,3.83705104e+87,1.84961972e+88,4.71100000e+01,1.39408578e+95,6.72007881e+95
4.71200000e+01,4.03138051e+87,1.94329468e+88,4.71200000e+01,1.46468998e+95,7.06042074e+95
4.71300000e+01,4.23555189e+87,2.04171386e+88,4.71300000e+01,1.53886998e+95,7.41799946e+95
4.71400000e+01,4.45006364e+87,2.14511753e+88,4.71400000e+01,1.61680686e+95,7.79368794e+95
4.71500000e+01,4.67543946e+87,2.25375814e+88,4.71500000e+01,1.69869089e+95,8.18840337e+95
4.71600000e+01,4.91222955e+87,2.36790091e+88,4.71600000e+01,1.78472198e+95,8.60310936e+95
4.71700000e+01,5.16101200e+87,2.48782449e+88,4.71700000e+01,1.87511017e+95,9.03881836e+95
4.71800000e+01,5.42239417e+87,2.61382167e+88,4.71800000e+01,1.97007611e+95,9.49659407e+95
4.71900000e+01,5.69701417e+87,2.74620005e+88,4.71900000e+01,2.06985165e+95,9.97755408e+95
4.72000000e+01,5.98554245e+87,2.88528279e+88,4.72000000e+01,2.17468038e+95,1.04828725e+96
4.72100000e+01,6.28868340e+87,3.03140946e+88,4.72100000e+01,2.28481821e+95,1.10137831e+96
4.72200000e+01,6.60717707e+87,3.18493678e+88,4.72200000e+01,2.40053403e+95,1.15715820e+96
4.72300000e+01,6.94180103e+87,3.34623958e+88,4.72300000e+01,2.52211034e+95,1.21576308e+96
4.72400000e+01,7.29337220e+87,3.51571164e+88,4.72400000e+01,2.64984394e+95,1.27733604e+96
4.72500000e+01,7.66274887e+87,3.69376671e+88,4.72500000e+01,2.78404668e+95,1.34202740e+96
4.72600000e+01,8.05083281e+87,3.88083947e+88,4.72600000e+01,2.92504619e+95,1.40999508e+96
4.72700000e+01,8.45857148e+87,4.07738662e+88,4.72700000e+01,3.07318669e+95,1.48140503e+96
4.72800000e+01,8.88696028e+87,4.28388801e+88,4.72800000e+01,3.22882985e+95,1.55643156e+96
4.72900000e+01,9.33704505e+87,4.50084778e+88,4.72900000e+01,3.39235563e+95,1.63525786e+96
4.73000000e+01,9.80992461e+87,4.72879558e+88,4.73000000e+01,3.56416327e+95,1.71807635e+96
4.73100000e+01,1.03067534e+88,4.96828792e+88,4.73100000e+01,3.74467219e+95,1.80508923e+96
4.73200000e+01,1.08287444e+88,5.21990947e+88,4.73200000e+01,3.93432308e+95,1.89650893e+96
4.73300000e+01,1.13771718e+88,5.48427453e+88,4.73300000e+01,4.13357895e+95,1.99255862e+96
4.73400000e+01,1.19533747e+88,5.76202850e+88,4.73400000e+01,4.34292623e+95,2.09347280e+96
4.73500000e+01,1.25587596e+88,6.05384947e+88,4.73500000e+01,4.56287601e+95,2.19949783e+96
4.73600000e+01,1.31948046e+88,6.36044986e+88,4.73600000e+01,4.79396526e+95,2.31089255e+96
4.73700000e+01,1.38630624e+88,6.68257818e+88,4.73700000e+01,5.03675816e+95,2.42792892e+96
4.73800000e+01,1.45651645e+88,7.02102087e+88,4.73800000e+01,5.29184742e+95,2.55089266e+96
4.73900000e+01,1.53028249e+88,7.37660417e+88,4.73900000e+01,5.55985582e+95,2.68008396e+96
4.74000000e+01,1.60778445e+88,7.75019616e+88,4.74000000e+01,5.84143764e+95,2.81581822e+96
4.74100000e+01,1.68921154e+88,8.14270892e+88,4.74100000e+01,6.13728032e+95,2.95842682e+96
4.74200000e+01,1.77476255e+88,8.55510070e+88,4.74200000e+01,6.44810611e+95,3.10825790e+96
4.74300000e+01,1.86464633e+88,8.98837828e+88,4.74300000e+01,6.77467384e+95,3.26567726e+96
4.74400000e+01,1.95908233e+88,9.44359942e+88,4.74400000e+01,7.11778076e+95,3.43106920e+96
4.74500000e+01,2.05830108e+88,9.92187548e+88,4.74500000e+01,7.47826451e+95,3.60483750e+96
4.74600000e+01,2.16254482e+88,1.04243741e+89,4.74600000e+01,7.85700515e+95,3.78740639e+96
4.74700000e+01,2.27206804e+88,1.09523220e+89,4.74700000e+01,8.25492731e+95,3.97922158e+96
4.74800000e+01,2.38713812e+88,1.15070081e+89,4.74800000e+01,8.67300244e+95,4.18075135e+96
4.74900000e+01,2.50803599e+88,1.20897866e+89,4.74900000e+01,9.11225121e+95,4.39248770e+96
4.75000000e+01,2.63505679e+88,1.27020802e+89,4.75000000e+01,9.57374597e+95,4.61494755e+96
4.75100000e+01,2.76851063e+88,1.33453837e+89,4.75100000e+01,1.00586134e+96,4.84867400e+96
4.75200000e+01,2.90872330e+88,1.40212677e+89,4.75200000e+01,1.05680371e+96,5.09423765e+96
4.75300000e+01,3.05603713e+88,1.47313822e+89,4.75300000e+01,1.11032609e+96,5.35223799e+96
4.75400000e+01,3.21081173e+88,1.54774608e+89,4.75400000e+01,1.16655914e+96,5.62330490e+96
4.75500000e+01,3.37342498e+88,1.62613249e+89,4.75500000e+01,1.22564014e+96,5.90810013e+96
4.75600000e+01,3.54427386e+88,1.70848883e+89,4.75600000e+01,1.28771333e+96,6.20731897e+96
4.75700000e+01,3.72377548e+88,1.79501614e+89,4.75700000e+01,1.35293025e+96,6.52169191e+96
4.75800000e+01,3.91236805e+88,1.88592568e+89,4.75800000e+01,1.42145012e+96,6.85198642e+96
4.75900000e+01,4.11051198e+88,1.98143937e+89,4.75900000e+01,1.49344021e+96,7.19900888e+96
4.76000000e+01,4.31869103e+88,2.08179041e+89,4.76000000e+01,1.56907627e+96,7.56360647e+96
4.76100000e+01,4.53741340e+88,2.18722378e+89,4.76100000e+01,1.64854296e+96,7.94666930e+96
4.76200000e+01,4.76721309e+88,2.29799688e+89,4.76200000e+01,1.73203429e+96,8.34913254e+96
4.76300000e+01,5.00865111e+88,2.41438014e+89,4.76300000e+01,1.81975408e+96,8.77197875e+96
4.76400000e+01,5.26231688e+88,2.53665770e+89,4.76400000e+01,1.91191648e+96,9.21624023e+96
4.76500000e+01,5.52882968e+88,2.66512806e+89,4.76500000e+01,2.00874649e+96,9.68300157e+96
4.76600000e+01,5.80884017e+88,2.80010487e+89,4.76600000e+01,2.11048052e+96,1.01734023e+97
4.76700000e+01,6.10303194e+88,2.94191766e+89,4.76700000e+01,2.21736691e+96,1.06886396e+97
4.76800000e+01,6.41212320e+88,3.09091262e+89,4.76800000e+01,2.32966663e+96,1.12299714e+97
4.76900000e+01,6.73686855e+88,3.24745352e+89,4.76900000e+01,2.44765382e+96,1.17987192e+97
4.77000000e+01,7.07806080e+88,3.41192251e+89,4.77000000e+01,2.57161653e+96,1.23962715e+97
4.77100000e+01,7.43653291e+88,3.58472112e+89,4.77100000e+01,2.70185740e+96,1.30240872e+97
4.77200000e+01,7.81316003e+88,3.76627121e+89,4.77200000e+01,2.83869439e+96,1.36836989e+97
4.77300000e+01,8.20886163e+88,3.95701599e+89,4.77300000e+01,2.98246156e+96,1.43767171e+97
4.77400000e+01,8.62460375e+88,4.15742115e+89,4.77400000e+01,3.13350990e+96,1.51048335e+97
4.77500000e+01,9.06140134e+88,4.36797593e+89,4.77500000e+01,3.29220816e+96,1.58698257e+97
4.77600000e+01,9.52032078e+88,4.58919437e+89,4.77600000e+01,3.45894377e+96,1.66735614e+97
4.77700000e+01,1.00024824e+89,4.82161653e+89,4.77700000e+01,3.63412380e+96,1.75180027e+97
4.77800000e+01,1.05090634e+89,5.06580984e+89,4.77800000e+01,3.81817591e+96,1.84052111e+97
4.77900000e+01,1.10413005e+89,5.32237044e+89,4.77900000e+01,4.01154943e+96,1.93373527e+97
4.78000000e+01,1.16004929e+89,5.59192469e+89,4.78000000e+01,4.21471647e+96,2.03167031e+97
4.78100000e+01,1.21880060e+89,5.87513066e+89,4.78100000e+01,4.42817300e+96,2.13456532e+97
4.78200000e+01,1.28052740e+89,6.17267974e+89,4.78200000e+01,4.65244015e+96,2.24267151e+97
4.78300000e+01,1.34538038e+89,6.48529835e+89,4.78300000e+01,4.88806543e+96,2.35625278e+97
4.78400000e+01,1.41351788e+89,6.81374970e+89,4.78400000e+01,5.13562407e+96,2.47558645e+97
4.78500000e+01,1.48510623e+89,7.15883564e+89,4.78500000e+01,5.39572045e+96,2.60096382e+97
4.78600000e+01,1.56032022e+89,7.52139863e+89,4.78600000e+01,5.66898955e+96,2.73269100e+97
4.78700000e+01,1.63934346e+89,7.90232382e+89,4.78700000e+01,5.95609851e+96,2.87108958e+97
4.78800000e+01,1.72236887e+89,8.30254117e+89,4.78800000e+01,6.25774825e+96,3.01649742e+97
4.78900000e+01,1.80959915e+89,8.72302773e+89,4.78900000e+01,6.57467520e+96,3.16926952e+97
4.79000000e+01,1.90124725e+89,9.16481006e+89,4.79000000e+01,6.90765309e+96,3.32977884e+97
4.79100000e+01,1.99753691e+89,9.62896669e+89,4.79100000e+01,7.25749481e+96,3.49841724e+97
4.79200000e+01,2.09870322e+89,1.01166308e+90,4.79200000e+01,7.62505445e+96,3.67559642e+97
4.79300000e+01,2.20499315e+89,1.06289929e+90,4.79300000e+01,8.01122935e+96,3.86174893e+97
4.79400000e+01,2.31666619e+89,1.11673038e+90,4.79400000e+01,8.41696227e+96,4.05732924e+97
4.79500000e+01,2.43399497e+89,1.17328778e+90,4.79500000e+01,8.84324375e+96,4.26281481e+97
4.79600000e+01,2.55726592e+89,1.23270955e+90,4.79600000e+01,9.29111448e+96,4.47870731e+97
4.79700000e+01,2.68678000e+89,1.29514078e+90,4.79700000e+01,9.76166786e+96,4.70553380e+97
4.79800000e+01,2.82285339e+89,1.36073386e+90,4.79800000e+01,1.02560527e+97,4.94384803e+97
4.79900000e+01,2.96581828e+89,1.42964894e+90,4.79900000e+01,1.07754758e+97,5.19423182e+97
4.80000000e+01,3.11602371e+89,1.50205427e+90,4.80000000e+01,1.13212055e+97,5.45729642e+97
4.80100000e+01,3.27383637e+89,1.57812660e+90,4.80100000e+01,1.18945739e+97,5.73368407e+97
4.80200000e+01,3.43964153e+89,1.65805165e+90,4.80200000e+01,1.24969808e+97,6.02406951e+97
4.80300000e+01,3.61384399e+89,1.74202455e+90,4.80300000e+01,1.31298970e+97,6.32916168e+97
4.80400000e+01,3.79686902e+89,1.83025029e+90,4.80400000e+01,1.37948676e+97,6.64970540e+97
4.80500000e+01,3.98916344e+89,1.92294428e+90,4.80500000e+01,1.44935159e+97,6.98648323e+97
4.80600000e+01,4.19119672e+89,2.02033281e+90,4.80600000e+01,1.52275476e+97,7.34031735e+97
4.80700000e+01,4.40346209e+89,2.12265363e+90,4.80700000e+01,1.59987548e+97,7.71207158e+97
4.80800000e+01,4.62647774e+89,2.23015653e+90,4.80800000e+01,1.68090201e+97,8.10265350e+97
4.80900000e+01,4.86078814e+89,2.34310399e+90,4.80900000e+01,1.76603218e+97,8.51301665e+97
4.81000000e+01,5.10696531e+89,2.46177172e+90,4.81000000e+01,1.85547381e+97,8.94416286e+97
4.81100000e+01,5.36561026e+89,2.58644944e+90,4.81100000e+01,1.94944525e+97,9.39714469e+97
4.81200000e+01,5.63735441e+89,2.71744154e+90,4.81200000e+01,2.04817593e+97,9.87306803e+97
4.81300000e+01,5.92286119e+89,2.85506779e+90,4.81300000e+01,2.15190688e+97,1.03730948e+98
4.81400000e+01,6.22282761e+89,2.99966420e+90,4.81400000e+01,2.26089134e+97,1.08984456e+98
4.81500000e+01,6.53798599e+89,3.15158377e+90,4.81500000e+01,2.37539537e+97,1.14504031e+98
4.81600000e+01,6.86910572e+89,3.31119739e+90,4.81600000e+01,2.49569852e+97,1.20303148e+98
4.81700000e+01,7.21699520e+89,3.47889472e+90,4.81700000e+01,2.62209448e+97,1.26395964e+98
4.81800000e+01,7.58250371e+89,3.65508518e+90,4.81800000e+01,2.75489184e+97,1.32797354e+98
4.81900000e+01,7.96652360e+89,3.84019889e+90,4.81900000e+01,2.89441478e+97,1.39522946e+98
4.82000000e+01,8.36999238e+89,4.03468778e+90,4.82000000e+01,3.04100394e+97,1.46589159e+98
4.82100000e+01,8.79389505e+89,4.23902667e+90,4.82100000e+01,3.19501718e+97,1.54013244e+98
4.82200000e+01,9.23926649e+89,4.45371440e+90,4.82200000e+01,3.35683051e+97,1.61813326e+98
4.82300000e+01,9.70719400e+89,4.67927511e+90,4.82300000e+01,3.52683896e+97,1.70008447e+98
4.82400000e+01,1.01988199e+90,4.91625946e+90,4.82400000e+01,3.70545757e+97,1.78618614e+98
4.82500000e+01,1.07153445e+90,5.16524600e+90,4.82500000e+01,3.89312242e+97,1.87664848e+98
4.82600000e+01,1.12580288e+90,5.42684260e+90,4.82600000e+01,4.09029165e+97,1.97169233e+98
4.82700000e+01,1.18281976e+90,5.70168790e+90,4.82700000e+01,4.29744662e+97,2.07154972e+98
4.82800000e+01,1.24272429e+90,5.99045288e+90,4.82800000e+01,4.51509307e+97,2.17646445e+98
4.82900000e+01,1.30566271e+90,6.29384252e+90,4.82900000e+01,4.74376233e+97,2.28669263e+98
4.83000000e+01,1.37178869e+90,6.61259749e+90,4.83000000e+01,4.98401267e+97,2.40250338e+98
4.83100000e+01,1.44126365e+90,6.94749596e+90,4.83100000e+01,5.23643061e+97,2.52417943e+98
4.83200000e+01,1.51425720e+90,7.29935555e+90,4.83200000e+01,5.50163239e+97,2.65201783e+98
4.83300000e+01,1.59094756e+90,7.66903525e+90,4.83300000e+01,5.78026546e+97,2.78633066e+98
4.83400000e+01,1.67152193e+90,8.05743758e+90,4.83400000e+01,6.07301005e+97,2.92744585e+98
4.83500000e+01,1.75617704e+90,8.46551074e+90,4.83500000e+01,6.38058083e+97,3.07570788e+98
4.83600000e+01,1.84511955e+90,8.89425099e+90,4.83600000e+01,6.70372871e+97,3.23147872e+98
4.83700000e+01,1.93856660e+90,9.34470500e+90,4.83700000e+01,7.04324257e+97,3.39513866e+98
4.83800000e+01,2.03674632e+90,9.81797250e+90,4.83800000e+01,7.39995130e+97,3.56708725e+98
4.83900000e+01,2.13989841e+90,1.03152089e+91,4.83900000e+01,7.77472572e+97,3.74774426e+98
4.84000000e+01,2.24827469e+90,1.08376281e+91,4.84000000e+01,8.16848080e+97,3.93755073e+98
4.84100000e+01,2.36213975e+90,1.13865054e+91,4.84100000e+01,8.58217780e+97,4.13697006e+98
4.84200000e+01,2.48177156e+90,1.19631810e+91,4.84200000e+01,9.01682671e+97,4.34648909e+98
4.84300000e+01,2.60746218e+90,1.25690626e+91,4.84300000e+01,9.47348864e+97,4.56661931e+98
4.84400000e+01,2.73951848e+90,1.32056294e+91,4.84400000e+01,9.95327846e+97,4.79789815e+98
4.84500000e+01,2.87826283e+90,1.38744354e+91,4.84500000e+01,1.04573675e+98,5.04089023e+98
4.84600000e+01,3.02403397e+90,1.45771135e+91,4.84600000e+01,1.09869864e+98,5.29618876e+98
4.84700000e+01,3.17718776e+90,1.53153791e+91,4.84700000e+01,1.15434281e+98,5.56441703e+98
4.84800000e+01,3.33809810e+90,1.60910345e+91,4.84800000e+01,1.21280510e+98,5.84622986e+98
4.84900000e+01,3.50715784e+90,1.69059734e+91,4.84900000e+01,1.27422826e+98,6.14231524e+98
4.85000000e+01,3.68477969e+90,1.77621853e+91,4.85000000e+01,1.33876222e+98,6.45339603e+98
4.85100000e+01,3.87139730e+90,1.86617606e+91,4.85100000e+01,1.40656453e+98,6.78023166e+98
4.85200000e+01,4.06746625e+90,1.96068952e+91,4.85200000e+01,1.47780073e+98,7.12362006e+98
4.85300000e+01,4.27346522e+90,2.05998968e+91,4.85300000e+01,1.55264473e+98,7.48439955e+98
4.85400000e+01,4.48989711e+90,2.16431894e+91,4.85400000e+01,1.63127924e+98,7.86345090e+98
4.85500000e+01,4.71729031e+90,2.27393201e+91,4.85500000e+01,1.71389623e+98,8.26169951e+98
4.85600000e+01,4.95619996e+90,2.38909649e+91,4.85600000e+01,1.80069741e+98,8.68011762e+98
4.85700000e+01,5.20720931e+90,2.51009354e+91,4.85700000e+01,1.89189468e+98,9.11972675e+98
4.85800000e+01,5.47093117e+90,2.63721854e+91,4.85800000e+01,1.98771068e+98,9.58160010e+98
4.85900000e+01,5.74800935e+90,2.77078187e+91,4.85900000e+01,2.08837933e+98,1.00668653e+99
4.86000000e+01,6.03912031e+90,2.91110957e+91,4.86000000e+01,2.19414640e+98,1.05767070e+99
4.86100000e+01,6.34497474e+90,3.05854425e+91,4.86100000e+01,2.30527010e+98,1.11123699e+99
4.86200000e+01,6.66631932e+90,3.21344583e+91,4.86200000e+01,2.42202172e+98,1.16751617e+99
4.86300000e+01,7.00393857e+90,3.37619248e+91,4.86300000e+01,2.54468628e+98,1.22664564e+99
4.86400000e+01,7.35865672e+90,3.54718153e+91,4.86400000e+01,2.67356326e+98,1.28876975e+99
4.86500000e+01,7.73133976e+90,3.72683040e+91,4.86500000e+01,2.80896727e+98,1.35404017e+99
4.86600000e+01,8.12289753e+90,3.91557769e+91,4.86600000e+01,2.95122890e+98,1.42261625e+99
4.86700000e+01,8.53428594e+90,4.11388418e+91,4.86700000e+01,3.10069544e+98,1.49466540e+99
4.86800000e+01,8.96650935e+90,4.32223400e+91,4.86800000e+01,3.25773179e+98,1.57036351e+99
4.86900000e+01,9.42062293e+90,4.54113582e+91,4.86900000e+01,3.42272133e+98,1.64989540e+99
4.87000000e+01,9.89773533e+90,4.77112403e+91,4.87000000e+01,3.59606685e+98,1.73345522e+99
4.87100000e+01,1.03990113e+91,5.01276012e+91,4.87100000e+01,3.77819155e+98,1.82124697e+99
4.87200000e+01,1.09256747e+91,5.26663399e+91,4.87200000e+01,3.96954005e+98,1.91348498e+99
4.87300000e+01,1.14790113e+91,5.53336544e+91,4.87300000e+01,4.17057949e+98,2.01039443e+99
4.87400000e+01,1.20603718e+91,5.81360564e+91,4.87400000e+01,4.38180068e+98,2.11221192e+99
4.87500000e+01,1.26711757e+91,6.10803876e+91,4.87500000e+01,4.60371928e+98,2.21918600e+99
4.87600000e+01,1.33129141e+91,6.41738359e+91,4.87600000e+01,4.83687707e+98,2.33157784e+99
4.87700000e+01,1.39871536e+91,6.74239536e+91,4.87700000e+01,5.08184325e+98,2.44966183e+99
4.87800000e+01,1.46955404e+91,7.08386752e+91,4.87800000e+01,5.33921587e+98,2.57372624e+99
4.87900000e+01,1.54398037e+91,7.44263372e+91,4.87900000e+01,5.60962327e+98,2.70407396e+99
4.88000000e+01,1.62217607e+91,7.81956981e+91,4.88000000e+01,5.89372559e+98,2.84102321e+99
4.88100000e+01,1.70433203e+91,8.21559604e+91,4.88100000e+01,6.19221642e+98,2.98490832e+99
4.88200000e+01,1.79064883e+91,8.63167922e+91,4.88200000e+01,6.50582448e+98,3.13608058e+99
4.88300000e+01,1.88133718e+91,9.06883516e+91,4.88300000e+01,6.83531538e+98,3.29490903e+99
4.88400000e+01,1.97661849e+91,9.52813108e+91,4.88400000e+01,7.18149353e+98,3.46178143e+99
4.88500000e+01,2.07672537e+91,1.00106883e+92,4.88500000e+01,7.54520404e+98,3.63710517e+99
4.88600000e+01,2.18190222e+91,1.05176849e+92,4.88600000e+01,7.92733487e+98,3.82130827e+99
4.88700000e+01,2.29240580e+91,1.10503586e+92,4.88700000e+01,8.32881891e+98,4.01484044e+99
4.88800000e+01,2.40850590e+91,1.16100098e+92,4.88800000e+01,8.75063633e+98,4.21817415e+99
4.88900000e+01,2.53048595e+91,1.21980048e+92,4.88900000e+01,9.19381691e+98,4.43180579e+99
4.89000000e+01,2.65864374e+91,1.28157792e+92,4.89000000e+01,9.65944260e+98,4.65625693e+99
4.89100000e+01,2.79329215e+91,1.34648411e+92,4.89100000e+01,1.01486502e+99,4.89207551e+99
4.89200000e+01,2.93475990e+91,1.41467750e+92,4.89200000e+01,1.06626339e+99,5.13983725e+99
4.89300000e+01,3.08339236e+91,1.48632459e+92,4.89300000e+01,1.12026486e+99,5.40014701e+99
4.89400000e+01,3.23955239e+91,1.56160028e+92,4.89400000e+01,1.17700126e+99,5.67364029e+99
4.89500000e+01,3.40362123e+91,1.64068835e+92,4.89500000e+01,1.23661111e+99,5.96098479e+99
4.89600000e+01,3.57599941e+91,1.72378187e+92,4.89600000e+01,1.29923993e+99,6.26288200e+99
4.89700000e+01,3.75710778e+91,1.81108371e+92,4.89700000e+01,1.36504062e+99,6.58006895e+99
4.89800000e+01,3.94738848e+91,1.90280700e+92,4.89800000e+01,1.43417382e+99,6.91332001e+99
4.89900000e+01,4.14730605e+91,1.99917566e+92,4.89900000e+01,1.50680831e+99,7.26344874e+99
4.90000000e+01,4.35734855e+91,2.10042496e+92,4.90000000e+01,1.58312140e+99,7.63130992e+99
4.90100000e+01,4.57802875e+91,2.20680209e+92,4.90100000e+01,1.66329942e+99,8.01780162e+99
4.90200000e+01,4.80988543e+91,2.31856674e+92,4.90200000e+01,1.74753809e+99,8.42386740e+99
4.90300000e+01,5.05348461e+91,2.43599177e+92,4.90300000e+01,1.83604308e+99,8.85049860e+99
4.90400000e+01,5.30942099e+91,2.55936386e+92,4.90400000e+01,1.92903045e+99,9.29873675e+99
4.90500000e+01,5.57831941e+91,2.68898419e+92,4.90500000e+01,2.02672721e+99,9.76967617e+99
4.90600000e+01,5.86083633e+91,2.82516921e+92,4.90600000e+01,2.12937188e+99,1.02644666e+100
4.90700000e+01,6.15766147e+91,2.96825139e+92,4.90700000e+01,2.23721503e+99,1.07843159e+100
4.90800000e+01,6.46951947e+91,3.11858004e+92,4.90800000e+01,2.35051997e+99,1.13304932e+100
4.90900000e+01,6.79717169e+91,3.27652217e+92,4.90900000e+01,2.46956329e+99,1.19043320e+100
4.91000000e+01,7.14141803e+91,3.44246335e+92,4.91000000e+01,2.59463562e+99,1.25072332e+100
4.91100000e+01,7.50309890e+91,3.61680872e+92,4.91100000e+01,2.72604230e+99,1.31406686e+100
4.91200000e+01,7.88309729e+91,3.79998390e+92,4.91200000e+01,2.86410415e+99,1.38061846e+100
4.91300000e+01,8.28234090e+91,3.99243608e+92,4.91300000e+01,3.00915821e+99,1.45054061e+100
4.91400000e+01,8.70180441e+91,4.19463511e+92,4.91400000e+01,3.16155861e+99,1.52400400e+100
4.91500000e+01,9.14251187e+91,4.40707461e+92,4.91500000e+01,3.32167741e+99,1.60118799e+100
4.91600000e+01,9.60553919e+91,4.63027322e+92,4.91600000e+01,3.48990551e+99,1.68228100e+100
4.91700000e+01,1.00920168e+92,4.86477585e+92,4.91700000e+01,3.66665361e+99,1.76748100e+100
4.91800000e+01,1.06031323e+92,5.11115498e+92,4.91800000e+01,3.85235321e+99,1.85699601e+100
4.91900000e+01,1.11401335e+92,5.37001211e+92,4.91900000e+01,4.04745767e+99,1.95104455e+100
4.92000000e+01,1.17043314e+92,5.64197920e+92,4.92000000e+01,4.25244329e+99,2.04985622e+100
4.92100000e+01,1.22971034e+92,5.92772020e+92,4.92100000e+01,4.46781051e+99,2.15367227e+100
4.92200000e+01,1.29198967e+92,6.22793271e+92,4.92200000e+01,4.69408513e+99,2.26274613e+100
4.92300000e+01,1.35742317e+92,6.54334964e+92,4.92300000e+01,4.93181954e+99,2.37734410e+100
4.92400000e+01,1.42617058e+92,6.87474102e+92,4.92400000e+01,5.18159413e+99,2.49774594e+100
4.92500000e+01,1.49839973e+92,7.22291589e+92,4.92500000e+01,5.44401869e+99,2.62424560e+100
4.92600000e+01,1.57428698e+92,7.58872427e+92,4.92600000e+01,5.71973388e+99,2.75715190e+100
4.92700000e+01,1.65401757e+92,7.97305920e+92,4.92700000e+01,6.00941281e+99,2.89678931e+100
4.92800000e+01,1.73778616e+92,8.37685898e+92,4.92800000e+01,6.31376269e+99,3.04349873e+100
4.92900000e+01,1.82579725e+92,8.80110941e+92,4.92900000e+01,6.63352652e+99,3.19763832e+100
4.93000000e+01,1.91826572e+92,9.24684622e+92,4.93000000e+01,6.96948496e+99,3.35958440e+100
4.93100000e+01,2.01541729e+92,9.71515761e+92,4.93100000e+01,7.32245819e+99,3.52973231e+100
4.93200000e+01,2.11748916e+92,1.02071869e+93,4.93200000e+01,7.69330794e+99,3.70849746e+100
4.93300000e+01,2.22473051e+92,1.07241352e+93,4.93300000e+01,8.08293956e+99,3.89631627e+100
4.93400000e+01,2.33740316e+92,1.12672647e+93,4.93400000e+01,8.49230429e+99,4.09364726e+100
4.93500000e+01,2.45578217e+92,1.18379012e+93,4.93500000e+01,8.92240151e+99,4.30097217e+100
4.93600000e+01,2.58015655e+92,1.24374380e+93,4.93600000e+01,9.37428122e+99,4.51879717e+100
4.93700000e+01,2.71082994e+92,1.30673386e+93,4.93700000e+01,9.84904663e+99,4.74765403e+100
4.93800000e+01,2.84812135e+92,1.37291408e+93,4.93800000e+01,1.03478568e+100,4.98810147e+100
4.93900000e+01,2.99236595e+92,1.44244604e+93,4.93900000e+01,1.08719294e+100,5.24072649e+100
4.94000000e+01,3.14391590e+92,1.51549947e+93,4.94000000e+01,1.14225440e+100,5.50614584e+100
4.94100000e+01,3.30314117e+92,1.59225274e+93,4.94100000e+01,1.20010448e+100,5.78500749e+100
4.94200000e+01,3.47043049e+92,1.67289322e+93,4.94200000e+01,1.26088440e+100,6.07799224e+100
4.94300000e+01,3.64619227e+92,1.75761778e+93,4.94300000e+01,1.32474255e+100,6.38581535e+100
4.94400000e+01,3.83085560e+92,1.84663325e+93,4.94400000e+01,1.39183483e+100,6.70922833e+100
4.94500000e+01,4.02487129e+92,1.94015697e+93,4.94500000e+01,1.46232504e+100,7.04902073e+100
4.94600000e+01,4.22871302e+92,2.03841724e+93,4.94600000e+01,1.53638526e+100,7.40602209e+100
4.94700000e+01,4.44287841e+92,2.14165395e+93,4.94700000e+01,1.61419630e+100,7.78110397e+100
4.94800000e+01,4.66789032e+92,2.25011914e+93,4.94800000e+01,1.69594812e+100,8.17518208e+100
4.94900000e+01,4.90429809e+92,2.36407761e+93,4.94900000e+01,1.78184031e+100,8.58921847e+100
4.95000000e+01,5.15267884e+92,2.48380756e+93,4.95000000e+01,1.87208255e+100,9.02422396e+100
4.95100000e+01,5.41363897e+92,2.60960130e+93,4.95100000e+01,1.96689515e+100,9.48126053e+100
4.95200000e+01,5.68781556e+92,2.74176593e+93,4.95200000e+01,2.06650959e+100,9.96144395e+100
4.95300000e+01,5.97587798e+92,2.88062411e+93,4.95300000e+01,2.17116906e+100,1.04659465e+101
4.95400000e+01,6.27852946e+92,3.02651483e+93,4.95400000e+01,2.28112906e+100,1.09959999e+101
4.95500000e+01,6.59650889e+92,3.17979427e+93,4.95500000e+01,2.39665804e+100,1.15528981e+101
4.95600000e+01,6.93059255e+92,3.34083662e+93,4.95600000e+01,2.51803804e+100,1.21380007e+101
4.95700000e+01,7.28159605e+92,3.51003505e+93,4.95700000e+01,2.64556541e+100,1.27527361e+101
4.95800000e+01,7.65037631e+92,3.68780262e+93,4.95800000e+01,2.77955146e+100,1.33986051e+101
4.95900000e+01,8.03783365e+92,3.87457332e+93,4.95900000e+01,2.92032330e+100,1.40771846e+101
4.96000000e+01,8.44491396e+92,4.07080313e+93,4.96000000e+01,3.06822461e+100,1.47901310e+101
4.96100000e+01,8.87261107e+92,4.27697109e+93,4.96100000e+01,3.22361646e+100,1.55391849e+101
4.96200000e+01,9.32196912e+92,4.49358054e+93,4.96200000e+01,3.38687821e+100,1.63261751e+101
4.96300000e+01,9.79408515e+92,4.72116029e+93,4.96300000e+01,3.55840844e+100,1.71530228e+101
4.96400000e+01,1.02901117e+93,4.96026594e+93,4.96400000e+01,3.73862591e+100,1.80217467e+101
4.96500000e+01,1.08112599e+93,5.21148122e+93,4.96500000e+01,3.92797058e+100,1.89344676e+101
4.96600000e+01,1.13588018e+93,5.47541942e+93,4.96600000e+01,4.12690472e+100,1.98934136e+101
4.96700000e+01,1.19340743e+93,5.75272492e+93,4.96700000e+01,4.33591398e+100,2.09009260e+101
4.96800000e+01,1.25384818e+93,6.04407470e+93,4.96800000e+01,4.55550862e+100,2.19594644e+101
4.96900000e+01,1.31734998e+93,6.35018004e+93,4.96900000e+01,4.78622475e+100,2.30716130e+101
4.97000000e+01,1.38406786e+93,6.67178825e+93,4.97000000e+01,5.02862562e+100,2.42400870e+101
4.97100000e+01,1.45416470e+93,7.00968448e+93,4.97100000e+01,5.28330301e+100,2.54677390e+101
4.97200000e+01,1.52781164e+93,7.36469363e+93,4.97200000e+01,5.55087867e+100,2.67575660e+101
4.97300000e+01,1.60518847e+93,7.73768242e+93,4.97300000e+01,5.83200584e+100,2.81127170e+101
4.97400000e+01,1.68648408e+93,8.12956141e+93,4.97400000e+01,6.12737085e+100,2.95365003e+101
4.97500000e+01,1.77189695e+93,8.54128733e+93,4.97500000e+01,6.43769477e+100,3.10323919e+101
4.97600000e+01,1.86163561e+93,8.97386531e+93,4.97600000e+01,6.76373520e+100,3.26040438e+101
4.97700000e+01,1.95591912e+93,9.42835144e+93,4.97700000e+01,7.10628813e+100,3.42552927e+101
4.97800000e+01,2.05497767e+93,9.90585526e+93,4.97800000e+01,7.46618983e+100,3.59901700e+101
4.97900000e+01,2.15905310e+93,1.04075425e+94,4.97900000e+01,7.84431894e+100,3.78129111e+101
4.98000000e+01,2.26839948e+93,1.09346380e+94,4.98000000e+01,8.24159860e+100,3.97279659e+101
4.98100000e+01,2.38328376e+93,1.14884285e+94,4.98100000e+01,8.65899870e+100,4.17400096e+101
4.98200000e+01,2.50398642e+93,1.20702660e+94,4.98200000e+01,9.09753824e+100,4.38539543e+101
4.98300000e+01,2.63080213e+93,1.26815709e+94,4.98300000e+01,9.55828785e+100,4.60749609e+101
4.98400000e+01,2.76404049e+93,1.33238358e+94,4.98400000e+01,1.00423724e+101,4.84084516e+101
4.98500000e+01,2.90402677e+93,1.39986284e+94,4.98500000e+01,1.05509736e+101,5.08601230e+101
4.98600000e+01,3.05110274e+93,1.47075963e+94,4.98600000e+01,1.10853332e+101,5.34359607e+101
4.98700000e+01,3.20562744e+93,1.54524703e+94,4.98700000e+01,1.16467557e+101,5.61422531e+101
4.98800000e+01,3.36797813e+93,1.62350688e+94,4.98800000e+01,1.22366118e+101,5.89856070e+101
4.98900000e+01,3.53855115e+93,1.70573024e+94,4.98900000e+01,1.28563414e+101,6.19729641e+101
4.99000000e+01,3.71776294e+93,1.79211784e+94,4.99000000e+01,1.35074576e+101,6.51116175e+101
4.99100000e+01,3.90605100e+93,1.88288059e+94,4.99100000e+01,1.41915499e+101,6.84092296e+101
4.99200000e+01,4.10387500e+93,1.97824007e+94,4.99200000e+01,1.49102884e+101,7.18738510e+101
4.99300000e+01,4.31171791e+93,2.07842908e+94,4.99300000e+01,1.56654278e+101,7.55139400e+101
4.99400000e+01,4.53008713e+93,2.18369221e+94,4.99400000e+01,1.64588117e+101,7.93383832e+101
4.99500000e+01,4.75951578e+93,2.29428645e+94,4.99500000e+01,1.72923768e+101,8.33565173e+101
4.99600000e+01,5.00056396e+93,2.41048180e+94,4.99600000e+01,1.81681584e+101,8.75781520e+101
4.99700000e+01,5.25382015e+93,2.53256192e+94,4.99700000e+01,1.90882943e+101,9.20135936e+101
4.99800000e+01,5.51990263e+93,2.66082485e+94,4.99800000e+01,2.00550310e+101,9.66736704e+101
4.99900000e+01,5.79946101e+93,2.79558372e+94,4.99900000e+01,2.10707286e+101,1.01569759e+102
5.00000000e+01,6.09317776e+93,2.93716753e+94,5.00000000e+01,2.21378667e+101,1.06713813e+102
