t_group1,rate_exp_group1,rate_model_group1,strain_exp_group1,strain_model_group1,t_group2,rate_exp_group2,rate_model_group2,strain_exp_group2,strain_model_group2,t_group3,rate_exp_group3,rate_model_group3,strain_exp_group3,strain_model_group3
0.00000000e+00,4.00000000e-03,1.23005649e-02,4.00400400e-05,2.55210255e-03,0.00000000e+00,8.00000000e-03,2.47912684e-02,8.00800801e-05,5.12399598e-03,0.00000000e+00,2.00000000e-02,6.34605123e-02,2.00200200e-04,1.29657819e-02
1.00100100e-02,4.00000000e-03,1.23034577e-02,8.00800801e-05,2.67524580e-03,1.00100100e-02,8.00000000e-03,2.48029779e-02,1.60160160e-04,5.37221543e-03,1.00100100e-02,2.00000000e-02,6.35364101e-02,4.00400400e-04,1.36014020e-02
2.00200200e-02,4.00000000e-03,1.23064776e-02,1.20120120e-04,2.79841928e-03,2.00200200e-02,8.00000000e-03,2.48152072e-02,2.40240240e-04,5.62055723e-03,2.00200200e-02,2.00000000e-02,6.36157895e-02,6.00600601e-04,1.42378158e-02
3.00300300e-02,4.00000000e-03,1.23094989e-02,1.60160160e-04,2.92162300e-03,3.00300300e-02,8.00000000e-03,2.48274483e-02,3.20320320e-04,5.86902151e-03,3.00300300e-02,2.00000000e-02,6.36953609e-02,8.00800801e-04,1.48750252e-02
4.00400400e-02,4.00000000e-03,1.23125217e-02,2.00200200e-04,3.04485696e-03,4.00400400e-02,7.99999999e-03,2.48397009e-02,4.00400400e-04,6.11760839e-03,4.00400400e-02,1.99999999e-02,6.37751226e-02,1.00100100e-03,1.55130321e-02
5.00500501e-02,3.99999999e-03,1.23155458e-02,2.40240240e-04,3.16812119e-03,5.00500501e-02,7.99999998e-03,2.48519650e-02,4.80480480e-04,6.36631797e-03,5.00500501e-02,1.99999999e-02,6.38550733e-02,1.20120120e-03,1.61518383e-02
6.00600601e-02,3.99999998e-03,1.23185714e-02,2.80280280e-04,3.29141570e-03,6.00600601e-02,7.99999994e-03,2.48642405e-02,5.60560560e-04,6.61515037e-03,6.00600601e-02,1.99999997e-02,6.39352119e-02,1.40140140e-03,1.67914459e-02
7.00700701e-02,3.99999995e-03,1.23215984e-02,3.20320319e-04,3.41474050e-03,7.00700701e-02,7.99999989e-03,2.48765272e-02,6.40640639e-04,6.86410571e-03,7.00700701e-02,1.99999995e-02,6.40155372e-02,1.60160159e-03,1.74318566e-02
8.00800801e-02,3.99999990e-03,1.23246267e-02,3.60360358e-04,3.53809561e-03,8.00800801e-02,7.99999979e-03,2.48888251e-02,7.20720717e-04,7.11318410e-03,8.00800801e-02,1.99999992e-02,6.40960480e-02,1.80180178e-03,1.80730723e-02
9.00900901e-02,3.99999983e-03,1.23276564e-02,4.00400397e-04,3.66148104e-03,9.00900901e-02,7.99999963e-03,2.49011342e-02,8.00800793e-04,7.36238565e-03,9.00900901e-02,1.99999987e-02,6.41767434e-02,2.00200197e-03,1.87150949e-02
1.00100100e-01,3.99999971e-03,1.23306874e-02,4.40440434e-04,3.78489680e-03,1.00100100e-01,7.99999939e-03,2.49134542e-02,8.80880867e-04,7.61171047e-03,1.00100100e-01,1.99999979e-02,6.42576224e-02,2.20220215e-03,1.93579262e-02
1.10110110e-01,3.99999954e-03,1.23337198e-02,4.80480469e-04,3.90834291e-03,1.10110110e-01,7.99999904e-03,2.49257852e-02,9.60960937e-04,7.86115867e-03,1.10110110e-01,1.99999968e-02,6.43386840e-02,2.40240232e-03,2.00015681e-02
1.20120120e-01,3.99999930e-03,1.23367535e-02,5.20520502e-04,4.03181939e-03,1.20120120e-01,7.99999854e-03,2.49381271e-02,1.04104100e-03,8.11073035e-03,1.20120120e-01,1.99999954e-02,6.44199275e-02,2.60260247e-03,2.06460223e-02
1.30130130e-01,3.99999896e-03,1.23397885e-02,5.60560532e-04,4.15532623e-03,1.30130130e-01,7.99999785e-03,2.49504798e-02,1.12112106e-03,8.36042564e-03,1.30130130e-01,1.99999934e-02,6.45013521e-02,2.80280261e-03,2.12912908e-02
1.40140140e-01,3.99999851e-03,1.23428248e-02,6.00600557e-04,4.27886346e-03,1.40140140e-01,7.99999694e-03,2.49628432e-02,1.20120111e-03,8.61024463e-03,1.40140140e-01,1.99999908e-02,6.45829571e-02,3.00300271e-03,2.19373752e-02
1.50150150e-01,3.99999793e-03,1.23458625e-02,6.40640576e-04,4.40243110e-03,1.50150150e-01,7.99999574e-03,2.49752174e-02,1.28128115e-03,8.86018744e-03,1.50150150e-01,1.99999874e-02,6.46647418e-02,3.20320279e-03,2.25842774e-02
1.60160160e-01,3.99999717e-03,1.23489014e-02,6.80680588e-04,4.52602915e-03,1.60160160e-01,7.99999420e-03,2.49876021e-02,1.36136117e-03,9.11025416e-03,1.60160160e-01,1.99999832e-02,6.47467055e-02,3.40340282e-03,2.32319992e-02
1.70170170e-01,3.99999621e-03,1.23519416e-02,7.20720590e-04,4.64965762e-03,1.70170170e-01,7.99999225e-03,2.49999974e-02,1.44144117e-03,9.36044491e-03,1.70170170e-01,1.99999778e-02,6.48288478e-02,3.60360280e-03,2.38805424e-02
1.80180180e-01,3.99999501e-03,1.23549831e-02,7.60760580e-04,4.77331653e-03,1.80180180e-01,7.99998982e-03,2.50124033e-02,1.52152115e-03,9.61075980e-03,1.80180180e-01,1.99999712e-02,6.49111680e-02,3.80380271e-03,2.45299088e-02
1.90190190e-01,3.99999353e-03,1.23580259e-02,8.00800556e-04,4.89700590e-03,1.90190190e-01,7.99998683e-03,2.50248196e-02,1.60160110e-03,9.86119893e-03,1.90190190e-01,1.99999632e-02,6.49936658e-02,4.00400254e-03,2.51801002e-02
2.00200200e-01,3.99999172e-03,1.23610700e-02,8.40840513e-04,5.02072573e-03,2.00200200e-01,7.99998319e-03,2.50372464e-02,1.68168101e-03,1.01117624e-02,2.00200200e-01,1.99999534e-02,6.50763406e-02,4.20420228e-03,2.58311183e-02
2.10210210e-01,3.99998955e-03,1.23641153e-02,8.80880448e-04,5.14447604e-03,2.10210210e-01,7.99997880e-03,2.50496835e-02,1.76176088e-03,1.03624503e-02,2.10210210e-01,1.99999417e-02,6.51591921e-02,4.40440189e-03,2.64829649e-02
2.20220220e-01,3.99998695e-03,1.23671619e-02,9.20920358e-04,5.26825684e-03,2.20220220e-01,7.99997356e-03,2.50621310e-02,1.84184069e-03,1.06132628e-02,2.20220220e-01,1.99999278e-02,6.52422199e-02,4.60460137e-03,2.71356418e-02
2.30230230e-01,3.99998388e-03,1.23702097e-02,9.60960236e-04,5.39206814e-03,2.30230230e-01,7.99996737e-03,2.50745888e-02,1.92192045e-03,1.08641999e-02,2.30230230e-01,1.99999115e-02,6.53254237e-02,4.80480069e-03,2.77891507e-02
2.40240240e-01,3.99998027e-03,1.23732587e-02,1.00100008e-03,5.51590996e-03,2.40240240e-01,7.99996009e-03,2.50870568e-02,2.00200013e-03,1.11152618e-02,2.40240240e-01,1.99998924e-02,6.54088033e-02,5.00499981e-03,2.84434934e-02
2.50250250e-01,3.99997607e-03,1.23763091e-02,1.04103988e-03,5.63978230e-03,2.50250250e-01,7.99995162e-03,2.50995351e-02,2.08207972e-03,1.13664485e-02,2.50250250e-01,1.99998702e-02,6.54923582e-02,5.20519871e-03,2.90986716e-02
2.60260260e-01,3.99997120e-03,1.23793606e-02,1.08107963e-03,5.76368519e-03,2.60260260e-01,7.99994182e-03,2.51120236e-02,2.16215922e-03,1.16177602e-02,2.60260260e-01,1.99998446e-02,6.55760882e-02,5.40539735e-03,2.97546871e-02
2.70270270e-01,3.99996559e-03,1.23824134e-02,1.12111933e-03,5.88761863e-03,2.70270270e-01,7.99993054e-03,2.51245223e-02,2.24223861e-03,1.18691970e-02,2.70270270e-01,1.99998152e-02,6.56599937e-02,5.60559570e-03,3.04115417e-02
2.80280280e-01,3.99995918e-03,1.23854674e-02,1.16115896e-03,6.01158263e-03,2.80280280e-01,7.99991765e-03,2.51370311e-02,2.32231786e-03,1.21207589e-02,2.80280280e-01,1.99997817e-02,6.57440738e-02,5.80579372e-03,3.10692370e-02
2.90290290e-01,3.99995188e-03,1.23885226e-02,1.20119852e-03,6.13557721e-03,2.90290290e-01,7.99990298e-03,2.51495501e-02,2.40239697e-03,1.23724461e-02,2.90290290e-01,1.99997436e-02,6.58283287e-02,6.00599135e-03,3.17277749e-02
3.00300300e-01,3.99994362e-03,1.23915791e-02,1.24123799e-03,6.25960237e-03,3.00300300e-01,7.99988637e-03,2.51620791e-02,2.48247591e-03,1.26242586e-02,3.00300300e-01,1.99997006e-02,6.59127582e-02,6.20618855e-03,3.23871572e-02
3.10310310e-01,3.99993431e-03,1.23946367e-02,1.28127737e-03,6.38365814e-03,3.10310310e-01,7.99986766e-03,2.51746182e-02,2.56255467e-03,1.28761966e-02,3.10310310e-01,1.99996523e-02,6.59973622e-02,6.40638527e-03,3.30473854e-02
3.20320320e-01,3.99992387e-03,1.23976956e-02,1.32131665e-03,6.50774452e-03,3.20320320e-01,7.99984668e-03,2.51871673e-02,2.64263321e-03,1.31282602e-02,3.20320320e-01,1.99995982e-02,6.60821408e-02,6.60658145e-03,3.37084615e-02
3.30330330e-01,3.99991220e-03,1.24007557e-02,1.36135581e-03,6.63186153e-03,3.30330330e-01,7.99982325e-03,2.51997265e-02,2.72271153e-03,1.33804495e-02,3.30330330e-01,1.99995378e-02,6.61670938e-02,6.80677703e-03,3.43703871e-02
3.40340340e-01,3.99989922e-03,1.24038170e-02,1.40139485e-03,6.75600918e-03,3.40340340e-01,7.99979717e-03,2.52122957e-02,2.80278958e-03,1.36327645e-02,3.40340340e-01,1.99994707e-02,6.62522213e-02,7.00697193e-03,3.50331639e-02
3.50350350e-01,3.99988482e-03,1.24068795e-02,1.44143373e-03,6.88018747e-03,3.50350350e-01,7.99976826e-03,2.52248749e-02,2.88286734e-03,1.38852054e-02,3.50350350e-01,1.99993964e-02,6.63375233e-02,7.20716609e-03,3.56967938e-02
3.60360360e-01,3.99986891e-03,1.24099432e-02,1.48147246e-03,7.00439643e-03,3.60360360e-01,7.99973631e-03,2.52374640e-02,2.96294478e-03,1.41377723e-02,3.60360360e-01,1.99993145e-02,6.64229997e-02,7.40735942e-03,3.63612785e-02
3.70370370e-01,3.99985139e-03,1.24130081e-02,1.52151101e-03,7.12863606e-03,3.70370370e-01,7.99970114e-03,2.52500631e-02,3.04302186e-03,1.43904652e-02,3.70370370e-01,1.99992243e-02,6.65086507e-02,7.60755186e-03,3.70266198e-02
3.80380380e-01,3.99983215e-03,1.24160742e-02,1.56154937e-03,7.25290638e-03,3.80380380e-01,7.99966253e-03,2.52626722e-02,3.12309857e-03,1.46432843e-02,3.80380380e-01,1.99991254e-02,6.65944764e-02,7.80774330e-03,3.76928193e-02
3.90390390e-01,3.99981109e-03,1.24191415e-02,1.60158752e-03,7.37720740e-03,3.90390390e-01,7.99962028e-03,2.52752912e-02,3.20317485e-03,1.48962297e-02,3.90390390e-01,1.99990173e-02,6.66804767e-02,8.00793367e-03,3.83598789e-02
4.00400400e-01,3.99978811e-03,1.24222100e-02,1.64162544e-03,7.50153913e-03,4.00400400e-01,7.99957416e-03,2.52879201e-02,3.28325066e-03,1.51493015e-02,4.00400400e-01,1.99988995e-02,6.67666519e-02,8.20812285e-03,3.90278003e-02
4.10410410e-01,3.99976308e-03,1.24252797e-02,1.68166311e-03,7.62590157e-03,4.10410410e-01,7.99952396e-03,2.53005590e-02,3.36332598e-03,1.54024997e-02,4.10410410e-01,1.99987712e-02,6.68530020e-02,8.40831075e-03,3.96965852e-02
4.20420420e-01,3.99973592e-03,1.24283506e-02,1.72170051e-03,7.75029476e-03,4.20420420e-01,7.99946946e-03,2.53132077e-02,3.44340075e-03,1.56558245e-02,4.20420420e-01,1.99986322e-02,6.69395272e-02,8.60849726e-03,4.03662353e-02
4.30430430e-01,3.99970649e-03,1.24314226e-02,1.76173761e-03,7.87471868e-03,4.30430430e-01,7.99941044e-03,2.53258663e-02,3.52347493e-03,1.59092759e-02,4.30430430e-01,1.99984816e-02,6.70262276e-02,8.80868226e-03,4.10367525e-02
4.40440440e-01,3.99967469e-03,1.24344959e-02,1.80177439e-03,7.99917337e-03,4.40440440e-01,7.99934667e-03,2.53385348e-02,3.60354847e-03,1.61628541e-02,4.40440440e-01,1.99983191e-02,6.71131034e-02,9.00886564e-03,4.17081385e-02
4.50450450e-01,3.99964041e-03,1.24375703e-02,1.84181083e-03,8.12365882e-03,4.50450450e-01,7.99927792e-03,2.53512132e-02,3.68362132e-03,1.64165592e-02,4.50450450e-01,1.99981440e-02,6.72001548e-02,9.20904726e-03,4.23803950e-02
4.60460460e-01,3.99960354e-03,1.24406459e-02,1.88184690e-03,8.24817506e-03,4.60460460e-01,7.99920398e-03,2.53639015e-02,3.76369343e-03,1.66703912e-02,4.60460460e-01,1.99979557e-02,6.72873820e-02,9.40922699e-03,4.30535238e-02
4.70470470e-01,3.99956395e-03,1.24437227e-02,1.92188258e-03,8.37272209e-03,4.70470470e-01,7.99912460e-03,2.53765996e-02,3.84376475e-03,1.69243503e-02,4.70470470e-01,1.99977538e-02,6.73747851e-02,9.60940471e-03,4.37275266e-02
4.80480480e-01,3.99952153e-03,1.24468007e-02,1.96191783e-03,8.49729992e-03,4.80480480e-01,7.99903956e-03,2.53893076e-02,3.92383521e-03,1.71784366e-02,4.80480480e-01,1.99975375e-02,6.74623645e-02,9.80958026e-03,4.44024053e-02
4.90490490e-01,3.99947618e-03,1.24498798e-02,2.00195263e-03,8.62190857e-03,4.90490490e-01,7.99894863e-03,2.54020254e-02,4.00390477e-03,1.74326501e-02,4.90490490e-01,1.99973064e-02,6.75501203e-02,1.00097535e-02,4.50781615e-02
5.00500501e-01,3.99942777e-03,1.24529601e-02,2.04198694e-03,8.74654805e-03,5.00500501e-01,7.99885159e-03,2.54147531e-02,4.08397335e-03,1.76869910e-02,5.00500501e-01,1.99970598e-02,6.76380527e-02,1.02099243e-02,4.57547972e-02
5.10510511e-01,3.99937620e-03,1.24560416e-02,2.08202073e-03,8.87121837e-03,5.10510511e-01,7.99874821e-03,2.54274907e-02,4.16404090e-03,1.79414593e-02,5.10510511e-01,1.99967972e-02,6.77261621e-02,1.04100924e-02,4.64323139e-02
5.20520521e-01,3.99932135e-03,1.24591243e-02,2.12205398e-03,8.99591954e-03,5.20520521e-01,7.99863826e-03,2.54402381e-02,4.24410735e-03,1.81960552e-02,5.20520521e-01,1.99965181e-02,6.78144487e-02,1.06102578e-02,4.71107135e-02
5.30530531e-01,3.99926311e-03,1.24622082e-02,2.16208664e-03,9.12065157e-03,5.30530531e-01,7.99852153e-03,2.54529953e-02,4.32417263e-03,1.84507787e-02,5.30530531e-01,1.99962219e-02,6.79029128e-02,1.08104201e-02,4.77899978e-02
5.40540541e-01,3.99920137e-03,1.24652932e-02,2.20211869e-03,9.24541448e-03,5.40540541e-01,7.99839781e-03,2.54657624e-02,4.40423668e-03,1.87056300e-02,5.40540541e-01,1.99959080e-02,6.79915546e-02,1.10105794e-02,4.84701686e-02
5.50550551e-01,3.99913604e-03,1.24683794e-02,2.24215008e-03,9.37020827e-03,5.50550551e-01,7.99826686e-03,2.54785393e-02,4.48429941e-03,1.89606091e-02,5.50550551e-01,1.99955760e-02,6.80803745e-02,1.12107353e-02,4.91512276e-02
5.60560561e-01,3.99906699e-03,1.24714668e-02,2.28218078e-03,9.49503297e-03,5.60560561e-01,7.99812850e-03,2.54913261e-02,4.56436075e-03,1.92157162e-02,5.60560561e-01,1.99952252e-02,6.81693728e-02,1.14108877e-02,4.98331767e-02
5.70570571e-01,3.99899414e-03,1.24745553e-02,2.32221075e-03,9.61988858e-03,5.70570571e-01,7.99798251e-03,2.55041227e-02,4.64442064e-03,1.94709513e-02,5.70570571e-01,1.99948552e-02,6.82585497e-02,1.16110364e-02,5.05160175e-02
5.80580581e-01,3.99891738e-03,1.24776450e-02,2.36223996e-03,9.74477511e-03,5.80580581e-01,7.99782869e-03,2.55169292e-02,4.72447898e-03,1.97263146e-02,5.80580581e-01,1.99944654e-02,6.83479057e-02,1.18111812e-02,5.11997520e-02
5.90590591e-01,3.99883662e-03,1.24807359e-02,2.40226835e-03,9.86969258e-03,5.90590591e-01,7.99766686e-03,2.55297455e-02,4.80453571e-03,1.99818061e-02,5.90590591e-01,1.99940555e-02,6.84374409e-02,1.20113219e-02,5.18843818e-02
6.00600601e-01,3.99875176e-03,1.24838280e-02,2.44229590e-03,9.99464099e-03,6.00600601e-01,7.99749682e-03,2.55425717e-02,4.88459073e-03,2.02374260e-02,6.00600601e-01,1.99936249e-02,6.85271558e-02,1.22114583e-02,5.25699089e-02
6.10610611e-01,3.99866271e-03,1.24869212e-02,2.48232255e-03,1.01196204e-02,6.10610611e-01,7.99731841e-03,2.55554077e-02,4.96464397e-03,2.04931743e-02,6.10610611e-01,1.99931732e-02,6.86170508e-02,1.24115901e-02,5.32563349e-02
6.20620621e-01,3.99856940e-03,1.24900156e-02,2.52234827e-03,1.02446307e-02,6.20620621e-01,7.99713144e-03,2.55682535e-02,5.04469533e-03,2.07490511e-02,6.20620621e-01,1.99926999e-02,6.87071260e-02,1.26117173e-02,5.39436617e-02
6.30630631e-01,3.99847173e-03,1.24931112e-02,2.56237301e-03,1.03696720e-02,6.30630631e-01,7.99693577e-03,2.55811092e-02,5.12474474e-03,2.10050566e-02,6.30630631e-01,1.99922047e-02,6.87973820e-02,1.28118394e-02,5.46318911e-02
6.40640641e-01,3.99836964e-03,1.24962079e-02,2.60239673e-03,1.04947443e-02,6.40640641e-01,7.99673123e-03,2.55939746e-02,5.20479210e-03,2.12611909e-02,6.40640641e-01,1.99916872e-02,6.88878191e-02,1.30119564e-02,5.53210249e-02
6.50650651e-01,3.99826305e-03,1.24993059e-02,2.64241938e-03,1.06198476e-02,6.50650651e-01,7.99651769e-03,2.56068502e-02,5.28483732e-03,2.15174539e-02,6.50650651e-01,1.99911470e-02,6.89784376e-02,1.32120680e-02,5.60110649e-02
6.60660661e-01,3.99815190e-03,1.25024049e-02,2.68244093e-03,1.07449820e-02,6.60660661e-01,7.99629502e-03,2.56197355e-02,5.36488032e-03,2.17738459e-02,6.60660661e-01,1.99905837e-02,6.90692379e-02,1.34121739e-02,5.67020129e-02
6.70670671e-01,3.99803613e-03,1.25055052e-02,2.72246131e-03,1.08701473e-02,6.70670671e-01,7.99606308e-03,2.56326307e-02,5.44492099e-03,2.20303669e-02,6.70670671e-01,1.99899972e-02,6.91602204e-02,1.36122740e-02,5.73938708e-02
6.80680681e-01,3.99791568e-03,1.25086066e-02,2.76248048e-03,1.09953437e-02,6.80680681e-01,7.99582179e-03,2.56455357e-02,5.52495924e-03,2.22870171e-02,6.80680681e-01,1.99893871e-02,6.92513856e-02,1.38123680e-02,5.80866404e-02
6.90690691e-01,3.99779050e-03,1.25117092e-02,2.80249841e-03,1.11205712e-02,6.90690691e-01,7.99557103e-03,2.56584507e-02,5.60499499e-03,2.25437965e-02,6.90690691e-01,1.99887532e-02,6.93427337e-02,1.40124556e-02,5.87803235e-02
7.00700701e-01,3.99766055e-03,1.25148129e-02,2.84251503e-03,1.12458297e-02,7.00700701e-01,7.99531073e-03,2.56713755e-02,5.68502813e-03,2.28007052e-02,7.00700701e-01,1.99880952e-02,6.94342652e-02,1.42125366e-02,5.94749219e-02
7.10710711e-01,3.99752580e-03,1.25179179e-02,2.88253030e-03,1.13711193e-02,7.10710711e-01,7.99504081e-03,2.56843101e-02,5.76505857e-03,2.30577433e-02,7.10710711e-01,1.99874130e-02,6.95259806e-02,1.44126108e-02,6.01704375e-02
7.20720721e-01,3.99738622e-03,1.25210240e-02,2.92254418e-03,1.14964399e-02,7.20720721e-01,7.99476122e-03,2.56972547e-02,5.84508621e-03,2.33149110e-02,7.20720721e-01,1.99867065e-02,6.96178801e-02,1.46126780e-02,6.08668722e-02
7.30730731e-01,3.99724179e-03,1.25241312e-02,2.96255661e-03,1.16217917e-02,7.30730731e-01,7.99447191e-03,2.57102092e-02,5.92511095e-03,2.35722083e-02,7.30730731e-01,1.99859754e-02,6.97099643e-02,1.48127378e-02,6.15642277e-02
7.40740741e-01,3.99709249e-03,1.25272396e-02,3.00256754e-03,1.17471746e-02,7.40740741e-01,7.99417286e-03,2.57231736e-02,6.00513270e-03,2.38296353e-02,7.40740741e-01,1.99852199e-02,6.98022335e-02,1.50127900e-02,6.22625060e-02
7.50750751e-01,3.99693832e-03,1.25303492e-02,3.04257694e-03,1.18725886e-02,7.50750751e-01,7.99386405e-03,2.57361478e-02,6.08515136e-03,2.40871922e-02,7.50750751e-01,1.99844398e-02,6.98946882e-02,1.52128345e-02,6.29617090e-02
7.60760761e-01,3.99677928e-03,1.25334600e-02,3.08258474e-03,1.19980337e-02,7.60760761e-01,7.99354550e-03,2.57491321e-02,6.16516683e-03,2.43448790e-02,7.60760761e-01,1.99836351e-02,6.99873289e-02,1.54128709e-02,6.36618383e-02
7.70770771e-01,3.99661538e-03,1.25365719e-02,3.12259090e-03,1.21235100e-02,7.70770771e-01,7.99321721e-03,2.57621262e-02,6.24517902e-03,2.46026958e-02,7.70770771e-01,1.99828060e-02,7.00801558e-02,1.56128990e-02,6.43628959e-02
7.80780781e-01,3.99644664e-03,1.25396850e-02,3.16259537e-03,1.22490175e-02,7.80780781e-01,7.99287923e-03,2.57751302e-02,6.32518782e-03,2.48606427e-02,7.80780781e-01,1.99819524e-02,7.01731696e-02,1.58129185e-02,6.50648838e-02
7.90790791e-01,3.99627308e-03,1.25427993e-02,3.20259810e-03,1.23745561e-02,7.90790791e-01,7.99253161e-03,2.57881442e-02,6.40519314e-03,2.51187198e-02,7.90790791e-01,1.99810745e-02,7.02663705e-02,1.60129293e-02,6.57678036e-02
8.00800801e-01,3.99609475e-03,1.25459148e-02,3.24259905e-03,1.25001259e-02,8.00800801e-01,7.99217443e-03,2.58011681e-02,6.48519489e-03,2.53769273e-02,8.00800801e-01,1.99801726e-02,7.03597591e-02,1.62129310e-02,6.64716574e-02
8.10810811e-01,3.99591168e-03,1.25490314e-02,3.28259817e-03,1.26257268e-02,8.10810811e-01,7.99180778e-03,2.58142020e-02,6.56519296e-03,2.56352652e-02,8.10810811e-01,1.99792468e-02,7.04533359e-02,1.64129234e-02,6.71764469e-02
8.20820821e-01,3.99572394e-03,1.25521492e-02,3.32259540e-03,1.27513590e-02,8.20820821e-01,7.99143176e-03,2.58272459e-02,6.64518727e-03,2.58937336e-02,8.20820821e-01,1.99782974e-02,7.05471012e-02,1.66129064e-02,6.78821742e-02
8.30830831e-01,3.99553159e-03,1.25552681e-02,3.36259071e-03,1.28770224e-02,8.30830831e-01,7.99104651e-03,2.58402997e-02,6.72517773e-03,2.61523326e-02,8.30830831e-01,1.99773247e-02,7.06410556e-02,1.68128796e-02,6.85888410e-02
8.40840841e-01,3.99533469e-03,1.25583882e-02,3.40258405e-03,1.30027170e-02,8.40840841e-01,7.99065217e-03,2.58533634e-02,6.80516424e-03,2.64110624e-02,8.40840841e-01,1.99763292e-02,7.07351995e-02,1.70128429e-02,6.92964493e-02
8.50850851e-01,3.99513335e-03,1.25615095e-02,3.44257538e-03,1.31284429e-02,8.50850851e-01,7.99024892e-03,2.58664372e-02,6.88514671e-03,2.66699230e-02,8.50850851e-01,1.99753112e-02,7.08295333e-02,1.72127959e-02,7.00050009e-02
8.60860861e-01,3.99492765e-03,1.25646320e-02,3.48256464e-03,1.32542000e-02,8.60860861e-01,7.98983694e-03,2.58795209e-02,6.96512506e-03,2.69289144e-02,8.60860861e-01,1.99742711e-02,7.09240576e-02,1.74127386e-02,7.07144979e-02
8.70870871e-01,3.99471769e-03,1.25677556e-02,3.52255181e-03,1.33799884e-02,8.70870871e-01,7.98941644e-03,2.58926146e-02,7.04509920e-03,2.71880370e-02,8.70870871e-01,1.99732097e-02,7.10187727e-02,1.76126706e-02,7.14249420e-02
8.80880881e-01,3.99450360e-03,1.25708804e-02,3.56253683e-03,1.35058080e-02,8.80880881e-01,7.98898765e-03,2.59057184e-02,7.12506904e-03,2.74472906e-02,8.80880881e-01,1.99721273e-02,7.11136793e-02,1.78125918e-02,7.21363352e-02
8.90890891e-01,3.99428549e-03,1.25740064e-02,3.60251967e-03,1.36316590e-02,8.90890891e-01,7.98855084e-03,2.59188321e-02,7.20503452e-03,2.77066754e-02,8.90890891e-01,1.99710246e-02,7.12087777e-02,1.80125020e-02,7.28486794e-02
9.00900901e-01,3.99406351e-03,1.25771335e-02,3.64250028e-03,1.37575412e-02,9.00900901e-01,7.98810626e-03,2.59319558e-02,7.28499554e-03,2.79661916e-02,9.00900901e-01,1.99699024e-02,7.13040685e-02,1.82124009e-02,7.35619765e-02
9.10910911e-01,3.99383780e-03,1.25802619e-02,3.68247864e-03,1.38834547e-02,9.10910911e-01,7.98765422e-03,2.59450896e-02,7.36495204e-03,2.82258392e-02,9.10910911e-01,1.99687614e-02,7.13995521e-02,1.84122884e-02,7.42762285e-02
9.20920921e-01,3.99360853e-03,1.25833914e-02,3.72245470e-03,1.40093996e-02,9.20920921e-01,7.98719504e-03,2.59582334e-02,7.44490394e-03,2.84856183e-02,9.20920921e-01,1.99676023e-02,7.14952291e-02,1.86121643e-02,7.49914374e-02
9.30930931e-01,3.99337586e-03,1.25865220e-02,3.76242843e-03,1.41353758e-02,9.30930931e-01,7.98672905e-03,2.59713873e-02,7.52485118e-03,2.87455291e-02,9.30930931e-01,1.99664260e-02,7.15910998e-02,1.88120284e-02,7.57076050e-02
9.40940941e-01,3.99313997e-03,1.25896539e-02,3.80239980e-03,1.42613833e-02,9.40940941e-01,7.98625662e-03,2.59845512e-02,7.60479369e-03,2.90055715e-02,9.40940941e-01,1.99652334e-02,7.16871649e-02,1.90118806e-02,7.64247333e-02
9.50950951e-01,3.99290107e-03,1.25927869e-02,3.84236878e-03,1.43874222e-02,9.50950951e-01,7.98577814e-03,2.59977252e-02,7.68473141e-03,2.92657458e-02,9.50950951e-01,1.99640255e-02,7.17834248e-02,1.92117207e-02,7.71428242e-02
9.60960961e-01,3.99265934e-03,1.25959211e-02,3.88233534e-03,1.45134925e-02,9.60960961e-01,7.98529401e-03,2.60109092e-02,7.76466428e-03,2.95260520e-02,9.60960961e-01,1.99628034e-02,7.18798800e-02,1.94115486e-02,7.78618797e-02
9.70970971e-01,3.99241501e-03,1.25990564e-02,3.92229946e-03,1.46395941e-02,9.70970971e-01,7.98480467e-03,2.60241033e-02,7.84459225e-03,2.97864903e-02,9.70970971e-01,1.99615680e-02,7.19765311e-02,1.96113641e-02,7.85819017e-02
9.80980981e-01,3.99216831e-03,1.26021930e-02,3.96226110e-03,1.47657272e-02,9.80980981e-01,7.98431058e-03,2.60373076e-02,7.92451528e-03,3.00470606e-02,9.80980981e-01,1.99603206e-02,7.20733784e-02,1.98111671e-02,7.93028922e-02
9.90990991e-01,3.99191948e-03,1.26053307e-02,4.00222026e-03,1.48918916e-02,9.90990991e-01,7.98381221e-03,2.60505219e-02,8.00443332e-03,3.03077632e-02,9.90990991e-01,1.99590623e-02,7.21704226e-02,2.00109575e-02,8.00248532e-02
1.00100100e+00,3.99166877e-03,1.26084696e-02,4.04217690e-03,1.50180874e-02,1.00100100e+00,7.98331006e-03,2.60637463e-02,8.08434634e-03,3.05685981e-02,1.00100100e+00,1.99577944e-02,7.22676642e-02,2.02107352e-02,8.07477866e-02
1.01101101e+00,3.99141643e-03,1.26116097e-02,4.08213102e-03,1.51443147e-02,1.01101101e+00,7.98280467e-03,2.60769808e-02,8.16425429e-03,3.08295655e-02,1.01101101e+00,1.99565182e-02,7.23651036e-02,2.04105001e-02,8.14716945e-02
1.02102102e+00,3.99116276e-03,1.26147509e-02,4.12208260e-03,1.52705734e-02,1.02102102e+00,7.98229658e-03,2.60902254e-02,8.24415716e-03,3.10906654e-02,1.02102102e+00,1.99552351e-02,7.24627414e-02,2.06102523e-02,8.21965787e-02
1.03103103e+00,3.99090802e-03,1.26178933e-02,4.16203163e-03,1.53968636e-02,1.03103103e+00,7.98178637e-03,2.61034802e-02,8.32405492e-03,3.13518979e-02,1.03103103e+00,1.99539465e-02,7.25605781e-02,2.08099915e-02,8.29224413e-02
1.04104104e+00,3.99065253e-03,1.26210369e-02,4.20197810e-03,1.55231852e-02,1.04104104e+00,7.98127463e-03,2.61167451e-02,8.40394756e-03,3.16132631e-02,1.04104104e+00,1.99526540e-02,7.26586142e-02,2.10097177e-02,8.36492843e-02
1.05105105e+00,3.99039660e-03,1.26241817e-02,4.24192201e-03,1.56495383e-02,1.05105105e+00,7.98076199e-03,2.61300202e-02,8.48383507e-03,3.18747612e-02,1.05105105e+00,1.99513590e-02,7.27568503e-02,2.12094310e-02,8.43771097e-02
1.06106106e+00,3.99014054e-03,1.26273277e-02,4.28186336e-03,1.57759229e-02,1.06106106e+00,7.98024909e-03,2.61433054e-02,8.56371744e-03,3.21363922e-02,1.06106106e+00,1.99500632e-02,7.28552869e-02,2.14091314e-02,8.51059195e-02
1.07107107e+00,3.98988468e-03,1.26304748e-02,4.32180214e-03,1.59023390e-02,1.07107107e+00,7.97973661e-03,2.61566008e-02,8.64359468e-03,3.23981562e-02,1.07107107e+00,1.99487682e-02,7.29539244e-02,2.16088187e-02,8.58357156e-02
1.08108108e+00,3.98962939e-03,1.26336231e-02,4.36173837e-03,1.60287866e-02,1.08108108e+00,7.97922522e-03,2.61699064e-02,8.72346681e-03,3.26600534e-02,1.08108108e+00,1.99474759e-02,7.30527636e-02,2.18084932e-02,8.65665002e-02
1.09109109e+00,3.98937501e-03,1.26367726e-02,4.40167206e-03,1.61552657e-02,1.09109109e+00,7.97871566e-03,2.61832221e-02,8.80333383e-03,3.29220838e-02,1.09109109e+00,1.99461879e-02,7.31518048e-02,2.20081547e-02,8.72982752e-02
1.10110110e+00,3.98912191e-03,1.26399233e-02,4.44160321e-03,1.62817763e-02,1.10110110e+00,7.97820866e-03,2.61965481e-02,8.88319578e-03,3.31842476e-02,1.10110110e+00,1.99449062e-02,7.32510487e-02,2.22078034e-02,8.80310427e-02
1.11111111e+00,3.98887048e-03,1.26430752e-02,4.48153184e-03,1.64083185e-02,1.11111111e+00,7.97770497e-03,2.62098843e-02,8.96305269e-03,3.34465449e-02,1.11111111e+00,1.99436326e-02,7.33504957e-02,2.24074394e-02,8.87648047e-02
1.12112112e+00,3.98862111e-03,1.26462282e-02,4.52145798e-03,1.65348923e-02,1.12112112e+00,7.97720540e-03,2.62232307e-02,9.04290459e-03,3.37089756e-02,1.12112112e+00,1.99423692e-02,7.34501464e-02,2.26070627e-02,8.94995633e-02
1.13113113e+00,3.98837421e-03,1.26493824e-02,4.56138164e-03,1.66614976e-02,1.13113113e+00,7.97671075e-03,2.62365873e-02,9.12275155e-03,3.39715401e-02,1.13113113e+00,1.99411178e-02,7.35500014e-02,2.28066735e-02,9.02353204e-02
1.14114114e+00,3.98813018e-03,1.26525378e-02,4.60130287e-03,1.67881345e-02,1.14114114e+00,7.97622184e-03,2.62499541e-02,9.20259361e-03,3.42342382e-02,1.14114114e+00,1.99398807e-02,7.36500612e-02,2.30062719e-02,9.09720781e-02
1.15115115e+00,3.98788945e-03,1.26556944e-02,4.64122168e-03,1.69148030e-02,1.15115115e+00,7.97573954e-03,2.62633312e-02,9.28243084e-03,3.44970703e-02,1.15115115e+00,1.99386599e-02,7.37503264e-02,2.32058581e-02,9.17098385e-02
1.16116116e+00,3.98765248e-03,1.26588522e-02,4.68113812e-03,1.70415030e-02,1.16116116e+00,7.97526471e-03,2.62767186e-02,9.36226332e-03,3.47600363e-02,1.16116116e+00,1.99374577e-02,7.38507974e-02,2.34054322e-02,9.24486036e-02
1.17117117e+00,3.98741969e-03,1.26620112e-02,4.72105223e-03,1.71682347e-02,1.17117117e+00,7.97479827e-03,2.62901162e-02,9.44209113e-03,3.50231363e-02,1.17117117e+00,1.99362762e-02,7.39514749e-02,2.36049945e-02,9.31883755e-02
1.18118118e+00,3.98719157e-03,1.26651713e-02,4.76096406e-03,1.72949981e-02,1.18118118e+00,7.97434113e-03,2.63035241e-02,9.52191436e-03,3.52863705e-02,1.18118118e+00,1.99351179e-02,7.40523595e-02,2.38045453e-02,9.39291562e-02
1.19119119e+00,3.98696856e-03,1.26683326e-02,4.80087365e-03,1.74217931e-02,1.19119119e+00,7.97389423e-03,2.63169423e-02,9.60173313e-03,3.55497390e-02,1.19119119e+00,1.99339850e-02,7.41534516e-02,2.40040847e-02,9.46709479e-02
1.20120120e+00,3.98675117e-03,1.26714951e-02,4.84078107e-03,1.75486197e-02,1.20120120e+00,7.97345854e-03,2.63303708e-02,9.68154753e-03,3.58132419e-02,1.20120120e+00,1.99328800e-02,7.42547519e-02,2.42036130e-02,9.54137526e-02
1.21121121e+00,3.98653988e-03,1.26746588e-02,4.88068638e-03,1.76754780e-02,1.21121121e+00,7.97303504e-03,2.63438096e-02,9.76135769e-03,3.60768792e-02,1.21121121e+00,1.99318053e-02,7.43562609e-02,2.44031306e-02,9.61575724e-02
1.22122122e+00,3.98633519e-03,1.26778237e-02,4.92058963e-03,1.78023679e-02,1.22122122e+00,7.97262474e-03,2.63572587e-02,9.84116374e-03,3.63406511e-02,1.22122122e+00,1.99307634e-02,7.44579791e-02,2.46026377e-02,9.69024094e-02
1.23123123e+00,3.98613761e-03,1.26809898e-02,4.96049091e-03,1.79292896e-02,1.23123123e+00,7.97222867e-03,2.63707181e-02,9.92096583e-03,3.66045576e-02,1.23123123e+00,1.99297570e-02,7.45599073e-02,2.48021348e-02,9.76482657e-02
1.24124124e+00,3.98594768e-03,1.26841571e-02,5.00039029e-03,1.80562429e-02,1.24124124e+00,7.97184787e-03,2.63841879e-02,1.00007641e-02,3.68685990e-02,1.24124124e+00,1.99287886e-02,7.46620458e-02,2.50016221e-02,9.83951434e-02
1.25125125e+00,3.98576592e-03,1.26873255e-02,5.04028784e-03,1.81832280e-02,1.25125125e+00,7.97148340e-03,2.63976680e-02,1.00805587e-02,3.71327753e-02,1.25125125e+00,1.99278609e-02,7.47643953e-02,2.52011002e-02,9.91430445e-02
1.26126126e+00,3.98559288e-03,1.26904952e-02,5.08018367e-03,1.83102447e-02,1.26126126e+00,7.97113637e-03,2.64111585e-02,1.01603499e-02,3.73970865e-02,1.26126126e+00,1.99269766e-02,7.48669564e-02,2.54005695e-02,9.98919713e-02
1.27127127e+00,3.98542911e-03,1.26936660e-02,5.12007785e-03,1.84372933e-02,1.27127127e+00,7.97080786e-03,2.64246594e-02,1.02401378e-02,3.76615328e-02,1.27127127e+00,1.99261385e-02,7.49697297e-02,2.56000303e-02,1.00641926e-01
1.28128128e+00,3.98527516e-03,1.26968380e-02,5.15997050e-03,1.85643735e-02,1.28128128e+00,7.97049900e-03,2.64381706e-02,1.03199225e-02,3.79261143e-02,1.28128128e+00,1.99253494e-02,7.50727156e-02,2.57994833e-02,1.01392910e-01
1.29129129e+00,3.98513162e-03,1.27000112e-02,5.19986170e-03,1.86914855e-02,1.29129129e+00,7.97021094e-03,2.64516922e-02,1.03997044e-02,3.81908312e-02,1.29129129e+00,1.99246122e-02,7.51759150e-02,2.59989288e-02,1.02144927e-01
1.30130130e+00,3.98499906e-03,1.27031856e-02,5.23975158e-03,1.88186293e-02,1.30130130e+00,7.96994483e-03,2.64652242e-02,1.04794836e-02,3.84556834e-02,1.30130130e+00,1.99239296e-02,7.52793282e-02,2.61983676e-02,1.02897977e-01
1.31131131e+00,3.98487807e-03,1.27063612e-02,5.27964025e-03,1.89458049e-02,1.31131131e+00,7.96970185e-03,2.64787667e-02,1.05592604e-02,3.87206712e-02,1.31131131e+00,1.99233048e-02,7.53829559e-02,2.63978000e-02,1.03652064e-01
1.32132132e+00,3.98476924e-03,1.27095380e-02,5.31952783e-03,1.90730122e-02,1.32132132e+00,7.96948320e-03,2.64923195e-02,1.06390351e-02,3.89857945e-02,1.32132132e+00,1.99227407e-02,7.54867986e-02,2.65972269e-02,1.04407190e-01
1.33133133e+00,3.98467319e-03,1.27127160e-02,5.35941445e-03,1.92002514e-02,1.33133133e+00,7.96929008e-03,2.65058828e-02,1.07188077e-02,3.92510536e-02,1.33133133e+00,1.99222402e-02,7.55908571e-02,2.67966487e-02,1.05163356e-01
1.34134134e+00,3.98459052e-03,1.27158952e-02,5.39930024e-03,1.93275224e-02,1.34134134e+00,7.96912373e-03,2.65194565e-02,1.07985787e-02,3.95164485e-02,1.34134134e+00,1.99218065e-02,7.56951318e-02,2.69960662e-02,1.05920564e-01
1.35135135e+00,3.98452186e-03,1.27190756e-02,5.43918535e-03,1.94548252e-02,1.35135135e+00,7.96898538e-03,2.65330407e-02,1.08783484e-02,3.97819794e-02,1.35135135e+00,1.99214427e-02,7.57996234e-02,2.71954800e-02,1.06678818e-01
1.36136136e+00,3.98446783e-03,1.27222571e-02,5.47906991e-03,1.95821599e-02,1.36136136e+00,7.96887630e-03,2.65466353e-02,1.09581169e-02,4.00476462e-02,1.36136136e+00,1.99211520e-02,7.59043324e-02,2.73948910e-02,1.07438118e-01
1.37137137e+00,3.98442908e-03,1.27254399e-02,5.51895409e-03,1.97095264e-02,1.37137137e+00,7.96879775e-03,2.65602404e-02,1.10378846e-02,4.03134492e-02,1.37137137e+00,1.99209374e-02,7.60092595e-02,2.75942997e-02,1.08198468e-01
1.38138138e+00,3.98440624e-03,1.27286238e-02,5.55883803e-03,1.98369248e-02,1.38138138e+00,7.96875102e-03,2.65738560e-02,1.11176519e-02,4.05793885e-02,1.38138138e+00,1.99208023e-02,7.61144053e-02,2.77937072e-02,1.08959870e-01
1.39139139e+00,3.98439996e-03,1.27318090e-02,5.59872191e-03,1.99643550e-02,1.39139139e+00,7.96873741e-03,2.65874821e-02,1.11974191e-02,4.08454641e-02,1.39139139e+00,1.99207498e-02,7.62197703e-02,2.79931141e-02,1.09722325e-01
1.40140140e+00,3.98441091e-03,1.27349953e-02,5.63860591e-03,2.00918172e-02,1.40140140e+00,7.96875825e-03,2.66011187e-02,1.12771864e-02,4.11116761e-02,1.40140140e+00,1.99207834e-02,7.63253552e-02,2.81925213e-02,1.10485836e-01
1.41141141e+00,3.98443974e-03,1.27381829e-02,5.67849019e-03,2.02193112e-02,1.41141141e+00,7.96881484e-03,2.66147658e-02,1.13569543e-02,4.13780247e-02,1.41141141e+00,1.99209061e-02,7.64311606e-02,2.83919298e-02,1.11250405e-01
1.42142142e+00,3.98448712e-03,1.27413716e-02,5.71837495e-03,2.03468372e-02,1.42142142e+00,7.96890853e-03,2.66284234e-02,1.14367232e-02,4.16445100e-02,1.42142142e+00,1.99211216e-02,7.65371872e-02,2.85913404e-02,1.12016034e-01
1.43143143e+00,3.98455374e-03,1.27445616e-02,5.75826037e-03,2.04743951e-02,1.43143143e+00,7.96904068e-03,2.66420915e-02,1.15164933e-02,4.19111320e-02,1.43143143e+00,1.99214330e-02,7.66434354e-02,2.87907542e-02,1.12782726e-01
1.44144144e+00,3.98464026e-03,1.27477527e-02,5.79814666e-03,2.06019849e-02,1.44144144e+00,7.96921264e-03,2.66557703e-02,1.15962652e-02,4.21778909e-02,1.44144144e+00,1.99218439e-02,7.67499060e-02,2.89901720e-02,1.13550482e-01
1.45145145e+00,3.98474738e-03,1.27509451e-02,5.83803402e-03,2.07296067e-02,1.45145145e+00,7.96942579e-03,2.66694595e-02,1.16760393e-02,4.24447868e-02,1.45145145e+00,1.99223576e-02,7.68565995e-02,2.91895950e-02,1.14319305e-01
1.46146146e+00,3.98487580e-03,1.27541386e-02,5.87792267e-03,2.08572604e-02,1.46146146e+00,7.96968151e-03,2.66831594e-02,1.17558159e-02,4.27118197e-02,1.46146146e+00,1.99229776e-02,7.69635166e-02,2.93890242e-02,1.15089198e-01
1.47147147e+00,3.98502619e-03,1.27573334e-02,5.91781282e-03,2.09849461e-02,1.47147147e+00,7.96998120e-03,2.66968698e-02,1.18355955e-02,4.29789899e-02,1.47147147e+00,1.99237074e-02,7.70706580e-02,2.95884607e-02,1.15860162e-01
1.48148148e+00,3.98519927e-03,1.27605293e-02,5.95770470e-03,2.11126638e-02,1.48148148e+00,7.97032625e-03,2.67105908e-02,1.19153785e-02,4.32462973e-02,1.48148148e+00,1.99245505e-02,7.71780242e-02,2.97879057e-02,1.16632199e-01
1.49149149e+00,3.98539575e-03,1.27637265e-02,5.99759855e-03,2.12404135e-02,1.49149149e+00,7.97071807e-03,2.67243224e-02,1.19951655e-02,4.35137422e-02,1.49149149e+00,1.99255105e-02,7.72856158e-02,2.99873602e-02,1.17405313e-01
1.50150150e+00,3.98561633e-03,1.27669248e-02,6.03749461e-03,2.13681952e-02,1.50150150e+00,7.97115810e-03,2.67380646e-02,1.20749568e-02,4.37813246e-02,1.50150150e+00,1.99265908e-02,7.73934335e-02,3.01868256e-02,1.18179504e-01
1.51151151e+00,3.98586172e-03,1.27701244e-02,6.07739313e-03,2.14960089e-02,1.51151151e+00,7.97164775e-03,2.67518175e-02,1.21547531e-02,4.40490446e-02,1.51151151e+00,1.99277951e-02,7.75014780e-02,3.03863030e-02,1.18954777e-01
1.52152152e+00,3.98613264e-03,1.27733251e-02,6.11729436e-03,2.16238547e-02,1.52152152e+00,7.97218846e-03,2.67655809e-02,1.22345548e-02,4.43169023e-02,1.52152152e+00,1.99291269e-02,7.76097498e-02,3.05857938e-02,1.19731131e-01
1.53153153e+00,3.98642982e-03,1.27765271e-02,6.15719856e-03,2.17517325e-02,1.53153153e+00,7.97278167e-03,2.67793550e-02,1.23143624e-02,4.45848978e-02,1.53153153e+00,1.99305899e-02,7.77182496e-02,3.07852992e-02,1.20508571e-01
1.54154154e+00,3.98675398e-03,1.27797303e-02,6.19710601e-03,2.18796423e-02,1.54154154e+00,7.97342884e-03,2.67931398e-02,1.23941765e-02,4.48530313e-02,1.54154154e+00,1.99321876e-02,7.78269780e-02,3.09848206e-02,1.21287098e-01
1.55155155e+00,3.98710584e-03,1.27829347e-02,6.23701698e-03,2.20075843e-02,1.55155155e+00,7.97413140e-03,2.68069353e-02,1.24739977e-02,4.51213028e-02,1.55155155e+00,1.99339238e-02,7.79359358e-02,3.11843594e-02,1.22066715e-01
1.56156156e+00,3.98748614e-03,1.27861402e-02,6.27693175e-03,2.21355583e-02,1.56156156e+00,7.97489083e-03,2.68207414e-02,1.25538264e-02,4.53897124e-02,1.56156156e+00,1.99358020e-02,7.80451234e-02,3.13839170e-02,1.22847423e-01
1.57157157e+00,3.98789561e-03,1.27893470e-02,6.31685063e-03,2.22635644e-02,1.57157157e+00,7.97570859e-03,2.68345582e-02,1.26336633e-02,4.56582603e-02,1.57157157e+00,1.99378259e-02,7.81545417e-02,3.15834948e-02,1.23629226e-01
1.58158158e+00,3.98833497e-03,1.27925550e-02,6.35677390e-03,2.23916026e-02,1.58158158e+00,7.97658615e-03,2.68483857e-02,1.27135090e-02,4.59269466e-02,1.58158158e+00,1.99399992e-02,7.82641911e-02,3.17830944e-02,1.24412125e-01
1.59159159e+00,3.98880498e-03,1.27957642e-02,6.39670188e-03,2.25196729e-02,1.59159159e+00,7.97752497e-03,2.68622239e-02,1.27933641e-02,4.61957713e-02,1.59159159e+00,1.99423256e-02,7.83740725e-02,3.19827173e-02,1.25196123e-01
1.60160160e+00,3.98930635e-03,1.27989747e-02,6.43663487e-03,2.26477754e-02,1.60160160e+00,7.97852655e-03,2.68760728e-02,1.28732293e-02,4.64647346e-02,1.60160160e+00,1.99448087e-02,7.84841863e-02,3.21823650e-02,1.25981222e-01
1.61161161e+00,3.98983985e-03,1.28021863e-02,6.47657321e-03,2.27759100e-02,1.61161161e+00,7.97959234e-03,2.68899325e-02,1.29531051e-02,4.67338366e-02,1.61161161e+00,1.99474524e-02,7.85945334e-02,3.23820392e-02,1.26767425e-01
1.62162162e+00,3.99040620e-03,1.28053991e-02,6.51651722e-03,2.29040768e-02,1.62162162e+00,7.98072385e-03,2.69038029e-02,1.30329922e-02,4.70030774e-02,1.62162162e+00,1.99502602e-02,7.87051143e-02,3.25817415e-02,1.27554733e-01
1.63163163e+00,3.99100615e-03,1.28086132e-02,6.55646723e-03,2.30322757e-02,1.63163163e+00,7.98192255e-03,2.69176841e-02,1.31128913e-02,4.72724571e-02,1.63163163e+00,1.99532359e-02,7.88159298e-02,3.27814736e-02,1.28343150e-01
1.64164164e+00,3.99164044e-03,1.28118284e-02,6.59642359e-03,2.31605068e-02,1.64164164e+00,7.98318992e-03,2.69315760e-02,1.31928031e-02,4.75419758e-02,1.64164164e+00,1.99563832e-02,7.89269804e-02,3.29812372e-02,1.29132676e-01
1.65165165e+00,3.99230982e-03,1.28150449e-02,6.63638665e-03,2.32887701e-02,1.65165165e+00,7.98452746e-03,2.69454787e-02,1.32727283e-02,4.78116336e-02,1.65165165e+00,1.99597058e-02,7.90382669e-02,3.31810340e-02,1.29923316e-01
1.66166166e+00,3.99301503e-03,1.28182626e-02,6.67635677e-03,2.34170656e-02,1.66166166e+00,7.98593666e-03,2.69593922e-02,1.33526676e-02,4.80814307e-02,1.66166166e+00,1.99632075e-02,7.91497898e-02,3.33808659e-02,1.30715071e-01
1.67167167e+00,3.99375681e-03,1.28214815e-02,6.71633432e-03,2.35453933e-02,1.67167167e+00,7.98741899e-03,2.69733165e-02,1.34326218e-02,4.83513670e-02,1.67167167e+00,1.99668919e-02,7.92615500e-02,3.35807347e-02,1.31507944e-01
1.68168168e+00,3.99453590e-03,1.28247016e-02,6.75631966e-03,2.36737533e-02,1.68168168e+00,7.98897596e-03,2.69872516e-02,1.35125915e-02,4.86214428e-02,1.68168168e+00,1.99707628e-02,7.93735480e-02,3.37806423e-02,1.32301937e-01
1.69169169e+00,3.99535306e-03,1.28279229e-02,6.79631318e-03,2.38021454e-02,1.69169169e+00,7.99060905e-03,2.70011975e-02,1.35925776e-02,4.88916582e-02,1.69169169e+00,1.99748240e-02,7.94857846e-02,3.39805905e-02,1.33097052e-01
1.70170170e+00,3.99620903e-03,1.28311455e-02,6.83631528e-03,2.39305699e-02,1.70170170e+00,7.99231974e-03,2.70151543e-02,1.36725808e-02,4.91620132e-02,1.70170170e+00,1.99790790e-02,7.95982604e-02,3.41805812e-02,1.33893291e-01
1.71171171e+00,3.99710455e-03,1.28343692e-02,6.87632633e-03,2.40590266e-02,1.71171171e+00,7.99410953e-03,2.70291219e-02,1.37526019e-02,4.94325080e-02,1.71171171e+00,1.99835318e-02,7.97109760e-02,3.43806166e-02,1.34690658e-01
1.72172172e+00,3.99804035e-03,1.28375942e-02,6.91634676e-03,2.41875156e-02,1.72172172e+00,7.99597990e-03,2.70431003e-02,1.38326417e-02,4.97031426e-02,1.72172172e+00,1.99881859e-02,7.98239323e-02,3.45806985e-02,1.35489154e-01
1.73173173e+00,3.99901719e-03,1.28408204e-02,6.95637696e-03,2.43160368e-02,1.73173173e+00,7.99793233e-03,2.70570896e-02,1.39127011e-02,4.99739172e-02,1.73173173e+00,1.99930450e-02,7.99371298e-02,3.47808291e-02,1.36288783e-01
1.74174174e+00,4.00003581e-03,1.28440478e-02,6.99641736e-03,2.44445904e-02,1.74174174e+00,7.99996830e-03,2.70710898e-02,1.39927809e-02,5.02448319e-02,1.74174174e+00,1.99981130e-02,8.00505693e-02,3.49810104e-02,1.37089545e-01
1.75175175e+00,4.00109693e-03,1.28472764e-02,7.03646838e-03,2.45731763e-02,1.75175175e+00,8.00208929e-03,2.70851009e-02,1.40728819e-02,5.05158869e-02,1.75175175e+00,2.00033934e-02,8.01642514e-02,3.51812446e-02,1.37891445e-01
1.76176176e+00,4.00220131e-03,1.28505062e-02,7.07653045e-03,2.47017945e-02,1.76176176e+00,8.00429678e-03,2.70991229e-02,1.41530050e-02,5.07870821e-02,1.76176176e+00,2.00088900e-02,8.02781768e-02,3.53815338e-02,1.38694483e-01
1.77177177e+00,4.00334967e-03,1.28537373e-02,7.11660402e-03,2.48304450e-02,1.77177177e+00,8.00659224e-03,2.71131558e-02,1.42331510e-02,5.10584177e-02,1.77177177e+00,2.00146064e-02,8.03923463e-02,3.55818802e-02,1.39498664e-01
1.78178178e+00,4.00454276e-03,1.28569696e-02,7.15668954e-03,2.49591279e-02,1.78178178e+00,8.00897713e-03,2.71271996e-02,1.43133210e-02,5.13298939e-02,1.78178178e+00,2.00205464e-02,8.05067606e-02,3.57822861e-02,1.40303988e-01
1.79179179e+00,4.00578129e-03,1.28602031e-02,7.19678745e-03,2.50878431e-02,1.79179179e+00,8.01145293e-03,2.71412543e-02,1.43935157e-02,5.16015107e-02,1.79179179e+00,2.00267135e-02,8.06214202e-02,3.59827537e-02,1.41110459e-01
1.80180180e+00,4.00706602e-03,1.28634378e-02,7.23689822e-03,2.52165908e-02,1.80180180e+00,8.01402109e-03,2.71553200e-02,1.44737361e-02,5.18732682e-02,1.80180180e+00,2.00331115e-02,8.07363260e-02,3.61832853e-02,1.41918079e-01
1.81181181e+00,4.00839765e-03,1.28666738e-02,7.27702232e-03,2.53453708e-02,1.81181181e+00,8.01668307e-03,2.71693966e-02,1.45539832e-02,5.21451666e-02,1.81181181e+00,2.00397440e-02,8.08514787e-02,3.63838833e-02,1.42726850e-01
1.82182182e+00,4.00977692e-03,1.28699109e-02,7.31716023e-03,2.54741832e-02,1.82182182e+00,8.01944032e-03,2.71834843e-02,1.46342579e-02,5.24172060e-02,1.82182182e+00,2.00466146e-02,8.09668789e-02,3.65845502e-02,1.43536776e-01
1.83183183e+00,4.01120455e-03,1.28731493e-02,7.35731242e-03,2.56030280e-02,1.83183183e+00,8.02229429e-03,2.71975829e-02,1.47145611e-02,5.26893864e-02,1.83183183e+00,2.00537269e-02,8.10825274e-02,3.67852882e-02,1.44347858e-01
1.84184184e+00,4.01268126e-03,1.28763889e-02,7.39747940e-03,2.57319052e-02,1.84184184e+00,8.02524642e-03,2.72116924e-02,1.47948939e-02,5.29617080e-02,1.84184184e+00,2.00610845e-02,8.11984249e-02,3.69860998e-02,1.45160099e-01
1.85185185e+00,4.01420777e-03,1.28796298e-02,7.43766166e-03,2.58608149e-02,1.85185185e+00,8.02829815e-03,2.72258130e-02,1.48752573e-02,5.32341709e-02,1.85185185e+00,2.00686911e-02,8.13145720e-02,3.71869876e-02,1.45973501e-01
1.86186186e+00,4.01578480e-03,1.28828718e-02,7.47785971e-03,2.59897570e-02,1.86186186e+00,8.03145089e-03,2.72399446e-02,1.49556522e-02,5.35067753e-02,1.86186186e+00,2.00765502e-02,8.14309696e-02,3.73879541e-02,1.46788067e-01
1.87187187e+00,4.01741305e-03,1.28861151e-02,7.51807405e-03,2.61187316e-02,1.87187187e+00,8.03470609e-03,2.72540872e-02,1.50360797e-02,5.37795211e-02,1.87187187e+00,2.00846653e-02,8.15476184e-02,3.75890018e-02,1.47603800e-01
1.88188188e+00,4.01909324e-03,1.28893596e-02,7.55830522e-03,2.62477387e-02,1.88188188e+00,8.03806516e-03,2.72682409e-02,1.51165408e-02,5.40524086e-02,1.88188188e+00,2.00930400e-02,8.16645190e-02,3.77901333e-02,1.48420702e-01
1.89189189e+00,4.02082607e-03,1.28926054e-02,7.59855373e-03,2.63767782e-02,1.89189189e+00,8.04152951e-03,2.72824056e-02,1.51970366e-02,5.43254378e-02,1.89189189e+00,2.01016779e-02,8.17816722e-02,3.79913513e-02,1.49238775e-01
1.90190190e+00,4.02261225e-03,1.28958523e-02,7.63882012e-03,2.65058502e-02,1.90190190e+00,8.04510054e-03,2.72965814e-02,1.52775681e-02,5.45986088e-02,1.90190190e+00,2.01105824e-02,8.18990787e-02,3.81926585e-02,1.50058022e-01
1.91191191e+00,4.02445246e-03,1.28991005e-02,7.67910493e-03,2.66349548e-02,1.91191191e+00,8.04877965e-03,2.73107682e-02,1.53581365e-02,5.48719218e-02,1.91191191e+00,2.01197571e-02,8.20167392e-02,3.83940574e-02,1.50878446e-01
1.92192192e+00,4.02634742e-03,1.29023500e-02,7.71940870e-03,2.67640919e-02,1.92192192e+00,8.05256824e-03,2.73249661e-02,1.54387428e-02,5.51453769e-02,1.92192192e+00,2.01292055e-02,8.21346546e-02,3.85955510e-02,1.51700049e-01
1.93193193e+00,4.02829781e-03,1.29056006e-02,7.75973200e-03,2.68932615e-02,1.93193193e+00,8.05646769e-03,2.73391751e-02,1.55193881e-02,5.54189741e-02,1.93193193e+00,2.01389309e-02,8.22528255e-02,3.87971419e-02,1.52522833e-01
1.94194194e+00,4.03030432e-03,1.29088525e-02,7.80007539e-03,2.70224636e-02,1.94194194e+00,8.06047938e-03,2.73533952e-02,1.56000736e-02,5.56927137e-02,1.94194194e+00,2.01489369e-02,8.23712527e-02,3.89988329e-02,1.53346802e-01
1.95195195e+00,4.03236763e-03,1.29121056e-02,7.84043943e-03,2.71516983e-02,1.95195195e+00,8.06460467e-03,2.73676264e-02,1.56808003e-02,5.59665956e-02,1.95195195e+00,2.01592268e-02,8.24899368e-02,3.92006270e-02,1.54171958e-01
1.96196196e+00,4.03448843e-03,1.29153599e-02,7.88082470e-03,2.72809656e-02,1.96196196e+00,8.06884494e-03,2.73818688e-02,1.57615696e-02,5.62406200e-02,1.96196196e+00,2.01698041e-02,8.26088788e-02,3.94025269e-02,1.54998303e-01
1.97197197e+00,4.03666739e-03,1.29186155e-02,7.92123178e-03,2.74102654e-02,1.97197197e+00,8.07320152e-03,2.73961223e-02,1.58423824e-02,5.65147871e-02,1.97197197e+00,2.01806722e-02,8.27280792e-02,3.96045357e-02,1.55825839e-01
1.98198198e+00,4.03890519e-03,1.29218723e-02,7.96166126e-03,2.75395979e-02,1.98198198e+00,8.07767578e-03,2.74103869e-02,1.59232400e-02,5.67890969e-02,1.98198198e+00,2.01918344e-02,8.28475389e-02,3.98066561e-02,1.56654571e-01
1.99199199e+00,4.04120249e-03,1.29251304e-02,8.00211374e-03,2.76689629e-02,1.99199199e+00,8.08226905e-03,2.74246627e-02,1.60041436e-02,5.70635496e-02,1.99199199e+00,2.02032940e-02,8.29672586e-02,4.00088913e-02,1.57484499e-01
2.00200200e+00,4.04355997e-03,1.29283896e-02,8.04258982e-03,2.77983606e-02,2.00200200e+00,8.08698266e-03,2.74389497e-02,1.60850944e-02,5.73381452e-02,2.00200200e+00,2.02150545e-02,8.30872391e-02,4.02112442e-02,1.58315628e-01
2.01201201e+00,4.04597828e-03,1.29316502e-02,8.08309010e-03,2.79277909e-02,2.01201201e+00,8.09181794e-03,2.74532479e-02,1.61660936e-02,5.76128839e-02,2.01201201e+00,2.02271192e-02,8.32074811e-02,4.04137179e-02,1.59147958e-01
2.02202202e+00,4.04845809e-03,1.29349119e-02,8.12361521e-03,2.80572538e-02,2.02202202e+00,8.09677620e-03,2.74675573e-02,1.62471424e-02,5.78877658e-02,2.02202202e+00,2.02394912e-02,8.33279855e-02,4.06163154e-02,1.59981494e-01
2.03203203e+00,4.05100004e-03,1.29381749e-02,8.16416576e-03,2.81867495e-02,2.03203203e+00,8.10185874e-03,2.74818779e-02,1.63282421e-02,5.81627909e-02,2.03203203e+00,2.02521739e-02,8.34487528e-02,4.08190398e-02,1.60816238e-01
2.04204204e+00,4.05360478e-03,1.29414391e-02,8.20474238e-03,2.83162777e-02,2.04204204e+00,8.10706688e-03,2.74962097e-02,1.64093939e-02,5.84379595e-02,2.04204204e+00,2.02651705e-02,8.35697841e-02,4.10218944e-02,1.61652191e-01
2.05205205e+00,4.05627296e-03,1.29447045e-02,8.24534571e-03,2.84458387e-02,2.05205205e+00,8.11240189e-03,2.75105527e-02,1.64905991e-02,5.87132716e-02,2.05205205e+00,2.02784843e-02,8.36910799e-02,4.12248822e-02,1.62489358e-01
2.06206206e+00,4.05900523e-03,1.29479712e-02,8.28597640e-03,2.85754323e-02,2.06206206e+00,8.11786506e-03,2.75249070e-02,1.65718590e-02,5.89887274e-02,2.06206206e+00,2.02921185e-02,8.38126411e-02,4.14280065e-02,1.63327740e-01
2.07207207e+00,4.06180221e-03,1.29512391e-02,8.32663508e-03,2.87050587e-02,2.07207207e+00,8.12345766e-03,2.75392725e-02,1.66531749e-02,5.92643268e-02,2.07207207e+00,2.03060762e-02,8.39344684e-02,4.16312706e-02,1.64167340e-01
2.08208208e+00,4.06466454e-03,1.29545083e-02,8.36732241e-03,2.88347178e-02,2.08208208e+00,8.12918096e-03,2.75536493e-02,1.67345481e-02,5.95400702e-02,2.08208208e+00,2.03203607e-02,8.40565627e-02,4.18346776e-02,1.65008161e-01
2.09209209e+00,4.06759285e-03,1.29577787e-02,8.40803906e-03,2.89644096e-02,2.09209209e+00,8.13503622e-03,2.75680374e-02,1.68159799e-02,5.98159575e-02,2.09209209e+00,2.03349750e-02,8.41789246e-02,4.20382309e-02,1.65850206e-01
2.10210210e+00,4.07058777e-03,1.29610504e-02,8.44878568e-03,2.90941341e-02,2.10210210e+00,8.14102469e-03,2.75824368e-02,1.68974716e-02,6.00919888e-02,2.10210210e+00,2.03499222e-02,8.43015551e-02,4.22419338e-02,1.66693477e-01
2.11211211e+00,4.07364991e-03,1.29643232e-02,8.48956296e-03,2.92238914e-02,2.11211211e+00,8.14714761e-03,2.75968474e-02,1.69790246e-02,6.03681644e-02,2.11211211e+00,2.03652056e-02,8.44244549e-02,4.24457897e-02,1.67537977e-01
2.12212212e+00,4.07677989e-03,1.29675974e-02,8.53037156e-03,2.93536815e-02,2.12212212e+00,8.15340620e-03,2.76112694e-02,1.70606403e-02,6.06444843e-02,2.12212212e+00,2.03808282e-02,8.45476247e-02,4.26498020e-02,1.68383708e-01
2.13213213e+00,4.07997832e-03,1.29708727e-02,8.57121219e-03,2.94835044e-02,2.13213213e+00,8.15980170e-03,2.76257028e-02,1.71423200e-02,6.09209486e-02,2.13213213e+00,2.03967929e-02,8.46710654e-02,4.28539741e-02,1.69230674e-01
2.14214214e+00,4.08324582e-03,1.29741493e-02,8.61208552e-03,2.96133600e-02,2.14214214e+00,8.16633532e-03,2.76401474e-02,1.72240651e-02,6.11975575e-02,2.14214214e+00,2.04131030e-02,8.47947778e-02,4.30583095e-02,1.70078877e-01
2.15215215e+00,4.08658298e-03,1.29774272e-02,8.65299226e-03,2.97432484e-02,2.15215215e+00,8.17300826e-03,2.76546034e-02,1.73058770e-02,6.14743110e-02,2.15215215e+00,2.04297613e-02,8.49187626e-02,4.32628116e-02,1.70928319e-01
2.16216216e+00,4.08999040e-03,1.29807063e-02,8.69393310e-03,2.98731697e-02,2.16216216e+00,8.17982173e-03,2.76690708e-02,1.73877571e-02,6.17512092e-02,2.16216216e+00,2.04467710e-02,8.50430207e-02,4.34674840e-02,1.71779005e-01
2.17217217e+00,4.09346868e-03,1.29839866e-02,8.73490876e-03,3.00031238e-02,2.17217217e+00,8.18677692e-03,2.76835496e-02,1.74697068e-02,6.20282524e-02,2.17217217e+00,2.04641349e-02,8.51675529e-02,4.36723302e-02,1.72630935e-01
2.18218218e+00,4.09701841e-03,1.29872682e-02,8.77591996e-03,3.01331108e-02,2.18218218e+00,8.19387500e-03,2.76980397e-02,1.75517276e-02,6.23054405e-02,2.18218218e+00,2.04818561e-02,8.52923599e-02,4.38773538e-02,1.73484113e-01
2.19219219e+00,4.10064018e-03,1.29905510e-02,8.81696741e-03,3.02631306e-02,2.19219219e+00,8.20111717e-03,2.77125412e-02,1.76338209e-02,6.25827738e-02,2.19219219e+00,2.04999374e-02,8.54174427e-02,4.40825583e-02,1.74338543e-01
2.20220220e+00,4.10433457e-03,1.29938351e-02,8.85805184e-03,3.03931832e-02,2.20220220e+00,8.20850457e-03,2.77270542e-02,1.77159881e-02,6.28602522e-02,2.20220220e+00,2.05183818e-02,8.55428020e-02,4.42879475e-02,1.75194226e-01
2.21221221e+00,4.10810216e-03,1.29971204e-02,8.89917398e-03,3.05232688e-02,2.21221221e+00,8.21603838e-03,2.77415786e-02,1.77982307e-02,6.31378760e-02,2.21221221e+00,2.05371922e-02,8.56684387e-02,4.44935250e-02,1.76051165e-01
2.22222222e+00,4.11194353e-03,1.30004070e-02,8.94033458e-03,3.06533872e-02,2.22222222e+00,8.22371974e-03,2.77561144e-02,1.78805502e-02,6.34156453e-02,2.22222222e+00,2.05563715e-02,8.57943535e-02,4.46992945e-02,1.76909363e-01
2.23223223e+00,4.11585925e-03,1.30036948e-02,8.98153437e-03,3.07835385e-02,2.23223223e+00,8.23154979e-03,2.77706616e-02,1.79629481e-02,6.36935601e-02,2.23223223e+00,2.05759225e-02,8.59205472e-02,4.49052597e-02,1.77768823e-01
2.24224224e+00,4.11984988e-03,1.30069839e-02,9.02277411e-03,3.09137228e-02,2.24224224e+00,8.23952968e-03,2.77852203e-02,1.80454259e-02,6.39716206e-02,2.24224224e+00,2.05958481e-02,8.60470208e-02,4.51114244e-02,1.78629547e-01
2.25225225e+00,4.12391600e-03,1.30102742e-02,9.06405455e-03,3.10439400e-02,2.25225225e+00,8.24766053e-03,2.77997905e-02,1.81279851e-02,6.42498269e-02,2.25225225e+00,2.06161510e-02,8.61737750e-02,4.53177922e-02,1.79491539e-01
2.26226226e+00,4.12805815e-03,1.30135657e-02,9.10537645e-03,3.11741901e-02,2.26226226e+00,8.25594346e-03,2.78143722e-02,1.82106271e-02,6.45281791e-02,2.26226226e+00,2.06368342e-02,8.63008106e-02,4.55243672e-02,1.80354802e-01
2.27227227e+00,4.13227690e-03,1.30168586e-02,9.14674059e-03,3.13044732e-02,2.27227227e+00,8.26437958e-03,2.78289653e-02,1.82933537e-02,6.48066773e-02,2.27227227e+00,2.06579004e-02,8.64281286e-02,4.57311529e-02,1.81219337e-01
2.28228228e+00,4.13657281e-03,1.30201526e-02,9.18814772e-03,3.14347893e-02,2.28228228e+00,8.27297001e-03,2.78435700e-02,1.83761662e-02,6.50853216e-02,2.28228228e+00,2.06793523e-02,8.65557297e-02,4.59381535e-02,1.82085149e-01
2.29229229e+00,4.14094641e-03,1.30234479e-02,9.22959864e-03,3.15651383e-02,2.29229229e+00,8.28171584e-03,2.78581862e-02,1.84590662e-02,6.53641122e-02,2.29229229e+00,2.07011927e-02,8.66836148e-02,4.61453726e-02,1.82952239e-01
2.30230230e+00,4.14539826e-03,1.30267445e-02,9.27109411e-03,3.16955203e-02,2.30230230e+00,8.29061816e-03,2.78728139e-02,1.85420554e-02,6.56430492e-02,2.30230230e+00,2.07234243e-02,8.68117847e-02,4.63528143e-02,1.83820611e-01
2.31231231e+00,4.14992890e-03,1.30300423e-02,9.31263494e-03,3.18259354e-02,2.31231231e+00,8.29967806e-03,2.78874532e-02,1.86251353e-02,6.59221326e-02,2.31231231e+00,2.07460499e-02,8.69402403e-02,4.65604825e-02,1.84690267e-01
2.32232232e+00,4.15453887e-03,1.30333414e-02,9.35422192e-03,3.19563834e-02,2.32232232e+00,8.30889662e-03,2.79021040e-02,1.87083074e-02,6.62013627e-02,2.32232232e+00,2.07690722e-02,8.70689824e-02,4.67683811e-02,1.85561210e-01
2.33233233e+00,4.15922871e-03,1.30366417e-02,9.39585584e-03,3.20868645e-02,2.33233233e+00,8.31827491e-03,2.79167664e-02,1.87915734e-02,6.64807394e-02,2.33233233e+00,2.07924937e-02,8.71980119e-02,4.69765142e-02,1.86433444e-01
2.34234234e+00,4.16399894e-03,1.30399433e-02,9.43753751e-03,3.22173786e-02,2.34234234e+00,8.32781400e-03,2.79314404e-02,1.88749349e-02,6.67602630e-02,2.34234234e+00,2.08163173e-02,8.73273296e-02,4.71848857e-02,1.87306971e-01
2.35235235e+00,4.16885010e-03,1.30432461e-02,9.47926774e-03,3.23479258e-02,2.35235235e+00,8.33751494e-03,2.79461259e-02,1.89583935e-02,6.70399336e-02,2.35235235e+00,2.08405455e-02,8.74569365e-02,4.73934998e-02,1.88181794e-01
2.36236236e+00,4.17378272e-03,1.30465502e-02,9.52104735e-03,3.24785061e-02,2.36236236e+00,8.34737879e-03,2.79608231e-02,1.90419509e-02,6.73197512e-02,2.36236236e+00,2.08651810e-02,8.75868333e-02,4.76023604e-02,1.89057915e-01
2.37237237e+00,4.17879731e-03,1.30498556e-02,9.56287715e-03,3.26091194e-02,2.37237237e+00,8.35740660e-03,2.79755319e-02,1.91256086e-02,6.75997160e-02,2.37237237e+00,2.08902264e-02,8.77170210e-02,4.78114718e-02,1.89935339e-01
2.38238238e+00,4.18389440e-03,1.30531622e-02,9.60475798e-03,3.27397658e-02,2.38238238e+00,8.36759940e-03,2.79902523e-02,1.92093683e-02,6.78798281e-02,2.38238238e+00,2.09156844e-02,8.78475004e-02,4.80208380e-02,1.90814067e-01
2.39239239e+00,4.18907451e-03,1.30564701e-02,9.64669065e-03,3.28704453e-02,2.39239239e+00,8.37795825e-03,2.80049843e-02,1.92932318e-02,6.81600876e-02,2.39239239e+00,2.09415574e-02,8.79782724e-02,4.82304632e-02,1.91694103e-01
2.40240240e+00,4.19433815e-03,1.30597792e-02,9.68867602e-03,3.30011580e-02,2.40240240e+00,8.38848415e-03,2.80197280e-02,1.93772006e-02,6.84404946e-02,2.40240240e+00,2.09678481e-02,8.81093379e-02,4.84403516e-02,1.92575450e-01
2.41241241e+00,4.19968584e-03,1.30630896e-02,9.73071492e-03,3.31319038e-02,2.41241241e+00,8.39917815e-03,2.80344834e-02,1.94612765e-02,6.87210493e-02,2.41241241e+00,2.09945591e-02,8.82406977e-02,4.86505073e-02,1.93458109e-01
2.42242242e+00,4.20511808e-03,1.30664012e-02,9.77280819e-03,3.32626827e-02,2.42242242e+00,8.41004126e-03,2.80492505e-02,1.95454611e-02,6.90017517e-02,2.42242242e+00,2.10216928e-02,8.83723527e-02,4.88609347e-02,1.94342086e-01
2.43243243e+00,4.21063538e-03,1.30697141e-02,9.81495670e-03,3.33934948e-02,2.43243243e+00,8.42107450e-03,2.80640292e-02,1.96297561e-02,6.92826020e-02,2.43243243e+00,2.10492519e-02,8.85043038e-02,4.90716379e-02,1.95227382e-01
2.44244244e+00,4.21623825e-03,1.30730283e-02,9.85716128e-03,3.35243400e-02,2.44244244e+00,8.43227887e-03,2.80788196e-02,1.97141633e-02,6.95636003e-02,2.44244244e+00,2.10772389e-02,8.86365520e-02,4.92826213e-02,1.96114000e-01
2.45245245e+00,4.22192719e-03,1.30763437e-02,9.89942282e-03,3.36552184e-02,2.45245245e+00,8.44365538e-03,2.80936218e-02,1.97986844e-02,6.98447467e-02,2.45245245e+00,2.11056562e-02,8.87690980e-02,4.94938891e-02,1.97001943e-01
2.46246246e+00,4.22770270e-03,1.30796604e-02,9.94174216e-03,3.37861300e-02,2.46246246e+00,8.45520504e-03,2.81084357e-02,1.98833211e-02,7.01260414e-02,2.46246246e+00,2.11345064e-02,8.89019429e-02,4.97054457e-02,1.97891215e-01
2.47247247e+00,4.23356529e-03,1.30829784e-02,9.98412019e-03,3.39170749e-02,2.47247247e+00,8.46692884e-03,2.81232613e-02,1.99680751e-02,7.04074844e-02,2.47247247e+00,2.11637921e-02,8.90350874e-02,4.99172955e-02,1.98781818e-01
2.48248248e+00,4.23951544e-03,1.30862976e-02,1.00265578e-02,3.40480529e-02,2.48248248e+00,8.47882778e-03,2.81380987e-02,2.00529482e-02,7.06890758e-02,2.48248248e+00,2.11935156e-02,8.91685326e-02,5.01294428e-02,1.99673756e-01
2.49249249e+00,4.24555364e-03,1.30896181e-02,1.00690558e-02,3.41790642e-02,2.49249249e+00,8.49090284e-03,2.81529479e-02,2.01379423e-02,7.09708159e-02,2.49249249e+00,2.12236794e-02,8.93022793e-02,5.03418921e-02,2.00567031e-01
2.50250250e+00,4.25168041e-03,1.30929398e-02,1.01116152e-02,3.43101087e-02,2.50250250e+00,8.50315500e-03,2.81678088e-02,2.02230589e-02,7.12527046e-02,2.50250250e+00,2.12542860e-02,8.94363284e-02,5.05546477e-02,2.01461646e-01
2.51251251e+00,4.25789621e-03,1.30962628e-02,1.01542368e-02,3.44411865e-02,2.51251251e+00,8.51558526e-03,2.81826815e-02,2.03083000e-02,7.15347422e-02,2.51251251e+00,2.12853379e-02,8.95706809e-02,5.07677141e-02,2.02357605e-01
2.52252252e+00,4.26420156e-03,1.30995871e-02,1.01969215e-02,3.45722976e-02,2.52252252e+00,8.52819459e-03,2.81975660e-02,2.03936673e-02,7.18169287e-02,2.52252252e+00,2.13168376e-02,8.97053376e-02,5.09810959e-02,2.03254910e-01
2.53253253e+00,4.27059692e-03,1.31029127e-02,1.02396702e-02,3.47034419e-02,2.53253253e+00,8.54098396e-03,2.82124623e-02,2.04791627e-02,7.20992643e-02,2.53253253e+00,2.13487873e-02,8.98402995e-02,5.11947975e-02,2.04153564e-01
2.54254254e+00,4.27708279e-03,1.31062395e-02,1.02824838e-02,3.48346195e-02,2.54254254e+00,8.55395436e-03,2.82273705e-02,2.05647878e-02,7.23817490e-02,2.54254254e+00,2.13811897e-02,8.99755675e-02,5.14088234e-02,2.05053571e-01
2.55255255e+00,4.28365965e-03,1.31095675e-02,1.03253633e-02,3.49658304e-02,2.55255255e+00,8.56710673e-03,2.82422905e-02,2.06505447e-02,7.26643830e-02,2.55255255e+00,2.14140471e-02,9.01111425e-02,5.16231782e-02,2.05954934e-01
2.56256256e+00,4.29032799e-03,1.31128969e-02,1.03683095e-02,3.50970747e-02,2.56256256e+00,8.58044207e-03,2.82572224e-02,2.07364350e-02,7.29471665e-02,2.56256256e+00,2.14473619e-02,9.02470256e-02,5.18378665e-02,2.06857656e-01
2.57257257e+00,4.29708829e-03,1.31162275e-02,1.04113234e-02,3.52283523e-02,2.57257257e+00,8.59396132e-03,2.82721661e-02,2.08224606e-02,7.32300995e-02,2.57257257e+00,2.14811366e-02,9.03832175e-02,5.20528929e-02,2.07761739e-01
2.58258258e+00,4.30394103e-03,1.31195594e-02,1.04544059e-02,3.53596632e-02,2.58258258e+00,8.60766546e-03,2.82871217e-02,2.09086234e-02,7.35131821e-02,2.58258258e+00,2.15153735e-02,9.05197193e-02,5.22682620e-02,2.08667187e-01
2.59259259e+00,4.31088668e-03,1.31228926e-02,1.04975579e-02,3.54910075e-02,2.59259259e+00,8.62155545e-03,2.83020892e-02,2.09949253e-02,7.37964145e-02,2.59259259e+00,2.15500752e-02,9.06565319e-02,5.24839785e-02,2.09574004e-01
2.60260260e+00,4.31792574e-03,1.31262270e-02,1.05407804e-02,3.56223852e-02,2.60260260e+00,8.63563223e-03,2.83170685e-02,2.10813681e-02,7.40797967e-02,2.60260260e+00,2.15852438e-02,9.07936563e-02,5.27000470e-02,2.10482191e-01
2.61261261e+00,4.32505868e-03,1.31295627e-02,1.05840743e-02,3.57537963e-02,2.61261261e+00,8.64989678e-03,2.83320598e-02,2.11679536e-02,7.43633290e-02,2.61261261e+00,2.16208820e-02,9.09310933e-02,5.29164722e-02,2.11391753e-01
2.62262262e+00,4.33228598e-03,1.31328997e-02,1.06274405e-02,3.58852407e-02,2.62262262e+00,8.66435005e-03,2.83470631e-02,2.12546838e-02,7.46470114e-02,2.62262262e+00,2.16569920e-02,9.10688439e-02,5.31332589e-02,2.12302692e-01
2.63263263e+00,4.33960810e-03,1.31362379e-02,1.06708800e-02,3.60167186e-02,2.63263263e+00,8.67899299e-03,2.83620783e-02,2.13415606e-02,7.49308441e-02,2.63263263e+00,2.16935762e-02,9.12069092e-02,5.33504118e-02,2.13215011e-01
2.64264264e+00,4.34702555e-03,1.31395775e-02,1.07143938e-02,3.61482298e-02,2.64264264e+00,8.69382655e-03,2.83771054e-02,2.14285859e-02,7.52148271e-02,2.64264264e+00,2.17306371e-02,9.13452900e-02,5.35679357e-02,2.14128715e-01
2.65265265e+00,4.35453878e-03,1.31429183e-02,1.07579828e-02,3.62797746e-02,2.65265265e+00,8.70885170e-03,2.83921445e-02,2.15157616e-02,7.54989606e-02,2.65265265e+00,2.17681770e-02,9.14839874e-02,5.37858354e-02,2.15043805e-01
2.66266266e+00,4.36214827e-03,1.31462603e-02,1.08016479e-02,3.64113527e-02,2.66266266e+00,8.72406938e-03,2.84071956e-02,2.16030897e-02,7.57832447e-02,2.66266266e+00,2.18061983e-02,9.16230022e-02,5.40041157e-02,2.15960285e-01
2.67267267e+00,4.36985451e-03,1.31496037e-02,1.08453902e-02,3.65429644e-02,2.67267267e+00,8.73948055e-03,2.84222586e-02,2.16905719e-02,7.60676795e-02,2.67267267e+00,2.18447034e-02,9.17623355e-02,5.42227814e-02,2.16878158e-01
2.68268268e+00,4.37765796e-03,1.31529483e-02,1.08892106e-02,3.66746094e-02,2.68268268e+00,8.75508616e-03,2.84373337e-02,2.17782104e-02,7.63522652e-02,2.68268268e+00,2.18836947e-02,9.19019883e-02,5.44418374e-02,2.17797427e-01
2.69269269e+00,4.38555911e-03,1.31562942e-02,1.09331101e-02,3.68062880e-02,2.69269269e+00,8.77088716e-03,2.84524208e-02,2.18660071e-02,7.66370018e-02,2.69269269e+00,2.19231746e-02,9.20419615e-02,5.46612886e-02,2.18718097e-01
2.70270270e+00,4.39355843e-03,1.31596414e-02,1.09770897e-02,3.69380001e-02,2.70270270e+00,8.78688451e-03,2.84675199e-02,2.19539639e-02,7.69218895e-02,2.70270270e+00,2.19631454e-02,9.21822561e-02,5.48811399e-02,2.19640169e-01
2.71271271e+00,4.40165639e-03,1.31629899e-02,1.10211503e-02,3.70697457e-02,2.71271271e+00,8.80307915e-03,2.84826311e-02,2.20420828e-02,7.72069285e-02,2.71271271e+00,2.20036095e-02,9.23228731e-02,5.51013962e-02,2.20563647e-01
2.72272272e+00,4.40985348e-03,1.31663396e-02,1.10652930e-02,3.72015248e-02,2.72272272e+00,8.81947205e-03,2.84977543e-02,2.21303658e-02,7.74921187e-02,2.72272272e+00,2.20445693e-02,9.24638134e-02,5.53220626e-02,2.21488534e-01
2.73273273e+00,4.41815017e-03,1.31696906e-02,1.11095187e-02,3.73333375e-02,2.73273273e+00,8.83606416e-03,2.85128896e-02,2.22188149e-02,7.77774604e-02,2.73273273e+00,2.20860273e-02,9.26050782e-02,5.55431439e-02,2.22414834e-01
2.74274274e+00,4.42654694e-03,1.31730429e-02,1.11538285e-02,3.74651837e-02,2.74274274e+00,8.85285643e-03,2.85280369e-02,2.23074321e-02,7.80629537e-02,2.74274274e+00,2.21279857e-02,9.27466684e-02,5.57646453e-02,2.23342550e-01
2.75275275e+00,4.43504427e-03,1.31763965e-02,1.11982233e-02,3.75970635e-02,2.75275275e+00,8.86984982e-03,2.85431964e-02,2.23962194e-02,7.83485986e-02,2.75275275e+00,2.21704471e-02,9.28885850e-02,5.59865717e-02,2.24271684e-01
2.76276276e+00,4.44364263e-03,1.31797514e-02,1.12427042e-02,3.77289768e-02,2.76276276e+00,8.88704529e-03,2.85583680e-02,2.24851788e-02,7.86343954e-02,2.76276276e+00,2.22134138e-02,9.30308289e-02,5.62089282e-02,2.25202241e-01
2.77277277e+00,4.45234251e-03,1.31831075e-02,1.12872722e-02,3.78609238e-02,2.77277277e+00,8.90444380e-03,2.85735516e-02,2.25743124e-02,7.89203441e-02,2.77277277e+00,2.22568881e-02,9.31734013e-02,5.64317199e-02,2.26134224e-01
2.78278278e+00,4.46114439e-03,1.31864650e-02,1.13319283e-02,3.79929043e-02,2.78278278e+00,8.92204632e-03,2.85887475e-02,2.26636221e-02,7.92064448e-02,2.78278278e+00,2.23008726e-02,9.33163031e-02,5.66549518e-02,2.27067635e-01
2.79279279e+00,4.47004876e-03,1.31898237e-02,1.13766736e-02,3.81249185e-02,2.79279279e+00,8.93985381e-03,2.86039554e-02,2.27531102e-02,7.94926978e-02,2.79279279e+00,2.23453696e-02,9.34595353e-02,5.68786292e-02,2.28002479e-01
2.80280280e+00,4.47905608e-03,1.31931837e-02,1.14215090e-02,3.82569662e-02,2.80280280e+00,8.95786723e-03,2.86191756e-02,2.28427785e-02,7.97791030e-02,2.80280280e+00,2.23903816e-02,9.36030990e-02,5.71027571e-02,2.28938758e-01
2.81281281e+00,4.48816686e-03,1.31965450e-02,1.14664356e-02,3.83890477e-02,2.81281281e+00,8.97608755e-03,2.86344079e-02,2.29326292e-02,8.00656606e-02,2.81281281e+00,2.24359109e-02,9.37469951e-02,5.73273408e-02,2.29876476e-01
2.82282282e+00,4.49738157e-03,1.31999075e-02,1.15114544e-02,3.85211627e-02,2.82282282e+00,8.99451575e-03,2.86496523e-02,2.30226644e-02,8.03523708e-02,2.82282282e+00,2.24819600e-02,9.38912248e-02,5.75523855e-02,2.30815635e-01
2.83283283e+00,4.50670070e-03,1.32032714e-02,1.15565665e-02,3.86533115e-02,2.83283283e+00,9.01315281e-03,2.86649090e-02,2.31128862e-02,8.06392336e-02,2.83283283e+00,2.25285314e-02,9.40357891e-02,5.77778963e-02,2.31756241e-01
2.84284284e+00,4.51612475e-03,1.32066365e-02,1.16017730e-02,3.87854939e-02,2.84284284e+00,9.03199969e-03,2.86801779e-02,2.32032966e-02,8.09262492e-02,2.84284284e+00,2.25756275e-02,9.41806889e-02,5.80038786e-02,2.32698295e-01
2.85285285e+00,4.52565419e-03,1.32100030e-02,1.16470748e-02,3.89177100e-02,2.85285285e+00,9.05105738e-03,2.86954590e-02,2.32938978e-02,8.12134177e-02,2.85285285e+00,2.26232508e-02,9.43259254e-02,5.82303375e-02,2.33641802e-01
2.86286286e+00,4.53528954e-03,1.32133707e-02,1.16924731e-02,3.90499598e-02,2.86286286e+00,9.07032687e-03,2.87107524e-02,2.33846918e-02,8.15007393e-02,2.86286286e+00,2.26714036e-02,9.44714995e-02,5.84572785e-02,2.34586764e-01
2.87287287e+00,4.54503126e-03,1.32167397e-02,1.17379689e-02,3.91822434e-02,2.87287287e+00,9.08980915e-03,2.87260580e-02,2.34756809e-02,8.17882140e-02,2.87287287e+00,2.27200886e-02,9.46174124e-02,5.86847068e-02,2.35533185e-01
2.88288288e+00,4.55487988e-03,1.32201100e-02,1.17835633e-02,3.93145606e-02,2.88288288e+00,9.10950520e-03,2.87413759e-02,2.35668671e-02,8.20758419e-02,2.88288288e+00,2.27693081e-02,9.47636650e-02,5.89126278e-02,2.36481068e-01
2.89289289e+00,4.56483587e-03,1.32234816e-02,1.18292573e-02,3.94469116e-02,2.89289289e+00,9.12941602e-03,2.87567060e-02,2.36582527e-02,8.23636233e-02,2.89289289e+00,2.28190647e-02,9.49102586e-02,5.91410469e-02,2.37430417e-01
2.90290290e+00,4.57489975e-03,1.32268545e-02,1.18750521e-02,3.95792964e-02,2.90290290e+00,9.14954261e-03,2.87720485e-02,2.37498397e-02,8.26515582e-02,2.90290290e+00,2.28693609e-02,9.50571940e-02,5.93699694e-02,2.38381235e-01
2.91291291e+00,4.58507201e-03,1.32302286e-02,1.19209488e-02,3.97117149e-02,2.91291291e+00,9.16988599e-03,2.87874032e-02,2.38416304e-02,8.29396467e-02,2.91291291e+00,2.29201992e-02,9.52044724e-02,5.95994008e-02,2.39333526e-01
2.92292292e+00,4.59535316e-03,1.32336041e-02,1.19669483e-02,3.98441673e-02,2.92292292e+00,9.19044714e-03,2.88027703e-02,2.39336268e-02,8.32278890e-02,2.92292292e+00,2.29715821e-02,9.53520948e-02,5.98293466e-02,2.40287293e-01
2.93293293e+00,4.60574371e-03,1.32369809e-02,1.20130518e-02,3.99766534e-02,2.93293293e+00,9.21122711e-03,2.88181496e-02,2.40258313e-02,8.35162852e-02,2.93293293e+00,2.30235121e-02,9.55000624e-02,6.00598122e-02,2.41242540e-01
2.94294294e+00,4.61624416e-03,1.32403589e-02,1.20592605e-02,4.01091733e-02,2.94294294e+00,9.23222689e-03,2.88335414e-02,2.41182460e-02,8.38048354e-02,2.94294294e+00,2.30759918e-02,9.56483762e-02,6.02908031e-02,2.42199269e-01
2.95295295e+00,4.62685503e-03,1.32437383e-02,1.21055753e-02,4.02417270e-02,2.95295295e+00,9.25344751e-03,2.88489454e-02,2.42108731e-02,8.40935397e-02,2.95295295e+00,2.31290239e-02,9.57970373e-02,6.05223249e-02,2.43157485e-01
2.96296296e+00,4.63757684e-03,1.32471189e-02,1.21519975e-02,4.03743146e-02,2.96296296e+00,9.27489001e-03,2.88643619e-02,2.43037148e-02,8.43823983e-02,2.96296296e+00,2.31826108e-02,9.59460468e-02,6.07543830e-02,2.44117191e-01
2.97297297e+00,4.64841009e-03,1.32505008e-02,1.21985282e-02,4.05069360e-02,2.97297297e+00,9.29655543e-03,2.88797907e-02,2.43967734e-02,8.46714113e-02,2.97297297e+00,2.32367551e-02,9.60954057e-02,6.09869832e-02,2.45078390e-01
2.98298298e+00,4.65935531e-03,1.32538841e-02,1.22451684e-02,4.06395913e-02,2.98298298e+00,9.31844479e-03,2.88952320e-02,2.44900512e-02,8.49605788e-02,2.98298298e+00,2.32914594e-02,9.62451152e-02,6.12201309e-02,2.46041087e-01
2.99299299e+00,4.67041303e-03,1.32572686e-02,1.22919192e-02,4.07722805e-02,2.99299299e+00,9.34055915e-03,2.89106856e-02,2.45835503e-02,8.52499009e-02,2.99299299e+00,2.33467265e-02,9.63951763e-02,6.14538319e-02,2.47005283e-01
3.00300300e+00,4.68158377e-03,1.32606544e-02,1.23387819e-02,4.09050035e-02,3.00300300e+00,9.36289956e-03,2.89261517e-02,2.46772730e-02,8.55393778e-02,3.00300300e+00,2.34025588e-02,9.65455903e-02,6.16880917e-02,2.47970984e-01
3.01301301e+00,4.69286806e-03,1.32640416e-02,1.23857576e-02,4.10377604e-02,3.01301301e+00,9.38546707e-03,2.89416302e-02,2.47712216e-02,8.58290095e-02,3.01301301e+00,2.34589591e-02,9.66963581e-02,6.19229162e-02,2.48938192e-01
3.02302302e+00,4.70426643e-03,1.32674300e-02,1.24328474e-02,4.11705513e-02,3.02302302e+00,9.40826277e-03,2.89571211e-02,2.48653984e-02,8.61187963e-02,3.02302302e+00,2.35159301e-02,9.68474809e-02,6.21583109e-02,2.49906911e-01
3.03303303e+00,4.71577941e-03,1.32708197e-02,1.24800524e-02,4.13033761e-02,3.03303303e+00,9.43128771e-03,2.89726245e-02,2.49598057e-02,8.64087381e-02,3.03303303e+00,2.35734743e-02,9.69989598e-02,6.23942816e-02,2.50877144e-01
3.04304304e+00,4.72740756e-03,1.32742107e-02,1.25273737e-02,4.14362348e-02,3.04304304e+00,9.45454297e-03,2.89881404e-02,2.50544457e-02,8.66988353e-02,3.04304304e+00,2.36315946e-02,9.71507960e-02,6.26308341e-02,2.51848896e-01
3.05305305e+00,4.73915140e-03,1.32776031e-02,1.25748127e-02,4.15691275e-02,3.05305305e+00,9.47802965e-03,2.90036688e-02,2.51493209e-02,8.69890878e-02,3.05305305e+00,2.36902935e-02,9.73029905e-02,6.28679741e-02,2.52822170e-01
3.06306306e+00,4.75101149e-03,1.32809967e-02,1.26223704e-02,4.17020541e-02,3.06306306e+00,9.50174883e-03,2.90192096e-02,2.52444335e-02,8.72794958e-02,3.06306306e+00,2.37495740e-02,9.74555445e-02,6.31057076e-02,2.53796968e-01
3.07307307e+00,4.76298838e-03,1.32843916e-02,1.26700479e-02,4.18350147e-02,3.07307307e+00,9.52570162e-03,2.90347630e-02,2.53397859e-02,8.75700594e-02,3.07307307e+00,2.38094387e-02,9.76084592e-02,6.33440403e-02,2.54773296e-01
3.08308308e+00,4.77508262e-03,1.32877879e-02,1.27178466e-02,4.19680093e-02,3.08308308e+00,9.54988912e-03,2.90503289e-02,2.54353804e-02,8.78607788e-02,3.08308308e+00,2.38698903e-02,9.77617356e-02,6.35829782e-02,2.55751156e-01
3.09309309e+00,4.78729476e-03,1.32911854e-02,1.27657674e-02,4.21010379e-02,3.09309309e+00,9.57431244e-03,2.90659074e-02,2.55312193e-02,8.81516541e-02,3.09309309e+00,2.39309318e-02,9.79153750e-02,6.38225270e-02,2.56730553e-01
3.10310310e+00,4.79962537e-03,1.32945842e-02,1.28138117e-02,4.22341005e-02,3.10310310e+00,9.59897272e-03,2.90814984e-02,2.56273052e-02,8.84426854e-02,3.10310310e+00,2.39925658e-02,9.80693784e-02,6.40626929e-02,2.57711490e-01
3.11311311e+00,4.81207502e-03,1.32979844e-02,1.28619806e-02,4.23671971e-02,3.11311311e+00,9.62387108e-03,2.90971020e-02,2.57236402e-02,8.87338728e-02,3.11311311e+00,2.40547953e-02,9.82237471e-02,6.43034816e-02,2.58693969e-01
3.12312312e+00,4.82464427e-03,1.33013858e-02,1.29102754e-02,4.25003278e-02,3.12312312e+00,9.64900865e-03,2.91127182e-02,2.58202269e-02,8.90252165e-02,3.12312312e+00,2.41176231e-02,9.83784822e-02,6.45448993e-02,2.59677997e-01
3.13313313e+00,4.83733370e-03,1.33047886e-02,1.29586971e-02,4.26334926e-02,3.13313313e+00,9.67438660e-03,2.91283469e-02,2.59170676e-02,8.93167166e-02,3.13313313e+00,2.41810520e-02,9.85335848e-02,6.47869518e-02,2.60663574e-01
3.14314314e+00,4.85014388e-03,1.33081927e-02,1.30072471e-02,4.27666914e-02,3.14314314e+00,9.70000606e-03,2.91439883e-02,2.60141647e-02,8.96083732e-02,3.14314314e+00,2.42450850e-02,9.86890562e-02,6.50296454e-02,2.61650707e-01
3.15315315e+00,4.86307539e-03,1.33115980e-02,1.30559266e-02,4.28999243e-02,3.15315315e+00,9.72586821e-03,2.91596423e-02,2.61115208e-02,8.99001864e-02,3.15315315e+00,2.43097249e-02,9.88448974e-02,6.52729860e-02,2.62639397e-01
3.16316316e+00,4.87612883e-03,1.33150047e-02,1.31047367e-02,4.30331913e-02,3.16316316e+00,9.75197423e-03,2.91753090e-02,2.62091381e-02,9.01921564e-02,3.16316316e+00,2.43749748e-02,9.90011097e-02,6.55169797e-02,2.63629650e-01
3.17317317e+00,4.88930479e-03,1.33184127e-02,1.31536787e-02,4.31664924e-02,3.17317317e+00,9.77832528e-03,2.91909883e-02,2.63070193e-02,9.04842832e-02,3.17317317e+00,2.44408375e-02,9.91576942e-02,6.57616327e-02,2.64621468e-01
3.18318318e+00,4.90260385e-03,1.33218220e-02,1.32027538e-02,4.32998276e-02,3.18318318e+00,9.80492257e-03,2.92066802e-02,2.64051666e-02,9.07765671e-02,3.18318318e+00,2.45073160e-02,9.93146522e-02,6.60069512e-02,2.65614855e-01
3.19319319e+00,4.91602662e-03,1.33252326e-02,1.32519632e-02,4.34331969e-02,3.19319319e+00,9.83176729e-03,2.92223848e-02,2.65035827e-02,9.10690081e-02,3.19319319e+00,2.45744134e-02,9.94719848e-02,6.62529413e-02,2.66609816e-01
3.20320320e+00,4.92957371e-03,1.33286445e-02,1.33013083e-02,4.35666004e-02,3.20320320e+00,9.85886066e-03,2.92381022e-02,2.66022700e-02,9.13616064e-02,3.20320320e+00,2.46421327e-02,9.96296933e-02,6.64996093e-02,2.67606353e-01
3.21321321e+00,4.94324571e-03,1.33320578e-02,1.33507903e-02,4.37000381e-02,3.21321321e+00,9.88620388e-03,2.92538322e-02,2.67012310e-02,9.16543621e-02,3.21321321e+00,2.47104769e-02,9.97877788e-02,6.67469615e-02,2.68604471e-01
3.22322322e+00,4.95704326e-03,1.33354723e-02,1.34004103e-02,4.38335099e-02,3.22322322e+00,9.91379820e-03,2.92695750e-02,2.68004682e-02,9.19472753e-02,3.22322322e+00,2.47794492e-02,9.99462425e-02,6.69950040e-02,2.69604174e-01
3.23323323e+00,4.97096696e-03,1.33388882e-02,1.34501697e-02,4.39670159e-02,3.23323323e+00,9.94164485e-03,2.92853304e-02,2.68999842e-02,9.22403462e-02,3.23323323e+00,2.48490525e-02,1.00105086e-01,6.72437433e-02,2.70605464e-01
3.24324324e+00,4.98501744e-03,1.33423054e-02,1.35000698e-02,4.41005562e-02,3.24324324e+00,9.96974507e-03,2.93010987e-02,2.69997815e-02,9.25335748e-02,3.24324324e+00,2.49192901e-02,1.00264309e-01,6.74931856e-02,2.71608347e-01
3.25325325e+00,4.99919533e-03,1.33457239e-02,1.35501118e-02,4.42341306e-02,3.25325325e+00,9.99810013e-03,2.93168797e-02,2.70998625e-02,9.28269613e-02,3.25325325e+00,2.49901651e-02,1.00423915e-01,6.77433374e-02,2.72612825e-01
3.26326326e+00,5.01350127e-03,1.33491437e-02,1.36002970e-02,4.43677392e-02,3.26326326e+00,1.00267113e-02,2.93326734e-02,2.72002300e-02,9.31205059e-02,3.26326326e+00,2.50616807e-02,1.00583904e-01,6.79942051e-02,2.73618903e-01
3.27327327e+00,5.02793589e-03,1.33525648e-02,1.36506267e-02,4.45013821e-02,3.27327327e+00,1.00555799e-02,2.93484800e-02,2.73008865e-02,9.34142087e-02,3.27327327e+00,2.51338400e-02,1.00744277e-01,6.82457951e-02,2.74626585e-01
3.28328328e+00,5.04249984e-03,1.33559872e-02,1.37011022e-02,4.46350593e-02,3.28328328e+00,1.00847071e-02,2.93642994e-02,2.74018345e-02,9.37080697e-02,3.28328328e+00,2.52066464e-02,1.00905036e-01,6.84981138e-02,2.75635874e-01
3.29329329e+00,5.05719377e-03,1.33594110e-02,1.37517247e-02,4.47687707e-02,3.29329329e+00,1.01140943e-02,2.93801315e-02,2.75030767e-02,9.40020892e-02,3.29329329e+00,2.52801030e-02,1.01066182e-01,6.87511679e-02,2.76646774e-01
3.30330330e+00,5.07201833e-03,1.33628360e-02,1.38024957e-02,4.49025164e-02,3.30330330e+00,1.01437428e-02,2.93959765e-02,2.76046156e-02,9.42962672e-02,3.30330330e+00,2.53542132e-02,1.01227715e-01,6.90049639e-02,2.77659289e-01
3.31331331e+00,5.08697419e-03,1.33662624e-02,1.38534164e-02,4.50362964e-02,3.31331331e+00,1.01736539e-02,2.94118344e-02,2.77064540e-02,9.45906038e-02,3.31331331e+00,2.54289802e-02,1.01389638e-01,6.92595082e-02,2.78673424e-01
3.32332332e+00,5.10206201e-03,1.33696901e-02,1.39044880e-02,4.51701107e-02,3.32332332e+00,1.02038289e-02,2.94277051e-02,2.78085944e-02,9.48850993e-02,3.32332332e+00,2.55044075e-02,1.01551952e-01,6.95148076e-02,2.79689181e-01
3.33333333e+00,5.11728247e-03,1.33731192e-02,1.39557121e-02,4.53039593e-02,3.33333333e+00,1.02342693e-02,2.94435887e-02,2.79110396e-02,9.51797537e-02,3.33333333e+00,2.55804983e-02,1.01714657e-01,6.97708686e-02,2.80706565e-01
3.34334334e+00,5.13263624e-03,1.33765495e-02,1.40070898e-02,4.54378422e-02,3.34334334e+00,1.02649763e-02,2.94594851e-02,2.80137921e-02,9.54745672e-02,3.34334334e+00,2.56572561e-02,1.01877756e-01,7.00276980e-02,2.81725579e-01
3.35335335e+00,5.14812400e-03,1.33799812e-02,1.40586226e-02,4.55717595e-02,3.35335335e+00,1.02959513e-02,2.94753945e-02,2.81168547e-02,9.57695399e-02,3.35335335e+00,2.57346843e-02,1.02041248e-01,7.02853025e-02,2.82746229e-01
3.36336336e+00,5.16374646e-03,1.33834142e-02,1.41103118e-02,4.57057111e-02,3.36336336e+00,1.03271957e-02,2.94913168e-02,2.82202300e-02,9.60646719e-02,3.36336336e+00,2.58127864e-02,1.02205137e-01,7.05436887e-02,2.83768517e-01
3.37337337e+00,5.17950429e-03,1.33868485e-02,1.41621586e-02,4.58396971e-02,3.37337337e+00,1.03587109e-02,2.95072520e-02,2.83239208e-02,9.63599633e-02,3.37337337e+00,2.58915659e-02,1.02369422e-01,7.08028635e-02,2.84792447e-01
3.38338338e+00,5.19539822e-03,1.33902841e-02,1.42141646e-02,4.59737175e-02,3.38338338e+00,1.03904982e-02,2.95232001e-02,2.84279298e-02,9.66554143e-02,3.38338338e+00,2.59710262e-02,1.02534106e-01,7.10628338e-02,2.85818024e-01
3.39339339e+00,5.21142893e-03,1.33937211e-02,1.42663311e-02,4.61077723e-02,3.39339339e+00,1.04225592e-02,2.95391612e-02,2.85322597e-02,9.69510251e-02,3.39339339e+00,2.60511709e-02,1.02699189e-01,7.13236063e-02,2.86845252e-01
3.40340340e+00,5.22759715e-03,1.33971594e-02,1.43186594e-02,4.62418615e-02,3.40340340e+00,1.04548953e-02,2.95551353e-02,2.86369133e-02,9.72467956e-02,3.40340340e+00,2.61320036e-02,1.02864673e-01,7.15851879e-02,2.87874134e-01
3.41341341e+00,5.24390360e-03,1.34005990e-02,1.43711509e-02,4.63759852e-02,3.41341341e+00,1.04875078e-02,2.95711224e-02,2.87418934e-02,9.75427261e-02,3.41341341e+00,2.62135279e-02,1.03030559e-01,7.18475855e-02,2.88904675e-01
3.42342342e+00,5.26034900e-03,1.34040399e-02,1.44238071e-02,4.65101432e-02,3.42342342e+00,1.05203982e-02,2.95871224e-02,2.88472027e-02,9.78388168e-02,3.42342342e+00,2.62957475e-02,1.03196848e-01,7.21108062e-02,2.89936879e-01
3.43343343e+00,5.27693409e-03,1.34074822e-02,1.44766292e-02,4.66443357e-02,3.43343343e+00,1.05535680e-02,2.96031355e-02,2.89528440e-02,9.81350676e-02,3.43343343e+00,2.63786659e-02,1.03363543e-01,7.23748570e-02,2.90970749e-01
3.44344344e+00,5.29365960e-03,1.34109258e-02,1.45296188e-02,4.67785627e-02,3.44344344e+00,1.05870187e-02,2.96191616e-02,2.90588202e-02,9.84314788e-02,3.44344344e+00,2.64622870e-02,1.03530643e-01,7.26397447e-02,2.92006289e-01
3.45345345e+00,5.31052629e-03,1.34143707e-02,1.45827772e-02,4.69128242e-02,3.45345345e+00,1.06207518e-02,2.96352007e-02,2.91651340e-02,9.87280505e-02,3.45345345e+00,2.65466145e-02,1.03698150e-01,7.29054766e-02,2.93043505e-01
3.46346346e+00,5.32753490e-03,1.34178170e-02,1.46361059e-02,4.70471201e-02,3.46346346e+00,1.06547688e-02,2.96512529e-02,2.92717883e-02,9.90247829e-02,3.46346346e+00,2.66316521e-02,1.03866067e-01,7.31720597e-02,2.94082400e-01
3.47347347e+00,5.34468619e-03,1.34212646e-02,1.46896063e-02,4.71814506e-02,3.47347347e+00,1.06890711e-02,2.96673182e-02,2.93787860e-02,9.93216759e-02,3.47347347e+00,2.67174036e-02,1.04034393e-01,7.34395012e-02,2.95122977e-01
3.48348348e+00,5.36198093e-03,1.34247135e-02,1.47432798e-02,4.73158156e-02,3.48348348e+00,1.07236603e-02,2.96833965e-02,2.94861300e-02,9.96187299e-02,3.48348348e+00,2.68038729e-02,1.04203131e-01,7.37078082e-02,2.96165242e-01
3.49349349e+00,5.37941989e-03,1.34281637e-02,1.47971278e-02,4.74502151e-02,3.49349349e+00,1.07585381e-02,2.96994880e-02,2.95938231e-02,9.99159449e-02,3.49349349e+00,2.68910639e-02,1.04372281e-01,7.39769880e-02,2.97209198e-01
3.50350350e+00,5.39700384e-03,1.34316153e-02,1.48511519e-02,4.75846491e-02,3.50350350e+00,1.07937058e-02,2.97155925e-02,2.97018682e-02,1.00213321e-01,3.50350350e+00,2.69789804e-02,1.04541846e-01,7.42470479e-02,2.98254849e-01
3.51351351e+00,5.41473359e-03,1.34350682e-02,1.49053534e-02,4.77191177e-02,3.51351351e+00,1.08291652e-02,2.97317102e-02,2.98102682e-02,1.00510858e-01,3.51351351e+00,2.70676264e-02,1.04711826e-01,7.45179951e-02,2.99302200e-01
3.52352352e+00,5.43260991e-03,1.34385224e-02,1.49597339e-02,4.78536209e-02,3.52352352e+00,1.08649177e-02,2.97478410e-02,2.99190262e-02,1.00808557e-01,3.52352352e+00,2.71570058e-02,1.04882223e-01,7.47898370e-02,3.00351254e-01
3.53353353e+00,5.45063361e-03,1.34419780e-02,1.50142948e-02,4.79881586e-02,3.53353353e+00,1.09009651e-02,2.97639850e-02,3.00281449e-02,1.01106418e-01,3.53353353e+00,2.72471228e-02,1.05053037e-01,7.50625810e-02,3.01402016e-01
3.54354354e+00,5.46880550e-03,1.34454349e-02,1.50690376e-02,4.81227310e-02,3.54354354e+00,1.09373088e-02,2.97801421e-02,3.01376275e-02,1.01404440e-01,3.54354354e+00,2.73379812e-02,1.05224272e-01,7.53362344e-02,3.02454491e-01
3.55355355e+00,5.48712639e-03,1.34488931e-02,1.51239638e-02,4.82573380e-02,3.55355355e+00,1.09739505e-02,2.97963124e-02,3.02474769e-02,1.01702623e-01,3.55355355e+00,2.74295853e-02,1.05395927e-01,7.56108049e-02,3.03508681e-01
3.56356356e+00,5.50559710e-03,1.34523527e-02,1.51790749e-02,4.83919796e-02,3.56356356e+00,1.10108920e-02,2.98124959e-02,3.03576960e-02,1.02000969e-01,3.56356356e+00,2.75219391e-02,1.05568005e-01,7.58862997e-02,3.04564592e-01
3.57357357e+00,5.52421845e-03,1.34558136e-02,1.52343723e-02,4.85266558e-02,3.57357357e+00,1.10481347e-02,2.98286927e-02,3.04682879e-02,1.02299477e-01,3.57357357e+00,2.76150467e-02,1.05740506e-01,7.61627266e-02,3.05622228e-01
3.58358358e+00,5.54299130e-03,1.34592759e-02,1.52898577e-02,4.86613667e-02,3.58358358e+00,1.10856805e-02,2.98449026e-02,3.05792557e-02,1.02598147e-01,3.58358358e+00,2.77089124e-02,1.05913433e-01,7.64400931e-02,3.06681592e-01
3.59359359e+00,5.56191647e-03,1.34627395e-02,1.53455326e-02,4.87961122e-02,3.59359359e+00,1.11235309e-02,2.98611258e-02,3.06906024e-02,1.02896979e-01,3.59359359e+00,2.78035405e-02,1.06086786e-01,7.67184068e-02,3.07742690e-01
3.60360360e+00,5.58099482e-03,1.34662044e-02,1.54013984e-02,4.89308924e-02,3.60360360e+00,1.11616878e-02,2.98773623e-02,3.08023310e-02,1.03195974e-01,3.60360360e+00,2.78989350e-02,1.06260566e-01,7.69976755e-02,3.08805526e-01
3.61361361e+00,5.60022721e-03,1.34696707e-02,1.54574567e-02,4.90657073e-02,3.61361361e+00,1.12001528e-02,2.98936120e-02,3.09144446e-02,1.03495131e-01,3.61361361e+00,2.79951005e-02,1.06434776e-01,7.72779067e-02,3.09870103e-01
3.62362362e+00,5.61961451e-03,1.34731383e-02,1.55137091e-02,4.92005569e-02,3.62362362e+00,1.12389276e-02,2.99098750e-02,3.10269464e-02,1.03794452e-01,3.62362362e+00,2.80920411e-02,1.06609417e-01,7.75591083e-02,3.10936426e-01
3.63363363e+00,5.63915758e-03,1.34766072e-02,1.55701571e-02,4.93354413e-02,3.63363363e+00,1.12780140e-02,2.99261513e-02,3.11398394e-02,1.04093935e-01,3.63363363e+00,2.81897614e-02,1.06784490e-01,7.78412881e-02,3.12004499e-01
3.64364364e+00,5.65885732e-03,1.34800775e-02,1.56268024e-02,4.94703603e-02,3.64364364e+00,1.13174137e-02,2.99424409e-02,3.12531268e-02,1.04393580e-01,3.64364364e+00,2.82882656e-02,1.06959997e-01,7.81244539e-02,3.13074328e-01
3.65365365e+00,5.67871460e-03,1.34835491e-02,1.56836463e-02,4.96053141e-02,3.65365365e+00,1.13571286e-02,2.99587439e-02,3.13668118e-02,1.04693390e-01,3.65365365e+00,2.83875584e-02,1.07135938e-01,7.84086137e-02,3.14145915e-01
3.66366366e+00,5.69873033e-03,1.34870221e-02,1.57406907e-02,4.97403027e-02,3.66366366e+00,1.13971604e-02,2.99750601e-02,3.14808975e-02,1.04993362e-01,3.66366366e+00,2.84876440e-02,1.07312316e-01,7.86937753e-02,3.15219266e-01
3.67367367e+00,5.71890540e-03,1.34904964e-02,1.57979370e-02,4.98753260e-02,3.67367367e+00,1.14375109e-02,2.99913898e-02,3.15953871e-02,1.05293498e-01,3.67367367e+00,2.85885272e-02,1.07489132e-01,7.89799467e-02,3.16294385e-01
3.68368368e+00,5.73924074e-03,1.34939721e-02,1.58553869e-02,5.00103842e-02,3.68368368e+00,1.14781820e-02,3.00077328e-02,3.17102838e-02,1.05593797e-01,3.68368368e+00,2.86902125e-02,1.07666388e-01,7.92671360e-02,3.17371276e-01
3.69369369e+00,5.75973726e-03,1.34974491e-02,1.59130419e-02,5.01454771e-02,3.69369369e+00,1.15191756e-02,3.00240892e-02,3.18255909e-02,1.05894260e-01,3.69369369e+00,2.87927044e-02,1.07844084e-01,7.95553513e-02,3.18449944e-01
3.70370370e+00,5.78039590e-03,1.35009274e-02,1.59709037e-02,5.02806048e-02,3.70370370e+00,1.15604933e-02,3.00404590e-02,3.19413115e-02,1.06194887e-01,3.70370370e+00,2.88960077e-02,1.08022222e-01,7.98446006e-02,3.19530392e-01
3.71371371e+00,5.80121758e-03,1.35044071e-02,1.60289739e-02,5.04157674e-02,3.71371371e+00,1.16021373e-02,3.00568422e-02,3.20574490e-02,1.06495677e-01,3.71371371e+00,2.90001270e-02,1.08200805e-01,8.01348922e-02,3.20612627e-01
3.72372372e+00,5.82220326e-03,1.35078882e-02,1.60872543e-02,5.05509648e-02,3.72372372e+00,1.16441092e-02,3.00732389e-02,3.21740067e-02,1.06796632e-01,3.72372372e+00,2.91050672e-02,1.08379832e-01,8.04262342e-02,3.21696651e-01
3.73373373e+00,5.84335389e-03,1.35113706e-02,1.61457463e-02,5.06861970e-02,3.73373373e+00,1.16864111e-02,3.00896489e-02,3.22909878e-02,1.07097751e-01,3.73373373e+00,2.92108329e-02,1.08559306e-01,8.07186349e-02,3.22782469e-01
3.74374374e+00,5.86467042e-03,1.35148543e-02,1.62044517e-02,5.08214641e-02,3.74374374e+00,1.17290448e-02,3.01060725e-02,3.24083956e-02,1.07399034e-01,3.74374374e+00,2.93174289e-02,1.08739229e-01,8.10121027e-02,3.23870086e-01
3.75375375e+00,5.88615384e-03,1.35183394e-02,1.62633722e-02,5.09567661e-02,3.75375375e+00,1.17720124e-02,3.01225095e-02,3.25262336e-02,1.07700482e-01,3.75375375e+00,2.94248603e-02,1.08919601e-01,8.13066458e-02,3.24959507e-01
3.76376376e+00,5.90780511e-03,1.35218258e-02,1.63225093e-02,5.10921030e-02,3.76376376e+00,1.18153157e-02,3.01389600e-02,3.26445050e-02,1.08002095e-01,3.76376376e+00,2.95331318e-02,1.09100424e-01,8.16022728e-02,3.26050736e-01
3.77377377e+00,5.92962523e-03,1.35253136e-02,1.63818650e-02,5.12274748e-02,3.77377377e+00,1.18589567e-02,3.01554240e-02,3.27632133e-02,1.08303872e-01,3.77377377e+00,2.96422485e-02,1.09281700e-01,8.18989920e-02,3.27143776e-01
3.78378378e+00,5.95161519e-03,1.35288027e-02,1.64414407e-02,5.13628815e-02,3.78378378e+00,1.19029375e-02,3.01719016e-02,3.28823618e-02,1.08605814e-01,3.78378378e+00,2.97522152e-02,1.09463431e-01,8.21968120e-02,3.28238634e-01
3.79379379e+00,5.97377600e-03,1.35322932e-02,1.65012382e-02,5.14983232e-02,3.79379379e+00,1.19472600e-02,3.01883926e-02,3.30019540e-02,1.08907921e-01,3.79379379e+00,2.98630371e-02,1.09645617e-01,8.24957413e-02,3.29335314e-01
3.80380380e+00,5.99610867e-03,1.35357851e-02,1.65612593e-02,5.16337998e-02,3.80380380e+00,1.19919263e-02,3.02048973e-02,3.31219933e-02,1.09210193e-01,3.80380380e+00,2.99747193e-02,1.09828261e-01,8.27957885e-02,3.30433819e-01
3.81381381e+00,6.01861421e-03,1.35392783e-02,1.66215057e-02,5.17693113e-02,3.81381381e+00,1.20369384e-02,3.02214154e-02,3.32424832e-02,1.09512630e-01,3.81381381e+00,3.00872668e-02,1.10011363e-01,8.30969623e-02,3.31534155e-01
3.82382382e+00,6.04129367e-03,1.35427728e-02,1.66819791e-02,5.19048578e-02,3.82382382e+00,1.20822983e-02,3.02379472e-02,3.33634271e-02,1.09815233e-01,3.82382382e+00,3.02006848e-02,1.10194926e-01,8.33992715e-02,3.32636327e-01
3.83383383e+00,6.06414808e-03,1.35462687e-02,1.67426813e-02,5.20404394e-02,3.83383383e+00,1.21280082e-02,3.02544925e-02,3.34848286e-02,1.10118001e-01,3.83383383e+00,3.03149786e-02,1.10378950e-01,8.37027247e-02,3.33740338e-01
3.84384384e+00,6.08717849e-03,1.35497660e-02,1.68036140e-02,5.21760559e-02,3.84384384e+00,1.21740702e-02,3.02710515e-02,3.36066912e-02,1.10420936e-01,3.84384384e+00,3.04301533e-02,1.10563439e-01,8.40073309e-02,3.34846194e-01
3.85385385e+00,6.11038596e-03,1.35532646e-02,1.68647791e-02,5.23117074e-02,3.85385385e+00,1.22204863e-02,3.02876241e-02,3.37290184e-02,1.10724035e-01,3.85385385e+00,3.05462144e-02,1.10748392e-01,8.43130988e-02,3.35953899e-01
3.86386386e+00,6.13377154e-03,1.35567646e-02,1.69261782e-02,5.24473940e-02,3.86386386e+00,1.22672587e-02,3.03042103e-02,3.38518137e-02,1.11027301e-01,3.86386386e+00,3.06631671e-02,1.10933812e-01,8.46200374e-02,3.37063457e-01
3.87387387e+00,6.15733633e-03,1.35602659e-02,1.69878132e-02,5.25831156e-02,3.87387387e+00,1.23143896e-02,3.03208102e-02,3.39750809e-02,1.11330733e-01,3.87387387e+00,3.07810169e-02,1.11119700e-01,8.49281557e-02,3.38174875e-01
3.88388388e+00,6.18108140e-03,1.35637686e-02,1.70496859e-02,5.27188722e-02,3.88388388e+00,1.23618811e-02,3.03374237e-02,3.40988235e-02,1.11634332e-01,3.88388388e+00,3.08997692e-02,1.11306058e-01,8.52374627e-02,3.39288155e-01
3.89389389e+00,6.20500785e-03,1.35672726e-02,1.71117981e-02,5.28546639e-02,3.89389389e+00,1.24097354e-02,3.03540509e-02,3.42230450e-02,1.11938096e-01,3.89389389e+00,3.10194295e-02,1.11492887e-01,8.55479675e-02,3.40403303e-01
3.90390390e+00,6.22911679e-03,1.35707780e-02,1.71741516e-02,5.29904907e-02,3.90390390e+00,1.24579547e-02,3.03706919e-02,3.43477493e-02,1.12242027e-01,3.90390390e+00,3.11400033e-02,1.11680190e-01,8.58596792e-02,3.41520324e-01
3.91391391e+00,6.25340931e-03,1.35742848e-02,1.72367483e-02,5.31263527e-02,3.91391391e+00,1.25065413e-02,3.03873465e-02,3.44729399e-02,1.12546125e-01,3.91391391e+00,3.12614962e-02,1.11867966e-01,8.61726071e-02,3.42639223e-01
3.92392392e+00,6.27788656e-03,1.35777929e-02,1.72995900e-02,5.32622497e-02,3.92392392e+00,1.25554974e-02,3.04040148e-02,3.45986205e-02,1.12850389e-01,3.92392392e+00,3.13839138e-02,1.12056219e-01,8.64867604e-02,3.43760003e-01
3.93393393e+00,6.30254965e-03,1.35813024e-02,1.73626786e-02,5.33981818e-02,3.93393393e+00,1.26048252e-02,3.04206969e-02,3.47247950e-02,1.13154821e-01,3.93393393e+00,3.15072619e-02,1.12244950e-01,8.68021484e-02,3.44882671e-01
3.94394394e+00,6.32739974e-03,1.35848133e-02,1.74260159e-02,5.35341491e-02,3.94394394e+00,1.26545270e-02,3.04373928e-02,3.48514669e-02,1.13459419e-01,3.94394394e+00,3.16315461e-02,1.12434161e-01,8.71187805e-02,3.46007230e-01
3.95395395e+00,6.35243796e-03,1.35883255e-02,1.74896039e-02,5.36701515e-02,3.95395395e+00,1.27046053e-02,3.04541024e-02,3.49786401e-02,1.13764185e-01,3.95395395e+00,3.17567722e-02,1.12623852e-01,8.74366661e-02,3.47133685e-01
3.96396396e+00,6.37766549e-03,1.35918391e-02,1.75534444e-02,5.38061891e-02,3.96396396e+00,1.27550621e-02,3.04708259e-02,3.51063184e-02,1.14069118e-01,3.96396396e+00,3.18829461e-02,1.12814026e-01,8.77558147e-02,3.48262042e-01
3.97397397e+00,6.40308349e-03,1.35953540e-02,1.76175393e-02,5.39422619e-02,3.97397397e+00,1.28059000e-02,3.04875631e-02,3.52345056e-02,1.14374219e-01,3.97397397e+00,3.20100736e-02,1.13004684e-01,8.80762359e-02,3.49392305e-01
3.98398398e+00,6.42869315e-03,1.35988703e-02,1.76818906e-02,5.40783698e-02,3.98398398e+00,1.28571213e-02,3.05043141e-02,3.53632055e-02,1.14679487e-01,3.98398398e+00,3.21381606e-02,1.13195829e-01,8.83979392e-02,3.50524479e-01
3.99399399e+00,6.45449565e-03,1.36023880e-02,1.77465001e-02,5.42145130e-02,3.99399399e+00,1.29087283e-02,3.05210790e-02,3.54924220e-02,1.14984923e-01,3.99399399e+00,3.22672132e-02,1.13387461e-01,8.87209343e-02,3.51658569e-01
4.00400400e+00,6.48049219e-03,1.36059070e-02,1.78113699e-02,5.43506914e-02,4.00400400e+00,1.29607234e-02,3.05378577e-02,3.56221590e-02,1.15290526e-01,4.00400400e+00,3.23972373e-02,1.13579582e-01,8.90452310e-02,3.52794579e-01
4.01401401e+00,6.50668399e-03,1.36094274e-02,1.78765019e-02,5.44869050e-02,4.01401401e+00,1.30131092e-02,3.05546503e-02,3.57524204e-02,1.15596298e-01,4.01401401e+00,3.25282390e-02,1.13772194e-01,8.93708390e-02,3.53932516e-01
4.02402402e+00,6.53307226e-03,1.36129492e-02,1.79418980e-02,5.46231538e-02,4.02402402e+00,1.30658879e-02,3.05714568e-02,3.58832100e-02,1.15902238e-01,4.02402402e+00,3.26602245e-02,1.13965299e-01,8.96977682e-02,3.55072383e-01
4.03403403e+00,6.55965824e-03,1.36164723e-02,1.80075603e-02,5.47594380e-02,4.03403403e+00,1.31190621e-02,3.05882772e-02,3.60145320e-02,1.16208346e-01,4.03403403e+00,3.27931999e-02,1.14158899e-01,9.00260284e-02,3.56214186e-01
4.04404404e+00,6.58644317e-03,1.36199969e-02,1.80734906e-02,5.48957574e-02,4.04404404e+00,1.31726343e-02,3.06051114e-02,3.61463902e-02,1.16514623e-01,4.04404404e+00,3.29271714e-02,1.14352994e-01,9.03556297e-02,3.57357929e-01
4.05405405e+00,6.61342829e-03,1.36235227e-02,1.81396911e-02,5.50321121e-02,4.05405405e+00,1.32266070e-02,3.06219597e-02,3.62787886e-02,1.16821068e-01,4.05405405e+00,3.30621453e-02,1.14547587e-01,9.06865821e-02,3.58503618e-01
4.06406406e+00,6.64061487e-03,1.36270500e-02,1.82061637e-02,5.51685020e-02,4.06406406e+00,1.32809827e-02,3.06388218e-02,3.64117314e-02,1.17127682e-01,4.06406406e+00,3.31981280e-02,1.14742680e-01,9.10188957e-02,3.59651257e-01
4.07407407e+00,6.66800418e-03,1.36305786e-02,1.82729105e-02,5.53049273e-02,4.07407407e+00,1.33357639e-02,3.06556979e-02,3.65452225e-02,1.17434465e-01,4.07407407e+00,3.33351259e-02,1.14938274e-01,9.13525807e-02,3.60800851e-01
4.08408408e+00,6.69559751e-03,1.36341086e-02,1.83399335e-02,5.54413880e-02,4.08408408e+00,1.33909532e-02,3.06725880e-02,3.66792661e-02,1.17741417e-01,4.08408408e+00,3.34731453e-02,1.15134370e-01,9.16876472e-02,3.61952407e-01
4.09409409e+00,6.72339614e-03,1.36376400e-02,1.84072348e-02,5.55778839e-02,4.09409409e+00,1.34465532e-02,3.06894920e-02,3.68138663e-02,1.18048538e-01,4.09409409e+00,3.36121928e-02,1.15330972e-01,9.20241056e-02,3.63105927e-01
4.10410410e+00,6.75140139e-03,1.36411727e-02,1.84748164e-02,5.57144153e-02,4.10410410e+00,1.35025664e-02,3.07064101e-02,3.69490271e-02,1.18355829e-01,4.10410410e+00,3.37522749e-02,1.15528079e-01,9.23619662e-02,3.64261419e-01
4.11411411e+00,6.77961456e-03,1.36447069e-02,1.85426804e-02,5.58509820e-02,4.11411411e+00,1.35589957e-02,3.07233422e-02,3.70847528e-02,1.18663288e-01,4.11411411e+00,3.38933983e-02,1.15725695e-01,9.27012394e-02,3.65418885e-01
4.12412412e+00,6.80803697e-03,1.36482424e-02,1.86108289e-02,5.59875840e-02,4.12412412e+00,1.36158434e-02,3.07402883e-02,3.72210475e-02,1.18970918e-01,4.12412412e+00,3.40355695e-02,1.15923821e-01,9.30419358e-02,3.66578333e-01
4.13413413e+00,6.83666998e-03,1.36517792e-02,1.86792640e-02,5.61242215e-02,4.13413413e+00,1.36731125e-02,3.07572485e-02,3.73579155e-02,1.19278717e-01,4.13413413e+00,3.41787952e-02,1.16122458e-01,9.33840659e-02,3.67739767e-01
4.14414414e+00,6.86551491e-03,1.36553175e-02,1.87479879e-02,5.62608944e-02,4.14414414e+00,1.37308055e-02,3.07742227e-02,3.74953610e-02,1.19586685e-01,4.14414414e+00,3.43230823e-02,1.16321609e-01,9.37276403e-02,3.68903192e-01
4.15415415e+00,6.89457314e-03,1.36588571e-02,1.88170027e-02,5.63976027e-02,4.15415415e+00,1.37889252e-02,3.07912111e-02,3.76333883e-02,1.19894824e-01,4.15415415e+00,3.44684376e-02,1.16521274e-01,9.40726697e-02,3.70068612e-01
4.16416416e+00,6.92384602e-03,1.36623981e-02,1.88863104e-02,5.65343465e-02,4.16416416e+00,1.38474742e-02,3.08082135e-02,3.77720016e-02,1.20203133e-01,4.16416416e+00,3.46148679e-02,1.16721457e-01,9.44191649e-02,3.71236035e-01
4.17417417e+00,6.95333494e-03,1.36659405e-02,1.89559134e-02,5.66711257e-02,4.17417417e+00,1.39064554e-02,3.08252300e-02,3.79112054e-02,1.20511612e-01,4.17417417e+00,3.47623801e-02,1.16922159e-01,9.47671367e-02,3.72405463e-01
4.18418418e+00,6.98304129e-03,1.36694843e-02,1.90258137e-02,5.68079404e-02,4.18418418e+00,1.39658716e-02,3.08422607e-02,3.80510039e-02,1.20820262e-01,4.18418418e+00,3.49109813e-02,1.17123381e-01,9.51165959e-02,3.73576904e-01
4.19419419e+00,7.01296648e-03,1.36730294e-02,1.90960136e-02,5.69447905e-02,4.19419419e+00,1.40257256e-02,3.08593055e-02,3.81914015e-02,1.21129082e-01,4.19419419e+00,3.50606784e-02,1.17325125e-01,9.54675537e-02,3.74750361e-01
4.20420420e+00,7.04311191e-03,1.36765759e-02,1.91665152e-02,5.70816762e-02,4.20420420e+00,1.40860201e-02,3.08763644e-02,3.83324027e-02,1.21438073e-01,4.20420420e+00,3.52114786e-02,1.17527394e-01,9.58200209e-02,3.75925841e-01
4.21421421e+00,7.07347901e-03,1.36801238e-02,1.92373208e-02,5.72185973e-02,4.21421421e+00,1.41467580e-02,3.08934375e-02,3.84740119e-02,1.21747235e-01,4.21421421e+00,3.53633891e-02,1.17730188e-01,9.61740088e-02,3.77103348e-01
4.22422422e+00,7.10406922e-03,1.36836731e-02,1.93084326e-02,5.73555540e-02,4.22422422e+00,1.42079423e-02,3.09105249e-02,3.86162336e-02,1.22056568e-01,4.22422422e+00,3.55164170e-02,1.17933511e-01,9.65295285e-02,3.78282888e-01
4.23423423e+00,7.13488399e-03,1.36872238e-02,1.93798528e-02,5.74925462e-02,4.23423423e+00,1.42695758e-02,3.09276264e-02,3.87590722e-02,1.22366071e-01,4.23423423e+00,3.56705697e-02,1.18137363e-01,9.68865913e-02,3.79464466e-01
4.24424424e+00,7.16592477e-03,1.36907759e-02,1.94515838e-02,5.76295740e-02,4.24424424e+00,1.43316614e-02,3.09447422e-02,3.89025323e-02,1.22675746e-01,4.24424424e+00,3.58258544e-02,1.18341747e-01,9.72452084e-02,3.80648087e-01
4.25425425e+00,7.19719304e-03,1.36943293e-02,1.95236278e-02,5.77666373e-02,4.25425425e+00,1.43942021e-02,3.09618722e-02,3.90466184e-02,1.22985593e-01,4.25425425e+00,3.59822785e-02,1.18546664e-01,9.76053914e-02,3.81833757e-01
4.26426426e+00,7.22869028e-03,1.36978841e-02,1.95959871e-02,5.79037362e-02,4.26426426e+00,1.44572008e-02,3.09790164e-02,3.91913351e-02,1.23295611e-01,4.26426426e+00,3.61398496e-02,1.18752116e-01,9.79671516e-02,3.83021481e-01
4.27427427e+00,7.26041798e-03,1.37014404e-02,1.96686639e-02,5.80408707e-02,4.27427427e+00,1.45206606e-02,3.09961749e-02,3.93366870e-02,1.23605801e-01,4.27427427e+00,3.62985751e-02,1.18958105e-01,9.83305007e-02,3.84211264e-01
4.28428428e+00,7.29237766e-03,1.37049980e-02,1.97416607e-02,5.81780408e-02,4.28428428e+00,1.45845844e-02,3.10133477e-02,3.94826789e-02,1.23916162e-01,4.28428428e+00,3.64584625e-02,1.19164633e-01,9.86954503e-02,3.85403112e-01
4.29429429e+00,7.32457082e-03,1.37085570e-02,1.98149797e-02,5.83152465e-02,4.29429429e+00,1.46489753e-02,3.10305348e-02,3.96293153e-02,1.24226696e-01,4.29429429e+00,3.66195195e-02,1.19371703e-01,9.90620121e-02,3.86597031e-01
4.30430430e+00,7.35699901e-03,1.37121173e-02,1.98886233e-02,5.84524879e-02,4.30430430e+00,1.47138363e-02,3.10477363e-02,3.97766009e-02,1.24537401e-01,4.30430430e+00,3.67817539e-02,1.19579314e-01,9.94301978e-02,3.87793024e-01
4.31431431e+00,7.38966376e-03,1.37156791e-02,1.99625940e-02,5.85897649e-02,4.31431431e+00,1.47791706e-02,3.10649520e-02,3.99245406e-02,1.24848279e-01,4.31431431e+00,3.69451733e-02,1.19787471e-01,9.98000194e-02,3.88991099e-01
4.32432432e+00,7.42256664e-03,1.37192423e-02,2.00368939e-02,5.87270775e-02,4.32432432e+00,1.48449813e-02,3.10821821e-02,4.00731390e-02,1.25159329e-01,4.32432432e+00,3.71097855e-02,1.19996174e-01,1.00171489e-01,3.90191260e-01
4.33433433e+00,7.45570920e-03,1.37228068e-02,2.01115256e-02,5.88644259e-02,4.33433433e+00,1.49112714e-02,3.10994266e-02,4.02224009e-02,1.25470552e-01,4.33433433e+00,3.72755985e-02,1.20205426e-01,1.00544618e-01,3.91393514e-01
4.34434434e+00,7.48909303e-03,1.37263728e-02,2.01864915e-02,5.90018099e-02,4.34434434e+00,1.49780442e-02,3.11166855e-02,4.03723313e-02,1.25781948e-01,4.34434434e+00,3.74426202e-02,1.20415228e-01,1.00919419e-01,3.92597864e-01
4.35435435e+00,7.52271972e-03,1.37299401e-02,2.02617940e-02,5.91392296e-02,4.35435435e+00,1.50453028e-02,3.11339587e-02,4.05229350e-02,1.26093516e-01,4.35435435e+00,3.76108585e-02,1.20625582e-01,1.01295904e-01,3.93804318e-01
4.36436436e+00,7.55659087e-03,1.37335088e-02,2.03374356e-02,5.92766851e-02,4.36436436e+00,1.51130505e-02,3.11512464e-02,4.06742167e-02,1.26405257e-01,4.36436436e+00,3.77803216e-02,1.20836491e-01,1.01674085e-01,3.95012880e-01
4.37437437e+00,7.59070811e-03,1.37370790e-02,2.04134187e-02,5.94141762e-02,4.37437437e+00,1.51812905e-02,3.11685485e-02,4.08261816e-02,1.26717172e-01,4.37437437e+00,3.79510176e-02,1.21047956e-01,1.02053975e-01,3.96223557e-01
4.38438438e+00,7.62507306e-03,1.37406505e-02,2.04897457e-02,5.95517031e-02,4.38438438e+00,1.52500260e-02,3.11858651e-02,4.09788345e-02,1.27029260e-01,4.38438438e+00,3.81229546e-02,1.21259979e-01,1.02435586e-01,3.97436353e-01
4.39439439e+00,7.65968737e-03,1.37442234e-02,2.05664193e-02,5.96892658e-02,4.39439439e+00,1.53192603e-02,3.12031961e-02,4.11321805e-02,1.27341521e-01,4.39439439e+00,3.82961410e-02,1.21472563e-01,1.02818931e-01,3.98651274e-01
4.40440440e+00,7.69455268e-03,1.37477977e-02,2.06434418e-02,5.98268643e-02,4.40440440e+00,1.53889969e-02,3.12205416e-02,4.12862245e-02,1.27653956e-01,4.40440440e+00,3.84705850e-02,1.21685709e-01,1.03204022e-01,3.99868327e-01
4.41441441e+00,7.72967068e-03,1.37513734e-02,2.07208159e-02,5.99644985e-02,4.41441441e+00,1.54592389e-02,3.12379016e-02,4.14409716e-02,1.27966564e-01,4.41441441e+00,3.86462950e-02,1.21899419e-01,1.03590872e-01,4.01087515e-01
4.42442442e+00,7.76504304e-03,1.37549505e-02,2.07985441e-02,6.01021685e-02,4.42442442e+00,1.55299897e-02,3.12552761e-02,4.15964270e-02,1.28279346e-01,4.42442442e+00,3.88232795e-02,1.22113695e-01,1.03979493e-01,4.02308846e-01
4.43443443e+00,7.80067145e-03,1.37585290e-02,2.08766288e-02,6.02398744e-02,4.43443443e+00,1.56012528e-02,3.12726651e-02,4.17525957e-02,1.28592303e-01,4.43443443e+00,3.90015471e-02,1.22328539e-01,1.04369899e-01,4.03532325e-01
4.44444444e+00,7.83655763e-03,1.37621089e-02,2.09550729e-02,6.03776161e-02,4.44444444e+00,1.56730316e-02,3.12900687e-02,4.19094829e-02,1.28905433e-01,4.44444444e+00,3.91811062e-02,1.22543953e-01,1.04762103e-01,4.04757958e-01
4.45445445e+00,7.87270330e-03,1.37656902e-02,2.10338787e-02,6.05153936e-02,4.45445445e+00,1.57453295e-02,3.13074868e-02,4.20670938e-02,1.29218738e-01,4.45445445e+00,3.93619655e-02,1.22759940e-01,1.05156116e-01,4.05985749e-01
4.46446446e+00,7.90911018e-03,1.37692729e-02,2.11130490e-02,6.06532069e-02,4.46446446e+00,1.58181500e-02,3.13249195e-02,4.22254336e-02,1.29532217e-01,4.46446446e+00,3.95441338e-02,1.22976501e-01,1.05551953e-01,4.07215706e-01
4.47447447e+00,7.94578004e-03,1.37728571e-02,2.11925863e-02,6.07910562e-02,4.47447447e+00,1.58914965e-02,3.13423668e-02,4.23845077e-02,1.29845870e-01,4.47447447e+00,3.97276199e-02,1.23193638e-01,1.05949627e-01,4.08447834e-01
4.48448448e+00,7.98271462e-03,1.37764426e-02,2.12724934e-02,6.09289413e-02,4.48448448e+00,1.59653727e-02,3.13598287e-02,4.25443212e-02,1.30159699e-01,4.48448448e+00,3.99124325e-02,1.23411354e-01,1.06349151e-01,4.09682138e-01
4.49449449e+00,8.01991571e-03,1.37800295e-02,2.13527728e-02,6.10668623e-02,4.49449449e+00,1.60397820e-02,3.13773053e-02,4.27048796e-02,1.30473702e-01,4.49449449e+00,4.00985807e-02,1.23629650e-01,1.06750538e-01,4.10918624e-01
4.50450450e+00,8.05738509e-03,1.37836178e-02,2.14334273e-02,6.12048193e-02,4.50450450e+00,1.61147280e-02,3.13947965e-02,4.28661882e-02,1.30787880e-01,4.50450450e+00,4.02860735e-02,1.23848529e-01,1.07153802e-01,4.12157298e-01
4.51451451e+00,8.09512457e-03,1.37872075e-02,2.15144596e-02,6.13428121e-02,4.51451451e+00,1.61902145e-02,3.14123023e-02,4.30282524e-02,1.31102234e-01,4.51451451e+00,4.04749198e-02,1.24067992e-01,1.07558957e-01,4.13398167e-01
4.52452452e+00,8.13313596e-03,1.37907987e-02,2.15958724e-02,6.14808409e-02,4.52452452e+00,1.62662448e-02,3.14298228e-02,4.31910776e-02,1.31416763e-01,4.52452452e+00,4.06651288e-02,1.24288042e-01,1.07966015e-01,4.14641235e-01
4.53453453e+00,8.17142109e-03,1.37943912e-02,2.16776684e-02,6.16189057e-02,4.53453453e+00,1.63428229e-02,3.14473580e-02,4.33546695e-02,1.31731467e-01,4.53453453e+00,4.08567097e-02,1.24508680e-01,1.08374991e-01,4.15886510e-01
4.54454454e+00,8.20998180e-03,1.37979852e-02,2.17598504e-02,6.17570064e-02,4.54454454e+00,1.64199522e-02,3.14649080e-02,4.35190334e-02,1.32046347e-01,4.54454454e+00,4.10496719e-02,1.24729910e-01,1.08785899e-01,4.17133995e-01
4.55455455e+00,8.24881997e-03,1.38015805e-02,2.18424211e-02,6.18951431e-02,4.55455455e+00,1.64976367e-02,3.14824726e-02,4.36841749e-02,1.32361402e-01,4.55455455e+00,4.12440246e-02,1.24951732e-01,1.09198752e-01,4.18383699e-01
4.56456456e+00,8.28793745e-03,1.38051773e-02,2.19253835e-02,6.20333158e-02,4.56456456e+00,1.65758799e-02,3.15000520e-02,4.38500996e-02,1.32676634e-01,4.56456456e+00,4.14397772e-02,1.25174150e-01,1.09613564e-01,4.19635626e-01
4.57457457e+00,8.32733613e-03,1.38087755e-02,2.20087402e-02,6.21715246e-02,4.57457457e+00,1.66546857e-02,3.15176462e-02,4.40168132e-02,1.32992041e-01,4.57457457e+00,4.16369394e-02,1.25397165e-01,1.10030351e-01,4.20889783e-01
4.58458458e+00,8.36701792e-03,1.38123750e-02,2.20924941e-02,6.23097693e-02,4.58458458e+00,1.67340579e-02,3.15352551e-02,4.41843212e-02,1.33307625e-01,4.58458458e+00,4.18355205e-02,1.25620779e-01,1.10449125e-01,4.22146175e-01
4.59459459e+00,8.40698473e-03,1.38159760e-02,2.21766481e-02,6.24480501e-02,4.59459459e+00,1.68140003e-02,3.15528788e-02,4.43526296e-02,1.33623385e-01,4.59459459e+00,4.20355303e-02,1.25844995e-01,1.10869901e-01,4.23404809e-01
4.60460460e+00,8.44723849e-03,1.38195785e-02,2.22612051e-02,6.25863669e-02,4.60460460e+00,1.68945168e-02,3.15705174e-02,4.45217438e-02,1.33939322e-01,4.60460460e+00,4.22369785e-02,1.26069815e-01,1.11292693e-01,4.24665690e-01
4.61461461e+00,8.48778114e-03,1.38231823e-02,2.23461678e-02,6.27247198e-02,4.61461461e+00,1.69756113e-02,3.15881707e-02,4.46916699e-02,1.34255435e-01,4.61461461e+00,4.24398748e-02,1.26295240e-01,1.11717517e-01,4.25928825e-01
4.62462462e+00,8.52861466e-03,1.38267875e-02,2.24315394e-02,6.28631088e-02,4.62462462e+00,1.70572876e-02,3.16058389e-02,4.48624135e-02,1.34571725e-01,4.62462462e+00,4.26442292e-02,1.26521274e-01,1.12144386e-01,4.27194219e-01
4.63463463e+00,8.56974100e-03,1.38303942e-02,2.25173226e-02,6.30015339e-02,4.63463463e+00,1.71395499e-02,3.16235220e-02,4.50339806e-02,1.34888192e-01,4.63463463e+00,4.28500514e-02,1.26747918e-01,1.12573315e-01,4.28461879e-01
4.64464464e+00,8.61116216e-03,1.38340023e-02,2.26035204e-02,6.31399951e-02,4.64464464e+00,1.72224019e-02,3.16412200e-02,4.52063770e-02,1.35204836e-01,4.64464464e+00,4.30573517e-02,1.26975174e-01,1.13004320e-01,4.29731811e-01
4.65465465e+00,8.65288015e-03,1.38376118e-02,2.26901358e-02,6.32784924e-02,4.65465465e+00,1.73058478e-02,3.16589328e-02,4.53796087e-02,1.35521657e-01,4.65465465e+00,4.32661400e-02,1.27203046e-01,1.13437414e-01,4.31004022e-01
4.66466466e+00,8.69489698e-03,1.38412227e-02,2.27771718e-02,6.34170259e-02,4.66466466e+00,1.73898916e-02,3.16766606e-02,4.55536817e-02,1.35838656e-01,4.66466466e+00,4.34764265e-02,1.27431534e-01,1.13872614e-01,4.32278516e-01
4.67467467e+00,8.73721469e-03,1.38448350e-02,2.28646314e-02,6.35555955e-02,4.67467467e+00,1.74745373e-02,3.16944033e-02,4.57286020e-02,1.36155832e-01,4.67467467e+00,4.36882215e-02,1.27660641e-01,1.14309933e-01,4.33555301e-01
4.68468468e+00,8.77983532e-03,1.38484488e-02,2.29525176e-02,6.36942013e-02,4.68468468e+00,1.75597892e-02,3.17121609e-02,4.59043756e-02,1.36473186e-01,4.68468468e+00,4.39015353e-02,1.27890370e-01,1.14749388e-01,4.34834382e-01
4.69469469e+00,8.82276096e-03,1.38520639e-02,2.30408336e-02,6.38328432e-02,4.69469469e+00,1.76456512e-02,3.17299335e-02,4.60810088e-02,1.36790718e-01,4.69469469e+00,4.41163782e-02,1.28120722e-01,1.15190994e-01,4.36115766e-01
4.70470470e+00,8.86599366e-03,1.38556805e-02,2.31295823e-02,6.39715214e-02,4.70470470e+00,1.77321275e-02,3.17477211e-02,4.62585076e-02,1.37108427e-01,4.70470470e+00,4.43327608e-02,1.28351701e-01,1.15634765e-01,4.37399459e-01
4.71471471e+00,8.90953554e-03,1.38592986e-02,2.32187668e-02,6.41102357e-02,4.71471471e+00,1.78192225e-02,3.17655237e-02,4.64368781e-02,1.37426315e-01,4.71471471e+00,4.45506935e-02,1.28583308e-01,1.16080718e-01,4.38685468e-01
4.72472472e+00,8.95338871e-03,1.38629180e-02,2.33083903e-02,6.42489863e-02,4.72472472e+00,1.79069402e-02,3.17833413e-02,4.66161268e-02,1.37744381e-01,4.72472472e+00,4.47701872e-02,1.28815545e-01,1.16528868e-01,4.39973798e-01
4.73473473e+00,8.99755529e-03,1.38665389e-02,2.33984559e-02,6.43877731e-02,4.73473473e+00,1.79952850e-02,3.18011739e-02,4.67962598e-02,1.38062626e-01,4.73473473e+00,4.49912523e-02,1.29048415e-01,1.16979231e-01,4.41264457e-01
4.74474474e+00,9.04203742e-03,1.38701612e-02,2.34889668e-02,6.45265962e-02,4.74474474e+00,1.80842611e-02,3.18190216e-02,4.69772834e-02,1.38381049e-01,4.74474474e+00,4.52138999e-02,1.29281920e-01,1.17431822e-01,4.42557449e-01
4.75475475e+00,9.08683727e-03,1.38737849e-02,2.35799261e-02,6.46654555e-02,4.75475475e+00,1.81738729e-02,3.18368843e-02,4.71592041e-02,1.38699651e-01,4.75475475e+00,4.54381406e-02,1.29516063e-01,1.17886659e-01,4.43852783e-01
4.76476476e+00,9.13195702e-03,1.38774100e-02,2.36713371e-02,6.48043512e-02,4.76476476e+00,1.82641247e-02,3.18547622e-02,4.73420281e-02,1.39018431e-01,4.76476476e+00,4.56639856e-02,1.29750845e-01,1.18343756e-01,4.45150463e-01
4.77477477e+00,9.17739885e-03,1.38810366e-02,2.37632030e-02,6.49432831e-02,4.77477477e+00,1.83550209e-02,3.18726551e-02,4.75257621e-02,1.39337391e-01,4.77477477e+00,4.58914458e-02,1.29986270e-01,1.18803129e-01,4.46450497e-01
4.78478478e+00,9.22316498e-03,1.38846646e-02,2.38555270e-02,6.50822513e-02,4.78478478e+00,1.84465660e-02,3.18905632e-02,4.77104124e-02,1.39656530e-01,4.78478478e+00,4.61205324e-02,1.30222339e-01,1.19264796e-01,4.47752891e-01
4.79479479e+00,9.26925763e-03,1.38882941e-02,2.39483123e-02,6.52212559e-02,4.79479479e+00,1.85387643e-02,3.19084864e-02,4.78959856e-02,1.39975848e-01,4.79479479e+00,4.63512565e-02,1.30459055e-01,1.19728773e-01,4.49057652e-01
4.80480480e+00,9.31567905e-03,1.38919250e-02,2.40415624e-02,6.53602968e-02,4.80480480e+00,1.86316205e-02,3.19264248e-02,4.80824883e-02,1.40295346e-01,4.80480480e+00,4.65836295e-02,1.30696421e-01,1.20195076e-01,4.50364785e-01
4.81481481e+00,9.36243148e-03,1.38955573e-02,2.41352804e-02,6.54993740e-02,4.81481481e+00,1.87251389e-02,3.19443783e-02,4.82699271e-02,1.40615023e-01,4.81481481e+00,4.68176627e-02,1.30934438e-01,1.20663721e-01,4.51674298e-01
4.82482482e+00,9.40951721e-03,1.38991910e-02,2.42294697e-02,6.56384876e-02,4.82482482e+00,1.88193242e-02,3.19623470e-02,4.84583088e-02,1.40934881e-01,4.82482482e+00,4.70533677e-02,1.31173108e-01,1.21134725e-01,4.52986197e-01
4.83483483e+00,9.45693853e-03,1.39028262e-02,2.43241338e-02,6.57776376e-02,4.83483483e+00,1.89141809e-02,3.19803310e-02,4.86476399e-02,1.41254918e-01,4.83483483e+00,4.72907559e-02,1.31412436e-01,1.21608106e-01,4.54300488e-01
4.84484484e+00,9.50469775e-03,1.39064628e-02,2.44192759e-02,6.59168240e-02,4.84484484e+00,1.90097137e-02,3.19983302e-02,4.88379273e-02,1.41575135e-01,4.84484484e+00,4.75298390e-02,1.31652422e-01,1.22083881e-01,4.55617178e-01
4.85485485e+00,9.55279720e-03,1.39101009e-02,2.45148995e-02,6.60560468e-02,4.85485485e+00,1.91059272e-02,3.20163446e-02,4.90291779e-02,1.41895533e-01,4.85485485e+00,4.77706288e-02,1.31893070e-01,1.22562065e-01,4.56936274e-01
4.86486486e+00,9.60123921e-03,1.39137404e-02,2.46110080e-02,6.61953060e-02,4.86486486e+00,1.92028261e-02,3.20343743e-02,4.92213983e-02,1.42216110e-01,4.86486486e+00,4.80131369e-02,1.32134381e-01,1.23042677e-01,4.58257782e-01
4.87487487e+00,9.65002616e-03,1.39173813e-02,2.47076049e-02,6.63346017e-02,4.87487487e+00,1.93004152e-02,3.20524193e-02,4.94145957e-02,1.42536869e-01,4.87487487e+00,4.82573754e-02,1.32376358e-01,1.23525734e-01,4.59581710e-01
4.88488488e+00,9.69916041e-03,1.39210237e-02,2.48046936e-02,6.64739338e-02,4.88488488e+00,1.93986992e-02,3.20704795e-02,4.96087769e-02,1.42857808e-01,4.88488488e+00,4.85033562e-02,1.32619004e-01,1.24011253e-01,4.60908063e-01
4.89489489e+00,9.74864437e-03,1.39246676e-02,2.49022776e-02,6.66133023e-02,4.89489489e+00,1.94976829e-02,3.20885551e-02,4.98039489e-02,1.43178928e-01,4.89489489e+00,4.87510915e-02,1.32862321e-01,1.24499252e-01,4.62236848e-01
4.90490490e+00,9.79848044e-03,1.39283128e-02,2.50003605e-02,6.67527074e-02,4.90490490e+00,1.95973711e-02,3.21066461e-02,5.00001187e-02,1.43500229e-01,4.90490490e+00,4.90005933e-02,1.33106312e-01,1.24989748e-01,4.63568072e-01
4.91491491e+00,9.84867107e-03,1.39319596e-02,2.50989458e-02,6.68921490e-02,4.91491491e+00,1.96977688e-02,3.21247524e-02,5.01972936e-02,1.43821711e-01,4.91491491e+00,4.92518739e-02,1.33350979e-01,1.25482760e-01,4.64901743e-01
4.92492492e+00,9.89921869e-03,1.39356077e-02,2.51980371e-02,6.70316270e-02,4.92492492e+00,1.97988807e-02,3.21428741e-02,5.03954806e-02,1.44143375e-01,4.92492492e+00,4.95049457e-02,1.33596325e-01,1.25978305e-01,4.66237866e-01
4.93493493e+00,9.95012578e-03,1.39392574e-02,2.52976379e-02,6.71711416e-02,4.93493493e+00,1.99007119e-02,3.21610112e-02,5.05946869e-02,1.44465220e-01,4.93493493e+00,4.97598211e-02,1.33842352e-01,1.26476401e-01,4.67576449e-01
4.94494494e+00,1.00013948e-02,1.39429084e-02,2.53977520e-02,6.73106928e-02,4.94494494e+00,2.00032673e-02,3.21791637e-02,5.07949198e-02,1.44787247e-01,4.94494494e+00,5.00165126e-02,1.34089062e-01,1.26977067e-01,4.68917498e-01
4.95495495e+00,1.00530283e-02,1.39465610e-02,2.54983829e-02,6.74502805e-02,4.95495495e+00,2.01065519e-02,3.21973316e-02,5.09961866e-02,1.45109455e-01,4.95495495e+00,5.02750330e-02,1.34336459e-01,1.27480321e-01,4.70261020e-01
4.96496496e+00,1.01050288e-02,1.39502149e-02,2.55995343e-02,6.75899047e-02,4.96496496e+00,2.02105709e-02,3.22155150e-02,5.11984946e-02,1.45431846e-01,4.96496496e+00,5.05353948e-02,1.34584544e-01,1.27986180e-01,4.71607022e-01
4.97497497e+00,1.01573988e-02,1.39538704e-02,2.57012100e-02,6.77295656e-02,4.97497497e+00,2.03153292e-02,3.22337138e-02,5.14018513e-02,1.45754418e-01,4.97497497e+00,5.07976110e-02,1.34833321e-01,1.28494665e-01,4.72955511e-01
4.98498498e+00,1.02101409e-02,1.39575273e-02,2.58034136e-02,6.78692630e-02,4.98498498e+00,2.04208320e-02,3.22519282e-02,5.16062640e-02,1.46077173e-01,4.98498498e+00,5.10616944e-02,1.35082792e-01,1.29005793e-01,4.74306494e-01
4.99499499e+00,1.02632576e-02,1.39611856e-02,2.59061489e-02,6.80089971e-02,4.99499499e+00,2.05270844e-02,3.22701581e-02,5.18117403e-02,1.46400110e-01,4.99499499e+00,5.13276580e-02,1.35332960e-01,1.29519584e-01,4.75659977e-01
5.00500501e+00,1.03167516e-02,1.39648454e-02,2.60094197e-02,6.81487678e-02,5.00500501e+00,2.06340917e-02,3.22884035e-02,5.20182878e-02,1.46723230e-01,5.00500501e+00,5.15955150e-02,1.35583827e-01,1.30036055e-01,4.77015969e-01
5.01501502e+00,1.03706254e-02,1.39685067e-02,2.61132298e-02,6.82885751e-02,5.01501502e+00,2.07418592e-02,3.23066644e-02,5.22259140e-02,1.47046532e-01,5.01501502e+00,5.18652785e-02,1.35835395e-01,1.30555227e-01,4.78374475e-01
5.02502503e+00,1.04248818e-02,1.39721695e-02,2.62175829e-02,6.84284191e-02,5.02502503e+00,2.08503920e-02,3.23249410e-02,5.24346266e-02,1.47370017e-01,5.02502503e+00,5.21369618e-02,1.36087668e-01,1.31077119e-01,4.79735503e-01
5.03503504e+00,1.04795233e-02,1.39758337e-02,2.63224831e-02,6.85682997e-02,5.03503504e+00,2.09596954e-02,3.23432331e-02,5.26444334e-02,1.47693686e-01,5.03503504e+00,5.24105784e-02,1.36340648e-01,1.31601749e-01,4.81099060e-01
5.04504505e+00,1.05345526e-02,1.39794994e-02,2.64279340e-02,6.87082171e-02,5.04504505e+00,2.10697750e-02,3.23615408e-02,5.28553421e-02,1.48017537e-01,5.04504505e+00,5.26861418e-02,1.36594338e-01,1.32129138e-01,4.82465153e-01
5.05505506e+00,1.05899725e-02,1.39831665e-02,2.65339398e-02,6.88481711e-02,5.05505506e+00,2.11806359e-02,3.23798642e-02,5.30673604e-02,1.48341572e-01,5.05505506e+00,5.29636654e-02,1.36848740e-01,1.32659305e-01,4.83833790e-01
5.06506507e+00,1.06457856e-02,1.39868351e-02,2.66405042e-02,6.89881619e-02,5.06506507e+00,2.12922838e-02,3.23982032e-02,5.32804964e-02,1.48665790e-01,5.06506507e+00,5.32431631e-02,1.37103858e-01,1.33192269e-01,4.85204976e-01
5.07507508e+00,1.07019947e-02,1.39905052e-02,2.67476313e-02,6.91281894e-02,5.07507508e+00,2.14047239e-02,3.24165579e-02,5.34947579e-02,1.48990192e-01,5.07507508e+00,5.35246486e-02,1.37359693e-01,1.33728052e-01,4.86578720e-01
5.08508509e+00,1.07586025e-02,1.39941768e-02,2.68553250e-02,6.92682536e-02,5.08508509e+00,2.15179619e-02,3.24349283e-02,5.37101529e-02,1.49314778e-01,5.08508509e+00,5.38081358e-02,1.37616249e-01,1.34266672e-01,4.87955029e-01
5.09509510e+00,1.08156118e-02,1.39978499e-02,2.69635894e-02,6.94083546e-02,5.09509510e+00,2.16320034e-02,3.24533144e-02,5.39266895e-02,1.49639548e-01,5.09509510e+00,5.40936387e-02,1.37873528e-01,1.34808149e-01,4.89333909e-01
5.10510511e+00,1.08730254e-02,1.40015244e-02,2.70724285e-02,6.95484924e-02,5.10510511e+00,2.17468538e-02,3.24717163e-02,5.41443757e-02,1.49964502e-01,5.10510511e+00,5.43811715e-02,1.38131533e-01,1.35352505e-01,4.90715369e-01
5.11511512e+00,1.09308461e-02,1.40052004e-02,2.71818463e-02,6.96886669e-02,5.11511512e+00,2.18625189e-02,3.24901339e-02,5.43632198e-02,1.50289640e-01,5.11511512e+00,5.46707483e-02,1.38390267e-01,1.35899760e-01,4.92099416e-01
5.12512513e+00,1.09890767e-02,1.40088779e-02,2.72918471e-02,6.98288783e-02,5.12512513e+00,2.19790042e-02,3.25085672e-02,5.45832298e-02,1.50614963e-01,5.12512513e+00,5.49623834e-02,1.38649733e-01,1.36449934e-01,4.93486056e-01
5.13513514e+00,1.10477201e-02,1.40125569e-02,2.74024349e-02,6.99691265e-02,5.13513514e+00,2.20963156e-02,3.25270164e-02,5.48044142e-02,1.50940470e-01,5.13513514e+00,5.52560914e-02,1.38909933e-01,1.37003048e-01,4.94875297e-01
5.14514515e+00,1.11067792e-02,1.40162374e-02,2.75136139e-02,7.01094115e-02,5.14514515e+00,2.22144588e-02,3.25454815e-02,5.50267811e-02,1.51266162e-01,5.14514515e+00,5.55518866e-02,1.39170870e-01,1.37559123e-01,4.96267146e-01
5.15515516e+00,1.11662569e-02,1.40199194e-02,2.76253882e-02,7.02497334e-02,5.15515516e+00,2.23334395e-02,3.25639623e-02,5.52503391e-02,1.51592039e-01,5.15515516e+00,5.58497837e-02,1.39432547e-01,1.38118180e-01,4.97661612e-01
5.16516517e+00,1.12261560e-02,1.40236029e-02,2.77377622e-02,7.03900921e-02,5.16516517e+00,2.24532636e-02,3.25824591e-02,5.54750965e-02,1.51918101e-01,5.16516517e+00,5.61497976e-02,1.39694967e-01,1.38680240e-01,4.99058700e-01
5.17517518e+00,1.12864795e-02,1.40272879e-02,2.78507399e-02,7.05304877e-02,5.17517518e+00,2.25739371e-02,3.26009717e-02,5.57010618e-02,1.52244348e-01,5.17517518e+00,5.64519429e-02,1.39958132e-01,1.39245325e-01,5.00458420e-01
5.18518519e+00,1.13472304e-02,1.40309744e-02,2.79643258e-02,7.06709202e-02,5.18518519e+00,2.26954658e-02,3.26195002e-02,5.59282436e-02,1.52570781e-01,5.18518519e+00,5.67562347e-02,1.40222046e-01,1.39813455e-01,5.01860777e-01
5.19519520e+00,1.14084117e-02,1.40346624e-02,2.80785241e-02,7.08113897e-02,5.19519520e+00,2.28178557e-02,3.26380447e-02,5.61566506e-02,1.52897399e-01,5.19519520e+00,5.70626881e-02,1.40486711e-01,1.40384653e-01,5.03265780e-01
5.20520521e+00,1.14700263e-02,1.40383519e-02,2.81933392e-02,7.09518960e-02,5.20520521e+00,2.29411128e-02,3.26566052e-02,5.63862914e-02,1.53224203e-01,5.20520521e+00,5.73713181e-02,1.40752131e-01,1.40958941e-01,5.04673437e-01
5.21521522e+00,1.15320773e-02,1.40420429e-02,2.83087754e-02,7.10924393e-02,5.21521522e+00,2.30652431e-02,3.26751816e-02,5.66171747e-02,1.53551193e-01,5.21521522e+00,5.76821402e-02,1.41018308e-01,1.41536339e-01,5.06083754e-01
5.22522523e+00,1.15945678e-02,1.40457354e-02,2.84248372e-02,7.12330195e-02,5.22522523e+00,2.31902529e-02,3.26937740e-02,5.68493093e-02,1.53878368e-01,5.22522523e+00,5.79951697e-02,1.41285244e-01,1.42116872e-01,5.07496739e-01
5.23523524e+00,1.16575007e-02,1.40494295e-02,2.85415289e-02,7.13736367e-02,5.23523524e+00,2.33161481e-02,3.27123825e-02,5.70827042e-02,1.54205730e-01,5.23523524e+00,5.83104222e-02,1.41552944e-01,1.42700560e-01,5.08912401e-01
5.24524525e+00,1.17208792e-02,1.40531250e-02,2.86588550e-02,7.15142909e-02,5.24524525e+00,2.34429351e-02,3.27310071e-02,5.73173682e-02,1.54533279e-01,5.24524525e+00,5.86279132e-02,1.41821410e-01,1.43287426e-01,5.10330746e-01
5.25525526e+00,1.17847064e-02,1.40568221e-02,2.87768200e-02,7.16549821e-02,5.25525526e+00,2.35706199e-02,3.27496477e-02,5.75533104e-02,1.54861014e-01,5.25525526e+00,5.89476585e-02,1.42090645e-01,1.43877492e-01,5.11751783e-01
5.26526527e+00,1.18489855e-02,1.40605208e-02,2.88954285e-02,7.17957103e-02,5.26526527e+00,2.36992090e-02,3.27683044e-02,5.77905397e-02,1.55188935e-01,5.26526527e+00,5.92696740e-02,1.42360651e-01,1.44470782e-01,5.13175518e-01
5.27527528e+00,1.19137195e-02,1.40642210e-02,2.90146849e-02,7.19364756e-02,5.27527528e+00,2.38287087e-02,3.27869773e-02,5.80290653e-02,1.55517044e-01,5.27527528e+00,5.95939756e-02,1.42631433e-01,1.45067319e-01,5.14601961e-01
5.28528529e+00,1.19789117e-02,1.40679227e-02,2.91345939e-02,7.20772779e-02,5.28528529e+00,2.39591252e-02,3.28056663e-02,5.82688964e-02,1.55845339e-01,5.28528529e+00,5.99205794e-02,1.42902992e-01,1.45667124e-01,5.16031118e-01
5.29529530e+00,1.20445653e-02,1.40716260e-02,2.92551602e-02,7.22181172e-02,5.29529530e+00,2.40904651e-02,3.28243715e-02,5.85100422e-02,1.56173822e-01,5.29529530e+00,6.02495018e-02,1.43175332e-01,1.46270222e-01,5.17462997e-01
5.30530531e+00,1.21106834e-02,1.40753308e-02,2.93763882e-02,7.23589936e-02,5.30530531e+00,2.42227347e-02,3.28430930e-02,5.87525120e-02,1.56502491e-01,5.30530531e+00,6.05807588e-02,1.43448456e-01,1.46876636e-01,5.18897607e-01
5.31531532e+00,1.21772695e-02,1.40790371e-02,2.94982828e-02,7.24999072e-02,5.31531532e+00,2.43559407e-02,3.28618307e-02,5.89963152e-02,1.56831349e-01,5.31531532e+00,6.09143672e-02,1.43722368e-01,1.47486390e-01,5.20334955e-01
5.32532533e+00,1.22443266e-02,1.40827451e-02,2.96208486e-02,7.26408578e-02,5.32532533e+00,2.44900895e-02,3.28805846e-02,5.92414612e-02,1.57160394e-01,5.32532533e+00,6.12503433e-02,1.43997069e-01,1.48099506e-01,5.21775049e-01
5.33533534e+00,1.23118582e-02,1.40864546e-02,2.97440905e-02,7.27818456e-02,5.33533534e+00,2.46251877e-02,3.28993549e-02,5.94879596e-02,1.57489627e-01,5.33533534e+00,6.15887039e-02,1.44272564e-01,1.48716010e-01,5.23217896e-01
5.34534535e+00,1.23798675e-02,1.40901656e-02,2.98680131e-02,7.29228705e-02,5.34534535e+00,2.47612421e-02,3.29181414e-02,5.97358199e-02,1.57819047e-01,5.34534535e+00,6.19294658e-02,1.44548855e-01,1.49335924e-01,5.24663506e-01
5.35535536e+00,1.24483578e-02,1.40938783e-02,2.99926213e-02,7.30639325e-02,5.35535536e+00,2.48982592e-02,3.29369444e-02,5.99850517e-02,1.58148656e-01,5.35535536e+00,6.22726460e-02,1.44825945e-01,1.49959274e-01,5.26111885e-01
5.36536537e+00,1.25173326e-02,1.40975925e-02,3.01179199e-02,7.32050317e-02,5.36536537e+00,2.50362459e-02,3.29557637e-02,6.02356648e-02,1.58478454e-01,5.36536537e+00,6.26182615e-02,1.45103838e-01,1.50586084e-01,5.27563042e-01
5.37537538e+00,1.25867953e-02,1.41013083e-02,3.02439138e-02,7.33461681e-02,5.37537538e+00,2.51752090e-02,3.29745994e-02,6.04876689e-02,1.58808439e-01,5.37537538e+00,6.29663295e-02,1.45382536e-01,1.51216377e-01,5.29016986e-01
5.38538539e+00,1.26567492e-02,1.41050257e-02,3.03706080e-02,7.34873418e-02,5.38538539e+00,2.53151552e-02,3.29934516e-02,6.07410739e-02,1.59138614e-01,5.38538539e+00,6.33168673e-02,1.45662044e-01,1.51850180e-01,5.30473723e-01
5.39539540e+00,1.27271978e-02,1.41087448e-02,3.04980074e-02,7.36285526e-02,5.39539540e+00,2.54560915e-02,3.30123203e-02,6.09958896e-02,1.59468977e-01,5.39539540e+00,6.36698924e-02,1.45942363e-01,1.52487516e-01,5.31933262e-01
5.40540541e+00,1.27981446e-02,1.41124654e-02,3.06261169e-02,7.37698007e-02,5.40540541e+00,2.55980249e-02,3.30312055e-02,6.12521261e-02,1.59799529e-01,5.40540541e+00,6.40254222e-02,1.46223498e-01,1.53128411e-01,5.33395611e-01
5.41541542e+00,1.28695931e-02,1.41161876e-02,3.07549417e-02,7.39110860e-02,5.41541542e+00,2.57409622e-02,3.30501072e-02,6.15097934e-02,1.60130270e-01,5.41541542e+00,6.43834746e-02,1.46505452e-01,1.53772890e-01,5.34860779e-01
5.42542543e+00,1.29415467e-02,1.41199115e-02,3.08844867e-02,7.40524086e-02,5.42542543e+00,2.58849107e-02,3.30690255e-02,6.17689016e-02,1.60461201e-01,5.42542543e+00,6.47440674e-02,1.46788227e-01,1.54420979e-01,5.36328773e-01
5.43543544e+00,1.30140090e-02,1.41236370e-02,3.10147571e-02,7.41937684e-02,5.43543544e+00,2.60298772e-02,3.30879604e-02,6.20294609e-02,1.60792321e-01,5.43543544e+00,6.51072184e-02,1.47071827e-01,1.55072703e-01,5.37799602e-01
5.44544545e+00,1.30869836e-02,1.41273642e-02,3.11457579e-02,7.43351656e-02,5.44544545e+00,2.61758691e-02,3.31069120e-02,6.22914816e-02,1.61123630e-01,5.44544545e+00,6.54729458e-02,1.47356256e-01,1.55728088e-01,5.39273275e-01
5.45545546e+00,1.31604740e-02,1.41310930e-02,3.12774944e-02,7.44766001e-02,5.45545546e+00,2.63228935e-02,3.31258802e-02,6.25549740e-02,1.61455129e-01,5.45545546e+00,6.58412679e-02,1.47641516e-01,1.56387160e-01,5.40749799e-01
5.46546547e+00,1.32344840e-02,1.41348234e-02,3.14099717e-02,7.46180719e-02,5.46546547e+00,2.64709577e-02,3.31448652e-02,6.28199486e-02,1.61786819e-01,5.46546547e+00,6.62122029e-02,1.47927612e-01,1.57049944e-01,5.42229183e-01
5.47547548e+00,1.33090171e-02,1.41385555e-02,3.15431951e-02,7.47595811e-02,5.47547548e+00,2.66200689e-02,3.31638669e-02,6.30864158e-02,1.62118698e-01,5.47547548e+00,6.65857694e-02,1.48214545e-01,1.57716469e-01,5.43711435e-01
5.48548549e+00,1.33840769e-02,1.41422893e-02,3.16771698e-02,7.49011277e-02,5.48548549e+00,2.67702344e-02,3.31828854e-02,6.33543861e-02,1.62450768e-01,5.48548549e+00,6.69619859e-02,1.48502321e-01,1.58386759e-01,5.45196563e-01
5.49549550e+00,1.34596673e-02,1.41460248e-02,3.18119012e-02,7.50427116e-02,5.49549550e+00,2.69214618e-02,3.32019207e-02,6.36238702e-02,1.62783028e-01,5.49549550e+00,6.73408713e-02,1.48790941e-01,1.59060841e-01,5.46684577e-01
5.50550551e+00,1.35357919e-02,1.41497620e-02,3.19473947e-02,7.51843329e-02,5.50550551e+00,2.70737585e-02,3.32209729e-02,6.38948788e-02,1.63115479e-01,5.50550551e+00,6.77224444e-02,1.49080410e-01,1.59738744e-01,5.48175484e-01
5.51551552e+00,1.36124544e-02,1.41535009e-02,3.20836555e-02,7.53259917e-02,5.51551552e+00,2.72271320e-02,3.32400420e-02,6.41674226e-02,1.63448121e-01,5.51551552e+00,6.81067242e-02,1.49370731e-01,1.60420493e-01,5.49669294e-01
5.52552553e+00,1.36896587e-02,1.41572415e-02,3.22206891e-02,7.54676879e-02,5.52552553e+00,2.73815897e-02,3.32591281e-02,6.44415126e-02,1.63780954e-01,5.52552553e+00,6.84937301e-02,1.49661908e-01,1.61106116e-01,5.51166013e-01
5.53553554e+00,1.37674086e-02,1.41609838e-02,3.23585010e-02,7.56094215e-02,5.53553554e+00,2.75371395e-02,3.32782312e-02,6.47171597e-02,1.64113977e-01,5.53553554e+00,6.88834811e-02,1.49953943e-01,1.61795640e-01,5.52665652e-01
5.54554555e+00,1.38457078e-02,1.41647279e-02,3.24970967e-02,7.57511926e-02,5.54554555e+00,2.76937889e-02,3.32973513e-02,6.49943748e-02,1.64447192e-01,5.54554555e+00,6.92759969e-02,1.50246841e-01,1.62489094e-01,5.54168219e-01
5.55555556e+00,1.39245602e-02,1.41684738e-02,3.26364816e-02,7.58930012e-02,5.55555556e+00,2.78515456e-02,3.33164885e-02,6.52731690e-02,1.64780599e-01,5.55555556e+00,6.96712971e-02,1.50540604e-01,1.63186504e-01,5.55673722e-01
5.56556557e+00,1.40039698e-02,1.41722214e-02,3.27766615e-02,7.60348473e-02,5.56556557e+00,2.80104176e-02,3.33356428e-02,6.55535536e-02,1.65114197e-01,5.56556557e+00,7.00694012e-02,1.50835237e-01,1.63887899e-01,5.57182170e-01
5.57557558e+00,1.40839404e-02,1.41759708e-02,3.29176419e-02,7.61767309e-02,5.57557558e+00,2.81704125e-02,3.33548143e-02,6.58355397e-02,1.65447987e-01,5.57557558e+00,7.04703294e-02,1.51130743e-01,1.64593308e-01,5.58693572e-01
5.58558559e+00,1.41644760e-02,1.41797220e-02,3.30594285e-02,7.63186521e-02,5.58558559e+00,2.83315383e-02,3.33740030e-02,6.61191387e-02,1.65781969e-01,5.58558559e+00,7.08741015e-02,1.51427125e-01,1.65302758e-01,5.60207936e-01
5.59559560e+00,1.42455805e-02,1.41834750e-02,3.32020269e-02,7.64606108e-02,5.59559560e+00,2.84938029e-02,3.33932090e-02,6.64043619e-02,1.66116143e-01,5.59559560e+00,7.12807378e-02,1.51724387e-01,1.66016279e-01,5.61725272e-01
5.60560561e+00,1.43272579e-02,1.41872299e-02,3.33454429e-02,7.66026071e-02,5.60560561e+00,2.86572145e-02,3.34124323e-02,6.66912209e-02,1.66450510e-01,5.60560561e+00,7.16902585e-02,1.52022534e-01,1.66733900e-01,5.63245588e-01
5.61561562e+00,1.44095123e-02,1.41909866e-02,3.34896822e-02,7.67446410e-02,5.61561562e+00,2.88217809e-02,3.34316730e-02,6.69797272e-02,1.66785069e-01,5.61561562e+00,7.21026843e-02,1.52321567e-01,1.67455648e-01,5.64768894e-01
5.62562563e+00,1.44923477e-02,1.41947451e-02,3.36347508e-02,7.68867125e-02,5.62562563e+00,2.89875104e-02,3.34509311e-02,6.72698925e-02,1.67119821e-01,5.62562563e+00,7.25180356e-02,1.52621492e-01,1.68181554e-01,5.66295197e-01
5.63563564e+00,1.45757682e-02,1.41985055e-02,3.37806543e-02,7.70288216e-02,5.63563564e+00,2.91544111e-02,3.34702067e-02,6.75617285e-02,1.67454765e-01,5.63563564e+00,7.29363333e-02,1.52922312e-01,1.68911648e-01,5.67824507e-01
5.64564565e+00,1.46597780e-02,1.42022679e-02,3.39273989e-02,7.71709684e-02,5.64564565e+00,2.93224914e-02,3.34894999e-02,6.78552469e-02,1.67789903e-01,5.64564565e+00,7.33575983e-02,1.53224030e-01,1.69645958e-01,5.69356833e-01
5.65565566e+00,1.47443810e-02,1.42060321e-02,3.40749903e-02,7.73131529e-02,5.65565566e+00,2.94917594e-02,3.35088106e-02,6.81504597e-02,1.68125234e-01,5.65565566e+00,7.37818517e-02,1.53526650e-01,1.70384515e-01,5.70892184e-01
5.66566567e+00,1.48295816e-02,1.42097983e-02,3.42234345e-02,7.74553751e-02,5.66566567e+00,2.96622235e-02,3.35281390e-02,6.84473788e-02,1.68460758e-01,5.66566567e+00,7.42091148e-02,1.53830177e-01,1.71127349e-01,5.72430569e-01
5.67567568e+00,1.49153839e-02,1.42135665e-02,3.43727377e-02,7.75976349e-02,5.67567568e+00,2.98338922e-02,3.35474852e-02,6.87460164e-02,1.68796476e-01,5.67567568e+00,7.46394088e-02,1.54134613e-01,1.71874490e-01,5.73971997e-01
5.68568569e+00,1.50017922e-02,1.42173366e-02,3.45229058e-02,7.77399325e-02,5.68568569e+00,3.00067740e-02,3.35668491e-02,6.90463845e-02,1.69132388e-01,5.68568569e+00,7.50727554e-02,1.54439963e-01,1.72625969e-01,5.75516477e-01
5.69569570e+00,1.50888107e-02,1.42211088e-02,3.46739449e-02,7.78822679e-02,5.69569570e+00,3.01808773e-02,3.35862308e-02,6.93484954e-02,1.69468493e-01,5.69569570e+00,7.55091763e-02,1.54746231e-01,1.73381817e-01,5.77064018e-01
5.70570571e+00,1.51764437e-02,1.42248830e-02,3.48258613e-02,7.80246410e-02,5.70570571e+00,3.03562109e-02,3.36056305e-02,6.96523614e-02,1.69804793e-01,5.70570571e+00,7.59486933e-02,1.55053419e-01,1.74142064e-01,5.78614630e-01
5.71571572e+00,1.52646955e-02,1.42286592e-02,3.49786610e-02,7.81670519e-02,5.71571572e+00,3.05327833e-02,3.36250482e-02,6.99579948e-02,1.70141287e-01,5.71571572e+00,7.63913286e-02,1.55361534e-01,1.74906742e-01,5.80168322e-01
5.72572573e+00,1.53535706e-02,1.42324375e-02,3.51323504e-02,7.83095006e-02,5.72572573e+00,3.07106033e-02,3.36444839e-02,7.02654083e-02,1.70477975e-01,5.72572573e+00,7.68371041e-02,1.55670577e-01,1.75675882e-01,5.81725103e-01
5.73573574e+00,1.54430731e-02,1.42362179e-02,3.52869357e-02,7.84519872e-02,5.73573574e+00,3.08896796e-02,3.36639378e-02,7.05746143e-02,1.70814858e-01,5.73573574e+00,7.72860424e-02,1.55980554e-01,1.76449516e-01,5.83284982e-01
5.74574575e+00,1.55332077e-02,1.42400005e-02,3.54424233e-02,7.85945116e-02,5.74574575e+00,3.10700212e-02,3.36834098e-02,7.08856255e-02,1.71151936e-01,5.74574575e+00,7.77381660e-02,1.56291468e-01,1.77227676e-01,5.84847969e-01
5.75575576e+00,1.56239787e-02,1.42437852e-02,3.55988195e-02,7.87370738e-02,5.75575576e+00,3.12516370e-02,3.37029002e-02,7.11984547e-02,1.71489209e-01,5.75575576e+00,7.81934974e-02,1.56603323e-01,1.78010394e-01,5.86414073e-01
5.76576577e+00,1.57153906e-02,1.42475721e-02,3.57561307e-02,7.88796740e-02,5.76576577e+00,3.14345358e-02,3.37224089e-02,7.15131147e-02,1.71826677e-01,5.76576577e+00,7.86520597e-02,1.56916124e-01,1.78797702e-01,5.87983304e-01
5.77577578e+00,1.58074479e-02,1.42513612e-02,3.59143634e-02,7.90223121e-02,5.77577578e+00,3.16187268e-02,3.37419360e-02,7.18296185e-02,1.72164340e-01,5.77577578e+00,7.91138757e-02,1.57229874e-01,1.79589633e-01,5.89555670e-01
5.78578579e+00,1.59001551e-02,1.42551526e-02,3.60735241e-02,7.91649881e-02,5.78578579e+00,3.18042191e-02,3.37614817e-02,7.21479790e-02,1.72502199e-01,5.78578579e+00,7.95789687e-02,1.57544577e-01,1.80386219e-01,5.91131183e-01
5.79579580e+00,1.59935169e-02,1.42589463e-02,3.62336194e-02,7.93077021e-02,5.79579580e+00,3.19910218e-02,3.37810460e-02,7.24682095e-02,1.72840254e-01,5.79579580e+00,8.00473620e-02,1.57860239e-01,1.81187494e-01,5.92709850e-01
5.80580581e+00,1.60875379e-02,1.42627423e-02,3.63946558e-02,7.94504541e-02,5.80580581e+00,3.21791442e-02,3.38006291e-02,7.27903231e-02,1.73178505e-01,5.80580581e+00,8.05190791e-02,1.58176862e-01,1.81993491e-01,5.94291682e-01
5.81581582e+00,1.61822226e-02,1.42665406e-02,3.65566400e-02,7.95932441e-02,5.81581582e+00,3.23685956e-02,3.38202309e-02,7.31143330e-02,1.73516952e-01,5.81581582e+00,8.09941438e-02,1.58494451e-01,1.82804243e-01,5.95876689e-01
5.82582583e+00,1.62775757e-02,1.42703414e-02,3.67195787e-02,7.97360721e-02,5.82582583e+00,3.25593853e-02,3.38398517e-02,7.34402528e-02,1.73855595e-01,5.82582583e+00,8.14725800e-02,1.58813010e-01,1.83619784e-01,5.97464880e-01
5.83583584e+00,1.63736020e-02,1.42741446e-02,3.68834786e-02,7.98789382e-02,5.83583584e+00,3.27515229e-02,3.38594914e-02,7.37680959e-02,1.74194434e-01,5.83583584e+00,8.19544116e-02,1.59132545e-01,1.84440149e-01,5.99056265e-01
5.84584585e+00,1.64703062e-02,1.42779503e-02,3.70483466e-02,8.00218424e-02,5.84584585e+00,3.29450177e-02,3.38791503e-02,7.40978758e-02,1.74533471e-01,5.84584585e+00,8.24396630e-02,1.59453058e-01,1.85265370e-01,6.00650853e-01
5.85585586e+00,1.65676931e-02,1.42817585e-02,3.72141893e-02,8.01647847e-02,5.85585586e+00,3.31398794e-02,3.38988283e-02,7.44296063e-02,1.74872704e-01,5.85585586e+00,8.29283584e-02,1.59774554e-01,1.86095484e-01,6.02248655e-01
5.86586587e+00,1.66657675e-02,1.42855693e-02,3.73810138e-02,8.03077651e-02,5.86586587e+00,3.33361176e-02,3.39185257e-02,7.47633012e-02,1.75212134e-01,5.86586587e+00,8.34205226e-02,1.60097039e-01,1.86930524e-01,6.03849681e-01
5.87587588e+00,1.67645341e-02,1.42893827e-02,3.75488270e-02,8.04507836e-02,5.87587588e+00,3.35337420e-02,3.39382426e-02,7.50989743e-02,1.75551762e-01,5.87587588e+00,8.39161802e-02,1.60420515e-01,1.87770526e-01,6.05453939e-01
5.88588589e+00,1.68639980e-02,1.42931988e-02,3.77176358e-02,8.05938404e-02,5.88588589e+00,3.37327625e-02,3.39579790e-02,7.54366396e-02,1.75891587e-01,5.88588589e+00,8.44153563e-02,1.60744988e-01,1.88615525e-01,6.07061441e-01
5.89589590e+00,1.69641639e-02,1.42970176e-02,3.78874472e-02,8.07369354e-02,5.89589590e+00,3.39331887e-02,3.39777351e-02,7.57763112e-02,1.76231609e-01,5.89589590e+00,8.49180759e-02,1.61070462e-01,1.89465556e-01,6.08672196e-01
5.90590591e+00,1.70650369e-02,1.43008391e-02,3.80582684e-02,8.08800686e-02,5.90590591e+00,3.41350308e-02,3.39975110e-02,7.61180032e-02,1.76571830e-01,5.90590591e+00,8.54243644e-02,1.61396942e-01,1.90320654e-01,6.10286214e-01
5.91591592e+00,1.71666219e-02,1.43046635e-02,3.82301065e-02,8.10232400e-02,5.91591592e+00,3.43382986e-02,3.40173068e-02,7.64617299e-02,1.76912249e-01,5.91591592e+00,8.59342472e-02,1.61724432e-01,1.91180857e-01,6.11903505e-01
5.92592593e+00,1.72689240e-02,1.43084908e-02,3.84029686e-02,8.11664498e-02,5.92592593e+00,3.45430022e-02,3.40371227e-02,7.68075057e-02,1.77252865e-01,5.92592593e+00,8.64477502e-02,1.62052937e-01,1.92046200e-01,6.13524080e-01
5.93593594e+00,1.73719482e-02,1.43123210e-02,3.85768619e-02,8.13096979e-02,5.93593594e+00,3.47491518e-02,3.40569588e-02,7.71553450e-02,1.77593681e-01,5.93593594e+00,8.69648991e-02,1.62382461e-01,1.92916719e-01,6.15147948e-01
5.94594595e+00,1.74756995e-02,1.43161542e-02,3.87517939e-02,8.14529844e-02,5.94594595e+00,3.49567576e-02,3.40768153e-02,7.75052625e-02,1.77934695e-01,5.94594595e+00,8.74857200e-02,1.62713010e-01,1.93792452e-01,6.16775121e-01
5.95595596e+00,1.75801831e-02,1.43199905e-02,3.89277717e-02,8.15963092e-02,5.95595596e+00,3.51658298e-02,3.40966923e-02,7.78572728e-02,1.78275908e-01,5.95595596e+00,8.80102392e-02,1.63044588e-01,1.94673436e-01,6.18405607e-01
5.96596597e+00,1.76854042e-02,1.43238299e-02,3.91048028e-02,8.17396725e-02,5.96596597e+00,3.53763787e-02,3.41165899e-02,7.82113907e-02,1.78617320e-01,5.96596597e+00,8.85384832e-02,1.63377200e-01,1.95559707e-01,6.20039418e-01
5.97597598e+00,1.77913680e-02,1.43276725e-02,3.92828945e-02,8.18830742e-02,5.97597598e+00,3.55884149e-02,3.41365083e-02,7.85676311e-02,1.78958931e-01,5.97597598e+00,8.90704786e-02,1.63710850e-01,1.96451303e-01,6.21676564e-01
5.98598599e+00,1.78980797e-02,1.43315184e-02,3.94620545e-02,8.20265144e-02,5.98598599e+00,3.58019488e-02,3.41564478e-02,7.89260090e-02,1.79300741e-01,5.98598599e+00,8.96062522e-02,1.64045544e-01,1.97348263e-01,6.23317055e-01
5.99599600e+00,1.80055445e-02,1.43353676e-02,3.96422902e-02,8.21699931e-02,5.99599600e+00,3.60169910e-02,3.41764084e-02,7.92865394e-02,1.79642752e-01,5.99599600e+00,9.01458312e-02,1.64381287e-01,1.98250623e-01,6.24960902e-01
6.00600601e+00,1.81137677e-02,1.43392203e-02,3.98236092e-02,8.23135103e-02,6.00600601e+00,3.62335522e-02,3.41963903e-02,7.96492376e-02,1.79984962e-01,6.00600601e+00,9.06892428e-02,1.64718083e-01,1.99158423e-01,6.26608115e-01
6.01601602e+00,1.82227548e-02,1.43430765e-02,4.00060191e-02,8.24570662e-02,6.01601602e+00,3.64516430e-02,3.42163937e-02,8.00141190e-02,1.80327373e-01,6.01601602e+00,9.12365144e-02,1.65055938e-01,2.00071702e-01,6.28258705e-01
6.02602603e+00,1.83325111e-02,1.43469363e-02,4.01895277e-02,8.26006606e-02,6.02602603e+00,3.66712742e-02,3.42364189e-02,8.03811988e-02,1.80669984e-01,6.02602603e+00,9.17876737e-02,1.65394857e-01,2.00990497e-01,6.29912683e-01
6.03603604e+00,1.84430420e-02,1.43507997e-02,4.03741428e-02,8.27442937e-02,6.03603604e+00,3.68924569e-02,3.42564659e-02,8.07504926e-02,1.81012795e-01,6.03603604e+00,9.23427485e-02,1.65734845e-01,2.01914849e-01,6.31570059e-01
6.04604605e+00,1.85543530e-02,1.43546670e-02,4.05598720e-02,8.28879656e-02,6.04604605e+00,3.71152018e-02,3.42765350e-02,8.11220162e-02,1.81355807e-01,6.04604605e+00,9.29017670e-02,1.66075907e-01,2.02844797e-01,6.33230843e-01
6.05605606e+00,1.86664495e-02,1.43585380e-02,4.07467234e-02,8.30316761e-02,6.05605606e+00,3.73395201e-02,3.42966265e-02,8.14957852e-02,1.81699020e-01,6.05605606e+00,9.34647573e-02,1.66418048e-01,2.03780380e-01,6.34895047e-01
6.06606607e+00,1.87793372e-02,1.43624131e-02,4.09347047e-02,8.31754254e-02,6.06606607e+00,3.75654228e-02,3.43167404e-02,8.18718154e-02,1.82042435e-01,6.06606607e+00,9.40317481e-02,1.66761274e-01,2.04721639e-01,6.36562682e-01
6.07607608e+00,1.88930216e-02,1.43662922e-02,4.11238241e-02,8.33192135e-02,6.07607608e+00,3.77929212e-02,3.43368771e-02,8.22501229e-02,1.82386051e-01,6.07607608e+00,9.46027679e-02,1.67105590e-01,2.05668613e-01,6.38233758e-01
6.08608609e+00,1.90075082e-02,1.43701755e-02,4.13140894e-02,8.34630405e-02,6.08608609e+00,3.80220265e-02,3.43570368e-02,8.26307238e-02,1.82729868e-01,6.08608609e+00,9.51778458e-02,1.67451002e-01,2.06621345e-01,6.39908287e-01
6.09609610e+00,1.91228029e-02,1.43740631e-02,4.15055089e-02,8.36069063e-02,6.09609610e+00,3.82527501e-02,3.43772197e-02,8.30136342e-02,1.83073888e-01,6.09609610e+00,9.57570107e-02,1.67797514e-01,2.07579873e-01,6.41586278e-01
6.10610611e+00,1.92389111e-02,1.43779551e-02,4.16980906e-02,8.37508111e-02,6.10610611e+00,3.84851035e-02,3.43974261e-02,8.33988705e-02,1.83418109e-01,6.10610611e+00,9.63402922e-02,1.68145134e-01,2.08544241e-01,6.43267744e-01
6.11611612e+00,1.93558388e-02,1.43818516e-02,4.18918427e-02,8.38947549e-02,6.11611612e+00,3.87190980e-02,3.44176562e-02,8.37864490e-02,1.83762533e-01,6.11611612e+00,9.69277197e-02,1.68493865e-01,2.09514488e-01,6.44952696e-01
6.12612613e+00,1.94735917e-02,1.43857527e-02,4.20867735e-02,8.40387377e-02,6.12612613e+00,3.89547454e-02,3.44379103e-02,8.41763864e-02,1.84107160e-01,6.12612613e+00,9.75193230e-02,1.68843715e-01,2.10490657e-01,6.46641144e-01
6.13613614e+00,1.95921755e-02,1.43896586e-02,4.22828914e-02,8.41827596e-02,6.13613614e+00,3.91920573e-02,3.44581887e-02,8.45686993e-02,1.84451989e-01,6.13613614e+00,9.81151321e-02,1.69194688e-01,2.11472791e-01,6.48333100e-01
6.14614615e+00,1.97115962e-02,1.43935694e-02,4.24802047e-02,8.43268206e-02,6.14614615e+00,3.94310455e-02,3.44784916e-02,8.49634045e-02,1.84797022e-01,6.14614615e+00,9.87151773e-02,1.69546791e-01,2.12460931e-01,6.50028575e-01
6.15615616e+00,1.98318596e-02,1.43974852e-02,4.26787218e-02,8.44709208e-02,6.15615616e+00,3.96717218e-02,3.44988193e-02,8.53605188e-02,1.85142258e-01,6.15615616e+00,9.93194890e-02,1.69900029e-01,2.13455120e-01,6.51727580e-01
6.16616617e+00,1.99529718e-02,1.44014062e-02,4.28784513e-02,8.46150602e-02,6.16616617e+00,3.99140982e-02,3.45191722e-02,8.57600593e-02,1.85487698e-01,6.16616617e+00,9.99280979e-02,1.70254409e-01,2.14455401e-01,6.53430128e-01
6.17617618e+00,2.00749386e-02,1.44053326e-02,4.30794016e-02,8.47592389e-02,6.17617618e+00,4.01581867e-02,3.45395506e-02,8.61620432e-02,1.85833341e-01,6.17617618e+00,1.00541035e-01,1.70609936e-01,2.15461818e-01,6.55136228e-01
6.18618619e+00,2.01977661e-02,1.44092644e-02,4.32815814e-02,8.49034569e-02,6.18618619e+00,4.04039993e-02,3.45599547e-02,8.65664876e-02,1.86179189e-01,6.18618619e+00,1.01158331e-01,1.70966617e-01,2.16474414e-01,6.56845894e-01
6.19619620e+00,2.03214604e-02,1.44132019e-02,4.34849995e-02,8.50477143e-02,6.19619620e+00,4.06515484e-02,3.45803850e-02,8.69734100e-02,1.86525241e-01,6.19619620e+00,1.01780018e-01,1.71324458e-01,2.17493233e-01,6.58559136e-01
6.20620621e+00,2.04460276e-02,1.44171451e-02,4.36896644e-02,8.51920112e-02,6.20620621e+00,4.09008461e-02,3.46008417e-02,8.73828279e-02,1.86871497e-01,6.20620621e+00,1.02406127e-01,1.71683465e-01,2.18518319e-01,6.60275966e-01
6.21621622e+00,2.05714739e-02,1.44210944e-02,4.38955851e-02,8.53363475e-02,6.21621622e+00,4.11519048e-02,3.46213253e-02,8.77947589e-02,1.87217959e-01,6.21621622e+00,1.03036690e-01,1.72043645e-01,2.19549717e-01,6.61996396e-01
6.22622623e+00,2.06978053e-02,1.44250498e-02,4.41027703e-02,8.54807234e-02,6.22622623e+00,4.14047370e-02,3.46418361e-02,8.82092207e-02,1.87564626e-01,6.22622623e+00,1.03671740e-01,1.72405004e-01,2.20587473e-01,6.63720438e-01
6.23623624e+00,2.08250283e-02,1.44290116e-02,4.43112290e-02,8.56251390e-02,6.23623624e+00,4.16593552e-02,3.46623745e-02,8.86262313e-02,1.87911498e-01,6.23623624e+00,1.04311307e-01,1.72767548e-01,2.21631630e-01,6.65448103e-01
6.24624625e+00,2.09531491e-02,1.44329799e-02,4.45209703e-02,8.57695942e-02,6.24624625e+00,4.19157721e-02,3.46829409e-02,8.90458086e-02,1.88258576e-01,6.24624625e+00,1.04955426e-01,1.73131284e-01,2.22682235e-01,6.67179403e-01
6.25625626e+00,2.10821739e-02,1.44369550e-02,4.47320030e-02,8.59140892e-02,6.25625626e+00,4.21740003e-02,3.47035357e-02,8.94679707e-02,1.88605860e-01,6.25625626e+00,1.05604129e-01,1.73496220e-01,2.23739333e-01,6.68914350e-01
6.26626627e+00,2.12121093e-02,1.44409370e-02,4.49443365e-02,8.60586240e-02,6.26626627e+00,4.24340528e-02,3.47241594e-02,8.98927360e-02,1.88953350e-01,6.26626627e+00,1.06257449e-01,1.73862361e-01,2.24802971e-01,6.70652957e-01
6.27627628e+00,2.13429616e-02,1.44449262e-02,4.51579797e-02,8.62031987e-02,6.27627628e+00,4.26959423e-02,3.47448123e-02,9.03201228e-02,1.89301047e-01,6.27627628e+00,1.06915418e-01,1.74229714e-01,2.25873196e-01,6.72395235e-01
6.28628629e+00,2.14747372e-02,1.44489227e-02,4.53729421e-02,8.63478134e-02,6.28628629e+00,4.29596819e-02,3.47654950e-02,9.07501497e-02,1.89648950e-01,6.28628629e+00,1.07578072e-01,1.74598288e-01,2.26950053e-01,6.74141196e-01
6.29629630e+00,2.16074428e-02,1.44529269e-02,4.55892328e-02,8.64924681e-02,6.29629630e+00,4.32252848e-02,3.47862080e-02,9.11828352e-02,1.89997061e-01,6.29629630e+00,1.08245443e-01,1.74968088e-01,2.28033591e-01,6.75890854e-01
6.30630631e+00,2.17410848e-02,1.44569389e-02,4.58068613e-02,8.66371630e-02,6.30630631e+00,4.34927639e-02,3.48069516e-02,9.16181982e-02,1.90345380e-01,6.30630631e+00,1.08917566e-01,1.75339122e-01,2.29123857e-01,6.77644219e-01
6.31631632e+00,2.18756699e-02,1.44609591e-02,4.60258369e-02,8.67818980e-02,6.31631632e+00,4.37621328e-02,3.48277265e-02,9.20562576e-02,1.90693906e-01,6.31631632e+00,1.09594475e-01,1.75711398e-01,2.30220899e-01,6.79401305e-01
6.32632633e+00,2.20112047e-02,1.44649876e-02,4.62461693e-02,8.69266734e-02,6.32632633e+00,4.40334046e-02,3.48485331e-02,9.24970324e-02,1.91042640e-01,6.32632633e+00,1.10276204e-01,1.76084923e-01,2.31324765e-01,6.81162124e-01
6.33633634e+00,2.21476959e-02,1.44690248e-02,4.64678680e-02,8.70714891e-02,6.33633634e+00,4.43065930e-02,3.48693720e-02,9.29405419e-02,1.91391583e-01,6.33633634e+00,1.10962789e-01,1.76459704e-01,2.32435503e-01,6.82926688e-01
6.34634635e+00,2.22851503e-02,1.44730708e-02,4.66909425e-02,8.72163453e-02,6.34634635e+00,4.45817114e-02,3.48902438e-02,9.33868053e-02,1.91740734e-01,6.34634635e+00,1.11654265e-01,1.76835749e-01,2.33553164e-01,6.84695011e-01
6.35635636e+00,2.24235746e-02,1.44771261e-02,4.69154027e-02,8.73612420e-02,6.35635636e+00,4.48587735e-02,3.49111490e-02,9.38358420e-02,1.92090095e-01,6.35635636e+00,1.12350666e-01,1.77213066e-01,2.34677795e-01,6.86467104e-01
6.36636637e+00,2.25629758e-02,1.44811908e-02,4.71412584e-02,8.75061793e-02,6.36636637e+00,4.51377931e-02,3.49320883e-02,9.42876718e-02,1.92439665e-01,6.36636637e+00,1.13052028e-01,1.77591663e-01,2.35809447e-01,6.88242981e-01
6.37637638e+00,2.27033607e-02,1.44852654e-02,4.73685192e-02,8.76511574e-02,6.37637638e+00,4.54187840e-02,3.49530623e-02,9.47423143e-02,1.92789445e-01,6.37637638e+00,1.13758388e-01,1.77971548e-01,2.36948170e-01,6.90022655e-01
6.38638639e+00,2.28447362e-02,1.44893501e-02,4.75971953e-02,8.77961764e-02,6.38638639e+00,4.57017602e-02,3.49740715e-02,9.51997893e-02,1.93139435e-01,6.38638639e+00,1.14469782e-01,1.78352729e-01,2.38094013e-01,6.91806138e-01
6.39639640e+00,2.29871093e-02,1.44934453e-02,4.78272965e-02,8.79412363e-02,6.39639640e+00,4.59867358e-02,3.49951168e-02,9.56601170e-02,1.93489636e-01,6.39639640e+00,1.15186246e-01,1.78735214e-01,2.39247029e-01,6.93593444e-01
6.40640641e+00,2.31304872e-02,1.44975512e-02,4.80588329e-02,8.80863372e-02,6.40640641e+00,4.62737248e-02,3.50161987e-02,9.61233175e-02,1.93840047e-01,6.40640641e+00,1.15907816e-01,1.79119012e-01,2.40407267e-01,6.95384585e-01
6.41641642e+00,2.32748768e-02,1.45016684e-02,4.82918146e-02,8.82314793e-02,6.41641642e+00,4.65627417e-02,3.50373181e-02,9.65894110e-02,1.94190669e-01,6.41641642e+00,1.16634531e-01,1.79504132e-01,2.41574780e-01,6.97179575e-01
6.42642643e+00,2.34202853e-02,1.45057970e-02,4.85262519e-02,8.83766626e-02,6.42642643e+00,4.68538006e-02,3.50584755e-02,9.70584180e-02,1.94541504e-01,6.42642643e+00,1.17366426e-01,1.79890582e-01,2.42749619e-01,6.98978426e-01
6.43643644e+00,2.35667199e-02,1.45099376e-02,4.87621550e-02,8.85218874e-02,6.43643644e+00,4.71469161e-02,3.50796719e-02,9.75303591e-02,1.94892550e-01,6.43643644e+00,1.18103540e-01,1.80278371e-01,2.43931837e-01,7.00781153e-01
6.44644645e+00,2.37141878e-02,1.45140905e-02,4.89995343e-02,8.86671536e-02,6.44644645e+00,4.74421028e-02,3.51009080e-02,9.80052550e-02,1.95243808e-01,6.44644645e+00,1.18845911e-01,1.80667509e-01,2.45121485e-01,7.02587769e-01
6.45645646e+00,2.38626964e-02,1.45182561e-02,4.92384001e-02,8.88124615e-02,6.45645646e+00,4.77393753e-02,3.51221845e-02,9.84831267e-02,1.95595280e-01,6.45645646e+00,1.19593576e-01,1.81058004e-01,2.46318618e-01,7.04398287e-01
6.46646647e+00,2.40122530e-02,1.45224348e-02,4.94787630e-02,8.89578112e-02,6.46646647e+00,4.80387484e-02,3.51435025e-02,9.89639950e-02,1.95946964e-01,6.46646647e+00,1.20346574e-01,1.81449865e-01,2.47523289e-01,7.06212721e-01
6.47647648e+00,2.41628649e-02,1.45266272e-02,4.97206335e-02,8.91032028e-02,6.47647648e+00,4.83402370e-02,3.51648626e-02,9.94478813e-02,1.96298862e-01,6.47647648e+00,1.21104944e-01,1.81843104e-01,2.48735550e-01,7.08031085e-01
6.48648649e+00,2.43145397e-02,1.45308335e-02,4.99640223e-02,8.92486364e-02,6.48648649e+00,4.86438561e-02,3.51862659e-02,9.99348067e-02,1.96650974e-01,6.48648649e+00,1.21868725e-01,1.82237728e-01,2.49955458e-01,7.09853392e-01
6.49649650e+00,2.44672848e-02,1.45350544e-02,5.02089401e-02,8.93941121e-02,6.49649650e+00,4.89496207e-02,3.52077133e-02,1.00424793e-01,1.97003301e-01,6.49649650e+00,1.22637956e-01,1.82633748e-01,2.51183065e-01,7.11679657e-01
6.50650651e+00,2.46211078e-02,1.45392903e-02,5.04553976e-02,8.95396302e-02,6.50650651e+00,4.92575461e-02,3.52292057e-02,1.00917861e-01,1.97355843e-01,6.50650651e+00,1.23412677e-01,1.83031174e-01,2.52418427e-01,7.13509893e-01
6.51651652e+00,2.47760163e-02,1.45435418e-02,5.07034058e-02,8.96851908e-02,6.51651652e+00,4.95676475e-02,3.52507441e-02,1.01414034e-01,1.97708600e-01,6.51651652e+00,1.24192928e-01,1.83430017e-01,2.53661599e-01,7.15344115e-01
6.52652653e+00,2.49320180e-02,1.45478092e-02,5.09529755e-02,8.98307941e-02,6.52652653e+00,4.98799405e-02,3.52723296e-02,1.01913333e-01,1.98061572e-01,6.52652653e+00,1.24978749e-01,1.83830287e-01,2.54912638e-01,7.17182337e-01
6.53653654e+00,2.50891205e-02,1.45520933e-02,5.12041179e-02,8.99764401e-02,6.53653654e+00,5.01944405e-02,3.52939632e-02,1.02415780e-01,1.98414761e-01,6.53653654e+00,1.25770180e-01,1.84231994e-01,2.56171599e-01,7.19024573e-01
6.54654655e+00,2.52473317e-02,1.45563944e-02,5.14568439e-02,9.01221291e-02,6.54654655e+00,5.05111632e-02,3.53156461e-02,1.02921397e-01,1.98768167e-01,6.54654655e+00,1.26567263e-01,1.84635150e-01,2.57438538e-01,7.20870837e-01
6.55655656e+00,2.54066594e-02,1.45607134e-02,5.17111648e-02,9.02678613e-02,6.55655656e+00,5.08301243e-02,3.53373794e-02,1.03430207e-01,1.99121791e-01,6.55655656e+00,1.27370038e-01,1.85039766e-01,2.58713513e-01,7.22721145e-01
6.56656657e+00,2.55671114e-02,1.45650506e-02,5.19670919e-02,9.04136367e-02,6.56656657e+00,5.11513397e-02,3.53591643e-02,1.03942232e-01,1.99475632e-01,6.56656657e+00,1.28178547e-01,1.85445852e-01,2.59996582e-01,7.24575511e-01
6.57657658e+00,2.57286958e-02,1.45694068e-02,5.22246364e-02,9.05594557e-02,6.57657658e+00,5.14748254e-02,3.53810019e-02,1.04457496e-01,1.99829691e-01,6.57657658e+00,1.28992833e-01,1.85853421e-01,2.61287802e-01,7.26433949e-01
6.58658659e+00,2.58914204e-02,1.45737826e-02,5.24838097e-02,9.07053184e-02,6.58658659e+00,5.18005975e-02,3.54028936e-02,1.04976020e-01,2.00183969e-01,6.58658659e+00,1.29812936e-01,1.86262484e-01,2.62587230e-01,7.28296475e-01
6.59659660e+00,2.60552934e-02,1.45781786e-02,5.27446235e-02,9.08512251e-02,6.59659660e+00,5.21286722e-02,3.54248406e-02,1.05497829e-01,2.00538467e-01,6.59659660e+00,1.30638900e-01,1.86673054e-01,2.63894927e-01,7.30163104e-01
6.60660661e+00,2.62203228e-02,1.45825956e-02,5.30070892e-02,9.09971758e-02,6.60660661e+00,5.24590658e-02,3.54468444e-02,1.06022945e-01,2.00893185e-01,6.60660661e+00,1.31470767e-01,1.87085142e-01,2.65210951e-01,7.32033850e-01
6.61661662e+00,2.63865169e-02,1.45870343e-02,5.32712185e-02,9.11431708e-02,6.61661662e+00,5.27917947e-02,3.54689062e-02,1.06551391e-01,2.01248123e-01,6.61661662e+00,1.32308580e-01,1.87498761e-01,2.66535361e-01,7.33908729e-01
6.62662663e+00,2.65538838e-02,1.45914954e-02,5.35370231e-02,9.12892104e-02,6.62662663e+00,5.31268756e-02,3.54910276e-02,1.07083192e-01,2.01603282e-01,6.62662663e+00,1.33152383e-01,1.87913924e-01,2.67868218e-01,7.35787756e-01
6.63663664e+00,2.67224318e-02,1.45959796e-02,5.38045149e-02,9.14352948e-02,6.63663664e+00,5.34643252e-02,3.55132100e-02,1.07618370e-01,2.01958663e-01,6.63663664e+00,1.34002220e-01,1.88330644e-01,2.69209581e-01,7.37670948e-01
6.64664665e+00,2.68921693e-02,1.46004878e-02,5.40737058e-02,9.15814242e-02,6.64664665e+00,5.38041601e-02,3.55354550e-02,1.08156950e-01,2.02314267e-01,6.64664665e+00,1.34858135e-01,1.88748934e-01,2.70559512e-01,7.39558319e-01
6.65665666e+00,2.70631047e-02,1.46050208e-02,5.43446078e-02,9.17275988e-02,6.65665666e+00,5.41463974e-02,3.55577641e-02,1.08698956e-01,2.02670093e-01,6.65665666e+00,1.35720172e-01,1.89168808e-01,2.71918073e-01,7.41449885e-01
6.66666667e+00,2.72352464e-02,1.46095795e-02,5.46172329e-02,9.18738190e-02,6.66666667e+00,5.44910540e-02,3.55801389e-02,1.09244412e-01,2.03026144e-01,6.66666667e+00,1.36588376e-01,1.89590280e-01,2.73285324e-01,7.43345662e-01
6.67667668e+00,2.74086029e-02,1.46141646e-02,5.48915933e-02,9.20200849e-02,6.67667668e+00,5.48381472e-02,3.56025813e-02,1.09793343e-01,2.03382418e-01,6.67667668e+00,1.37462792e-01,1.90013364e-01,2.74661328e-01,7.45245667e-01
6.68668669e+00,2.75831829e-02,1.46187772e-02,5.51677012e-02,9.21663968e-02,6.68668669e+00,5.51876943e-02,3.56250929e-02,1.10345772e-01,2.03738918e-01,6.68668669e+00,1.38343466e-01,1.90438075e-01,2.76046147e-01,7.47149915e-01
6.69669670e+00,2.77589950e-02,1.46234181e-02,5.54455690e-02,9.23127551e-02,6.69669670e+00,5.55397126e-02,3.56476755e-02,1.10901725e-01,2.04095643e-01,6.69669670e+00,1.39230443e-01,1.90864427e-01,2.77439845e-01,7.49058423e-01
6.70670671e+00,2.79360478e-02,1.46280883e-02,5.57252091e-02,9.24591600e-02,6.70670671e+00,5.58942197e-02,3.56703311e-02,1.11461227e-01,2.04452594e-01,6.70670671e+00,1.40123771e-01,1.91292435e-01,2.78842486e-01,7.50971208e-01
6.71671672e+00,2.81143502e-02,1.46327888e-02,5.60066341e-02,9.26056118e-02,6.71671672e+00,5.62512333e-02,3.56930614e-02,1.12024302e-01,2.04809773e-01,6.71671672e+00,1.41023495e-01,1.91722116e-01,2.80254132e-01,7.52888285e-01
6.72672673e+00,2.82939109e-02,1.46375207e-02,5.62898564e-02,9.27521108e-02,6.72672673e+00,5.66107711e-02,3.57158686e-02,1.12590977e-01,2.05167180e-01,6.72672673e+00,1.41929662e-01,1.92153485e-01,2.81674850e-01,7.54809673e-01
6.73673674e+00,2.84747389e-02,1.46422850e-02,5.65748888e-02,9.28986573e-02,6.73673674e+00,5.69728511e-02,3.57387547e-02,1.13161275e-01,2.05524815e-01,6.73673674e+00,1.42842321e-01,1.92586559e-01,2.83104703e-01,7.56735388e-01
6.74674675e+00,2.86568431e-02,1.46470828e-02,5.68617441e-02,9.30452517e-02,6.74674675e+00,5.73374913e-02,3.57617218e-02,1.13735224e-01,2.05882680e-01,6.74674675e+00,1.43761517e-01,1.93021354e-01,2.84543757e-01,7.58665446e-01
6.75675676e+00,2.88402325e-02,1.46519153e-02,5.71504351e-02,9.31918943e-02,6.75675676e+00,5.77047100e-02,3.57847721e-02,1.14312849e-01,2.06240776e-01,6.75675676e+00,1.44687301e-01,1.93457886e-01,2.85992078e-01,7.60599866e-01
6.76676677e+00,2.90249163e-02,1.46567836e-02,5.74409748e-02,9.33385855e-02,6.76676677e+00,5.80745253e-02,3.58079079e-02,1.14894176e-01,2.06599102e-01,6.76676677e+00,1.45619719e-01,1.93896174e-01,2.87449733e-01,7.62538665e-01
6.77677678e+00,2.92109034e-02,1.46616890e-02,5.77333762e-02,9.34853256e-02,6.77677678e+00,5.84469558e-02,3.58311315e-02,1.15479230e-01,2.06957661e-01,6.77677678e+00,1.46558822e-01,1.94336236e-01,2.88916788e-01,7.64481861e-01
6.78678679e+00,2.93982032e-02,1.46666328e-02,5.80276526e-02,9.36321150e-02,6.78678679e+00,5.88220201e-02,3.58544453e-02,1.16068039e-01,2.07316452e-01,6.78678679e+00,1.47504657e-01,1.94778089e-01,2.90393311e-01,7.66429470e-01
6.79679680e+00,2.95868250e-02,1.46716161e-02,5.83238170e-02,9.37789541e-02,6.79679680e+00,5.91997367e-02,3.58778519e-02,1.16660629e-01,2.07675477e-01,6.79679680e+00,1.48457276e-01,1.95221752e-01,2.91879370e-01,7.68381512e-01
6.80680681e+00,2.97767780e-02,1.46766405e-02,5.86218828e-02,9.39258433e-02,6.80680681e+00,5.95801247e-02,3.59013537e-02,1.17257027e-01,2.08034737e-01,6.80680681e+00,1.49416727e-01,1.95667244e-01,2.93375033e-01,7.70338005e-01
6.81681682e+00,2.99680717e-02,1.46817072e-02,5.89218635e-02,9.40727829e-02,6.81681682e+00,5.99632029e-02,3.59249535e-02,1.17857259e-01,2.08394233e-01,6.81681682e+00,1.50383061e-01,1.96114586e-01,2.94880369e-01,7.72298966e-01
6.82682683e+00,3.01607155e-02,1.46868178e-02,5.92237726e-02,9.42197736e-02,6.82682683e+00,6.03489905e-02,3.59486541e-02,1.18461353e-01,2.08753966e-01,6.82682683e+00,1.51356329e-01,1.96563796e-01,2.96395447e-01,7.74264416e-01
6.83683684e+00,3.03547190e-02,1.46919736e-02,5.95276236e-02,9.43668156e-02,6.83683684e+00,6.07375067e-02,3.59724581e-02,1.19069336e-01,2.09113936e-01,6.83683684e+00,1.52336583e-01,1.97014896e-01,2.97920338e-01,7.76234371e-01
6.84684685e+00,3.05500918e-02,1.46971763e-02,5.98334303e-02,9.45139095e-02,6.84684685e+00,6.11287709e-02,3.59963687e-02,1.19681236e-01,2.09474146e-01,6.84684685e+00,1.53323873e-01,1.97467907e-01,2.99455112e-01,7.78208852e-01
6.85685686e+00,3.07468436e-02,1.47024274e-02,6.01412066e-02,9.46610557e-02,6.85685686e+00,6.15228027e-02,3.60203887e-02,1.20297080e-01,2.09834595e-01,6.85685686e+00,1.54318253e-01,1.97922850e-01,3.00999839e-01,7.80187878e-01
6.86686687e+00,3.09449841e-02,1.47077285e-02,6.04509662e-02,9.48082548e-02,6.86686687e+00,6.19196217e-02,3.60445213e-02,1.20916896e-01,2.10195285e-01,6.86686687e+00,1.55319773e-01,1.98379748e-01,3.02554591e-01,7.82171468e-01
6.87687688e+00,3.11445231e-02,1.47130814e-02,6.07627231e-02,9.49555071e-02,6.87687688e+00,6.23192478e-02,3.60687697e-02,1.21540712e-01,2.10556217e-01,6.87687688e+00,1.56328488e-01,1.98838623e-01,3.04119441e-01,7.84159641e-01
6.88688689e+00,3.13454705e-02,1.47184878e-02,6.10764916e-02,9.51028134e-02,6.88688689e+00,6.27217009e-02,3.60931373e-02,1.22168557e-01,2.10917393e-01,6.88688689e+00,1.57344451e-01,1.99299498e-01,3.05694461e-01,7.86152419e-01
6.89689690e+00,3.15478363e-02,1.47239495e-02,6.13922858e-02,9.52501740e-02,6.89689690e+00,6.31270010e-02,3.61176275e-02,1.22800459e-01,2.11278813e-01,6.89689690e+00,1.58367714e-01,1.99762397e-01,3.07279723e-01,7.88149820e-01
6.90690691e+00,3.17516304e-02,1.47294683e-02,6.17101199e-02,9.53975896e-02,6.90690691e+00,6.35351685e-02,3.61422437e-02,1.23436446e-01,2.11640479e-01,6.90690691e+00,1.59398334e-01,2.00227346e-01,3.08875302e-01,7.90151865e-01
6.91691692e+00,3.19568631e-02,1.47350463e-02,6.20300084e-02,9.55450607e-02,6.91691692e+00,6.39462238e-02,3.61669898e-02,1.24076549e-01,2.12002392e-01,6.91691692e+00,1.60436363e-01,2.00694368e-01,3.10481272e-01,7.92158576e-01
6.92692693e+00,3.21635444e-02,1.47406853e-02,6.23519658e-02,9.56925881e-02,6.92692693e+00,6.43601873e-02,3.61918693e-02,1.24720795e-01,2.12364554e-01,6.92692693e+00,1.61481857e-01,2.01163491e-01,3.12097707e-01,7.94169973e-01
6.93693694e+00,3.23716846e-02,1.47463874e-02,6.26760067e-02,9.58401721e-02,6.93693694e+00,6.47770798e-02,3.62168863e-02,1.25369214e-01,2.12726965e-01,6.93693694e+00,1.62534872e-01,2.01634739e-01,3.13724682e-01,7.96186076e-01
6.94694695e+00,3.25812939e-02,1.47521548e-02,6.30021458e-02,9.59878136e-02,6.94694695e+00,6.51969221e-02,3.62420446e-02,1.26021836e-01,2.13089627e-01,6.94694695e+00,1.63595464e-01,2.02108140e-01,3.15362275e-01,7.98206908e-01
6.95695696e+00,3.27923829e-02,1.47579895e-02,6.33303979e-02,9.61355132e-02,6.95695696e+00,6.56197352e-02,3.62673485e-02,1.26678690e-01,2.13452542e-01,6.95695696e+00,1.64663688e-01,2.02583723e-01,3.17010560e-01,8.00232490e-01
6.96696697e+00,3.30049619e-02,1.47638940e-02,6.36607779e-02,9.62832716e-02,6.96696697e+00,6.60455402e-02,3.62928022e-02,1.27339807e-01,2.13815712e-01,6.96696697e+00,1.65739602e-01,2.03061515e-01,3.18669615e-01,8.02262844e-01
6.97697698e+00,3.32190415e-02,1.47698704e-02,6.39933008e-02,9.64310894e-02,6.97697698e+00,6.64743585e-02,3.63184101e-02,1.28005216e-01,2.14179136e-01,6.97697698e+00,1.66823263e-01,2.03541546e-01,3.20339517e-01,8.04297993e-01
6.98698699e+00,3.34346322e-02,1.47759213e-02,6.43279818e-02,9.65789674e-02,6.98698699e+00,6.69062114e-02,3.63441768e-02,1.28674947e-01,2.14542818e-01,6.98698699e+00,1.67914729e-01,2.04023846e-01,3.22020345e-01,8.06337958e-01
6.99699700e+00,3.36517448e-02,1.47820491e-02,6.46648361e-02,9.67269064e-02,6.99699700e+00,6.73411207e-02,3.63701069e-02,1.29349033e-01,2.14906759e-01,6.99699700e+00,1.69014058e-01,2.04508446e-01,3.23712178e-01,8.08382763e-01
7.00700701e+00,3.38703901e-02,1.47882563e-02,6.50038791e-02,9.68749072e-02,7.00700701e+00,6.77791079e-02,3.63962053e-02,1.30027502e-01,2.15270960e-01,7.00700701e+00,1.70121309e-01,2.04995378e-01,3.25415094e-01,8.10432431e-01
7.01701702e+00,3.40905788e-02,1.47945456e-02,6.53451261e-02,9.70229705e-02,7.01701702e+00,6.82201952e-02,3.64224769e-02,1.30710387e-01,2.15635423e-01,7.01701702e+00,1.71236541e-01,2.05484674e-01,3.27129173e-01,8.12486986e-01
7.02702703e+00,3.43123219e-02,1.48009197e-02,6.56885928e-02,9.71710972e-02,7.02702703e+00,6.86644045e-02,3.64489268e-02,1.31397718e-01,2.16000150e-01,7.02702703e+00,1.72359813e-01,2.05976368e-01,3.28854497e-01,8.14546451e-01
7.03703704e+00,3.45356303e-02,1.48073814e-02,6.60342948e-02,9.73192881e-02,7.03703704e+00,6.91117580e-02,3.64755605e-02,1.32089528e-01,2.16365143e-01,7.03703704e+00,1.73491187e-01,2.06470494e-01,3.30591145e-01,8.16610850e-01
7.04704705e+00,3.47605152e-02,1.48139337e-02,6.63822479e-02,9.74675443e-02,7.04704705e+00,6.95622782e-02,3.65023833e-02,1.32785847e-01,2.16730403e-01,7.04704705e+00,1.74630722e-01,2.06967087e-01,3.32339201e-01,8.18680208e-01
7.05705706e+00,3.49869876e-02,1.48205794e-02,6.67324680e-02,9.76158664e-02,7.05705706e+00,7.00159877e-02,3.65294008e-02,1.33486708e-01,2.17095933e-01,7.05705706e+00,1.75778480e-01,2.07466183e-01,3.34098745e-01,8.20754550e-01
7.06706707e+00,3.52150588e-02,1.48273218e-02,6.70849711e-02,9.77642557e-02,7.06706707e+00,7.04729091e-02,3.65566190e-02,1.34192142e-01,2.17461734e-01,7.06706707e+00,1.76934522e-01,2.07967821e-01,3.35869861e-01,8.22833902e-01
7.07707708e+00,3.54447402e-02,1.48341640e-02,6.74397733e-02,9.79127129e-02,7.07707708e+00,7.09330654e-02,3.65840437e-02,1.34902183e-01,2.17827809e-01,7.07707708e+00,1.78098911e-01,2.08472038e-01,3.37652633e-01,8.24918288e-01
7.08708709e+00,3.56760430e-02,1.48411093e-02,6.77968908e-02,9.80612391e-02,7.08708709e+00,7.13964795e-02,3.66116811e-02,1.35616862e-01,2.18194160e-01,7.08708709e+00,1.79271709e-01,2.08978874e-01,3.39447145e-01,8.27007735e-01
7.09709710e+00,3.59089788e-02,1.48481611e-02,6.81563401e-02,9.82098354e-02,7.09709710e+00,7.18631748e-02,3.66395377e-02,1.36336214e-01,2.18560788e-01,7.09709710e+00,1.80452980e-01,2.09488369e-01,3.41253481e-01,8.29102269e-01
7.10710711e+00,3.61435591e-02,1.48553228e-02,6.85181375e-02,9.83585029e-02,7.10710711e+00,7.23331746e-02,3.66676200e-02,1.37060269e-01,2.18927697e-01,7.10710711e+00,1.81642787e-01,2.10000564e-01,3.43071727e-01,8.31201918e-01
7.11711712e+00,3.63797955e-02,1.48625981e-02,6.88822996e-02,9.85072427e-02,7.11711712e+00,7.28065025e-02,3.66959347e-02,1.37789063e-01,2.19294887e-01,7.11711712e+00,1.82841194e-01,2.10515504e-01,3.44901969e-01,8.33306708e-01
7.12712713e+00,3.66176998e-02,1.48699907e-02,6.92488431e-02,9.86560559e-02,7.12712713e+00,7.32831822e-02,3.67244889e-02,1.38522629e-01,2.19662363e-01,7.12712713e+00,1.84048268e-01,2.11033230e-01,3.46744294e-01,8.35416667e-01
7.13713714e+00,3.68572838e-02,1.48775045e-02,6.96177849e-02,9.88049437e-02,7.13713714e+00,7.37632376e-02,3.67532896e-02,1.39260999e-01,2.20030125e-01,7.13713714e+00,1.85264072e-01,2.11553789e-01,3.48598789e-01,8.37531823e-01
7.14714715e+00,3.70985592e-02,1.48851433e-02,6.99891418e-02,9.89539074e-02,7.14714715e+00,7.42466928e-02,3.67823444e-02,1.40004209e-01,2.20398177e-01,7.14714715e+00,1.86488673e-01,2.12077227e-01,3.50465543e-01,8.39652205e-01
7.15715716e+00,3.73415382e-02,1.48929113e-02,7.03629310e-02,9.91029482e-02,7.15715716e+00,7.47335720e-02,3.68116609e-02,1.40752293e-01,2.20766521e-01,7.15715716e+00,1.87722137e-01,2.12603592e-01,3.52344643e-01,8.41777842e-01
7.16716717e+00,3.75862327e-02,1.49008127e-02,7.07391696e-02,9.92520675e-02,7.16716717e+00,7.52238998e-02,3.68412469e-02,1.41505285e-01,2.21135160e-01,7.16716717e+00,1.88964531e-01,2.13132934e-01,3.54236180e-01,8.43908763e-01
7.17717718e+00,3.78326548e-02,1.49088518e-02,7.11178748e-02,9.94012666e-02,7.17717718e+00,7.57177006e-02,3.68711106e-02,1.42263220e-01,2.21504097e-01,7.17717718e+00,1.90215924e-01,2.13665301e-01,3.56140244e-01,8.46044999e-01
7.18718719e+00,3.80808169e-02,1.49170331e-02,7.14990642e-02,9.95505469e-02,7.18718719e+00,7.62149993e-02,3.69012603e-02,1.43026133e-01,2.21873334e-01,7.18718719e+00,1.91476382e-01,2.14200748e-01,3.58056924e-01,8.48186579e-01
7.19719720e+00,3.83307312e-02,1.49253612e-02,7.18827552e-02,9.96999098e-02,7.19719720e+00,7.67158209e-02,3.69317047e-02,1.43794059e-01,2.22242875e-01,7.19719720e+00,1.92745975e-01,2.14739326e-01,3.59986313e-01,8.50333536e-01
7.20720721e+00,3.85824101e-02,1.49338408e-02,7.22689655e-02,9.98493569e-02,7.20720721e+00,7.72201905e-02,3.69624526e-02,1.44567034e-01,2.22612721e-01,7.20720721e+00,1.94024773e-01,2.15281092e-01,3.61928503e-01,8.52485900e-01
7.21721722e+00,3.88358660e-02,1.49424769e-02,7.26577129e-02,9.99988897e-02,7.21721722e+00,7.77281334e-02,3.69935132e-02,1.45345093e-01,2.22982878e-01,7.21721722e+00,1.95312844e-01,2.15826101e-01,3.63883587e-01,8.54643704e-01
7.22722723e+00,3.90911117e-02,1.49512744e-02,7.30490153e-02,1.00148510e-01,7.22722723e+00,7.82396752e-02,3.70248959e-02,1.46128273e-01,2.23353346e-01,7.22722723e+00,1.96610260e-01,2.16374412e-01,3.65851657e-01,8.56806981e-01
7.23723724e+00,3.93481596e-02,1.49602387e-02,7.34428908e-02,1.00298219e-01,7.23723724e+00,7.87548416e-02,3.70566105e-02,1.46916610e-01,2.23724131e-01,7.23723724e+00,1.97917092e-01,2.16926086e-01,3.67832809e-01,8.58975764e-01
7.24724725e+00,3.96070226e-02,1.49693750e-02,7.38393575e-02,1.00448018e-01,7.24724725e+00,7.92736584e-02,3.70886670e-02,1.47710140e-01,2.24095235e-01,7.24724725e+00,1.99233412e-01,2.17481183e-01,3.69827138e-01,8.61150087e-01
7.25725726e+00,3.98677136e-02,1.49786889e-02,7.42384337e-02,1.00597910e-01,7.25725726e+00,7.97961518e-02,3.71210756e-02,1.48508901e-01,2.24466661e-01,7.25725726e+00,2.00559291e-01,2.18039767e-01,3.71834738e-01,8.63329985e-01
7.26726727e+00,4.01302454e-02,1.49881861e-02,7.46401379e-02,1.00747897e-01,7.26726727e+00,8.03223480e-02,3.71538471e-02,1.49312928e-01,2.24838414e-01,7.26726727e+00,2.01894804e-01,2.18601904e-01,3.73855707e-01,8.65515492e-01
7.27727728e+00,4.03946311e-02,1.49978724e-02,7.50444885e-02,1.00897979e-01,7.27727728e+00,8.08522735e-02,3.71869924e-02,1.50122260e-01,2.25210497e-01,7.27727728e+00,2.03240023e-01,2.19167662e-01,3.75890142e-01,8.67706646e-01
7.28728729e+00,4.06608838e-02,1.50077540e-02,7.54515044e-02,1.01048159e-01,7.28728729e+00,8.13859550e-02,3.72205228e-02,1.50936934e-01,2.25582914e-01,7.28728729e+00,2.04595022e-01,2.19737108e-01,3.77938140e-01,8.69903482e-01
7.29729730e+00,4.09290167e-02,1.50178370e-02,7.58612043e-02,1.01198439e-01,7.29729730e+00,8.19234193e-02,3.72544499e-02,1.51756989e-01,2.25955668e-01,7.29729730e+00,2.05959877e-01,2.20310315e-01,3.79999801e-01,8.72106038e-01
7.30730731e+00,4.11990432e-02,1.50281278e-02,7.62736071e-02,1.01348821e-01,7.30730731e+00,8.24646935e-02,3.72887856e-02,1.52582461e-01,2.26328764e-01,7.30730731e+00,2.07334664e-01,2.20887356e-01,3.82075223e-01,8.74314352e-01
7.31731732e+00,4.14709765e-02,1.50386331e-02,7.66887320e-02,1.01499308e-01,7.31731732e+00,8.30098048e-02,3.73235424e-02,1.53413390e-01,2.26702206e-01,7.31731732e+00,2.08719458e-01,2.21468306e-01,3.84164507e-01,8.76528462e-01
7.32732733e+00,4.17448304e-02,1.50493598e-02,7.71065981e-02,1.01649900e-01,7.32732733e+00,8.35587807e-02,3.73587329e-02,1.54249814e-01,2.27075998e-01,7.32732733e+00,2.10114336e-01,2.22053244e-01,3.86267753e-01,8.78748408e-01
7.33733734e+00,4.20206182e-02,1.50603147e-02,7.75272250e-02,1.01800601e-01,7.33733734e+00,8.41116489e-02,3.73943702e-02,1.55091773e-01,2.27450145e-01,7.33733734e+00,2.11519376e-01,2.22642249e-01,3.88385064e-01,8.80974230e-01
7.34734735e+00,4.22983537e-02,1.50715053e-02,7.79506319e-02,1.01951413e-01,7.34734735e+00,8.46684371e-02,3.74304679e-02,1.55939305e-01,2.27824651e-01,7.34734735e+00,2.12934656e-01,2.23235405e-01,3.90516542e-01,8.83205970e-01
7.35735736e+00,4.25780508e-02,1.50829388e-02,7.83768386e-02,1.02102339e-01,7.35735736e+00,8.52291735e-02,3.74670397e-02,1.56792449e-01,2.28199520e-01,7.35735736e+00,2.14360254e-01,2.23832795e-01,3.92662291e-01,8.85443669e-01
7.36736737e+00,4.28597232e-02,1.50946230e-02,7.88058649e-02,1.02253380e-01,7.36736737e+00,8.57938864e-02,3.75041000e-02,1.57651247e-01,2.28574759e-01,7.36736737e+00,2.15796252e-01,2.24434508e-01,3.94822413e-01,8.87687371e-01
7.37737738e+00,4.31433850e-02,1.51065658e-02,7.92377306e-02,1.02404539e-01,7.37737738e+00,8.63626041e-02,3.75416635e-02,1.58515738e-01,2.28950370e-01,7.37737738e+00,2.17242728e-01,2.25040633e-01,3.96997015e-01,8.89937119e-01
7.38738739e+00,4.34290503e-02,1.51187754e-02,7.96724558e-02,1.02555819e-01,7.38738739e+00,8.69353555e-02,3.75797454e-02,1.59385961e-01,2.29326361e-01,7.38738739e+00,2.18699765e-01,2.25651264e-01,3.99186202e-01,8.92192957e-01
7.39739740e+00,4.37167332e-02,1.51312601e-02,8.01100608e-02,1.02707223e-01,7.39739740e+00,8.75121693e-02,3.76183613e-02,1.60261959e-01,2.29702735e-01,7.39739740e+00,2.20167443e-01,2.26266497e-01,4.01390080e-01,8.94454932e-01
7.40740741e+00,4.40064481e-02,1.51440286e-02,8.05505657e-02,1.02858754e-01,7.40740741e+00,8.80930748e-02,3.76575273e-02,1.61143772e-01,2.30079499e-01,7.40740741e+00,2.21645845e-01,2.26886429e-01,4.03608757e-01,8.96723089e-01
7.41741742e+00,4.42982093e-02,1.51570898e-02,8.09939913e-02,1.03010413e-01,7.41741742e+00,8.86781012e-02,3.76972600e-02,1.62031440e-01,2.30456658e-01,7.41741742e+00,2.23135055e-01,2.27511162e-01,4.05842341e-01,8.98997477e-01
7.42742743e+00,4.45920313e-02,1.51704528e-02,8.14403579e-02,1.03162206e-01,7.42742743e+00,8.92672781e-02,3.77375764e-02,1.62925007e-01,2.30834218e-01,7.42742743e+00,2.24635156e-01,2.28140802e-01,4.08090942e-01,9.01278144e-01
7.43743744e+00,4.48879287e-02,1.51841271e-02,8.18896866e-02,1.03314133e-01,7.43743744e+00,8.98606352e-02,3.77784940e-02,1.63824513e-01,2.31212184e-01,7.43743744e+00,2.26146232e-01,2.28775455e-01,4.10354668e-01,9.03565140e-01
7.44744745e+00,4.51859162e-02,1.51981224e-02,8.23419980e-02,1.03466199e-01,7.44744745e+00,9.04582025e-02,3.78200311e-02,1.64730000e-01,2.31590563e-01,7.44744745e+00,2.27668371e-01,2.29415233e-01,4.12633630e-01,9.05858515e-01
7.45745746e+00,4.54860087e-02,1.52124488e-02,8.27973134e-02,1.03618407e-01,7.45745746e+00,9.10600103e-02,3.78622061e-02,1.65641512e-01,2.31969361e-01,7.45745746e+00,2.29201657e-01,2.30060250e-01,4.14927941e-01,9.08158322e-01
7.46746747e+00,4.57882210e-02,1.52271164e-02,8.32556540e-02,1.03770760e-01,7.46746747e+00,9.16660889e-02,3.79050383e-02,1.66559090e-01,2.32348585e-01,7.46746747e+00,2.30746178e-01,2.30710624e-01,4.17237713e-01,9.10464614e-01
7.47747748e+00,4.60925681e-02,1.52421360e-02,8.37170410e-02,1.03923261e-01,7.47747748e+00,9.22764691e-02,3.79485474e-02,1.67482779e-01,2.32728241e-01,7.47747748e+00,2.32302022e-01,2.31366477e-01,4.19563058e-01,9.12777444e-01
7.48748749e+00,4.63990652e-02,1.52575184e-02,8.41814962e-02,1.04075915e-01,7.48748749e+00,9.28911816e-02,3.79927537e-02,1.68412620e-01,2.33108336e-01,7.48748749e+00,2.33869277e-01,2.32027934e-01,4.21904092e-01,9.15096869e-01
7.49749750e+00,4.67077276e-02,1.52732748e-02,8.46490410e-02,1.04228725e-01,7.49749750e+00,9.35102576e-02,3.80376781e-02,1.69348659e-01,2.33488878e-01,7.49749750e+00,2.35448033e-01,2.32695124e-01,4.24260929e-01,9.17422944e-01
7.50750751e+00,4.70185704e-02,1.52894170e-02,8.51196973e-02,1.04381694e-01,7.50750751e+00,9.41337284e-02,3.80833422e-02,1.70290938e-01,2.33869873e-01,7.50750751e+00,2.37038380e-01,2.33368179e-01,4.26633686e-01,9.19755728e-01
7.51751752e+00,4.73316093e-02,1.53059567e-02,8.55934872e-02,1.04534827e-01,7.51751752e+00,9.47616257e-02,3.81297680e-02,1.71239503e-01,2.34251329e-01,7.51751752e+00,2.38640408e-01,2.34047237e-01,4.29022479e-01,9.22095281e-01
7.52752753e+00,4.76468597e-02,1.53229062e-02,8.60704328e-02,1.04688128e-01,7.52752753e+00,9.53939812e-02,3.81769785e-02,1.72194398e-01,2.34633254e-01,7.52752753e+00,2.40254211e-01,2.34732439e-01,4.31427426e-01,9.24441663e-01
7.53753754e+00,4.79643374e-02,1.53402782e-02,8.65505563e-02,1.04841601e-01,7.53753754e+00,9.60308269e-02,3.82249971e-02,1.73155667e-01,2.35015655e-01,7.53753754e+00,2.41879880e-01,2.35423930e-01,4.33848646e-01,9.26794937e-01
7.54754755e+00,4.82840580e-02,1.53580856e-02,8.70338802e-02,1.04995250e-01,7.54754755e+00,9.66721951e-02,3.82738480e-02,1.74123357e-01,2.35398542e-01,7.54754755e+00,2.43517510e-01,2.36121862e-01,4.36286259e-01,9.29155166e-01
7.55755756e+00,4.86060376e-02,1.53763419e-02,8.75204271e-02,1.05149079e-01,7.55755756e+00,9.73181184e-02,3.83235560e-02,1.75097512e-01,2.35781922e-01,7.55755756e+00,2.45167195e-01,2.36826388e-01,4.38740385e-01,9.31522415e-01
7.56756757e+00,4.89302921e-02,1.53950607e-02,8.80102198e-02,1.05303093e-01,7.56756757e+00,9.79686296e-02,3.83741468e-02,1.76078179e-01,2.36165804e-01,7.56756757e+00,2.46829030e-01,2.37537667e-01,4.41211146e-01,9.33896752e-01
7.57757758e+00,4.92568377e-02,1.54142563e-02,8.85032812e-02,1.05457298e-01,7.57757758e+00,9.86237615e-02,3.84256467e-02,1.77065404e-01,2.36550197e-01,7.57757758e+00,2.48503111e-01,2.38255866e-01,4.43698664e-01,9.36278244e-01
7.58758759e+00,4.95856906e-02,1.54339432e-02,8.89996345e-02,1.05611697e-01,7.58758759e+00,9.92835476e-02,3.84780828e-02,1.78059234e-01,2.36935111e-01,7.58758759e+00,2.50189536e-01,2.38981152e-01,4.46203064e-01,9.38666963e-01
7.59759760e+00,4.99168671e-02,1.54541364e-02,8.94993028e-02,1.05766296e-01,7.59759760e+00,9.99480212e-02,3.85314831e-02,1.79059714e-01,2.37320555e-01,7.59759760e+00,2.51888403e-01,2.39713701e-01,4.48724470e-01,9.41062979e-01
7.60760761e+00,5.02503837e-02,1.54748514e-02,9.00023097e-02,1.05921099e-01,7.60760761e+00,1.00617216e-01,3.85858763e-02,1.80066894e-01,2.37706538e-01,7.60760761e+00,2.53599811e-01,2.40453693e-01,4.51263006e-01,9.43466367e-01
7.61761762e+00,5.05862571e-02,1.54961040e-02,9.05086786e-02,1.06076113e-01,7.61761762e+00,1.01291166e-01,3.86412920e-02,1.81080819e-01,2.38093071e-01,7.61761762e+00,2.55323859e-01,2.41201313e-01,4.53818801e-01,9.45877201e-01
7.62762763e+00,5.09245039e-02,1.55179106e-02,9.10184334e-02,1.06231342e-01,7.62762763e+00,1.01969906e-01,3.86977606e-02,1.82101539e-01,2.38480164e-01,7.62762763e+00,2.57060649e-01,2.41956754e-01,4.56391980e-01,9.48295560e-01
7.63763764e+00,5.12651409e-02,1.55402881e-02,9.15315980e-02,1.06386793e-01,7.63763764e+00,1.02653470e-01,3.87553133e-02,1.83129101e-01,2.38867828e-01,7.63763764e+00,2.58810283e-01,2.42720213e-01,4.58982674e-01,9.50721523e-01
7.64764765e+00,5.16081852e-02,1.55632537e-02,9.20481964e-02,1.06542471e-01,7.64764765e+00,1.03341893e-01,3.88139826e-02,1.84163555e-01,2.39256074e-01,7.64764765e+00,2.60572863e-01,2.43491894e-01,4.61591011e-01,9.53155171e-01
7.65765766e+00,5.19536537e-02,1.55868252e-02,9.25682530e-02,1.06698381e-01,7.65765766e+00,1.04035210e-01,3.88738014e-02,1.85204948e-01,2.39644913e-01,7.65765766e+00,2.62348493e-01,2.44272007e-01,4.64217122e-01,9.55596587e-01
7.66766767e+00,5.23015638e-02,1.56110210e-02,9.30917922e-02,1.06854531e-01,7.66766767e+00,1.04733456e-01,3.89348039e-02,1.86253331e-01,2.40034357e-01,7.66766767e+00,2.64137278e-01,2.45060768e-01,4.66861139e-01,9.58045857e-01
7.67767768e+00,5.26519326e-02,1.56358598e-02,9.36188386e-02,1.07010927e-01,7.67767768e+00,1.05436667e-01,3.89970253e-02,1.87308753e-01,2.40424419e-01,7.67767768e+00,2.65939324e-01,2.45858400e-01,4.69523194e-01,9.60503069e-01
7.68768769e+00,5.30047777e-02,1.56613611e-02,9.41494169e-02,1.07167574e-01,7.68768769e+00,1.06144878e-01,3.90605015e-02,1.88371264e-01,2.40815109e-01,7.68768769e+00,2.67754737e-01,2.46665135e-01,4.72203421e-01,9.62968312e-01
7.69769770e+00,5.33601166e-02,1.56875447e-02,9.46835522e-02,1.07324480e-01,7.69769770e+00,1.06858126e-01,3.91252698e-02,1.89440915e-01,2.41206442e-01,7.69769770e+00,2.69583626e-01,2.47481209e-01,4.74901956e-01,9.65441679e-01
7.70770771e+00,5.37179670e-02,1.57144313e-02,9.52212696e-02,1.07481653e-01,7.70770771e+00,1.07576448e-01,3.91913684e-02,1.90517757e-01,2.41598429e-01,7.70770771e+00,2.71426100e-01,2.48306868e-01,4.77618934e-01,9.67923264e-01
7.71771772e+00,5.40783468e-02,1.57420419e-02,9.57625944e-02,1.07639097e-01,7.71771772e+00,1.08299879e-01,3.92588367e-02,1.91601839e-01,2.41991086e-01,7.71771772e+00,2.73282268e-01,2.49142365e-01,4.80354492e-01,9.70413166e-01
7.72772773e+00,5.44412738e-02,1.57703982e-02,9.63075521e-02,1.07796823e-01,7.72772773e+00,1.09028456e-01,3.93277151e-02,1.92693215e-01,2.42384425e-01,7.72772773e+00,2.75152242e-01,2.49987960e-01,4.83108769e-01,9.72911483e-01
7.73773774e+00,5.48067662e-02,1.57995225e-02,9.68561684e-02,1.07954836e-01,7.73773774e+00,1.09762218e-01,3.93980452e-02,1.93791936e-01,2.42778461e-01,7.73773774e+00,2.77036133e-01,2.50843922e-01,4.85881904e-01,9.75418318e-01
7.74774775e+00,5.51748421e-02,1.58294378e-02,9.74084691e-02,1.08113144e-01,7.74774775e+00,1.10501201e-01,3.94698700e-02,1.94898054e-01,2.43173209e-01,7.74774775e+00,2.78934056e-01,2.51710528e-01,4.88674036e-01,9.77933777e-01
7.75775776e+00,5.55455200e-02,1.58601676e-02,9.79644803e-02,1.08271757e-01,7.75775776e+00,1.11245442e-01,3.95432334e-02,1.96011622e-01,2.43568684e-01,7.75775776e+00,2.80846124e-01,2.52588065e-01,4.91485309e-01,9.80457967e-01
7.76776777e+00,5.59188182e-02,1.58917364e-02,9.85242283e-02,1.08430681e-01,7.76776777e+00,1.11994981e-01,3.96181808e-02,1.97132693e-01,2.43964902e-01,7.76776777e+00,2.82772453e-01,2.53476827e-01,4.94315864e-01,9.82991000e-01
7.77777778e+00,5.62947554e-02,1.59241690e-02,9.90877393e-02,1.08589926e-01,7.77777778e+00,1.12749856e-01,3.96947589e-02,1.98261321e-01,2.44361878e-01,7.77777778e+00,2.84713160e-01,2.54377120e-01,4.97165845e-01,9.85532989e-01
7.78778779e+00,5.66733503e-02,1.59574911e-02,9.96550401e-02,1.08749500e-01,7.78778779e+00,1.13510105e-01,3.97730157e-02,1.99397558e-01,2.44759630e-01,7.78778779e+00,2.86668363e-01,2.55289257e-01,5.00035399e-01,9.88084051e-01
7.79779780e+00,5.70546218e-02,1.59917292e-02,1.00226157e-01,1.08909412e-01,7.79779780e+00,1.14275766e-01,3.98530004e-02,2.00541459e-01,2.45158173e-01,7.79779780e+00,2.88638180e-01,2.56213562e-01,5.02924670e-01,9.90644307e-01
7.80780781e+00,5.74385889e-02,1.60269104e-02,1.00801118e-01,1.09069672e-01,7.80780781e+00,1.15046880e-01,3.99347639e-02,2.01693080e-01,2.45557527e-01,7.80780781e+00,2.90622732e-01,2.57150370e-01,5.05833806e-01,9.93213880e-01
7.81781782e+00,5.78252707e-02,1.60630625e-02,1.01379950e-01,1.09230289e-01,7.81781782e+00,1.15823486e-01,4.00183584e-02,2.02852474e-01,2.45957709e-01,7.81781782e+00,2.92622141e-01,2.58100025e-01,5.08762957e-01,9.95792897e-01
7.82782783e+00,5.82146866e-02,1.61002145e-02,1.01962679e-01,1.09391273e-01,7.82782783e+00,1.16605623e-01,4.01038378e-02,2.04019698e-01,2.46358737e-01,7.82782783e+00,2.94636528e-01,2.59062884e-01,5.11712271e-01,9.98381490e-01
7.83783784e+00,5.86068559e-02,1.61383958e-02,1.02549335e-01,1.09552635e-01,7.83783784e+00,1.17393333e-01,4.01912572e-02,2.05194806e-01,2.46760631e-01,7.83783784e+00,2.96666019e-01,2.60039313e-01,5.14681901e-01,1.00097979e+00
7.84784785e+00,5.90017982e-02,1.61776367e-02,1.03139943e-01,1.09714384e-01,7.84784785e+00,1.18186654e-01,4.02806733e-02,2.06377856e-01,2.47163410e-01,7.84784785e+00,2.98710738e-01,2.61029692e-01,5.17671999e-01,1.00358794e+00
7.85785786e+00,5.93995332e-02,1.62179684e-02,1.03734533e-01,1.09876532e-01,7.85785786e+00,1.18985628e-01,4.03721448e-02,2.07568903e-01,2.47567095e-01,7.85785786e+00,3.00770812e-01,2.62034410e-01,5.20682717e-01,1.00620607e+00
7.86786787e+00,5.98000807e-02,1.62594231e-02,1.04333133e-01,1.10039089e-01,7.86786787e+00,1.19790296e-01,4.04657317e-02,2.08768005e-01,2.47971707e-01,7.86786787e+00,3.02846368e-01,2.63053871e-01,5.23714213e-01,1.00883434e+00
7.87787788e+00,6.02034608e-02,1.63020336e-02,1.04935770e-01,1.10202067e-01,7.87787788e+00,1.20600699e-01,4.05614959e-02,2.09975219e-01,2.48377267e-01,7.87787788e+00,3.04937537e-01,2.64088490e-01,5.26766640e-01,1.01147290e+00
7.88788789e+00,6.06096935e-02,1.63458340e-02,1.05542473e-01,1.10365478e-01,7.88788789e+00,1.21416879e-01,4.06595009e-02,2.11190603e-01,2.48783797e-01,7.88788789e+00,3.07044447e-01,2.65138698e-01,5.29840158e-01,1.01412189e+00
7.89789790e+00,6.10187992e-02,1.63908590e-02,1.06153272e-01,1.10529334e-01,7.89789790e+00,1.22238879e-01,4.07598122e-02,2.12414216e-01,2.49191320e-01,7.89789790e+00,3.09167232e-01,2.66204937e-01,5.32934926e-01,1.01678147e+00
7.90790791e+00,6.14307982e-02,1.64371446e-02,1.06768195e-01,1.10693647e-01,7.90790791e+00,1.23066739e-01,4.08624972e-02,2.13646115e-01,2.49599859e-01,7.90790791e+00,3.11306024e-01,2.67287664e-01,5.36051102e-01,1.01945182e+00
7.91791792e+00,6.18457112e-02,1.64847276e-02,1.07387271e-01,1.10858429e-01,7.91791792e+00,1.23900504e-01,4.09676249e-02,2.14886360e-01,2.50009439e-01,7.91791792e+00,3.13460957e-01,2.68387350e-01,5.39188849e-01,1.02213309e+00
7.92792793e+00,6.22635588e-02,1.65336458e-02,1.08010530e-01,1.11023696e-01,7.92792793e+00,1.24740215e-01,4.10752666e-02,2.16135011e-01,2.50420084e-01,7.92792793e+00,3.15632169e-01,2.69504483e-01,5.42348330e-01,1.02482546e+00
7.93793794e+00,6.26843619e-02,1.65839382e-02,1.08638001e-01,1.11189459e-01,7.93793794e+00,1.25585917e-01,4.11854955e-02,2.17392127e-01,2.50831821e-01,7.93793794e+00,3.17819797e-01,2.70639565e-01,5.45529710e-01,1.02752910e+00
7.94794795e+00,6.31081416e-02,1.66356448e-02,1.09269714e-01,1.11355732e-01,7.94794795e+00,1.26437652e-01,4.12983868e-02,2.18657770e-01,2.51244674e-01,7.94794795e+00,3.20023978e-01,2.71793113e-01,5.48733153e-01,1.03024420e+00
7.95795796e+00,6.35349189e-02,1.66888067e-02,1.09905700e-01,1.11522531e-01,7.95795796e+00,1.27295465e-01,4.14140180e-02,2.19931998e-01,2.51658672e-01,7.95795796e+00,3.22244855e-01,2.72965664e-01,5.51958827e-01,1.03297095e+00
7.96796797e+00,6.39647153e-02,1.67434663e-02,1.10545987e-01,1.11689870e-01,7.96796797e+00,1.28159401e-01,4.15324686e-02,2.21214875e-01,2.52073842e-01,7.96796797e+00,3.24482568e-01,2.74157768e-01,5.55206901e-01,1.03570954e+00
7.97797798e+00,6.43975522e-02,1.67996669e-02,1.11190607e-01,1.11857764e-01,7.97797798e+00,1.29029503e-01,4.16538207e-02,2.22506462e-01,2.52490212e-01,7.97797798e+00,3.26737262e-01,2.75369996e-01,5.58477544e-01,1.03846016e+00
7.98798799e+00,6.48334512e-02,1.68574532e-02,1.11839591e-01,1.12026229e-01,7.98798799e+00,1.29905817e-01,4.17781582e-02,2.23806820e-01,2.52907813e-01,7.98798799e+00,3.29009081e-01,2.76602936e-01,5.61770928e-01,1.04122303e+00
7.99799800e+00,6.52724341e-02,1.69168711e-02,1.12492968e-01,1.12195280e-01,7.99799800e+00,1.30788388e-01,4.19055680e-02,2.25116013e-01,2.53326674e-01,7.99799800e+00,3.31298172e-01,2.77857194e-01,5.65087226e-01,1.04399835e+00
8.00800801e+00,6.57145229e-02,1.69779680e-02,1.13150771e-01,1.12364935e-01,8.00800801e+00,1.31677262e-01,4.20361392e-02,2.26434104e-01,2.53746827e-01,8.00800801e+00,3.33604683e-01,2.79133399e-01,5.68426613e-01,1.04678633e+00
8.01801802e+00,6.61597396e-02,1.70407922e-02,1.13813031e-01,1.12535211e-01,8.01801802e+00,1.32572485e-01,4.21699632e-02,2.27761156e-01,2.54168305e-01,8.01801802e+00,3.35928763e-01,2.80432195e-01,5.71789263e-01,1.04958721e+00
8.02802803e+00,6.66081066e-02,1.71053934e-02,1.14479779e-01,1.12706125e-01,8.02802803e+00,1.33474103e-01,4.23071341e-02,2.29097233e-01,2.54591139e-01,8.02802803e+00,3.38270565e-01,2.81754251e-01,5.75175355e-01,1.05240122e+00
8.03803804e+00,6.70596462e-02,1.71718229e-02,1.15151047e-01,1.12877695e-01,8.03803804e+00,1.34382163e-01,4.24477488e-02,2.30442400e-01,2.55015364e-01,8.03803804e+00,3.40630241e-01,2.83100253e-01,5.78585067e-01,1.05522858e+00
8.04804805e+00,6.75143811e-02,1.72401334e-02,1.15826866e-01,1.13049940e-01,8.04804805e+00,1.35296713e-01,4.25919067e-02,2.31796721e-01,2.55441015e-01,8.04804805e+00,3.43007947e-01,2.84470914e-01,5.82018580e-01,1.05806954e+00
8.05805806e+00,6.79723340e-02,1.73103787e-02,1.16507270e-01,1.13222878e-01,8.05805806e+00,1.36217799e-01,4.27397104e-02,2.33160263e-01,2.55868127e-01,8.05805806e+00,3.45403838e-01,2.85866967e-01,5.85476076e-01,1.06092435e+00
8.06806807e+00,6.84335278e-02,1.73826146e-02,1.17192290e-01,1.13396530e-01,8.06806807e+00,1.37145470e-01,4.28912650e-02,2.34533091e-01,2.56296739e-01,8.06806807e+00,3.47818073e-01,2.87289170e-01,5.88957738e-01,1.06379327e+00
8.07807808e+00,6.88979856e-02,1.74568981e-02,1.17881960e-01,1.13570916e-01,8.07807808e+00,1.38079774e-01,4.30466788e-02,2.35915270e-01,2.56726888e-01,8.07807808e+00,3.50250813e-01,2.88738303e-01,5.92463752e-01,1.06667657e+00
8.08808809e+00,6.93657306e-02,1.75332877e-02,1.18576311e-01,1.13746056e-01,8.08808809e+00,1.39020759e-01,4.32060631e-02,2.37306870e-01,2.57158613e-01,8.08808809e+00,3.52702218e-01,2.90215176e-01,5.95994305e-01,1.06957452e+00
8.09809810e+00,6.98367863e-02,1.76118439e-02,1.19275378e-01,1.13921972e-01,8.09809810e+00,1.39968475e-01,4.33695323e-02,2.38707955e-01,2.57591955e-01,8.09809810e+00,3.55172453e-01,2.91720619e-01,5.99549585e-01,1.07248740e+00
8.10810811e+00,7.03111763e-02,1.76926285e-02,1.19979194e-01,1.14098686e-01,8.10810811e+00,1.40922971e-01,4.35372042e-02,2.40118596e-01,2.58026955e-01,8.10810811e+00,3.57661683e-01,2.93255495e-01,6.03129782e-01,1.07541551e+00
8.11811812e+00,7.07889243e-02,1.77757051e-02,1.20687792e-01,1.14276220e-01,8.11811812e+00,1.41884296e-01,4.37091997e-02,2.41538859e-01,2.58463656e-01,8.11811812e+00,3.60170076e-01,2.94820689e-01,6.06735088e-01,1.07835913e+00
8.12812813e+00,7.12700542e-02,1.78611391e-02,1.21401206e-01,1.14454599e-01,8.12812813e+00,1.42852502e-01,4.38856433e-02,2.42968814e-01,2.58902102e-01,8.12812813e+00,3.62697800e-01,2.96417120e-01,6.10365696e-01,1.08131858e+00
8.13813814e+00,7.17545903e-02,1.79489977e-02,1.22119470e-01,1.14633845e-01,8.13813814e+00,1.43827638e-01,4.40666628e-02,2.44408530e-01,2.59342337e-01,8.13813814e+00,3.65245028e-01,2.98045733e-01,6.14021803e-01,1.08429418e+00
8.14814815e+00,7.22425566e-02,1.80393498e-02,1.22842619e-01,1.14813983e-01,8.14814815e+00,1.44809755e-01,4.42523898e-02,2.45858077e-01,2.59784409e-01,8.14814815e+00,3.67811933e-01,2.99707505e-01,6.17703604e-01,1.08728626e+00
8.15815816e+00,7.27339777e-02,1.81322663e-02,1.23570686e-01,1.14995040e-01,8.15815816e+00,1.45798906e-01,4.44429595e-02,2.47317526e-01,2.60228365e-01,8.15815816e+00,3.70398689e-01,3.01403444e-01,6.21411299e-01,1.09029515e+00
8.16816817e+00,7.32288783e-02,1.82278201e-02,1.24303708e-01,1.15177040e-01,8.16816817e+00,1.46795141e-01,4.46385110e-02,2.48786947e-01,2.60674255e-01,8.16816817e+00,3.73005474e-01,3.03134593e-01,6.25145087e-01,1.09332119e+00
8.17817818e+00,7.37272832e-02,1.83260859e-02,1.25041719e-01,1.15360010e-01,8.17817818e+00,1.47798513e-01,4.48391872e-02,2.50266411e-01,2.61122128e-01,8.17817818e+00,3.75632468e-01,3.04902025e-01,6.28905172e-01,1.09636475e+00
8.18818819e+00,7.42292173e-02,1.84271407e-02,1.25784754e-01,1.15543979e-01,8.18818819e+00,1.48809074e-01,4.50451356e-02,2.51755991e-01,2.61572038e-01,8.18818819e+00,3.78279853e-01,3.06706853e-01,6.32691757e-01,1.09942620e+00
8.19819820e+00,7.47347058e-02,1.85310635e-02,1.26532850e-01,1.15728974e-01,8.19819820e+00,1.49826878e-01,4.52565069e-02,2.53255760e-01,2.62024038e-01,8.19819820e+00,3.80947811e-01,3.08550222e-01,6.36505048e-01,1.10250592e+00
8.20820821e+00,7.52437742e-02,1.86379353e-02,1.27286040e-01,1.15915025e-01,8.20820821e+00,1.50851978e-01,4.54734565e-02,2.54765790e-01,2.62478182e-01,8.20820821e+00,3.83636528e-01,3.10433313e-01,6.40345254e-01,1.10560430e+00
8.21821822e+00,7.57564478e-02,1.87478393e-02,1.28044363e-01,1.16102161e-01,8.21821822e+00,1.51884428e-01,4.56961441e-02,2.56286154e-01,2.62934528e-01,8.21821822e+00,3.86346194e-01,3.12357349e-01,6.44212583e-01,1.10872173e+00
8.22822823e+00,7.62727526e-02,1.88608611e-02,1.28807854e-01,1.16290414e-01,8.22822823e+00,1.52924282e-01,4.59247340e-02,2.57816928e-01,2.63393134e-01,8.22822823e+00,3.89076997e-01,3.14323591e-01,6.48107248e-01,1.11185865e+00
8.23823824e+00,7.67927144e-02,1.89770887e-02,1.29576550e-01,1.16479815e-01,8.23823824e+00,1.53971595e-01,4.61593950e-02,2.59358185e-01,2.63854059e-01,8.23823824e+00,3.91829131e-01,3.16333341e-01,6.52029461e-01,1.11501547e+00
8.24824825e+00,7.73163592e-02,1.90966122e-02,1.30350488e-01,1.16670396e-01,8.24824825e+00,1.55026422e-01,4.64003008e-02,2.60910001e-01,2.64317366e-01,8.24824825e+00,3.94602791e-01,3.18387943e-01,6.55979439e-01,1.11819264e+00
8.25825826e+00,7.78437135e-02,1.92195245e-02,1.31129704e-01,1.16862191e-01,8.25825826e+00,1.56088819e-01,4.66476298e-02,2.62472452e-01,2.64783117e-01,8.25825826e+00,3.97398174e-01,3.20488787e-01,6.59957399e-01,1.12139062e+00
8.26826827e+00,7.83748037e-02,1.93459209e-02,1.31914237e-01,1.17055235e-01,8.26826827e+00,1.57158842e-01,4.69015656e-02,2.64045614e-01,2.65251379e-01,8.26826827e+00,4.00215479e-01,3.22637306e-01,6.63963560e-01,1.12460988e+00
8.27827828e+00,7.89096566e-02,1.94758991e-02,1.32704123e-01,1.17249562e-01,8.27827828e+00,1.58236547e-01,4.71622969e-02,2.65629563e-01,2.65722217e-01,8.27827828e+00,4.03054909e-01,3.24834982e-01,6.67998144e-01,1.12785090e+00
8.28828829e+00,7.94482989e-02,1.96095596e-02,1.33499401e-01,1.17445210e-01,8.28828829e+00,1.59321992e-01,4.74300176e-02,2.67224378e-01,2.66195702e-01,8.28828829e+00,4.05916669e-01,3.27083342e-01,6.72061373e-01,1.13111418e+00
8.29829830e+00,7.99907577e-02,1.97470057e-02,1.34300110e-01,1.17642215e-01,8.29829830e+00,1.60415234e-01,4.77049272e-02,2.68830136e-01,2.66671904e-01,8.29829830e+00,4.08800965e-01,3.29383966e-01,6.76153475e-01,1.13440023e+00
8.30830831e+00,8.05370605e-02,1.98883433e-02,1.35106286e-01,1.17840616e-01,8.30830831e+00,1.61516330e-01,4.79872306e-02,2.70446916e-01,2.67150896e-01,8.30830831e+00,4.11708008e-01,3.31738484e-01,6.80274676e-01,1.13770960e+00
8.31831832e+00,8.10872345e-02,2.00336814e-02,1.35917970e-01,1.18040453e-01,8.31831832e+00,1.62625339e-01,4.82771388e-02,2.72074797e-01,2.67632754e-01,8.31831832e+00,4.14638009e-01,3.34148580e-01,6.84425207e-01,1.14104282e+00
8.32832833e+00,8.16413076e-02,2.01831318e-02,1.36735201e-01,1.18241766e-01,8.32832833e+00,1.63742321e-01,4.85748684e-02,2.73713859e-01,2.68117554e-01,8.32832833e+00,4.17591185e-01,3.36615993e-01,6.88605299e-01,1.14440046e+00
8.33833834e+00,8.21993075e-02,2.03368093e-02,1.37558017e-01,1.18444597e-01,8.33833834e+00,1.64867334e-01,4.88806421e-02,2.75364183e-01,2.68605376e-01,8.33833834e+00,4.20567752e-01,3.39142518e-01,6.92815186e-01,1.14778311e+00
8.34834835e+00,8.27612624e-02,2.04948318e-02,1.38386458e-01,1.18648988e-01,8.34834835e+00,1.66000438e-01,4.91946892e-02,2.77025849e-01,2.69096302e-01,8.34834835e+00,4.23567931e-01,3.41730011e-01,6.97055106e-01,1.15119137e+00
8.35835836e+00,8.33272007e-02,2.06573206e-02,1.39220564e-01,1.18854985e-01,8.35835836e+00,1.67141694e-01,4.95172450e-02,2.78698939e-01,2.69590415e-01,8.35835836e+00,4.26591946e-01,3.44380386e-01,7.01325295e-01,1.15462585e+00
8.36836837e+00,8.38971506e-02,2.08244002e-02,1.40060375e-01,1.19062632e-01,8.36836837e+00,1.68291162e-01,4.98485521e-02,2.80383535e-01,2.70087803e-01,8.36836837e+00,4.29640023e-01,3.47095626e-01,7.05625996e-01,1.15808720e+00
8.37837838e+00,8.44711411e-02,2.09961983e-02,1.40905932e-01,1.19271976e-01,8.37837838e+00,1.69448904e-01,5.01888594e-02,2.82079721e-01,2.70588554e-01,8.37837838e+00,4.32712390e-01,3.49877772e-01,7.09957452e-01,1.16157608e+00
8.38838839e+00,8.50492010e-02,2.11728460e-02,1.41757275e-01,1.19483065e-01,8.38838839e+00,1.70614981e-01,5.05384224e-02,2.83787578e-01,2.71092760e-01,8.38838839e+00,4.35809281e-01,3.52728932e-01,7.14319907e-01,1.16509317e+00
8.39839840e+00,8.56313595e-02,2.13544780e-02,1.42614446e-01,1.19695948e-01,8.39839840e+00,1.71789456e-01,5.08975042e-02,2.85507192e-01,2.71600514e-01,8.39839840e+00,4.38930929e-01,3.55651286e-01,7.18713610e-01,1.16863916e+00
8.40840841e+00,8.62176458e-02,2.15412326e-02,1.43477486e-01,1.19910676e-01,8.40840841e+00,1.72972392e-01,5.12663751e-02,2.87238648e-01,2.72111913e-01,8.40840841e+00,4.42077574e-01,3.58647085e-01,7.23138811e-01,1.17221479e+00
8.41841842e+00,8.68080897e-02,2.17332520e-02,1.44346435e-01,1.20127301e-01,8.41841842e+00,1.74163851e-01,5.16453133e-02,2.88982030e-01,2.72627057e-01,8.41841842e+00,4.45249457e-01,3.61718653e-01,7.27595762e-01,1.17582080e+00
8.42842843e+00,8.74027208e-02,2.19306819e-02,1.45221338e-01,1.20345876e-01,8.42842843e+00,1.75363899e-01,5.20346046e-02,2.90737424e-01,2.73146048e-01,8.42842843e+00,4.48446821e-01,3.64868392e-01,7.32084719e-01,1.17945796e+00
8.43843844e+00,8.80015691e-02,2.21336724e-02,1.46102234e-01,1.20566455e-01,8.43843844e+00,1.76572599e-01,5.24345429e-02,2.92504918e-01,2.73668991e-01,8.43843844e+00,4.51669915e-01,3.68098783e-01,7.36605940e-01,1.18312707e+00
8.44844845e+00,8.86046650e-02,2.23423771e-02,1.46989168e-01,1.20789097e-01,8.44844845e+00,1.77790016e-01,5.28454302e-02,2.94284597e-01,2.74195994e-01,8.44844845e+00,4.54918989e-01,3.71412388e-01,7.41159683e-01,1.18682895e+00
8.45845846e+00,8.92120388e-02,2.25569540e-02,1.47882181e-01,1.21013858e-01,8.45845846e+00,1.79016216e-01,5.32675772e-02,2.96076552e-01,2.74727168e-01,8.45845846e+00,4.58194299e-01,3.74811854e-01,7.45746213e-01,1.19056444e+00
8.46846847e+00,8.98237212e-02,2.27775655e-02,1.48781318e-01,1.21240798e-01,8.46846847e+00,1.80251265e-01,5.37013032e-02,2.97880868e-01,2.75262628e-01,8.46846847e+00,4.61496101e-01,3.78299915e-01,7.50365794e-01,1.19433442e+00
8.47847848e+00,9.04397431e-02,2.30043781e-02,1.49686620e-01,1.21469979e-01,8.47847848e+00,1.81495229e-01,5.41469364e-02,2.99697638e-01,2.75802492e-01,8.47847848e+00,4.64824658e-01,3.81879395e-01,7.55018693e-01,1.19813979e+00
8.48848849e+00,9.10601357e-02,2.32375628e-02,1.50598133e-01,1.21701463e-01,8.48848849e+00,1.82748176e-01,5.46048144e-02,3.01526949e-01,2.76346880e-01,8.48848849e+00,4.68180233e-01,3.85553212e-01,7.59705182e-01,1.20198148e+00
8.49849850e+00,9.16849303e-02,2.34772952e-02,1.51515900e-01,1.21935316e-01,8.49849850e+00,1.84010173e-01,5.50752840e-02,3.03368892e-01,2.76895917e-01,8.49849850e+00,4.71563096e-01,3.89324379e-01,7.64425533e-01,1.20586044e+00
8.50850851e+00,9.23141585e-02,2.37237557e-02,1.52439966e-01,1.22171603e-01,8.50850851e+00,1.85281289e-01,5.55587020e-02,3.05223560e-01,2.77449730e-01,8.50850851e+00,4.74973518e-01,3.93196010e-01,7.69180023e-01,1.20977768e+00
8.51851852e+00,9.29478521e-02,2.39771294e-02,1.53370375e-01,1.22410393e-01,8.51851852e+00,1.86561592e-01,5.60554351e-02,3.07091043e-01,2.78008451e-01,8.51851852e+00,4.78411775e-01,3.97171322e-01,7.73968930e-01,1.21373421e+00
8.52852853e+00,9.35860433e-02,2.42376066e-02,1.54307172e-01,1.22651756e-01,8.52852853e+00,1.87851152e-01,5.65658602e-02,3.08971435e-01,2.78572216e-01,8.52852853e+00,4.81878148e-01,4.01253639e-01,7.78792535e-01,1.21773109e+00
8.53853854e+00,9.42287642e-02,2.45053823e-02,1.55250403e-01,1.22895764e-01,8.53853854e+00,1.89150038e-01,5.70903650e-02,3.10864829e-01,2.79141163e-01,8.53853854e+00,4.85372919e-01,4.05446392e-01,7.83651122e-01,1.22176940e+00
8.54854855e+00,9.48760475e-02,2.47806574e-02,1.56200113e-01,1.23142492e-01,8.54854855e+00,1.90458323e-01,5.76293485e-02,3.12771319e-01,2.79715435e-01,8.54854855e+00,4.88896376e-01,4.09753134e-01,7.88544980e-01,1.22585028e+00
8.55855856e+00,9.55279259e-02,2.50636378e-02,1.57156349e-01,1.23392015e-01,8.55855856e+00,1.91776076e-01,5.81832206e-02,3.14690999e-01,2.80295181e-01,8.55855856e+00,4.92448812e-01,4.14177532e-01,7.93474398e-01,1.22997488e+00
8.56856857e+00,9.61844325e-02,2.53545344e-02,1.58119156e-01,1.23644413e-01,8.56856857e+00,1.93103369e-01,5.87524016e-02,3.16623966e-01,2.80880550e-01,8.56856857e+00,4.96030520e-01,4.18723366e-01,7.98439668e-01,1.23414440e+00
8.57857858e+00,9.68456005e-02,2.56535642e-02,1.59088581e-01,1.23899764e-01,8.57857858e+00,1.94440276e-01,5.93373246e-02,3.18570315e-01,2.81471698e-01,8.57857858e+00,4.99641803e-01,4.23394547e-01,8.03441087e-01,1.23836007e+00
8.58858859e+00,9.75114635e-02,2.59609500e-02,1.60064672e-01,1.24158152e-01,8.58858859e+00,1.95786869e-01,5.99384346e-02,3.20530143e-01,2.82068785e-01,8.58858859e+00,5.03282963e-01,4.28195119e-01,8.08478955e-01,1.24262317e+00
8.59859860e+00,9.81820551e-02,2.62769204e-02,1.61047475e-01,1.24419661e-01,8.59859860e+00,1.97143221e-01,6.05561893e-02,3.22503549e-01,2.82671976e-01,8.59859860e+00,5.06954310e-01,4.33129257e-01,8.13553573e-01,1.24693502e+00
8.60860861e+00,9.88574096e-02,2.66017103e-02,1.62037039e-01,1.24684379e-01,8.60860861e+00,1.98509408e-01,6.11910591e-02,3.24490630e-01,2.83281439e-01,8.60860861e+00,5.10656156e-01,4.38201277e-01,8.18665246e-01,1.25129697e+00
8.61861862e+00,9.95375611e-02,2.69355608e-02,1.63033411e-01,1.24952395e-01,8.61861862e+00,1.99885504e-01,6.18435278e-02,3.26491486e-01,2.83897349e-01,8.61861862e+00,5.14388819e-01,4.43415639e-01,8.23814283e-01,1.25571044e+00
8.62862863e+00,1.00222544e-01,2.72787194e-02,1.64036640e-01,1.25223802e-01,8.62862863e+00,2.01271585e-01,6.25140926e-02,3.28506217e-01,2.84519884e-01,8.62862863e+00,5.18152622e-01,4.48776951e-01,8.29000996e-01,1.26017686e+00
8.63863864e+00,1.00912394e-01,2.76314404e-02,1.65046774e-01,1.25498692e-01,8.63863864e+00,2.02667726e-01,6.32032647e-02,3.30534923e-01,2.85149228e-01,8.63863864e+00,5.21947891e-01,4.54289974e-01,8.34225700e-01,1.26469773e+00
8.64864865e+00,1.01607144e-01,2.79939845e-02,1.66063862e-01,1.25777165e-01,8.64864865e+00,2.04074006e-01,6.39115699e-02,3.32577705e-01,2.85785569e-01,8.64864865e+00,5.25774959e-01,4.59959629e-01,8.39488712e-01,1.26927460e+00
8.65865866e+00,1.02306832e-01,2.83666198e-02,1.67087955e-01,1.26059319e-01,8.65865866e+00,2.05490501e-01,6.46395484e-02,3.34634667e-01,2.86429103e-01,8.65865866e+00,5.29634162e-01,4.65791002e-01,8.44790356e-01,1.27390906e+00
8.66866867e+00,1.03011492e-01,2.87496212e-02,1.68119101e-01,1.26345257e-01,8.66866867e+00,2.06917290e-01,6.53877559e-02,3.36705912e-01,2.87080029e-01,8.66866867e+00,5.33525842e-01,4.71789347e-01,8.50130955e-01,1.27860276e+00
8.67867868e+00,1.03721160e-01,2.91432712e-02,1.69157350e-01,1.26635084e-01,8.67867868e+00,2.08354452e-01,6.61567635e-02,3.38791542e-01,2.87738552e-01,8.67867868e+00,5.37450346e-01,4.77960095e-01,8.55510838e-01,1.28335740e+00
8.68868869e+00,1.04435872e-01,2.95478597e-02,1.70202755e-01,1.26928908e-01,8.68868869e+00,2.09802067e-01,6.69471585e-02,3.40891662e-01,2.88404884e-01,8.68868869e+00,5.41408025e-01,4.84308859e-01,8.60930338e-01,1.28817473e+00
8.69869870e+00,1.05155665e-01,2.99636842e-02,1.71255364e-01,1.27226841e-01,8.69869870e+00,2.11260214e-01,6.77595447e-02,3.43006379e-01,2.89079242e-01,8.69869870e+00,5.45399238e-01,4.90841440e-01,8.66389789e-01,1.29305656e+00
8.70870871e+00,1.05880575e-01,3.03910505e-02,1.72315229e-01,1.27528996e-01,8.70870871e+00,2.12728975e-01,6.85945428e-02,3.45135799e-01,2.89761849e-01,8.70870871e+00,5.49424348e-01,4.97563834e-01,8.71889533e-01,1.29800477e+00
8.71871872e+00,1.06610640e-01,3.08302722e-02,1.73382403e-01,1.27835490e-01,8.71871872e+00,2.14208432e-01,6.94527911e-02,3.47280027e-01,2.90452935e-01,8.71871872e+00,5.53483723e-01,5.04482238e-01,8.77429910e-01,1.30302129e+00
8.72872873e+00,1.07345896e-01,3.12816716e-02,1.74456937e-01,1.28146444e-01,8.72872873e+00,2.15698667e-01,7.03349464e-02,3.49439173e-01,2.91152737e-01,8.72872873e+00,5.57577737e-01,5.11603061e-01,8.83011269e-01,1.30810811e+00
8.73873874e+00,1.08086381e-01,3.17455802e-02,1.75538882e-01,1.28461982e-01,8.73873874e+00,2.17199764e-01,7.12416844e-02,3.51613345e-01,2.91861497e-01,8.73873874e+00,5.61706770e-01,5.18932935e-01,8.88633959e-01,1.31326730e+00
8.74874875e+00,1.08832133e-01,3.22223365e-02,1.76628293e-01,1.28782230e-01,8.74874875e+00,2.18711807e-01,7.21736972e-02,3.53802652e-01,2.92579465e-01,8.74874875e+00,5.65871209e-01,5.26478689e-01,8.94298336e-01,1.31850098e+00
8.75875876e+00,1.09583189e-01,3.27122891e-02,1.77725222e-01,1.29107319e-01,8.75875876e+00,2.20234879e-01,7.31316980e-02,3.56007205e-01,2.93306896e-01,8.75875876e+00,5.70071444e-01,5.34247395e-01,9.00004757e-01,1.32381135e+00
8.76876877e+00,1.10339589e-01,3.32157957e-02,1.78829722e-01,1.29437383e-01,8.76876877e+00,2.21769068e-01,7.41164200e-02,3.58227116e-01,2.94044057e-01,8.76876877e+00,5.74307875e-01,5.42246368e-01,9.05753584e-01,1.32920068e+00
8.77877878e+00,1.11101371e-01,3.37332238e-02,1.79941848e-01,1.29772559e-01,8.77877878e+00,2.23314458e-01,7.51286171e-02,3.60462496e-01,2.94791216e-01,8.77877878e+00,5.78580906e-01,5.50483164e-01,9.11545185e-01,1.33467131e+00
8.78878879e+00,1.11868573e-01,3.42649505e-02,1.81061654e-01,1.30112989e-01,8.78878879e+00,2.24871138e-01,7.61690645e-02,3.62713458e-01,2.95548655e-01,8.78878879e+00,5.82890947e-01,5.58965600e-01,9.17379929e-01,1.34022566e+00
8.79879880e+00,1.12641235e-01,3.48113630e-02,1.82189193e-01,1.30458818e-01,8.79879880e+00,2.26439194e-01,7.72385593e-02,3.64980117e-01,2.96316659e-01,8.79879880e+00,5.87238416e-01,5.67701754e-01,9.23258192e-01,1.34586624e+00
8.80880881e+00,1.13419397e-01,3.53728587e-02,1.83324523e-01,1.30810194e-01,8.80880881e+00,2.28018716e-01,7.83379210e-02,3.67262587e-01,2.97095524e-01,8.80880881e+00,5.91623738e-01,5.76699978e-01,9.29180351e-01,1.35159563e+00
8.81881882e+00,1.14203099e-01,3.59498458e-02,1.84467697e-01,1.31167272e-01,8.81881882e+00,2.29609793e-01,7.94679921e-02,3.69560983e-01,2.97885552e-01,8.81881882e+00,5.96047343e-01,5.85968906e-01,9.35146791e-01,1.35741649e+00
8.82882883e+00,1.14992379e-01,3.65427432e-02,1.85618772e-01,1.31530208e-01,8.82882883e+00,2.31212516e-01,8.06296391e-02,3.71875422e-01,2.98687057e-01,8.82882883e+00,6.00509670e-01,5.95517466e-01,9.41157899e-01,1.36333159e+00
8.83883884e+00,1.15787280e-01,3.71519810e-02,1.86777804e-01,1.31899163e-01,8.83883884e+00,2.32826975e-01,8.18237527e-02,3.74206023e-01,2.99500358e-01,8.83883884e+00,6.05011164e-01,6.05354890e-01,9.47214067e-01,1.36934376e+00
8.84884885e+00,1.16587841e-01,3.77780008e-02,1.87944849e-01,1.32274304e-01,8.84884885e+00,2.34453262e-01,8.30512490e-02,3.76552902e-01,3.00325785e-01,8.84884885e+00,6.09552277e-01,6.15490721e-01,9.53315691e-01,1.37545596e+00
8.85885886e+00,1.17394104e-01,3.84212560e-02,1.89119965e-01,1.32655801e-01,8.85885886e+00,2.36091470e-01,8.43130698e-02,3.78916180e-01,3.01163677e-01,8.85885886e+00,6.14133469e-01,6.25934829e-01,9.59463173e-01,1.38167121e+00
8.86886887e+00,1.18206110e-01,3.90822119e-02,1.90303210e-01,1.33043828e-01,8.86886887e+00,2.37741692e-01,8.56101836e-02,3.81295977e-01,3.02014384e-01,8.86886887e+00,6.18755209e-01,6.36697419e-01,9.65656919e-01,1.38799265e+00
8.87887888e+00,1.19023901e-01,3.97613465e-02,1.91494640e-01,1.33438567e-01,8.87887888e+00,2.39404024e-01,8.69435862e-02,3.83692414e-01,3.02878263e-01,8.87887888e+00,6.23417972e-01,6.47789043e-01,9.71897339e-01,1.39442354e+00
8.88888889e+00,1.19847519e-01,4.04591501e-02,1.92694315e-01,1.33840200e-01,8.88888889e+00,2.41078561e-01,8.83143016e-02,3.86105612e-01,3.03755683e-01,8.88888889e+00,6.28122241e-01,6.59220615e-01,9.78184849e-01,1.40096722e+00
8.89889890e+00,1.20677006e-01,4.11761265e-02,1.93902293e-01,1.34248917e-01,8.89889890e+00,2.42765398e-01,8.97233826e-02,3.88535697e-01,3.04647022e-01,8.89889890e+00,6.32868508e-01,6.71003421e-01,9.84519869e-01,1.40762715e+00
8.90890891e+00,1.21512404e-01,4.19127927e-02,1.95118633e-01,1.34664914e-01,8.90890891e+00,2.44464633e-01,9.11719125e-02,3.90982790e-01,3.05552672e-01,8.90890891e+00,6.37657274e-01,6.83149136e-01,9.90902825e-01,1.41440690e+00
8.91891892e+00,1.22353758e-01,4.26696814e-02,1.96343396e-01,1.35088391e-01,8.91891892e+00,2.46176364e-01,9.26610079e-02,3.93447018e-01,3.06473033e-01,8.91891892e+00,6.42489047e-01,6.95669861e-01,9.97334147e-01,1.42131019e+00
8.92892893e+00,1.23201109e-01,4.34473356e-02,1.97576640e-01,1.35519551e-01,8.92892893e+00,2.47900690e-01,9.41918101e-02,3.95928506e-01,3.07408516e-01,8.92892893e+00,6.47364345e-01,7.08578052e-01,1.00381427e+00,1.42834082e+00
8.93893894e+00,1.24054502e-01,4.42463150e-02,1.98818427e-01,1.35958607e-01,8.93893894e+00,2.49637711e-01,9.57654966e-02,3.98427382e-01,3.08359545e-01,8.93893894e+00,6.52283694e-01,7.21886621e-01,1.01034364e+00,1.43550274e+00
8.94894895e+00,1.24913981e-01,4.50671938e-02,2.00068817e-01,1.36405774e-01,8.94894895e+00,2.51387527e-01,9.73832780e-02,4.00943774e-01,3.09326555e-01,8.94894895e+00,6.57247630e-01,7.35608928e-01,1.01692269e+00,1.44280002e+00
8.95895896e+00,1.25779590e-01,4.59105618e-02,2.01327872e-01,1.36861275e-01,8.95895896e+00,2.53150241e-01,9.90463994e-02,4.03477810e-01,3.10309995e-01,8.95895896e+00,6.62256698e-01,7.49758789e-01,1.02355189e+00,1.45023688e+00
8.96896897e+00,1.26651374e-01,4.67770245e-02,2.02595653e-01,1.37325338e-01,8.96896897e+00,2.54925955e-01,1.00756141e-01,4.06029622e-01,3.11310324e-01,8.96896897e+00,6.67311453e-01,7.64350498e-01,1.03023168e+00,1.45781767e+00
8.97897898e+00,1.27529377e-01,4.76672033e-02,2.03872224e-01,1.37798197e-01,8.97897898e+00,2.56714773e-01,1.02513820e-01,4.08599339e-01,3.12328017e-01,8.97897898e+00,6.72412458e-01,7.79398842e-01,1.03696254e+00,1.46554689e+00
8.98898899e+00,1.28413645e-01,4.85817364e-02,2.05157646e-01,1.38280093e-01,8.98898899e+00,2.58516800e-01,1.04320789e-01,4.11187095e-01,3.13363560e-01,8.98898899e+00,6.77560289e-01,7.94919117e-01,1.04374492e+00,1.47342919e+00
8.99899900e+00,1.29304224e-01,4.95212790e-02,2.06451982e-01,1.38771274e-01,8.99899900e+00,2.60332141e-01,1.06178442e-01,4.13793022e-01,3.14417453e-01,8.99899900e+00,6.82755530e-01,8.10927151e-01,1.05057931e+00,1.48146937e+00
9.00900901e+00,1.30201160e-01,5.04865038e-02,2.07755297e-01,1.39271992e-01,9.00900901e+00,2.62160904e-01,1.08088210e-01,4.16417255e-01,3.15490212e-01,9.00900901e+00,6.87998777e-01,8.27439319e-01,1.05746619e+00,1.48967242e+00
9.01901902e+00,1.31104498e-01,5.14781014e-02,2.09067655e-01,1.39782510e-01,9.01901902e+00,2.64003195e-01,1.10051567e-01,4.19059930e-01,3.16582366e-01,9.01901902e+00,6.93290636e-01,8.44472563e-01,1.06440603e+00,1.49804344e+00
9.02902903e+00,1.32014287e-01,5.24967807e-02,2.10389119e-01,1.40303093e-01,9.02902903e+00,2.65859125e-01,1.12070026e-01,4.21721183e-01,3.17694459e-01,9.02902903e+00,6.98631724e-01,8.62044413e-01,1.07139934e+00,1.50658777e+00
9.03903904e+00,1.32930573e-01,5.35432698e-02,2.11719755e-01,1.40834018e-01,9.03903904e+00,2.67728802e-01,1.14145146e-01,4.24401151e-01,3.18827050e-01,9.03903904e+00,7.04022669e-01,8.80173012e-01,1.07844662e+00,1.51531087e+00
9.04904905e+00,1.33853404e-01,5.46183161e-02,2.13059629e-01,1.41375567e-01,9.04904905e+00,2.69612339e-01,1.16278529e-01,4.27099973e-01,3.19980716e-01,9.04904905e+00,7.09464113e-01,8.98877133e-01,1.08554836e+00,1.52421843e+00
9.05905906e+00,1.34782827e-01,5.57226870e-02,2.14408807e-01,1.41928029e-01,9.05905906e+00,2.71509846e-01,1.18471822e-01,4.29817789e-01,3.21156048e-01,9.05905906e+00,7.14956706e-01,9.18176202e-01,1.09270508e+00,1.53331629e+00
9.06906907e+00,1.35718891e-01,5.68571703e-02,2.15767354e-01,1.42491702e-01,9.06906907e+00,2.73421437e-01,1.20726721e-01,4.32554740e-01,3.22353654e-01,9.06906907e+00,7.20501114e-01,9.38090327e-01,1.09991731e+00,1.54261053e+00
9.07907908e+00,1.36661645e-01,5.80225750e-02,2.17135338e-01,1.43066892e-01,9.07907908e+00,2.75347226e-01,1.23044967e-01,4.35310969e-01,3.23574161e-01,9.07907908e+00,7.26098012e-01,9.58640319e-01,1.10718556e+00,1.55210741e+00
9.08908909e+00,1.37611136e-01,5.92197316e-02,2.18512827e-01,1.43653912e-01,9.08908909e+00,2.77287329e-01,1.25428355e-01,4.38086618e-01,3.24818211e-01,9.08908909e+00,7.31748091e-01,9.79847717e-01,1.11451036e+00,1.56181340e+00
9.09909910e+00,1.38567416e-01,6.04494959e-02,2.19899889e-01,1.44253086e-01,9.09909910e+00,2.79241863e-01,1.27878733e-01,4.40881832e-01,3.26086468e-01,9.09909910e+00,7.37452052e-01,1.00173488e+00,1.12189226e+00,1.57173522e+00
9.10910911e+00,1.39530533e-01,6.17127409e-02,2.21296591e-01,1.44864743e-01,9.10910911e+00,2.81210944e-01,1.30397995e-01,4.43696756e-01,3.27379612e-01,9.10910911e+00,7.43210613e-01,1.02432483e+00,1.12933181e+00,1.58187977e+00
9.11911912e+00,1.40500538e-01,6.30103654e-02,2.22703002e-01,1.45489225e-01,9.11911912e+00,2.83194693e-01,1.32988089e-01,4.46531538e-01,3.28698340e-01,9.11911912e+00,7.49024502e-01,1.04764147e+00,1.13682955e+00,1.59225421e+00
9.12912913e+00,1.41477482e-01,6.43432925e-02,2.24119193e-01,1.46126878e-01,9.12912913e+00,2.85193228e-01,1.35651023e-01,4.49386325e-01,3.30043374e-01,9.12912913e+00,7.54894463e-01,1.07170952e+00,1.14438605e+00,1.60286596e+00
9.13913914e+00,1.42461414e-01,6.57124701e-02,2.25545234e-01,1.46778063e-01,9.13913914e+00,2.87206672e-01,1.38388861e-01,4.52261266e-01,3.31415452e-01,9.13913914e+00,7.60821256e-01,1.09655460e+00,1.15200188e+00,1.61372265e+00
9.14914915e+00,1.43452388e-01,6.71188713e-02,2.26981193e-01,1.47443146e-01,9.14914915e+00,2.89235147e-01,1.41203726e-01,4.55156513e-01,3.32815335e-01,9.14914915e+00,7.66805652e-01,1.12220323e+00,1.15967761e+00,1.62483220e+00
9.15915916e+00,1.44450454e-01,6.85634955e-02,2.28427144e-01,1.48122505e-01,9.15915916e+00,2.91278776e-01,1.44097802e-01,4.58072217e-01,3.34243807e-01,9.15915916e+00,7.72848441e-01,1.14868286e+00,1.16741384e+00,1.63620281e+00
9.16916917e+00,1.45455664e-01,7.00473687e-02,2.29883157e-01,1.48816529e-01,9.16916917e+00,2.93337685e-01,1.47073337e-01,4.61008530e-01,3.35701670e-01,9.16916917e+00,7.78950427e-01,1.17602192e+00,1.17521114e+00,1.64784293e+00
9.17917918e+00,1.46468072e-01,7.15715445e-02,2.31349303e-01,1.49525615e-01,9.17917918e+00,2.95412000e-01,1.50132642e-01,4.63965607e-01,3.37189753e-01,9.17917918e+00,7.85112429e-01,1.20424988e+00,1.18307012e+00,1.65976132e+00
9.18918919e+00,1.47487730e-01,7.31371049e-02,2.32825657e-01,1.50250174e-01,9.18918919e+00,2.97501849e-01,1.53278094e-01,4.66943603e-01,3.38708907e-01,9.18918919e+00,7.91335285e-01,1.23339721e+00,1.19099139e+00,1.67196704e+00
9.19919920e+00,1.48514692e-01,7.47451608e-02,2.34312291e-01,1.50990624e-01,9.19919920e+00,2.99607360e-01,1.56512140e-01,4.69942676e-01,3.40260007e-01,9.19919920e+00,7.97619847e-01,1.26349551e+00,1.19897558e+00,1.68446946e+00
9.20920921e+00,1.49549012e-01,7.63968530e-02,2.35809278e-01,1.51747397e-01,9.20920921e+00,3.01728664e-01,1.59837296e-01,4.72962983e-01,3.41843952e-01,9.20920921e+00,8.03966987e-01,1.29457750e+00,1.20702329e+00,1.69727826e+00
9.21921922e+00,1.50590743e-01,7.80933528e-02,2.37316693e-01,1.52520936e-01,9.21921922e+00,3.03865893e-01,1.63256152e-01,4.76004684e-01,3.43461668e-01,9.21921922e+00,8.10377592e-01,1.32667706e+00,1.21513518e+00,1.71040346e+00
9.22922923e+00,1.51639942e-01,7.98358633e-02,2.38834610e-01,1.53311696e-01,9.22922923e+00,3.06019179e-01,1.66771370e-01,4.79067939e-01,3.45114106e-01,9.22922923e+00,8.16852570e-01,1.35982931e+00,1.22331189e+00,1.72385544e+00
9.23923924e+00,1.52696662e-01,8.16256196e-02,2.40363105e-01,1.54120144e-01,9.23923924e+00,3.08188656e-01,1.70385692e-01,4.82152910e-01,3.46802247e-01,9.23923924e+00,8.23392846e-01,1.39407063e+00,1.23155406e+00,1.73764491e+00
9.24924925e+00,1.53760959e-01,8.34638904e-02,2.41902254e-01,1.54946758e-01,9.24924925e+00,3.10374462e-01,1.74101936e-01,4.85259762e-01,3.48527095e-01,9.24924925e+00,8.29999365e-01,1.42943869e+00,1.23986236e+00,1.75178298e+00
9.25925926e+00,1.54832890e-01,8.53519784e-02,2.43452133e-01,1.55792033e-01,9.25925926e+00,3.12576732e-01,1.77923005e-01,4.88388658e-01,3.50289686e-01,9.25925926e+00,8.36673091e-01,1.46597256e+00,1.24823746e+00,1.76628113e+00
9.26926927e+00,1.55912511e-01,8.72912212e-02,2.45012818e-01,1.56656472e-01,9.26926927e+00,3.14795606e-01,1.81851883e-01,4.91539765e-01,3.52091086e-01,9.26926927e+00,8.43415009e-01,1.50371269e+00,1.25668006e+00,1.78115124e+00
9.27927928e+00,1.56999879e-01,8.92829968e-02,2.46584389e-01,1.57540598e-01,9.27927928e+00,3.17031223e-01,1.85891649e-01,4.94713251e-01,3.53932392e-01,9.27927928e+00,8.50226124e-01,1.54270113e+00,1.26519083e+00,1.79640562e+00
9.28928929e+00,1.58095052e-01,9.13287136e-02,2.48166922e-01,1.58444941e-01,9.28928929e+00,3.19283726e-01,1.90045460e-01,4.97909284e-01,3.55814729e-01,9.28928929e+00,8.57107464e-01,1.58298127e+00,1.27377048e+00,1.81205698e+00
9.29929930e+00,1.59198087e-01,9.34298193e-02,2.49760496e-01,1.59370050e-01,9.29929930e+00,3.21553257e-01,1.94316563e-01,5.01128035e-01,3.57739254e-01,9.29929930e+00,8.64060077e-01,1.62459814e+00,1.28241973e+00,1.82811847e+00
9.30930931e+00,1.60309042e-01,9.55878021e-02,2.51365191e-01,1.60316485e-01,9.30930931e+00,3.23839962e-01,1.98708307e-01,5.04369677e-01,3.59707159e-01,9.30930931e+00,8.71085036e-01,1.66759844e+00,1.29113930e+00,1.84460372e+00
9.31931932e+00,1.61427977e-01,9.78041905e-02,2.52981087e-01,1.61284826e-01,9.31931932e+00,3.26143986e-01,2.03224134e-01,5.07634381e-01,3.61719668e-01,9.31931932e+00,8.78183435e-01,1.71203058e+00,1.29992993e+00,1.86152682e+00
9.32932933e+00,1.62554952e-01,1.00080554e-01,2.54608264e-01,1.62275663e-01,9.32932933e+00,3.28465477e-01,2.07867589e-01,5.10922324e-01,3.63778044e-01,9.32932933e+00,8.85356393e-01,1.75794475e+00,1.30879235e+00,1.87890237e+00
9.33933934e+00,1.63690024e-01,1.02418505e-01,2.56246802e-01,1.63289607e-01,9.33933934e+00,3.30804585e-01,2.12642318e-01,5.14233681e-01,3.65883581e-01,9.33933934e+00,8.92605054e-01,1.80539299e+00,1.31772734e+00,1.89674547e+00
9.34934935e+00,1.64833256e-01,1.04819699e-01,2.57896785e-01,1.64327282e-01,9.34934935e+00,3.33161462e-01,2.17552075e-01,5.17568631e-01,3.68037614e-01,9.34934935e+00,8.99930586e-01,1.85442927e+00,1.32673565e+00,1.91507176e+00
9.35935936e+00,1.65984707e-01,1.07285838e-01,2.59558294e-01,1.65389329e-01,9.35935936e+00,3.35536258e-01,2.22600722e-01,5.20927352e-01,3.70241515e-01,9.35935936e+00,9.07334185e-01,1.90510953e+00,1.33581808e+00,1.93389743e+00
9.36936937e+00,1.67144440e-01,1.09818666e-01,2.61231411e-01,1.66476409e-01,9.36936937e+00,3.37929130e-01,2.27792236e-01,5.24310026e-01,3.72496693e-01,9.36936937e+00,9.14817071e-01,1.95749181e+00,1.34497541e+00,1.95323922e+00
9.37937938e+00,1.68312515e-01,1.12419980e-01,2.62916221e-01,1.67589198e-01,9.37937938e+00,3.40340234e-01,2.33130709e-01,5.27716835e-01,3.74804601e-01,9.37937938e+00,9.22380493e-01,2.01163631e+00,1.35420844e+00,1.97311450e+00
9.38938939e+00,1.69488995e-01,1.15091622e-01,2.64612808e-01,1.68728391e-01,9.38938939e+00,3.42769726e-01,2.38620351e-01,5.31147964e-01,3.77166732e-01,9.38938939e+00,9.30025730e-01,2.06760547e+00,1.36351801e+00,1.99354122e+00
9.39939940e+00,1.70673944e-01,1.17835485e-01,2.66321256e-01,1.69894702e-01,9.39939940e+00,3.45217768e-01,2.44265499e-01,5.34603597e-01,3.79584620e-01,9.39939940e+00,9.37754087e-01,2.12546405e+00,1.37290494e+00,2.01453798e+00
9.40940941e+00,1.71867423e-01,1.20653514e-01,2.68041650e-01,1.71088864e-01,9.40940941e+00,3.47684520e-01,2.50070615e-01,5.38083922e-01,3.82059846e-01,9.40940941e+00,9.45566901e-01,2.18527927e+00,1.38237007e+00,2.03612405e+00
9.41941942e+00,1.73069497e-01,1.23547706e-01,2.69774078e-01,1.72311629e-01,9.41941942e+00,3.50170145e-01,2.56040291e-01,5.41589129e-01,3.84594035e-01,9.41941942e+00,9.53465540e-01,2.24712084e+00,1.39191427e+00,2.05831936e+00
9.42942943e+00,1.74280231e-01,1.26520113e-01,2.71518624e-01,1.73563771e-01,9.42942943e+00,3.52674810e-01,2.62179258e-01,5.45119407e-01,3.87188859e-01,9.42942943e+00,9.61451403e-01,2.31106112e+00,1.40153841e+00,2.08114459e+00
9.43943944e+00,1.75499690e-01,1.29572843e-01,2.73275378e-01,1.74846084e-01,9.43943944e+00,3.55198680e-01,2.68492383e-01,5.48674950e-01,3.89846037e-01,9.43943944e+00,9.69525921e-01,2.37717521e+00,1.41124337e+00,2.10462113e+00
9.44944945e+00,1.76727938e-01,1.32708061e-01,2.75044426e-01,1.76159383e-01,9.44944945e+00,3.57741925e-01,2.74984677e-01,5.52255950e-01,3.92567339e-01,9.44944945e+00,9.77690562e-01,2.44554103e+00,1.42103007e+00,2.12877113e+00
9.45945946e+00,1.77965042e-01,1.35927998e-01,2.76825858e-01,1.77504506e-01,9.45945946e+00,3.60304715e-01,2.81661311e-01,5.55862604e-01,3.95354589e-01,9.45945946e+00,9.85946824e-01,2.51623963e+00,1.43089940e+00,2.15361761e+00
9.46946947e+00,1.79211068e-01,1.39234936e-01,2.78619763e-01,1.78882314e-01,9.46946947e+00,3.62887224e-01,2.88527593e-01,5.59495109e-01,3.98209659e-01,9.46946947e+00,9.94296246e-01,2.58935494e+00,1.44085232e+00,2.17918433e+00
9.47947948e+00,1.80466084e-01,1.42631222e-01,2.80426230e-01,1.80293688e-01,9.47947948e+00,3.65489626e-01,2.95588987e-01,5.63153663e-01,4.01134472e-01,9.47947948e+00,1.00274040e+00,2.66497407e+00,1.45088976e+00,2.20549591e+00
9.48948949e+00,1.81730156e-01,1.46119267e-01,2.82245351e-01,1.81739535e-01,9.48948949e+00,3.68112098e-01,3.02851124e-01,5.66838469e-01,4.04131012e-01,9.48948949e+00,1.01128090e+00,2.74318756e+00,1.46101269e+00,2.23257789e+00
9.49949950e+00,1.83003354e-01,1.49701549e-01,2.84077216e-01,1.83220787e-01,9.49949950e+00,3.70754819e-01,3.10319803e-01,5.70549729e-01,4.07201317e-01,9.49949950e+00,1.01991939e+00,2.82408940e+00,1.47122210e+00,2.26045671e+00
9.50950951e+00,1.84285747e-01,1.53380616e-01,2.85921918e-01,1.84738399e-01,9.50950951e+00,3.73417970e-01,3.18000994e-01,5.74287646e-01,4.10347486e-01,9.50950951e+00,1.02865756e+00,2.90777724e+00,1.48151897e+00,2.28915980e+00
9.51951952e+00,1.85577402e-01,1.57159084e-01,2.87779550e-01,1.86293355e-01,9.51951952e+00,3.76101734e-01,3.25900847e-01,5.78052428e-01,4.13571678e-01,9.51951952e+00,1.03749716e+00,2.99435247e+00,1.49190433e+00,2.31871557e+00
9.52952953e+00,1.86878392e-01,1.61039641e-01,2.89650205e-01,1.87886662e-01,9.52952953e+00,3.78806297e-01,3.34025694e-01,5.81844283e-01,4.16876115e-01,9.52952953e+00,1.04643995e+00,3.08392045e+00,1.50237920e+00,2.34915346e+00
9.53953954e+00,1.88188785e-01,1.65025050e-01,2.91533976e-01,1.89519359e-01,9.53953954e+00,3.81531846e-01,3.42382057e-01,5.85663421e-01,4.20263083e-01,9.53953954e+00,1.05548776e+00,3.17659061e+00,1.51294464e+00,2.38050401e+00
9.54954955e+00,1.89508653e-01,1.69118150e-01,2.93430960e-01,1.91192508e-01,9.54954955e+00,3.84278570e-01,3.50976652e-01,5.89510053e-01,4.23734934e-01,9.54954955e+00,1.06464244e+00,3.27247664e+00,1.52360172e+00,2.41279885e+00
9.55955956e+00,1.90838069e-01,1.73321858e-01,2.95341251e-01,1.92907203e-01,9.55955956e+00,3.87046663e-01,3.59816398e-01,5.93384394e-01,4.27294088e-01,9.55955956e+00,1.07390592e+00,3.37169672e+00,1.53435153e+00,2.44607078e+00
9.56956957e+00,1.92177104e-01,1.77639170e-01,2.97264946e-01,1.94664567e-01,9.56956957e+00,3.89836317e-01,3.68908419e-01,5.97286659e-01,4.30943037e-01,9.56956957e+00,1.08328016e+00,3.47437362e+00,1.54519518e+00,2.48035382e+00
9.57957958e+00,1.93525831e-01,1.82073169e-01,2.99202141e-01,1.96465752e-01,9.57957958e+00,3.92647731e-01,3.78260056e-01,6.01217067e-01,4.34684344e-01,9.57957958e+00,1.09276717e+00,3.58063497e+00,1.55613379e+00,2.51568322e+00
9.58958959e+00,1.94884324e-01,1.86627020e-01,3.01152935e-01,1.98311944e-01,9.58958959e+00,3.95481102e-01,3.87878868e-01,6.05175837e-01,4.38520647e-01,9.58958959e+00,1.10236901e+00,3.69061344e+00,1.56716851e+00,2.55209557e+00
9.59959960e+00,1.96252658e-01,1.91303976e-01,3.03117426e-01,2.00204358e-01,9.59959960e+00,3.98336633e-01,3.97772645e-01,6.09163191e-01,4.42454660e-01,9.59959960e+00,1.11208781e+00,3.80444694e+00,1.57830052e+00,2.58962877e+00
9.60960961e+00,1.97630907e-01,1.96107382e-01,3.05095714e-01,2.02144245e-01,9.60960961e+00,4.01214528e-01,4.07949411e-01,6.13179352e-01,4.46489178e-01,9.60960961e+00,1.12192574e+00,3.92227887e+00,1.58953101e+00,2.62832216e+00
9.61961962e+00,1.99019146e-01,2.01040674e-01,3.07087897e-01,2.04132888e-01,9.61961962e+00,4.04114993e-01,4.18417432e-01,6.17224547e-01,4.50627077e-01,9.61961962e+00,1.13188503e+00,4.04425836e+00,1.60086119e+00,2.66821653e+00
9.62962963e+00,2.00417453e-01,2.06107385e-01,3.09094078e-01,2.06171606e-01,9.62962963e+00,4.07038237e-01,4.29185226e-01,6.21299004e-01,4.54871315e-01,9.62962963e+00,1.14196797e+00,4.17054048e+00,1.61229230e+00,2.70935421e+00
9.63963964e+00,2.01825903e-01,2.11311153e-01,3.11114357e-01,2.08261754e-01,9.63963964e+00,4.09984472e-01,4.40261583e-01,6.25402953e-01,4.59224944e-01,9.63963964e+00,1.15217691e+00,4.30128673e+00,1.62382561e+00,2.75177916e+00
9.64964965e+00,2.03244574e-01,2.16655712e-01,3.13148837e-01,2.10404726e-01,9.64964965e+00,4.12953912e-01,4.51655550e-01,6.29536626e-01,4.63691101e-01,9.64964965e+00,1.16251428e+00,4.43666497e+00,1.63546239e+00,2.79553695e+00
9.65965966e+00,2.04673545e-01,2.22144891e-01,3.15197622e-01,2.12601948e-01,9.65965966e+00,4.15946775e-01,4.63376430e-01,6.33700257e-01,4.68273007e-01,9.65965966e+00,1.17298255e+00,4.57684954e+00,1.64720395e+00,2.84067478e+00
9.66966967e+00,2.06112895e-01,2.27782635e-01,3.17260814e-01,2.14854886e-01,9.66966967e+00,4.18963280e-01,4.75433827e-01,6.37894084e-01,4.72973986e-01,9.66966967e+00,1.18358428e+00,4.72202209e+00,1.65905164e+00,2.88724170e+00
9.67967968e+00,2.07562702e-01,2.33572998e-01,3.19338519e-01,2.17165051e-01,9.67967968e+00,4.22003650e-01,4.87837638e-01,6.42118344e-01,4.77797455e-01,9.67967968e+00,1.19432207e+00,4.87237164e+00,1.67100682e+00,2.93528862e+00
9.68968969e+00,2.09023048e-01,2.39520150e-01,3.21430841e-01,2.19533991e-01,9.68968969e+00,4.25068110e-01,5.00598065e-01,6.46373280e-01,4.82746938e-01,9.68968969e+00,1.20519864e+00,5.02809493e+00,1.68307087e+00,2.98486838e+00
9.69969970e+00,2.10494013e-01,2.45628374e-01,3.23537888e-01,2.21963298e-01,9.69969970e+00,4.28156889e-01,5.13725622e-01,6.50659135e-01,4.87826056e-01,9.69969970e+00,1.21621674e+00,5.18939674e+00,1.69524521e+00,3.03603583e+00
9.70970971e+00,2.11975679e-01,2.51902079e-01,3.25659767e-01,2.24454607e-01,9.70970971e+00,4.31270218e-01,5.27231148e-01,6.54976154e-01,4.93038542e-01,9.70970971e+00,1.22737922e+00,5.35649027e+00,1.70753129e+00,3.08884792e+00
9.71971972e+00,2.13468128e-01,2.58345794e-01,3.27796585e-01,2.27009597e-01,9.71971972e+00,4.34408330e-01,5.41125814e-01,6.59324586e-01,4.98388237e-01,9.71971972e+00,1.23868901e+00,5.52959748e+00,1.71993058e+00,3.14336377e+00
9.72972973e+00,2.14971444e-01,2.64964178e-01,3.29948452e-01,2.29629996e-01,9.72972973e+00,4.37571465e-01,5.55421140e-01,6.63704681e-01,5.03879096e-01,9.72972973e+00,1.25014913e+00,5.70894952e+00,1.73244458e+00,3.19964477e+00
9.73973974e+00,2.16485710e-01,2.71762021e-01,3.32115476e-01,2.32317576e-01,9.73973974e+00,4.40759861e-01,5.70128999e-01,6.68116691e-01,5.09515191e-01,9.73973974e+00,1.26176266e+00,5.89478711e+00,1.74507484e+00,3.25775468e+00
9.74974975e+00,2.18011011e-01,2.78744249e-01,3.34297768e-01,2.35074159e-01,9.74974975e+00,4.43973763e-01,5.85261636e-01,6.72560873e-01,5.15300715e-01,9.74974975e+00,1.27353280e+00,6.08736100e+00,1.75782292e+00,3.31775973e+00
9.75975976e+00,2.19547433e-01,2.85915928e-01,3.36495440e-01,2.37901617e-01,9.75975976e+00,4.47213418e-01,6.00831675e-01,6.77037484e-01,5.21239986e-01,9.75975976e+00,1.28546283e+00,6.28693239e+00,1.77069041e+00,3.37972868e+00
9.76976977e+00,2.21095061e-01,2.93282267e-01,3.38708604e-01,2.40801874e-01,9.76976977e+00,4.50479075e-01,6.16852134e-01,6.81546784e-01,5.27337449e-01,9.76976977e+00,1.29755612e+00,6.49377344e+00,1.78367896e+00,3.44373300e+00
9.77977978e+00,2.22653983e-01,3.00848625e-01,3.40937372e-01,2.43776906e-01,9.77977978e+00,4.53770988e-01,6.33336440e-01,6.86089036e-01,5.33597682e-01,9.77977978e+00,1.30981615e+00,6.70816772e+00,1.79679024e+00,3.50984693e+00
9.78978979e+00,2.24224286e-01,3.08620511e-01,3.43181860e-01,2.46828743e-01,9.78978979e+00,4.57089414e-01,6.50298436e-01,6.90664506e-01,5.40025402e-01,9.78978979e+00,1.32224652e+00,6.93041077e+00,1.81002594e+00,3.57814759e+00
9.79979980e+00,2.25806059e-01,3.16603595e-01,3.45442181e-01,2.49959473e-01,9.79979980e+00,4.60434613e-01,6.67752404e-01,6.95273461e-01,5.46625462e-01,9.79979980e+00,1.33485090e+00,7.16081063e+00,1.82338781e+00,3.64871516e+00
9.80980981e+00,2.27399391e-01,3.24803706e-01,3.47718451e-01,2.53171239e-01,9.80980981e+00,4.63806849e-01,6.85713074e-01,6.99916172e-01,5.53402865e-01,9.80980981e+00,1.34763310e+00,7.39968841e+00,1.83687763e+00,3.72163293e+00
9.81981982e+00,2.29004373e-01,3.33226847e-01,3.50010787e-01,2.56466248e-01,9.81981982e+00,4.67206390e-01,7.04195655e-01,7.04592913e-01,5.60362766e-01,9.81981982e+00,1.36059703e+00,7.64737916e+00,1.85049722e+00,3.79698759e+00
9.82982983e+00,2.30621094e-01,3.41879200e-01,3.52319306e-01,2.59846767e-01,9.82982983e+00,4.70633506e-01,7.23215846e-01,7.09303959e-01,5.67510479e-01,9.82982983e+00,1.37374675e+00,7.90423239e+00,1.86424844e+00,3.87486926e+00
9.83983984e+00,2.32249648e-01,3.50767095e-01,3.54644128e-01,2.63315119e-01,9.83983984e+00,4.74088473e-01,7.42789783e-01,7.14049589e-01,5.74851457e-01,9.83983984e+00,1.38708641e+00,8.17061156e+00,1.87813319e+00,3.95537137e+00
9.84984985e+00,2.33890126e-01,3.59897064e-01,3.56985370e-01,2.66873695e-01,9.84984985e+00,4.77571569e-01,7.62934153e-01,7.18830085e-01,5.82391329e-01,9.84984985e+00,1.40062031e+00,8.44689641e+00,1.89215341e+00,4.03859125e+00
9.85985986e+00,2.35542622e-01,3.69275824e-01,3.59343154e-01,2.70524953e-01,9.85985986e+00,4.81083077e-01,7.83666173e-01,7.23645732e-01,5.90135894e-01,9.85985986e+00,1.41435289e+00,8.73348303e+00,1.90631110e+00,4.12463009e+00
9.86986987e+00,2.37207230e-01,3.78910289e-01,3.61717601e-01,2.74271420e-01,9.86986987e+00,4.84623283e-01,8.05003611e-01,7.28496816e-01,5.98091127e-01,9.86986987e+00,1.42828871e+00,9.03078470e+00,1.92060828e+00,4.21359317e+00
9.87987988e+00,2.38884047e-01,3.88807573e-01,3.64108833e-01,2.78115690e-01,9.87987988e+00,4.88192478e-01,8.26964803e-01,7.33383627e-01,6.06263183e-01,9.87987988e+00,1.44243251e+00,9.33923263e+00,1.93504704e+00,4.30558996e+00
9.88988989e+00,2.40573166e-01,3.98974996e-01,3.66516972e-01,2.82060435e-01,9.88988989e+00,4.91790956e-01,8.49568674e-01,7.38306460e-01,6.14658404e-01,9.88988989e+00,1.45678914e+00,9.65927684e+00,1.94962952e+00,4.40073437e+00
9.89989990e+00,2.42274687e-01,4.09420092e-01,3.68942145e-01,2.86108396e-01,9.89989990e+00,4.95419017e-01,8.72834759e-01,7.43265609e-01,6.23283324e-01,9.89989990e+00,1.47136365e+00,9.99138700e+00,1.96435788e+00,4.49914492e+00
9.90990991e+00,2.43988706e-01,4.20150613e-01,3.71384474e-01,2.90262393e-01,9.90990991e+00,4.99076962e-01,8.96783221e-01,7.48261374e-01,6.32144677e-01,9.90990991e+00,1.48616124e+00,1.03360534e+01,1.97923437e+00,4.60094491e+00
9.91991992e+00,2.45715323e-01,4.31174541e-01,3.73844087e-01,2.94525325e-01,9.91991992e+00,5.02765101e-01,9.21434878e-01,7.53294058e-01,6.41249402e-01,9.91991992e+00,1.50118727e+00,1.06937880e+01,1.99426127e+00,4.70626269e+00
9.92992993e+00,2.47454637e-01,4.42500088e-01,3.76321110e-01,2.98900172e-01,9.92992993e+00,5.06483744e-01,9.46811222e-01,7.58363965e-01,6.50604648e-01,9.92992993e+00,1.51644730e+00,1.10651251e+01,2.00944092e+00,4.81523183e+00
9.93993994e+00,2.49206749e-01,4.54135709e-01,3.78815672e-01,3.03389996e-01,9.93993994e+00,5.10233208e-01,9.72934444e-01,7.63471405e-01,6.60217785e-01,9.93993994e+00,1.53194707e+00,1.14506229e+01,2.02477573e+00,4.92799139e+00
9.94994995e+00,2.50971760e-01,4.66090108e-01,3.81327902e-01,3.07997947e-01,9.94994995e+00,5.14013815e-01,9.99827460e-01,7.68616688e-01,6.70096408e-01,9.94994995e+00,1.54769251e+00,1.18508644e+01,2.04026815e+00,5.04468612e+00
9.95995996e+00,2.52749773e-01,4.78372245e-01,3.83857930e-01,3.12727261e-01,9.95995996e+00,5.17825889e-01,1.02751394e+00,7.73800131e-01,6.80248344e-01,9.95995996e+00,1.56368976e+00,1.22664585e+01,2.05592070e+00,5.16546676e+00
9.96996997e+00,2.54540892e-01,4.90991345e-01,3.86405887e-01,3.17581268e-01,9.96996997e+00,5.21669762e-01,1.05601831e+00,7.79022050e-01,6.90681664e-01,9.96996997e+00,1.57994517e+00,1.26980413e+01,2.07173596e+00,5.29049029e+00
9.97997998e+00,2.56345222e-01,5.03956906e-01,3.88971905e-01,3.22563390e-01,9.97997998e+00,5.25545768e-01,1.08536583e+00,7.84282769e-01,7.01404686e-01,9.97997998e+00,1.59646532e+00,1.31462775e+01,2.08771660e+00,5.41992019e+00
9.98998999e+00,2.58162867e-01,5.17278710e-01,3.91556118e-01,3.27677145e-01,9.98998999e+00,5.29454249e-01,1.11558257e+00,7.89582611e-01,7.12425984e-01,9.98998999e+00,1.61325702e+00,1.36118616e+01,2.10386532e+00,5.55392675e+00
1.00000000e+01,2.59993934e-01,5.30966830e-01,3.94158660e-01,3.32926153e-01,1.00000000e+01,5.33395549e-01,1.14669549e+00,7.94921906e-01,7.23754402e-01,1.00000000e+01,1.63032731e+00,1.40955198e+01,2.12018491e+00,5.69268744e+00
