t_group1,rate_exp_group1,rate_model_group1,strain_exp_group1,strain_model_group1,t_group2,rate_exp_group2,rate_model_group2,strain_exp_group2,strain_model_group2,t_group3,rate_exp_group3,rate_model_group3,strain_exp_group3,strain_model_group3
0.00000000e+00,4.00000000e-03,4.85248433e-02,4.00400400e-05,4.86095412e-04,0.00000000e+00,8.00000000e-03,9.71952717e-02,8.00800801e-05,9.72937898e-04,0.00000000e+00,2.00000000e-02,2.44183552e-01,2.00200200e-04,2.43894364e-03
1.00100100e-02,4.00000000e-03,4.87244188e-02,8.00800801e-05,9.72951286e-04,1.00100100e-02,8.00000000e-03,9.76899671e-02,1.60160160e-04,1.94858465e-03,1.00100100e-02,2.00000000e-02,2.46147742e-01,4.00400400e-04,4.89365964e-03
2.00200200e-02,4.00000000e-03,4.88287932e-02,1.20120120e-04,1.46125455e-03,2.00200200e-02,8.00000000e-03,9.79952151e-02,2.40240240e-04,2.92808995e-03,2.00200200e-02,2.00000000e-02,2.47649984e-01,6.00600601e-04,7.36538203e-03
3.00300300e-02,4.00000000e-03,4.88974480e-02,1.60160160e-04,1.95039365e-03,3.00300300e-02,8.00000000e-03,9.82293982e-02,3.20320320e-04,3.91023479e-03,3.00300300e-02,2.00000000e-02,2.48981855e-01,8.00800801e-04,9.85113862e-03
4.00400400e-02,4.00000000e-03,4.89529782e-02,2.00200200e-04,2.44014316e-03,4.00400400e-02,7.99999999e-03,9.84377143e-02,4.00400400e-04,4.89457204e-03,4.00400400e-02,1.99999999e-02,2.50256455e-01,1.00100100e-03,1.23498849e-02
5.00500501e-02,3.99999999e-03,4.90037209e-02,2.40240240e-04,2.93042046e-03,5.00500501e-02,7.99999998e-03,9.86368576e-02,4.80480480e-04,5.88094042e-03,5.00500501e-02,1.99999999e-02,2.51515736e-01,1.20120120e-03,1.48612927e-02
6.00600601e-02,3.99999998e-03,4.90527464e-02,2.80280280e-04,3.42119559e-03,6.00600601e-02,7.99999994e-03,9.88329838e-02,5.60560560e-04,6.86928411e-03,6.00600601e-02,1.99999997e-02,2.52775270e-01,1.40140140e-03,1.73852997e-02
7.00700701e-02,3.99999995e-03,4.91011848e-02,3.20320319e-04,3.91245797e-03,7.00700701e-02,7.99999989e-03,9.90283619e-02,6.40640639e-04,7.85958617e-03,7.00700701e-02,1.99999995e-02,2.54040866e-01,1.60160159e-03,1.99219424e-02
8.00800801e-02,3.99999990e-03,4.91494519e-02,3.60360358e-04,4.40420416e-03,8.00800801e-02,7.99999979e-03,9.92238289e-02,7.20720717e-04,8.85184402e-03,8.00800801e-02,1.99999992e-02,2.55314733e-01,1.80180178e-03,2.24712942e-02
9.00900901e-02,3.99999983e-03,4.91977007e-02,4.00400397e-04,4.89643334e-03,9.00900901e-02,7.99999963e-03,9.94196945e-02,8.00800793e-04,9.84606034e-03,9.00900901e-02,1.99999987e-02,2.56597745e-01,2.00200197e-03,2.50334429e-02
1.00100100e-01,3.99999971e-03,4.92459878e-02,4.40440434e-04,5.38914566e-03,1.00100100e-01,7.99999939e-03,9.96160743e-02,8.80880867e-04,1.08422398e-02,1.00100100e-01,1.99999979e-02,2.57890287e-01,2.20220215e-03,2.76084823e-02
1.10110110e-01,3.99999954e-03,4.92943339e-02,4.80480469e-04,5.88234162e-03,1.10110110e-01,7.99999904e-03,9.98130121e-02,9.60960937e-04,1.18403878e-02,1.10110110e-01,1.99999968e-02,2.59192565e-01,2.40240232e-03,3.01965090e-02
1.20120120e-01,3.99999930e-03,4.93427468e-02,5.20520502e-04,6.37602186e-03,1.20120120e-01,7.99999854e-03,1.00010526e-01,1.04104100e-03,1.28405101e-02,1.20120120e-01,1.99999954e-02,2.60504717e-01,2.60260247e-03,3.27976210e-02
1.30130130e-01,3.99999896e-03,4.93912294e-02,5.60560532e-04,6.87018706e-03,1.30130130e-01,7.99999785e-03,1.00208623e-01,1.12112106e-03,1.38426124e-02,1.30130130e-01,1.99999934e-02,2.61826858e-01,2.80280261e-03,3.54119178e-02
1.40140140e-01,3.99999851e-03,4.94397830e-02,6.00600557e-04,7.36483792e-03,1.40140140e-01,7.99999694e-03,1.00407308e-01,1.20120111e-03,1.48467006e-02,1.40140140e-01,1.99999908e-02,2.63159095e-01,3.00300271e-03,3.80395000e-02
1.50150150e-01,3.99999793e-03,4.94884079e-02,6.40640576e-04,7.85997517e-03,1.50150150e-01,7.99999574e-03,1.00606585e-01,1.28128115e-03,1.58527806e-02,1.50150150e-01,1.99999874e-02,2.64501533e-01,3.20320279e-03,4.06804691e-02
1.60160160e-01,3.99999717e-03,4.95371046e-02,6.80680588e-04,8.35559951e-03,1.60160160e-01,7.99999420e-03,1.00806456e-01,1.36136117e-03,1.68608584e-02,1.60160160e-01,1.99999832e-02,2.65854278e-01,3.40340282e-03,4.33349277e-02
1.70170170e-01,3.99999621e-03,4.95858731e-02,7.20720590e-04,8.85171167e-03,1.70170170e-01,7.99999225e-03,1.01006922e-01,1.44144117e-03,1.78709399e-02,1.70170170e-01,1.99999778e-02,2.67217436e-01,3.60360280e-03,4.60029797e-02
1.80180180e-01,3.99999501e-03,4.96347137e-02,7.60760580e-04,9.34831236e-03,1.80180180e-01,7.99998982e-03,1.01207988e-01,1.52152115e-03,1.88830311e-02,1.80180180e-01,1.99999712e-02,2.68591114e-01,3.80380271e-03,4.86847297e-02
1.90190190e-01,3.99999353e-03,4.96836265e-02,8.00800556e-04,9.84540232e-03,1.90190190e-01,7.99998683e-03,1.01409655e-01,1.60160110e-03,1.98971379e-02,1.90190190e-01,1.99999632e-02,2.69975421e-01,4.00400254e-03,5.13802836e-02
2.00200200e-01,3.99999172e-03,4.97326116e-02,8.40840513e-04,1.03429822e-02,2.00200200e-01,7.99998319e-03,1.01611925e-01,1.68168101e-03,2.09132665e-02,2.00200200e-01,1.99999534e-02,2.71370466e-01,4.20420228e-03,5.40897483e-02
2.10210210e-01,3.99998955e-03,4.97816693e-02,8.80880448e-04,1.08410529e-02,2.10210210e-01,7.99997880e-03,1.01814801e-01,1.76176088e-03,2.19314229e-02,2.10210210e-01,1.99999417e-02,2.72776361e-01,4.40440189e-03,5.68132320e-02
2.20220220e-01,3.99998695e-03,4.98307996e-02,9.20920358e-04,1.13396150e-02,2.20220220e-01,7.99997356e-03,1.02018286e-01,1.84184069e-03,2.29516131e-02,2.20220220e-01,1.99999278e-02,2.74193220e-01,4.60460137e-03,5.95508437e-02
2.30230230e-01,3.99998388e-03,4.98800026e-02,9.60960236e-04,1.18386692e-02,2.30230230e-01,7.99996737e-03,1.02222382e-01,1.92192045e-03,2.39738432e-02,2.30230230e-01,1.99999115e-02,2.75621156e-01,4.80480069e-03,6.23026938e-02
2.40240240e-01,3.99998027e-03,4.99292786e-02,1.00100008e-03,1.23382163e-02,2.40240240e-01,7.99996009e-03,1.02427090e-01,2.00200013e-03,2.49981195e-02,2.40240240e-01,1.99998924e-02,2.77060285e-01,5.00499981e-03,6.50688938e-02
2.50250250e-01,3.99997607e-03,4.99786276e-02,1.04103988e-03,1.28382571e-02,2.50250250e-01,7.99995162e-03,1.02632415e-01,2.08207972e-03,2.60244479e-02,2.50250250e-01,1.99998702e-02,2.78510725e-01,5.20519871e-03,6.78495562e-02
2.60260260e-01,3.99997120e-03,5.00280499e-02,1.08107963e-03,1.33387922e-02,2.60260260e-01,7.99994182e-03,1.02838358e-01,2.16215922e-03,2.70528348e-02,2.60260260e-01,1.99998446e-02,2.79972594e-01,5.40539735e-03,7.06447950e-02
2.70270270e-01,3.99996559e-03,5.00775455e-02,1.12111933e-03,1.38398223e-02,2.70270270e-01,7.99993054e-03,1.03044921e-01,2.24223861e-03,2.80832863e-02,2.70270270e-01,1.99998152e-02,2.81446014e-01,5.60559570e-03,7.34547251e-02
2.80280280e-01,3.99995918e-03,5.01271146e-02,1.16115896e-03,1.43413483e-02,2.80280280e-01,7.99991765e-03,1.03252108e-01,2.32231786e-03,2.91158086e-02,2.80280280e-01,1.99997817e-02,2.82931105e-01,5.80579372e-03,7.62794628e-02
2.90290290e-01,3.99995188e-03,5.01767573e-02,1.20119852e-03,1.48433709e-02,2.90290290e-01,7.99990298e-03,1.03459920e-01,2.40239697e-03,3.01504080e-02,2.90290290e-01,1.99997436e-02,2.84427993e-01,6.00599135e-03,7.91191254e-02
3.00300300e-01,3.99994362e-03,5.02264739e-02,1.24123799e-03,1.53458908e-02,3.00300300e-01,7.99988637e-03,1.03668361e-01,2.48247591e-03,3.11870908e-02,3.00300300e-01,1.99997006e-02,2.85936801e-01,6.20618855e-03,8.19738317e-02
3.10310310e-01,3.99993431e-03,5.02762644e-02,1.28127737e-03,1.58489087e-02,3.10310310e-01,7.99986766e-03,1.03877432e-01,2.56255467e-03,3.22258632e-02,3.10310310e-01,1.99996523e-02,2.87457658e-01,6.40638527e-03,8.48437018e-02
3.20320320e-01,3.99992387e-03,5.03261290e-02,1.32131665e-03,1.63524253e-02,3.20320320e-01,7.99984668e-03,1.04087137e-01,2.64263321e-03,3.32667316e-02,3.20320320e-01,1.99995982e-02,2.88990691e-01,6.60658145e-03,8.77288568e-02
3.30330330e-01,3.99991220e-03,5.03760678e-02,1.36135581e-03,1.68564415e-02,3.30330330e-01,7.99982325e-03,1.04297477e-01,2.72271153e-03,3.43097024e-02,3.30330330e-01,1.99995378e-02,2.90536032e-01,6.80677703e-03,9.06294193e-02
3.40340340e-01,3.99989922e-03,5.04260810e-02,1.40139485e-03,1.73609579e-02,3.40340340e-01,7.99979717e-03,1.04508456e-01,2.80278958e-03,3.53547819e-02,3.40340340e-01,1.99994707e-02,2.92093812e-01,7.00697193e-03,9.35455131e-02
3.50350350e-01,3.99988482e-03,5.04761687e-02,1.44143373e-03,1.78659754e-02,3.50350350e-01,7.99976826e-03,1.04720076e-01,2.88286734e-03,3.64019765e-02,3.50350350e-01,1.99993964e-02,2.93664165e-01,7.20716609e-03,9.64772634e-02
3.60360360e-01,3.99986891e-03,5.05263311e-02,1.48147246e-03,1.83714946e-02,3.60360360e-01,7.99973631e-03,1.04932340e-01,2.96294478e-03,3.74512927e-02,3.60360360e-01,1.99993145e-02,2.95247228e-01,7.40735942e-03,9.94247968e-02
3.70370370e-01,3.99985139e-03,5.05765683e-02,1.52151101e-03,1.88775163e-02,3.70370370e-01,7.99970114e-03,1.05145250e-01,3.04302186e-03,3.85027368e-02,3.70370370e-01,1.99992243e-02,2.96843137e-01,7.60755186e-03,1.02388241e-01
3.80380380e-01,3.99983215e-03,5.06268805e-02,1.56154937e-03,1.93840413e-02,3.80380380e-01,7.99966253e-03,1.05358809e-01,3.12309857e-03,3.95563155e-02,3.80380380e-01,1.99991254e-02,2.98452033e-01,7.80774330e-03,1.05367726e-01
3.90390390e-01,3.99981109e-03,5.06772678e-02,1.60158752e-03,1.98910703e-02,3.90390390e-01,7.99962028e-03,1.05573019e-01,3.20317485e-03,4.06120351e-02,3.90390390e-01,1.99990173e-02,3.00074056e-01,8.00793367e-03,1.08363381e-01
4.00400400e-01,3.99978811e-03,5.07277304e-02,1.64162544e-03,2.03986040e-02,4.00400400e-01,7.99957416e-03,1.05787883e-01,3.28325066e-03,4.16699023e-02,4.00400400e-01,1.99988995e-02,3.01709351e-01,8.20812285e-03,1.11375340e-01
4.10410410e-01,3.99976308e-03,5.07782684e-02,1.68166311e-03,2.09066432e-02,4.10410410e-01,7.99952396e-03,1.06003405e-01,3.36332598e-03,4.27299236e-02,4.10410410e-01,1.99987712e-02,3.03358061e-01,8.40831075e-03,1.14403735e-01
4.20420420e-01,3.99973592e-03,5.08288820e-02,1.72170051e-03,2.14151887e-02,4.20420420e-01,7.99946946e-03,1.06219585e-01,3.44340075e-03,4.37921056e-02,4.20420420e-01,1.99986322e-02,3.05020335e-01,8.60849726e-03,1.17448703e-01
4.30430430e-01,3.99970649e-03,5.08795713e-02,1.76173761e-03,2.19242412e-02,4.30430430e-01,7.99941044e-03,1.06436428e-01,3.52347493e-03,4.48564549e-02,4.30430430e-01,1.99984816e-02,3.06696322e-01,8.80868226e-03,1.20510378e-01
4.40440440e-01,3.99967469e-03,5.09303365e-02,1.80177439e-03,2.24338015e-02,4.40440440e-01,7.99934667e-03,1.06653936e-01,3.60354847e-03,4.59229781e-02,4.40440440e-01,1.99983191e-02,3.08386172e-01,9.00886564e-03,1.23588899e-01
4.50450450e-01,3.99964041e-03,5.09811778e-02,1.84181083e-03,2.29438704e-02,4.50450450e-01,7.99927792e-03,1.06872112e-01,3.68362132e-03,4.69916820e-02,4.50450450e-01,1.99981440e-02,3.10090040e-01,9.20904726e-03,1.26684407e-01
4.60460460e-01,3.99960354e-03,5.10320952e-02,1.88184690e-03,2.34544485e-02,4.60460460e-01,7.99920398e-03,1.07090958e-01,3.76369343e-03,4.80625731e-02,4.60460460e-01,1.99979557e-02,3.11808082e-01,9.40922699e-03,1.29797041e-01
4.70470470e-01,3.99956395e-03,5.10830889e-02,1.92188258e-03,2.39655368e-02,4.70470470e-01,7.99912460e-03,1.07310477e-01,3.84376475e-03,4.91356583e-02,4.70470470e-01,1.99977538e-02,3.13540454e-01,9.60940471e-03,1.32926945e-01
4.80480480e-01,3.99952153e-03,5.11341591e-02,1.96191783e-03,2.44771358e-02,4.80480480e-01,7.99903956e-03,1.07530672e-01,3.92383521e-03,5.02109443e-02,4.80480480e-01,1.99975375e-02,3.15287317e-01,9.80958026e-03,1.36074263e-01
4.90490490e-01,3.99947618e-03,5.11853060e-02,2.00195263e-03,2.49892465e-02,4.90490490e-01,7.99894863e-03,1.07751546e-01,4.00390477e-03,5.12884378e-02,4.90490490e-01,1.99973064e-02,3.17048832e-01,1.00097535e-02,1.39239140e-01
5.00500501e-01,3.99942777e-03,5.12365296e-02,2.04198694e-03,2.55018695e-02,5.00500501e-01,7.99885159e-03,1.07973101e-01,4.08397335e-03,5.23681457e-02,5.00500501e-01,1.99970598e-02,3.18825166e-01,1.02099243e-02,1.42421724e-01
5.10510511e-01,3.99937620e-03,5.12878302e-02,2.08202073e-03,2.60150056e-02,5.10510511e-01,7.99874821e-03,1.08195340e-01,4.16404090e-03,5.34500748e-02,5.10510511e-01,1.99967972e-02,3.20616483e-01,1.04100924e-02,1.45622165e-01
5.20520521e-01,3.99932135e-03,5.13392079e-02,2.12205398e-03,2.65286557e-02,5.20520521e-01,7.99863826e-03,1.08418266e-01,4.24410735e-03,5.45342320e-02,5.20520521e-01,1.99965181e-02,3.22422954e-01,1.06102578e-02,1.48840613e-01
5.30530531e-01,3.99926311e-03,5.13906628e-02,2.16208664e-03,2.70428204e-02,5.30530531e-01,7.99852153e-03,1.08641883e-01,4.32417263e-03,5.56206241e-02,5.30530531e-01,1.99962219e-02,3.24244749e-01,1.08104201e-02,1.52077221e-01
5.40540541e-01,3.99920137e-03,5.14421951e-02,2.20211869e-03,2.75575006e-02,5.40540541e-01,7.99839781e-03,1.08866192e-01,4.40423668e-03,5.67092582e-02,5.40540541e-01,1.99959080e-02,3.26082043e-01,1.10105794e-02,1.55332143e-01
5.50550551e-01,3.99913604e-03,5.14938050e-02,2.24215008e-03,2.80726970e-02,5.50550551e-01,7.99826686e-03,1.09091197e-01,4.48429941e-03,5.78001410e-02,5.50550551e-01,1.99955760e-02,3.27935013e-01,1.12107353e-02,1.58605535e-01
5.60560561e-01,3.99906699e-03,5.15454927e-02,2.28218078e-03,2.85884105e-02,5.60560561e-01,7.99812850e-03,1.09316900e-01,4.56436075e-03,5.88932797e-02,5.60560561e-01,1.99952252e-02,3.29803836e-01,1.14108877e-02,1.61897554e-01
5.70570571e-01,3.99899414e-03,5.15972582e-02,2.32221075e-03,2.91046417e-02,5.70570571e-01,7.99798251e-03,1.09543305e-01,4.64442064e-03,5.99886812e-02,5.70570571e-01,1.99948552e-02,3.31688696e-01,1.16110364e-02,1.65208362e-01
5.80580581e-01,3.99891738e-03,5.16491017e-02,2.36223996e-03,2.96213915e-02,5.80580581e-01,7.99782869e-03,1.09770414e-01,4.72447898e-03,6.10863526e-02,5.80580581e-01,1.99944654e-02,3.33589775e-01,1.18111812e-02,1.68538118e-01
5.90590591e-01,3.99883662e-03,5.17010234e-02,2.40226835e-03,3.01386606e-02,5.90590591e-01,7.99766686e-03,1.09998230e-01,4.80453571e-03,6.21863008e-02,5.90590591e-01,1.99940555e-02,3.35507260e-01,1.20113219e-02,1.71886986e-01
6.00600601e-01,3.99875176e-03,5.17530235e-02,2.44229590e-03,3.06564498e-02,6.00600601e-01,7.99749682e-03,1.10226757e-01,4.88459073e-03,6.32885331e-02,6.00600601e-01,1.99936249e-02,3.37441341e-01,1.22114583e-02,1.75255131e-01
6.10610611e-01,3.99866271e-03,5.18051021e-02,2.48232255e-03,3.11747600e-02,6.10610611e-01,7.99731841e-03,1.10455996e-01,4.96464397e-03,6.43930565e-02,6.10610611e-01,1.99931732e-02,3.39392211e-01,1.24115901e-02,1.78642721e-01
6.20620621e-01,3.99856940e-03,5.18572593e-02,2.52234827e-03,3.16935919e-02,6.20620621e-01,7.99713144e-03,1.10685952e-01,5.04469533e-03,6.54998782e-02,6.20620621e-01,1.99926999e-02,3.41360064e-01,1.26117173e-02,1.82049925e-01
6.30630631e-01,3.99847173e-03,5.19094954e-02,2.56237301e-03,3.22129462e-02,6.30630631e-01,7.99693577e-03,1.10916627e-01,5.12474474e-03,6.66090054e-02,6.30630631e-01,1.99922047e-02,3.43345098e-01,1.28118394e-02,1.85476913e-01
6.40640641e-01,3.99836964e-03,5.19618104e-02,2.60239673e-03,3.27328239e-02,6.40640641e-01,7.99673123e-03,1.11148024e-01,5.20479210e-03,6.77204453e-02,6.40640641e-01,1.99916872e-02,3.45347513e-01,1.30119564e-02,1.88923858e-01
6.50650651e-01,3.99826305e-03,5.20142045e-02,2.64241938e-03,3.32532256e-02,6.50650651e-01,7.99651769e-03,1.11380146e-01,5.28483732e-03,6.88342051e-02,6.50650651e-01,1.99911470e-02,3.47367515e-01,1.32120680e-02,1.92390936e-01
6.60660661e-01,3.99815190e-03,5.20666780e-02,2.68244093e-03,3.37741522e-02,6.60660661e-01,7.99629502e-03,1.11612996e-01,5.36488032e-03,6.99502921e-02,6.60660661e-01,1.99905837e-02,3.49405308e-01,1.34121739e-02,1.95878324e-01
6.70670671e-01,3.99803613e-03,5.21192309e-02,2.72246131e-03,3.42956044e-02,6.70670671e-01,7.99606308e-03,1.11846578e-01,5.44492099e-03,7.10687136e-02,6.70670671e-01,1.99899972e-02,3.51461103e-01,1.36122740e-02,1.99386200e-01
6.80680681e-01,3.99791568e-03,5.21718635e-02,2.76248048e-03,3.48175831e-02,6.80680681e-01,7.99582179e-03,1.12080893e-01,5.52495924e-03,7.21894770e-02,6.80680681e-01,1.99893871e-02,3.53535113e-01,1.38123680e-02,2.02914746e-01
6.90690691e-01,3.99779050e-03,5.22245758e-02,2.80249841e-03,3.53400891e-02,6.90690691e-01,7.99557103e-03,1.12315946e-01,5.60499499e-03,7.33125895e-02,6.90690691e-01,1.99887532e-02,3.55627553e-01,1.40124556e-02,2.06464145e-01
7.00700701e-01,3.99766055e-03,5.22773681e-02,2.84251503e-03,3.58631231e-02,7.00700701e-01,7.99531073e-03,1.12551740e-01,5.68502813e-03,7.44380587e-02,7.00700701e-01,1.99880952e-02,3.57738643e-01,1.42125366e-02,2.10034584e-01
7.10710711e-01,3.99752580e-03,5.23302404e-02,2.88253030e-03,3.63866860e-02,7.10710711e-01,7.99504081e-03,1.12788277e-01,5.76505857e-03,7.55658919e-02,7.10710711e-01,1.99874130e-02,3.59868605e-01,1.44126108e-02,2.13626249e-01
7.20720721e-01,3.99738622e-03,5.23831930e-02,2.92254418e-03,3.69107785e-02,7.20720721e-01,7.99476122e-03,1.13025561e-01,5.84508621e-03,7.66960966e-02,7.20720721e-01,1.99867065e-02,3.62017666e-01,1.46126780e-02,2.17239331e-01
7.30730731e-01,3.99724179e-03,5.24362261e-02,2.96255661e-03,3.74354014e-02,7.30730731e-01,7.99447191e-03,1.13263594e-01,5.92511095e-03,7.78286803e-02,7.30730731e-01,1.99859754e-02,3.64186053e-01,1.48127378e-02,2.20874023e-01
7.40740741e-01,3.99709249e-03,5.24893397e-02,3.00256754e-03,3.79605557e-02,7.40740741e-01,7.99417286e-03,1.13502381e-01,6.00513270e-03,7.89636504e-02,7.40740741e-01,1.99852199e-02,3.66374000e-01,1.50127900e-02,2.24530518e-01
7.50750751e-01,3.99693832e-03,5.25425341e-02,3.04257694e-03,3.84862420e-02,7.50750751e-01,7.99386405e-03,1.13741924e-01,6.08515136e-03,8.01010147e-02,7.50750751e-01,1.99844398e-02,3.68581743e-01,1.52128345e-02,2.28209013e-01
7.60760761e-01,3.99677928e-03,5.25958093e-02,3.08258474e-03,3.90124612e-02,7.60760761e-01,7.99354550e-03,1.13982226e-01,6.16516683e-03,8.12407806e-02,7.60760761e-01,1.99836351e-02,3.70809522e-01,1.54128709e-02,2.31909709e-01
7.70770771e-01,3.99661538e-03,5.26491657e-02,3.12259090e-03,3.95392141e-02,7.70770771e-01,7.99321721e-03,1.14223291e-01,6.24517902e-03,8.23829557e-02,7.70770771e-01,1.99828060e-02,3.73057580e-01,1.56128990e-02,2.35632807e-01
7.80780781e-01,3.99644664e-03,5.27026033e-02,3.16259537e-03,4.00665015e-02,7.80780781e-01,7.99287923e-03,1.14465121e-01,6.32518782e-03,8.35275478e-02,7.80780781e-01,1.99819524e-02,3.75326163e-01,1.58129185e-02,2.39378511e-01
7.90790791e-01,3.99627308e-03,5.27561222e-02,3.20259810e-03,4.05943242e-02,7.90790791e-01,7.99253161e-03,1.14707721e-01,6.40519314e-03,8.46745644e-02,7.90790791e-01,1.99810745e-02,3.77615524e-01,1.60129293e-02,2.43147028e-01
8.00800801e-01,3.99609475e-03,5.28097227e-02,3.24259905e-03,4.11226831e-02,8.00800801e-01,7.99217443e-03,1.14951092e-01,6.48519489e-03,8.58240133e-02,8.00800801e-01,1.99801726e-02,3.79925915e-01,1.62129310e-02,2.46938566e-01
8.10810811e-01,3.99591168e-03,5.28634050e-02,3.28259817e-03,4.16515789e-02,8.10810811e-01,7.99180778e-03,1.15195240e-01,6.56519296e-03,8.69759024e-02,8.10810811e-01,1.99792468e-02,3.82257597e-01,1.64129234e-02,2.50753339e-01
8.20820821e-01,3.99572394e-03,5.29171690e-02,3.32259540e-03,4.21810125e-02,8.20820821e-01,7.99143176e-03,1.15440166e-01,6.64518727e-03,8.81302392e-02,8.20820821e-01,1.99782974e-02,3.84610830e-01,1.66129064e-02,2.54591560e-01
8.30830831e-01,3.99553159e-03,5.29710152e-02,3.36259071e-03,4.27109846e-02,8.30830831e-01,7.99104651e-03,1.15685874e-01,6.72517773e-03,8.92870317e-02,8.30830831e-01,1.99773247e-02,3.86985883e-01,1.68128796e-02,2.58453447e-01
8.40840841e-01,3.99533469e-03,5.30249435e-02,3.40258405e-03,4.32414962e-02,8.40840841e-01,7.99065217e-03,1.15932368e-01,6.80516424e-03,9.04462876e-02,8.40840841e-01,1.99763292e-02,3.89383025e-01,1.70128429e-02,2.62339218e-01
8.50850851e-01,3.99513335e-03,5.30789541e-02,3.44257538e-03,4.37725480e-02,8.50850851e-01,7.99024892e-03,1.16179651e-01,6.88514671e-03,9.16080150e-02,8.50850851e-01,1.99753112e-02,3.91802532e-01,1.72127959e-02,2.66249098e-01
8.60860861e-01,3.99492765e-03,5.31330473e-02,3.48256464e-03,4.43041409e-02,8.60860861e-01,7.98983694e-03,1.16427725e-01,6.96512506e-03,9.27722216e-02,8.60860861e-01,1.99742711e-02,3.94244683e-01,1.74127386e-02,2.70183310e-01
8.70870871e-01,3.99471769e-03,5.31872231e-02,3.52255181e-03,4.48362757e-02,8.70870871e-01,7.98941644e-03,1.16676595e-01,7.04509920e-03,9.39389154e-02,8.70870871e-01,1.99732097e-02,3.96709760e-01,1.76126706e-02,2.74142083e-01
8.80880881e-01,3.99450360e-03,5.32414817e-02,3.56253683e-03,4.53689532e-02,8.80880881e-01,7.98898765e-03,1.16926264e-01,7.12506904e-03,9.51081045e-02,8.80880881e-01,1.99721273e-02,3.99198052e-01,1.78125918e-02,2.78125649e-01
8.90890891e-01,3.99428549e-03,5.32958233e-02,3.60251967e-03,4.59021742e-02,8.90890891e-01,7.98855084e-03,1.17176735e-01,7.20503452e-03,9.62797968e-02,8.90890891e-01,1.99710246e-02,4.01709852e-01,1.80125020e-02,2.82134240e-01
9.00900901e-01,3.99406351e-03,5.33502479e-02,3.64250028e-03,4.64359396e-02,9.00900901e-01,7.98810626e-03,1.17428012e-01,7.28499554e-03,9.74540003e-02,9.00900901e-01,1.99699024e-02,4.04245456e-01,1.82124009e-02,2.86168093e-01
9.10910911e-01,3.99383780e-03,5.34047558e-02,3.68247864e-03,4.69702502e-02,9.10910911e-01,7.98765422e-03,1.17680098e-01,7.36495204e-03,9.86307232e-02,9.10910911e-01,1.99687614e-02,4.06805166e-01,1.84122884e-02,2.90227450e-01
9.20920921e-01,3.99360853e-03,5.34593471e-02,3.72245470e-03,4.75051069e-02,9.20920921e-01,7.98719504e-03,1.17932996e-01,7.44490394e-03,9.98099736e-02,9.20920921e-01,1.99676023e-02,4.09389288e-01,1.86121643e-02,2.94312551e-01
9.30930931e-01,3.99337586e-03,5.35140219e-02,3.76242843e-03,4.80405104e-02,9.30930931e-01,7.98672905e-03,1.18186710e-01,7.52485118e-03,1.00991760e-01,9.30930931e-01,1.99664260e-02,4.11998133e-01,1.88120284e-02,2.98423644e-01
9.40940941e-01,3.99313997e-03,5.35687803e-02,3.80239980e-03,4.85764617e-02,9.40940941e-01,7.98625662e-03,1.18441243e-01,7.60479369e-03,1.02176089e-01,9.40940941e-01,1.99652334e-02,4.14632018e-01,1.90118806e-02,3.02560977e-01
9.50950951e-01,3.99290107e-03,5.36236225e-02,3.84236878e-03,4.91129615e-02,9.50950951e-01,7.98577814e-03,1.18696599e-01,7.68473141e-03,1.03362971e-01,9.50950951e-01,1.99640255e-02,4.17291264e-01,1.92117207e-02,3.06724802e-01
9.60960961e-01,3.99265934e-03,5.36785486e-02,3.88233534e-03,4.96500107e-02,9.60960961e-01,7.98529401e-03,1.18952781e-01,7.76466428e-03,1.04552413e-01,9.60960961e-01,1.99628034e-02,4.19976196e-01,1.94115486e-02,3.10915375e-01
9.70970971e-01,3.99241501e-03,5.37335587e-02,3.92229946e-03,5.01876102e-02,9.70970971e-01,7.98480467e-03,1.19209792e-01,7.84459225e-03,1.05744424e-01,9.70970971e-01,1.99615680e-02,4.22687147e-01,1.96113641e-02,3.15132956e-01
9.80980981e-01,3.99216831e-03,5.37886529e-02,3.96226110e-03,5.07257607e-02,9.80980981e-01,7.98431058e-03,1.19467636e-01,7.92451528e-03,1.06939011e-01,9.80980981e-01,1.99603206e-02,4.25424452e-01,1.98111671e-02,3.19377805e-01
9.90990991e-01,3.99191948e-03,5.38438313e-02,4.00222026e-03,5.12644631e-02,9.90990991e-01,7.98381221e-03,1.19726317e-01,8.00443332e-03,1.08136184e-01,9.90990991e-01,1.99590623e-02,4.28188454e-01,2.00109575e-02,3.23650188e-01
1.00100100e+00,3.99166877e-03,5.38935639e-02,4.04217690e-03,5.17497679e-02,1.00100100e+00,7.98331006e-03,1.19959847e-01,8.08434634e-03,1.09215857e-01,1.00100100e+00,1.99577944e-02,4.30699167e-01,2.02107352e-02,3.27519097e-01
1.01101101e+00,3.99141643e-03,5.38935639e-02,4.08213102e-03,5.17497679e-02,1.01101101e+00,7.98280467e-03,1.19959847e-01,8.16425429e-03,1.09215857e-01,1.01101101e+00,1.99565182e-02,4.30699167e-01,2.04105001e-02,3.27519097e-01
1.02102102e+00,3.99116276e-03,5.38935639e-02,4.12208260e-03,5.17497679e-02,1.02102102e+00,7.98229658e-03,1.19959847e-01,8.24415716e-03,1.09215857e-01,1.02102102e+00,1.99552351e-02,4.30699167e-01,2.06102523e-02,3.27519097e-01
1.03103103e+00,3.99090802e-03,5.38935639e-02,4.16203163e-03,5.17497679e-02,1.03103103e+00,7.98178637e-03,1.19959847e-01,8.32405492e-03,1.09215857e-01,1.03103103e+00,1.99539465e-02,4.30699167e-01,2.08099915e-02,3.27519097e-01
1.04104104e+00,3.99065253e-03,5.38935639e-02,4.20197810e-03,5.17497679e-02,1.04104104e+00,7.98127463e-03,1.19959847e-01,8.40394756e-03,1.09215857e-01,1.04104104e+00,1.99526540e-02,4.30699167e-01,2.10097177e-02,3.27519097e-01
1.05105105e+00,3.99039660e-03,5.38935639e-02,4.24192201e-03,5.17497679e-02,1.05105105e+00,7.98076199e-03,1.19959847e-01,8.48383507e-03,1.09215857e-01,1.05105105e+00,1.99513590e-02,4.30699167e-01,2.12094310e-02,3.27519097e-01
1.06106106e+00,3.99014054e-03,5.38935639e-02,4.28186336e-03,5.17497679e-02,1.06106106e+00,7.98024909e-03,1.19959847e-01,8.56371744e-03,1.09215857e-01,1.06106106e+00,1.99500632e-02,4.30699167e-01,2.14091314e-02,3.27519097e-01
1.07107107e+00,3.98988468e-03,5.38935639e-02,4.32180214e-03,5.17497679e-02,1.07107107e+00,7.97973661e-03,1.19959847e-01,8.64359468e-03,1.09215857e-01,1.07107107e+00,1.99487682e-02,4.30699167e-01,2.16088187e-02,3.27519097e-01
1.08108108e+00,3.98962939e-03,5.38935639e-02,4.36173837e-03,5.17497679e-02,1.08108108e+00,7.97922522e-03,1.19959847e-01,8.72346681e-03,1.09215857e-01,1.08108108e+00,1.99474759e-02,4.30699167e-01,2.18084932e-02,3.27519097e-01
1.09109109e+00,3.98937501e-03,5.38935639e-02,4.40167206e-03,5.17497679e-02,1.09109109e+00,7.97871566e-03,1.19959847e-01,8.80333383e-03,1.09215857e-01,1.09109109e+00,1.99461879e-02,4.30699167e-01,2.20081547e-02,3.27519097e-01
1.10110110e+00,3.98912191e-03,5.38935639e-02,4.44160321e-03,5.17497679e-02,1.10110110e+00,7.97820866e-03,1.19959847e-01,8.88319578e-03,1.09215857e-01,1.10110110e+00,1.99449062e-02,4.30699167e-01,2.22078034e-02,3.27519097e-01
1.11111111e+00,3.98887048e-03,5.38935639e-02,4.48153184e-03,5.17497679e-02,1.11111111e+00,7.97770497e-03,1.19959847e-01,8.96305269e-03,1.09215857e-01,1.11111111e+00,1.99436326e-02,4.30699167e-01,2.24074394e-02,3.27519097e-01
1.12112112e+00,3.98862111e-03,5.38935639e-02,4.52145798e-03,5.17497679e-02,1.12112112e+00,7.97720540e-03,1.19959847e-01,9.04290459e-03,1.09215857e-01,1.12112112e+00,1.99423692e-02,4.30699167e-01,2.26070627e-02,3.27519097e-01
1.13113113e+00,3.98837421e-03,5.38935639e-02,4.56138164e-03,5.17497679e-02,1.13113113e+00,7.97671075e-03,1.19959847e-01,9.12275155e-03,1.09215857e-01,1.13113113e+00,1.99411178e-02,4.30699167e-01,2.28066735e-02,3.27519097e-01
1.14114114e+00,3.98813018e-03,5.38935639e-02,4.60130287e-03,5.17497679e-02,1.14114114e+00,7.97622184e-03,1.19959847e-01,9.20259361e-03,1.09215857e-01,1.14114114e+00,1.99398807e-02,4.30699167e-01,2.30062719e-02,3.27519097e-01
1.15115115e+00,3.98788945e-03,5.38935639e-02,4.64122168e-03,5.17497679e-02,1.15115115e+00,7.97573954e-03,1.19959847e-01,9.28243084e-03,1.09215857e-01,1.15115115e+00,1.99386599e-02,4.30699167e-01,2.32058581e-02,3.27519097e-01
1.16116116e+00,3.98765248e-03,5.38935639e-02,4.68113812e-03,5.17497679e-02,1.16116116e+00,7.97526471e-03,1.19959847e-01,9.36226332e-03,1.09215857e-01,1.16116116e+00,1.99374577e-02,4.30699167e-01,2.34054322e-02,3.27519097e-01
1.17117117e+00,3.98741969e-03,5.38935639e-02,4.72105223e-03,5.17497679e-02,1.17117117e+00,7.97479827e-03,1.19959847e-01,9.44209113e-03,1.09215857e-01,1.17117117e+00,1.99362762e-02,4.30699167e-01,2.36049945e-02,3.27519097e-01
1.18118118e+00,3.98719157e-03,5.38935639e-02,4.76096406e-03,5.17497679e-02,1.18118118e+00,7.97434113e-03,1.19959847e-01,9.52191436e-03,1.09215857e-01,1.18118118e+00,1.99351179e-02,4.30699167e-01,2.38045453e-02,3.27519097e-01
1.19119119e+00,3.98696856e-03,5.38935639e-02,4.80087365e-03,5.17497679e-02,1.19119119e+00,7.97389423e-03,1.19959847e-01,9.60173313e-03,1.09215857e-01,1.19119119e+00,1.99339850e-02,4.30699167e-01,2.40040847e-02,3.27519097e-01
1.20120120e+00,3.98675117e-03,5.38935639e-02,4.84078107e-03,5.17497679e-02,1.20120120e+00,7.97345854e-03,1.19959847e-01,9.68154753e-03,1.09215857e-01,1.20120120e+00,1.99328800e-02,4.30699167e-01,2.42036130e-02,3.27519097e-01
1.21121121e+00,3.98653988e-03,5.38935639e-02,4.88068638e-03,5.17497679e-02,1.21121121e+00,7.97303504e-03,1.19959847e-01,9.76135769e-03,1.09215857e-01,1.21121121e+00,1.99318053e-02,4.30699167e-01,2.44031306e-02,3.27519097e-01
1.22122122e+00,3.98633519e-03,5.38935639e-02,4.92058963e-03,5.17497679e-02,1.22122122e+00,7.97262474e-03,1.19959847e-01,9.84116374e-03,1.09215857e-01,1.22122122e+00,1.99307634e-02,4.30699167e-01,2.46026377e-02,3.27519097e-01
1.23123123e+00,3.98613761e-03,5.38935639e-02,4.96049091e-03,5.17497679e-02,1.23123123e+00,7.97222867e-03,1.19959847e-01,9.92096583e-03,1.09215857e-01,1.23123123e+00,1.99297570e-02,4.30699167e-01,2.48021348e-02,3.27519097e-01
1.24124124e+00,3.98594768e-03,5.38935639e-02,5.00039029e-03,5.17497679e-02,1.24124124e+00,7.97184787e-03,1.19959847e-01,1.00007641e-02,1.09215857e-01,1.24124124e+00,1.99287886e-02,4.30699167e-01,2.50016221e-02,3.27519097e-01
1.25125125e+00,3.98576592e-03,5.38935639e-02,5.04028784e-03,5.17497679e-02,1.25125125e+00,7.97148340e-03,1.19959847e-01,1.00805587e-02,1.09215857e-01,1.25125125e+00,1.99278609e-02,4.30699167e-01,2.52011002e-02,3.27519097e-01
1.26126126e+00,3.98559288e-03,5.38935639e-02,5.08018367e-03,5.17497679e-02,1.26126126e+00,7.97113637e-03,1.19959847e-01,1.01603499e-02,1.09215857e-01,1.26126126e+00,1.99269766e-02,4.30699167e-01,2.54005695e-02,3.27519097e-01
1.27127127e+00,3.98542911e-03,5.38935639e-02,5.12007785e-03,5.17497679e-02,1.27127127e+00,7.97080786e-03,1.19959847e-01,1.02401378e-02,1.09215857e-01,1.27127127e+00,1.99261385e-02,4.30699167e-01,2.56000303e-02,3.27519097e-01
1.28128128e+00,3.98527516e-03,5.38935639e-02,5.15997050e-03,5.17497679e-02,1.28128128e+00,7.97049900e-03,1.19959847e-01,1.03199225e-02,1.09215857e-01,1.28128128e+00,1.99253494e-02,4.30699167e-01,2.57994833e-02,3.27519097e-01
1.29129129e+00,3.98513162e-03,5.38935639e-02,5.19986170e-03,5.17497679e-02,1.29129129e+00,7.97021094e-03,1.19959847e-01,1.03997044e-02,1.09215857e-01,1.29129129e+00,1.99246122e-02,4.30699167e-01,2.59989288e-02,3.27519097e-01
1.30130130e+00,3.98499906e-03,5.38935639e-02,5.23975158e-03,5.17497679e-02,1.30130130e+00,7.96994483e-03,1.19959847e-01,1.04794836e-02,1.09215857e-01,1.30130130e+00,1.99239296e-02,4.30699167e-01,2.61983676e-02,3.27519097e-01
1.31131131e+00,3.98487807e-03,5.38935639e-02,5.27964025e-03,5.17497679e-02,1.31131131e+00,7.96970185e-03,1.19959847e-01,1.05592604e-02,1.09215857e-01,1.31131131e+00,1.99233048e-02,4.30699167e-01,2.63978000e-02,3.27519097e-01
1.32132132e+00,3.98476924e-03,5.38935639e-02,5.31952783e-03,5.17497679e-02,1.32132132e+00,7.96948320e-03,1.19959847e-01,1.06390351e-02,1.09215857e-01,1.32132132e+00,1.99227407e-02,4.30699167e-01,2.65972269e-02,3.27519097e-01
1.33133133e+00,3.98467319e-03,5.38935639e-02,5.35941445e-03,5.17497679e-02,1.33133133e+00,7.96929008e-03,1.19959847e-01,1.07188077e-02,1.09215857e-01,1.33133133e+00,1.99222402e-02,4.30699167e-01,2.67966487e-02,3.27519097e-01
1.34134134e+00,3.98459052e-03,5.38935639e-02,5.39930024e-03,5.17497679e-02,1.34134134e+00,7.96912373e-03,1.19959847e-01,1.07985787e-02,1.09215857e-01,1.34134134e+00,1.99218065e-02,4.30699167e-01,2.69960662e-02,3.27519097e-01
1.35135135e+00,3.98452186e-03,5.38935639e-02,5.43918535e-03,5.17497679e-02,1.35135135e+00,7.96898538e-03,1.19959847e-01,1.08783484e-02,1.09215857e-01,1.35135135e+00,1.99214427e-02,4.30699167e-01,2.71954800e-02,3.27519097e-01
1.36136136e+00,3.98446783e-03,5.38935639e-02,5.47906991e-03,5.17497679e-02,1.36136136e+00,7.96887630e-03,1.19959847e-01,1.09581169e-02,1.09215857e-01,1.36136136e+00,1.99211520e-02,4.30699167e-01,2.73948910e-02,3.27519097e-01
1.37137137e+00,3.98442908e-03,5.38935639e-02,5.51895409e-03,5.17497679e-02,1.37137137e+00,7.96879775e-03,1.19959847e-01,1.10378846e-02,1.09215857e-01,1.37137137e+00,1.99209374e-02,4.30699167e-01,2.75942997e-02,3.27519097e-01
1.38138138e+00,3.98440624e-03,5.38935639e-02,5.55883803e-03,5.17497679e-02,1.38138138e+00,7.96875102e-03,1.19959847e-01,1.11176519e-02,1.09215857e-01,1.38138138e+00,1.99208023e-02,4.30699167e-01,2.77937072e-02,3.27519097e-01
1.39139139e+00,3.98439996e-03,5.38935639e-02,5.59872191e-03,5.17497679e-02,1.39139139e+00,7.96873741e-03,1.19959847e-01,1.11974191e-02,1.09215857e-01,1.39139139e+00,1.99207498e-02,4.30699167e-01,2.79931141e-02,3.27519097e-01
1.40140140e+00,3.98441091e-03,5.38935639e-02,5.63860591e-03,5.17497679e-02,1.40140140e+00,7.96875825e-03,1.19959847e-01,1.12771864e-02,1.09215857e-01,1.40140140e+00,1.99207834e-02,4.30699167e-01,2.81925213e-02,3.27519097e-01
1.41141141e+00,3.98443974e-03,5.38935639e-02,5.67849019e-03,5.17497679e-02,1.41141141e+00,7.96881484e-03,1.19959847e-01,1.13569543e-02,1.09215857e-01,1.41141141e+00,1.99209061e-02,4.30699167e-01,2.83919298e-02,3.27519097e-01
1.42142142e+00,3.98448712e-03,5.38935639e-02,5.71837495e-03,5.17497679e-02,1.42142142e+00,7.96890853e-03,1.19959847e-01,1.14367232e-02,1.09215857e-01,1.42142142e+00,1.99211216e-02,4.30699167e-01,2.85913404e-02,3.27519097e-01
1.43143143e+00,3.98455374e-03,5.38935639e-02,5.75826037e-03,5.17497679e-02,1.43143143e+00,7.96904068e-03,1.19959847e-01,1.15164933e-02,1.09215857e-01,1.43143143e+00,1.99214330e-02,4.30699167e-01,2.87907542e-02,3.27519097e-01
1.44144144e+00,3.98464026e-03,5.38935639e-02,5.79814666e-03,5.17497679e-02,1.44144144e+00,7.96921264e-03,1.19959847e-01,1.15962652e-02,1.09215857e-01,1.44144144e+00,1.99218439e-02,4.30699167e-01,2.89901720e-02,3.27519097e-01
1.45145145e+00,3.98474738e-03,5.38935639e-02,5.83803402e-03,5.17497679e-02,1.45145145e+00,7.96942579e-03,1.19959847e-01,1.16760393e-02,1.09215857e-01,1.45145145e+00,1.99223576e-02,4.30699167e-01,2.91895950e-02,3.27519097e-01
1.46146146e+00,3.98487580e-03,5.38935639e-02,5.87792267e-03,5.17497679e-02,1.46146146e+00,7.96968151e-03,1.19959847e-01,1.17558159e-02,1.09215857e-01,1.46146146e+00,1.99229776e-02,4.30699167e-01,2.93890242e-02,3.27519097e-01
1.47147147e+00,3.98502619e-03,5.38935639e-02,5.91781282e-03,5.17497679e-02,1.47147147e+00,7.96998120e-03,1.19959847e-01,1.18355955e-02,1.09215857e-01,1.47147147e+00,1.99237074e-02,4.30699167e-01,2.95884607e-02,3.27519097e-01
1.48148148e+00,3.98519927e-03,5.38935639e-02,5.95770470e-03,5.17497679e-02,1.48148148e+00,7.97032625e-03,1.19959847e-01,1.19153785e-02,1.09215857e-01,1.48148148e+00,1.99245505e-02,4.30699167e-01,2.97879057e-02,3.27519097e-01
1.49149149e+00,3.98539575e-03,5.38935639e-02,5.99759855e-03,5.17497679e-02,1.49149149e+00,7.97071807e-03,1.19959847e-01,1.19951655e-02,1.09215857e-01,1.49149149e+00,1.99255105e-02,4.30699167e-01,2.99873602e-02,3.27519097e-01
1.50150150e+00,3.98561633e-03,5.38935639e-02,6.03749461e-03,5.17497679e-02,1.50150150e+00,7.97115810e-03,1.19959847e-01,1.20749568e-02,1.09215857e-01,1.50150150e+00,1.99265908e-02,4.30699167e-01,3.01868256e-02,3.27519097e-01
1.51151151e+00,3.98586172e-03,5.38935639e-02,6.07739313e-03,5.17497679e-02,1.51151151e+00,7.97164775e-03,1.19959847e-01,1.21547531e-02,1.09215857e-01,1.51151151e+00,1.99277951e-02,4.30699167e-01,3.03863030e-02,3.27519097e-01
1.52152152e+00,3.98613264e-03,5.38935639e-02,6.11729436e-03,5.17497679e-02,1.52152152e+00,7.97218846e-03,1.19959847e-01,1.22345548e-02,1.09215857e-01,1.52152152e+00,1.99291269e-02,4.30699167e-01,3.05857938e-02,3.27519097e-01
1.53153153e+00,3.98642982e-03,5.38935639e-02,6.15719856e-03,5.17497679e-02,1.53153153e+00,7.97278167e-03,1.19959847e-01,1.23143624e-02,1.09215857e-01,1.53153153e+00,1.99305899e-02,4.30699167e-01,3.07852992e-02,3.27519097e-01
1.54154154e+00,3.98675398e-03,5.38935639e-02,6.19710601e-03,5.17497679e-02,1.54154154e+00,7.97342884e-03,1.19959847e-01,1.23941765e-02,1.09215857e-01,1.54154154e+00,1.99321876e-02,4.30699167e-01,3.09848206e-02,3.27519097e-01
1.55155155e+00,3.98710584e-03,5.38935639e-02,6.23701698e-03,5.17497679e-02,1.55155155e+00,7.97413140e-03,1.19959847e-01,1.24739977e-02,1.09215857e-01,1.55155155e+00,1.99339238e-02,4.30699167e-01,3.11843594e-02,3.27519097e-01
1.56156156e+00,3.98748614e-03,5.38935639e-02,6.27693175e-03,5.17497679e-02,1.56156156e+00,7.97489083e-03,1.19959847e-01,1.25538264e-02,1.09215857e-01,1.56156156e+00,1.99358020e-02,4.30699167e-01,3.13839170e-02,3.27519097e-01
1.57157157e+00,3.98789561e-03,5.38935639e-02,6.31685063e-03,5.17497679e-02,1.57157157e+00,7.97570859e-03,1.19959847e-01,1.26336633e-02,1.09215857e-01,1.57157157e+00,1.99378259e-02,4.30699167e-01,3.15834948e-02,3.27519097e-01
1.58158158e+00,3.98833497e-03,5.38935639e-02,6.35677390e-03,5.17497679e-02,1.58158158e+00,7.97658615e-03,1.19959847e-01,1.27135090e-02,1.09215857e-01,1.58158158e+00,1.99399992e-02,4.30699167e-01,3.17830944e-02,3.27519097e-01
1.59159159e+00,3.98880498e-03,5.38935639e-02,6.39670188e-03,5.17497679e-02,1.59159159e+00,7.97752497e-03,1.19959847e-01,1.27933641e-02,1.09215857e-01,1.59159159e+00,1.99423256e-02,4.30699167e-01,3.19827173e-02,3.27519097e-01
1.60160160e+00,3.98930635e-03,5.38935639e-02,6.43663487e-03,5.17497679e-02,1.60160160e+00,7.97852655e-03,1.19959847e-01,1.28732293e-02,1.09215857e-01,1.60160160e+00,1.99448087e-02,4.30699167e-01,3.21823650e-02,3.27519097e-01
1.61161161e+00,3.98983985e-03,5.38935639e-02,6.47657321e-03,5.17497679e-02,1.61161161e+00,7.97959234e-03,1.19959847e-01,1.29531051e-02,1.09215857e-01,1.61161161e+00,1.99474524e-02,4.30699167e-01,3.23820392e-02,3.27519097e-01
1.62162162e+00,3.99040620e-03,5.38935639e-02,6.51651722e-03,5.17497679e-02,1.62162162e+00,7.98072385e-03,1.19959847e-01,1.30329922e-02,1.09215857e-01,1.62162162e+00,1.99502602e-02,4.30699167e-01,3.25817415e-02,3.27519097e-01
1.63163163e+00,3.99100615e-03,5.38935639e-02,6.55646723e-03,5.17497679e-02,1.63163163e+00,7.98192255e-03,1.19959847e-01,1.31128913e-02,1.09215857e-01,1.63163163e+00,1.99532359e-02,4.30699167e-01,3.27814736e-02,3.27519097e-01
1.64164164e+00,3.99164044e-03,5.38935639e-02,6.59642359e-03,5.17497679e-02,1.64164164e+00,7.98318992e-03,1.19959847e-01,1.31928031e-02,1.09215857e-01,1.64164164e+00,1.99563832e-02,4.30699167e-01,3.29812372e-02,3.27519097e-01
1.65165165e+00,3.99230982e-03,5.38935639e-02,6.63638665e-03,5.17497679e-02,1.65165165e+00,7.98452746e-03,1.19959847e-01,1.32727283e-02,1.09215857e-01,1.65165165e+00,1.99597058e-02,4.30699167e-01,3.31810340e-02,3.27519097e-01
1.66166166e+00,3.99301503e-03,5.38935639e-02,6.67635677e-03,5.17497679e-02,1.66166166e+00,7.98593666e-03,1.19959847e-01,1.33526676e-02,1.09215857e-01,1.66166166e+00,1.99632075e-02,4.30699167e-01,3.33808659e-02,3.27519097e-01
1.67167167e+00,3.99375681e-03,5.38935639e-02,6.71633432e-03,5.17497679e-02,1.67167167e+00,7.98741899e-03,1.19959847e-01,1.34326218e-02,1.09215857e-01,1.67167167e+00,1.99668919e-02,4.30699167e-01,3.35807347e-02,3.27519097e-01
1.68168168e+00,3.99453590e-03,5.38935639e-02,6.75631966e-03,5.17497679e-02,1.68168168e+00,7.98897596e-03,1.19959847e-01,1.35125915e-02,1.09215857e-01,1.68168168e+00,1.99707628e-02,4.30699167e-01,3.37806423e-02,3.27519097e-01
1.69169169e+00,3.99535306e-03,5.38935639e-02,6.79631318e-03,5.17497679e-02,1.69169169e+00,7.99060905e-03,1.19959847e-01,1.35925776e-02,1.09215857e-01,1.69169169e+00,1.99748240e-02,4.30699167e-01,3.39805905e-02,3.27519097e-01
1.70170170e+00,3.99620903e-03,5.38935639e-02,6.83631528e-03,5.17497679e-02,1.70170170e+00,7.99231974e-03,1.19959847e-01,1.36725808e-02,1.09215857e-01,1.70170170e+00,1.99790790e-02,4.30699167e-01,3.41805812e-02,3.27519097e-01
1.71171171e+00,3.99710455e-03,5.38935639e-02,6.87632633e-03,5.17497679e-02,1.71171171e+00,7.99410953e-03,1.19959847e-01,1.37526019e-02,1.09215857e-01,1.71171171e+00,1.99835318e-02,4.30699167e-01,3.43806166e-02,3.27519097e-01
1.72172172e+00,3.99804035e-03,5.38935639e-02,6.91634676e-03,5.17497679e-02,1.72172172e+00,7.99597990e-03,1.19959847e-01,1.38326417e-02,1.09215857e-01,1.72172172e+00,1.99881859e-02,4.30699167e-01,3.45806985e-02,3.27519097e-01
1.73173173e+00,3.99901719e-03,5.38935639e-02,6.95637696e-03,5.17497679e-02,1.73173173e+00,7.99793233e-03,1.19959847e-01,1.39127011e-02,1.09215857e-01,1.73173173e+00,1.99930450e-02,4.30699167e-01,3.47808291e-02,3.27519097e-01
1.74174174e+00,4.00003581e-03,5.38935639e-02,6.99641736e-03,5.17497679e-02,1.74174174e+00,7.99996830e-03,1.19959847e-01,1.39927809e-02,1.09215857e-01,1.74174174e+00,1.99981130e-02,4.30699167e-01,3.49810104e-02,3.27519097e-01
1.75175175e+00,4.00109693e-03,5.38935639e-02,7.03646838e-03,5.17497679e-02,1.75175175e+00,8.00208929e-03,1.19959847e-01,1.40728819e-02,1.09215857e-01,1.75175175e+00,2.00033934e-02,4.30699167e-01,3.51812446e-02,3.27519097e-01
1.76176176e+00,4.00220131e-03,5.38935639e-02,7.07653045e-03,5.17497679e-02,1.76176176e+00,8.00429678e-03,1.19959847e-01,1.41530050e-02,1.09215857e-01,1.76176176e+00,2.00088900e-02,4.30699167e-01,3.53815338e-02,3.27519097e-01
1.77177177e+00,4.00334967e-03,5.38935639e-02,7.11660402e-03,5.17497679e-02,1.77177177e+00,8.00659224e-03,1.19959847e-01,1.42331510e-02,1.09215857e-01,1.77177177e+00,2.00146064e-02,4.30699167e-01,3.55818802e-02,3.27519097e-01
1.78178178e+00,4.00454276e-03,5.38935639e-02,7.15668954e-03,5.17497679e-02,1.78178178e+00,8.00897713e-03,1.19959847e-01,1.43133210e-02,1.09215857e-01,1.78178178e+00,2.00205464e-02,4.30699167e-01,3.57822861e-02,3.27519097e-01
1.79179179e+00,4.00578129e-03,5.38935639e-02,7.19678745e-03,5.17497679e-02,1.79179179e+00,8.01145293e-03,1.19959847e-01,1.43935157e-02,1.09215857e-01,1.79179179e+00,2.00267135e-02,4.30699167e-01,3.59827537e-02,3.27519097e-01
1.80180180e+00,4.00706602e-03,5.38935639e-02,7.23689822e-03,5.17497679e-02,1.80180180e+00,8.01402109e-03,1.19959847e-01,1.44737361e-02,1.09215857e-01,1.80180180e+00,2.00331115e-02,4.30699167e-01,3.61832853e-02,3.27519097e-01
1.81181181e+00,4.00839765e-03,5.38935639e-02,7.27702232e-03,5.17497679e-02,1.81181181e+00,8.01668307e-03,1.19959847e-01,1.45539832e-02,1.09215857e-01,1.81181181e+00,2.00397440e-02,4.30699167e-01,3.63838833e-02,3.27519097e-01
1.82182182e+00,4.00977692e-03,5.38935639e-02,7.31716023e-03,5.17497679e-02,1.82182182e+00,8.01944032e-03,1.19959847e-01,1.46342579e-02,1.09215857e-01,1.82182182e+00,2.00466146e-02,4.30699167e-01,3.65845502e-02,3.27519097e-01
1.83183183e+00,4.01120455e-03,5.38935639e-02,7.35731242e-03,5.17497679e-02,1.83183183e+00,8.02229429e-03,1.19959847e-01,1.47145611e-02,1.09215857e-01,1.83183183e+00,2.00537269e-02,4.30699167e-01,3.67852882e-02,3.27519097e-01
1.84184184e+00,4.01268126e-03,5.38935639e-02,7.39747940e-03,5.17497679e-02,1.84184184e+00,8.02524642e-03,1.19959847e-01,1.47948939e-02,1.09215857e-01,1.84184184e+00,2.00610845e-02,4.30699167e-01,3.69860998e-02,3.27519097e-01
1.85185185e+00,4.01420777e-03,5.38935639e-02,7.43766166e-03,5.17497679e-02,1.85185185e+00,8.02829815e-03,1.19959847e-01,1.48752573e-02,1.09215857e-01,1.85185185e+00,2.00686911e-02,4.30699167e-01,3.71869876e-02,3.27519097e-01
1.86186186e+00,4.01578480e-03,5.38935639e-02,7.47785971e-03,5.17497679e-02,1.86186186e+00,8.03145089e-03,1.19959847e-01,1.49556522e-02,1.09215857e-01,1.86186186e+00,2.00765502e-02,4.30699167e-01,3.73879541e-02,3.27519097e-01
1.87187187e+00,4.01741305e-03,5.38935639e-02,7.51807405e-03,5.17497679e-02,1.87187187e+00,8.03470609e-03,1.19959847e-01,1.50360797e-02,1.09215857e-01,1.87187187e+00,2.00846653e-02,4.30699167e-01,3.75890018e-02,3.27519097e-01
1.88188188e+00,4.01909324e-03,5.38935639e-02,7.55830522e-03,5.17497679e-02,1.88188188e+00,8.03806516e-03,1.19959847e-01,1.51165408e-02,1.09215857e-01,1.88188188e+00,2.00930400e-02,4.30699167e-01,3.77901333e-02,3.27519097e-01
1.89189189e+00,4.02082607e-03,5.38935639e-02,7.59855373e-03,5.17497679e-02,1.89189189e+00,8.04152951e-03,1.19959847e-01,1.51970366e-02,1.09215857e-01,1.89189189e+00,2.01016779e-02,4.30699167e-01,3.79913513e-02,3.27519097e-01
1.90190190e+00,4.02261225e-03,5.38935639e-02,7.63882012e-03,5.17497679e-02,1.90190190e+00,8.04510054e-03,1.19959847e-01,1.52775681e-02,1.09215857e-01,1.90190190e+00,2.01105824e-02,4.30699167e-01,3.81926585e-02,3.27519097e-01
1.91191191e+00,4.02445246e-03,5.38935639e-02,7.67910493e-03,5.17497679e-02,1.91191191e+00,8.04877965e-03,1.19959847e-01,1.53581365e-02,1.09215857e-01,1.91191191e+00,2.01197571e-02,4.30699167e-01,3.83940574e-02,3.27519097e-01
1.92192192e+00,4.02634742e-03,5.38935639e-02,7.71940870e-03,5.17497679e-02,1.92192192e+00,8.05256824e-03,1.19959847e-01,1.54387428e-02,1.09215857e-01,1.92192192e+00,2.01292055e-02,4.30699167e-01,3.85955510e-02,3.27519097e-01
1.93193193e+00,4.02829781e-03,5.38935639e-02,7.75973200e-03,5.17497679e-02,1.93193193e+00,8.05646769e-03,1.19959847e-01,1.55193881e-02,1.09215857e-01,1.93193193e+00,2.01389309e-02,4.30699167e-01,3.87971419e-02,3.27519097e-01
1.94194194e+00,4.03030432e-03,5.38935639e-02,7.80007539e-03,5.17497679e-02,1.94194194e+00,8.06047938e-03,1.19959847e-01,1.56000736e-02,1.09215857e-01,1.94194194e+00,2.01489369e-02,4.30699167e-01,3.89988329e-02,3.27519097e-01
1.95195195e+00,4.03236763e-03,5.38935639e-02,7.84043943e-03,5.17497679e-02,1.95195195e+00,8.06460467e-03,1.19959847e-01,1.56808003e-02,1.09215857e-01,1.95195195e+00,2.01592268e-02,4.30699167e-01,3.92006270e-02,3.27519097e-01
1.96196196e+00,4.03448843e-03,5.38935639e-02,7.88082470e-03,5.17497679e-02,1.96196196e+00,8.06884494e-03,1.19959847e-01,1.57615696e-02,1.09215857e-01,1.96196196e+00,2.01698041e-02,4.30699167e-01,3.94025269e-02,3.27519097e-01
1.97197197e+00,4.03666739e-03,5.38935639e-02,7.92123178e-03,5.17497679e-02,1.97197197e+00,8.07320152e-03,1.19959847e-01,1.58423824e-02,1.09215857e-01,1.97197197e+00,2.01806722e-02,4.30699167e-01,3.96045357e-02,3.27519097e-01
1.98198198e+00,4.03890519e-03,5.38935639e-02,7.96166126e-03,5.17497679e-02,1.98198198e+00,8.07767578e-03,1.19959847e-01,1.59232400e-02,1.09215857e-01,1.98198198e+00,2.01918344e-02,4.30699167e-01,3.98066561e-02,3.27519097e-01
1.99199199e+00,4.04120249e-03,5.38935639e-02,8.00211374e-03,5.17497679e-02,1.99199199e+00,8.08226905e-03,1.19959847e-01,1.60041436e-02,1.09215857e-01,1.99199199e+00,2.02032940e-02,4.30699167e-01,4.00088913e-02,3.27519097e-01
2.00200200e+00,4.04355997e-03,5.38935639e-02,8.04258982e-03,5.17497679e-02,2.00200200e+00,8.08698266e-03,1.19959847e-01,1.60850944e-02,1.09215857e-01,2.00200200e+00,2.02150545e-02,4.30699167e-01,4.02112442e-02,3.27519097e-01
2.01201201e+00,4.04597828e-03,5.38935639e-02,8.08309010e-03,5.17497679e-02,2.01201201e+00,8.09181794e-03,1.19959847e-01,1.61660936e-02,1.09215857e-01,2.01201201e+00,2.02271192e-02,4.30699167e-01,4.04137179e-02,3.27519097e-01
2.02202202e+00,4.04845809e-03,5.38935639e-02,8.12361521e-03,5.17497679e-02,2.02202202e+00,8.09677620e-03,1.19959847e-01,1.62471424e-02,1.09215857e-01,2.02202202e+00,2.02394912e-02,4.30699167e-01,4.06163154e-02,3.27519097e-01
2.03203203e+00,4.05100004e-03,5.38935639e-02,8.16416576e-03,5.17497679e-02,2.03203203e+00,8.10185874e-03,1.19959847e-01,1.63282421e-02,1.09215857e-01,2.03203203e+00,2.02521739e-02,4.30699167e-01,4.08190398e-02,3.27519097e-01
2.04204204e+00,4.05360478e-03,5.38935639e-02,8.20474238e-03,5.17497679e-02,2.04204204e+00,8.10706688e-03,1.19959847e-01,1.64093939e-02,1.09215857e-01,2.04204204e+00,2.02651705e-02,4.30699167e-01,4.10218944e-02,3.27519097e-01
2.05205205e+00,4.05627296e-03,5.38935639e-02,8.24534571e-03,5.17497679e-02,2.05205205e+00,8.11240189e-03,1.19959847e-01,1.64905991e-02,1.09215857e-01,2.05205205e+00,2.02784843e-02,4.30699167e-01,4.12248822e-02,3.27519097e-01
2.06206206e+00,4.05900523e-03,5.38935639e-02,8.28597640e-03,5.17497679e-02,2.06206206e+00,8.11786506e-03,1.19959847e-01,1.65718590e-02,1.09215857e-01,2.06206206e+00,2.02921185e-02,4.30699167e-01,4.14280065e-02,3.27519097e-01
2.07207207e+00,4.06180221e-03,5.38935639e-02,8.32663508e-03,5.17497679e-02,2.07207207e+00,8.12345766e-03,1.19959847e-01,1.66531749e-02,1.09215857e-01,2.07207207e+00,2.03060762e-02,4.30699167e-01,4.16312706e-02,3.27519097e-01
2.08208208e+00,4.06466454e-03,5.38935639e-02,8.36732241e-03,5.17497679e-02,2.08208208e+00,8.12918096e-03,1.19959847e-01,1.67345481e-02,1.09215857e-01,2.08208208e+00,2.03203607e-02,4.30699167e-01,4.18346776e-02,3.27519097e-01
2.09209209e+00,4.06759285e-03,5.38935639e-02,8.40803906e-03,5.17497679e-02,2.09209209e+00,8.13503622e-03,1.19959847e-01,1.68159799e-02,1.09215857e-01,2.09209209e+00,2.03349750e-02,4.30699167e-01,4.20382309e-02,3.27519097e-01
2.10210210e+00,4.07058777e-03,5.38935639e-02,8.44878568e-03,5.17497679e-02,2.10210210e+00,8.14102469e-03,1.19959847e-01,1.68974716e-02,1.09215857e-01,2.10210210e+00,2.03499222e-02,4.30699167e-01,4.22419338e-02,3.27519097e-01
2.11211211e+00,4.07364991e-03,5.38935639e-02,8.48956296e-03,5.17497679e-02,2.11211211e+00,8.14714761e-03,1.19959847e-01,1.69790246e-02,1.09215857e-01,2.11211211e+00,2.03652056e-02,4.30699167e-01,4.24457897e-02,3.27519097e-01
2.12212212e+00,4.07677989e-03,5.38935639e-02,8.53037156e-03,5.17497679e-02,2.12212212e+00,8.15340620e-03,1.19959847e-01,1.70606403e-02,1.09215857e-01,2.12212212e+00,2.03808282e-02,4.30699167e-01,4.26498020e-02,3.27519097e-01
2.13213213e+00,4.07997832e-03,5.38935639e-02,8.57121219e-03,5.17497679e-02,2.13213213e+00,8.15980170e-03,1.19959847e-01,1.71423200e-02,1.09215857e-01,2.13213213e+00,2.03967929e-02,4.30699167e-01,4.28539741e-02,3.27519097e-01
2.14214214e+00,4.08324582e-03,5.38935639e-02,8.61208552e-03,5.17497679e-02,2.14214214e+00,8.16633532e-03,1.19959847e-01,1.72240651e-02,1.09215857e-01,2.14214214e+00,2.04131030e-02,4.30699167e-01,4.30583095e-02,3.27519097e-01
2.15215215e+00,4.08658298e-03,5.38935639e-02,8.65299226e-03,5.17497679e-02,2.15215215e+00,8.17300826e-03,1.19959847e-01,1.73058770e-02,1.09215857e-01,2.15215215e+00,2.04297613e-02,4.30699167e-01,4.32628116e-02,3.27519097e-01
2.16216216e+00,4.08999040e-03,5.38935639e-02,8.69393310e-03,5.17497679e-02,2.16216216e+00,8.17982173e-03,1.19959847e-01,1.73877571e-02,1.09215857e-01,2.16216216e+00,2.04467710e-02,4.30699167e-01,4.34674840e-02,3.27519097e-01
2.17217217e+00,4.09346868e-03,5.38935639e-02,8.73490876e-03,5.17497679e-02,2.17217217e+00,8.18677692e-03,1.19959847e-01,1.74697068e-02,1.09215857e-01,2.17217217e+00,2.04641349e-02,4.30699167e-01,4.36723302e-02,3.27519097e-01
2.18218218e+00,4.09701841e-03,5.38935639e-02,8.77591996e-03,5.17497679e-02,2.18218218e+00,8.19387500e-03,1.19959847e-01,1.75517276e-02,1.09215857e-01,2.18218218e+00,2.04818561e-02,4.30699167e-01,4.38773538e-02,3.27519097e-01
2.19219219e+00,4.10064018e-03,5.38935639e-02,8.81696741e-03,5.17497679e-02,2.19219219e+00,8.20111717e-03,1.19959847e-01,1.76338209e-02,1.09215857e-01,2.19219219e+00,2.04999374e-02,4.30699167e-01,4.40825583e-02,3.27519097e-01
2.20220220e+00,4.10433457e-03,5.38935639e-02,8.85805184e-03,5.17497679e-02,2.20220220e+00,8.20850457e-03,1.19959847e-01,1.77159881e-02,1.09215857e-01,2.20220220e+00,2.05183818e-02,4.30699167e-01,4.42879475e-02,3.27519097e-01
2.21221221e+00,4.10810216e-03,5.38935639e-02,8.89917398e-03,5.17497679e-02,2.21221221e+00,8.21603838e-03,1.19959847e-01,1.77982307e-02,1.09215857e-01,2.21221221e+00,2.05371922e-02,4.30699167e-01,4.44935250e-02,3.27519097e-01
2.22222222e+00,4.11194353e-03,5.38935639e-02,8.94033458e-03,5.17497679e-02,2.22222222e+00,8.22371974e-03,1.19959847e-01,1.78805502e-02,1.09215857e-01,2.22222222e+00,2.05563715e-02,4.30699167e-01,4.46992945e-02,3.27519097e-01
2.23223223e+00,4.11585925e-03,5.38935639e-02,8.98153437e-03,5.17497679e-02,2.23223223e+00,8.23154979e-03,1.19959847e-01,1.79629481e-02,1.09215857e-01,2.23223223e+00,2.05759225e-02,4.30699167e-01,4.49052597e-02,3.27519097e-01
2.24224224e+00,4.11984988e-03,5.38935639e-02,9.02277411e-03,5.17497679e-02,2.24224224e+00,8.23952968e-03,1.19959847e-01,1.80454259e-02,1.09215857e-01,2.24224224e+00,2.05958481e-02,4.30699167e-01,4.51114244e-02,3.27519097e-01
2.25225225e+00,4.12391600e-03,5.38935639e-02,9.06405455e-03,5.17497679e-02,2.25225225e+00,8.24766053e-03,1.19959847e-01,1.81279851e-02,1.09215857e-01,2.25225225e+00,2.06161510e-02,4.30699167e-01,4.53177922e-02,3.27519097e-01
2.26226226e+00,4.12805815e-03,5.38935639e-02,9.10537645e-03,5.17497679e-02,2.26226226e+00,8.25594346e-03,1.19959847e-01,1.82106271e-02,1.09215857e-01,2.26226226e+00,2.06368342e-02,4.30699167e-01,4.55243672e-02,3.27519097e-01
2.27227227e+00,4.13227690e-03,5.38935639e-02,9.14674059e-03,5.17497679e-02,2.27227227e+00,8.26437958e-03,1.19959847e-01,1.82933537e-02,1.09215857e-01,2.27227227e+00,2.06579004e-02,4.30699167e-01,4.57311529e-02,3.27519097e-01
2.28228228e+00,4.13657281e-03,5.38935639e-02,9.18814772e-03,5.17497679e-02,2.28228228e+00,8.27297001e-03,1.19959847e-01,1.83761662e-02,1.09215857e-01,2.28228228e+00,2.06793523e-02,4.30699167e-01,4.59381535e-02,3.27519097e-01
2.29229229e+00,4.14094641e-03,5.38935639e-02,9.22959864e-03,5.17497679e-02,2.29229229e+00,8.28171584e-03,1.19959847e-01,1.84590662e-02,1.09215857e-01,2.29229229e+00,2.07011927e-02,4.30699167e-01,4.61453726e-02,3.27519097e-01
2.30230230e+00,4.14539826e-03,5.38935639e-02,9.27109411e-03,5.17497679e-02,2.30230230e+00,8.29061816e-03,1.19959847e-01,1.85420554e-02,1.09215857e-01,2.30230230e+00,2.07234243e-02,4.30699167e-01,4.63528143e-02,3.27519097e-01
2.31231231e+00,4.14992890e-03,5.38935639e-02,9.31263494e-03,5.17497679e-02,2.31231231e+00,8.29967806e-03,1.19959847e-01,1.86251353e-02,1.09215857e-01,2.31231231e+00,2.07460499e-02,4.30699167e-01,4.65604825e-02,3.27519097e-01
2.32232232e+00,4.15453887e-03,5.38935639e-02,9.35422192e-03,5.17497679e-02,2.32232232e+00,8.30889662e-03,1.19959847e-01,1.87083074e-02,1.09215857e-01,2.32232232e+00,2.07690722e-02,4.30699167e-01,4.67683811e-02,3.27519097e-01
2.33233233e+00,4.15922871e-03,5.38935639e-02,9.39585584e-03,5.17497679e-02,2.33233233e+00,8.31827491e-03,1.19959847e-01,1.87915734e-02,1.09215857e-01,2.33233233e+00,2.07924937e-02,4.30699167e-01,4.69765142e-02,3.27519097e-01
2.34234234e+00,4.16399894e-03,5.38935639e-02,9.43753751e-03,5.17497679e-02,2.34234234e+00,8.32781400e-03,1.19959847e-01,1.88749349e-02,1.09215857e-01,2.34234234e+00,2.08163173e-02,4.30699167e-01,4.71848857e-02,3.27519097e-01
2.35235235e+00,4.16885010e-03,5.38935639e-02,9.47926774e-03,5.17497679e-02,2.35235235e+00,8.33751494e-03,1.19959847e-01,1.89583935e-02,1.09215857e-01,2.35235235e+00,2.08405455e-02,4.30699167e-01,4.73934998e-02,3.27519097e-01
2.36236236e+00,4.17378272e-03,5.38935639e-02,9.52104735e-03,5.17497679e-02,2.36236236e+00,8.34737879e-03,1.19959847e-01,1.90419509e-02,1.09215857e-01,2.36236236e+00,2.08651810e-02,4.30699167e-01,4.76023604e-02,3.27519097e-01
2.37237237e+00,4.17879731e-03,5.38935639e-02,9.56287715e-03,5.17497679e-02,2.37237237e+00,8.35740660e-03,1.19959847e-01,1.91256086e-02,1.09215857e-01,2.37237237e+00,2.08902264e-02,4.30699167e-01,4.78114718e-02,3.27519097e-01
2.38238238e+00,4.18389440e-03,5.38935639e-02,9.60475798e-03,5.17497679e-02,2.38238238e+00,8.36759940e-03,1.19959847e-01,1.92093683e-02,1.09215857e-01,2.38238238e+00,2.09156844e-02,4.30699167e-01,4.80208380e-02,3.27519097e-01
2.39239239e+00,4.18907451e-03,5.38935639e-02,9.64669065e-03,5.17497679e-02,2.39239239e+00,8.37795825e-03,1.19959847e-01,1.92932318e-02,1.09215857e-01,2.39239239e+00,2.09415574e-02,4.30699167e-01,4.82304632e-02,3.27519097e-01
2.40240240e+00,4.19433815e-03,5.38935639e-02,9.68867602e-03,5.17497679e-02,2.40240240e+00,8.38848415e-03,1.19959847e-01,1.93772006e-02,1.09215857e-01,2.40240240e+00,2.09678481e-02,4.30699167e-01,4.84403516e-02,3.27519097e-01
2.41241241e+00,4.19968584e-03,5.38935639e-02,9.73071492e-03,5.17497679e-02,2.41241241e+00,8.39917815e-03,1.19959847e-01,1.94612765e-02,1.09215857e-01,2.41241241e+00,2.09945591e-02,4.30699167e-01,4.86505073e-02,3.27519097e-01
2.42242242e+00,4.20511808e-03,5.38935639e-02,9.77280819e-03,5.17497679e-02,2.42242242e+00,8.41004126e-03,1.19959847e-01,1.95454611e-02,1.09215857e-01,2.42242242e+00,2.10216928e-02,4.30699167e-01,4.88609347e-02,3.27519097e-01
2.43243243e+00,4.21063538e-03,5.38935639e-02,9.81495670e-03,5.17497679e-02,2.43243243e+00,8.42107450e-03,1.19959847e-01,1.96297561e-02,1.09215857e-01,2.43243243e+00,2.10492519e-02,4.30699167e-01,4.90716379e-02,3.27519097e-01
2.44244244e+00,4.21623825e-03,5.38935639e-02,9.85716128e-03,5.17497679e-02,2.44244244e+00,8.43227887e-03,1.19959847e-01,1.97141633e-02,1.09215857e-01,2.44244244e+00,2.10772389e-02,4.30699167e-01,4.92826213e-02,3.27519097e-01
2.45245245e+00,4.22192719e-03,5.38935639e-02,9.89942282e-03,5.17497679e-02,2.45245245e+00,8.44365538e-03,1.19959847e-01,1.97986844e-02,1.09215857e-01,2.45245245e+00,2.11056562e-02,4.30699167e-01,4.94938891e-02,3.27519097e-01
2.46246246e+00,4.22770270e-03,5.38935639e-02,9.94174216e-03,5.17497679e-02,2.46246246e+00,8.45520504e-03,1.19959847e-01,1.98833211e-02,1.09215857e-01,2.46246246e+00,2.11345064e-02,4.30699167e-01,4.97054457e-02,3.27519097e-01
2.47247247e+00,4.23356529e-03,5.38935639e-02,9.98412019e-03,5.17497679e-02,2.47247247e+00,8.46692884e-03,1.19959847e-01,1.99680751e-02,1.09215857e-01,2.47247247e+00,2.11637921e-02,4.30699167e-01,4.99172955e-02,3.27519097e-01
2.48248248e+00,4.23951544e-03,5.38935639e-02,1.00265578e-02,5.17497679e-02,2.48248248e+00,8.47882778e-03,1.19959847e-01,2.00529482e-02,1.09215857e-01,2.48248248e+00,2.11935156e-02,4.30699167e-01,5.01294428e-02,3.27519097e-01
2.49249249e+00,4.24555364e-03,5.38935639e-02,1.00690558e-02,5.17497679e-02,2.49249249e+00,8.49090284e-03,1.19959847e-01,2.01379423e-02,1.09215857e-01,2.49249249e+00,2.12236794e-02,4.30699167e-01,5.03418921e-02,3.27519097e-01
2.50250250e+00,4.25168041e-03,5.38935639e-02,1.01116152e-02,5.17497679e-02,2.50250250e+00,8.50315500e-03,1.19959847e-01,2.02230589e-02,1.09215857e-01,2.50250250e+00,2.12542860e-02,4.30699167e-01,5.05546477e-02,3.27519097e-01
2.51251251e+00,4.25789621e-03,5.38935639e-02,1.01542368e-02,5.17497679e-02,2.51251251e+00,8.51558526e-03,1.19959847e-01,2.03083000e-02,1.09215857e-01,2.51251251e+00,2.12853379e-02,4.30699167e-01,5.07677141e-02,3.27519097e-01
2.52252252e+00,4.26420156e-03,5.38935639e-02,1.01969215e-02,5.17497679e-02,2.52252252e+00,8.52819459e-03,1.19959847e-01,2.03936673e-02,1.09215857e-01,2.52252252e+00,2.13168376e-02,4.30699167e-01,5.09810959e-02,3.27519097e-01
2.53253253e+00,4.27059692e-03,5.38935639e-02,1.02396702e-02,5.17497679e-02,2.53253253e+00,8.54098396e-03,1.19959847e-01,2.04791627e-02,1.09215857e-01,2.53253253e+00,2.13487873e-02,4.30699167e-01,5.11947975e-02,3.27519097e-01
2.54254254e+00,4.27708279e-03,5.38935639e-02,1.02824838e-02,5.17497679e-02,2.54254254e+00,8.55395436e-03,1.19959847e-01,2.05647878e-02,1.09215857e-01,2.54254254e+00,2.13811897e-02,4.30699167e-01,5.14088234e-02,3.27519097e-01
2.55255255e+00,4.28365965e-03,5.38935639e-02,1.03253633e-02,5.17497679e-02,2.55255255e+00,8.56710673e-03,1.19959847e-01,2.06505447e-02,1.09215857e-01,2.55255255e+00,2.14140471e-02,4.30699167e-01,5.16231782e-02,3.27519097e-01
2.56256256e+00,4.29032799e-03,5.38935639e-02,1.03683095e-02,5.17497679e-02,2.56256256e+00,8.58044207e-03,1.19959847e-01,2.07364350e-02,1.09215857e-01,2.56256256e+00,2.14473619e-02,4.30699167e-01,5.18378665e-02,3.27519097e-01
2.57257257e+00,4.29708829e-03,5.38935639e-02,1.04113234e-02,5.17497679e-02,2.57257257e+00,8.59396132e-03,1.19959847e-01,2.08224606e-02,1.09215857e-01,2.57257257e+00,2.14811366e-02,4.30699167e-01,5.20528929e-02,3.27519097e-01
2.58258258e+00,4.30394103e-03,5.38935639e-02,1.04544059e-02,5.17497679e-02,2.58258258e+00,8.60766546e-03,1.19959847e-01,2.09086234e-02,1.09215857e-01,2.58258258e+00,2.15153735e-02,4.30699167e-01,5.22682620e-02,3.27519097e-01
2.59259259e+00,4.31088668e-03,5.38935639e-02,1.04975579e-02,5.17497679e-02,2.59259259e+00,8.62155545e-03,1.19959847e-01,2.09949253e-02,1.09215857e-01,2.59259259e+00,2.15500752e-02,4.30699167e-01,5.24839785e-02,3.27519097e-01
2.60260260e+00,4.31792574e-03,5.38935639e-02,1.05407804e-02,5.17497679e-02,2.60260260e+00,8.63563223e-03,1.19959847e-01,2.10813681e-02,1.09215857e-01,2.60260260e+00,2.15852438e-02,4.30699167e-01,5.27000470e-02,3.27519097e-01
2.61261261e+00,4.32505868e-03,5.38935639e-02,1.05840743e-02,5.17497679e-02,2.61261261e+00,8.64989678e-03,1.19959847e-01,2.11679536e-02,1.09215857e-01,2.61261261e+00,2.16208820e-02,4.30699167e-01,5.29164722e-02,3.27519097e-01
2.62262262e+00,4.33228598e-03,5.38935639e-02,1.06274405e-02,5.17497679e-02,2.62262262e+00,8.66435005e-03,1.19959847e-01,2.12546838e-02,1.09215857e-01,2.62262262e+00,2.16569920e-02,4.30699167e-01,5.31332589e-02,3.27519097e-01
2.63263263e+00,4.33960810e-03,5.38935639e-02,1.06708800e-02,5.17497679e-02,2.63263263e+00,8.67899299e-03,1.19959847e-01,2.13415606e-02,1.09215857e-01,2.63263263e+00,2.16935762e-02,4.30699167e-01,5.33504118e-02,3.27519097e-01
2.64264264e+00,4.34702555e-03,5.38935639e-02,1.07143938e-02,5.17497679e-02,2.64264264e+00,8.69382655e-03,1.19959847e-01,2.14285859e-02,1.09215857e-01,2.64264264e+00,2.17306371e-02,4.30699167e-01,5.35679357e-02,3.27519097e-01
2.65265265e+00,4.35453878e-03,5.38935639e-02,1.07579828e-02,5.17497679e-02,2.65265265e+00,8.70885170e-03,1.19959847e-01,2.15157616e-02,1.09215857e-01,2.65265265e+00,2.17681770e-02,4.30699167e-01,5.37858354e-02,3.27519097e-01
2.66266266e+00,4.36214827e-03,5.38935639e-02,1.08016479e-02,5.17497679e-02,2.66266266e+00,8.72406938e-03,1.19959847e-01,2.16030897e-02,1.09215857e-01,2.66266266e+00,2.18061983e-02,4.30699167e-01,5.40041157e-02,3.27519097e-01
2.67267267e+00,4.36985451e-03,5.38935639e-02,1.08453902e-02,5.17497679e-02,2.67267267e+00,8.73948055e-03,1.19959847e-01,2.16905719e-02,1.09215857e-01,2.67267267e+00,2.18447034e-02,4.30699167e-01,5.42227814e-02,3.27519097e-01
2.68268268e+00,4.37765796e-03,5.38935639e-02,1.08892106e-02,5.17497679e-02,2.68268268e+00,8.75508616e-03,1.19959847e-01,2.17782104e-02,1.09215857e-01,2.68268268e+00,2.18836947e-02,4.30699167e-01,5.44418374e-02,3.27519097e-01
2.69269269e+00,4.38555911e-03,5.38935639e-02,1.09331101e-02,5.17497679e-02,2.69269269e+00,8.77088716e-03,1.19959847e-01,2.18660071e-02,1.09215857e-01,2.69269269e+00,2.19231746e-02,4.30699167e-01,5.46612886e-02,3.27519097e-01
2.70270270e+00,4.39355843e-03,5.38935639e-02,1.09770897e-02,5.17497679e-02,2.70270270e+00,8.78688451e-03,1.19959847e-01,2.19539639e-02,1.09215857e-01,2.70270270e+00,2.19631454e-02,4.30699167e-01,5.48811399e-02,3.27519097e-01
2.71271271e+00,4.40165639e-03,5.38935639e-02,1.10211503e-02,5.17497679e-02,2.71271271e+00,8.80307915e-03,1.19959847e-01,2.20420828e-02,1.09215857e-01,2.71271271e+00,2.20036095e-02,4.30699167e-01,5.51013962e-02,3.27519097e-01
2.72272272e+00,4.40985348e-03,5.38935639e-02,1.10652930e-02,5.17497679e-02,2.72272272e+00,8.81947205e-03,1.19959847e-01,2.21303658e-02,1.09215857e-01,2.72272272e+00,2.20445693e-02,4.30699167e-01,5.53220626e-02,3.27519097e-01
2.73273273e+00,4.41815017e-03,5.38935639e-02,1.11095187e-02,5.17497679e-02,2.73273273e+00,8.83606416e-03,1.19959847e-01,2.22188149e-02,1.09215857e-01,2.73273273e+00,2.20860273e-02,4.30699167e-01,5.55431439e-02,3.27519097e-01
2.74274274e+00,4.42654694e-03,5.38935639e-02,1.11538285e-02,5.17497679e-02,2.74274274e+00,8.85285643e-03,1.19959847e-01,2.23074321e-02,1.09215857e-01,2.74274274e+00,2.21279857e-02,4.30699167e-01,5.57646453e-02,3.27519097e-01
2.75275275e+00,4.43504427e-03,5.38935639e-02,1.11982233e-02,5.17497679e-02,2.75275275e+00,8.86984982e-03,1.19959847e-01,2.23962194e-02,1.09215857e-01,2.75275275e+00,2.21704471e-02,4.30699167e-01,5.59865717e-02,3.27519097e-01
2.76276276e+00,4.44364263e-03,5.38935639e-02,1.12427042e-02,5.17497679e-02,2.76276276e+00,8.88704529e-03,1.19959847e-01,2.24851788e-02,1.09215857e-01,2.76276276e+00,2.22134138e-02,4.30699167e-01,5.62089282e-02,3.27519097e-01
2.77277277e+00,4.45234251e-03,5.38935639e-02,1.12872722e-02,5.17497679e-02,2.77277277e+00,8.90444380e-03,1.19959847e-01,2.25743124e-02,1.09215857e-01,2.77277277e+00,2.22568881e-02,4.30699167e-01,5.64317199e-02,3.27519097e-01
2.78278278e+00,4.46114439e-03,5.38935639e-02,1.13319283e-02,5.17497679e-02,2.78278278e+00,8.92204632e-03,1.19959847e-01,2.26636221e-02,1.09215857e-01,2.78278278e+00,2.23008726e-02,4.30699167e-01,5.66549518e-02,3.27519097e-01
2.79279279e+00,4.47004876e-03,5.38935639e-02,1.13766736e-02,5.17497679e-02,2.79279279e+00,8.93985381e-03,1.19959847e-01,2.27531102e-02,1.09215857e-01,2.79279279e+00,2.23453696e-02,4.30699167e-01,5.68786292e-02,3.27519097e-01
2.80280280e+00,4.47905608e-03,5.38935639e-02,1.14215090e-02,5.17497679e-02,2.80280280e+00,8.95786723e-03,1.19959847e-01,2.28427785e-02,1.09215857e-01,2.80280280e+00,2.23903816e-02,4.30699167e-01,5.71027571e-02,3.27519097e-01
2.81281281e+00,4.48816686e-03,5.38935639e-02,1.14664356e-02,5.17497679e-02,2.81281281e+00,8.97608755e-03,1.19959847e-01,2.29326292e-02,1.09215857e-01,2.81281281e+00,2.24359109e-02,4.30699167e-01,5.73273408e-02,3.27519097e-01
2.82282282e+00,4.49738157e-03,5.38935639e-02,1.15114544e-02,5.17497679e-02,2.82282282e+00,8.99451575e-03,1.19959847e-01,2.30226644e-02,1.09215857e-01,2.82282282e+00,2.24819600e-02,4.30699167e-01,5.75523855e-02,3.27519097e-01
2.83283283e+00,4.50670070e-03,5.38935639e-02,1.15565665e-02,5.17497679e-02,2.83283283e+00,9.01315281e-03,1.19959847e-01,2.31128862e-02,1.09215857e-01,2.83283283e+00,2.25285314e-02,4.30699167e-01,5.77778963e-02,3.27519097e-01
2.84284284e+00,4.51612475e-03,5.38935639e-02,1.16017730e-02,5.17497679e-02,2.84284284e+00,9.03199969e-03,1.19959847e-01,2.32032966e-02,1.09215857e-01,2.84284284e+00,2.25756275e-02,4.30699167e-01,5.80038786e-02,3.27519097e-01
2.85285285e+00,4.52565419e-03,5.38935639e-02,1.16470748e-02,5.17497679e-02,2.85285285e+00,9.05105738e-03,1.19959847e-01,2.32938978e-02,1.09215857e-01,2.85285285e+00,2.26232508e-02,4.30699167e-01,5.82303375e-02,3.27519097e-01
2.86286286e+00,4.53528954e-03,5.38935639e-02,1.16924731e-02,5.17497679e-02,2.86286286e+00,9.07032687e-03,1.19959847e-01,2.33846918e-02,1.09215857e-01,2.86286286e+00,2.26714036e-02,4.30699167e-01,5.84572785e-02,3.27519097e-01
2.87287287e+00,4.54503126e-03,5.38935639e-02,1.17379689e-02,5.17497679e-02,2.87287287e+00,9.08980915e-03,1.19959847e-01,2.34756809e-02,1.09215857e-01,2.87287287e+00,2.27200886e-02,4.30699167e-01,5.86847068e-02,3.27519097e-01
2.88288288e+00,4.55487988e-03,5.38935639e-02,1.17835633e-02,5.17497679e-02,2.88288288e+00,9.10950520e-03,1.19959847e-01,2.35668671e-02,1.09215857e-01,2.88288288e+00,2.27693081e-02,4.30699167e-01,5.89126278e-02,3.27519097e-01
2.89289289e+00,4.56483587e-03,5.38935639e-02,1.18292573e-02,5.17497679e-02,2.89289289e+00,9.12941602e-03,1.19959847e-01,2.36582527e-02,1.09215857e-01,2.89289289e+00,2.28190647e-02,4.30699167e-01,5.91410469e-02,3.27519097e-01
2.90290290e+00,4.57489975e-03,5.38935639e-02,1.18750521e-02,5.17497679e-02,2.90290290e+00,9.14954261e-03,1.19959847e-01,2.37498397e-02,1.09215857e-01,2.90290290e+00,2.28693609e-02,4.30699167e-01,5.93699694e-02,3.27519097e-01
2.91291291e+00,4.58507201e-03,5.38935639e-02,1.19209488e-02,5.17497679e-02,2.91291291e+00,9.16988599e-03,1.19959847e-01,2.38416304e-02,1.09215857e-01,2.91291291e+00,2.29201992e-02,4.30699167e-01,5.95994008e-02,3.27519097e-01
2.92292292e+00,4.59535316e-03,5.38935639e-02,1.19669483e-02,5.17497679e-02,2.92292292e+00,9.19044714e-03,1.19959847e-01,2.39336268e-02,1.09215857e-01,2.92292292e+00,2.29715821e-02,4.30699167e-01,5.98293466e-02,3.27519097e-01
2.93293293e+00,4.60574371e-03,5.38935639e-02,1.20130518e-02,5.17497679e-02,2.93293293e+00,9.21122711e-03,1.19959847e-01,2.40258313e-02,1.09215857e-01,2.93293293e+00,2.30235121e-02,4.30699167e-01,6.00598122e-02,3.27519097e-01
2.94294294e+00,4.61624416e-03,5.38935639e-02,1.20592605e-02,5.17497679e-02,2.94294294e+00,9.23222689e-03,1.19959847e-01,2.41182460e-02,1.09215857e-01,2.94294294e+00,2.30759918e-02,4.30699167e-01,6.02908031e-02,3.27519097e-01
2.95295295e+00,4.62685503e-03,5.38935639e-02,1.21055753e-02,5.17497679e-02,2.95295295e+00,9.25344751e-03,1.19959847e-01,2.42108731e-02,1.09215857e-01,2.95295295e+00,2.31290239e-02,4.30699167e-01,6.05223249e-02,3.27519097e-01
2.96296296e+00,4.63757684e-03,5.38935639e-02,1.21519975e-02,5.17497679e-02,2.96296296e+00,9.27489001e-03,1.19959847e-01,2.43037148e-02,1.09215857e-01,2.96296296e+00,2.31826108e-02,4.30699167e-01,6.07543830e-02,3.27519097e-01
2.97297297e+00,4.64841009e-03,5.38935639e-02,1.21985282e-02,5.17497679e-02,2.97297297e+00,9.29655543e-03,1.19959847e-01,2.43967734e-02,1.09215857e-01,2.97297297e+00,2.32367551e-02,4.30699167e-01,6.09869832e-02,3.27519097e-01
2.98298298e+00,4.65935531e-03,5.38935639e-02,1.22451684e-02,5.17497679e-02,2.98298298e+00,9.31844479e-03,1.19959847e-01,2.44900512e-02,1.09215857e-01,2.98298298e+00,2.32914594e-02,4.30699167e-01,6.12201309e-02,3.27519097e-01
2.99299299e+00,4.67041303e-03,5.38935639e-02,1.22919192e-02,5.17497679e-02,2.99299299e+00,9.34055915e-03,1.19959847e-01,2.45835503e-02,1.09215857e-01,2.99299299e+00,2.33467265e-02,4.30699167e-01,6.14538319e-02,3.27519097e-01
3.00300300e+00,4.68158377e-03,5.38935639e-02,1.23387819e-02,5.17497679e-02,3.00300300e+00,9.36289956e-03,1.19959847e-01,2.46772730e-02,1.09215857e-01,3.00300300e+00,2.34025588e-02,4.30699167e-01,6.16880917e-02,3.27519097e-01
3.01301301e+00,4.69286806e-03,5.38935639e-02,1.23857576e-02,5.17497679e-02,3.01301301e+00,9.38546707e-03,1.19959847e-01,2.47712216e-02,1.09215857e-01,3.01301301e+00,2.34589591e-02,4.30699167e-01,6.19229162e-02,3.27519097e-01
3.02302302e+00,4.70426643e-03,5.38935639e-02,1.24328474e-02,5.17497679e-02,3.02302302e+00,9.40826277e-03,1.19959847e-01,2.48653984e-02,1.09215857e-01,3.02302302e+00,2.35159301e-02,4.30699167e-01,6.21583109e-02,3.27519097e-01
3.03303303e+00,4.71577941e-03,5.38935639e-02,1.24800524e-02,5.17497679e-02,3.03303303e+00,9.43128771e-03,1.19959847e-01,2.49598057e-02,1.09215857e-01,3.03303303e+00,2.35734743e-02,4.30699167e-01,6.23942816e-02,3.27519097e-01
3.04304304e+00,4.72740756e-03,5.38935639e-02,1.25273737e-02,5.17497679e-02,3.04304304e+00,9.45454297e-03,1.19959847e-01,2.50544457e-02,1.09215857e-01,3.04304304e+00,2.36315946e-02,4.30699167e-01,6.26308341e-02,3.27519097e-01
3.05305305e+00,4.73915140e-03,5.38935639e-02,1.25748127e-02,5.17497679e-02,3.05305305e+00,9.47802965e-03,1.19959847e-01,2.51493209e-02,1.09215857e-01,3.05305305e+00,2.36902935e-02,4.30699167e-01,6.28679741e-02,3.27519097e-01
3.06306306e+00,4.75101149e-03,5.38935639e-02,1.26223704e-02,5.17497679e-02,3.06306306e+00,9.50174883e-03,1.19959847e-01,2.52444335e-02,1.09215857e-01,3.06306306e+00,2.37495740e-02,4.30699167e-01,6.31057076e-02,3.27519097e-01
3.07307307e+00,4.76298838e-03,5.38935639e-02,1.26700479e-02,5.17497679e-02,3.07307307e+00,9.52570162e-03,1.19959847e-01,2.53397859e-02,1.09215857e-01,3.07307307e+00,2.38094387e-02,4.30699167e-01,6.33440403e-02,3.27519097e-01
3.08308308e+00,4.77508262e-03,5.38935639e-02,1.27178466e-02,5.17497679e-02,3.08308308e+00,9.54988912e-03,1.19959847e-01,2.54353804e-02,1.09215857e-01,3.08308308e+00,2.38698903e-02,4.30699167e-01,6.35829782e-02,3.27519097e-01
3.09309309e+00,4.78729476e-03,5.38935639e-02,1.27657674e-02,5.17497679e-02,3.09309309e+00,9.57431244e-03,1.19959847e-01,2.55312193e-02,1.09215857e-01,3.09309309e+00,2.39309318e-02,4.30699167e-01,6.38225270e-02,3.27519097e-01
3.10310310e+00,4.79962537e-03,5.38935639e-02,1.28138117e-02,5.17497679e-02,3.10310310e+00,9.59897272e-03,1.19959847e-01,2.56273052e-02,1.09215857e-01,3.10310310e+00,2.39925658e-02,4.30699167e-01,6.40626929e-02,3.27519097e-01
3.11311311e+00,4.81207502e-03,5.38935639e-02,1.28619806e-02,5.17497679e-02,3.11311311e+00,9.62387108e-03,1.19959847e-01,2.57236402e-02,1.09215857e-01,3.11311311e+00,2.40547953e-02,4.30699167e-01,6.43034816e-02,3.27519097e-01
3.12312312e+00,4.82464427e-03,5.38935639e-02,1.29102754e-02,5.17497679e-02,3.12312312e+00,9.64900865e-03,1.19959847e-01,2.58202269e-02,1.09215857e-01,3.12312312e+00,2.41176231e-02,4.30699167e-01,6.45448993e-02,3.27519097e-01
3.13313313e+00,4.83733370e-03,5.38935639e-02,1.29586971e-02,5.17497679e-02,3.13313313e+00,9.67438660e-03,1.19959847e-01,2.59170676e-02,1.09215857e-01,3.13313313e+00,2.41810520e-02,4.30699167e-01,6.47869518e-02,3.27519097e-01
3.14314314e+00,4.85014388e-03,5.38935639e-02,1.30072471e-02,5.17497679e-02,3.14314314e+00,9.70000606e-03,1.19959847e-01,2.60141647e-02,1.09215857e-01,3.14314314e+00,2.42450850e-02,4.30699167e-01,6.50296454e-02,3.27519097e-01
3.15315315e+00,4.86307539e-03,5.38935639e-02,1.30559266e-02,5.17497679e-02,3.15315315e+00,9.72586821e-03,1.19959847e-01,2.61115208e-02,1.09215857e-01,3.15315315e+00,2.43097249e-02,4.30699167e-01,6.52729860e-02,3.27519097e-01
3.16316316e+00,4.87612883e-03,5.38935639e-02,1.31047367e-02,5.17497679e-02,3.16316316e+00,9.75197423e-03,1.19959847e-01,2.62091381e-02,1.09215857e-01,3.16316316e+00,2.43749748e-02,4.30699167e-01,6.55169797e-02,3.27519097e-01
3.17317317e+00,4.88930479e-03,5.38935639e-02,1.31536787e-02,5.17497679e-02,3.17317317e+00,9.77832528e-03,1.19959847e-01,2.63070193e-02,1.09215857e-01,3.17317317e+00,2.44408375e-02,4.30699167e-01,6.57616327e-02,3.27519097e-01
3.18318318e+00,4.90260385e-03,5.38935639e-02,1.32027538e-02,5.17497679e-02,3.18318318e+00,9.80492257e-03,1.19959847e-01,2.64051666e-02,1.09215857e-01,3.18318318e+00,2.45073160e-02,4.30699167e-01,6.60069512e-02,3.27519097e-01
3.19319319e+00,4.91602662e-03,5.38935639e-02,1.32519632e-02,5.17497679e-02,3.19319319e+00,9.83176729e-03,1.19959847e-01,2.65035827e-02,1.09215857e-01,3.19319319e+00,2.45744134e-02,4.30699167e-01,6.62529413e-02,3.27519097e-01
3.20320320e+00,4.92957371e-03,5.38935639e-02,1.33013083e-02,5.17497679e-02,3.20320320e+00,9.85886066e-03,1.19959847e-01,2.66022700e-02,1.09215857e-01,3.20320320e+00,2.46421327e-02,4.30699167e-01,6.64996093e-02,3.27519097e-01
3.21321321e+00,4.94324571e-03,5.38935639e-02,1.33507903e-02,5.17497679e-02,3.21321321e+00,9.88620388e-03,1.19959847e-01,2.67012310e-02,1.09215857e-01,3.21321321e+00,2.47104769e-02,4.30699167e-01,6.67469615e-02,3.27519097e-01
3.22322322e+00,4.95704326e-03,5.38935639e-02,1.34004103e-02,5.17497679e-02,3.22322322e+00,9.91379820e-03,1.19959847e-01,2.68004682e-02,1.09215857e-01,3.22322322e+00,2.47794492e-02,4.30699167e-01,6.69950040e-02,3.27519097e-01
3.23323323e+00,4.97096696e-03,5.38935639e-02,1.34501697e-02,5.17497679e-02,3.23323323e+00,9.94164485e-03,1.19959847e-01,2.68999842e-02,1.09215857e-01,3.23323323e+00,2.48490525e-02,4.30699167e-01,6.72437433e-02,3.27519097e-01
3.24324324e+00,4.98501744e-03,5.38935639e-02,1.35000698e-02,5.17497679e-02,3.24324324e+00,9.96974507e-03,1.19959847e-01,2.69997815e-02,1.09215857e-01,3.24324324e+00,2.49192901e-02,4.30699167e-01,6.74931856e-02,3.27519097e-01
3.25325325e+00,4.99919533e-03,5.38935639e-02,1.35501118e-02,5.17497679e-02,3.25325325e+00,9.99810013e-03,1.19959847e-01,2.70998625e-02,1.09215857e-01,3.25325325e+00,2.49901651e-02,4.30699167e-01,6.77433374e-02,3.27519097e-01
3.26326326e+00,5.01350127e-03,5.38935639e-02,1.36002970e-02,5.17497679e-02,3.26326326e+00,1.00267113e-02,1.19959847e-01,2.72002300e-02,1.09215857e-01,3.26326326e+00,2.50616807e-02,4.30699167e-01,6.79942051e-02,3.27519097e-01
3.27327327e+00,5.02793589e-03,5.38935639e-02,1.36506267e-02,5.17497679e-02,3.27327327e+00,1.00555799e-02,1.19959847e-01,2.73008865e-02,1.09215857e-01,3.27327327e+00,2.51338400e-02,4.30699167e-01,6.82457951e-02,3.27519097e-01
3.28328328e+00,5.04249984e-03,5.38935639e-02,1.37011022e-02,5.17497679e-02,3.28328328e+00,1.00847071e-02,1.19959847e-01,2.74018345e-02,1.09215857e-01,3.28328328e+00,2.52066464e-02,4.30699167e-01,6.84981138e-02,3.27519097e-01
3.29329329e+00,5.05719377e-03,5.38935639e-02,1.37517247e-02,5.17497679e-02,3.29329329e+00,1.01140943e-02,1.19959847e-01,2.75030767e-02,1.09215857e-01,3.29329329e+00,2.52801030e-02,4.30699167e-01,6.87511679e-02,3.27519097e-01
3.30330330e+00,5.07201833e-03,5.38935639e-02,1.38024957e-02,5.17497679e-02,3.30330330e+00,1.01437428e-02,1.19959847e-01,2.76046156e-02,1.09215857e-01,3.30330330e+00,2.53542132e-02,4.30699167e-01,6.90049639e-02,3.27519097e-01
3.31331331e+00,5.08697419e-03,5.38935639e-02,1.38534164e-02,5.17497679e-02,3.31331331e+00,1.01736539e-02,1.19959847e-01,2.77064540e-02,1.09215857e-01,3.31331331e+00,2.54289802e-02,4.30699167e-01,6.92595082e-02,3.27519097e-01
3.32332332e+00,5.10206201e-03,5.38935639e-02,1.39044880e-02,5.17497679e-02,3.32332332e+00,1.02038289e-02,1.19959847e-01,2.78085944e-02,1.09215857e-01,3.32332332e+00,2.55044075e-02,4.30699167e-01,6.95148076e-02,3.27519097e-01
3.33333333e+00,5.11728247e-03,5.38935639e-02,1.39557121e-02,5.17497679e-02,3.33333333e+00,1.02342693e-02,1.19959847e-01,2.79110396e-02,1.09215857e-01,3.33333333e+00,2.55804983e-02,4.30699167e-01,6.97708686e-02,3.27519097e-01
3.34334334e+00,5.13263624e-03,5.38935639e-02,1.40070898e-02,5.17497679e-02,3.34334334e+00,1.02649763e-02,1.19959847e-01,2.80137921e-02,1.09215857e-01,3.34334334e+00,2.56572561e-02,4.30699167e-01,7.00276980e-02,3.27519097e-01
3.35335335e+00,5.14812400e-03,5.38935639e-02,1.40586226e-02,5.17497679e-02,3.35335335e+00,1.02959513e-02,1.19959847e-01,2.81168547e-02,1.09215857e-01,3.35335335e+00,2.57346843e-02,4.30699167e-01,7.02853025e-02,3.27519097e-01
3.36336336e+00,5.16374646e-03,5.38935639e-02,1.41103118e-02,5.17497679e-02,3.36336336e+00,1.03271957e-02,1.19959847e-01,2.82202300e-02,1.09215857e-01,3.36336336e+00,2.58127864e-02,4.30699167e-01,7.05436887e-02,3.27519097e-01
3.37337337e+00,5.17950429e-03,5.38935639e-02,1.41621586e-02,5.17497679e-02,3.37337337e+00,1.03587109e-02,1.19959847e-01,2.83239208e-02,1.09215857e-01,3.37337337e+00,2.58915659e-02,4.30699167e-01,7.08028635e-02,3.27519097e-01
3.38338338e+00,5.19539822e-03,5.38935639e-02,1.42141646e-02,5.17497679e-02,3.38338338e+00,1.03904982e-02,1.19959847e-01,2.84279298e-02,1.09215857e-01,3.38338338e+00,2.59710262e-02,4.30699167e-01,7.10628338e-02,3.27519097e-01
3.39339339e+00,5.21142893e-03,5.38935639e-02,1.42663311e-02,5.17497679e-02,3.39339339e+00,1.04225592e-02,1.19959847e-01,2.85322597e-02,1.09215857e-01,3.39339339e+00,2.60511709e-02,4.30699167e-01,7.13236063e-02,3.27519097e-01
3.40340340e+00,5.22759715e-03,5.38935639e-02,1.43186594e-02,5.17497679e-02,3.40340340e+00,1.04548953e-02,1.19959847e-01,2.86369133e-02,1.09215857e-01,3.40340340e+00,2.61320036e-02,4.30699167e-01,7.15851879e-02,3.27519097e-01
3.41341341e+00,5.24390360e-03,5.38935639e-02,1.43711509e-02,5.17497679e-02,3.41341341e+00,1.04875078e-02,1.19959847e-01,2.87418934e-02,1.09215857e-01,3.41341341e+00,2.62135279e-02,4.30699167e-01,7.18475855e-02,3.27519097e-01
3.42342342e+00,5.26034900e-03,5.38935639e-02,1.44238071e-02,5.17497679e-02,3.42342342e+00,1.05203982e-02,1.19959847e-01,2.88472027e-02,1.09215857e-01,3.42342342e+00,2.62957475e-02,4.30699167e-01,7.21108062e-02,3.27519097e-01
3.43343343e+00,5.27693409e-03,5.38935639e-02,1.44766292e-02,5.17497679e-02,3.43343343e+00,1.05535680e-02,1.19959847e-01,2.89528440e-02,1.09215857e-01,3.43343343e+00,2.63786659e-02,4.30699167e-01,7.23748570e-02,3.27519097e-01
3.44344344e+00,5.29365960e-03,5.38935639e-02,1.45296188e-02,5.17497679e-02,3.44344344e+00,1.05870187e-02,1.19959847e-01,2.90588202e-02,1.09215857e-01,3.44344344e+00,2.64622870e-02,4.30699167e-01,7.26397447e-02,3.27519097e-01
3.45345345e+00,5.31052629e-03,5.38935639e-02,1.45827772e-02,5.17497679e-02,3.45345345e+00,1.06207518e-02,1.19959847e-01,2.91651340e-02,1.09215857e-01,3.45345345e+00,2.65466145e-02,4.30699167e-01,7.29054766e-02,3.27519097e-01
3.46346346e+00,5.32753490e-03,5.38935639e-02,1.46361059e-02,5.17497679e-02,3.46346346e+00,1.06547688e-02,1.19959847e-01,2.92717883e-02,1.09215857e-01,3.46346346e+00,2.66316521e-02,4.30699167e-01,7.31720597e-02,3.27519097e-01
3.47347347e+00,5.34468619e-03,5.38935639e-02,1.46896063e-02,5.17497679e-02,3.47347347e+00,1.06890711e-02,1.19959847e-01,2.93787860e-02,1.09215857e-01,3.47347347e+00,2.67174036e-02,4.30699167e-01,7.34395012e-02,3.27519097e-01
3.48348348e+00,5.36198093e-03,5.38935639e-02,1.47432798e-02,5.17497679e-02,3.48348348e+00,1.07236603e-02,1.19959847e-01,2.94861300e-02,1.09215857e-01,3.48348348e+00,2.68038729e-02,4.30699167e-01,7.37078082e-02,3.27519097e-01
3.49349349e+00,5.37941989e-03,5.38935639e-02,1.47971278e-02,5.17497679e-02,3.49349349e+00,1.07585381e-02,1.19959847e-01,2.95938231e-02,1.09215857e-01,3.49349349e+00,2.68910639e-02,4.30699167e-01,7.39769880e-02,3.27519097e-01
3.50350350e+00,5.39700384e-03,5.38935639e-02,1.48511519e-02,5.17497679e-02,3.50350350e+00,1.07937058e-02,1.19959847e-01,2.97018682e-02,1.09215857e-01,3.50350350e+00,2.69789804e-02,4.30699167e-01,7.42470479e-02,3.27519097e-01
3.51351351e+00,5.41473359e-03,5.38935639e-02,1.49053534e-02,5.17497679e-02,3.51351351e+00,1.08291652e-02,1.19959847e-01,2.98102682e-02,1.09215857e-01,3.51351351e+00,2.70676264e-02,4.30699167e-01,7.45179951e-02,3.27519097e-01
3.52352352e+00,5.43260991e-03,5.38935639e-02,1.49597339e-02,5.17497679e-02,3.52352352e+00,1.08649177e-02,1.19959847e-01,2.99190262e-02,1.09215857e-01,3.52352352e+00,2.71570058e-02,4.30699167e-01,7.47898370e-02,3.27519097e-01
3.53353353e+00,5.45063361e-03,5.38935639e-02,1.50142948e-02,5.17497679e-02,3.53353353e+00,1.09009651e-02,1.19959847e-01,3.00281449e-02,1.09215857e-01,3.53353353e+00,2.72471228e-02,4.30699167e-01,7.50625810e-02,3.27519097e-01
3.54354354e+00,5.46880550e-03,5.38935639e-02,1.50690376e-02,5.17497679e-02,3.54354354e+00,1.09373088e-02,1.19959847e-01,3.01376275e-02,1.09215857e-01,3.54354354e+00,2.73379812e-02,4.30699167e-01,7.53362344e-02,3.27519097e-01
3.55355355e+00,5.48712639e-03,5.38935639e-02,1.51239638e-02,5.17497679e-02,3.55355355e+00,1.09739505e-02,1.19959847e-01,3.02474769e-02,1.09215857e-01,3.55355355e+00,2.74295853e-02,4.30699167e-01,7.56108049e-02,3.27519097e-01
3.56356356e+00,5.50559710e-03,5.38935639e-02,1.51790749e-02,5.17497679e-02,3.56356356e+00,1.10108920e-02,1.19959847e-01,3.03576960e-02,1.09215857e-01,3.56356356e+00,2.75219391e-02,4.30699167e-01,7.58862997e-02,3.27519097e-01
3.57357357e+00,5.52421845e-03,5.38935639e-02,1.52343723e-02,5.17497679e-02,3.57357357e+00,1.10481347e-02,1.19959847e-01,3.04682879e-02,1.09215857e-01,3.57357357e+00,2.76150467e-02,4.30699167e-01,7.61627266e-02,3.27519097e-01
3.58358358e+00,5.54299130e-03,5.38935639e-02,1.52898577e-02,5.17497679e-02,3.58358358e+00,1.10856805e-02,1.19959847e-01,3.05792557e-02,1.09215857e-01,3.58358358e+00,2.77089124e-02,4.30699167e-01,7.64400931e-02,3.27519097e-01
3.59359359e+00,5.56191647e-03,5.38935639e-02,1.53455326e-02,5.17497679e-02,3.59359359e+00,1.11235309e-02,1.19959847e-01,3.06906024e-02,1.09215857e-01,3.59359359e+00,2.78035405e-02,4.30699167e-01,7.67184068e-02,3.27519097e-01
3.60360360e+00,5.58099482e-03,5.38935639e-02,1.54013984e-02,5.17497679e-02,3.60360360e+00,1.11616878e-02,1.19959847e-01,3.08023310e-02,1.09215857e-01,3.60360360e+00,2.78989350e-02,4.30699167e-01,7.69976755e-02,3.27519097e-01
3.61361361e+00,5.60022721e-03,5.38935639e-02,1.54574567e-02,5.17497679e-02,3.61361361e+00,1.12001528e-02,1.19959847e-01,3.09144446e-02,1.09215857e-01,3.61361361e+00,2.79951005e-02,4.30699167e-01,7.72779067e-02,3.27519097e-01
3.62362362e+00,5.61961451e-03,5.38935639e-02,1.55137091e-02,5.17497679e-02,3.62362362e+00,1.12389276e-02,1.19959847e-01,3.10269464e-02,1.09215857e-01,3.62362362e+00,2.80920411e-02,4.30699167e-01,7.75591083e-02,3.27519097e-01
3.63363363e+00,5.63915758e-03,5.38935639e-02,1.55701571e-02,5.17497679e-02,3.63363363e+00,1.12780140e-02,1.19959847e-01,3.11398394e-02,1.09215857e-01,3.63363363e+00,2.81897614e-02,4.30699167e-01,7.78412881e-02,3.27519097e-01
3.64364364e+00,5.65885732e-03,5.38935639e-02,1.56268024e-02,5.17497679e-02,3.64364364e+00,1.13174137e-02,1.19959847e-01,3.12531268e-02,1.09215857e-01,3.64364364e+00,2.82882656e-02,4.30699167e-01,7.81244539e-02,3.27519097e-01
3.65365365e+00,5.67871460e-03,5.38935639e-02,1.56836463e-02,5.17497679e-02,3.65365365e+00,1.13571286e-02,1.19959847e-01,3.13668118e-02,1.09215857e-01,3.65365365e+00,2.83875584e-02,4.30699167e-01,7.84086137e-02,3.27519097e-01
3.66366366e+00,5.69873033e-03,5.38935639e-02,1.57406907e-02,5.17497679e-02,3.66366366e+00,1.13971604e-02,1.19959847e-01,3.14808975e-02,1.09215857e-01,3.66366366e+00,2.84876440e-02,4.30699167e-01,7.86937753e-02,3.27519097e-01
3.67367367e+00,5.71890540e-03,5.38935639e-02,1.57979370e-02,5.17497679e-02,3.67367367e+00,1.14375109e-02,1.19959847e-01,3.15953871e-02,1.09215857e-01,3.67367367e+00,2.85885272e-02,4.30699167e-01,7.89799467e-02,3.27519097e-01
3.68368368e+00,5.73924074e-03,5.38935639e-02,1.58553869e-02,5.17497679e-02,3.68368368e+00,1.14781820e-02,1.19959847e-01,3.17102838e-02,1.09215857e-01,3.68368368e+00,2.86902125e-02,4.30699167e-01,7.92671360e-02,3.27519097e-01
3.69369369e+00,5.75973726e-03,5.38935639e-02,1.59130419e-02,5.17497679e-02,3.69369369e+00,1.15191756e-02,1.19959847e-01,3.18255909e-02,1.09215857e-01,3.69369369e+00,2.87927044e-02,4.30699167e-01,7.95553513e-02,3.27519097e-01
3.70370370e+00,5.78039590e-03,5.38935639e-02,1.59709037e-02,5.17497679e-02,3.70370370e+00,1.15604933e-02,1.19959847e-01,3.19413115e-02,1.09215857e-01,3.70370370e+00,2.88960077e-02,4.30699167e-01,7.98446006e-02,3.27519097e-01
3.71371371e+00,5.80121758e-03,5.38935639e-02,1.60289739e-02,5.17497679e-02,3.71371371e+00,1.16021373e-02,1.19959847e-01,3.20574490e-02,1.09215857e-01,3.71371371e+00,2.90001270e-02,4.30699167e-01,8.01348922e-02,3.27519097e-01
3.72372372e+00,5.82220326e-03,5.38935639e-02,1.60872543e-02,5.17497679e-02,3.72372372e+00,1.16441092e-02,1.19959847e-01,3.21740067e-02,1.09215857e-01,3.72372372e+00,2.91050672e-02,4.30699167e-01,8.04262342e-02,3.27519097e-01
3.73373373e+00,5.84335389e-03,5.38935639e-02,1.61457463e-02,5.17497679e-02,3.73373373e+00,1.16864111e-02,1.19959847e-01,3.22909878e-02,1.09215857e-01,3.73373373e+00,2.92108329e-02,4.30699167e-01,8.07186349e-02,3.27519097e-01
3.74374374e+00,5.86467042e-03,5.38935639e-02,1.62044517e-02,5.17497679e-02,3.74374374e+00,1.17290448e-02,1.19959847e-01,3.24083956e-02,1.09215857e-01,3.74374374e+00,2.93174289e-02,4.30699167e-01,8.10121027e-02,3.27519097e-01
3.75375375e+00,5.88615384e-03,5.38935639e-02,1.62633722e-02,5.17497679e-02,3.75375375e+00,1.17720124e-02,1.19959847e-01,3.25262336e-02,1.09215857e-01,3.75375375e+00,2.94248603e-02,4.30699167e-01,8.13066458e-02,3.27519097e-01
3.76376376e+00,5.90780511e-03,5.38935639e-02,1.63225093e-02,5.17497679e-02,3.76376376e+00,1.18153157e-02,1.19959847e-01,3.26445050e-02,1.09215857e-01,3.76376376e+00,2.95331318e-02,4.30699167e-01,8.16022728e-02,3.27519097e-01
3.77377377e+00,5.92962523e-03,5.38935639e-02,1.63818650e-02,5.17497679e-02,3.77377377e+00,1.18589567e-02,1.19959847e-01,3.27632133e-02,1.09215857e-01,3.77377377e+00,2.96422485e-02,4.30699167e-01,8.18989920e-02,3.27519097e-01
3.78378378e+00,5.95161519e-03,5.38935639e-02,1.64414407e-02,5.17497679e-02,3.78378378e+00,1.19029375e-02,1.19959847e-01,3.28823618e-02,1.09215857e-01,3.78378378e+00,2.97522152e-02,4.30699167e-01,8.21968120e-02,3.27519097e-01
3.79379379e+00,5.97377600e-03,5.38935639e-02,1.65012382e-02,5.17497679e-02,3.79379379e+00,1.19472600e-02,1.19959847e-01,3.30019540e-02,1.09215857e-01,3.79379379e+00,2.98630371e-02,4.30699167e-01,8.24957413e-02,3.27519097e-01
3.80380380e+00,5.99610867e-03,5.38935639e-02,1.65612593e-02,5.17497679e-02,3.80380380e+00,1.19919263e-02,1.19959847e-01,3.31219933e-02,1.09215857e-01,3.80380380e+00,2.99747193e-02,4.30699167e-01,8.27957885e-02,3.27519097e-01
3.81381381e+00,6.01861421e-03,5.38935639e-02,1.66215057e-02,5.17497679e-02,3.81381381e+00,1.20369384e-02,1.19959847e-01,3.32424832e-02,1.09215857e-01,3.81381381e+00,3.00872668e-02,4.30699167e-01,8.30969623e-02,3.27519097e-01
3.82382382e+00,6.04129367e-03,5.38935639e-02,1.66819791e-02,5.17497679e-02,3.82382382e+00,1.20822983e-02,1.19959847e-01,3.33634271e-02,1.09215857e-01,3.82382382e+00,3.02006848e-02,4.30699167e-01,8.33992715e-02,3.27519097e-01
3.83383383e+00,6.06414808e-03,5.38935639e-02,1.67426813e-02,5.17497679e-02,3.83383383e+00,1.21280082e-02,1.19959847e-01,3.34848286e-02,1.09215857e-01,3.83383383e+00,3.03149786e-02,4.30699167e-01,8.37027247e-02,3.27519097e-01
3.84384384e+00,6.08717849e-03,5.38935639e-02,1.68036140e-02,5.17497679e-02,3.84384384e+00,1.21740702e-02,1.19959847e-01,3.36066912e-02,1.09215857e-01,3.84384384e+00,3.04301533e-02,4.30699167e-01,8.40073309e-02,3.27519097e-01
3.85385385e+00,6.11038596e-03,5.38935639e-02,1.68647791e-02,5.17497679e-02,3.85385385e+00,1.22204863e-02,1.19959847e-01,3.37290184e-02,1.09215857e-01,3.85385385e+00,3.05462144e-02,4.30699167e-01,8.43130988e-02,3.27519097e-01
3.86386386e+00,6.13377154e-03,5.38935639e-02,1.69261782e-02,5.17497679e-02,3.86386386e+00,1.22672587e-02,1.19959847e-01,3.38518137e-02,1.09215857e-01,3.86386386e+00,3.06631671e-02,4.30699167e-01,8.46200374e-02,3.27519097e-01
3.87387387e+00,6.15733633e-03,5.38935639e-02,1.69878132e-02,5.17497679e-02,3.87387387e+00,1.23143896e-02,1.19959847e-01,3.39750809e-02,1.09215857e-01,3.87387387e+00,3.07810169e-02,4.30699167e-01,8.49281557e-02,3.27519097e-01
3.88388388e+00,6.18108140e-03,5.38935639e-02,1.70496859e-02,5.17497679e-02,3.88388388e+00,1.23618811e-02,1.19959847e-01,3.40988235e-02,1.09215857e-01,3.88388388e+00,3.08997692e-02,4.30699167e-01,8.52374627e-02,3.27519097e-01
3.89389389e+00,6.20500785e-03,5.38935639e-02,1.71117981e-02,5.17497679e-02,3.89389389e+00,1.24097354e-02,1.19959847e-01,3.42230450e-02,1.09215857e-01,3.89389389e+00,3.10194295e-02,4.30699167e-01,8.55479675e-02,3.27519097e-01
3.90390390e+00,6.22911679e-03,5.38935639e-02,1.71741516e-02,5.17497679e-02,3.90390390e+00,1.24579547e-02,1.19959847e-01,3.43477493e-02,1.09215857e-01,3.90390390e+00,3.11400033e-02,4.30699167e-01,8.58596792e-02,3.27519097e-01
3.91391391e+00,6.25340931e-03,5.38935639e-02,1.72367483e-02,5.17497679e-02,3.91391391e+00,1.25065413e-02,1.19959847e-01,3.44729399e-02,1.09215857e-01,3.91391391e+00,3.12614962e-02,4.30699167e-01,8.61726071e-02,3.27519097e-01
3.92392392e+00,6.27788656e-03,5.38935639e-02,1.72995900e-02,5.17497679e-02,3.92392392e+00,1.25554974e-02,1.19959847e-01,3.45986205e-02,1.09215857e-01,3.92392392e+00,3.13839138e-02,4.30699167e-01,8.64867604e-02,3.27519097e-01
3.93393393e+00,6.30254965e-03,5.38935639e-02,1.73626786e-02,5.17497679e-02,3.93393393e+00,1.26048252e-02,1.19959847e-01,3.47247950e-02,1.09215857e-01,3.93393393e+00,3.15072619e-02,4.30699167e-01,8.68021484e-02,3.27519097e-01
3.94394394e+00,6.32739974e-03,5.38935639e-02,1.74260159e-02,5.17497679e-02,3.94394394e+00,1.26545270e-02,1.19959847e-01,3.48514669e-02,1.09215857e-01,3.94394394e+00,3.16315461e-02,4.30699167e-01,8.71187805e-02,3.27519097e-01
3.95395395e+00,6.35243796e-03,5.38935639e-02,1.74896039e-02,5.17497679e-02,3.95395395e+00,1.27046053e-02,1.19959847e-01,3.49786401e-02,1.09215857e-01,3.95395395e+00,3.17567722e-02,4.30699167e-01,8.74366661e-02,3.27519097e-01
3.96396396e+00,6.37766549e-03,5.38935639e-02,1.75534444e-02,5.17497679e-02,3.96396396e+00,1.27550621e-02,1.19959847e-01,3.51063184e-02,1.09215857e-01,3.96396396e+00,3.18829461e-02,4.30699167e-01,8.77558147e-02,3.27519097e-01
3.97397397e+00,6.40308349e-03,5.38935639e-02,1.76175393e-02,5.17497679e-02,3.97397397e+00,1.28059000e-02,1.19959847e-01,3.52345056e-02,1.09215857e-01,3.97397397e+00,3.20100736e-02,4.30699167e-01,8.80762359e-02,3.27519097e-01
3.98398398e+00,6.42869315e-03,5.38935639e-02,1.76818906e-02,5.17497679e-02,3.98398398e+00,1.28571213e-02,1.19959847e-01,3.53632055e-02,1.09215857e-01,3.98398398e+00,3.21381606e-02,4.30699167e-01,8.83979392e-02,3.27519097e-01
3.99399399e+00,6.45449565e-03,5.38935639e-02,1.77465001e-02,5.17497679e-02,3.99399399e+00,1.29087283e-02,1.19959847e-01,3.54924220e-02,1.09215857e-01,3.99399399e+00,3.22672132e-02,4.30699167e-01,8.87209343e-02,3.27519097e-01
4.00400400e+00,6.48049219e-03,5.38935639e-02,1.78113699e-02,5.17497679e-02,4.00400400e+00,1.29607234e-02,1.19959847e-01,3.56221590e-02,1.09215857e-01,4.00400400e+00,3.23972373e-02,4.30699167e-01,8.90452310e-02,3.27519097e-01
4.01401401e+00,6.50668399e-03,5.38935639e-02,1.78765019e-02,5.17497679e-02,4.01401401e+00,1.30131092e-02,1.19959847e-01,3.57524204e-02,1.09215857e-01,4.01401401e+00,3.25282390e-02,4.30699167e-01,8.93708390e-02,3.27519097e-01
4.02402402e+00,6.53307226e-03,5.38935639e-02,1.79418980e-02,5.17497679e-02,4.02402402e+00,1.30658879e-02,1.19959847e-01,3.58832100e-02,1.09215857e-01,4.02402402e+00,3.26602245e-02,4.30699167e-01,8.96977682e-02,3.27519097e-01
4.03403403e+00,6.55965824e-03,5.38935639e-02,1.80075603e-02,5.17497679e-02,4.03403403e+00,1.31190621e-02,1.19959847e-01,3.60145320e-02,1.09215857e-01,4.03403403e+00,3.27931999e-02,4.30699167e-01,9.00260284e-02,3.27519097e-01
4.04404404e+00,6.58644317e-03,5.38935639e-02,1.80734906e-02,5.17497679e-02,4.04404404e+00,1.31726343e-02,1.19959847e-01,3.61463902e-02,1.09215857e-01,4.04404404e+00,3.29271714e-02,4.30699167e-01,9.03556297e-02,3.27519097e-01
4.05405405e+00,6.61342829e-03,5.38935639e-02,1.81396911e-02,5.17497679e-02,4.05405405e+00,1.32266070e-02,1.19959847e-01,3.62787886e-02,1.09215857e-01,4.05405405e+00,3.30621453e-02,4.30699167e-01,9.06865821e-02,3.27519097e-01
4.06406406e+00,6.64061487e-03,5.38935639e-02,1.82061637e-02,5.17497679e-02,4.06406406e+00,1.32809827e-02,1.19959847e-01,3.64117314e-02,1.09215857e-01,4.06406406e+00,3.31981280e-02,4.30699167e-01,9.10188957e-02,3.27519097e-01
4.07407407e+00,6.66800418e-03,5.38935639e-02,1.82729105e-02,5.17497679e-02,4.07407407e+00,1.33357639e-02,1.19959847e-01,3.65452225e-02,1.09215857e-01,4.07407407e+00,3.33351259e-02,4.30699167e-01,9.13525807e-02,3.27519097e-01
4.08408408e+00,6.69559751e-03,5.38935639e-02,1.83399335e-02,5.17497679e-02,4.08408408e+00,1.33909532e-02,1.19959847e-01,3.66792661e-02,1.09215857e-01,4.08408408e+00,3.34731453e-02,4.30699167e-01,9.16876472e-02,3.27519097e-01
4.09409409e+00,6.72339614e-03,5.38935639e-02,1.84072348e-02,5.17497679e-02,4.09409409e+00,1.34465532e-02,1.19959847e-01,3.68138663e-02,1.09215857e-01,4.09409409e+00,3.36121928e-02,4.30699167e-01,9.20241056e-02,3.27519097e-01
4.10410410e+00,6.75140139e-03,5.38935639e-02,1.84748164e-02,5.17497679e-02,4.10410410e+00,1.35025664e-02,1.19959847e-01,3.69490271e-02,1.09215857e-01,4.10410410e+00,3.37522749e-02,4.30699167e-01,9.23619662e-02,3.27519097e-01
4.11411411e+00,6.77961456e-03,5.38935639e-02,1.85426804e-02,5.17497679e-02,4.11411411e+00,1.35589957e-02,1.19959847e-01,3.70847528e-02,1.09215857e-01,4.11411411e+00,3.38933983e-02,4.30699167e-01,9.27012394e-02,3.27519097e-01
4.12412412e+00,6.80803697e-03,5.38935639e-02,1.86108289e-02,5.17497679e-02,4.12412412e+00,1.36158434e-02,1.19959847e-01,3.72210475e-02,1.09215857e-01,4.12412412e+00,3.40355695e-02,4.30699167e-01,9.30419358e-02,3.27519097e-01
4.13413413e+00,6.83666998e-03,5.38935639e-02,1.86792640e-02,5.17497679e-02,4.13413413e+00,1.36731125e-02,1.19959847e-01,3.73579155e-02,1.09215857e-01,4.13413413e+00,3.41787952e-02,4.30699167e-01,9.33840659e-02,3.27519097e-01
4.14414414e+00,6.86551491e-03,5.38935639e-02,1.87479879e-02,5.17497679e-02,4.14414414e+00,1.37308055e-02,1.19959847e-01,3.74953610e-02,1.09215857e-01,4.14414414e+00,3.43230823e-02,4.30699167e-01,9.37276403e-02,3.27519097e-01
4.15415415e+00,6.89457314e-03,5.38935639e-02,1.88170027e-02,5.17497679e-02,4.15415415e+00,1.37889252e-02,1.19959847e-01,3.76333883e-02,1.09215857e-01,4.15415415e+00,3.44684376e-02,4.30699167e-01,9.40726697e-02,3.27519097e-01
4.16416416e+00,6.92384602e-03,5.38935639e-02,1.88863104e-02,5.17497679e-02,4.16416416e+00,1.38474742e-02,1.19959847e-01,3.77720016e-02,1.09215857e-01,4.16416416e+00,3.46148679e-02,4.30699167e-01,9.44191649e-02,3.27519097e-01
4.17417417e+00,6.95333494e-03,5.38935639e-02,1.89559134e-02,5.17497679e-02,4.17417417e+00,1.39064554e-02,1.19959847e-01,3.79112054e-02,1.09215857e-01,4.17417417e+00,3.47623801e-02,4.30699167e-01,9.47671367e-02,3.27519097e-01
4.18418418e+00,6.98304129e-03,5.38935639e-02,1.90258137e-02,5.17497679e-02,4.18418418e+00,1.39658716e-02,1.19959847e-01,3.80510039e-02,1.09215857e-01,4.18418418e+00,3.49109813e-02,4.30699167e-01,9.51165959e-02,3.27519097e-01
4.19419419e+00,7.01296648e-03,5.38935639e-02,1.90960136e-02,5.17497679e-02,4.19419419e+00,1.40257256e-02,1.19959847e-01,3.81914015e-02,1.09215857e-01,4.19419419e+00,3.50606784e-02,4.30699167e-01,9.54675537e-02,3.27519097e-01
4.20420420e+00,7.04311191e-03,5.38935639e-02,1.91665152e-02,5.17497679e-02,4.20420420e+00,1.40860201e-02,1.19959847e-01,3.83324027e-02,1.09215857e-01,4.20420420e+00,3.52114786e-02,4.30699167e-01,9.58200209e-02,3.27519097e-01
4.21421421e+00,7.07347901e-03,5.38935639e-02,1.92373208e-02,5.17497679e-02,4.21421421e+00,1.41467580e-02,1.19959847e-01,3.84740119e-02,1.09215857e-01,4.21421421e+00,3.53633891e-02,4.30699167e-01,9.61740088e-02,3.27519097e-01
4.22422422e+00,7.10406922e-03,5.38935639e-02,1.93084326e-02,5.17497679e-02,4.22422422e+00,1.42079423e-02,1.19959847e-01,3.86162336e-02,1.09215857e-01,4.22422422e+00,3.55164170e-02,4.30699167e-01,9.65295285e-02,3.27519097e-01
4.23423423e+00,7.13488399e-03,5.38935639e-02,1.93798528e-02,5.17497679e-02,4.23423423e+00,1.42695758e-02,1.19959847e-01,3.87590722e-02,1.09215857e-01,4.23423423e+00,3.56705697e-02,4.30699167e-01,9.68865913e-02,3.27519097e-01
4.24424424e+00,7.16592477e-03,5.38935639e-02,1.94515838e-02,5.17497679e-02,4.24424424e+00,1.43316614e-02,1.19959847e-01,3.89025323e-02,1.09215857e-01,4.24424424e+00,3.58258544e-02,4.30699167e-01,9.72452084e-02,3.27519097e-01
4.25425425e+00,7.19719304e-03,5.38935639e-02,1.95236278e-02,5.17497679e-02,4.25425425e+00,1.43942021e-02,1.19959847e-01,3.90466184e-02,1.09215857e-01,4.25425425e+00,3.59822785e-02,4.30699167e-01,9.76053914e-02,3.27519097e-01
4.26426426e+00,7.22869028e-03,5.38935639e-02,1.95959871e-02,5.17497679e-02,4.26426426e+00,1.44572008e-02,1.19959847e-01,3.91913351e-02,1.09215857e-01,4.26426426e+00,3.61398496e-02,4.30699167e-01,9.79671516e-02,3.27519097e-01
4.27427427e+00,7.26041798e-03,5.38935639e-02,1.96686639e-02,5.17497679e-02,4.27427427e+00,1.45206606e-02,1.19959847e-01,3.93366870e-02,1.09215857e-01,4.27427427e+00,3.62985751e-02,4.30699167e-01,9.83305007e-02,3.27519097e-01
4.28428428e+00,7.29237766e-03,5.38935639e-02,1.97416607e-02,5.17497679e-02,4.28428428e+00,1.45845844e-02,1.19959847e-01,3.94826789e-02,1.09215857e-01,4.28428428e+00,3.64584625e-02,4.30699167e-01,9.86954503e-02,3.27519097e-01
4.29429429e+00,7.32457082e-03,5.38935639e-02,1.98149797e-02,5.17497679e-02,4.29429429e+00,1.46489753e-02,1.19959847e-01,3.96293153e-02,1.09215857e-01,4.29429429e+00,3.66195195e-02,4.30699167e-01,9.90620121e-02,3.27519097e-01
4.30430430e+00,7.35699901e-03,5.38935639e-02,1.98886233e-02,5.17497679e-02,4.30430430e+00,1.47138363e-02,1.19959847e-01,3.97766009e-02,1.09215857e-01,4.30430430e+00,3.67817539e-02,4.30699167e-01,9.94301978e-02,3.27519097e-01
4.31431431e+00,7.38966376e-03,5.38935639e-02,1.99625940e-02,5.17497679e-02,4.31431431e+00,1.47791706e-02,1.19959847e-01,3.99245406e-02,1.09215857e-01,4.31431431e+00,3.69451733e-02,4.30699167e-01,9.98000194e-02,3.27519097e-01
4.32432432e+00,7.42256664e-03,5.38935639e-02,2.00368939e-02,5.17497679e-02,4.32432432e+00,1.48449813e-02,1.19959847e-01,4.00731390e-02,1.09215857e-01,4.32432432e+00,3.71097855e-02,4.30699167e-01,1.00171489e-01,3.27519097e-01
4.33433433e+00,7.45570920e-03,5.38935639e-02,2.01115256e-02,5.17497679e-02,4.33433433e+00,1.49112714e-02,1.19959847e-01,4.02224009e-02,1.09215857e-01,4.33433433e+00,3.72755985e-02,4.30699167e-01,1.00544618e-01,3.27519097e-01
4.34434434e+00,7.48909303e-03,5.38935639e-02,2.01864915e-02,5.17497679e-02,4.34434434e+00,1.49780442e-02,1.19959847e-01,4.03723313e-02,1.09215857e-01,4.34434434e+00,3.74426202e-02,4.30699167e-01,1.00919419e-01,3.27519097e-01
4.35435435e+00,7.52271972e-03,5.38935639e-02,2.02617940e-02,5.17497679e-02,4.35435435e+00,1.50453028e-02,1.19959847e-01,4.05229350e-02,1.09215857e-01,4.35435435e+00,3.76108585e-02,4.30699167e-01,1.01295904e-01,3.27519097e-01
4.36436436e+00,7.55659087e-03,5.38935639e-02,2.03374356e-02,5.17497679e-02,4.36436436e+00,1.51130505e-02,1.19959847e-01,4.06742167e-02,1.09215857e-01,4.36436436e+00,3.77803216e-02,4.30699167e-01,1.01674085e-01,3.27519097e-01
4.37437437e+00,7.59070811e-03,5.38935639e-02,2.04134187e-02,5.17497679e-02,4.37437437e+00,1.51812905e-02,1.19959847e-01,4.08261816e-02,1.09215857e-01,4.37437437e+00,3.79510176e-02,4.30699167e-01,1.02053975e-01,3.27519097e-01
4.38438438e+00,7.62507306e-03,5.38935639e-02,2.04897457e-02,5.17497679e-02,4.38438438e+00,1.52500260e-02,1.19959847e-01,4.09788345e-02,1.09215857e-01,4.38438438e+00,3.81229546e-02,4.30699167e-01,1.02435586e-01,3.27519097e-01
4.39439439e+00,7.65968737e-03,5.38935639e-02,2.05664193e-02,5.17497679e-02,4.39439439e+00,1.53192603e-02,1.19959847e-01,4.11321805e-02,1.09215857e-01,4.39439439e+00,3.82961410e-02,4.30699167e-01,1.02818931e-01,3.27519097e-01
4.40440440e+00,7.69455268e-03,5.38935639e-02,2.06434418e-02,5.17497679e-02,4.40440440e+00,1.53889969e-02,1.19959847e-01,4.12862245e-02,1.09215857e-01,4.40440440e+00,3.84705850e-02,4.30699167e-01,1.03204022e-01,3.27519097e-01
4.41441441e+00,7.72967068e-03,5.38935639e-02,2.07208159e-02,5.17497679e-02,4.41441441e+00,1.54592389e-02,1.19959847e-01,4.14409716e-02,1.09215857e-01,4.41441441e+00,3.86462950e-02,4.30699167e-01,1.03590872e-01,3.27519097e-01
4.42442442e+00,7.76504304e-03,5.38935639e-02,2.07985441e-02,5.17497679e-02,4.42442442e+00,1.55299897e-02,1.19959847e-01,4.15964270e-02,1.09215857e-01,4.42442442e+00,3.88232795e-02,4.30699167e-01,1.03979493e-01,3.27519097e-01
4.43443443e+00,7.80067145e-03,5.38935639e-02,2.08766288e-02,5.17497679e-02,4.43443443e+00,1.56012528e-02,1.19959847e-01,4.17525957e-02,1.09215857e-01,4.43443443e+00,3.90015471e-02,4.30699167e-01,1.04369899e-01,3.27519097e-01
4.44444444e+00,7.83655763e-03,5.38935639e-02,2.09550729e-02,5.17497679e-02,4.44444444e+00,1.56730316e-02,1.19959847e-01,4.19094829e-02,1.09215857e-01,4.44444444e+00,3.91811062e-02,4.30699167e-01,1.04762103e-01,3.27519097e-01
4.45445445e+00,7.87270330e-03,5.38935639e-02,2.10338787e-02,5.17497679e-02,4.45445445e+00,1.57453295e-02,1.19959847e-01,4.20670938e-02,1.09215857e-01,4.45445445e+00,3.93619655e-02,4.30699167e-01,1.05156116e-01,3.27519097e-01
4.46446446e+00,7.90911018e-03,5.38935639e-02,2.11130490e-02,5.17497679e-02,4.46446446e+00,1.58181500e-02,1.19959847e-01,4.22254336e-02,1.09215857e-01,4.46446446e+00,3.95441338e-02,4.30699167e-01,1.05551953e-01,3.27519097e-01
4.47447447e+00,7.94578004e-03,5.38935639e-02,2.11925863e-02,5.17497679e-02,4.47447447e+00,1.58914965e-02,1.19959847e-01,4.23845077e-02,1.09215857e-01,4.47447447e+00,3.97276199e-02,4.30699167e-01,1.05949627e-01,3.27519097e-01
4.48448448e+00,7.98271462e-03,5.38935639e-02,2.12724934e-02,5.17497679e-02,4.48448448e+00,1.59653727e-02,1.19959847e-01,4.25443212e-02,1.09215857e-01,4.48448448e+00,3.99124325e-02,4.30699167e-01,1.06349151e-01,3.27519097e-01
4.49449449e+00,8.01991571e-03,5.38935639e-02,2.13527728e-02,5.17497679e-02,4.49449449e+00,1.60397820e-02,1.19959847e-01,4.27048796e-02,1.09215857e-01,4.49449449e+00,4.00985807e-02,4.30699167e-01,1.06750538e-01,3.27519097e-01
4.50450450e+00,8.05738509e-03,5.38935639e-02,2.14334273e-02,5.17497679e-02,4.50450450e+00,1.61147280e-02,1.19959847e-01,4.28661882e-02,1.09215857e-01,4.50450450e+00,4.02860735e-02,4.30699167e-01,1.07153802e-01,3.27519097e-01
4.51451451e+00,8.09512457e-03,5.38935639e-02,2.15144596e-02,5.17497679e-02,4.51451451e+00,1.61902145e-02,1.19959847e-01,4.30282524e-02,1.09215857e-01,4.51451451e+00,4.04749198e-02,4.30699167e-01,1.07558957e-01,3.27519097e-01
4.52452452e+00,8.13313596e-03,5.38935639e-02,2.15958724e-02,5.17497679e-02,4.52452452e+00,1.62662448e-02,1.19959847e-01,4.31910776e-02,1.09215857e-01,4.52452452e+00,4.06651288e-02,4.30699167e-01,1.07966015e-01,3.27519097e-01
4.53453453e+00,8.17142109e-03,5.38935639e-02,2.16776684e-02,5.17497679e-02,4.53453453e+00,1.63428229e-02,1.19959847e-01,4.33546695e-02,1.09215857e-01,4.53453453e+00,4.08567097e-02,4.30699167e-01,1.08374991e-01,3.27519097e-01
4.54454454e+00,8.20998180e-03,5.38935639e-02,2.17598504e-02,5.17497679e-02,4.54454454e+00,1.64199522e-02,1.19959847e-01,4.35190334e-02,1.09215857e-01,4.54454454e+00,4.10496719e-02,4.30699167e-01,1.08785899e-01,3.27519097e-01
4.55455455e+00,8.24881997e-03,5.38935639e-02,2.18424211e-02,5.17497679e-02,4.55455455e+00,1.64976367e-02,1.19959847e-01,4.36841749e-02,1.09215857e-01,4.55455455e+00,4.12440246e-02,4.30699167e-01,1.09198752e-01,3.27519097e-01
4.56456456e+00,8.28793745e-03,5.38935639e-02,2.19253835e-02,5.17497679e-02,4.56456456e+00,1.65758799e-02,1.19959847e-01,4.38500996e-02,1.09215857e-01,4.56456456e+00,4.14397772e-02,4.30699167e-01,1.09613564e-01,3.27519097e-01
4.57457457e+00,8.32733613e-03,5.38935639e-02,2.20087402e-02,5.17497679e-02,4.57457457e+00,1.66546857e-02,1.19959847e-01,4.40168132e-02,1.09215857e-01,4.57457457e+00,4.16369394e-02,4.30699167e-01,1.10030351e-01,3.27519097e-01
4.58458458e+00,8.36701792e-03,5.38935639e-02,2.20924941e-02,5.17497679e-02,4.58458458e+00,1.67340579e-02,1.19959847e-01,4.41843212e-02,1.09215857e-01,4.58458458e+00,4.18355205e-02,4.30699167e-01,1.10449125e-01,3.27519097e-01
4.59459459e+00,8.40698473e-03,5.38935639e-02,2.21766481e-02,5.17497679e-02,4.59459459e+00,1.68140003e-02,1.19959847e-01,4.43526296e-02,1.09215857e-01,4.59459459e+00,4.20355303e-02,4.30699167e-01,1.10869901e-01,3.27519097e-01
4.60460460e+00,8.44723849e-03,5.38935639e-02,2.22612051e-02,5.17497679e-02,4.60460460e+00,1.68945168e-02,1.19959847e-01,4.45217438e-02,1.09215857e-01,4.60460460e+00,4.22369785e-02,4.30699167e-01,1.11292693e-01,3.27519097e-01
4.61461461e+00,8.48778114e-03,5.38935639e-02,2.23461678e-02,5.17497679e-02,4.61461461e+00,1.69756113e-02,1.19959847e-01,4.46916699e-02,1.09215857e-01,4.61461461e+00,4.24398748e-02,4.30699167e-01,1.11717517e-01,3.27519097e-01
4.62462462e+00,8.52861466e-03,5.38935639e-02,2.24315394e-02,5.17497679e-02,4.62462462e+00,1.70572876e-02,1.19959847e-01,4.48624135e-02,1.09215857e-01,4.62462462e+00,4.26442292e-02,4.30699167e-01,1.12144386e-01,3.27519097e-01
4.63463463e+00,8.56974100e-03,5.38935639e-02,2.25173226e-02,5.17497679e-02,4.63463463e+00,1.71395499e-02,1.19959847e-01,4.50339806e-02,1.09215857e-01,4.63463463e+00,4.28500514e-02,4.30699167e-01,1.12573315e-01,3.27519097e-01
4.64464464e+00,8.61116216e-03,5.38935639e-02,2.26035204e-02,5.17497679e-02,4.64464464e+00,1.72224019e-02,1.19959847e-01,4.52063770e-02,1.09215857e-01,4.64464464e+00,4.30573517e-02,4.30699167e-01,1.13004320e-01,3.27519097e-01
4.65465465e+00,8.65288015e-03,5.38935639e-02,2.26901358e-02,5.17497679e-02,4.65465465e+00,1.73058478e-02,1.19959847e-01,4.53796087e-02,1.09215857e-01,4.65465465e+00,4.32661400e-02,4.30699167e-01,1.13437414e-01,3.27519097e-01
4.66466466e+00,8.69489698e-03,5.38935639e-02,2.27771718e-02,5.17497679e-02,4.66466466e+00,1.73898916e-02,1.19959847e-01,4.55536817e-02,1.09215857e-01,4.66466466e+00,4.34764265e-02,4.30699167e-01,1.13872614e-01,3.27519097e-01
4.67467467e+00,8.73721469e-03,5.38935639e-02,2.28646314e-02,5.17497679e-02,4.67467467e+00,1.74745373e-02,1.19959847e-01,4.57286020e-02,1.09215857e-01,4.67467467e+00,4.36882215e-02,4.30699167e-01,1.14309933e-01,3.27519097e-01
4.68468468e+00,8.77983532e-03,5.38935639e-02,2.29525176e-02,5.17497679e-02,4.68468468e+00,1.75597892e-02,1.19959847e-01,4.59043756e-02,1.09215857e-01,4.68468468e+00,4.39015353e-02,4.30699167e-01,1.14749388e-01,3.27519097e-01
4.69469469e+00,8.82276096e-03,5.38935639e-02,2.30408336e-02,5.17497679e-02,4.69469469e+00,1.76456512e-02,1.19959847e-01,4.60810088e-02,1.09215857e-01,4.69469469e+00,4.41163782e-02,4.30699167e-01,1.15190994e-01,3.27519097e-01
4.70470470e+00,8.86599366e-03,5.38935639e-02,2.31295823e-02,5.17497679e-02,4.70470470e+00,1.77321275e-02,1.19959847e-01,4.62585076e-02,1.09215857e-01,4.70470470e+00,4.43327608e-02,4.30699167e-01,1.15634765e-01,3.27519097e-01
4.71471471e+00,8.90953554e-03,5.38935639e-02,2.32187668e-02,5.17497679e-02,4.71471471e+00,1.78192225e-02,1.19959847e-01,4.64368781e-02,1.09215857e-01,4.71471471e+00,4.45506935e-02,4.30699167e-01,1.16080718e-01,3.27519097e-01
4.72472472e+00,8.95338871e-03,5.38935639e-02,2.33083903e-02,5.17497679e-02,4.72472472e+00,1.79069402e-02,1.19959847e-01,4.66161268e-02,1.09215857e-01,4.72472472e+00,4.47701872e-02,4.30699167e-01,1.16528868e-01,3.27519097e-01
4.73473473e+00,8.99755529e-03,5.38935639e-02,2.33984559e-02,5.17497679e-02,4.73473473e+00,1.79952850e-02,1.19959847e-01,4.67962598e-02,1.09215857e-01,4.73473473e+00,4.49912523e-02,4.30699167e-01,1.16979231e-01,3.27519097e-01
4.74474474e+00,9.04203742e-03,5.38935639e-02,2.34889668e-02,5.17497679e-02,4.74474474e+00,1.80842611e-02,1.19959847e-01,4.69772834e-02,1.09215857e-01,4.74474474e+00,4.52138999e-02,4.30699167e-01,1.17431822e-01,3.27519097e-01
4.75475475e+00,9.08683727e-03,5.38935639e-02,2.35799261e-02,5.17497679e-02,4.75475475e+00,1.81738729e-02,1.19959847e-01,4.71592041e-02,1.09215857e-01,4.75475475e+00,4.54381406e-02,4.30699167e-01,1.17886659e-01,3.27519097e-01
4.76476476e+00,9.13195702e-03,5.38935639e-02,2.36713371e-02,5.17497679e-02,4.76476476e+00,1.82641247e-02,1.19959847e-01,4.73420281e-02,1.09215857e-01,4.76476476e+00,4.56639856e-02,4.30699167e-01,1.18343756e-01,3.27519097e-01
4.77477477e+00,9.17739885e-03,5.38935639e-02,2.37632030e-02,5.17497679e-02,4.77477477e+00,1.83550209e-02,1.19959847e-01,4.75257621e-02,1.09215857e-01,4.77477477e+00,4.58914458e-02,4.30699167e-01,1.18803129e-01,3.27519097e-01
4.78478478e+00,9.22316498e-03,5.38935639e-02,2.38555270e-02,5.17497679e-02,4.78478478e+00,1.84465660e-02,1.19959847e-01,4.77104124e-02,1.09215857e-01,4.78478478e+00,4.61205324e-02,4.30699167e-01,1.19264796e-01,3.27519097e-01
4.79479479e+00,9.26925763e-03,5.38935639e-02,2.39483123e-02,5.17497679e-02,4.79479479e+00,1.85387643e-02,1.19959847e-01,4.78959856e-02,1.09215857e-01,4.79479479e+00,4.63512565e-02,4.30699167e-01,1.19728773e-01,3.27519097e-01
4.80480480e+00,9.31567905e-03,5.38935639e-02,2.40415624e-02,5.17497679e-02,4.80480480e+00,1.86316205e-02,1.19959847e-01,4.80824883e-02,1.09215857e-01,4.80480480e+00,4.65836295e-02,4.30699167e-01,1.20195076e-01,3.27519097e-01
4.81481481e+00,9.36243148e-03,5.38935639e-02,2.41352804e-02,5.17497679e-02,4.81481481e+00,1.87251389e-02,1.19959847e-01,4.82699271e-02,1.09215857e-01,4.81481481e+00,4.68176627e-02,4.30699167e-01,1.20663721e-01,3.27519097e-01
4.82482482e+00,9.40951721e-03,5.38935639e-02,2.42294697e-02,5.17497679e-02,4.82482482e+00,1.88193242e-02,1.19959847e-01,4.84583088e-02,1.09215857e-01,4.82482482e+00,4.70533677e-02,4.30699167e-01,1.21134725e-01,3.27519097e-01
4.83483483e+00,9.45693853e-03,5.38935639e-02,2.43241338e-02,5.17497679e-02,4.83483483e+00,1.89141809e-02,1.19959847e-01,4.86476399e-02,1.09215857e-01,4.83483483e+00,4.72907559e-02,4.30699167e-01,1.21608106e-01,3.27519097e-01
4.84484484e+00,9.50469775e-03,5.38935639e-02,2.44192759e-02,5.17497679e-02,4.84484484e+00,1.90097137e-02,1.19959847e-01,4.88379273e-02,1.09215857e-01,4.84484484e+00,4.75298390e-02,4.30699167e-01,1.22083881e-01,3.27519097e-01
4.85485485e+00,9.55279720e-03,5.38935639e-02,2.45148995e-02,5.17497679e-02,4.85485485e+00,1.91059272e-02,1.19959847e-01,4.90291779e-02,1.09215857e-01,4.85485485e+00,4.77706288e-02,4.30699167e-01,1.22562065e-01,3.27519097e-01
4.86486486e+00,9.60123921e-03,5.38935639e-02,2.46110080e-02,5.17497679e-02,4.86486486e+00,1.92028261e-02,1.19959847e-01,4.92213983e-02,1.09215857e-01,4.86486486e+00,4.80131369e-02,4.30699167e-01,1.23042677e-01,3.27519097e-01
4.87487487e+00,9.65002616e-03,5.38935639e-02,2.47076049e-02,5.17497679e-02,4.87487487e+00,1.93004152e-02,1.19959847e-01,4.94145957e-02,1.09215857e-01,4.87487487e+00,4.82573754e-02,4.30699167e-01,1.23525734e-01,3.27519097e-01
4.88488488e+00,9.69916041e-03,5.38935639e-02,2.48046936e-02,5.17497679e-02,4.88488488e+00,1.93986992e-02,1.19959847e-01,4.96087769e-02,1.09215857e-01,4.88488488e+00,4.85033562e-02,4.30699167e-01,1.24011253e-01,3.27519097e-01
4.89489489e+00,9.74864437e-03,5.38935639e-02,2.49022776e-02,5.17497679e-02,4.89489489e+00,1.94976829e-02,1.19959847e-01,4.98039489e-02,1.09215857e-01,4.89489489e+00,4.87510915e-02,4.30699167e-01,1.24499252e-01,3.27519097e-01
4.90490490e+00,9.79848044e-03,5.38935639e-02,2.50003605e-02,5.17497679e-02,4.90490490e+00,1.95973711e-02,1.19959847e-01,5.00001187e-02,1.09215857e-01,4.90490490e+00,4.90005933e-02,4.30699167e-01,1.24989748e-01,3.27519097e-01
4.91491491e+00,9.84867107e-03,5.38935639e-02,2.50989458e-02,5.17497679e-02,4.91491491e+00,1.96977688e-02,1.19959847e-01,5.01972936e-02,1.09215857e-01,4.91491491e+00,4.92518739e-02,4.30699167e-01,1.25482760e-01,3.27519097e-01
4.92492492e+00,9.89921869e-03,5.38935639e-02,2.51980371e-02,5.17497679e-02,4.92492492e+00,1.97988807e-02,1.19959847e-01,5.03954806e-02,1.09215857e-01,4.92492492e+00,4.95049457e-02,4.30699167e-01,1.25978305e-01,3.27519097e-01
4.93493493e+00,9.95012578e-03,5.38935639e-02,2.52976379e-02,5.17497679e-02,4.93493493e+00,1.99007119e-02,1.19959847e-01,5.05946869e-02,1.09215857e-01,4.93493493e+00,4.97598211e-02,4.30699167e-01,1.26476401e-01,3.27519097e-01
4.94494494e+00,1.00013948e-02,5.38935639e-02,2.53977520e-02,5.17497679e-02,4.94494494e+00,2.00032673e-02,1.19959847e-01,5.07949198e-02,1.09215857e-01,4.94494494e+00,5.00165126e-02,4.30699167e-01,1.26977067e-01,3.27519097e-01
4.95495495e+00,1.00530283e-02,5.38935639e-02,2.54983829e-02,5.17497679e-02,4.95495495e+00,2.01065519e-02,1.19959847e-01,5.09961866e-02,1.09215857e-01,4.95495495e+00,5.02750330e-02,4.30699167e-01,1.27480321e-01,3.27519097e-01
4.96496496e+00,1.01050288e-02,5.38935639e-02,2.55995343e-02,5.17497679e-02,4.96496496e+00,2.02105709e-02,1.19959847e-01,5.11984946e-02,1.09215857e-01,4.96496496e+00,5.05353948e-02,4.30699167e-01,1.27986180e-01,3.27519097e-01
4.97497497e+00,1.01573988e-02,5.38935639e-02,2.57012100e-02,5.17497679e-02,4.97497497e+00,2.03153292e-02,1.19959847e-01,5.14018513e-02,1.09215857e-01,4.97497497e+00,5.07976110e-02,4.30699167e-01,1.28494665e-01,3.27519097e-01
4.98498498e+00,1.02101409e-02,5.38935639e-02,2.58034136e-02,5.17497679e-02,4.98498498e+00,2.04208320e-02,1.19959847e-01,5.16062640e-02,1.09215857e-01,4.98498498e+00,5.10616944e-02,4.30699167e-01,1.29005793e-01,3.27519097e-01
4.99499499e+00,1.02632576e-02,5.38935639e-02,2.59061489e-02,5.17497679e-02,4.99499499e+00,2.05270844e-02,1.19959847e-01,5.18117403e-02,1.09215857e-01,4.99499499e+00,5.13276580e-02,4.30699167e-01,1.29519584e-01,3.27519097e-01
5.00500501e+00,1.03167516e-02,5.38935639e-02,2.60094197e-02,5.17497679e-02,5.00500501e+00,2.06340917e-02,1.19959847e-01,5.20182878e-02,1.09215857e-01,5.00500501e+00,5.15955150e-02,4.30699167e-01,1.30036055e-01,3.27519097e-01
5.01501502e+00,1.03706254e-02,5.38935639e-02,2.61132298e-02,5.17497679e-02,5.01501502e+00,2.07418592e-02,1.19959847e-01,5.22259140e-02,1.09215857e-01,5.01501502e+00,5.18652785e-02,4.30699167e-01,1.30555227e-01,3.27519097e-01
5.02502503e+00,1.04248818e-02,5.38935639e-02,2.62175829e-02,5.17497679e-02,5.02502503e+00,2.08503920e-02,1.19959847e-01,5.24346266e-02,1.09215857e-01,5.02502503e+00,5.21369618e-02,4.30699167e-01,1.31077119e-01,3.27519097e-01
5.03503504e+00,1.04795233e-02,5.38935639e-02,2.63224831e-02,5.17497679e-02,5.03503504e+00,2.09596954e-02,1.19959847e-01,5.26444334e-02,1.09215857e-01,5.03503504e+00,5.24105784e-02,4.30699167e-01,1.31601749e-01,3.27519097e-01
5.04504505e+00,1.05345526e-02,5.38935639e-02,2.64279340e-02,5.17497679e-02,5.04504505e+00,2.10697750e-02,1.19959847e-01,5.28553421e-02,1.09215857e-01,5.04504505e+00,5.26861418e-02,4.30699167e-01,1.32129138e-01,3.27519097e-01
5.05505506e+00,1.05899725e-02,5.38935639e-02,2.65339398e-02,5.17497679e-02,5.05505506e+00,2.11806359e-02,1.19959847e-01,5.30673604e-02,1.09215857e-01,5.05505506e+00,5.29636654e-02,4.30699167e-01,1.32659305e-01,3.27519097e-01
5.06506507e+00,1.06457856e-02,5.38935639e-02,2.66405042e-02,5.17497679e-02,5.06506507e+00,2.12922838e-02,1.19959847e-01,5.32804964e-02,1.09215857e-01,5.06506507e+00,5.32431631e-02,4.30699167e-01,1.33192269e-01,3.27519097e-01
5.07507508e+00,1.07019947e-02,5.38935639e-02,2.67476313e-02,5.17497679e-02,5.07507508e+00,2.14047239e-02,1.19959847e-01,5.34947579e-02,1.09215857e-01,5.07507508e+00,5.35246486e-02,4.30699167e-01,1.33728052e-01,3.27519097e-01
5.08508509e+00,1.07586025e-02,5.38935639e-02,2.68553250e-02,5.17497679e-02,5.08508509e+00,2.15179619e-02,1.19959847e-01,5.37101529e-02,1.09215857e-01,5.08508509e+00,5.38081358e-02,4.30699167e-01,1.34266672e-01,3.27519097e-01
5.09509510e+00,1.08156118e-02,5.38935639e-02,2.69635894e-02,5.17497679e-02,5.09509510e+00,2.16320034e-02,1.19959847e-01,5.39266895e-02,1.09215857e-01,5.09509510e+00,5.40936387e-02,4.30699167e-01,1.34808149e-01,3.27519097e-01
5.10510511e+00,1.08730254e-02,5.38935639e-02,2.70724285e-02,5.17497679e-02,5.10510511e+00,2.17468538e-02,1.19959847e-01,5.41443757e-02,1.09215857e-01,5.10510511e+00,5.43811715e-02,4.30699167e-01,1.35352505e-01,3.27519097e-01
5.11511512e+00,1.09308461e-02,5.38935639e-02,2.71818463e-02,5.17497679e-02,5.11511512e+00,2.18625189e-02,1.19959847e-01,5.43632198e-02,1.09215857e-01,5.11511512e+00,5.46707483e-02,4.30699167e-01,1.35899760e-01,3.27519097e-01
5.12512513e+00,1.09890767e-02,5.38935639e-02,2.72918471e-02,5.17497679e-02,5.12512513e+00,2.19790042e-02,1.19959847e-01,5.45832298e-02,1.09215857e-01,5.12512513e+00,5.49623834e-02,4.30699167e-01,1.36449934e-01,3.27519097e-01
5.13513514e+00,1.10477201e-02,5.38935639e-02,2.74024349e-02,5.17497679e-02,5.13513514e+00,2.20963156e-02,1.19959847e-01,5.48044142e-02,1.09215857e-01,5.13513514e+00,5.52560914e-02,4.30699167e-01,1.37003048e-01,3.27519097e-01
5.14514515e+00,1.11067792e-02,5.38935639e-02,2.75136139e-02,5.17497679e-02,5.14514515e+00,2.22144588e-02,1.19959847e-01,5.50267811e-02,1.09215857e-01,5.14514515e+00,5.55518866e-02,4.30699167e-01,1.37559123e-01,3.27519097e-01
5.15515516e+00,1.11662569e-02,5.38935639e-02,2.76253882e-02,5.17497679e-02,5.15515516e+00,2.23334395e-02,1.19959847e-01,5.52503391e-02,1.09215857e-01,5.15515516e+00,5.58497837e-02,4.30699167e-01,1.38118180e-01,3.27519097e-01
5.16516517e+00,1.12261560e-02,5.38935639e-02,2.77377622e-02,5.17497679e-02,5.16516517e+00,2.24532636e-02,1.19959847e-01,5.54750965e-02,1.09215857e-01,5.16516517e+00,5.61497976e-02,4.30699167e-01,1.38680240e-01,3.27519097e-01
5.17517518e+00,1.12864795e-02,5.38935639e-02,2.78507399e-02,5.17497679e-02,5.17517518e+00,2.25739371e-02,1.19959847e-01,5.57010618e-02,1.09215857e-01,5.17517518e+00,5.64519429e-02,4.30699167e-01,1.39245325e-01,3.27519097e-01
5.18518519e+00,1.13472304e-02,5.38935639e-02,2.79643258e-02,5.17497679e-02,5.18518519e+00,2.26954658e-02,1.19959847e-01,5.59282436e-02,1.09215857e-01,5.18518519e+00,5.67562347e-02,4.30699167e-01,1.39813455e-01,3.27519097e-01
5.19519520e+00,1.14084117e-02,5.38935639e-02,2.80785241e-02,5.17497679e-02,5.19519520e+00,2.28178557e-02,1.19959847e-01,5.61566506e-02,1.09215857e-01,5.19519520e+00,5.70626881e-02,4.30699167e-01,1.40384653e-01,3.27519097e-01
5.20520521e+00,1.14700263e-02,5.38935639e-02,2.81933392e-02,5.17497679e-02,5.20520521e+00,2.29411128e-02,1.19959847e-01,5.63862914e-02,1.09215857e-01,5.20520521e+00,5.73713181e-02,4.30699167e-01,1.40958941e-01,3.27519097e-01
5.21521522e+00,1.15320773e-02,5.38935639e-02,2.83087754e-02,5.17497679e-02,5.21521522e+00,2.30652431e-02,1.19959847e-01,5.66171747e-02,1.09215857e-01,5.21521522e+00,5.76821402e-02,4.30699167e-01,1.41536339e-01,3.27519097e-01
5.22522523e+00,1.15945678e-02,5.38935639e-02,2.84248372e-02,5.17497679e-02,5.22522523e+00,2.31902529e-02,1.19959847e-01,5.68493093e-02,1.09215857e-01,5.22522523e+00,5.79951697e-02,4.30699167e-01,1.42116872e-01,3.27519097e-01
5.23523524e+00,1.16575007e-02,5.38935639e-02,2.85415289e-02,5.17497679e-02,5.23523524e+00,2.33161481e-02,1.19959847e-01,5.70827042e-02,1.09215857e-01,5.23523524e+00,5.83104222e-02,4.30699167e-01,1.42700560e-01,3.27519097e-01
5.24524525e+00,1.17208792e-02,5.38935639e-02,2.86588550e-02,5.17497679e-02,5.24524525e+00,2.34429351e-02,1.19959847e-01,5.73173682e-02,1.09215857e-01,5.24524525e+00,5.86279132e-02,4.30699167e-01,1.43287426e-01,3.27519097e-01
5.25525526e+00,1.17847064e-02,5.38935639e-02,2.87768200e-02,5.17497679e-02,5.25525526e+00,2.35706199e-02,1.19959847e-01,5.75533104e-02,1.09215857e-01,5.25525526e+00,5.89476585e-02,4.30699167e-01,1.43877492e-01,3.27519097e-01
5.26526527e+00,1.18489855e-02,5.38935639e-02,2.88954285e-02,5.17497679e-02,5.26526527e+00,2.36992090e-02,1.19959847e-01,5.77905397e-02,1.09215857e-01,5.26526527e+00,5.92696740e-02,4.30699167e-01,1.44470782e-01,3.27519097e-01
5.27527528e+00,1.19137195e-02,5.38935639e-02,2.90146849e-02,5.17497679e-02,5.27527528e+00,2.38287087e-02,1.19959847e-01,5.80290653e-02,1.09215857e-01,5.27527528e+00,5.95939756e-02,4.30699167e-01,1.45067319e-01,3.27519097e-01
5.28528529e+00,1.19789117e-02,5.38935639e-02,2.91345939e-02,5.17497679e-02,5.28528529e+00,2.39591252e-02,1.19959847e-01,5.82688964e-02,1.09215857e-01,5.28528529e+00,5.99205794e-02,4.30699167e-01,1.45667124e-01,3.27519097e-01
5.29529530e+00,1.20445653e-02,5.38935639e-02,2.92551602e-02,5.17497679e-02,5.29529530e+00,2.40904651e-02,1.19959847e-01,5.85100422e-02,1.09215857e-01,5.29529530e+00,6.02495018e-02,4.30699167e-01,1.46270222e-01,3.27519097e-01
5.30530531e+00,1.21106834e-02,5.38935639e-02,2.93763882e-02,5.17497679e-02,5.30530531e+00,2.42227347e-02,1.19959847e-01,5.87525120e-02,1.09215857e-01,5.30530531e+00,6.05807588e-02,4.30699167e-01,1.46876636e-01,3.27519097e-01
5.31531532e+00,1.21772695e-02,5.38935639e-02,2.94982828e-02,5.17497679e-02,5.31531532e+00,2.43559407e-02,1.19959847e-01,5.89963152e-02,1.09215857e-01,5.31531532e+00,6.09143672e-02,4.30699167e-01,1.47486390e-01,3.27519097e-01
5.32532533e+00,1.22443266e-02,5.38935639e-02,2.96208486e-02,5.17497679e-02,5.32532533e+00,2.44900895e-02,1.19959847e-01,5.92414612e-02,1.09215857e-01,5.32532533e+00,6.12503433e-02,4.30699167e-01,1.48099506e-01,3.27519097e-01
5.33533534e+00,1.23118582e-02,5.38935639e-02,2.97440905e-02,5.17497679e-02,5.33533534e+00,2.46251877e-02,1.19959847e-01,5.94879596e-02,1.09215857e-01,5.33533534e+00,6.15887039e-02,4.30699167e-01,1.48716010e-01,3.27519097e-01
5.34534535e+00,1.23798675e-02,5.38935639e-02,2.98680131e-02,5.17497679e-02,5.34534535e+00,2.47612421e-02,1.19959847e-01,5.97358199e-02,1.09215857e-01,5.34534535e+00,6.19294658e-02,4.30699167e-01,1.49335924e-01,3.27519097e-01
5.35535536e+00,1.24483578e-02,5.38935639e-02,2.99926213e-02,5.17497679e-02,5.35535536e+00,2.48982592e-02,1.19959847e-01,5.99850517e-02,1.09215857e-01,5.35535536e+00,6.22726460e-02,4.30699167e-01,1.49959274e-01,3.27519097e-01
5.36536537e+00,1.25173326e-02,5.38935639e-02,3.01179199e-02,5.17497679e-02,5.36536537e+00,2.50362459e-02,1.19959847e-01,6.02356648e-02,1.09215857e-01,5.36536537e+00,6.26182615e-02,4.30699167e-01,1.50586084e-01,3.27519097e-01
5.37537538e+00,1.25867953e-02,5.38935639e-02,3.02439138e-02,5.17497679e-02,5.37537538e+00,2.51752090e-02,1.19959847e-01,6.04876689e-02,1.09215857e-01,5.37537538e+00,6.29663295e-02,4.30699167e-01,1.51216377e-01,3.27519097e-01
5.38538539e+00,1.26567492e-02,5.38935639e-02,3.03706080e-02,5.17497679e-02,5.38538539e+00,2.53151552e-02,1.19959847e-01,6.07410739e-02,1.09215857e-01,5.38538539e+00,6.33168673e-02,4.30699167e-01,1.51850180e-01,3.27519097e-01
5.39539540e+00,1.27271978e-02,5.38935639e-02,3.04980074e-02,5.17497679e-02,5.39539540e+00,2.54560915e-02,1.19959847e-01,6.09958896e-02,1.09215857e-01,5.39539540e+00,6.36698924e-02,4.30699167e-01,1.52487516e-01,3.27519097e-01
5.40540541e+00,1.27981446e-02,5.38935639e-02,3.06261169e-02,5.17497679e-02,5.40540541e+00,2.55980249e-02,1.19959847e-01,6.12521261e-02,1.09215857e-01,5.40540541e+00,6.40254222e-02,4.30699167e-01,1.53128411e-01,3.27519097e-01
5.41541542e+00,1.28695931e-02,5.38935639e-02,3.07549417e-02,5.17497679e-02,5.41541542e+00,2.57409622e-02,1.19959847e-01,6.15097934e-02,1.09215857e-01,5.41541542e+00,6.43834746e-02,4.30699167e-01,1.53772890e-01,3.27519097e-01
5.42542543e+00,1.29415467e-02,5.38935639e-02,3.08844867e-02,5.17497679e-02,5.42542543e+00,2.58849107e-02,1.19959847e-01,6.17689016e-02,1.09215857e-01,5.42542543e+00,6.47440674e-02,4.30699167e-01,1.54420979e-01,3.27519097e-01
5.43543544e+00,1.30140090e-02,5.38935639e-02,3.10147571e-02,5.17497679e-02,5.43543544e+00,2.60298772e-02,1.19959847e-01,6.20294609e-02,1.09215857e-01,5.43543544e+00,6.51072184e-02,4.30699167e-01,1.55072703e-01,3.27519097e-01
5.44544545e+00,1.30869836e-02,5.38935639e-02,3.11457579e-02,5.17497679e-02,5.44544545e+00,2.61758691e-02,1.19959847e-01,6.22914816e-02,1.09215857e-01,5.44544545e+00,6.54729458e-02,4.30699167e-01,1.55728088e-01,3.27519097e-01
5.45545546e+00,1.31604740e-02,5.38935639e-02,3.12774944e-02,5.17497679e-02,5.45545546e+00,2.63228935e-02,1.19959847e-01,6.25549740e-02,1.09215857e-01,5.45545546e+00,6.58412679e-02,4.30699167e-01,1.56387160e-01,3.27519097e-01
5.46546547e+00,1.32344840e-02,5.38935639e-02,3.14099717e-02,5.17497679e-02,5.46546547e+00,2.64709577e-02,1.19959847e-01,6.28199486e-02,1.09215857e-01,5.46546547e+00,6.62122029e-02,4.30699167e-01,1.57049944e-01,3.27519097e-01
5.47547548e+00,1.33090171e-02,5.38935639e-02,3.15431951e-02,5.17497679e-02,5.47547548e+00,2.66200689e-02,1.19959847e-01,6.30864158e-02,1.09215857e-01,5.47547548e+00,6.65857694e-02,4.30699167e-01,1.57716469e-01,3.27519097e-01
5.48548549e+00,1.33840769e-02,5.38935639e-02,3.16771698e-02,5.17497679e-02,5.48548549e+00,2.67702344e-02,1.19959847e-01,6.33543861e-02,1.09215857e-01,5.48548549e+00,6.69619859e-02,4.30699167e-01,1.58386759e-01,3.27519097e-01
5.49549550e+00,1.34596673e-02,5.38935639e-02,3.18119012e-02,5.17497679e-02,5.49549550e+00,2.69214618e-02,1.19959847e-01,6.36238702e-02,1.09215857e-01,5.49549550e+00,6.73408713e-02,4.30699167e-01,1.59060841e-01,3.27519097e-01
5.50550551e+00,1.35357919e-02,5.38935639e-02,3.19473947e-02,5.17497679e-02,5.50550551e+00,2.70737585e-02,1.19959847e-01,6.38948788e-02,1.09215857e-01,5.50550551e+00,6.77224444e-02,4.30699167e-01,1.59738744e-01,3.27519097e-01
5.51551552e+00,1.36124544e-02,5.38935639e-02,3.20836555e-02,5.17497679e-02,5.51551552e+00,2.72271320e-02,1.19959847e-01,6.41674226e-02,1.09215857e-01,5.51551552e+00,6.81067242e-02,4.30699167e-01,1.60420493e-01,3.27519097e-01
5.52552553e+00,1.36896587e-02,5.38935639e-02,3.22206891e-02,5.17497679e-02,5.52552553e+00,2.73815897e-02,1.19959847e-01,6.44415126e-02,1.09215857e-01,5.52552553e+00,6.84937301e-02,4.30699167e-01,1.61106116e-01,3.27519097e-01
5.53553554e+00,1.37674086e-02,5.38935639e-02,3.23585010e-02,5.17497679e-02,5.53553554e+00,2.75371395e-02,1.19959847e-01,6.47171597e-02,1.09215857e-01,5.53553554e+00,6.88834811e-02,4.30699167e-01,1.61795640e-01,3.27519097e-01
5.54554555e+00,1.38457078e-02,5.38935639e-02,3.24970967e-02,5.17497679e-02,5.54554555e+00,2.76937889e-02,1.19959847e-01,6.49943748e-02,1.09215857e-01,5.54554555e+00,6.92759969e-02,4.30699167e-01,1.62489094e-01,3.27519097e-01
5.55555556e+00,1.39245602e-02,5.38935639e-02,3.26364816e-02,5.17497679e-02,5.55555556e+00,2.78515456e-02,1.19959847e-01,6.52731690e-02,1.09215857e-01,5.55555556e+00,6.96712971e-02,4.30699167e-01,1.63186504e-01,3.27519097e-01
5.56556557e+00,1.40039698e-02,5.38935639e-02,3.27766615e-02,5.17497679e-02,5.56556557e+00,2.80104176e-02,1.19959847e-01,6.55535536e-02,1.09215857e-01,5.56556557e+00,7.00694012e-02,4.30699167e-01,1.63887899e-01,3.27519097e-01
5.57557558e+00,1.40839404e-02,5.38935639e-02,3.29176419e-02,5.17497679e-02,5.57557558e+00,2.81704125e-02,1.19959847e-01,6.58355397e-02,1.09215857e-01,5.57557558e+00,7.04703294e-02,4.30699167e-01,1.64593308e-01,3.27519097e-01
5.58558559e+00,1.41644760e-02,5.38935639e-02,3.30594285e-02,5.17497679e-02,5.58558559e+00,2.83315383e-02,1.19959847e-01,6.61191387e-02,1.09215857e-01,5.58558559e+00,7.08741015e-02,4.30699167e-01,1.65302758e-01,3.27519097e-01
5.59559560e+00,1.42455805e-02,5.38935639e-02,3.32020269e-02,5.17497679e-02,5.59559560e+00,2.84938029e-02,1.19959847e-01,6.64043619e-02,1.09215857e-01,5.59559560e+00,7.12807378e-02,4.30699167e-01,1.66016279e-01,3.27519097e-01
5.60560561e+00,1.43272579e-02,5.38935639e-02,3.33454429e-02,5.17497679e-02,5.60560561e+00,2.86572145e-02,1.19959847e-01,6.66912209e-02,1.09215857e-01,5.60560561e+00,7.16902585e-02,4.30699167e-01,1.66733900e-01,3.27519097e-01
5.61561562e+00,1.44095123e-02,5.38935639e-02,3.34896822e-02,5.17497679e-02,5.61561562e+00,2.88217809e-02,1.19959847e-01,6.69797272e-02,1.09215857e-01,5.61561562e+00,7.21026843e-02,4.30699167e-01,1.67455648e-01,3.27519097e-01
5.62562563e+00,1.44923477e-02,5.38935639e-02,3.36347508e-02,5.17497679e-02,5.62562563e+00,2.89875104e-02,1.19959847e-01,6.72698925e-02,1.09215857e-01,5.62562563e+00,7.25180356e-02,4.30699167e-01,1.68181554e-01,3.27519097e-01
5.63563564e+00,1.45757682e-02,5.38935639e-02,3.37806543e-02,5.17497679e-02,5.63563564e+00,2.91544111e-02,1.19959847e-01,6.75617285e-02,1.09215857e-01,5.63563564e+00,7.29363333e-02,4.30699167e-01,1.68911648e-01,3.27519097e-01
5.64564565e+00,1.46597780e-02,5.38935639e-02,3.39273989e-02,5.17497679e-02,5.64564565e+00,2.93224914e-02,1.19959847e-01,6.78552469e-02,1.09215857e-01,5.64564565e+00,7.33575983e-02,4.30699167e-01,1.69645958e-01,3.27519097e-01
5.65565566e+00,1.47443810e-02,5.38935639e-02,3.40749903e-02,5.17497679e-02,5.65565566e+00,2.94917594e-02,1.19959847e-01,6.81504597e-02,1.09215857e-01,5.65565566e+00,7.37818517e-02,4.30699167e-01,1.70384515e-01,3.27519097e-01
5.66566567e+00,1.48295816e-02,5.38935639e-02,3.42234345e-02,5.17497679e-02,5.66566567e+00,2.96622235e-02,1.19959847e-01,6.84473788e-02,1.09215857e-01,5.66566567e+00,7.42091148e-02,4.30699167e-01,1.71127349e-01,3.27519097e-01
5.67567568e+00,1.49153839e-02,5.38935639e-02,3.43727377e-02,5.17497679e-02,5.67567568e+00,2.98338922e-02,1.19959847e-01,6.87460164e-02,1.09215857e-01,5.67567568e+00,7.46394088e-02,4.30699167e-01,1.71874490e-01,3.27519097e-01
5.68568569e+00,1.50017922e-02,5.38935639e-02,3.45229058e-02,5.17497679e-02,5.68568569e+00,3.00067740e-02,1.19959847e-01,6.90463845e-02,1.09215857e-01,5.68568569e+00,7.50727554e-02,4.30699167e-01,1.72625969e-01,3.27519097e-01
5.69569570e+00,1.50888107e-02,5.38935639e-02,3.46739449e-02,5.17497679e-02,5.69569570e+00,3.01808773e-02,1.19959847e-01,6.93484954e-02,1.09215857e-01,5.69569570e+00,7.55091763e-02,4.30699167e-01,1.73381817e-01,3.27519097e-01
5.70570571e+00,1.51764437e-02,5.38935639e-02,3.48258613e-02,5.17497679e-02,5.70570571e+00,3.03562109e-02,1.19959847e-01,6.96523614e-02,1.09215857e-01,5.70570571e+00,7.59486933e-02,4.30699167e-01,1.74142064e-01,3.27519097e-01
5.71571572e+00,1.52646955e-02,5.38935639e-02,3.49786610e-02,5.17497679e-02,5.71571572e+00,3.05327833e-02,1.19959847e-01,6.99579948e-02,1.09215857e-01,5.71571572e+00,7.63913286e-02,4.30699167e-01,1.74906742e-01,3.27519097e-01
5.72572573e+00,1.53535706e-02,5.38935639e-02,3.51323504e-02,5.17497679e-02,5.72572573e+00,3.07106033e-02,1.19959847e-01,7.02654083e-02,1.09215857e-01,5.72572573e+00,7.68371041e-02,4.30699167e-01,1.75675882e-01,3.27519097e-01
5.73573574e+00,1.54430731e-02,5.38935639e-02,3.52869357e-02,5.17497679e-02,5.73573574e+00,3.08896796e-02,1.19959847e-01,7.05746143e-02,1.09215857e-01,5.73573574e+00,7.72860424e-02,4.30699167e-01,1.76449516e-01,3.27519097e-01
5.74574575e+00,1.55332077e-02,5.38935639e-02,3.54424233e-02,5.17497679e-02,5.74574575e+00,3.10700212e-02,1.19959847e-01,7.08856255e-02,1.09215857e-01,5.74574575e+00,7.77381660e-02,4.30699167e-01,1.77227676e-01,3.27519097e-01
5.75575576e+00,1.56239787e-02,5.38935639e-02,3.55988195e-02,5.17497679e-02,5.75575576e+00,3.12516370e-02,1.19959847e-01,7.11984547e-02,1.09215857e-01,5.75575576e+00,7.81934974e-02,4.30699167e-01,1.78010394e-01,3.27519097e-01
5.76576577e+00,1.57153906e-02,5.38935639e-02,3.57561307e-02,5.17497679e-02,5.76576577e+00,3.14345358e-02,1.19959847e-01,7.15131147e-02,1.09215857e-01,5.76576577e+00,7.86520597e-02,4.30699167e-01,1.78797702e-01,3.27519097e-01
5.77577578e+00,1.58074479e-02,5.38935639e-02,3.59143634e-02,5.17497679e-02,5.77577578e+00,3.16187268e-02,1.19959847e-01,7.18296185e-02,1.09215857e-01,5.77577578e+00,7.91138757e-02,4.30699167e-01,1.79589633e-01,3.27519097e-01
5.78578579e+00,1.59001551e-02,5.38935639e-02,3.60735241e-02,5.17497679e-02,5.78578579e+00,3.18042191e-02,1.19959847e-01,7.21479790e-02,1.09215857e-01,5.78578579e+00,7.95789687e-02,4.30699167e-01,1.80386219e-01,3.27519097e-01
5.79579580e+00,1.59935169e-02,5.38935639e-02,3.62336194e-02,5.17497679e-02,5.79579580e+00,3.19910218e-02,1.19959847e-01,7.24682095e-02,1.09215857e-01,5.79579580e+00,8.00473620e-02,4.30699167e-01,1.81187494e-01,3.27519097e-01
5.80580581e+00,1.60875379e-02,5.38935639e-02,3.63946558e-02,5.17497679e-02,5.80580581e+00,3.21791442e-02,1.19959847e-01,7.27903231e-02,1.09215857e-01,5.80580581e+00,8.05190791e-02,4.30699167e-01,1.81993491e-01,3.27519097e-01
5.81581582e+00,1.61822226e-02,5.38935639e-02,3.65566400e-02,5.17497679e-02,5.81581582e+00,3.23685956e-02,1.19959847e-01,7.31143330e-02,1.09215857e-01,5.81581582e+00,8.09941438e-02,4.30699167e-01,1.82804243e-01,3.27519097e-01
5.82582583e+00,1.62775757e-02,5.38935639e-02,3.67195787e-02,5.17497679e-02,5.82582583e+00,3.25593853e-02,1.19959847e-01,7.34402528e-02,1.09215857e-01,5.82582583e+00,8.14725800e-02,4.30699167e-01,1.83619784e-01,3.27519097e-01
5.83583584e+00,1.63736020e-02,5.38935639e-02,3.68834786e-02,5.17497679e-02,5.83583584e+00,3.27515229e-02,1.19959847e-01,7.37680959e-02,1.09215857e-01,5.83583584e+00,8.19544116e-02,4.30699167e-01,1.84440149e-01,3.27519097e-01
5.84584585e+00,1.64703062e-02,5.38935639e-02,3.70483466e-02,5.17497679e-02,5.84584585e+00,3.29450177e-02,1.19959847e-01,7.40978758e-02,1.09215857e-01,5.84584585e+00,8.24396630e-02,4.30699167e-01,1.85265370e-01,3.27519097e-01
5.85585586e+00,1.65676931e-02,5.38935639e-02,3.72141893e-02,5.17497679e-02,5.85585586e+00,3.31398794e-02,1.19959847e-01,7.44296063e-02,1.09215857e-01,5.85585586e+00,8.29283584e-02,4.30699167e-01,1.86095484e-01,3.27519097e-01
5.86586587e+00,1.66657675e-02,5.38935639e-02,3.73810138e-02,5.17497679e-02,5.86586587e+00,3.33361176e-02,1.19959847e-01,7.47633012e-02,1.09215857e-01,5.86586587e+00,8.34205226e-02,4.30699167e-01,1.86930524e-01,3.27519097e-01
5.87587588e+00,1.67645341e-02,5.38935639e-02,3.75488270e-02,5.17497679e-02,5.87587588e+00,3.35337420e-02,1.19959847e-01,7.50989743e-02,1.09215857e-01,5.87587588e+00,8.39161802e-02,4.30699167e-01,1.87770526e-01,3.27519097e-01
5.88588589e+00,1.68639980e-02,5.38935639e-02,3.77176358e-02,5.17497679e-02,5.88588589e+00,3.37327625e-02,1.19959847e-01,7.54366396e-02,1.09215857e-01,5.88588589e+00,8.44153563e-02,4.30699167e-01,1.88615525e-01,3.27519097e-01
5.89589590e+00,1.69641639e-02,5.38935639e-02,3.78874472e-02,5.17497679e-02,5.89589590e+00,3.39331887e-02,1.19959847e-01,7.57763112e-02,1.09215857e-01,5.89589590e+00,8.49180759e-02,4.30699167e-01,1.89465556e-01,3.27519097e-01
5.90590591e+00,1.70650369e-02,5.38935639e-02,3.80582684e-02,5.17497679e-02,5.90590591e+00,3.41350308e-02,1.19959847e-01,7.61180032e-02,1.09215857e-01,5.90590591e+00,8.54243644e-02,4.30699167e-01,1.90320654e-01,3.27519097e-01
5.91591592e+00,1.71666219e-02,5.38935639e-02,3.82301065e-02,5.17497679e-02,5.91591592e+00,3.43382986e-02,1.19959847e-01,7.64617299e-02,1.09215857e-01,5.91591592e+00,8.59342472e-02,4.30699167e-01,1.91180857e-01,3.27519097e-01
5.92592593e+00,1.72689240e-02,5.38935639e-02,3.84029686e-02,5.17497679e-02,5.92592593e+00,3.45430022e-02,1.19959847e-01,7.68075057e-02,1.09215857e-01,5.92592593e+00,8.64477502e-02,4.30699167e-01,1.92046200e-01,3.27519097e-01
5.93593594e+00,1.73719482e-02,5.38935639e-02,3.85768619e-02,5.17497679e-02,5.93593594e+00,3.47491518e-02,1.19959847e-01,7.71553450e-02,1.09215857e-01,5.93593594e+00,8.69648991e-02,4.30699167e-01,1.92916719e-01,3.27519097e-01
5.94594595e+00,1.74756995e-02,5.38935639e-02,3.87517939e-02,5.17497679e-02,5.94594595e+00,3.49567576e-02,1.19959847e-01,7.75052625e-02,1.09215857e-01,5.94594595e+00,8.74857200e-02,4.30699167e-01,1.93792452e-01,3.27519097e-01
5.95595596e+00,1.75801831e-02,5.38935639e-02,3.89277717e-02,5.17497679e-02,5.95595596e+00,3.51658298e-02,1.19959847e-01,7.78572728e-02,1.09215857e-01,5.95595596e+00,8.80102392e-02,4.30699167e-01,1.94673436e-01,3.27519097e-01
5.96596597e+00,1.76854042e-02,5.38935639e-02,3.91048028e-02,5.17497679e-02,5.96596597e+00,3.53763787e-02,1.19959847e-01,7.82113907e-02,1.09215857e-01,5.96596597e+00,8.85384832e-02,4.30699167e-01,1.95559707e-01,3.27519097e-01
5.97597598e+00,1.77913680e-02,5.38935639e-02,3.92828945e-02,5.17497679e-02,5.97597598e+00,3.55884149e-02,1.19959847e-01,7.85676311e-02,1.09215857e-01,5.97597598e+00,8.90704786e-02,4.30699167e-01,1.96451303e-01,3.27519097e-01
5.98598599e+00,1.78980797e-02,5.38935639e-02,3.94620545e-02,5.17497679e-02,5.98598599e+00,3.58019488e-02,1.19959847e-01,7.89260090e-02,1.09215857e-01,5.98598599e+00,8.96062522e-02,4.30699167e-01,1.97348263e-01,3.27519097e-01
5.99599600e+00,1.80055445e-02,5.38935639e-02,3.96422902e-02,5.17497679e-02,5.99599600e+00,3.60169910e-02,1.19959847e-01,7.92865394e-02,1.09215857e-01,5.99599600e+00,9.01458312e-02,4.30699167e-01,1.98250623e-01,3.27519097e-01
6.00600601e+00,1.81137677e-02,5.38935639e-02,3.98236092e-02,5.17497679e-02,6.00600601e+00,3.62335522e-02,1.19959847e-01,7.96492376e-02,1.09215857e-01,6.00600601e+00,9.06892428e-02,4.30699167e-01,1.99158423e-01,3.27519097e-01
6.01601602e+00,1.82227548e-02,5.38935639e-02,4.00060191e-02,5.17497679e-02,6.01601602e+00,3.64516430e-02,1.19959847e-01,8.00141190e-02,1.09215857e-01,6.01601602e+00,9.12365144e-02,4.30699167e-01,2.00071702e-01,3.27519097e-01
6.02602603e+00,1.83325111e-02,5.38935639e-02,4.01895277e-02,5.17497679e-02,6.02602603e+00,3.66712742e-02,1.19959847e-01,8.03811988e-02,1.09215857e-01,6.02602603e+00,9.17876737e-02,4.30699167e-01,2.00990497e-01,3.27519097e-01
6.03603604e+00,1.84430420e-02,5.38935639e-02,4.03741428e-02,5.17497679e-02,6.03603604e+00,3.68924569e-02,1.19959847e-01,8.07504926e-02,1.09215857e-01,6.03603604e+00,9.23427485e-02,4.30699167e-01,2.01914849e-01,3.27519097e-01
6.04604605e+00,1.85543530e-02,5.38935639e-02,4.05598720e-02,5.17497679e-02,6.04604605e+00,3.71152018e-02,1.19959847e-01,8.11220162e-02,1.09215857e-01,6.04604605e+00,9.29017670e-02,4.30699167e-01,2.02844797e-01,3.27519097e-01
6.05605606e+00,1.86664495e-02,5.38935639e-02,4.07467234e-02,5.17497679e-02,6.05605606e+00,3.73395201e-02,1.19959847e-01,8.14957852e-02,1.09215857e-01,6.05605606e+00,9.34647573e-02,4.30699167e-01,2.03780380e-01,3.27519097e-01
6.06606607e+00,1.87793372e-02,5.38935639e-02,4.09347047e-02,5.17497679e-02,6.06606607e+00,3.75654228e-02,1.19959847e-01,8.18718154e-02,1.09215857e-01,6.06606607e+00,9.40317481e-02,4.30699167e-01,2.04721639e-01,3.27519097e-01
6.07607608e+00,1.88930216e-02,5.38935639e-02,4.11238241e-02,5.17497679e-02,6.07607608e+00,3.77929212e-02,1.19959847e-01,8.22501229e-02,1.09215857e-01,6.07607608e+00,9.46027679e-02,4.30699167e-01,2.05668613e-01,3.27519097e-01
6.08608609e+00,1.90075082e-02,5.38935639e-02,4.13140894e-02,5.17497679e-02,6.08608609e+00,3.80220265e-02,1.19959847e-01,8.26307238e-02,1.09215857e-01,6.08608609e+00,9.51778458e-02,4.30699167e-01,2.06621345e-01,3.27519097e-01
6.09609610e+00,1.91228029e-02,5.38935639e-02,4.15055089e-02,5.17497679e-02,6.09609610e+00,3.82527501e-02,1.19959847e-01,8.30136342e-02,1.09215857e-01,6.09609610e+00,9.57570107e-02,4.30699167e-01,2.07579873e-01,3.27519097e-01
6.10610611e+00,1.92389111e-02,5.38935639e-02,4.16980906e-02,5.17497679e-02,6.10610611e+00,3.84851035e-02,1.19959847e-01,8.33988705e-02,1.09215857e-01,6.10610611e+00,9.63402922e-02,4.30699167e-01,2.08544241e-01,3.27519097e-01
6.11611612e+00,1.93558388e-02,5.38935639e-02,4.18918427e-02,5.17497679e-02,6.11611612e+00,3.87190980e-02,1.19959847e-01,8.37864490e-02,1.09215857e-01,6.11611612e+00,9.69277197e-02,4.30699167e-01,2.09514488e-01,3.27519097e-01
6.12612613e+00,1.94735917e-02,5.38935639e-02,4.20867735e-02,5.17497679e-02,6.12612613e+00,3.89547454e-02,1.19959847e-01,8.41763864e-02,1.09215857e-01,6.12612613e+00,9.75193230e-02,4.30699167e-01,2.10490657e-01,3.27519097e-01
6.13613614e+00,1.95921755e-02,5.38935639e-02,4.22828914e-02,5.17497679e-02,6.13613614e+00,3.91920573e-02,1.19959847e-01,8.45686993e-02,1.09215857e-01,6.13613614e+00,9.81151321e-02,4.30699167e-01,2.11472791e-01,3.27519097e-01
6.14614615e+00,1.97115962e-02,5.38935639e-02,4.24802047e-02,5.17497679e-02,6.14614615e+00,3.94310455e-02,1.19959847e-01,8.49634045e-02,1.09215857e-01,6.14614615e+00,9.87151773e-02,4.30699167e-01,2.12460931e-01,3.27519097e-01
6.15615616e+00,1.98318596e-02,5.38935639e-02,4.26787218e-02,5.17497679e-02,6.15615616e+00,3.96717218e-02,1.19959847e-01,8.53605188e-02,1.09215857e-01,6.15615616e+00,9.93194890e-02,4.30699167e-01,2.13455120e-01,3.27519097e-01
6.16616617e+00,1.99529718e-02,5.38935639e-02,4.28784513e-02,5.17497679e-02,6.16616617e+00,3.99140982e-02,1.19959847e-01,8.57600593e-02,1.09215857e-01,6.16616617e+00,9.99280979e-02,4.30699167e-01,2.14455401e-01,3.27519097e-01
6.17617618e+00,2.00749386e-02,5.38935639e-02,4.30794016e-02,5.17497679e-02,6.17617618e+00,4.01581867e-02,1.19959847e-01,8.61620432e-02,1.09215857e-01,6.17617618e+00,1.00541035e-01,4.30699167e-01,2.15461818e-01,3.27519097e-01
6.18618619e+00,2.01977661e-02,5.38935639e-02,4.32815814e-02,5.17497679e-02,6.18618619e+00,4.04039993e-02,1.19959847e-01,8.65664876e-02,1.09215857e-01,6.18618619e+00,1.01158331e-01,4.30699167e-01,2.16474414e-01,3.27519097e-01
6.19619620e+00,2.03214604e-02,5.38935639e-02,4.34849995e-02,5.17497679e-02,6.19619620e+00,4.06515484e-02,1.19959847e-01,8.69734100e-02,1.09215857e-01,6.19619620e+00,1.01780018e-01,4.30699167e-01,2.17493233e-01,3.27519097e-01
6.20620621e+00,2.04460276e-02,5.38935639e-02,4.36896644e-02,5.17497679e-02,6.20620621e+00,4.09008461e-02,1.19959847e-01,8.73828279e-02,1.09215857e-01,6.20620621e+00,1.02406127e-01,4.30699167e-01,2.18518319e-01,3.27519097e-01
6.21621622e+00,2.05714739e-02,5.38935639e-02,4.38955851e-02,5.17497679e-02,6.21621622e+00,4.11519048e-02,1.19959847e-01,8.77947589e-02,1.09215857e-01,6.21621622e+00,1.03036690e-01,4.30699167e-01,2.19549717e-01,3.27519097e-01
6.22622623e+00,2.06978053e-02,5.38935639e-02,4.41027703e-02,5.17497679e-02,6.22622623e+00,4.14047370e-02,1.19959847e-01,8.82092207e-02,1.09215857e-01,6.22622623e+00,1.03671740e-01,4.30699167e-01,2.20587473e-01,3.27519097e-01
6.23623624e+00,2.08250283e-02,5.38935639e-02,4.43112290e-02,5.17497679e-02,6.23623624e+00,4.16593552e-02,1.19959847e-01,8.86262313e-02,1.09215857e-01,6.23623624e+00,1.04311307e-01,4.30699167e-01,2.21631630e-01,3.27519097e-01
6.24624625e+00,2.09531491e-02,5.38935639e-02,4.45209703e-02,5.17497679e-02,6.24624625e+00,4.19157721e-02,1.19959847e-01,8.90458086e-02,1.09215857e-01,6.24624625e+00,1.04955426e-01,4.30699167e-01,2.22682235e-01,3.27519097e-01
6.25625626e+00,2.10821739e-02,5.38935639e-02,4.47320030e-02,5.17497679e-02,6.25625626e+00,4.21740003e-02,1.19959847e-01,8.94679707e-02,1.09215857e-01,6.25625626e+00,1.05604129e-01,4.30699167e-01,2.23739333e-01,3.27519097e-01
6.26626627e+00,2.12121093e-02,5.38935639e-02,4.49443365e-02,5.17497679e-02,6.26626627e+00,4.24340528e-02,1.19959847e-01,8.98927360e-02,1.09215857e-01,6.26626627e+00,1.06257449e-01,4.30699167e-01,2.24802971e-01,3.27519097e-01
6.27627628e+00,2.13429616e-02,5.38935639e-02,4.51579797e-02,5.17497679e-02,6.27627628e+00,4.26959423e-02,1.19959847e-01,9.03201228e-02,1.09215857e-01,6.27627628e+00,1.06915418e-01,4.30699167e-01,2.25873196e-01,3.27519097e-01
6.28628629e+00,2.14747372e-02,5.38935639e-02,4.53729421e-02,5.17497679e-02,6.28628629e+00,4.29596819e-02,1.19959847e-01,9.07501497e-02,1.09215857e-01,6.28628629e+00,1.07578072e-01,4.30699167e-01,2.26950053e-01,3.27519097e-01
6.29629630e+00,2.16074428e-02,5.38935639e-02,4.55892328e-02,5.17497679e-02,6.29629630e+00,4.32252848e-02,1.19959847e-01,9.11828352e-02,1.09215857e-01,6.29629630e+00,1.08245443e-01,4.30699167e-01,2.28033591e-01,3.27519097e-01
6.30630631e+00,2.17410848e-02,5.38935639e-02,4.58068613e-02,5.17497679e-02,6.30630631e+00,4.34927639e-02,1.19959847e-01,9.16181982e-02,1.09215857e-01,6.30630631e+00,1.08917566e-01,4.30699167e-01,2.29123857e-01,3.27519097e-01
6.31631632e+00,2.18756699e-02,5.38935639e-02,4.60258369e-02,5.17497679e-02,6.31631632e+00,4.37621328e-02,1.19959847e-01,9.20562576e-02,1.09215857e-01,6.31631632e+00,1.09594475e-01,4.30699167e-01,2.30220899e-01,3.27519097e-01
6.32632633e+00,2.20112047e-02,5.38935639e-02,4.62461693e-02,5.17497679e-02,6.32632633e+00,4.40334046e-02,1.19959847e-01,9.24970324e-02,1.09215857e-01,6.32632633e+00,1.10276204e-01,4.30699167e-01,2.31324765e-01,3.27519097e-01
6.33633634e+00,2.21476959e-02,5.38935639e-02,4.64678680e-02,5.17497679e-02,6.33633634e+00,4.43065930e-02,1.19959847e-01,9.29405419e-02,1.09215857e-01,6.33633634e+00,1.10962789e-01,4.30699167e-01,2.32435503e-01,3.27519097e-01
6.34634635e+00,2.22851503e-02,5.38935639e-02,4.66909425e-02,5.17497679e-02,6.34634635e+00,4.45817114e-02,1.19959847e-01,9.33868053e-02,1.09215857e-01,6.34634635e+00,1.11654265e-01,4.30699167e-01,2.33553164e-01,3.27519097e-01
6.35635636e+00,2.24235746e-02,5.38935639e-02,4.69154027e-02,5.17497679e-02,6.35635636e+00,4.48587735e-02,1.19959847e-01,9.38358420e-02,1.09215857e-01,6.35635636e+00,1.12350666e-01,4.30699167e-01,2.34677795e-01,3.27519097e-01
6.36636637e+00,2.25629758e-02,5.38935639e-02,4.71412584e-02,5.17497679e-02,6.36636637e+00,4.51377931e-02,1.19959847e-01,9.42876718e-02,1.09215857e-01,6.36636637e+00,1.13052028e-01,4.30699167e-01,2.35809447e-01,3.27519097e-01
6.37637638e+00,2.27033607e-02,5.38935639e-02,4.73685192e-02,5.17497679e-02,6.37637638e+00,4.54187840e-02,1.19959847e-01,9.47423143e-02,1.09215857e-01,6.37637638e+00,1.13758388e-01,4.30699167e-01,2.36948170e-01,3.27519097e-01
6.38638639e+00,2.28447362e-02,5.38935639e-02,4.75971953e-02,5.17497679e-02,6.38638639e+00,4.57017602e-02,1.19959847e-01,9.51997893e-02,1.09215857e-01,6.38638639e+00,1.14469782e-01,4.30699167e-01,2.38094013e-01,3.27519097e-01
6.39639640e+00,2.29871093e-02,5.38935639e-02,4.78272965e-02,5.17497679e-02,6.39639640e+00,4.59867358e-02,1.19959847e-01,9.56601170e-02,1.09215857e-01,6.39639640e+00,1.15186246e-01,4.30699167e-01,2.39247029e-01,3.27519097e-01
6.40640641e+00,2.31304872e-02,5.38935639e-02,4.80588329e-02,5.17497679e-02,6.40640641e+00,4.62737248e-02,1.19959847e-01,9.61233175e-02,1.09215857e-01,6.40640641e+00,1.15907816e-01,4.30699167e-01,2.40407267e-01,3.27519097e-01
6.41641642e+00,2.32748768e-02,5.38935639e-02,4.82918146e-02,5.17497679e-02,6.41641642e+00,4.65627417e-02,1.19959847e-01,9.65894110e-02,1.09215857e-01,6.41641642e+00,1.16634531e-01,4.30699167e-01,2.41574780e-01,3.27519097e-01
6.42642643e+00,2.34202853e-02,5.38935639e-02,4.85262519e-02,5.17497679e-02,6.42642643e+00,4.68538006e-02,1.19959847e-01,9.70584180e-02,1.09215857e-01,6.42642643e+00,1.17366426e-01,4.30699167e-01,2.42749619e-01,3.27519097e-01
6.43643644e+00,2.35667199e-02,5.38935639e-02,4.87621550e-02,5.17497679e-02,6.43643644e+00,4.71469161e-02,1.19959847e-01,9.75303591e-02,1.09215857e-01,6.43643644e+00,1.18103540e-01,4.30699167e-01,2.43931837e-01,3.27519097e-01
6.44644645e+00,2.37141878e-02,5.38935639e-02,4.89995343e-02,5.17497679e-02,6.44644645e+00,4.74421028e-02,1.19959847e-01,9.80052550e-02,1.09215857e-01,6.44644645e+00,1.18845911e-01,4.30699167e-01,2.45121485e-01,3.27519097e-01
6.45645646e+00,2.38626964e-02,5.38935639e-02,4.92384001e-02,5.17497679e-02,6.45645646e+00,4.77393753e-02,1.19959847e-01,9.84831267e-02,1.09215857e-01,6.45645646e+00,1.19593576e-01,4.30699167e-01,2.46318618e-01,3.27519097e-01
6.46646647e+00,2.40122530e-02,5.38935639e-02,4.94787630e-02,5.17497679e-02,6.46646647e+00,4.80387484e-02,1.19959847e-01,9.89639950e-02,1.09215857e-01,6.46646647e+00,1.20346574e-01,4.30699167e-01,2.47523289e-01,3.27519097e-01
6.47647648e+00,2.41628649e-02,5.38935639e-02,4.97206335e-02,5.17497679e-02,6.47647648e+00,4.83402370e-02,1.19959847e-01,9.94478813e-02,1.09215857e-01,6.47647648e+00,1.21104944e-01,4.30699167e-01,2.48735550e-01,3.27519097e-01
6.48648649e+00,2.43145397e-02,5.38935639e-02,4.99640223e-02,5.17497679e-02,6.48648649e+00,4.86438561e-02,1.19959847e-01,9.99348067e-02,1.09215857e-01,6.48648649e+00,1.21868725e-01,4.30699167e-01,2.49955458e-01,3.27519097e-01
6.49649650e+00,2.44672848e-02,5.38935639e-02,5.02089401e-02,5.17497679e-02,6.49649650e+00,4.89496207e-02,1.19959847e-01,1.00424793e-01,1.09215857e-01,6.49649650e+00,1.22637956e-01,4.30699167e-01,2.51183065e-01,3.27519097e-01
6.50650651e+00,2.46211078e-02,5.38935639e-02,5.04553976e-02,5.17497679e-02,6.50650651e+00,4.92575461e-02,1.19959847e-01,1.00917861e-01,1.09215857e-01,6.50650651e+00,1.23412677e-01,4.30699167e-01,2.52418427e-01,3.27519097e-01
6.51651652e+00,2.47760163e-02,5.38935639e-02,5.07034058e-02,5.17497679e-02,6.51651652e+00,4.95676475e-02,1.19959847e-01,1.01414034e-01,1.09215857e-01,6.51651652e+00,1.24192928e-01,4.30699167e-01,2.53661599e-01,3.27519097e-01
6.52652653e+00,2.49320180e-02,5.38935639e-02,5.09529755e-02,5.17497679e-02,6.52652653e+00,4.98799405e-02,1.19959847e-01,1.01913333e-01,1.09215857e-01,6.52652653e+00,1.24978749e-01,4.30699167e-01,2.54912638e-01,3.27519097e-01
6.53653654e+00,2.50891205e-02,5.38935639e-02,5.12041179e-02,5.17497679e-02,6.53653654e+00,5.01944405e-02,1.19959847e-01,1.02415780e-01,1.09215857e-01,6.53653654e+00,1.25770180e-01,4.30699167e-01,2.56171599e-01,3.27519097e-01
6.54654655e+00,2.52473317e-02,5.38935639e-02,5.14568439e-02,5.17497679e-02,6.54654655e+00,5.05111632e-02,1.19959847e-01,1.02921397e-01,1.09215857e-01,6.54654655e+00,1.26567263e-01,4.30699167e-01,2.57438538e-01,3.27519097e-01
6.55655656e+00,2.54066594e-02,5.38935639e-02,5.17111648e-02,5.17497679e-02,6.55655656e+00,5.08301243e-02,1.19959847e-01,1.03430207e-01,1.09215857e-01,6.55655656e+00,1.27370038e-01,4.30699167e-01,2.58713513e-01,3.27519097e-01
6.56656657e+00,2.55671114e-02,5.38935639e-02,5.19670919e-02,5.17497679e-02,6.56656657e+00,5.11513397e-02,1.19959847e-01,1.03942232e-01,1.09215857e-01,6.56656657e+00,1.28178547e-01,4.30699167e-01,2.59996582e-01,3.27519097e-01
6.57657658e+00,2.57286958e-02,5.38935639e-02,5.22246364e-02,5.17497679e-02,6.57657658e+00,5.14748254e-02,1.19959847e-01,1.04457496e-01,1.09215857e-01,6.57657658e+00,1.28992833e-01,4.30699167e-01,2.61287802e-01,3.27519097e-01
6.58658659e+00,2.58914204e-02,5.38935639e-02,5.24838097e-02,5.17497679e-02,6.58658659e+00,5.18005975e-02,1.19959847e-01,1.04976020e-01,1.09215857e-01,6.58658659e+00,1.29812936e-01,4.30699167e-01,2.62587230e-01,3.27519097e-01
6.59659660e+00,2.60552934e-02,5.38935639e-02,5.27446235e-02,5.17497679e-02,6.59659660e+00,5.21286722e-02,1.19959847e-01,1.05497829e-01,1.09215857e-01,6.59659660e+00,1.30638900e-01,4.30699167e-01,2.63894927e-01,3.27519097e-01
6.60660661e+00,2.62203228e-02,5.38935639e-02,5.30070892e-02,5.17497679e-02,6.60660661e+00,5.24590658e-02,1.19959847e-01,1.06022945e-01,1.09215857e-01,6.60660661e+00,1.31470767e-01,4.30699167e-01,2.65210951e-01,3.27519097e-01
6.61661662e+00,2.63865169e-02,5.38935639e-02,5.32712185e-02,5.17497679e-02,6.61661662e+00,5.27917947e-02,1.19959847e-01,1.06551391e-01,1.09215857e-01,6.61661662e+00,1.32308580e-01,4.30699167e-01,2.66535361e-01,3.27519097e-01
6.62662663e+00,2.65538838e-02,5.38935639e-02,5.35370231e-02,5.17497679e-02,6.62662663e+00,5.31268756e-02,1.19959847e-01,1.07083192e-01,1.09215857e-01,6.62662663e+00,1.33152383e-01,4.30699167e-01,2.67868218e-01,3.27519097e-01
6.63663664e+00,2.67224318e-02,5.38935639e-02,5.38045149e-02,5.17497679e-02,6.63663664e+00,5.34643252e-02,1.19959847e-01,1.07618370e-01,1.09215857e-01,6.63663664e+00,1.34002220e-01,4.30699167e-01,2.69209581e-01,3.27519097e-01
6.64664665e+00,2.68921693e-02,5.38935639e-02,5.40737058e-02,5.17497679e-02,6.64664665e+00,5.38041601e-02,1.19959847e-01,1.08156950e-01,1.09215857e-01,6.64664665e+00,1.34858135e-01,4.30699167e-01,2.70559512e-01,3.27519097e-01
6.65665666e+00,2.70631047e-02,5.38935639e-02,5.43446078e-02,5.17497679e-02,6.65665666e+00,5.41463974e-02,1.19959847e-01,1.08698956e-01,1.09215857e-01,6.65665666e+00,1.35720172e-01,4.30699167e-01,2.71918073e-01,3.27519097e-01
6.66666667e+00,2.72352464e-02,5.38935639e-02,5.46172329e-02,5.17497679e-02,6.66666667e+00,5.44910540e-02,1.19959847e-01,1.09244412e-01,1.09215857e-01,6.66666667e+00,1.36588376e-01,4.30699167e-01,2.73285324e-01,3.27519097e-01
6.67667668e+00,2.74086029e-02,5.38935639e-02,5.48915933e-02,5.17497679e-02,6.67667668e+00,5.48381472e-02,1.19959847e-01,1.09793343e-01,1.09215857e-01,6.67667668e+00,1.37462792e-01,4.30699167e-01,2.74661328e-01,3.27519097e-01
6.68668669e+00,2.75831829e-02,5.38935639e-02,5.51677012e-02,5.17497679e-02,6.68668669e+00,5.51876943e-02,1.19959847e-01,1.10345772e-01,1.09215857e-01,6.68668669e+00,1.38343466e-01,4.30699167e-01,2.76046147e-01,3.27519097e-01
6.69669670e+00,2.77589950e-02,5.38935639e-02,5.54455690e-02,5.17497679e-02,6.69669670e+00,5.55397126e-02,1.19959847e-01,1.10901725e-01,1.09215857e-01,6.69669670e+00,1.39230443e-01,4.30699167e-01,2.77439845e-01,3.27519097e-01
6.70670671e+00,2.79360478e-02,5.38935639e-02,5.57252091e-02,5.17497679e-02,6.70670671e+00,5.58942197e-02,1.19959847e-01,1.11461227e-01,1.09215857e-01,6.70670671e+00,1.40123771e-01,4.30699167e-01,2.78842486e-01,3.27519097e-01
6.71671672e+00,2.81143502e-02,5.38935639e-02,5.60066341e-02,5.17497679e-02,6.71671672e+00,5.62512333e-02,1.19959847e-01,1.12024302e-01,1.09215857e-01,6.71671672e+00,1.41023495e-01,4.30699167e-01,2.80254132e-01,3.27519097e-01
6.72672673e+00,2.82939109e-02,5.38935639e-02,5.62898564e-02,5.17497679e-02,6.72672673e+00,5.66107711e-02,1.19959847e-01,1.12590977e-01,1.09215857e-01,6.72672673e+00,1.41929662e-01,4.30699167e-01,2.81674850e-01,3.27519097e-01
6.73673674e+00,2.84747389e-02,5.38935639e-02,5.65748888e-02,5.17497679e-02,6.73673674e+00,5.69728511e-02,1.19959847e-01,1.13161275e-01,1.09215857e-01,6.73673674e+00,1.42842321e-01,4.30699167e-01,2.83104703e-01,3.27519097e-01
6.74674675e+00,2.86568431e-02,5.38935639e-02,5.68617441e-02,5.17497679e-02,6.74674675e+00,5.73374913e-02,1.19959847e-01,1.13735224e-01,1.09215857e-01,6.74674675e+00,1.43761517e-01,4.30699167e-01,2.84543757e-01,3.27519097e-01
6.75675676e+00,2.88402325e-02,5.38935639e-02,5.71504351e-02,5.17497679e-02,6.75675676e+00,5.77047100e-02,1.19959847e-01,1.14312849e-01,1.09215857e-01,6.75675676e+00,1.44687301e-01,4.30699167e-01,2.85992078e-01,3.27519097e-01
6.76676677e+00,2.90249163e-02,5.38935639e-02,5.74409748e-02,5.17497679e-02,6.76676677e+00,5.80745253e-02,1.19959847e-01,1.14894176e-01,1.09215857e-01,6.76676677e+00,1.45619719e-01,4.30699167e-01,2.87449733e-01,3.27519097e-01
6.77677678e+00,2.92109034e-02,5.38935639e-02,5.77333762e-02,5.17497679e-02,6.77677678e+00,5.84469558e-02,1.19959847e-01,1.15479230e-01,1.09215857e-01,6.77677678e+00,1.46558822e-01,4.30699167e-01,2.88916788e-01,3.27519097e-01
6.78678679e+00,2.93982032e-02,5.38935639e-02,5.80276526e-02,5.17497679e-02,6.78678679e+00,5.88220201e-02,1.19959847e-01,1.16068039e-01,1.09215857e-01,6.78678679e+00,1.47504657e-01,4.30699167e-01,2.90393311e-01,3.27519097e-01
6.79679680e+00,2.95868250e-02,5.38935639e-02,5.83238170e-02,5.17497679e-02,6.79679680e+00,5.91997367e-02,1.19959847e-01,1.16660629e-01,1.09215857e-01,6.79679680e+00,1.48457276e-01,4.30699167e-01,2.91879370e-01,3.27519097e-01
6.80680681e+00,2.97767780e-02,5.38935639e-02,5.86218828e-02,5.17497679e-02,6.80680681e+00,5.95801247e-02,1.19959847e-01,1.17257027e-01,1.09215857e-01,6.80680681e+00,1.49416727e-01,4.30699167e-01,2.93375033e-01,3.27519097e-01
6.81681682e+00,2.99680717e-02,5.38935639e-02,5.89218635e-02,5.17497679e-02,6.81681682e+00,5.99632029e-02,1.19959847e-01,1.17857259e-01,1.09215857e-01,6.81681682e+00,1.50383061e-01,4.30699167e-01,2.94880369e-01,3.27519097e-01
6.82682683e+00,3.01607155e-02,5.38935639e-02,5.92237726e-02,5.17497679e-02,6.82682683e+00,6.03489905e-02,1.19959847e-01,1.18461353e-01,1.09215857e-01,6.82682683e+00,1.51356329e-01,4.30699167e-01,2.96395447e-01,3.27519097e-01
6.83683684e+00,3.03547190e-02,5.38935639e-02,5.95276236e-02,5.17497679e-02,6.83683684e+00,6.07375067e-02,1.19959847e-01,1.19069336e-01,1.09215857e-01,6.83683684e+00,1.52336583e-01,4.30699167e-01,2.97920338e-01,3.27519097e-01
6.84684685e+00,3.05500918e-02,5.38935639e-02,5.98334303e-02,5.17497679e-02,6.84684685e+00,6.11287709e-02,1.19959847e-01,1.19681236e-01,1.09215857e-01,6.84684685e+00,1.53323873e-01,4.30699167e-01,2.99455112e-01,3.27519097e-01
6.85685686e+00,3.07468436e-02,5.38935639e-02,6.01412066e-02,5.17497679e-02,6.85685686e+00,6.15228027e-02,1.19959847e-01,1.20297080e-01,1.09215857e-01,6.85685686e+00,1.54318253e-01,4.30699167e-01,3.00999839e-01,3.27519097e-01
6.86686687e+00,3.09449841e-02,5.38935639e-02,6.04509662e-02,5.17497679e-02,6.86686687e+00,6.19196217e-02,1.19959847e-01,1.20916896e-01,1.09215857e-01,6.86686687e+00,1.55319773e-01,4.30699167e-01,3.02554591e-01,3.27519097e-01
6.87687688e+00,3.11445231e-02,5.38935639e-02,6.07627231e-02,5.17497679e-02,6.87687688e+00,6.23192478e-02,1.19959847e-01,1.21540712e-01,1.09215857e-01,6.87687688e+00,1.56328488e-01,4.30699167e-01,3.04119441e-01,3.27519097e-01
6.88688689e+00,3.13454705e-02,5.38935639e-02,6.10764916e-02,5.17497679e-02,6.88688689e+00,6.27217009e-02,1.19959847e-01,1.22168557e-01,1.09215857e-01,6.88688689e+00,1.57344451e-01,4.30699167e-01,3.05694461e-01,3.27519097e-01
6.89689690e+00,3.15478363e-02,5.38935639e-02,6.13922858e-02,5.17497679e-02,6.89689690e+00,6.31270010e-02,1.19959847e-01,1.22800459e-01,1.09215857e-01,6.89689690e+00,1.58367714e-01,4.30699167e-01,3.07279723e-01,3.27519097e-01
6.90690691e+00,3.17516304e-02,5.38935639e-02,6.17101199e-02,5.17497679e-02,6.90690691e+00,6.35351685e-02,1.19959847e-01,1.23436446e-01,1.09215857e-01,6.90690691e+00,1.59398334e-01,4.30699167e-01,3.08875302e-01,3.27519097e-01
6.91691692e+00,3.19568631e-02,5.38935639e-02,6.20300084e-02,5.17497679e-02,6.91691692e+00,6.39462238e-02,1.19959847e-01,1.24076549e-01,1.09215857e-01,6.91691692e+00,1.60436363e-01,4.30699167e-01,3.10481272e-01,3.27519097e-01
6.92692693e+00,3.21635444e-02,5.38935639e-02,6.23519658e-02,5.17497679e-02,6.92692693e+00,6.43601873e-02,1.19959847e-01,1.24720795e-01,1.09215857e-01,6.92692693e+00,1.61481857e-01,4.30699167e-01,3.12097707e-01,3.27519097e-01
6.93693694e+00,3.23716846e-02,5.38935639e-02,6.26760067e-02,5.17497679e-02,6.93693694e+00,6.47770798e-02,1.19959847e-01,1.25369214e-01,1.09215857e-01,6.93693694e+00,1.62534872e-01,4.30699167e-01,3.13724682e-01,3.27519097e-01
6.94694695e+00,3.25812939e-02,5.38935639e-02,6.30021458e-02,5.17497679e-02,6.94694695e+00,6.51969221e-02,1.19959847e-01,1.26021836e-01,1.09215857e-01,6.94694695e+00,1.63595464e-01,4.30699167e-01,3.15362275e-01,3.27519097e-01
6.95695696e+00,3.27923829e-02,5.38935639e-02,6.33303979e-02,5.17497679e-02,6.95695696e+00,6.56197352e-02,1.19959847e-01,1.26678690e-01,1.09215857e-01,6.95695696e+00,1.64663688e-01,4.30699167e-01,3.17010560e-01,3.27519097e-01
6.96696697e+00,3.30049619e-02,5.38935639e-02,6.36607779e-02,5.17497679e-02,6.96696697e+00,6.60455402e-02,1.19959847e-01,1.27339807e-01,1.09215857e-01,6.96696697e+00,1.65739602e-01,4.30699167e-01,3.18669615e-01,3.27519097e-01
6.97697698e+00,3.32190415e-02,5.38935639e-02,6.39933008e-02,5.17497679e-02,6.97697698e+00,6.64743585e-02,1.19959847e-01,1.28005216e-01,1.09215857e-01,6.97697698e+00,1.66823263e-01,4.30699167e-01,3.20339517e-01,3.27519097e-01
6.98698699e+00,3.34346322e-02,5.38935639e-02,6.43279818e-02,5.17497679e-02,6.98698699e+00,6.69062114e-02,1.19959847e-01,1.28674947e-01,1.09215857e-01,6.98698699e+00,1.67914729e-01,4.30699167e-01,3.22020345e-01,3.27519097e-01
6.99699700e+00,3.36517448e-02,5.38935639e-02,6.46648361e-02,5.17497679e-02,6.99699700e+00,6.73411207e-02,1.19959847e-01,1.29349033e-01,1.09215857e-01,6.99699700e+00,1.69014058e-01,4.30699167e-01,3.23712178e-01,3.27519097e-01
7.00700701e+00,3.38703901e-02,5.38935639e-02,6.50038791e-02,5.17497679e-02,7.00700701e+00,6.77791079e-02,1.19959847e-01,1.30027502e-01,1.09215857e-01,7.00700701e+00,1.70121309e-01,4.30699167e-01,3.25415094e-01,3.27519097e-01
7.01701702e+00,3.40905788e-02,5.38935639e-02,6.53451261e-02,5.17497679e-02,7.01701702e+00,6.82201952e-02,1.19959847e-01,1.30710387e-01,1.09215857e-01,7.01701702e+00,1.71236541e-01,4.30699167e-01,3.27129173e-01,3.27519097e-01
7.02702703e+00,3.43123219e-02,5.38935639e-02,6.56885928e-02,5.17497679e-02,7.02702703e+00,6.86644045e-02,1.19959847e-01,1.31397718e-01,1.09215857e-01,7.02702703e+00,1.72359813e-01,4.30699167e-01,3.28854497e-01,3.27519097e-01
7.03703704e+00,3.45356303e-02,5.38935639e-02,6.60342948e-02,5.17497679e-02,7.03703704e+00,6.91117580e-02,1.19959847e-01,1.32089528e-01,1.09215857e-01,7.03703704e+00,1.73491187e-01,4.30699167e-01,3.30591145e-01,3.27519097e-01
7.04704705e+00,3.47605152e-02,5.38935639e-02,6.63822479e-02,5.17497679e-02,7.04704705e+00,6.95622782e-02,1.19959847e-01,1.32785847e-01,1.09215857e-01,7.04704705e+00,1.74630722e-01,4.30699167e-01,3.32339201e-01,3.27519097e-01
7.05705706e+00,3.49869876e-02,5.38935639e-02,6.67324680e-02,5.17497679e-02,7.05705706e+00,7.00159877e-02,1.19959847e-01,1.33486708e-01,1.09215857e-01,7.05705706e+00,1.75778480e-01,4.30699167e-01,3.34098745e-01,3.27519097e-01
7.06706707e+00,3.52150588e-02,5.38935639e-02,6.70849711e-02,5.17497679e-02,7.06706707e+00,7.04729091e-02,1.19959847e-01,1.34192142e-01,1.09215857e-01,7.06706707e+00,1.76934522e-01,4.30699167e-01,3.35869861e-01,3.27519097e-01
7.07707708e+00,3.54447402e-02,5.38935639e-02,6.74397733e-02,5.17497679e-02,7.07707708e+00,7.09330654e-02,1.19959847e-01,1.34902183e-01,1.09215857e-01,7.07707708e+00,1.78098911e-01,4.30699167e-01,3.37652633e-01,3.27519097e-01
7.08708709e+00,3.56760430e-02,5.38935639e-02,6.77968908e-02,5.17497679e-02,7.08708709e+00,7.13964795e-02,1.19959847e-01,1.35616862e-01,1.09215857e-01,7.08708709e+00,1.79271709e-01,4.30699167e-01,3.39447145e-01,3.27519097e-01
7.09709710e+00,3.59089788e-02,5.38935639e-02,6.81563401e-02,5.17497679e-02,7.09709710e+00,7.18631748e-02,1.19959847e-01,1.36336214e-01,1.09215857e-01,7.09709710e+00,1.80452980e-01,4.30699167e-01,3.41253481e-01,3.27519097e-01
7.10710711e+00,3.61435591e-02,5.38935639e-02,6.85181375e-02,5.17497679e-02,7.10710711e+00,7.23331746e-02,1.19959847e-01,1.37060269e-01,1.09215857e-01,7.10710711e+00,1.81642787e-01,4.30699167e-01,3.43071727e-01,3.27519097e-01
7.11711712e+00,3.63797955e-02,5.38935639e-02,6.88822996e-02,5.17497679e-02,7.11711712e+00,7.28065025e-02,1.19959847e-01,1.37789063e-01,1.09215857e-01,7.11711712e+00,1.82841194e-01,4.30699167e-01,3.44901969e-01,3.27519097e-01
7.12712713e+00,3.66176998e-02,5.38935639e-02,6.92488431e-02,5.17497679e-02,7.12712713e+00,7.32831822e-02,1.19959847e-01,1.38522629e-01,1.09215857e-01,7.12712713e+00,1.84048268e-01,4.30699167e-01,3.46744294e-01,3.27519097e-01
7.13713714e+00,3.68572838e-02,5.38935639e-02,6.96177849e-02,5.17497679e-02,7.13713714e+00,7.37632376e-02,1.19959847e-01,1.39260999e-01,1.09215857e-01,7.13713714e+00,1.85264072e-01,4.30699167e-01,3.48598789e-01,3.27519097e-01
7.14714715e+00,3.70985592e-02,5.38935639e-02,6.99891418e-02,5.17497679e-02,7.14714715e+00,7.42466928e-02,1.19959847e-01,1.40004209e-01,1.09215857e-01,7.14714715e+00,1.86488673e-01,4.30699167e-01,3.50465543e-01,3.27519097e-01
7.15715716e+00,3.73415382e-02,5.38935639e-02,7.03629310e-02,5.17497679e-02,7.15715716e+00,7.47335720e-02,1.19959847e-01,1.40752293e-01,1.09215857e-01,7.15715716e+00,1.87722137e-01,4.30699167e-01,3.52344643e-01,3.27519097e-01
7.16716717e+00,3.75862327e-02,5.38935639e-02,7.07391696e-02,5.17497679e-02,7.16716717e+00,7.52238998e-02,1.19959847e-01,1.41505285e-01,1.09215857e-01,7.16716717e+00,1.88964531e-01,4.30699167e-01,3.54236180e-01,3.27519097e-01
7.17717718e+00,3.78326548e-02,5.38935639e-02,7.11178748e-02,5.17497679e-02,7.17717718e+00,7.57177006e-02,1.19959847e-01,1.42263220e-01,1.09215857e-01,7.17717718e+00,1.90215924e-01,4.30699167e-01,3.56140244e-01,3.27519097e-01
7.18718719e+00,3.80808169e-02,5.38935639e-02,7.14990642e-02,5.17497679e-02,7.18718719e+00,7.62149993e-02,1.19959847e-01,1.43026133e-01,1.09215857e-01,7.18718719e+00,1.91476382e-01,4.30699167e-01,3.58056924e-01,3.27519097e-01
7.19719720e+00,3.83307312e-02,5.38935639e-02,7.18827552e-02,5.17497679e-02,7.19719720e+00,7.67158209e-02,1.19959847e-01,1.43794059e-01,1.09215857e-01,7.19719720e+00,1.92745975e-01,4.30699167e-01,3.59986313e-01,3.27519097e-01
7.20720721e+00,3.85824101e-02,5.38935639e-02,7.22689655e-02,5.17497679e-02,7.20720721e+00,7.72201905e-02,1.19959847e-01,1.44567034e-01,1.09215857e-01,7.20720721e+00,1.94024773e-01,4.30699167e-01,3.61928503e-01,3.27519097e-01
7.21721722e+00,3.88358660e-02,5.38935639e-02,7.26577129e-02,5.17497679e-02,7.21721722e+00,7.77281334e-02,1.19959847e-01,1.45345093e-01,1.09215857e-01,7.21721722e+00,1.95312844e-01,4.30699167e-01,3.63883587e-01,3.27519097e-01
7.22722723e+00,3.90911117e-02,5.38935639e-02,7.30490153e-02,5.17497679e-02,7.22722723e+00,7.82396752e-02,1.19959847e-01,1.46128273e-01,1.09215857e-01,7.22722723e+00,1.96610260e-01,4.30699167e-01,3.65851657e-01,3.27519097e-01
7.23723724e+00,3.93481596e-02,5.38935639e-02,7.34428908e-02,5.17497679e-02,7.23723724e+00,7.87548416e-02,1.19959847e-01,1.46916610e-01,1.09215857e-01,7.23723724e+00,1.97917092e-01,4.30699167e-01,3.67832809e-01,3.27519097e-01
7.24724725e+00,3.96070226e-02,5.38935639e-02,7.38393575e-02,5.17497679e-02,7.24724725e+00,7.92736584e-02,1.19959847e-01,1.47710140e-01,1.09215857e-01,7.24724725e+00,1.99233412e-01,4.30699167e-01,3.69827138e-01,3.27519097e-01
7.25725726e+00,3.98677136e-02,5.38935639e-02,7.42384337e-02,5.17497679e-02,7.25725726e+00,7.97961518e-02,1.19959847e-01,1.48508901e-01,1.09215857e-01,7.25725726e+00,2.00559291e-01,4.30699167e-01,3.71834738e-01,3.27519097e-01
7.26726727e+00,4.01302454e-02,5.38935639e-02,7.46401379e-02,5.17497679e-02,7.26726727e+00,8.03223480e-02,1.19959847e-01,1.49312928e-01,1.09215857e-01,7.26726727e+00,2.01894804e-01,4.30699167e-01,3.73855707e-01,3.27519097e-01
7.27727728e+00,4.03946311e-02,5.38935639e-02,7.50444885e-02,5.17497679e-02,7.27727728e+00,8.08522735e-02,1.19959847e-01,1.50122260e-01,1.09215857e-01,7.27727728e+00,2.03240023e-01,4.30699167e-01,3.75890142e-01,3.27519097e-01
7.28728729e+00,4.06608838e-02,5.38935639e-02,7.54515044e-02,5.17497679e-02,7.28728729e+00,8.13859550e-02,1.19959847e-01,1.50936934e-01,1.09215857e-01,7.28728729e+00,2.04595022e-01,4.30699167e-01,3.77938140e-01,3.27519097e-01
7.29729730e+00,4.09290167e-02,5.38935639e-02,7.58612043e-02,5.17497679e-02,7.29729730e+00,8.19234193e-02,1.19959847e-01,1.51756989e-01,1.09215857e-01,7.29729730e+00,2.05959877e-01,4.30699167e-01,3.79999801e-01,3.27519097e-01
7.30730731e+00,4.11990432e-02,5.38935639e-02,7.62736071e-02,5.17497679e-02,7.30730731e+00,8.24646935e-02,1.19959847e-01,1.52582461e-01,1.09215857e-01,7.30730731e+00,2.07334664e-01,4.30699167e-01,3.82075223e-01,3.27519097e-01
7.31731732e+00,4.14709765e-02,5.38935639e-02,7.66887320e-02,5.17497679e-02,7.31731732e+00,8.30098048e-02,1.19959847e-01,1.53413390e-01,1.09215857e-01,7.31731732e+00,2.08719458e-01,4.30699167e-01,3.84164507e-01,3.27519097e-01
7.32732733e+00,4.17448304e-02,5.38935639e-02,7.71065981e-02,5.17497679e-02,7.32732733e+00,8.35587807e-02,1.19959847e-01,1.54249814e-01,1.09215857e-01,7.32732733e+00,2.10114336e-01,4.30699167e-01,3.86267753e-01,3.27519097e-01
7.33733734e+00,4.20206182e-02,5.38935639e-02,7.75272250e-02,5.17497679e-02,7.33733734e+00,8.41116489e-02,1.19959847e-01,1.55091773e-01,1.09215857e-01,7.33733734e+00,2.11519376e-01,4.30699167e-01,3.88385064e-01,3.27519097e-01
7.34734735e+00,4.22983537e-02,5.38935639e-02,7.79506319e-02,5.17497679e-02,7.34734735e+00,8.46684371e-02,1.19959847e-01,1.55939305e-01,1.09215857e-01,7.34734735e+00,2.12934656e-01,4.30699167e-01,3.90516542e-01,3.27519097e-01
7.35735736e+00,4.25780508e-02,5.38935639e-02,7.83768386e-02,5.17497679e-02,7.35735736e+00,8.52291735e-02,1.19959847e-01,1.56792449e-01,1.09215857e-01,7.35735736e+00,2.14360254e-01,4.30699167e-01,3.92662291e-01,3.27519097e-01
7.36736737e+00,4.28597232e-02,5.38935639e-02,7.88058649e-02,5.17497679e-02,7.36736737e+00,8.57938864e-02,1.19959847e-01,1.57651247e-01,1.09215857e-01,7.36736737e+00,2.15796252e-01,4.30699167e-01,3.94822413e-01,3.27519097e-01
7.37737738e+00,4.31433850e-02,5.38935639e-02,7.92377306e-02,5.17497679e-02,7.37737738e+00,8.63626041e-02,1.19959847e-01,1.58515738e-01,1.09215857e-01,7.37737738e+00,2.17242728e-01,4.30699167e-01,3.96997015e-01,3.27519097e-01
7.38738739e+00,4.34290503e-02,5.38935639e-02,7.96724558e-02,5.17497679e-02,7.38738739e+00,8.69353555e-02,1.19959847e-01,1.59385961e-01,1.09215857e-01,7.38738739e+00,2.18699765e-01,4.30699167e-01,3.99186202e-01,3.27519097e-01
7.39739740e+00,4.37167332e-02,5.38935639e-02,8.01100608e-02,5.17497679e-02,7.39739740e+00,8.75121693e-02,1.19959847e-01,1.60261959e-01,1.09215857e-01,7.39739740e+00,2.20167443e-01,4.30699167e-01,4.01390080e-01,3.27519097e-01
7.40740741e+00,4.40064481e-02,5.38935639e-02,8.05505657e-02,5.17497679e-02,7.40740741e+00,8.80930748e-02,1.19959847e-01,1.61143772e-01,1.09215857e-01,7.40740741e+00,2.21645845e-01,4.30699167e-01,4.03608757e-01,3.27519097e-01
7.41741742e+00,4.42982093e-02,5.38935639e-02,8.09939913e-02,5.17497679e-02,7.41741742e+00,8.86781012e-02,1.19959847e-01,1.62031440e-01,1.09215857e-01,7.41741742e+00,2.23135055e-01,4.30699167e-01,4.05842341e-01,3.27519097e-01
7.42742743e+00,4.45920313e-02,5.38935639e-02,8.14403579e-02,5.17497679e-02,7.42742743e+00,8.92672781e-02,1.19959847e-01,1.62925007e-01,1.09215857e-01,7.42742743e+00,2.24635156e-01,4.30699167e-01,4.08090942e-01,3.27519097e-01
7.43743744e+00,4.48879287e-02,5.38935639e-02,8.18896866e-02,5.17497679e-02,7.43743744e+00,8.98606352e-02,1.19959847e-01,1.63824513e-01,1.09215857e-01,7.43743744e+00,2.26146232e-01,4.30699167e-01,4.10354668e-01,3.27519097e-01
7.44744745e+00,4.51859162e-02,5.38935639e-02,8.23419980e-02,5.17497679e-02,7.44744745e+00,9.04582025e-02,1.19959847e-01,1.64730000e-01,1.09215857e-01,7.44744745e+00,2.27668371e-01,4.30699167e-01,4.12633630e-01,3.27519097e-01
7.45745746e+00,4.54860087e-02,5.38935639e-02,8.27973134e-02,5.17497679e-02,7.45745746e+00,9.10600103e-02,1.19959847e-01,1.65641512e-01,1.09215857e-01,7.45745746e+00,2.29201657e-01,4.30699167e-01,4.14927941e-01,3.27519097e-01
7.46746747e+00,4.57882210e-02,5.38935639e-02,8.32556540e-02,5.17497679e-02,7.46746747e+00,9.16660889e-02,1.19959847e-01,1.66559090e-01,1.09215857e-01,7.46746747e+00,2.30746178e-01,4.30699167e-01,4.17237713e-01,3.27519097e-01
7.47747748e+00,4.60925681e-02,5.38935639e-02,8.37170410e-02,5.17497679e-02,7.47747748e+00,9.22764691e-02,1.19959847e-01,1.67482779e-01,1.09215857e-01,7.47747748e+00,2.32302022e-01,4.30699167e-01,4.19563058e-01,3.27519097e-01
7.48748749e+00,4.63990652e-02,5.38935639e-02,8.41814962e-02,5.17497679e-02,7.48748749e+00,9.28911816e-02,1.19959847e-01,1.68412620e-01,1.09215857e-01,7.48748749e+00,2.33869277e-01,4.30699167e-01,4.21904092e-01,3.27519097e-01
7.49749750e+00,4.67077276e-02,5.38935639e-02,8.46490410e-02,5.17497679e-02,7.49749750e+00,9.35102576e-02,1.19959847e-01,1.69348659e-01,1.09215857e-01,7.49749750e+00,2.35448033e-01,4.30699167e-01,4.24260929e-01,3.27519097e-01
7.50750751e+00,4.70185704e-02,5.38935639e-02,8.51196973e-02,5.17497679e-02,7.50750751e+00,9.41337284e-02,1.19959847e-01,1.70290938e-01,1.09215857e-01,7.50750751e+00,2.37038380e-01,4.30699167e-01,4.26633686e-01,3.27519097e-01
7.51751752e+00,4.73316093e-02,5.38935639e-02,8.55934872e-02,5.17497679e-02,7.51751752e+00,9.47616257e-02,1.19959847e-01,1.71239503e-01,1.09215857e-01,7.51751752e+00,2.38640408e-01,4.30699167e-01,4.29022479e-01,3.27519097e-01
7.52752753e+00,4.76468597e-02,5.38935639e-02,8.60704328e-02,5.17497679e-02,7.52752753e+00,9.53939812e-02,1.19959847e-01,1.72194398e-01,1.09215857e-01,7.52752753e+00,2.40254211e-01,4.30699167e-01,4.31427426e-01,3.27519097e-01
7.53753754e+00,4.79643374e-02,5.38935639e-02,8.65505563e-02,5.17497679e-02,7.53753754e+00,9.60308269e-02,1.19959847e-01,1.73155667e-01,1.09215857e-01,7.53753754e+00,2.41879880e-01,4.30699167e-01,4.33848646e-01,3.27519097e-01
7.54754755e+00,4.82840580e-02,5.38935639e-02,8.70338802e-02,5.17497679e-02,7.54754755e+00,9.66721951e-02,1.19959847e-01,1.74123357e-01,1.09215857e-01,7.54754755e+00,2.43517510e-01,4.30699167e-01,4.36286259e-01,3.27519097e-01
7.55755756e+00,4.86060376e-02,5.38935639e-02,8.75204271e-02,5.17497679e-02,7.55755756e+00,9.73181184e-02,1.19959847e-01,1.75097512e-01,1.09215857e-01,7.55755756e+00,2.45167195e-01,4.30699167e-01,4.38740385e-01,3.27519097e-01
7.56756757e+00,4.89302921e-02,5.38935639e-02,8.80102198e-02,5.17497679e-02,7.56756757e+00,9.79686296e-02,1.19959847e-01,1.76078179e-01,1.09215857e-01,7.56756757e+00,2.46829030e-01,4.30699167e-01,4.41211146e-01,3.27519097e-01
7.57757758e+00,4.92568377e-02,5.38935639e-02,8.85032812e-02,5.17497679e-02,7.57757758e+00,9.86237615e-02,1.19959847e-01,1.77065404e-01,1.09215857e-01,7.57757758e+00,2.48503111e-01,4.30699167e-01,4.43698664e-01,3.27519097e-01
7.58758759e+00,4.95856906e-02,5.38935639e-02,8.89996345e-02,5.17497679e-02,7.58758759e+00,9.92835476e-02,1.19959847e-01,1.78059234e-01,1.09215857e-01,7.58758759e+00,2.50189536e-01,4.30699167e-01,4.46203064e-01,3.27519097e-01
7.59759760e+00,4.99168671e-02,5.38935639e-02,8.94993028e-02,5.17497679e-02,7.59759760e+00,9.99480212e-02,1.19959847e-01,1.79059714e-01,1.09215857e-01,7.59759760e+00,2.51888403e-01,4.30699167e-01,4.48724470e-01,3.27519097e-01
7.60760761e+00,5.02503837e-02,5.38935639e-02,9.00023097e-02,5.17497679e-02,7.60760761e+00,1.00617216e-01,1.19959847e-01,1.80066894e-01,1.09215857e-01,7.60760761e+00,2.53599811e-01,4.30699167e-01,4.51263006e-01,3.27519097e-01
7.61761762e+00,5.05862571e-02,5.38935639e-02,9.05086786e-02,5.17497679e-02,7.61761762e+00,1.01291166e-01,1.19959847e-01,1.81080819e-01,1.09215857e-01,7.61761762e+00,2.55323859e-01,4.30699167e-01,4.53818801e-01,3.27519097e-01
7.62762763e+00,5.09245039e-02,5.38935639e-02,9.10184334e-02,5.17497679e-02,7.62762763e+00,1.01969906e-01,1.19959847e-01,1.82101539e-01,1.09215857e-01,7.62762763e+00,2.57060649e-01,4.30699167e-01,4.56391980e-01,3.27519097e-01
7.63763764e+00,5.12651409e-02,5.38935639e-02,9.15315980e-02,5.17497679e-02,7.63763764e+00,1.02653470e-01,1.19959847e-01,1.83129101e-01,1.09215857e-01,7.63763764e+00,2.58810283e-01,4.30699167e-01,4.58982674e-01,3.27519097e-01
7.64764765e+00,5.16081852e-02,5.38935639e-02,9.20481964e-02,5.17497679e-02,7.64764765e+00,1.03341893e-01,1.19959847e-01,1.84163555e-01,1.09215857e-01,7.64764765e+00,2.60572863e-01,4.30699167e-01,4.61591011e-01,3.27519097e-01
7.65765766e+00,5.19536537e-02,5.38935639e-02,9.25682530e-02,5.17497679e-02,7.65765766e+00,1.04035210e-01,1.19959847e-01,1.85204948e-01,1.09215857e-01,7.65765766e+00,2.62348493e-01,4.30699167e-01,4.64217122e-01,3.27519097e-01
7.66766767e+00,5.23015638e-02,5.38935639e-02,9.30917922e-02,5.17497679e-02,7.66766767e+00,1.04733456e-01,1.19959847e-01,1.86253331e-01,1.09215857e-01,7.66766767e+00,2.64137278e-01,4.30699167e-01,4.66861139e-01,3.27519097e-01
7.67767768e+00,5.26519326e-02,5.38935639e-02,9.36188386e-02,5.17497679e-02,7.67767768e+00,1.05436667e-01,1.19959847e-01,1.87308753e-01,1.09215857e-01,7.67767768e+00,2.65939324e-01,4.30699167e-01,4.69523194e-01,3.27519097e-01
7.68768769e+00,5.30047777e-02,5.38935639e-02,9.41494169e-02,5.17497679e-02,7.68768769e+00,1.06144878e-01,1.19959847e-01,1.88371264e-01,1.09215857e-01,7.68768769e+00,2.67754737e-01,4.30699167e-01,4.72203421e-01,3.27519097e-01
7.69769770e+00,5.33601166e-02,5.38935639e-02,9.46835522e-02,5.17497679e-02,7.69769770e+00,1.06858126e-01,1.19959847e-01,1.89440915e-01,1.09215857e-01,7.69769770e+00,2.69583626e-01,4.30699167e-01,4.74901956e-01,3.27519097e-01
7.70770771e+00,5.37179670e-02,5.38935639e-02,9.52212696e-02,5.17497679e-02,7.70770771e+00,1.07576448e-01,1.19959847e-01,1.90517757e-01,1.09215857e-01,7.70770771e+00,2.71426100e-01,4.30699167e-01,4.77618934e-01,3.27519097e-01
7.71771772e+00,5.40783468e-02,5.38935639e-02,9.57625944e-02,5.17497679e-02,7.71771772e+00,1.08299879e-01,1.19959847e-01,1.91601839e-01,1.09215857e-01,7.71771772e+00,2.73282268e-01,4.30699167e-01,4.80354492e-01,3.27519097e-01
7.72772773e+00,5.44412738e-02,5.38935639e-02,9.63075521e-02,5.17497679e-02,7.72772773e+00,1.09028456e-01,1.19959847e-01,1.92693215e-01,1.09215857e-01,7.72772773e+00,2.75152242e-01,4.30699167e-01,4.83108769e-01,3.27519097e-01
7.73773774e+00,5.48067662e-02,5.38935639e-02,9.68561684e-02,5.17497679e-02,7.73773774e+00,1.09762218e-01,1.19959847e-01,1.93791936e-01,1.09215857e-01,7.73773774e+00,2.77036133e-01,4.30699167e-01,4.85881904e-01,3.27519097e-01
7.74774775e+00,5.51748421e-02,5.38935639e-02,9.74084691e-02,5.17497679e-02,7.74774775e+00,1.10501201e-01,1.19959847e-01,1.94898054e-01,1.09215857e-01,7.74774775e+00,2.78934056e-01,4.30699167e-01,4.88674036e-01,3.27519097e-01
7.75775776e+00,5.55455200e-02,5.38935639e-02,9.79644803e-02,5.17497679e-02,7.75775776e+00,1.11245442e-01,1.19959847e-01,1.96011622e-01,1.09215857e-01,7.75775776e+00,2.80846124e-01,4.30699167e-01,4.91485309e-01,3.27519097e-01
7.76776777e+00,5.59188182e-02,5.38935639e-02,9.85242283e-02,5.17497679e-02,7.76776777e+00,1.11994981e-01,1.19959847e-01,1.97132693e-01,1.09215857e-01,7.76776777e+00,2.82772453e-01,4.30699167e-01,4.94315864e-01,3.27519097e-01
7.77777778e+00,5.62947554e-02,5.38935639e-02,9.90877393e-02,5.17497679e-02,7.77777778e+00,1.12749856e-01,1.19959847e-01,1.98261321e-01,1.09215857e-01,7.77777778e+00,2.84713160e-01,4.30699167e-01,4.97165845e-01,3.27519097e-01
7.78778779e+00,5.66733503e-02,5.38935639e-02,9.96550401e-02,5.17497679e-02,7.78778779e+00,1.13510105e-01,1.19959847e-01,1.99397558e-01,1.09215857e-01,7.78778779e+00,2.86668363e-01,4.30699167e-01,5.00035399e-01,3.27519097e-01
7.79779780e+00,5.70546218e-02,5.38935639e-02,1.00226157e-01,5.17497679e-02,7.79779780e+00,1.14275766e-01,1.19959847e-01,2.00541459e-01,1.09215857e-01,7.79779780e+00,2.88638180e-01,4.30699167e-01,5.02924670e-01,3.27519097e-01
7.80780781e+00,5.74385889e-02,5.38935639e-02,1.00801118e-01,5.17497679e-02,7.80780781e+00,1.15046880e-01,1.19959847e-01,2.01693080e-01,1.09215857e-01,7.80780781e+00,2.90622732e-01,4.30699167e-01,5.05833806e-01,3.27519097e-01
7.81781782e+00,5.78252707e-02,5.38935639e-02,1.01379950e-01,5.17497679e-02,7.81781782e+00,1.15823486e-01,1.19959847e-01,2.02852474e-01,1.09215857e-01,7.81781782e+00,2.92622141e-01,4.30699167e-01,5.08762957e-01,3.27519097e-01
7.82782783e+00,5.82146866e-02,5.38935639e-02,1.01962679e-01,5.17497679e-02,7.82782783e+00,1.16605623e-01,1.19959847e-01,2.04019698e-01,1.09215857e-01,7.82782783e+00,2.94636528e-01,4.30699167e-01,5.11712271e-01,3.27519097e-01
7.83783784e+00,5.86068559e-02,5.38935639e-02,1.02549335e-01,5.17497679e-02,7.83783784e+00,1.17393333e-01,1.19959847e-01,2.05194806e-01,1.09215857e-01,7.83783784e+00,2.96666019e-01,4.30699167e-01,5.14681901e-01,3.27519097e-01
7.84784785e+00,5.90017982e-02,5.38935639e-02,1.03139943e-01,5.17497679e-02,7.84784785e+00,1.18186654e-01,1.19959847e-01,2.06377856e-01,1.09215857e-01,7.84784785e+00,2.98710738e-01,4.30699167e-01,5.17671999e-01,3.27519097e-01
7.85785786e+00,5.93995332e-02,5.38935639e-02,1.03734533e-01,5.17497679e-02,7.85785786e+00,1.18985628e-01,1.19959847e-01,2.07568903e-01,1.09215857e-01,7.85785786e+00,3.00770812e-01,4.30699167e-01,5.20682717e-01,3.27519097e-01
7.86786787e+00,5.98000807e-02,5.38935639e-02,1.04333133e-01,5.17497679e-02,7.86786787e+00,1.19790296e-01,1.19959847e-01,2.08768005e-01,1.09215857e-01,7.86786787e+00,3.02846368e-01,4.30699167e-01,5.23714213e-01,3.27519097e-01
7.87787788e+00,6.02034608e-02,5.38935639e-02,1.04935770e-01,5.17497679e-02,7.87787788e+00,1.20600699e-01,1.19959847e-01,2.09975219e-01,1.09215857e-01,7.87787788e+00,3.04937537e-01,4.30699167e-01,5.26766640e-01,3.27519097e-01
7.88788789e+00,6.06096935e-02,5.38935639e-02,1.05542473e-01,5.17497679e-02,7.88788789e+00,1.21416879e-01,1.19959847e-01,2.11190603e-01,1.09215857e-01,7.88788789e+00,3.07044447e-01,4.30699167e-01,5.29840158e-01,3.27519097e-01
7.89789790e+00,6.10187992e-02,5.38935639e-02,1.06153272e-01,5.17497679e-02,7.89789790e+00,1.22238879e-01,1.19959847e-01,2.12414216e-01,1.09215857e-01,7.89789790e+00,3.09167232e-01,4.30699167e-01,5.32934926e-01,3.27519097e-01
7.90790791e+00,6.14307982e-02,5.38935639e-02,1.06768195e-01,5.17497679e-02,7.90790791e+00,1.23066739e-01,1.19959847e-01,2.13646115e-01,1.09215857e-01,7.90790791e+00,3.11306024e-01,4.30699167e-01,5.36051102e-01,3.27519097e-01
7.91791792e+00,6.18457112e-02,5.38935639e-02,1.07387271e-01,5.17497679e-02,7.91791792e+00,1.23900504e-01,1.19959847e-01,2.14886360e-01,1.09215857e-01,7.91791792e+00,3.13460957e-01,4.30699167e-01,5.39188849e-01,3.27519097e-01
7.92792793e+00,6.22635588e-02,5.38935639e-02,1.08010530e-01,5.17497679e-02,7.92792793e+00,1.24740215e-01,1.19959847e-01,2.16135011e-01,1.09215857e-01,7.92792793e+00,3.15632169e-01,4.30699167e-01,5.42348330e-01,3.27519097e-01
7.93793794e+00,6.26843619e-02,5.38935639e-02,1.08638001e-01,5.17497679e-02,7.93793794e+00,1.25585917e-01,1.19959847e-01,2.17392127e-01,1.09215857e-01,7.93793794e+00,3.17819797e-01,4.30699167e-01,5.45529710e-01,3.27519097e-01
7.94794795e+00,6.31081416e-02,5.38935639e-02,1.09269714e-01,5.17497679e-02,7.94794795e+00,1.26437652e-01,1.19959847e-01,2.18657770e-01,1.09215857e-01,7.94794795e+00,3.20023978e-01,4.30699167e-01,5.48733153e-01,3.27519097e-01
7.95795796e+00,6.35349189e-02,5.38935639e-02,1.09905700e-01,5.17497679e-02,7.95795796e+00,1.27295465e-01,1.19959847e-01,2.19931998e-01,1.09215857e-01,7.95795796e+00,3.22244855e-01,4.30699167e-01,5.51958827e-01,3.27519097e-01
7.96796797e+00,6.39647153e-02,5.38935639e-02,1.10545987e-01,5.17497679e-02,7.96796797e+00,1.28159401e-01,1.19959847e-01,2.21214875e-01,1.09215857e-01,7.96796797e+00,3.24482568e-01,4.30699167e-01,5.55206901e-01,3.27519097e-01
7.97797798e+00,6.43975522e-02,5.38935639e-02,1.11190607e-01,5.17497679e-02,7.97797798e+00,1.29029503e-01,1.19959847e-01,2.22506462e-01,1.09215857e-01,7.97797798e+00,3.26737262e-01,4.30699167e-01,5.58477544e-01,3.27519097e-01
7.98798799e+00,6.48334512e-02,5.38935639e-02,1.11839591e-01,5.17497679e-02,7.98798799e+00,1.29905817e-01,1.19959847e-01,2.23806820e-01,1.09215857e-01,7.98798799e+00,3.29009081e-01,4.30699167e-01,5.61770928e-01,3.27519097e-01
7.99799800e+00,6.52724341e-02,5.38935639e-02,1.12492968e-01,5.17497679e-02,7.99799800e+00,1.30788388e-01,1.19959847e-01,2.25116013e-01,1.09215857e-01,7.99799800e+00,3.31298172e-01,4.30699167e-01,5.65087226e-01,3.27519097e-01
8.00800801e+00,6.57145229e-02,5.38935639e-02,1.13150771e-01,5.17497679e-02,8.00800801e+00,1.31677262e-01,1.19959847e-01,2.26434104e-01,1.09215857e-01,8.00800801e+00,3.33604683e-01,4.30699167e-01,5.68426613e-01,3.27519097e-01
8.01801802e+00,6.61597396e-02,5.38935639e-02,1.13813031e-01,5.17497679e-02,8.01801802e+00,1.32572485e-01,1.19959847e-01,2.27761156e-01,1.09215857e-01,8.01801802e+00,3.35928763e-01,4.30699167e-01,5.71789263e-01,3.27519097e-01
8.02802803e+00,6.66081066e-02,5.38935639e-02,1.14479779e-01,5.17497679e-02,8.02802803e+00,1.33474103e-01,1.19959847e-01,2.29097233e-01,1.09215857e-01,8.02802803e+00,3.38270565e-01,4.30699167e-01,5.75175355e-01,3.27519097e-01
8.03803804e+00,6.70596462e-02,5.38935639e-02,1.15151047e-01,5.17497679e-02,8.03803804e+00,1.34382163e-01,1.19959847e-01,2.30442400e-01,1.09215857e-01,8.03803804e+00,3.40630241e-01,4.30699167e-01,5.78585067e-01,3.27519097e-01
8.04804805e+00,6.75143811e-02,5.38935639e-02,1.15826866e-01,5.17497679e-02,8.04804805e+00,1.35296713e-01,1.19959847e-01,2.31796721e-01,1.09215857e-01,8.04804805e+00,3.43007947e-01,4.30699167e-01,5.82018580e-01,3.27519097e-01
8.05805806e+00,6.79723340e-02,5.38935639e-02,1.16507270e-01,5.17497679e-02,8.05805806e+00,1.36217799e-01,1.19959847e-01,2.33160263e-01,1.09215857e-01,8.05805806e+00,3.45403838e-01,4.30699167e-01,5.85476076e-01,3.27519097e-01
8.06806807e+00,6.84335278e-02,5.38935639e-02,1.17192290e-01,5.17497679e-02,8.06806807e+00,1.37145470e-01,1.19959847e-01,2.34533091e-01,1.09215857e-01,8.06806807e+00,3.47818073e-01,4.30699167e-01,5.88957738e-01,3.27519097e-01
8.07807808e+00,6.88979856e-02,5.38935639e-02,1.17881960e-01,5.17497679e-02,8.07807808e+00,1.38079774e-01,1.19959847e-01,2.35915270e-01,1.09215857e-01,8.07807808e+00,3.50250813e-01,4.30699167e-01,5.92463752e-01,3.27519097e-01
8.08808809e+00,6.93657306e-02,5.38935639e-02,1.18576311e-01,5.17497679e-02,8.08808809e+00,1.39020759e-01,1.19959847e-01,2.37306870e-01,1.09215857e-01,8.08808809e+00,3.52702218e-01,4.30699167e-01,5.95994305e-01,3.27519097e-01
8.09809810e+00,6.98367863e-02,5.38935639e-02,1.19275378e-01,5.17497679e-02,8.09809810e+00,1.39968475e-01,1.19959847e-01,2.38707955e-01,1.09215857e-01,8.09809810e+00,3.55172453e-01,4.30699167e-01,5.99549585e-01,3.27519097e-01
8.10810811e+00,7.03111763e-02,5.38935639e-02,1.19979194e-01,5.17497679e-02,8.10810811e+00,1.40922971e-01,1.19959847e-01,2.40118596e-01,1.09215857e-01,8.10810811e+00,3.57661683e-01,4.30699167e-01,6.03129782e-01,3.27519097e-01
8.11811812e+00,7.07889243e-02,5.38935639e-02,1.20687792e-01,5.17497679e-02,8.11811812e+00,1.41884296e-01,1.19959847e-01,2.41538859e-01,1.09215857e-01,8.11811812e+00,3.60170076e-01,4.30699167e-01,6.06735088e-01,3.27519097e-01
8.12812813e+00,7.12700542e-02,5.38935639e-02,1.21401206e-01,5.17497679e-02,8.12812813e+00,1.42852502e-01,1.19959847e-01,2.42968814e-01,1.09215857e-01,8.12812813e+00,3.62697800e-01,4.30699167e-01,6.10365696e-01,3.27519097e-01
8.13813814e+00,7.17545903e-02,5.38935639e-02,1.22119470e-01,5.17497679e-02,8.13813814e+00,1.43827638e-01,1.19959847e-01,2.44408530e-01,1.09215857e-01,8.13813814e+00,3.65245028e-01,4.30699167e-01,6.14021803e-01,3.27519097e-01
8.14814815e+00,7.22425566e-02,5.38935639e-02,1.22842619e-01,5.17497679e-02,8.14814815e+00,1.44809755e-01,1.19959847e-01,2.45858077e-01,1.09215857e-01,8.14814815e+00,3.67811933e-01,4.30699167e-01,6.17703604e-01,3.27519097e-01
8.15815816e+00,7.27339777e-02,5.38935639e-02,1.23570686e-01,5.17497679e-02,8.15815816e+00,1.45798906e-01,1.19959847e-01,2.47317526e-01,1.09215857e-01,8.15815816e+00,3.70398689e-01,4.30699167e-01,6.21411299e-01,3.27519097e-01
8.16816817e+00,7.32288783e-02,5.38935639e-02,1.24303708e-01,5.17497679e-02,8.16816817e+00,1.46795141e-01,1.19959847e-01,2.48786947e-01,1.09215857e-01,8.16816817e+00,3.73005474e-01,4.30699167e-01,6.25145087e-01,3.27519097e-01
8.17817818e+00,7.37272832e-02,5.38935639e-02,1.25041719e-01,5.17497679e-02,8.17817818e+00,1.47798513e-01,1.19959847e-01,2.50266411e-01,1.09215857e-01,8.17817818e+00,3.75632468e-01,4.30699167e-01,6.28905172e-01,3.27519097e-01
8.18818819e+00,7.42292173e-02,5.38935639e-02,1.25784754e-01,5.17497679e-02,8.18818819e+00,1.48809074e-01,1.19959847e-01,2.51755991e-01,1.09215857e-01,8.18818819e+00,3.78279853e-01,4.30699167e-01,6.32691757e-01,3.27519097e-01
8.19819820e+00,7.47347058e-02,5.38935639e-02,1.26532850e-01,5.17497679e-02,8.19819820e+00,1.49826878e-01,1.19959847e-01,2.53255760e-01,1.09215857e-01,8.19819820e+00,3.80947811e-01,4.30699167e-01,6.36505048e-01,3.27519097e-01
8.20820821e+00,7.52437742e-02,5.38935639e-02,1.27286040e-01,5.17497679e-02,8.20820821e+00,1.50851978e-01,1.19959847e-01,2.54765790e-01,1.09215857e-01,8.20820821e+00,3.83636528e-01,4.30699167e-01,6.40345254e-01,3.27519097e-01
8.21821822e+00,7.57564478e-02,5.38935639e-02,1.28044363e-01,5.17497679e-02,8.21821822e+00,1.51884428e-01,1.19959847e-01,2.56286154e-01,1.09215857e-01,8.21821822e+00,3.86346194e-01,4.30699167e-01,6.44212583e-01,3.27519097e-01
8.22822823e+00,7.62727526e-02,5.38935639e-02,1.28807854e-01,5.17497679e-02,8.22822823e+00,1.52924282e-01,1.19959847e-01,2.57816928e-01,1.09215857e-01,8.22822823e+00,3.89076997e-01,4.30699167e-01,6.48107248e-01,3.27519097e-01
8.23823824e+00,7.67927144e-02,5.38935639e-02,1.29576550e-01,5.17497679e-02,8.23823824e+00,1.53971595e-01,1.19959847e-01,2.59358185e-01,1.09215857e-01,8.23823824e+00,3.91829131e-01,4.30699167e-01,6.52029461e-01,3.27519097e-01
8.24824825e+00,7.73163592e-02,5.38935639e-02,1.30350488e-01,5.17497679e-02,8.24824825e+00,1.55026422e-01,1.19959847e-01,2.60910001e-01,1.09215857e-01,8.24824825e+00,3.94602791e-01,4.30699167e-01,6.55979439e-01,3.27519097e-01
8.25825826e+00,7.78437135e-02,5.38935639e-02,1.31129704e-01,5.17497679e-02,8.25825826e+00,1.56088819e-01,1.19959847e-01,2.62472452e-01,1.09215857e-01,8.25825826e+00,3.97398174e-01,4.30699167e-01,6.59957399e-01,3.27519097e-01
8.26826827e+00,7.83748037e-02,5.38935639e-02,1.31914237e-01,5.17497679e-02,8.26826827e+00,1.57158842e-01,1.19959847e-01,2.64045614e-01,1.09215857e-01,8.26826827e+00,4.00215479e-01,4.30699167e-01,6.63963560e-01,3.27519097e-01
8.27827828e+00,7.89096566e-02,5.38935639e-02,1.32704123e-01,5.17497679e-02,8.27827828e+00,1.58236547e-01,1.19959847e-01,2.65629563e-01,1.09215857e-01,8.27827828e+00,4.03054909e-01,4.30699167e-01,6.67998144e-01,3.27519097e-01
8.28828829e+00,7.94482989e-02,5.38935639e-02,1.33499401e-01,5.17497679e-02,8.28828829e+00,1.59321992e-01,1.19959847e-01,2.67224378e-01,1.09215857e-01,8.28828829e+00,4.05916669e-01,4.30699167e-01,6.72061373e-01,3.27519097e-01
8.29829830e+00,7.99907577e-02,5.38935639e-02,1.34300110e-01,5.17497679e-02,8.29829830e+00,1.60415234e-01,1.19959847e-01,2.68830136e-01,1.09215857e-01,8.29829830e+00,4.08800965e-01,4.30699167e-01,6.76153475e-01,3.27519097e-01
8.30830831e+00,8.05370605e-02,5.38935639e-02,1.35106286e-01,5.17497679e-02,8.30830831e+00,1.61516330e-01,1.19959847e-01,2.70446916e-01,1.09215857e-01,8.30830831e+00,4.11708008e-01,4.30699167e-01,6.80274676e-01,3.27519097e-01
8.31831832e+00,8.10872345e-02,5.38935639e-02,1.35917970e-01,5.17497679e-02,8.31831832e+00,1.62625339e-01,1.19959847e-01,2.72074797e-01,1.09215857e-01,8.31831832e+00,4.14638009e-01,4.30699167e-01,6.84425207e-01,3.27519097e-01
8.32832833e+00,8.16413076e-02,5.38935639e-02,1.36735201e-01,5.17497679e-02,8.32832833e+00,1.63742321e-01,1.19959847e-01,2.73713859e-01,1.09215857e-01,8.32832833e+00,4.17591185e-01,4.30699167e-01,6.88605299e-01,3.27519097e-01
8.33833834e+00,8.21993075e-02,5.38935639e-02,1.37558017e-01,5.17497679e-02,8.33833834e+00,1.64867334e-01,1.19959847e-01,2.75364183e-01,1.09215857e-01,8.33833834e+00,4.20567752e-01,4.30699167e-01,6.92815186e-01,3.27519097e-01
8.34834835e+00,8.27612624e-02,5.38935639e-02,1.38386458e-01,5.17497679e-02,8.34834835e+00,1.66000438e-01,1.19959847e-01,2.77025849e-01,1.09215857e-01,8.34834835e+00,4.23567931e-01,4.30699167e-01,6.97055106e-01,3.27519097e-01
8.35835836e+00,8.33272007e-02,5.38935639e-02,1.39220564e-01,5.17497679e-02,8.35835836e+00,1.67141694e-01,1.19959847e-01,2.78698939e-01,1.09215857e-01,8.35835836e+00,4.26591946e-01,4.30699167e-01,7.01325295e-01,3.27519097e-01
8.36836837e+00,8.38971506e-02,5.38935639e-02,1.40060375e-01,5.17497679e-02,8.36836837e+00,1.68291162e-01,1.19959847e-01,2.80383535e-01,1.09215857e-01,8.36836837e+00,4.29640023e-01,4.30699167e-01,7.05625996e-01,3.27519097e-01
8.37837838e+00,8.44711411e-02,5.38935639e-02,1.40905932e-01,5.17497679e-02,8.37837838e+00,1.69448904e-01,1.19959847e-01,2.82079721e-01,1.09215857e-01,8.37837838e+00,4.32712390e-01,4.30699167e-01,7.09957452e-01,3.27519097e-01
8.38838839e+00,8.50492010e-02,5.38935639e-02,1.41757275e-01,5.17497679e-02,8.38838839e+00,1.70614981e-01,1.19959847e-01,2.83787578e-01,1.09215857e-01,8.38838839e+00,4.35809281e-01,4.30699167e-01,7.14319907e-01,3.27519097e-01
8.39839840e+00,8.56313595e-02,5.38935639e-02,1.42614446e-01,5.17497679e-02,8.39839840e+00,1.71789456e-01,1.19959847e-01,2.85507192e-01,1.09215857e-01,8.39839840e+00,4.38930929e-01,4.30699167e-01,7.18713610e-01,3.27519097e-01
8.40840841e+00,8.62176458e-02,5.38935639e-02,1.43477486e-01,5.17497679e-02,8.40840841e+00,1.72972392e-01,1.19959847e-01,2.87238648e-01,1.09215857e-01,8.40840841e+00,4.42077574e-01,4.30699167e-01,7.23138811e-01,3.27519097e-01
8.41841842e+00,8.68080897e-02,5.38935639e-02,1.44346435e-01,5.17497679e-02,8.41841842e+00,1.74163851e-01,1.19959847e-01,2.88982030e-01,1.09215857e-01,8.41841842e+00,4.45249457e-01,4.30699167e-01,7.27595762e-01,3.27519097e-01
8.42842843e+00,8.74027208e-02,5.38935639e-02,1.45221338e-01,5.17497679e-02,8.42842843e+00,1.75363899e-01,1.19959847e-01,2.90737424e-01,1.09215857e-01,8.42842843e+00,4.48446821e-01,4.30699167e-01,7.32084719e-01,3.27519097e-01
8.43843844e+00,8.80015691e-02,5.38935639e-02,1.46102234e-01,5.17497679e-02,8.43843844e+00,1.76572599e-01,1.19959847e-01,2.92504918e-01,1.09215857e-01,8.43843844e+00,4.51669915e-01,4.30699167e-01,7.36605940e-01,3.27519097e-01
8.44844845e+00,8.86046650e-02,5.38935639e-02,1.46989168e-01,5.17497679e-02,8.44844845e+00,1.77790016e-01,1.19959847e-01,2.94284597e-01,1.09215857e-01,8.44844845e+00,4.54918989e-01,4.30699167e-01,7.41159683e-01,3.27519097e-01
8.45845846e+00,8.92120388e-02,5.38935639e-02,1.47882181e-01,5.17497679e-02,8.45845846e+00,1.79016216e-01,1.19959847e-01,2.96076552e-01,1.09215857e-01,8.45845846e+00,4.58194299e-01,4.30699167e-01,7.45746213e-01,3.27519097e-01
8.46846847e+00,8.98237212e-02,5.38935639e-02,1.48781318e-01,5.17497679e-02,8.46846847e+00,1.80251265e-01,1.19959847e-01,2.97880868e-01,1.09215857e-01,8.46846847e+00,4.61496101e-01,4.30699167e-01,7.50365794e-01,3.27519097e-01
8.47847848e+00,9.04397431e-02,5.38935639e-02,1.49686620e-01,5.17497679e-02,8.47847848e+00,1.81495229e-01,1.19959847e-01,2.99697638e-01,1.09215857e-01,8.47847848e+00,4.64824658e-01,4.30699167e-01,7.55018693e-01,3.27519097e-01
8.48848849e+00,9.10601357e-02,5.38935639e-02,1.50598133e-01,5.17497679e-02,8.48848849e+00,1.82748176e-01,1.19959847e-01,3.01526949e-01,1.09215857e-01,8.48848849e+00,4.68180233e-01,4.30699167e-01,7.59705182e-01,3.27519097e-01
8.49849850e+00,9.16849303e-02,5.38935639e-02,1.51515900e-01,5.17497679e-02,8.49849850e+00,1.84010173e-01,1.19959847e-01,3.03368892e-01,1.09215857e-01,8.49849850e+00,4.71563096e-01,4.30699167e-01,7.64425533e-01,3.27519097e-01
8.50850851e+00,9.23141585e-02,5.38935639e-02,1.52439966e-01,5.17497679e-02,8.50850851e+00,1.85281289e-01,1.19959847e-01,3.05223560e-01,1.09215857e-01,8.50850851e+00,4.74973518e-01,4.30699167e-01,7.69180023e-01,3.27519097e-01
8.51851852e+00,9.29478521e-02,5.38935639e-02,1.53370375e-01,5.17497679e-02,8.51851852e+00,1.86561592e-01,1.19959847e-01,3.07091043e-01,1.09215857e-01,8.51851852e+00,4.78411775e-01,4.30699167e-01,7.73968930e-01,3.27519097e-01
8.52852853e+00,9.35860433e-02,5.38935639e-02,1.54307172e-01,5.17497679e-02,8.52852853e+00,1.87851152e-01,1.19959847e-01,3.08971435e-01,1.09215857e-01,8.52852853e+00,4.81878148e-01,4.30699167e-01,7.78792535e-01,3.27519097e-01
8.53853854e+00,9.42287642e-02,5.38935639e-02,1.55250403e-01,5.17497679e-02,8.53853854e+00,1.89150038e-01,1.19959847e-01,3.10864829e-01,1.09215857e-01,8.53853854e+00,4.85372919e-01,4.30699167e-01,7.83651122e-01,3.27519097e-01
8.54854855e+00,9.48760475e-02,5.38935639e-02,1.56200113e-01,5.17497679e-02,8.54854855e+00,1.90458323e-01,1.19959847e-01,3.12771319e-01,1.09215857e-01,8.54854855e+00,4.88896376e-01,4.30699167e-01,7.88544980e-01,3.27519097e-01
8.55855856e+00,9.55279259e-02,5.38935639e-02,1.57156349e-01,5.17497679e-02,8.55855856e+00,1.91776076e-01,1.19959847e-01,3.14690999e-01,1.09215857e-01,8.55855856e+00,4.92448812e-01,4.30699167e-01,7.93474398e-01,3.27519097e-01
8.56856857e+00,9.61844325e-02,5.38935639e-02,1.58119156e-01,5.17497679e-02,8.56856857e+00,1.93103369e-01,1.19959847e-01,3.16623966e-01,1.09215857e-01,8.56856857e+00,4.96030520e-01,4.30699167e-01,7.98439668e-01,3.27519097e-01
8.57857858e+00,9.68456005e-02,5.38935639e-02,1.59088581e-01,5.17497679e-02,8.57857858e+00,1.94440276e-01,1.19959847e-01,3.18570315e-01,1.09215857e-01,8.57857858e+00,4.99641803e-01,4.30699167e-01,8.03441087e-01,3.27519097e-01
8.58858859e+00,9.75114635e-02,5.38935639e-02,1.60064672e-01,5.17497679e-02,8.58858859e+00,1.95786869e-01,1.19959847e-01,3.20530143e-01,1.09215857e-01,8.58858859e+00,5.03282963e-01,4.30699167e-01,8.08478955e-01,3.27519097e-01
8.59859860e+00,9.81820551e-02,5.38935639e-02,1.61047475e-01,5.17497679e-02,8.59859860e+00,1.97143221e-01,1.19959847e-01,3.22503549e-01,1.09215857e-01,8.59859860e+00,5.06954310e-01,4.30699167e-01,8.13553573e-01,3.27519097e-01
8.60860861e+00,9.88574096e-02,5.38935639e-02,1.62037039e-01,5.17497679e-02,8.60860861e+00,1.98509408e-01,1.19959847e-01,3.24490630e-01,1.09215857e-01,8.60860861e+00,5.10656156e-01,4.30699167e-01,8.18665246e-01,3.27519097e-01
8.61861862e+00,9.95375611e-02,5.38935639e-02,1.63033411e-01,5.17497679e-02,8.61861862e+00,1.99885504e-01,1.19959847e-01,3.26491486e-01,1.09215857e-01,8.61861862e+00,5.14388819e-01,4.30699167e-01,8.23814283e-01,3.27519097e-01
8.62862863e+00,1.00222544e-01,5.38935639e-02,1.64036640e-01,5.17497679e-02,8.62862863e+00,2.01271585e-01,1.19959847e-01,3.28506217e-01,1.09215857e-01,8.62862863e+00,5.18152622e-01,4.30699167e-01,8.29000996e-01,3.27519097e-01
8.63863864e+00,1.00912394e-01,5.38935639e-02,1.65046774e-01,5.17497679e-02,8.63863864e+00,2.02667726e-01,1.19959847e-01,3.30534923e-01,1.09215857e-01,8.63863864e+00,5.21947891e-01,4.30699167e-01,8.34225700e-01,3.27519097e-01
8.64864865e+00,1.01607144e-01,5.38935639e-02,1.66063862e-01,5.17497679e-02,8.64864865e+00,2.04074006e-01,1.19959847e-01,3.32577705e-01,1.09215857e-01,8.64864865e+00,5.25774959e-01,4.30699167e-01,8.39488712e-01,3.27519097e-01
8.65865866e+00,1.02306832e-01,5.38935639e-02,1.67087955e-01,5.17497679e-02,8.65865866e+00,2.05490501e-01,1.19959847e-01,3.34634667e-01,1.09215857e-01,8.65865866e+00,5.29634162e-01,4.30699167e-01,8.44790356e-01,3.27519097e-01
8.66866867e+00,1.03011492e-01,5.38935639e-02,1.68119101e-01,5.17497679e-02,8.66866867e+00,2.06917290e-01,1.19959847e-01,3.36705912e-01,1.09215857e-01,8.66866867e+00,5.33525842e-01,4.30699167e-01,8.50130955e-01,3.27519097e-01
8.67867868e+00,1.03721160e-01,5.38935639e-02,1.69157350e-01,5.17497679e-02,8.67867868e+00,2.08354452e-01,1.19959847e-01,3.38791542e-01,1.09215857e-01,8.67867868e+00,5.37450346e-01,4.30699167e-01,8.55510838e-01,3.27519097e-01
8.68868869e+00,1.04435872e-01,5.38935639e-02,1.70202755e-01,5.17497679e-02,8.68868869e+00,2.09802067e-01,1.19959847e-01,3.40891662e-01,1.09215857e-01,8.68868869e+00,5.41408025e-01,4.30699167e-01,8.60930338e-01,3.27519097e-01
8.69869870e+00,1.05155665e-01,5.38935639e-02,1.71255364e-01,5.17497679e-02,8.69869870e+00,2.11260214e-01,1.19959847e-01,3.43006379e-01,1.09215857e-01,8.69869870e+00,5.45399238e-01,4.30699167e-01,8.66389789e-01,3.27519097e-01
8.70870871e+00,1.05880575e-01,5.38935639e-02,1.72315229e-01,5.17497679e-02,8.70870871e+00,2.12728975e-01,1.19959847e-01,3.45135799e-01,1.09215857e-01,8.70870871e+00,5.49424348e-01,4.30699167e-01,8.71889533e-01,3.27519097e-01
8.71871872e+00,1.06610640e-01,5.38935639e-02,1.73382403e-01,5.17497679e-02,8.71871872e+00,2.14208432e-01,1.19959847e-01,3.47280027e-01,1.09215857e-01,8.71871872e+00,5.53483723e-01,4.30699167e-01,8.77429910e-01,3.27519097e-01
8.72872873e+00,1.07345896e-01,5.38935639e-02,1.74456937e-01,5.17497679e-02,8.72872873e+00,2.15698667e-01,1.19959847e-01,3.49439173e-01,1.09215857e-01,8.72872873e+00,5.57577737e-01,4.30699167e-01,8.83011269e-01,3.27519097e-01
8.73873874e+00,1.08086381e-01,5.38935639e-02,1.75538882e-01,5.17497679e-02,8.73873874e+00,2.17199764e-01,1.19959847e-01,3.51613345e-01,1.09215857e-01,8.73873874e+00,5.61706770e-01,4.30699167e-01,8.88633959e-01,3.27519097e-01
8.74874875e+00,1.08832133e-01,5.38935639e-02,1.76628293e-01,5.17497679e-02,8.74874875e+00,2.18711807e-01,1.19959847e-01,3.53802652e-01,1.09215857e-01,8.74874875e+00,5.65871209e-01,4.30699167e-01,8.94298336e-01,3.27519097e-01
8.75875876e+00,1.09583189e-01,5.38935639e-02,1.77725222e-01,5.17497679e-02,8.75875876e+00,2.20234879e-01,1.19959847e-01,3.56007205e-01,1.09215857e-01,8.75875876e+00,5.70071444e-01,4.30699167e-01,9.00004757e-01,3.27519097e-01
8.76876877e+00,1.10339589e-01,5.38935639e-02,1.78829722e-01,5.17497679e-02,8.76876877e+00,2.21769068e-01,1.19959847e-01,3.58227116e-01,1.09215857e-01,8.76876877e+00,5.74307875e-01,4.30699167e-01,9.05753584e-01,3.27519097e-01
8.77877878e+00,1.11101371e-01,5.38935639e-02,1.79941848e-01,5.17497679e-02,8.77877878e+00,2.23314458e-01,1.19959847e-01,3.60462496e-01,1.09215857e-01,8.77877878e+00,5.78580906e-01,4.30699167e-01,9.11545185e-01,3.27519097e-01
8.78878879e+00,1.11868573e-01,5.38935639e-02,1.81061654e-01,5.17497679e-02,8.78878879e+00,2.24871138e-01,1.19959847e-01,3.62713458e-01,1.09215857e-01,8.78878879e+00,5.82890947e-01,4.30699167e-01,9.17379929e-01,3.27519097e-01
8.79879880e+00,1.12641235e-01,5.38935639e-02,1.82189193e-01,5.17497679e-02,8.79879880e+00,2.26439194e-01,1.19959847e-01,3.64980117e-01,1.09215857e-01,8.79879880e+00,5.87238416e-01,4.30699167e-01,9.23258192e-01,3.27519097e-01
8.80880881e+00,1.13419397e-01,5.38935639e-02,1.83324523e-01,5.17497679e-02,8.80880881e+00,2.28018716e-01,1.19959847e-01,3.67262587e-01,1.09215857e-01,8.80880881e+00,5.91623738e-01,4.30699167e-01,9.29180351e-01,3.27519097e-01
8.81881882e+00,1.14203099e-01,5.38935639e-02,1.84467697e-01,5.17497679e-02,8.81881882e+00,2.29609793e-01,1.19959847e-01,3.69560983e-01,1.09215857e-01,8.81881882e+00,5.96047343e-01,4.30699167e-01,9.35146791e-01,3.27519097e-01
8.82882883e+00,1.14992379e-01,5.38935639e-02,1.85618772e-01,5.17497679e-02,8.82882883e+00,2.31212516e-01,1.19959847e-01,3.71875422e-01,1.09215857e-01,8.82882883e+00,6.00509670e-01,4.30699167e-01,9.41157899e-01,3.27519097e-01
8.83883884e+00,1.15787280e-01,5.38935639e-02,1.86777804e-01,5.17497679e-02,8.83883884e+00,2.32826975e-01,1.19959847e-01,3.74206023e-01,1.09215857e-01,8.83883884e+00,6.05011164e-01,4.30699167e-01,9.47214067e-01,3.27519097e-01
8.84884885e+00,1.16587841e-01,5.38935639e-02,1.87944849e-01,5.17497679e-02,8.84884885e+00,2.34453262e-01,1.19959847e-01,3.76552902e-01,1.09215857e-01,8.84884885e+00,6.09552277e-01,4.30699167e-01,9.53315691e-01,3.27519097e-01
8.85885886e+00,1.17394104e-01,5.38935639e-02,1.89119965e-01,5.17497679e-02,8.85885886e+00,2.36091470e-01,1.19959847e-01,3.78916180e-01,1.09215857e-01,8.85885886e+00,6.14133469e-01,4.30699167e-01,9.59463173e-01,3.27519097e-01
8.86886887e+00,1.18206110e-01,5.38935639e-02,1.90303210e-01,5.17497679e-02,8.86886887e+00,2.37741692e-01,1.19959847e-01,3.81295977e-01,1.09215857e-01,8.86886887e+00,6.18755209e-01,4.30699167e-01,9.65656919e-01,3.27519097e-01
8.87887888e+00,1.19023901e-01,5.38935639e-02,1.91494640e-01,5.17497679e-02,8.87887888e+00,2.39404024e-01,1.19959847e-01,3.83692414e-01,1.09215857e-01,8.87887888e+00,6.23417972e-01,4.30699167e-01,9.71897339e-01,3.27519097e-01
8.88888889e+00,1.19847519e-01,5.38935639e-02,1.92694315e-01,5.17497679e-02,8.88888889e+00,2.41078561e-01,1.19959847e-01,3.86105612e-01,1.09215857e-01,8.88888889e+00,6.28122241e-01,4.30699167e-01,9.78184849e-01,3.27519097e-01
8.89889890e+00,1.20677006e-01,5.38935639e-02,1.93902293e-01,5.17497679e-02,8.89889890e+00,2.42765398e-01,1.19959847e-01,3.88535697e-01,1.09215857e-01,8.89889890e+00,6.32868508e-01,4.30699167e-01,9.84519869e-01,3.27519097e-01
8.90890891e+00,1.21512404e-01,5.38935639e-02,1.95118633e-01,5.17497679e-02,8.90890891e+00,2.44464633e-01,1.19959847e-01,3.90982790e-01,1.09215857e-01,8.90890891e+00,6.37657274e-01,4.30699167e-01,9.90902825e-01,3.27519097e-01
8.91891892e+00,1.22353758e-01,5.38935639e-02,1.96343396e-01,5.17497679e-02,8.91891892e+00,2.46176364e-01,1.19959847e-01,3.93447018e-01,1.09215857e-01,8.91891892e+00,6.42489047e-01,4.30699167e-01,9.97334147e-01,3.27519097e-01
8.92892893e+00,1.23201109e-01,5.38935639e-02,1.97576640e-01,5.17497679e-02,8.92892893e+00,2.47900690e-01,1.19959847e-01,3.95928506e-01,1.09215857e-01,8.92892893e+00,6.47364345e-01,4.30699167e-01,1.00381427e+00,3.27519097e-01
8.93893894e+00,1.24054502e-01,5.38935639e-02,1.98818427e-01,5.17497679e-02,8.93893894e+00,2.49637711e-01,1.19959847e-01,3.98427382e-01,1.09215857e-01,8.93893894e+00,6.52283694e-01,4.30699167e-01,1.01034364e+00,3.27519097e-01
8.94894895e+00,1.24913981e-01,5.38935639e-02,2.00068817e-01,5.17497679e-02,8.94894895e+00,2.51387527e-01,1.19959847e-01,4.00943774e-01,1.09215857e-01,8.94894895e+00,6.57247630e-01,4.30699167e-01,1.01692269e+00,3.27519097e-01
8.95895896e+00,1.25779590e-01,5.38935639e-02,2.01327872e-01,5.17497679e-02,8.95895896e+00,2.53150241e-01,1.19959847e-01,4.03477810e-01,1.09215857e-01,8.95895896e+00,6.62256698e-01,4.30699167e-01,1.02355189e+00,3.27519097e-01
8.96896897e+00,1.26651374e-01,5.38935639e-02,2.02595653e-01,5.17497679e-02,8.96896897e+00,2.54925955e-01,1.19959847e-01,4.06029622e-01,1.09215857e-01,8.96896897e+00,6.67311453e-01,4.30699167e-01,1.03023168e+00,3.27519097e-01
8.97897898e+00,1.27529377e-01,5.38935639e-02,2.03872224e-01,5.17497679e-02,8.97897898e+00,2.56714773e-01,1.19959847e-01,4.08599339e-01,1.09215857e-01,8.97897898e+00,6.72412458e-01,4.30699167e-01,1.03696254e+00,3.27519097e-01
8.98898899e+00,1.28413645e-01,5.38935639e-02,2.05157646e-01,5.17497679e-02,8.98898899e+00,2.58516800e-01,1.19959847e-01,4.11187095e-01,1.09215857e-01,8.98898899e+00,6.77560289e-01,4.30699167e-01,1.04374492e+00,3.27519097e-01
8.99899900e+00,1.29304224e-01,5.38935639e-02,2.06451982e-01,5.17497679e-02,8.99899900e+00,2.60332141e-01,1.19959847e-01,4.13793022e-01,1.09215857e-01,8.99899900e+00,6.82755530e-01,4.30699167e-01,1.05057931e+00,3.27519097e-01
9.00900901e+00,1.30201160e-01,5.38935639e-02,2.07755297e-01,5.17497679e-02,9.00900901e+00,2.62160904e-01,1.19959847e-01,4.16417255e-01,1.09215857e-01,9.00900901e+00,6.87998777e-01,4.30699167e-01,1.05746619e+00,3.27519097e-01
9.01901902e+00,1.31104498e-01,5.38935639e-02,2.09067655e-01,5.17497679e-02,9.01901902e+00,2.64003195e-01,1.19959847e-01,4.19059930e-01,1.09215857e-01,9.01901902e+00,6.93290636e-01,4.30699167e-01,1.06440603e+00,3.27519097e-01
9.02902903e+00,1.32014287e-01,5.38935639e-02,2.10389119e-01,5.17497679e-02,9.02902903e+00,2.65859125e-01,1.19959847e-01,4.21721183e-01,1.09215857e-01,9.02902903e+00,6.98631724e-01,4.30699167e-01,1.07139934e+00,3.27519097e-01
9.03903904e+00,1.32930573e-01,5.38935639e-02,2.11719755e-01,5.17497679e-02,9.03903904e+00,2.67728802e-01,1.19959847e-01,4.24401151e-01,1.09215857e-01,9.03903904e+00,7.04022669e-01,4.30699167e-01,1.07844662e+00,3.27519097e-01
9.04904905e+00,1.33853404e-01,5.38935639e-02,2.13059629e-01,5.17497679e-02,9.04904905e+00,2.69612339e-01,1.19959847e-01,4.27099973e-01,1.09215857e-01,9.04904905e+00,7.09464113e-01,4.30699167e-01,1.08554836e+00,3.27519097e-01
9.05905906e+00,1.34782827e-01,5.38935639e-02,2.14408807e-01,5.17497679e-02,9.05905906e+00,2.71509846e-01,1.19959847e-01,4.29817789e-01,1.09215857e-01,9.05905906e+00,7.14956706e-01,4.30699167e-01,1.09270508e+00,3.27519097e-01
9.06906907e+00,1.35718891e-01,5.38935639e-02,2.15767354e-01,5.17497679e-02,9.06906907e+00,2.73421437e-01,1.19959847e-01,4.32554740e-01,1.09215857e-01,9.06906907e+00,7.20501114e-01,4.30699167e-01,1.09991731e+00,3.27519097e-01
9.07907908e+00,1.36661645e-01,5.38935639e-02,2.17135338e-01,5.17497679e-02,9.07907908e+00,2.75347226e-01,1.19959847e-01,4.35310969e-01,1.09215857e-01,9.07907908e+00,7.26098012e-01,4.30699167e-01,1.10718556e+00,3.27519097e-01
9.08908909e+00,1.37611136e-01,5.38935639e-02,2.18512827e-01,5.17497679e-02,9.08908909e+00,2.77287329e-01,1.19959847e-01,4.38086618e-01,1.09215857e-01,9.08908909e+00,7.31748091e-01,4.30699167e-01,1.11451036e+00,3.27519097e-01
9.09909910e+00,1.38567416e-01,5.38935639e-02,2.19899889e-01,5.17497679e-02,9.09909910e+00,2.79241863e-01,1.19959847e-01,4.40881832e-01,1.09215857e-01,9.09909910e+00,7.37452052e-01,4.30699167e-01,1.12189226e+00,3.27519097e-01
9.10910911e+00,1.39530533e-01,5.38935639e-02,2.21296591e-01,5.17497679e-02,9.10910911e+00,2.81210944e-01,1.19959847e-01,4.43696756e-01,1.09215857e-01,9.10910911e+00,7.43210613e-01,4.30699167e-01,1.12933181e+00,3.27519097e-01
9.11911912e+00,1.40500538e-01,5.38935639e-02,2.22703002e-01,5.17497679e-02,9.11911912e+00,2.83194693e-01,1.19959847e-01,4.46531538e-01,1.09215857e-01,9.11911912e+00,7.49024502e-01,4.30699167e-01,1.13682955e+00,3.27519097e-01
9.12912913e+00,1.41477482e-01,5.38935639e-02,2.24119193e-01,5.17497679e-02,9.12912913e+00,2.85193228e-01,1.19959847e-01,4.49386325e-01,1.09215857e-01,9.12912913e+00,7.54894463e-01,4.30699167e-01,1.14438605e+00,3.27519097e-01
9.13913914e+00,1.42461414e-01,5.38935639e-02,2.25545234e-01,5.17497679e-02,9.13913914e+00,2.87206672e-01,1.19959847e-01,4.52261266e-01,1.09215857e-01,9.13913914e+00,7.60821256e-01,4.30699167e-01,1.15200188e+00,3.27519097e-01
9.14914915e+00,1.43452388e-01,5.38935639e-02,2.26981193e-01,5.17497679e-02,9.14914915e+00,2.89235147e-01,1.19959847e-01,4.55156513e-01,1.09215857e-01,9.14914915e+00,7.66805652e-01,4.30699167e-01,1.15967761e+00,3.27519097e-01
9.15915916e+00,1.44450454e-01,5.38935639e-02,2.28427144e-01,5.17497679e-02,9.15915916e+00,2.91278776e-01,1.19959847e-01,4.58072217e-01,1.09215857e-01,9.15915916e+00,7.72848441e-01,4.30699167e-01,1.16741384e+00,3.27519097e-01
9.16916917e+00,1.45455664e-01,5.38935639e-02,2.29883157e-01,5.17497679e-02,9.16916917e+00,2.93337685e-01,1.19959847e-01,4.61008530e-01,1.09215857e-01,9.16916917e+00,7.78950427e-01,4.30699167e-01,1.17521114e+00,3.27519097e-01
9.17917918e+00,1.46468072e-01,5.38935639e-02,2.31349303e-01,5.17497679e-02,9.17917918e+00,2.95412000e-01,1.19959847e-01,4.63965607e-01,1.09215857e-01,9.17917918e+00,7.85112429e-01,4.30699167e-01,1.18307012e+00,3.27519097e-01
9.18918919e+00,1.47487730e-01,5.38935639e-02,2.32825657e-01,5.17497679e-02,9.18918919e+00,2.97501849e-01,1.19959847e-01,4.66943603e-01,1.09215857e-01,9.18918919e+00,7.91335285e-01,4.30699167e-01,1.19099139e+00,3.27519097e-01
9.19919920e+00,1.48514692e-01,5.38935639e-02,2.34312291e-01,5.17497679e-02,9.19919920e+00,2.99607360e-01,1.19959847e-01,4.69942676e-01,1.09215857e-01,9.19919920e+00,7.97619847e-01,4.30699167e-01,1.19897558e+00,3.27519097e-01
9.20920921e+00,1.49549012e-01,5.38935639e-02,2.35809278e-01,5.17497679e-02,9.20920921e+00,3.01728664e-01,1.19959847e-01,4.72962983e-01,1.09215857e-01,9.20920921e+00,8.03966987e-01,4.30699167e-01,1.20702329e+00,3.27519097e-01
9.21921922e+00,1.50590743e-01,5.38935639e-02,2.37316693e-01,5.17497679e-02,9.21921922e+00,3.03865893e-01,1.19959847e-01,4.76004684e-01,1.09215857e-01,9.21921922e+00,8.10377592e-01,4.30699167e-01,1.21513518e+00,3.27519097e-01
9.22922923e+00,1.51639942e-01,5.38935639e-02,2.38834610e-01,5.17497679e-02,9.22922923e+00,3.06019179e-01,1.19959847e-01,4.79067939e-01,1.09215857e-01,9.22922923e+00,8.16852570e-01,4.30699167e-01,1.22331189e+00,3.27519097e-01
9.23923924e+00,1.52696662e-01,5.38935639e-02,2.40363105e-01,5.17497679e-02,9.23923924e+00,3.08188656e-01,1.19959847e-01,4.82152910e-01,1.09215857e-01,9.23923924e+00,8.23392846e-01,4.30699167e-01,1.23155406e+00,3.27519097e-01
9.24924925e+00,1.53760959e-01,5.38935639e-02,2.41902254e-01,5.17497679e-02,9.24924925e+00,3.10374462e-01,1.19959847e-01,4.85259762e-01,1.09215857e-01,9.24924925e+00,8.29999365e-01,4.30699167e-01,1.23986236e+00,3.27519097e-01
9.25925926e+00,1.54832890e-01,5.38935639e-02,2.43452133e-01,5.17497679e-02,9.25925926e+00,3.12576732e-01,1.19959847e-01,4.88388658e-01,1.09215857e-01,9.25925926e+00,8.36673091e-01,4.30699167e-01,1.24823746e+00,3.27519097e-01
9.26926927e+00,1.55912511e-01,5.38935639e-02,2.45012818e-01,5.17497679e-02,9.26926927e+00,3.14795606e-01,1.19959847e-01,4.91539765e-01,1.09215857e-01,9.26926927e+00,8.43415009e-01,4.30699167e-01,1.25668006e+00,3.27519097e-01
9.27927928e+00,1.56999879e-01,5.38935639e-02,2.46584389e-01,5.17497679e-02,9.27927928e+00,3.17031223e-01,1.19959847e-01,4.94713251e-01,1.09215857e-01,9.27927928e+00,8.50226124e-01,4.30699167e-01,1.26519083e+00,3.27519097e-01
9.28928929e+00,1.58095052e-01,5.38935639e-02,2.48166922e-01,5.17497679e-02,9.28928929e+00,3.19283726e-01,1.19959847e-01,4.97909284e-01,1.09215857e-01,9.28928929e+00,8.57107464e-01,4.30699167e-01,1.27377048e+00,3.27519097e-01
9.29929930e+00,1.59198087e-01,5.38935639e-02,2.49760496e-01,5.17497679e-02,9.29929930e+00,3.21553257e-01,1.19959847e-01,5.01128035e-01,1.09215857e-01,9.29929930e+00,8.64060077e-01,4.30699167e-01,1.28241973e+00,3.27519097e-01
9.30930931e+00,1.60309042e-01,5.38935639e-02,2.51365191e-01,5.17497679e-02,9.30930931e+00,3.23839962e-01,1.19959847e-01,5.04369677e-01,1.09215857e-01,9.30930931e+00,8.71085036e-01,4.30699167e-01,1.29113930e+00,3.27519097e-01
9.31931932e+00,1.61427977e-01,5.38935639e-02,2.52981087e-01,5.17497679e-02,9.31931932e+00,3.26143986e-01,1.19959847e-01,5.07634381e-01,1.09215857e-01,9.31931932e+00,8.78183435e-01,4.30699167e-01,1.29992993e+00,3.27519097e-01
9.32932933e+00,1.62554952e-01,5.38935639e-02,2.54608264e-01,5.17497679e-02,9.32932933e+00,3.28465477e-01,1.19959847e-01,5.10922324e-01,1.09215857e-01,9.32932933e+00,8.85356393e-01,4.30699167e-01,1.30879235e+00,3.27519097e-01
9.33933934e+00,1.63690024e-01,5.38935639e-02,2.56246802e-01,5.17497679e-02,9.33933934e+00,3.30804585e-01,1.19959847e-01,5.14233681e-01,1.09215857e-01,9.33933934e+00,8.92605054e-01,4.30699167e-01,1.31772734e+00,3.27519097e-01
9.34934935e+00,1.64833256e-01,5.38935639e-02,2.57896785e-01,5.17497679e-02,9.34934935e+00,3.33161462e-01,1.19959847e-01,5.17568631e-01,1.09215857e-01,9.34934935e+00,8.99930586e-01,4.30699167e-01,1.32673565e+00,3.27519097e-01
9.35935936e+00,1.65984707e-01,5.38935639e-02,2.59558294e-01,5.17497679e-02,9.35935936e+00,3.35536258e-01,1.19959847e-01,5.20927352e-01,1.09215857e-01,9.35935936e+00,9.07334185e-01,4.30699167e-01,1.33581808e+00,3.27519097e-01
9.36936937e+00,1.67144440e-01,5.38935639e-02,2.61231411e-01,5.17497679e-02,9.36936937e+00,3.37929130e-01,1.19959847e-01,5.24310026e-01,1.09215857e-01,9.36936937e+00,9.14817071e-01,4.30699167e-01,1.34497541e+00,3.27519097e-01
9.37937938e+00,1.68312515e-01,5.38935639e-02,2.62916221e-01,5.17497679e-02,9.37937938e+00,3.40340234e-01,1.19959847e-01,5.27716835e-01,1.09215857e-01,9.37937938e+00,9.22380493e-01,4.30699167e-01,1.35420844e+00,3.27519097e-01
9.38938939e+00,1.69488995e-01,5.38935639e-02,2.64612808e-01,5.17497679e-02,9.38938939e+00,3.42769726e-01,1.19959847e-01,5.31147964e-01,1.09215857e-01,9.38938939e+00,9.30025730e-01,4.30699167e-01,1.36351801e+00,3.27519097e-01
9.39939940e+00,1.70673944e-01,5.38935639e-02,2.66321256e-01,5.17497679e-02,9.39939940e+00,3.45217768e-01,1.19959847e-01,5.34603597e-01,1.09215857e-01,9.39939940e+00,9.37754087e-01,4.30699167e-01,1.37290494e+00,3.27519097e-01
9.40940941e+00,1.71867423e-01,5.38935639e-02,2.68041650e-01,5.17497679e-02,9.40940941e+00,3.47684520e-01,1.19959847e-01,5.38083922e-01,1.09215857e-01,9.40940941e+00,9.45566901e-01,4.30699167e-01,1.38237007e+00,3.27519097e-01
9.41941942e+00,1.73069497e-01,5.38935639e-02,2.69774078e-01,5.17497679e-02,9.41941942e+00,3.50170145e-01,1.19959847e-01,5.41589129e-01,1.09215857e-01,9.41941942e+00,9.53465540e-01,4.30699167e-01,1.39191427e+00,3.27519097e-01
9.42942943e+00,1.74280231e-01,5.38935639e-02,2.71518624e-01,5.17497679e-02,9.42942943e+00,3.52674810e-01,1.19959847e-01,5.45119407e-01,1.09215857e-01,9.42942943e+00,9.61451403e-01,4.30699167e-01,1.40153841e+00,3.27519097e-01
9.43943944e+00,1.75499690e-01,5.38935639e-02,2.73275378e-01,5.17497679e-02,9.43943944e+00,3.55198680e-01,1.19959847e-01,5.48674950e-01,1.09215857e-01,9.43943944e+00,9.69525921e-01,4.30699167e-01,1.41124337e+00,3.27519097e-01
9.44944945e+00,1.76727938e-01,5.38935639e-02,2.75044426e-01,5.17497679e-02,9.44944945e+00,3.57741925e-01,1.19959847e-01,5.52255950e-01,1.09215857e-01,9.44944945e+00,9.77690562e-01,4.30699167e-01,1.42103007e+00,3.27519097e-01
9.45945946e+00,1.77965042e-01,5.38935639e-02,2.76825858e-01,5.17497679e-02,9.45945946e+00,3.60304715e-01,1.19959847e-01,5.55862604e-01,1.09215857e-01,9.45945946e+00,9.85946824e-01,4.30699167e-01,1.43089940e+00,3.27519097e-01
9.46946947e+00,1.79211068e-01,5.38935639e-02,2.78619763e-01,5.17497679e-02,9.46946947e+00,3.62887224e-01,1.19959847e-01,5.59495109e-01,1.09215857e-01,9.46946947e+00,9.94296246e-01,4.30699167e-01,1.44085232e+00,3.27519097e-01
9.47947948e+00,1.80466084e-01,5.38935639e-02,2.80426230e-01,5.17497679e-02,9.47947948e+00,3.65489626e-01,1.19959847e-01,5.63153663e-01,1.09215857e-01,9.47947948e+00,1.00274040e+00,4.30699167e-01,1.45088976e+00,3.27519097e-01
9.48948949e+00,1.81730156e-01,5.38935639e-02,2.82245351e-01,5.17497679e-02,9.48948949e+00,3.68112098e-01,1.19959847e-01,5.66838469e-01,1.09215857e-01,9.48948949e+00,1.01128090e+00,4.30699167e-01,1.46101269e+00,3.27519097e-01
9.49949950e+00,1.83003354e-01,5.38935639e-02,2.84077216e-01,5.17497679e-02,9.49949950e+00,3.70754819e-01,1.19959847e-01,5.70549729e-01,1.09215857e-01,9.49949950e+00,1.01991939e+00,4.30699167e-01,1.47122210e+00,3.27519097e-01
9.50950951e+00,1.84285747e-01,5.38935639e-02,2.85921918e-01,5.17497679e-02,9.50950951e+00,3.73417970e-01,1.19959847e-01,5.74287646e-01,1.09215857e-01,9.50950951e+00,1.02865756e+00,4.30699167e-01,1.48151897e+00,3.27519097e-01
9.51951952e+00,1.85577402e-01,5.38935639e-02,2.87779550e-01,5.17497679e-02,9.51951952e+00,3.76101734e-01,1.19959847e-01,5.78052428e-01,1.09215857e-01,9.51951952e+00,1.03749716e+00,4.30699167e-01,1.49190433e+00,3.27519097e-01
9.52952953e+00,1.86878392e-01,5.38935639e-02,2.89650205e-01,5.17497679e-02,9.52952953e+00,3.78806297e-01,1.19959847e-01,5.81844283e-01,1.09215857e-01,9.52952953e+00,1.04643995e+00,4.30699167e-01,1.50237920e+00,3.27519097e-01
9.53953954e+00,1.88188785e-01,5.38935639e-02,2.91533976e-01,5.17497679e-02,9.53953954e+00,3.81531846e-01,1.19959847e-01,5.85663421e-01,1.09215857e-01,9.53953954e+00,1.05548776e+00,4.30699167e-01,1.51294464e+00,3.27519097e-01
9.54954955e+00,1.89508653e-01,5.38935639e-02,2.93430960e-01,5.17497679e-02,9.54954955e+00,3.84278570e-01,1.19959847e-01,5.89510053e-01,1.09215857e-01,9.54954955e+00,1.06464244e+00,4.30699167e-01,1.52360172e+00,3.27519097e-01
9.55955956e+00,1.90838069e-01,5.38935639e-02,2.95341251e-01,5.17497679e-02,9.55955956e+00,3.87046663e-01,1.19959847e-01,5.93384394e-01,1.09215857e-01,9.55955956e+00,1.07390592e+00,4.30699167e-01,1.53435153e+00,3.27519097e-01
9.56956957e+00,1.92177104e-01,5.38935639e-02,2.97264946e-01,5.17497679e-02,9.56956957e+00,3.89836317e-01,1.19959847e-01,5.97286659e-01,1.09215857e-01,9.56956957e+00,1.08328016e+00,4.30699167e-01,1.54519518e+00,3.27519097e-01
9.57957958e+00,1.93525831e-01,5.38935639e-02,2.99202141e-01,5.17497679e-02,9.57957958e+00,3.92647731e-01,1.19959847e-01,6.01217067e-01,1.09215857e-01,9.57957958e+00,1.09276717e+00,4.30699167e-01,1.55613379e+00,3.27519097e-01
9.58958959e+00,1.94884324e-01,5.38935639e-02,3.01152935e-01,5.17497679e-02,9.58958959e+00,3.95481102e-01,1.19959847e-01,6.05175837e-01,1.09215857e-01,9.58958959e+00,1.10236901e+00,4.30699167e-01,1.56716851e+00,3.27519097e-01
9.59959960e+00,1.96252658e-01,5.38935639e-02,3.03117426e-01,5.17497679e-02,9.59959960e+00,3.98336633e-01,1.19959847e-01,6.09163191e-01,1.09215857e-01,9.59959960e+00,1.11208781e+00,4.30699167e-01,1.57830052e+00,3.27519097e-01
9.60960961e+00,1.97630907e-01,5.38935639e-02,3.05095714e-01,5.17497679e-02,9.60960961e+00,4.01214528e-01,1.19959847e-01,6.13179352e-01,1.09215857e-01,9.60960961e+00,1.12192574e+00,4.30699167e-01,1.58953101e+00,3.27519097e-01
9.61961962e+00,1.99019146e-01,5.38935639e-02,3.07087897e-01,5.17497679e-02,9.61961962e+00,4.04114993e-01,1.19959847e-01,6.17224547e-01,1.09215857e-01,9.61961962e+00,1.13188503e+00,4.30699167e-01,1.60086119e+00,3.27519097e-01
9.62962963e+00,2.00417453e-01,5.38935639e-02,3.09094078e-01,5.17497679e-02,9.62962963e+00,4.07038237e-01,1.19959847e-01,6.21299004e-01,1.09215857e-01,9.62962963e+00,1.14196797e+00,4.30699167e-01,1.61229230e+00,3.27519097e-01
9.63963964e+00,2.01825903e-01,5.38935639e-02,3.11114357e-01,5.17497679e-02,9.63963964e+00,4.09984472e-01,1.19959847e-01,6.25402953e-01,1.09215857e-01,9.63963964e+00,1.15217691e+00,4.30699167e-01,1.62382561e+00,3.27519097e-01
9.64964965e+00,2.03244574e-01,5.38935639e-02,3.13148837e-01,5.17497679e-02,9.64964965e+00,4.12953912e-01,1.19959847e-01,6.29536626e-01,1.09215857e-01,9.64964965e+00,1.16251428e+00,4.30699167e-01,1.63546239e+00,3.27519097e-01
9.65965966e+00,2.04673545e-01,5.38935639e-02,3.15197622e-01,5.17497679e-02,9.65965966e+00,4.15946775e-01,1.19959847e-01,6.33700257e-01,1.09215857e-01,9.65965966e+00,1.17298255e+00,4.30699167e-01,1.64720395e+00,3.27519097e-01
9.66966967e+00,2.06112895e-01,5.38935639e-02,3.17260814e-01,5.17497679e-02,9.66966967e+00,4.18963280e-01,1.19959847e-01,6.37894084e-01,1.09215857e-01,9.66966967e+00,1.18358428e+00,4.30699167e-01,1.65905164e+00,3.27519097e-01
9.67967968e+00,2.07562702e-01,5.38935639e-02,3.19338519e-01,5.17497679e-02,9.67967968e+00,4.22003650e-01,1.19959847e-01,6.42118344e-01,1.09215857e-01,9.67967968e+00,1.19432207e+00,4.30699167e-01,1.67100682e+00,3.27519097e-01
9.68968969e+00,2.09023048e-01,5.38935639e-02,3.21430841e-01,5.17497679e-02,9.68968969e+00,4.25068110e-01,1.19959847e-01,6.46373280e-01,1.09215857e-01,9.68968969e+00,1.20519864e+00,4.30699167e-01,1.68307087e+00,3.27519097e-01
9.69969970e+00,2.10494013e-01,5.38935639e-02,3.23537888e-01,5.17497679e-02,9.69969970e+00,4.28156889e-01,1.19959847e-01,6.50659135e-01,1.09215857e-01,9.69969970e+00,1.21621674e+00,4.30699167e-01,1.69524521e+00,3.27519097e-01
9.70970971e+00,2.11975679e-01,5.38935639e-02,3.25659767e-01,5.17497679e-02,9.70970971e+00,4.31270218e-01,1.19959847e-01,6.54976154e-01,1.09215857e-01,9.70970971e+00,1.22737922e+00,4.30699167e-01,1.70753129e+00,3.27519097e-01
9.71971972e+00,2.13468128e-01,5.38935639e-02,3.27796585e-01,5.17497679e-02,9.71971972e+00,4.34408330e-01,1.19959847e-01,6.59324586e-01,1.09215857e-01,9.71971972e+00,1.23868901e+00,4.30699167e-01,1.71993058e+00,3.27519097e-01
9.72972973e+00,2.14971444e-01,5.38935639e-02,3.29948452e-01,5.17497679e-02,9.72972973e+00,4.37571465e-01,1.19959847e-01,6.63704681e-01,1.09215857e-01,9.72972973e+00,1.25014913e+00,4.30699167e-01,1.73244458e+00,3.27519097e-01
9.73973974e+00,2.16485710e-01,5.38935639e-02,3.32115476e-01,5.17497679e-02,9.73973974e+00,4.40759861e-01,1.19959847e-01,6.68116691e-01,1.09215857e-01,9.73973974e+00,1.26176266e+00,4.30699167e-01,1.74507484e+00,3.27519097e-01
9.74974975e+00,2.18011011e-01,5.38935639e-02,3.34297768e-01,5.17497679e-02,9.74974975e+00,4.43973763e-01,1.19959847e-01,6.72560873e-01,1.09215857e-01,9.74974975e+00,1.27353280e+00,4.30699167e-01,1.75782292e+00,3.27519097e-01
9.75975976e+00,2.19547433e-01,5.38935639e-02,3.36495440e-01,5.17497679e-02,9.75975976e+00,4.47213418e-01,1.19959847e-01,6.77037484e-01,1.09215857e-01,9.75975976e+00,1.28546283e+00,4.30699167e-01,1.77069041e+00,3.27519097e-01
9.76976977e+00,2.21095061e-01,5.38935639e-02,3.38708604e-01,5.17497679e-02,9.76976977e+00,4.50479075e-01,1.19959847e-01,6.81546784e-01,1.09215857e-01,9.76976977e+00,1.29755612e+00,4.30699167e-01,1.78367896e+00,3.27519097e-01
9.77977978e+00,2.22653983e-01,5.38935639e-02,3.40937372e-01,5.17497679e-02,9.77977978e+00,4.53770988e-01,1.19959847e-01,6.86089036e-01,1.09215857e-01,9.77977978e+00,1.30981615e+00,4.30699167e-01,1.79679024e+00,3.27519097e-01
9.78978979e+00,2.24224286e-01,5.38935639e-02,3.43181860e-01,5.17497679e-02,9.78978979e+00,4.57089414e-01,1.19959847e-01,6.90664506e-01,1.09215857e-01,9.78978979e+00,1.32224652e+00,4.30699167e-01,1.81002594e+00,3.27519097e-01
9.79979980e+00,2.25806059e-01,5.38935639e-02,3.45442181e-01,5.17497679e-02,9.79979980e+00,4.60434613e-01,1.19959847e-01,6.95273461e-01,1.09215857e-01,9.79979980e+00,1.33485090e+00,4.30699167e-01,1.82338781e+00,3.27519097e-01
9.80980981e+00,2.27399391e-01,5.38935639e-02,3.47718451e-01,5.17497679e-02,9.80980981e+00,4.63806849e-01,1.19959847e-01,6.99916172e-01,1.09215857e-01,9.80980981e+00,1.34763310e+00,4.30699167e-01,1.83687763e+00,3.27519097e-01
9.81981982e+00,2.29004373e-01,5.38935639e-02,3.50010787e-01,5.17497679e-02,9.81981982e+00,4.67206390e-01,1.19959847e-01,7.04592913e-01,1.09215857e-01,9.81981982e+00,1.36059703e+00,4.30699167e-01,1.85049722e+00,3.27519097e-01
9.82982983e+00,2.30621094e-01,5.38935639e-02,3.52319306e-01,5.17497679e-02,9.82982983e+00,4.70633506e-01,1.19959847e-01,7.09303959e-01,1.09215857e-01,9.82982983e+00,1.37374675e+00,4.30699167e-01,1.86424844e+00,3.27519097e-01
9.83983984e+00,2.32249648e-01,5.38935639e-02,3.54644128e-01,5.17497679e-02,9.83983984e+00,4.74088473e-01,1.19959847e-01,7.14049589e-01,1.09215857e-01,9.83983984e+00,1.38708641e+00,4.30699167e-01,1.87813319e+00,3.27519097e-01
9.84984985e+00,2.33890126e-01,5.38935639e-02,3.56985370e-01,5.17497679e-02,9.84984985e+00,4.77571569e-01,1.19959847e-01,7.18830085e-01,1.09215857e-01,9.84984985e+00,1.40062031e+00,4.30699167e-01,1.89215341e+00,3.27519097e-01
9.85985986e+00,2.35542622e-01,5.38935639e-02,3.59343154e-01,5.17497679e-02,9.85985986e+00,4.81083077e-01,1.19959847e-01,7.23645732e-01,1.09215857e-01,9.85985986e+00,1.41435289e+00,4.30699167e-01,1.90631110e+00,3.27519097e-01
9.86986987e+00,2.37207230e-01,5.38935639e-02,3.61717601e-01,5.17497679e-02,9.86986987e+00,4.84623283e-01,1.19959847e-01,7.28496816e-01,1.09215857e-01,9.86986987e+00,1.42828871e+00,4.30699167e-01,1.92060828e+00,3.27519097e-01
9.87987988e+00,2.38884047e-01,5.38935639e-02,3.64108833e-01,5.17497679e-02,9.87987988e+00,4.88192478e-01,1.19959847e-01,7.33383627e-01,1.09215857e-01,9.87987988e+00,1.44243251e+00,4.30699167e-01,1.93504704e+00,3.27519097e-01
9.88988989e+00,2.40573166e-01,5.38935639e-02,3.66516972e-01,5.17497679e-02,9.88988989e+00,4.91790956e-01,1.19959847e-01,7.38306460e-01,1.09215857e-01,9.88988989e+00,1.45678914e+00,4.30699167e-01,1.94962952e+00,3.27519097e-01
9.89989990e+00,2.42274687e-01,5.38935639e-02,3.68942145e-01,5.17497679e-02,9.89989990e+00,4.95419017e-01,1.19959847e-01,7.43265609e-01,1.09215857e-01,9.89989990e+00,1.47136365e+00,4.30699167e-01,1.96435788e+00,3.27519097e-01
9.90990991e+00,2.43988706e-01,5.38935639e-02,3.71384474e-01,5.17497679e-02,9.90990991e+00,4.99076962e-01,1.19959847e-01,7.48261374e-01,1.09215857e-01,9.90990991e+00,1.48616124e+00,4.30699167e-01,1.97923437e+00,3.27519097e-01
9.91991992e+00,2.45715323e-01,5.38935639e-02,3.73844087e-01,5.17497679e-02,9.91991992e+00,5.02765101e-01,1.19959847e-01,7.53294058e-01,1.09215857e-01,9.91991992e+00,1.50118727e+00,4.30699167e-01,1.99426127e+00,3.27519097e-01
9.92992993e+00,2.47454637e-01,5.38935639e-02,3.76321110e-01,5.17497679e-02,9.92992993e+00,5.06483744e-01,1.19959847e-01,7.58363965e-01,1.09215857e-01,9.92992993e+00,1.51644730e+00,4.30699167e-01,2.00944092e+00,3.27519097e-01
9.93993994e+00,2.49206749e-01,5.38935639e-02,3.78815672e-01,5.17497679e-02,9.93993994e+00,5.10233208e-01,1.19959847e-01,7.63471405e-01,1.09215857e-01,9.93993994e+00,1.53194707e+00,4.30699167e-01,2.02477573e+00,3.27519097e-01
9.94994995e+00,2.50971760e-01,5.38935639e-02,3.81327902e-01,5.17497679e-02,9.94994995e+00,5.14013815e-01,1.19959847e-01,7.68616688e-01,1.09215857e-01,9.94994995e+00,1.54769251e+00,4.30699167e-01,2.04026815e+00,3.27519097e-01
9.95995996e+00,2.52749773e-01,5.38935639e-02,3.83857930e-01,5.17497679e-02,9.95995996e+00,5.17825889e-01,1.19959847e-01,7.73800131e-01,1.09215857e-01,9.95995996e+00,1.56368976e+00,4.30699167e-01,2.05592070e+00,3.27519097e-01
9.96996997e+00,2.54540892e-01,5.38935639e-02,3.86405887e-01,5.17497679e-02,9.96996997e+00,5.21669762e-01,1.19959847e-01,7.79022050e-01,1.09215857e-01,9.96996997e+00,1.57994517e+00,4.30699167e-01,2.07173596e+00,3.27519097e-01
9.97997998e+00,2.56345222e-01,5.38935639e-02,3.88971905e-01,5.17497679e-02,9.97997998e+00,5.25545768e-01,1.19959847e-01,7.84282769e-01,1.09215857e-01,9.97997998e+00,1.59646532e+00,4.30699167e-01,2.08771660e+00,3.27519097e-01
9.98998999e+00,2.58162867e-01,5.38935639e-02,3.91556118e-01,5.17497679e-02,9.98998999e+00,5.29454249e-01,1.19959847e-01,7.89582611e-01,1.09215857e-01,9.98998999e+00,1.61325702e+00,4.30699167e-01,2.10386532e+00,3.27519097e-01
1.00000000e+01,2.59993934e-01,5.38935639e-02,3.94158660e-01,5.17497679e-02,1.00000000e+01,5.33395549e-01,1.19959847e-01,7.94921906e-01,1.09215857e-01,1.00000000e+01,1.63032731e+00,4.30699167e-01,2.12018491e+00,3.27519097e-01
