t_group1,rate_exp_group1,rate_model_group1,strain_exp_group1,strain_model_group1,t_group2,rate_exp_group2,rate_model_group2,strain_exp_group2,strain_model_group2,t_group3,rate_exp_group3,rate_model_group3,strain_exp_group3,strain_model_group3
0.00000000e+00,4.00000000e-03,1.53734883e-02,4.00400400e-05,1.61586008e-03,0.00000000e+00,8.00000000e-03,3.08988225e-02,8.00800801e-05,3.23969148e-03,0.00000000e+00,2.00000000e-02,7.84332749e-02,2.00200200e-04,8.16284167e-03
1.00100100e-02,4.00000000e-03,1.57707433e-02,8.00800801e-05,1.77173910e-03,1.00100100e-02,8.00000000e-03,3.17020949e-02,1.60160160e-04,3.55301341e-03,1.00100100e-02,2.00000000e-02,8.05095687e-02,4.00400400e-04,8.95836179e-03
2.00200200e-02,4.00000000e-03,1.57860965e-02,1.20120120e-04,1.92974433e-03,2.00200200e-02,8.00000000e-03,3.17430096e-02,2.40240240e-04,3.87070842e-03,2.00200200e-02,2.00000000e-02,8.06910269e-02,6.00600601e-04,9.76575114e-03
3.00300300e-02,4.00000000e-03,1.57910819e-02,1.60160160e-04,2.08780076e-03,3.00300300e-02,8.00000000e-03,3.17631113e-02,3.20320320e-04,4.18860719e-03,3.00300300e-02,2.00000000e-02,8.08200346e-02,8.00800801e-04,1.05744375e-02
4.00400400e-02,4.00000000e-03,1.57960634e-02,2.00200200e-04,2.24590704e-03,4.00400400e-02,7.99999999e-03,3.17832230e-02,4.00400400e-04,4.50670723e-03,4.00400400e-02,1.99999999e-02,8.09493926e-02,1.00100100e-03,1.13844178e-02
5.00500501e-02,3.99999999e-03,1.58010478e-02,2.40240240e-04,2.40406322e-03,5.00500501e-02,7.99999998e-03,3.18033581e-02,4.80480480e-04,4.82500875e-03,5.00500501e-02,1.99999999e-02,8.10791300e-02,1.20120120e-03,1.21956957e-02
6.00600601e-02,3.99999998e-03,1.58060350e-02,2.80280280e-04,2.56226930e-03,6.00600601e-02,7.99999994e-03,3.18235161e-02,5.60560560e-04,5.14351201e-03,6.00600601e-02,1.99999997e-02,8.12092416e-02,1.40140140e-03,1.30082752e-02
7.00700701e-02,3.99999995e-03,1.58110250e-02,3.20320319e-04,2.72052533e-03,7.00700701e-02,7.99999989e-03,3.18436969e-02,6.40640639e-04,5.46221722e-03,7.00700701e-02,1.99999995e-02,8.13397232e-02,1.60160159e-03,1.38221599e-02
8.00800801e-02,3.99999990e-03,1.58160178e-02,3.60360358e-04,2.87883133e-03,8.00800801e-02,7.99999979e-03,3.18638999e-02,7.20720717e-04,5.78112460e-03,8.00800801e-02,1.99999992e-02,8.14705707e-02,1.80180178e-03,1.46373534e-02
9.00900901e-02,3.99999983e-03,1.58210133e-02,4.00400397e-04,3.03718733e-03,9.00900901e-02,7.99999963e-03,3.18841251e-02,8.00800793e-04,6.10023438e-03,9.00900901e-02,1.99999987e-02,8.16017806e-02,2.00200197e-03,1.54538595e-02
1.00100100e-01,3.99999971e-03,1.58260115e-02,4.40440434e-04,3.19559335e-03,1.00100100e-01,7.99999939e-03,3.19043721e-02,8.80880867e-04,6.41954678e-03,1.00100100e-01,1.99999979e-02,8.17333500e-02,2.20220215e-03,1.62716817e-02
1.10110110e-01,3.99999954e-03,1.58310123e-02,4.80480469e-04,3.35404943e-03,1.10110110e-01,7.99999904e-03,3.19246408e-02,9.60960937e-04,6.73906202e-03,1.10110110e-01,1.99999968e-02,8.18652762e-02,2.40240232e-03,1.70908235e-02
1.20120120e-01,3.99999930e-03,1.58360158e-02,5.20520502e-04,3.51255558e-03,1.20120120e-01,7.99999854e-03,3.19449309e-02,1.04104100e-03,7.05878030e-03,1.20120120e-01,1.99999954e-02,8.19975568e-02,2.60260247e-03,1.79112886e-02
1.30130130e-01,3.99999896e-03,1.58410219e-02,5.60560532e-04,3.67111184e-03,1.30130130e-01,7.99999785e-03,3.19652422e-02,1.12112106e-03,7.37870185e-03,1.30130130e-01,1.99999934e-02,8.21301900e-02,2.80280261e-03,1.87330805e-02
1.40140140e-01,3.99999851e-03,1.58460305e-02,6.00600557e-04,3.82971823e-03,1.40140140e-01,7.99999694e-03,3.19855747e-02,1.20120111e-03,7.69882688e-03,1.40140140e-01,1.99999908e-02,8.22631739e-02,3.00300271e-03,1.95562026e-02
1.50150150e-01,3.99999793e-03,1.58510418e-02,6.40640576e-04,3.98837477e-03,1.50150150e-01,7.99999574e-03,3.20059282e-02,1.28128115e-03,8.01915559e-03,1.50150150e-01,1.99999874e-02,8.23965072e-02,3.20320279e-03,2.03806586e-02
1.60160160e-01,3.99999717e-03,1.58560556e-02,6.80680588e-04,4.14708150e-03,1.60160160e-01,7.99999420e-03,3.20263026e-02,1.36136117e-03,8.33968820e-03,1.60160160e-01,1.99999832e-02,8.25301886e-02,3.40340282e-03,2.12064518e-02
1.70170170e-01,3.99999621e-03,1.58610719e-02,7.20720590e-04,4.30583843e-03,1.70170170e-01,7.99999225e-03,3.20466977e-02,1.44144117e-03,8.66042491e-03,1.70170170e-01,1.99999778e-02,8.26642172e-02,3.60360280e-03,2.20335858e-02
1.80180180e-01,3.99999501e-03,1.58660908e-02,7.60760580e-04,4.46464559e-03,1.80180180e-01,7.99998982e-03,3.20671135e-02,1.52152115e-03,8.98136593e-03,1.80180180e-01,1.99999712e-02,8.27985922e-02,3.80380271e-03,2.28620640e-02
1.90190190e-01,3.99999353e-03,1.58711121e-02,8.00800556e-04,4.62350302e-03,1.90190190e-01,7.99998683e-03,3.20875499e-02,1.60160110e-03,9.30251146e-03,1.90190190e-01,1.99999632e-02,8.29333130e-02,4.00400254e-03,2.36918900e-02
2.00200200e-01,3.99999172e-03,1.58761360e-02,8.40840513e-04,4.78241072e-03,2.00200200e-01,7.99998319e-03,3.21080068e-02,1.68168101e-03,9.62386172e-03,2.00200200e-01,1.99999534e-02,8.30683791e-02,4.20420228e-03,2.45230670e-02
2.10210210e-01,3.99998955e-03,1.58811624e-02,8.80880448e-04,4.94136874e-03,2.10210210e-01,7.99997880e-03,3.21284842e-02,1.76176088e-03,9.94541691e-03,2.10210210e-01,1.99999417e-02,8.32037903e-02,4.40440189e-03,2.53555987e-02
2.20220220e-01,3.99998695e-03,1.58861912e-02,9.20920358e-04,5.10037708e-03,2.20220220e-01,7.99997356e-03,3.21489819e-02,1.84184069e-03,1.02671772e-02,2.20220220e-01,1.99999278e-02,8.33395464e-02,4.60460137e-03,2.61894884e-02
2.30230230e-01,3.99998388e-03,1.58912225e-02,9.60960236e-04,5.25943578e-03,2.30230230e-01,7.99996737e-03,3.21695000e-02,1.92192045e-03,1.05891429e-02,2.30230230e-01,1.99999115e-02,8.34756474e-02,4.80480069e-03,2.70247396e-02
2.40240240e-01,3.99998027e-03,1.58962563e-02,1.00100008e-03,5.41854487e-03,2.40240240e-01,7.99996009e-03,3.21900384e-02,2.00200013e-03,1.09113141e-02,2.40240240e-01,1.99998924e-02,8.36120932e-02,5.00499981e-03,2.78613558e-02
2.50250250e-01,3.99997607e-03,1.59012926e-02,1.04103988e-03,5.57770436e-03,2.50250250e-01,7.99995162e-03,3.22105970e-02,2.08207972e-03,1.12336910e-02,2.50250250e-01,1.99998702e-02,8.37488842e-02,5.20519871e-03,2.86993404e-02
2.60260260e-01,3.99997120e-03,1.59063313e-02,1.08107963e-03,5.73691429e-03,2.60260260e-01,7.99994182e-03,3.22311760e-02,2.16215922e-03,1.15562739e-02,2.60260260e-01,1.99998446e-02,8.38860205e-02,5.40539735e-03,2.95386969e-02
2.70270270e-01,3.99996559e-03,1.59113725e-02,1.12111933e-03,5.89617466e-03,2.70270270e-01,7.99993054e-03,3.22517751e-02,2.24223861e-03,1.18790629e-02,2.70270270e-01,1.99998152e-02,8.40235025e-02,5.60559570e-03,3.03794287e-02
2.80280280e-01,3.99995918e-03,1.59164161e-02,1.16115896e-03,6.05548553e-03,2.80280280e-01,7.99991765e-03,3.22723944e-02,2.32231786e-03,1.22020583e-02,2.80280280e-01,1.99997817e-02,8.41613307e-02,5.80579372e-03,3.12215393e-02
2.90290290e-01,3.99995188e-03,1.59214622e-02,1.20119852e-03,6.21484689e-03,2.90290290e-01,7.99990298e-03,3.22930340e-02,2.40239697e-03,1.25252602e-02,2.90290290e-01,1.99997436e-02,8.42995055e-02,6.00599135e-03,3.20650321e-02
3.00300300e-01,3.99994362e-03,1.59265107e-02,1.24123799e-03,6.37425879e-03,3.00300300e-01,7.99988637e-03,3.23136937e-02,2.48247591e-03,1.28486689e-02,3.00300300e-01,1.99997006e-02,8.44380274e-02,6.20618855e-03,3.29099107e-02
3.10310310e-01,3.99993431e-03,1.59315617e-02,1.28127737e-03,6.53372123e-03,3.10310310e-01,7.99986766e-03,3.23343736e-02,2.56255467e-03,1.31722845e-02,3.10310310e-01,1.99996523e-02,8.45768971e-02,6.40638527e-03,3.37561785e-02
3.20320320e-01,3.99992387e-03,1.59366151e-02,1.32131665e-03,6.69323426e-03,3.20320320e-01,7.99984668e-03,3.23550736e-02,2.64263321e-03,1.34961073e-02,3.20320320e-01,1.99995982e-02,8.47161153e-02,6.60658145e-03,3.46038390e-02
3.30330330e-01,3.99991220e-03,1.59416709e-02,1.36135581e-03,6.85279789e-03,3.30330330e-01,7.99982325e-03,3.23757938e-02,2.72271153e-03,1.38201374e-02,3.30330330e-01,1.99995378e-02,8.48556827e-02,6.80677703e-03,3.54528957e-02
3.40340340e-01,3.99989922e-03,1.59467292e-02,1.40139485e-03,7.01241215e-03,3.40340340e-01,7.99979717e-03,3.23965342e-02,2.80278958e-03,1.41443752e-02,3.40340340e-01,1.99994707e-02,8.49956000e-02,7.00697193e-03,3.63033521e-02
3.50350350e-01,3.99988482e-03,1.59517899e-02,1.44143373e-03,7.17207706e-03,3.50350350e-01,7.99976826e-03,3.24172947e-02,2.88286734e-03,1.44688206e-02,3.50350350e-01,1.99993964e-02,8.51358681e-02,7.20716609e-03,3.71552117e-02
3.60360360e-01,3.99986891e-03,1.59568531e-02,1.48147246e-03,7.33179264e-03,3.60360360e-01,7.99973631e-03,3.24380755e-02,2.96294478e-03,1.47934741e-02,3.60360360e-01,1.99993145e-02,8.52764877e-02,7.40735942e-03,3.80084781e-02
3.70370370e-01,3.99985139e-03,1.59619187e-02,1.52151101e-03,7.49155893e-03,3.70370370e-01,7.99970114e-03,3.24588764e-02,3.04302186e-03,1.51183357e-02,3.70370370e-01,1.99992243e-02,8.54174598e-02,7.60755186e-03,3.88631546e-02
3.80380380e-01,3.99983215e-03,1.59669867e-02,1.56154937e-03,7.65137594e-03,3.80380380e-01,7.99966253e-03,3.24796975e-02,3.12309857e-03,1.54434056e-02,3.80380380e-01,1.99991254e-02,8.55587852e-02,7.80774330e-03,3.97192450e-02
3.90390390e-01,3.99981109e-03,1.59720571e-02,1.60158752e-03,7.81124370e-03,3.90390390e-01,7.99962028e-03,3.25005388e-02,3.20317485e-03,1.57686842e-02,3.90390390e-01,1.99990173e-02,8.57004649e-02,8.00793367e-03,4.05767527e-02
4.00400400e-01,3.99978811e-03,1.59771300e-02,1.64162544e-03,7.97116223e-03,4.00400400e-01,7.99957416e-03,3.25214003e-02,3.28325066e-03,1.60941715e-02,4.00400400e-01,1.99988995e-02,8.58424998e-02,8.20812285e-03,4.14356812e-02
4.10410410e-01,3.99976308e-03,1.59822053e-02,1.68166311e-03,8.13113156e-03,4.10410410e-01,7.99952396e-03,3.25422821e-02,3.36332598e-03,1.64198678e-02,4.10410410e-01,1.99987712e-02,8.59848910e-02,8.40831075e-03,4.22960342e-02
4.20420420e-01,3.99973592e-03,1.59872831e-02,1.72170051e-03,8.29115171e-03,4.20420420e-01,7.99946946e-03,3.25631841e-02,3.44340075e-03,1.67457733e-02,4.20420420e-01,1.99986322e-02,8.61276394e-02,8.60849726e-03,4.31578152e-02
4.30430430e-01,3.99970649e-03,1.59923632e-02,1.76173761e-03,8.45122271e-03,4.30430430e-01,7.99941044e-03,3.25841063e-02,3.52347493e-03,1.70718881e-02,4.30430430e-01,1.99984816e-02,8.62707460e-02,8.80868226e-03,4.40210279e-02
4.40440440e-01,3.99967469e-03,1.59974458e-02,1.80177439e-03,8.61134458e-03,4.40440440e-01,7.99934667e-03,3.26050489e-02,3.60354847e-03,1.73982125e-02,4.40440440e-01,1.99983191e-02,8.64142120e-02,9.00886564e-03,4.48856757e-02
4.50450450e-01,3.99964041e-03,1.60025309e-02,1.84181083e-03,8.77151735e-03,4.50450450e-01,7.99927792e-03,3.26260117e-02,3.68362132e-03,1.77247468e-02,4.50450450e-01,1.99981440e-02,8.65580384e-02,9.20904726e-03,4.57517623e-02
4.60460460e-01,3.99960354e-03,1.60076184e-02,1.88184690e-03,8.93174103e-03,4.60460460e-01,7.99920398e-03,3.26469949e-02,3.76369343e-03,1.80514910e-02,4.60460460e-01,1.99979557e-02,8.67022262e-02,9.40922699e-03,4.66192913e-02
4.70470470e-01,3.99956395e-03,1.60127083e-02,1.92188258e-03,9.09201566e-03,4.70470470e-01,7.99912460e-03,3.26679984e-02,3.84376475e-03,1.83784454e-02,4.70470470e-01,1.99977538e-02,8.68467766e-02,9.60940471e-03,4.74882664e-02
4.80480480e-01,3.99952153e-03,1.60178006e-02,1.96191783e-03,9.25234126e-03,4.80480480e-01,7.99903956e-03,3.26890222e-02,3.92383521e-03,1.87056102e-02,4.80480480e-01,1.99975375e-02,8.69916907e-02,9.80958026e-03,4.83586911e-02
4.90490490e-01,3.99947618e-03,1.60228954e-02,2.00195263e-03,9.41271785e-03,4.90490490e-01,7.99894863e-03,3.27100664e-02,4.00390477e-03,1.90329856e-02,4.90490490e-01,1.99973064e-02,8.71369696e-02,1.00097535e-02,4.92305692e-02
5.00500501e-01,3.99942777e-03,1.60279927e-02,2.04198694e-03,9.57314546e-03,5.00500501e-01,7.99885159e-03,3.27311310e-02,4.08397335e-03,1.93605718e-02,5.00500501e-01,1.99970598e-02,8.72826144e-02,1.02099243e-02,5.01039043e-02
5.10510511e-01,3.99937620e-03,1.60330923e-02,2.08202073e-03,9.73362411e-03,5.10510511e-01,7.99874821e-03,3.27522161e-02,4.16404090e-03,1.96883690e-02,5.10510511e-01,1.99967972e-02,8.74286263e-02,1.04100924e-02,5.09787000e-02
5.20520521e-01,3.99932135e-03,1.60381945e-02,2.12205398e-03,9.89415382e-03,5.20520521e-01,7.99863826e-03,3.27733215e-02,4.24410735e-03,2.00163775e-02,5.20520521e-01,1.99965181e-02,8.75750066e-02,1.06102578e-02,5.18549601e-02
5.30530531e-01,3.99926311e-03,1.60432990e-02,2.16208664e-03,1.00547346e-02,5.30530531e-01,7.99852153e-03,3.27944475e-02,4.32417263e-03,2.03445973e-02,5.30530531e-01,1.99962219e-02,8.77217562e-02,1.08104201e-02,5.27326882e-02
5.40540541e-01,3.99920137e-03,1.60484060e-02,2.20211869e-03,1.02153665e-02,5.40540541e-01,7.99839781e-03,3.28155939e-02,4.40423668e-03,2.06730288e-02,5.40540541e-01,1.99959080e-02,8.78688765e-02,1.10105794e-02,5.36118880e-02
5.50550551e-01,3.99913604e-03,1.60535154e-02,2.24215008e-03,1.03760496e-02,5.50550551e-01,7.99826686e-03,3.28367608e-02,4.48429941e-03,2.10016721e-02,5.50550551e-01,1.99955760e-02,8.80163687e-02,1.12107353e-02,5.44925634e-02
5.60560561e-01,3.99906699e-03,1.60586273e-02,2.28218078e-03,1.05367838e-02,5.60560561e-01,7.99812850e-03,3.28579483e-02,4.56436075e-03,2.13305275e-02,5.60560561e-01,1.99952252e-02,8.81642339e-02,1.14108877e-02,5.53747179e-02
5.70570571e-01,3.99899414e-03,1.60637416e-02,2.32221075e-03,1.06975692e-02,5.70570571e-01,7.99798251e-03,3.28791563e-02,4.64442064e-03,2.16595950e-02,5.70570571e-01,1.99948552e-02,8.83124734e-02,1.16110364e-02,5.62583553e-02
5.80580581e-01,3.99891738e-03,1.60688584e-02,2.36223996e-03,1.08584059e-02,5.80580581e-01,7.99782869e-03,3.29003850e-02,4.72447898e-03,2.19888751e-02,5.80580581e-01,1.99944654e-02,8.84610884e-02,1.18111812e-02,5.71434795e-02
5.90590591e-01,3.99883662e-03,1.60739776e-02,2.40226835e-03,1.10192937e-02,5.90590591e-01,7.99766686e-03,3.29216342e-02,4.80453571e-03,2.23183678e-02,5.90590591e-01,1.99940555e-02,8.86100801e-02,1.20113219e-02,5.80300941e-02
6.00600601e-01,3.99875176e-03,1.60790993e-02,2.44229590e-03,1.11802329e-02,6.00600601e-01,7.99749682e-03,3.29429040e-02,4.88459073e-03,2.26480733e-02,6.00600601e-01,1.99936249e-02,8.87594498e-02,1.22114583e-02,5.89182029e-02
6.10610611e-01,3.99866271e-03,1.60842234e-02,2.48232255e-03,1.13412233e-02,6.10610611e-01,7.99731841e-03,3.29641945e-02,4.96464397e-03,2.29779919e-02,6.10610611e-01,1.99931732e-02,8.89091987e-02,1.24115901e-02,5.98078098e-02
6.20620621e-01,3.99856940e-03,1.60893500e-02,2.52234827e-03,1.15022650e-02,6.20620621e-01,7.99713144e-03,3.29855057e-02,5.04469533e-03,2.33081238e-02,6.20620621e-01,1.99926999e-02,8.90593281e-02,1.26117173e-02,6.06989186e-02
6.30630631e-01,3.99847173e-03,1.60944791e-02,2.56237301e-03,1.16633580e-02,6.30630631e-01,7.99693577e-03,3.30068376e-02,5.12474474e-03,2.36384692e-02,6.30630631e-01,1.99922047e-02,8.92098393e-02,1.28118394e-02,6.15915330e-02
6.40640641e-01,3.99836964e-03,1.60996105e-02,2.60239673e-03,1.18245025e-02,6.40640641e-01,7.99673123e-03,3.30281903e-02,5.20479210e-03,2.39690282e-02,6.40640641e-01,1.99916872e-02,8.93607335e-02,1.30119564e-02,6.24856569e-02
6.50650651e-01,3.99826305e-03,1.61047445e-02,2.64241938e-03,1.19856983e-02,6.50650651e-01,7.99651769e-03,3.30495636e-02,5.28483732e-03,2.42998012e-02,6.50650651e-01,1.99911470e-02,8.95120120e-02,1.32120680e-02,6.33812941e-02
6.60660661e-01,3.99815190e-03,1.61098809e-02,2.68244093e-03,1.21469455e-02,6.60660661e-01,7.99629502e-03,3.30709578e-02,5.36488032e-03,2.46307882e-02,6.60660661e-01,1.99905837e-02,8.96636762e-02,1.34121739e-02,6.42784485e-02
6.70670671e-01,3.99803613e-03,1.61150198e-02,2.72246131e-03,1.23082441e-02,6.70670671e-01,7.99606308e-03,3.30923728e-02,5.44492099e-03,2.49619896e-02,6.70670671e-01,1.99899972e-02,8.98157273e-02,1.36122740e-02,6.51771240e-02
6.80680681e-01,3.99791568e-03,1.61201611e-02,2.76248048e-03,1.24695942e-02,6.80680681e-01,7.99582179e-03,3.31138086e-02,5.52495924e-03,2.52934055e-02,6.80680681e-01,1.99893871e-02,8.99681666e-02,1.38123680e-02,6.60773244e-02
6.90690691e-01,3.99779050e-03,1.61253049e-02,2.80249841e-03,1.26309958e-02,6.90690691e-01,7.99557103e-03,3.31352653e-02,5.60499499e-03,2.56250361e-02,6.90690691e-01,1.99887532e-02,9.01209954e-02,1.40124556e-02,6.69790537e-02
7.00700701e-01,3.99766055e-03,1.61304511e-02,2.84251503e-03,1.27924489e-02,7.00700701e-01,7.99531073e-03,3.31567429e-02,5.68502813e-03,2.59568816e-02,7.00700701e-01,1.99880952e-02,9.02742151e-02,1.42125366e-02,6.78823157e-02
7.10710711e-01,3.99752580e-03,1.61355999e-02,2.88253030e-03,1.29539535e-02,7.10710711e-01,7.99504081e-03,3.31782414e-02,5.76505857e-03,2.62889423e-02,7.10710711e-01,1.99874130e-02,9.04278269e-02,1.44126108e-02,6.87871144e-02
7.20720721e-01,3.99738622e-03,1.61407510e-02,2.92254418e-03,1.31155097e-02,7.20720721e-01,7.99476122e-03,3.31997608e-02,5.84508621e-03,2.66212184e-02,7.20720721e-01,1.99867065e-02,9.05818322e-02,1.46126780e-02,6.96934536e-02
7.30730731e-01,3.99724179e-03,1.61459047e-02,2.96255661e-03,1.32771175e-02,7.30730731e-01,7.99447191e-03,3.32213012e-02,5.92511095e-03,2.69537100e-02,7.30730731e-01,1.99859754e-02,9.07362324e-02,1.48127378e-02,7.06013375e-02
7.40740741e-01,3.99709249e-03,1.61510608e-02,3.00256754e-03,1.34387768e-02,7.40740741e-01,7.99417286e-03,3.32428626e-02,6.00513270e-03,2.72864174e-02,7.40740741e-01,1.99852199e-02,9.08910288e-02,1.50127900e-02,7.15107699e-02
7.50750751e-01,3.99693832e-03,1.61562194e-02,3.04257694e-03,1.36004878e-02,7.50750751e-01,7.99386405e-03,3.32644451e-02,6.08515136e-03,2.76193408e-02,7.50750751e-01,1.99844398e-02,9.10462228e-02,1.52128345e-02,7.24217547e-02
7.60760761e-01,3.99677928e-03,1.61613805e-02,3.08258474e-03,1.37622505e-02,7.60760761e-01,7.99354550e-03,3.32860485e-02,6.16516683e-03,2.79524804e-02,7.60760761e-01,1.99836351e-02,9.12018156e-02,1.54128709e-02,7.33342961e-02
7.70770771e-01,3.99661538e-03,1.61665440e-02,3.12259090e-03,1.39240648e-02,7.70770771e-01,7.99321721e-03,3.33076731e-02,6.24517902e-03,2.82858364e-02,7.70770771e-01,1.99828060e-02,9.13578087e-02,1.56128990e-02,7.42483979e-02
7.80780781e-01,3.99644664e-03,1.61717101e-02,3.16259537e-03,1.40859309e-02,7.80780781e-01,7.99287923e-03,3.33293187e-02,6.32518782e-03,2.86194090e-02,7.80780781e-01,1.99819524e-02,9.15142034e-02,1.58129185e-02,7.51640642e-02
7.90790791e-01,3.99627308e-03,1.61768786e-02,3.20259810e-03,1.42478487e-02,7.90790791e-01,7.99253161e-03,3.33509855e-02,6.40519314e-03,2.89531985e-02,7.90790791e-01,1.99810745e-02,9.16710012e-02,1.60129293e-02,7.60812991e-02
8.00800801e-01,3.99609475e-03,1.61820496e-02,3.24259905e-03,1.44098182e-02,8.00800801e-01,7.99217443e-03,3.33726735e-02,6.48519489e-03,2.92872050e-02,8.00800801e-01,1.99801726e-02,9.18282033e-02,1.62129310e-02,7.70001066e-02
8.10810811e-01,3.99591168e-03,1.61872230e-02,3.28259817e-03,1.45718395e-02,8.10810811e-01,7.99180778e-03,3.33943826e-02,6.56519296e-03,2.96214287e-02,8.10810811e-01,1.99792468e-02,9.19858112e-02,1.64129234e-02,7.79204907e-02
8.20820821e-01,3.99572394e-03,1.61923990e-02,3.32259540e-03,1.47339126e-02,8.20820821e-01,7.99143176e-03,3.34161130e-02,6.64518727e-03,2.99558699e-02,8.20820821e-01,1.99782974e-02,9.21438264e-02,1.66129064e-02,7.88424555e-02
8.30830831e-01,3.99553159e-03,1.61975774e-02,3.36259071e-03,1.48960376e-02,8.30830831e-01,7.99104651e-03,3.34378645e-02,6.72517773e-03,3.02905288e-02,8.30830831e-01,1.99773247e-02,9.23022501e-02,1.68128796e-02,7.97660051e-02
8.40840841e-01,3.99533469e-03,1.62027583e-02,3.40258405e-03,1.50582144e-02,8.40840841e-01,7.99065217e-03,3.34596374e-02,6.80516424e-03,3.06254056e-02,8.40840841e-01,1.99763292e-02,9.24610838e-02,1.70128429e-02,8.06911436e-02
8.50850851e-01,3.99513335e-03,1.62079417e-02,3.44257538e-03,1.52204431e-02,8.50850851e-01,7.99024892e-03,3.34814316e-02,6.88514671e-03,3.09605005e-02,8.50850851e-01,1.99753112e-02,9.26203289e-02,1.72127959e-02,8.16178751e-02
8.60860861e-01,3.99492765e-03,1.62131276e-02,3.48256464e-03,1.53827236e-02,8.60860861e-01,7.98983694e-03,3.35032470e-02,6.96512506e-03,3.12958137e-02,8.60860861e-01,1.99742711e-02,9.27799869e-02,1.74127386e-02,8.25462038e-02
8.70870871e-01,3.99471769e-03,1.62183160e-02,3.52255181e-03,1.55450562e-02,8.70870871e-01,7.98941644e-03,3.35250839e-02,7.04509920e-03,3.16313454e-02,8.70870871e-01,1.99732097e-02,9.29400591e-02,1.76126706e-02,8.34761337e-02
8.80880881e-01,3.99450360e-03,1.62235069e-02,3.56253683e-03,1.57074406e-02,8.80880881e-01,7.98898765e-03,3.35469421e-02,7.12506904e-03,3.19670959e-02,8.80880881e-01,1.99721273e-02,9.31005470e-02,1.78125918e-02,8.44076691e-02
8.90890891e-01,3.99428549e-03,1.62287002e-02,3.60251967e-03,1.58698771e-02,8.90890891e-01,7.98855084e-03,3.35688217e-02,7.20503452e-03,3.23030654e-02,8.90890891e-01,1.99710246e-02,9.32614521e-02,1.80125020e-02,8.53408141e-02
9.00900901e-01,3.99406351e-03,1.62338961e-02,3.64250028e-03,1.60323655e-02,9.00900901e-01,7.98810626e-03,3.35907228e-02,7.28499554e-03,3.26392540e-02,9.00900901e-01,1.99699024e-02,9.34227758e-02,1.82124009e-02,8.62755729e-02
9.10910911e-01,3.99383780e-03,1.62390945e-02,3.68247864e-03,1.61949060e-02,9.10910911e-01,7.98765422e-03,3.36126453e-02,7.36495204e-03,3.29756620e-02,9.10910911e-01,1.99687614e-02,9.35845195e-02,1.84122884e-02,8.72119497e-02
9.20920921e-01,3.99360853e-03,1.62442953e-02,3.72245470e-03,1.63574986e-02,9.20920921e-01,7.98719504e-03,3.36345893e-02,7.44490394e-03,3.33122897e-02,9.20920921e-01,1.99676023e-02,9.37466847e-02,1.86121643e-02,8.81499487e-02
9.30930931e-01,3.99337586e-03,1.62494987e-02,3.76242843e-03,1.65201432e-02,9.30930931e-01,7.98672905e-03,3.36565548e-02,7.52485118e-03,3.36491371e-02,9.30930931e-01,1.99664260e-02,9.39092729e-02,1.88120284e-02,8.90895742e-02
9.40940941e-01,3.99313997e-03,1.62547046e-02,3.80239980e-03,1.66828399e-02,9.40940941e-01,7.98625662e-03,3.36785419e-02,7.60479369e-03,3.39862046e-02,9.40940941e-01,1.99652334e-02,9.40722855e-02,1.90118806e-02,9.00308303e-02
9.50950951e-01,3.99290107e-03,1.62599129e-02,3.84236878e-03,1.68455887e-02,9.50950951e-01,7.98577814e-03,3.37005505e-02,7.68473141e-03,3.43234923e-02,9.50950951e-01,1.99640255e-02,9.42357240e-02,1.92117207e-02,9.09737214e-02
9.60960961e-01,3.99265934e-03,1.62651238e-02,3.88233534e-03,1.70083897e-02,9.60960961e-01,7.98529401e-03,3.37225808e-02,7.76466428e-03,3.46610005e-02,9.60960961e-01,1.99628034e-02,9.43995900e-02,1.94115486e-02,9.19182518e-02
9.70970971e-01,3.99241501e-03,1.62703372e-02,3.92229946e-03,1.71712429e-02,9.70970971e-01,7.98480467e-03,3.37446327e-02,7.84459225e-03,3.49987294e-02,9.70970971e-01,1.99615680e-02,9.45638849e-02,1.96113641e-02,9.28644256e-02
9.80980981e-01,3.99216831e-03,1.62755531e-02,3.96226110e-03,1.73341483e-02,9.80980981e-01,7.98431058e-03,3.37667062e-02,7.92451528e-03,3.53366792e-02,9.80980981e-01,1.99603206e-02,9.47286102e-02,1.98111671e-02,9.38122473e-02
9.90990991e-01,3.99191948e-03,1.62807715e-02,4.00222026e-03,1.74971059e-02,9.90990991e-01,7.98381221e-03,3.37888014e-02,8.00443332e-03,3.56748501e-02,9.90990991e-01,1.99590623e-02,9.48937674e-02,2.00109575e-02,9.47617211e-02
1.00100100e+00,3.99166877e-03,1.62859924e-02,4.04217690e-03,1.76601158e-02,1.00100100e+00,7.98331006e-03,3.38109184e-02,8.08434634e-03,3.60132424e-02,1.00100100e+00,1.99577944e-02,9.50593580e-02,2.02107352e-02,9.57128514e-02
1.01101101e+00,3.99141643e-03,1.62912158e-02,4.08213102e-03,1.78231780e-02,1.01101101e+00,7.98280467e-03,3.38330571e-02,8.16425429e-03,3.63518562e-02,1.01101101e+00,1.99565182e-02,9.52253836e-02,2.04105001e-02,9.66656426e-02
1.02102102e+00,3.99116276e-03,1.62964417e-02,4.12208260e-03,1.79862924e-02,1.02102102e+00,7.98229658e-03,3.38552176e-02,8.24415716e-03,3.66906918e-02,1.02102102e+00,1.99552351e-02,9.53918456e-02,2.06102523e-02,9.76200989e-02
1.03103103e+00,3.99090802e-03,1.63016702e-02,4.16203163e-03,1.81494592e-02,1.03103103e+00,7.98178637e-03,3.38773998e-02,8.32405492e-03,3.70297493e-02,1.03103103e+00,1.99539465e-02,9.55587457e-02,2.08099915e-02,9.85762248e-02
1.04104104e+00,3.99065253e-03,1.63069012e-02,4.20197810e-03,1.83126784e-02,1.04104104e+00,7.98127463e-03,3.38996039e-02,8.40394756e-03,3.73690291e-02,1.04104104e+00,1.99526540e-02,9.57260853e-02,2.10097177e-02,9.95340246e-02
1.05105105e+00,3.99039660e-03,1.63121347e-02,4.24192201e-03,1.84759499e-02,1.05105105e+00,7.98076199e-03,3.39218299e-02,8.48383507e-03,3.77085313e-02,1.05105105e+00,1.99513590e-02,9.58938660e-02,2.12094310e-02,1.00493503e-01
1.06106106e+00,3.99014054e-03,1.63173707e-02,4.28186336e-03,1.86392738e-02,1.06106106e+00,7.98024909e-03,3.39440778e-02,8.56371744e-03,3.80482561e-02,1.06106106e+00,1.99500632e-02,9.60620894e-02,2.14091314e-02,1.01454664e-01
1.07107107e+00,3.98988468e-03,1.63226092e-02,4.32180214e-03,1.88026502e-02,1.07107107e+00,7.97973661e-03,3.39663475e-02,8.64359468e-03,3.83882039e-02,1.07107107e+00,1.99487682e-02,9.62307569e-02,2.16088187e-02,1.02417512e-01
1.08108108e+00,3.98962939e-03,1.63278503e-02,4.36173837e-03,1.89660790e-02,1.08108108e+00,7.97922522e-03,3.39886393e-02,8.72346681e-03,3.87283747e-02,1.08108108e+00,1.99474759e-02,9.63998703e-02,2.18084932e-02,1.03382052e-01
1.09109109e+00,3.98937501e-03,1.63330939e-02,4.40167206e-03,1.91295603e-02,1.09109109e+00,7.97871566e-03,3.40109529e-02,8.80333383e-03,3.90687688e-02,1.09109109e+00,1.99461879e-02,9.65694310e-02,2.20081547e-02,1.04348288e-01
1.10110110e+00,3.98912191e-03,1.63383400e-02,4.44160321e-03,1.92930941e-02,1.10110110e+00,7.97820866e-03,3.40332886e-02,8.88319578e-03,3.94093864e-02,1.10110110e+00,1.99449062e-02,9.67394407e-02,2.22078034e-02,1.05316225e-01
1.11111111e+00,3.98887048e-03,1.63435886e-02,4.48153184e-03,1.94566805e-02,1.11111111e+00,7.97770497e-03,3.40556464e-02,8.96305269e-03,3.97502278e-02,1.11111111e+00,1.99436326e-02,9.69099008e-02,2.24074394e-02,1.06285867e-01
1.12112112e+00,3.98862111e-03,1.63488398e-02,4.52145798e-03,1.96203194e-02,1.12112112e+00,7.97720540e-03,3.40780262e-02,9.04290459e-03,4.00912931e-02,1.12112112e+00,1.99423692e-02,9.70808131e-02,2.26070627e-02,1.07257219e-01
1.13113113e+00,3.98837421e-03,1.63540935e-02,4.56138164e-03,1.97840109e-02,1.13113113e+00,7.97671075e-03,3.41004280e-02,9.12275155e-03,4.04325826e-02,1.13113113e+00,1.99411178e-02,9.72521791e-02,2.28066735e-02,1.08230285e-01
1.14114114e+00,3.98813018e-03,1.63593497e-02,4.60130287e-03,1.99477549e-02,1.14114114e+00,7.97622184e-03,3.41228520e-02,9.20259361e-03,4.07740966e-02,1.14114114e+00,1.99398807e-02,9.74240005e-02,2.30062719e-02,1.09205070e-01
1.15115115e+00,3.98788945e-03,1.63646085e-02,4.64122168e-03,2.01115517e-02,1.15115115e+00,7.97573954e-03,3.41452982e-02,9.28243084e-03,4.11158351e-02,1.15115115e+00,1.99386599e-02,9.75962788e-02,2.32058581e-02,1.10181578e-01
1.16116116e+00,3.98765248e-03,1.63698698e-02,4.68113812e-03,2.02754011e-02,1.16116116e+00,7.97526471e-03,3.41677665e-02,9.36226332e-03,4.14577985e-02,1.16116116e+00,1.99374577e-02,9.77690157e-02,2.34054322e-02,1.11159814e-01
1.17117117e+00,3.98741969e-03,1.63751337e-02,4.72105223e-03,2.04393031e-02,1.17117117e+00,7.97479827e-03,3.41902571e-02,9.44209113e-03,4.17999870e-02,1.17117117e+00,1.99362762e-02,9.79422128e-02,2.36049945e-02,1.12139782e-01
1.18118118e+00,3.98719157e-03,1.63804001e-02,4.76096406e-03,2.06032579e-02,1.18118118e+00,7.97434113e-03,3.42127698e-02,9.52191436e-03,4.21424008e-02,1.18118118e+00,1.99351179e-02,9.81158717e-02,2.38045453e-02,1.13121488e-01
1.19119119e+00,3.98696856e-03,1.63856690e-02,4.80087365e-03,2.07672654e-02,1.19119119e+00,7.97389423e-03,3.42353049e-02,9.60173313e-03,4.24850401e-02,1.19119119e+00,1.99339850e-02,9.82899942e-02,2.40040847e-02,1.14104936e-01
1.20120120e+00,3.98675117e-03,1.63909405e-02,4.84078107e-03,2.09313257e-02,1.20120120e+00,7.97345854e-03,3.42578622e-02,9.68154753e-03,4.28279052e-02,1.20120120e+00,1.99328800e-02,9.84645818e-02,2.42036130e-02,1.15090130e-01
1.21121121e+00,3.98653988e-03,1.63962145e-02,4.88068638e-03,2.10954388e-02,1.21121121e+00,7.97303504e-03,3.42804419e-02,9.76135769e-03,4.31709962e-02,1.21121121e+00,1.99318053e-02,9.86396362e-02,2.44031306e-02,1.16077075e-01
1.22122122e+00,3.98633519e-03,1.64014911e-02,4.92058963e-03,2.12596047e-02,1.22122122e+00,7.97262474e-03,3.43030439e-02,9.84116374e-03,4.35143134e-02,1.22122122e+00,1.99307634e-02,9.88151591e-02,2.46026377e-02,1.17065776e-01
1.23123123e+00,3.98613761e-03,1.64067702e-02,4.96049091e-03,2.14238234e-02,1.23123123e+00,7.97222867e-03,3.43256683e-02,9.92096583e-03,4.38578570e-02,1.23123123e+00,1.99297570e-02,9.89911521e-02,2.48021348e-02,1.18056238e-01
1.24124124e+00,3.98594768e-03,1.64120519e-02,5.00039029e-03,2.15880949e-02,1.24124124e+00,7.97184787e-03,3.43483151e-02,1.00007641e-02,4.42016273e-02,1.24124124e+00,1.99287886e-02,9.91676170e-02,2.50016221e-02,1.19048464e-01
1.25125125e+00,3.98576592e-03,1.64173361e-02,5.04028784e-03,2.17524194e-02,1.25125125e+00,7.97148340e-03,3.43709844e-02,1.00805587e-02,4.45456244e-02,1.25125125e+00,1.99278609e-02,9.93445554e-02,2.52011002e-02,1.20042461e-01
1.26126126e+00,3.98559288e-03,1.64226229e-02,5.08018367e-03,2.19167968e-02,1.26126126e+00,7.97113637e-03,3.43936761e-02,1.01603499e-02,4.48898486e-02,1.26126126e+00,1.99269766e-02,9.95219690e-02,2.54005695e-02,1.21038232e-01
1.27127127e+00,3.98542911e-03,1.64279122e-02,5.12007785e-03,2.20812271e-02,1.27127127e+00,7.97080786e-03,3.44163903e-02,1.02401378e-02,4.52343002e-02,1.27127127e+00,1.99261385e-02,9.96998596e-02,2.56000303e-02,1.22035783e-01
1.28128128e+00,3.98527516e-03,1.64332041e-02,5.15997050e-03,2.22457104e-02,1.28128128e+00,7.97049900e-03,3.44391271e-02,1.03199225e-02,4.55789792e-02,1.28128128e+00,1.99253494e-02,9.98782288e-02,2.57994833e-02,1.23035118e-01
1.29129129e+00,3.98513162e-03,1.64384985e-02,5.19986170e-03,2.24102467e-02,1.29129129e+00,7.97021094e-03,3.44618864e-02,1.03997044e-02,4.59238861e-02,1.29129129e+00,1.99246122e-02,1.00057078e-01,2.59989288e-02,1.24036243e-01
1.30130130e+00,3.98499906e-03,1.64437955e-02,5.23975158e-03,2.25748360e-02,1.30130130e+00,7.96994483e-03,3.44846683e-02,1.04794836e-02,4.62690209e-02,1.30130130e+00,1.99239296e-02,1.00236410e-01,2.61983676e-02,1.25039161e-01
1.31131131e+00,3.98487807e-03,1.64490951e-02,5.27964025e-03,2.27394783e-02,1.31131131e+00,7.96970185e-03,3.45074729e-02,1.05592604e-02,4.66143839e-02,1.31131131e+00,1.99233048e-02,1.00416226e-01,2.63978000e-02,1.26043878e-01
1.32132132e+00,3.98476924e-03,1.64543973e-02,5.31952783e-03,2.29041737e-02,1.32132132e+00,7.96948320e-03,3.45303001e-02,1.06390351e-02,4.69599754e-02,1.32132132e+00,1.99227407e-02,1.00596527e-01,2.65972269e-02,1.27050398e-01
1.33133133e+00,3.98467319e-03,1.64597020e-02,5.35941445e-03,2.30689222e-02,1.33133133e+00,7.96929008e-03,3.45531500e-02,1.07188077e-02,4.73057955e-02,1.33133133e+00,1.99222402e-02,1.00777315e-01,2.67966487e-02,1.28058727e-01
1.34134134e+00,3.98459052e-03,1.64650092e-02,5.39930024e-03,2.32337238e-02,1.34134134e+00,7.96912373e-03,3.45760225e-02,1.07985787e-02,4.76518446e-02,1.34134134e+00,1.99218065e-02,1.00958593e-01,2.69960662e-02,1.29068870e-01
1.35135135e+00,3.98452186e-03,1.64703191e-02,5.43918535e-03,2.33985786e-02,1.35135135e+00,7.96898538e-03,3.45989179e-02,1.08783484e-02,4.79981228e-02,1.35135135e+00,1.99214427e-02,1.01140361e-01,2.71954800e-02,1.30080830e-01
1.36136136e+00,3.98446783e-03,1.64756315e-02,5.47906991e-03,2.35634865e-02,1.36136136e+00,7.96887630e-03,3.46218360e-02,1.09581169e-02,4.83446303e-02,1.36136136e+00,1.99211520e-02,1.01322622e-01,2.73948910e-02,1.31094614e-01
1.37137137e+00,3.98442908e-03,1.64809464e-02,5.51895409e-03,2.37284477e-02,1.37137137e+00,7.96879775e-03,3.46447769e-02,1.10378846e-02,4.86913674e-02,1.37137137e+00,1.99209374e-02,1.01505378e-01,2.75942997e-02,1.32110226e-01
1.38138138e+00,3.98440624e-03,1.64862640e-02,5.55883803e-03,2.38934620e-02,1.38138138e+00,7.96875102e-03,3.46677406e-02,1.11176519e-02,4.90383343e-02,1.38138138e+00,1.99208023e-02,1.01688630e-01,2.77937072e-02,1.33127671e-01
1.39139139e+00,3.98439996e-03,1.64915841e-02,5.59872191e-03,2.40585296e-02,1.39139139e+00,7.96873741e-03,3.46907272e-02,1.11974191e-02,4.93855313e-02,1.39139139e+00,1.99207498e-02,1.01872379e-01,2.79931141e-02,1.34146954e-01
1.40140140e+00,3.98441091e-03,1.64969068e-02,5.63860591e-03,2.42236505e-02,1.40140140e+00,7.96875825e-03,3.47137367e-02,1.12771864e-02,4.97329585e-02,1.40140140e+00,1.99207834e-02,1.02056629e-01,2.81925213e-02,1.35168080e-01
1.41141141e+00,3.98443974e-03,1.65022321e-02,5.67849019e-03,2.43888246e-02,1.41141141e+00,7.96881484e-03,3.47367692e-02,1.13569543e-02,5.00806162e-02,1.41141141e+00,1.99209061e-02,1.02241380e-01,2.83919298e-02,1.36191055e-01
1.42142142e+00,3.98448712e-03,1.65075600e-02,5.71837495e-03,2.45540521e-02,1.42142142e+00,7.96890853e-03,3.47598245e-02,1.14367232e-02,5.04285047e-02,1.42142142e+00,1.99211216e-02,1.02426635e-01,2.85913404e-02,1.37215882e-01
1.43143143e+00,3.98455374e-03,1.65128904e-02,5.75826037e-03,2.47193330e-02,1.43143143e+00,7.96904068e-03,3.47829029e-02,1.15164933e-02,5.07766241e-02,1.43143143e+00,1.99214330e-02,1.02612395e-01,2.87907542e-02,1.38242568e-01
1.44144144e+00,3.98464026e-03,1.65182234e-02,5.79814666e-03,2.48846672e-02,1.44144144e+00,7.96921264e-03,3.48060043e-02,1.15962652e-02,5.11249747e-02,1.44144144e+00,1.99218439e-02,1.02798662e-01,2.89901720e-02,1.39271117e-01
1.45145145e+00,3.98474738e-03,1.65235591e-02,5.83803402e-03,2.50500549e-02,1.45145145e+00,7.96942579e-03,3.48291287e-02,1.16760393e-02,5.14735567e-02,1.45145145e+00,1.99223576e-02,1.02985439e-01,2.91895950e-02,1.40301534e-01
1.46146146e+00,3.98487580e-03,1.65288973e-02,5.87792267e-03,2.52154959e-02,1.46146146e+00,7.96968151e-03,3.48522762e-02,1.17558159e-02,5.18223703e-02,1.46146146e+00,1.99229776e-02,1.03172726e-01,2.93890242e-02,1.41333825e-01
1.47147147e+00,3.98502619e-03,1.65342381e-02,5.91781282e-03,2.53809904e-02,1.47147147e+00,7.96998120e-03,3.48754468e-02,1.18355955e-02,5.21714159e-02,1.47147147e+00,1.99237074e-02,1.03360526e-01,2.95884607e-02,1.42367994e-01
1.48148148e+00,3.98519927e-03,1.65395814e-02,5.95770470e-03,2.55465384e-02,1.48148148e+00,7.97032625e-03,3.48986406e-02,1.19153785e-02,5.25206935e-02,1.48148148e+00,1.99245505e-02,1.03548840e-01,2.97879057e-02,1.43404047e-01
1.49149149e+00,3.98539575e-03,1.65449274e-02,5.99759855e-03,2.57121399e-02,1.49149149e+00,7.97071807e-03,3.49218575e-02,1.19951655e-02,5.28702035e-02,1.49149149e+00,1.99255105e-02,1.03737671e-01,2.99873602e-02,1.44441989e-01
1.50150150e+00,3.98561633e-03,1.65502760e-02,6.03749461e-03,2.58777950e-02,1.50150150e+00,7.97115810e-03,3.49450976e-02,1.20749568e-02,5.32199461e-02,1.50150150e+00,1.99265908e-02,1.03927020e-01,3.01868256e-02,1.45481825e-01
1.51151151e+00,3.98586172e-03,1.65556271e-02,6.07739313e-03,2.60435035e-02,1.51151151e+00,7.97164775e-03,3.49683609e-02,1.21547531e-02,5.35699215e-02,1.51151151e+00,1.99277951e-02,1.04116890e-01,3.03863030e-02,1.46523560e-01
1.52152152e+00,3.98613264e-03,1.65609809e-02,6.11729436e-03,2.62092657e-02,1.52152152e+00,7.97218846e-03,3.49916475e-02,1.22345548e-02,5.39201299e-02,1.52152152e+00,1.99291269e-02,1.04307282e-01,3.05857938e-02,1.47567200e-01
1.53153153e+00,3.98642982e-03,1.65663372e-02,6.15719856e-03,2.63750815e-02,1.53153153e+00,7.97278167e-03,3.50149575e-02,1.23143624e-02,5.42705716e-02,1.53153153e+00,1.99305899e-02,1.04498198e-01,3.07852992e-02,1.48612750e-01
1.54154154e+00,3.98675398e-03,1.65716962e-02,6.19710601e-03,2.65409509e-02,1.54154154e+00,7.97342884e-03,3.50382907e-02,1.23941765e-02,5.46212468e-02,1.54154154e+00,1.99321876e-02,1.04689640e-01,3.09848206e-02,1.49660215e-01
1.55155155e+00,3.98710584e-03,1.65770578e-02,6.23701698e-03,2.67068740e-02,1.55155155e+00,7.97413140e-03,3.50616473e-02,1.24739977e-02,5.49721557e-02,1.55155155e+00,1.99339238e-02,1.04881610e-01,3.11843594e-02,1.50709599e-01
1.56156156e+00,3.98748614e-03,1.65824219e-02,6.27693175e-03,2.68728508e-02,1.56156156e+00,7.97489083e-03,3.50850272e-02,1.25538264e-02,5.53232986e-02,1.56156156e+00,1.99358020e-02,1.05074110e-01,3.13839170e-02,1.51760910e-01
1.57157157e+00,3.98789561e-03,1.65877887e-02,6.31685063e-03,2.70388813e-02,1.57157157e+00,7.97570859e-03,3.51084306e-02,1.26336633e-02,5.56746757e-02,1.57157157e+00,1.99378259e-02,1.05267142e-01,3.15834948e-02,1.52814151e-01
1.58158158e+00,3.98833497e-03,1.65931581e-02,6.35677390e-03,2.72049655e-02,1.58158158e+00,7.97658615e-03,3.51318575e-02,1.27135090e-02,5.60262873e-02,1.58158158e+00,1.99399992e-02,1.05460708e-01,3.17830944e-02,1.53869329e-01
1.59159159e+00,3.98880498e-03,1.65985301e-02,6.39670188e-03,2.73711035e-02,1.59159159e+00,7.97752497e-03,3.51553078e-02,1.27933641e-02,5.63781336e-02,1.59159159e+00,1.99423256e-02,1.05654809e-01,3.19827173e-02,1.54926448e-01
1.60160160e+00,3.98930635e-03,1.66039047e-02,6.43663487e-03,2.75372953e-02,1.60160160e+00,7.97852655e-03,3.51787816e-02,1.28732293e-02,5.67302147e-02,1.60160160e+00,1.99448087e-02,1.05849449e-01,3.21823650e-02,1.55985515e-01
1.61161161e+00,3.98983985e-03,1.66092819e-02,6.47657321e-03,2.77035409e-02,1.61161161e+00,7.97959234e-03,3.52022790e-02,1.29531051e-02,5.70825310e-02,1.61161161e+00,1.99474524e-02,1.06044628e-01,3.23820392e-02,1.57046533e-01
1.62162162e+00,3.99040620e-03,1.66146617e-02,6.51651722e-03,2.78698404e-02,1.62162162e+00,7.98072385e-03,3.52258000e-02,1.30329922e-02,5.74350827e-02,1.62162162e+00,1.99502602e-02,1.06240349e-01,3.25817415e-02,1.58109510e-01
1.63163163e+00,3.99100615e-03,1.66200441e-02,6.55646723e-03,2.80361937e-02,1.63163163e+00,7.98192255e-03,3.52493445e-02,1.31128913e-02,5.77878700e-02,1.63163163e+00,1.99532359e-02,1.06436614e-01,3.27814736e-02,1.59174450e-01
1.64164164e+00,3.99164044e-03,1.66254292e-02,6.59642359e-03,2.82026009e-02,1.64164164e+00,7.98318992e-03,3.52729127e-02,1.31928031e-02,5.81408932e-02,1.64164164e+00,1.99563832e-02,1.06633425e-01,3.29812372e-02,1.60241358e-01
1.65165165e+00,3.99230982e-03,1.66308168e-02,6.63638665e-03,2.83690621e-02,1.65165165e+00,7.98452746e-03,3.52965046e-02,1.32727283e-02,5.84941525e-02,1.65165165e+00,1.99597058e-02,1.06830784e-01,3.31810340e-02,1.61310241e-01
1.66166166e+00,3.99301503e-03,1.66362071e-02,6.67635677e-03,2.85355772e-02,1.66166166e+00,7.98593666e-03,3.53201202e-02,1.33526676e-02,5.88476481e-02,1.66166166e+00,1.99632075e-02,1.07028692e-01,3.33808659e-02,1.62381103e-01
1.67167167e+00,3.99375681e-03,1.66416001e-02,6.71633432e-03,2.87021463e-02,1.67167167e+00,7.98741899e-03,3.53437595e-02,1.34326218e-02,5.92013803e-02,1.67167167e+00,1.99668919e-02,1.07227153e-01,3.35807347e-02,1.63453951e-01
1.68168168e+00,3.99453590e-03,1.66469956e-02,6.75631966e-03,2.88687693e-02,1.68168168e+00,7.98897596e-03,3.53674225e-02,1.35125915e-02,5.95553493e-02,1.68168168e+00,1.99707628e-02,1.07426167e-01,3.37806423e-02,1.64528789e-01
1.69169169e+00,3.99535306e-03,1.66523938e-02,6.79631318e-03,2.90354464e-02,1.69169169e+00,7.99060905e-03,3.53911094e-02,1.35925776e-02,5.99095553e-02,1.69169169e+00,1.99748240e-02,1.07625738e-01,3.39805905e-02,1.65605624e-01
1.70170170e+00,3.99620903e-03,1.66577946e-02,6.83631528e-03,2.92021776e-02,1.70170170e+00,7.99231974e-03,3.54148201e-02,1.36725808e-02,6.02639986e-02,1.70170170e+00,1.99790790e-02,1.07825867e-01,3.41805812e-02,1.66684460e-01
1.71171171e+00,3.99710455e-03,1.66631980e-02,6.87632633e-03,2.93689629e-02,1.71171171e+00,7.99410953e-03,3.54385547e-02,1.37526019e-02,6.06186794e-02,1.71171171e+00,1.99835318e-02,1.08026556e-01,3.43806166e-02,1.67765304e-01
1.72172172e+00,3.99804035e-03,1.66686040e-02,6.91634676e-03,2.95358022e-02,1.72172172e+00,7.99597990e-03,3.54623131e-02,1.38326417e-02,6.09735980e-02,1.72172172e+00,1.99881859e-02,1.08227807e-01,3.45806985e-02,1.68848161e-01
1.73173173e+00,3.99901719e-03,1.66740127e-02,6.95637696e-03,2.97026957e-02,1.73173173e+00,7.99793233e-03,3.54860955e-02,1.39127011e-02,6.13287546e-02,1.73173173e+00,1.99930450e-02,1.08429623e-01,3.47808291e-02,1.69933037e-01
1.74174174e+00,4.00003581e-03,1.66794240e-02,6.99641736e-03,2.98696433e-02,1.74174174e+00,7.99996830e-03,3.55099018e-02,1.39927809e-02,6.16841495e-02,1.74174174e+00,1.99981130e-02,1.08632006e-01,3.49810104e-02,1.71019937e-01
1.75175175e+00,4.00109693e-03,1.66848380e-02,7.03646838e-03,3.00366452e-02,1.75175175e+00,8.00208929e-03,3.55337321e-02,1.40728819e-02,6.20397828e-02,1.75175175e+00,2.00033934e-02,1.08834957e-01,3.51812446e-02,1.72108868e-01
1.76176176e+00,4.00220131e-03,1.66902546e-02,7.07653045e-03,3.02037012e-02,1.76176176e+00,8.00429678e-03,3.55575865e-02,1.41530050e-02,6.23956548e-02,1.76176176e+00,2.00088900e-02,1.09038479e-01,3.53815338e-02,1.73199834e-01
1.77177177e+00,4.00334967e-03,1.66956738e-02,7.11660402e-03,3.03708115e-02,1.77177177e+00,8.00659224e-03,3.55814649e-02,1.42331510e-02,6.27517658e-02,1.77177177e+00,2.00146064e-02,1.09242574e-01,3.55818802e-02,1.74292842e-01
1.78178178e+00,4.00454276e-03,1.67010957e-02,7.15668954e-03,3.05379761e-02,1.78178178e+00,8.00897713e-03,3.56053674e-02,1.43133210e-02,6.31081161e-02,1.78178178e+00,2.00205464e-02,1.09447245e-01,3.57822861e-02,1.75387897e-01
1.79179179e+00,4.00578129e-03,1.67065202e-02,7.19678745e-03,3.07051949e-02,1.79179179e+00,8.01145293e-03,3.56292940e-02,1.43935157e-02,6.34647057e-02,1.79179179e+00,2.00267135e-02,1.09652492e-01,3.59827537e-02,1.76485005e-01
1.80180180e+00,4.00706602e-03,1.67119474e-02,7.23689822e-03,3.08724681e-02,1.80180180e+00,8.01402109e-03,3.56532447e-02,1.44737361e-02,6.38215351e-02,1.80180180e+00,2.00331115e-02,1.09858319e-01,3.61832853e-02,1.77584172e-01
1.81181181e+00,4.00839765e-03,1.67173772e-02,7.27702232e-03,3.10397956e-02,1.81181181e+00,8.01668307e-03,3.56772197e-02,1.45539832e-02,6.41786043e-02,1.81181181e+00,2.00397440e-02,1.10064728e-01,3.63838833e-02,1.78685404e-01
1.82182182e+00,4.00977692e-03,1.67228097e-02,7.31716023e-03,3.12071775e-02,1.82182182e+00,8.01944032e-03,3.57012188e-02,1.46342579e-02,6.45359138e-02,1.82182182e+00,2.00466146e-02,1.10271720e-01,3.65845502e-02,1.79788706e-01
1.83183183e+00,4.01120455e-03,1.67282448e-02,7.35731242e-03,3.13746138e-02,1.83183183e+00,8.02229429e-03,3.57252422e-02,1.47145611e-02,6.48934636e-02,1.83183183e+00,2.00537269e-02,1.10479299e-01,3.67852882e-02,1.80894085e-01
1.84184184e+00,4.01268126e-03,1.67336825e-02,7.39747940e-03,3.15421045e-02,1.84184184e+00,8.02524642e-03,3.57492899e-02,1.47948939e-02,6.52512541e-02,1.84184184e+00,2.00610845e-02,1.10687466e-01,3.69860998e-02,1.82001546e-01
1.85185185e+00,4.01420777e-03,1.67391229e-02,7.43766166e-03,3.17096496e-02,1.85185185e+00,8.02829815e-03,3.57733619e-02,1.48752573e-02,6.56092855e-02,1.85185185e+00,2.00686911e-02,1.10896224e-01,3.71869876e-02,1.83111095e-01
1.86186186e+00,4.01578480e-03,1.67445660e-02,7.47785971e-03,3.18772493e-02,1.86186186e+00,8.03145089e-03,3.57974583e-02,1.49556522e-02,6.59675581e-02,1.86186186e+00,2.00765502e-02,1.11105574e-01,3.73879541e-02,1.84222738e-01
1.87187187e+00,4.01741305e-03,1.67500117e-02,7.51807405e-03,3.20449034e-02,1.87187187e+00,8.03470609e-03,3.58215790e-02,1.50360797e-02,6.63260720e-02,1.87187187e+00,2.00846653e-02,1.11315520e-01,3.75890018e-02,1.85336482e-01
1.88188188e+00,4.01909324e-03,1.67554601e-02,7.55830522e-03,3.22126121e-02,1.88188188e+00,8.03806516e-03,3.58457242e-02,1.51165408e-02,6.66848276e-02,1.88188188e+00,2.00930400e-02,1.11526062e-01,3.77901333e-02,1.86452331e-01
1.89189189e+00,4.02082607e-03,1.67609112e-02,7.59855373e-03,3.23803753e-02,1.89189189e+00,8.04152951e-03,3.58698938e-02,1.51970366e-02,6.70438251e-02,1.89189189e+00,2.01016779e-02,1.11737204e-01,3.79913513e-02,1.87570292e-01
1.90190190e+00,4.02261225e-03,1.67663649e-02,7.63882012e-03,3.25481932e-02,1.90190190e+00,8.04510054e-03,3.58940879e-02,1.52775681e-02,6.74030646e-02,1.90190190e+00,2.01105824e-02,1.11948949e-01,3.81926585e-02,1.88690372e-01
1.91191191e+00,4.02445246e-03,1.67718212e-02,7.67910493e-03,3.27160656e-02,1.91191191e+00,8.04877965e-03,3.59183064e-02,1.53581365e-02,6.77625466e-02,1.91191191e+00,2.01197571e-02,1.12161297e-01,3.83940574e-02,1.89812575e-01
1.92192192e+00,4.02634742e-03,1.67772803e-02,7.71940870e-03,3.28839927e-02,1.92192192e+00,8.05256824e-03,3.59425496e-02,1.54387428e-02,6.81222711e-02,1.92192192e+00,2.01292055e-02,1.12374251e-01,3.85955510e-02,1.90936909e-01
1.93193193e+00,4.02829781e-03,1.67827420e-02,7.75973200e-03,3.30519744e-02,1.93193193e+00,8.05646769e-03,3.59668173e-02,1.55193881e-02,6.84822385e-02,1.93193193e+00,2.01389309e-02,1.12587815e-01,3.87971419e-02,1.92063379e-01
1.94194194e+00,4.03030432e-03,1.67882063e-02,7.80007539e-03,3.32200108e-02,1.94194194e+00,8.06047938e-03,3.59911096e-02,1.56000736e-02,6.88424490e-02,1.94194194e+00,2.01489369e-02,1.12801989e-01,3.89988329e-02,1.93191991e-01
1.95195195e+00,4.03236763e-03,1.67936734e-02,7.84043943e-03,3.33881020e-02,1.95195195e+00,8.06460467e-03,3.60154266e-02,1.56808003e-02,6.92029029e-02,1.95195195e+00,2.01592268e-02,1.13016777e-01,3.92006270e-02,1.94322752e-01
1.96196196e+00,4.03448843e-03,1.67991431e-02,7.88082470e-03,3.35562479e-02,1.96196196e+00,8.06884494e-03,3.60397682e-02,1.57615696e-02,6.95636004e-02,1.96196196e+00,2.01698041e-02,1.13232181e-01,3.94025269e-02,1.95455667e-01
1.97197197e+00,4.03666739e-03,1.68046155e-02,7.92123178e-03,3.37244485e-02,1.97197197e+00,8.07320152e-03,3.60641346e-02,1.58423824e-02,6.99245417e-02,1.97197197e+00,2.01806722e-02,1.13448203e-01,3.96045357e-02,1.96590743e-01
1.98198198e+00,4.03890519e-03,1.68100905e-02,7.96166126e-03,3.38927040e-02,1.98198198e+00,8.07767578e-03,3.60885257e-02,1.59232400e-02,7.02857271e-02,1.98198198e+00,2.01918344e-02,1.13664846e-01,3.98066561e-02,1.97727987e-01
1.99199199e+00,4.04120249e-03,1.68155683e-02,8.00211374e-03,3.40610143e-02,1.99199199e+00,8.08226905e-03,3.61129416e-02,1.60041436e-02,7.06471568e-02,1.99199199e+00,2.02032940e-02,1.13882111e-01,4.00088913e-02,1.98867403e-01
2.00200200e+00,4.04355997e-03,1.68210487e-02,8.04258982e-03,3.42293794e-02,2.00200200e+00,8.08698266e-03,3.61373823e-02,1.60850944e-02,7.10088312e-02,2.00200200e+00,2.02150545e-02,1.14100001e-01,4.02112442e-02,2.00008999e-01
2.01201201e+00,4.04597828e-03,1.68265318e-02,8.08309010e-03,3.43977994e-02,2.01201201e+00,8.09181794e-03,3.61618479e-02,1.61660936e-02,7.13707503e-02,2.01201201e+00,2.02271192e-02,1.14318520e-01,4.04137179e-02,2.01152781e-01
2.02202202e+00,4.04845809e-03,1.68320176e-02,8.12361521e-03,3.45662744e-02,2.02202202e+00,8.09677620e-03,3.61863383e-02,1.62471424e-02,7.17329146e-02,2.02202202e+00,2.02394912e-02,1.14537668e-01,4.06163154e-02,2.02298755e-01
2.03203203e+00,4.05100004e-03,1.68375061e-02,8.16416576e-03,3.47348042e-02,2.03203203e+00,8.10185874e-03,3.62108536e-02,1.63282421e-02,7.20953242e-02,2.03203203e+00,2.02521739e-02,1.14757449e-01,4.08190398e-02,2.03446928e-01
2.04204204e+00,4.05360478e-03,1.68429972e-02,8.20474238e-03,3.49033890e-02,2.04204204e+00,8.10706688e-03,3.62353939e-02,1.64093939e-02,7.24579793e-02,2.04204204e+00,2.02651705e-02,1.14977865e-01,4.10218944e-02,2.04597305e-01
2.05205205e+00,4.05627296e-03,1.68484911e-02,8.24534571e-03,3.50720288e-02,2.05205205e+00,8.11240189e-03,3.62599592e-02,1.64905991e-02,7.28208804e-02,2.05205205e+00,2.02784843e-02,1.15198919e-01,4.12248822e-02,2.05749893e-01
2.06206206e+00,4.05900523e-03,1.68539876e-02,8.28597640e-03,3.52407236e-02,2.06206206e+00,8.11786506e-03,3.62845495e-02,1.65718590e-02,7.31840275e-02,2.06206206e+00,2.02921185e-02,1.15420612e-01,4.14280065e-02,2.06904699e-01
2.07207207e+00,4.06180221e-03,1.68594868e-02,8.32663508e-03,3.54094735e-02,2.07207207e+00,8.12345766e-03,3.63091648e-02,1.66531749e-02,7.35474209e-02,2.07207207e+00,2.03060762e-02,1.15642948e-01,4.16312706e-02,2.08061729e-01
2.08208208e+00,4.06466454e-03,1.68649887e-02,8.36732241e-03,3.55782784e-02,2.08208208e+00,8.12918096e-03,3.63338052e-02,1.67345481e-02,7.39110609e-02,2.08208208e+00,2.03203607e-02,1.15865928e-01,4.18346776e-02,2.09220989e-01
2.09209209e+00,4.06759285e-03,1.68704933e-02,8.40803906e-03,3.57471384e-02,2.09209209e+00,8.13503622e-03,3.63584708e-02,1.68159799e-02,7.42749478e-02,2.09209209e+00,2.03349750e-02,1.16089556e-01,4.20382309e-02,2.10382486e-01
2.10210210e+00,4.07058777e-03,1.68760007e-02,8.44878568e-03,3.59160536e-02,2.10210210e+00,8.14102469e-03,3.63831615e-02,1.68974716e-02,7.46390817e-02,2.10210210e+00,2.03499222e-02,1.16313834e-01,4.22419338e-02,2.11546226e-01
2.11211211e+00,4.07364991e-03,1.68815107e-02,8.48956296e-03,3.60850239e-02,2.11211211e+00,8.14714761e-03,3.64078774e-02,1.69790246e-02,7.50034630e-02,2.11211211e+00,2.03652056e-02,1.16538764e-01,4.24457897e-02,2.12712217e-01
2.12212212e+00,4.07677989e-03,1.68870234e-02,8.53037156e-03,3.62540493e-02,2.12212212e+00,8.15340620e-03,3.64326185e-02,1.70606403e-02,7.53680919e-02,2.12212212e+00,2.03808282e-02,1.16764349e-01,4.26498020e-02,2.13880464e-01
2.13213213e+00,4.07997832e-03,1.68925388e-02,8.57121219e-03,3.64231300e-02,2.13213213e+00,8.15980170e-03,3.64573848e-02,1.71423200e-02,7.57329687e-02,2.13213213e+00,2.03967929e-02,1.16990592e-01,4.28539741e-02,2.15050974e-01
2.14214214e+00,4.08324582e-03,1.68980569e-02,8.61208552e-03,3.65922659e-02,2.14214214e+00,8.16633532e-03,3.64821765e-02,1.72240651e-02,7.60980935e-02,2.14214214e+00,2.04131030e-02,1.17217495e-01,4.30583095e-02,2.16223753e-01
2.15215215e+00,4.08658298e-03,1.69035777e-02,8.65299226e-03,3.67614571e-02,2.15215215e+00,8.17300826e-03,3.65069934e-02,1.73058770e-02,7.64634667e-02,2.15215215e+00,2.04297613e-02,1.17445060e-01,4.32628116e-02,2.17398809e-01
2.16216216e+00,4.08999040e-03,1.69091012e-02,8.69393310e-03,3.69307035e-02,2.16216216e+00,8.17982173e-03,3.65318358e-02,1.73877571e-02,7.68290885e-02,2.16216216e+00,2.04467710e-02,1.17673291e-01,4.34674840e-02,2.18576148e-01
2.17217217e+00,4.09346868e-03,1.69146275e-02,8.73490876e-03,3.71000052e-02,2.17217217e+00,8.18677692e-03,3.65567035e-02,1.74697068e-02,7.71949592e-02,2.17217217e+00,2.04641349e-02,1.17902190e-01,4.36723302e-02,2.19755776e-01
2.18218218e+00,4.09701841e-03,1.69201564e-02,8.77591996e-03,3.72693623e-02,2.18218218e+00,8.19387500e-03,3.65815966e-02,1.75517276e-02,7.75610790e-02,2.18218218e+00,2.04818561e-02,1.18131759e-01,4.38773538e-02,2.20937701e-01
2.19219219e+00,4.10064018e-03,1.69256881e-02,8.81696741e-03,3.74387748e-02,2.19219219e+00,8.20111717e-03,3.66065153e-02,1.76338209e-02,7.79274481e-02,2.19219219e+00,2.04999374e-02,1.18362001e-01,4.40825583e-02,2.22121929e-01
2.20220220e+00,4.10433457e-03,1.69312225e-02,8.85805184e-03,3.76082426e-02,2.20220220e+00,8.20850457e-03,3.66314594e-02,1.77159881e-02,7.82940669e-02,2.20220220e+00,2.05183818e-02,1.18592918e-01,4.42879475e-02,2.23308466e-01
2.21221221e+00,4.10810216e-03,1.69367596e-02,8.89917398e-03,3.77777659e-02,2.21221221e+00,8.21603838e-03,3.66564290e-02,1.77982307e-02,7.86609356e-02,2.21221221e+00,2.05371922e-02,1.18824514e-01,4.44935250e-02,2.24497320e-01
2.22222222e+00,4.11194353e-03,1.69422994e-02,8.94033458e-03,3.79473446e-02,2.22222222e+00,8.22371974e-03,3.66814242e-02,1.78805502e-02,7.90280544e-02,2.22222222e+00,2.05563715e-02,1.19056791e-01,4.46992945e-02,2.25688498e-01
2.23223223e+00,4.11585925e-03,1.69478419e-02,8.98153437e-03,3.81169788e-02,2.23223223e+00,8.23154979e-03,3.67064450e-02,1.79629481e-02,7.93954236e-02,2.23223223e+00,2.05759225e-02,1.19289752e-01,4.49052597e-02,2.26882005e-01
2.24224224e+00,4.11984988e-03,1.69533871e-02,9.02277411e-03,3.82866685e-02,2.24224224e+00,8.23952968e-03,3.67314915e-02,1.80454259e-02,7.97630434e-02,2.24224224e+00,2.05958481e-02,1.19523400e-01,4.51114244e-02,2.28077850e-01
2.25225225e+00,4.12391600e-03,1.69589351e-02,9.06405455e-03,3.84564137e-02,2.25225225e+00,8.24766053e-03,3.67565636e-02,1.81279851e-02,8.01309142e-02,2.25225225e+00,2.06161510e-02,1.19757736e-01,4.53177922e-02,2.29276039e-01
2.26226226e+00,4.12805815e-03,1.69644858e-02,9.10537645e-03,3.86262144e-02,2.26226226e+00,8.25594346e-03,3.67816614e-02,1.82106271e-02,8.04990361e-02,2.26226226e+00,2.06368342e-02,1.19992764e-01,4.55243672e-02,2.30476578e-01
2.27227227e+00,4.13227690e-03,1.69700393e-02,9.14674059e-03,3.87960708e-02,2.27227227e+00,8.26437958e-03,3.68067850e-02,1.82933537e-02,8.08674094e-02,2.27227227e+00,2.06579004e-02,1.20228487e-01,4.57311529e-02,2.31679476e-01
2.28228228e+00,4.13657281e-03,1.69755954e-02,9.18814772e-03,3.89659827e-02,2.28228228e+00,8.27297001e-03,3.68319344e-02,1.83761662e-02,8.12360344e-02,2.28228228e+00,2.06793523e-02,1.20464907e-01,4.59381535e-02,2.32884738e-01
2.29229229e+00,4.14094641e-03,1.69811543e-02,9.22959864e-03,3.91359503e-02,2.29229229e+00,8.28171584e-03,3.68571095e-02,1.84590662e-02,8.16049114e-02,2.29229229e+00,2.07011927e-02,1.20702027e-01,4.61453726e-02,2.34092372e-01
2.30230230e+00,4.14539826e-03,1.69867159e-02,9.27109411e-03,3.93059736e-02,2.30230230e+00,8.29061816e-03,3.68823105e-02,1.85420554e-02,8.19740406e-02,2.30230230e+00,2.07234243e-02,1.20939850e-01,4.63528143e-02,2.35302385e-01
2.31231231e+00,4.14992890e-03,1.69922803e-02,9.31263494e-03,3.94760526e-02,2.31231231e+00,8.29967806e-03,3.69075374e-02,1.86251353e-02,8.23434222e-02,2.31231231e+00,2.07460499e-02,1.21178378e-01,4.65604825e-02,2.36514784e-01
2.32232232e+00,4.15453887e-03,1.69978474e-02,9.35422192e-03,3.96461872e-02,2.32232232e+00,8.30889662e-03,3.69327902e-02,1.87083074e-02,8.27130565e-02,2.32232232e+00,2.07690722e-02,1.21417615e-01,4.67683811e-02,2.37729576e-01
2.33233233e+00,4.15922871e-03,1.70034172e-02,9.39585584e-03,3.98163777e-02,2.33233233e+00,8.31827491e-03,3.69580690e-02,1.87915734e-02,8.30829438e-02,2.33233233e+00,2.07924937e-02,1.21657563e-01,4.69765142e-02,2.38946768e-01
2.34234234e+00,4.16399894e-03,1.70089897e-02,9.43753751e-03,3.99866239e-02,2.34234234e+00,8.32781400e-03,3.69833738e-02,1.88749349e-02,8.34530844e-02,2.34234234e+00,2.08163173e-02,1.21898225e-01,4.71848857e-02,2.40166367e-01
2.35235235e+00,4.16885010e-03,1.70145651e-02,9.47926774e-03,4.01569259e-02,2.35235235e+00,8.33751494e-03,3.70087045e-02,1.89583935e-02,8.38234784e-02,2.35235235e+00,2.08405455e-02,1.22139604e-01,4.73934998e-02,2.41388381e-01
2.36236236e+00,4.17378272e-03,1.70201431e-02,9.52104735e-03,4.03272837e-02,2.36236236e+00,8.34737879e-03,3.70340614e-02,1.90419509e-02,8.41941262e-02,2.36236236e+00,2.08651810e-02,1.22381703e-01,4.76023604e-02,2.42612816e-01
2.37237237e+00,4.17879731e-03,1.70257239e-02,9.56287715e-03,4.04976974e-02,2.37237237e+00,8.35740660e-03,3.70594443e-02,1.91256086e-02,8.45650280e-02,2.37237237e+00,2.08902264e-02,1.22624525e-01,4.78114718e-02,2.43839680e-01
2.38238238e+00,4.18389440e-03,1.70313074e-02,9.60475798e-03,4.06681669e-02,2.38238238e+00,8.36759940e-03,3.70848534e-02,1.92093683e-02,8.49361841e-02,2.38238238e+00,2.09156844e-02,1.22868072e-01,4.80208380e-02,2.45068980e-01
2.39239239e+00,4.18907451e-03,1.70368937e-02,9.64669065e-03,4.08386924e-02,2.39239239e+00,8.37795825e-03,3.71102887e-02,1.92932318e-02,8.53075947e-02,2.39239239e+00,2.09415574e-02,1.23112347e-01,4.82304632e-02,2.46300724e-01
2.40240240e+00,4.19433815e-03,1.70424828e-02,9.68867602e-03,4.10092739e-02,2.40240240e+00,8.38848415e-03,3.71357501e-02,1.93772006e-02,8.56792602e-02,2.40240240e+00,2.09678481e-02,1.23357354e-01,4.84403516e-02,2.47534918e-01
2.41241241e+00,4.19968584e-03,1.70480746e-02,9.73071492e-03,4.11799112e-02,2.41241241e+00,8.39917815e-03,3.71612378e-02,1.94612765e-02,8.60511807e-02,2.41241241e+00,2.09945591e-02,1.23603095e-01,4.86505073e-02,2.48771570e-01
2.42242242e+00,4.20511808e-03,1.70536691e-02,9.77280819e-03,4.13506046e-02,2.42242242e+00,8.41004126e-03,3.71867518e-02,1.95454611e-02,8.64233565e-02,2.42242242e+00,2.10216928e-02,1.23849573e-01,4.88609347e-02,2.50010688e-01
2.43243243e+00,4.21063538e-03,1.70592664e-02,9.81495670e-03,4.15213540e-02,2.43243243e+00,8.42107450e-03,3.72122921e-02,1.96297561e-02,8.67957879e-02,2.43243243e+00,2.10492519e-02,1.24096791e-01,4.90716379e-02,2.51252278e-01
2.44244244e+00,4.21623825e-03,1.70648665e-02,9.85716128e-03,4.16921595e-02,2.44244244e+00,8.43227887e-03,3.72378587e-02,1.97141633e-02,8.71684752e-02,2.44244244e+00,2.10772389e-02,1.24344753e-01,4.92826213e-02,2.52496349e-01
2.45245245e+00,4.22192719e-03,1.70704693e-02,9.89942282e-03,4.18630210e-02,2.45245245e+00,8.44365538e-03,3.72634517e-02,1.97986844e-02,8.75414186e-02,2.45245245e+00,2.11056562e-02,1.24593460e-01,4.94938891e-02,2.53742907e-01
2.46246246e+00,4.22770270e-03,1.70760749e-02,9.94174216e-03,4.20339387e-02,2.46246246e+00,8.45520504e-03,3.72890712e-02,1.98833211e-02,8.79146184e-02,2.46246246e+00,2.11345064e-02,1.24842917e-01,4.97054457e-02,2.54991960e-01
2.47247247e+00,4.23356529e-03,1.70816832e-02,9.98412019e-03,4.22049124e-02,2.47247247e+00,8.46692884e-03,3.73147171e-02,1.99680751e-02,8.82880748e-02,2.47247247e+00,2.11637921e-02,1.25093125e-01,4.99172955e-02,2.56243517e-01
2.48248248e+00,4.23951544e-03,1.70872943e-02,1.00265578e-02,4.23759424e-02,2.48248248e+00,8.47882778e-03,3.73403895e-02,2.00529482e-02,8.86617881e-02,2.48248248e+00,2.11935156e-02,1.25344089e-01,5.01294428e-02,2.57497583e-01
2.49249249e+00,4.24555364e-03,1.70929082e-02,1.00690558e-02,4.25470285e-02,2.49249249e+00,8.49090284e-03,3.73660884e-02,2.01379423e-02,8.90357587e-02,2.49249249e+00,2.12236794e-02,1.25595812e-01,5.03418921e-02,2.58754167e-01
2.50250250e+00,4.25168041e-03,1.70985249e-02,1.01116152e-02,4.27181708e-02,2.50250250e+00,8.50315500e-03,3.73918139e-02,2.02230589e-02,8.94099866e-02,2.50250250e+00,2.12542860e-02,1.25848295e-01,5.05546477e-02,2.60013277e-01
2.51251251e+00,4.25789621e-03,1.71041443e-02,1.01542368e-02,4.28893694e-02,2.51251251e+00,8.51558526e-03,3.74175660e-02,2.03083000e-02,8.97844723e-02,2.51251251e+00,2.12853379e-02,1.26101543e-01,5.07677141e-02,2.61274920e-01
2.52252252e+00,4.26420156e-03,1.71097665e-02,1.01969215e-02,4.30606242e-02,2.52252252e+00,8.52819459e-03,3.74433447e-02,2.03936673e-02,9.01592160e-02,2.52252252e+00,2.13168376e-02,1.26355558e-01,5.09810959e-02,2.62539104e-01
2.53253253e+00,4.27059692e-03,1.71153914e-02,1.02396702e-02,4.32319354e-02,2.53253253e+00,8.54098396e-03,3.74691502e-02,2.04791627e-02,9.05342179e-02,2.53253253e+00,2.13487873e-02,1.26610344e-01,5.11947975e-02,2.63805836e-01
2.54254254e+00,4.27708279e-03,1.71210192e-02,1.02824838e-02,4.34033028e-02,2.54254254e+00,8.55395436e-03,3.74949823e-02,2.05647878e-02,9.09094783e-02,2.54254254e+00,2.13811897e-02,1.26865903e-01,5.14088234e-02,2.65075124e-01
2.55255255e+00,4.28365965e-03,1.71266497e-02,1.03253633e-02,4.35747267e-02,2.55255255e+00,8.56710673e-03,3.75208412e-02,2.06505447e-02,9.12849975e-02,2.55255255e+00,2.14140471e-02,1.27122240e-01,5.16231782e-02,2.66346976e-01
2.56256256e+00,4.29032799e-03,1.71322830e-02,1.03683095e-02,4.37462069e-02,2.56256256e+00,8.58044207e-03,3.75467269e-02,2.07364350e-02,9.16607758e-02,2.56256256e+00,2.14473619e-02,1.27379356e-01,5.18378665e-02,2.67621400e-01
2.57257257e+00,4.29708829e-03,1.71379191e-02,1.04113234e-02,4.39177435e-02,2.57257257e+00,8.59396132e-03,3.75726394e-02,2.08224606e-02,9.20368133e-02,2.57257257e+00,2.14811366e-02,1.27637255e-01,5.20528929e-02,2.68898404e-01
2.58258258e+00,4.30394103e-03,1.71435579e-02,1.04544059e-02,4.40893366e-02,2.58258258e+00,8.60766546e-03,3.75985788e-02,2.09086234e-02,9.24131105e-02,2.58258258e+00,2.15153735e-02,1.27895941e-01,5.22682620e-02,2.70177995e-01
2.59259259e+00,4.31088668e-03,1.71491996e-02,1.04975579e-02,4.42609861e-02,2.59259259e+00,8.62155545e-03,3.76245450e-02,2.09949253e-02,9.27896675e-02,2.59259259e+00,2.15500752e-02,1.28155417e-01,5.24839785e-02,2.71460181e-01
2.60260260e+00,4.31792574e-03,1.71548440e-02,1.05407804e-02,4.44326921e-02,2.60260260e+00,8.63563223e-03,3.76505382e-02,2.10813681e-02,9.31664846e-02,2.60260260e+00,2.15852438e-02,1.28415685e-01,5.27000470e-02,2.72744971e-01
2.61261261e+00,4.32505868e-03,1.71604912e-02,1.05840743e-02,4.46044547e-02,2.61261261e+00,8.64989678e-03,3.76765584e-02,2.11679536e-02,9.35435622e-02,2.61261261e+00,2.16208820e-02,1.28676749e-01,5.29164722e-02,2.74032372e-01
2.62262262e+00,4.33228598e-03,1.71661412e-02,1.06274405e-02,4.47762737e-02,2.62262262e+00,8.66435005e-03,3.77026056e-02,2.12546838e-02,9.39209004e-02,2.62262262e+00,2.16569920e-02,1.28938613e-01,5.31332589e-02,2.75322393e-01
2.63263263e+00,4.33960810e-03,1.71717940e-02,1.06708800e-02,4.49481494e-02,2.63263263e+00,8.67899299e-03,3.77286799e-02,2.13415606e-02,9.42984995e-02,2.63263263e+00,2.16935762e-02,1.29201279e-01,5.33504118e-02,2.76615040e-01
2.64264264e+00,4.34702555e-03,1.71774496e-02,1.07143938e-02,4.51200817e-02,2.64264264e+00,8.69382655e-03,3.77547812e-02,2.14285859e-02,9.46763598e-02,2.64264264e+00,2.17306371e-02,1.29464750e-01,5.35679357e-02,2.77910323e-01
2.65265265e+00,4.35453878e-03,1.71831080e-02,1.07579828e-02,4.52920706e-02,2.65265265e+00,8.70885170e-03,3.77809097e-02,2.15157616e-02,9.50544816e-02,2.65265265e+00,2.17681770e-02,1.29729031e-01,5.37858354e-02,2.79208249e-01
2.66266266e+00,4.36214827e-03,1.71887692e-02,1.08016479e-02,4.54641162e-02,2.66266266e+00,8.72406938e-03,3.78070653e-02,2.16030897e-02,9.54328652e-02,2.66266266e+00,2.18061983e-02,1.29994125e-01,5.40041157e-02,2.80508827e-01
2.67267267e+00,4.36985451e-03,1.71944332e-02,1.08453902e-02,4.56362184e-02,2.67267267e+00,8.73948055e-03,3.78332481e-02,2.16905719e-02,9.58115108e-02,2.67267267e+00,2.18447034e-02,1.30260034e-01,5.42227814e-02,2.81812065e-01
2.68268268e+00,4.37765796e-03,1.72001000e-02,1.08892106e-02,4.58083774e-02,2.68268268e+00,8.75508616e-03,3.78594582e-02,2.17782104e-02,9.61904186e-02,2.68268268e+00,2.18836947e-02,1.30526763e-01,5.44418374e-02,2.83117970e-01
2.69269269e+00,4.38555911e-03,1.72057696e-02,1.09331101e-02,4.59805931e-02,2.69269269e+00,8.77088716e-03,3.78856955e-02,2.18660071e-02,9.65695891e-02,2.69269269e+00,2.19231746e-02,1.30794314e-01,5.46612886e-02,2.84426552e-01
2.70270270e+00,4.39355843e-03,1.72114420e-02,1.09770897e-02,4.61528656e-02,2.70270270e+00,8.78688451e-03,3.79119602e-02,2.19539639e-02,9.69490224e-02,2.70270270e+00,2.19631454e-02,1.31062691e-01,5.48811399e-02,2.85737818e-01
2.71271271e+00,4.40165639e-03,1.72171172e-02,1.10211503e-02,4.63251949e-02,2.71271271e+00,8.80307915e-03,3.79382522e-02,2.20420828e-02,9.73287188e-02,2.71271271e+00,2.20036095e-02,1.31331897e-01,5.51013962e-02,2.87051777e-01
2.72272272e+00,4.40985348e-03,1.72227952e-02,1.10652930e-02,4.64975810e-02,2.72272272e+00,8.81947205e-03,3.79645716e-02,2.21303658e-02,9.77086786e-02,2.72272272e+00,2.20445693e-02,1.31601936e-01,5.53220626e-02,2.88368436e-01
2.73273273e+00,4.41815017e-03,1.72284760e-02,1.11095187e-02,4.66700240e-02,2.73273273e+00,8.83606416e-03,3.79909184e-02,2.22188149e-02,9.80889020e-02,2.73273273e+00,2.20860273e-02,1.31872812e-01,5.55431439e-02,2.89687805e-01
2.74274274e+00,4.42654694e-03,1.72341597e-02,1.11538285e-02,4.68425239e-02,2.74274274e+00,8.85285643e-03,3.80172927e-02,2.23074321e-02,9.84693894e-02,2.74274274e+00,2.21279857e-02,1.32144527e-01,5.57646453e-02,2.91009892e-01
2.75275275e+00,4.43504427e-03,1.72398461e-02,1.11982233e-02,4.70150807e-02,2.75275275e+00,8.86984982e-03,3.80436945e-02,2.23962194e-02,9.88501410e-02,2.75275275e+00,2.21704471e-02,1.32417085e-01,5.59865717e-02,2.92334705e-01
2.76276276e+00,4.44364263e-03,1.72455354e-02,1.12427042e-02,4.71876944e-02,2.76276276e+00,8.88704529e-03,3.80701238e-02,2.24851788e-02,9.92311571e-02,2.76276276e+00,2.22134138e-02,1.32690490e-01,5.62089282e-02,2.93662253e-01
2.77277277e+00,4.45234251e-03,1.72512275e-02,1.12872722e-02,4.73603651e-02,2.77277277e+00,8.90444380e-03,3.80965808e-02,2.25743124e-02,9.96124380e-02,2.77277277e+00,2.22568881e-02,1.32964745e-01,5.64317199e-02,2.94992544e-01
2.78278278e+00,4.46114439e-03,1.72569224e-02,1.13319283e-02,4.75330928e-02,2.78278278e+00,8.92204632e-03,3.81230653e-02,2.26636221e-02,9.99939838e-02,2.78278278e+00,2.23008726e-02,1.33239854e-01,5.66549518e-02,2.96325586e-01
2.79279279e+00,4.47004876e-03,1.72626201e-02,1.13766736e-02,4.77058775e-02,2.79279279e+00,8.93985381e-03,3.81495775e-02,2.27531102e-02,1.00375795e-01,2.79279279e+00,2.23453696e-02,1.33515820e-01,5.68786292e-02,2.97661389e-01
2.80280280e+00,4.47905608e-03,1.72683207e-02,1.14215090e-02,4.78787193e-02,2.80280280e+00,8.95786723e-03,3.81761174e-02,2.28427785e-02,1.00757872e-01,2.80280280e+00,2.23903816e-02,1.33792647e-01,5.71027571e-02,2.98999961e-01
2.81281281e+00,4.48816686e-03,1.72740241e-02,1.14664356e-02,4.80516182e-02,2.81281281e+00,8.97608755e-03,3.82026850e-02,2.29326292e-02,1.01140215e-01,2.81281281e+00,2.24359109e-02,1.34070338e-01,5.73273408e-02,3.00341310e-01
2.82282282e+00,4.49738157e-03,1.72797303e-02,1.15114544e-02,4.82245741e-02,2.82282282e+00,8.99451575e-03,3.82292804e-02,2.30226644e-02,1.01522823e-01,2.82282282e+00,2.24819600e-02,1.34348897e-01,5.75523855e-02,3.01685445e-01
2.83283283e+00,4.50670070e-03,1.72854393e-02,1.15565665e-02,4.83975872e-02,2.83283283e+00,9.01315281e-03,3.82559036e-02,2.31128862e-02,1.01905699e-01,2.83283283e+00,2.25285314e-02,1.34628329e-01,5.77778963e-02,3.03032375e-01
2.84284284e+00,4.51612475e-03,1.72911512e-02,1.16017730e-02,4.85706575e-02,2.84284284e+00,9.03199969e-03,3.82825547e-02,2.32032966e-02,1.02288841e-01,2.84284284e+00,2.25756275e-02,1.34908635e-01,5.80038786e-02,3.04382109e-01
2.85285285e+00,4.52565419e-03,1.72968659e-02,1.16470748e-02,4.87437850e-02,2.85285285e+00,9.05105738e-03,3.83092337e-02,2.32938978e-02,1.02672250e-01,2.85285285e+00,2.26232508e-02,1.35189820e-01,5.82303375e-02,3.05734656e-01
2.86286286e+00,4.53528954e-03,1.73025834e-02,1.16924731e-02,4.89169697e-02,2.86286286e+00,9.07032687e-03,3.83359405e-02,2.33846918e-02,1.03055926e-01,2.86286286e+00,2.26714036e-02,1.35471889e-01,5.84572785e-02,3.07090024e-01
2.87287287e+00,4.54503126e-03,1.73083038e-02,1.17379689e-02,4.90902117e-02,2.87287287e+00,9.08980915e-03,3.83626754e-02,2.34756809e-02,1.03439870e-01,2.87287287e+00,2.27200886e-02,1.35754843e-01,5.86847068e-02,3.08448221e-01
2.88288288e+00,4.55487988e-03,1.73140270e-02,1.17835633e-02,4.92635109e-02,2.88288288e+00,9.10950520e-03,3.83894383e-02,2.35668671e-02,1.03824081e-01,2.88288288e+00,2.27693081e-02,1.36038688e-01,5.89126278e-02,3.09809258e-01
2.89289289e+00,4.56483587e-03,1.73197531e-02,1.18292573e-02,4.94368675e-02,2.89289289e+00,9.12941602e-03,3.84162292e-02,2.36582527e-02,1.04208561e-01,2.89289289e+00,2.28190647e-02,1.36323426e-01,5.91410469e-02,3.11173143e-01
2.90290290e+00,4.57489975e-03,1.73254819e-02,1.18750521e-02,4.96102814e-02,2.90290290e+00,9.14954261e-03,3.84430482e-02,2.37498397e-02,1.04593309e-01,2.90290290e+00,2.28693609e-02,1.36609062e-01,5.93699694e-02,3.12539885e-01
2.91291291e+00,4.58507201e-03,1.73312137e-02,1.19209488e-02,4.97837526e-02,2.91291291e+00,9.16988599e-03,3.84698953e-02,2.38416304e-02,1.04978326e-01,2.91291291e+00,2.29201992e-02,1.36895600e-01,5.95994008e-02,3.13909493e-01
2.92292292e+00,4.59535316e-03,1.73369483e-02,1.19669483e-02,4.99572813e-02,2.92292292e+00,9.19044714e-03,3.84967706e-02,2.39336268e-02,1.05363611e-01,2.92292292e+00,2.29715821e-02,1.37183043e-01,5.98293466e-02,3.15281976e-01
2.93293293e+00,4.60574371e-03,1.73426857e-02,1.20130518e-02,5.01308674e-02,2.93293293e+00,9.21122711e-03,3.85236741e-02,2.40258313e-02,1.05749166e-01,2.93293293e+00,2.30235121e-02,1.37471395e-01,6.00598122e-02,3.16657343e-01
2.94294294e+00,4.61624416e-03,1.73484260e-02,1.20592605e-02,5.03045109e-02,2.94294294e+00,9.23222689e-03,3.85506058e-02,2.41182460e-02,1.06134991e-01,2.94294294e+00,2.30759918e-02,1.37760659e-01,6.02908031e-02,3.18035603e-01
2.95295295e+00,4.62685503e-03,1.73541691e-02,1.21055753e-02,5.04782119e-02,2.95295295e+00,9.25344751e-03,3.85775658e-02,2.42108731e-02,1.06521085e-01,2.95295295e+00,2.31290239e-02,1.38050841e-01,6.05223249e-02,3.19416766e-01
2.96296296e+00,4.63757684e-03,1.73599151e-02,1.21519975e-02,5.06519704e-02,2.96296296e+00,9.27489001e-03,3.86045541e-02,2.43037148e-02,1.06907449e-01,2.96296296e+00,2.31826108e-02,1.38341943e-01,6.07543830e-02,3.20800840e-01
2.97297297e+00,4.64841009e-03,1.73656640e-02,1.21985282e-02,5.08257865e-02,2.97297297e+00,9.29655543e-03,3.86315708e-02,2.43967734e-02,1.07294084e-01,2.97297297e+00,2.32367551e-02,1.38633970e-01,6.09869832e-02,3.22187835e-01
2.98298298e+00,4.65935531e-03,1.73714157e-02,1.22451684e-02,5.09996601e-02,2.98298298e+00,9.31844479e-03,3.86586159e-02,2.44900512e-02,1.07680989e-01,2.98298298e+00,2.32914594e-02,1.38926925e-01,6.12201309e-02,3.23577761e-01
2.99299299e+00,4.67041303e-03,1.73771702e-02,1.22919192e-02,5.11735914e-02,2.99299299e+00,9.34055915e-03,3.86856895e-02,2.45835503e-02,1.08068166e-01,2.99299299e+00,2.33467265e-02,1.39220813e-01,6.14538319e-02,3.24970626e-01
3.00300300e+00,4.68158377e-03,1.73829277e-02,1.23387819e-02,5.13475802e-02,3.00300300e+00,9.36289956e-03,3.87127915e-02,2.46772730e-02,1.08455613e-01,3.00300300e+00,2.34025588e-02,1.39515637e-01,6.16880917e-02,3.26366439e-01
3.01301301e+00,4.69286806e-03,1.73886879e-02,1.23857576e-02,5.15216267e-02,3.01301301e+00,9.38546707e-03,3.87399221e-02,2.47712216e-02,1.08843332e-01,3.01301301e+00,2.34589591e-02,1.39811401e-01,6.19229162e-02,3.27765211e-01
3.02302302e+00,4.70426643e-03,1.73944511e-02,1.24328474e-02,5.16957309e-02,3.02302302e+00,9.40826277e-03,3.87670812e-02,2.48653984e-02,1.09231323e-01,3.02302302e+00,2.35159301e-02,1.40108110e-01,6.21583109e-02,3.29166951e-01
3.03303303e+00,4.71577941e-03,1.74002171e-02,1.24800524e-02,5.18698928e-02,3.03303303e+00,9.43128771e-03,3.87942689e-02,2.49598057e-02,1.09619586e-01,3.03303303e+00,2.35734743e-02,1.40405767e-01,6.23942816e-02,3.30571667e-01
3.04304304e+00,4.72740756e-03,1.74059860e-02,1.25273737e-02,5.20441124e-02,3.04304304e+00,9.45454297e-03,3.88214853e-02,2.50544457e-02,1.10008121e-01,3.04304304e+00,2.36315946e-02,1.40704377e-01,6.26308341e-02,3.31979371e-01
3.05305305e+00,4.73915140e-03,1.74117578e-02,1.25748127e-02,5.22183899e-02,3.05305305e+00,9.47802965e-03,3.88487303e-02,2.51493209e-02,1.10396929e-01,3.05305305e+00,2.36902935e-02,1.41003943e-01,6.28679741e-02,3.33390071e-01
3.06306306e+00,4.75101149e-03,1.74175324e-02,1.26223704e-02,5.23927251e-02,3.06306306e+00,9.50174883e-03,3.88760041e-02,2.52444335e-02,1.10786010e-01,3.06306306e+00,2.37495740e-02,1.41304470e-01,6.31057076e-02,3.34803776e-01
3.07307307e+00,4.76298838e-03,1.74233099e-02,1.26700479e-02,5.25671181e-02,3.07307307e+00,9.52570162e-03,3.89033066e-02,2.53397859e-02,1.11175364e-01,3.07307307e+00,2.38094387e-02,1.41605962e-01,6.33440403e-02,3.36220497e-01
3.08308308e+00,4.77508262e-03,1.74290903e-02,1.27178466e-02,5.27415690e-02,3.08308308e+00,9.54988912e-03,3.89306379e-02,2.54353804e-02,1.11564992e-01,3.08308308e+00,2.38698903e-02,1.41908423e-01,6.35829782e-02,3.37640243e-01
3.09309309e+00,4.78729476e-03,1.74348736e-02,1.27657674e-02,5.29160777e-02,3.09309309e+00,9.57431244e-03,3.89579981e-02,2.55312193e-02,1.11954893e-01,3.09309309e+00,2.39309318e-02,1.42211857e-01,6.38225270e-02,3.39063025e-01
3.10310310e+00,4.79962537e-03,1.74406597e-02,1.28138117e-02,5.30906444e-02,3.10310310e+00,9.59897272e-03,3.89853871e-02,2.56273052e-02,1.12345068e-01,3.10310310e+00,2.39925658e-02,1.42516268e-01,6.40626929e-02,3.40488851e-01
3.11311311e+00,4.81207502e-03,1.74464487e-02,1.28619806e-02,5.32652690e-02,3.11311311e+00,9.62387108e-03,3.90128051e-02,2.57236402e-02,1.12735518e-01,3.11311311e+00,2.40547953e-02,1.42821660e-01,6.43034816e-02,3.41917731e-01
3.12312312e+00,4.82464427e-03,1.74522406e-02,1.29102754e-02,5.34399516e-02,3.12312312e+00,9.64900865e-03,3.90402521e-02,2.58202269e-02,1.13126243e-01,3.12312312e+00,2.41176231e-02,1.43128039e-01,6.45448993e-02,3.43349676e-01
3.13313313e+00,4.83733370e-03,1.74580354e-02,1.29586971e-02,5.36146922e-02,3.13313313e+00,9.67438660e-03,3.90677280e-02,2.59170676e-02,1.13517242e-01,3.13313313e+00,2.41810520e-02,1.43435407e-01,6.47869518e-02,3.44784695e-01
3.14314314e+00,4.85014388e-03,1.74638331e-02,1.30072471e-02,5.37894908e-02,3.14314314e+00,9.70000606e-03,3.90952330e-02,2.60141647e-02,1.13908517e-01,3.14314314e+00,2.42450850e-02,1.43743770e-01,6.50296454e-02,3.46222798e-01
3.15315315e+00,4.86307539e-03,1.74696337e-02,1.30559266e-02,5.39643475e-02,3.15315315e+00,9.72586821e-03,3.91227671e-02,2.61115208e-02,1.14300067e-01,3.15315315e+00,2.43097249e-02,1.44053131e-01,6.52729860e-02,3.47663996e-01
3.16316316e+00,4.87612883e-03,1.74754372e-02,1.31047367e-02,5.41392623e-02,3.16316316e+00,9.75197423e-03,3.91503304e-02,2.62091381e-02,1.14691893e-01,3.16316316e+00,2.43749748e-02,1.44363495e-01,6.55169797e-02,3.49108297e-01
3.17317317e+00,4.88930479e-03,1.74812435e-02,1.31536787e-02,5.43142351e-02,3.17317317e+00,9.77832528e-03,3.91779228e-02,2.63070193e-02,1.15083996e-01,3.17317317e+00,2.44408375e-02,1.44674866e-01,6.57616327e-02,3.50555714e-01
3.18318318e+00,4.90260385e-03,1.74870528e-02,1.32027538e-02,5.44892661e-02,3.18318318e+00,9.80492257e-03,3.92055444e-02,2.64051666e-02,1.15476374e-01,3.18318318e+00,2.45073160e-02,1.44987249e-01,6.60069512e-02,3.52006254e-01
3.19319319e+00,4.91602662e-03,1.74928649e-02,1.32519632e-02,5.46643553e-02,3.19319319e+00,9.83176729e-03,3.92331953e-02,2.65035827e-02,1.15869030e-01,3.19319319e+00,2.45744134e-02,1.45300648e-01,6.62529413e-02,3.53459929e-01
3.20320320e+00,4.92957371e-03,1.74986800e-02,1.33013083e-02,5.48395027e-02,3.20320320e+00,9.85886066e-03,3.92608754e-02,2.66022700e-02,1.16261962e-01,3.20320320e+00,2.46421327e-02,1.45615067e-01,6.64996093e-02,3.54916749e-01
3.21321321e+00,4.94324571e-03,1.75044980e-02,1.33507903e-02,5.50147083e-02,3.21321321e+00,9.88620388e-03,3.92885849e-02,2.67012310e-02,1.16655172e-01,3.21321321e+00,2.47104769e-02,1.45930512e-01,6.67469615e-02,3.56376724e-01
3.22322322e+00,4.95704326e-03,1.75103188e-02,1.34004103e-02,5.51899722e-02,3.22322322e+00,9.91379820e-03,3.93163238e-02,2.68004682e-02,1.17048659e-01,3.22322322e+00,2.47794492e-02,1.46246985e-01,6.69950040e-02,3.57839864e-01
3.23323323e+00,4.97096696e-03,1.75161426e-02,1.34501697e-02,5.53652944e-02,3.23323323e+00,9.94164485e-03,3.93440921e-02,2.68999842e-02,1.17442424e-01,3.23323323e+00,2.48490525e-02,1.46564493e-01,6.72437433e-02,3.59306180e-01
3.24324324e+00,4.98501744e-03,1.75219693e-02,1.35000698e-02,5.55406749e-02,3.24324324e+00,9.96974507e-03,3.93718899e-02,2.69997815e-02,1.17836468e-01,3.24324324e+00,2.49192901e-02,1.46883039e-01,6.74931856e-02,3.60775681e-01
3.25325325e+00,4.99919533e-03,1.75277988e-02,1.35501118e-02,5.57161137e-02,3.25325325e+00,9.99810013e-03,3.93997171e-02,2.70998625e-02,1.18230789e-01,3.25325325e+00,2.49901651e-02,1.47202627e-01,6.77433374e-02,3.62248380e-01
3.26326326e+00,5.01350127e-03,1.75336313e-02,1.36002970e-02,5.58916109e-02,3.26326326e+00,1.00267113e-02,3.94275739e-02,2.72002300e-02,1.18625390e-01,3.26326326e+00,2.50616807e-02,1.47523264e-01,6.79942051e-02,3.63724285e-01
3.27327327e+00,5.02793589e-03,1.75394667e-02,1.36506267e-02,5.60671665e-02,3.27327327e+00,1.00555799e-02,3.94554603e-02,2.73008865e-02,1.19020270e-01,3.27327327e+00,2.51338400e-02,1.47844952e-01,6.82457951e-02,3.65203408e-01
3.28328328e+00,5.04249984e-03,1.75453051e-02,1.37011022e-02,5.62427806e-02,3.28328328e+00,1.00847071e-02,3.94833763e-02,2.74018345e-02,1.19415429e-01,3.28328328e+00,2.52066464e-02,1.48167697e-01,6.84981138e-02,3.66685758e-01
3.29329329e+00,5.05719377e-03,1.75511463e-02,1.37517247e-02,5.64184531e-02,3.29329329e+00,1.01140943e-02,3.95113220e-02,2.75030767e-02,1.19810867e-01,3.29329329e+00,2.52801030e-02,1.48491503e-01,6.87511679e-02,3.68171348e-01
3.30330330e+00,5.07201833e-03,1.75569905e-02,1.38024957e-02,5.65941841e-02,3.30330330e+00,1.01437428e-02,3.95392974e-02,2.76046156e-02,1.20206586e-01,3.30330330e+00,2.53542132e-02,1.48816375e-01,6.90049639e-02,3.69660186e-01
3.31331331e+00,5.08697419e-03,1.75628375e-02,1.38534164e-02,5.67699736e-02,3.31331331e+00,1.01736539e-02,3.95673026e-02,2.77064540e-02,1.20602585e-01,3.31331331e+00,2.54289802e-02,1.49142318e-01,6.92595082e-02,3.71152285e-01
3.32332332e+00,5.10206201e-03,1.75686875e-02,1.39044880e-02,5.69458217e-02,3.32332332e+00,1.02038289e-02,3.95953376e-02,2.78085944e-02,1.20998864e-01,3.32332332e+00,2.55044075e-02,1.49469337e-01,6.95148076e-02,3.72647655e-01
3.33333333e+00,5.11728247e-03,1.75745405e-02,1.39557121e-02,5.71217284e-02,3.33333333e+00,1.02342693e-02,3.96234024e-02,2.79110396e-02,1.21395425e-01,3.33333333e+00,2.55804983e-02,1.49797435e-01,6.97708686e-02,3.74146306e-01
3.34334334e+00,5.13263624e-03,1.75803963e-02,1.40070898e-02,5.72976936e-02,3.34334334e+00,1.02649763e-02,3.96514971e-02,2.80137921e-02,1.21792266e-01,3.34334334e+00,2.56572561e-02,1.50126619e-01,7.00276980e-02,3.75648249e-01
3.35335335e+00,5.14812400e-03,1.75862551e-02,1.40586226e-02,5.74737175e-02,3.35335335e+00,1.02959513e-02,3.96796217e-02,2.81168547e-02,1.22189389e-01,3.35335335e+00,2.57346843e-02,1.50456892e-01,7.02853025e-02,3.77153496e-01
3.36336336e+00,5.16374646e-03,1.75921168e-02,1.41103118e-02,5.76498001e-02,3.36336336e+00,1.03271957e-02,3.97077762e-02,2.82202300e-02,1.22586794e-01,3.36336336e+00,2.58127864e-02,1.50788260e-01,7.05436887e-02,3.78662057e-01
3.37337337e+00,5.17950429e-03,1.75979815e-02,1.41621586e-02,5.78259414e-02,3.37337337e+00,1.03587109e-02,3.97359608e-02,2.83239208e-02,1.22984480e-01,3.37337337e+00,2.58915659e-02,1.51120727e-01,7.08028635e-02,3.80173943e-01
3.38338338e+00,5.19539822e-03,1.76038491e-02,1.42141646e-02,5.80021414e-02,3.38338338e+00,1.03904982e-02,3.97641755e-02,2.84279298e-02,1.23382449e-01,3.38338338e+00,2.59710262e-02,1.51454298e-01,7.10628338e-02,3.81689165e-01
3.39339339e+00,5.21142893e-03,1.76097196e-02,1.42663311e-02,5.81784001e-02,3.39339339e+00,1.04225592e-02,3.97924202e-02,2.85322597e-02,1.23780701e-01,3.39339339e+00,2.60511709e-02,1.51788979e-01,7.13236063e-02,3.83207735e-01
3.40340340e+00,5.22759715e-03,1.76155930e-02,1.43186594e-02,5.83547177e-02,3.40340340e+00,1.04548953e-02,3.98206951e-02,2.86369133e-02,1.24179236e-01,3.40340340e+00,2.61320036e-02,1.52124774e-01,7.15851879e-02,3.84729663e-01
3.41341341e+00,5.24390360e-03,1.76214694e-02,1.43711509e-02,5.85310940e-02,3.41341341e+00,1.04875078e-02,3.98490001e-02,2.87418934e-02,1.24578054e-01,3.41341341e+00,2.62135279e-02,1.52461688e-01,7.18475855e-02,3.86254961e-01
3.42342342e+00,5.26034900e-03,1.76273488e-02,1.44238071e-02,5.87075292e-02,3.42342342e+00,1.05203982e-02,3.98773354e-02,2.88472027e-02,1.24977155e-01,3.42342342e+00,2.62957475e-02,1.52799726e-01,7.21108062e-02,3.87783640e-01
3.43343343e+00,5.27693409e-03,1.76332311e-02,1.44766292e-02,5.88840233e-02,3.43343343e+00,1.05535680e-02,3.99057010e-02,2.89528440e-02,1.25376541e-01,3.43343343e+00,2.63786659e-02,1.53138893e-01,7.23748570e-02,3.89315712e-01
3.44344344e+00,5.29365960e-03,1.76391163e-02,1.45296188e-02,5.90605763e-02,3.44344344e+00,1.05870187e-02,3.99340968e-02,2.90588202e-02,1.25776210e-01,3.44344344e+00,2.64622870e-02,1.53479194e-01,7.26397447e-02,3.90851186e-01
3.45345345e+00,5.31052629e-03,1.76450045e-02,1.45827772e-02,5.92371882e-02,3.45345345e+00,1.06207518e-02,3.99625230e-02,2.91651340e-02,1.26176164e-01,3.45345345e+00,2.65466145e-02,1.53820635e-01,7.29054766e-02,3.92390076e-01
3.46346346e+00,5.32753490e-03,1.76508956e-02,1.46361059e-02,5.94138591e-02,3.46346346e+00,1.06547688e-02,3.99909796e-02,2.92717883e-02,1.26576403e-01,3.46346346e+00,2.66316521e-02,1.54163219e-01,7.31720597e-02,3.93932392e-01
3.47347347e+00,5.34468619e-03,1.76567897e-02,1.46896063e-02,5.95905890e-02,3.47347347e+00,1.06890711e-02,4.00194667e-02,2.93787860e-02,1.26976927e-01,3.47347347e+00,2.67174036e-02,1.54506954e-01,7.34395012e-02,3.95478146e-01
3.48348348e+00,5.36198093e-03,1.76626867e-02,1.47432798e-02,5.97673778e-02,3.48348348e+00,1.07236603e-02,4.00479842e-02,2.94861300e-02,1.27377736e-01,3.48348348e+00,2.68038729e-02,1.54851843e-01,7.37078082e-02,3.97027350e-01
3.49349349e+00,5.37941989e-03,1.76685867e-02,1.47971278e-02,5.99442258e-02,3.49349349e+00,1.07585381e-02,4.00765323e-02,2.95938231e-02,1.27778831e-01,3.49349349e+00,2.68910639e-02,1.55197891e-01,7.39769880e-02,3.98580014e-01
3.50350350e+00,5.39700384e-03,1.76744897e-02,1.48511519e-02,6.01211328e-02,3.50350350e+00,1.07937058e-02,4.01051109e-02,2.97018682e-02,1.28180212e-01,3.50350350e+00,2.69789804e-02,1.55545105e-01,7.42470479e-02,4.00136152e-01
3.51351351e+00,5.41473359e-03,1.76803956e-02,1.49053534e-02,6.02980989e-02,3.51351351e+00,1.08291652e-02,4.01337201e-02,2.98102682e-02,1.28581879e-01,3.51351351e+00,2.70676264e-02,1.55893489e-01,7.45179951e-02,4.01695773e-01
3.52352352e+00,5.43260991e-03,1.76863044e-02,1.49597339e-02,6.04751242e-02,3.52352352e+00,1.08649177e-02,4.01623601e-02,2.99190262e-02,1.28983833e-01,3.52352352e+00,2.71570058e-02,1.56243048e-01,7.47898370e-02,4.03258891e-01
3.53353353e+00,5.45063361e-03,1.76922163e-02,1.50142948e-02,6.06522087e-02,3.53353353e+00,1.09009651e-02,4.01910307e-02,3.00281449e-02,1.29386074e-01,3.53353353e+00,2.72471228e-02,1.56593789e-01,7.50625810e-02,4.04825517e-01
3.54354354e+00,5.46880550e-03,1.76981311e-02,1.50690376e-02,6.08293523e-02,3.54354354e+00,1.09373088e-02,4.02197320e-02,3.01376275e-02,1.29788602e-01,3.54354354e+00,2.73379812e-02,1.56945715e-01,7.53362344e-02,4.06395662e-01
3.55355355e+00,5.48712639e-03,1.77040489e-02,1.51239638e-02,6.10065552e-02,3.55355355e+00,1.09739505e-02,4.02484642e-02,3.02474769e-02,1.30191417e-01,3.55355355e+00,2.74295853e-02,1.57298833e-01,7.56108049e-02,4.07969339e-01
3.56356356e+00,5.50559710e-03,1.77099696e-02,1.51790749e-02,6.11838173e-02,3.56356356e+00,1.10108920e-02,4.02772271e-02,3.03576960e-02,1.30594521e-01,3.56356356e+00,2.75219391e-02,1.57653148e-01,7.58862997e-02,4.09546560e-01
3.57357357e+00,5.52421845e-03,1.77158933e-02,1.52343723e-02,6.13611387e-02,3.57357357e+00,1.10481347e-02,4.03060210e-02,3.04682879e-02,1.30997912e-01,3.57357357e+00,2.76150467e-02,1.58008666e-01,7.61627266e-02,4.11127337e-01
3.58358358e+00,5.54299130e-03,1.77218200e-02,1.52898577e-02,6.15385195e-02,3.58358358e+00,1.10856805e-02,4.03348458e-02,3.05792557e-02,1.31401592e-01,3.58358358e+00,2.77089124e-02,1.58365391e-01,7.64400931e-02,4.12711681e-01
3.59359359e+00,5.56191647e-03,1.77277497e-02,1.53455326e-02,6.17159596e-02,3.59359359e+00,1.11235309e-02,4.03637015e-02,3.06906024e-02,1.31805561e-01,3.59359359e+00,2.78035405e-02,1.58723330e-01,7.67184068e-02,4.14299606e-01
3.60360360e+00,5.58099482e-03,1.77336823e-02,1.54013984e-02,6.18934590e-02,3.60360360e+00,1.11616878e-02,4.03925883e-02,3.08023310e-02,1.32209819e-01,3.60360360e+00,2.78989350e-02,1.59082487e-01,7.69976755e-02,4.15891122e-01
3.61361361e+00,5.60022721e-03,1.77396179e-02,1.54574567e-02,6.20710179e-02,3.61361361e+00,1.12001528e-02,4.04215061e-02,3.09144446e-02,1.32614366e-01,3.61361361e+00,2.79951005e-02,1.59442869e-01,7.72779067e-02,4.17486243e-01
3.62362362e+00,5.61961451e-03,1.77455565e-02,1.55137091e-02,6.22486362e-02,3.62362362e+00,1.12389276e-02,4.04504550e-02,3.10269464e-02,1.33019203e-01,3.62362362e+00,2.80920411e-02,1.59804481e-01,7.75591083e-02,4.19084980e-01
3.63363363e+00,5.63915758e-03,1.77514981e-02,1.55701571e-02,6.24263140e-02,3.63363363e+00,1.12780140e-02,4.04794351e-02,3.11398394e-02,1.33424329e-01,3.63363363e+00,2.81897614e-02,1.60167328e-01,7.78412881e-02,4.20687347e-01
3.64364364e+00,5.65885732e-03,1.77574427e-02,1.56268024e-02,6.26040513e-02,3.64364364e+00,1.13174137e-02,4.05084463e-02,3.12531268e-02,1.33829747e-01,3.64364364e+00,2.82882656e-02,1.60531417e-01,7.81244539e-02,4.22293355e-01
3.65365365e+00,5.67871460e-03,1.77633903e-02,1.56836463e-02,6.27818481e-02,3.65365365e+00,1.13571286e-02,4.05374888e-02,3.13668118e-02,1.34235455e-01,3.65365365e+00,2.83875584e-02,1.60896753e-01,7.84086137e-02,4.23903016e-01
3.66366366e+00,5.69873033e-03,1.77693408e-02,1.57406907e-02,6.29597045e-02,3.66366366e+00,1.13971604e-02,4.05665626e-02,3.14808975e-02,1.34641453e-01,3.66366366e+00,2.84876440e-02,1.61263341e-01,7.86937753e-02,4.25516344e-01
3.67367367e+00,5.71890540e-03,1.77752944e-02,1.57979370e-02,6.31376204e-02,3.67367367e+00,1.14375109e-02,4.05956676e-02,3.15953871e-02,1.35047743e-01,3.67367367e+00,2.85885272e-02,1.61631188e-01,7.89799467e-02,4.27133352e-01
3.68368368e+00,5.73924074e-03,1.77812509e-02,1.58553869e-02,6.33155960e-02,3.68368368e+00,1.14781820e-02,4.06248041e-02,3.17102838e-02,1.35454325e-01,3.68368368e+00,2.86902125e-02,1.62000299e-01,7.92671360e-02,4.28754050e-01
3.69369369e+00,5.75973726e-03,1.77872105e-02,1.59130419e-02,6.34936312e-02,3.69369369e+00,1.15191756e-02,4.06539720e-02,3.18255909e-02,1.35861199e-01,3.69369369e+00,2.87927044e-02,1.62370680e-01,7.95553513e-02,4.30378453e-01
3.70370370e+00,5.78039590e-03,1.77931730e-02,1.59709037e-02,6.36717261e-02,3.70370370e+00,1.15604933e-02,4.06831713e-02,3.19413115e-02,1.36268364e-01,3.70370370e+00,2.88960077e-02,1.62742336e-01,7.98446006e-02,4.32006574e-01
3.71371371e+00,5.80121758e-03,1.77991385e-02,1.60289739e-02,6.38498807e-02,3.71371371e+00,1.16021373e-02,4.07124022e-02,3.20574490e-02,1.36675823e-01,3.71371371e+00,2.90001270e-02,1.63115275e-01,8.01348922e-02,4.33638424e-01
3.72372372e+00,5.82220326e-03,1.78051071e-02,1.60872543e-02,6.40280950e-02,3.72372372e+00,1.16441092e-02,4.07416645e-02,3.21740067e-02,1.37083574e-01,3.72372372e+00,2.91050672e-02,1.63489501e-01,8.04262342e-02,4.35274016e-01
3.73373373e+00,5.84335389e-03,1.78110786e-02,1.61457463e-02,6.42063691e-02,3.73373373e+00,1.16864111e-02,4.07709585e-02,3.22909878e-02,1.37491618e-01,3.73373373e+00,2.92108329e-02,1.63865020e-01,8.07186349e-02,4.36913365e-01
3.74374374e+00,5.86467042e-03,1.78170532e-02,1.62044517e-02,6.43847030e-02,3.74374374e+00,1.17290448e-02,4.08002842e-02,3.24083956e-02,1.37899956e-01,3.74374374e+00,2.93174289e-02,1.64241840e-01,8.10121027e-02,4.38556482e-01
3.75375375e+00,5.88615384e-03,1.78230307e-02,1.62633722e-02,6.45630968e-02,3.75375375e+00,1.17720124e-02,4.08296415e-02,3.25262336e-02,1.38308587e-01,3.75375375e+00,2.94248603e-02,1.64619965e-01,8.13066458e-02,4.40203381e-01
3.76376376e+00,5.90780511e-03,1.78290113e-02,1.63225093e-02,6.47415504e-02,3.76376376e+00,1.18153157e-02,4.08590305e-02,3.26445050e-02,1.38717513e-01,3.76376376e+00,2.95331318e-02,1.64999401e-01,8.16022728e-02,4.41854075e-01
3.77377377e+00,5.92962523e-03,1.78349949e-02,1.63818650e-02,6.49200638e-02,3.77377377e+00,1.18589567e-02,4.08884514e-02,3.27632133e-02,1.39126733e-01,3.77377377e+00,2.96422485e-02,1.65380155e-01,8.18989920e-02,4.43508577e-01
3.78378378e+00,5.95161519e-03,1.78409815e-02,1.64414407e-02,6.50986372e-02,3.78378378e+00,1.19029375e-02,4.09179040e-02,3.28823618e-02,1.39536248e-01,3.78378378e+00,2.97522152e-02,1.65762233e-01,8.21968120e-02,4.45166900e-01
3.79379379e+00,5.97377600e-03,1.78469711e-02,1.65012382e-02,6.52772706e-02,3.79379379e+00,1.19472600e-02,4.09473885e-02,3.30019540e-02,1.39946058e-01,3.79379379e+00,2.98630371e-02,1.66145641e-01,8.24957413e-02,4.46829058e-01
3.80380380e+00,5.99610867e-03,1.78529637e-02,1.65612593e-02,6.54559639e-02,3.80380380e+00,1.19919263e-02,4.09769050e-02,3.31219933e-02,1.40356163e-01,3.80380380e+00,2.99747193e-02,1.66530385e-01,8.27957885e-02,4.48495064e-01
3.81381381e+00,6.01861421e-03,1.78589593e-02,1.66215057e-02,6.56347172e-02,3.81381381e+00,1.20369384e-02,4.10064534e-02,3.32424832e-02,1.40766564e-01,3.81381381e+00,3.00872668e-02,1.66916472e-01,8.30969623e-02,4.50164931e-01
3.82382382e+00,6.04129367e-03,1.78649580e-02,1.66819791e-02,6.58135306e-02,3.82382382e+00,1.20822983e-02,4.10360338e-02,3.33634271e-02,1.41177261e-01,3.82382382e+00,3.02006848e-02,1.67303907e-01,8.33992715e-02,4.51838673e-01
3.83383383e+00,6.06414808e-03,1.78709597e-02,1.67426813e-02,6.59924041e-02,3.83383383e+00,1.21280082e-02,4.10656463e-02,3.34848286e-02,1.41588254e-01,3.83383383e+00,3.03149786e-02,1.67692698e-01,8.37027247e-02,4.53516303e-01
3.84384384e+00,6.08717849e-03,1.78769644e-02,1.68036140e-02,6.61713376e-02,3.84384384e+00,1.21740702e-02,4.10952908e-02,3.36066912e-02,1.41999544e-01,3.84384384e+00,3.04301533e-02,1.68082850e-01,8.40073309e-02,4.55197835e-01
3.85385385e+00,6.11038596e-03,1.78829722e-02,1.68647791e-02,6.63503313e-02,3.85385385e+00,1.22204863e-02,4.11249675e-02,3.37290184e-02,1.42411131e-01,3.85385385e+00,3.05462144e-02,1.68474369e-01,8.43130988e-02,4.56883283e-01
3.86386386e+00,6.13377154e-03,1.78889830e-02,1.69261782e-02,6.65293851e-02,3.86386386e+00,1.22672587e-02,4.11546765e-02,3.38518137e-02,1.42823015e-01,3.86386386e+00,3.06631671e-02,1.68867263e-01,8.46200374e-02,4.58572661e-01
3.87387387e+00,6.15733633e-03,1.78949968e-02,1.69878132e-02,6.67084991e-02,3.87387387e+00,1.23143896e-02,4.11844176e-02,3.39750809e-02,1.43235197e-01,3.87387387e+00,3.07810169e-02,1.69261537e-01,8.49281557e-02,4.60265981e-01
3.88388388e+00,6.18108140e-03,1.79010136e-02,1.70496859e-02,6.68876734e-02,3.88388388e+00,1.23618811e-02,4.12141911e-02,3.40988235e-02,1.43647677e-01,3.88388388e+00,3.08997692e-02,1.69657198e-01,8.52374627e-02,4.61963259e-01
3.89389389e+00,6.20500785e-03,1.79070335e-02,1.71117981e-02,6.70669079e-02,3.89389389e+00,1.24097354e-02,4.12439968e-02,3.42230450e-02,1.44060455e-01,3.89389389e+00,3.10194295e-02,1.70054253e-01,8.55479675e-02,4.63664508e-01
3.90390390e+00,6.22911679e-03,1.79130564e-02,1.71741516e-02,6.72462026e-02,3.90390390e+00,1.24579547e-02,4.12738350e-02,3.43477493e-02,1.44473532e-01,3.90390390e+00,3.11400033e-02,1.70452708e-01,8.58596792e-02,4.65369741e-01
3.91391391e+00,6.25340931e-03,1.79190824e-02,1.72367483e-02,6.74255577e-02,3.91391391e+00,1.25065413e-02,4.13037056e-02,3.44729399e-02,1.44886907e-01,3.91391391e+00,3.12614962e-02,1.70852570e-01,8.61726071e-02,4.67078974e-01
3.92392392e+00,6.27788656e-03,1.79251114e-02,1.72995900e-02,6.76049732e-02,3.92392392e+00,1.25554974e-02,4.13336087e-02,3.45986205e-02,1.45300582e-01,3.92392392e+00,3.13839138e-02,1.71253845e-01,8.64867604e-02,4.68792220e-01
3.93393393e+00,6.30254965e-03,1.79311435e-02,1.73626786e-02,6.77844490e-02,3.93393393e+00,1.26048252e-02,4.13635442e-02,3.47247950e-02,1.45714557e-01,3.93393393e+00,3.15072619e-02,1.71656540e-01,8.68021484e-02,4.70509494e-01
3.94394394e+00,6.32739974e-03,1.79371786e-02,1.74260159e-02,6.79639852e-02,3.94394394e+00,1.26545270e-02,4.13935124e-02,3.48514669e-02,1.46128831e-01,3.94394394e+00,3.16315461e-02,1.72060662e-01,8.71187805e-02,4.72230809e-01
3.95395395e+00,6.35243796e-03,1.79432167e-02,1.74896039e-02,6.81435818e-02,3.95395395e+00,1.27046053e-02,4.14235132e-02,3.49786401e-02,1.46543406e-01,3.95395395e+00,3.17567722e-02,1.72466218e-01,8.74366661e-02,4.73956180e-01
3.96396396e+00,6.37766549e-03,1.79492579e-02,1.75534444e-02,6.83232389e-02,3.96396396e+00,1.27550621e-02,4.14535466e-02,3.51063184e-02,1.46958281e-01,3.96396396e+00,3.18829461e-02,1.72873214e-01,8.77558147e-02,4.75685622e-01
3.97397397e+00,6.40308349e-03,1.79553022e-02,1.76175393e-02,6.85029565e-02,3.97397397e+00,1.28059000e-02,4.14836128e-02,3.52345056e-02,1.47373457e-01,3.97397397e+00,3.20100736e-02,1.73281658e-01,8.80762359e-02,4.77419148e-01
3.98398398e+00,6.42869315e-03,1.79613495e-02,1.76818906e-02,6.86827347e-02,3.98398398e+00,1.28571213e-02,4.15137117e-02,3.53632055e-02,1.47788934e-01,3.98398398e+00,3.21381606e-02,1.73691556e-01,8.83979392e-02,4.79156774e-01
3.99399399e+00,6.45449565e-03,1.79673998e-02,1.77465001e-02,6.88625733e-02,3.99399399e+00,1.29087283e-02,4.15438434e-02,3.54924220e-02,1.48204713e-01,3.99399399e+00,3.22672132e-02,1.74102914e-01,8.87209343e-02,4.80898514e-01
4.00400400e+00,6.48049219e-03,1.79734533e-02,1.78113699e-02,6.90424726e-02,4.00400400e+00,1.29607234e-02,4.15740080e-02,3.56221590e-02,1.48620793e-01,4.00400400e+00,3.23972373e-02,1.74515741e-01,8.90452310e-02,4.82644383e-01
4.01401401e+00,6.50668399e-03,1.79795098e-02,1.78765019e-02,6.92224325e-02,4.01401401e+00,1.30131092e-02,4.16042055e-02,3.57524204e-02,1.49037176e-01,4.01401401e+00,3.25282390e-02,1.74930043e-01,8.93708390e-02,4.84394395e-01
4.02402402e+00,6.53307226e-03,1.79855693e-02,1.79418980e-02,6.94024530e-02,4.02402402e+00,1.30658879e-02,4.16344359e-02,3.58832100e-02,1.49453861e-01,4.02402402e+00,3.26602245e-02,1.75345827e-01,8.96977682e-02,4.86148565e-01
4.03403403e+00,6.55965824e-03,1.79916319e-02,1.80075603e-02,6.95825343e-02,4.03403403e+00,1.31190621e-02,4.16646993e-02,3.60145320e-02,1.49870849e-01,4.03403403e+00,3.27931999e-02,1.75763100e-01,9.00260284e-02,4.87906909e-01
4.04404404e+00,6.58644317e-03,1.79976976e-02,1.80734906e-02,6.97626762e-02,4.04404404e+00,1.31726343e-02,4.16949958e-02,3.61463902e-02,1.50288141e-01,4.04404404e+00,3.29271714e-02,1.76181869e-01,9.03556297e-02,4.89669440e-01
4.05405405e+00,6.61342829e-03,1.80037664e-02,1.81396911e-02,6.99428789e-02,4.05405405e+00,1.32266070e-02,4.17253254e-02,3.62787886e-02,1.50705736e-01,4.05405405e+00,3.30621453e-02,1.76602142e-01,9.06865821e-02,4.91436175e-01
4.06406406e+00,6.64061487e-03,1.80098382e-02,1.82061637e-02,7.01231423e-02,4.06406406e+00,1.32809827e-02,4.17556881e-02,3.64117314e-02,1.51123634e-01,4.06406406e+00,3.31981280e-02,1.77023926e-01,9.10188957e-02,4.93207128e-01
4.07407407e+00,6.66800418e-03,1.80159131e-02,1.82729105e-02,7.03034665e-02,4.07407407e+00,1.33357639e-02,4.17860840e-02,3.65452225e-02,1.51541837e-01,4.07407407e+00,3.33351259e-02,1.77447228e-01,9.13525807e-02,4.94982315e-01
4.08408408e+00,6.69559751e-03,1.80219911e-02,1.83399335e-02,7.04838516e-02,4.08408408e+00,1.33909532e-02,4.18165131e-02,3.66792661e-02,1.51960345e-01,4.08408408e+00,3.34731453e-02,1.77872055e-01,9.16876472e-02,4.96761750e-01
4.09409409e+00,6.72339614e-03,1.80280721e-02,1.84072348e-02,7.06642975e-02,4.09409409e+00,1.34465532e-02,4.18469756e-02,3.68138663e-02,1.52379157e-01,4.09409409e+00,3.36121928e-02,1.78298414e-01,9.20241056e-02,4.98545449e-01
4.10410410e+00,6.75140139e-03,1.80341563e-02,1.84748164e-02,7.08448044e-02,4.10410410e+00,1.35025664e-02,4.18774713e-02,3.69490271e-02,1.52798275e-01,4.10410410e+00,3.37522749e-02,1.78726314e-01,9.23619662e-02,5.00333428e-01
4.11411411e+00,6.77961456e-03,1.80402435e-02,1.85426804e-02,7.10253721e-02,4.11411411e+00,1.35589957e-02,4.19080005e-02,3.70847528e-02,1.53217697e-01,4.11411411e+00,3.38933983e-02,1.79155761e-01,9.27012394e-02,5.02125701e-01
4.12412412e+00,6.80803697e-03,1.80463338e-02,1.86108289e-02,7.12060009e-02,4.12412412e+00,1.36158434e-02,4.19385631e-02,3.72210475e-02,1.53637426e-01,4.12412412e+00,3.40355695e-02,1.79586764e-01,9.30419358e-02,5.03922285e-01
4.13413413e+00,6.83666998e-03,1.80524272e-02,1.86792640e-02,7.13866906e-02,4.13413413e+00,1.36731125e-02,4.19691592e-02,3.73579155e-02,1.54057461e-01,4.13413413e+00,3.41787952e-02,1.80019329e-01,9.33840659e-02,5.05723195e-01
4.14414414e+00,6.86551491e-03,1.80585236e-02,1.87479879e-02,7.15674413e-02,4.14414414e+00,1.37308055e-02,4.19997888e-02,3.74953610e-02,1.54477803e-01,4.14414414e+00,3.43230823e-02,1.80453464e-01,9.37276403e-02,5.07528447e-01
4.15415415e+00,6.89457314e-03,1.80646232e-02,1.88170027e-02,7.17482530e-02,4.15415415e+00,1.37889252e-02,4.20304520e-02,3.76333883e-02,1.54898451e-01,4.15415415e+00,3.44684376e-02,1.80889176e-01,9.40726697e-02,5.09338056e-01
4.16416416e+00,6.92384602e-03,1.80707258e-02,1.88863104e-02,7.19291259e-02,4.16416416e+00,1.38474742e-02,4.20611488e-02,3.77720016e-02,1.55319407e-01,4.16416416e+00,3.46148679e-02,1.81326474e-01,9.44191649e-02,5.11152039e-01
4.17417417e+00,6.95333494e-03,1.80768316e-02,1.89559134e-02,7.21100598e-02,4.17417417e+00,1.39064554e-02,4.20918793e-02,3.79112054e-02,1.55740670e-01,4.17417417e+00,3.47623801e-02,1.81765366e-01,9.47671367e-02,5.12970411e-01
4.18418418e+00,6.98304129e-03,1.80829404e-02,1.90258137e-02,7.22910549e-02,4.18418418e+00,1.39658716e-02,4.21226435e-02,3.80510039e-02,1.56162241e-01,4.18418418e+00,3.49109813e-02,1.82205858e-01,9.51165959e-02,5.14793188e-01
4.19419419e+00,7.01296648e-03,1.80890524e-02,1.90960136e-02,7.24721112e-02,4.19419419e+00,1.40257256e-02,4.21534416e-02,3.81914015e-02,1.56584120e-01,4.19419419e+00,3.50606784e-02,1.82647959e-01,9.54675537e-02,5.16620387e-01
4.20420420e+00,7.04311191e-03,1.80951674e-02,1.91665152e-02,7.26532287e-02,4.20420420e+00,1.40860201e-02,4.21842734e-02,3.83324027e-02,1.57006308e-01,4.20420420e+00,3.52114786e-02,1.83091676e-01,9.58200209e-02,5.18452023e-01
4.21421421e+00,7.07347901e-03,1.81012856e-02,1.92373208e-02,7.28344074e-02,4.21421421e+00,1.41467580e-02,4.22151391e-02,3.84740119e-02,1.57428804e-01,4.21421421e+00,3.53633891e-02,1.83537018e-01,9.61740088e-02,5.20288113e-01
4.22422422e+00,7.10406922e-03,1.81074068e-02,1.93084326e-02,7.30156474e-02,4.22422422e+00,1.42079423e-02,4.22460388e-02,3.86162336e-02,1.57851610e-01,4.22422422e+00,3.55164170e-02,1.83983993e-01,9.65295285e-02,5.22128673e-01
4.23423423e+00,7.13488399e-03,1.81135312e-02,1.93798528e-02,7.31969487e-02,4.23423423e+00,1.42695758e-02,4.22769724e-02,3.87590722e-02,1.58274725e-01,4.23423423e+00,3.56705697e-02,1.84432608e-01,9.68865913e-02,5.23973720e-01
4.24424424e+00,7.16592477e-03,1.81196587e-02,1.94515838e-02,7.33783113e-02,4.24424424e+00,1.43316614e-02,4.23079401e-02,3.89025323e-02,1.58698151e-01,4.24424424e+00,3.58258544e-02,1.84882871e-01,9.72452084e-02,5.25823270e-01
4.25425425e+00,7.19719304e-03,1.81257893e-02,1.95236278e-02,7.35597352e-02,4.25425425e+00,1.43942021e-02,4.23389418e-02,3.90466184e-02,1.59121886e-01,4.25425425e+00,3.59822785e-02,1.85334791e-01,9.76053914e-02,5.27677339e-01
4.26426426e+00,7.22869028e-03,1.81319230e-02,1.95959871e-02,7.37412206e-02,4.26426426e+00,1.44572008e-02,4.23699776e-02,3.91913351e-02,1.59545932e-01,4.26426426e+00,3.61398496e-02,1.85788376e-01,9.79671516e-02,5.29535944e-01
4.27427427e+00,7.26041798e-03,1.81380598e-02,1.96686639e-02,7.39227673e-02,4.27427427e+00,1.45206606e-02,4.24010477e-02,3.93366870e-02,1.59970289e-01,4.27427427e+00,3.62985751e-02,1.86243634e-01,9.83305007e-02,5.31399103e-01
4.28428428e+00,7.29237766e-03,1.81441997e-02,1.97416607e-02,7.41043756e-02,4.28428428e+00,1.45845844e-02,4.24321519e-02,3.94826789e-02,1.60394957e-01,4.28428428e+00,3.64584625e-02,1.86700573e-01,9.86954503e-02,5.33266831e-01
4.29429429e+00,7.32457082e-03,1.81503428e-02,1.98149797e-02,7.42860453e-02,4.29429429e+00,1.46489753e-02,4.24632905e-02,3.96293153e-02,1.60819937e-01,4.29429429e+00,3.66195195e-02,1.87159202e-01,9.90620121e-02,5.35139146e-01
4.30430430e+00,7.35699901e-03,1.81564889e-02,1.98886233e-02,7.44677765e-02,4.30430430e+00,1.47138363e-02,4.24944634e-02,3.97766009e-02,1.61245229e-01,4.30430430e+00,3.67817539e-02,1.87619528e-01,9.94301978e-02,5.37016064e-01
4.31431431e+00,7.38966376e-03,1.81626382e-02,1.99625940e-02,7.46495693e-02,4.31431431e+00,1.47791706e-02,4.25256706e-02,3.99245406e-02,1.61670833e-01,4.31431431e+00,3.69451733e-02,1.88081561e-01,9.98000194e-02,5.38897603e-01
4.32432432e+00,7.42256664e-03,1.81687907e-02,2.00368939e-02,7.48314236e-02,4.32432432e+00,1.48449813e-02,4.25569123e-02,4.00731390e-02,1.62096750e-01,4.32432432e+00,3.71097855e-02,1.88545309e-01,1.00171489e-01,5.40783780e-01
4.33433433e+00,7.45570920e-03,1.81749462e-02,2.01115256e-02,7.50133396e-02,4.33433433e+00,1.49112714e-02,4.25881885e-02,4.02224009e-02,1.62522980e-01,4.33433433e+00,3.72755985e-02,1.89010780e-01,1.00544618e-01,5.42674612e-01
4.34434434e+00,7.48909303e-03,1.81811049e-02,2.01864915e-02,7.51953172e-02,4.34434434e+00,1.49780442e-02,4.26194992e-02,4.03723313e-02,1.62949523e-01,4.34434434e+00,3.74426202e-02,1.89477983e-01,1.00919419e-01,5.44570116e-01
4.35435435e+00,7.52271972e-03,1.81872667e-02,2.02617940e-02,7.53773565e-02,4.35435435e+00,1.50453028e-02,4.26508444e-02,4.05229350e-02,1.63376380e-01,4.35435435e+00,3.76108585e-02,1.89946926e-01,1.01295904e-01,5.46470310e-01
4.36436436e+00,7.55659087e-03,1.81934317e-02,2.03374356e-02,7.55594575e-02,4.36436436e+00,1.51130505e-02,4.26822243e-02,4.06742167e-02,1.63803550e-01,4.36436436e+00,3.77803216e-02,1.90417619e-01,1.01674085e-01,5.48375211e-01
4.37437437e+00,7.59070811e-03,1.81995997e-02,2.04134187e-02,7.57416202e-02,4.37437437e+00,1.51812905e-02,4.27136389e-02,4.08261816e-02,1.64231036e-01,4.37437437e+00,3.79510176e-02,1.90890069e-01,1.02053975e-01,5.50284837e-01
4.38438438e+00,7.62507306e-03,1.82057710e-02,2.04897457e-02,7.59238446e-02,4.38438438e+00,1.52500260e-02,4.27450883e-02,4.09788345e-02,1.64658836e-01,4.38438438e+00,3.81229546e-02,1.91364287e-01,1.02435586e-01,5.52199205e-01
4.39439439e+00,7.65968737e-03,1.82119453e-02,2.05664193e-02,7.61061309e-02,4.39439439e+00,1.53192603e-02,4.27765724e-02,4.11321805e-02,1.65086951e-01,4.39439439e+00,3.82961410e-02,1.91840279e-01,1.02818931e-01,5.54118334e-01
4.40440440e+00,7.69455268e-03,1.82181228e-02,2.06434418e-02,7.62884790e-02,4.40440440e+00,1.53889969e-02,4.28080913e-02,4.12862245e-02,1.65515381e-01,4.40440440e+00,3.84705850e-02,1.92318057e-01,1.03204022e-01,5.56042241e-01
4.41441441e+00,7.72967068e-03,1.82243035e-02,2.07208159e-02,7.64708890e-02,4.41441441e+00,1.54592389e-02,4.28396452e-02,4.14409716e-02,1.65944127e-01,4.41441441e+00,3.86462950e-02,1.92797627e-01,1.03590872e-01,5.57970944e-01
4.42442442e+00,7.76504304e-03,1.82304873e-02,2.07985441e-02,7.66533608e-02,4.42442442e+00,1.55299897e-02,4.28712340e-02,4.15964270e-02,1.66373189e-01,4.42442442e+00,3.88232795e-02,1.93279000e-01,1.03979493e-01,5.59904461e-01
4.43443443e+00,7.80067145e-03,1.82366743e-02,2.08766288e-02,7.68358946e-02,4.43443443e+00,1.56012528e-02,4.29028577e-02,4.17525957e-02,1.66802568e-01,4.43443443e+00,3.90015471e-02,1.93762185e-01,1.04369899e-01,5.61842810e-01
4.44444444e+00,7.83655763e-03,1.82428644e-02,2.09550729e-02,7.70184904e-02,4.44444444e+00,1.56730316e-02,4.29345166e-02,4.19094829e-02,1.67232264e-01,4.44444444e+00,3.91811062e-02,1.94247190e-01,1.04762103e-01,5.63786009e-01
4.45445445e+00,7.87270330e-03,1.82490576e-02,2.10338787e-02,7.72011481e-02,4.45445445e+00,1.57453295e-02,4.29662105e-02,4.20670938e-02,1.67662276e-01,4.45445445e+00,3.93619655e-02,1.94734025e-01,1.05156116e-01,5.65734077e-01
4.46446446e+00,7.90911018e-03,1.82552540e-02,2.11130490e-02,7.73838678e-02,4.46446446e+00,1.58181500e-02,4.29979395e-02,4.22254336e-02,1.68092607e-01,4.46446446e+00,3.95441338e-02,1.95222699e-01,1.05551953e-01,5.67687032e-01
4.47447447e+00,7.94578004e-03,1.82614536e-02,2.11925863e-02,7.75666496e-02,4.47447447e+00,1.58914965e-02,4.30297038e-02,4.23845077e-02,1.68523255e-01,4.47447447e+00,3.97276199e-02,1.95713221e-01,1.05949627e-01,5.69644892e-01
4.48448448e+00,7.98271462e-03,1.82676563e-02,2.12724934e-02,7.77494935e-02,4.48448448e+00,1.59653727e-02,4.30615033e-02,4.25443212e-02,1.68954221e-01,4.48448448e+00,3.99124325e-02,1.96205601e-01,1.06349151e-01,5.71607677e-01
4.49449449e+00,8.01991571e-03,1.82738622e-02,2.13527728e-02,7.79323995e-02,4.49449449e+00,1.60397820e-02,4.30933382e-02,4.27048796e-02,1.69385506e-01,4.49449449e+00,4.00985807e-02,1.96699848e-01,1.06750538e-01,5.73575404e-01
4.50450450e+00,8.05738509e-03,1.82800713e-02,2.14334273e-02,7.81153676e-02,4.50450450e+00,1.61147280e-02,4.31252083e-02,4.28661882e-02,1.69817110e-01,4.50450450e+00,4.02860735e-02,1.97195971e-01,1.07153802e-01,5.75548093e-01
4.51451451e+00,8.09512457e-03,1.82862835e-02,2.15144596e-02,7.82983979e-02,4.51451451e+00,1.61902145e-02,4.31571139e-02,4.30282524e-02,1.70249033e-01,4.51451451e+00,4.04749198e-02,1.97693981e-01,1.07558957e-01,5.77525762e-01
4.52452452e+00,8.13313596e-03,1.82924989e-02,2.15958724e-02,7.84814904e-02,4.52452452e+00,1.62662448e-02,4.31890550e-02,4.31910776e-02,1.70681276e-01,4.52452452e+00,4.06651288e-02,1.98193886e-01,1.07966015e-01,5.79508430e-01
4.53453453e+00,8.17142109e-03,1.82987175e-02,2.16776684e-02,7.86646452e-02,4.53453453e+00,1.63428229e-02,4.32210316e-02,4.33546695e-02,1.71113838e-01,4.53453453e+00,4.08567097e-02,1.98695697e-01,1.08374991e-01,5.81496117e-01
4.54454454e+00,8.20998180e-03,1.83049392e-02,2.17598504e-02,7.88478622e-02,4.54454454e+00,1.64199522e-02,4.32530437e-02,4.35190334e-02,1.71546722e-01,4.54454454e+00,4.10496719e-02,1.99199423e-01,1.08785899e-01,5.83488841e-01
4.55455455e+00,8.24881997e-03,1.83111641e-02,2.18424211e-02,7.90311415e-02,4.55455455e+00,1.64976367e-02,4.32850915e-02,4.36841749e-02,1.71979925e-01,4.55455455e+00,4.12440246e-02,1.99705074e-01,1.09198752e-01,5.85486622e-01
4.56456456e+00,8.28793745e-03,1.83173922e-02,2.19253835e-02,7.92144832e-02,4.56456456e+00,1.65758799e-02,4.33171749e-02,4.38500996e-02,1.72413450e-01,4.56456456e+00,4.14397772e-02,2.00212659e-01,1.09613564e-01,5.87489479e-01
4.57457457e+00,8.32733613e-03,1.83236235e-02,2.20087402e-02,7.93978872e-02,4.57457457e+00,1.66546857e-02,4.33492940e-02,4.40168132e-02,1.72847297e-01,4.57457457e+00,4.16369394e-02,2.00722189e-01,1.10030351e-01,5.89497431e-01
4.58458458e+00,8.36701792e-03,1.83298580e-02,2.20924941e-02,7.95813536e-02,4.58458458e+00,1.67340579e-02,4.33814490e-02,4.41843212e-02,1.73281465e-01,4.58458458e+00,4.18355205e-02,2.01233673e-01,1.10449125e-01,5.91510499e-01
4.59459459e+00,8.40698473e-03,1.83360956e-02,2.21766481e-02,7.97648825e-02,4.59459459e+00,1.68140003e-02,4.34136397e-02,4.43526296e-02,1.73715955e-01,4.59459459e+00,4.20355303e-02,2.01747122e-01,1.10869901e-01,5.93528701e-01
4.60460460e+00,8.44723849e-03,1.83423364e-02,2.22612051e-02,7.99484738e-02,4.60460460e+00,1.68945168e-02,4.34458664e-02,4.45217438e-02,1.74150768e-01,4.60460460e+00,4.22369785e-02,2.02262546e-01,1.11292693e-01,5.95552057e-01
4.61461461e+00,8.48778114e-03,1.83485804e-02,2.23461678e-02,8.01321276e-02,4.61461461e+00,1.69756113e-02,4.34781290e-02,4.46916699e-02,1.74585903e-01,4.61461461e+00,4.24398748e-02,2.02779955e-01,1.11717517e-01,5.97580588e-01
4.62462462e+00,8.52861466e-03,1.83548277e-02,2.24315394e-02,8.03158440e-02,4.62462462e+00,1.70572876e-02,4.35104276e-02,4.48624135e-02,1.75021362e-01,4.62462462e+00,4.26442292e-02,2.03299359e-01,1.12144386e-01,5.99614314e-01
4.63463463e+00,8.56974100e-03,1.83610781e-02,2.25173226e-02,8.04996229e-02,4.63463463e+00,1.71395499e-02,4.35427622e-02,4.50339806e-02,1.75457145e-01,4.63463463e+00,4.28500514e-02,2.03820768e-01,1.12573315e-01,6.01653253e-01
4.64464464e+00,8.61116216e-03,1.83673316e-02,2.26035204e-02,8.06834644e-02,4.64464464e+00,1.72224019e-02,4.35751329e-02,4.52063770e-02,1.75893251e-01,4.64464464e+00,4.30573517e-02,2.04344193e-01,1.13004320e-01,6.03697427e-01
4.65465465e+00,8.65288015e-03,1.83735884e-02,2.26901358e-02,8.08673685e-02,4.65465465e+00,1.73058478e-02,4.36075398e-02,4.53796087e-02,1.76329681e-01,4.65465465e+00,4.32661400e-02,2.04869644e-01,1.13437414e-01,6.05746855e-01
4.66466466e+00,8.69489698e-03,1.83798484e-02,2.27771718e-02,8.10513353e-02,4.66466466e+00,1.73898916e-02,4.36399829e-02,4.55536817e-02,1.76766437e-01,4.66466466e+00,4.34764265e-02,2.05397132e-01,1.13872614e-01,6.07801559e-01
4.67467467e+00,8.73721469e-03,1.83861116e-02,2.28646314e-02,8.12353647e-02,4.67467467e+00,1.74745373e-02,4.36724623e-02,4.57286020e-02,1.77203517e-01,4.67467467e+00,4.36882215e-02,2.05926667e-01,1.14309933e-01,6.09861558e-01
4.68468468e+00,8.77983532e-03,1.83923780e-02,2.29525176e-02,8.14194569e-02,4.68468468e+00,1.75597892e-02,4.37049779e-02,4.59043756e-02,1.77640923e-01,4.68468468e+00,4.39015353e-02,2.06458260e-01,1.14749388e-01,6.11926873e-01
4.69469469e+00,8.82276096e-03,1.83986476e-02,2.30408336e-02,8.16036118e-02,4.69469469e+00,1.76456512e-02,4.37375300e-02,4.60810088e-02,1.78078654e-01,4.69469469e+00,4.41163782e-02,2.06991922e-01,1.15190994e-01,6.13997525e-01
4.70470470e+00,8.86599366e-03,1.84049204e-02,2.31295823e-02,8.17878295e-02,4.70470470e+00,1.77321275e-02,4.37701184e-02,4.62585076e-02,1.78516712e-01,4.70470470e+00,4.43327608e-02,2.07527663e-01,1.15634765e-01,6.16073535e-01
4.71471471e+00,8.90953554e-03,1.84111964e-02,2.32187668e-02,8.19721100e-02,4.71471471e+00,1.78192225e-02,4.38027434e-02,4.64368781e-02,1.78955096e-01,4.71471471e+00,4.45506935e-02,2.08065494e-01,1.16080718e-01,6.18154922e-01
4.72472472e+00,8.95338871e-03,1.84174757e-02,2.33083903e-02,8.21564534e-02,4.72472472e+00,1.79069402e-02,4.38354049e-02,4.66161268e-02,1.79393807e-01,4.72472472e+00,4.47701872e-02,2.08605427e-01,1.16528868e-01,6.20241710e-01
4.73473473e+00,8.99755529e-03,1.84237581e-02,2.33984559e-02,8.23408597e-02,4.73473473e+00,1.79952850e-02,4.38681029e-02,4.67962598e-02,1.79832845e-01,4.73473473e+00,4.49912523e-02,2.09147472e-01,1.16979231e-01,6.22333918e-01
4.74474474e+00,9.04203742e-03,1.84300438e-02,2.34889668e-02,8.25253288e-02,4.74474474e+00,1.80842611e-02,4.39008376e-02,4.69772834e-02,1.80272211e-01,4.74474474e+00,4.52138999e-02,2.09691639e-01,1.17431822e-01,6.24431567e-01
4.75475475e+00,9.08683727e-03,1.84363327e-02,2.35799261e-02,8.27098609e-02,4.75475475e+00,1.81738729e-02,4.39336090e-02,4.71592041e-02,1.80711904e-01,4.75475475e+00,4.54381406e-02,2.10237941e-01,1.17886659e-01,6.26534680e-01
4.76476476e+00,9.13195702e-03,1.84426248e-02,2.36713371e-02,8.28944560e-02,4.76476476e+00,1.82641247e-02,4.39664172e-02,4.73420281e-02,1.81151926e-01,4.76476476e+00,4.56639856e-02,2.10786389e-01,1.18343756e-01,6.28643278e-01
4.77477477e+00,9.17739885e-03,1.84489201e-02,2.37632030e-02,8.30791141e-02,4.77477477e+00,1.83550209e-02,4.39992622e-02,4.75257621e-02,1.81592277e-01,4.77477477e+00,4.58914458e-02,2.11336993e-01,1.18803129e-01,6.30757381e-01
4.78478478e+00,9.22316498e-03,1.84552186e-02,2.38555270e-02,8.32638352e-02,4.78478478e+00,1.84465660e-02,4.40321440e-02,4.77104124e-02,1.82032957e-01,4.78478478e+00,4.61205324e-02,2.11889766e-01,1.19264796e-01,6.32877013e-01
4.79479479e+00,9.26925763e-03,1.84615204e-02,2.39483123e-02,8.34486194e-02,4.79479479e+00,1.85387643e-02,4.40650627e-02,4.78959856e-02,1.82473966e-01,4.79479479e+00,4.63512565e-02,2.12444718e-01,1.19728773e-01,6.35002194e-01
4.80480480e+00,9.31567905e-03,1.84678254e-02,2.40415624e-02,8.36334667e-02,4.80480480e+00,1.86316205e-02,4.40980185e-02,4.80824883e-02,1.82915305e-01,4.80480480e+00,4.65836295e-02,2.13001861e-01,1.20195076e-01,6.37132946e-01
4.81481481e+00,9.36243148e-03,1.84741337e-02,2.41352804e-02,8.38183772e-02,4.81481481e+00,1.87251389e-02,4.41310112e-02,4.82699271e-02,1.83356974e-01,4.81481481e+00,4.68176627e-02,2.13561207e-01,1.20663721e-01,6.39269292e-01
4.82482482e+00,9.40951721e-03,1.84804452e-02,2.42294697e-02,8.40033508e-02,4.82482482e+00,1.88193242e-02,4.41640410e-02,4.84583088e-02,1.83798974e-01,4.82482482e+00,4.70533677e-02,2.14122767e-01,1.21134725e-01,6.41411254e-01
4.83483483e+00,9.45693853e-03,1.84867599e-02,2.43241338e-02,8.41883876e-02,4.83483483e+00,1.89141809e-02,4.41971080e-02,4.86476399e-02,1.84241304e-01,4.83483483e+00,4.72907559e-02,2.14686554e-01,1.21608106e-01,6.43558853e-01
4.84484484e+00,9.50469775e-03,1.84930778e-02,2.44192759e-02,8.43734877e-02,4.84484484e+00,1.90097137e-02,4.42302122e-02,4.88379273e-02,1.84683966e-01,4.84484484e+00,4.75298390e-02,2.15252578e-01,1.22083881e-01,6.45712113e-01
4.85485485e+00,9.55279720e-03,1.84993990e-02,2.45148995e-02,8.45586510e-02,4.85485485e+00,1.91059272e-02,4.42633536e-02,4.90291779e-02,1.85126960e-01,4.85485485e+00,4.77706288e-02,2.15820852e-01,1.22562065e-01,6.47871056e-01
4.86486486e+00,9.60123921e-03,1.85057235e-02,2.46110080e-02,8.47438776e-02,4.86486486e+00,1.92028261e-02,4.42965323e-02,4.92213983e-02,1.85570285e-01,4.86486486e+00,4.80131369e-02,2.16391388e-01,1.23042677e-01,6.50035704e-01
4.87487487e+00,9.65002616e-03,1.85120511e-02,2.47076049e-02,8.49291675e-02,4.87487487e+00,1.93004152e-02,4.43297484e-02,4.94145957e-02,1.86013943e-01,4.87487487e+00,4.82573754e-02,2.16964197e-01,1.23525734e-01,6.52206080e-01
4.88488488e+00,9.69916041e-03,1.85183821e-02,2.48046936e-02,8.51145209e-02,4.88488488e+00,1.93986992e-02,4.43630019e-02,4.96087769e-02,1.86457934e-01,4.88488488e+00,4.85033562e-02,2.17539292e-01,1.24011253e-01,6.54382207e-01
4.89489489e+00,9.74864437e-03,1.85247162e-02,2.49022776e-02,8.52999376e-02,4.89489489e+00,1.94976829e-02,4.43962929e-02,4.98039489e-02,1.86902258e-01,4.89489489e+00,4.87510915e-02,2.18116686e-01,1.24499252e-01,6.56564108e-01
4.90490490e+00,9.79848044e-03,1.85310537e-02,2.50003605e-02,8.54854177e-02,4.90490490e+00,1.95973711e-02,4.44296214e-02,5.00001187e-02,1.87346915e-01,4.90490490e+00,4.90005933e-02,2.18696390e-01,1.24989748e-01,6.58751806e-01
4.91491491e+00,9.84867107e-03,1.85373944e-02,2.50989458e-02,8.56709613e-02,4.91491491e+00,1.96977688e-02,4.44629875e-02,5.01972936e-02,1.87791906e-01,4.91491491e+00,4.92518739e-02,2.19278416e-01,1.25482760e-01,6.60945324e-01
4.92492492e+00,9.89921869e-03,1.85437383e-02,2.51980371e-02,8.58565684e-02,4.92492492e+00,1.97988807e-02,4.44963913e-02,5.03954806e-02,1.88237232e-01,4.92492492e+00,4.95049457e-02,2.19862778e-01,1.25978305e-01,6.63144686e-01
4.93493493e+00,9.95012578e-03,1.85500855e-02,2.52976379e-02,8.60422390e-02,4.93493493e+00,1.99007119e-02,4.45298327e-02,5.05946869e-02,1.88682892e-01,4.93493493e+00,4.97598211e-02,2.20449488e-01,1.26476401e-01,6.65349915e-01
4.94494494e+00,1.00013948e-02,1.85564360e-02,2.53977520e-02,8.62279732e-02,4.94494494e+00,2.00032673e-02,4.45633119e-02,5.07949198e-02,1.89128887e-01,4.94494494e+00,5.00165126e-02,2.21038558e-01,1.26977067e-01,6.67561035e-01
4.95495495e+00,1.00530283e-02,1.85627897e-02,2.54983829e-02,8.64137710e-02,4.95495495e+00,2.01065519e-02,4.45968289e-02,5.09961866e-02,1.89575218e-01,4.95495495e+00,5.02750330e-02,2.21630002e-01,1.27480321e-01,6.69778069e-01
4.96496496e+00,1.01050288e-02,1.85691467e-02,2.55995343e-02,8.65996324e-02,4.96496496e+00,2.02105709e-02,4.46303838e-02,5.11984946e-02,1.90021884e-01,4.96496496e+00,5.05353948e-02,2.22223831e-01,1.27986180e-01,6.72001041e-01
4.97497497e+00,1.01573988e-02,1.85755070e-02,2.57012100e-02,8.67855575e-02,4.97497497e+00,2.03153292e-02,4.46639767e-02,5.14018513e-02,1.90468887e-01,4.97497497e+00,5.07976110e-02,2.22820059e-01,1.28494665e-01,6.74229975e-01
4.98498498e+00,1.02101409e-02,1.85818705e-02,2.58034136e-02,8.69715462e-02,4.98498498e+00,2.04208320e-02,4.46976075e-02,5.16062640e-02,1.90916226e-01,4.98498498e+00,5.10616944e-02,2.23418699e-01,1.29005793e-01,6.76464896e-01
4.99499499e+00,1.02632576e-02,1.85882373e-02,2.59061489e-02,8.71575987e-02,4.99499499e+00,2.05270844e-02,4.47312763e-02,5.18117403e-02,1.91363902e-01,4.99499499e+00,5.13276580e-02,2.24019763e-01,1.29519584e-01,6.78705828e-01
5.00500501e+00,1.03167516e-02,1.85946074e-02,2.60094197e-02,8.73437149e-02,5.00500501e+00,2.06340917e-02,4.47649833e-02,5.20182878e-02,1.91811916e-01,5.00500501e+00,5.15955150e-02,2.24623267e-01,1.30036055e-01,6.80952796e-01
5.01501502e+00,1.03706254e-02,1.86009807e-02,2.61132298e-02,8.75298950e-02,5.01501502e+00,2.07418592e-02,4.47987285e-02,5.22259140e-02,1.92260267e-01,5.01501502e+00,5.18652785e-02,2.25229222e-01,1.30555227e-01,6.83205824e-01
5.02502503e+00,1.04248818e-02,1.86073574e-02,2.62175829e-02,8.77161389e-02,5.02502503e+00,2.08503920e-02,4.48325118e-02,5.24346266e-02,1.92708956e-01,5.02502503e+00,5.21369618e-02,2.25837642e-01,1.31077119e-01,6.85464937e-01
5.03503504e+00,1.04795233e-02,1.86137373e-02,2.63224831e-02,8.79024466e-02,5.03503504e+00,2.09596954e-02,4.48663334e-02,5.26444334e-02,1.93157984e-01,5.03503504e+00,5.24105784e-02,2.26448539e-01,1.31601749e-01,6.87730159e-01
5.04504505e+00,1.05345526e-02,1.86201205e-02,2.64279340e-02,8.80888182e-02,5.04504505e+00,2.10697750e-02,4.49001934e-02,5.28553421e-02,1.93607351e-01,5.04504505e+00,5.26861418e-02,2.27061928e-01,1.32129138e-01,6.90001515e-01
5.05505506e+00,1.05899725e-02,1.86265070e-02,2.65339398e-02,8.82752537e-02,5.05505506e+00,2.11806359e-02,4.49340918e-02,5.30673604e-02,1.94057056e-01,5.05505506e+00,5.29636654e-02,2.27677823e-01,1.32659305e-01,6.92279029e-01
5.06506507e+00,1.06457856e-02,1.86328968e-02,2.66405042e-02,8.84617532e-02,5.06506507e+00,2.12922838e-02,4.49680286e-02,5.32804964e-02,1.94507102e-01,5.06506507e+00,5.32431631e-02,2.28296236e-01,1.33192269e-01,6.94562727e-01
5.07507508e+00,1.07019947e-02,1.86392898e-02,2.67476313e-02,8.86483167e-02,5.07507508e+00,2.14047239e-02,4.50020039e-02,5.34947579e-02,1.94957487e-01,5.07507508e+00,5.35246486e-02,2.28917182e-01,1.33728052e-01,6.96852635e-01
5.08508509e+00,1.07586025e-02,1.86456862e-02,2.68553250e-02,8.88349442e-02,5.08508509e+00,2.15179619e-02,4.50360178e-02,5.37101529e-02,1.95408213e-01,5.08508509e+00,5.38081358e-02,2.29540674e-01,1.34266672e-01,6.99148778e-01
5.09509510e+00,1.08156118e-02,1.86520858e-02,2.69635894e-02,8.90216358e-02,5.09509510e+00,2.16320034e-02,4.50700703e-02,5.39266895e-02,1.95859280e-01,5.09509510e+00,5.40936387e-02,2.30166727e-01,1.34808149e-01,7.01451181e-01
5.10510511e+00,1.08730254e-02,1.86584888e-02,2.70724285e-02,8.92083914e-02,5.10510511e+00,2.17468538e-02,4.51041614e-02,5.41443757e-02,1.96310688e-01,5.10510511e+00,5.43811715e-02,2.30795354e-01,1.35352505e-01,7.03759870e-01
5.11511512e+00,1.09308461e-02,1.86648950e-02,2.71818463e-02,8.93952111e-02,5.11511512e+00,2.18625189e-02,4.51382914e-02,5.43632198e-02,1.96762437e-01,5.11511512e+00,5.46707483e-02,2.31426570e-01,1.35899760e-01,7.06074871e-01
5.12512513e+00,1.09890767e-02,1.86713046e-02,2.72918471e-02,8.95820950e-02,5.12512513e+00,2.19790042e-02,4.51724601e-02,5.45832298e-02,1.97214528e-01,5.12512513e+00,5.49623834e-02,2.32060389e-01,1.36449934e-01,7.08396209e-01
5.13513514e+00,1.10477201e-02,1.86777174e-02,2.74024349e-02,8.97690431e-02,5.13513514e+00,2.20963156e-02,4.52066677e-02,5.48044142e-02,1.97666962e-01,5.13513514e+00,5.52560914e-02,2.32696825e-01,1.37003048e-01,7.10723913e-01
5.14514515e+00,1.11067792e-02,1.86841336e-02,2.75136139e-02,8.99560554e-02,5.14514515e+00,2.22144588e-02,4.52409142e-02,5.50267811e-02,1.98119738e-01,5.14514515e+00,5.55518866e-02,2.33335893e-01,1.37559123e-01,7.13058006e-01
5.15515516e+00,1.11662569e-02,1.86905531e-02,2.76253882e-02,9.01431320e-02,5.15515516e+00,2.23334395e-02,4.52751997e-02,5.52503391e-02,1.98572857e-01,5.15515516e+00,5.58497837e-02,2.33977608e-01,1.38118180e-01,7.15398517e-01
5.16516517e+00,1.12261560e-02,1.86969759e-02,2.77377622e-02,9.03302728e-02,5.16516517e+00,2.24532636e-02,4.53095242e-02,5.54750965e-02,1.99026320e-01,5.16516517e+00,5.61497976e-02,2.34621983e-01,1.38680240e-01,7.17745471e-01
5.17517518e+00,1.12864795e-02,1.87034019e-02,2.78507399e-02,9.05174780e-02,5.17517518e+00,2.25739371e-02,4.53438878e-02,5.57010618e-02,1.99480127e-01,5.17517518e+00,5.64519429e-02,2.35269035e-01,1.39245325e-01,7.20098895e-01
5.18518519e+00,1.13472304e-02,1.87098314e-02,2.79643258e-02,9.07047475e-02,5.18518519e+00,2.26954658e-02,4.53782906e-02,5.59282436e-02,1.99934278e-01,5.18518519e+00,5.67562347e-02,2.35918777e-01,1.39813455e-01,7.22458817e-01
5.19519520e+00,1.14084117e-02,1.87162641e-02,2.80785241e-02,9.08920814e-02,5.19519520e+00,2.28178557e-02,4.54127325e-02,5.61566506e-02,2.00388774e-01,5.19519520e+00,5.70626881e-02,2.36571225e-01,1.40384653e-01,7.24825262e-01
5.20520521e+00,1.14700263e-02,1.87227001e-02,2.81933392e-02,9.10794797e-02,5.20520521e+00,2.29411128e-02,4.54472138e-02,5.63862914e-02,2.00843614e-01,5.20520521e+00,5.73713181e-02,2.37226393e-01,1.40958941e-01,7.27198260e-01
5.21521522e+00,1.15320773e-02,1.87291395e-02,2.83087754e-02,9.12669424e-02,5.21521522e+00,2.30652431e-02,4.54817344e-02,5.66171747e-02,2.01298801e-01,5.21521522e+00,5.76821402e-02,2.37884298e-01,1.41536339e-01,7.29577836e-01
5.22522523e+00,1.15945678e-02,1.87355822e-02,2.84248372e-02,9.14544697e-02,5.22522523e+00,2.31902529e-02,4.55162944e-02,5.68493093e-02,2.01754333e-01,5.22522523e+00,5.79951697e-02,2.38544954e-01,1.42116872e-01,7.31964018e-01
5.23523524e+00,1.16575007e-02,1.87420282e-02,2.85415289e-02,9.16420614e-02,5.23523524e+00,2.33161481e-02,4.55508938e-02,5.70827042e-02,2.02210211e-01,5.23523524e+00,5.83104222e-02,2.39208376e-01,1.42700560e-01,7.34356834e-01
5.24524525e+00,1.17208792e-02,1.87484776e-02,2.86588550e-02,9.18297177e-02,5.24524525e+00,2.34429351e-02,4.55855327e-02,5.73173682e-02,2.02666436e-01,5.24524525e+00,5.86279132e-02,2.39874581e-01,1.43287426e-01,7.36756312e-01
5.25525526e+00,1.17847064e-02,1.87549302e-02,2.87768200e-02,9.20174386e-02,5.25525526e+00,2.35706199e-02,4.56202113e-02,5.75533104e-02,2.03123008e-01,5.25525526e+00,5.89476585e-02,2.40543583e-01,1.43877492e-01,7.39162479e-01
5.26526527e+00,1.18489855e-02,1.87613863e-02,2.88954285e-02,9.22052241e-02,5.26526527e+00,2.36992090e-02,4.56549294e-02,5.77905397e-02,2.03579927e-01,5.26526527e+00,5.92696740e-02,2.41215399e-01,1.44470782e-01,7.41575365e-01
5.27527528e+00,1.19137195e-02,1.87678456e-02,2.90146849e-02,9.23930743e-02,5.27527528e+00,2.38287087e-02,4.56896873e-02,5.80290653e-02,2.04037194e-01,5.27527528e+00,5.95939756e-02,2.41890045e-01,1.45067319e-01,7.43994996e-01
5.28528529e+00,1.19789117e-02,1.87743083e-02,2.91345939e-02,9.25809891e-02,5.28528529e+00,2.39591252e-02,4.57244849e-02,5.82688964e-02,2.04494810e-01,5.28528529e+00,5.99205794e-02,2.42567536e-01,1.45667124e-01,7.46421402e-01
5.29529530e+00,1.20445653e-02,1.87807743e-02,2.92551602e-02,9.27689687e-02,5.29529530e+00,2.40904651e-02,4.57593223e-02,5.85100422e-02,2.04952774e-01,5.29529530e+00,6.02495018e-02,2.43247888e-01,1.46270222e-01,7.48854612e-01
5.30530531e+00,1.21106834e-02,1.87872437e-02,2.93763882e-02,9.29570130e-02,5.30530531e+00,2.42227347e-02,4.57941996e-02,5.87525120e-02,2.05411087e-01,5.30530531e+00,6.05807588e-02,2.43931118e-01,1.46876636e-01,7.51294653e-01
5.31531532e+00,1.21772695e-02,1.87937164e-02,2.94982828e-02,9.31451221e-02,5.31531532e+00,2.43559407e-02,4.58291168e-02,5.89963152e-02,2.05869749e-01,5.31531532e+00,6.09143672e-02,2.44617241e-01,1.47486390e-01,7.53741555e-01
5.32532533e+00,1.22443266e-02,1.88001925e-02,2.96208486e-02,9.33332960e-02,5.32532533e+00,2.44900895e-02,4.58640741e-02,5.92414612e-02,2.06328762e-01,5.32532533e+00,6.12503433e-02,2.45306275e-01,1.48099506e-01,7.56195347e-01
5.33533534e+00,1.23118582e-02,1.88066719e-02,2.97440905e-02,9.35215347e-02,5.33533534e+00,2.46251877e-02,4.58990714e-02,5.94879596e-02,2.06788124e-01,5.33533534e+00,6.15887039e-02,2.45998236e-01,1.48716010e-01,7.58656058e-01
5.34534535e+00,1.23798675e-02,1.88131547e-02,2.98680131e-02,9.37098384e-02,5.34534535e+00,2.47612421e-02,4.59341088e-02,5.97358199e-02,2.07247837e-01,5.34534535e+00,6.19294658e-02,2.46693140e-01,1.49335924e-01,7.61123717e-01
5.35535536e+00,1.24483578e-02,1.88196408e-02,2.99926213e-02,9.38982069e-02,5.35535536e+00,2.48982592e-02,4.59691864e-02,5.99850517e-02,2.07707902e-01,5.35535536e+00,6.22726460e-02,2.47391004e-01,1.49959274e-01,7.63598355e-01
5.36536537e+00,1.25173326e-02,1.88261303e-02,3.01179199e-02,9.40866404e-02,5.36536537e+00,2.50362459e-02,4.60043043e-02,6.02356648e-02,2.08168317e-01,5.36536537e+00,6.26182615e-02,2.48091846e-01,1.50586084e-01,7.66080001e-01
5.37537538e+00,1.25867953e-02,1.88326231e-02,3.02439138e-02,9.42751389e-02,5.37537538e+00,2.51752090e-02,4.60394624e-02,6.04876689e-02,2.08629085e-01,5.37537538e+00,6.29663295e-02,2.48795681e-01,1.51216377e-01,7.68568685e-01
5.38538539e+00,1.26567492e-02,1.88391193e-02,3.03706080e-02,9.44637024e-02,5.38538539e+00,2.53151552e-02,4.60746609e-02,6.07410739e-02,2.09090204e-01,5.38538539e+00,6.33168673e-02,2.49502528e-01,1.51850180e-01,7.71064437e-01
5.39539540e+00,1.27271978e-02,1.88456189e-02,3.04980074e-02,9.46523310e-02,5.39539540e+00,2.54560915e-02,4.61098999e-02,6.09958896e-02,2.09551677e-01,5.39539540e+00,6.36698924e-02,2.50212404e-01,1.52487516e-01,7.73567287e-01
5.40540541e+00,1.27981446e-02,1.88521218e-02,3.06261169e-02,9.48410247e-02,5.40540541e+00,2.55980249e-02,4.61451793e-02,6.12521261e-02,2.10013502e-01,5.40540541e+00,6.40254222e-02,2.50925325e-01,1.53128411e-01,7.76077265e-01
5.41541542e+00,1.28695931e-02,1.88586281e-02,3.07549417e-02,9.50297834e-02,5.41541542e+00,2.57409622e-02,4.61804993e-02,6.15097934e-02,2.10475681e-01,5.41541542e+00,6.43834746e-02,2.51641309e-01,1.53772890e-01,7.78594404e-01
5.42542543e+00,1.29415467e-02,1.88651378e-02,3.08844867e-02,9.52186073e-02,5.42542543e+00,2.58849107e-02,4.62158600e-02,6.17689016e-02,2.10938214e-01,5.42542543e+00,6.47440674e-02,2.52360375e-01,1.54420979e-01,7.81118732e-01
5.43543544e+00,1.30140090e-02,1.88716508e-02,3.10147571e-02,9.54074965e-02,5.43543544e+00,2.60298772e-02,4.62512613e-02,6.20294609e-02,2.11401101e-01,5.43543544e+00,6.51072184e-02,2.53082539e-01,1.55072703e-01,7.83650281e-01
5.44544545e+00,1.30869836e-02,1.88781672e-02,3.11457579e-02,9.55964508e-02,5.44544545e+00,2.61758691e-02,4.62867033e-02,6.22914816e-02,2.11864342e-01,5.44544545e+00,6.54729458e-02,2.53807820e-01,1.55728088e-01,7.86189082e-01
5.45545546e+00,1.31604740e-02,1.88846870e-02,3.12774944e-02,9.57854704e-02,5.45545546e+00,2.63228935e-02,4.63221861e-02,6.25549740e-02,2.12327939e-01,5.45545546e+00,6.58412679e-02,2.54536236e-01,1.56387160e-01,7.88735168e-01
5.46546547e+00,1.32344840e-02,1.88912102e-02,3.14099717e-02,9.59745552e-02,5.46546547e+00,2.64709577e-02,4.63577098e-02,6.28199486e-02,2.12791891e-01,5.46546547e+00,6.62122029e-02,2.55267804e-01,1.57049944e-01,7.91288568e-01
5.47547548e+00,1.33090171e-02,1.88977367e-02,3.15431951e-02,9.61637054e-02,5.47547548e+00,2.66200689e-02,4.63932745e-02,6.30864158e-02,2.13256199e-01,5.47547548e+00,6.65857694e-02,2.56002543e-01,1.57716469e-01,7.93849315e-01
5.48548549e+00,1.33840769e-02,1.89042667e-02,3.16771698e-02,9.63529210e-02,5.48548549e+00,2.67702344e-02,4.64288801e-02,6.33543861e-02,2.13720864e-01,5.48548549e+00,6.69619859e-02,2.56740472e-01,1.58386759e-01,7.96417440e-01
5.49549550e+00,1.34596673e-02,1.89108000e-02,3.18119012e-02,9.65422019e-02,5.49549550e+00,2.69214618e-02,4.64645268e-02,6.36238702e-02,2.14185885e-01,5.49549550e+00,6.73408713e-02,2.57481609e-01,1.59060841e-01,7.98992977e-01
5.50550551e+00,1.35357919e-02,1.89173367e-02,3.19473947e-02,9.67315483e-02,5.50550551e+00,2.70737585e-02,4.65002146e-02,6.38948788e-02,2.14651263e-01,5.50550551e+00,6.77224444e-02,2.58225972e-01,1.59738744e-01,8.01575956e-01
5.51551552e+00,1.36124544e-02,1.89238768e-02,3.20836555e-02,9.69209601e-02,5.51551552e+00,2.72271320e-02,4.65359436e-02,6.41674226e-02,2.15116999e-01,5.51551552e+00,6.81067242e-02,2.58973581e-01,1.60420493e-01,8.04166411e-01
5.52552553e+00,1.36896587e-02,1.89304203e-02,3.22206891e-02,9.71104374e-02,5.52552553e+00,2.73815897e-02,4.65717138e-02,6.44415126e-02,2.15583093e-01,5.52552553e+00,6.84937301e-02,2.59724454e-01,1.61106116e-01,8.06764374e-01
5.53553554e+00,1.37674086e-02,1.89369672e-02,3.23585010e-02,9.72999803e-02,5.53553554e+00,2.75371395e-02,4.66075253e-02,6.47171597e-02,2.16049545e-01,5.53553554e+00,6.88834811e-02,2.60478611e-01,1.61795640e-01,8.09369878e-01
5.54554555e+00,1.38457078e-02,1.89435175e-02,3.24970967e-02,9.74895887e-02,5.54554555e+00,2.76937889e-02,4.66433782e-02,6.49943748e-02,2.16516356e-01,5.54554555e+00,6.92759969e-02,2.61236071e-01,1.62489094e-01,8.11982955e-01
5.55555556e+00,1.39245602e-02,1.89500712e-02,3.26364816e-02,9.76792627e-02,5.55555556e+00,2.78515456e-02,4.66792726e-02,6.52731690e-02,2.16983526e-01,5.55555556e+00,6.96712971e-02,2.61996852e-01,1.63186504e-01,8.14603640e-01
5.56556557e+00,1.40039698e-02,1.89566283e-02,3.27766615e-02,9.78690023e-02,5.56556557e+00,2.80104176e-02,4.67152084e-02,6.55535536e-02,2.17451056e-01,5.56556557e+00,7.00694012e-02,2.62760975e-01,1.63887899e-01,8.17231965e-01
5.57557558e+00,1.40839404e-02,1.89631888e-02,3.29176419e-02,9.80588076e-02,5.57557558e+00,2.81704125e-02,4.67511858e-02,6.58355397e-02,2.17918945e-01,5.57557558e+00,7.04703294e-02,2.63528460e-01,1.64593308e-01,8.19867965e-01
5.58558559e+00,1.41644760e-02,1.89697528e-02,3.30594285e-02,9.82486786e-02,5.58558559e+00,2.83315383e-02,4.67872049e-02,6.61191387e-02,2.18387195e-01,5.58558559e+00,7.08741015e-02,2.64299325e-01,1.65302758e-01,8.22511672e-01
5.59559560e+00,1.42455805e-02,1.89763201e-02,3.32020269e-02,9.84386153e-02,5.59559560e+00,2.84938029e-02,4.68232656e-02,6.64043619e-02,2.18855807e-01,5.59559560e+00,7.12807378e-02,2.65073592e-01,1.66016279e-01,8.25163121e-01
5.60560561e+00,1.43272579e-02,1.89828908e-02,3.33454429e-02,9.86286178e-02,5.60560561e+00,2.86572145e-02,4.68593681e-02,6.66912209e-02,2.19324779e-01,5.60560561e+00,7.16902585e-02,2.65851280e-01,1.66733900e-01,8.27822346e-01
5.61561562e+00,1.44095123e-02,1.89894650e-02,3.34896822e-02,9.88186860e-02,5.61561562e+00,2.88217809e-02,4.68955124e-02,6.69797272e-02,2.19794113e-01,5.61561562e+00,7.21026843e-02,2.66632409e-01,1.67455648e-01,8.30489382e-01
5.62562563e+00,1.44923477e-02,1.89960426e-02,3.36347508e-02,9.90088202e-02,5.62562563e+00,2.89875104e-02,4.69316986e-02,6.72698925e-02,2.20263809e-01,5.62562563e+00,7.25180356e-02,2.67416999e-01,1.68181554e-01,8.33164263e-01
5.63563564e+00,1.45757682e-02,1.90026235e-02,3.37806543e-02,9.91990201e-02,5.63563564e+00,2.91544111e-02,4.69679267e-02,6.75617285e-02,2.20733868e-01,5.63563564e+00,7.29363333e-02,2.68205072e-01,1.68911648e-01,8.35847023e-01
5.64564565e+00,1.46597780e-02,1.90092080e-02,3.39273989e-02,9.93892860e-02,5.64564565e+00,2.93224914e-02,4.70041969e-02,6.78552469e-02,2.21204290e-01,5.64564565e+00,7.33575983e-02,2.68996648e-01,1.69645958e-01,8.38537699e-01
5.65565566e+00,1.47443810e-02,1.90157958e-02,3.40749903e-02,9.95796178e-02,5.65565566e+00,2.94917594e-02,4.70405091e-02,6.81504597e-02,2.21675075e-01,5.65565566e+00,7.37818517e-02,2.69791748e-01,1.70384515e-01,8.41236324e-01
5.66566567e+00,1.48295816e-02,1.90223871e-02,3.42234345e-02,9.97700156e-02,5.66566567e+00,2.96622235e-02,4.70768635e-02,6.84473788e-02,2.22146223e-01,5.66566567e+00,7.42091148e-02,2.70590393e-01,1.71127349e-01,8.43942936e-01
5.67567568e+00,1.49153839e-02,1.90289818e-02,3.43727377e-02,9.99604794e-02,5.67567568e+00,2.98338922e-02,4.71132601e-02,6.87460164e-02,2.22617736e-01,5.67567568e+00,7.46394088e-02,2.71392603e-01,1.71874490e-01,8.46657568e-01
5.68568569e+00,1.50017922e-02,1.90355799e-02,3.45229058e-02,1.00151009e-01,5.68568569e+00,3.00067740e-02,4.71496990e-02,6.90463845e-02,2.23089614e-01,5.68568569e+00,7.50727554e-02,2.72198401e-01,1.72625969e-01,8.49380257e-01
5.69569570e+00,1.50888107e-02,1.90421815e-02,3.46739449e-02,1.00341605e-01,5.69569570e+00,3.01808773e-02,4.71861802e-02,6.93484954e-02,2.23561857e-01,5.69569570e+00,7.55091763e-02,2.73007808e-01,1.73381817e-01,8.52111040e-01
5.70570571e+00,1.51764437e-02,1.90487865e-02,3.48258613e-02,1.00532267e-01,5.70570571e+00,3.03562109e-02,4.72227039e-02,6.96523614e-02,2.24034465e-01,5.70570571e+00,7.59486933e-02,2.73820845e-01,1.74142064e-01,8.54849952e-01
5.71571572e+00,1.52646955e-02,1.90553949e-02,3.49786610e-02,1.00722995e-01,5.71571572e+00,3.05327833e-02,4.72592700e-02,6.99579948e-02,2.24507439e-01,5.71571572e+00,7.63913286e-02,2.74637534e-01,1.74906742e-01,8.57597030e-01
5.72572573e+00,1.53535706e-02,1.90620068e-02,3.51323504e-02,1.00913790e-01,5.72572573e+00,3.07106033e-02,4.72958786e-02,7.02654083e-02,2.24980780e-01,5.72572573e+00,7.68371041e-02,2.75457898e-01,1.75675882e-01,8.60352310e-01
5.73573574e+00,1.54430731e-02,1.90686221e-02,3.52869357e-02,1.01104650e-01,5.73573574e+00,3.08896796e-02,4.73325299e-02,7.05746143e-02,2.25454487e-01,5.73573574e+00,7.72860424e-02,2.76281958e-01,1.76449516e-01,8.63115830e-01
5.74574575e+00,1.55332077e-02,1.90752409e-02,3.54424233e-02,1.01295577e-01,5.74574575e+00,3.10700212e-02,4.73692238e-02,7.08856255e-02,2.25928562e-01,5.74574575e+00,7.77381660e-02,2.77109736e-01,1.77227676e-01,8.65887627e-01
5.75575576e+00,1.56239787e-02,1.90818631e-02,3.55988195e-02,1.01486570e-01,5.75575576e+00,3.12516370e-02,4.74059605e-02,7.11984547e-02,2.26403004e-01,5.75575576e+00,7.81934974e-02,2.77941256e-01,1.78010394e-01,8.68667738e-01
5.76576577e+00,1.57153906e-02,1.90884888e-02,3.57561307e-02,1.01677629e-01,5.76576577e+00,3.14345358e-02,4.74427399e-02,7.15131147e-02,2.26877814e-01,5.76576577e+00,7.86520597e-02,2.78776539e-01,1.78797702e-01,8.71456200e-01
5.77577578e+00,1.58074479e-02,1.90951179e-02,3.59143634e-02,1.01868755e-01,5.77577578e+00,3.16187268e-02,4.74795623e-02,7.18296185e-02,2.27352993e-01,5.77577578e+00,7.91138757e-02,2.79615609e-01,1.79589633e-01,8.74253053e-01
5.78578579e+00,1.59001551e-02,1.91017505e-02,3.60735241e-02,1.02059947e-01,5.78578579e+00,3.18042191e-02,4.75164275e-02,7.21479790e-02,2.27828541e-01,5.78578579e+00,7.95789687e-02,2.80458489e-01,1.80386219e-01,8.77058333e-01
5.79579580e+00,1.59935169e-02,1.91083865e-02,3.62336194e-02,1.02251206e-01,5.79579580e+00,3.19910218e-02,4.75533358e-02,7.24682095e-02,2.28304457e-01,5.79579580e+00,8.00473620e-02,2.81305201e-01,1.81187494e-01,8.79872078e-01
5.80580581e+00,1.60875379e-02,1.91150260e-02,3.63946558e-02,1.02442531e-01,5.80580581e+00,3.21791442e-02,4.75902872e-02,7.27903231e-02,2.28780744e-01,5.80580581e+00,8.05190791e-02,2.82155770e-01,1.81993491e-01,8.82694329e-01
5.81581582e+00,1.61822226e-02,1.91216690e-02,3.65566400e-02,1.02633922e-01,5.81581582e+00,3.23685956e-02,4.76272817e-02,7.31143330e-02,2.29257401e-01,5.81581582e+00,8.09941438e-02,2.83010218e-01,1.82804243e-01,8.85525123e-01
5.82582583e+00,1.62775757e-02,1.91283154e-02,3.67195787e-02,1.02825380e-01,5.82582583e+00,3.25593853e-02,4.76643194e-02,7.34402528e-02,2.29734429e-01,5.82582583e+00,8.14725800e-02,2.83868569e-01,1.83619784e-01,8.88364499e-01
5.83583584e+00,1.63736020e-02,1.91349653e-02,3.68834786e-02,1.03016905e-01,5.83583584e+00,3.27515229e-02,4.77014003e-02,7.37680959e-02,2.30211827e-01,5.83583584e+00,8.19544116e-02,2.84730848e-01,1.84440149e-01,8.91212496e-01
5.84584585e+00,1.64703062e-02,1.91416187e-02,3.70483466e-02,1.03208496e-01,5.84584585e+00,3.29450177e-02,4.77385247e-02,7.40978758e-02,2.30689597e-01,5.84584585e+00,8.24396630e-02,2.85597077e-01,1.85265370e-01,8.94069155e-01
5.85585586e+00,1.65676931e-02,1.91482755e-02,3.72141893e-02,1.03400154e-01,5.85585586e+00,3.31398794e-02,4.77756924e-02,7.44296063e-02,2.31167740e-01,5.85585586e+00,8.29283584e-02,2.86467283e-01,1.86095484e-01,8.96934514e-01
5.86586587e+00,1.66657675e-02,1.91549358e-02,3.73810138e-02,1.03591878e-01,5.86586587e+00,3.33361176e-02,4.78129036e-02,7.47633012e-02,2.31646254e-01,5.86586587e+00,8.34205226e-02,2.87341488e-01,1.86930524e-01,8.99808615e-01
5.87587588e+00,1.67645341e-02,1.91615996e-02,3.75488270e-02,1.03783669e-01,5.87587588e+00,3.35337420e-02,4.78501583e-02,7.50989743e-02,2.32125141e-01,5.87587588e+00,8.39161802e-02,2.88219717e-01,1.87770526e-01,9.02691496e-01
5.88588589e+00,1.68639980e-02,1.91682669e-02,3.77176358e-02,1.03975527e-01,5.88588589e+00,3.37327625e-02,4.78874567e-02,7.54366396e-02,2.32604402e-01,5.88588589e+00,8.44153563e-02,2.89101996e-01,1.88615525e-01,9.05583198e-01
5.89589590e+00,1.69641639e-02,1.91749376e-02,3.78874472e-02,1.04167452e-01,5.89589590e+00,3.39331887e-02,4.79247987e-02,7.57763112e-02,2.33084036e-01,5.89589590e+00,8.49180759e-02,2.89988350e-01,1.89465556e-01,9.08483763e-01
5.90590591e+00,1.70650369e-02,1.91816119e-02,3.80582684e-02,1.04359443e-01,5.90590591e+00,3.41350308e-02,4.79621845e-02,7.61180032e-02,2.33564044e-01,5.90590591e+00,8.54243644e-02,2.90878803e-01,1.90320654e-01,9.11393231e-01
5.91591592e+00,1.71666219e-02,1.91882896e-02,3.82301065e-02,1.04551501e-01,5.91591592e+00,3.43382986e-02,4.79996141e-02,7.64617299e-02,2.34044427e-01,5.91591592e+00,8.59342472e-02,2.91773381e-01,1.91180857e-01,9.14311644e-01
5.92592593e+00,1.72689240e-02,1.91949708e-02,3.84029686e-02,1.04743626e-01,5.92592593e+00,3.45430022e-02,4.80370876e-02,7.68075057e-02,2.34525185e-01,5.92592593e+00,8.64477502e-02,2.92672109e-01,1.92046200e-01,9.17239042e-01
5.93593594e+00,1.73719482e-02,1.92016555e-02,3.85768619e-02,1.04935818e-01,5.93593594e+00,3.47491518e-02,4.80746051e-02,7.71553450e-02,2.35006318e-01,5.93593594e+00,8.69648991e-02,2.93575014e-01,1.92916719e-01,9.20175468e-01
5.94594595e+00,1.74756995e-02,1.92083437e-02,3.87517939e-02,1.05128077e-01,5.94594595e+00,3.49567576e-02,4.81121666e-02,7.75052625e-02,2.35487828e-01,5.94594595e+00,8.74857200e-02,2.94482121e-01,1.93792452e-01,9.23120963e-01
5.95595596e+00,1.75801831e-02,1.92150354e-02,3.89277717e-02,1.05320403e-01,5.95595596e+00,3.51658298e-02,4.81497721e-02,7.78572728e-02,2.35969713e-01,5.95595596e+00,8.80102392e-02,2.95393457e-01,1.94673436e-01,9.26075570e-01
5.96596597e+00,1.76854042e-02,1.92217306e-02,3.91048028e-02,1.05512796e-01,5.96596597e+00,3.53763787e-02,4.81874219e-02,7.82113907e-02,2.36451975e-01,5.96596597e+00,8.85384832e-02,2.96309047e-01,1.95559707e-01,9.29039332e-01
5.97597598e+00,1.77913680e-02,1.92284293e-02,3.92828945e-02,1.05705256e-01,5.97597598e+00,3.55884149e-02,4.82251158e-02,7.85676311e-02,2.36934615e-01,5.97597598e+00,8.90704786e-02,2.97228920e-01,1.96451303e-01,9.32012291e-01
5.98598599e+00,1.78980797e-02,1.92351315e-02,3.94620545e-02,1.05897783e-01,5.98598599e+00,3.58019488e-02,4.82628541e-02,7.89260090e-02,2.37417632e-01,5.98598599e+00,8.96062522e-02,2.98153100e-01,1.97348263e-01,9.34994490e-01
5.99599600e+00,1.80055445e-02,1.92418372e-02,3.96422902e-02,1.06090378e-01,5.99599600e+00,3.60169910e-02,4.83006367e-02,7.92865394e-02,2.37901027e-01,5.99599600e+00,9.01458312e-02,2.99081616e-01,1.98250623e-01,9.37985973e-01
6.00600601e+00,1.81137677e-02,1.92485464e-02,3.98236092e-02,1.06283039e-01,6.00600601e+00,3.62335522e-02,4.83384638e-02,7.96492376e-02,2.38384801e-01,6.00600601e+00,9.06892428e-02,3.00014495e-01,1.99158423e-01,9.40986783e-01
6.01601602e+00,1.82227548e-02,1.92552592e-02,4.00060191e-02,1.06475767e-01,6.01601602e+00,3.64516430e-02,4.83763354e-02,8.00141190e-02,2.38868954e-01,6.01601602e+00,9.12365144e-02,3.00951763e-01,2.00071702e-01,9.43996964e-01
6.02602603e+00,1.83325111e-02,1.92619754e-02,4.01895277e-02,1.06668563e-01,6.02602603e+00,3.66712742e-02,4.84142515e-02,8.03811988e-02,2.39353486e-01,6.02602603e+00,9.17876737e-02,3.01893449e-01,2.00990497e-01,9.47016560e-01
6.03603604e+00,1.84430420e-02,1.92686952e-02,4.03741428e-02,1.06861426e-01,6.03603604e+00,3.68924569e-02,4.84522123e-02,8.07504926e-02,2.39838398e-01,6.03603604e+00,9.23427485e-02,3.02839581e-01,2.01914849e-01,9.50045616e-01
6.04604605e+00,1.85543530e-02,1.92754184e-02,4.05598720e-02,1.07054356e-01,6.04604605e+00,3.71152018e-02,4.84902178e-02,8.11220162e-02,2.40323691e-01,6.04604605e+00,9.29017670e-02,3.03790187e-01,2.02844797e-01,9.53084176e-01
6.05605606e+00,1.86664495e-02,1.92821452e-02,4.07467234e-02,1.07247354e-01,6.05605606e+00,3.73395201e-02,4.85282682e-02,8.14957852e-02,2.40809364e-01,6.05605606e+00,9.34647573e-02,3.04745295e-01,2.03780380e-01,9.56132285e-01
6.06606607e+00,1.87793372e-02,1.92888756e-02,4.09347047e-02,1.07440419e-01,6.06606607e+00,3.75654228e-02,4.85663633e-02,8.18718154e-02,2.41295418e-01,6.06606607e+00,9.40317481e-02,3.05704933e-01,2.04721639e-01,9.59189989e-01
6.07607608e+00,1.88930216e-02,1.92956094e-02,4.11238241e-02,1.07633551e-01,6.07607608e+00,3.77929212e-02,4.86045035e-02,8.22501229e-02,2.41781854e-01,6.07607608e+00,9.46027679e-02,3.06669131e-01,2.05668613e-01,9.62257334e-01
6.08608609e+00,1.90075082e-02,1.93023468e-02,4.13140894e-02,1.07826751e-01,6.08608609e+00,3.80220265e-02,4.86426886e-02,8.26307238e-02,2.42268672e-01,6.08608609e+00,9.51778458e-02,3.07637917e-01,2.06621345e-01,9.65334364e-01
6.09609610e+00,1.91228029e-02,1.93090877e-02,4.15055089e-02,1.08020019e-01,6.09609610e+00,3.82527501e-02,4.86809187e-02,8.30136342e-02,2.42755873e-01,6.09609610e+00,9.57570107e-02,3.08611321e-01,2.07579873e-01,9.68421126e-01
6.10610611e+00,1.92389111e-02,1.93158322e-02,4.16980906e-02,1.08213353e-01,6.10610611e+00,3.84851035e-02,4.87191941e-02,8.33988705e-02,2.43243457e-01,6.10610611e+00,9.63402922e-02,3.09589372e-01,2.08544241e-01,9.71517667e-01
6.11611612e+00,1.93558388e-02,1.93225802e-02,4.18918427e-02,1.08406756e-01,6.11611612e+00,3.87190980e-02,4.87575146e-02,8.37864490e-02,2.43731424e-01,6.11611612e+00,9.69277197e-02,3.10572101e-01,2.09514488e-01,9.74624034e-01
6.12612613e+00,1.94735917e-02,1.93293317e-02,4.20867735e-02,1.08600226e-01,6.12612613e+00,3.89547454e-02,4.87958804e-02,8.41763864e-02,2.44219775e-01,6.12612613e+00,9.75193230e-02,3.11559535e-01,2.10490657e-01,9.77740273e-01
6.13613614e+00,1.95921755e-02,1.93360867e-02,4.22828914e-02,1.08793763e-01,6.13613614e+00,3.91920573e-02,4.88342916e-02,8.45686993e-02,2.44708511e-01,6.13613614e+00,9.81151321e-02,3.12551707e-01,2.11472791e-01,9.80866432e-01
6.14614615e+00,1.97115962e-02,1.93428453e-02,4.24802047e-02,1.08987368e-01,6.14614615e+00,3.94310455e-02,4.88727482e-02,8.49634045e-02,2.45197631e-01,6.14614615e+00,9.87151773e-02,3.13548647e-01,2.12460931e-01,9.84002558e-01
6.15615616e+00,1.98318596e-02,1.93496075e-02,4.26787218e-02,1.09181041e-01,6.15615616e+00,3.96717218e-02,4.89112504e-02,8.53605188e-02,2.45687137e-01,6.15615616e+00,9.93194890e-02,3.14550384e-01,2.13455120e-01,9.87148699e-01
6.16616617e+00,1.99529718e-02,1.93563732e-02,4.28784513e-02,1.09374782e-01,6.16616617e+00,3.99140982e-02,4.89497981e-02,8.57600593e-02,2.46177028e-01,6.16616617e+00,9.99280979e-02,3.15556951e-01,2.14455401e-01,9.90304904e-01
6.17617618e+00,2.00749386e-02,1.93631424e-02,4.30794016e-02,1.09568590e-01,6.17617618e+00,4.01581867e-02,4.89883914e-02,8.61620432e-02,2.46667306e-01,6.17617618e+00,1.00541035e-01,3.16568378e-01,2.15461818e-01,9.93471222e-01
6.18618619e+00,2.01977661e-02,1.93699153e-02,4.32815814e-02,1.09762466e-01,6.18618619e+00,4.04039993e-02,4.90270304e-02,8.65664876e-02,2.47157970e-01,6.18618619e+00,1.01158331e-01,3.17584696e-01,2.16474414e-01,9.96647700e-01
6.19619620e+00,2.03214604e-02,1.93766916e-02,4.34849995e-02,1.09956410e-01,6.19619620e+00,4.06515484e-02,4.90657153e-02,8.69734100e-02,2.47649022e-01,6.19619620e+00,1.01780018e-01,3.18605938e-01,2.17493233e-01,9.99834389e-01
6.20620621e+00,2.04460276e-02,1.93834715e-02,4.36896644e-02,1.10150422e-01,6.20620621e+00,4.09008461e-02,4.91044460e-02,8.73828279e-02,2.48140461e-01,6.20620621e+00,1.02406127e-01,3.19632136e-01,2.18518319e-01,1.00303134e+00
6.21621622e+00,2.05714739e-02,1.93902550e-02,4.38955851e-02,1.10344501e-01,6.21621622e+00,4.11519048e-02,4.91432226e-02,8.77947589e-02,2.48632288e-01,6.21621622e+00,1.03036690e-01,3.20663321e-01,2.19549717e-01,1.00623860e+00
6.22622623e+00,2.06978053e-02,1.93970421e-02,4.41027703e-02,1.10538649e-01,6.22622623e+00,4.14047370e-02,4.91820453e-02,8.82092207e-02,2.49124503e-01,6.22622623e+00,1.03671740e-01,3.21699526e-01,2.20587473e-01,1.00945621e+00
6.23623624e+00,2.08250283e-02,1.94038327e-02,4.43112290e-02,1.10732864e-01,6.23623624e+00,4.16593552e-02,4.92209140e-02,8.86262313e-02,2.49617108e-01,6.23623624e+00,1.04311307e-01,3.22740784e-01,2.21631630e-01,1.01268424e+00
6.24624625e+00,2.09531491e-02,1.94106269e-02,4.45209703e-02,1.10927148e-01,6.24624625e+00,4.19157721e-02,4.92598289e-02,8.90458086e-02,2.50110102e-01,6.24624625e+00,1.04955426e-01,3.23787127e-01,2.22682235e-01,1.01592273e+00
6.25625626e+00,2.10821739e-02,1.94174246e-02,4.47320030e-02,1.11121500e-01,6.25625626e+00,4.21740003e-02,4.92987900e-02,8.94679707e-02,2.50603485e-01,6.25625626e+00,1.05604129e-01,3.24838590e-01,2.23739333e-01,1.01917173e+00
6.26626627e+00,2.12121093e-02,1.94242259e-02,4.49443365e-02,1.11315919e-01,6.26626627e+00,4.24340528e-02,4.93377974e-02,8.98927360e-02,2.51097260e-01,6.26626627e+00,1.06257449e-01,3.25895205e-01,2.24802971e-01,1.02243130e+00
6.27627628e+00,2.13429616e-02,1.94310308e-02,4.51579797e-02,1.11510407e-01,6.27627628e+00,4.26959423e-02,4.93768511e-02,9.03201228e-02,2.51591425e-01,6.27627628e+00,1.06915418e-01,3.26957007e-01,2.25873196e-01,1.02570148e+00
6.28628629e+00,2.14747372e-02,1.94378393e-02,4.53729421e-02,1.11704963e-01,6.28628629e+00,4.29596819e-02,4.94159514e-02,9.07501497e-02,2.52085981e-01,6.28628629e+00,1.07578072e-01,3.28024029e-01,2.26950053e-01,1.02898233e+00
6.29629630e+00,2.16074428e-02,1.94446514e-02,4.55892328e-02,1.11899587e-01,6.29629630e+00,4.32252848e-02,4.94550981e-02,9.11828352e-02,2.52580929e-01,6.29629630e+00,1.08245443e-01,3.29096306e-01,2.28033591e-01,1.03227390e+00
6.30630631e+00,2.17410848e-02,1.94514670e-02,4.58068613e-02,1.12094279e-01,6.30630631e+00,4.34927639e-02,4.94942915e-02,9.16181982e-02,2.53076269e-01,6.30630631e+00,1.08917566e-01,3.30173873e-01,2.29123857e-01,1.03557624e+00
6.31631632e+00,2.18756699e-02,1.94582862e-02,4.60258369e-02,1.12289040e-01,6.31631632e+00,4.37621328e-02,4.95335315e-02,9.20562576e-02,2.53572002e-01,6.31631632e+00,1.09594475e-01,3.31256764e-01,2.30220899e-01,1.03888941e+00
6.32632633e+00,2.20112047e-02,1.94651091e-02,4.62461693e-02,1.12483869e-01,6.32632633e+00,4.40334046e-02,4.95728182e-02,9.24970324e-02,2.54068128e-01,6.32632633e+00,1.10276204e-01,3.32345015e-01,2.31324765e-01,1.04221346e+00
6.33633634e+00,2.21476959e-02,1.94719355e-02,4.64678680e-02,1.12678766e-01,6.33633634e+00,4.43065930e-02,4.96121518e-02,9.29405419e-02,2.54564647e-01,6.33633634e+00,1.10962789e-01,3.33438661e-01,2.32435503e-01,1.04554844e+00
6.34634635e+00,2.22851503e-02,1.94787655e-02,4.66909425e-02,1.12873732e-01,6.34634635e+00,4.45817114e-02,4.96515322e-02,9.33868053e-02,2.55061561e-01,6.34634635e+00,1.11654265e-01,3.34537739e-01,2.33553164e-01,1.04889441e+00
6.35635636e+00,2.24235746e-02,1.94855991e-02,4.69154027e-02,1.13068765e-01,6.35635636e+00,4.48587735e-02,4.96909596e-02,9.38358420e-02,2.55558869e-01,6.35635636e+00,1.12350666e-01,3.35642283e-01,2.34677795e-01,1.05225142e+00
6.36636637e+00,2.25629758e-02,1.94924363e-02,4.71412584e-02,1.13263868e-01,6.36636637e+00,4.51377931e-02,4.97304341e-02,9.42876718e-02,2.56056573e-01,6.36636637e+00,1.13052028e-01,3.36752332e-01,2.35809447e-01,1.05561954e+00
6.37637638e+00,2.27033607e-02,1.94992771e-02,4.73685192e-02,1.13459039e-01,6.37637638e+00,4.54187840e-02,4.97699557e-02,9.47423143e-02,2.56554671e-01,6.37637638e+00,1.13758388e-01,3.37867921e-01,2.36948170e-01,1.05899880e+00
6.38638639e+00,2.28447362e-02,1.95061215e-02,4.75971953e-02,1.13654278e-01,6.38638639e+00,4.57017602e-02,4.98095245e-02,9.51997893e-02,2.57053166e-01,6.38638639e+00,1.14469782e-01,3.38989087e-01,2.38094013e-01,1.06238927e+00
6.39639640e+00,2.29871093e-02,1.95129695e-02,4.78272965e-02,1.13849586e-01,6.39639640e+00,4.59867358e-02,4.98491405e-02,9.56601170e-02,2.57552057e-01,6.39639640e+00,1.15186246e-01,3.40115869e-01,2.39247029e-01,1.06579101e+00
6.40640641e+00,2.31304872e-02,1.95198211e-02,4.80588329e-02,1.14044962e-01,6.40640641e+00,4.62737248e-02,4.98888039e-02,9.61233175e-02,2.58051345e-01,6.40640641e+00,1.15907816e-01,3.41248302e-01,2.40407267e-01,1.06920407e+00
6.41641642e+00,2.32748768e-02,1.95266763e-02,4.82918146e-02,1.14240407e-01,6.41641642e+00,4.65627417e-02,4.99285147e-02,9.65894110e-02,2.58551031e-01,6.41641642e+00,1.16634531e-01,3.42386427e-01,2.41574780e-01,1.07262851e+00
6.42642643e+00,2.34202853e-02,1.95335352e-02,4.85262519e-02,1.14435921e-01,6.42642643e+00,4.68538006e-02,4.99682729e-02,9.70584180e-02,2.59051114e-01,6.42642643e+00,1.17366426e-01,3.43530280e-01,2.42749619e-01,1.07606438e+00
6.43643644e+00,2.35667199e-02,1.95403977e-02,4.87621550e-02,1.14631503e-01,6.43643644e+00,4.71469161e-02,5.00080788e-02,9.75303591e-02,2.59551596e-01,6.43643644e+00,1.18103540e-01,3.44679901e-01,2.43931837e-01,1.07951175e+00
6.44644645e+00,2.37141878e-02,1.95472637e-02,4.89995343e-02,1.14827155e-01,6.44644645e+00,4.74421028e-02,5.00479323e-02,9.80052550e-02,2.60052476e-01,6.44644645e+00,1.18845911e-01,3.45835328e-01,2.45121485e-01,1.08297067e+00
6.45645646e+00,2.38626964e-02,1.95541334e-02,4.92384001e-02,1.15022874e-01,6.45645646e+00,4.77393753e-02,5.00878335e-02,9.84831267e-02,2.60553756e-01,6.45645646e+00,1.19593576e-01,3.46996601e-01,2.46318618e-01,1.08644120e+00
6.46646647e+00,2.40122530e-02,1.95610068e-02,4.94787630e-02,1.15218663e-01,6.46646647e+00,4.80387484e-02,5.01277825e-02,9.89639950e-02,2.61055436e-01,6.46646647e+00,1.20346574e-01,3.48163759e-01,2.47523289e-01,1.08992339e+00
6.47647648e+00,2.41628649e-02,1.95678837e-02,4.97206335e-02,1.15414521e-01,6.47647648e+00,4.83402370e-02,5.01677794e-02,9.94478813e-02,2.61557516e-01,6.47647648e+00,1.21104944e-01,3.49336843e-01,2.48735550e-01,1.09341732e+00
6.48648649e+00,2.43145397e-02,1.95747643e-02,4.99640223e-02,1.15610447e-01,6.48648649e+00,4.86438561e-02,5.02078243e-02,9.99348067e-02,2.62059996e-01,6.48648649e+00,1.21868725e-01,3.50515892e-01,2.49955458e-01,1.09692303e+00
6.49649650e+00,2.44672848e-02,1.95816485e-02,5.02089401e-02,1.15806442e-01,6.49649650e+00,4.89496207e-02,5.02479171e-02,1.00424793e-01,2.62562878e-01,6.49649650e+00,1.22637956e-01,3.51700947e-01,2.51183065e-01,1.10044059e+00
6.50650651e+00,2.46211078e-02,1.95885364e-02,5.04553976e-02,1.16002506e-01,6.50650651e+00,4.92575461e-02,5.02880581e-02,1.00917861e-01,2.63066161e-01,6.50650651e+00,1.23412677e-01,3.52892050e-01,2.52418427e-01,1.10397005e+00
6.51651652e+00,2.47760163e-02,1.95954278e-02,5.07034058e-02,1.16198640e-01,6.51651652e+00,4.95676475e-02,5.03282472e-02,1.01414034e-01,2.63569847e-01,6.51651652e+00,1.24192928e-01,3.54089241e-01,2.53661599e-01,1.10751149e+00
6.52652653e+00,2.49320180e-02,1.96023230e-02,5.09529755e-02,1.16394842e-01,6.52652653e+00,4.98799405e-02,5.03684846e-02,1.01913333e-01,2.64073935e-01,6.52652653e+00,1.24978749e-01,3.55292562e-01,2.54912638e-01,1.11106496e+00
6.53653654e+00,2.50891205e-02,1.96092217e-02,5.12041179e-02,1.16591113e-01,6.53653654e+00,5.01944405e-02,5.04087704e-02,1.02415780e-01,2.64578426e-01,6.53653654e+00,1.25770180e-01,3.56502056e-01,2.56171599e-01,1.11463051e+00
6.54654655e+00,2.52473317e-02,1.96161241e-02,5.14568439e-02,1.16787453e-01,6.54654655e+00,5.05111632e-02,5.04491045e-02,1.02921397e-01,2.65083321e-01,6.54654655e+00,1.26567263e-01,3.57717765e-01,2.57438538e-01,1.11820822e+00
6.55655656e+00,2.54066594e-02,1.96230302e-02,5.17111648e-02,1.16983863e-01,6.55655656e+00,5.08301243e-02,5.04894872e-02,1.03430207e-01,2.65588621e-01,6.55655656e+00,1.27370038e-01,3.58939731e-01,2.58713513e-01,1.12179815e+00
6.56656657e+00,2.55671114e-02,1.96299399e-02,5.19670919e-02,1.17180341e-01,6.56656657e+00,5.11513397e-02,5.05299184e-02,1.03942232e-01,2.66094324e-01,6.56656657e+00,1.28178547e-01,3.60167998e-01,2.59996582e-01,1.12540035e+00
6.57657658e+00,2.57286958e-02,1.96368533e-02,5.22246364e-02,1.17376889e-01,6.57657658e+00,5.14748254e-02,5.05703982e-02,1.04457496e-01,2.66600433e-01,6.57657658e+00,1.28992833e-01,3.61402609e-01,2.61287802e-01,1.12901490e+00
6.58658659e+00,2.58914204e-02,1.96437703e-02,5.24838097e-02,1.17573506e-01,6.58658659e+00,5.18005975e-02,5.06109268e-02,1.04976020e-01,2.67106947e-01,6.58658659e+00,1.29812936e-01,3.62643608e-01,2.62587230e-01,1.13264186e+00
6.59659660e+00,2.60552934e-02,1.96506910e-02,5.27446235e-02,1.17770192e-01,6.59659660e+00,5.21286722e-02,5.06515042e-02,1.05497829e-01,2.67613868e-01,6.59659660e+00,1.30638900e-01,3.63891040e-01,2.63894927e-01,1.13628128e+00
6.60660661e+00,2.62203228e-02,1.96576153e-02,5.30070892e-02,1.17966948e-01,6.60660661e+00,5.24590658e-02,5.06921305e-02,1.06022945e-01,2.68121195e-01,6.60660661e+00,1.31470767e-01,3.65144949e-01,2.65210951e-01,1.13993324e+00
6.61661662e+00,2.63865169e-02,1.96645433e-02,5.32712185e-02,1.18163773e-01,6.61661662e+00,5.27917947e-02,5.07328057e-02,1.06551391e-01,2.68628929e-01,6.61661662e+00,1.32308580e-01,3.66405380e-01,2.66535361e-01,1.14359780e+00
6.62662663e+00,2.65538838e-02,1.96714750e-02,5.35370231e-02,1.18360667e-01,6.62662663e+00,5.31268756e-02,5.07735300e-02,1.07083192e-01,2.69137070e-01,6.62662663e+00,1.33152383e-01,3.67672378e-01,2.67868218e-01,1.14727503e+00
6.63663664e+00,2.67224318e-02,1.96784103e-02,5.38045149e-02,1.18557631e-01,6.63663664e+00,5.34643252e-02,5.08143033e-02,1.07618370e-01,2.69645620e-01,6.63663664e+00,1.34002220e-01,3.68945990e-01,2.69209581e-01,1.15096499e+00
6.64664665e+00,2.68921693e-02,1.96853493e-02,5.40737058e-02,1.18754664e-01,6.64664665e+00,5.38041601e-02,5.08551259e-02,1.08156950e-01,2.70154578e-01,6.64664665e+00,1.34858135e-01,3.70226262e-01,2.70559512e-01,1.15466775e+00
6.65665666e+00,2.70631047e-02,1.96922920e-02,5.43446078e-02,1.18951767e-01,6.65665666e+00,5.41463974e-02,5.08959978e-02,1.08698956e-01,2.70663945e-01,6.65665666e+00,1.35720172e-01,3.71513240e-01,2.71918073e-01,1.15838337e+00
6.66666667e+00,2.72352464e-02,1.96992383e-02,5.46172329e-02,1.19148939e-01,6.66666667e+00,5.44910540e-02,5.09369190e-02,1.09244412e-01,2.71173722e-01,6.66666667e+00,1.36588376e-01,3.72806972e-01,2.73285324e-01,1.16211193e+00
6.67667668e+00,2.74086029e-02,1.97061883e-02,5.48915933e-02,1.19346181e-01,6.67667668e+00,5.48381472e-02,5.09778896e-02,1.09793343e-01,2.71683908e-01,6.67667668e+00,1.37462792e-01,3.74107504e-01,2.74661328e-01,1.16585349e+00
6.68668669e+00,2.75831829e-02,1.97131420e-02,5.51677012e-02,1.19543492e-01,6.68668669e+00,5.51876943e-02,5.10189098e-02,1.10345772e-01,2.72194505e-01,6.68668669e+00,1.38343466e-01,3.75414886e-01,2.76046147e-01,1.16960812e+00
6.69669670e+00,2.77589950e-02,1.97200994e-02,5.54455690e-02,1.19740873e-01,6.69669670e+00,5.55397126e-02,5.10599795e-02,1.10901725e-01,2.72705513e-01,6.69669670e+00,1.39230443e-01,3.76729164e-01,2.77439845e-01,1.17337589e+00
6.70670671e+00,2.79360478e-02,1.97270605e-02,5.57252091e-02,1.19938324e-01,6.70670671e+00,5.58942197e-02,5.11010990e-02,1.11461227e-01,2.73216933e-01,6.70670671e+00,1.40123771e-01,3.78050389e-01,2.78842486e-01,1.17715686e+00
6.71671672e+00,2.81143502e-02,1.97340253e-02,5.60066341e-02,1.20135844e-01,6.71671672e+00,5.62512333e-02,5.11422681e-02,1.12024302e-01,2.73728764e-01,6.71671672e+00,1.41023495e-01,3.79378608e-01,2.80254132e-01,1.18095111e+00
6.72672673e+00,2.82939109e-02,1.97409937e-02,5.62898564e-02,1.20333434e-01,6.72672673e+00,5.66107711e-02,5.11834872e-02,1.12590977e-01,2.74241008e-01,6.72672673e+00,1.41929662e-01,3.80713873e-01,2.81674850e-01,1.18475872e+00
6.73673674e+00,2.84747389e-02,1.97479659e-02,5.65748888e-02,1.20531094e-01,6.73673674e+00,5.69728511e-02,5.12247561e-02,1.13161275e-01,2.74753665e-01,6.73673674e+00,1.42842321e-01,3.82056232e-01,2.83104703e-01,1.18857974e+00
6.74674675e+00,2.86568431e-02,1.97549417e-02,5.68617441e-02,1.20728824e-01,6.74674675e+00,5.73374913e-02,5.12660750e-02,1.13735224e-01,2.75266736e-01,6.74674675e+00,1.43761517e-01,3.83405736e-01,2.84543757e-01,1.19241425e+00
6.75675676e+00,2.88402325e-02,1.97619213e-02,5.71504351e-02,1.20926623e-01,6.75675676e+00,5.77047100e-02,5.13074440e-02,1.14312849e-01,2.75780220e-01,6.75675676e+00,1.44687301e-01,3.84762437e-01,2.85992078e-01,1.19626232e+00
6.76676677e+00,2.90249163e-02,1.97689045e-02,5.74409748e-02,1.21124493e-01,6.76676677e+00,5.80745253e-02,5.13488632e-02,1.14894176e-01,2.76294119e-01,6.76676677e+00,1.45619719e-01,3.86126386e-01,2.87449733e-01,1.20012403e+00
6.77677678e+00,2.92109034e-02,1.97758915e-02,5.77333762e-02,1.21322432e-01,6.77677678e+00,5.84469558e-02,5.13903326e-02,1.15479230e-01,2.76808433e-01,6.77677678e+00,1.46558822e-01,3.87497634e-01,2.88916788e-01,1.20399945e+00
6.78678679e+00,2.93982032e-02,1.97828821e-02,5.80276526e-02,1.21520441e-01,6.78678679e+00,5.88220201e-02,5.14318523e-02,1.16068039e-01,2.77323162e-01,6.78678679e+00,1.47504657e-01,3.88876234e-01,2.90393311e-01,1.20788864e+00
6.79679680e+00,2.95868250e-02,1.97898765e-02,5.83238170e-02,1.21718521e-01,6.79679680e+00,5.91997367e-02,5.14734224e-02,1.16660629e-01,2.77838307e-01,6.79679680e+00,1.48457276e-01,3.90262239e-01,2.91879370e-01,1.21179170e+00
6.80680681e+00,2.97767780e-02,1.97968746e-02,5.86218828e-02,1.21916670e-01,6.80680681e+00,5.95801247e-02,5.15150430e-02,1.17257027e-01,2.78353869e-01,6.80680681e+00,1.49416727e-01,3.91655702e-01,2.93375033e-01,1.21570868e+00
6.81681682e+00,2.99680717e-02,1.98038764e-02,5.89218635e-02,1.22114889e-01,6.81681682e+00,5.99632029e-02,5.15567142e-02,1.17857259e-01,2.78869848e-01,6.81681682e+00,1.50383061e-01,3.93056677e-01,2.94880369e-01,1.21963967e+00
6.82682683e+00,3.01607155e-02,1.98108819e-02,5.92237726e-02,1.22313179e-01,6.82682683e+00,6.03489905e-02,5.15984360e-02,1.18461353e-01,2.79386244e-01,6.82682683e+00,1.51356329e-01,3.94465218e-01,2.96395447e-01,1.22358474e+00
6.83683684e+00,3.03547190e-02,1.98178911e-02,5.95276236e-02,1.22511539e-01,6.83683684e+00,6.07375067e-02,5.16402086e-02,1.19069336e-01,2.79903059e-01,6.83683684e+00,1.52336583e-01,3.95881380e-01,2.97920338e-01,1.22754396e+00
6.84684685e+00,3.05500918e-02,1.98249041e-02,5.98334303e-02,1.22709969e-01,6.84684685e+00,6.11287709e-02,5.16820319e-02,1.19681236e-01,2.80420292e-01,6.84684685e+00,1.53323873e-01,3.97305218e-01,2.99455112e-01,1.23151742e+00
6.85685686e+00,3.07468436e-02,1.98319207e-02,6.01412066e-02,1.22908469e-01,6.85685686e+00,6.15228027e-02,5.17239062e-02,1.20297080e-01,2.80937944e-01,6.85685686e+00,1.54318253e-01,3.98736788e-01,3.00999839e-01,1.23550519e+00
6.86686687e+00,3.09449841e-02,1.98389411e-02,6.04509662e-02,1.23107039e-01,6.86686687e+00,6.19196217e-02,5.17658314e-02,1.20916896e-01,2.81456015e-01,6.86686687e+00,1.55319773e-01,4.00176146e-01,3.02554591e-01,1.23950735e+00
6.87687688e+00,3.11445231e-02,1.98459653e-02,6.07627231e-02,1.23305680e-01,6.87687688e+00,6.23192478e-02,5.18078077e-02,1.21540712e-01,2.81974507e-01,6.87687688e+00,1.56328488e-01,4.01623349e-01,3.04119441e-01,1.24352397e+00
6.88688689e+00,3.13454705e-02,1.98529931e-02,6.10764916e-02,1.23504391e-01,6.88688689e+00,6.27217009e-02,5.18498352e-02,1.22168557e-01,2.82493419e-01,6.88688689e+00,1.57344451e-01,4.03078454e-01,3.05694461e-01,1.24755514e+00
6.89689690e+00,3.15478363e-02,1.98600248e-02,6.13922858e-02,1.23703172e-01,6.89689690e+00,6.31270010e-02,5.18919138e-02,1.22800459e-01,2.83012752e-01,6.89689690e+00,1.58367714e-01,4.04541519e-01,3.07279723e-01,1.25160094e+00
6.90690691e+00,3.17516304e-02,1.98670601e-02,6.17101199e-02,1.23902024e-01,6.90690691e+00,6.35351685e-02,5.19340438e-02,1.23436446e-01,2.83532507e-01,6.90690691e+00,1.59398334e-01,4.06012603e-01,3.08875302e-01,1.25566144e+00
6.91691692e+00,3.19568631e-02,1.98740992e-02,6.20300084e-02,1.24100947e-01,6.91691692e+00,6.39462238e-02,5.19762252e-02,1.24076549e-01,2.84052683e-01,6.91691692e+00,1.60436363e-01,4.07491764e-01,3.10481272e-01,1.25973673e+00
6.92692693e+00,3.21635444e-02,1.98811420e-02,6.23519658e-02,1.24299939e-01,6.92692693e+00,6.43601873e-02,5.20184580e-02,1.24720795e-01,2.84573283e-01,6.92692693e+00,1.61481857e-01,4.08979062e-01,3.12097707e-01,1.26382688e+00
6.93693694e+00,3.23716846e-02,1.98881886e-02,6.26760067e-02,1.24499003e-01,6.93693694e+00,6.47770798e-02,5.20607424e-02,1.25369214e-01,2.85094306e-01,6.93693694e+00,1.62534872e-01,4.10474557e-01,3.13724682e-01,1.26793199e+00
6.94694695e+00,3.25812939e-02,1.98952389e-02,6.30021458e-02,1.24698137e-01,6.94694695e+00,6.51969221e-02,5.21030785e-02,1.26021836e-01,2.85615752e-01,6.94694695e+00,1.63595464e-01,4.11978309e-01,3.15362275e-01,1.27205212e+00
6.95695696e+00,3.27923829e-02,1.99022930e-02,6.33303979e-02,1.24897341e-01,6.95695696e+00,6.56197352e-02,5.21454663e-02,1.26678690e-01,2.86137622e-01,6.95695696e+00,1.64663688e-01,4.13490379e-01,3.17010560e-01,1.27618737e+00
6.96696697e+00,3.30049619e-02,1.99093508e-02,6.36607779e-02,1.25096616e-01,6.96696697e+00,6.60455402e-02,5.21879059e-02,1.27339807e-01,2.86659917e-01,6.96696697e+00,1.65739602e-01,4.15010829e-01,3.18669615e-01,1.28033782e+00
6.97697698e+00,3.32190415e-02,1.99164124e-02,6.39933008e-02,1.25295962e-01,6.97697698e+00,6.64743585e-02,5.22303974e-02,1.28005216e-01,2.87182638e-01,6.97697698e+00,1.66823263e-01,4.16539722e-01,3.20339517e-01,1.28450355e+00
6.98698699e+00,3.34346322e-02,1.99234778e-02,6.43279818e-02,1.25495379e-01,6.98698699e+00,6.69062114e-02,5.22729408e-02,1.28674947e-01,2.87705784e-01,6.98698699e+00,1.67914729e-01,4.18077120e-01,3.22020345e-01,1.28868465e+00
6.99699700e+00,3.36517448e-02,1.99305469e-02,6.46648361e-02,1.25694866e-01,6.99699700e+00,6.73411207e-02,5.23155364e-02,1.29349033e-01,2.88229356e-01,6.99699700e+00,1.69014058e-01,4.19623086e-01,3.23712178e-01,1.29288121e+00
7.00700701e+00,3.38703901e-02,1.99376198e-02,6.50038791e-02,1.25894424e-01,7.00700701e+00,6.77791079e-02,5.23581841e-02,1.30027502e-01,2.88753355e-01,7.00700701e+00,1.70121309e-01,4.21177685e-01,3.25415094e-01,1.29709330e+00
7.01701702e+00,3.40905788e-02,1.99446964e-02,6.53451261e-02,1.26094053e-01,7.01701702e+00,6.82201952e-02,5.24008840e-02,1.30710387e-01,2.89277782e-01,7.01701702e+00,1.71236541e-01,4.22740981e-01,3.27129173e-01,1.30132102e+00
7.02702703e+00,3.43123219e-02,1.99517768e-02,6.56885928e-02,1.26293752e-01,7.02702703e+00,6.86644045e-02,5.24436363e-02,1.31397718e-01,2.89802636e-01,7.02702703e+00,1.72359813e-01,4.24313039e-01,3.28854497e-01,1.30556446e+00
7.03703704e+00,3.45356303e-02,1.99588610e-02,6.60342948e-02,1.26493523e-01,7.03703704e+00,6.91117580e-02,5.24864409e-02,1.32089528e-01,2.90327918e-01,7.03703704e+00,1.73491187e-01,4.25893926e-01,3.30591145e-01,1.30982370e+00
7.04704705e+00,3.47605152e-02,1.99659490e-02,6.63822479e-02,1.26693365e-01,7.04704705e+00,6.95622782e-02,5.25292981e-02,1.32785847e-01,2.90853630e-01,7.04704705e+00,1.74630722e-01,4.27483707e-01,3.32339201e-01,1.31409882e+00
7.05705706e+00,3.49869876e-02,1.99730407e-02,6.67324680e-02,1.26893277e-01,7.05705706e+00,7.00159877e-02,5.25722078e-02,1.33486708e-01,2.91379771e-01,7.05705706e+00,1.75778480e-01,4.29082450e-01,3.34098745e-01,1.31838993e+00
7.06706707e+00,3.52150588e-02,1.99801363e-02,6.70849711e-02,1.27093261e-01,7.06706707e+00,7.04729091e-02,5.26151703e-02,1.34192142e-01,2.91906341e-01,7.06706707e+00,1.76934522e-01,4.30690222e-01,3.35869861e-01,1.32269711e+00
7.07707708e+00,3.54447402e-02,1.99872356e-02,6.74397733e-02,1.27293316e-01,7.07707708e+00,7.09330654e-02,5.26581854e-02,1.34902183e-01,2.92433343e-01,7.07707708e+00,1.78098911e-01,4.32307092e-01,3.37652633e-01,1.32702046e+00
7.08708709e+00,3.56760430e-02,1.99943387e-02,6.77968908e-02,1.27493441e-01,7.08708709e+00,7.13964795e-02,5.27012534e-02,1.35616862e-01,2.92960775e-01,7.08708709e+00,1.79271709e-01,4.33933129e-01,3.39447145e-01,1.33136005e+00
7.09709710e+00,3.59089788e-02,2.00014455e-02,6.81563401e-02,1.27693638e-01,7.09709710e+00,7.18631748e-02,5.27443744e-02,1.36336214e-01,2.93488638e-01,7.09709710e+00,1.80452980e-01,4.35568403e-01,3.41253481e-01,1.33571600e+00
7.10710711e+00,3.61435591e-02,2.00085562e-02,6.85181375e-02,1.27893906e-01,7.10710711e+00,7.23331746e-02,5.27875483e-02,1.37060269e-01,2.94016934e-01,7.10710711e+00,1.81642787e-01,4.37212983e-01,3.43071727e-01,1.34008838e+00
7.11711712e+00,3.63797955e-02,2.00156707e-02,6.88822996e-02,1.28094245e-01,7.11711712e+00,7.28065025e-02,5.28307753e-02,1.37789063e-01,2.94545662e-01,7.11711712e+00,1.82841194e-01,4.38866941e-01,3.44901969e-01,1.34447729e+00
7.12712713e+00,3.66176998e-02,2.00227890e-02,6.92488431e-02,1.28294656e-01,7.12712713e+00,7.32831822e-02,5.28740556e-02,1.38522629e-01,2.95074824e-01,7.12712713e+00,1.84048268e-01,4.40530348e-01,3.46744294e-01,1.34888283e+00
7.13713714e+00,3.68572838e-02,2.00299110e-02,6.96177849e-02,1.28495138e-01,7.13713714e+00,7.37632376e-02,5.29173891e-02,1.39260999e-01,2.95604419e-01,7.13713714e+00,1.85264072e-01,4.42203277e-01,3.48598789e-01,1.35330510e+00
7.14714715e+00,3.70985592e-02,2.00370369e-02,6.99891418e-02,1.28695691e-01,7.14714715e+00,7.42466928e-02,5.29607760e-02,1.40004209e-01,2.96134448e-01,7.14714715e+00,1.86488673e-01,4.43885801e-01,3.50465543e-01,1.35774418e+00
7.15715716e+00,3.73415382e-02,2.00441666e-02,7.03629310e-02,1.28896315e-01,7.15715716e+00,7.47335720e-02,5.30042163e-02,1.40752293e-01,2.96664912e-01,7.15715716e+00,1.87722137e-01,4.45577994e-01,3.52344643e-01,1.36220017e+00
7.16716717e+00,3.75862327e-02,2.00513001e-02,7.07391696e-02,1.29097011e-01,7.16716717e+00,7.52238998e-02,5.30477101e-02,1.41505285e-01,2.97195811e-01,7.16716717e+00,1.88964531e-01,4.47279929e-01,3.54236180e-01,1.36667318e+00
7.17717718e+00,3.78326548e-02,2.00584374e-02,7.11178748e-02,1.29297778e-01,7.17717718e+00,7.57177006e-02,5.30912576e-02,1.42263220e-01,2.97727146e-01,7.17717718e+00,1.90215924e-01,4.48991683e-01,3.56140244e-01,1.37116330e+00
7.18718719e+00,3.80808169e-02,2.00655785e-02,7.14990642e-02,1.29498617e-01,7.18718719e+00,7.62149993e-02,5.31348588e-02,1.43026133e-01,2.98258917e-01,7.18718719e+00,1.91476382e-01,4.50713331e-01,3.58056924e-01,1.37567063e+00
7.19719720e+00,3.83307312e-02,2.00727234e-02,7.18827552e-02,1.29699527e-01,7.19719720e+00,7.67158209e-02,5.31785138e-02,1.43794059e-01,2.98791125e-01,7.19719720e+00,1.92745975e-01,4.52444951e-01,3.59986313e-01,1.38019526e+00
7.20720721e+00,3.85824101e-02,2.00798721e-02,7.22689655e-02,1.29900509e-01,7.20720721e+00,7.72201905e-02,5.32222227e-02,1.44567034e-01,2.99323771e-01,7.20720721e+00,1.94024773e-01,4.54186618e-01,3.61928503e-01,1.38473730e+00
7.21721722e+00,3.88358660e-02,2.00870247e-02,7.26577129e-02,1.30101563e-01,7.21721722e+00,7.77281334e-02,5.32659856e-02,1.45345093e-01,2.99856854e-01,7.21721722e+00,1.95312844e-01,4.55938412e-01,3.63883587e-01,1.38929686e+00
7.22722723e+00,3.90911117e-02,2.00941811e-02,7.30490153e-02,1.30302688e-01,7.22722723e+00,7.82396752e-02,5.33098025e-02,1.46128273e-01,3.00390376e-01,7.22722723e+00,1.96610260e-01,4.57700411e-01,3.65851657e-01,1.39387402e+00
7.23723724e+00,3.93481596e-02,2.01013413e-02,7.34428908e-02,1.30503884e-01,7.23723724e+00,7.87548416e-02,5.33536736e-02,1.46916610e-01,3.00924337e-01,7.23723724e+00,1.97917092e-01,4.59472695e-01,3.67832809e-01,1.39846891e+00
7.24724725e+00,3.96070226e-02,2.01085054e-02,7.38393575e-02,1.30705153e-01,7.24724725e+00,7.92736584e-02,5.33975990e-02,1.47710140e-01,3.01458737e-01,7.24724725e+00,1.99233412e-01,4.61255345e-01,3.69827138e-01,1.40308160e+00
7.25725726e+00,3.98677136e-02,2.01156733e-02,7.42384337e-02,1.30906493e-01,7.25725726e+00,7.97961518e-02,5.34415787e-02,1.48508901e-01,3.01993578e-01,7.25725726e+00,2.00559291e-01,4.63048441e-01,3.71834738e-01,1.40771223e+00
7.26726727e+00,4.01302454e-02,2.01228450e-02,7.46401379e-02,1.31107905e-01,7.26726727e+00,8.03223480e-02,5.34856128e-02,1.49312928e-01,3.02528859e-01,7.26726727e+00,2.01894804e-01,4.64852067e-01,3.73855707e-01,1.41236088e+00
7.27727728e+00,4.03946311e-02,2.01300205e-02,7.50444885e-02,1.31309388e-01,7.27727728e+00,8.08522735e-02,5.35297014e-02,1.50122260e-01,3.03064582e-01,7.27727728e+00,2.03240023e-01,4.66666304e-01,3.75890142e-01,1.41702766e+00
7.28728729e+00,4.06608838e-02,2.01371999e-02,7.54515044e-02,1.31510944e-01,7.28728729e+00,8.13859550e-02,5.35738447e-02,1.50936934e-01,3.03600746e-01,7.28728729e+00,2.04595022e-01,4.68491236e-01,3.77938140e-01,1.42171268e+00
7.29729730e+00,4.09290167e-02,2.01443832e-02,7.58612043e-02,1.31712572e-01,7.29729730e+00,8.19234193e-02,5.36180426e-02,1.51756989e-01,3.04137352e-01,7.29729730e+00,2.05959877e-01,4.70326949e-01,3.79999801e-01,1.42641606e+00
7.30730731e+00,4.11990432e-02,2.01515702e-02,7.62736071e-02,1.31914271e-01,7.30730731e+00,8.24646935e-02,5.36622953e-02,1.52582461e-01,3.04674401e-01,7.30730731e+00,2.07334664e-01,4.72173527e-01,3.82075223e-01,1.43113789e+00
7.31731732e+00,4.14709765e-02,2.01587612e-02,7.66887320e-02,1.32116042e-01,7.31731732e+00,8.30098048e-02,5.37066029e-02,1.53413390e-01,3.05211894e-01,7.31731732e+00,2.08719458e-01,4.74031056e-01,3.84164507e-01,1.43587828e+00
7.32732733e+00,4.17448304e-02,2.01659560e-02,7.71065981e-02,1.32317886e-01,7.32732733e+00,8.35587807e-02,5.37509655e-02,1.54249814e-01,3.05749830e-01,7.32732733e+00,2.10114336e-01,4.75899624e-01,3.86267753e-01,1.44063735e+00
7.33733734e+00,4.20206182e-02,2.01731546e-02,7.75272250e-02,1.32519801e-01,7.33733734e+00,8.41116489e-02,5.37953831e-02,1.55091773e-01,3.06288211e-01,7.33733734e+00,2.11519376e-01,4.77779319e-01,3.88385064e-01,1.44541521e+00
7.34734735e+00,4.22983537e-02,2.01803571e-02,7.79506319e-02,1.32721789e-01,7.34734735e+00,8.46684371e-02,5.38398559e-02,1.55939305e-01,3.06827038e-01,7.34734735e+00,2.12934656e-01,4.79670229e-01,3.90516542e-01,1.45021197e+00
7.35735736e+00,4.25780508e-02,2.01875635e-02,7.83768386e-02,1.32923848e-01,7.35735736e+00,8.52291735e-02,5.38843840e-02,1.56792449e-01,3.07366309e-01,7.35735736e+00,2.14360254e-01,4.81572444e-01,3.92662291e-01,1.45502775e+00
7.36736737e+00,4.28597232e-02,2.01947737e-02,7.88058649e-02,1.33125980e-01,7.36736737e+00,8.57938864e-02,5.39289673e-02,1.57651247e-01,3.07906027e-01,7.36736737e+00,2.15796252e-01,4.83486055e-01,3.94822413e-01,1.45986265e+00
7.37737738e+00,4.31433850e-02,2.02019878e-02,7.92377306e-02,1.33328184e-01,7.37737738e+00,8.63626041e-02,5.39736061e-02,1.58515738e-01,3.08446191e-01,7.37737738e+00,2.17242728e-01,4.85411153e-01,3.96997015e-01,1.46471679e+00
7.38738739e+00,4.34290503e-02,2.02092058e-02,7.96724558e-02,1.33530460e-01,7.38738739e+00,8.69353555e-02,5.40183004e-02,1.59385961e-01,3.08986803e-01,7.38738739e+00,2.18699765e-01,4.87347831e-01,3.99186202e-01,1.46959029e+00
7.39739740e+00,4.37167332e-02,2.02164276e-02,8.01100608e-02,1.33732809e-01,7.39739740e+00,8.75121693e-02,5.40630504e-02,1.60261959e-01,3.09527863e-01,7.39739740e+00,2.20167443e-01,4.89296182e-01,4.01390080e-01,1.47448326e+00
7.40740741e+00,4.40064481e-02,2.02236533e-02,8.05505657e-02,1.33935230e-01,7.40740741e+00,8.80930748e-02,5.41078560e-02,1.61143772e-01,3.10069371e-01,7.40740741e+00,2.21645845e-01,4.91256300e-01,4.03608757e-01,1.47939582e+00
7.41741742e+00,4.42982093e-02,2.02308829e-02,8.09939913e-02,1.34137723e-01,7.41741742e+00,8.86781012e-02,5.41527174e-02,1.62031440e-01,3.10611328e-01,7.41741742e+00,2.23135055e-01,4.93228281e-01,4.05842341e-01,1.48432809e+00
7.42742743e+00,4.45920313e-02,2.02381163e-02,8.14403579e-02,1.34340289e-01,7.42742743e+00,8.92672781e-02,5.41976347e-02,1.62925007e-01,3.11153734e-01,7.42742743e+00,2.24635156e-01,4.95212221e-01,4.08090942e-01,1.48928020e+00
7.43743744e+00,4.48879287e-02,2.02453537e-02,8.18896866e-02,1.34542927e-01,7.43743744e+00,8.98606352e-02,5.42426080e-02,1.63824513e-01,3.11696590e-01,7.43743744e+00,2.26146232e-01,4.97208217e-01,4.10354668e-01,1.49425225e+00
7.44744745e+00,4.51859162e-02,2.02525949e-02,8.23419980e-02,1.34745637e-01,7.44744745e+00,9.04582025e-02,5.42876374e-02,1.64730000e-01,3.12239897e-01,7.44744745e+00,2.27668371e-01,4.99216368e-01,4.12633630e-01,1.49924437e+00
7.45745746e+00,4.54860087e-02,2.02598400e-02,8.27973134e-02,1.34948420e-01,7.45745746e+00,9.10600103e-02,5.43327229e-02,1.65641512e-01,3.12783655e-01,7.45745746e+00,2.29201657e-01,5.01236772e-01,4.14927941e-01,1.50425669e+00
7.46746747e+00,4.57882210e-02,2.02670890e-02,8.32556540e-02,1.35151276e-01,7.46746747e+00,9.16660889e-02,5.43778647e-02,1.66559090e-01,3.13327865e-01,7.46746747e+00,2.30746178e-01,5.03269530e-01,4.17237713e-01,1.50928932e+00
7.47747748e+00,4.60925681e-02,2.02743419e-02,8.37170410e-02,1.35354204e-01,7.47747748e+00,9.22764691e-02,5.44230629e-02,1.67482779e-01,3.13872527e-01,7.47747748e+00,2.32302022e-01,5.05314743e-01,4.19563058e-01,1.51434240e+00
7.48748749e+00,4.63990652e-02,2.02815987e-02,8.41814962e-02,1.35557205e-01,7.48748749e+00,9.28911816e-02,5.44683175e-02,1.68412620e-01,3.14417642e-01,7.48748749e+00,2.33869277e-01,5.07372514e-01,4.21904092e-01,1.51941604e+00
7.49749750e+00,4.67077276e-02,2.02888594e-02,8.46490410e-02,1.35760279e-01,7.49749750e+00,9.35102576e-02,5.45136286e-02,1.69348659e-01,3.14963211e-01,7.49749750e+00,2.35448033e-01,5.09442945e-01,4.24260929e-01,1.52451037e+00
7.50750751e+00,4.70185704e-02,2.02961240e-02,8.51196973e-02,1.35963425e-01,7.50750751e+00,9.41337284e-02,5.45589964e-02,1.70290938e-01,3.15509233e-01,7.50750751e+00,2.37038380e-01,5.11526142e-01,4.26633686e-01,1.52962553e+00
7.51751752e+00,4.73316093e-02,2.03033925e-02,8.55934872e-02,1.36166644e-01,7.51751752e+00,9.47616257e-02,5.46044209e-02,1.71239503e-01,3.16055710e-01,7.51751752e+00,2.38640408e-01,5.13622209e-01,4.29022479e-01,1.53476163e+00
7.52752753e+00,4.76468597e-02,2.03106649e-02,8.60704328e-02,1.36369935e-01,7.52752753e+00,9.53939812e-02,5.46499023e-02,1.72194398e-01,3.16602642e-01,7.52752753e+00,2.40254211e-01,5.15731255e-01,4.31427426e-01,1.53991882e+00
7.53753754e+00,4.79643374e-02,2.03179412e-02,8.65505563e-02,1.36573300e-01,7.53753754e+00,9.60308269e-02,5.46954406e-02,1.73155667e-01,3.17150030e-01,7.53753754e+00,2.41879880e-01,5.17853385e-01,4.33848646e-01,1.54509721e+00
7.54754755e+00,4.82840580e-02,2.03252215e-02,8.70338802e-02,1.36776737e-01,7.54754755e+00,9.66721951e-02,5.47410359e-02,1.74123357e-01,3.17697874e-01,7.54754755e+00,2.43517510e-01,5.19988709e-01,4.36286259e-01,1.55029694e+00
7.55755756e+00,4.86060376e-02,2.03325056e-02,8.75204271e-02,1.36980248e-01,7.55755756e+00,9.73181184e-02,5.47866883e-02,1.75097512e-01,3.18246175e-01,7.55755756e+00,2.45167195e-01,5.22137337e-01,4.38740385e-01,1.55551815e+00
7.56756757e+00,4.89302921e-02,2.03397937e-02,8.80102198e-02,1.37183831e-01,7.56756757e+00,9.79686296e-02,5.48323979e-02,1.76078179e-01,3.18794933e-01,7.56756757e+00,2.46829030e-01,5.24299381e-01,4.41211146e-01,1.56076097e+00
7.57757758e+00,4.92568377e-02,2.03470857e-02,8.85032812e-02,1.37387487e-01,7.57757758e+00,9.86237615e-02,5.48781648e-02,1.77065404e-01,3.19344150e-01,7.57757758e+00,2.48503111e-01,5.26474952e-01,4.43698664e-01,1.56602553e+00
7.58758759e+00,4.95856906e-02,2.03543816e-02,8.89996345e-02,1.37591217e-01,7.58758759e+00,9.92835476e-02,5.49239891e-02,1.78059234e-01,3.19893824e-01,7.58758759e+00,2.50189536e-01,5.28664164e-01,4.46203064e-01,1.57131197e+00
7.59759760e+00,4.99168671e-02,2.03616814e-02,8.94993028e-02,1.37795019e-01,7.59759760e+00,9.99480212e-02,5.49698709e-02,1.79059714e-01,3.20443958e-01,7.59759760e+00,2.51888403e-01,5.30867132e-01,4.48724470e-01,1.57662043e+00
7.60760761e+00,5.02503837e-02,2.03689852e-02,9.00023097e-02,1.37998894e-01,7.60760761e+00,1.00617216e-01,5.50158103e-02,1.80066894e-01,3.20994552e-01,7.60760761e+00,2.53599811e-01,5.33083971e-01,4.51263006e-01,1.58195104e+00
7.61761762e+00,5.05862571e-02,2.03762929e-02,9.05086786e-02,1.38202843e-01,7.61761762e+00,1.01291166e-01,5.50618074e-02,1.81080819e-01,3.21545606e-01,7.61761762e+00,2.55323859e-01,5.35314799e-01,4.53818801e-01,1.58730395e+00
7.62762763e+00,5.09245039e-02,2.03836045e-02,9.10184334e-02,1.38406865e-01,7.62762763e+00,1.01969906e-01,5.51078623e-02,1.82101539e-01,3.22097121e-01,7.62762763e+00,2.57060649e-01,5.37559734e-01,4.56391980e-01,1.59267930e+00
7.63763764e+00,5.12651409e-02,2.03909201e-02,9.15315980e-02,1.38610960e-01,7.63763764e+00,1.02653470e-01,5.51539750e-02,1.83129101e-01,3.22649097e-01,7.63763764e+00,2.58810283e-01,5.39818896e-01,4.58982674e-01,1.59807722e+00
7.64764765e+00,5.16081852e-02,2.03982396e-02,9.20481964e-02,1.38815128e-01,7.64764765e+00,1.03341893e-01,5.52001457e-02,1.84163555e-01,3.23201536e-01,7.64764765e+00,2.60572863e-01,5.42092405e-01,4.61591011e-01,1.60349787e+00
7.65765766e+00,5.19536537e-02,2.04055631e-02,9.25682530e-02,1.39019369e-01,7.65765766e+00,1.04035210e-01,5.52463746e-02,1.85204948e-01,3.23754436e-01,7.65765766e+00,2.62348493e-01,5.44380384e-01,4.64217122e-01,1.60894138e+00
7.66766767e+00,5.23015638e-02,2.04128905e-02,9.30917922e-02,1.39223684e-01,7.66766767e+00,1.04733456e-01,5.52926615e-02,1.86253331e-01,3.24307801e-01,7.66766767e+00,2.64137278e-01,5.46682957e-01,4.66861139e-01,1.61440791e+00
7.67767768e+00,5.26519326e-02,2.04202219e-02,9.36188386e-02,1.39428073e-01,7.67767768e+00,1.05436667e-01,5.53390068e-02,1.87308753e-01,3.24861628e-01,7.67767768e+00,2.65939324e-01,5.49000247e-01,4.69523194e-01,1.61989759e+00
7.68768769e+00,5.30047777e-02,2.04275572e-02,9.41494169e-02,1.39632534e-01,7.68768769e+00,1.06144878e-01,5.53854104e-02,1.88371264e-01,3.25415921e-01,7.68768769e+00,2.67754737e-01,5.51332382e-01,4.72203421e-01,1.62541058e+00
7.69769770e+00,5.33601166e-02,2.04348964e-02,9.46835522e-02,1.39837069e-01,7.69769770e+00,1.06858126e-01,5.54318725e-02,1.89440915e-01,3.25970678e-01,7.69769770e+00,2.69583626e-01,5.53679488e-01,4.74901956e-01,1.63094703e+00
7.70770771e+00,5.37179670e-02,2.04422397e-02,9.52212696e-02,1.40041678e-01,7.70770771e+00,1.07576448e-01,5.54783932e-02,1.90517757e-01,3.26525901e-01,7.70770771e+00,2.71426100e-01,5.56041695e-01,4.77618934e-01,1.63650708e+00
7.71771772e+00,5.40783468e-02,2.04495869e-02,9.57625944e-02,1.40246360e-01,7.71771772e+00,1.08299879e-01,5.55249725e-02,1.91601839e-01,3.27081589e-01,7.71771772e+00,2.73282268e-01,5.58419134e-01,4.80354492e-01,1.64209090e+00
7.72772773e+00,5.44412738e-02,2.04569380e-02,9.63075521e-02,1.40451116e-01,7.72772773e+00,1.09028456e-01,5.55716106e-02,1.92693215e-01,3.27637745e-01,7.72772773e+00,2.75152242e-01,5.60811934e-01,4.83108769e-01,1.64769863e+00
7.73773774e+00,5.48067662e-02,2.04642931e-02,9.68561684e-02,1.40655945e-01,7.73773774e+00,1.09762218e-01,5.56183076e-02,1.93791936e-01,3.28194368e-01,7.73773774e+00,2.77036133e-01,5.63220231e-01,4.85881904e-01,1.65333042e+00
7.74774775e+00,5.51748421e-02,2.04716522e-02,9.74084691e-02,1.40860848e-01,7.74774775e+00,1.10501201e-01,5.56650635e-02,1.94898054e-01,3.28751458e-01,7.74774775e+00,2.78934056e-01,5.65644158e-01,4.88674036e-01,1.65898645e+00
7.75775776e+00,5.55455200e-02,2.04790153e-02,9.79644803e-02,1.41065825e-01,7.75775776e+00,1.11245442e-01,5.57118785e-02,1.96011622e-01,3.29309017e-01,7.75775776e+00,2.80846124e-01,5.68083851e-01,4.91485309e-01,1.66466685e+00
7.76776777e+00,5.59188182e-02,2.04863823e-02,9.85242283e-02,1.41270875e-01,7.76776777e+00,1.11994981e-01,5.57587526e-02,1.97132693e-01,3.29867046e-01,7.76776777e+00,2.82772453e-01,5.70539448e-01,4.94315864e-01,1.67037179e+00
7.77777778e+00,5.62947554e-02,2.04937533e-02,9.90877393e-02,1.41476000e-01,7.77777778e+00,1.12749856e-01,5.58056860e-02,1.98261321e-01,3.30425543e-01,7.77777778e+00,2.84713160e-01,5.73011089e-01,4.97165845e-01,1.67610144e+00
7.78778779e+00,5.66733503e-02,2.05011283e-02,9.96550401e-02,1.41681198e-01,7.78778779e+00,1.13510105e-01,5.58526788e-02,1.99397558e-01,3.30984512e-01,7.78778779e+00,2.86668363e-01,5.75498913e-01,5.00035399e-01,1.68185594e+00
7.79779780e+00,5.70546218e-02,2.05085073e-02,1.00226157e-01,1.41886470e-01,7.79779780e+00,1.14275766e-01,5.58997310e-02,2.00541459e-01,3.31543951e-01,7.79779780e+00,2.88638180e-01,5.78003062e-01,5.02924670e-01,1.68763548e+00
7.80780781e+00,5.74385889e-02,2.05158903e-02,1.00801118e-01,1.42091815e-01,7.80780781e+00,1.15046880e-01,5.59468428e-02,2.01693080e-01,3.32103861e-01,7.80780781e+00,2.90622732e-01,5.80523681e-01,5.05833806e-01,1.69344020e+00
7.81781782e+00,5.78252707e-02,2.05232772e-02,1.01379950e-01,1.42297235e-01,7.81781782e+00,1.15823486e-01,5.59940142e-02,2.02852474e-01,3.32664243e-01,7.81781782e+00,2.92622141e-01,5.83060914e-01,5.08762957e-01,1.69927028e+00
7.82782783e+00,5.82146866e-02,2.05306682e-02,1.01962679e-01,1.42502729e-01,7.82782783e+00,1.16605623e-01,5.60412455e-02,2.04019698e-01,3.33225098e-01,7.82782783e+00,2.94636528e-01,5.85614909e-01,5.11712271e-01,1.70512588e+00
7.83783784e+00,5.86068559e-02,2.05380631e-02,1.02549335e-01,1.42708296e-01,7.83783784e+00,1.17393333e-01,5.60885365e-02,2.05194806e-01,3.33786427e-01,7.83783784e+00,2.96666019e-01,5.88185814e-01,5.14681901e-01,1.71100717e+00
7.84784785e+00,5.90017982e-02,2.05454621e-02,1.03139943e-01,1.42913938e-01,7.84784785e+00,1.18186654e-01,5.61358876e-02,2.06377856e-01,3.34348229e-01,7.84784785e+00,2.98710738e-01,5.90773780e-01,5.17671999e-01,1.71691433e+00
7.85785786e+00,5.93995332e-02,2.05528650e-02,1.03734533e-01,1.43119654e-01,7.85785786e+00,1.18985628e-01,5.61832987e-02,2.07568903e-01,3.34910505e-01,7.85785786e+00,3.00770812e-01,5.93378957e-01,5.20682717e-01,1.72284752e+00
7.86786787e+00,5.98000807e-02,2.05602719e-02,1.04333133e-01,1.43325444e-01,7.86786787e+00,1.19790296e-01,5.62307700e-02,2.08768005e-01,3.35473257e-01,7.86786787e+00,3.02846368e-01,5.96001500e-01,5.23714213e-01,1.72880692e+00
7.87787788e+00,6.02034608e-02,2.05676829e-02,1.04935770e-01,1.43531308e-01,7.87787788e+00,1.20600699e-01,5.62783015e-02,2.09975219e-01,3.36036484e-01,7.87787788e+00,3.04937537e-01,5.98641563e-01,5.26766640e-01,1.73479270e+00
7.88788789e+00,6.06096935e-02,2.05750979e-02,1.05542473e-01,1.43737246e-01,7.88788789e+00,1.21416879e-01,5.63258934e-02,2.11190603e-01,3.36600188e-01,7.88788789e+00,3.07044447e-01,6.01299305e-01,5.29840158e-01,1.74080505e+00
7.89789790e+00,6.10187992e-02,2.05825168e-02,1.06153272e-01,1.43943259e-01,7.89789790e+00,1.22238879e-01,5.63735458e-02,2.12414216e-01,3.37164368e-01,7.89789790e+00,3.09167232e-01,6.03974883e-01,5.32934926e-01,1.74684413e+00
7.90790791e+00,6.14307982e-02,2.05899398e-02,1.06768195e-01,1.44149346e-01,7.90790791e+00,1.23066739e-01,5.64212588e-02,2.13646115e-01,3.37729026e-01,7.90790791e+00,3.11306024e-01,6.06668458e-01,5.36051102e-01,1.75291012e+00
7.91791792e+00,6.18457112e-02,2.05973668e-02,1.07387271e-01,1.44355507e-01,7.91791792e+00,1.23900504e-01,5.64690325e-02,2.14886360e-01,3.38294162e-01,7.91791792e+00,3.13460957e-01,6.09380192e-01,5.39188849e-01,1.75900322e+00
7.92792793e+00,6.22635588e-02,2.06047979e-02,1.08010530e-01,1.44561743e-01,7.92792793e+00,1.24740215e-01,5.65168669e-02,2.16135011e-01,3.38859776e-01,7.92792793e+00,3.15632169e-01,6.12110251e-01,5.42348330e-01,1.76512360e+00
7.93793794e+00,6.26843619e-02,2.06122329e-02,1.08638001e-01,1.44768053e-01,7.93793794e+00,1.25585917e-01,5.65647622e-02,2.17392127e-01,3.39425870e-01,7.93793794e+00,3.17819797e-01,6.14858799e-01,5.45529710e-01,1.77127144e+00
7.94794795e+00,6.31081416e-02,2.06196720e-02,1.09269714e-01,1.44974437e-01,7.94794795e+00,1.26437652e-01,5.66127186e-02,2.18657770e-01,3.39992444e-01,7.94794795e+00,3.20023978e-01,6.17626005e-01,5.48733153e-01,1.77744694e+00
7.95795796e+00,6.35349189e-02,2.06271151e-02,1.09905700e-01,1.45180896e-01,7.95795796e+00,1.27295465e-01,5.66607360e-02,2.19931998e-01,3.40559498e-01,7.95795796e+00,3.22244855e-01,6.20412039e-01,5.51958827e-01,1.78365028e+00
7.96796797e+00,6.39647153e-02,2.06345623e-02,1.10545987e-01,1.45387430e-01,7.96796797e+00,1.28159401e-01,5.67088146e-02,2.21214875e-01,3.41127033e-01,7.96796797e+00,3.24482568e-01,6.23217072e-01,5.55206901e-01,1.78988165e+00
7.97797798e+00,6.43975522e-02,2.06420135e-02,1.11190607e-01,1.45594038e-01,7.97797798e+00,1.29029503e-01,5.67569545e-02,2.22506462e-01,3.41695050e-01,7.97797798e+00,3.26737262e-01,6.26041278e-01,5.58477544e-01,1.79614124e+00
7.98798799e+00,6.48334512e-02,2.06494687e-02,1.11839591e-01,1.45800721e-01,7.98798799e+00,1.29905817e-01,5.68051558e-02,2.23806820e-01,3.42263550e-01,7.98798799e+00,3.29009081e-01,6.28884834e-01,5.61770928e-01,1.80242925e+00
7.99799800e+00,6.52724341e-02,2.06569280e-02,1.12492968e-01,1.46007478e-01,7.99799800e+00,1.30788388e-01,5.68534187e-02,2.25116013e-01,3.42832532e-01,7.99799800e+00,3.31298172e-01,6.31747916e-01,5.65087226e-01,1.80874586e+00
8.00800801e+00,6.57145229e-02,2.06643913e-02,1.13150771e-01,1.46214310e-01,8.00800801e+00,1.31677262e-01,5.69017431e-02,2.26434104e-01,3.43401998e-01,8.00800801e+00,3.33604683e-01,6.34630706e-01,5.68426613e-01,1.81509129e+00
8.01801802e+00,6.61597396e-02,2.06718586e-02,1.13813031e-01,1.46421217e-01,8.01801802e+00,1.32572485e-01,5.69501293e-02,2.27761156e-01,3.43971948e-01,8.01801802e+00,3.35928763e-01,6.37533384e-01,5.71789263e-01,1.82146572e+00
8.02802803e+00,6.66081066e-02,2.06793301e-02,1.14479779e-01,1.46628198e-01,8.02802803e+00,1.33474103e-01,5.69985773e-02,2.29097233e-01,3.44542383e-01,8.02802803e+00,3.38270565e-01,6.40456135e-01,5.75175355e-01,1.82786936e+00
8.03803804e+00,6.70596462e-02,2.06868055e-02,1.15151047e-01,1.46835255e-01,8.03803804e+00,1.34382163e-01,5.70470872e-02,2.30442400e-01,3.45113303e-01,8.03803804e+00,3.40630241e-01,6.43399145e-01,5.78585067e-01,1.83430240e+00
8.04804805e+00,6.75143811e-02,2.06942850e-02,1.15826866e-01,1.47042386e-01,8.04804805e+00,1.35296713e-01,5.70956592e-02,2.31796721e-01,3.45684710e-01,8.04804805e+00,3.43007947e-01,6.46362602e-01,5.82018580e-01,1.84076506e+00
8.05805806e+00,6.79723340e-02,2.07017686e-02,1.16507270e-01,1.47249592e-01,8.05805806e+00,1.36217799e-01,5.71442933e-02,2.33160263e-01,3.46256603e-01,8.05805806e+00,3.45403838e-01,6.49346697e-01,5.85476076e-01,1.84725754e+00
8.06806807e+00,6.84335278e-02,2.07092563e-02,1.17192290e-01,1.47456873e-01,8.06806807e+00,1.37145470e-01,5.71929896e-02,2.34533091e-01,3.46828983e-01,8.06806807e+00,3.47818073e-01,6.52351623e-01,5.88957738e-01,1.85378004e+00
8.07807808e+00,6.88979856e-02,2.07167480e-02,1.17881960e-01,1.47664229e-01,8.07807808e+00,1.38079774e-01,5.72417484e-02,2.35915270e-01,3.47401851e-01,8.07807808e+00,3.50250813e-01,6.55377575e-01,5.92463752e-01,1.86033278e+00
8.08808809e+00,6.93657306e-02,2.07242437e-02,1.18576311e-01,1.47871660e-01,8.08808809e+00,1.39020759e-01,5.72905695e-02,2.37306870e-01,3.47975208e-01,8.08808809e+00,3.52702218e-01,6.58424751e-01,5.95994305e-01,1.86691597e+00
8.09809810e+00,6.98367863e-02,2.07317436e-02,1.19275378e-01,1.48079167e-01,8.09809810e+00,1.39968475e-01,5.73394533e-02,2.38707955e-01,3.48549054e-01,8.09809810e+00,3.55172453e-01,6.61493349e-01,5.99549585e-01,1.87352983e+00
8.10810811e+00,7.03111763e-02,2.07392475e-02,1.19979194e-01,1.48286748e-01,8.10810811e+00,1.40922971e-01,5.73883997e-02,2.40118596e-01,3.49123390e-01,8.10810811e+00,3.57661683e-01,6.64583572e-01,6.03129782e-01,1.88017456e+00
8.11811812e+00,7.07889243e-02,2.07467555e-02,1.20687792e-01,1.48494404e-01,8.11811812e+00,1.41884296e-01,5.74374089e-02,2.41538859e-01,3.49698216e-01,8.11811812e+00,3.60170076e-01,6.67695625e-01,6.06735088e-01,1.88685039e+00
8.12812813e+00,7.12700542e-02,2.07542676e-02,1.21401206e-01,1.48702136e-01,8.12812813e+00,1.42852502e-01,5.74864810e-02,2.42968814e-01,3.50273533e-01,8.12812813e+00,3.62697800e-01,6.70829714e-01,6.10365696e-01,1.89355753e+00
8.13813814e+00,7.17545903e-02,2.07617838e-02,1.22119470e-01,1.48909943e-01,8.13813814e+00,1.43827638e-01,5.75356161e-02,2.44408530e-01,3.50849342e-01,8.13813814e+00,3.65245028e-01,6.73986048e-01,6.14021803e-01,1.90029622e+00
8.14814815e+00,7.22425566e-02,2.07693040e-02,1.22842619e-01,1.49117825e-01,8.14814815e+00,1.44809755e-01,5.75848143e-02,2.45858077e-01,3.51425643e-01,8.14814815e+00,3.67811933e-01,6.77164841e-01,6.17703604e-01,1.90706666e+00
8.15815816e+00,7.27339777e-02,2.07768283e-02,1.23570686e-01,1.49325782e-01,8.15815816e+00,1.45798906e-01,5.76340758e-02,2.47317526e-01,3.52002438e-01,8.15815816e+00,3.70398689e-01,6.80366305e-01,6.21411299e-01,1.91386910e+00
8.16816817e+00,7.32288783e-02,2.07843568e-02,1.24303708e-01,1.49533815e-01,8.16816817e+00,1.46795141e-01,5.76834005e-02,2.48786947e-01,3.52579725e-01,8.16816817e+00,3.73005474e-01,6.83590658e-01,6.25145087e-01,1.92070376e+00
8.17817818e+00,7.37272832e-02,2.07918893e-02,1.25041719e-01,1.49741923e-01,8.17817818e+00,1.47798513e-01,5.77327887e-02,2.50266411e-01,3.53157507e-01,8.17817818e+00,3.75632468e-01,6.86838119e-01,6.28905172e-01,1.92757086e+00
8.18818819e+00,7.42292173e-02,2.07994259e-02,1.25784754e-01,1.49950107e-01,8.18818819e+00,1.48809074e-01,5.77822404e-02,2.51755991e-01,3.53735784e-01,8.18818819e+00,3.78279853e-01,6.90108911e-01,6.32691757e-01,1.93447065e+00
8.19819820e+00,7.47347058e-02,2.08069666e-02,1.26532850e-01,1.50158366e-01,8.19819820e+00,1.49826878e-01,5.78317558e-02,2.53255760e-01,3.54314557e-01,8.19819820e+00,3.80947811e-01,6.93403258e-01,6.36505048e-01,1.94140335e+00
8.20820821e+00,7.52437742e-02,2.08145115e-02,1.27286040e-01,1.50366700e-01,8.20820821e+00,1.50851978e-01,5.78813349e-02,2.54765790e-01,3.54893825e-01,8.20820821e+00,3.83636528e-01,6.96721388e-01,6.40345254e-01,1.94836921e+00
8.21821822e+00,7.57564478e-02,2.08220604e-02,1.28044363e-01,1.50575110e-01,8.21821822e+00,1.51884428e-01,5.79309779e-02,2.56286154e-01,3.55473590e-01,8.21821822e+00,3.86346194e-01,7.00063532e-01,6.44212583e-01,1.95536846e+00
8.22822823e+00,7.62727526e-02,2.08296135e-02,1.28807854e-01,1.50783596e-01,8.22822823e+00,1.52924282e-01,5.79806849e-02,2.57816928e-01,3.56053853e-01,8.22822823e+00,3.89076997e-01,7.03429923e-01,6.48107248e-01,1.96240135e+00
8.23823824e+00,7.67927144e-02,2.08371706e-02,1.29576550e-01,1.50992158e-01,8.23823824e+00,1.53971595e-01,5.80304560e-02,2.59358185e-01,3.56634614e-01,8.23823824e+00,3.91829131e-01,7.06820796e-01,6.52029461e-01,1.96946813e+00
8.24824825e+00,7.73163592e-02,2.08447319e-02,1.30350488e-01,1.51200795e-01,8.24824825e+00,1.55026422e-01,5.80802913e-02,2.60910001e-01,3.57215873e-01,8.24824825e+00,3.94602791e-01,7.10236391e-01,6.55979439e-01,1.97656902e+00
8.25825826e+00,7.78437135e-02,2.08522973e-02,1.31129704e-01,1.51409507e-01,8.25825826e+00,1.56088819e-01,5.81301908e-02,2.62472452e-01,3.57797632e-01,8.25825826e+00,3.97398174e-01,7.13676949e-01,6.59957399e-01,1.98370430e+00
8.26826827e+00,7.83748037e-02,2.08598668e-02,1.31914237e-01,1.51618296e-01,8.26826827e+00,1.57158842e-01,5.81801548e-02,2.64045614e-01,3.58379890e-01,8.26826827e+00,4.00215479e-01,7.17142715e-01,6.63963560e-01,1.99087421e+00
8.27827828e+00,7.89096566e-02,2.08674404e-02,1.32704123e-01,1.51827160e-01,8.27827828e+00,1.58236547e-01,5.82301834e-02,2.65629563e-01,3.58962650e-01,8.27827828e+00,4.03054909e-01,7.20633937e-01,6.67998144e-01,1.99807900e+00
8.28828829e+00,7.94482989e-02,2.08750182e-02,1.33499401e-01,1.52036100e-01,8.28828829e+00,1.59321992e-01,5.82802766e-02,2.67224378e-01,3.59545910e-01,8.28828829e+00,4.05916669e-01,7.24150867e-01,6.72061373e-01,2.00531892e+00
8.29829830e+00,7.99907577e-02,2.08826001e-02,1.34300110e-01,1.52245116e-01,8.29829830e+00,1.60415234e-01,5.83304345e-02,2.68830136e-01,3.60129673e-01,8.29829830e+00,4.08800965e-01,7.27693757e-01,6.76153475e-01,2.01259425e+00
8.30830831e+00,8.05370605e-02,2.08901861e-02,1.35106286e-01,1.52454208e-01,8.30830831e+00,1.61516330e-01,5.83806573e-02,2.70446916e-01,3.60713938e-01,8.30830831e+00,4.11708008e-01,7.31262865e-01,6.80274676e-01,2.01990524e+00
8.31831832e+00,8.10872345e-02,2.08977763e-02,1.35917970e-01,1.52663376e-01,8.31831832e+00,1.62625339e-01,5.84309451e-02,2.72074797e-01,3.61298706e-01,8.31831832e+00,4.14638009e-01,7.34858452e-01,6.84425207e-01,2.02725215e+00
8.32832833e+00,8.16413076e-02,2.09053706e-02,1.36735201e-01,1.52872620e-01,8.32832833e+00,1.63742321e-01,5.84812980e-02,2.73713859e-01,3.61883978e-01,8.32832833e+00,4.17591185e-01,7.38480780e-01,6.88605299e-01,2.03463526e+00
8.33833834e+00,8.21993075e-02,2.09129691e-02,1.37558017e-01,1.53081940e-01,8.33833834e+00,1.64867334e-01,5.85317160e-02,2.75364183e-01,3.62469755e-01,8.33833834e+00,4.20567752e-01,7.42130118e-01,6.92815186e-01,2.04205483e+00
8.34834835e+00,8.27612624e-02,2.09205716e-02,1.38386458e-01,1.53291336e-01,8.34834835e+00,1.66000438e-01,5.85821994e-02,2.77025849e-01,3.63056037e-01,8.34834835e+00,4.23567931e-01,7.45806734e-01,6.97055106e-01,2.04951113e+00
8.35835836e+00,8.33272007e-02,2.09281784e-02,1.39220564e-01,1.53500808e-01,8.35835836e+00,1.67141694e-01,5.86327483e-02,2.78698939e-01,3.63642825e-01,8.35835836e+00,4.26591946e-01,7.49510904e-01,7.01325295e-01,2.05700444e+00
8.36836837e+00,8.38971506e-02,2.09357893e-02,1.40060375e-01,1.53710357e-01,8.36836837e+00,1.68291162e-01,5.86833626e-02,2.80383535e-01,3.64230119e-01,8.36836837e+00,4.29640023e-01,7.53242903e-01,7.05625996e-01,2.06453504e+00
8.37837838e+00,8.44711411e-02,2.09434043e-02,1.40905932e-01,1.53919981e-01,8.37837838e+00,1.69448904e-01,5.87340427e-02,2.82079721e-01,3.64817920e-01,8.37837838e+00,4.32712390e-01,7.57003013e-01,7.09957452e-01,2.07210321e+00
8.38838839e+00,8.50492010e-02,2.09510236e-02,1.41757275e-01,1.54129682e-01,8.38838839e+00,1.70614981e-01,5.87847884e-02,2.83787578e-01,3.65406229e-01,8.38838839e+00,4.35809281e-01,7.60791517e-01,7.14319907e-01,2.07970923e+00
8.39839840e+00,8.56313595e-02,2.09586469e-02,1.42614446e-01,1.54339459e-01,8.39839840e+00,1.71789456e-01,5.88356001e-02,2.85507192e-01,3.65995047e-01,8.39839840e+00,4.38930929e-01,7.64608704e-01,7.18713610e-01,2.08735339e+00
8.40840841e+00,8.62176458e-02,2.09662745e-02,1.43477486e-01,1.54549313e-01,8.40840841e+00,1.72972392e-01,5.88864778e-02,2.87238648e-01,3.66584373e-01,8.40840841e+00,4.42077574e-01,7.68454864e-01,7.23138811e-01,2.09503597e+00
8.41841842e+00,8.68080897e-02,2.09739062e-02,1.44346435e-01,1.54759243e-01,8.41841842e+00,1.74163851e-01,5.89374216e-02,2.88982030e-01,3.67174210e-01,8.41841842e+00,4.45249457e-01,7.72330293e-01,7.27595762e-01,2.10275728e+00
8.42842843e+00,8.74027208e-02,2.09815420e-02,1.45221338e-01,1.54969249e-01,8.42842843e+00,1.75363899e-01,5.89884316e-02,2.90737424e-01,3.67764557e-01,8.42842843e+00,4.48446821e-01,7.76235291e-01,7.32084719e-01,2.11051759e+00
8.43843844e+00,8.80015691e-02,2.09891821e-02,1.46102234e-01,1.55179332e-01,8.43843844e+00,1.76572599e-01,5.90395080e-02,2.92504918e-01,3.68355415e-01,8.43843844e+00,4.51669915e-01,7.80170158e-01,7.36605940e-01,2.11831723e+00
8.44844845e+00,8.86046650e-02,2.09968263e-02,1.46989168e-01,1.55389491e-01,8.44844845e+00,1.77790016e-01,5.90906508e-02,2.94284597e-01,3.68946785e-01,8.44844845e+00,4.54918989e-01,7.84135203e-01,7.41159683e-01,2.12615647e+00
8.45845846e+00,8.92120388e-02,2.10044747e-02,1.47882181e-01,1.55599727e-01,8.45845846e+00,1.79016216e-01,5.91418602e-02,2.96076552e-01,3.69538667e-01,8.45845846e+00,4.58194299e-01,7.88130736e-01,7.45746213e-01,2.13403564e+00
8.46846847e+00,8.98237212e-02,2.10121273e-02,1.48781318e-01,1.55810039e-01,8.46846847e+00,1.80251265e-01,5.91931363e-02,2.97880868e-01,3.70131062e-01,8.46846847e+00,4.61496101e-01,7.92157071e-01,7.50365794e-01,2.14195503e+00
8.47847848e+00,9.04397431e-02,2.10197841e-02,1.49686620e-01,1.56020428e-01,8.47847848e+00,1.81495229e-01,5.92444791e-02,2.99697638e-01,3.70723971e-01,8.47847848e+00,4.64824658e-01,7.96214527e-01,7.55018693e-01,2.14991496e+00
8.48848849e+00,9.10601357e-02,2.10274450e-02,1.50598133e-01,1.56230894e-01,8.48848849e+00,1.82748176e-01,5.92958889e-02,3.01526949e-01,3.71317395e-01,8.48848849e+00,4.68180233e-01,8.00303428e-01,7.59705182e-01,2.15791573e+00
8.49849850e+00,9.16849303e-02,2.10351102e-02,1.51515900e-01,1.56441437e-01,8.49849850e+00,1.84010173e-01,5.93473658e-02,3.03368892e-01,3.71911334e-01,8.49849850e+00,4.71563096e-01,8.04424099e-01,7.64425533e-01,2.16595768e+00
8.50850851e+00,9.23141585e-02,2.10427795e-02,1.52439966e-01,1.56652056e-01,8.50850851e+00,1.85281289e-01,5.93989098e-02,3.05223560e-01,3.72505788e-01,8.50850851e+00,4.74973518e-01,8.08576873e-01,7.69180023e-01,2.17404112e+00
8.51851852e+00,9.29478521e-02,2.10504531e-02,1.53370375e-01,1.56862752e-01,8.51851852e+00,1.86561592e-01,5.94505210e-02,3.07091043e-01,3.73100759e-01,8.51851852e+00,4.78411775e-01,8.12762085e-01,7.73968930e-01,2.18216637e+00
8.52852853e+00,9.35860433e-02,2.10581308e-02,1.54307172e-01,1.57073525e-01,8.52852853e+00,1.87851152e-01,5.95021997e-02,3.08971435e-01,3.73696247e-01,8.52852853e+00,4.81878148e-01,8.16980075e-01,7.78792535e-01,2.19033375e+00
8.53853854e+00,9.42287642e-02,2.10658127e-02,1.55250403e-01,1.57284374e-01,8.53853854e+00,1.89150038e-01,5.95539459e-02,3.10864829e-01,3.74292253e-01,8.53853854e+00,4.85372919e-01,8.21231187e-01,7.83651122e-01,2.19854361e+00
8.54854855e+00,9.48760475e-02,2.10734989e-02,1.56200113e-01,1.57495301e-01,8.54854855e+00,1.90458323e-01,5.96057596e-02,3.12771319e-01,3.74888777e-01,8.54854855e+00,4.88896376e-01,8.25515772e-01,7.88544980e-01,2.20679627e+00
8.55855856e+00,9.55279259e-02,2.10811893e-02,1.57156349e-01,1.57706305e-01,8.55855856e+00,1.91776076e-01,5.96576412e-02,3.14690999e-01,3.75485821e-01,8.55855856e+00,4.92448812e-01,8.29834182e-01,7.93474398e-01,2.21509208e+00
8.56856857e+00,9.61844325e-02,2.10888838e-02,1.58119156e-01,1.57917385e-01,8.56856857e+00,1.93103369e-01,5.97095906e-02,3.16623966e-01,3.76083384e-01,8.56856857e+00,4.96030520e-01,8.34186776e-01,7.98439668e-01,2.22343137e+00
8.57857858e+00,9.68456005e-02,2.10965826e-02,1.59088581e-01,1.58128543e-01,8.57857858e+00,1.94440276e-01,5.97616079e-02,3.18570315e-01,3.76681468e-01,8.57857858e+00,4.99641803e-01,8.38573917e-01,8.03441087e-01,2.23181448e+00
8.58858859e+00,9.75114635e-02,2.11042856e-02,1.60064672e-01,1.58339778e-01,8.58858859e+00,1.95786869e-01,5.98136934e-02,3.20530143e-01,3.77280073e-01,8.58858859e+00,5.03282963e-01,8.42995974e-01,8.08478955e-01,2.24024178e+00
8.59859860e+00,9.81820551e-02,2.11119929e-02,1.61047475e-01,1.58551090e-01,8.59859860e+00,1.97143221e-01,5.98658471e-02,3.22503549e-01,3.77879200e-01,8.59859860e+00,5.06954310e-01,8.47453319e-01,8.13553573e-01,2.24871360e+00
8.60860861e+00,9.88574096e-02,2.11197043e-02,1.62037039e-01,1.58762479e-01,8.60860861e+00,1.98509408e-01,5.99180691e-02,3.24490630e-01,3.78478850e-01,8.60860861e+00,5.10656156e-01,8.51946330e-01,8.18665246e-01,2.25723031e+00
8.61861862e+00,9.95375611e-02,2.11274200e-02,1.63033411e-01,1.58973945e-01,8.61861862e+00,1.99885504e-01,5.99703595e-02,3.26491486e-01,3.79079023e-01,8.61861862e+00,5.14388819e-01,8.56475390e-01,8.23814283e-01,2.26579226e+00
8.62862863e+00,1.00222544e-01,2.11351399e-02,1.64036640e-01,1.59185489e-01,8.62862863e+00,2.01271585e-01,6.00227186e-02,3.28506217e-01,3.79679719e-01,8.62862863e+00,5.18152622e-01,8.61040888e-01,8.29000996e-01,2.27439983e+00
8.63863864e+00,1.00912394e-01,2.11428641e-02,1.65046774e-01,1.59397110e-01,8.63863864e+00,2.02667726e-01,6.00751463e-02,3.30534923e-01,3.80280941e-01,8.63863864e+00,5.21947891e-01,8.65643217e-01,8.34225700e-01,2.28305337e+00
8.64864865e+00,1.01607144e-01,2.11505925e-02,1.66063862e-01,1.59608808e-01,8.64864865e+00,2.04074006e-01,6.01276429e-02,3.32577705e-01,3.80882687e-01,8.64864865e+00,5.25774959e-01,8.70282777e-01,8.39488712e-01,2.29175326e+00
8.65865866e+00,1.02306832e-01,2.11583251e-02,1.67087955e-01,1.59820584e-01,8.65865866e+00,2.05490501e-01,6.01802084e-02,3.34634667e-01,3.81484960e-01,8.65865866e+00,5.29634162e-01,8.74959970e-01,8.44790356e-01,2.30049987e+00
8.66866867e+00,1.03011492e-01,2.11660620e-02,1.68119101e-01,1.60032437e-01,8.66866867e+00,2.06917290e-01,6.02328429e-02,3.36705912e-01,3.82087760e-01,8.66866867e+00,5.33525842e-01,8.79675208e-01,8.50130955e-01,2.30929359e+00
8.67867868e+00,1.03721160e-01,2.11738031e-02,1.69157350e-01,1.60244368e-01,8.67867868e+00,2.08354452e-01,6.02855466e-02,3.38791542e-01,3.82691086e-01,8.67867868e+00,5.37450346e-01,8.84428905e-01,8.55510838e-01,2.31813479e+00
8.68868869e+00,1.04435872e-01,2.11815485e-02,1.70202755e-01,1.60456376e-01,8.68868869e+00,2.09802067e-01,6.03383197e-02,3.40891662e-01,3.83294941e-01,8.68868869e+00,5.41408025e-01,8.89221483e-01,8.60930338e-01,2.32702387e+00
8.69869870e+00,1.05155665e-01,2.11892981e-02,1.71255364e-01,1.60668461e-01,8.69869870e+00,2.11260214e-01,6.03911621e-02,3.43006379e-01,3.83899325e-01,8.69869870e+00,5.45399238e-01,8.94053368e-01,8.66389789e-01,2.33596122e+00
8.70870871e+00,1.05880575e-01,2.11970520e-02,1.72315229e-01,1.60880625e-01,8.70870871e+00,2.12728975e-01,6.04440741e-02,3.45135799e-01,3.84504238e-01,8.70870871e+00,5.49424348e-01,8.98924994e-01,8.71889533e-01,2.34494723e+00
8.71871872e+00,1.06610640e-01,2.12048101e-02,1.73382403e-01,1.61092865e-01,8.71871872e+00,2.14208432e-01,6.04970557e-02,3.47280027e-01,3.85109681e-01,8.71871872e+00,5.53483723e-01,9.03836799e-01,8.77429910e-01,2.35398231e+00
8.72872873e+00,1.07345896e-01,2.12125725e-02,1.74456937e-01,1.61305184e-01,8.72872873e+00,2.15698667e-01,6.05501072e-02,3.49439173e-01,3.85715656e-01,8.72872873e+00,5.57577737e-01,9.08789228e-01,8.83011269e-01,2.36306686e+00
8.73873874e+00,1.08086381e-01,2.12203392e-02,1.75538882e-01,1.61517580e-01,8.73873874e+00,2.17199764e-01,6.06032285e-02,3.51613345e-01,3.86322161e-01,8.73873874e+00,5.61706770e-01,9.13782732e-01,8.88633959e-01,2.37220130e+00
8.74874875e+00,1.08832133e-01,2.12281101e-02,1.76628293e-01,1.61730055e-01,8.74874875e+00,2.18711807e-01,6.06564199e-02,3.53802652e-01,3.86929199e-01,8.74874875e+00,5.65871209e-01,9.18817769e-01,8.94298336e-01,2.38138603e+00
8.75875876e+00,1.09583189e-01,2.12358853e-02,1.77725222e-01,1.61942606e-01,8.75875876e+00,2.20234879e-01,6.07096814e-02,3.56007205e-01,3.87536770e-01,8.75875876e+00,5.70071444e-01,9.23894801e-01,9.00004757e-01,2.39062147e+00
8.76876877e+00,1.10339589e-01,2.12436648e-02,1.78829722e-01,1.62155236e-01,8.76876877e+00,2.21769068e-01,6.07630133e-02,3.58227116e-01,3.88144875e-01,8.76876877e+00,5.74307875e-01,9.29014301e-01,9.05753584e-01,2.39990806e+00
8.77877878e+00,1.11101371e-01,2.12514486e-02,1.79941848e-01,1.62367944e-01,8.77877878e+00,2.23314458e-01,6.08164155e-02,3.60462496e-01,3.88753514e-01,8.77877878e+00,5.78580906e-01,9.34176744e-01,9.11545185e-01,2.40924621e+00
8.78878879e+00,1.11868573e-01,2.12592366e-02,1.81061654e-01,1.62580730e-01,8.78878879e+00,2.24871138e-01,6.08698882e-02,3.62713458e-01,3.89362688e-01,8.78878879e+00,5.82890947e-01,9.39382614e-01,9.17379929e-01,2.41863637e+00
8.79879880e+00,1.12641235e-01,2.12670290e-02,1.82189193e-01,1.62793593e-01,8.79879880e+00,2.26439194e-01,6.09234316e-02,3.64980117e-01,3.89972398e-01,8.79879880e+00,5.87238416e-01,9.44632401e-01,9.23258192e-01,2.42807896e+00
8.80880881e+00,1.13419397e-01,2.12748256e-02,1.83324523e-01,1.63006535e-01,8.80880881e+00,2.28018716e-01,6.09770458e-02,3.67262587e-01,3.90582644e-01,8.80880881e+00,5.91623738e-01,9.49926604e-01,9.29180351e-01,2.43757444e+00
8.81881882e+00,1.14203099e-01,2.12826265e-02,1.84467697e-01,1.63219555e-01,8.81881882e+00,2.29609793e-01,6.10307309e-02,3.69560983e-01,3.91193428e-01,8.81881882e+00,5.96047343e-01,9.55265726e-01,9.35146791e-01,2.44712325e+00
8.82882883e+00,1.14992379e-01,2.12904317e-02,1.85618772e-01,1.63432653e-01,8.82882883e+00,2.31212516e-01,6.10844870e-02,3.71875422e-01,3.91804750e-01,8.82882883e+00,6.00509670e-01,9.60650280e-01,9.41157899e-01,2.45672584e+00
8.83883884e+00,1.15787280e-01,2.12982412e-02,1.86777804e-01,1.63645829e-01,8.83883884e+00,2.32826975e-01,6.11383143e-02,3.74206023e-01,3.92416610e-01,8.83883884e+00,6.05011164e-01,9.66080784e-01,9.47214067e-01,2.46638268e+00
8.84884885e+00,1.16587841e-01,2.13060550e-02,1.87944849e-01,1.63859083e-01,8.84884885e+00,2.34453262e-01,6.11922128e-02,3.76552902e-01,3.93029009e-01,8.84884885e+00,6.09552277e-01,9.71557765e-01,9.53315691e-01,2.47609423e+00
8.85885886e+00,1.17394104e-01,2.13138731e-02,1.89119965e-01,1.64072415e-01,8.85885886e+00,2.36091470e-01,6.12461828e-02,3.78916180e-01,3.93641949e-01,8.85885886e+00,6.14133469e-01,9.77081757e-01,9.59463173e-01,2.48586095e+00
8.86886887e+00,1.18206110e-01,2.13216955e-02,1.90303210e-01,1.64285826e-01,8.86886887e+00,2.37741692e-01,6.13002242e-02,3.81295977e-01,3.94255429e-01,8.86886887e+00,6.18755209e-01,9.82653301e-01,9.65656919e-01,2.49568333e+00
8.87887888e+00,1.19023901e-01,2.13295222e-02,1.91494640e-01,1.64499315e-01,8.87887888e+00,2.39404024e-01,6.13543374e-02,3.83692414e-01,3.94869451e-01,8.87887888e+00,6.23417972e-01,9.88272948e-01,9.71897339e-01,2.50556183e+00
8.88888889e+00,1.19847519e-01,2.13373532e-02,1.92694315e-01,1.64712883e-01,8.88888889e+00,2.41078561e-01,6.14085223e-02,3.86105612e-01,3.95484015e-01,8.88888889e+00,6.28122241e-01,9.93941256e-01,9.78184849e-01,2.51549696e+00
8.89889890e+00,1.20677006e-01,2.13451886e-02,1.93902293e-01,1.64926529e-01,8.89889890e+00,2.42765398e-01,6.14627791e-02,3.88535697e-01,3.96099122e-01,8.89889890e+00,6.32868508e-01,9.99658789e-01,9.84519869e-01,2.52548919e+00
8.90890891e+00,1.21512404e-01,2.13530282e-02,1.95118633e-01,1.65140253e-01,8.90890891e+00,2.44464633e-01,6.15171080e-02,3.90982790e-01,3.96714773e-01,8.90890891e+00,6.37657274e-01,1.00542612e+00,9.90902825e-01,2.53553903e+00
8.91891892e+00,1.22353758e-01,2.13608722e-02,1.96343396e-01,1.65354056e-01,8.91891892e+00,2.46176364e-01,6.15715090e-02,3.93447018e-01,3.97330968e-01,8.91891892e+00,6.42489047e-01,1.01124384e+00,9.97334147e-01,2.54564698e+00
8.92892893e+00,1.23201109e-01,2.13687205e-02,1.97576640e-01,1.65567937e-01,8.92892893e+00,2.47900690e-01,6.16259824e-02,3.95928506e-01,3.97947708e-01,8.92892893e+00,6.47364345e-01,1.01711253e+00,1.00381427e+00,2.55581354e+00
8.93893894e+00,1.24054502e-01,2.13765732e-02,1.98818427e-01,1.65781897e-01,8.93893894e+00,2.49637711e-01,6.16805281e-02,3.98427382e-01,3.98564994e-01,8.93893894e+00,6.52283694e-01,1.02303279e+00,1.01034364e+00,2.56603924e+00
8.94894895e+00,1.24913981e-01,2.13844302e-02,2.00068817e-01,1.65995936e-01,8.94894895e+00,2.51387527e-01,6.17351464e-02,4.00943774e-01,3.99182826e-01,8.94894895e+00,6.57247630e-01,1.02900524e+00,1.01692269e+00,2.57632459e+00
8.95895896e+00,1.25779590e-01,2.13922915e-02,2.01327872e-01,1.66210053e-01,8.95895896e+00,2.53150241e-01,6.17898374e-02,4.03477810e-01,3.99801206e-01,8.95895896e+00,6.62256698e-01,1.03503048e+00,1.02355189e+00,2.58667012e+00
8.96896897e+00,1.26651374e-01,2.14001571e-02,2.02595653e-01,1.66424249e-01,8.96896897e+00,2.54925955e-01,6.18446012e-02,4.06029622e-01,4.00420134e-01,8.96896897e+00,6.67311453e-01,1.04110915e+00,1.03023168e+00,2.59707636e+00
8.97897898e+00,1.27529377e-01,2.14080271e-02,2.03872224e-01,1.66638524e-01,8.97897898e+00,2.56714773e-01,6.18994379e-02,4.08599339e-01,4.01039610e-01,8.97897898e+00,6.72412458e-01,1.04724188e+00,1.03696254e+00,2.60754386e+00
8.98898899e+00,1.28413645e-01,2.14159014e-02,2.05157646e-01,1.66852878e-01,8.98898899e+00,2.58516800e-01,6.19543477e-02,4.11187095e-01,4.01659636e-01,8.98898899e+00,6.77560289e-01,1.05342933e+00,1.04374492e+00,2.61807315e+00
8.99899900e+00,1.29304224e-01,2.14237801e-02,2.06451982e-01,1.67067310e-01,8.99899900e+00,2.60332141e-01,6.20093307e-02,4.13793022e-01,4.02280213e-01,8.99899900e+00,6.82755530e-01,1.05967213e+00,1.05057931e+00,2.62866480e+00
9.00900901e+00,1.30201160e-01,2.14316632e-02,2.07755297e-01,1.67281822e-01,9.00900901e+00,2.62160904e-01,6.20643871e-02,4.16417255e-01,4.02901340e-01,9.00900901e+00,6.87998777e-01,1.06597097e+00,1.05746619e+00,2.63931936e+00
9.01901902e+00,1.31104498e-01,2.14395505e-02,2.09067655e-01,1.67496412e-01,9.01901902e+00,2.64003195e-01,6.21195169e-02,4.19059930e-01,4.03523018e-01,9.01901902e+00,6.93290636e-01,1.07232651e+00,1.06440603e+00,2.65003739e+00
9.02902903e+00,1.32014287e-01,2.14474423e-02,2.10389119e-01,1.67711081e-01,9.02902903e+00,2.65859125e-01,6.21747202e-02,4.21721183e-01,4.04145250e-01,9.02902903e+00,6.98631724e-01,1.07873944e+00,1.07139934e+00,2.66081947e+00
9.03903904e+00,1.32930573e-01,2.14553384e-02,2.11719755e-01,1.67925830e-01,9.03903904e+00,2.67728802e-01,6.22299973e-02,4.24401151e-01,4.04768034e-01,9.03903904e+00,7.04022669e-01,1.08521045e+00,1.07844662e+00,2.67166618e+00
9.04904905e+00,1.33853404e-01,2.14632389e-02,2.13059629e-01,1.68140657e-01,9.04904905e+00,2.69612339e-01,6.22853483e-02,4.27099973e-01,4.05391372e-01,9.04904905e+00,7.09464113e-01,1.09174026e+00,1.08554836e+00,2.68257811e+00
9.05905906e+00,1.34782827e-01,2.14711437e-02,2.14408807e-01,1.68355564e-01,9.05905906e+00,2.71509846e-01,6.23407732e-02,4.29817789e-01,4.06015265e-01,9.05905906e+00,7.14956706e-01,1.09832958e+00,1.09270508e+00,2.69355585e+00
9.06906907e+00,1.35718891e-01,2.14790529e-02,2.15767354e-01,1.68570549e-01,9.06906907e+00,2.73421437e-01,6.23962723e-02,4.32554740e-01,4.06639713e-01,9.06906907e+00,7.20501114e-01,1.10497914e+00,1.09991731e+00,2.70459999e+00
9.07907908e+00,1.36661645e-01,2.14869665e-02,2.17135338e-01,1.68785614e-01,9.07907908e+00,2.75347226e-01,6.24518456e-02,4.35310969e-01,4.07264717e-01,9.07907908e+00,7.26098012e-01,1.11168967e+00,1.10718556e+00,2.71571116e+00
9.08908909e+00,1.37611136e-01,2.14948845e-02,2.18512827e-01,1.69000759e-01,9.08908909e+00,2.77287329e-01,6.25074933e-02,4.38086618e-01,4.07890278e-01,9.08908909e+00,7.31748091e-01,1.11846194e+00,1.11451036e+00,2.72688996e+00
9.09909910e+00,1.38567416e-01,2.15028068e-02,2.19899889e-01,1.69215982e-01,9.09909910e+00,2.79241863e-01,6.25632155e-02,4.40881832e-01,4.08516397e-01,9.09909910e+00,7.37452052e-01,1.12529670e+00,1.12189226e+00,2.73813702e+00
9.10910911e+00,1.39530533e-01,2.15107335e-02,2.21296591e-01,1.69431285e-01,9.10910911e+00,2.81210944e-01,6.26190123e-02,4.43696756e-01,4.09143074e-01,9.10910911e+00,7.43210613e-01,1.13219472e+00,1.12933181e+00,2.74945297e+00
9.11911912e+00,1.40500538e-01,2.15186646e-02,2.22703002e-01,1.69646667e-01,9.11911912e+00,2.83194693e-01,6.26748840e-02,4.46531538e-01,4.09770310e-01,9.11911912e+00,7.49024502e-01,1.13915680e+00,1.13682955e+00,2.76083845e+00
9.12912913e+00,1.41477482e-01,2.15266001e-02,2.24119193e-01,1.69862129e-01,9.12912913e+00,2.85193228e-01,6.27308305e-02,4.49386325e-01,4.10398106e-01,9.12912913e+00,7.54894463e-01,1.14618373e+00,1.14438605e+00,2.77229411e+00
9.13913914e+00,1.42461414e-01,2.15345400e-02,2.25545234e-01,1.70077670e-01,9.13913914e+00,2.87206672e-01,6.27868521e-02,4.52261266e-01,4.11026463e-01,9.13913914e+00,7.60821256e-01,1.15327632e+00,1.15200188e+00,2.78382059e+00
9.14914915e+00,1.43452388e-01,2.15424843e-02,2.26981193e-01,1.70293290e-01,9.14914915e+00,2.89235147e-01,6.28429489e-02,4.55156513e-01,4.11655381e-01,9.14914915e+00,7.66805652e-01,1.16043541e+00,1.15967761e+00,2.79541858e+00
9.15915916e+00,1.44450454e-01,2.15504330e-02,2.28427144e-01,1.70508990e-01,9.15915916e+00,2.91278776e-01,6.28991210e-02,4.58072217e-01,4.12284861e-01,9.15915916e+00,7.72848441e-01,1.16766181e+00,1.16741384e+00,2.80708873e+00
9.16916917e+00,1.45455664e-01,2.15583861e-02,2.29883157e-01,1.70724770e-01,9.16916917e+00,2.93337685e-01,6.29553685e-02,4.61008530e-01,4.12914903e-01,9.16916917e+00,7.78950427e-01,1.17495640e+00,1.17521114e+00,2.81883172e+00
9.17917918e+00,1.46468072e-01,2.15663436e-02,2.31349303e-01,1.70940629e-01,9.17917918e+00,2.95412000e-01,6.30116917e-02,4.63965607e-01,4.13545510e-01,9.17917918e+00,7.85112429e-01,1.18232002e+00,1.18307012e+00,2.83064826e+00
9.18918919e+00,1.47487730e-01,2.15743055e-02,2.32825657e-01,1.71156568e-01,9.18918919e+00,2.97501849e-01,6.30680905e-02,4.66943603e-01,4.14176681e-01,9.18918919e+00,7.91335285e-01,1.18975356e+00,1.19099139e+00,2.84253902e+00
9.19919920e+00,1.48514692e-01,2.15822718e-02,2.34312291e-01,1.71372587e-01,9.19919920e+00,2.99607360e-01,6.31245653e-02,4.69942676e-01,4.14808417e-01,9.19919920e+00,7.97619847e-01,1.19725791e+00,1.19897558e+00,2.85450473e+00
9.20920921e+00,1.49549012e-01,2.15902425e-02,2.35809278e-01,1.71588686e-01,9.20920921e+00,3.01728664e-01,6.31811160e-02,4.72962983e-01,4.15440718e-01,9.20920921e+00,8.03966987e-01,1.20483398e+00,1.20702329e+00,2.86654610e+00
9.21921922e+00,1.50590743e-01,2.15982177e-02,2.37316693e-01,1.71804864e-01,9.21921922e+00,3.03865893e-01,6.32377428e-02,4.76004684e-01,4.16073587e-01,9.21921922e+00,8.10377592e-01,1.21248268e+00,1.21513518e+00,2.87866384e+00
9.22922923e+00,1.51639942e-01,2.16061972e-02,2.38834610e-01,1.72021122e-01,9.22922923e+00,3.06019179e-01,6.32944460e-02,4.79067939e-01,4.16707023e-01,9.22922923e+00,8.16852570e-01,1.22020495e+00,1.22331189e+00,2.89085870e+00
9.23923924e+00,1.52696662e-01,2.16141812e-02,2.40363105e-01,1.72237461e-01,9.23923924e+00,3.08188656e-01,6.33512255e-02,4.82152910e-01,4.17341027e-01,9.23923924e+00,8.23392846e-01,1.22800175e+00,1.23155406e+00,2.90313142e+00
9.24924925e+00,1.53760959e-01,2.16221697e-02,2.41902254e-01,1.72453879e-01,9.24924925e+00,3.10374462e-01,6.34080816e-02,4.85259762e-01,4.17975600e-01,9.24924925e+00,8.29999365e-01,1.23587403e+00,1.23986236e+00,2.91548275e+00
9.25925926e+00,1.54832890e-01,2.16301625e-02,2.43452133e-01,1.72670377e-01,9.25925926e+00,3.12576732e-01,6.34650143e-02,4.88388658e-01,4.18610742e-01,9.25925926e+00,8.36673091e-01,1.24382279e+00,1.24823746e+00,2.92791345e+00
9.26926927e+00,1.55912511e-01,2.16381598e-02,2.45012818e-01,1.72886955e-01,9.26926927e+00,3.14795606e-01,6.35220239e-02,4.91539765e-01,4.19246455e-01,9.26926927e+00,8.43415009e-01,1.25184901e+00,1.25668006e+00,2.94042431e+00
9.27927928e+00,1.56999879e-01,2.16461616e-02,2.46584389e-01,1.73103613e-01,9.27927928e+00,3.17031223e-01,6.35791105e-02,4.94713251e-01,4.19882740e-01,9.27927928e+00,8.50226124e-01,1.25995372e+00,1.26519083e+00,2.95301609e+00
9.28928929e+00,1.58095052e-01,2.16541677e-02,2.48166922e-01,1.73320351e-01,9.28928929e+00,3.19283726e-01,6.36362741e-02,4.97909284e-01,4.20519596e-01,9.28928929e+00,8.57107464e-01,1.26813795e+00,1.27377048e+00,2.96568960e+00
9.29929930e+00,1.59198087e-01,2.16621784e-02,2.49760496e-01,1.73537170e-01,9.29929930e+00,3.21553257e-01,6.36935150e-02,5.01128035e-01,4.21157025e-01,9.29929930e+00,8.64060077e-01,1.27640273e+00,1.28241973e+00,2.97844563e+00
9.30930931e+00,1.60309042e-01,2.16701934e-02,2.51365191e-01,1.73754069e-01,9.30930931e+00,3.23839962e-01,6.37508332e-02,5.04369677e-01,4.21795028e-01,9.30930931e+00,8.71085036e-01,1.28474914e+00,1.29113930e+00,2.99128501e+00
9.31931932e+00,1.61427977e-01,2.16782130e-02,2.52981087e-01,1.73971048e-01,9.31931932e+00,3.26143986e-01,6.38082290e-02,5.07634381e-01,4.22433605e-01,9.31931932e+00,8.78183435e-01,1.29317827e+00,1.29992993e+00,3.00420855e+00
9.32932933e+00,1.62554952e-01,2.16862369e-02,2.54608264e-01,1.74188107e-01,9.32932933e+00,3.28465477e-01,6.38657024e-02,5.10922324e-01,4.23072757e-01,9.32932933e+00,8.85356393e-01,1.30169120e+00,1.30879235e+00,3.01721710e+00
9.33933934e+00,1.63690024e-01,2.16942654e-02,2.56246802e-01,1.74405247e-01,9.33933934e+00,3.30804585e-01,6.39232537e-02,5.14233681e-01,4.23712486e-01,9.33933934e+00,8.92605054e-01,1.31028907e+00,1.31772734e+00,3.03031150e+00
9.34934935e+00,1.64833256e-01,2.17022983e-02,2.57896785e-01,1.74622467e-01,9.34934935e+00,3.33161462e-01,6.39808828e-02,5.17568631e-01,4.24352790e-01,9.34934935e+00,8.99930586e-01,1.31897301e+00,1.32673565e+00,3.04349261e+00
9.35935936e+00,1.65984707e-01,2.17103356e-02,2.59558294e-01,1.74839767e-01,9.35935936e+00,3.35536258e-01,6.40385900e-02,5.20927352e-01,4.24993672e-01,9.35935936e+00,9.07334185e-01,1.32774418e+00,1.33581808e+00,3.05676130e+00
9.36936937e+00,1.67144440e-01,2.17183775e-02,2.61231411e-01,1.75057148e-01,9.36936937e+00,3.37929130e-01,6.40963755e-02,5.24310026e-01,4.25635133e-01,9.36936937e+00,9.14817071e-01,1.33660375e+00,1.34497541e+00,3.07011845e+00
9.37937938e+00,1.68312515e-01,2.17264238e-02,2.62916221e-01,1.75274610e-01,9.37937938e+00,3.40340234e-01,6.41542393e-02,5.27716835e-01,4.26277172e-01,9.37937938e+00,9.22380493e-01,1.34555293e+00,1.35420844e+00,3.08356496e+00
9.38938939e+00,1.69488995e-01,2.17344746e-02,2.64612808e-01,1.75492152e-01,9.38938939e+00,3.42769726e-01,6.42121816e-02,5.31147964e-01,4.26919792e-01,9.38938939e+00,9.30025730e-01,1.35459293e+00,1.36351801e+00,3.09710173e+00
9.39939940e+00,1.70673944e-01,2.17425298e-02,2.66321256e-01,1.75709775e-01,9.39939940e+00,3.45217768e-01,6.42702026e-02,5.34603597e-01,4.27562992e-01,9.39939940e+00,9.37754087e-01,1.36372499e+00,1.37290494e+00,3.11072968e+00
9.40940941e+00,1.71867423e-01,2.17505895e-02,2.68041650e-01,1.75927478e-01,9.40940941e+00,3.47684520e-01,6.43283024e-02,5.38083922e-01,4.28206773e-01,9.40940941e+00,9.45566901e-01,1.37295036e+00,1.38237007e+00,3.12444974e+00
9.41941942e+00,1.73069497e-01,2.17586538e-02,2.69774078e-01,1.76145262e-01,9.41941942e+00,3.50170145e-01,6.43864810e-02,5.41589129e-01,4.28851136e-01,9.41941942e+00,9.53465540e-01,1.38227034e+00,1.39191427e+00,3.13826286e+00
9.42942943e+00,1.74280231e-01,2.17667225e-02,2.71518624e-01,1.76363127e-01,9.42942943e+00,3.52674810e-01,6.44447388e-02,5.45119407e-01,4.29496083e-01,9.42942943e+00,9.61451403e-01,1.39168623e+00,1.40153841e+00,3.15216998e+00
9.43943944e+00,1.75499690e-01,2.17747957e-02,2.73275378e-01,1.76581073e-01,9.43943944e+00,3.55198680e-01,6.45030758e-02,5.48674950e-01,4.30141613e-01,9.43943944e+00,9.69525921e-01,1.40119934e+00,1.41124337e+00,3.16617209e+00
9.44944945e+00,1.76727938e-01,2.17828734e-02,2.75044426e-01,1.76799099e-01,9.44944945e+00,3.57741925e-01,6.45614921e-02,5.52255950e-01,4.30787727e-01,9.44944945e+00,9.77690562e-01,1.41081103e+00,1.42103007e+00,3.18027017e+00
9.45945946e+00,1.77965042e-01,2.17909556e-02,2.76825858e-01,1.77017207e-01,9.45945946e+00,3.60304715e-01,6.46199879e-02,5.55862604e-01,4.31434427e-01,9.45945946e+00,9.85946824e-01,1.42052268e+00,1.43089940e+00,3.19446520e+00
9.46946947e+00,1.79211068e-01,2.17990423e-02,2.78619763e-01,1.77235395e-01,9.46946947e+00,3.62887224e-01,6.46785634e-02,5.59495109e-01,4.32081714e-01,9.46946947e+00,9.94296246e-01,1.43033568e+00,1.44085232e+00,3.20875821e+00
9.47947948e+00,1.80466084e-01,2.18071335e-02,2.80426230e-01,1.77453665e-01,9.47947948e+00,3.65489626e-01,6.47372187e-02,5.63153663e-01,4.32729587e-01,9.47947948e+00,1.00274040e+00,1.44025145e+00,1.45088976e+00,3.22315022e+00
9.48948949e+00,1.81730156e-01,2.18152292e-02,2.82245351e-01,1.77672015e-01,9.48948949e+00,3.68112098e-01,6.47959539e-02,5.66838469e-01,4.33378048e-01,9.48948949e+00,1.01128090e+00,1.45027143e+00,1.46101269e+00,3.23764227e+00
9.49949950e+00,1.83003354e-01,2.18233294e-02,2.84077216e-01,1.77890446e-01,9.49949950e+00,3.70754819e-01,6.48547692e-02,5.70549729e-01,4.34027097e-01,9.49949950e+00,1.01991939e+00,1.46039711e+00,1.47122210e+00,3.25223541e+00
9.50950951e+00,1.84285747e-01,2.18314342e-02,2.85921918e-01,1.78108959e-01,9.50950951e+00,3.73417970e-01,6.49136648e-02,5.74287646e-01,4.34676736e-01,9.50950951e+00,1.02865756e+00,1.47062998e+00,1.48151897e+00,3.26693071e+00
9.51951952e+00,1.85577402e-01,2.18395434e-02,2.87779550e-01,1.78327553e-01,9.51951952e+00,3.76101734e-01,6.49726407e-02,5.78052428e-01,4.35326965e-01,9.51951952e+00,1.03749716e+00,1.48097155e+00,1.49190433e+00,3.28172925e+00
9.52952953e+00,1.86878392e-01,2.18476572e-02,2.89650205e-01,1.78546228e-01,9.52952953e+00,3.78806297e-01,6.50316971e-02,5.81844283e-01,4.35977784e-01,9.52952953e+00,1.04643995e+00,1.49142340e+00,1.50237920e+00,3.29663214e+00
9.53953954e+00,1.88188785e-01,2.18557755e-02,2.91533976e-01,1.78764984e-01,9.53953954e+00,3.81531846e-01,6.50908342e-02,5.85663421e-01,4.36629196e-01,9.53953954e+00,1.05548776e+00,1.50198709e+00,1.51294464e+00,3.31164049e+00
9.54954955e+00,1.89508653e-01,2.18638983e-02,2.93430960e-01,1.78983821e-01,9.54954955e+00,3.84278570e-01,6.51500521e-02,5.89510053e-01,4.37281200e-01,9.54954955e+00,1.06464244e+00,1.51266424e+00,1.52360172e+00,3.32675544e+00
9.55955956e+00,1.90838069e-01,2.18720257e-02,2.95341251e-01,1.79202740e-01,9.55955956e+00,3.87046663e-01,6.52093510e-02,5.93384394e-01,4.37933798e-01,9.55955956e+00,1.07390592e+00,1.52345647e+00,1.53435153e+00,3.34197812e+00
9.56956957e+00,1.92177104e-01,2.18801576e-02,2.97264946e-01,1.79421740e-01,9.56956957e+00,3.89836317e-01,6.52687310e-02,5.97286659e-01,4.38586989e-01,9.56956957e+00,1.08328016e+00,1.53436547e+00,1.54519518e+00,3.35730971e+00
9.57957958e+00,1.93525831e-01,2.18882940e-02,2.99202141e-01,1.79640822e-01,9.57957958e+00,3.92647731e-01,6.53281923e-02,6.01217067e-01,4.39240776e-01,9.57957958e+00,1.09276717e+00,1.54539293e+00,1.55613379e+00,3.37275139e+00
9.58958959e+00,1.94884324e-01,2.18964350e-02,3.01152935e-01,1.79859985e-01,9.58958959e+00,3.95481102e-01,6.53877350e-02,6.05175837e-01,4.39895159e-01,9.58958959e+00,1.10236901e+00,1.55654057e+00,1.56716851e+00,3.38830435e+00
9.59959960e+00,1.96252658e-01,2.19045806e-02,3.03117426e-01,1.80079230e-01,9.59959960e+00,3.98336633e-01,6.54473592e-02,6.09163191e-01,4.40550138e-01,9.59959960e+00,1.11208781e+00,1.56781016e+00,1.57830052e+00,3.40396982e+00
9.60960961e+00,1.97630907e-01,2.19127306e-02,3.05095714e-01,1.80298556e-01,9.60960961e+00,4.01214528e-01,6.55070651e-02,6.13179352e-01,4.41205715e-01,9.60960961e+00,1.12192574e+00,1.57920350e+00,1.58953101e+00,3.41974902e+00
9.61961962e+00,1.99019146e-01,2.19208853e-02,3.07087897e-01,1.80517964e-01,9.61961962e+00,4.04114993e-01,6.55668529e-02,6.17224547e-01,4.41861889e-01,9.61961962e+00,1.13188503e+00,1.59072240e+00,1.60086119e+00,3.43564321e+00
9.62962963e+00,2.00417453e-01,2.19290444e-02,3.09094078e-01,1.80737453e-01,9.62962963e+00,4.07038237e-01,6.56267227e-02,6.21299004e-01,4.42518663e-01,9.62962963e+00,1.14196797e+00,1.60236873e+00,1.61229230e+00,3.45165365e+00
9.63963964e+00,2.01825903e-01,2.19372082e-02,3.11114357e-01,1.80957024e-01,9.63963964e+00,4.09984472e-01,6.56866747e-02,6.25402953e-01,4.43176037e-01,9.63963964e+00,1.15217691e+00,1.61414438e+00,1.62382561e+00,3.46778165e+00
9.64964965e+00,2.03244574e-01,2.19453765e-02,3.13148837e-01,1.81176677e-01,9.64964965e+00,4.12953912e-01,6.57467089e-02,6.29536626e-01,4.43834012e-01,9.64964965e+00,1.16251428e+00,1.62605129e+00,1.63546239e+00,3.48402851e+00
9.65965966e+00,2.04673545e-01,2.19535494e-02,3.15197622e-01,1.81396412e-01,9.65965966e+00,4.15946775e-01,6.58068257e-02,6.33700257e-01,4.44492588e-01,9.65965966e+00,1.17298255e+00,1.63809141e+00,1.64720395e+00,3.50039555e+00
9.66966967e+00,2.06112895e-01,2.19617268e-02,3.17260814e-01,1.81616229e-01,9.66966967e+00,4.18963280e-01,6.58670250e-02,6.37894084e-01,4.45151767e-01,9.66966967e+00,1.18358428e+00,1.65026676e+00,1.65905164e+00,3.51688412e+00
9.67967968e+00,2.07562702e-01,2.19699088e-02,3.19338519e-01,1.81836127e-01,9.67967968e+00,4.22003650e-01,6.59273071e-02,6.42118344e-01,4.45811549e-01,9.67967968e+00,1.19432207e+00,1.66257938e+00,1.67100682e+00,3.53349560e+00
9.68968969e+00,2.09023048e-01,2.19780954e-02,3.21430841e-01,1.82056108e-01,9.68968969e+00,4.25068110e-01,6.59876721e-02,6.46373280e-01,4.46471934e-01,9.68968969e+00,1.20519864e+00,1.67503134e+00,1.68307087e+00,3.55023138e+00
9.69969970e+00,2.10494013e-01,2.19862866e-02,3.23537888e-01,1.82276170e-01,9.69969970e+00,4.28156889e-01,6.60481201e-02,6.50659135e-01,4.47132925e-01,9.69969970e+00,1.21621674e+00,1.68762477e+00,1.69524521e+00,3.56709285e+00
9.70970971e+00,2.11975679e-01,2.19944823e-02,3.25659767e-01,1.82496314e-01,9.70970971e+00,4.31270218e-01,6.61086514e-02,6.54976154e-01,4.47794522e-01,9.70970971e+00,1.22737922e+00,1.70036183e+00,1.70753129e+00,3.58408147e+00
9.71971972e+00,2.13468128e-01,2.20026827e-02,3.27796585e-01,1.82716541e-01,9.71971972e+00,4.34408330e-01,6.61692661e-02,6.59324586e-01,4.48456725e-01,9.71971972e+00,1.23868901e+00,1.71324472e+00,1.71993058e+00,3.60119867e+00
9.72972973e+00,2.14971444e-01,2.20108876e-02,3.29948452e-01,1.82936850e-01,9.72972973e+00,4.37571465e-01,6.62299643e-02,6.63704681e-01,4.49119535e-01,9.72972973e+00,1.25014913e+00,1.72627568e+00,1.73244458e+00,3.61844594e+00
9.73973974e+00,2.16485710e-01,2.20190971e-02,3.32115476e-01,1.83157240e-01,9.73973974e+00,4.40759861e-01,6.62907461e-02,6.68116691e-01,4.49782954e-01,9.73973974e+00,1.26176266e+00,1.73945701e+00,1.74507484e+00,3.63582478e+00
9.74974975e+00,2.18011011e-01,2.20273112e-02,3.34297768e-01,1.83377713e-01,9.74974975e+00,4.43973763e-01,6.63516118e-02,6.72560873e-01,4.50446981e-01,9.74974975e+00,1.27353280e+00,1.75279103e+00,1.75782292e+00,3.65333671e+00
9.75975976e+00,2.19547433e-01,2.20355299e-02,3.36495440e-01,1.83598269e-01,9.75975976e+00,4.47213418e-01,6.64125615e-02,6.77037484e-01,4.51111619e-01,9.75975976e+00,1.28546283e+00,1.76628013e+00,1.77069041e+00,3.67098327e+00
9.76976977e+00,2.21095061e-01,2.20437533e-02,3.38708604e-01,1.83818906e-01,9.76976977e+00,4.50479075e-01,6.64735953e-02,6.81546784e-01,4.51776867e-01,9.76976977e+00,1.29755612e+00,1.77992672e+00,1.78367896e+00,3.68876604e+00
9.77977978e+00,2.22653983e-01,2.20519812e-02,3.40937372e-01,1.84039626e-01,9.77977978e+00,4.53770988e-01,6.65347134e-02,6.86089036e-01,4.52442727e-01,9.77977978e+00,1.30981615e+00,1.79373329e+00,1.79679024e+00,3.70668661e+00
9.78978979e+00,2.24224286e-01,2.20602137e-02,3.43181860e-01,1.84260429e-01,9.78978979e+00,4.57089414e-01,6.65959160e-02,6.90664506e-01,4.53109199e-01,9.78978979e+00,1.32224652e+00,1.80770235e+00,1.81002594e+00,3.72474660e+00
9.79979980e+00,2.25806059e-01,2.20684509e-02,3.45442181e-01,1.84481313e-01,9.79979980e+00,4.60434613e-01,6.66572032e-02,6.95273461e-01,4.53776285e-01,9.79979980e+00,1.33485090e+00,1.82183647e+00,1.82338781e+00,3.74294766e+00
9.80980981e+00,2.27399391e-01,2.20766926e-02,3.47718451e-01,1.84702281e-01,9.80980981e+00,4.63806849e-01,6.67185751e-02,6.99916172e-01,4.54443984e-01,9.80980981e+00,1.34763310e+00,1.83613829e+00,1.83687763e+00,3.76129146e+00
9.81981982e+00,2.29004373e-01,2.20849390e-02,3.50010787e-01,1.84923330e-01,9.81981982e+00,4.67206390e-01,6.67800320e-02,7.04592913e-01,4.55112299e-01,9.81981982e+00,1.36059703e+00,1.85061046e+00,1.85049722e+00,3.77977970e+00
9.82982983e+00,2.30621094e-01,2.20931900e-02,3.52319306e-01,1.85144463e-01,9.82982983e+00,4.70633506e-01,6.68415739e-02,7.09303959e-01,4.55781230e-01,9.82982983e+00,1.37374675e+00,1.86525573e+00,1.86424844e+00,3.79841409e+00
9.83983984e+00,2.32249648e-01,2.21014457e-02,3.54644128e-01,1.85365678e-01,9.83983984e+00,4.74088473e-01,6.69032011e-02,7.14049589e-01,4.56450777e-01,9.83983984e+00,1.38708641e+00,1.88007688e+00,1.87813319e+00,3.81719641e+00
9.84984985e+00,2.33890126e-01,2.21097060e-02,3.56985370e-01,1.85586975e-01,9.84984985e+00,4.77571569e-01,6.69649137e-02,7.18830085e-01,4.57120941e-01,9.84984985e+00,1.40062031e+00,1.89507674e+00,1.89215341e+00,3.83612843e+00
9.85985986e+00,2.35542622e-01,2.21179709e-02,3.59343154e-01,1.85808356e-01,9.85985986e+00,4.81083077e-01,6.70267118e-02,7.23645732e-01,4.57791724e-01,9.85985986e+00,1.41435289e+00,1.91025821e+00,1.90631110e+00,3.85521195e+00
9.86986987e+00,2.37207230e-01,2.21262404e-02,3.61717601e-01,1.86029819e-01,9.86986987e+00,4.84623283e-01,6.70885956e-02,7.28496816e-01,4.58463127e-01,9.86986987e+00,1.42828871e+00,1.92562426e+00,1.92060828e+00,3.87444882e+00
9.87987988e+00,2.38884047e-01,2.21345146e-02,3.64108833e-01,1.86251365e-01,9.87987988e+00,4.88192478e-01,6.71505653e-02,7.33383627e-01,4.59135149e-01,9.87987988e+00,1.44243251e+00,1.94117790e+00,1.93504704e+00,3.89384092e+00
9.88988989e+00,2.40573166e-01,2.21427934e-02,3.66516972e-01,1.86472994e-01,9.88988989e+00,4.91790956e-01,6.72126210e-02,7.38306460e-01,4.59807792e-01,9.88988989e+00,1.45678914e+00,1.95692220e+00,1.94962952e+00,3.91339013e+00
9.89989990e+00,2.42274687e-01,2.21510769e-02,3.68942145e-01,1.86694705e-01,9.89989990e+00,4.95419017e-01,6.72747629e-02,7.43265609e-01,4.60481058e-01,9.89989990e+00,1.47136365e+00,1.97286032e+00,1.96435788e+00,3.93309839e+00
9.90990991e+00,2.43988706e-01,2.21593650e-02,3.71384474e-01,1.86916500e-01,9.90990991e+00,4.99076962e-01,6.73369912e-02,7.48261374e-01,4.61154945e-01,9.90990991e+00,1.48616124e+00,1.98899546e+00,1.97923437e+00,3.95296768e+00
9.91991992e+00,2.45715323e-01,2.21676578e-02,3.73844087e-01,1.87138378e-01,9.91991992e+00,5.02765101e-01,6.73993059e-02,7.53294058e-01,4.61829457e-01,9.91991992e+00,1.50118727e+00,2.00533090e+00,1.99426127e+00,3.97299997e+00
9.92992993e+00,2.47454637e-01,2.21759553e-02,3.76321110e-01,1.87360338e-01,9.92992993e+00,5.06483744e-01,6.74617073e-02,7.58363965e-01,4.62504593e-01,9.92992993e+00,1.51644730e+00,2.02186998e+00,2.00944092e+00,3.99319731e+00
9.93993994e+00,2.49206749e-01,2.21842574e-02,3.78815672e-01,1.87582382e-01,9.93993994e+00,5.10233208e-01,6.75241956e-02,7.63471405e-01,4.63180354e-01,9.93993994e+00,1.53194707e+00,2.03861611e+00,2.02477573e+00,4.01356176e+00
9.94994995e+00,2.50971760e-01,2.21925641e-02,3.81327902e-01,1.87804509e-01,9.94994995e+00,5.14013815e-01,6.75867708e-02,7.68616688e-01,4.63856741e-01,9.94994995e+00,1.54769251e+00,2.05557279e+00,2.04026815e+00,4.03409541e+00
9.95995996e+00,2.52749773e-01,2.22008756e-02,3.83857930e-01,1.88026719e-01,9.95995996e+00,5.17825889e-01,6.76494332e-02,7.73800131e-01,4.64533756e-01,9.95995996e+00,1.56368976e+00,2.07274357e+00,2.05592070e+00,4.05480041e+00
9.96996997e+00,2.54540892e-01,2.22091917e-02,3.86405887e-01,1.88249013e-01,9.96996997e+00,5.21669762e-01,6.77121829e-02,7.79022050e-01,4.65211398e-01,9.96996997e+00,1.57994517e+00,2.09013208e+00,2.07173596e+00,4.07567891e+00
9.97997998e+00,2.56345222e-01,2.22175125e-02,3.88971905e-01,1.88471389e-01,9.97997998e+00,5.25545768e-01,6.77750201e-02,7.84282769e-01,4.65889669e-01,9.97997998e+00,1.59646532e+00,2.10774205e+00,2.08771660e+00,4.09673313e+00
9.98998999e+00,2.58162867e-01,2.22258380e-02,3.91556118e-01,1.88693849e-01,9.98998999e+00,5.29454249e-01,6.78379449e-02,7.89582611e-01,4.66568569e-01,9.98998999e+00,1.61325702e+00,2.12557727e+00,2.10386532e+00,4.11796532e+00
1.00000000e+01,2.59993934e-01,2.22341681e-02,3.94158660e-01,1.88916393e-01,1.00000000e+01,5.33395549e-01,6.79009575e-02,7.94921906e-01,4.67248101e-01,1.00000000e+01,1.63032731e+00,2.14364160e+00,2.12018491e+00,4.13937775e+00
