tau=beta*t,lambda,xi,sigma_total_over_mu,sigma_surviving_over_mu,sigma_recrosslinked_over_mu,sigma_elastic_over_mu
0.0000000000e+00,1.0000000000e+00,0.0000000000e+00,0.0000000000e+00,0.0000000000e+00,0.0000000000e+00,0.0000000000e+00
6.1067942672e-03,1.0006108659e+00,3.7217129427e-06,2.4337731349e-03,2.4263644805e-03,7.4086543499e-06,2.4412271246e-03
1.2213588534e-02,1.0012221050e+00,1.4856613957e-05,4.8497705347e-03,4.8202441522e-03,2.9526382514e-05,4.8794776212e-03
1.8320382802e-02,1.0018337175e+00,3.3359536890e-05,7.2481160966e-03,7.1819692012e-03,6.6146895405e-05,7.3147582856e-03
2.4427177069e-02,1.0024457036e+00,5.9185568384e-05,9.6289328317e-03,9.5118667953e-03,1.1706603642e-04,9.7470759016e-03
3.0533971336e-02,1.0030580635e+00,9.2290046340e-05,1.1992342872e-02,1.1810261110e-02,1.8208176180e-04,1.2176437241e-02
3.6640765603e-02,1.0036707975e+00,1.3262855839e-04,1.4338467477e-02,1.4077473356e-02,2.6099412114e-04,1.4602849064e-02
4.2747559870e-02,1.0042839058e+00,1.8015694036e-04,1.6667427039e-02,1.6313821800e-02,3.5360523808e-04,1.7026318119e-02
4.8854354138e-02,1.0048973886e+00,2.3483127481e-04,1.8979341091e-02,1.8519621799e-02,4.5971929121e-04,1.9446851142e-02
5.4961148405e-02,1.0055112462e+00,2.9660788947e-04,2.1274328312e-02,2.0695185817e-02,5.7914249503e-04,2.1864454859e-02
6.1067942672e-02,1.0061254788e+00,3.6544335578e-04,2.3552506536e-02,2.2840823454e-02,7.1168308119e-04,2.4279135982e-02
6.7174736939e-02,1.0067400865e+00,4.4129448742e-04,2.5813992752e-02,2.4956841472e-02,8.5715127986e-04,2.6690901215e-02
7.3281531206e-02,1.0073550697e+00,5.2411833883e-04,2.8058903118e-02,2.7043543817e-02,1.0153593012e-03,2.9099757247e-02
7.9388325474e-02,1.0079704286e+00,6.1387220372e-04,3.0287352962e-02,2.9101231645e-02,1.1861213171e-03,3.1505710759e-02
8.5495119741e-02,1.0085861634e+00,7.1051361366e-04,3.2499456789e-02,3.1130203346e-02,1.3692534430e-03,3.3908768418e-02
9.1601914008e-02,1.0092022744e+00,8.1400033659e-04,3.4695328289e-02,3.3130754569e-02,1.5645737199e-03,3.6308936882e-02
9.7708708275e-02,1.0098187616e+00,9.2429037545e-04,3.6875080340e-02,3.5103178244e-02,1.7719020965e-03,3.8706222797e-02
1.0381550254e-01,1.0104356255e+00,1.0413419667e-03,3.9038825018e-02,3.7047764606e-02,1.9910604114e-03,4.1100632799e-02
1.0992229681e-01,1.0110528662e+00,1.1651135788e-03,4.1186673597e-02,3.8964801221e-02,2.2218723760e-03,4.3492173511e-02
1.1602909108e-01,1.0116704840e+00,1.2955639111e-03,4.3318736563e-02,4.0854573006e-02,2.4641635566e-03,4.5880851548e-02
1.2213588534e-01,1.0122884790e+00,1.4326518922e-03,4.5435123611e-02,4.2717362254e-02,2.7177613575e-03,4.8266673512e-02
1.2824267961e-01,1.0129068515e+00,1.5763366784e-03,4.7535943659e-02,4.4553448655e-02,2.9824950036e-03,5.0649645995e-02
1.3434947388e-01,1.0135256018e+00,1.7265776530e-03,4.9621304846e-02,4.6363109322e-02,3.2581955241e-03,5.3029775579e-02
1.4045626815e-01,1.0141447301e+00,1.8833344239e-03,5.1691314545e-02,4.8146618810e-02,3.5446957350e-03,5.5407068835e-02
1.4656306241e-01,1.0147642365e+00,2.0465668233e-03,5.3746079363e-02,4.9904249140e-02,3.8418302229e-03,5.7781532324e-02
1.5266985668e-01,1.0153841214e+00,2.2162349054e-03,5.5785705150e-02,5.1636269822e-02,4.1494353284e-03,6.0153172596e-02
1.5877665095e-01,1.0160043850e+00,2.3922989458e-03,5.7810297003e-02,5.3342947873e-02,4.4673491300e-03,6.2521996192e-02
1.6488344521e-01,1.0166250275e+00,2.5747194397e-03,5.9819959272e-02,5.5024547845e-02,4.7954114273e-03,6.4888009640e-02
1.7099023948e-01,1.0172460491e+00,2.7634571007e-03,6.1814795566e-02,5.6681331840e-02,5.1334637257e-03,6.7251219461e-02
1.7709703375e-01,1.0178674500e+00,2.9584728597e-03,6.3794908757e-02,5.8313559537e-02,5.4813492198e-03,6.9611632164e-02
1.8320382802e-01,1.0184892306e+00,3.1597278631e-03,6.5760400986e-02,5.9921488207e-02,5.8389127782e-03,7.1969254248e-02
1.8931062228e-01,1.0191113909e+00,3.3671834719e-03,6.7711373670e-02,6.1505372742e-02,6.2060009274e-03,7.4324092204e-02
1.9541741655e-01,1.0197339314e+00,3.5808012604e-03,6.9647927505e-02,6.3065465668e-02,6.5824618368e-03,7.6676152511e-02
2.0152421082e-01,1.0203568521e+00,3.8005430145e-03,7.1570162473e-02,6.4602017171e-02,6.9681453028e-03,7.9025441638e-02
2.0763100508e-01,1.0209801533e+00,4.0263707310e-03,7.3478177847e-02,6.6115275113e-02,7.3629027339e-03,8.1371966045e-02
2.1373779935e-01,1.0216038353e+00,4.2582466159e-03,7.5372072193e-02,6.7605485058e-02,7.7665871356e-03,8.3715732184e-02
2.1984459362e-01,1.0222278983e+00,4.4961330831e-03,7.7251943382e-02,6.9072890286e-02,8.1790530954e-03,8.6056746493e-02
2.2595138789e-01,1.0228523425e+00,4.7399927537e-03,7.9117888586e-02,7.0517731819e-02,8.6001567677e-03,8.8395015406e-02
2.3205818215e-01,1.0234771681e+00,4.9897884540e-03,8.0970004294e-02,7.1940248434e-02,9.0297558598e-03,9.0730545342e-02
2.3816497642e-01,1.0241023754e+00,5.2454832147e-03,8.2808386305e-02,7.3340676689e-02,9.4677096164e-03,9.3063342714e-02
2.4427177069e-01,1.0247279647e+00,5.5070402697e-03,8.4633129744e-02,7.4719250938e-02,9.9138788059e-03,9.5393413924e-02
2.5037856495e-01,1.0253539361e+00,5.7744230548e-03,8.6444329059e-02,7.6076203354e-02,1.0368125706e-02,9.7720765367e-02
2.5648535922e-01,1.0259802899e+00,6.0475952061e-03,8.8242078032e-02,7.7411763943e-02,1.0830314089e-02,1.0004540342e-01
2.6259215349e-01,1.0266070263e+00,6.3265205595e-03,9.0026469777e-02,7.8726160569e-02,1.1300309208e-02,1.0236733447e-01
2.6869894776e-01,1.0272341455e+00,6.6111631488e-03,9.1797596752e-02,8.0019618968e-02,1.1777977784e-02,1.0468656488e-01
2.7480574202e-01,1.0278616479e+00,6.9014872052e-03,9.3555550759e-02,8.1292362770e-02,1.2263187989e-02,1.0700310099e-01
2.8091253629e-01,1.0284895335e+00,7.1974571555e-03,9.5300422951e-02,8.2544613513e-02,1.2755809437e-02,1.0931694917e-01
2.8701933056e-01,1.0291178028e+00,7.4990376211e-03,9.7032303835e-02,8.3776590669e-02,1.3255713167e-02,1.1162811574e-01
2.9312612483e-01,1.0297464558e+00,7.8061934170e-03,9.8751283281e-02,8.4988511653e-02,1.3762771628e-02,1.1393660704e-01
2.9923291909e-01,1.0303754928e+00,8.1188895506e-03,1.0045745052e-01,8.6180591846e-02,1.4276858673e-02,1.1624242939e-01
3.0533971336e-01,1.0310049141e+00,8.4370912202e-03,1.0215089415e-01,8.7353044616e-02,1.4797849536e-02,1.1854558910e-01
3.1144650763e-01,1.0316347198e+00,8.7607638144e-03,1.0383170215e-01,8.8506081327e-02,1.5325620826e-02,1.2084609246e-01
3.1755330189e-01,1.0322649103e+00,9.0898729105e-03,1.0549996188e-01,8.9639911365e-02,1.5860050511e-02,1.2314394578e-01
3.2366009616e-01,1.0328954858e+00,9.4243842736e-03,1.0715576006e-01,9.0754742151e-02,1.6401017908e-02,1.2543915535e-01
3.2976689043e-01,1.0335264465e+00,9.7642638553e-03,1.0879918282e-01,9.1850779157e-02,1.6948403666e-02,1.2773172742e-01
3.3587368470e-01,1.0341577926e+00,1.0109477793e-02,1.1043031568e-01,9.2928225929e-02,1.7502089755e-02,1.3002166829e-01
3.4198047896e-01,1.0347895243e+00,1.0459992408e-02,1.1204924355e-01,9.3987284098e-02,1.8061959455e-02,1.3230898419e-01
3.4808727323e-01,1.0354216420e+00,1.0815774204e-02,1.1365605074e-01,9.5028153400e-02,1.8627897343e-02,1.3459368139e-01
3.5419406750e-01,1.0360541458e+00,1.1176789870e-02,1.1525082097e-01,9.6051031689e-02,1.9199789280e-02,1.3687576613e-01
3.6030086176e-01,1.0366870360e+00,1.1543006273e-02,1.1683363736e-01,9.7056114961e-02,1.9777522398e-02,1.3915524463e-01
3.6640765603e-01,1.0373203128e+00,1.1914390460e-02,1.1840458245e-01,9.8043597362e-02,2.0360985090e-02,1.4143212313e-01
3.7251445030e-01,1.0379539764e+00,1.2290909660e-02,1.1996373820e-01,9.9013671209e-02,2.0950066996e-02,1.4370640785e-01
3.7862124457e-01,1.0385880271e+00,1.2672531276e-02,1.2151118600e-01,9.9966527005e-02,2.1544658993e-02,1.4597810498e-01
3.8472803883e-01,1.0392224652e+00,1.3059222889e-02,1.2304700664e-01,1.0090235346e-01,2.2144653181e-02,1.4824722074e-01
3.9083483310e-01,1.0398572908e+00,1.3450952257e-02,1.2457128036e-01,1.0182133748e-01,2.2749942875e-02,1.5051376130e-01
3.9694162737e-01,1.0404925041e+00,1.3847687312e-02,1.2608408683e-01,1.0272366424e-01,2.3360422588e-02,1.5277773287e-01
4.0304842163e-01,1.0411281056e+00,1.4249396159e-02,1.2758550517e-01,1.0360951714e-01,2.3975988024e-02,1.5503914161e-01
4.0915521590e-01,1.0417640953e+00,1.4656047076e-02,1.2907561392e-01,1.0447907785e-01,2.4596536066e-02,1.5729799369e-01
4.1526201017e-01,1.0424004734e+00,1.5067608512e-02,1.3055449108e-01,1.0533252632e-01,2.5221964763e-02,1.5955429527e-01
4.2136880444e-01,1.0430372404e+00,1.5484049087e-02,1.3202221411e-01,1.0617004079e-01,2.5852173319e-02,1.6180805251e-01
4.2747559870e-01,1.0436743963e+00,1.5905337591e-02,1.3347885990e-01,1.0699179782e-01,2.6487062083e-02,1.6405927154e-01
4.3358239297e-01,1.0443119414e+00,1.6331442981e-02,1.3492450483e-01,1.0779797229e-01,2.7126532540e-02,1.6630795850e-01
4.3968918724e-01,1.0449498760e+00,1.6762334382e-02,1.3635922471e-01,1.0858873742e-01,2.7770487294e-02,1.6855411953e-01
4.4579598151e-01,1.0455882003e+00,1.7197981086e-02,1.3778309485e-01,1.0936426478e-01,2.8418830065e-02,1.7079776073e-01
4.5190277577e-01,1.0462269145e+00,1.7638352551e-02,1.3919618999e-01,1.1012472432e-01,2.9071465672e-02,1.7303888823e-01
4.5800957004e-01,1.0468660189e+00,1.8083418398e-02,1.4059858438e-01,1.1087028436e-01,2.9728300024e-02,1.7527750812e-01
4.6411636431e-01,1.0475055137e+00,1.8533148412e-02,1.4199035174e-01,1.1160111163e-01,3.0389240113e-02,1.7751362651e-01
4.7022315857e-01,1.0481453991e+00,1.8987512541e-02,1.4337156526e-01,1.1231737126e-01,3.1054193998e-02,1.7974724948e-01
4.7632995284e-01,1.0487856754e+00,1.9446480893e-02,1.4474229762e-01,1.1301922682e-01,3.1723070801e-02,1.8197838311e-01
4.8243674711e-01,1.0494263428e+00,1.9910023739e-02,1.4610262100e-01,1.1370684031e-01,3.2395780690e-02,1.8420703349e-01
4.8854354138e-01,1.0500674016e+00,2.0378111508e-02,1.4745260705e-01,1.1438037218e-01,3.3072234875e-02,1.8643320666e-01
4.9465033564e-01,1.0507088520e+00,2.0850714788e-02,1.4879232695e-01,1.1503998136e-01,3.3752345593e-02,1.8865690870e-01
5.0075712991e-01,1.0513506943e+00,2.1327804325e-02,1.5012185135e-01,1.1568582525e-01,3.4436026102e-02,1.9087814566e-01
5.0686392418e-01,1.0519929286e+00,2.1809351020e-02,1.5144125042e-01,1.1631805975e-01,3.5123190669e-02,1.9309692357e-01
5.1297071844e-01,1.0526355552e+00,2.2295325933e-02,1.5275059382e-01,1.1693683927e-01,3.5813754560e-02,1.9531324848e-01
5.1907751271e-01,1.0532785744e+00,2.2785700277e-02,1.5404995076e-01,1.1754231673e-01,3.6507634031e-02,1.9752712641e-01
5.2518430698e-01,1.0539219864e+00,2.3280445418e-02,1.5533938991e-01,1.1813464359e-01,3.7204746319e-02,1.9973856338e-01
5.3129110125e-01,1.0545657915e+00,2.3779532878e-02,1.5661897951e-01,1.1871396988e-01,3.7905009633e-02,2.0194756542e-01
5.3739789551e-01,1.0552099898e+00,2.4282934328e-02,1.5788878728e-01,1.1928044414e-01,3.8608343141e-02,2.0415413851e-01
5.4350468978e-01,1.0558545816e+00,2.4790621593e-02,1.5914888050e-01,1.1983421353e-01,3.9314666964e-02,2.0635828868e-01
5.4961148405e-01,1.0564995672e+00,2.5302566646e-02,1.6039932594e-01,1.2037542377e-01,4.0023902168e-02,2.0856002190e-01
5.5571827831e-01,1.0571449468e+00,2.5818741612e-02,1.6164018994e-01,1.2090421919e-01,4.0735970750e-02,2.1075934416e-01
5.6182507258e-01,1.0577907206e+00,2.6339118762e-02,1.6287153836e-01,1.2142074272e-01,4.1450795632e-02,2.1295626144e-01
5.6793186685e-01,1.0584368889e+00,2.6863670516e-02,1.6409343658e-01,1.2192513593e-01,4.2168300653e-02,2.1515077971e-01
5.7403866112e-01,1.0590834520e+00,2.7392369441e-02,1.6530594955e-01,1.2241753900e-01,4.2888410558e-02,2.1734290493e-01
5.8014545538e-01,1.0597304099e+00,2.7925188250e-02,1.6650914176e-01,1.2289809077e-01,4.3611050990e-02,2.1953264307e-01
5.8625224965e-01,1.0603777631e+00,2.8462099800e-02,1.6770307723e-01,1.2336692875e-01,4.4336148480e-02,2.2172000006e-01
5.9235904392e-01,1.0610255118e+00,2.9003077094e-02,1.6888781955e-01,1.2382418911e-01,4.5063630440e-02,2.2390498186e-01
5.9846583818e-01,1.0616736561e+00,2.9548093276e-02,1.7006343186e-01,1.2427000671e-01,4.5793425155e-02,2.2608759439e-01
6.0457263245e-01,1.0623221964e+00,3.0097121635e-02,1.7122997686e-01,1.2470451508e-01,4.6525461771e-02,2.2826784359e-01
6.1067942672e-01,1.0629711328e+00,3.0650135601e-02,1.7238751679e-01,1.2512784650e-01,4.7259670291e-02,2.3044573537e-01
6.1678622099e-01,1.0636204657e+00,3.1207108743e-02,1.7353611349e-01,1.2554013193e-01,4.7995981562e-02,2.3262127566e-01
6.2289301525e-01,1.0642701952e+00,3.1768014772e-02,1.7467582835e-01,1.2594150108e-01,4.8734327272e-02,2.3479447036e-01
6.2899980952e-01,1.0649203216e+00,3.2332827539e-02,1.7580672233e-01,1.2633208239e-01,4.9474639937e-02,2.3696532536e-01
6.3510660379e-01,1.0655708451e+00,3.2901521030e-02,1.7692885595e-01,1.2671200306e-01,5.0216852893e-02,2.3913384657e-01
6.4121339806e-01,1.0662217661e+00,3.3474069372e-02,1.7804228934e-01,1.2708138905e-01,5.0960900294e-02,2.4130003987e-01
6.4732019232e-01,1.0668730846e+00,3.4050446827e-02,1.7914708218e-01,1.2744036509e-01,5.1706717095e-02,2.4346391115e-01
6.5342698659e-01,1.0675248010e+00,3.4630627793e-02,1.8024329375e-01,1.2778905470e-01,5.2454239053e-02,2.4562546626e-01
6.5953378086e-01,1.0681769156e+00,3.5214586803e-02,1.8133098291e-01,1.2812758020e-01,5.3203402710e-02,2.4778471109e-01
6.6564057512e-01,1.0688294284e+00,3.5802298526e-02,1.8241020811e-01,1.2845606271e-01,5.3954145394e-02,2.4994165149e-01
6.7174736939e-01,1.0694823399e+00,3.6393737762e-02,1.8348102738e-01,1.2877462217e-01,5.4706405206e-02,2.5209629331e-01
6.7785416366e-01,1.0701356502e+00,3.6988879447e-02,1.8454349836e-01,1.2908337735e-01,5.5460121012e-02,2.5424864240e-01
6.8396095793e-01,1.0707893597e+00,3.7587698645e-02,1.8559767830e-01,1.2938244586e-01,5.6215232439e-02,2.5639870461e-01
6.9006775219e-01,1.0714434684e+00,3.8190170554e-02,1.8664362401e-01,1.2967194414e-01,5.6971679865e-02,2.5854648576e-01
6.9617454646e-01,1.0720979767e+00,3.8796270501e-02,1.8768139193e-01,1.2995198752e-01,5.7729404412e-02,2.6069199168e-01
7.0228134073e-01,1.0727528848e+00,3.9405973945e-02,1.8871103812e-01,1.3022269018e-01,5.8488347937e-02,2.6283522820e-01
7.0838813499e-01,1.0734081930e+00,4.0019256471e-02,1.8973261822e-01,1.3048416519e-01,5.9248453028e-02,2.6497620112e-01
7.1449492926e-01,1.0740639015e+00,4.0636093794e-02,1.9074618749e-01,1.3073652449e-01,6.0009662996e-02,2.6711491625e-01
7.2060172353e-01,1.0747200105e+00,4.1256461756e-02,1.9175180082e-01,1.3097987895e-01,6.0771921865e-02,2.6925137940e-01
7.2670851780e-01,1.0753765204e+00,4.1880336324e-02,1.9274951269e-01,1.3121433833e-01,6.1535174366e-02,2.7138559636e-01
7.3281531206e-01,1.0760334313e+00,4.2507693595e-02,1.9373937723e-01,1.3144001130e-01,6.2299365934e-02,2.7351757291e-01
7.3892210633e-01,1.0766907434e+00,4.3138509786e-02,1.9472144818e-01,1.3165700548e-01,6.3064442695e-02,2.7564731484e-01
7.4502890060e-01,1.0773484571e+00,4.3772761242e-02,1.9569577889e-01,1.3186542743e-01,6.3830351462e-02,2.7777482792e-01
7.5113569486e-01,1.0780065726e+00,4.4410424431e-02,1.9666242237e-01,1.3206538264e-01,6.4597039728e-02,2.7990011793e-01
7.5724248913e-01,1.0786650901e+00,4.5051475944e-02,1.9762143123e-01,1.3225697557e-01,6.5364455661e-02,2.8202319062e-01
7.6334928340e-01,1.0793240098e+00,4.5695892493e-02,1.9857285773e-01,1.3244030964e-01,6.6132548092e-02,2.8414405175e-01
7.6945607767e-01,1.0799833321e+00,4.6343650914e-02,1.9951675377e-01,1.3261548725e-01,6.6901266514e-02,2.8626270707e-01
7.7556287193e-01,1.0806430571e+00,4.6994728161e-02,2.0045317087e-01,1.3278260980e-01,6.7670561072e-02,2.8837916232e-01
7.8166966620e-01,1.0813031851e+00,4.7649101310e-02,2.0138216021e-01,1.3294177766e-01,6.8440382559e-02,2.9049342324e-01
7.8777646047e-01,1.0819637164e+00,4.8306747556e-02,2.0230377261e-01,1.3309309021e-01,6.9210682405e-02,2.9260549556e-01
7.9388325474e-01,1.0826246512e+00,4.8967644214e-02,2.0321805854e-01,1.3323664586e-01,6.9981412677e-02,2.9471538501e-01
7.9999004900e-01,1.0832859897e+00,4.9631768714e-02,2.0412506809e-01,1.3337254202e-01,7.0752526066e-02,2.9682309731e-01
8.0609684327e-01,1.0839477322e+00,5.0299098606e-02,2.0502485104e-01,1.3350087515e-01,7.1523975885e-02,2.9892863816e-01
8.1220363754e-01,1.0846098789e+00,5.0969611555e-02,2.0591745680e-01,1.3362174074e-01,7.2295716063e-02,3.0103201327e-01
8.1831043180e-01,1.0852724302e+00,5.1643285345e-02,2.0680293445e-01,1.3373523332e-01,7.3067701136e-02,3.0313322834e-01
8.2441722607e-01,1.0859353861e+00,5.2320097872e-02,2.0768133272e-01,1.3384144648e-01,7.3839886241e-02,3.0523228907e-01
8.3052402034e-01,1.0865987470e+00,5.3000027147e-02,2.0855270001e-01,1.3394047290e-01,7.4612227112e-02,3.0732920115e-01
8.3663081461e-01,1.0872625132e+00,5.3683051298e-02,2.0941708438e-01,1.3403240430e-01,7.5384680074e-02,3.0942397025e-01
8.4273760887e-01,1.0879266848e+00,5.4369148562e-02,2.1027453353e-01,1.3411733150e-01,7.6157202035e-02,3.1151660205e-01
8.4884440314e-01,1.0885912622e+00,5.5058297293e-02,2.1112509488e-01,1.3419534440e-01,7.6929750480e-02,3.1360710222e-01
8.5495119741e-01,1.0892562455e+00,5.5750475954e-02,2.1196881549e-01,1.3426653202e-01,7.7702283470e-02,3.1569547642e-01
8.6105799167e-01,1.0899216350e+00,5.6445663120e-02,2.1280574208e-01,1.3433098246e-01,7.8474759627e-02,3.1778173032e-01
8.6716478594e-01,1.0905874310e+00,5.7143837478e-02,2.1363592108e-01,1.3438878294e-01,7.9247138138e-02,3.1986586956e-01
8.7327158021e-01,1.0912536337e+00,5.7844977824e-02,2.1445939857e-01,1.3444001983e-01,8.0019378743e-02,3.2194789979e-01
8.7937837448e-01,1.0919202434e+00,5.8549063063e-02,2.1527622032e-01,1.3448477859e-01,8.0791441731e-02,3.2402782664e-01
8.8548516874e-01,1.0925872602e+00,5.9256072210e-02,2.1608643179e-01,1.3452314386e-01,8.1563287935e-02,3.2610565575e-01
8.9159196301e-01,1.0932546846e+00,5.9965984388e-02,2.1689007811e-01,1.3455519939e-01,8.2334878726e-02,3.2818139276e-01
8.9769875728e-01,1.0939225166e+00,6.0678778827e-02,2.1768720411e-01,1.3458102810e-01,8.3106176007e-02,3.3025504327e-01
9.0380555154e-01,1.0945907566e+00,6.1394434864e-02,2.1847785430e-01,1.3460071209e-01,8.3877142209e-02,3.3232661291e-01
9.0991234581e-01,1.0952594048e+00,6.2112931944e-02,2.1926207288e-01,1.3461433260e-01,8.4647740284e-02,3.3439610728e-01
9.1601914008e-01,1.0959284615e+00,6.2834249615e-02,2.2003990376e-01,1.3462197006e-01,8.5417933701e-02,3.3646353200e-01
9.2212593435e-01,1.0965979268e+00,6.3558367531e-02,2.2081139052e-01,1.3462370408e-01,8.6187686438e-02,3.3852889265e-01
9.2823272861e-01,1.0972678011e+00,6.4285265453e-02,2.2157657646e-01,1.3461961348e-01,8.6956962980e-02,3.4059219483e-01
9.3433952288e-01,1.0979380846e+00,6.5014923242e-02,2.2233550458e-01,1.3460977626e-01,8.7725728313e-02,3.4265344413e-01
9.4044631715e-01,1.0986087776e+00,6.5747320865e-02,2.2308821755e-01,1.3459426964e-01,8.8493947918e-02,3.4471264612e-01
9.4655311141e-01,1.0992798803e+00,6.6482438392e-02,2.2383475780e-01,1.3457317003e-01,8.9261587764e-02,3.4676980639e-01
9.5265990568e-01,1.0999513929e+00,6.7220255992e-02,2.2457516741e-01,1.3454655310e-01,9.0028614308e-02,3.4882493049e-01
9.5876669995e-01,1.1006233157e+00,6.7960753940e-02,2.2530948820e-01,1.3451449371e-01,9.0794994486e-02,3.5087802401e-01
9.6487349422e-01,1.1012956490e+00,6.8703912608e-02,2.2603776169e-01,1.3447706598e-01,9.1560695708e-02,3.5292909248e-01
9.7098028848e-01,1.1019683930e+00,6.9449712471e-02,2.2676002913e-01,1.3443434327e-01,9.2325685856e-02,3.5497814147e-01
9.7708708275e-01,1.1026415480e+00,7.0198134103e-02,2.2747633146e-01,1.3438639818e-01,9.3089933276e-02,3.5702517651e-01
9.8319387702e-01,1.1033151141e+00,7.0949158176e-02,2.2818670935e-01,1.3433330258e-01,9.3853406774e-02,3.5907020316e-01
9.8930067129e-01,1.1039890917e+00,7.1702765463e-02,2.2889120319e-01,1.3427512758e-01,9.4616075613e-02,3.6111322694e-01
9.9540746555e-01,1.1046634811e+00,7.2458936834e-02,2.2958985308e-01,1.3421194358e-01,9.5377909505e-02,3.6315425339e-01
1.0015142598e+00,1.1053382823e+00,7.3217653257e-02,2.3028269886e-01,1.3414382025e-01,9.6138878609e-02,3.6519328802e-01
1.0076210541e+00,1.1060134958e+00,7.3978895795e-02,2.3096978007e-01,1.3407082654e-01,9.6898953527e-02,3.6723033636e-01
1.0137278484e+00,1.1066891218e+00,7.4742645610e-02,2.3165113600e-01,1.3399303071e-01,9.7658105295e-02,3.6926540391e-01
1.0198346426e+00,1.1073651605e+00,7.5508883959e-02,2.3232680566e-01,1.3391050028e-01,9.8416305383e-02,3.7129849619e-01
1.0259414369e+00,1.1080416121e+00,7.6277592194e-02,2.3299682779e-01,1.3382330210e-01,9.9173525688e-02,3.7332961869e-01
1.0320482312e+00,1.1087184770e+00,7.7048751763e-02,2.3366124086e-01,1.3373150233e-01,9.9929738531e-02,3.7535877692e-01
1.0381550254e+00,1.1093957553e+00,7.7822344206e-02,2.3432008308e-01,1.3363516643e-01,1.0068491665e-01,3.7738597635e-01
1.0442618197e+00,1.1100734474e+00,7.8598351160e-02,2.3497339239e-01,1.3353435919e-01,1.0143903320e-01,3.7941122248e-01
1.0503686140e+00,1.1107515535e+00,7.9376754352e-02,2.3562120647e-01,1.3342914472e-01,1.0219206174e-01,3.8143452078e-01
1.0564754082e+00,1.1114300737e+00,8.0157535604e-02,2.3626356274e-01,1.3331958649e-01,1.0294397625e-01,3.8345587673e-01
1.0625822025e+00,1.1121090085e+00,8.0940676829e-02,2.3690049836e-01,1.3320574728e-01,1.0369475108e-01,3.8547529579e-01
1.0686889968e+00,1.1127883580e+00,8.1726160032e-02,2.3753205024e-01,1.3308768922e-01,1.0444436102e-01,3.8749278342e-01
1.0747957910e+00,1.1134681225e+00,8.2513967309e-02,2.3815825504e-01,1.3296547382e-01,1.0519278122e-01,3.8950834509e-01
1.0809025853e+00,1.1141483022e+00,8.3304080846e-02,2.3877914914e-01,1.3283916192e-01,1.0593998722e-01,3.9152198624e-01
1.0870093796e+00,1.1148288975e+00,8.4096482922e-02,2.3939476870e-01,1.3270881373e-01,1.0668595497e-01,3.9353371232e-01
1.0931161738e+00,1.1155099085e+00,8.4891155901e-02,2.4000514962e-01,1.3257448884e-01,1.0743066077e-01,3.9554352877e-01
1.0992229681e+00,1.1161913355e+00,8.5688082240e-02,2.4061032754e-01,1.3243624622e-01,1.0817408132e-01,3.9755144102e-01
1.1053297624e+00,1.1168731787e+00,8.6487244483e-02,2.4121033786e-01,1.3229414419e-01,1.0891619368e-01,3.9955745450e-01
1.1114365566e+00,1.1175554385e+00,8.7288625262e-02,2.4180521576e-01,1.3214824049e-01,1.0965697527e-01,4.0156157464e-01
1.1175433509e+00,1.1182381150e+00,8.8092207296e-02,2.4239499615e-01,1.3199859225e-01,1.1039640390e-01,4.0356380686e-01
1.1236501452e+00,1.1189212086e+00,8.8897973394e-02,2.4297971371e-01,1.3184525599e-01,1.1113445771e-01,4.0556415656e-01
1.1297569394e+00,1.1196047194e+00,8.9705906447e-02,2.4355940287e-01,1.3168828763e-01,1.1187111523e-01,4.0756262916e-01
1.1358637337e+00,1.1202886478e+00,9.0515989437e-02,2.4413409783e-01,1.3152774252e-01,1.1260635532e-01,4.0955923006e-01
1.1419705280e+00,1.1209729940e+00,9.1328205427e-02,2.4470383257e-01,1.3136367539e-01,1.1334015718e-01,4.1155396465e-01
1.1480773222e+00,1.1216577582e+00,9.2142537570e-02,2.4526864082e-01,1.3119614044e-01,1.1407250038e-01,4.1354683833e-01
1.1541841165e+00,1.1223429407e+00,9.2958969100e-02,2.4582855607e-01,1.3102519125e-01,1.1480336482e-01,4.1553785648e-01
1.1602909108e+00,1.1230285418e+00,9.3777483337e-02,2.4638361160e-01,1.3085088085e-01,1.1553273074e-01,4.1752702449e-01
1.1663977050e+00,1.1237145616e+00,9.4598063683e-02,2.4693384044e-01,1.3067326173e-01,1.1626057872e-01,4.1951434772e-01
1.1725044993e+00,1.1244010006e+00,9.5420693626e-02,2.4747927541e-01,1.3049238577e-01,1.1698688964e-01,4.2149983155e-01
1.1786112936e+00,1.1250878588e+00,9.6245356734e-02,2.4801994910e-01,1.3030830436e-01,1.1771164475e-01,4.2348348135e-01
1.1847180878e+00,1.1257751367e+00,9.7072036660e-02,2.4855589387e-01,1.3012106828e-01,1.1843482559e-01,4.2546530247e-01
1.1908248821e+00,1.1264628344e+00,9.7900717137e-02,2.4908714186e-01,1.2993072782e-01,1.1915641405e-01,4.2744530026e-01
1.1969316764e+00,1.1271509521e+00,9.8731381980e-02,2.4961372499e-01,1.2973733270e-01,1.1987639230e-01,4.2942348009e-01
1.2030384706e+00,1.1278394902e+00,9.9564015086e-02,2.5013567497e-01,1.2954093212e-01,1.2059474285e-01,4.3139984728e-01
1.2091452649e+00,1.1285284490e+00,1.0039860043e-01,2.5065302326e-01,1.2934157475e-01,1.2131144852e-01,4.3337440719e-01
1.2152520592e+00,1.1292178285e+00,1.0123512207e-01,2.5116580115e-01,1.2913930874e-01,1.2202649241e-01,4.3534716514e-01
1.2213588534e+00,1.1299076292e+00,1.0207356414e-01,2.5167403968e-01,1.2893418172e-01,1.2273985796e-01,4.3731812645e-01
1.2274656477e+00,1.1305978513e+00,1.0291391086e-01,2.5217776969e-01,1.2872624082e-01,1.2345152887e-01,4.3928729646e-01
1.2335724420e+00,1.1312884950e+00,1.0375614652e-01,2.5267702181e-01,1.2851553263e-01,1.2416148918e-01,4.4125468049e-01
1.2396792362e+00,1.1319795606e+00,1.0460025550e-01,2.5317182645e-01,1.2830210328e-01,1.2486972317e-01,4.4322028383e-01
1.2457860305e+00,1.1326710484e+00,1.0544622224e-01,2.5366221382e-01,1.2808599836e-01,1.2557621546e-01,4.4518411181e-01
1.2518928248e+00,1.1333629585e+00,1.0629403128e-01,2.5414821392e-01,1.2786726299e-01,1.2628095092e-01,4.4714616972e-01
1.2579996190e+00,1.1340552913e+00,1.0714366721e-01,2.5462985654e-01,1.2764594181e-01,1.2698391473e-01,4.4910646285e-01
1.2641064133e+00,1.1347480471e+00,1.0799511473e-01,2.5510717128e-01,1.2742207895e-01,1.2768509233e-01,4.5106499651e-01
1.2702132076e+00,1.1354412260e+00,1.0884835858e-01,2.5558018751e-01,1.2719571807e-01,1.2838446945e-01,4.5302177598e-01
1.2763200018e+00,1.1361348284e+00,1.0970338361e-01,2.5604893444e-01,1.2696690236e-01,1.2908203208e-01,4.5497680654e-01
1.2824267961e+00,1.1368288544e+00,1.1056017472e-01,2.5651344103e-01,1.2673567454e-01,1.2977776649e-01,4.5693009346e-01
1.2885335904e+00,1.1375233044e+00,1.1141871689e-01,2.5697373608e-01,1.2650207686e-01,1.3047165922e-01,4.5888164202e-01
1.2946403846e+00,1.1382181787e+00,1.1227899520e-01,2.5742984817e-01,1.2626615110e-01,1.3116369707e-01,4.6083145748e-01
1.3007471789e+00,1.1389134774e+00,1.1314099475e-01,2.5788180571e-01,1.2602793860e-01,1.3185386710e-01,4.6277954511e-01
1.3068539732e+00,1.1396092008e+00,1.1400470078e-01,2.5832963687e-01,1.2578748023e-01,1.3254215664e-01,4.6472591015e-01
1.3129607674e+00,1.1403053492e+00,1.1487009855e-01,2.5877336968e-01,1.2554481642e-01,1.3322855327e-01,4.6667055787e-01
1.3190675617e+00,1.1410019229e+00,1.1573717342e-01,2.5921303195e-01,1.2529998714e-01,1.3391304481e-01,4.6861349350e-01
1.3251743560e+00,1.1416989221e+00,1.1660591081e-01,2.5964865129e-01,1.2505303195e-01,1.3459561934e-01,4.7055472229e-01
1.3312811502e+00,1.1423963471e+00,1.1747629622e-01,2.6008025514e-01,1.2480398995e-01,1.3527626519e-01,4.7249424947e-01
1.3373879445e+00,1.1430941981e+00,1.1834831522e-01,2.6050787075e-01,1.2455289981e-01,1.3595497095e-01,4.7443208027e-01
1.3434947388e+00,1.1437924754e+00,1.1922195345e-01,2.6093152518e-01,1.2429979977e-01,1.3663172541e-01,4.7636821992e-01
1.3496015330e+00,1.1444911793e+00,1.2009719663e-01,2.6135124530e-01,1.2404472766e-01,1.3730651764e-01,4.7830267364e-01
1.3557083273e+00,1.1451903099e+00,1.2097403053e-01,2.6176705779e-01,1.2378772088e-01,1.3797933692e-01,4.8023544665e-01
1.3618151216e+00,1.1458898677e+00,1.2185244102e-01,2.6217898918e-01,1.2352881640e-01,1.3865017277e-01,4.8216654414e-01
1.3679219159e+00,1.1465898527e+00,1.2273241400e-01,2.6258706577e-01,1.2326805081e-01,1.3931901496e-01,4.8409597134e-01
1.3740287101e+00,1.1472902654e+00,1.2361393547e-01,2.6299131373e-01,1.2300546027e-01,1.3998585346e-01,4.8602373344e-01
1.3801355044e+00,1.1479911060e+00,1.2449699150e-01,2.6339175901e-01,1.2274108053e-01,1.4065067848e-01,4.8794983563e-01
1.3862422987e+00,1.1486923746e+00,1.2538156822e-01,2.6378842741e-01,1.2247494696e-01,1.4131348046e-01,4.8987428311e-01
1.3923490929e+00,1.1493940716e+00,1.2626765181e-01,2.6418134455e-01,1.2220709451e-01,1.4197425003e-01,4.9179708106e-01
1.3984558872e+00,1.1500961973e+00,1.2715522855e-01,2.6457053585e-01,1.2193755776e-01,1.4263297808e-01,4.9371823466e-01
1.4045626815e+00,1.1507987519e+00,1.2804428478e-01,2.6495602658e-01,1.2166637089e-01,1.4328965569e-01,4.9563774908e-01
1.4106694757e+00,1.1515017356e+00,1.2893480689e-01,2.6533784184e-01,1.2139356768e-01,1.4394427416e-01,4.9755562950e-01
1.4167762700e+00,1.1522051488e+00,1.2982678134e-01,2.6571600654e-01,1.2111918156e-01,1.4459682498e-01,4.9947188109e-01
1.4228830643e+00,1.1529089917e+00,1.3072019468e-01,2.6609054545e-01,1.2084324556e-01,1.4524729989e-01,5.0138650900e-01
1.4289898585e+00,1.1536132645e+00,1.3161503351e-01,2.6646148313e-01,1.2056579233e-01,1.4589569080e-01,5.0329951839e-01
1.4350966528e+00,1.1543179676e+00,1.3251128449e-01,2.6682884400e-01,1.2028685417e-01,1.4654198983e-01,5.0521091441e-01
1.4412034471e+00,1.1550231011e+00,1.3340893435e-01,2.6719265231e-01,1.2000646299e-01,1.4718618931e-01,5.0712070220e-01
1.4473102413e+00,1.1557286653e+00,1.3430796989e-01,2.6755293213e-01,1.1972465036e-01,1.4782828177e-01,5.0902888691e-01
1.4534170356e+00,1.1564346606e+00,1.3520837797e-01,2.6790970740e-01,1.1944144748e-01,1.4846825992e-01,5.1093547367e-01
1.4595238299e+00,1.1571410871e+00,1.3611014552e-01,2.6826300186e-01,1.1915688517e-01,1.4910611668e-01,5.1284046762e-01
1.4656306241e+00,1.1578479452e+00,1.3701325953e-01,2.6861283910e-01,1.1887099394e-01,1.4974184516e-01,5.1474387387e-01
1.4717374184e+00,1.1585552351e+00,1.3791770705e-01,2.6895924255e-01,1.1858380391e-01,1.5037543863e-01,5.1664569756e-01
1.4778442127e+00,1.1592629570e+00,1.3882347520e-01,2.6930223549e-01,1.1829534489e-01,1.5100689060e-01,5.1854594379e-01
1.4839510069e+00,1.1599711112e+00,1.3973055116e-01,2.6964184102e-01,1.1800564630e-01,1.5163619472e-01,5.2044461768e-01
1.4900578012e+00,1.1606796981e+00,1.4063892217e-01,2.6997808211e-01,1.1771473726e-01,1.5226334485e-01,5.2234172434e-01
1.4961645955e+00,1.1613887177e+00,1.4154857554e-01,2.7031098155e-01,1.1742264655e-01,1.5288833500e-01,5.2423726887e-01
1.5022713897e+00,1.1620981705e+00,1.4245949863e-01,2.7064056199e-01,1.1712940259e-01,1.5351115940e-01,5.2613125636e-01
1.5083781840e+00,1.1628080567e+00,1.4337167888e-01,2.7096684591e-01,1.1683503350e-01,1.5413181241e-01,5.2802369191e-01
1.5144849783e+00,1.1635183765e+00,1.4428510378e-01,2.7128985565e-01,1.1653956704e-01,1.5475028861e-01,5.2991458060e-01
1.5205917725e+00,1.1642291303e+00,1.4519976087e-01,2.7160961339e-01,1.1624303069e-01,1.5536658271e-01,5.3180392752e-01
1.5266985668e+00,1.1649403182e+00,1.4611563777e-01,2.7192614117e-01,1.1594545156e-01,1.5598068961e-01,5.3369173774e-01
1.5328053611e+00,1.1656519405e+00,1.4703272216e-01,2.7223946087e-01,1.1564685648e-01,1.5659260439e-01,5.3557801635e-01
1.5389121553e+00,1.1663639976e+00,1.4795100176e-01,2.7254959422e-01,1.1534727195e-01,1.5720232227e-01,5.3746276839e-01
1.5450189496e+00,1.1670764896e+00,1.4887046438e-01,2.7285656281e-01,1.1504672416e-01,1.5780983865e-01,5.3934599895e-01
1.5511257439e+00,1.1677894169e+00,1.4979109785e-01,2.7316038808e-01,1.1474523899e-01,1.5841514909e-01,5.4122771307e-01
1.5572325381e+00,1.1685027797e+00,1.5071289010e-01,2.7346109132e-01,1.1444284202e-01,1.5901824930e-01,5.4310791582e-01
1.5633393324e+00,1.1692165782e+00,1.5163582910e-01,2.7375869369e-01,1.1413955852e-01,1.5961913516e-01,5.4498661224e-01
1.5694461267e+00,1.1699308128e+00,1.5255990286e-01,2.7405321617e-01,1.1383541347e-01,1.6021780270e-01,5.4686380737e-01
1.5755529209e+00,1.1706454836e+00,1.5348509949e-01,2.7434467964e-01,1.1353043154e-01,1.6081424810e-01,5.4873950626e-01
1.5816597152e+00,1.1713605911e+00,1.5441140713e-01,2.7463310482e-01,1.1322463711e-01,1.6140846770e-01,5.5061371393e-01
1.5877665095e+00,1.1720761353e+00,1.5533881397e-01,2.7491851228e-01,1.1291805429e-01,1.6200045799e-01,5.5248643543e-01
1.5938733037e+00,1.1727921167e+00,1.5626730829e-01,2.7520092247e-01,1.1261070687e-01,1.6259021560e-01,5.5435767577e-01
1.5999800980e+00,1.1735085355e+00,1.5719687839e-01,2.7548035568e-01,1.1230261837e-01,1.6317773732e-01,5.5622743997e-01
1.6060868923e+00,1.1742253919e+00,1.5812751266e-01,2.7575683208e-01,1.1199381203e-01,1.6376302006e-01,5.5809573305e-01
1.6121936865e+00,1.1749426861e+00,1.5905919952e-01,2.7603037170e-01,1.1168431080e-01,1.6434606089e-01,5.5996256003e-01
1.6183004808e+00,1.1756604186e+00,1.5999192746e-01,2.7630099442e-01,1.1137413738e-01,1.6492685704e-01,5.6182792591e-01
1.6244072751e+00,1.1763785895e+00,1.6092568502e-01,2.7656871999e-01,1.1106331415e-01,1.6550540584e-01,5.6369183568e-01
1.6305140693e+00,1.1770971991e+00,1.6186046080e-01,2.7683356805e-01,1.1075186326e-01,1.6608170478e-01,5.6555429435e-01
1.6366208636e+00,1.1778162477e+00,1.6279624346e-01,2.7709555807e-01,1.1043980658e-01,1.6665575149e-01,5.6741530691e-01
1.6427276579e+00,1.1785357355e+00,1.6373302170e-01,2.7735470941e-01,1.1012716569e-01,1.6722754372e-01,5.6927487835e-01
1.6488344521e+00,1.1792556628e+00,1.6467078429e-01,2.7761104130e-01,1.0981396195e-01,1.6779707935e-01,5.7113301365e-01
1.6549412464e+00,1.1799760299e+00,1.6560952005e-01,2.7786457282e-01,1.0950021641e-01,1.6836435641e-01,5.7298971778e-01
1.6610480407e+00,1.1806968371e+00,1.6654921784e-01,2.7811532295e-01,1.0918594990e-01,1.6892937305e-01,5.7484499573e-01
1.6671548349e+00,1.1814180845e+00,1.6748986660e-01,2.7836331052e-01,1.0887118298e-01,1.6949212754e-01,5.7669885246e-01
1.6732616292e+00,1.1821397726e+00,1.6843145531e-01,2.7860855424e-01,1.0855593595e-01,1.7005261828e-01,5.7855129293e-01
1.6793684235e+00,1.1828619015e+00,1.6937397299e-01,2.7885107268e-01,1.0824022888e-01,1.7061084380e-01,5.8040232210e-01
1.6854752177e+00,1.1835844715e+00,1.7031740874e-01,2.7909088430e-01,1.0792408156e-01,1.7116680274e-01,5.8225194494e-01
1.6915820120e+00,1.1843074830e+00,1.7126175169e-01,2.7932800744e-01,1.0760751356e-01,1.7172049388e-01,5.8410016638e-01
1.6976888063e+00,1.1850309361e+00,1.7220699104e-01,2.7956246029e-01,1.0729054419e-01,1.7227191610e-01,5.8594699138e-01
1.7037956005e+00,1.1857548311e+00,1.7315311602e-01,2.7979426095e-01,1.0697319255e-01,1.7282106840e-01,5.8779242488e-01
1.7099023948e+00,1.1864791683e+00,1.7410011594e-01,2.8002342736e-01,1.0665547745e-01,1.7336794992e-01,5.8963647181e-01
1.7160091891e+00,1.1872039480e+00,1.7504798015e-01,2.8024997738e-01,1.0633741751e-01,1.7391255987e-01,5.9147913711e-01
1.7221159833e+00,1.1879291705e+00,1.7599669804e-01,2.8047392872e-01,1.0601903109e-01,1.7445489763e-01,5.9332042569e-01
1.7282227776e+00,1.1886548359e+00,1.7694625906e-01,2.8069529897e-01,1.0570033633e-01,1.7499496264e-01,5.9516034249e-01
1.7343295719e+00,1.1893809447e+00,1.7789665271e-01,2.8091410561e-01,1.0538135114e-01,1.7553275447e-01,5.9699889243e-01
1.7404363662e+00,1.1901074969e+00,1.7884786856e-01,2.8113036601e-01,1.0506209319e-01,1.7606827282e-01,5.9883608041e-01
1.7465431604e+00,1.1908344931e+00,1.7979989619e-01,2.8134409741e-01,1.0474257995e-01,1.7660151746e-01,6.0067191134e-01
1.7526499547e+00,1.1915619333e+00,1.8075272527e-01,2.8155531693e-01,1.0442282864e-01,1.7713248829e-01,6.0250639014e-01
1.7587567490e+00,1.1922898179e+00,1.8170634549e-01,2.8176404159e-01,1.0410285628e-01,1.7766118531e-01,6.0433952169e-01
1.7648635432e+00,1.1930181471e+00,1.8266074662e-01,2.8197028828e-01,1.0378267966e-01,1.7818760862e-01,6.0617131090e-01
1.7709703375e+00,1.1937469212e+00,1.8361591844e-01,2.8217407378e-01,1.0346231536e-01,1.7871175843e-01,6.0800176266e-01
1.7770771318e+00,1.1944761406e+00,1.8457185082e-01,2.8237541477e-01,1.0314177974e-01,1.7923363502e-01,6.0983088184e-01
1.7831839260e+00,1.1952058053e+00,1.8552853365e-01,2.8257432779e-01,1.0282108897e-01,1.7975323882e-01,6.1165867334e-01
1.7892907203e+00,1.1959359159e+00,1.8648595688e-01,2.8277082929e-01,1.0250025898e-01,1.8027057032e-01,6.1348514203e-01
1.7953975146e+00,1.1966664724e+00,1.8744411051e-01,2.8296493561e-01,1.0217930551e-01,1.8078563010e-01,6.1531029278e-01
1.8015043088e+00,1.1973974751e+00,1.8840298459e-01,2.8315666296e-01,1.0185824409e-01,1.8129841888e-01,6.1713413046e-01
1.8076111031e+00,1.1981289245e+00,1.8936256921e-01,2.8334602746e-01,1.0153709004e-01,1.8180893742e-01,6.1895665993e-01
1.8137178974e+00,1.1988608206e+00,1.9032285451e-01,2.8353304512e-01,1.0121585851e-01,1.8231718661e-01,6.2077788606e-01
1.8198246916e+00,1.1995931638e+00,1.9128383068e-01,2.8371773182e-01,1.0089456441e-01,1.8282316741e-01,6.2259781370e-01
1.8259314859e+00,1.2003259544e+00,1.9224548795e-01,2.8390010336e-01,1.0057322247e-01,1.8332688089e-01,6.2441644769e-01
1.8320382802e+00,1.2010591926e+00,1.9320781662e-01,2.8408017542e-01,1.0025184723e-01,1.8382832819e-01,6.2623379288e-01
1.8381450744e+00,1.2017928788e+00,1.9417080701e-01,2.8425796358e-01,9.9930453040e-02,1.8432751054e-01,6.2804985412e-01
1.8442518687e+00,1.2025270131e+00,1.9513444949e-01,2.8443348331e-01,9.9609054042e-02,1.8482442927e-01,6.2986463624e-01
1.8503586630e+00,1.2032615959e+00,1.9609873450e-01,2.8460674997e-01,9.9287664201e-02,1.8531908577e-01,6.3167814407e-01
1.8564654572e+00,1.2039966274e+00,1.9706365250e-01,2.8477777883e-01,9.8966297293e-02,1.8581148154e-01,6.3349038244e-01
1.8625722515e+00,1.2047321079e+00,1.9802919400e-01,2.8494658506e-01,9.8644966906e-02,1.8630161815e-01,6.3530135617e-01
1.8686790458e+00,1.2054680377e+00,1.9899534957e-01,2.8511318370e-01,9.8323686449e-02,1.8678949725e-01,6.3711107008e-01
1.8747858400e+00,1.2062044171e+00,1.9996210981e-01,2.8527758972e-01,9.8002469143e-02,1.8727512057e-01,6.3891952899e-01
1.8808926343e+00,1.2069412463e+00,2.0092946538e-01,2.8543981797e-01,9.7681328036e-02,1.8775848993e-01,6.4072673770e-01
1.8869994286e+00,1.2076785255e+00,2.0189740697e-01,2.8559988321e-01,9.7360275994e-02,1.8823960721e-01,6.4253270103e-01
1.8931062228e+00,1.2084162552e+00,2.0286592533e-01,2.8575780009e-01,9.7039325706e-02,1.8871847438e-01,6.4433742376e-01
1.8992130171e+00,1.2091544355e+00,2.0383501123e-01,2.8591358318e-01,9.6718489691e-02,1.8919509349e-01,6.4614091070e-01
1.9053198114e+00,1.2098930668e+00,2.0480465552e-01,2.8606724693e-01,9.6397780293e-02,1.8966946664e-01,6.4794316664e-01
1.9114266056e+00,1.2106321492e+00,2.0577484906e-01,2.8621880571e-01,9.6077209683e-02,1.9014159603e-01,6.4974419637e-01
1.9175333999e+00,1.2113716832e+00,2.0674558278e-01,2.8636827379e-01,9.5756789868e-02,1.9061148392e-01,6.5154400467e-01
1.9236401942e+00,1.2121116688e+00,2.0771684763e-01,2.8651566533e-01,9.5436532683e-02,1.9107913265e-01,6.5334259631e-01
1.9297469884e+00,1.2128521066e+00,2.0868863462e-01,2.8666099441e-01,9.5116449801e-02,1.9154454461e-01,6.5513997608e-01
1.9358537827e+00,1.2135929966e+00,2.0966093481e-01,2.8680427501e-01,9.4796552729e-02,1.9200772228e-01,6.5693614874e-01
1.9419605770e+00,1.2143343392e+00,2.1063373928e-01,2.8694552101e-01,9.4476852813e-02,1.9246866820e-01,6.5873111906e-01
1.9480673712e+00,1.2150761347e+00,2.1160703917e-01,2.8708474622e-01,9.4157361238e-02,1.9292738498e-01,6.6052489180e-01
1.9541741655e+00,1.2158183833e+00,2.1258082566e-01,2.8722196432e-01,9.3838089030e-02,1.9338387529e-01,6.6231747172e-01
1.9602809598e+00,1.2165610853e+00,2.1355508996e-01,2.8735718893e-01,9.3519047060e-02,1.9383814187e-01,6.6410886356e-01
1.9663877540e+00,1.2173042410e+00,2.1452982335e-01,2.8749043357e-01,9.3200246040e-02,1.9429018753e-01,6.6589907209e-01
1.9724945483e+00,1.2180478507e+00,2.1550501712e-01,2.8762171166e-01,9.2881696531e-02,1.9474001513e-01,6.6768810203e-01
1.9786013426e+00,1.2187919147e+00,2.1648066262e-01,2.8775103654e-01,9.2563408940e-02,1.9518762759e-01,6.6947595813e-01
1.9847081368e+00,1.2195364331e+00,2.1745675124e-01,2.8787842144e-01,9.2245393525e-02,1.9563302792e-01,6.7126264512e-01
1.9908149311e+00,1.2202814064e+00,2.1843327441e-01,2.8800387955e-01,9.1927660392e-02,1.9607621915e-01,6.7304816775e-01
1.9969217254e+00,1.2210268347e+00,2.1941022361e-01,2.8812742391e-01,9.1610219502e-02,1.9651720440e-01,6.7483253072e-01
2.0030285196e+00,1.2217727184e+00,2.2038759033e-01,2.8824906751e-01,9.1293080670e-02,1.9695598684e-01,6.7661573876e-01
2.0091353139e+00,1.2225190577e+00,2.2136536614e-01,2.8836882325e-01,9.0976253565e-02,1.9739256968e-01,6.7839779660e-01
2.0152421082e+00,1.2232658530e+00,2.2234354263e-01,2.8848670393e-01,9.0659747714e-02,1.9782695622e-01,6.8017870894e-01
2.0213489024e+00,1.2240131044e+00,2.2332211144e-01,2.8860272228e-01,9.0343572501e-02,1.9825914978e-01,6.8195848049e-01
2.0274556967e+00,1.2247608123e+00,2.2430106423e-01,2.8871689093e-01,9.0027737173e-02,1.9868915376e-01,6.8373711597e-01
2.0335624910e+00,1.2255089770e+00,2.2528039273e-01,2.8882922244e-01,8.9712250835e-02,1.9911697161e-01,6.8551462006e-01
2.0396692852e+00,1.2262575986e+00,2.2626008868e-01,2.8893972927e-01,8.9397122458e-02,1.9954260681e-01,6.8729099746e-01
2.0457760795e+00,1.2270066776e+00,2.2724014389e-01,2.8904842381e-01,8.9082360874e-02,1.9996606293e-01,6.8906625287e-01
2.0518828738e+00,1.2277562142e+00,2.2822055018e-01,2.8915531835e-01,8.8767974785e-02,2.0038734356e-01,6.9084039097e-01
2.0579896680e+00,1.2285062086e+00,2.2920129943e-01,2.8926042512e-01,8.8453972757e-02,2.0080645236e-01,6.9261341645e-01
2.0640964623e+00,1.2292566612e+00,2.3018238356e-01,2.8936375626e-01,8.8140363225e-02,2.0122339303e-01,6.9438533399e-01
2.0702032566e+00,1.2300075722e+00,2.3116379450e-01,2.8946532381e-01,8.7827154495e-02,2.0163816932e-01,6.9615614826e-01
2.0763100508e+00,1.2307589420e+00,2.3214552426e-01,2.8956513976e-01,8.7514354744e-02,2.0205078502e-01,6.9792586392e-01
2.0824168451e+00,1.2315107707e+00,2.3312756486e-01,2.8966321600e-01,8.7201972022e-02,2.0246124398e-01,6.9969448565e-01
2.0885236394e+00,1.2322630586e+00,2.3410990838e-01,2.8975956434e-01,8.6890014253e-02,2.0286955009e-01,7.0146201812e-01
2.0946304336e+00,1.2330158062e+00,2.3509254690e-01,2.8985419653e-01,8.6578489235e-02,2.0327570729e-01,7.0322846596e-01
2.1007372279e+00,1.2337690135e+00,2.3607547259e-01,2.8994712421e-01,8.6267404646e-02,2.0367971957e-01,7.0499383385e-01
2.1068440222e+00,1.2345226810e+00,2.3705867761e-01,2.9003835897e-01,8.5956768038e-02,2.0408159094e-01,7.0675812642e-01
2.1129508164e+00,1.2352768088e+00,2.3804215420e-01,2.9012791232e-01,8.5646586846e-02,2.0448132547e-01,7.0852134833e-01
2.1190576107e+00,1.2360313973e+00,2.3902589460e-01,2.9021579567e-01,8.5336868384e-02,2.0487892728e-01,7.1028350421e-01
2.1251644050e+00,1.2367864468e+00,2.4000989111e-01,2.9030202037e-01,8.5027619848e-02,2.0527440052e-01,7.1204459871e-01
2.1312711993e+00,1.2375419575e+00,2.4099413607e-01,2.9038659770e-01,8.4718848318e-02,2.0566774939e-01,7.1380463644e-01
2.1373779935e+00,1.2382979297e+00,2.4197862184e-01,2.9046953886e-01,8.4410560757e-02,2.0605897811e-01,7.1556362205e-01
2.1434847878e+00,1.2390543637e+00,2.4296334082e-01,2.9055085497e-01,8.4102764016e-02,2.0644809095e-01,7.1732156015e-01
2.1495915821e+00,1.2398112598e+00,2.4394828547e-01,2.9063055708e-01,8.3795464830e-02,2.0683509225e-01,7.1907845537e-01
2.1556983763e+00,1.2405686183e+00,2.4493344825e-01,2.9070865615e-01,8.3488669825e-02,2.0721998633e-01,7.2083431231e-01
2.1618051706e+00,1.2413264394e+00,2.4591882168e-01,2.9078516311e-01,8.3182385515e-02,2.0760277759e-01,7.2258913560e-01
2.1679119649e+00,1.2420847234e+00,2.4690439833e-01,2.9086008876e-01,8.2876618305e-02,2.0798347046e-01,7.2434292983e-01
2.1740187591e+00,1.2428434706e+00,2.4789017076e-01,2.9093344388e-01,8.2571374491e-02,2.0836206939e-01,7.2609569961e-01
2.1801255534e+00,1.2436026814e+00,2.4887613161e-01,2.9100523914e-01,8.2266660263e-02,2.0873857887e-01,7.2784744955e-01
2.1862323477e+00,1.2443623559e+00,2.4986227353e-01,2.9107548515e-01,8.1962481705e-02,2.0911300345e-01,7.2959818423e-01
2.1923391419e+00,1.2451224944e+00,2.5084858923e-01,2.9114419247e-01,8.1658844795e-02,2.0948534767e-01,7.3134790824e-01
2.1984459362e+00,1.2458830974e+00,2.5183507142e-01,2.9121137156e-01,8.1355755409e-02,2.0985561615e-01,7.3309662617e-01
2.2045527305e+00,1.2466441649e+00,2.5282171288e-01,2.9127703282e-01,8.1053219320e-02,2.1022381350e-01,7.3484434261e-01
2.2106595247e+00,1.2474056973e+00,2.5380850640e-01,2.9134118660e-01,8.0751242199e-02,2.1058994440e-01,7.3659106213e-01
2.2167663190e+00,1.2481676950e+00,2.5479544483e-01,2.9140384314e-01,8.0449829618e-02,2.1095401353e-01,7.3833678930e-01
2.2228731133e+00,1.2489301581e+00,2.5578252102e-01,2.9146501266e-01,8.0148987049e-02,2.1131602561e-01,7.4008152869e-01
2.2289799075e+00,1.2496930870e+00,2.5676972789e-01,2.9152470527e-01,7.9848719866e-02,2.1167598540e-01,7.4182528488e-01
2.2350867018e+00,1.2504564819e+00,2.5775705838e-01,2.9158293104e-01,7.9549033346e-02,2.1203389769e-01,7.4356806242e-01
2.2411934961e+00,1.2512203432e+00,2.5874450545e-01,2.9163969995e-01,7.9249932671e-02,2.1238976728e-01,7.4530986586e-01
2.2473002903e+00,1.2519846711e+00,2.5973206212e-01,2.9169502195e-01,7.8951422927e-02,2.1274359902e-01,7.4705069977e-01
2.2534070846e+00,1.2527494658e+00,2.6071972143e-01,2.9174890688e-01,7.8653509107e-02,2.1309539778e-01,7.4879056869e-01
2.2595138789e+00,1.2535147278e+00,2.6170747645e-01,2.9180136455e-01,7.8356196111e-02,2.1344516844e-01,7.5052947716e-01
2.2656206731e+00,1.2542804572e+00,2.6269532029e-01,2.9185240468e-01,7.8059488747e-02,2.1379291593e-01,7.5226742973e-01
2.2717274674e+00,1.2550466544e+00,2.6368324610e-01,2.9190203694e-01,7.7763391734e-02,2.1413864520e-01,7.5400443094e-01
2.2778342617e+00,1.2558133197e+00,2.6467124704e-01,2.9195027092e-01,7.7467909697e-02,2.1448236123e-01,7.5574048531e-01
2.2839410559e+00,1.2565804532e+00,2.6565931634e-01,2.9199711618e-01,7.7173047178e-02,2.1482406900e-01,7.5747559738e-01
2.2900478502e+00,1.2573480554e+00,2.6664744723e-01,2.9204258217e-01,7.6878808628e-02,2.1516377354e-01,7.5920977167e-01
2.2961546445e+00,1.2581161265e+00,2.6763563298e-01,2.9208667831e-01,7.6585198410e-02,2.1550147990e-01,7.6094301270e-01
2.3022614387e+00,1.2588846668e+00,2.6862386691e-01,2.9212941395e-01,7.6292220805e-02,2.1583719315e-01,7.6267532498e-01
2.3083682330e+00,1.2596536765e+00,2.6961214236e-01,2.9217079838e-01,7.5999880007e-02,2.1617091837e-01,7.6440671304e-01
2.3144750273e+00,1.2604231561e+00,2.7060045270e-01,2.9221084081e-01,7.5708180126e-02,2.1650266069e-01,7.6613718137e-01
2.3205818215e+00,1.2611931056e+00,2.7158879133e-01,2.9224955042e-01,7.5417125190e-02,2.1683242523e-01,7.6786673449e-01
2.3266886158e+00,1.2619635255e+00,2.7257715170e-01,2.9228693630e-01,7.5126719144e-02,2.1716021716e-01,7.6959537689e-01
2.3327954101e+00,1.2627344160e+00,2.7356552727e-01,2.9232300750e-01,7.4836965853e-02,2.1748604164e-01,7.7132311307e-01
2.3389022043e+00,1.2635057775e+00,2.7455391155e-01,2.9235777299e-01,7.4547869102e-02,2.1780990389e-01,7.7304994752e-01
2.3450089986e+00,1.2642776101e+00,2.7554229807e-01,2.9239124170e-01,7.4259432596e-02,2.1813180910e-01,7.7477588473e-01
2.3511157929e+00,1.2650499142e+00,2.7653068039e-01,2.9242342249e-01,7.3971659961e-02,2.1845176253e-01,7.7650092919e-01
2.3572225871e+00,1.2658226901e+00,2.7751905211e-01,2.9245432417e-01,7.3684554749e-02,2.1876976942e-01,7.7822508537e-01
2.3633293814e+00,1.2665959381e+00,2.7850740686e-01,2.9248395548e-01,7.3398120430e-02,2.1908583505e-01,7.7994835775e-01
2.3694361757e+00,1.2673696584e+00,2.7949573830e-01,2.9251232510e-01,7.3112360404e-02,2.1939996470e-01,7.8167075081e-01
2.3755429699e+00,1.2681438513e+00,2.8048404013e-01,2.9253944168e-01,7.2827277993e-02,2.1971216368e-01,7.8339226900e-01
2.3816497642e+00,1.2689185172e+00,2.8147230605e-01,2.9256531377e-01,7.2542876445e-02,2.2002243733e-01,7.8511291681e-01
2.3877565585e+00,1.2696936563e+00,2.8246052983e-01,2.9258994991e-01,7.2259158937e-02,2.2033079097e-01,7.8683269867e-01
2.3938633527e+00,1.2704692689e+00,2.8344870525e-01,2.9261335853e-01,7.1976128571e-02,2.2063722996e-01,7.8855161907e-01
2.3999701470e+00,1.2712453553e+00,2.8443682612e-01,2.9263554806e-01,7.1693788379e-02,2.2094175968e-01,7.9026968244e-01
2.4060769413e+00,1.2720219157e+00,2.8542488628e-01,2.9265652684e-01,7.1412141324e-02,2.2124438551e-01,7.9198689323e-01
2.4121837355e+00,1.2727989506e+00,2.8641287962e-01,2.9267630315e-01,7.1131190297e-02,2.2154511285e-01,7.9370325589e-01
2.4182905298e+00,1.2735764601e+00,2.8740080003e-01,2.9269488524e-01,7.0850938120e-02,2.2184394712e-01,7.9541877486e-01
2.4243973241e+00,1.2743544446e+00,2.8838864146e-01,2.9271228129e-01,7.0571387549e-02,2.2214089374e-01,7.9713345457e-01
2.4305041183e+00,1.2751329043e+00,2.8937639785e-01,2.9272849942e-01,7.0292541269e-02,2.2243595816e-01,7.9884729947e-01
2.4366109126e+00,1.2759118395e+00,2.9036406322e-01,2.9274354772e-01,7.0014401903e-02,2.2272914582e-01,8.0056031397e-01
2.4427177069e+00,1.2766912506e+00,2.9135163159e-01,2.9275743421e-01,6.9736972005e-02,2.2302046220e-01,8.0227250251e-01
2.4488245011e+00,1.2774711378e+00,2.9233909700e-01,2.9277016684e-01,6.9460254064e-02,2.2330991278e-01,8.0398386949e-01
2.4549312954e+00,1.2782515014e+00,2.9332645354e-01,2.9278175355e-01,6.9184250507e-02,2.2359750304e-01,8.0569441935e-01
2.4610380897e+00,1.2790323417e+00,2.9431369533e-01,2.9279220218e-01,6.8908963695e-02,2.2388323849e-01,8.0740415650e-01
2.4671448839e+00,1.2798136590e+00,2.9530081651e-01,2.9280152056e-01,6.8634395928e-02,2.2416712464e-01,8.0911308533e-01
2.4732516782e+00,1.2805954535e+00,2.9628781124e-01,2.9280971644e-01,6.8360549443e-02,2.2444916700e-01,8.1082121027e-01
2.4793584725e+00,1.2813777256e+00,2.9727467373e-01,2.9281679753e-01,6.8087426415e-02,2.2472937112e-01,8.1252853570e-01
2.4854652667e+00,1.2821604756e+00,2.9826139821e-01,2.9282277149e-01,6.7815028961e-02,2.2500774253e-01,8.1423506604e-01
2.4915720610e+00,1.2829437038e+00,2.9924797892e-01,2.9282764593e-01,6.7543359137e-02,2.2528428679e-01,8.1594080566e-01
2.4976788553e+00,1.2837274104e+00,3.0023441017e-01,2.9283142839e-01,6.7272418937e-02,2.2555900945e-01,8.1764575897e-01
2.5037856495e+00,1.2845115957e+00,3.0122068626e-01,2.9283412639e-01,6.7002210302e-02,2.2583191609e-01,8.1934993034e-01
2.5098924438e+00,1.2852962601e+00,3.0220680153e-01,2.9283574739e-01,6.6732735110e-02,2.2610301228e-01,8.2105332416e-01
2.5159992381e+00,1.2860814038e+00,3.0319275037e-01,2.9283629879e-01,6.6463995186e-02,2.2637230360e-01,8.2275594482e-01
2.5221060324e+00,1.2868670271e+00,3.0417852715e-01,2.9283578795e-01,6.6195992296e-02,2.2663979565e-01,8.2445779667e-01
2.5282128266e+00,1.2876531303e+00,3.0516412632e-01,2.9283422218e-01,6.5928728151e-02,2.2690549403e-01,8.2615888410e-01
2.5343196209e+00,1.2884397138e+00,3.0614954233e-01,2.9283160874e-01,6.5662204408e-02,2.2716940433e-01,8.2785921147e-01
2.5404264152e+00,1.2892267777e+00,3.0713476965e-01,2.9282795485e-01,6.5396422670e-02,2.2743153218e-01,8.2955878315e-01
2.5465332094e+00,1.2900143224e+00,3.0811980281e-01,2.9282326768e-01,6.5131384483e-02,2.2769188320e-01,8.3125760348e-01
2.5526400037e+00,1.2908023482e+00,3.0910463633e-01,2.9281755434e-01,6.4867091344e-02,2.2795046300e-01,8.3295567684e-01
2.5587467980e+00,1.2915908554e+00,3.1008926478e-01,2.9281082191e-01,6.4603544695e-02,2.2820727721e-01,8.3465300756e-01
2.5648535922e+00,1.2923798442e+00,3.1107368276e-01,2.9280307740e-01,6.4340745928e-02,2.2846233147e-01,8.3634960000e-01
2.5709603865e+00,1.2931693150e+00,3.1205788489e-01,2.9279432781e-01,6.4078696382e-02,2.2871563143e-01,8.3804545851e-01
2.5770671808e+00,1.2939592681e+00,3.1304186580e-01,2.9278458006e-01,6.3817397348e-02,2.2896718271e-01,8.3974058742e-01
2.5831739750e+00,1.2947497037e+00,3.1402562018e-01,2.9277384105e-01,6.3556850065e-02,2.2921699098e-01,8.4143499106e-01
2.5892807693e+00,1.2955406222e+00,3.1500914272e-01,2.9276211760e-01,6.3297055723e-02,2.2946506188e-01,8.4312867378e-01
2.5953875636e+00,1.2963320238e+00,3.1599242815e-01,2.9274941653e-01,6.3038015464e-02,2.2971140107e-01,8.4482163990e-01
2.6014943578e+00,1.2971239089e+00,3.1697547123e-01,2.9273574459e-01,6.2779730383e-02,2.2995601420e-01,8.4651389374e-01
2.6076011521e+00,1.2979162777e+00,3.1795826673e-01,2.9272110847e-01,6.2522201526e-02,2.3019890695e-01,8.4820543963e-01
2.6137079464e+00,1.2987091305e+00,3.1894080946e-01,2.9270551485e-01,6.2265429891e-02,2.3044008496e-01,8.4989628189e-01
2.6198147406e+00,1.2995024677e+00,3.1992309426e-01,2.9268897035e-01,6.2009416434e-02,2.3067955392e-01,8.5158642482e-01
2.6259215349e+00,1.3002962895e+00,3.2090511598e-01,2.9267148154e-01,6.1754162060e-02,2.3091731948e-01,8.5327587275e-01
2.6320283292e+00,1.3010905962e+00,3.2188686951e-01,2.9265305496e-01,6.1499667633e-02,2.3115338733e-01,8.5496462997e-01
2.6381351234e+00,1.3018853881e+00,3.2286834976e-01,2.9263369709e-01,6.1245933971e-02,2.3138776312e-01,8.5665270078e-01
2.6442419177e+00,1.3026806655e+00,3.2384955166e-01,2.9261341439e-01,6.0992961847e-02,2.3162045254e-01,8.5834008950e-01
2.6503487120e+00,1.3034764288e+00,3.2483047019e-01,2.9259221325e-01,6.0740751993e-02,2.3185146126e-01,8.6002680041e-01
2.6564555062e+00,1.3042726781e+00,3.2581110032e-01,2.9257010005e-01,6.0489305096e-02,2.3208079495e-01,8.6171283780e-01
2.6625623005e+00,1.3050694138e+00,3.2679143707e-01,2.9254708110e-01,6.0238621800e-02,2.3230845930e-01,8.6339820597e-01
2.6686690948e+00,1.3058666363e+00,3.2777147548e-01,2.9252316268e-01,5.9988702711e-02,2.3253445997e-01,8.6508290919e-01
2.6747758890e+00,1.3066643457e+00,3.2875121061e-01,2.9249835103e-01,5.9739548390e-02,2.3275880264e-01,8.6676695175e-01
2.6808826833e+00,1.3074625425e+00,3.2973063756e-01,2.9247265235e-01,5.9491159359e-02,2.3298149299e-01,8.6845033792e-01
2.6869894776e+00,1.3082612268e+00,3.3070975144e-01,2.9244607280e-01,5.9243536099e-02,2.3320253670e-01,8.7013307199e-01
2.6930962718e+00,1.3090603990e+00,3.3168854739e-01,2.9241861849e-01,5.8996679052e-02,2.3342193944e-01,8.7181515821e-01
2.6992030661e+00,1.3098600594e+00,3.3266702057e-01,2.9239029550e-01,5.8750588621e-02,2.3363970687e-01,8.7349660085e-01
2.7053098604e+00,1.3106602083e+00,3.3364516617e-01,2.9236110986e-01,5.8505265169e-02,2.3385584469e-01,8.7517740418e-01
2.7114166546e+00,1.3114608459e+00,3.3462297942e-01,2.9233106757e-01,5.8260709022e-02,2.3407035855e-01,8.7685757246e-01
2.7175234489e+00,1.3122619727e+00,3.3560045554e-01,2.9230017459e-01,5.8016920468e-02,2.3428325412e-01,8.7853710993e-01
2.7236302432e+00,1.3130635888e+00,3.3657758980e-01,2.9226843684e-01,5.7773899758e-02,2.3449453708e-01,8.8021602085e-01
2.7297370374e+00,1.3138656946e+00,3.3755437749e-01,2.9223586019e-01,5.7531647107e-02,2.3470421308e-01,8.8189430948e-01
2.7358438317e+00,1.3146682904e+00,3.3853081392e-01,2.9220245049e-01,5.7290162692e-02,2.3491228780e-01,8.8357198004e-01
2.7419506260e+00,1.3154713765e+00,3.3950689443e-01,2.9216821354e-01,5.7049446655e-02,2.3511876689e-01,8.8524903679e-01
2.7480574202e+00,1.3162749531e+00,3.4048261438e-01,2.9213315511e-01,5.6809499103e-02,2.3532365600e-01,8.8692548396e-01
2.7541642145e+00,1.3170790206e+00,3.4145796915e-01,2.9209728091e-01,5.6570320110e-02,2.3552696080e-01,8.8860132579e-01
2.7602710088e+00,1.3178835793e+00,3.4243295416e-01,2.9206059665e-01,5.6331909712e-02,2.3572868694e-01,8.9027656649e-01
2.7663778030e+00,1.3186886295e+00,3.4340756482e-01,2.9202310797e-01,5.6094267914e-02,2.3592884005e-01,8.9195121031e-01
2.7724845973e+00,1.3194941715e+00,3.4438179662e-01,2.9198482048e-01,5.5857394686e-02,2.3612742580e-01,8.9362526146e-01
2.7785913916e+00,1.3203002055e+00,3.4535564501e-01,2.9194573978e-01,5.5621289966e-02,2.3632444981e-01,8.9529872416e-01
2.7846981858e+00,1.3211067319e+00,3.4632910551e-01,2.9190587138e-01,5.5385953660e-02,2.3651991773e-01,8.9697160263e-01
2.7908049801e+00,1.3219137510e+00,3.4730217364e-01,2.9186522082e-01,5.5151385639e-02,2.3671383518e-01,8.9864390107e-01
2.7969117744e+00,1.3227212631e+00,3.4827484495e-01,2.9182379354e-01,5.4917585747e-02,2.3690620779e-01,9.0031562371e-01
2.8030185686e+00,1.3235292684e+00,3.4924711502e-01,2.9178159499e-01,5.4684553792e-02,2.3709704120e-01,9.0198677473e-01
2.8091253629e+00,1.3243377674e+00,3.5021897944e-01,2.9173863057e-01,5.4452289555e-02,2.3728634101e-01,9.0365735835e-01
2.8152321572e+00,1.3251467602e+00,3.5119043383e-01,2.9169490563e-01,5.4220792785e-02,2.3747411284e-01,9.0532737876e-01
2.8213389514e+00,1.3259562472e+00,3.5216147385e-01,2.9165042550e-01,5.3990063201e-02,2.3766036230e-01,9.0699684016e-01
2.8274457457e+00,1.3267662287e+00,3.5313209514e-01,2.9160519549e-01,5.3760100492e-02,2.3784509499e-01,9.0866574673e-01
2.8335525400e+00,1.3275767050e+00,3.5410229341e-01,2.9155922083e-01,5.3530904319e-02,2.3802831652e-01,9.1033410267e-01
2.8396593342e+00,1.3283876764e+00,3.5507206436e-01,2.9151250677e-01,5.3302474313e-02,2.3821003246e-01,9.1200191215e-01
2.8457661285e+00,1.3291991431e+00,3.5604140373e-01,2.9146505849e-01,5.3074810079e-02,2.3839024841e-01,9.1366917936e-01
2.8518729228e+00,1.3300111056e+00,3.5701030727e-01,2.9141688114e-01,5.2847911192e-02,2.3856896995e-01,9.1533590847e-01
2.8579797170e+00,1.3308235641e+00,3.5797877077e-01,2.9136797985e-01,5.2621777201e-02,2.3874620265e-01,9.1700210367e-01
2.8640865113e+00,1.3316365188e+00,3.5894679002e-01,2.9131835971e-01,5.2396407625e-02,2.3892195209e-01,9.1866776911e-01
2.8701933056e+00,1.3324499702e+00,3.5991436085e-01,2.9126802577e-01,5.2171801959e-02,2.3909622381e-01,9.2033290896e-01
2.8763000998e+00,1.3332639185e+00,3.6088147911e-01,2.9121698305e-01,5.1947959671e-02,2.3926902338e-01,9.2199752739e-01
2.8824068941e+00,1.3340783640e+00,3.6184814067e-01,2.9116523655e-01,5.1724880203e-02,2.3944035634e-01,9.2366162855e-01
2.8885136884e+00,1.3348933070e+00,3.6281434140e-01,2.9111279121e-01,5.1502562971e-02,2.3961022824e-01,9.2532521661e-01
2.8946204826e+00,1.3357087479e+00,3.6378007724e-01,2.9105965198e-01,5.1281007366e-02,2.3977864461e-01,9.2698829571e-01
2.9007272769e+00,1.3365246868e+00,3.6474534411e-01,2.9100582373e-01,5.1060212755e-02,2.3994561097e-01,9.2865087000e-01
2.9068340712e+00,1.3373411242e+00,3.6571013796e-01,2.9095131133e-01,5.0840178478e-02,2.4011113285e-01,9.3031294364e-01
2.9129408655e+00,1.3381580604e+00,3.6667445479e-01,2.9089611961e-01,5.0620903853e-02,2.4027521576e-01,9.3197452075e-01
2.9190476597e+00,1.3389754955e+00,3.6763829058e-01,2.9084025337e-01,5.0402388174e-02,2.4043786519e-01,9.3363560549e-01
2.9251544540e+00,1.3397934300e+00,3.6860164135e-01,2.9078371736e-01,5.0184630711e-02,2.4059908665e-01,9.3529620198e-01
2.9312612483e+00,1.3406118642e+00,3.6956450315e-01,2.9072651634e-01,4.9967630712e-02,2.4075888563e-01,9.3695631436e-01
2.9373680425e+00,1.3414307983e+00,3.7052687205e-01,2.9066865500e-01,4.9751387399e-02,2.4091726760e-01,9.3861594675e-01
2.9434748368e+00,1.3422502327e+00,3.7148874413e-01,2.9061013801e-01,4.9535899975e-02,2.4107423804e-01,9.4027510329e-01
2.9495816311e+00,1.3430701676e+00,3.7245011549e-01,2.9055097003e-01,4.9321167621e-02,2.4122980240e-01,9.4193378809e-01
2.9556884253e+00,1.3438906034e+00,3.7341098226e-01,2.9049115565e-01,4.9107189493e-02,2.4138396616e-01,9.4359200527e-01
2.9617952196e+00,1.3447115404e+00,3.7437134060e-01,2.9043069947e-01,4.8893964728e-02,2.4153673474e-01,9.4524975895e-01
2.9679020139e+00,1.3455329789e+00,3.7533118666e-01,2.9036960604e-01,4.8681492442e-02,2.4168811360e-01,9.4690705324e-01
2.9740088081e+00,1.3463549191e+00,3.7629051665e-01,2.9030787989e-01,4.8469771730e-02,2.4183810816e-01,9.4856389225e-01
2.9801156024e+00,1.3471773615e+00,3.7724932677e-01,2.9024552549e-01,4.8258801666e-02,2.4198672383e-01,9.5022028008e-01
2.9862223967e+00,1.3480003062e+00,3.7820761325e-01,2.9018254734e-01,4.8048581303e-02,2.4213396603e-01,9.5187622083e-01
2.9923291909e+00,1.3488237537e+00,3.7916537235e-01,2.9011894984e-01,4.7839109676e-02,2.4227984017e-01,9.5353171861e-01
2.9984359852e+00,1.3496477042e+00,3.8012260034e-01,2.9005473743e-01,4.7630385799e-02,2.4242435163e-01,9.5518677750e-01
3.0045427795e+00,1.3504721580e+00,3.8107929352e-01,2.8998991446e-01,4.7422408669e-02,2.4256750579e-01,9.5684140160e-01
3.0106495737e+00,1.3512971154e+00,3.8203544819e-01,2.8992448530e-01,4.7215177260e-02,2.4270930804e-01,9.5849559501e-01
3.0167563680e+00,1.3521225768e+00,3.8299106070e-01,2.8985845426e-01,4.7008690533e-02,2.4284976373e-01,9.6014936179e-01
3.0228631623e+00,1.3529485424e+00,3.8394612740e-01,2.8979182564e-01,4.6802947425e-02,2.4298887822e-01,9.6180270605e-01
3.0289699565e+00,1.3537750125e+00,3.8490064465e-01,2.8972460370e-01,4.6597946858e-02,2.4312665685e-01,9.6345563184e-01
3.0350767508e+00,1.3546019876e+00,3.8585460887e-01,2.8965679269e-01,4.6393687737e-02,2.4326310495e-01,9.6510814326e-01
3.0411835451e+00,1.3554294678e+00,3.8680801646e-01,2.8958839681e-01,4.6190168946e-02,2.4339822786e-01,9.6676024437e-01
3.0472903393e+00,1.3562574535e+00,3.8776086386e-01,2.8951942024e-01,4.5987389357e-02,2.4353203088e-01,9.6841193924e-01
3.0533971336e+00,1.3570859449e+00,3.8871314753e-01,2.8944986714e-01,4.5785347820e-02,2.4366451932e-01,9.7006323193e-01
3.0595039279e+00,1.3579149425e+00,3.8966486393e-01,2.8937974164e-01,4.5584043171e-02,2.4379569847e-01,9.7171412651e-01
3.0656107221e+00,1.3587444465e+00,3.9061600956e-01,2.8930904785e-01,4.5383474229e-02,2.4392557362e-01,9.7336462705e-01
3.0717175164e+00,1.3595744572e+00,3.9156658095e-01,2.8923778983e-01,4.5183639798e-02,2.4405415004e-01,9.7501473758e-01
3.0778243107e+00,1.3604049749e+00,3.9251657461e-01,2.8916597164e-01,4.4984538665e-02,2.4418143298e-01,9.7666446217e-01
3.0839311049e+00,1.3612359999e+00,3.9346598711e-01,2.8909359730e-01,4.4786169602e-02,2.4430742770e-01,9.7831380487e-01
3.0900378992e+00,1.3620675326e+00,3.9441481502e-01,2.8902067081e-01,4.4588531364e-02,2.4443213944e-01,9.7996276972e-01
3.0961446935e+00,1.3628995733e+00,3.9536305493e-01,2.8894719613e-01,4.4391622695e-02,2.4455557344e-01,9.8161136077e-01
3.1022514877e+00,1.3637321222e+00,3.9631070345e-01,2.8887317722e-01,4.4195442319e-02,2.4467773490e-01,9.8325958205e-01
3.1083582820e+00,1.3645651797e+00,3.9725775721e-01,2.8879861798e-01,4.3999988950e-02,2.4479862904e-01,9.8490743760e-01
3.1144650763e+00,1.3653987461e+00,3.9820421286e-01,2.8872352233e-01,4.3805261285e-02,2.4491826104e-01,9.8655493145e-01
3.1205718705e+00,1.3662328216e+00,3.9915006708e-01,2.8864789412e-01,4.3611258008e-02,2.4503663611e-01,9.8820206765e-01
3.1266786648e+00,1.3670674067e+00,4.0009531654e-01,2.8857173719e-01,4.3417977789e-02,2.4515375940e-01,9.8984885020e-01
3.1327854591e+00,1.3679025016e+00,4.0103995796e-01,2.8849505538e-01,4.3225419285e-02,2.4526963609e-01,9.9149528314e-01
3.1388922533e+00,1.3687381066e+00,4.0198398806e-01,2.8841785247e-01,4.3033581139e-02,2.4538427133e-01,9.9314137049e-01
3.1449990476e+00,1.3695742221e+00,4.0292740359e-01,2.8834013222e-01,4.2842461982e-02,2.4549767024e-01,9.9478711627e-01
3.1511058419e+00,1.3704108483e+00,4.0387020131e-01,2.8826189840e-01,4.2652060430e-02,2.4560983797e-01,9.9643252448e-01
3.1572126361e+00,1.3712479856e+00,4.0481237800e-01,2.8818315471e-01,4.2462375089e-02,2.4572077962e-01,9.9807759915e-01
3.1633194304e+00,1.3720856343e+00,4.0575393046e-01,2.8810390486e-01,4.2273404551e-02,2.4583050031e-01,9.9972234427e-01
3.1694262247e+00,1.3729237947e+00,4.0669485552e-01,2.8802415252e-01,4.2085147396e-02,2.4593900512e-01,1.0013667639e+00
3.1755330189e+00,1.3737624671e+00,4.0763515000e-01,2.8794390133e-01,4.1897602193e-02,2.4604629913e-01,1.0030108619e+00
3.1816398132e+00,1.3746016517e+00,4.0857481077e-01,2.8786315492e-01,4.1710767499e-02,2.4615238742e-01,1.0046546424e+00
3.1877466075e+00,1.3754413491e+00,4.0951383470e-01,2.8778191690e-01,4.1524641858e-02,2.4625727505e-01,1.0062981094e+00
3.1938534017e+00,1.3762815593e+00,4.1045221869e-01,2.8770019085e-01,4.1339223805e-02,2.4636096704e-01,1.0079412669e+00
3.1999601960e+00,1.3771222828e+00,4.1138995963e-01,2.8761798031e-01,4.1154511863e-02,2.4646346845e-01,1.0095841188e+00
3.2060669903e+00,1.3779635199e+00,4.1232705447e-01,2.8753528883e-01,4.0970504544e-02,2.4656478428e-01,1.0112266691e+00
3.2121737845e+00,1.3788052709e+00,4.1326350015e-01,2.8745211991e-01,4.0787200350e-02,2.4666491956e-01,1.0128689218e+00
3.2182805788e+00,1.3796475360e+00,4.1419929363e-01,2.8736847703e-01,4.0604597772e-02,2.4676387926e-01,1.0145108809e+00
3.2243873731e+00,1.3804903157e+00,4.1513443190e-01,2.8728436368e-01,4.0422695291e-02,2.4686166839e-01,1.0161525504e+00
3.2304941673e+00,1.3813336102e+00,4.1606891195e-01,2.8719978328e-01,4.0241491377e-02,2.4695829190e-01,1.0177939343e+00
3.2366009616e+00,1.3821774199e+00,4.1700273081e-01,2.8711473925e-01,4.0060984492e-02,2.4705375476e-01,1.0194350365e+00
3.2427077559e+00,1.3830217449e+00,4.1793588552e-01,2.8702923500e-01,3.9881173089e-02,2.4714806192e-01,1.0210758609e+00
3.2488145501e+00,1.3838665858e+00,4.1886837312e-01,2.8694327391e-01,3.9702055608e-02,2.4724121830e-01,1.0227164116e+00
3.2549213444e+00,1.3847119428e+00,4.1980019068e-01,2.8685685932e-01,3.9523630483e-02,2.4733322884e-01,1.0243566925e+00
3.2610281387e+00,1.3855578161e+00,4.2073133531e-01,2.8676999457e-01,3.9345896137e-02,2.4742409843e-01,1.0259967076e+00
3.2671349329e+00,1.3864042062e+00,4.2166180409e-01,2.8668268296e-01,3.9168850987e-02,2.4751383198e-01,1.0276364609e+00
3.2732417272e+00,1.3872511133e+00,4.2259159417e-01,2.8659492780e-01,3.8992493439e-02,2.4760243436e-01,1.0292759562e+00
3.2793485215e+00,1.3880985377e+00,4.2352070267e-01,2.8650673235e-01,3.8816821890e-02,2.4768991046e-01,1.0309151976e+00
3.2854553158e+00,1.3889464798e+00,4.2444912676e-01,2.8641809985e-01,3.8641834731e-02,2.4777626512e-01,1.0325541889e+00
3.2915621100e+00,1.3897949399e+00,4.2537686361e-01,2.8632903353e-01,3.8467530343e-02,2.4786150319e-01,1.0341929342e+00
3.2976689043e+00,1.3906439183e+00,4.2630391042e-01,2.8623953661e-01,3.8293907101e-02,2.4794562950e-01,1.0358314373e+00
3.3037756986e+00,1.3914934153e+00,4.2723026439e-01,2.8614961225e-01,3.8120963369e-02,2.4802864888e-01,1.0374697023e+00
3.3098824928e+00,1.3923434312e+00,4.2815592275e-01,2.8605926364e-01,3.7948697508e-02,2.4811056613e-01,1.0391077329e+00
3.3159892871e+00,1.3931939663e+00,4.2908088275e-01,2.8596849390e-01,3.7777107867e-02,2.4819138604e-01,1.0407455333e+00
3.3220960814e+00,1.3940450211e+00,4.3000514164e-01,2.8587730618e-01,3.7606192792e-02,2.4827111339e-01,1.0423831073e+00
3.3282028756e+00,1.3948965957e+00,4.3092869671e-01,2.8578570356e-01,3.7435950618e-02,2.4834975295e-01,1.0440204588e+00
3.3343096699e+00,1.3957486905e+00,4.3185154525e-01,2.8569368914e-01,3.7266379677e-02,2.4842730947e-01,1.0456575918e+00
3.3404164642e+00,1.3966013058e+00,4.3277368457e-01,2.8560126598e-01,3.7097478290e-02,2.4850378769e-01,1.0472945101e+00
3.3465232584e+00,1.3974544420e+00,4.3369511200e-01,2.8550843713e-01,3.6929244776e-02,2.4857919235e-01,1.0489312178e+00
3.3526300527e+00,1.3983080993e+00,4.3461582487e-01,2.8541520560e-01,3.6761677445e-02,2.4865352815e-01,1.0505677187e+00
3.3587368470e+00,1.3991622780e+00,4.3553582057e-01,2.8532157440e-01,3.6594774600e-02,2.4872679980e-01,1.0522040167e+00
3.3648436412e+00,1.4000169786e+00,4.3645509645e-01,2.8522754652e-01,3.6428534540e-02,2.4879901198e-01,1.0538401157e+00
3.3709504355e+00,1.4008722013e+00,4.3737364991e-01,2.8513312493e-01,3.6262955557e-02,2.4887016937e-01,1.0554760197e+00
3.3770572298e+00,1.4017279464e+00,4.3829147837e-01,2.8503831257e-01,3.6098035938e-02,2.4894027663e-01,1.0571117325e+00
3.3831640240e+00,1.4025842142e+00,4.3920857925e-01,2.8494311238e-01,3.5933773963e-02,2.4900933841e-01,1.0587472581e+00
3.3892708183e+00,1.4034410051e+00,4.4012494999e-01,2.8484752725e-01,3.5770167908e-02,2.4907735935e-01,1.0603826003e+00
3.3953776126e+00,1.4042983194e+00,4.4104058806e-01,2.8475156010e-01,3.5607216043e-02,2.4914434405e-01,1.0620177631e+00
3.4014844068e+00,1.4051561574e+00,4.4195549092e-01,2.8465521377e-01,3.5444916632e-02,2.4921029714e-01,1.0636527503e+00
3.4075912011e+00,1.4060145194e+00,4.4286965607e-01,2.8455849114e-01,3.5283267937e-02,2.4927522321e-01,1.0652875658e+00
3.4136979954e+00,1.4068734058e+00,4.4378308102e-01,2.8446139504e-01,3.5122268211e-02,2.4933912683e-01,1.0669222136e+00
3.4198047896e+00,1.4077328168e+00,4.4469576328e-01,2.8436392828e-01,3.4961915705e-02,2.4940201257e-01,1.0685566974e+00
3.4259115839e+00,1.4085927529e+00,4.4560770040e-01,2.8426609366e-01,3.4802208664e-02,2.4946388499e-01,1.0701910212e+00
3.4320183782e+00,1.4094532142e+00,4.4651888994e-01,2.8416789397e-01,3.4643145331e-02,2.4952474863e-01,1.0718251889e+00
3.4381251724e+00,1.4103142011e+00,4.4742932945e-01,2.8406933196e-01,3.4484723942e-02,2.4958460802e-01,1.0734592043e+00
3.4442319667e+00,1.4111757140e+00,4.4833901653e-01,2.8397041039e-01,3.4326942729e-02,2.4964346766e-01,1.0750930714e+00
3.4503387610e+00,1.4120377532e+00,4.4924794879e-01,2.8387113199e-01,3.4169799922e-02,2.4970133207e-01,1.0767267939e+00
3.4564455552e+00,1.4129003189e+00,4.5015612383e-01,2.8377149946e-01,3.4013293745e-02,2.4975820571e-01,1.0783603757e+00
3.4625523495e+00,1.4137634116e+00,4.5106353929e-01,2.8367151550e-01,3.3857422419e-02,2.4981409308e-01,1.0799938208e+00
3.4686591438e+00,1.4146270315e+00,4.5197019282e-01,2.8357118278e-01,3.3702184161e-02,2.4986899862e-01,1.0816271330e+00
3.4747659380e+00,1.4154911790e+00,4.5287608208e-01,2.8347050396e-01,3.3547577186e-02,2.4992292677e-01,1.0832603161e+00
3.4808727323e+00,1.4163558543e+00,4.5378120476e-01,2.8336948169e-01,3.3393599704e-02,2.4997588199e-01,1.0848933739e+00
3.4869795266e+00,1.4172210578e+00,4.5468555854e-01,2.8326811859e-01,3.3240249921e-02,2.5002786867e-01,1.0865263105e+00
3.4930863208e+00,1.4180867899e+00,4.5558914114e-01,2.8316641726e-01,3.3087526042e-02,2.5007889122e-01,1.0881591295e+00
3.4991931151e+00,1.4189530508e+00,4.5649195028e-01,2.8306438031e-01,3.2935426268e-02,2.5012895404e-01,1.0897918349e+00
3.5052999094e+00,1.4198198409e+00,4.5739398370e-01,2.8296201030e-01,3.2783948796e-02,2.5017806151e-01,1.0914244305e+00
3.5114067036e+00,1.4206871604e+00,4.5829523917e-01,2.8285930980e-01,3.2633091822e-02,2.5022621797e-01,1.0930569201e+00
3.5175134979e+00,1.4215550098e+00,4.5919571443e-01,2.8275628133e-01,3.2482853539e-02,2.5027342780e-01,1.0946893076e+00
3.5236202922e+00,1.4224233893e+00,4.6009540729e-01,2.8265292744e-01,3.2333232136e-02,2.5031969531e-01,1.0963215968e+00
3.5297270864e+00,1.4232922993e+00,4.6099431555e-01,2.8254925063e-01,3.2184225800e-02,2.5036502483e-01,1.0979537915e+00
3.5358338807e+00,1.4241617401e+00,4.6189243701e-01,2.8244525340e-01,3.2035832717e-02,2.5040942068e-01,1.0995858957e+00
3.5419406750e+00,1.4250317120e+00,4.6278976951e-01,2.8234093821e-01,3.1888051070e-02,2.5045288714e-01,1.1012179131e+00
3.5480474692e+00,1.4259022153e+00,4.6368631090e-01,2.8223630754e-01,3.1740879040e-02,2.5049542850e-01,1.1028498475e+00
3.5541542635e+00,1.4267732504e+00,4.6458205902e-01,2.8213136383e-01,3.1594314804e-02,2.5053704902e-01,1.1044817028e+00
3.5602610578e+00,1.4276448176e+00,4.6547701177e-01,2.8202610950e-01,3.1448356541e-02,2.5057775296e-01,1.1061134828e+00
3.5663678520e+00,1.4285169171e+00,4.6637116702e-01,2.8192054698e-01,3.1303002424e-02,2.5061754456e-01,1.1077451913e+00
3.5724746463e+00,1.4293895494e+00,4.6726452268e-01,2.8181467866e-01,3.1158250628e-02,2.5065642804e-01,1.1093768321e+00
3.5785814406e+00,1.4302627148e+00,4.6815707667e-01,2.8170850693e-01,3.1014099324e-02,2.5069440761e-01,1.1110084091e+00
3.5846882348e+00,1.4311364136e+00,4.6904882691e-01,2.8160203416e-01,3.0870546681e-02,2.5073148748e-01,1.1126399260e+00
3.5907950291e+00,1.4320106461e+00,4.6993977136e-01,2.8149526270e-01,3.0727590870e-02,2.5076767183e-01,1.1142713868e+00
3.5969018234e+00,1.4328854126e+00,4.7082990798e-01,2.8138819488e-01,3.0585230057e-02,2.5080296482e-01,1.1159027951e+00
3.6030086176e+00,1.4337607135e+00,4.7171923475e-01,2.8128083303e-01,3.0443462409e-02,2.5083737062e-01,1.1175341547e+00
3.6091154119e+00,1.4346365490e+00,4.7260774964e-01,2.8117317947e-01,3.0302286091e-02,2.5087089338e-01,1.1191654696e+00
3.6152222062e+00,1.4355129196e+00,4.7349545068e-01,2.8106523648e-01,3.0161699267e-02,2.5090353721e-01,1.1207967435e+00
3.6213290004e+00,1.4363898255e+00,4.7438233586e-01,2.8095700634e-01,3.0021700100e-02,2.5093530624e-01,1.1224279801e+00
3.6274357947e+00,1.4372672672e+00,4.7526840324e-01,2.8084849132e-01,2.9882286753e-02,2.5096620456e-01,1.1240591833e+00
3.6335425890e+00,1.4381452448e+00,4.7615365084e-01,2.8073969366e-01,2.9743457387e-02,2.5099623628e-01,1.1256903569e+00
3.6396493832e+00,1.4390237587e+00,4.7703807674e-01,2.8063061562e-01,2.9605210163e-02,2.5102540545e-01,1.1273215047e+00
3.6457561775e+00,1.4399028093e+00,4.7792167901e-01,2.8052125940e-01,2.9467543243e-02,2.5105371615e-01,1.1289526304e+00
3.6518629718e+00,1.4407823968e+00,4.7880445573e-01,2.8041162721e-01,2.9330454785e-02,2.5108117242e-01,1.1305837378e+00
3.6579697660e+00,1.4416625217e+00,4.7968640501e-01,2.8030172125e-01,2.9193942949e-02,2.5110777830e-01,1.1322148307e+00
3.6640765603e+00,1.4425431842e+00,4.8056752496e-01,2.8019154369e-01,2.9058005896e-02,2.5113353779e-01,1.1338459130e+00
3.6701833546e+00,1.4434243847e+00,4.8144781372e-01,2.8008109671e-01,2.8922641783e-02,2.5115845492e-01,1.1354769883e+00
3.6762901489e+00,1.4443061235e+00,4.8232726942e-01,2.7997038245e-01,2.8787848770e-02,2.5118253368e-01,1.1371080605e+00
3.6823969431e+00,1.4451884009e+00,4.8320589022e-01,2.7985940305e-01,2.8653625015e-02,2.5120577803e-01,1.1387391333e+00
3.6885037374e+00,1.4460712173e+00,4.8408367430e-01,2.7974816063e-01,2.8519968678e-02,2.5122819195e-01,1.1403702105e+00
3.6946105317e+00,1.4469545729e+00,4.8496061983e-01,2.7963665731e-01,2.8386877918e-02,2.5124977940e-01,1.1420012958e+00
3.7007173259e+00,1.4478384681e+00,4.8583672502e-01,2.7952489519e-01,2.8254350894e-02,2.5127054430e-01,1.1436323931e+00
3.7068241202e+00,1.4487229033e+00,4.8671198807e-01,2.7941287634e-01,2.8122385765e-02,2.5129049058e-01,1.1452635061e+00
3.7129309145e+00,1.4496078788e+00,4.8758640721e-01,2.7930060284e-01,2.7990980692e-02,2.5130962215e-01,1.1468946385e+00
3.7190377087e+00,1.4504933949e+00,4.8845998068e-01,2.7918807675e-01,2.7860133834e-02,2.5132794292e-01,1.1485257942e+00
3.7251445030e+00,1.4513794519e+00,4.8933270673e-01,2.7907530011e-01,2.7729843353e-02,2.5134545675e-01,1.1501569768e+00
3.7312512973e+00,1.4522660501e+00,4.9020458362e-01,2.7896227494e-01,2.7600107409e-02,2.5136216754e-01,1.1517881901e+00
3.7373580915e+00,1.4531531900e+00,4.9107560963e-01,2.7884900328e-01,2.7470924164e-02,2.5137807912e-01,1.1534194379e+00
3.7434648858e+00,1.4540408717e+00,4.9194578305e-01,2.7873548712e-01,2.7342291782e-02,2.5139319534e-01,1.1550507239e+00
3.7495716801e+00,1.4549290958e+00,4.9281510218e-01,2.7862172846e-01,2.7214208426e-02,2.5140752004e-01,1.1566820519e+00
3.7556784743e+00,1.4558178624e+00,4.9368356535e-01,2.7850772928e-01,2.7086672259e-02,2.5142105702e-01,1.1583134256e+00
3.7617852686e+00,1.4567071719e+00,4.9455117088e-01,2.7839349154e-01,2.6959681448e-02,2.5143381009e-01,1.1599448488e+00
3.7678920629e+00,1.4575970247e+00,4.9541791711e-01,2.7827901720e-01,2.6833234158e-02,2.5144578305e-01,1.1615763252e+00
3.7739988571e+00,1.4584874211e+00,4.9628380240e-01,2.7816430821e-01,2.6707328557e-02,2.5145697965e-01,1.1632078585e+00
3.7801056514e+00,1.4593783613e+00,4.9714882512e-01,2.7804936649e-01,2.6581962814e-02,2.5146740367e-01,1.1648394525e+00
3.7862124457e+00,1.4602698458e+00,4.9801298365e-01,2.7793419395e-01,2.6457135096e-02,2.5147705886e-01,1.1664711108e+00
3.7923192399e+00,1.4611618749e+00,4.9887627639e-01,2.7781879252e-01,2.6332843577e-02,2.5148594894e-01,1.1681028374e+00
3.7984260342e+00,1.4620544490e+00,4.9973870173e-01,2.7770316407e-01,2.6209086427e-02,2.5149407765e-01,1.1697346358e+00
3.8045328285e+00,1.4629475682e+00,5.0060025811e-01,2.7758731050e-01,2.6085861820e-02,2.5150144868e-01,1.1713665097e+00
3.8106396227e+00,1.4638412330e+00,5.0146094395e-01,2.7747123366e-01,2.5963167931e-02,2.5150806573e-01,1.1729984630e+00
3.8167464170e+00,1.4647354438e+00,5.0232075770e-01,2.7735493543e-01,2.5841002937e-02,2.5151393249e-01,1.1746304994e+00
3.8228532113e+00,1.4656302007e+00,5.0317969782e-01,2.7723841764e-01,2.5719365015e-02,2.5151905262e-01,1.1762626225e+00
3.8289600055e+00,1.4665255043e+00,5.0403776278e-01,2.7712168212e-01,2.5598252345e-02,2.5152342978e-01,1.1778948360e+00
3.8350667998e+00,1.4674213548e+00,5.0489495105e-01,2.7700473071e-01,2.5477663108e-02,2.5152706760e-01,1.1795271438e+00
3.8411735941e+00,1.4683177525e+00,5.0575126114e-01,2.7688756521e-01,2.5357595488e-02,2.5152996972e-01,1.1811595495e+00
3.8472803883e+00,1.4692146978e+00,5.0660669155e-01,2.7677018742e-01,2.5238047669e-02,2.5153213975e-01,1.1827920568e+00
3.8533871826e+00,1.4701121910e+00,5.0746124080e-01,2.7665259912e-01,2.5119017837e-02,2.5153358129e-01,1.1844246694e+00
3.8594939769e+00,1.4710102324e+00,5.0831490742e-01,2.7653480210e-01,2.5000504181e-02,2.5153429792e-01,1.1860573910e+00
3.8656007711e+00,1.4719088224e+00,5.0916768996e-01,2.7641679813e-01,2.4882504893e-02,2.5153429323e-01,1.1876902254e+00
3.8717075654e+00,1.4728079614e+00,5.1001958698e-01,2.7629858894e-01,2.4765018163e-02,2.5153357078e-01,1.1893231762e+00
3.8778143597e+00,1.4737076496e+00,5.1087059704e-01,2.7618017630e-01,2.4648042186e-02,2.5153213411e-01,1.1909562472e+00
3.8839211539e+00,1.4746078874e+00,5.1172071872e-01,2.7606156192e-01,2.4531575160e-02,2.5152998676e-01,1.1925894420e+00
3.8900279482e+00,1.4755086751e+00,5.1256995062e-01,2.7594274754e-01,2.4415615282e-02,2.5152713225e-01,1.1942227644e+00
3.8961347425e+00,1.4764100131e+00,5.1341829134e-01,2.7582373485e-01,2.4300160754e-02,2.5152357409e-01,1.1958562180e+00
3.9022415367e+00,1.4773119017e+00,5.1426573950e-01,2.7570452556e-01,2.4185209779e-02,2.5151931578e-01,1.1974898065e+00
3.9083483310e+00,1.4782143412e+00,5.1511229373e-01,2.7558512136e-01,2.4070760563e-02,2.5151436080e-01,1.1991235336e+00
3.9144551253e+00,1.4791173319e+00,5.1595795266e-01,2.7546552392e-01,2.3956811313e-02,2.5150871261e-01,1.2007574031e+00
3.9205619195e+00,1.4800208743e+00,5.1680271496e-01,2.7534573492e-01,2.3843360239e-02,2.5150237468e-01,1.2023914185e+00
3.9266687138e+00,1.4809249687e+00,5.1764657928e-01,2.7522575600e-01,2.3730405554e-02,2.5149535045e-01,1.2040255836e+00
3.9327755081e+00,1.4818296153e+00,5.1848954430e-01,2.7510558882e-01,2.3617945473e-02,2.5148764335e-01,1.2056599020e+00
3.9388823023e+00,1.4827348145e+00,5.1933160871e-01,2.7498523501e-01,2.3505978215e-02,2.5147925679e-01,1.2072943775e+00
3.9449890966e+00,1.4836405667e+00,5.2017277121e-01,2.7486469619e-01,2.3394501998e-02,2.5147019419e-01,1.2089290137e+00
3.9510958909e+00,1.4845468721e+00,5.2101303051e-01,2.7474397398e-01,2.3283515047e-02,2.5146045893e-01,1.2105638143e+00
3.9572026851e+00,1.4854537312e+00,5.2185238533e-01,2.7462306998e-01,2.3173015585e-02,2.5145005440e-01,1.2121987830e+00
3.9633094794e+00,1.4863611443e+00,5.2269083441e-01,2.7450198579e-01,2.3063001843e-02,2.5143898395e-01,1.2138339234e+00
3.9694162737e+00,1.4872691117e+00,5.2352837649e-01,2.7438072300e-01,2.2953472050e-02,2.5142725095e-01,1.2154692392e+00
3.9755230679e+00,1.4881776337e+00,5.2436501034e-01,2.7425928317e-01,2.2844424440e-02,2.5141485873e-01,1.2171047341e+00
3.9816298622e+00,1.4890867107e+00,5.2520073471e-01,2.7413766787e-01,2.2735857250e-02,2.5140181062e-01,1.2187404117e+00
3.9877366565e+00,1.4899963431e+00,5.2603554839e-01,2.7401587865e-01,2.2627768719e-02,2.5138810993e-01,1.2203762757e+00
3.9938434507e+00,1.4909065311e+00,5.2686945017e-01,2.7389391707e-01,2.2520157090e-02,2.5137375998e-01,1.2220123298e+00
3.9999502450e+00,1.4918172751e+00,5.2770243885e-01,2.7377178464e-01,2.2413020607e-02,2.5135876404e-01,1.2236485776e+00
4.0060570393e+00,1.4927285754e+00,5.2853451325e-01,2.7364948291e-01,2.2306357519e-02,2.5134312539e-01,1.2252850229e+00
4.0121638335e+00,1.4936404325e+00,5.2936567220e-01,2.7352701338e-01,2.2200166077e-02,2.5132684730e-01,1.2269216691e+00
4.0182706278e+00,1.4945528465e+00,5.3019591452e-01,2.7340437756e-01,2.2094444535e-02,2.5130993303e-01,1.2285585201e+00
4.0243774221e+00,1.4954658179e+00,5.3102523908e-01,2.7328157695e-01,2.1989191150e-02,2.5129238580e-01,1.2301955794e+00
4.0304842163e+00,1.4963793470e+00,5.3185364472e-01,2.7315861302e-01,2.1884404184e-02,2.5127420884e-01,1.2318328507e+00
4.0365910106e+00,1.4972934342e+00,5.3268113031e-01,2.7303548727e-01,2.1780081899e-02,2.5125540537e-01,1.2334703377e+00
4.0426978049e+00,1.4982080797e+00,5.3350769474e-01,2.7291220116e-01,2.1676222562e-02,2.5123597860e-01,1.2351080439e+00
4.0488045991e+00,1.4991232840e+00,5.3433333690e-01,2.7278875614e-01,2.1572824443e-02,2.5121593170e-01,1.2367459732e+00
4.0549113934e+00,1.5000390474e+00,5.3515805569e-01,2.7266515367e-01,2.1469885816e-02,2.5119526785e-01,1.2383841290e+00
4.0610181877e+00,1.5009553701e+00,5.3598185002e-01,2.7254139518e-01,2.1367404956e-02,2.5117399022e-01,1.2400225150e+00
4.0671249820e+00,1.5018722526e+00,5.3680471883e-01,2.7241748211e-01,2.1265380144e-02,2.5115210196e-01,1.2416611349e+00
4.0732317762e+00,1.5027896952e+00,5.3762666104e-01,2.7229341588e-01,2.1163809663e-02,2.5112960622e-01,1.2432999923e+00
4.0793385705e+00,1.5037076982e+00,5.3844767560e-01,2.7216919790e-01,2.1062691798e-02,2.5110650610e-01,1.2449390909e+00
4.0854453648e+00,1.5046262620e+00,5.3926776146e-01,2.7204482958e-01,2.0962024841e-02,2.5108280474e-01,1.2465784342e+00
4.0915521590e+00,1.5055453869e+00,5.4008691761e-01,2.7192031230e-01,2.0861807083e-02,2.5105850522e-01,1.2482180259e+00
4.0976589533e+00,1.5064650733e+00,5.4090514300e-01,2.7179564747e-01,2.0762036823e-02,2.5103361065e-01,1.2498578697e+00
4.1037657476e+00,1.5073853215e+00,5.4172243664e-01,2.7167083645e-01,2.0662712359e-02,2.5100812409e-01,1.2514979692e+00
4.1098725418e+00,1.5083061318e+00,5.4253879752e-01,2.7154588062e-01,2.0563831997e-02,2.5098204862e-01,1.2531383280e+00
4.1159793361e+00,1.5092275047e+00,5.4335422465e-01,2.7142078133e-01,2.0465394043e-02,2.5095538728e-01,1.2547789497e+00
4.1220861304e+00,1.5101494403e+00,5.4416871705e-01,2.7129553993e-01,2.0367396808e-02,2.5092814313e-01,1.2564198379e+00
4.1281929246e+00,1.5110719392e+00,5.4498227376e-01,2.7117015778e-01,2.0269838606e-02,2.5090031917e-01,1.2580609963e+00
4.1342997189e+00,1.5119950015e+00,5.4579489381e-01,2.7104463620e-01,2.0172717755e-02,2.5087191844e-01,1.2597024285e+00
4.1404065132e+00,1.5129186278e+00,5.4660657625e-01,2.7091897652e-01,2.0076032578e-02,2.5084294394e-01,1.2613441382e+00
4.1465133074e+00,1.5138428182e+00,5.4741732016e-01,2.7079318006e-01,1.9979781398e-02,2.5081339866e-01,1.2629861288e+00
4.1526201017e+00,1.5147675732e+00,5.4822712459e-01,2.7066724812e-01,1.9883962546e-02,2.5078328557e-01,1.2646284041e+00
4.1587268960e+00,1.5156928931e+00,5.4903598864e-01,2.7054118201e-01,1.9788574354e-02,2.5075260766e-01,1.2662709677e+00
4.1648336902e+00,1.5166187783e+00,5.4984391139e-01,2.7041498303e-01,1.9693615159e-02,2.5072136787e-01,1.2679138231e+00
4.1709404845e+00,1.5175452290e+00,5.5065089195e-01,2.7028865245e-01,1.9599083300e-02,2.5068956915e-01,1.2695569740e+00
4.1770472788e+00,1.5184722457e+00,5.5145692943e-01,2.7016219156e-01,1.9504977122e-02,2.5065721443e-01,1.2712004240e+00
4.1831540730e+00,1.5193998286e+00,5.5226202296e-01,2.7003560161e-01,1.9411294972e-02,2.5062430664e-01,1.2728441767e+00
4.1892608673e+00,1.5203279782e+00,5.5306617167e-01,2.6990888388e-01,1.9318035202e-02,2.5059084868e-01,1.2744882357e+00
4.1953676616e+00,1.5212566948e+00,5.5386937470e-01,2.6978203962e-01,1.9225196167e-02,2.5055684345e-01,1.2761326047e+00
4.2014744558e+00,1.5221859787e+00,5.5467163120e-01,2.6965507006e-01,1.9132776227e-02,2.5052229384e-01,1.2777772871e+00
4.2075812501e+00,1.5231158302e+00,5.5547294034e-01,2.6952797645e-01,1.9040773744e-02,2.5048720271e-01,1.2794222866e+00
4.2136880444e+00,1.5240462498e+00,5.5627330130e-01,2.6940076002e-01,1.8949187086e-02,2.5045157293e-01,1.2810676069e+00
4.2197948386e+00,1.5249772377e+00,5.5707271325e-01,2.6927342198e-01,1.8858014624e-02,2.5041540736e-01,1.2827132515e+00
4.2259016329e+00,1.5259087944e+00,5.5787117539e-01,2.6914596356e-01,1.8767254732e-02,2.5037870883e-01,1.2843592239e+00
4.2320084272e+00,1.5268409201e+00,5.5866868692e-01,2.6901838595e-01,1.8676905790e-02,2.5034148016e-01,1.2860055279e+00
4.2381152214e+00,1.5277736151e+00,5.5946524706e-01,2.6889069036e-01,1.8586966180e-02,2.5030372418e-01,1.2876521670e+00
4.2442220157e+00,1.5287068800e+00,5.6026085502e-01,2.6876287797e-01,1.8497434289e-02,2.5026544368e-01,1.2892991447e+00
4.2503288100e+00,1.5296407149e+00,5.6105551004e-01,2.6863494997e-01,1.8408308507e-02,2.5022664147e-01,1.2909464648e+00
4.2564356042e+00,1.5305751203e+00,5.6184921136e-01,2.6850690754e-01,1.8319587230e-02,2.5018732031e-01,1.2925941307e+00
4.2625423985e+00,1.5315100965e+00,5.6264195824e-01,2.6837875184e-01,1.8231268856e-02,2.5014748298e-01,1.2942421460e+00
4.2686491928e+00,1.5324456439e+00,5.6343374992e-01,2.6825048403e-01,1.8143351788e-02,2.5010713225e-01,1.2958905144e+00
4.2747559870e+00,1.5333817627e+00,5.6422458570e-01,2.6812210528e-01,1.8055834434e-02,2.5006627084e-01,1.2975392394e+00
4.2808627813e+00,1.5343184534e+00,5.6501446483e-01,2.6799361671e-01,1.7968715203e-02,2.5002490151e-01,1.2991883246e+00
4.2869695756e+00,1.5352557163e+00,5.6580338662e-01,2.6786501948e-01,1.7881992512e-02,2.4998302697e-01,1.3008377737e+00
4.2930763698e+00,1.5361935517e+00,5.6659135036e-01,2.6773631472e-01,1.7795664780e-02,2.4994064994e-01,1.3024875900e+00
4.2991831641e+00,1.5371319600e+00,5.6737835536e-01,2.6760750355e-01,1.7709730429e-02,2.4989777312e-01,1.3041377773e+00
4.3052899584e+00,1.5380709415e+00,5.6816440094e-01,2.6747858708e-01,1.7624187887e-02,2.4985439919e-01,1.3057883392e+00
4.3113967526e+00,1.5390104966e+00,5.6894948642e-01,2.6734956643e-01,1.7539035587e-02,2.4981053085e-01,1.3074392791e+00
4.3175035469e+00,1.5399506257e+00,5.6973361115e-01,2.6722044271e-01,1.7454271963e-02,2.4976617075e-01,1.3090906007e+00
4.3236103412e+00,1.5408913291e+00,5.7051677447e-01,2.6709121700e-01,1.7369895456e-02,2.4972132155e-01,1.3107423076e+00
4.3297171354e+00,1.5418326071e+00,5.7129897573e-01,2.6696189041e-01,1.7285904509e-02,2.4967598590e-01,1.3123944033e+00
4.3358239297e+00,1.5427744601e+00,5.7208021430e-01,2.6683246400e-01,1.7202297572e-02,2.4963016643e-01,1.3140468913e+00
4.3419307240e+00,1.5437168885e+00,5.7286048954e-01,2.6670293887e-01,1.7119073096e-02,2.4958386577e-01,1.3156997754e+00
4.3480375182e+00,1.5446598925e+00,5.7363980085e-01,2.6657331607e-01,1.7036229539e-02,2.4953708653e-01,1.3173530589e+00
4.3541443125e+00,1.5456034726e+00,5.7441814762e-01,2.6644359667e-01,1.6953765361e-02,2.4948983131e-01,1.3190067455e+00
4.3602511068e+00,1.5465476291e+00,5.7519552924e-01,2.6631378173e-01,1.6871679027e-02,2.4944210270e-01,1.3206608388e+00
4.3663579010e+00,1.5474923624e+00,5.7597194513e-01,2.6618387229e-01,1.6789969008e-02,2.4939390328e-01,1.3223153423e+00
4.3724646953e+00,1.5484376727e+00,5.7674739470e-01,2.6605386940e-01,1.6708633776e-02,2.4934523562e-01,1.3239702596e+00
4.3785714896e+00,1.5493835606e+00,5.7752187738e-01,2.6592377409e-01,1.6627671810e-02,2.4929610228e-01,1.3256255942e+00
4.3846782838e+00,1.5503300262e+00,5.7829539261e-01,2.6579358740e-01,1.6547081592e-02,2.4924650581e-01,1.3272813498e+00
4.3907850781e+00,1.5512770700e+00,5.7906793983e-01,2.6566331034e-01,1.6466861609e-02,2.4919644873e-01,1.3289375298e+00
4.3968918724e+00,1.5522246923e+00,5.7983951850e-01,2.6553294394e-01,1.6387010351e-02,2.4914593359e-01,1.3305941378e+00
4.4029986666e+00,1.5531728935e+00,5.8061012808e-01,2.6540248920e-01,1.6307526313e-02,2.4909496289e-01,1.3322511773e+00
4.4091054609e+00,1.5541216739e+00,5.8137976805e-01,2.6527194712e-01,1.6228407995e-02,2.4904353913e-01,1.3339086520e+00
4.4152122552e+00,1.5550710338e+00,5.8214843787e-01,2.6514131871e-01,1.6149653902e-02,2.4899166481e-01,1.3355665654e+00
4.4213190494e+00,1.5560209738e+00,5.8291613706e-01,2.6501060496e-01,1.6071262539e-02,2.4893934242e-01,1.3372249210e+00
4.4274258437e+00,1.5569714940e+00,5.8368286509e-01,2.6487980685e-01,1.5993232421e-02,2.4888657443e-01,1.3388837224e+00
4.4335326380e+00,1.5579225948e+00,5.8444862147e-01,2.6474892535e-01,1.5915562064e-02,2.4883336329e-01,1.3405429732e+00
4.4396394322e+00,1.5588742766e+00,5.8521340574e-01,2.6461796145e-01,1.5838249989e-02,2.4877971146e-01,1.3422026768e+00
4.4457462265e+00,1.5598265398e+00,5.8597721739e-01,2.6448691610e-01,1.5761294721e-02,2.4872562138e-01,1.3438628368e+00
4.4518530208e+00,1.5607793847e+00,5.8674005598e-01,2.6435579028e-01,1.5684694791e-02,2.4867109549e-01,1.3455234568e+00
4.4579598151e+00,1.5617328117e+00,5.8750192104e-01,2.6422458492e-01,1.5608448731e-02,2.4861613619e-01,1.3471845404e+00
4.4640666093e+00,1.5626868210e+00,5.8826281211e-01,2.6409330099e-01,1.5532555082e-02,2.4856074591e-01,1.3488460910e+00
4.4701734036e+00,1.5636414132e+00,5.8902272876e-01,2.6396193942e-01,1.5457012385e-02,2.4850492704e-01,1.3505081122e+00
4.4762801979e+00,1.5645965884e+00,5.8978167056e-01,2.6383050115e-01,1.5381819188e-02,2.4844868196e-01,1.3521706075e+00
4.4823869921e+00,1.5655523472e+00,5.9053963708e-01,2.6369898711e-01,1.5306974043e-02,2.4839201307e-01,1.3538335806e+00
4.4884937864e+00,1.5665086898e+00,5.9129662789e-01,2.6356739823e-01,1.5232475505e-02,2.4833492272e-01,1.3554970348e+00
4.4946005807e+00,1.5674656165e+00,5.9205264260e-01,2.6343573542e-01,1.5158322135e-02,2.4827741328e-01,1.3571609739e+00
4.5007073749e+00,1.5684231279e+00,5.9280768080e-01,2.6330399959e-01,1.5084512497e-02,2.4821948709e-01,1.3588254012e+00
4.5068141692e+00,1.5693812241e+00,5.9356174210e-01,2.6317219166e-01,1.5011045162e-02,2.4816114650e-01,1.3604903204e+00
4.5129209635e+00,1.5703399057e+00,5.9431482611e-01,2.6304031252e-01,1.4937918702e-02,2.4810239382e-01,1.3621557350e+00
4.5190277577e+00,1.5712991728e+00,5.9506693247e-01,2.6290836308e-01,1.4865131695e-02,2.4804323138e-01,1.3638216484e+00
4.5251345520e+00,1.5722590259e+00,5.9581806080e-01,2.6277634422e-01,1.4792682725e-02,2.4798366149e-01,1.3654880643e+00
4.5312413463e+00,1.5732194654e+00,5.9656821074e-01,2.6264425682e-01,1.4720570376e-02,2.4792368644e-01,1.3671549862e+00
4.5373481405e+00,1.5741804916e+00,5.9731738194e-01,2.6251210177e-01,1.4648793242e-02,2.4786330853e-01,1.3688224176e+00
4.5434549348e+00,1.5751421048e+00,5.9806557406e-01,2.6237987993e-01,1.4577349916e-02,2.4780253002e-01,1.3704903620e+00
4.5495617291e+00,1.5761043054e+00,5.9881278677e-01,2.6224759219e-01,1.4506239000e-02,2.4774135319e-01,1.3721588230e+00
4.5556685233e+00,1.5770670939e+00,5.9955901973e-01,2.6211523939e-01,1.4435459098e-02,2.4767978029e-01,1.3738278041e+00
4.5617753176e+00,1.5780304704e+00,6.0030427262e-01,2.6198282240e-01,1.4365008818e-02,2.4761781358e-01,1.3754973088e+00
4.5678821119e+00,1.5789944355e+00,6.0104854514e-01,2.6185034206e-01,1.4294886773e-02,2.4755545529e-01,1.3771673407e+00
4.5739889061e+00,1.5799589894e+00,6.0179183698e-01,2.6171779923e-01,1.4225091582e-02,2.4749270765e-01,1.3788379032e+00
4.5800957004e+00,1.5809241325e+00,6.0253414785e-01,2.6158519475e-01,1.4155621867e-02,2.4742957288e-01,1.3805089999e+00
4.5862024947e+00,1.5818898652e+00,6.0327547745e-01,2.6145252944e-01,1.4086476253e-02,2.4736605319e-01,1.3821806343e+00
4.5923092889e+00,1.5828561878e+00,6.0401582551e-01,2.6131980415e-01,1.4017653372e-02,2.4730215077e-01,1.3838528100e+00
4.5984160832e+00,1.5838231007e+00,6.0475519175e-01,2.6118701969e-01,1.3949151859e-02,2.4723786783e-01,1.3855255304e+00
4.6045228775e+00,1.5847906043e+00,6.0549357592e-01,2.6105417689e-01,1.3880970355e-02,2.4717320653e-01,1.3871987992e+00
4.6106296717e+00,1.5857586989e+00,6.0623097775e-01,2.6092127656e-01,1.3813107502e-02,2.4710816906e-01,1.3888726197e+00
4.6167364660e+00,1.5867273848e+00,6.0696739699e-01,2.6078831951e-01,1.3745561949e-02,2.4704275756e-01,1.3905469955e+00
4.6228432603e+00,1.5876966625e+00,6.0770283341e-01,2.6065530654e-01,1.3678332350e-02,2.4697697419e-01,1.3922219302e+00
4.6289500545e+00,1.5886665323e+00,6.0843728676e-01,2.6052223846e-01,1.3611417362e-02,2.4691082110e-01,1.3938974273e+00
4.6350568488e+00,1.5896369946e+00,6.0917075683e-01,2.6038911606e-01,1.3544815647e-02,2.4684430042e-01,1.3955734902e+00
4.6411636431e+00,1.5906080497e+00,6.0990324339e-01,2.6025594013e-01,1.3478525871e-02,2.4677741426e-01,1.3972501225e+00
4.6472704373e+00,1.5915796979e+00,6.1063474623e-01,2.6012271145e-01,1.3412546704e-02,2.4671016475e-01,1.3989273277e+00
4.6533772316e+00,1.5925519398e+00,6.1136526515e-01,2.5998943081e-01,1.3346876822e-02,2.4664255399e-01,1.4006051093e+00
4.6594840259e+00,1.5935247755e+00,6.1209479995e-01,2.5985609897e-01,1.3281514904e-02,2.4657458407e-01,1.4022834708e+00
4.6655908201e+00,1.5944982055e+00,6.1282335044e-01,2.5972271671e-01,1.3216459634e-02,2.4650625708e-01,1.4039624158e+00
4.6716976144e+00,1.5954722301e+00,6.1355091645e-01,2.5958928479e-01,1.3151709700e-02,2.4643757509e-01,1.4056419478e+00
4.6778044087e+00,1.5964468497e+00,6.1427749779e-01,2.5945580398e-01,1.3087263794e-02,2.4636854018e-01,1.4073220702e+00
4.6839112029e+00,1.5974220647e+00,6.1500309430e-01,2.5932227502e-01,1.3023120615e-02,2.4629915440e-01,1.4090027866e+00
4.6900179972e+00,1.5983978754e+00,6.1572770583e-01,2.5918869867e-01,1.2959278863e-02,2.4622941980e-01,1.4106841004e+00
4.6961247915e+00,1.5993742822e+00,6.1645133221e-01,2.5905507567e-01,1.2895737245e-02,2.4615933843e-01,1.4123660153e+00
4.7022315857e+00,1.6003512855e+00,6.1717397330e-01,2.5892140677e-01,1.2832494470e-02,2.4608891230e-01,1.4140485346e+00
4.7083383800e+00,1.6013288856e+00,6.1789562897e-01,2.5878769270e-01,1.2769549253e-02,2.4601814345e-01,1.4157316620e+00
4.7144451743e+00,1.6023070828e+00,6.1861629908e-01,2.5865393419e-01,1.2706900313e-02,2.4594703388e-01,1.4174154009e+00
4.7205519685e+00,1.6032858776e+00,6.1933598352e-01,2.5852013198e-01,1.2644546374e-02,2.4587558560e-01,1.4190997548e+00
4.7266587628e+00,1.6042652703e+00,6.2005468215e-01,2.5838628677e-01,1.2582486163e-02,2.4580380061e-01,1.4207847272e+00
4.7327655571e+00,1.6052452613e+00,6.2077239489e-01,2.5825239930e-01,1.2520718412e-02,2.4573168089e-01,1.4224703216e+00
4.7388723513e+00,1.6062258510e+00,6.2148912161e-01,2.5811847027e-01,1.2459241859e-02,2.4565922841e-01,1.4241565416e+00
4.7449791456e+00,1.6072070396e+00,6.2220486224e-01,2.5798450040e-01,1.2398055243e-02,2.4558644515e-01,1.4258433906e+00
4.7510859399e+00,1.6081888276e+00,6.2291961667e-01,2.5785049038e-01,1.2337157311e-02,2.4551333307e-01,1.4275308722e+00
4.7571927341e+00,1.6091712154e+00,6.2363338483e-01,2.5771644092e-01,1.2276546812e-02,2.4543989411e-01,1.4292189898e+00
4.7632995284e+00,1.6101542033e+00,6.2434616665e-01,2.5758235272e-01,1.2216222499e-02,2.4536613022e-01,1.4309077469e+00
4.7694063227e+00,1.6111377916e+00,6.2505796205e-01,2.5744822646e-01,1.2156183132e-02,2.4529204332e-01,1.4325971471e+00
4.7755131169e+00,1.6121219808e+00,6.2576877097e-01,2.5731406283e-01,1.2096427472e-02,2.4521763536e-01,1.4342871938e+00
4.7816199112e+00,1.6131067712e+00,6.2647859337e-01,2.5717986252e-01,1.2036954287e-02,2.4514290823e-01,1.4359778905e+00
4.7877267055e+00,1.6140921632e+00,6.2718742920e-01,2.5704562620e-01,1.1977762349e-02,2.4506786385e-01,1.4376692408e+00
4.7938334997e+00,1.6150781571e+00,6.2789527841e-01,2.5691135454e-01,1.1918850432e-02,2.4499250411e-01,1.4393612481e+00
4.7999402940e+00,1.6160647533e+00,6.2860214097e-01,2.5677704823e-01,1.1860217317e-02,2.4491683091e-01,1.4410539160e+00
4.8060470883e+00,1.6170519522e+00,6.2930801686e-01,2.5664270791e-01,1.1801861789e-02,2.4484084612e-01,1.4427472479e+00
4.8121538825e+00,1.6180397541e+00,6.3001290605e-01,2.5650833426e-01,1.1743782635e-02,2.4476455163e-01,1.4444412473e+00
4.8182606768e+00,1.6190281595e+00,6.3071680854e-01,2.5637392793e-01,1.1685978650e-02,2.4468794928e-01,1.4461359177e+00
4.8243674711e+00,1.6200171686e+00,6.3141972431e-01,2.5623948958e-01,1.1628448630e-02,2.4461104095e-01,1.4478312627e+00
4.8304742654e+00,1.6210067819e+00,6.3212165336e-01,2.5610501985e-01,1.1571191376e-02,2.4453382847e-01,1.4495272857e+00
4.8365810596e+00,1.6219969997e+00,6.3282259572e-01,2.5597051938e-01,1.1514205695e-02,2.4445631369e-01,1.4512239902e+00
4.8426878539e+00,1.6229878224e+00,6.3352255137e-01,2.5583598882e-01,1.1457490397e-02,2.4437849843e-01,1.4529213797e+00
4.8487946482e+00,1.6239792504e+00,6.3422152036e-01,2.5570142881e-01,1.1401044296e-02,2.4430038452e-01,1.4546194576e+00
4.8549014424e+00,1.6249712840e+00,6.3491950269e-01,2.5556683998e-01,1.1344866211e-02,2.4422197377e-01,1.4563182276e+00
4.8610082367e+00,1.6259639236e+00,6.3561649841e-01,2.5543222295e-01,1.1288954965e-02,2.4414326798e-01,1.4580176931e+00
4.8671150310e+00,1.6269571696e+00,6.3631250756e-01,2.5529757835e-01,1.1233309385e-02,2.4406426897e-01,1.4597178575e+00
4.8732218252e+00,1.6279510223e+00,6.3700753017e-01,2.5516290681e-01,1.1177928303e-02,2.4398497850e-01,1.4614187245e+00
4.8793286195e+00,1.6289454821e+00,6.3770156631e-01,2.5502820893e-01,1.1122810555e-02,2.4390539837e-01,1.4631202973e+00
4.8854354138e+00,1.6299405494e+00,6.3839461603e-01,2.5489348533e-01,1.1067954980e-02,2.4382553035e-01,1.4648225797e+00
4.8915422080e+00,1.6309362245e+00,6.3908667939e-01,2.5475873663e-01,1.1013360423e-02,2.4374537620e-01,1.4665255749e+00
4.8976490023e+00,1.6319325079e+00,6.3977775647e-01,2.5462396342e-01,1.0959025732e-02,2.4366493769e-01,1.4682292867e+00
4.9037557966e+00,1.6329293999e+00,6.4046784735e-01,2.5448916631e-01,1.0904949760e-02,2.4358421655e-01,1.4699337183e+00
4.9098625908e+00,1.6339269008e+00,6.4115695210e-01,2.5435434589e-01,1.0851131364e-02,2.4350321452e-01,1.4716388733e+00
4.9159693851e+00,1.6349250111e+00,6.4184507082e-01,2.5421950276e-01,1.0797569405e-02,2.4342193335e-01,1.4733447553e+00
4.9220761794e+00,1.6359237311e+00,6.4253220361e-01,2.5408463751e-01,1.0744262749e-02,2.4334037476e-01,1.4750513676e+00
4.9281829736e+00,1.6369230611e+00,6.4321835056e-01,2.5394975072e-01,1.0691210264e-02,2.4325854046e-01,1.4767587139e+00
4.9342897679e+00,1.6379230017e+00,6.4390351178e-01,2.5381484299e-01,1.0638410826e-02,2.4317643216e-01,1.4784667975e+00
4.9403965622e+00,1.6389235530e+00,6.4458768740e-01,2.5367991488e-01,1.0585863310e-02,2.4309405156e-01,1.4801756219e+00
4.9465033564e+00,1.6399247156e+00,6.4527087752e-01,2.5354496697e-01,1.0533566601e-02,2.4301140037e-01,1.4818851908e+00
4.9526101507e+00,1.6409264897e+00,6.4595308228e-01,2.5340999983e-01,1.0481519583e-02,2.4292848025e-01,1.4835955074e+00
4.9587169450e+00,1.6419288758e+00,6.4663430181e-01,2.5327501404e-01,1.0429721147e-02,2.4284529289e-01,1.4853065754e+00
4.9648237392e+00,1.6429318742e+00,6.4731453625e-01,2.5314001015e-01,1.0378170189e-02,2.4276183996e-01,1.4870183982e+00
4.9709305335e+00,1.6439354853e+00,6.4799378575e-01,2.5300498872e-01,1.0326865606e-02,2.4267812312e-01,1.4887309792e+00
4.9770373278e+00,1.6449397095e+00,6.4867205044e-01,2.5286995033e-01,1.0275806302e-02,2.4259414402e-01,1.4904443221e+00
4.9831441220e+00,1.6459445471e+00,6.4934933050e-01,2.5273489551e-01,1.0224991183e-02,2.4250990432e-01,1.4921584303e+00
4.9892509163e+00,1.6469499986e+00,6.5002562608e-01,2.5259982481e-01,1.0174419160e-02,2.4242540565e-01,1.4938733072e+00
4.9953577106e+00,1.6479560642e+00,6.5070093735e-01,2.5246473880e-01,1.0124089149e-02,2.4234064965e-01,1.4955889563e+00
5.0014645048e+00,1.6489627444e+00,6.5137526448e-01,2.5232963800e-01,1.0074000070e-02,2.4225563793e-01,1.4973053812e+00
5.0075712991e+00,1.6499700396e+00,6.5204860767e-01,2.5219452296e-01,1.0024150844e-02,2.4217037211e-01,1.4990225853e+00
5.0136780934e+00,1.6509779500e+00,6.5272096708e-01,2.5205939421e-01,9.9745404009e-03,2.4208485381e-01,1.5007405721e+00
5.0197848876e+00,1.6519864762e+00,6.5339234292e-01,2.5192425229e-01,9.9251676710e-03,2.4199908462e-01,1.5024593451e+00
5.0258916819e+00,1.6529956185e+00,6.5406273538e-01,2.5178909773e-01,9.8760315902e-03,2.4191306614e-01,1.5041789078e+00
5.0319984762e+00,1.6540053772e+00,6.5473214466e-01,2.5165393105e-01,9.8271310982e-03,2.4182679996e-01,1.5058992636e+00
5.0381052704e+00,1.6550157527e+00,6.5540057098e-01,2.5151875278e-01,9.7784651389e-03,2.4174028764e-01,1.5076204161e+00
5.0442120647e+00,1.6560267455e+00,6.5606801454e-01,2.5138356344e-01,9.7300326599e-03,2.4165353078e-01,1.5093423687e+00
5.0503188590e+00,1.6570383558e+00,6.5673447558e-01,2.5124836354e-01,9.6818326132e-03,2.4156653092e-01,1.5110651249e+00
5.0564256532e+00,1.6580505840e+00,6.5739995430e-01,2.5111315359e-01,9.6338639546e-03,2.4147928963e-01,1.5127886883e+00
5.0625324475e+00,1.6590634307e+00,6.5806445095e-01,2.5097793411e-01,9.5861256439e-03,2.4139180847e-01,1.5145130622e+00
5.0686392418e+00,1.6600768960e+00,6.5872796577e-01,2.5084270560e-01,9.5386166451e-03,2.4130408896e-01,1.5162382502e+00
5.0747460360e+00,1.6610909804e+00,6.5939049898e-01,2.5070746857e-01,9.4913359261e-03,2.4121613264e-01,1.5179642557e+00
5.0808528303e+00,1.6621056843e+00,6.6005205085e-01,2.5057222351e-01,9.4442824587e-03,2.4112794105e-01,1.5196910823e+00
5.0869596246e+00,1.6631210080e+00,6.6071262163e-01,2.5043697093e-01,9.3974552189e-03,2.4103951571e-01,1.5214187335e+00
5.0930664188e+00,1.6641369520e+00,6.6137221157e-01,2.5030171131e-01,9.3508531864e-03,2.4095085812e-01,1.5231472126e+00
5.0991732131e+00,1.6651535165e+00,6.6203082094e-01,2.5016644515e-01,9.3044753452e-03,2.4086196981e-01,1.5248765233e+00
5.1052800074e+00,1.6661707021e+00,6.6268845001e-01,2.5003117294e-01,9.2583206828e-03,2.4077285226e-01,1.5266066689e+00
5.1113868016e+00,1.6671885090e+00,6.6334509906e-01,2.4989589515e-01,9.2123881911e-03,2.4068350696e-01,1.5283376530e+00
5.1174935959e+00,1.6682069377e+00,6.6400076836e-01,2.4976061228e-01,9.1666768657e-03,2.4059393542e-01,1.5300694791e+00
5.1236003902e+00,1.6692259884e+00,6.6465545820e-01,2.4962532480e-01,9.1211857062e-03,2.4050413909e-01,1.5318021506e+00
5.1297071844e+00,1.6702456617e+00,6.6530916887e-01,2.4949003318e-01,9.0759137161e-03,2.4041411946e-01,1.5335356711e+00
5.1358139787e+00,1.6712659579e+00,6.6596190067e-01,2.4935473790e-01,9.0308599027e-03,2.4032387800e-01,1.5352700439e+00
5.1419207730e+00,1.6722868773e+00,6.6661365390e-01,2.4921943942e-01,8.9860232774e-03,2.4023341615e-01,1.5370052727e+00
5.1480275672e+00,1.6733084204e+00,6.6726442887e-01,2.4908413822e-01,8.9414028554e-03,2.4014273537e-01,1.5387413608e+00
5.1541343615e+00,1.6743305875e+00,6.6791422589e-01,2.4894883476e-01,8.8969976557e-03,2.4005183710e-01,1.5404783118e+00
5.1602411558e+00,1.6753533790e+00,6.6856304528e-01,2.4881352949e-01,8.8528067013e-03,2.3996072279e-01,1.5422161292e+00
5.1663479500e+00,1.6763767953e+00,6.6921088736e-01,2.4867822287e-01,8.8088290190e-03,2.3986939385e-01,1.5439548164e+00
5.1724547443e+00,1.6774008368e+00,6.6985775245e-01,2.4854291537e-01,8.7650636395e-03,2.3977785173e-01,1.5456943770e+00
5.1785615386e+00,1.6784255038e+00,6.7050364089e-01,2.4840760742e-01,8.7215095972e-03,2.3968609783e-01,1.5474348143e+00
5.1846683328e+00,1.6794507968e+00,6.7114855303e-01,2.4827229949e-01,8.6781659305e-03,2.3959413356e-01,1.5491761320e+00
5.1907751271e+00,1.6804767160e+00,6.7179248919e-01,2.4813699201e-01,8.6350316815e-03,2.3950196033e-01,1.5509183335e+00
5.1968819214e+00,1.6815032620e+00,6.7243544973e-01,2.4800168543e-01,8.5921058963e-03,2.3940957953e-01,1.5526614222e+00
5.2029887156e+00,1.6825304351e+00,6.7307743501e-01,2.4786638018e-01,8.5493876245e-03,2.3931699256e-01,1.5544054017e+00
5.2090955099e+00,1.6835582356e+00,6.7371844537e-01,2.4773107672e-01,8.5068759198e-03,2.3922420080e-01,1.5561502755e+00
5.2152023042e+00,1.6845866639e+00,6.7435848119e-01,2.4759577546e-01,8.4645698395e-03,2.3913120562e-01,1.5578960470e+00
5.2213090985e+00,1.6856157205e+00,6.7499754283e-01,2.4746047685e-01,8.4224684447e-03,2.3903800840e-01,1.5596427197e+00
5.2274158927e+00,1.6866454058e+00,6.7563563066e-01,2.4732518130e-01,8.3805708003e-03,2.3894461050e-01,1.5613902972e+00
5.2335226870e+00,1.6876757200e+00,6.7627274506e-01,2.4718988926e-01,8.3388759749e-03,2.3885101329e-01,1.5631387828e+00
5.2396294813e+00,1.6887066636e+00,6.7690888642e-01,2.4705460114e-01,8.2973830410e-03,2.3875721810e-01,1.5648881802e+00
5.2457362755e+00,1.6897382369e+00,6.7754405512e-01,2.4691931736e-01,8.2560910746e-03,2.3866322629e-01,1.5666384928e+00
5.2518430698e+00,1.6907704405e+00,6.7817825155e-01,2.4678403834e-01,8.2149991556e-03,2.3856903919e-01,1.5683897240e+00
5.2579498641e+00,1.6918032745e+00,6.7881147612e-01,2.4664876450e-01,8.1741063674e-03,2.3847465814e-01,1.5701418774e+00
5.2640566583e+00,1.6928367395e+00,6.7944372921e-01,2.4651349625e-01,8.1334117975e-03,2.3838008446e-01,1.5718949564e+00
5.2701634526e+00,1.6938708358e+00,6.8007501125e-01,2.4637823401e-01,8.0929145367e-03,2.3828531947e-01,1.5736489646e+00
5.2762702469e+00,1.6949055638e+00,6.8070532264e-01,2.4624297816e-01,8.0526136796e-03,2.3819036448e-01,1.5754039055e+00
5.2823770411e+00,1.6959409238e+00,6.8133466379e-01,2.4610772914e-01,8.0125083246e-03,2.3809522081e-01,1.5771597824e+00
5.2884838354e+00,1.6969769164e+00,6.8196303513e-01,2.4597248732e-01,7.9725975736e-03,2.3799988975e-01,1.5789165990e+00
5.2945906297e+00,1.6980135417e+00,6.8259043709e-01,2.4583725313e-01,7.9328805323e-03,2.3790437259e-01,1.5806743587e+00
5.3006974239e+00,1.6990508004e+00,6.8321687008e-01,2.4570202694e-01,7.8933563098e-03,2.3780867063e-01,1.5824330650e+00
5.3068042182e+00,1.7000886926e+00,6.8384233456e-01,2.4556680916e-01,7.8540240191e-03,2.3771278515e-01,1.5841927214e+00
5.3129110125e+00,1.7011272189e+00,6.8446683095e-01,2.4543160019e-01,7.8148827767e-03,2.3761671741e-01,1.5859533314e+00
5.3190178067e+00,1.7021663795e+00,6.8509035970e-01,2.4529640040e-01,7.7759317027e-03,2.3752046870e-01,1.5877148985e+00
5.3251246010e+00,1.7032061750e+00,6.8571292126e-01,2.4516121019e-01,7.7371699209e-03,2.3742404027e-01,1.5894774262e+00
5.3312313953e+00,1.7042466056e+00,6.8633451608e-01,2.4502602994e-01,7.6985965585e-03,2.3732743339e-01,1.5912409180e+00
5.3373381895e+00,1.7052876718e+00,6.8695514461e-01,2.4489086004e-01,7.6602107464e-03,2.3723064930e-01,1.5930053773e+00
5.3434449838e+00,1.7063293739e+00,6.8757480733e-01,2.4475570086e-01,7.6220116191e-03,2.3713368924e-01,1.5947708077e+00
5.3495517781e+00,1.7073717124e+00,6.8819350470e-01,2.4462055279e-01,7.5839983146e-03,2.3703655447e-01,1.5965372127e+00
5.3556585723e+00,1.7084146876e+00,6.8881123718e-01,2.4448541618e-01,7.5461699745e-03,2.3693924621e-01,1.5983045957e+00
5.3617653666e+00,1.7094582999e+00,6.8942800526e-01,2.4435029143e-01,7.5085257439e-03,2.3684176569e-01,1.6000729603e+00
5.3678721609e+00,1.7105025498e+00,6.9004380941e-01,2.4421517890e-01,7.4710647714e-03,2.3674411413e-01,1.6018423099e+00
5.3739789551e+00,1.7115474375e+00,6.9065865011e-01,2.4408007896e-01,7.4337862091e-03,2.3664629275e-01,1.6036126481e+00
5.3800857494e+00,1.7125929635e+00,6.9127252786e-01,2.4394499197e-01,7.3966892128e-03,2.3654830275e-01,1.6053839784e+00
5.3861925437e+00,1.7136391282e+00,6.9188544314e-01,2.4380991829e-01,7.3597729416e-03,2.3645014535e-01,1.6071563042e+00
5.3922993379e+00,1.7146859320e+00,6.9249739646e-01,2.4367485829e-01,7.3230365581e-03,2.3635182173e-01,1.6089296291e+00
5.3984061322e+00,1.7157333752e+00,6.9310838831e-01,2.4353981233e-01,7.2864792284e-03,2.3625333310e-01,1.6107039565e+00
5.4045129265e+00,1.7167814582e+00,6.9371841920e-01,2.4340478076e-01,7.2501001221e-03,2.3615468063e-01,1.6124792900e+00
5.4106197207e+00,1.7178301815e+00,6.9432748963e-01,2.4326976393e-01,7.2138984122e-03,2.3605586552e-01,1.6142556331e+00
5.4167265150e+00,1.7188795455e+00,6.9493560013e-01,2.4313476220e-01,7.1778732752e-03,2.3595688893e-01,1.6160329892e+00
5.4228333093e+00,1.7199295504e+00,6.9554275121e-01,2.4299977592e-01,7.1420238911e-03,2.3585775203e-01,1.6178113619e+00
5.4289401035e+00,1.7209801968e+00,6.9614894340e-01,2.4286480543e-01,7.1063494431e-03,2.3575845598e-01,1.6195907546e+00
5.4350468978e+00,1.7220314849e+00,6.9675417721e-01,2.4272985107e-01,7.0708491180e-03,2.3565900196e-01,1.6213711709e+00
5.4411536921e+00,1.7230834153e+00,6.9735845317e-01,2.4259491320e-01,7.0355221059e-03,2.3555939110e-01,1.6231526144e+00
5.4472604863e+00,1.7241359883e+00,6.9796177184e-01,2.4245999215e-01,7.0003676004e-03,2.3545962455e-01,1.6249350884e+00
5.4533672806e+00,1.7251892042e+00,6.9856413373e-01,2.4232508826e-01,6.9653847983e-03,2.3535970346e-01,1.6267185965e+00
5.4594740749e+00,1.7262430635e+00,6.9916553940e-01,2.4219020187e-01,6.9305729000e-03,2.3525962897e-01,1.6285031422e+00
5.4655808691e+00,1.7272975666e+00,6.9976598939e-01,2.4205533330e-01,6.8959311091e-03,2.3515940219e-01,1.6302887290e+00
5.4716876634e+00,1.7283527138e+00,7.0036548424e-01,2.4192048290e-01,6.8614586326e-03,2.3505902426e-01,1.6320753605e+00
5.4777944577e+00,1.7294085056e+00,7.0096402453e-01,2.4178565098e-01,6.8271546809e-03,2.3495849630e-01,1.6338630400e+00
5.4839012519e+00,1.7304649423e+00,7.0156161079e-01,2.4165083788e-01,6.7930184674e-03,2.3485781942e-01,1.6356517712e+00
5.4900080462e+00,1.7315220244e+00,7.0215824361e-01,2.4151604393e-01,6.7590492094e-03,2.3475699472e-01,1.6374415576e+00
5.4961148405e+00,1.7325797522e+00,7.0275392353e-01,2.4138126944e-01,6.7252461269e-03,2.3465602331e-01,1.6392324027e+00
5.5022216347e+00,1.7336381262e+00,7.0334865114e-01,2.4124651474e-01,6.6916084437e-03,2.3455490630e-01,1.6410243099e+00
5.5083284290e+00,1.7346971466e+00,7.0394242701e-01,2.4111178015e-01,6.6581353864e-03,2.3445364476e-01,1.6428172828e+00
5.5144352233e+00,1.7357568140e+00,7.0453525171e-01,2.4097706598e-01,6.6248261854e-03,2.3435223979e-01,1.6446113249e+00
5.5205420175e+00,1.7368171287e+00,7.0512712583e-01,2.4084237255e-01,6.5916800739e-03,2.3425069247e-01,1.6464064398e+00
5.5266488118e+00,1.7378780911e+00,7.0571804995e-01,2.4070770016e-01,6.5586962886e-03,2.3414900388e-01,1.6482026309e+00
5.5327556061e+00,1.7389397016e+00,7.0630802466e-01,2.4057304915e-01,6.5258740695e-03,2.3404717508e-01,1.6499999017e+00
5.5388624003e+00,1.7400019606e+00,7.0689705055e-01,2.4043841980e-01,6.4932126595e-03,2.3394520714e-01,1.6517982558e+00
5.5449691946e+00,1.7410648686e+00,7.0748512823e-01,2.4030381243e-01,6.4607113051e-03,2.3384310112e-01,1.6535976968e+00
5.5510759889e+00,1.7421284258e+00,7.0807225829e-01,2.4016922734e-01,6.4283692559e-03,2.3374085808e-01,1.6553982280e+00
5.5571827831e+00,1.7431926327e+00,7.0865844133e-01,2.4003466483e-01,6.3961857645e-03,2.3363847907e-01,1.6571998531e+00
5.5632895774e+00,1.7442574897e+00,7.0924367797e-01,2.3990012522e-01,6.3641600868e-03,2.3353596513e-01,1.6590025755e+00
5.5693963717e+00,1.7453229971e+00,7.0982796882e-01,2.3976560878e-01,6.3322914821e-03,2.3343331730e-01,1.6608063988e+00
5.5755031659e+00,1.7463891555e+00,7.1041131449e-01,2.3963111583e-01,6.3005792127e-03,2.3333053662e-01,1.6626113266e+00
5.5816099602e+00,1.7474559651e+00,7.1099371560e-01,2.3949664666e-01,6.2690225438e-03,2.3322762412e-01,1.6644173622e+00
5.5877167545e+00,1.7485234264e+00,7.1157517277e-01,2.3936220155e-01,6.2376207442e-03,2.3312458081e-01,1.6662245093e+00
5.5938235487e+00,1.7495915398e+00,7.1215568663e-01,2.3922778081e-01,6.2063730855e-03,2.3302140773e-01,1.6680327714e+00
5.5999303430e+00,1.7506603057e+00,7.1273525781e-01,2.3909338472e-01,6.1752788427e-03,2.3291810588e-01,1.6698421521e+00
5.6060371373e+00,1.7517297244e+00,7.1331388695e-01,2.3895901356e-01,6.1443372936e-03,2.3281467627e-01,1.6716526547e+00
5.6121439316e+00,1.7527997964e+00,7.1389157467e-01,2.3882466763e-01,6.1135477194e-03,2.3271111991e-01,1.6734642830e+00
5.6182507258e+00,1.7538705221e+00,7.1446832162e-01,2.3869034721e-01,6.0829094042e-03,2.3260743780e-01,1.6752770403e+00
5.6243575201e+00,1.7549419018e+00,7.1504412845e-01,2.3855605257e-01,6.0524216353e-03,2.3250363093e-01,1.6770909303e+00
5.6304643144e+00,1.7560139361e+00,7.1561899579e-01,2.3842178400e-01,6.0220837029e-03,2.3239970030e-01,1.6789059564e+00
5.6365711086e+00,1.7570866251e+00,7.1619292431e-01,2.3828754178e-01,5.9918949005e-03,2.3229564688e-01,1.6807221222e+00
5.6426779029e+00,1.7581599695e+00,7.1676591465e-01,2.3815332618e-01,5.9618545245e-03,2.3219147165e-01,1.6825394313e+00
5.6487846972e+00,1.7592339695e+00,7.1733796748e-01,2.3801913748e-01,5.9319618744e-03,2.3208717560e-01,1.6843578872e+00
5.6548914914e+00,1.7603086256e+00,7.1790908345e-01,2.3788497595e-01,5.9022162526e-03,2.3198275969e-01,1.6861774933e+00
5.6609982857e+00,1.7613839382e+00,7.1847926322e-01,2.3775084185e-01,5.8726169647e-03,2.3187822489e-01,1.6879982533e+00
5.6671050800e+00,1.7624599076e+00,7.1904850748e-01,2.3761673547e-01,5.8431633193e-03,2.3177357215e-01,1.6898201708e+00
5.6732118742e+00,1.7635365343e+00,7.1961681688e-01,2.3748265707e-01,5.8138546279e-03,2.3166880244e-01,1.6916432491e+00
5.6793186685e+00,1.7646138187e+00,7.2018419210e-01,2.3734860691e-01,5.7846902050e-03,2.3156391670e-01,1.6934674919e+00
5.6854254628e+00,1.7656917612e+00,7.2075063382e-01,2.3721458526e-01,5.7556693680e-03,2.3145891589e-01,1.6952929027e+00
5.6915322570e+00,1.7667703621e+00,7.2131614272e-01,2.3708059237e-01,5.7267914376e-03,2.3135380093e-01,1.6971194851e+00
5.6976390513e+00,1.7678496219e+00,7.2188071948e-01,2.3694662851e-01,5.6980557370e-03,2.3124857278e-01,1.6989472426e+00
5.7037458456e+00,1.7689295410e+00,7.2244436480e-01,2.3681269395e-01,5.6694615928e-03,2.3114323235e-01,1.7007761788e+00
5.7098526398e+00,1.7700101198e+00,7.2300707935e-01,2.3667878892e-01,5.6410083341e-03,2.3103778059e-01,1.7026062971e+00
5.7159594341e+00,1.7710913587e+00,7.2356886384e-01,2.3654491370e-01,5.6126952932e-03,2.3093221841e-01,1.7044376013e+00
5.7220662284e+00,1.7721732581e+00,7.2412971897e-01,2.3641106853e-01,5.5845218053e-03,2.3082654673e-01,1.7062700947e+00
5.7281730226e+00,1.7732558183e+00,7.2468964542e-01,2.3627725367e-01,5.5564872085e-03,2.3072076646e-01,1.7081037810e+00
5.7342798169e+00,1.7743390399e+00,7.2524864391e-01,2.3614346936e-01,5.5285908436e-03,2.3061487852e-01,1.7099386636e+00
5.7403866112e+00,1.7754229232e+00,7.2580671514e-01,2.3600971586e-01,5.5008320546e-03,2.3050888380e-01,1.7117747463e+00
5.7464934054e+00,1.7765074685e+00,7.2636385982e-01,2.3587599340e-01,5.4732101881e-03,2.3040278321e-01,1.7136120324e+00
5.7526001997e+00,1.7775926764e+00,7.2692007867e-01,2.3574230225e-01,5.4457245938e-03,2.3029657765e-01,1.7154505257e+00
5.7587069940e+00,1.7786785472e+00,7.2747537239e-01,2.3560864263e-01,5.4183746240e-03,2.3019026801e-01,1.7172902296e+00
5.7648137882e+00,1.7797650813e+00,7.2802974171e-01,2.3547501480e-01,5.3911596340e-03,2.3008385516e-01,1.7191311476e+00
5.7709205825e+00,1.7808522792e+00,7.2858318735e-01,2.3534141899e-01,5.3640789819e-03,2.2997734001e-01,1.7209732835e+00
5.7770273768e+00,1.7819401412e+00,7.2913571004e-01,2.3520785544e-01,5.3371320288e-03,2.2987072341e-01,1.7228166406e+00
5.7831341710e+00,1.7830286677e+00,7.2968731049e-01,2.3507432439e-01,5.3103181382e-03,2.2976400625e-01,1.7246612227e+00
5.7892409653e+00,1.7841178592e+00,7.3023798945e-01,2.3494082607e-01,5.2836366768e-03,2.2965718940e-01,1.7265070332e+00
5.7953477596e+00,1.7852077160e+00,7.3078774764e-01,2.3480736073e-01,5.2570870139e-03,2.2955027371e-01,1.7283540757e+00
5.8014545538e+00,1.7862982385e+00,7.3133658580e-01,2.3467392858e-01,5.2306685216e-03,2.2944326006e-01,1.7302023538e+00
5.8075613481e+00,1.7873894273e+00,7.3188450467e-01,2.3454052987e-01,5.2043805748e-03,2.2933614930e-01,1.7320518710e+00
5.8136681424e+00,1.7884812826e+00,7.3243150499e-01,2.3440716482e-01,5.1782225512e-03,2.2922894227e-01,1.7339026310e+00
5.8197749366e+00,1.7895738049e+00,7.3297758751e-01,2.3427383366e-01,5.1521938312e-03,2.2912163983e-01,1.7357546372e+00
5.8258817309e+00,1.7906669945e+00,7.3352275298e-01,2.3414053661e-01,5.1262937978e-03,2.2901424282e-01,1.7376078934e+00
5.8319885252e+00,1.7917608520e+00,7.3406700215e-01,2.3400727391e-01,5.1005218371e-03,2.2890675207e-01,1.7394624030e+00
5.8380953194e+00,1.7928553776e+00,7.3461033576e-01,2.3387404577e-01,5.0748773376e-03,2.2879916843e-01,1.7413181696e+00
5.8442021137e+00,1.7939505719e+00,7.3515275458e-01,2.3374085242e-01,5.0493596905e-03,2.2869149273e-01,1.7431751968e+00
5.8503089080e+00,1.7950464352e+00,7.3569425937e-01,2.3360769407e-01,5.0239682900e-03,2.2858372578e-01,1.7450334882e+00
5.8564157022e+00,1.7961429679e+00,7.3623485088e-01,2.3347457096e-01,4.9987025327e-03,2.2847586842e-01,1.7468930474e+00
5.8625224965e+00,1.7972401705e+00,7.3677452988e-01,2.3334148328e-01,4.9735618180e-03,2.2836792146e-01,1.7487538779e+00
5.8686292908e+00,1.7983380432e+00,7.3731329715e-01,2.3320843126e-01,4.9485455480e-03,2.2825988572e-01,1.7506159834e+00
5.8747360850e+00,1.7994365867e+00,7.3785115344e-01,2.3307541512e-01,4.9236531274e-03,2.2815176199e-01,1.7524793674e+00
5.8808428793e+00,1.8005358012e+00,7.3838809954e-01,2.3294243507e-01,4.8988839635e-03,2.2804355110e-01,1.7543440335e+00
5.8869496736e+00,1.8016356872e+00,7.3892413621e-01,2.3280949131e-01,4.8742374663e-03,2.2793525385e-01,1.7562099853e+00
5.8930564678e+00,1.8027362450e+00,7.3945926424e-01,2.3267658406e-01,4.8497130486e-03,2.2782687102e-01,1.7580772263e+00
5.8991632621e+00,1.8038374752e+00,7.3999348440e-01,2.3254371354e-01,4.8253101255e-03,2.2771840341e-01,1.7599457603e+00
5.9052700564e+00,1.8049393780e+00,7.4052679749e-01,2.3241087993e-01,4.8010281149e-03,2.2760985182e-01,1.7618155907e+00
5.9113768506e+00,1.8060419540e+00,7.4105920428e-01,2.3227808346e-01,4.7768664373e-03,2.2750121703e-01,1.7636867212e+00
5.9174836449e+00,1.8071452035e+00,7.4159070556e-01,2.3214532433e-01,4.7528245158e-03,2.2739249981e-01,1.7655591554e+00
5.9235904392e+00,1.8082491269e+00,7.4212130213e-01,2.3201260273e-01,4.7289017760e-03,2.2728370096e-01,1.7674328969e+00
5.9296972334e+00,1.8093537247e+00,7.4265099478e-01,2.3187991888e-01,4.7050976462e-03,2.2717482124e-01,1.7693079492e+00
5.9358040277e+00,1.8104589973e+00,7.4317978431e-01,2.3174727297e-01,4.6814115570e-03,2.2706586141e-01,1.7711843160e+00
5.9419108220e+00,1.8115649450e+00,7.4370767150e-01,2.3161466520e-01,4.6578429420e-03,2.2695682226e-01,1.7730620009e+00
5.9480176162e+00,1.8126715683e+00,7.4423465718e-01,2.3148209577e-01,4.6343912368e-03,2.2684770453e-01,1.7749410075e+00
5.9541244105e+00,1.8137788676e+00,7.4476074213e-01,2.3134956488e-01,4.6110558800e-03,2.2673850900e-01,1.7768213394e+00
5.9602312048e+00,1.8148868433e+00,7.4528592717e-01,2.3121707271e-01,4.5878363124e-03,2.2662923640e-01,1.7787030001e+00
5.9663379990e+00,1.8159954958e+00,7.4581021310e-01,2.3108461948e-01,4.5647319775e-03,2.2651988750e-01,1.7805859934e+00
5.9724447933e+00,1.8171048256e+00,7.4633360074e-01,2.3095220536e-01,4.5417423213e-03,2.2641046303e-01,1.7824703228e+00
5.9785515876e+00,1.8182148330e+00,7.4685609089e-01,2.3081983054e-01,4.5188667923e-03,2.2630096375e-01,1.7843559920e+00
5.9846583818e+00,1.8193255185e+00,7.4737768438e-01,2.3068749523e-01,4.4961048412e-03,2.2619139039e-01,1.7862430045e+00
5.9907651761e+00,1.8204368825e+00,7.4789838202e-01,2.3055519960e-01,4.4734559216e-03,2.2608174368e-01,1.7881313640e+00
5.9968719704e+00,1.8215489254e+00,7.4841818464e-01,2.3042294385e-01,4.4509194893e-03,2.2597202436e-01,1.7900210741e+00
6.0029787647e+00,1.8226616475e+00,7.4893709305e-01,2.3029072816e-01,4.4284950026e-03,2.2586223316e-01,1.7919121385e+00
6.0090855589e+00,1.8237750494e+00,7.4945510808e-01,2.3015855271e-01,4.4061819223e-03,2.2575237079e-01,1.7938045606e+00
6.0151923532e+00,1.8248891315e+00,7.4997223056e-01,2.3002641770e-01,4.3839797117e-03,2.2564243799e-01,1.7956983443e+00
6.0212991475e+00,1.8260038941e+00,7.5048846132e-01,2.2989432329e-01,4.3618878363e-03,2.2553243546e-01,1.7975934931e+00
6.0274059417e+00,1.8271193376e+00,7.5100380119e-01,2.2976226968e-01,4.3399057641e-03,2.2542236392e-01,1.7994900105e+00
6.0335127360e+00,1.8282354626e+00,7.5151825100e-01,2.2963025704e-01,4.3180329658e-03,2.2531222407e-01,1.8013879004e+00
6.0396195303e+00,1.8293522694e+00,7.5203181160e-01,2.2949828555e-01,4.2962689140e-03,2.2520201663e-01,1.8032871662e+00
6.0457263245e+00,1.8304697583e+00,7.5254448382e-01,2.2936635539e-01,4.2746130841e-03,2.2509174230e-01,1.8051878117e+00
6.0518331188e+00,1.8315879299e+00,7.5305626850e-01,2.2923446673e-01,4.2530649537e-03,2.2498140177e-01,1.8070898405e+00
6.0579399131e+00,1.8327067846e+00,7.5356716649e-01,2.2910261975e-01,4.2316240028e-03,2.2487099575e-01,1.8089932562e+00
6.0640467073e+00,1.8338263227e+00,7.5407717863e-01,2.2897081462e-01,4.2102897138e-03,2.2476052491e-01,1.8108980624e+00
6.0701535016e+00,1.8349465448e+00,7.5458630577e-01,2.2883905152e-01,4.1890615713e-03,2.2464998995e-01,1.8128042628e+00
6.0762602959e+00,1.8360674511e+00,7.5509454875e-01,2.2870733062e-01,4.1679390624e-03,2.2453939155e-01,1.8147118611e+00
6.0823670901e+00,1.8371890421e+00,7.5560190844e-01,2.2857565208e-01,4.1469216766e-03,2.2442873040e-01,1.8166208608e+00
6.0884738844e+00,1.8383113183e+00,7.5610838568e-01,2.2844401608e-01,4.1260089055e-03,2.2431800717e-01,1.8185312657e+00
6.0945806787e+00,1.8394342801e+00,7.5661398134e-01,2.2831242278e-01,4.1052002431e-03,2.2420722253e-01,1.8204430794e+00
6.1006874729e+00,1.8405579278e+00,7.5711869626e-01,2.2818087235e-01,4.0844951858e-03,2.2409637716e-01,1.8223563055e+00
6.1067942672e+00,1.8416822619e+00,7.5762253131e-01,2.2804936495e-01,4.0638932322e-03,2.2398547172e-01,1.8242709478e+00
6.1129010615e+00,1.8428072829e+00,7.5812548736e-01,2.2791790076e-01,4.0433938833e-03,2.2387450688e-01,1.8261870098e+00
6.1190078557e+00,1.8439329911e+00,7.5862756526e-01,2.2778647993e-01,4.0229966422e-03,2.2376348329e-01,1.8281044952e+00
6.1251146500e+00,1.8450593869e+00,7.5912876589e-01,2.2765510262e-01,4.0027010144e-03,2.2365240161e-01,1.8300234077e+00
6.1312214443e+00,1.8461864708e+00,7.5962909011e-01,2.2752376900e-01,3.9825065076e-03,2.2354126250e-01,1.8319437509e+00
6.1373282385e+00,1.8473142432e+00,7.6012853879e-01,2.2739247923e-01,3.9624126318e-03,2.2343006660e-01,1.8338655286e+00
6.1434350328e+00,1.8484427046e+00,7.6062711281e-01,2.2726123346e-01,3.9424188993e-03,2.2331881456e-01,1.8357887443e+00
6.1495418271e+00,1.8495718552e+00,7.6112481303e-01,2.2713003185e-01,3.9225248244e-03,2.2320750703e-01,1.8377134018e+00
6.1556486213e+00,1.8507016957e+00,7.6162164034e-01,2.2699887456e-01,3.9027299238e-03,2.2309614464e-01,1.8396395047e+00
6.1617554156e+00,1.8518322263e+00,7.6211759562e-01,2.2686776174e-01,3.8830337165e-03,2.2298472803e-01,1.8415670567e+00
6.1678622099e+00,1.8529634475e+00,7.6261267974e-01,2.2673669355e-01,3.8634357235e-03,2.2287325783e-01,1.8434960615e+00
6.1739690041e+00,1.8540953597e+00,7.6310689359e-01,2.2660567015e-01,3.8439354681e-03,2.2276173468e-01,1.8454265228e+00
6.1800757984e+00,1.8552279634e+00,7.6360023805e-01,2.2647469167e-01,3.8245324758e-03,2.2265015920e-01,1.8473584441e+00
6.1861825927e+00,1.8563612590e+00,7.6409271400e-01,2.2634375828e-01,3.8052262743e-03,2.2253853201e-01,1.8492918293e+00
6.1922893869e+00,1.8574952468e+00,7.6458432234e-01,2.2621287013e-01,3.7860163934e-03,2.2242685373e-01,1.8512266821e+00
6.1983961812e+00,1.8586299274e+00,7.6507506396e-01,2.2608202735e-01,3.7669023651e-03,2.2231512499e-01,1.8531630060e+00
6.2045029755e+00,1.8597653011e+00,7.6556493974e-01,2.2595123011e-01,3.7478837235e-03,2.2220334639e-01,1.8551008048e+00
6.2106097697e+00,1.8609013683e+00,7.6605395058e-01,2.2582047855e-01,3.7289600050e-03,2.2209151854e-01,1.8570400821e+00
6.2167165640e+00,1.8620381296e+00,7.6654209737e-01,2.2568977281e-01,3.7101307479e-03,2.2197964206e-01,1.8589808418e+00
6.2228233583e+00,1.8631755852e+00,7.6702938102e-01,2.2555911304e-01,3.6913954928e-03,2.2186771755e-01,1.8609230874e+00
6.2289301525e+00,1.8643137357e+00,7.6751580241e-01,2.2542849938e-01,3.6727537824e-03,2.2175574560e-01,1.8628668227e+00
6.2350369468e+00,1.8654525815e+00,7.6800136246e-01,2.2529793197e-01,3.6542051615e-03,2.2164372681e-01,1.8648120514e+00
6.2411437411e+00,1.8665921229e+00,7.6848606205e-01,2.2516741097e-01,3.6357491769e-03,2.2153166179e-01,1.8667587772e+00
6.2472505353e+00,1.8677323604e+00,7.6896990211e-01,2.2503693649e-01,3.6173853776e-03,2.2141955112e-01,1.8687070037e+00
6.2533573296e+00,1.8688732945e+00,7.6945288352e-01,2.2490650870e-01,3.5991133147e-03,2.2130739539e-01,1.8706567347e+00
6.2594641239e+00,1.8700149255e+00,7.6993500721e-01,2.2477612772e-01,3.5809325412e-03,2.2119519518e-01,1.8726079740e+00
6.2655709181e+00,1.8711572539e+00,7.7041627407e-01,2.2464579370e-01,3.5628426125e-03,2.2108295108e-01,1.8745607252e+00
6.2716777124e+00,1.8723002801e+00,7.7089668502e-01,2.2451550676e-01,3.5448430858e-03,2.2097066368e-01,1.8765149920e+00
6.2777845067e+00,1.8734440046e+00,7.7137624098e-01,2.2438526705e-01,3.5269335202e-03,2.2085833353e-01,1.8784707781e+00
6.2838913009e+00,1.8745884277e+00,7.7185494284e-01,2.2425507470e-01,3.5091134773e-03,2.2074596123e-01,1.8804280874e+00
6.2899980952e+00,1.8757335499e+00,7.7233279154e-01,2.2412492985e-01,3.4913825204e-03,2.2063354733e-01,1.8823869234e+00
6.2961048895e+00,1.8768793716e+00,7.7280978799e-01,2.2399483262e-01,3.4737402149e-03,2.2052109241e-01,1.8843472900e+00
6.3022116837e+00,1.8780258933e+00,7.7328593310e-01,2.2386478315e-01,3.4561861282e-03,2.2040859702e-01,1.8863091909e+00
6.3083184780e+00,1.8791731153e+00,7.7376122780e-01,2.2373478157e-01,3.4387198297e-03,2.2029606174e-01,1.8882726297e+00
6.3144252723e+00,1.8803210381e+00,7.7423567301e-01,2.2360482801e-01,3.4213408908e-03,2.2018348712e-01,1.8902376102e+00
6.3205320665e+00,1.8814696622e+00,7.7470926965e-01,2.2347492260e-01,3.4040488851e-03,2.2007087372e-01,1.8922041363e+00
6.3266388608e+00,1.8826189879e+00,7.7518201865e-01,2.2334506547e-01,3.3868433878e-03,2.1995822208e-01,1.8941722115e+00
6.3327456551e+00,1.8837690157e+00,7.7565392093e-01,2.2321525674e-01,3.3697239763e-03,2.1984553276e-01,1.8961418396e+00
6.3388524493e+00,1.8849197460e+00,7.7612497742e-01,2.2308549654e-01,3.3526902300e-03,2.1973280631e-01,1.8981130245e+00
6.3449592436e+00,1.8860711793e+00,7.7659518905e-01,2.2295578499e-01,3.3357417302e-03,2.1962004326e-01,1.9000857697e+00
6.3510660379e+00,1.8872233159e+00,7.7706455676e-01,2.2282612223e-01,3.3188780600e-03,2.1950724417e-01,1.9020600792e+00
6.3571728321e+00,1.8883761563e+00,7.7753308147e-01,2.2269650837e-01,3.3020988048e-03,2.1939440957e-01,1.9040359566e+00
6.3632796264e+00,1.8895297010e+00,7.7800076412e-01,2.2256694354e-01,3.2854035516e-03,2.1928153998e-01,1.9060134056e+00
6.3693864207e+00,1.8906839503e+00,7.7846760565e-01,2.2243742785e-01,3.2687918895e-03,2.1916863596e-01,1.9079924301e+00
6.3754932150e+00,1.8918389047e+00,7.7893360698e-01,2.2230796143e-01,3.2522634094e-03,2.1905569802e-01,1.9099730339e+00
6.3816000092e+00,1.8929945646e+00,7.7939876907e-01,2.2217854440e-01,3.2358177041e-03,2.1894272670e-01,1.9119552205e+00
6.3877068035e+00,1.8941509305e+00,7.7986309284e-01,2.2204917688e-01,3.2194543686e-03,2.1882972251e-01,1.9139389940e+00
6.3938135978e+00,1.8953080028e+00,7.8032657925e-01,2.2191985899e-01,3.2031729993e-03,2.1871668599e-01,1.9159243579e+00
6.3999203920e+00,1.8964657819e+00,7.8078922922e-01,2.2179059083e-01,3.1869731949e-03,2.1860361764e-01,1.9179113161e+00
6.4060271863e+00,1.8976242682e+00,7.8125104371e-01,2.2166137254e-01,3.1708545558e-03,2.1849051799e-01,1.9198998723e+00
6.4121339806e+00,1.8987834622e+00,7.8171202367e-01,2.2153220422e-01,3.1548166843e-03,2.1837738754e-01,1.9218900303e+00
6.4182407748e+00,1.8999433643e+00,7.8217217003e-01,2.2140308600e-01,3.1388591845e-03,2.1826422681e-01,1.9238817940e+00
6.4243475691e+00,1.9011039750e+00,7.8263148375e-01,2.2127401797e-01,3.1229816625e-03,2.1815103631e-01,1.9258751670e+00
6.4304543634e+00,1.9022652946e+00,7.8308996577e-01,2.2114500026e-01,3.1071837261e-03,2.1803781654e-01,1.9278701532e+00
6.4365611576e+00,1.9034273237e+00,7.8354761705e-01,2.2101603299e-01,3.0914649850e-03,2.1792456800e-01,1.9298667563e+00
6.4426679519e+00,1.9045900626e+00,7.8400443853e-01,2.2088711625e-01,3.0758250506e-03,2.1781129120e-01,1.9318649802e+00
6.4487747462e+00,1.9057535118e+00,7.8446043118e-01,2.2075825016e-01,3.0602635364e-03,2.1769798662e-01,1.9338648286e+00
6.4548815404e+00,1.9069176717e+00,7.8491559594e-01,2.2062943483e-01,3.0447800576e-03,2.1758465478e-01,1.9358663053e+00
6.4609883347e+00,1.9080825427e+00,7.8536993377e-01,2.2050067038e-01,3.0293742310e-03,2.1747129615e-01,1.9378694142e+00
6.4670951290e+00,1.9092481253e+00,7.8582344562e-01,2.2037195690e-01,3.0140456754e-03,2.1735791122e-01,1.9398741590e+00
6.4732019232e+00,1.9104144200e+00,7.8627613246e-01,2.2024329450e-01,2.9987940114e-03,2.1724450049e-01,1.9418805435e+00
6.4793087175e+00,1.9115814270e+00,7.8672799524e-01,2.2011468330e-01,2.9836188613e-03,2.1713106444e-01,1.9438885716e+00
6.4854155118e+00,1.9127491470e+00,7.8717903493e-01,2.1998612339e-01,2.9685198492e-03,2.1701760354e-01,1.9458982470e+00
6.4915223060e+00,1.9139175803e+00,7.8762925248e-01,2.1985761488e-01,2.9534966010e-03,2.1690411828e-01,1.9479095735e+00
6.4976291003e+00,1.9150867273e+00,7.8807864886e-01,2.1972915788e-01,2.9385487444e-03,2.1679060914e-01,1.9499225550e+00
6.5037358946e+00,1.9162565886e+00,7.8852722504e-01,2.1960075249e-01,2.9236759087e-03,2.1667707658e-01,1.9519371954e+00
6.5098426888e+00,1.9174271644e+00,7.8897498196e-01,2.1947239881e-01,2.9088777250e-03,2.1656352109e-01,1.9539534983e+00
6.5159494831e+00,1.9185984554e+00,7.8942192062e-01,2.1934409695e-01,2.8941538263e-03,2.1644994312e-01,1.9559714677e+00
6.5220562774e+00,1.9197704618e+00,7.8986804196e-01,2.1921584699e-01,2.8795038472e-03,2.1633634315e-01,1.9579911073e+00
6.5281630716e+00,1.9209431841e+00,7.9031334696e-01,2.1908764905e-01,2.8649274239e-03,2.1622272163e-01,1.9600124211e+00
6.5342698659e+00,1.9221166229e+00,7.9075783659e-01,2.1895950323e-01,2.8504241945e-03,2.1610907904e-01,1.9620354128e+00
6.5403766602e+00,1.9232907784e+00,7.9120151181e-01,2.1883140962e-01,2.8359937988e-03,2.1599541582e-01,1.9640600862e+00
6.5464834544e+00,1.9244656513e+00,7.9164437361e-01,2.1870336831e-01,2.8216358782e-03,2.1588173244e-01,1.9660864452e+00
6.5525902487e+00,1.9256412418e+00,7.9208642295e-01,2.1857537942e-01,2.8073500759e-03,2.1576802934e-01,1.9681144937e+00
6.5586970430e+00,1.9268175504e+00,7.9252766081e-01,2.1844744303e-01,2.7931360367e-03,2.1565430699e-01,1.9701442355e+00
6.5648038372e+00,1.9279945776e+00,7.9296808816e-01,2.1831955923e-01,2.7789934071e-03,2.1554056583e-01,1.9721756744e+00
6.5709106315e+00,1.9291723238e+00,7.9340770598e-01,2.1819172813e-01,2.7649218353e-03,2.1542680630e-01,1.9742088143e+00
6.5770174258e+00,1.9303507894e+00,7.9384651523e-01,2.1806394982e-01,2.7509209711e-03,2.1531302885e-01,1.9762436591e+00
6.5831242200e+00,1.9315299749e+00,7.9428451692e-01,2.1793622439e-01,2.7369904661e-03,2.1519923393e-01,1.9782802126e+00
6.5892310143e+00,1.9327098808e+00,7.9472171200e-01,2.1780855194e-01,2.7231299734e-03,2.1508542197e-01,1.9803184786e+00
6.5953378086e+00,1.9338905074e+00,7.9515810146e-01,2.1768093255e-01,2.7093391477e-03,2.1497159340e-01,1.9823584611e+00
6.6014446028e+00,1.9350718552e+00,7.9559368628e-01,2.1755336632e-01,2.6956176456e-03,2.1485774867e-01,1.9844001638e+00
6.6075513971e+00,1.9362539247e+00,7.9602846745e-01,2.1742585334e-01,2.6819651251e-03,2.1474388821e-01,1.9864435908e+00
6.6136581914e+00,1.9374367163e+00,7.9646244594e-01,2.1729839369e-01,2.6683812458e-03,2.1463001245e-01,1.9884887457e+00
6.6197649856e+00,1.9386202303e+00,7.9689562274e-01,2.1717098748e-01,2.6548656691e-03,2.1451612181e-01,1.9905356326e+00
6.6258717799e+00,1.9398044674e+00,7.9732799883e-01,2.1704363477e-01,2.6414180579e-03,2.1440221672e-01,1.9925842553e+00
6.6319785742e+00,1.9409894278e+00,7.9775957521e-01,2.1691633567e-01,2.6280380766e-03,2.1428829760e-01,1.9946346176e+00
6.6380853684e+00,1.9421751122e+00,7.9819035284e-01,2.1678909027e-01,2.6147253914e-03,2.1417436487e-01,1.9966867236e+00
6.6441921627e+00,1.9433615208e+00,7.9862033273e-01,2.1666189863e-01,2.6014796699e-03,2.1406041896e-01,1.9987405769e+00
6.6502989570e+00,1.9445486541e+00,7.9904951586e-01,2.1653476086e-01,2.5883005814e-03,2.1394646028e-01,2.0007961817e+00
6.6564057512e+00,1.9457365126e+00,7.9947790322e-01,2.1640767704e-01,2.5751877968e-03,2.1383248925e-01,2.0028535416e+00
6.6625125455e+00,1.9469250968e+00,7.9990549579e-01,2.1628064725e-01,2.5621409884e-03,2.1371850626e-01,2.0049126607e+00
6.6686193398e+00,1.9481144070e+00,8.0033229458e-01,2.1615367158e-01,2.5491598302e-03,2.1360451175e-01,2.0069735429e+00
6.6747261340e+00,1.9493044437e+00,8.0075830056e-01,2.1602675010e-01,2.5362439977e-03,2.1349050610e-01,2.0090361920e+00
6.6808329283e+00,1.9504952074e+00,8.0118351474e-01,2.1589988290e-01,2.5233931679e-03,2.1337648973e-01,2.0111006120e+00
6.6869397226e+00,1.9516866984e+00,8.0160793810e-01,2.1577307007e-01,2.5106070196e-03,2.1326246305e-01,2.0131668067e+00
6.6930465168e+00,1.9528789173e+00,8.0203157165e-01,2.1564631168e-01,2.4978852326e-03,2.1314842644e-01,2.0152347801e+00
6.6991533111e+00,1.9540718645e+00,8.0245441636e-01,2.1551960781e-01,2.4852274889e-03,2.1303438032e-01,2.0173045362e+00
6.7052601054e+00,1.9552655405e+00,8.0287647325e-01,2.1539295855e-01,2.4726334713e-03,2.1292032507e-01,2.0193760788e+00
6.7113668996e+00,1.9564599456e+00,8.0329774330e-01,2.1526636396e-01,2.4601028648e-03,2.1280626110e-01,2.0214494118e+00
6.7174736939e+00,1.9576550803e+00,8.0371822751e-01,2.1513982414e-01,2.4476353554e-03,2.1269218879e-01,2.0235245392e+00
6.7235804882e+00,1.9588509451e+00,8.0413792689e-01,2.1501333916e-01,2.4352306308e-03,2.1257810853e-01,2.0256014649e+00
6.7296872824e+00,1.9600475404e+00,8.0455684242e-01,2.1488690909e-01,2.4228883803e-03,2.1246402071e-01,2.0276801929e+00
6.7357940767e+00,1.9612448666e+00,8.0497497510e-01,2.1476053402e-01,2.4106082943e-03,2.1234992572e-01,2.0297607271e+00
6.7419008710e+00,1.9624429243e+00,8.0539232595e-01,2.1463421401e-01,2.3983900652e-03,2.1223582394e-01,2.0318430714e+00
6.7480076652e+00,1.9636417138e+00,8.0580889595e-01,2.1450794914e-01,2.3862333864e-03,2.1212171576e-01,2.0339272298e+00
6.7541144595e+00,1.9648412357e+00,8.0622468611e-01,2.1438173950e-01,2.3741379531e-03,2.1200760155e-01,2.0360132062e+00
6.7602212538e+00,1.9660414902e+00,8.0663969743e-01,2.1425558514e-01,2.3621034618e-03,2.1189348168e-01,2.0381010047e+00
6.7663280481e+00,1.9672424780e+00,8.0705393092e-01,2.1412948615e-01,2.3501296105e-03,2.1177935654e-01,2.0401906290e+00
6.7724348423e+00,1.9684441994e+00,8.0746738756e-01,2.1400344260e-01,2.3382160985e-03,2.1166522650e-01,2.0422820833e+00
6.7785416366e+00,1.9696466549e+00,8.0788006838e-01,2.1387745456e-01,2.3263626268e-03,2.1155109193e-01,2.0443753715e+00
6.7846484309e+00,1.9708498449e+00,8.0829197437e-01,2.1375152210e-01,2.3145688976e-03,2.1143695320e-01,2.0464704975e+00
6.7907552251e+00,1.9720537699e+00,8.0870310654e-01,2.1362564529e-01,2.3028346148e-03,2.1132281068e-01,2.0485674653e+00
6.7968620194e+00,1.9732584304e+00,8.0911346590e-01,2.1349982421e-01,2.2911594833e-03,2.1120866473e-01,2.0506662788e+00
6.8029688137e+00,1.9744638267e+00,8.0952305344e-01,2.1337405892e-01,2.2795432098e-03,2.1109451571e-01,2.0527669422e+00
6.8090756079e+00,1.9756699594e+00,8.0993187018e-01,2.1324834949e-01,2.2679855022e-03,2.1098036399e-01,2.0548694593e+00
6.8151824022e+00,1.9768768289e+00,8.1033991713e-01,2.1312269599e-01,2.2564860699e-03,2.1086620992e-01,2.0569738341e+00
6.8212891965e+00,1.9780844356e+00,8.1074719528e-01,2.1299709849e-01,2.2450446237e-03,2.1075205387e-01,2.0590800706e+00
6.8273959907e+00,1.9792927800e+00,8.1115370566e-01,2.1287155706e-01,2.2336608757e-03,2.1063789618e-01,2.0611881729e+00
6.8335027850e+00,1.9805018625e+00,8.1155944927e-01,2.1274607176e-01,2.2223345394e-03,2.1052373722e-01,2.0632981448e+00
6.8396095793e+00,1.9817116836e+00,8.1196442712e-01,2.1262064266e-01,2.2110653298e-03,2.1040957733e-01,2.0654099905e+00
6.8457163735e+00,1.9829222438e+00,8.1236864022e-01,2.1249526982e-01,2.1998529630e-03,2.1029541686e-01,2.0675237139e+00
6.8518231678e+00,1.9841335434e+00,8.1277208957e-01,2.1236995331e-01,2.1886971569e-03,2.1018125616e-01,2.0696393190e+00
6.8579299621e+00,1.9853455830e+00,8.1317477620e-01,2.1224469320e-01,2.1775976302e-03,2.1006709557e-01,2.0717568099e+00
6.8640367563e+00,1.9865583630e+00,8.1357670111e-01,2.1211948955e-01,2.1665541035e-03,2.0995293545e-01,2.0738761905e+00
6.8701435506e+00,1.9877718838e+00,8.1397786532e-01,2.1199434242e-01,2.1555662984e-03,2.0983877612e-01,2.0759974648e+00
6.8762503449e+00,1.9889861459e+00,8.1437826983e-01,2.1186925188e-01,2.1446339379e-03,2.0972461794e-01,2.0781206370e+00
6.8823571391e+00,1.9902011498e+00,8.1477791566e-01,2.1174421798e-01,2.1337567463e-03,2.0961046124e-01,2.0802457109e+00
6.8884639334e+00,1.9914168958e+00,8.1517680383e-01,2.1161924080e-01,2.1229344495e-03,2.0949630635e-01,2.0823726908e+00
6.8945707277e+00,1.9926333846e+00,8.1557493535e-01,2.1149432038e-01,2.1121667744e-03,2.0938215361e-01,2.0845015805e+00
6.9006775219e+00,1.9938506164e+00,8.1597231122e-01,2.1136945680e-01,2.1014534492e-03,2.0926800335e-01,2.0866323841e+00
6.9067843162e+00,1.9950685918e+00,8.1636893248e-01,2.1124465010e-01,2.0907942038e-03,2.0915385590e-01,2.0887651057e+00
6.9128911105e+00,1.9962873113e+00,8.1676480012e-01,2.1111990036e-01,2.0801887690e-03,2.0903971160e-01,2.0908997493e+00
6.9189979047e+00,1.9975067752e+00,8.1715991518e-01,2.1099520764e-01,2.0696368770e-03,2.0892557076e-01,2.0930363189e+00
6.9251046990e+00,1.9987269840e+00,8.1755427865e-01,2.1087057198e-01,2.0591382614e-03,2.0881143371e-01,2.0951748187e+00
6.9312114933e+00,1.9999479382e+00,8.1794789157e-01,2.1074599344e-01,2.0486926570e-03,2.0869730079e-01,2.0973152526e+00
6.9373182875e+00,2.0011696383e+00,8.1834075495e-01,2.1062147210e-01,2.0382997998e-03,2.0858317230e-01,2.0994576248e+00
6.9434250818e+00,2.0023920846e+00,8.1873286979e-01,2.1049700799e-01,2.0279594274e-03,2.0846904857e-01,2.1016019392e+00
6.9495318761e+00,2.0036152777e+00,8.1912423714e-01,2.1037260119e-01,2.0176712783e-03,2.0835492991e-01,2.1037482001e+00
6.9556386703e+00,2.0048392180e+00,8.1951485799e-01,2.1024825174e-01,2.0074350924e-03,2.0824081664e-01,2.1058964113e+00
6.9617454646e+00,2.0060639060e+00,8.1990473336e-01,2.1012395970e-01,1.9972506108e-03,2.0812670909e-01,2.1080465771e+00
6.9678522589e+00,2.0072893421e+00,8.2029386429e-01,2.0999972512e-01,1.9871175761e-03,2.0801260755e-01,2.1101987015e+00
6.9739590531e+00,2.0085155268e+00,8.2068225178e-01,2.0987554807e-01,1.9770357318e-03,2.0789851234e-01,2.1123527885e+00
6.9800658474e+00,2.0097424605e+00,8.2106989685e-01,2.0975142859e-01,1.9670048228e-03,2.0778442377e-01,2.1145088423e+00
6.9861726417e+00,2.0109701437e+00,8.2145680053e-01,2.0962736674e-01,1.9570245953e-03,2.0767034214e-01,2.1166668670e+00
6.9922794359e+00,2.0121985768e+00,8.2184296383e-01,2.0950336256e-01,1.9470947967e-03,2.0755626777e-01,2.1188268667e+00
6.9983862302e+00,2.0134277604e+00,8.2222838778e-01,2.0937941613e-01,1.9372151754e-03,2.0744220095e-01,2.1209888454e+00
7.0044930245e+00,2.0146576948e+00,8.2261307339e-01,2.0925552747e-01,1.9273854814e-03,2.0732814199e-01,2.1231528072e+00
7.0105998187e+00,2.0158883805e+00,8.2299702169e-01,2.0913169666e-01,1.9176054656e-03,2.0721409119e-01,2.1253187564e+00
7.0167066130e+00,2.0171198181e+00,8.2338023369e-01,2.0900792373e-01,1.9078748803e-03,2.0710004885e-01,2.1274866969e+00
7.0228134073e+00,2.0183520078e+00,8.2376271042e-01,2.0888420874e-01,1.8981934788e-03,2.0698601526e-01,2.1296566330e+00
7.0289202015e+00,2.0195849503e+00,8.2414445289e-01,2.0876055174e-01,1.8885610158e-03,2.0687199073e-01,2.1318285686e+00
7.0350269958e+00,2.0208186459e+00,8.2452546214e-01,2.0863695278e-01,1.8789772472e-03,2.0675797553e-01,2.1340025081e+00
7.0411337901e+00,2.0220530952e+00,8.2490573918e-01,2.0851341191e-01,1.8694419298e-03,2.0664396998e-01,2.1361784554e+00
7.0472405843e+00,2.0232882985e+00,8.2528528503e-01,2.0838992917e-01,1.8599548218e-03,2.0652997435e-01,2.1383564147e+00
7.0533473786e+00,2.0245242564e+00,8.2566410072e-01,2.0826650462e-01,1.8505156826e-03,2.0641598893e-01,2.1405363902e+00
7.0594541729e+00,2.0257609693e+00,8.2604218727e-01,2.0814313830e-01,1.8411242728e-03,2.0630201402e-01,2.1427183860e+00
7.0655609671e+00,2.0269984377e+00,8.2641954570e-01,2.0801983026e-01,1.8317803539e-03,2.0618804990e-01,2.1449024062e+00
7.0716677614e+00,2.0282366620e+00,8.2679617703e-01,2.0789658054e-01,1.8224836888e-03,2.0607409686e-01,2.1470884550e+00
7.0777745557e+00,2.0294756426e+00,8.2717208230e-01,2.0777338920e-01,1.8132340416e-03,2.0596015516e-01,2.1492765366e+00
7.0838813499e+00,2.0307153802e+00,8.2754726251e-01,2.0765025628e-01,1.8040311772e-03,2.0584622511e-01,2.1514666551e+00
7.0899881442e+00,2.0319558750e+00,8.2792171869e-01,2.0752718183e-01,1.7948748621e-03,2.0573230696e-01,2.1536588146e+00
7.0960949385e+00,2.0331971276e+00,8.2829545188e-01,2.0740416588e-01,1.7857648635e-03,2.0561840102e-01,2.1558530194e+00
7.1022017327e+00,2.0344391385e+00,8.2866846308e-01,2.0728120849e-01,1.7767009501e-03,2.0550450754e-01,2.1580492737e+00
7.1083085270e+00,2.0356819080e+00,8.2904075333e-01,2.0715830969e-01,1.7676828916e-03,2.0539062680e-01,2.1602475815e+00
7.1144153213e+00,2.0369254367e+00,8.2941232365e-01,2.0703546954e-01,1.7587104586e-03,2.0527675908e-01,2.1624479471e+00
7.1205221155e+00,2.0381697251e+00,8.2978317506e-01,2.0691268808e-01,1.7497834231e-03,2.0516290465e-01,2.1646503746e+00
7.1266289098e+00,2.0394147735e+00,8.3015330859e-01,2.0678996534e-01,1.7409015582e-03,2.0504906378e-01,2.1668548683e+00
7.1327357041e+00,2.0406605825e+00,8.3052272526e-01,2.0666730137e-01,1.7320646378e-03,2.0493523674e-01,2.1690614323e+00
7.1388424983e+00,2.0419071526e+00,8.3089142610e-01,2.0654469622e-01,1.7232724374e-03,2.0482142378e-01,2.1712700709e+00
7.1449492926e+00,2.0431544841e+00,8.3125941212e-01,2.0642214992e-01,1.7145247331e-03,2.0470762519e-01,2.1734807882e+00
7.1510560869e+00,2.0444025775e+00,8.3162668436e-01,2.0629966252e-01,1.7058213024e-03,2.0459384122e-01,2.1756935884e+00
7.1571628812e+00,2.0456514334e+00,8.3199324384e-01,2.0617723405e-01,1.6971619238e-03,2.0448007213e-01,2.1779084759e+00
7.1632696754e+00,2.0469010522e+00,8.3235909159e-01,2.0605486456e-01,1.6885463768e-03,2.0436631819e-01,2.1801254547e+00
7.1693764697e+00,2.0481514343e+00,8.3272422862e-01,2.0593255409e-01,1.6799744421e-03,2.0425257965e-01,2.1823445291e+00
7.1754832640e+00,2.0494025802e+00,8.3308865596e-01,2.0581030267e-01,1.6714459013e-03,2.0413885677e-01,2.1845657033e+00
7.1815900582e+00,2.0506544904e+00,8.3345237464e-01,2.0568811035e-01,1.6629605374e-03,2.0402514981e-01,2.1867889816e+00
7.1876968525e+00,2.0519071654e+00,8.3381538569e-01,2.0556597716e-01,1.6545181341e-03,2.0391145903e-01,2.1890143681e+00
7.1938036468e+00,2.0531606056e+00,8.3417769012e-01,2.0544390315e-01,1.6461184763e-03,2.0379778467e-01,2.1912418672e+00
7.1999104410e+00,2.0544148114e+00,8.3453928896e-01,2.0532188834e-01,1.6377613500e-03,2.0368412699e-01,2.1934714830e+00
7.2060172353e+00,2.0556697834e+00,8.3490018325e-01,2.0519993278e-01,1.6294465421e-03,2.0357048624e-01,2.1957032199e+00
7.2121240296e+00,2.0569255221e+00,8.3526037399e-01,2.0507803651e-01,1.6211738407e-03,2.0345686267e-01,2.1979370820e+00
7.2182308238e+00,2.0581820278e+00,8.3561986222e-01,2.0495619956e-01,1.6129430349e-03,2.0334325652e-01,2.2001730737e+00
7.2243376181e+00,2.0594393011e+00,8.3597864896e-01,2.0483442196e-01,1.6047539148e-03,2.0322966805e-01,2.2024111991e+00
7.2304444124e+00,2.0606973424e+00,8.3633673523e-01,2.0471270376e-01,1.5966062714e-03,2.0311609749e-01,2.2046514626e+00
7.2365512066e+00,2.0619561522e+00,8.3669412207e-01,2.0459104499e-01,1.5884998970e-03,2.0300254509e-01,2.2068938684e+00
7.2426580009e+00,2.0632157309e+00,8.3705081049e-01,2.0446944568e-01,1.5804345846e-03,2.0288901109e-01,2.2091384208e+00
7.2487647952e+00,2.0644760791e+00,8.3740680153e-01,2.0434790586e-01,1.5724101286e-03,2.0277549574e-01,2.2113851241e+00
7.2548715894e+00,2.0657371972e+00,8.3776209619e-01,2.0422642558e-01,1.5644263240e-03,2.0266199926e-01,2.2136339826e+00
7.2609783837e+00,2.0669990857e+00,8.3811669552e-01,2.0410500487e-01,1.5564829670e-03,2.0254852191e-01,2.2158850005e+00
7.2670851780e+00,2.0682617450e+00,8.3847060053e-01,2.0398364376e-01,1.5485798549e-03,2.0243506391e-01,2.2181381821e+00
7.2731919722e+00,2.0695251757e+00,8.3882381224e-01,2.0386234228e-01,1.5407167858e-03,2.0232162550e-01,2.2203935318e+00
7.2792987665e+00,2.0707893781e+00,8.3917633169e-01,2.0374110047e-01,1.5328935589e-03,2.0220820691e-01,2.2226510538e+00
7.2854055608e+00,2.0720543528e+00,8.3952815990e-01,2.0361991835e-01,1.5251099744e-03,2.0209480838e-01,2.2249107525e+00
7.2915123550e+00,2.0733201002e+00,8.3987929788e-01,2.0349879597e-01,1.5173658332e-03,2.0198143014e-01,2.2271726321e+00
7.2976191493e+00,2.0745866208e+00,8.4022974667e-01,2.0337773335e-01,1.5096609377e-03,2.0186807241e-01,2.2294366970e+00
7.3037259436e+00,2.0758539151e+00,8.4057950729e-01,2.0325673052e-01,1.5019950908e-03,2.0175473543e-01,2.2317029516e+00
7.3098327378e+00,2.0771219835e+00,8.4092858076e-01,2.0313578752e-01,1.4943680965e-03,2.0164141942e-01,2.2339714000e+00
7.3159395321e+00,2.0783908265e+00,8.4127696810e-01,2.0301490437e-01,1.4867797600e-03,2.0152812461e-01,2.2362420468e+00
7.3220463264e+00,2.0796604447e+00,8.4162467034e-01,2.0289408110e-01,1.4792298871e-03,2.0141485122e-01,2.2385148961e+00
7.3281531206e+00,2.0809308384e+00,8.4197168851e-01,2.0277331776e-01,1.4717182848e-03,2.0130159947e-01,2.2407899524e+00
7.3342599149e+00,2.0822020081e+00,8.4231802362e-01,2.0265261435e-01,1.4642447609e-03,2.0118836959e-01,2.2430672200e+00
7.3403667092e+00,2.0834739544e+00,8.4266367669e-01,2.0253197092e-01,1.4568091242e-03,2.0107516180e-01,2.2453467032e+00
7.3464735034e+00,2.0847466777e+00,8.4300864876e-01,2.0241138749e-01,1.4494111844e-03,2.0096197631e-01,2.2476284064e+00
7.3525802977e+00,2.0860201784e+00,8.4335294084e-01,2.0229086410e-01,1.4420507523e-03,2.0084881334e-01,2.2499123339e+00
7.3586870920e+00,2.0872944570e+00,8.4369655396e-01,2.0217040076e-01,1.4347276395e-03,2.0073567312e-01,2.2521984902e+00
7.3647938862e+00,2.0885695141e+00,8.4403948913e-01,2.0204999750e-01,1.4274416584e-03,2.0062255585e-01,2.2544868796e+00
7.3709006805e+00,2.0898453501e+00,8.4438174739e-01,2.0192965437e-01,1.4201926226e-03,2.0050946174e-01,2.2567775064e+00
7.3770074748e+00,2.0911219654e+00,8.4472332975e-01,2.0180937137e-01,1.4129803463e-03,2.0039639102e-01,2.2590703751e+00
7.3831142690e+00,2.0923993605e+00,8.4506423723e-01,2.0168914854e-01,1.4058046450e-03,2.0028334390e-01,2.2613654901e+00
7.3892210633e+00,2.0936775360e+00,8.4540447086e-01,2.0156898591e-01,1.3986653347e-03,2.0017032057e-01,2.2636628556e+00
7.3953278576e+00,2.0949564923e+00,8.4574403165e-01,2.0144888349e-01,1.3915622326e-03,2.0005732126e-01,2.2659624762e+00
7.4014346518e+00,2.0962362298e+00,8.4608292063e-01,2.0132884132e-01,1.3844951567e-03,1.9994434617e-01,2.2682643562e+00
7.4075414461e+00,2.0975167491e+00,8.4642113882e-01,2.0120885943e-01,1.3774639259e-03,1.9983139550e-01,2.2705685001e+00
7.4136482404e+00,2.0987980506e+00,8.4675868724e-01,2.0108893782e-01,1.3704683598e-03,1.9971846946e-01,2.2728749122e+00
7.4197550346e+00,2.1000801349e+00,8.4709556690e-01,2.0096907654e-01,1.3635082794e-03,1.9960556826e-01,2.2751835969e+00
7.4258618289e+00,2.1013630023e+00,8.4743177884e-01,2.0084927561e-01,1.3565835059e-03,1.9949269210e-01,2.2774945587e+00
7.4319686232e+00,2.1026466533e+00,8.4776732407e-01,2.0072953504e-01,1.3496938620e-03,1.9937984118e-01,2.2798078020e+00
7.4380754174e+00,2.1039310885e+00,8.4810220360e-01,2.0060985487e-01,1.3428391709e-03,1.9926701570e-01,2.2821233313e+00
7.4441822117e+00,2.1052163084e+00,8.4843641846e-01,2.0049023511e-01,1.3360192568e-03,1.9915421586e-01,2.2844411509e+00
7.4502890060e+00,2.1065023133e+00,8.4876996967e-01,2.0037067580e-01,1.3292339448e-03,1.9904144185e-01,2.2867612654e+00
7.4563958002e+00,2.1077891038e+00,8.4910285824e-01,2.0025117694e-01,1.3224830607e-03,1.9892869388e-01,2.2890836791e+00
7.4625025945e+00,2.1090766803e+00,8.4943508520e-01,2.0013173857e-01,1.3157664313e-03,1.9881597214e-01,2.2914083965e+00
7.4686093888e+00,2.1103650434e+00,8.4976665156e-01,2.0001236071e-01,1.3090838842e-03,1.9870327683e-01,2.2937354221e+00
7.4747161830e+00,2.1116541935e+00,8.5009755834e-01,1.9989304338e-01,1.3024352479e-03,1.9859060813e-01,2.2960647603e+00
7.4808229773e+00,2.1129441311e+00,8.5042780655e-01,1.9977378659e-01,1.2958203518e-03,1.9847796624e-01,2.2983964156e+00
7.4869297716e+00,2.1142348567e+00,8.5075739722e-01,1.9965459038e-01,1.2892390259e-03,1.9836535135e-01,2.3007303925e+00
7.4930365658e+00,2.1155263707e+00,8.5108633136e-01,1.9953545476e-01,1.2826911013e-03,1.9825276366e-01,2.3030666955e+00
7.4991433601e+00,2.1168186737e+00,8.5141460999e-01,1.9941637975e-01,1.2761764098e-03,1.9814020334e-01,2.3054053289e+00
7.5052501544e+00,2.1181117661e+00,8.5174223412e-01,1.9929736538e-01,1.2696947841e-03,1.9802767059e-01,2.3077462974e+00
7.5113569486e+00,2.1194056484e+00,8.5206920477e-01,1.9917841166e-01,1.2632460576e-03,1.9791516560e-01,2.3100896054e+00
7.5174637429e+00,2.1207003211e+00,8.5239552296e-01,1.9905951861e-01,1.2568300647e-03,1.9780268854e-01,2.3124352575e+00
7.5235705372e+00,2.1219957847e+00,8.5272118970e-01,1.9894068625e-01,1.2504466405e-03,1.9769023961e-01,2.3147832580e+00
7.5296773314e+00,2.1232920396e+00,8.5304620600e-01,1.9882191461e-01,1.2440956210e-03,1.9757781899e-01,2.3171336116e+00
7.5357841257e+00,2.1245890864e+00,8.5337057288e-01,1.9870320369e-01,1.2377768428e-03,1.9746542685e-01,2.3194863227e+00
7.5418909200e+00,2.1258869255e+00,8.5369429135e-01,1.9858455352e-01,1.2314901436e-03,1.9735306338e-01,2.3218413959e+00
7.5479977143e+00,2.1271855574e+00,8.5401736243e-01,1.9846596412e-01,1.2252353617e-03,1.9724072876e-01,2.3241988356e+00
7.5541045085e+00,2.1284849826e+00,8.5433978714e-01,1.9834743551e-01,1.2190123363e-03,1.9712842317e-01,2.3265586465e+00
7.5602113028e+00,2.1297852015e+00,8.5466156647e-01,1.9822896770e-01,1.2128209074e-03,1.9701614679e-01,2.3289208331e+00
7.5663180971e+00,2.1310862147e+00,8.5498270145e-01,1.9811056070e-01,1.2066609157e-03,1.9690389979e-01,2.3312853998e+00
7.5724248913e+00,2.1323880227e+00,8.5530319309e-01,1.9799221455e-01,1.2005322027e-03,1.9679168234e-01,2.3336523513e+00
7.5785316856e+00,2.1336906259e+00,8.5562304240e-01,1.9787392924e-01,1.1944346107e-03,1.9667949463e-01,2.3360216921e+00
7.5846384799e+00,2.1349940248e+00,8.5594225039e-01,1.9775570481e-01,1.1883679829e-03,1.9656733683e-01,2.3383934267e+00
7.5907452741e+00,2.1362982199e+00,8.5626081807e-01,1.9763754126e-01,1.1823321632e-03,1.9645520910e-01,2.3407675598e+00
7.5968520684e+00,2.1376032117e+00,8.5657874645e-01,1.9751943862e-01,1.1763269962e-03,1.9634311162e-01,2.3431440959e+00
7.6029588627e+00,2.1389090007e+00,8.5689603654e-01,1.9740139689e-01,1.1703523273e-03,1.9623104456e-01,2.3455230395e+00
7.6090656569e+00,2.1402155873e+00,8.5721268936e-01,1.9728341609e-01,1.1644080027e-03,1.9611900809e-01,2.3479043953e+00
7.6151724512e+00,2.1415229721e+00,8.5752870590e-01,1.9716549625e-01,1.1584938694e-03,1.9600700238e-01,2.3502881678e+00
7.6212792455e+00,2.1428311555e+00,8.5784408719e-01,1.9704763736e-01,1.1526097751e-03,1.9589502759e-01,2.3526743617e+00
7.6273860397e+00,2.1441401381e+00,8.5815883422e-01,1.9692983946e-01,1.1467555682e-03,1.9578308389e-01,2.3550629815e+00
7.6334928340e+00,2.1454499202e+00,8.5847294801e-01,1.9681210254e-01,1.1409310979e-03,1.9567117145e-01,2.3574540318e+00
7.6395996283e+00,2.1467605025e+00,8.5878642956e-01,1.9669442664e-01,1.1351362143e-03,1.9555929042e-01,2.3598475172e+00
7.6457064225e+00,2.1480718853e+00,8.5909927988e-01,1.9657681175e-01,1.1293707680e-03,1.9544744098e-01,2.3622434424e+00
7.6518132168e+00,2.1493840693e+00,8.5941149998e-01,1.9645925789e-01,1.1236346104e-03,1.9533562328e-01,2.3646418119e+00
7.6579200111e+00,2.1506970548e+00,8.5972309086e-01,1.9634176508e-01,1.1179275938e-03,1.9522383749e-01,2.3670426305e+00
7.6640268053e+00,2.1520108423e+00,8.6003405353e-01,1.9622433333e-01,1.1122495711e-03,1.9511208376e-01,2.3694459026e+00
7.6701335996e+00,2.1533254324e+00,8.6034438898e-01,1.9610696265e-01,1.1066003959e-03,1.9500036226e-01,2.3718516331e+00
7.6762403939e+00,2.1546408255e+00,8.6065409824e-01,1.9598965306e-01,1.1009799226e-03,1.9488867314e-01,2.3742598264e+00
7.6823471881e+00,2.1559570222e+00,8.6096318230e-01,1.9587240456e-01,1.0953880063e-03,1.9477701656e-01,2.3766704873e+00
7.6884539824e+00,2.1572740229e+00,8.6127164215e-01,1.9575521718e-01,1.0898245028e-03,1.9466539267e-01,2.3790836204e+00
7.6945607767e+00,2.1585918281e+00,8.6157947882e-01,1.9563809091e-01,1.0842892687e-03,1.9455380164e-01,2.3814992304e+00
7.7006675709e+00,2.1599104383e+00,8.6188669330e-01,1.9552102577e-01,1.0787821611e-03,1.9444224361e-01,2.3839173219e+00
7.7067743652e+00,2.1612298540e+00,8.6219328659e-01,1.9540402178e-01,1.0733030380e-03,1.9433071874e-01,2.3863378996e+00
7.7128811595e+00,2.1625500757e+00,8.6249925969e-01,1.9528707894e-01,1.0678517582e-03,1.9421922718e-01,2.3887609682e+00
7.7189879537e+00,2.1638711039e+00,8.6280461360e-01,1.9517019726e-01,1.0624281809e-03,1.9410776908e-01,2.3911865324e+00
7.7250947480e+00,2.1651929390e+00,8.6310934933e-01,1.9505337676e-01,1.0570321662e-03,1.9399634459e-01,2.3936145968e+00
7.7312015423e+00,2.1665155816e+00,8.6341346787e-01,1.9493661745e-01,1.0516635749e-03,1.9388495387e-01,2.3960451662e+00
7.7373083365e+00,2.1678390321e+00,8.6371697022e-01,1.9481991933e-01,1.0463222684e-03,1.9377359706e-01,2.3984782452e+00
7.7434151308e+00,2.1691632911e+00,8.6401985739e-01,1.9470328241e-01,1.0410081089e-03,1.9366227430e-01,2.4009138385e+00
7.7495219251e+00,2.1704883591e+00,8.6432213036e-01,1.9458670671e-01,1.0357209592e-03,1.9355098575e-01,2.4033519510e+00
7.7556287193e+00,2.1718142365e+00,8.6462379014e-01,1.9447019223e-01,1.0304606827e-03,1.9343973155e-01,2.4057925872e+00
7.7617355136e+00,2.1731409238e+00,8.6492483773e-01,1.9435373898e-01,1.0252271437e-03,1.9332851184e-01,2.4082357520e+00
7.7678423079e+00,2.1744684216e+00,8.6522527411e-01,1.9423734698e-01,1.0200202071e-03,1.9321732677e-01,2.4106814499e+00
7.7739491021e+00,2.1757967302e+00,8.6552510030e-01,1.9412101623e-01,1.0148397383e-03,1.9310617649e-01,2.4131296859e+00
7.7800558964e+00,2.1771258503e+00,8.6582431727e-01,1.9400474673e-01,1.0096856036e-03,1.9299506113e-01,2.4155804646e+00
7.7861626907e+00,2.1784557823e+00,8.6612292603e-01,1.9388853850e-01,1.0045576698e-03,1.9288398083e-01,2.4180337907e+00
7.7922694849e+00,2.1797865267e+00,8.6642092757e-01,1.9377239154e-01,9.9945580447e-04,1.9277293574e-01,2.4204896691e+00
7.7983762792e+00,2.1811180841e+00,8.6671832289e-01,1.9365630587e-01,9.9437987581e-04,1.9266192599e-01,2.4229481044e+00
7.8044830735e+00,2.1824504548e+00,8.6701511297e-01,1.9354028148e-01,9.8932975265e-04,1.9255095173e-01,2.4254091015e+00
7.8105898677e+00,2.1837836394e+00,8.6731129881e-01,1.9342431839e-01,9.8430530449e-04,1.9244001308e-01,2.4278726652e+00
7.8166966620e+00,2.1851176384e+00,8.6760688141e-01,1.9330841660e-01,9.7930640148e-04,1.9232911020e-01,2.4303388001e+00
7.8228034563e+00,2.1864524524e+00,8.6790186174e-01,1.9319257612e-01,9.7433291442e-04,1.9221824321e-01,2.4328075111e+00
7.8289102505e+00,2.1877880817e+00,8.6819624081e-01,1.9307679696e-01,9.6938471476e-04,1.9210741225e-01,2.4352788030e+00
7.8350170448e+00,2.1891245269e+00,8.6849001960e-01,1.9296107912e-01,9.6446167456e-04,1.9199661745e-01,2.4377526805e+00
7.8411238391e+00,2.1904617885e+00,8.6878319910e-01,1.9284542261e-01,9.5956366656e-04,1.9188585894e-01,2.4402291486e+00
7.8472306333e+00,2.1917998669e+00,8.6907578030e-01,1.9272982743e-01,9.5469056410e-04,1.9177513687e-01,2.4427082119e+00
7.8533374276e+00,2.1931387628e+00,8.6936776419e-01,1.9261429359e-01,9.4984224117e-04,1.9166445135e-01,2.4451898753e+00
7.8594442219e+00,2.1944784765e+00,8.6965915175e-01,1.9249882110e-01,9.4501857239e-04,1.9155380253e-01,2.4476741436e+00
7.8655510161e+00,2.1958190087e+00,8.6994994398e-01,1.9238340995e-01,9.4021943299e-04,1.9144319052e-01,2.4501610217e+00
7.8716578104e+00,2.1971603597e+00,8.7024014185e-01,1.9226806017e-01,9.3544469884e-04,1.9133261547e-01,2.4526505144e+00
7.8777646047e+00,2.1985025301e+00,8.7052974636e-01,1.9215277174e-01,9.3069424642e-04,1.9122207749e-01,2.4551426265e+00
7.8838713989e+00,2.1998455204e+00,8.7081875849e-01,1.9203754467e-01,9.2596795282e-04,1.9111157672e-01,2.4576373629e+00
7.8899781932e+00,2.2011893311e+00,8.7110717922e-01,1.9192237898e-01,9.2126569576e-04,1.9100111328e-01,2.4601347283e+00
7.8960849875e+00,2.2025339626e+00,8.7139500954e-01,1.9180727465e-01,9.1658735355e-04,1.9089068730e-01,2.4626347278e+00
7.9021917817e+00,2.2038794156e+00,8.7168225042e-01,1.9169223171e-01,9.1193280513e-04,1.9078029890e-01,2.4651373661e+00
7.9082985760e+00,2.2052256904e+00,8.7196890286e-01,1.9157725014e-01,9.0730193003e-04,1.9066994821e-01,2.4676426481e+00
7.9144053703e+00,2.2065727877e+00,8.7225496782e-01,1.9146232996e-01,9.0269460839e-04,1.9055963535e-01,2.4701505788e+00
7.9205121645e+00,2.2079207078e+00,8.7254044630e-01,1.9134747116e-01,8.9811072094e-04,1.9044936044e-01,2.4726611629e+00
7.9266189588e+00,2.2092694514e+00,8.7282533928e-01,1.9123267375e-01,8.9355014900e-04,1.9033912360e-01,2.4751744054e+00
7.9327257531e+00,2.2106190188e+00,8.7310964772e-01,1.9111793774e-01,8.8901277450e-04,1.9022892497e-01,2.4776903111e+00
7.9388325474e+00,2.2119694106e+00,8.7339337262e-01,1.9100326312e-01,8.8449847996e-04,1.9011876464e-01,2.4802088850e+00
7.9449393416e+00,2.2133206274e+00,8.7367651494e-01,1.9088864990e-01,8.8000714847e-04,1.9000864275e-01,2.4827301320e+00
7.9510461359e+00,2.2146726695e+00,8.7395907568e-01,1.9077409808e-01,8.7553866372e-04,1.8989855942e-01,2.4852540570e+00
7.9571529302e+00,2.2160255376e+00,8.7424105579e-01,1.9065960766e-01,8.7109290996e-04,1.8978851475e-01,2.4877806649e+00
7.9632597244e+00,2.2173792321e+00,8.7452245626e-01,1.9054517865e-01,8.6666977206e-04,1.8967850888e-01,2.4903099607e+00
7.9693665187e+00,2.2187337535e+00,8.7480327807e-01,1.9043081104e-01,8.6226913541e-04,1.8956854191e-01,2.4928419492e+00
7.9754733130e+00,2.2200891024e+00,8.7508352218e-01,1.9031650484e-01,8.5789088603e-04,1.8945861395e-01,2.4953766355e+00
7.9815801072e+00,2.2214452792e+00,8.7536318958e-01,1.9020226005e-01,8.5353491047e-04,1.8934872514e-01,2.4979140245e+00
7.9876869015e+00,2.2228022844e+00,8.7564228123e-01,1.9008807667e-01,8.4920109585e-04,1.8923887557e-01,2.5004541211e+00
7.9937936958e+00,2.2241601186e+00,8.7592079811e-01,1.8997395469e-01,8.4488932989e-04,1.8912906536e-01,2.5029969303e+00
7.9999004900e+00,2.2255187823e+00,8.7619874119e-01,1.8985989413e-01,8.4059950082e-04,1.8901929463e-01,2.5055424570e+00
8.0060072843e+00,2.2268782758e+00,8.7647611143e-01,1.8974589498e-01,8.3633149748e-04,1.8890956348e-01,2.5080907063e+00
8.0121140786e+00,2.2282385999e+00,8.7675290982e-01,1.8963195724e-01,8.3208520923e-04,1.8879987204e-01,2.5106416831e+00
8.0182208728e+00,2.2295997550e+00,8.7702913731e-01,1.8951808092e-01,8.2786052599e-04,1.8869022039e-01,2.5131953924e+00
8.0243276671e+00,2.2309617415e+00,8.7730479488e-01,1.8940426601e-01,8.2365733826e-04,1.8858060867e-01,2.5157518392e+00
8.0304344614e+00,2.2323245600e+00,8.7757988350e-01,1.8929051250e-01,8.1947553704e-04,1.8847103697e-01,2.5183110285e+00
8.0365412556e+00,2.2336882110e+00,8.7785440413e-01,1.8917682041e-01,8.1531501392e-04,1.8836150540e-01,2.5208729654e+00
8.0426480499e+00,2.2350526950e+00,8.7812835774e-01,1.8906318973e-01,8.1117566101e-04,1.8825201407e-01,2.5234376547e+00
8.0487548442e+00,2.2364180126e+00,8.7840174529e-01,1.8894962047e-01,8.0705737096e-04,1.8814256309e-01,2.5260051017e+00
8.0548616384e+00,2.2377841642e+00,8.7867456775e-01,1.8883611261e-01,8.0296003696e-04,1.8803315257e-01,2.5285753111e+00
8.0609684327e+00,2.2391511503e+00,8.7894682608e-01,1.8872266615e-01,7.9888355276e-04,1.8792378260e-01,2.5311482882e+00
8.0670752270e+00,2.2405189714e+00,8.7921852125e-01,1.8860928111e-01,7.9482781259e-04,1.8781445330e-01,2.5337240380e+00
8.0731820212e+00,2.2418876281e+00,8.7948965421e-01,1.8849595747e-01,7.9079271126e-04,1.8770516476e-01,2.5363025655e+00
8.0792888155e+00,2.2432571209e+00,8.7976022594e-01,1.8838269523e-01,7.8677814409e-04,1.8759591709e-01,2.5388838757e+00
8.0853956098e+00,2.2446274502e+00,8.8003023738e-01,1.8826949440e-01,7.8278400691e-04,1.8748671039e-01,2.5414679737e+00
8.0915024040e+00,2.2459986167e+00,8.8029968951e-01,1.8815635496e-01,7.7881019610e-04,1.8737754476e-01,2.5440548647e+00
8.0976091983e+00,2.2473706207e+00,8.8056858328e-01,1.8804327692e-01,7.7485660853e-04,1.8726842031e-01,2.5466445536e+00
8.1037159926e+00,2.2487434628e+00,8.8083691965e-01,1.8793026028e-01,7.7092314160e-04,1.8715933714e-01,2.5492370455e+00
8.1098227868e+00,2.2501171436e+00,8.8110469957e-01,1.8781730503e-01,7.6700969324e-04,1.8705029534e-01,2.5518323456e+00
8.1159295811e+00,2.2514916635e+00,8.8137192401e-01,1.8770441117e-01,7.6311616188e-04,1.8694129501e-01,2.5544304589e+00
8.1220363754e+00,2.2528670230e+00,8.8163859391e-01,1.8759157870e-01,7.5924244644e-04,1.8683233625e-01,2.5570313906e+00
8.1281431696e+00,2.2542432228e+00,8.8190471024e-01,1.8747880761e-01,7.5538844637e-04,1.8672341916e-01,2.5596351457e+00
8.1342499639e+00,2.2556202631e+00,8.8217027395e-01,1.8736609790e-01,7.5155406163e-04,1.8661454384e-01,2.5622417294e+00
8.1403567582e+00,2.2569981447e+00,8.8243528600e-01,1.8725344957e-01,7.4773919267e-04,1.8650571038e-01,2.5648511467e+00
8.1464635524e+00,2.2583768680e+00,8.8269974733e-01,1.8714086261e-01,7.4394374043e-04,1.8639691887e-01,2.5674634029e+00
8.1525703467e+00,2.2597564335e+00,8.8296365889e-01,1.8702833703e-01,7.4016760637e-04,1.8628816942e-01,2.5700785031e+00
8.1586771410e+00,2.2611368417e+00,8.8322702165e-01,1.8691587281e-01,7.3641069243e-04,1.8617946212e-01,2.5726964523e+00
8.1647839352e+00,2.2625180931e+00,8.8348983655e-01,1.8680346995e-01,7.3267290104e-04,1.8607079705e-01,2.5753172558e+00
8.1708907295e+00,2.2639001883e+00,8.8375210453e-01,1.8669112845e-01,7.2895413513e-04,1.8596217432e-01,2.5779409188e+00
8.1769975238e+00,2.2652831278e+00,8.8401382655e-01,1.8657884831e-01,7.2525429811e-04,1.8585359401e-01,2.5805674463e+00
8.1831043180e+00,2.2666669121e+00,8.8427500356e-01,1.8646662951e-01,7.2157329389e-04,1.8574505622e-01,2.5831968436e+00
8.1892111123e+00,2.2680515417e+00,8.8453563650e-01,1.8635447206e-01,7.1791102683e-04,1.8563656103e-01,2.5858291158e+00
8.1953179066e+00,2.2694370171e+00,8.8479572632e-01,1.8624237595e-01,7.1426740181e-04,1.8552810855e-01,2.5884642681e+00
8.2014247008e+00,2.2708233389e+00,8.8505527397e-01,1.8613034117e-01,7.1064232417e-04,1.8541969885e-01,2.5911023058e+00
8.2075314951e+00,2.2722105075e+00,8.8531428038e-01,1.8601836773e-01,7.0703569971e-04,1.8531133203e-01,2.5937432340e+00
8.2136382894e+00,2.2735985235e+00,8.8557274651e-01,1.8590645560e-01,7.0344743473e-04,1.8520300817e-01,2.5963870579e+00
8.2197450836e+00,2.2749873873e+00,8.8583067329e-01,1.8579460480e-01,6.9987743599e-04,1.8509472737e-01,2.5990337828e+00
8.2258518779e+00,2.2763770996e+00,8.8608806167e-01,1.8568281531e-01,6.9632561071e-04,1.8498648970e-01,2.6016834138e+00
8.2319586722e+00,2.2777676608e+00,8.8634491259e-01,1.8557108713e-01,6.9279186659e-04,1.8487829527e-01,2.6043359562e+00
8.2380654664e+00,2.2791590715e+00,8.8660122698e-01,1.8545942025e-01,6.8927611178e-04,1.8477014414e-01,2.6069914153e+00
8.2441722607e+00,2.2805513321e+00,8.8685700580e-01,1.8534781467e-01,6.8577825492e-04,1.8466203641e-01,2.6096497963e+00
8.2502790550e+00,2.2819444432e+00,8.8711224997e-01,1.8523627038e-01,6.8229820508e-04,1.8455397217e-01,2.6123111044e+00
8.2563858492e+00,2.2833384053e+00,8.8736696043e-01,1.8512478736e-01,6.7883587179e-04,1.8444595149e-01,2.6149753449e+00
8.2624926435e+00,2.2847332190e+00,8.8762113813e-01,1.8501336563e-01,6.7539116505e-04,1.8433797447e-01,2.6176425231e+00
8.2685994378e+00,2.2861288847e+00,8.8787478399e-01,1.8490200517e-01,6.7196399531e-04,1.8423004117e-01,2.6203126442e+00
8.2747062320e+00,2.2875254029e+00,8.8812789896e-01,1.8479070597e-01,6.6855427345e-04,1.8412215170e-01,2.6229857135e+00
8.2808130263e+00,2.2889227742e+00,8.8838048396e-01,1.8467946803e-01,6.6516191083e-04,1.8401430611e-01,2.6256617363e+00
8.2869198206e+00,2.2903209992e+00,8.8863253993e-01,1.8456829133e-01,6.6178681924e-04,1.8390650451e-01,2.6283407180e+00
8.2930266148e+00,2.2917200782e+00,8.8888406781e-01,1.8445717588e-01,6.5842891091e-04,1.8379874697e-01,2.6310226638e+00
8.2991334091e+00,2.2931200120e+00,8.8913506851e-01,1.8434612167e-01,6.5508809852e-04,1.8369103357e-01,2.6337075789e+00
8.3052402034e+00,2.2945208009e+00,8.8938554298e-01,1.8423512868e-01,6.5176429517e-04,1.8358336438e-01,2.6363954689e+00
8.3113469977e+00,2.2959224454e+00,8.8963549215e-01,1.8412419691e-01,6.4845741444e-04,1.8347573949e-01,2.6390863389e+00
8.3174537919e+00,2.2973249462e+00,8.8988491693e-01,1.8401332635e-01,6.4516737030e-04,1.8336815898e-01,2.6417801943e+00
8.3235605862e+00,2.2987283038e+00,8.9013381827e-01,1.8390251700e-01,6.4189407717e-04,1.8326062292e-01,2.6444770404e+00
8.3296673805e+00,2.3001325186e+00,8.9038219708e-01,1.8379176884e-01,6.3863744992e-04,1.8315313139e-01,2.6471768826e+00
8.3357741747e+00,2.3015375912e+00,8.9063005430e-01,1.8368108187e-01,6.3539740381e-04,1.8304568447e-01,2.6498797263e+00
8.3418809690e+00,2.3029435221e+00,8.9087739084e-01,1.8357045609e-01,6.3217385457e-04,1.8293828223e-01,2.6525855768e+00
8.3479877633e+00,2.3043503118e+00,8.9112420764e-01,1.8345989147e-01,6.2896671832e-04,1.8283092475e-01,2.6552944395e+00
8.3540945575e+00,2.3057579609e+00,8.9137050561e-01,1.8334938801e-01,6.2577591162e-04,1.8272361210e-01,2.6580063197e+00
8.3602013518e+00,2.3071664699e+00,8.9161628568e-01,1.8323894571e-01,6.2260135144e-04,1.8261634436e-01,2.6607212229e+00
8.3663081461e+00,2.3085758393e+00,8.9186154878e-01,1.8312856456e-01,6.1944295519e-04,1.8250912160e-01,2.6634391544e+00
8.3724149403e+00,2.3099860696e+00,8.9210629581e-01,1.8301824454e-01,6.1630064066e-04,1.8240194390e-01,2.6661601197e+00
8.3785217346e+00,2.3113971614e+00,8.9235052770e-01,1.8290798565e-01,6.1317432609e-04,1.8229481132e-01,2.6688841241e+00
8.3846285289e+00,2.3128091151e+00,8.9259424537e-01,1.8279778787e-01,6.1006393012e-04,1.8218772394e-01,2.6716111731e+00
8.3907353231e+00,2.3142219314e+00,8.9283744974e-01,1.8268765120e-01,6.0696937179e-04,1.8208068183e-01,2.6743412721e+00
8.3968421174e+00,2.3156356108e+00,8.9308014172e-01,1.8257757564e-01,6.0389057055e-04,1.8197368507e-01,2.6770744265e+00
8.4029489117e+00,2.3170501537e+00,8.9332232223e-01,1.8246756116e-01,6.0082744628e-04,1.8186673371e-01,2.6798106418e+00
8.4090557059e+00,2.3184655607e+00,8.9356399219e-01,1.8235760776e-01,5.9777991923e-04,1.8175982784e-01,2.6825499234e+00
8.4151625002e+00,2.3198818323e+00,8.9380515250e-01,1.8224771543e-01,5.9474791007e-04,1.8165296752e-01,2.6852922768e+00
8.4212692945e+00,2.3212989691e+00,8.9404580409e-01,1.8213788416e-01,5.9173133988e-04,1.8154615282e-01,2.6880377074e+00
8.4273760887e+00,2.3227169715e+00,8.9428594786e-01,1.8202811394e-01,5.8873013012e-04,1.8143938381e-01,2.6907862207e+00
8.4334828830e+00,2.3241358402e+00,8.9452558472e-01,1.8191840476e-01,5.8574420265e-04,1.8133266056e-01,2.6935378222e+00
8.4395896773e+00,2.3255555756e+00,8.9476471559e-01,1.8180875661e-01,5.8277347973e-04,1.8122598313e-01,2.6962925173e+00
8.4456964715e+00,2.3269761782e+00,8.9500334138e-01,1.8169916947e-01,5.7981788401e-04,1.8111935159e-01,2.6990503117e+00
8.4518032658e+00,2.3283976487e+00,8.9524146299e-01,1.8158964335e-01,5.7687733853e-04,1.8101276601e-01,2.7018112107e+00
8.4579100601e+00,2.3298199875e+00,8.9547908133e-01,1.8148017822e-01,5.7395176672e-04,1.8090622645e-01,2.7045752198e+00
8.4640168543e+00,2.3312431951e+00,8.9571619730e-01,1.8137077408e-01,5.7104109239e-04,1.8079973298e-01,2.7073423447e+00
8.4701236486e+00,2.3326672722e+00,8.9595281182e-01,1.8126143091e-01,5.6814523975e-04,1.8069328567e-01,2.7101125908e+00
8.4762304429e+00,2.3340922191e+00,8.9618892579e-01,1.8115214870e-01,5.6526413337e-04,1.8058688457e-01,2.7128859637e+00
8.4823372371e+00,2.3355180366e+00,8.9642454010e-01,1.8104292745e-01,5.6239769821e-04,1.8048052975e-01,2.7156624688e+00
8.4884440314e+00,2.3369447250e+00,8.9665965568e-01,1.8093376714e-01,5.5954585963e-04,1.8037422128e-01,2.7184421118e+00
8.4945508257e+00,2.3383722849e+00,8.9689427340e-01,1.8082466776e-01,5.5670854333e-04,1.8026795922e-01,2.7212248982e+00
8.5006576199e+00,2.3398007168e+00,8.9712839418e-01,1.8071562930e-01,5.5388567542e-04,1.8016174362e-01,2.7240108336e+00
8.5067644142e+00,2.3412300214e+00,8.9736201892e-01,1.8060665174e-01,5.5107718236e-04,1.8005557456e-01,2.7267999235e+00
8.5128712085e+00,2.3426601990e+00,8.9759514851e-01,1.8049773508e-01,5.4828299098e-04,1.7994945209e-01,2.7295921735e+00
8.5189780027e+00,2.3440912503e+00,8.9782778386e-01,1.8038887930e-01,5.4550302850e-04,1.7984337628e-01,2.7323875893e+00
8.5250847970e+00,2.3455231758e+00,8.9805992585e-01,1.8028008440e-01,5.4273722250e-04,1.7973734718e-01,2.7351861764e+00
8.5311915913e+00,2.3469559760e+00,8.9829157539e-01,1.8017135035e-01,5.3998550091e-04,1.7963136485e-01,2.7379879404e+00
8.5372983855e+00,2.3483896514e+00,8.9852273336e-01,1.8006267715e-01,5.3724779204e-04,1.7952542936e-01,2.7407928870e+00
8.5434051798e+00,2.3498242027e+00,8.9875340068e-01,1.7995406478e-01,5.3452402456e-04,1.7941954075e-01,2.7436010217e+00
8.5495119741e+00,2.3512596302e+00,8.9898357821e-01,1.7984551323e-01,5.3181412750e-04,1.7931369911e-01,2.7464123502e+00
8.5556187683e+00,2.3526959346e+00,8.9921326687e-01,1.7973702250e-01,5.2911803025e-04,1.7920790446e-01,2.7492268781e+00
8.5617255626e+00,2.3541331164e+00,8.9944246753e-01,1.7962859255e-01,5.2643566255e-04,1.7910215689e-01,2.7520446111e+00
8.5678323569e+00,2.3555711761e+00,8.9967118110e-01,1.7952022340e-01,5.2376695450e-04,1.7899645644e-01,2.7548655548e+00
8.5739391511e+00,2.3570101143e+00,8.9989940845e-01,1.7941191501e-01,5.2111183656e-04,1.7889080317e-01,2.7576897149e+00
8.5800459454e+00,2.3584499315e+00,9.0012715048e-01,1.7930366738e-01,5.1847023952e-04,1.7878519714e-01,2.7605170971e+00
8.5861527397e+00,2.3598906282e+00,9.0035440807e-01,1.7919548049e-01,5.1584209456e-04,1.7867963840e-01,2.7633477071e+00
8.5922595339e+00,2.3613322050e+00,9.0058118211e-01,1.7908735434e-01,5.1322733316e-04,1.7857412700e-01,2.7661815504e+00
8.5983663282e+00,2.3627746623e+00,9.0080747349e-01,1.7897928890e-01,5.1062588718e-04,1.7846866301e-01,2.7690186330e+00
8.6044731225e+00,2.3642180009e+00,9.0103328308e-01,1.7887128417e-01,5.0803768881e-04,1.7836324648e-01,2.7718589603e+00
8.6105799167e+00,2.3656622211e+00,9.0125861178e-01,1.7876334013e-01,5.0546267059e-04,1.7825787746e-01,2.7747025382e+00
8.6166867110e+00,2.3671073236e+00,9.0148346045e-01,1.7865545676e-01,5.0290076540e-04,1.7815255600e-01,2.7775493723e+00
8.6227935053e+00,2.3685533088e+00,9.0170782999e-01,1.7854763406e-01,5.0035190646e-04,1.7804728215e-01,2.7803994685e+00
8.6289002995e+00,2.3700001773e+00,9.0193172128e-01,1.7843987201e-01,4.9781602732e-04,1.7794205598e-01,2.7832528324e+00
8.6350070938e+00,2.3714479297e+00,9.0215513518e-01,1.7833217059e-01,4.9529306187e-04,1.7783687753e-01,2.7861094698e+00
8.6411138881e+00,2.3728965664e+00,9.0237807259e-01,1.7822452979e-01,4.9278294435e-04,1.7773174685e-01,2.7889693864e+00
8.6472206823e+00,2.3743460881e+00,9.0260053438e-01,1.7811694960e-01,4.9028560930e-04,1.7762666400e-01,2.7918325881e+00
8.6533274766e+00,2.3757964952e+00,9.0282252142e-01,1.7800943001e-01,4.8780099163e-04,1.7752162902e-01,2.7946990805e+00
8.6594342709e+00,2.3772477883e+00,9.0304403458e-01,1.7790197099e-01,4.8532902656e-04,1.7741664196e-01,2.7975688695e+00
8.6655410651e+00,2.3786999680e+00,9.0326507475e-01,1.7779457254e-01,4.8286964962e-04,1.7731170289e-01,2.8004419608e+00
8.6716478594e+00,2.3801530348e+00,9.0348564280e-01,1.7768723463e-01,4.8042279671e-04,1.7720681184e-01,2.8033183602e+00
8.6777546537e+00,2.3816069892e+00,9.0370573959e-01,1.7757995726e-01,4.7798840401e-04,1.7710196886e-01,2.8061980736e+00
8.6838614479e+00,2.3830618317e+00,9.0392536600e-01,1.7747274042e-01,4.7556640805e-04,1.7699717401e-01,2.8090811068e+00
8.6899682422e+00,2.3845175630e+00,9.0414452289e-01,1.7736558407e-01,4.7315674567e-04,1.7689242733e-01,2.8119674656e+00
8.6960750365e+00,2.3859741836e+00,9.0436321114e-01,1.7725848822e-01,4.7075935404e-04,1.7678772886e-01,2.8148571558e+00
8.7021818308e+00,2.3874316939e+00,9.0458143162e-01,1.7715145284e-01,4.6837417063e-04,1.7668307867e-01,2.8177501832e+00
8.7082886250e+00,2.3888900946e+00,9.0479918519e-01,1.7704447792e-01,4.6600113326e-04,1.7657847679e-01,2.8206465538e+00
8.7143954193e+00,2.3903493861e+00,9.0501647271e-01,1.7693756345e-01,4.6364018003e-04,1.7647392327e-01,2.8235462733e+00
8.7205022136e+00,2.3918095691e+00,9.0523329505e-01,1.7683070940e-01,4.6129124936e-04,1.7636941815e-01,2.8264493477e+00
8.7266090078e+00,2.3932706441e+00,9.0544965308e-01,1.7672391577e-01,4.5895428001e-04,1.7626496149e-01,2.8293557827e+00
8.7327158021e+00,2.3947326116e+00,9.0566554766e-01,1.7661718254e-01,4.5662921101e-04,1.7616055333e-01,2.8322655844e+00
8.7388225964e+00,2.3961954722e+00,9.0588097964e-01,1.7651050969e-01,4.5431598174e-04,1.7605619371e-01,2.8351787586e+00
8.7449293906e+00,2.3976592263e+00,9.0609594989e-01,1.7640389721e-01,4.5201453184e-04,1.7595188267e-01,2.8380953111e+00
8.7510361849e+00,2.3991238747e+00,9.0631045927e-01,1.7629734507e-01,4.4972480130e-04,1.7584762027e-01,2.8410152479e+00
8.7571429792e+00,2.4005894177e+00,9.0652450864e-01,1.7619085328e-01,4.4744673040e-04,1.7574340655e-01,2.8439385750e+00
8.7632497734e+00,2.4020558560e+00,9.0673809885e-01,1.7608442180e-01,4.4518025970e-04,1.7563924154e-01,2.8468652982e+00
8.7693565677e+00,2.4035231901e+00,9.0695123077e-01,1.7597805063e-01,4.4292533009e-04,1.7553512530e-01,2.8497954235e+00
8.7754633620e+00,2.4049914205e+00,9.0716390524e-01,1.7587173974e-01,4.4068188275e-04,1.7543105786e-01,2.8527289568e+00
8.7815701562e+00,2.4064605478e+00,9.0737612312e-01,1.7576548913e-01,4.3844985916e-04,1.7532703927e-01,2.8556659041e+00
8.7876769505e+00,2.4079305726e+00,9.0758788526e-01,1.7565929877e-01,4.3622920109e-04,1.7522306957e-01,2.8586062713e+00
8.7937837448e+00,2.4094014953e+00,9.0779919252e-01,1.7555316865e-01,4.3401985061e-04,1.7511914880e-01,2.8615500644e+00
8.7998905390e+00,2.4108733166e+00,9.0801004575e-01,1.7544709875e-01,4.3182175009e-04,1.7501527700e-01,2.8644972895e+00
8.8059973333e+00,2.4123460370e+00,9.0822044579e-01,1.7534108905e-01,4.2963484218e-04,1.7491145421e-01,2.8674479524e+00
8.8121041276e+00,2.4138196570e+00,9.0843039350e-01,1.7523513954e-01,4.2745906983e-04,1.7480768047e-01,2.8704020592e+00
8.8182109218e+00,2.4152941772e+00,9.0863988972e-01,1.7512925021e-01,4.2529437627e-04,1.7470395583e-01,2.8733596160e+00
8.8243177161e+00,2.4167695981e+00,9.0884893531e-01,1.7502342103e-01,4.2314070503e-04,1.7460028033e-01,2.8763206286e+00
8.8304245104e+00,2.4182459203e+00,9.0905753110e-01,1.7491765199e-01,4.2099799991e-04,1.7449665399e-01,2.8792851032e+00
8.8365313046e+00,2.4197231444e+00,9.0926567794e-01,1.7481194307e-01,4.1886620503e-04,1.7439307686e-01,2.8822530457e+00
8.8426380989e+00,2.4212012708e+00,9.0947337668e-01,1.7470629425e-01,4.1674526474e-04,1.7428954899e-01,2.8852244623e+00
8.8487448932e+00,2.4226803001e+00,9.0968062815e-01,1.7460070552e-01,4.1463512372e-04,1.7418607040e-01,2.8881993589e+00
8.8548516874e+00,2.4241602330e+00,9.0988743321e-01,1.7449517686e-01,4.1253572691e-04,1.7408264113e-01,2.8911777417e+00
8.8609584817e+00,2.4256410699e+00,9.1009379268e-01,1.7438970825e-01,4.1044701953e-04,1.7397926123e-01,2.8941596167e+00
8.8670652760e+00,2.4271228114e+00,9.1029970742e-01,1.7428429968e-01,4.0836894707e-04,1.7387593073e-01,2.8971449899e+00
8.8731720702e+00,2.4286054580e+00,9.1050517825e-01,1.7417895112e-01,4.0630145532e-04,1.7377264966e-01,2.9001338676e+00
8.8792788645e+00,2.4300890103e+00,9.1071020602e-01,1.7407366256e-01,4.0424449033e-04,1.7366941807e-01,2.9031262557e+00
8.8853856588e+00,2.4315734689e+00,9.1091479156e-01,1.7396843399e-01,4.0219799842e-04,1.7356623599e-01,2.9061221604e+00
8.8914924530e+00,2.4330588343e+00,9.1111893571e-01,1.7386326537e-01,4.0016192619e-04,1.7346310345e-01,2.9091215877e+00
8.8975992473e+00,2.4345451071e+00,9.1132263929e-01,1.7375815671e-01,3.9813622051e-04,1.7336002049e-01,2.9121245440e+00
8.9037060416e+00,2.4360322877e+00,9.1152590316e-01,1.7365310797e-01,3.9612082851e-04,1.7325698714e-01,2.9151310352e+00
8.9098128358e+00,2.4375203768e+00,9.1172872813e-01,1.7354811915e-01,3.9411569761e-04,1.7315400345e-01,2.9181410674e+00
8.9159196301e+00,2.4390093750e+00,9.1193111504e-01,1.7344319021e-01,3.9212077547e-04,1.7305106944e-01,2.9211546470e+00
8.9220264244e+00,2.4404992827e+00,9.1213306471e-01,1.7333832116e-01,3.9013601005e-04,1.7294818515e-01,2.9241717800e+00
8.9281332186e+00,2.4419901006e+00,9.1233457798e-01,1.7323351195e-01,3.8816134953e-04,1.7284535060e-01,2.9271924726e+00
8.9342400129e+00,2.4434818291e+00,9.1253565568e-01,1.7312876259e-01,3.8619674240e-04,1.7274256585e-01,2.9302167309e+00
8.9403468072e+00,2.4449744689e+00,9.1273629863e-01,1.7302407304e-01,3.8424213738e-04,1.7263983091e-01,2.9332445613e+00
8.9464536014e+00,2.4464680205e+00,9.1293650765e-01,1.7291944330e-01,3.8229748345e-04,1.7253714582e-01,2.9362759698e+00
8.9525603957e+00,2.4479624845e+00,9.1313628357e-01,1.7281487334e-01,3.8036272987e-04,1.7243451061e-01,2.9393109627e+00
8.9586671900e+00,2.4494578614e+00,9.1333562722e-01,1.7271036314e-01,3.7843782614e-04,1.7233192532e-01,2.9423495462e+00
8.9647739842e+00,2.4509541517e+00,9.1353453942e-01,1.7260591269e-01,3.7652272203e-04,1.7222938997e-01,2.9453917266e+00
8.9708807785e+00,2.4524513561e+00,9.1373302098e-01,1.7250152196e-01,3.7461736755e-04,1.7212690460e-01,2.9484375100e+00
8.9769875728e+00,2.4539494751e+00,9.1393107274e-01,1.7239719095e-01,3.7272171298e-04,1.7202446924e-01,2.9514869027e+00
8.9830943670e+00,2.4554485092e+00,9.1412869550e-01,1.7229291962e-01,3.7083570884e-04,1.7192208391e-01,2.9545399111e+00
8.9892011613e+00,2.4569484590e+00,9.1432589009e-01,1.7218870796e-01,3.6895930590e-04,1.7181974866e-01,2.9575965413e+00
8.9953079556e+00,2.4584493252e+00,9.1452265732e-01,1.7208455596e-01,3.6709245520e-04,1.7171746350e-01,2.9606567996e+00
9.0014147498e+00,2.4599511081e+00,9.1471899801e-01,1.7198046358e-01,3.6523510801e-04,1.7161522848e-01,2.9637206923e+00
9.0075215441e+00,2.4614538084e+00,9.1491491297e-01,1.7187643082e-01,3.6338721585e-04,1.7151304361e-01,2.9667882257e+00
9.0136283384e+00,2.4629574267e+00,9.1511040302e-01,1.7177245766e-01,3.6154873049e-04,1.7141090892e-01,2.9698594062e+00
9.0197351326e+00,2.4644619634e+00,9.1530546897e-01,1.7166854406e-01,3.5971960394e-04,1.7130882446e-01,2.9729342400e+00
9.0258419269e+00,2.4659674193e+00,9.1550011164e-01,1.7156469003e-01,3.5789978847e-04,1.7120679024e-01,2.9760127335e+00
9.0319487212e+00,2.4674737948e+00,9.1569433182e-01,1.7146089552e-01,3.5608923657e-04,1.7110480629e-01,2.9790948929e+00
9.0380555154e+00,2.4689810904e+00,9.1588813034e-01,1.7135716054e-01,3.5428790099e-04,1.7100287264e-01,2.9821807247e+00
9.0441623097e+00,2.4704893069e+00,9.1608150800e-01,1.7125348505e-01,3.5249573471e-04,1.7090098932e-01,2.9852702352e+00
9.0502691040e+00,2.4719984446e+00,9.1627446560e-01,1.7114986904e-01,3.5071269095e-04,1.7079915635e-01,2.9883634308e+00
9.0563758982e+00,2.4735085043e+00,9.1646700396e-01,1.7104631249e-01,3.4893872317e-04,1.7069737376e-01,2.9914603178e+00
9.0624826925e+00,2.4750194863e+00,9.1665912388e-01,1.7094281537e-01,3.4717378507e-04,1.7059564159e-01,2.9945609026e+00
9.0685894868e+00,2.4765313914e+00,9.1685082616e-01,1.7083937767e-01,3.4541783058e-04,1.7049395984e-01,2.9976651916e+00
9.0746962810e+00,2.4780442201e+00,9.1704211161e-01,1.7073599937e-01,3.4367081387e-04,1.7039232856e-01,3.0007731912e+00
9.0808030753e+00,2.4795579728e+00,9.1723298103e-01,1.7063268045e-01,3.4193268933e-04,1.7029074776e-01,3.0038849079e+00
9.0869098696e+00,2.4810726503e+00,9.1742343521e-01,1.7052942089e-01,3.4020341160e-04,1.7018921748e-01,3.0070003480e+00
9.0930166639e+00,2.4825882531e+00,9.1761347496e-01,1.7042622067e-01,3.3848293553e-04,1.7008773773e-01,3.0101195180e+00
9.0991234581e+00,2.4841047817e+00,9.1780310108e-01,1.7032307976e-01,3.3677121623e-04,1.6998630854e-01,3.0132424244e+00
9.1052302524e+00,2.4856222366e+00,9.1799231437e-01,1.7021999815e-01,3.3506820901e-04,1.6988492994e-01,3.0163690735e+00
9.1113370467e+00,2.4871406186e+00,9.1818111561e-01,1.7011697582e-01,3.3337386941e-04,1.6978360195e-01,3.0194994718e+00
9.1174438409e+00,2.4886599280e+00,9.1836950561e-01,1.7001401274e-01,3.3168815322e-04,1.6968232459e-01,3.0226336259e+00
9.1235506352e+00,2.4901801656e+00,9.1855748516e-01,1.6991110891e-01,3.3001101643e-04,1.6958109789e-01,3.0257715422e+00
9.1296574295e+00,2.4917013318e+00,9.1874505505e-01,1.6980826429e-01,3.2834241526e-04,1.6947992187e-01,3.0289132272e+00
9.1357642237e+00,2.4932234273e+00,9.1893221608e-01,1.6970547886e-01,3.2668230615e-04,1.6937879655e-01,3.0320586874e+00
9.1418710180e+00,2.4947464525e+00,9.1911896904e-01,1.6960275261e-01,3.2503064579e-04,1.6927772197e-01,3.0352079293e+00
9.1479778123e+00,2.4962704081e+00,9.1930531471e-01,1.6950008552e-01,3.2338739104e-04,1.6917669813e-01,3.0383609594e+00
9.1540846065e+00,2.4977952947e+00,9.1949125388e-01,1.6939747756e-01,3.2175249902e-04,1.6907572506e-01,3.0415177843e+00
9.1601914008e+00,2.4993211127e+00,9.1967678735e-01,1.6929492871e-01,3.2012592706e-04,1.6897480278e-01,3.0446784105e+00
9.1662981951e+00,2.5008478628e+00,9.1986191590e-01,1.6919243896e-01,3.1850763270e-04,1.6887393132e-01,3.0478428446e+00
9.1724049893e+00,2.5023755456e+00,9.2004664031e-01,1.6909000827e-01,3.1689757369e-04,1.6877311070e-01,3.0510110931e+00
9.1785117836e+00,2.5039041615e+00,9.2023096137e-01,1.6898763664e-01,3.1529570801e-04,1.6867234093e-01,3.0541831627e+00
9.1846185779e+00,2.5054337113e+00,9.2041487986e-01,1.6888532404e-01,3.1370199384e-04,1.6857162205e-01,3.0573590598e+00
9.1907253721e+00,2.5069641954e+00,9.2059839657e-01,1.6878307045e-01,3.1211638959e-04,1.6847095406e-01,3.0605387911e+00
9.1968321664e+00,2.5084956144e+00,9.2078151227e-01,1.6868087584e-01,3.1053885388e-04,1.6837033699e-01,3.0637223632e+00
9.2029389607e+00,2.5100279689e+00,9.2096422775e-01,1.6857874020e-01,3.0896934551e-04,1.6826977086e-01,3.0669097827e+00
9.2090457549e+00,2.5115612595e+00,9.2114654378e-01,1.6847666351e-01,3.0740782353e-04,1.6816925569e-01,3.0701010562e+00
9.2151525492e+00,2.5130954867e+00,9.2132846114e-01,1.6837464574e-01,3.0585424717e-04,1.6806879150e-01,3.0732961904e+00
9.2212593435e+00,2.5146306511e+00,9.2150998062e-01,1.6827268688e-01,3.0430857589e-04,1.6796837830e-01,3.0764951919e+00
9.2273661377e+00,2.5161667533e+00,9.2169110297e-01,1.6817078689e-01,3.0277076933e-04,1.6786801612e-01,3.0796980673e+00
9.2334729320e+00,2.5177037938e+00,9.2187182899e-01,1.6806894577e-01,3.0124078737e-04,1.6776770498e-01,3.0829048235e+00
9.2395797263e+00,2.5192417733e+00,9.2205215943e-01,1.6796716348e-01,2.9971859006e-04,1.6766744489e-01,3.0861154669e+00
9.2456865205e+00,2.5207806922e+00,9.2223209508e-01,1.6786544002e-01,2.9820413768e-04,1.6756723588e-01,3.0893300043e+00
9.2517933148e+00,2.5223205513e+00,9.2241163671e-01,1.6776377534e-01,2.9669739069e-04,1.6746707795e-01,3.0925484424e+00
9.2579001091e+00,2.5238613510e+00,9.2259078508e-01,1.6766216945e-01,2.9519830977e-04,1.6736697114e-01,3.0957707880e+00
9.2640069033e+00,2.5254030919e+00,9.2276954096e-01,1.6756062230e-01,2.9370685579e-04,1.6726691544e-01,3.0989970476e+00
9.2701136976e+00,2.5269457746e+00,9.2294790513e-01,1.6745913389e-01,2.9222298982e-04,1.6716691090e-01,3.1022272281e+00
9.2762204919e+00,2.5284893997e+00,9.2312587834e-01,1.6735770418e-01,2.9074667313e-04,1.6706695751e-01,3.1054613363e+00
9.2823272861e+00,2.5300339677e+00,9.2330346137e-01,1.6725633316e-01,2.8927786719e-04,1.6696705529e-01,3.1086993787e+00
9.2884340804e+00,2.5315794792e+00,9.2348065498e-01,1.6715502081e-01,2.8781653366e-04,1.6686720427e-01,3.1119413623e+00
9.2945408747e+00,2.5331259349e+00,9.2365745993e-01,1.6705376709e-01,2.8636263441e-04,1.6676740446e-01,3.1151872938e+00
9.3006476689e+00,2.5346733352e+00,9.2383387699e-01,1.6695257200e-01,2.8491613149e-04,1.6666765587e-01,3.1184371799e+00
9.3067544632e+00,2.5362216808e+00,9.2400990691e-01,1.6685143551e-01,2.8347698713e-04,1.6656795853e-01,3.1216910275e+00
9.3128612575e+00,2.5377709722e+00,9.2418555046e-01,1.6675035760e-01,2.8204516379e-04,1.6646831244e-01,3.1249488433e+00
9.3189680517e+00,2.5393212100e+00,9.2436080839e-01,1.6664933824e-01,2.8062062410e-04,1.6636871762e-01,3.1282106342e+00
9.3250748460e+00,2.5408723949e+00,9.2453568147e-01,1.6654837742e-01,2.7920333086e-04,1.6626917408e-01,3.1314764071e+00
9.3311816403e+00,2.5424245272e+00,9.2471017045e-01,1.6644747510e-01,2.7779324711e-04,1.6616968185e-01,3.1347461686e+00
9.3372884345e+00,2.5439776077e+00,9.2488427608e-01,1.6634663127e-01,2.7639033602e-04,1.6607024094e-01,3.1380199258e+00
9.3433952288e+00,2.5455316370e+00,9.2505799912e-01,1.6624584591e-01,2.7499456100e-04,1.6597085135e-01,3.1412976854e+00
9.3495020231e+00,2.5470866155e+00,9.2523134033e-01,1.6614511899e-01,2.7360588562e-04,1.6587151311e-01,3.1445794543e+00
9.3556088173e+00,2.5486425440e+00,9.2540430045e-01,1.6604445050e-01,2.7222427362e-04,1.6577222622e-01,3.1478652394e+00
9.3617156116e+00,2.5501994229e+00,9.2557688024e-01,1.6594384040e-01,2.7084968897e-04,1.6567299071e-01,3.1511550476e+00
9.3678224059e+00,2.5517572528e+00,9.2574908044e-01,1.6584328868e-01,2.6948209578e-04,1.6557380658e-01,3.1544488857e+00
9.3739292001e+00,2.5533160344e+00,9.2592090182e-01,1.6574279531e-01,2.6812145836e-04,1.6547467385e-01,3.1577467608e+00
9.3800359944e+00,2.5548757682e+00,9.2609234511e-01,1.6564236027e-01,2.6676774122e-04,1.6537559253e-01,3.1610486797e+00
9.3861427887e+00,2.5564364547e+00,9.2626341106e-01,1.6554198354e-01,2.6542090901e-04,1.6527656263e-01,3.1643546493e+00
9.3922495829e+00,2.5579980946e+00,9.2643410041e-01,1.6544166510e-01,2.6408092660e-04,1.6517758417e-01,3.1676646766e+00
9.3983563772e+00,2.5595606885e+00,9.2660441392e-01,1.6534140492e-01,2.6274775902e-04,1.6507865716e-01,3.1709787686e+00
9.4044631715e+00,2.5611242369e+00,9.2677435233e-01,1.6524120298e-01,2.6142137148e-04,1.6497978161e-01,3.1742969322e+00
9.4105699657e+00,2.5626887405e+00,9.2694391637e-01,1.6514105926e-01,2.6010172937e-04,1.6488095753e-01,3.1776191744e+00
9.4166767600e+00,2.5642541997e+00,9.2711310679e-01,1.6504097373e-01,2.5878879825e-04,1.6478218493e-01,3.1809455022e+00
9.4227835543e+00,2.5658206152e+00,9.2728192433e-01,1.6494094637e-01,2.5748254387e-04,1.6468346383e-01,3.1842759225e+00
9.4288903485e+00,2.5673879876e+00,9.2745036973e-01,1.6484097716e-01,2.5618293213e-04,1.6458479423e-01,3.1876104425e+00
9.4349971428e+00,2.5689563175e+00,9.2761844373e-01,1.6474106608e-01,2.5488992913e-04,1.6448617615e-01,3.1909490691e+00
9.4411039371e+00,2.5705256054e+00,9.2778614706e-01,1.6464121310e-01,2.5360350114e-04,1.6438760960e-01,3.1942918093e+00
9.4472107313e+00,2.5720958519e+00,9.2795348046e-01,1.6454141819e-01,2.5232361458e-04,1.6428909458e-01,3.1976386702e+00
9.4533175256e+00,2.5736670576e+00,9.2812044466e-01,1.6444168135e-01,2.5105023606e-04,1.6419063111e-01,3.2009896589e+00
9.4594243199e+00,2.5752392231e+00,9.2828704040e-01,1.6434200254e-01,2.4978333235e-04,1.6409221920e-01,3.2043447824e+00
9.4655311141e+00,2.5768123490e+00,9.2845326841e-01,1.6424238173e-01,2.4852287041e-04,1.6399385886e-01,3.2077040478e+00
9.4716379084e+00,2.5783864359e+00,9.2861912943e-01,1.6414281892e-01,2.4726881735e-04,1.6389555010e-01,3.2110674622e+00
9.4777447027e+00,2.5799614843e+00,9.2878462417e-01,1.6404331406e-01,2.4602114044e-04,1.6379729292e-01,3.2144350327e+00
9.4838514970e+00,2.5815374949e+00,9.2894975338e-01,1.6394386715e-01,2.4477980714e-04,1.6369908734e-01,3.2178067664e+00
9.4899582912e+00,2.5831144682e+00,9.2911451777e-01,1.6384447815e-01,2.4354478506e-04,1.6360093337e-01,3.2211826704e+00
9.4960650855e+00,2.5846924048e+00,9.2927891808e-01,1.6374514705e-01,2.4231604198e-04,1.6350283100e-01,3.2245627519e+00
9.5021718798e+00,2.5862713054e+00,9.2944295504e-01,1.6364587381e-01,2.4109354584e-04,1.6340478027e-01,3.2279470179e+00
9.5082786740e+00,2.5878511704e+00,9.2960662936e-01,1.6354665842e-01,2.3987726476e-04,1.6330678116e-01,3.2313354757e+00
9.5143854683e+00,2.5894320005e+00,9.2976994177e-01,1.6344750086e-01,2.3866716701e-04,1.6320883369e-01,3.2347281325e+00
9.5204922626e+00,2.5910137963e+00,9.2993289299e-01,1.6334840109e-01,2.3746322101e-04,1.6311093787e-01,3.2381249954e+00
9.5265990568e+00,2.5925965583e+00,9.3009548375e-01,1.6324935910e-01,2.3626539536e-04,1.6301309370e-01,3.2415260715e+00
9.5327058511e+00,2.5941802872e+00,9.3025771476e-01,1.6315037486e-01,2.3507365882e-04,1.6291530120e-01,3.2449313682e+00
9.5388126454e+00,2.5957649836e+00,9.3041958675e-01,1.6305144834e-01,2.3388798029e-04,1.6281756036e-01,3.2483408926e+00
9.5449194396e+00,2.5973506480e+00,9.3058110043e-01,1.6295257953e-01,2.3270832885e-04,1.6271987120e-01,3.2517546520e+00
9.5510262339e+00,2.5989372810e+00,9.3074225652e-01,1.6285376840e-01,2.3153467374e-04,1.6262223373e-01,3.2551726535e+00
9.5571330282e+00,2.6005248832e+00,9.3090305573e-01,1.6275501493e-01,2.3036698433e-04,1.6252464795e-01,3.2585949045e+00
9.5632398224e+00,2.6021134553e+00,9.3106349879e-01,1.6265631909e-01,2.2920523017e-04,1.6242711386e-01,3.2620214121e+00
9.5693466167e+00,2.6037029977e+00,9.3122358640e-01,1.6255768086e-01,2.2804938096e-04,1.6232963148e-01,3.2654521837e+00
9.5754534110e+00,2.6052935112e+00,9.3138331927e-01,1.6245910022e-01,2.2689940655e-04,1.6223220081e-01,3.2688872266e+00
9.5815602052e+00,2.6068849962e+00,9.3154269812e-01,1.6236057713e-01,2.2575527696e-04,1.6213482185e-01,3.2723265481e+00
9.5876669995e+00,2.6084774534e+00,9.3170172367e-01,1.6226211158e-01,2.2461696233e-04,1.6203749462e-01,3.2757701553e+00
9.5937737938e+00,2.6100708835e+00,9.3186039660e-01,1.6216370355e-01,2.2348443299e-04,1.6194021912e-01,3.2792180558e+00
9.5998805880e+00,2.6116652868e+00,9.3201871765e-01,1.6206535300e-01,2.2235765939e-04,1.6184299534e-01,3.2826702568e+00
9.6059873823e+00,2.6132606642e+00,9.3217668751e-01,1.6196705992e-01,2.2123661215e-04,1.6174582331e-01,3.2861267656e+00
9.6120941766e+00,2.6148570161e+00,9.3233430688e-01,1.6186882428e-01,2.2012126205e-04,1.6164870302e-01,3.2895875896e+00
9.6182009708e+00,2.6164543431e+00,9.3249157648e-01,1.6177064605e-01,2.1901157998e-04,1.6155163447e-01,3.2930527362e+00
9.6243077651e+00,2.6180526459e+00,9.3264849701e-01,1.6167252522e-01,2.1790753702e-04,1.6145461768e-01,3.2965222127e+00
9.6304145594e+00,2.6196519251e+00,9.3280506917e-01,1.6157446176e-01,2.1680910437e-04,1.6135765265e-01,3.2999960266e+00
9.6365213536e+00,2.6212521812e+00,9.3296129366e-01,1.6147645563e-01,2.1571625340e-04,1.6126073938e-01,3.3034741852e+00
9.6426281479e+00,2.6228534149e+00,9.3311717119e-01,1.6137850683e-01,2.1462895560e-04,1.6116387788e-01,3.3069566960e+00
9.6487349422e+00,2.6244556267e+00,9.3327270245e-01,1.6128061532e-01,2.1354718263e-04,1.6106706814e-01,3.3104435664e+00
9.6548417364e+00,2.6260588172e+00,9.3342788813e-01,1.6118278109e-01,2.1247090628e-04,1.6097031018e-01,3.3139348038e+00
9.6609485307e+00,2.6276629870e+00,9.3358272895e-01,1.6108500410e-01,2.1140009849e-04,1.6087360400e-01,3.3174304156e+00
9.6670553250e+00,2.6292681368e+00,9.3373722559e-01,1.6098728433e-01,2.1033473134e-04,1.6077694960e-01,3.3209304094e+00
9.6731621192e+00,2.6308742672e+00,9.3389137874e-01,1.6088962176e-01,2.0927477705e-04,1.6068034698e-01,3.3244347926e+00
9.6792689135e+00,2.6324813786e+00,9.3404518911e-01,1.6079201636e-01,2.0822020799e-04,1.6058379615e-01,3.3279435727e+00
9.6853757078e+00,2.6340894718e+00,9.3419865739e-01,1.6069446811e-01,2.0717099667e-04,1.6048729711e-01,3.3314567571e+00
9.6914825020e+00,2.6356985473e+00,9.3435178426e-01,1.6059697698e-01,2.0612711574e-04,1.6039084986e-01,3.3349743535e+00
9.6975892963e+00,2.6373086058e+00,9.3450457042e-01,1.6049954295e-01,2.0508853797e-04,1.6029445441e-01,3.3384963693e+00
9.7036960906e+00,2.6389196477e+00,9.3465701656e-01,1.6040216600e-01,2.0405523631e-04,1.6019811076e-01,3.3420228121e+00
9.7098028848e+00,2.6405316738e+00,9.3480912337e-01,1.6030484609e-01,2.0302718381e-04,1.6010181891e-01,3.3455536893e+00
9.7159096791e+00,2.6421446847e+00,9.3496089152e-01,1.6020758321e-01,2.0200435367e-04,1.6000557886e-01,3.3490890086e+00
9.7220164734e+00,2.6437586808e+00,9.3511232172e-01,1.6011037733e-01,2.0098671924e-04,1.5990939061e-01,3.3526287776e+00
9.7281232676e+00,2.6453736629e+00,9.3526341464e-01,1.6001322843e-01,1.9997425399e-04,1.5981325417e-01,3.3561730038e+00
9.7342300619e+00,2.6469896316e+00,9.3541417097e-01,1.5991613647e-01,1.9896693152e-04,1.5971716954e-01,3.3597216948e+00
9.7403368562e+00,2.6486065874e+00,9.3556459140e-01,1.5981910145e-01,1.9796472559e-04,1.5962113672e-01,3.3632748582e+00
9.7464436504e+00,2.6502245309e+00,9.3571467659e-01,1.5972212332e-01,1.9696761008e-04,1.5952515571e-01,3.3668325016e+00
9.7525504447e+00,2.6518434628e+00,9.3586442724e-01,1.5962520207e-01,1.9597555900e-04,1.5942922651e-01,3.3703946327e+00
9.7586572390e+00,2.6534633836e+00,9.3601384403e-01,1.5952833767e-01,1.9498854649e-04,1.5933334912e-01,3.3739612592e+00
9.7647640332e+00,2.6550842940e+00,9.3616292763e-01,1.5943153010e-01,1.9400654683e-04,1.5923752355e-01,3.3775323886e+00
9.7708708275e+00,2.6567061945e+00,9.3631167872e-01,1.5933477932e-01,1.9302953444e-04,1.5914174979e-01,3.3811080287e+00
9.7769776218e+00,2.6583290858e+00,9.3646009797e-01,1.5923808533e-01,1.9205748384e-04,1.5904602784e-01,3.3846881871e+00
9.7830844160e+00,2.6599529685e+00,9.3660818607e-01,1.5914144808e-01,1.9109036972e-04,1.5895035771e-01,3.3882728715e+00
9.7891912103e+00,2.6615778431e+00,9.3675594368e-01,1.5904486756e-01,1.9012816687e-04,1.5885473940e-01,3.3918620896e+00
9.7952980046e+00,2.6632037103e+00,9.3690337148e-01,1.5894834375e-01,1.8917085022e-04,1.5875917290e-01,3.3954558492e+00
9.8014047988e+00,2.6648305707e+00,9.3705047015e-01,1.5885187660e-01,1.8821839483e-04,1.5866365821e-01,3.3990541580e+00
9.8075115931e+00,2.6664584249e+00,9.3719724034e-01,1.5875546611e-01,1.8727077587e-04,1.5856819534e-01,3.4026570237e+00
9.8136183874e+00,2.6680872735e+00,9.3734368274e-01,1.5865911225e-01,1.8632796867e-04,1.5847278428e-01,3.4062644541e+00
9.8197251816e+00,2.6697171171e+00,9.3748979801e-01,1.5856281498e-01,1.8538994866e-04,1.5837742504e-01,3.4098764569e+00
9.8258319759e+00,2.6713479564e+00,9.3763558682e-01,1.5846657430e-01,1.8445669140e-04,1.5828211760e-01,3.4134930400e+00
9.8319387702e+00,2.6729797918e+00,9.3778104984e-01,1.5837039016e-01,1.8352817258e-04,1.5818686198e-01,3.4171142112e+00
9.8380455644e+00,2.6746126241e+00,9.3792618772e-01,1.5827426254e-01,1.8260436801e-04,1.5809165817e-01,3.4207399781e+00
9.8441523587e+00,2.6762464538e+00,9.3807100114e-01,1.5817819143e-01,1.8168525362e-04,1.5799650617e-01,3.4243703488e+00
9.8502591530e+00,2.6778812816e+00,9.3821549076e-01,1.5808217679e-01,1.8077080548e-04,1.5790140598e-01,3.4280053309e+00
9.8563659473e+00,2.6795171081e+00,9.3835965724e-01,1.5798621859e-01,1.7986099977e-04,1.5780635759e-01,3.4316449323e+00
9.8624727415e+00,2.6811539338e+00,9.3850350124e-01,1.5789031682e-01,1.7895581278e-04,1.5771136101e-01,3.4352891610e+00
9.8685795358e+00,2.6827917593e+00,9.3864702343e-01,1.5779447145e-01,1.7805522094e-04,1.5761641623e-01,3.4389380247e+00
9.8746863301e+00,2.6844305854e+00,9.3879022446e-01,1.5769868246e-01,1.7715920079e-04,1.5752152326e-01,3.4425915314e+00
9.8807931243e+00,2.6860704126e+00,9.3893310498e-01,1.5760294980e-01,1.7626772901e-04,1.5742668208e-01,3.4462496890e+00
9.8868999186e+00,2.6877112415e+00,9.3907566566e-01,1.5750727348e-01,1.7538078237e-04,1.5733189269e-01,3.4499125053e+00
9.8930067129e+00,2.6893530727e+00,9.3921790716e-01,1.5741165344e-01,1.7449833777e-04,1.5723715510e-01,3.4535799883e+00
9.8991135071e+00,2.6909959069e+00,9.3935983012e-01,1.5731608968e-01,1.7362037224e-04,1.5714246931e-01,3.4572521460e+00
9.9052203014e+00,2.6926397446e+00,9.3950143520e-01,1.5722058216e-01,1.7274686290e-04,1.5704783530e-01,3.4609289862e+00
9.9113270957e+00,2.6942845865e+00,9.3964272305e-01,1.5712513086e-01,1.7187778703e-04,1.5695325308e-01,3.4646105170e+00
9.9174338899e+00,2.6959304332e+00,9.3978369433e-01,1.5702973576e-01,1.7101312198e-04,1.5685872264e-01,3.4682967462e+00
9.9235406842e+00,2.6975772852e+00,9.3992434969e-01,1.5693439682e-01,1.7015284524e-04,1.5676424398e-01,3.4719876820e+00
9.9296474785e+00,2.6992251433e+00,9.4006468976e-01,1.5683911403e-01,1.6929693442e-04,1.5666981710e-01,3.4756833323e+00
9.9357542727e+00,2.7008740079e+00,9.4020471521e-01,1.5674388736e-01,1.6844536723e-04,1.5657544199e-01,3.4793837051e+00
9.9418610670e+00,2.7025238798e+00,9.4034442668e-01,1.5664871677e-01,1.6759812149e-04,1.5648111865e-01,3.4830888084e+00
9.9479678613e+00,2.7041747596e+00,9.4048382481e-01,1.5655360225e-01,1.6675517517e-04,1.5638684708e-01,3.4867986504e+00
9.9540746555e+00,2.7058266478e+00,9.4062291026e-01,1.5645854377e-01,1.6591650630e-04,1.5629262727e-01,3.4905132390e+00
9.9601814498e+00,2.7074795451e+00,9.4076168366e-01,1.5636354131e-01,1.6508209306e-04,1.5619845921e-01,3.4942325822e+00
9.9662882441e+00,2.7091334522e+00,9.4090014566e-01,1.5626859483e-01,1.6425191372e-04,1.5610434292e-01,3.4979566883e+00
9.9723950383e+00,2.7107883695e+00,9.4103829689e-01,1.5617370432e-01,1.6342594669e-04,1.5601027837e-01,3.5016855653e+00
9.9785018326e+00,2.7124442977e+00,9.4117613801e-01,1.5607886974e-01,1.6260417045e-04,1.5591626557e-01,3.5054192213e+00
9.9846086269e+00,2.7141012375e+00,9.4131366964e-01,1.5598409107e-01,1.6178656363e-04,1.5582230451e-01,3.5091576643e+00
9.9907154211e+00,2.7157591895e+00,9.4145089243e-01,1.5588936829e-01,1.6097310494e-04,1.5572839518e-01,3.5129009026e+00
9.9968222154e+00,2.7174181543e+00,9.4158780702e-01,1.5579470137e-01,1.6016377321e-04,1.5563453759e-01,3.5166489444e+00
1.0002929010e+01,2.7190781324e+00,9.4172441404e-01,1.5570009028e-01,1.5935854738e-04,1.5554073173e-01,3.5204017976e+00
1.0009035804e+01,2.7207391246e+00,9.4186071413e-01,1.5560553500e-01,1.5855740649e-04,1.5544697759e-01,3.5241594706e+00
1.0015142598e+01,2.7224011315e+00,9.4199670792e-01,1.5551103550e-01,1.5776032970e-04,1.5535327517e-01,3.5279219715e+00
1.0021249392e+01,2.7240641536e+00,9.4213239604e-01,1.5541659175e-01,1.5696729627e-04,1.5525962445e-01,3.5316893085e+00
1.0027356187e+01,2.7257281915e+00,9.4226777913e-01,1.5532220373e-01,1.5617828556e-04,1.5516602545e-01,3.5354614899e+00
1.0033462981e+01,2.7273932460e+00,9.4240285782e-01,1.5522787142e-01,1.5539327704e-04,1.5507247815e-01,3.5392385238e+00
1.0039569775e+01,2.7290593176e+00,9.4253763274e-01,1.5513359479e-01,1.5461225029e-04,1.5497898254e-01,3.5430204185e+00
1.0045676570e+01,2.7307264070e+00,9.4267210451e-01,1.5503937380e-01,1.5383518499e-04,1.5488553862e-01,3.5468071823e+00
1.0051783364e+01,2.7323945147e+00,9.4280627377e-01,1.5494520845e-01,1.5306206092e-04,1.5479214638e-01,3.5505988234e+00
1.0057890158e+01,2.7340636414e+00,9.4294014114e-01,1.5485109869e-01,1.5229285797e-04,1.5469880583e-01,3.5543953501e+00
1.0063996952e+01,2.7357337878e+00,9.4307370725e-01,1.5475704450e-01,1.5152755613e-04,1.5460551694e-01,3.5581967707e+00
1.0070103747e+01,2.7374049543e+00,9.4320697272e-01,1.5466304586e-01,1.5076613550e-04,1.5451227973e-01,3.5620030935e+00
1.0076210541e+01,2.7390771418e+00,9.4333993818e-01,1.5456910274e-01,1.5000857627e-04,1.5441909417e-01,3.5658143269e+00
1.0082317335e+01,2.7407503507e+00,9.4347260424e-01,1.5447521512e-01,1.4925485872e-04,1.5432596026e-01,3.5696304791e+00
1.0088424129e+01,2.7424245817e+00,9.4360497154e-01,1.5438138297e-01,1.4850496327e-04,1.5423287800e-01,3.5734515586e+00
1.0094530924e+01,2.7440998354e+00,9.4373704068e-01,1.5428760625e-01,1.4775887041e-04,1.5413984738e-01,3.5772775736e+00
1.0100637718e+01,2.7457761125e+00,9.4386881229e-01,1.5419388496e-01,1.4701656073e-04,1.5404686840e-01,3.5811085326e+00
1.0106744512e+01,2.7474534136e+00,9.4400028700e-01,1.5410021905e-01,1.4627801494e-04,1.5395394103e-01,3.5849444440e+00
1.0112851306e+01,2.7491317393e+00,9.4413146541e-01,1.5400660851e-01,1.4554321382e-04,1.5386106529e-01,3.5887853161e+00
1.0118958101e+01,2.7508110902e+00,9.4426234813e-01,1.5391305330e-01,1.4481213826e-04,1.5376824116e-01,3.5926311574e+00
1.0125064895e+01,2.7524914669e+00,9.4439293580e-01,1.5381955341e-01,1.4408476927e-04,1.5367546864e-01,3.5964819764e+00
1.0131171689e+01,2.7541728702e+00,9.4452322902e-01,1.5372610880e-01,1.4336108792e-04,1.5358274771e-01,3.6003377814e+00
1.0137278484e+01,2.7558553006e+00,9.4465322840e-01,1.5363271945e-01,1.4264107540e-04,1.5349007837e-01,3.6041985809e+00
1.0143385278e+01,2.7575387587e+00,9.4478293456e-01,1.5353938533e-01,1.4192471300e-04,1.5339746061e-01,3.6080643834e+00
1.0149492072e+01,2.7592232452e+00,9.4491234810e-01,1.5344610641e-01,1.4121198208e-04,1.5330489443e-01,3.6119351975e+00
1.0155598866e+01,2.7609087606e+00,9.4504146965e-01,1.5335288268e-01,1.4050286413e-04,1.5321237981e-01,3.6158110315e+00
1.0161705661e+01,2.7625953057e+00,9.4517029979e-01,1.5325971410e-01,1.3979734070e-04,1.5311991676e-01,3.6196918941e+00
1.0167812455e+01,2.7642828811e+00,9.4529883915e-01,1.5316660064e-01,1.3909539346e-04,1.5302750525e-01,3.6235777937e+00
1.0173919249e+01,2.7659714873e+00,9.4542708834e-01,1.5307354229e-01,1.3839700416e-04,1.5293514529e-01,3.6274687388e+00
1.0180026043e+01,2.7676611251e+00,9.4555504794e-01,1.5298053901e-01,1.3770215466e-04,1.5284283685e-01,3.6313647382e+00
1.0186132838e+01,2.7693517949e+00,9.4568271858e-01,1.5288759078e-01,1.3701082689e-04,1.5275057995e-01,3.6352658003e+00
1.0192239632e+01,2.7710434976e+00,9.4581010086e-01,1.5279469756e-01,1.3632300288e-04,1.5265837456e-01,3.6391719337e+00
1.0198346426e+01,2.7727362337e+00,9.4593719537e-01,1.5270185935e-01,1.3563866477e-04,1.5256622068e-01,3.6430831470e+00
1.0204453220e+01,2.7744300038e+00,9.4606400271e-01,1.5260907610e-01,1.3495779477e-04,1.5247411830e-01,3.6469994489e+00
1.0210560015e+01,2.7761248085e+00,9.4619052350e-01,1.5251634779e-01,1.3428037518e-04,1.5238206741e-01,3.6509208479e+00
1.0216666809e+01,2.7778206486e+00,9.4631675833e-01,1.5242367439e-01,1.3360638840e-04,1.5229006801e-01,3.6548473528e+00
1.0222773603e+01,2.7795175246e+00,9.4644270779e-01,1.5233105589e-01,1.3293581693e-04,1.5219812007e-01,3.6587789721e+00
1.0228880398e+01,2.7812154371e+00,9.4656837249e-01,1.5223849225e-01,1.3226864334e-04,1.5210622360e-01,3.6627157146e+00
1.0234987192e+01,2.7829143869e+00,9.4669375302e-01,1.5214598344e-01,1.3160485029e-04,1.5201437859e-01,3.6666575889e+00
1.0241093986e+01,2.7846143745e+00,9.4681884997e-01,1.5205352944e-01,1.3094442055e-04,1.5192258502e-01,3.6706046038e+00
1.0247200780e+01,2.7863154005e+00,9.4694366394e-01,1.5196113022e-01,1.3028733696e-04,1.5183084288e-01,3.6745567680e+00
1.0253307575e+01,2.7880174657e+00,9.4706819553e-01,1.5186878576e-01,1.2963358244e-04,1.5173915218e-01,3.6785140901e+00
1.0259414369e+01,2.7897205705e+00,9.4719244532e-01,1.5177649603e-01,1.2898314002e-04,1.5164751289e-01,3.6824765790e+00
1.0265521163e+01,2.7914247158e+00,9.4731641391e-01,1.5168426099e-01,1.2833599281e-04,1.5155592500e-01,3.6864442434e+00
1.0271627957e+01,2.7931299020e+00,9.4744010189e-01,1.5159208064e-01,1.2769212400e-04,1.5146438852e-01,3.6904170921e+00
1.0277734752e+01,2.7948361299e+00,9.4756350984e-01,1.5149995493e-01,1.2705151685e-04,1.5137290342e-01,3.6943951338e+00
1.0283841546e+01,2.7965434001e+00,9.4768663836e-01,1.5140788385e-01,1.2641415475e-04,1.5128146969e-01,3.6983783775e+00
1.0289948340e+01,2.7982517132e+00,9.4780948802e-01,1.5131586736e-01,1.2578002114e-04,1.5119008734e-01,3.7023668318e+00
1.0296055134e+01,2.7999610698e+00,9.4793205943e-01,1.5122390544e-01,1.2514909954e-04,1.5109875634e-01,3.7063605057e+00
1.0302161929e+01,2.8016714706e+00,9.4805435315e-01,1.5113199806e-01,1.2452137359e-04,1.5100747669e-01,3.7103594080e+00
1.0308268723e+01,2.8033829163e+00,9.4817636979e-01,1.5104014520e-01,1.2389682698e-04,1.5091624837e-01,3.7143635475e+00
1.0314375517e+01,2.8050954074e+00,9.4829810990e-01,1.5094834682e-01,1.2327544349e-04,1.5082507138e-01,3.7183729331e+00
1.0320482312e+01,2.8068089446e+00,9.4841957409e-01,1.5085660291e-01,1.2265720700e-04,1.5073394571e-01,3.7223875738e+00
1.0326589106e+01,2.8085235286e+00,9.4854076294e-01,1.5076491343e-01,1.2204210146e-04,1.5064287133e-01,3.7264074784e+00
1.0332695900e+01,2.8102391599e+00,9.4866167701e-01,1.5067327837e-01,1.2143011090e-04,1.5055184826e-01,3.7304326558e+00
1.0338802694e+01,2.8119558393e+00,9.4878231689e-01,1.5058169768e-01,1.2082121942e-04,1.5046087646e-01,3.7344631151e+00
1.0344909489e+01,2.8136735673e+00,9.4890268316e-01,1.5049017135e-01,1.2021541124e-04,1.5036995594e-01,3.7384988650e+00
1.0351016283e+01,2.8153923446e+00,9.4902277640e-01,1.5039869934e-01,1.1961267063e-04,1.5027908667e-01,3.7425399148e+00
1.0357123077e+01,2.8171121719e+00,9.4914259717e-01,1.5030728164e-01,1.1901298193e-04,1.5018826866e-01,3.7465862732e+00
1.0363229871e+01,2.8188330497e+00,9.4926214606e-01,1.5021591821e-01,1.1841632960e-04,1.5009750188e-01,3.7506379493e+00
1.0369336666e+01,2.8205549788e+00,9.4938142364e-01,1.5012460903e-01,1.1782269814e-04,1.5000678633e-01,3.7546949521e+00
1.0375443460e+01,2.8222779597e+00,9.4950043047e-01,1.5003335407e-01,1.1723207216e-04,1.4991612199e-01,3.7587572907e+00
1.0381550254e+01,2.8240019932e+00,9.4961916714e-01,1.4994215330e-01,1.1664443633e-04,1.4982550886e-01,3.7628249740e+00
1.0387657048e+01,2.8257270798e+00,9.4973763422e-01,1.4985100670e-01,1.1605977540e-04,1.4973494692e-01,3.7668980112e+00
1.0393763843e+01,2.8274532202e+00,9.4985583227e-01,1.4975991424e-01,1.1547807420e-04,1.4964443616e-01,3.7709764113e+00
1.0399870637e+01,2.8291804150e+00,9.4997376185e-01,1.4966887589e-01,1.1489931764e-04,1.4955397657e-01,3.7750601835e+00
1.0405977431e+01,2.8309086649e+00,9.5009142355e-01,1.4957789163e-01,1.1432349072e-04,1.4946356814e-01,3.7791493367e+00
1.0412084226e+01,2.8326379706e+00,9.5020881793e-01,1.4948696142e-01,1.1375057848e-04,1.4937321085e-01,3.7832438802e+00
1.0418191020e+01,2.8343683326e+00,9.5032594554e-01,1.4939608525e-01,1.1318056608e-04,1.4928290469e-01,3.7873438230e+00
1.0424297814e+01,2.8360997516e+00,9.5044280696e-01,1.4930526309e-01,1.1261343872e-04,1.4919264965e-01,3.7914491744e+00
1.0430404608e+01,2.8378322284e+00,9.5055940275e-01,1.4921449490e-01,1.1204918170e-04,1.4910244572e-01,3.7955599434e+00
1.0436511403e+01,2.8395657634e+00,9.5067573347e-01,1.4912378067e-01,1.1148778038e-04,1.4901229289e-01,3.7996761393e+00
1.0442618197e+01,2.8413003574e+00,9.5079179968e-01,1.4903312036e-01,1.1092922022e-04,1.4892219114e-01,3.8037977713e+00
1.0448724991e+01,2.8430360109e+00,9.5090760195e-01,1.4894251394e-01,1.1037348671e-04,1.4883214046e-01,3.8079248485e+00
1.0454831785e+01,2.8447727248e+00,9.5102314083e-01,1.4885196140e-01,1.0982056545e-04,1.4874214084e-01,3.8120573803e+00
1.0460938580e+01,2.8465104995e+00,9.5113841688e-01,1.4876146270e-01,1.0927044211e-04,1.4865219226e-01,3.8161953757e+00
1.0467045374e+01,2.8482493358e+00,9.5125343066e-01,1.4867101782e-01,1.0872310242e-04,1.4856229472e-01,3.8203388442e+00
1.0473152168e+01,2.8499892343e+00,9.5136818273e-01,1.4858062672e-01,1.0817853220e-04,1.4847244819e-01,3.8244877950e+00
1.0479258963e+01,2.8517301956e+00,9.5148267364e-01,1.4849028939e-01,1.0763671732e-04,1.4838265268e-01,3.8286422373e+00
1.0485365757e+01,2.8534722204e+00,9.5159690394e-01,1.4840000580e-01,1.0709764374e-04,1.4829290815e-01,3.8328021805e+00
1.0491472551e+01,2.8552153094e+00,9.5171087419e-01,1.4830977591e-01,1.0656129749e-04,1.4820321461e-01,3.8369676339e+00
1.0497579345e+01,2.8569594631e+00,9.5182458495e-01,1.4821959970e-01,1.0602766467e-04,1.4811357204e-01,3.8411386068e+00
1.0503686140e+01,2.8587046823e+00,9.5193803675e-01,1.4812947715e-01,1.0549673144e-04,1.4802398042e-01,3.8453151086e+00
1.0509792934e+01,2.8604509676e+00,9.5205123016e-01,1.4803940823e-01,1.0496848404e-04,1.4793443974e-01,3.8494971486e+00
1.0515899728e+01,2.8621983196e+00,9.5216416572e-01,1.4794939290e-01,1.0444290880e-04,1.4784494999e-01,3.8536847363e+00
1.0522006522e+01,2.8639467391e+00,9.5227684399e-01,1.4785943115e-01,1.0391999208e-04,1.4775551116e-01,3.8578778810e+00
1.0528113317e+01,2.8656962266e+00,9.5238926550e-01,1.4776952295e-01,1.0339972033e-04,1.4766612323e-01,3.8620765921e+00
1.0534220111e+01,2.8674467828e+00,9.5250143080e-01,1.4767966826e-01,1.0288208009e-04,1.4757678618e-01,3.8662808791e+00
1.0540326905e+01,2.8691984083e+00,9.5261334045e-01,1.4758986706e-01,1.0236705793e-04,1.4748750001e-01,3.8704907515e+00
1.0546433699e+01,2.8709511039e+00,9.5272499499e-01,1.4750011933e-01,1.0185464052e-04,1.4739826469e-01,3.8747062186e+00
1.0552540494e+01,2.8727048701e+00,9.5283639495e-01,1.4741042504e-01,1.0134481457e-04,1.4730908023e-01,3.8789272900e+00
1.0558647288e+01,2.8744597076e+00,9.5294754088e-01,1.4732078416e-01,1.0083756689e-04,1.4721994659e-01,3.8831539751e+00
1.0564754082e+01,2.8762156171e+00,9.5305843333e-01,1.4723119666e-01,1.0033288433e-04,1.4713086377e-01,3.8873862835e+00
1.0570860877e+01,2.8779725992e+00,9.5316907283e-01,1.4714166251e-01,9.9830753828e-05,1.4704183176e-01,3.8916242248e+00
1.0576967671e+01,2.8797306546e+00,9.5327945992e-01,1.4705218170e-01,9.9331162372e-05,1.4695285054e-01,3.8958678083e+00
1.0583074465e+01,2.8814897840e+00,9.5338959514e-01,1.4696275419e-01,9.8834097027e-05,1.4686392009e-01,3.9001170438e+00
1.0589181259e+01,2.8832499879e+00,9.5349947903e-01,1.4687337995e-01,9.8339544920e-05,1.4677504040e-01,3.9043719407e+00
1.0595288054e+01,2.8850112671e+00,9.5360911213e-01,1.4678405896e-01,9.7847493245e-05,1.4668621146e-01,3.9086325087e+00
1.0601394848e+01,2.8867736222e+00,9.5371849497e-01,1.4669479119e-01,9.7357929263e-05,1.4659743326e-01,3.9128987573e+00
1.0607501642e+01,2.8885370538e+00,9.5382762809e-01,1.4660557661e-01,9.6870840298e-05,1.4650870577e-01,3.9171706963e+00
1.0613608436e+01,2.8903015627e+00,9.5393651201e-01,1.4651641520e-01,9.6386213740e-05,1.4642002898e-01,3.9214483351e+00
1.0619715231e+01,2.8920671495e+00,9.5404514728e-01,1.4642730692e-01,9.5904037043e-05,1.4633140288e-01,3.9257316836e+00
1.0625822025e+01,2.8938338147e+00,9.5415353442e-01,1.4633825176e-01,9.5424297724e-05,1.4624282746e-01,3.9300207513e+00
1.0631928819e+01,2.8956015592e+00,9.5426167396e-01,1.4624924968e-01,9.4946983368e-05,1.4615430270e-01,3.9343155480e+00
1.0638035613e+01,2.8973703836e+00,9.5436956644e-01,1.4616030066e-01,9.4472081618e-05,1.4606582858e-01,3.9386160834e+00
1.0644142408e+01,2.8991402884e+00,9.5447721239e-01,1.4607140467e-01,9.3999580186e-05,1.4597740509e-01,3.9429223671e+00
1.0650249202e+01,2.9009112744e+00,9.5458461232e-01,1.4598256168e-01,9.3529466841e-05,1.4588903221e-01,3.9472344089e+00
1.0656355996e+01,2.9026833423e+00,9.5469176677e-01,1.4589377167e-01,9.3061729420e-05,1.4580070994e-01,3.9515522186e+00
1.0662462791e+01,2.9044564927e+00,9.5479867627e-01,1.4580503460e-01,9.2596355818e-05,1.4571243825e-01,3.9558758059e+00
1.0668569585e+01,2.9062307262e+00,9.5490534133e-01,1.4571635046e-01,9.2133333995e-05,1.4562421713e-01,3.9602051807e+00
1.0674676379e+01,2.9080060435e+00,9.5501176249e-01,1.4562771921e-01,9.1672651971e-05,1.4553604656e-01,3.9645403527e+00
1.0680783173e+01,2.9097824453e+00,9.5511794026e-01,1.4553914082e-01,9.1214297827e-05,1.4544792653e-01,3.9688813317e+00
1.0686889968e+01,2.9115599323e+00,9.5522387517e-01,1.4545061528e-01,9.0758259707e-05,1.4535985702e-01,3.9732281277e+00
1.0692996762e+01,2.9133385050e+00,9.5532956774e-01,1.4536214255e-01,9.0304525813e-05,1.4527183802e-01,3.9775807503e+00
1.0699103556e+01,2.9151181643e+00,9.5543501849e-01,1.4527372260e-01,8.9853084410e-05,1.4518386951e-01,3.9819392096e+00
1.0705210350e+01,2.9168989106e+00,9.5554022793e-01,1.4518535540e-01,8.9403923821e-05,1.4509595148e-01,3.9863035154e+00
1.0711317145e+01,2.9186807448e+00,9.5564519659e-01,1.4509704094e-01,8.8957032429e-05,1.4500808391e-01,3.9906736776e+00
1.0717423939e+01,2.9204636674e+00,9.5574992498e-01,1.4500877918e-01,8.8512398678e-05,1.4492026678e-01,3.9950497061e+00
1.0723530733e+01,2.9222476792e+00,9.5585441363e-01,1.4492057010e-01,8.8070011070e-05,1.4483250009e-01,3.9994316109e+00
1.0729637527e+01,2.9240327807e+00,9.5595866303e-01,1.4483241366e-01,8.7629858166e-05,1.4474478381e-01,4.0038194019e+00
1.0735744322e+01,2.9258189727e+00,9.5606267372e-01,1.4474430985e-01,8.7191928585e-05,1.4465711792e-01,4.0082130890e+00
1.0741851116e+01,2.9276062559e+00,9.5616644619e-01,1.4465625863e-01,8.6756211005e-05,1.4456950242e-01,4.0126126824e+00
1.0747957910e+01,2.9293946308e+00,9.5626998098e-01,1.4456825997e-01,8.6322694163e-05,1.4448193728e-01,4.0170181919e+00
1.0754064705e+01,2.9311840982e+00,9.5637327857e-01,1.4448031386e-01,8.5891366850e-05,1.4439442249e-01,4.0214296276e+00
1.0760171499e+01,2.9329746586e+00,9.5647633950e-01,1.4439242025e-01,8.5462217918e-05,1.4430695804e-01,4.0258469996e+00
1.0766278293e+01,2.9347663129e+00,9.5657916426e-01,1.4430457913e-01,8.5035236275e-05,1.4421954390e-01,4.0302703178e+00
1.0772385087e+01,2.9365590617e+00,9.5668175336e-01,1.4421679047e-01,8.4610410885e-05,1.4413218006e-01,4.0346995925e+00
1.0778491882e+01,2.9383529056e+00,9.5678410732e-01,1.4412905424e-01,8.4187730769e-05,1.4404486651e-01,4.0391348336e+00
1.0784598676e+01,2.9401478453e+00,9.5688622663e-01,1.4404137040e-01,8.3767185005e-05,1.4395760322e-01,4.0435760512e+00
1.0790705470e+01,2.9419438814e+00,9.5698811181e-01,1.4395373895e-01,8.3348762725e-05,1.4387039019e-01,4.0480232556e+00
1.0796812264e+01,2.9437410147e+00,9.5708976336e-01,1.4386615984e-01,8.2932453118e-05,1.4378322739e-01,4.0524764567e+00
1.0802919059e+01,2.9455392458e+00,9.5719118178e-01,1.4377863305e-01,8.2518245428e-05,1.4369611481e-01,4.0569356649e+00
1.0809025853e+01,2.9473385753e+00,9.5729236757e-01,1.4369115856e-01,8.2106128955e-05,1.4360905243e-01,4.0614008902e+00
1.0815132647e+01,2.9491390041e+00,9.5739332125e-01,1.4360373633e-01,8.1696093051e-05,1.4352204023e-01,4.0658721429e+00
1.0821239441e+01,2.9509405326e+00,9.5749404330e-01,1.4351636633e-01,8.1288127126e-05,1.4343507821e-01,4.0703494332e+00
1.0827346236e+01,2.9527431616e+00,9.5759453423e-01,1.4342904855e-01,8.0882220642e-05,1.4334816633e-01,4.0748327712e+00
1.0833453030e+01,2.9545468918e+00,9.5769479454e-01,1.4334178296e-01,8.0478363115e-05,1.4326130459e-01,4.0793221673e+00
1.0839559824e+01,2.9563517239e+00,9.5779482473e-01,1.4325456952e-01,8.0076544115e-05,1.4317449297e-01,4.0838176317e+00
1.0845666619e+01,2.9581576584e+00,9.5789462529e-01,1.4316740820e-01,7.9676753267e-05,1.4308773145e-01,4.0883191747e+00
1.0851773413e+01,2.9599646961e+00,9.5799419672e-01,1.4308029899e-01,7.9278980245e-05,1.4300102001e-01,4.0928268066e+00
1.0857880207e+01,2.9617728377e+00,9.5809353951e-01,1.4299324186e-01,7.8883214780e-05,1.4291435864e-01,4.0973405377e+00
1.0863987001e+01,2.9635820838e+00,9.5819265416e-01,1.4290623677e-01,7.8489446654e-05,1.4282774732e-01,4.1018603783e+00
1.0870093796e+01,2.9653924352e+00,9.5829154117e-01,1.4281928370e-01,7.8097665701e-05,1.4274118603e-01,4.1063863388e+00
1.0876200590e+01,2.9672038924e+00,9.5839020102e-01,1.4273238262e-01,7.7707861806e-05,1.4265467476e-01,4.1109184295e+00
1.0882307384e+01,2.9690164561e+00,9.5848863421e-01,1.4264553351e-01,7.7320024909e-05,1.4256821348e-01,4.1154566609e+00
1.0888414178e+01,2.9708301271e+00,9.5858684122e-01,1.4255873633e-01,7.6934144998e-05,1.4248180218e-01,4.1200010433e+00
1.0894520973e+01,2.9726449060e+00,9.5868482256e-01,1.4247199106e-01,7.6550212115e-05,1.4239544085e-01,4.1245515872e+00
1.0900627767e+01,2.9744607935e+00,9.5878257870e-01,1.4238529768e-01,7.6168216350e-05,1.4230912946e-01,4.1291083030e+00
1.0906734561e+01,2.9762777903e+00,9.5888011013e-01,1.4229865615e-01,7.5788147847e-05,1.4222286800e-01,4.1336712011e+00
1.0912841355e+01,2.9780958970e+00,9.5897741735e-01,1.4221206645e-01,7.5409996797e-05,1.4213665645e-01,4.1382402921e+00
1.0918948150e+01,2.9799151143e+00,9.5907450083e-01,1.4212552855e-01,7.5033753445e-05,1.4205049480e-01,4.1428155864e+00
1.0925054944e+01,2.9817354429e+00,9.5917136107e-01,1.4203904242e-01,7.4659408082e-05,1.4196438301e-01,4.1473970945e+00
1.0931161738e+01,2.9835568835e+00,9.5926799854e-01,1.4195260804e-01,7.4286951051e-05,1.4187832109e-01,4.1519848270e+00
1.0937268533e+01,2.9853794367e+00,9.5936441373e-01,1.4186622538e-01,7.3916372746e-05,1.4179230900e-01,4.1565787943e+00
1.0943375327e+01,2.9872031033e+00,9.5946060713e-01,1.4177989440e-01,7.3547663605e-05,1.4170634674e-01,4.1611790072e+00
1.0949482121e+01,2.9890278839e+00,9.5955657920e-01,1.4169361510e-01,7.3180814120e-05,1.4162043428e-01,4.1657854761e+00
1.0955588915e+01,2.9908537792e+00,9.5965233045e-01,1.4160738742e-01,7.2815814830e-05,1.4153457161e-01,4.1703982117e+00
1.0961695710e+01,2.9926807899e+00,9.5974786133e-01,1.4152121136e-01,7.2452656321e-05,1.4144875870e-01,4.1750172245e+00
1.0967802504e+01,2.9945089166e+00,9.5984317234e-01,1.4143508688e-01,7.2091329228e-05,1.4136299555e-01,4.1796425253e+00
1.0973909298e+01,2.9963381601e+00,9.5993826395e-01,1.4134901395e-01,7.1731824235e-05,1.4127728212e-01,4.1842741246e+00
1.0980016092e+01,2.9981685210e+00,9.6003313664e-01,1.4126299254e-01,7.1374132073e-05,1.4119161841e-01,4.1889120331e+00
1.0986122887e+01,3.0000000000e+00,9.6012779088e-01,1.4117702264e-01,7.1018243520e-05,1.4110600440e-01,4.1935562616e+00
