tau=beta*t,lambda,xi,sigma_total_over_mu,sigma_surviving_over_mu,sigma_recrosslinked_over_mu,sigma_elastic_over_mu
0.0000000000e+00,1.0000000000e+00,0.0000000000e+00,0.0000000000e+00,0.0000000000e+00,0.0000000000e+00,0.0000000000e+00
1.5266985668e-03,1.0006108659e+00,9.3184889596e-07,2.4393636163e-03,2.4375029502e-03,1.8606661303e-06,2.4412271246e-03
3.0533971336e-03,1.0012221050e+00,3.7254971400e-06,4.8720338117e-03,4.8646013613e-03,7.4324503765e-06,4.8794776212e-03
4.5800957004e-03,1.0018337175e+00,8.3780961555e-06,7.2980298333e-03,7.2813325974e-03,1.6697235903e-05,7.3147582855e-03
6.1067942672e-03,1.0024457036e+00,1.4886796153e-05,9.7173708669e-03,9.6877338931e-03,2.9636973860e-05,9.7470759012e-03
7.6334928340e-03,1.0030580635e+00,2.3248746131e-05,1.2130076037e-02,1.2083842354e-02,4.6233683150e-05,1.2176437240e-02
9.1601914008e-03,1.0036707975e+00,3.3461093881e-05,1.4536164408e-02,1.4469694958e-02,6.6469450185e-05,1.4602849061e-02
1.0686889968e-02,1.0042839058e+00,4.5520985985e-05,1.6935654983e-02,1.6845328554e-02,9.0326428652e-05,1.7026318112e-02
1.2213588534e-02,1.0048973886e+00,5.9425567823e-05,1.9328566704e-02,1.9210779864e-02,1.1778683928e-04,1.9446851129e-02
1.3740287101e-02,1.0055112462e+00,7.5171983572e-05,2.1714918453e-02,2.1566085483e-02,1.4883296958e-04,2.1864454835e-02
1.5266985668e-02,1.0061254788e+00,9.2757376207e-05,2.4094729052e-02,2.3911281878e-02,1.8344717368e-04,2.4279135943e-02
1.6793684235e-02,1.0067400865e+00,1.1217888751e-04,2.6468017265e-02,2.6246405393e-02,2.2161187199e-04,2.6690901151e-02
1.8320382802e-02,1.0073550697e+00,1.3343365806e-04,2.8834801793e-02,2.8571492242e-02,2.6330955106e-04,2.9099757149e-02
1.9847081368e-02,1.0079704286e+00,1.5651882725e-04,3.1195101280e-02,3.0886578517e-02,3.0852276329e-04,3.1505710613e-02
2.1373779935e-02,1.0085861634e+00,1.8143153328e-04,3.3548934311e-02,3.3191700184e-02,3.5723412673e-04,3.3908768208e-02
2.2900478502e-02,1.0092022744e+00,2.0816891316e-04,3.5896319410e-02,3.5486893085e-02,4.0942632484e-04,3.6308936587e-02
2.4427177069e-02,1.0098187616e+00,2.3672810273e-04,3.8237275044e-02,3.7772192937e-02,4.6508210626e-04,3.8706222391e-02
2.5953875636e-02,1.0104356255e+00,2.6710623663e-04,4.0571819620e-02,4.0047635336e-02,5.2418428458e-04,4.1100632250e-02
2.7480574202e-02,1.0110528662e+00,2.9930044833e-04,4.2899971489e-02,4.2313255751e-02,5.8671573812e-04,4.3492172783e-02
2.9007272769e-02,1.0116704840e+00,3.3330787012e-04,4.5221748941e-02,4.4569089532e-02,6.5265940970e-04,4.5880850597e-02
3.0533971336e-02,1.0122884790e+00,3.6912563312e-04,4.7537170211e-02,4.6815171904e-02,7.2199830640e-04,4.8266672286e-02
3.2060669903e-02,1.0129068515e+00,4.0675086727e-04,4.9846253473e-02,4.9051537974e-02,7.9471549935e-04,5.0649644436e-02
3.3587368470e-02,1.0135256018e+00,4.4618070136e-04,5.2149016846e-02,5.1278222723e-02,8.7079412351e-04,5.3029773618e-02
3.5114067036e-02,1.0141447301e+00,4.8741226300e-04,5.4445478392e-02,5.3495261015e-02,9.5021737745e-04,5.5407066393e-02
3.6640765603e-02,1.0147642365e+00,5.3044267865e-04,5.6735656114e-02,5.5702687591e-02,1.0329685231e-03,5.7781529313e-02
3.8167464170e-02,1.0153841214e+00,5.7526907361e-04,5.9019567958e-02,5.7900537073e-02,1.1190308855e-03,6.0153168915e-02
3.9694162737e-02,1.0160043850e+00,6.2188857203e-04,6.1297231816e-02,6.0088843963e-02,1.2083878527e-03,6.2521991727e-02
4.1220861304e-02,1.0166250275e+00,6.7029829688e-04,6.3568665521e-02,6.2267642645e-02,1.3010228754e-03,6.4888004264e-02
4.2747559870e-02,1.0172460491e+00,7.2049537003e-04,6.5833886851e-02,6.4436967384e-02,1.3969194669e-03,6.7251213033e-02
4.4274258437e-02,1.0178674500e+00,7.7247691218e-04,6.8092913527e-02,6.6596852324e-02,1.4960612027e-03,6.9611624527e-02
4.5800957004e-02,1.0184892306e+00,8.2624004287e-04,7.0345763214e-02,6.8747331494e-02,1.5984317203e-03,7.1969245229e-02
4.7327655571e-02,1.0191113909e+00,8.8178188055e-04,7.2592453524e-02,7.0888438805e-02,1.7040147190e-03,7.4324081611e-02
4.8854354138e-02,1.0197339314e+00,9.3909954250e-04,7.4833002010e-02,7.3020208050e-02,1.8127939600e-03,7.6676140133e-02
5.0381052704e-02,1.0203568521e+00,9.9819014488e-04,7.7067426171e-02,7.5142672905e-02,1.9247532656e-03,7.9025427246e-02
5.1907751271e-02,1.0209801533e+00,1.0590508027e-03,7.9295743452e-02,7.7255866933e-02,2.0398765194e-03,8.1371949389e-02
5.3434449838e-02,1.0216038353e+00,1.1216786300e-03,8.1517971242e-02,7.9359823576e-02,2.1581476661e-03,8.3715712988e-02
5.4961148405e-02,1.0222278983e+00,1.1860707394e-03,8.3734126875e-02,8.1454576164e-02,2.2795507110e-03,8.6056724463e-02
5.6487846972e-02,1.0228523425e+00,1.2522242427e-03,8.5944227632e-02,8.3540157912e-02,2.4040697199e-03,8.8394990218e-02
5.8014545538e-02,1.0234771681e+00,1.3201362504e-03,8.8148290739e-02,8.5616601919e-02,2.5316888192e-03,9.0730516650e-02
5.9541244105e-02,1.0241023754e+00,1.3898038720e-03,9.0346333366e-02,8.7683941171e-02,2.6623921953e-03,9.3063310144e-02
6.1067942672e-02,1.0247279647e+00,1.4612242160e-03,9.2538372633e-02,8.9742208538e-02,2.7961640943e-03,9.5393377073e-02
6.2594641239e-02,1.0253539361e+00,1.5343943894e-03,9.4724425602e-02,9.1791436780e-02,2.9329888223e-03,9.7720723801e-02
6.4121339806e-02,1.0259802899e+00,1.6093114986e-03,9.6904509285e-02,9.3831658540e-02,3.0728507448e-03,1.0004535668e-01
6.5648038372e-02,1.0266070263e+00,1.6859726486e-03,9.9078640639e-02,9.5862906352e-02,3.2157342866e-03,1.0236728205e-01
6.7174736939e-02,1.0272341455e+00,1.7643749434e-03,1.0124683657e-01,9.7885212636e-02,3.3616239316e-03,1.0468650625e-01
6.8701435506e-02,1.0278616479e+00,1.8445154859e-03,1.0340911392e-01,9.9898609700e-02,3.5105042225e-03,1.0700303560e-01
7.0228134073e-02,1.0284895335e+00,1.9263913781e-03,1.0556548950e-01,1.0190312974e-01,3.6623597607e-03,1.0931687640e-01
7.1754832640e-02,1.0291178028e+00,2.0099997206e-03,1.0771598005e-01,1.0389880485e-01,3.8171752061e-03,1.1162803496e-01
7.3281531206e-02,1.0297464558e+00,2.0953376132e-03,1.0986060226e-01,1.0588566699e-01,3.9749352769e-03,1.1393651757e-01
7.4808229773e-02,1.0303754928e+00,2.1824021545e-03,1.1199937278e-01,1.0786374803e-01,4.1356247493e-03,1.1624233050e-01
7.6334928340e-02,1.0310049141e+00,2.2711904421e-03,1.1413230820e-01,1.0983307974e-01,4.2992284573e-03,1.1854548003e-01
7.7861626907e-02,1.0316347198e+00,2.3616995726e-03,1.1625942504e-01,1.1179369375e-01,4.4657312926e-03,1.2084597242e-01
7.9388325474e-02,1.0322649103e+00,2.4539266415e-03,1.1838073980e-01,1.1374562160e-01,4.6351182045e-03,1.2314381390e-01
8.0915024040e-02,1.0328954858e+00,2.5478687431e-03,1.2049626891e-01,1.1568889471e-01,4.8073741993e-03,1.2543901073e-01
8.2441722607e-02,1.0335264465e+00,2.6435229710e-03,1.2260602876e-01,1.1762354442e-01,4.9824843405e-03,1.2773156912e-01
8.3968421174e-02,1.0341577926e+00,2.7408864175e-03,1.2471003567e-01,1.1954960192e-01,5.1604337484e-03,1.3002149531e-01
8.5495119741e-02,1.0347895243e+00,2.8399561740e-03,1.2680830593e-01,1.2146709833e-01,5.3412076000e-03,1.3230879548e-01
8.7021818308e-02,1.0354216420e+00,2.9407293308e-03,1.2890085577e-01,1.2337606464e-01,5.5247911286e-03,1.3459347585e-01
8.8548516874e-02,1.0360541458e+00,3.0432029773e-03,1.3098770137e-01,1.2527653174e-01,5.7111696240e-03,1.3687554259e-01
9.0075215441e-02,1.0366870360e+00,3.1473742016e-03,1.3306885885e-01,1.2716853042e-01,5.9003284320e-03,1.3915500189e-01
9.1601914008e-02,1.0373203128e+00,3.2532400912e-03,1.3514434430e-01,1.2905209134e-01,6.0922529540e-03,1.4143185991e-01
9.3128612575e-02,1.0379539764e+00,3.3607977323e-03,1.3721417374e-01,1.3092724509e-01,6.2869286474e-03,1.4370612282e-01
9.4655311141e-02,1.0385880271e+00,3.4700442103e-03,1.3927836315e-01,1.3279402213e-01,6.4843410249e-03,1.4597779675e-01
9.6182009708e-02,1.0392224652e+00,3.5809766094e-03,1.4133692847e-01,1.3465245282e-01,6.6844756545e-03,1.4824688784e-01
9.7708708275e-02,1.0398572908e+00,3.6935920130e-03,1.4338988557e-01,1.3650256741e-01,6.8873181594e-03,1.5051340223e-01
9.9235406842e-02,1.0404925041e+00,3.8078875035e-03,1.4543725029e-01,1.3834439607e-01,7.0928542175e-03,1.5277734603e-01
1.0076210541e-01,1.0411281056e+00,3.9238601621e-03,1.4747903840e-01,1.4017796883e-01,7.3010695616e-03,1.5503872535e-01
1.0228880398e-01,1.0417640953e+00,4.0415070694e-03,1.4951526563e-01,1.4200331565e-01,7.5119499787e-03,1.5729754628e-01
1.0381550254e-01,1.0424004734e+00,4.1608253047e-03,1.5154594768e-01,1.4382046637e-01,7.7254813106e-03,1.5955381492e-01
1.0534220111e-01,1.0430372404e+00,4.2818119467e-03,1.5357110018e-01,1.4562945073e-01,7.9416494529e-03,1.6180753735e-01
1.0686889968e-01,1.0436743963e+00,4.4044640727e-03,1.5559073871e-01,1.4743029835e-01,8.1604403551e-03,1.6405871962e-01
1.0839559824e-01,1.0443119414e+00,4.5287787594e-03,1.5760487881e-01,1.4922303879e-01,8.3818400206e-03,1.6630736781e-01
1.0992229681e-01,1.0449498760e+00,4.6547530826e-03,1.5961353597e-01,1.5100770146e-01,8.6058345063e-03,1.6855348796e-01
1.1144899538e-01,1.0455882003e+00,4.7823841168e-03,1.6161672563e-01,1.5278431571e-01,8.8324099227e-03,1.7079708611e-01
1.1297569394e-01,1.0462269145e+00,4.9116689359e-03,1.6361446320e-01,1.5455291076e-01,9.0615524330e-03,1.7303816829e-01
1.1450239251e-01,1.0468660189e+00,5.0426046129e-03,1.6560676401e-01,1.5631351575e-01,9.2932482539e-03,1.7527674053e-01
1.1602909108e-01,1.0475055137e+00,5.1751882195e-03,1.6759364336e-01,1.5806615970e-01,9.5274836547e-03,1.7751280883e-01
1.1755578964e-01,1.0481453991e+00,5.3094168270e-03,1.6957511651e-01,1.5981087155e-01,9.7642449574e-03,1.7974637920e-01
1.1908248821e-01,1.0487856754e+00,5.4452875055e-03,1.7155119866e-01,1.6154768012e-01,1.0003518536e-02,1.8197745763e-01
1.2060918678e-01,1.0494263428e+00,5.5827973242e-03,1.7352190497e-01,1.6327661415e-01,1.0245290818e-02,1.8420605011e-01
1.2213588534e-01,1.0500674016e+00,5.7219433516e-03,1.7548725055e-01,1.6499770226e-01,1.0489548281e-02,1.8643216259e-01
1.2366258391e-01,1.0507088520e+00,5.8627226550e-03,1.7744725046e-01,1.6671097300e-01,1.0736277457e-02,1.8865580107e-01
1.2518928248e-01,1.0513506943e+00,6.0051323012e-03,1.7940191973e-01,1.6841645480e-01,1.0985464928e-02,1.9087697147e-01
1.2671598104e-01,1.0519929286e+00,6.1491693559e-03,1.8135127332e-01,1.7011417599e-01,1.1237097327e-02,1.9309567976e-01
1.2824267961e-01,1.0526355552e+00,6.2948308840e-03,1.8329532616e-01,1.7180416482e-01,1.1491161340e-02,1.9531193187e-01
1.2976937818e-01,1.0532785744e+00,6.4421139494e-03,1.8523409313e-01,1.7348644943e-01,1.1747643704e-02,1.9752573373e-01
1.3129607674e-01,1.0539219864e+00,6.5910156155e-03,1.8716758907e-01,1.7516105786e-01,1.2006531206e-02,1.9973709126e-01
1.3282277531e-01,1.0545657915e+00,6.7415329444e-03,1.8909582875e-01,1.7682801807e-01,1.2267810684e-02,2.0194601035e-01
1.3434947388e-01,1.0552099898e+00,6.8936629978e-03,1.9101882693e-01,1.7848735791e-01,1.2531469027e-02,2.0415249693e-01
1.3587617245e-01,1.0558545816e+00,7.0474028363e-03,1.9293659830e-01,1.8013910513e-01,1.2797493175e-02,2.0635655686e-01
1.3740287101e-01,1.0564995672e+00,7.2027495197e-03,1.9484915752e-01,1.8178328740e-01,1.3065870117e-02,2.0855819605e-01
1.3892956958e-01,1.0571449468e+00,7.3597001071e-03,1.9675651918e-01,1.8341993229e-01,1.3336586893e-02,2.1075742036e-01
1.4045626815e-01,1.0577907206e+00,7.5182516568e-03,1.9865869786e-01,1.8504906727e-01,1.3609630594e-02,2.1295423565e-01
1.4198296671e-01,1.0584368889e+00,7.6784012261e-03,2.0055570807e-01,1.8667071971e-01,1.3884988358e-02,2.1514864778e-01
1.4350966528e-01,1.0590834520e+00,7.8401458716e-03,2.0244756428e-01,1.8828491690e-01,1.4162647374e-02,2.1734066260e-01
1.4503636385e-01,1.0597304099e+00,8.0034826493e-03,2.0433428092e-01,1.8989168603e-01,1.4442594883e-02,2.1953028594e-01
1.4656306241e-01,1.0603777631e+00,8.1684086142e-03,2.0621587237e-01,1.9149105420e-01,1.4724818170e-02,2.2171752363e-01
1.4808976098e-01,1.0610255118e+00,8.3349208206e-03,2.0809235298e-01,1.9308304841e-01,1.5009304573e-02,2.2390238149e-01
1.4961645955e-01,1.0616736561e+00,8.5030163220e-03,2.0996373704e-01,1.9466769556e-01,1.5296041478e-02,2.2608486533e-01
1.5114315811e-01,1.0623221964e+00,8.6726921711e-03,2.1183003880e-01,1.9624502248e-01,1.5585016320e-02,2.2826498096e-01
1.5266985668e-01,1.0629711328e+00,8.8439454201e-03,2.1369127248e-01,1.9781505590e-01,1.5876216581e-02,2.3044273416e-01
1.5419655525e-01,1.0636204657e+00,9.0167731202e-03,2.1554745223e-01,1.9937782244e-01,1.6169629793e-02,2.3261813072e-01
1.5572325381e-01,1.0642701952e+00,9.1911723219e-03,2.1739859218e-01,2.0093334864e-01,1.6465243536e-02,2.3479117642e-01
1.5724995238e-01,1.0649203216e+00,9.3671400751e-03,2.1924470641e-01,2.0248166097e-01,1.6763045438e-02,2.3696187701e-01
1.5877665095e-01,1.0655708451e+00,9.5446734288e-03,2.2108580895e-01,2.0402278577e-01,1.7063023174e-02,2.3913023827e-01
1.6030334951e-01,1.0662217661e+00,9.7237694314e-03,2.2292191379e-01,2.0555674932e-01,1.7365164467e-02,2.4129626594e-01
1.6183004808e-01,1.0668730846e+00,9.9044251306e-03,2.2475303489e-01,2.0708357780e-01,1.7669457089e-02,2.4345996576e-01
1.6335674665e-01,1.0675248010e+00,1.0086637573e-02,2.2657918615e-01,2.0860329729e-01,1.7975888859e-02,2.4562134347e-01
1.6488344521e-01,1.0681769156e+00,1.0270403806e-02,2.2840038144e-01,2.1011593380e-01,1.8284447641e-02,2.4778040478e-01
1.6641014378e-01,1.0688294284e+00,1.0455720874e-02,2.3021663457e-01,2.1162151322e-01,1.8595121348e-02,2.4993715541e-01
1.6793684235e-01,1.0694823399e+00,1.0642585823e-02,2.3202795934e-01,2.1312006140e-01,1.8907897940e-02,2.5209160107e-01
1.6946354091e-01,1.0701356502e+00,1.0830995696e-02,2.3383436947e-01,2.1461160405e-01,1.9222765423e-02,2.5424374747e-01
1.7099023948e-01,1.0707893597e+00,1.1020947537e-02,2.3563587866e-01,2.1609616681e-01,1.9539711850e-02,2.5639360028e-01
1.7251693805e-01,1.0714434684e+00,1.1212438390e-02,2.3743250058e-01,2.1757377525e-01,1.9858725320e-02,2.5854116519e-01
1.7404363662e-01,1.0720979767e+00,1.1405465296e-02,2.3922424882e-01,2.1904445484e-01,2.0179793979e-02,2.6068644787e-01
1.7557033518e-01,1.0727528848e+00,1.1600025297e-02,2.4101113696e-01,2.2050823094e-01,2.0502906018e-02,2.6282945399e-01
1.7709703375e-01,1.0734081930e+00,1.1796115435e-02,2.4279317854e-01,2.2196512887e-01,2.0828049675e-02,2.6497018921e-01
1.7862373232e-01,1.0740639015e+00,1.1993732749e-02,2.4457038704e-01,2.2341517381e-01,2.1155213232e-02,2.6710865917e-01
1.8015043088e-01,1.0747200105e+00,1.2192874280e-02,2.4634277591e-01,2.2485839089e-01,2.1484385020e-02,2.6924486951e-01
1.8167712945e-01,1.0753765204e+00,1.2393537067e-02,2.4811035855e-01,2.2629480514e-01,2.1815553412e-02,2.7137882587e-01
1.8320382802e-01,1.0760334313e+00,1.2595718148e-02,2.4987314833e-01,2.2772444151e-01,2.2148706827e-02,2.7351053386e-01
1.8473052658e-01,1.0766907434e+00,1.2799414562e-02,2.5163115859e-01,2.2914732486e-01,2.2483833731e-02,2.7563999911e-01
1.8625722515e-01,1.0773484571e+00,1.3004623345e-02,2.5338440259e-01,2.3056347996e-01,2.2820922633e-02,2.7776722722e-01
1.8778392372e-01,1.0780065726e+00,1.3211341535e-02,2.5513289360e-01,2.3197293151e-01,2.3159962088e-02,2.7989222379e-01
1.8931062228e-01,1.0786650901e+00,1.3419566168e-02,2.5687664481e-01,2.3337570411e-01,2.3500940694e-02,2.8201499442e-01
1.9083732085e-01,1.0793240098e+00,1.3629294281e-02,2.5861566938e-01,2.3477182228e-01,2.3843847096e-02,2.8413554468e-01
1.9236401942e-01,1.0799833321e+00,1.3840522907e-02,2.6034998045e-01,2.3616131046e-01,2.4188669981e-02,2.8625388014e-01
1.9389071798e-01,1.0806430571e+00,1.4053249082e-02,2.6207959109e-01,2.3754419301e-01,2.4535398082e-02,2.8837000639e-01
1.9541741655e-01,1.0813031851e+00,1.4267469840e-02,2.6380451435e-01,2.3892049418e-01,2.4884020174e-02,2.9048392897e-01
1.9694411512e-01,1.0819637164e+00,1.4483182215e-02,2.6552476324e-01,2.4029023816e-01,2.5234525078e-02,2.9259565343e-01
1.9847081368e-01,1.0826246512e+00,1.4700383240e-02,2.6724035073e-01,2.4165344907e-01,2.5586901658e-02,2.9470518533e-01
1.9999751225e-01,1.0832859897e+00,1.4919069948e-02,2.6895128973e-01,2.4301015091e-01,2.5941138820e-02,2.9681253019e-01
2.0152421082e-01,1.0839477322e+00,1.5139239370e-02,2.7065759314e-01,2.4436036763e-01,2.6297225516e-02,2.9891769354e-01
2.0305090938e-01,1.0846098789e+00,1.5360888538e-02,2.7235927381e-01,2.4570412307e-01,2.6655150740e-02,3.0102068090e-01
2.0457760795e-01,1.0852724302e+00,1.5584014485e-02,2.7405634455e-01,2.4704144102e-01,2.7014903529e-02,3.0312149779e-01
2.0610430652e-01,1.0859353861e+00,1.5808614239e-02,2.7574881813e-01,2.4837234517e-01,2.7376472963e-02,3.0522014970e-01
2.0763100508e-01,1.0865987470e+00,1.6034684832e-02,2.7743670728e-01,2.4969685911e-01,2.7739848165e-02,3.0731664213e-01
2.0915770365e-01,1.0872625132e+00,1.6262223294e-02,2.7912002469e-01,2.5101500639e-01,2.8105018301e-02,3.0941098057e-01
2.1068440222e-01,1.0879266848e+00,1.6491226653e-02,2.8079878302e-01,2.5232681045e-01,2.8471972578e-02,3.1150317051e-01
2.1221110078e-01,1.0885912622e+00,1.6721691940e-02,2.8247299490e-01,2.5363229465e-01,2.8840700248e-02,3.1359321741e-01
2.1373779935e-01,1.0892562455e+00,1.6953616182e-02,2.8414267289e-01,2.5493148229e-01,2.9211190603e-02,3.1568112673e-01
2.1526449792e-01,1.0899216350e+00,1.7186996407e-02,2.8580782954e-01,2.5622439656e-01,2.9583432978e-02,3.1776690394e-01
2.1679119649e-01,1.0905874310e+00,1.7421829644e-02,2.8746847736e-01,2.5751106061e-01,2.9957416749e-02,3.1985055449e-01
2.1831789505e-01,1.0912536337e+00,1.7658112919e-02,2.8912462881e-01,2.5879149747e-01,3.0333131335e-02,3.2193208382e-01
2.1984459362e-01,1.0919202434e+00,1.7895843260e-02,2.9077629631e-01,2.6006573012e-01,3.0710566196e-02,3.2401149735e-01
2.2137129219e-01,1.0925872602e+00,1.8135017694e-02,2.9242349227e-01,2.6133378143e-01,3.1089710835e-02,3.2608880053e-01
2.2289799075e-01,1.0932546846e+00,1.8375633246e-02,2.9406622903e-01,2.6259567424e-01,3.1470554793e-02,3.2816399877e-01
2.2442468932e-01,1.0939225166e+00,1.8617686942e-02,2.9570451891e-01,2.6385143126e-01,3.1853087655e-02,3.3023709747e-01
2.2595138789e-01,1.0945907566e+00,1.8861175808e-02,2.9733837419e-01,2.6510107515e-01,3.2237299046e-02,3.3230810205e-01
2.2747808645e-01,1.0952594048e+00,1.9106096869e-02,2.9896780712e-01,2.6634462848e-01,3.2623178632e-02,3.3437701790e-01
2.2900478502e-01,1.0959284615e+00,1.9352447151e-02,3.0059282989e-01,2.6758211377e-01,3.3010716120e-02,3.3644385041e-01
2.3053148359e-01,1.0965979268e+00,1.9600223676e-02,3.0221345468e-01,2.6881355342e-01,3.3399901259e-02,3.3850860497e-01
2.3205818215e-01,1.0972678011e+00,1.9849423471e-02,3.0382969362e-01,2.7003896979e-01,3.3790723834e-02,3.4057128694e-01
2.3358488072e-01,1.0979380846e+00,2.0100043558e-02,3.0544155881e-01,2.7125838513e-01,3.4183173676e-02,3.4263190170e-01
2.3511157929e-01,1.0986087776e+00,2.0352080962e-02,3.0704906230e-01,2.7247182165e-01,3.4577240652e-02,3.4469045461e-01
2.3663827785e-01,1.0992798803e+00,2.0605532706e-02,3.0865221613e-01,2.7367930146e-01,3.4972914672e-02,3.4674695101e-01
2.3816497642e-01,1.0999513929e+00,2.0860395812e-02,3.1025103227e-01,2.7488084659e-01,3.5370185683e-02,3.4880139625e-01
2.3969167499e-01,1.1006233157e+00,2.1116667304e-02,3.1184552268e-01,2.7607647901e-01,3.5769043674e-02,3.5085379568e-01
2.4121837355e-01,1.1012956490e+00,2.1374344205e-02,3.1343569928e-01,2.7726622060e-01,3.6169478672e-02,3.5290415462e-01
2.4274507212e-01,1.1019683930e+00,2.1633423536e-02,3.1502157394e-01,2.7845009319e-01,3.6571480746e-02,3.5495247839e-01
2.4427177069e-01,1.1026415480e+00,2.1893902320e-02,3.1660315851e-01,2.7962811851e-01,3.6975040002e-02,3.5699877232e-01
2.4579846925e-01,1.1033151141e+00,2.2155777579e-02,3.1818046480e-01,2.8080031821e-01,3.7380146586e-02,3.5904304171e-01
2.4732516782e-01,1.1039890917e+00,2.2419046334e-02,3.1975350458e-01,2.8196671390e-01,3.7786790684e-02,3.6108529186e-01
2.4885186639e-01,1.1046634811e+00,2.2683705607e-02,3.2132228959e-01,2.8312732707e-01,3.8194962518e-02,3.6312552807e-01
2.5037856495e-01,1.1053382823e+00,2.2949752420e-02,3.2288683154e-01,2.8428217919e-01,3.8604652352e-02,3.6516375562e-01
2.5190526352e-01,1.1060134958e+00,2.3217183792e-02,3.2444714209e-01,2.8543129160e-01,3.9015850488e-02,3.6719997980e-01
2.5343196209e-01,1.1066891218e+00,2.3485996747e-02,3.2600323287e-01,2.8657468560e-01,3.9428547266e-02,3.6923420589e-01
2.5495866066e-01,1.1073651605e+00,2.3756188303e-02,3.2755511549e-01,2.8771238242e-01,3.9842733064e-02,3.7126643914e-01
2.5648535922e-01,1.1080416121e+00,2.4027755482e-02,3.2910280150e-01,2.8884440320e-01,4.0258398299e-02,3.7329668481e-01
2.5801205779e-01,1.1087184770e+00,2.4300695305e-02,3.3064630244e-01,2.8997076902e-01,4.0675533425e-02,3.7532494817e-01
2.5953875636e-01,1.1093957553e+00,2.4575004791e-02,3.3218562980e-01,2.9109150087e-01,4.1094128936e-02,3.7735123444e-01
2.6106545492e-01,1.1100734474e+00,2.4850680961e-02,3.3372079505e-01,2.9220661969e-01,4.1514175363e-02,3.7937554889e-01
2.6259215349e-01,1.1107515535e+00,2.5127720835e-02,3.3525180961e-01,2.9331614633e-01,4.1935663273e-02,3.8139789672e-01
2.6411885206e-01,1.1114300737e+00,2.5406121433e-02,3.3677868486e-01,2.9442010159e-01,4.2358583274e-02,3.8341828318e-01
2.6564555062e-01,1.1121090085e+00,2.5685879775e-02,3.3830143218e-01,2.9551850617e-01,4.2782926008e-02,3.8543671348e-01
2.6717224919e-01,1.1127883580e+00,2.5966992881e-02,3.3982006288e-01,2.9661138073e-01,4.3208682157e-02,3.8745319282e-01
2.6869894776e-01,1.1134681225e+00,2.6249457771e-02,3.4133458826e-01,2.9769874582e-01,4.3635842438e-02,3.8946772642e-01
2.7022564632e-01,1.1141483022e+00,2.6533271464e-02,3.4284501957e-01,2.9878062196e-01,4.4064397608e-02,3.9148031946e-01
2.7175234489e-01,1.1148288975e+00,2.6818430981e-02,3.4435136803e-01,2.9985702957e-01,4.4494338457e-02,3.9349097715e-01
2.7327904346e-01,1.1155099085e+00,2.7104933340e-02,3.4585364484e-01,3.0092798903e-01,4.4925655816e-02,3.9549970466e-01
2.7480574202e-01,1.1161913355e+00,2.7392775561e-02,3.4735186116e-01,3.0199352061e-01,4.5358340550e-02,3.9750650718e-01
2.7633244059e-01,1.1168731787e+00,2.7681954665e-02,3.4884602810e-01,3.0305364454e-01,4.5792383560e-02,3.9951138987e-01
2.7785913916e-01,1.1175554385e+00,2.7972467670e-02,3.5033615675e-01,3.0410838097e-01,4.6227775787e-02,4.0151435789e-01
2.7938583772e-01,1.1182381150e+00,2.8264311597e-02,3.5182225819e-01,3.0515774998e-01,4.6664508204e-02,4.0351541640e-01
2.8091253629e-01,1.1189212086e+00,2.8557483464e-02,3.5330434342e-01,3.0620177159e-01,4.7102571823e-02,4.0551457056e-01
2.8243923486e-01,1.1196047194e+00,2.8851980292e-02,3.5478242344e-01,3.0724046575e-01,4.7541957691e-02,4.0751182550e-01
2.8396593342e-01,1.1202886478e+00,2.9147799100e-02,3.5625650922e-01,3.0827385232e-01,4.7982656892e-02,4.0950718637e-01
2.8549263199e-01,1.1209729940e+00,2.9444936908e-02,3.5772661167e-01,3.0930195112e-01,4.8424660544e-02,4.1150065829e-01
2.8701933056e-01,1.1216577582e+00,2.9743390735e-02,3.5919274169e-01,3.1032478189e-01,4.8867959802e-02,4.1349224639e-01
2.8854602912e-01,1.1223429407e+00,3.0043157602e-02,3.6065491015e-01,3.1134236430e-01,4.9312545856e-02,4.1548195579e-01
2.9007272769e-01,1.1230285418e+00,3.0344234529e-02,3.6211312788e-01,3.1235471794e-01,4.9758409932e-02,4.1746979158e-01
2.9159942626e-01,1.1237145616e+00,3.0646618534e-02,3.6356740566e-01,3.1336186237e-01,5.0205543290e-02,4.1945575889e-01
2.9312612483e-01,1.1244010006e+00,3.0950306640e-02,3.6501775427e-01,3.1436381705e-01,5.0653937227e-02,4.2143986281e-01
2.9465282339e-01,1.1250878588e+00,3.1255295865e-02,3.6646418445e-01,3.1536060137e-01,5.1103583074e-02,4.2342210842e-01
2.9617952196e-01,1.1257751367e+00,3.1561583230e-02,3.6790670688e-01,3.1635223469e-01,5.1554472197e-02,4.2540250082e-01
2.9770622053e-01,1.1264628344e+00,3.1869165755e-02,3.6934533226e-01,3.1733873626e-01,5.2006595997e-02,4.2738104508e-01
2.9923291909e-01,1.1271509521e+00,3.2178040462e-02,3.7078007120e-01,3.1832012529e-01,5.2459945909e-02,4.2935774627e-01
3.0075961766e-01,1.1278394902e+00,3.2488204370e-02,3.7221093432e-01,3.1929642092e-01,5.2914513403e-02,4.3133260946e-01
3.0228631623e-01,1.1285284490e+00,3.2799654501e-02,3.7363793220e-01,3.2026764222e-01,5.3370289985e-02,4.3330563971e-01
3.0381301479e-01,1.1292178285e+00,3.3112387876e-02,3.7506107538e-01,3.2123380819e-01,5.3827267193e-02,4.3527684207e-01
3.0533971336e-01,1.1299076292e+00,3.3426401516e-02,3.7648037438e-01,3.2219493778e-01,5.4285436600e-02,4.3724622158e-01
3.0686641193e-01,1.1305978513e+00,3.3741692443e-02,3.7789583967e-01,3.2315104985e-01,5.4744789813e-02,4.3921378330e-01
3.0839311049e-01,1.1312884950e+00,3.4058257678e-02,3.7930748170e-01,3.2410216323e-01,5.5205318474e-02,4.4117953224e-01
3.0991980906e-01,1.1319795606e+00,3.4376094243e-02,3.8071531091e-01,3.2504829665e-01,5.5667014257e-02,4.4314347344e-01
3.1144650763e-01,1.1326710484e+00,3.4695199160e-02,3.8211933767e-01,3.2598946880e-01,5.6129868871e-02,4.4510561192e-01
3.1297320619e-01,1.1333629585e+00,3.5015569452e-02,3.8351957235e-01,3.2692569829e-01,5.6593874058e-02,4.4706595270e-01
3.1449990476e-01,1.1340552913e+00,3.5337202141e-02,3.8491602527e-01,3.2785700368e-01,5.7059021595e-02,4.4902450077e-01
3.1602660333e-01,1.1347480471e+00,3.5660094250e-02,3.8630870674e-01,3.2878340345e-01,5.7525303290e-02,4.5098126116e-01
3.1755330189e-01,1.1354412260e+00,3.5984242802e-02,3.8769762701e-01,3.2970491603e-01,5.7992710985e-02,4.5293623884e-01
3.1908000046e-01,1.1361348284e+00,3.6309644821e-02,3.8908279634e-01,3.3062155978e-01,5.8461236557e-02,4.5488943882e-01
3.2060669903e-01,1.1368288544e+00,3.6636297330e-02,3.9046422492e-01,3.3153335301e-01,5.8930871914e-02,4.5684086608e-01
3.2213339759e-01,1.1375233044e+00,3.6964197354e-02,3.9184192293e-01,3.3244031394e-01,5.9401608997e-02,4.5879052559e-01
3.2366009616e-01,1.1382181787e+00,3.7293341916e-02,3.9321590052e-01,3.3334246074e-01,5.9873439780e-02,4.6073842232e-01
3.2518679473e-01,1.1389134774e+00,3.7623728042e-02,3.9458616781e-01,3.3423981154e-01,6.0346356271e-02,4.6268456125e-01
3.2671349329e-01,1.1396092008e+00,3.7955352756e-02,3.9595273489e-01,3.3513238438e-01,6.0820350509e-02,4.6462894733e-01
3.2824019186e-01,1.1403053492e+00,3.8288213084e-02,3.9731561180e-01,3.3602019724e-01,6.1295414566e-02,4.6657158551e-01
3.2976689043e-01,1.1410019229e+00,3.8622306051e-02,3.9867480859e-01,3.3690326804e-01,6.1771540545e-02,4.6851248075e-01
3.3129358900e-01,1.1416989221e+00,3.8957628683e-02,4.0003033524e-01,3.3778161466e-01,6.2248720584e-02,4.7045163798e-01
3.3282028756e-01,1.1423963471e+00,3.9294178008e-02,4.0138220174e-01,3.3865525488e-01,6.2726946851e-02,4.7238906215e-01
3.3434698613e-01,1.1430941981e+00,3.9631951051e-02,4.0273041801e-01,3.3952420646e-01,6.3206211547e-02,4.7432475817e-01
3.3587368470e-01,1.1437924754e+00,3.9970944841e-02,4.0407499397e-01,3.4038848706e-01,6.3686506903e-02,4.7625873098e-01
3.3740038326e-01,1.1444911793e+00,4.0311156404e-02,4.0541593950e-01,3.4124811431e-01,6.4167825184e-02,4.7819098549e-01
3.3892708183e-01,1.1451903099e+00,4.0652582769e-02,4.0675326445e-01,3.4210310576e-01,6.4650158686e-02,4.8012152661e-01
3.4045378040e-01,1.1458898677e+00,4.0995220964e-02,4.0808697865e-01,3.4295347891e-01,6.5133499737e-02,4.8205035925e-01
3.4198047896e-01,1.1465898527e+00,4.1339068019e-02,4.0941709189e-01,3.4379925120e-01,6.5617840694e-02,4.8397748832e-01
3.4350717753e-01,1.1472902654e+00,4.1684120962e-02,4.1074361394e-01,3.4464044000e-01,6.6103173948e-02,4.8590291870e-01
3.4503387610e-01,1.1479911060e+00,4.2030376824e-02,4.1206655454e-01,3.4547706262e-01,6.6589491921e-02,4.8782665528e-01
3.4656057466e-01,1.1486923746e+00,4.2377832636e-02,4.1338592339e-01,3.4630913633e-01,6.7076787064e-02,4.8974870294e-01
3.4808727323e-01,1.1493940716e+00,4.2726485427e-02,4.1470173018e-01,3.4713667832e-01,6.7565051861e-02,4.9166906657e-01
3.4961397180e-01,1.1500961973e+00,4.3076332230e-02,4.1601398455e-01,3.4795970572e-01,6.8054278827e-02,4.9358775104e-01
3.5114067036e-01,1.1507987519e+00,4.3427370077e-02,4.1732269614e-01,3.4877823563e-01,6.8544460506e-02,4.9550476120e-01
3.5266736893e-01,1.1515017356e+00,4.3779595999e-02,4.1862787453e-01,3.4959228505e-01,6.9035589473e-02,4.9742010192e-01
3.5419406750e-01,1.1522051488e+00,4.4133007030e-02,4.1992952929e-01,3.5040187096e-01,6.9527658336e-02,4.9933377805e-01
3.5572076606e-01,1.1529089917e+00,4.4487600204e-02,4.2122766997e-01,3.5120701024e-01,7.0020659730e-02,5.0124579444e-01
3.5724746463e-01,1.1536132645e+00,4.4843372554e-02,4.2252230608e-01,3.5200771975e-01,7.0514586323e-02,5.0315615594e-01
3.5877416320e-01,1.1543179676e+00,4.5200321116e-02,4.2381344709e-01,3.5280401628e-01,7.1009430812e-02,5.0506486738e-01
3.6030086176e-01,1.1550231011e+00,4.5558442924e-02,4.2510110247e-01,3.5359591655e-01,7.1505185924e-02,5.0697193358e-01
3.6182756033e-01,1.1557286653e+00,4.5917735015e-02,4.2638528165e-01,3.5438343723e-01,7.2001844417e-02,5.0887735939e-01
3.6335425890e-01,1.1564346606e+00,4.6278194424e-02,4.2766599402e-01,3.5516659494e-01,7.2499399078e-02,5.1078114961e-01
3.6488095746e-01,1.1571410871e+00,4.6639818189e-02,4.2894324895e-01,3.5594540623e-01,7.2997842723e-02,5.1268330906e-01
3.6640765603e-01,1.1578479452e+00,4.7002603349e-02,4.3021705581e-01,3.5671988761e-01,7.3497168200e-02,5.1458384255e-01
3.6793435460e-01,1.1585552351e+00,4.7366546940e-02,4.3148742389e-01,3.5749005551e-01,7.3997368385e-02,5.1648275488e-01
3.6946105317e-01,1.1592629570e+00,4.7731646003e-02,4.3275436250e-01,3.5825592632e-01,7.4498436183e-02,5.1838005086e-01
3.7098775173e-01,1.1599711112e+00,4.8097897576e-02,4.3401788090e-01,3.5901751637e-01,7.5000364530e-02,5.2027573526e-01
3.7251445030e-01,1.1606796981e+00,4.8465298701e-02,4.3527798833e-01,3.5977484194e-01,7.5503146391e-02,5.2216981289e-01
3.7404114887e-01,1.1613887177e+00,4.8833846418e-02,4.3653469400e-01,3.6052791924e-01,7.6006774759e-02,5.2406228851e-01
3.7556784743e-01,1.1620981705e+00,4.9203537769e-02,4.3778800708e-01,3.6127676442e-01,7.6511242657e-02,5.2595316691e-01
3.7709454600e-01,1.1628080567e+00,4.9574369797e-02,4.3903793674e-01,3.6202139361e-01,7.7016543136e-02,5.2784245286e-01
3.7862124457e-01,1.1635183765e+00,4.9946339545e-02,4.4028449211e-01,3.6276182284e-01,7.7522669277e-02,5.2973015111e-01
3.8014794313e-01,1.1642291303e+00,5.0319444056e-02,4.4152768230e-01,3.6349806811e-01,7.8029614189e-02,5.3161626644e-01
3.8167464170e-01,1.1649403182e+00,5.0693680376e-02,4.4276751637e-01,3.6423014536e-01,7.8537371011e-02,5.3350080359e-01
3.8320134027e-01,1.1656519405e+00,5.1069045550e-02,4.4400400338e-01,3.6495807047e-01,7.9045932909e-02,5.3538376731e-01
3.8472803883e-01,1.1663639976e+00,5.1445536624e-02,4.4523715235e-01,3.6568185927e-01,7.9555293077e-02,5.3726516235e-01
3.8625473740e-01,1.1670764896e+00,5.1823150646e-02,4.4646697229e-01,3.6640152755e-01,8.0065444740e-02,5.3914499344e-01
3.8778143597e-01,1.1677894169e+00,5.2201884662e-02,4.4769347215e-01,3.6711709101e-01,8.0576381149e-02,5.4102326531e-01
3.8930813453e-01,1.1685027797e+00,5.2581735722e-02,4.4891666090e-01,3.6782856532e-01,8.1088095583e-02,5.4289998270e-01
3.9083483310e-01,1.1692165782e+00,5.2962700875e-02,4.5013654745e-01,3.6853596610e-01,8.1600581350e-02,5.4477515032e-01
3.9236153167e-01,1.1699308128e+00,5.3344777171e-02,4.5135314069e-01,3.6923930890e-01,8.2113831787e-02,5.4664877290e-01
3.9388823023e-01,1.1706454836e+00,5.3727961662e-02,4.5256644949e-01,3.6993860923e-01,8.2627840257e-02,5.4852085513e-01
3.9541492880e-01,1.1713605911e+00,5.4112251399e-02,4.5377648269e-01,3.7063388254e-01,8.3142600151e-02,5.5039140173e-01
3.9694162737e-01,1.1720761353e+00,5.4497643435e-02,4.5498324911e-01,3.7132514422e-01,8.3658104889e-02,5.5226041740e-01
3.9846832593e-01,1.1727921167e+00,5.4884134824e-02,4.5618675754e-01,3.7201240963e-01,8.4174347916e-02,5.5412790684e-01
3.9999502450e-01,1.1735085355e+00,5.5271722621e-02,4.5738701675e-01,3.7269569404e-01,8.4691322708e-02,5.5599387473e-01
4.0152172307e-01,1.1742253919e+00,5.5660403880e-02,4.5858403548e-01,3.7337501271e-01,8.5209022766e-02,5.5785832575e-01
4.0304842163e-01,1.1749426861e+00,5.6050175659e-02,4.5977782243e-01,3.7405038081e-01,8.5727441617e-02,5.5972126460e-01
4.0457512020e-01,1.1756604186e+00,5.6441035014e-02,4.6096838630e-01,3.7472181348e-01,8.6246572819e-02,5.6158269594e-01
4.0610181877e-01,1.1763785895e+00,5.6832979004e-02,4.6215573576e-01,3.7538932581e-01,8.6766409955e-02,5.6344262445e-01
4.0762851734e-01,1.1770971991e+00,5.7226004688e-02,4.6333987944e-01,3.7605293281e-01,8.7286946633e-02,5.6530105478e-01
4.0915521590e-01,1.1778162477e+00,5.7620109126e-02,4.6452082596e-01,3.7671264947e-01,8.7808176492e-02,5.6715799161e-01
4.1068191447e-01,1.1785357355e+00,5.8015289379e-02,4.6569858390e-01,3.7736849071e-01,8.8330093195e-02,5.6901343957e-01
4.1220861304e-01,1.1792556628e+00,5.8411542510e-02,4.6687316184e-01,3.7802047141e-01,8.8852690432e-02,5.7086740333e-01
4.1373531160e-01,1.1799760299e+00,5.8808865581e-02,4.6804456830e-01,3.7866860638e-01,8.9375961920e-02,5.7271988752e-01
4.1526201017e-01,1.1806968371e+00,5.9207255657e-02,4.6921281181e-01,3.7931291040e-01,8.9899901402e-02,5.7457089678e-01
4.1678870874e-01,1.1814180845e+00,5.9606709802e-02,4.7037790085e-01,3.7995339820e-01,9.0424502649e-02,5.7642043575e-01
4.1831540730e-01,1.1821397726e+00,6.0007225083e-02,4.7153984389e-01,3.8059008443e-01,9.0949759457e-02,5.7826850907e-01
4.1984210587e-01,1.1828619015e+00,6.0408798567e-02,4.7269864937e-01,3.8122298372e-01,9.1475665648e-02,5.8011512134e-01
4.2136880444e-01,1.1835844715e+00,6.0811427322e-02,4.7385432571e-01,3.8185211064e-01,9.2002215070e-02,5.8196027719e-01
4.2289550300e-01,1.1843074830e+00,6.1215108418e-02,4.7500688130e-01,3.8247747970e-01,9.2529401599e-02,5.8380398124e-01
4.2442220157e-01,1.1850309361e+00,6.1619838924e-02,4.7615632450e-01,3.8309910537e-01,9.3057219134e-02,5.8564623809e-01
4.2594890014e-01,1.1857548311e+00,6.2025615912e-02,4.7730266367e-01,3.8371700206e-01,9.3585661603e-02,5.8748705236e-01
4.2747559870e-01,1.1864791683e+00,6.2432436455e-02,4.7844590711e-01,3.8433118416e-01,9.4114722957e-02,5.8932642863e-01
4.2900229727e-01,1.1872039480e+00,6.2840297626e-02,4.7958606314e-01,3.8494166596e-01,9.4644397174e-02,5.9116437150e-01
4.3052899584e-01,1.1879291705e+00,6.3249196500e-02,4.8072314001e-01,3.8554846175e-01,9.5174678257e-02,5.9300088556e-01
4.3205569440e-01,1.1886548359e+00,6.3659130154e-02,4.8185714597e-01,3.8615158574e-01,9.5705560236e-02,5.9483597540e-01
4.3358239297e-01,1.1893809447e+00,6.4070095663e-02,4.8298808926e-01,3.8675105210e-01,9.6237037165e-02,5.9666964560e-01
4.3510909154e-01,1.1901074969e+00,6.4482090107e-02,4.8411597807e-01,3.8734687495e-01,9.6769103123e-02,5.9850190072e-01
4.3663579010e-01,1.1908344931e+00,6.4895110564e-02,4.8524082057e-01,3.8793906836e-01,9.7301752215e-02,6.0033274535e-01
4.3816248867e-01,1.1915619333e+00,6.5309154115e-02,4.8636262493e-01,3.8852764636e-01,9.7834978571e-02,6.0216218404e-01
4.3968918724e-01,1.1922898179e+00,6.5724217842e-02,4.8748139926e-01,3.8911262291e-01,9.8368776346e-02,6.0399022137e-01
4.4121588580e-01,1.1930181471e+00,6.6140298827e-02,4.8859715168e-01,3.8969401196e-01,9.8903139719e-02,6.0581686187e-01
4.4274258437e-01,1.1937469212e+00,6.6557394156e-02,4.8970989027e-01,3.9027182737e-01,9.9438062897e-02,6.0764211011e-01
4.4426928294e-01,1.1944761406e+00,6.6975500913e-02,4.9081962308e-01,3.9084608298e-01,9.9973540107e-02,6.0946597063e-01
4.4579598151e-01,1.1952058053e+00,6.7394616184e-02,4.9192635816e-01,3.9141679256e-01,1.0050956561e-01,6.1128844797e-01
4.4732268007e-01,1.1959359159e+00,6.7814737058e-02,4.9303010352e-01,3.9198396985e-01,1.0104613367e-01,6.1310954667e-01
4.4884937864e-01,1.1966664724e+00,6.8235860624e-02,4.9413086715e-01,3.9254762854e-01,1.0158323860e-01,6.1492927126e-01
4.5037607721e-01,1.1973974751e+00,6.8657983972e-02,4.9522865701e-01,3.9310778227e-01,1.0212087473e-01,6.1674762626e-01
4.5190277577e-01,1.1981289245e+00,6.9081104194e-02,4.9632348105e-01,3.9366444463e-01,1.0265903641e-01,6.1856461621e-01
4.5342947434e-01,1.1988608206e+00,6.9505218383e-02,4.9741534718e-01,3.9421762917e-01,1.0319771802e-01,6.2038024562e-01
4.5495617291e-01,1.1995931638e+00,6.9930323632e-02,4.9850426332e-01,3.9476734937e-01,1.0373691395e-01,6.2219451900e-01
4.5648287147e-01,1.2003259544e+00,7.0356417039e-02,4.9959023734e-01,3.9531361870e-01,1.0427661863e-01,6.2400744086e-01
4.5800957004e-01,1.2010591926e+00,7.0783495698e-02,5.0067327708e-01,3.9585645056e-01,1.0481682651e-01,6.2581901570e-01
4.5953626861e-01,1.2017928788e+00,7.1211556710e-02,5.0175339038e-01,3.9639585831e-01,1.0535753207e-01,6.2762924803e-01
4.6106296717e-01,1.2025270131e+00,7.1640597172e-02,5.0283058504e-01,3.9693185526e-01,1.0589872979e-01,6.2943814234e-01
4.6258966574e-01,1.2032615959e+00,7.2070614187e-02,5.0390486886e-01,3.9746445467e-01,1.0644041419e-01,6.3124570311e-01
4.6411636431e-01,1.2039966274e+00,7.2501604857e-02,5.0497624960e-01,3.9799366976e-01,1.0698257983e-01,6.3305193485e-01
4.6564306287e-01,1.2047321079e+00,7.2933566285e-02,5.0604473499e-01,3.9851951372e-01,1.0752522127e-01,6.3485684202e-01
4.6716976144e-01,1.2054680377e+00,7.3366495576e-02,5.0711033276e-01,3.9904199966e-01,1.0806833310e-01,6.3666042910e-01
4.6869646001e-01,1.2062044171e+00,7.3800389837e-02,5.0817305060e-01,3.9956114067e-01,1.0861190992e-01,6.3846270057e-01
4.7022315857e-01,1.2069412463e+00,7.4235246177e-02,5.0923289619e-01,4.0007694979e-01,1.0915594639e-01,6.4026366089e-01
4.7174985714e-01,1.2076785255e+00,7.4671061703e-02,5.1028987717e-01,4.0058944001e-01,1.0970043716e-01,6.4206331453e-01
4.7327655571e-01,1.2084162552e+00,7.5107833528e-02,5.1134400119e-01,4.0109862428e-01,1.1024537692e-01,6.4386166595e-01
4.7480325427e-01,1.2091544355e+00,7.5545558764e-02,5.1239527585e-01,4.0160451549e-01,1.1079076036e-01,6.4565871959e-01
4.7632995284e-01,1.2098930668e+00,7.5984234523e-02,5.1344370874e-01,4.0210712651e-01,1.1133658223e-01,6.4745447992e-01
4.7785665141e-01,1.2106321492e+00,7.6423857922e-02,5.1448930742e-01,4.0260647015e-01,1.1188283727e-01,6.4924895137e-01
4.7938334997e-01,1.2113716832e+00,7.6864426077e-02,5.1553207943e-01,4.0310255917e-01,1.1242952026e-01,6.5104213838e-01
4.8091004854e-01,1.2121116688e+00,7.7305936106e-02,5.1657203231e-01,4.0359540631e-01,1.1297662600e-01,6.5283404540e-01
4.8243674711e-01,1.2128521066e+00,7.7748385130e-02,5.1760917354e-01,4.0408502424e-01,1.1352414930e-01,6.5462467685e-01
4.8396344568e-01,1.2135929966e+00,7.8191770269e-02,5.1864351061e-01,4.0457142559e-01,1.1407208501e-01,6.5641403717e-01
4.8549014424e-01,1.2143343392e+00,7.8636088646e-02,5.1967505097e-01,4.0505462297e-01,1.1462042800e-01,6.5820213077e-01
4.8701684281e-01,1.2150761347e+00,7.9081337386e-02,5.2070380207e-01,4.0553462891e-01,1.1516917316e-01,6.5998896208e-01
4.8854354138e-01,1.2158183833e+00,7.9527513614e-02,5.2172977131e-01,4.0601145592e-01,1.1571831539e-01,6.6177453551e-01
4.9007023994e-01,1.2165610853e+00,7.9974614458e-02,5.2275296609e-01,4.0648511646e-01,1.1626784963e-01,6.6355885547e-01
4.9159693851e-01,1.2173042410e+00,8.0422637047e-02,5.2377339379e-01,4.0695562295e-01,1.1681777084e-01,6.6534192636e-01
4.9312363708e-01,1.2180478507e+00,8.0871578512e-02,5.2479106175e-01,4.0742298777e-01,1.1736807398e-01,6.6712375260e-01
4.9465033564e-01,1.2187919147e+00,8.1321435984e-02,5.2580597731e-01,4.0788722325e-01,1.1791875407e-01,6.6890433857e-01
4.9617703421e-01,1.2195364331e+00,8.1772206599e-02,5.2681814778e-01,4.0834834167e-01,1.1846980611e-01,6.7068368867e-01
4.9770373278e-01,1.2202814064e+00,8.2223887490e-02,5.2782758044e-01,4.0880635528e-01,1.1902122516e-01,6.7246180729e-01
4.9923043134e-01,1.2210268347e+00,8.2676475796e-02,5.2883428256e-01,4.0926127629e-01,1.1957300627e-01,6.7423869881e-01
5.0075712991e-01,1.2217727184e+00,8.3129968656e-02,5.2983826139e-01,4.0971311685e-01,1.2012514454e-01,6.7601436762e-01
5.0228382848e-01,1.2225190577e+00,8.3584363209e-02,5.3083952416e-01,4.1016188909e-01,1.2067763507e-01,6.7778881809e-01
5.0381052704e-01,1.2232658530e+00,8.4039656597e-02,5.3183807807e-01,4.1060760508e-01,1.2123047299e-01,6.7956205459e-01
5.0533722561e-01,1.2240131044e+00,8.4495845966e-02,5.3283393031e-01,4.1105027685e-01,1.2178365345e-01,6.8133408149e-01
5.0686392418e-01,1.2247608123e+00,8.4952928459e-02,5.3382708804e-01,4.1148991641e-01,1.2233717163e-01,6.8310490315e-01
5.0839062274e-01,1.2255089770e+00,8.5410901225e-02,5.3481755841e-01,4.1192653569e-01,1.2289102272e-01,6.8487452394e-01
5.0991732131e-01,1.2262575986e+00,8.5869761412e-02,5.3580534854e-01,4.1236014661e-01,1.2344520192e-01,6.8664294821e-01
5.1144401988e-01,1.2270066776e+00,8.6329506170e-02,5.3679046553e-01,4.1279076104e-01,1.2399970449e-01,6.8841018032e-01
5.1297071844e-01,1.2277562142e+00,8.6790132654e-02,5.3777291648e-01,4.1321839081e-01,1.2455452567e-01,6.9017622460e-01
5.1449741701e-01,1.2285062086e+00,8.7251638015e-02,5.3875270844e-01,4.1364304769e-01,1.2510966074e-01,6.9194108540e-01
5.1602411558e-01,1.2292566612e+00,8.7714019411e-02,5.3972984845e-01,4.1406474344e-01,1.2566510501e-01,6.9370476706e-01
5.1755081414e-01,1.2300075722e+00,8.8177273999e-02,5.4070434355e-01,4.1448348976e-01,1.2622085379e-01,6.9546727392e-01
5.1907751271e-01,1.2307589420e+00,8.8641398939e-02,5.4167620072e-01,4.1489929831e-01,1.2677690242e-01,6.9722861031e-01
5.2060421128e-01,1.2315107707e+00,8.9106391391e-02,5.4264542697e-01,4.1531218071e-01,1.2733324626e-01,6.9898878055e-01
5.2213090985e-01,1.2322630586e+00,8.9572248519e-02,5.4361202924e-01,4.1572214854e-01,1.2788988070e-01,7.0074778896e-01
5.2365760841e-01,1.2330158062e+00,9.0038967488e-02,5.4457601449e-01,4.1612921335e-01,1.2844680113e-01,7.0250563987e-01
5.2518430698e-01,1.2337690135e+00,9.0506545464e-02,5.4553738963e-01,4.1653338664e-01,1.2900400299e-01,7.0426233760e-01
5.2671100555e-01,1.2345226810e+00,9.0974979617e-02,5.4649616157e-01,4.1693467987e-01,1.2956148171e-01,7.0601788644e-01
5.2823770411e-01,1.2352768088e+00,9.1444267116e-02,5.4745233721e-01,4.1733310445e-01,1.3011923275e-01,7.0777229071e-01
5.2976440268e-01,1.2360313973e+00,9.1914405133e-02,5.4840592339e-01,4.1772867178e-01,1.3067725161e-01,7.0952555471e-01
5.3129110125e-01,1.2367864468e+00,9.2385390844e-02,5.4935692697e-01,4.1812139319e-01,1.3123553378e-01,7.1127768275e-01
5.3281779981e-01,1.2375419575e+00,9.2857221423e-02,5.5030535477e-01,4.1851127999e-01,1.3179407479e-01,7.1302867910e-01
5.3434449838e-01,1.2382979297e+00,9.3329894049e-02,5.5125121361e-01,4.1889834343e-01,1.3235287018e-01,7.1477854808e-01
5.3587119695e-01,1.2390543637e+00,9.3803405902e-02,5.5219451026e-01,4.1928259474e-01,1.3291191552e-01,7.1652729395e-01
5.3739789551e-01,1.2398112598e+00,9.4277754163e-02,5.5313525149e-01,4.1966404511e-01,1.3347120638e-01,7.1827492101e-01
5.3892459408e-01,1.2405686183e+00,9.4752936017e-02,5.5407344406e-01,4.2004270568e-01,1.3403073839e-01,7.2002143354e-01
5.4045129265e-01,1.2413264394e+00,9.5228948648e-02,5.5500909470e-01,4.2041858755e-01,1.3459050715e-01,7.2176683581e-01
5.4197799121e-01,1.2420847234e+00,9.5705789245e-02,5.5594221011e-01,4.2079170180e-01,1.3515050831e-01,7.2351113209e-01
5.4350468978e-01,1.2428434706e+00,9.6183454996e-02,5.5687279698e-01,4.2116205945e-01,1.3571073753e-01,7.2525432665e-01
5.4503138835e-01,1.2436026814e+00,9.6661943094e-02,5.5780086200e-01,4.2152967150e-01,1.3627119050e-01,7.2699642375e-01
5.4655808691e-01,1.2443623559e+00,9.7141250732e-02,5.5872641181e-01,4.2189454889e-01,1.3683186291e-01,7.2873742765e-01
5.4808478548e-01,1.2451224944e+00,9.7621375105e-02,5.5964945304e-01,4.2225670255e-01,1.3739275050e-01,7.3047734262e-01
5.4961148405e-01,1.2458830974e+00,9.8102313410e-02,5.6056999232e-01,4.2261614333e-01,1.3795384899e-01,7.3221617290e-01
5.5113818261e-01,1.2466441649e+00,9.8584062848e-02,5.6148803625e-01,4.2297288210e-01,1.3851515415e-01,7.3395392274e-01
5.5266488118e-01,1.2474056973e+00,9.9066620621e-02,5.6240359139e-01,4.2332692963e-01,1.3907666176e-01,7.3569059638e-01
5.5419157975e-01,1.2481676950e+00,9.9549983930e-02,5.6331666431e-01,4.2367829670e-01,1.3963836761e-01,7.3742619807e-01
5.5571827831e-01,1.2489301581e+00,1.0003414998e-01,5.6422726156e-01,4.2402699403e-01,1.4020026753e-01,7.3916073205e-01
5.5724497688e-01,1.2496930870e+00,1.0051911599e-01,5.6513538964e-01,4.2437303231e-01,1.4076235734e-01,7.4089420254e-01
5.5877167545e-01,1.2504564819e+00,1.0100487915e-01,5.6604105508e-01,4.2471642218e-01,1.4132463290e-01,7.4262661378e-01
5.6029837402e-01,1.2512203432e+00,1.0149143669e-01,5.6694426436e-01,4.2505717427e-01,1.4188709009e-01,7.4435796999e-01
5.6182507258e-01,1.2519846711e+00,1.0197878581e-01,5.6784502393e-01,4.2539529914e-01,1.4244972480e-01,7.4608827539e-01
5.6335177115e-01,1.2527494658e+00,1.0246692373e-01,5.6874334026e-01,4.2573080733e-01,1.4301253294e-01,7.4781753421e-01
5.6487846972e-01,1.2535147278e+00,1.0295584768e-01,5.6963921978e-01,4.2606370934e-01,1.4357551043e-01,7.4954575066e-01
5.6640516828e-01,1.2542804572e+00,1.0344555486e-01,5.7053266889e-01,4.2639401565e-01,1.4413865324e-01,7.5127292895e-01
5.6793186685e-01,1.2550466544e+00,1.0393604251e-01,5.7142369399e-01,4.2672173667e-01,1.4470195732e-01,7.5299907328e-01
5.6945856542e-01,1.2558133197e+00,1.0442730785e-01,5.7231230146e-01,4.2704688281e-01,1.4526541865e-01,7.5472418787e-01
5.7098526398e-01,1.2565804532e+00,1.0491934810e-01,5.7319849766e-01,4.2736946441e-01,1.4582903325e-01,7.5644827690e-01
5.7251196255e-01,1.2573480554e+00,1.0541216049e-01,5.7408228892e-01,4.2768949179e-01,1.4639279714e-01,7.5817134459e-01
5.7403866112e-01,1.2581161265e+00,1.0590574226e-01,5.7496368158e-01,4.2800697524e-01,1.4695670634e-01,7.5989339511e-01
5.7556535968e-01,1.2588846668e+00,1.0640009063e-01,5.7584268194e-01,4.2832192500e-01,1.4752075693e-01,7.6161443267e-01
5.7709205825e-01,1.2596536765e+00,1.0689520285e-01,5.7671929627e-01,4.2863435129e-01,1.4808494498e-01,7.6333446144e-01
5.7861875682e-01,1.2604231561e+00,1.0739107614e-01,5.7759353087e-01,4.2894426428e-01,1.4864926658e-01,7.6505348561e-01
5.8014545538e-01,1.2611931056e+00,1.0788770776e-01,5.7846539196e-01,4.2925167411e-01,1.4921371785e-01,7.6677150936e-01
5.8167215395e-01,1.2619635255e+00,1.0838509494e-01,5.7933488580e-01,4.2955659088e-01,1.4977829491e-01,7.6848853686e-01
5.8319885252e-01,1.2627344160e+00,1.0888323493e-01,5.8020201859e-01,4.2985902467e-01,1.5034299392e-01,7.7020457228e-01
5.8472555108e-01,1.2635057775e+00,1.0938212496e-01,5.8106679654e-01,4.3015898550e-01,1.5090781103e-01,7.7191961979e-01
5.8625224965e-01,1.2642776101e+00,1.0988176230e-01,5.8192922582e-01,4.3045648338e-01,1.5147274244e-01,7.7363368356e-01
5.8777894822e-01,1.2650499142e+00,1.1038214420e-01,5.8278931261e-01,4.3075152827e-01,1.5203778434e-01,7.7534676775e-01
5.8930564678e-01,1.2658226901e+00,1.1088326790e-01,5.8364706304e-01,4.3104413009e-01,1.5260293295e-01,7.7705887651e-01
5.9083234535e-01,1.2665959381e+00,1.1138513066e-01,5.8450248325e-01,4.3133429874e-01,1.5316818451e-01,7.7877001401e-01
5.9235904392e-01,1.2673696584e+00,1.1188772974e-01,5.8535557935e-01,4.3162204408e-01,1.5373353526e-01,7.8048018438e-01
5.9388574248e-01,1.2681438513e+00,1.1239106240e-01,5.8620635743e-01,4.3190737594e-01,1.5429898149e-01,7.8218939177e-01
5.9541244105e-01,1.2689185172e+00,1.1289512590e-01,5.8705482358e-01,4.3219030409e-01,1.5486451949e-01,7.8389764034e-01
5.9693913962e-01,1.2696936563e+00,1.1339991751e-01,5.8790098385e-01,4.3247083831e-01,1.5543014554e-01,7.8560493421e-01
5.9846583818e-01,1.2704692689e+00,1.1390543449e-01,5.8874484429e-01,4.3274898830e-01,1.5599585599e-01,7.8731127753e-01
5.9999253675e-01,1.2712453553e+00,1.1441167412e-01,5.8958641092e-01,4.3302476376e-01,1.5656164716e-01,7.8901667443e-01
6.0151923532e-01,1.2720219157e+00,1.1491863367e-01,5.9042568975e-01,4.3329817434e-01,1.5712751541e-01,7.9072112905e-01
6.0304593389e-01,1.2727989506e+00,1.1542631040e-01,5.9126268678e-01,4.3356922966e-01,1.5769345713e-01,7.9242464549e-01
6.0457263245e-01,1.2735764601e+00,1.1593470161e-01,5.9209740799e-01,4.3383793930e-01,1.5825946869e-01,7.9412722790e-01
6.0609933102e-01,1.2743544446e+00,1.1644380455e-01,5.9292985932e-01,4.3410431281e-01,1.5882554651e-01,7.9582888039e-01
6.0762602959e-01,1.2751329043e+00,1.1695361653e-01,5.9376004673e-01,4.3436835972e-01,1.5939168701e-01,7.9752960707e-01
6.0915272815e-01,1.2759118395e+00,1.1746413482e-01,5.9458797614e-01,4.3463008951e-01,1.5995788663e-01,7.9922941206e-01
6.1067942672e-01,1.2766912506e+00,1.1797535670e-01,5.9541365345e-01,4.3488951163e-01,1.6052414183e-01,8.0092829946e-01
6.1220612529e-01,1.2774711378e+00,1.1848727947e-01,5.9623708457e-01,4.3514663549e-01,1.6109044908e-01,8.0262627339e-01
6.1373282385e-01,1.2782515014e+00,1.1899990042e-01,5.9705827537e-01,4.3540147048e-01,1.6165680488e-01,8.0432333795e-01
6.1525952242e-01,1.2790323417e+00,1.1951321684e-01,5.9787723170e-01,4.3565402596e-01,1.6222320573e-01,8.0601949724e-01
6.1678622099e-01,1.2798136590e+00,1.2002722603e-01,5.9869395941e-01,4.3590431125e-01,1.6278964816e-01,8.0771475535e-01
6.1831291955e-01,1.2805954535e+00,1.2054192528e-01,5.9950846432e-01,4.3615233562e-01,1.6335612870e-01,8.0940911637e-01
6.1983961812e-01,1.2813777256e+00,1.2105731190e-01,6.0032075226e-01,4.3639810834e-01,1.6392264392e-01,8.1110258441e-01
6.2136631669e-01,1.2821604756e+00,1.2157338319e-01,6.0113082900e-01,4.3664163862e-01,1.6448919038e-01,8.1279516353e-01
6.2289301525e-01,1.2829437038e+00,1.2209013646e-01,6.0193870033e-01,4.3688293565e-01,1.6505576468e-01,8.1448685783e-01
6.2441971382e-01,1.2837274104e+00,1.2260756901e-01,6.0274437201e-01,4.3712200859e-01,1.6562236341e-01,8.1617767139e-01
6.2594641239e-01,1.2845115957e+00,1.2312567815e-01,6.0354784978e-01,4.3735886657e-01,1.6618898321e-01,8.1786760828e-01
6.2747311095e-01,1.2852962601e+00,1.2364446121e-01,6.0434913938e-01,4.3759351867e-01,1.6675562071e-01,8.1955667258e-01
6.2899980952e-01,1.2860814038e+00,1.2416391549e-01,6.0514824651e-01,4.3782597395e-01,1.6732227255e-01,8.2124486836e-01
6.3052650809e-01,1.2868670271e+00,1.2468403832e-01,6.0594517687e-01,4.3805624145e-01,1.6788893542e-01,8.2293219968e-01
6.3205320665e-01,1.2876531303e+00,1.2520482701e-01,6.0673993615e-01,4.3828433016e-01,1.6845560599e-01,8.2461867061e-01
6.3357990522e-01,1.2884397138e+00,1.2572627889e-01,6.0753253001e-01,4.3851024904e-01,1.6902228097e-01,8.2630428521e-01
6.3510660379e-01,1.2892267777e+00,1.2624839129e-01,6.0832296410e-01,4.3873400703e-01,1.6958895707e-01,8.2798904754e-01
6.3663330235e-01,1.2900143224e+00,1.2677116153e-01,6.0911124405e-01,4.3895561302e-01,1.7015563103e-01,8.2967296165e-01
6.3816000092e-01,1.2908023482e+00,1.2729458694e-01,6.0989737548e-01,4.3917507590e-01,1.7072229959e-01,8.3135603159e-01
6.3968669949e-01,1.2915908554e+00,1.2781866487e-01,6.1068136400e-01,4.3939240448e-01,1.7128895951e-01,8.3303826141e-01
6.4121339806e-01,1.2923798442e+00,1.2834339264e-01,6.1146321518e-01,4.3960760760e-01,1.7185560758e-01,8.3471965517e-01
6.4274009662e-01,1.2931693150e+00,1.2886876760e-01,6.1224293460e-01,4.3982069401e-01,1.7242224059e-01,8.3640021689e-01
6.4426679519e-01,1.2939592681e+00,1.2939478708e-01,6.1302052781e-01,4.4003167247e-01,1.7298885534e-01,8.3807995061e-01
6.4579349376e-01,1.2947497037e+00,1.2992144844e-01,6.1379600036e-01,4.4024055169e-01,1.7355544867e-01,8.3975886039e-01
6.4732019232e-01,1.2955406222e+00,1.3044874902e-01,6.1456935776e-01,4.4044734035e-01,1.7412201741e-01,8.4143695024e-01
6.4884689089e-01,1.2963320238e+00,1.3097668617e-01,6.1534060554e-01,4.4065204711e-01,1.7468855843e-01,8.4311422419e-01
6.5037358946e-01,1.2971239089e+00,1.3150525724e-01,6.1610974917e-01,4.4085468059e-01,1.7525506857e-01,8.4479068628e-01
6.5190028802e-01,1.2979162777e+00,1.3203445959e-01,6.1687679413e-01,4.4105524938e-01,1.7582154475e-01,8.4646634053e-01
6.5342698659e-01,1.2987091305e+00,1.3256429057e-01,6.1764174590e-01,4.4125376205e-01,1.7638798385e-01,8.4814119095e-01
6.5495368516e-01,1.2995024677e+00,1.3309474755e-01,6.1840460991e-01,4.4145022712e-01,1.7695438279e-01,8.4981524157e-01
6.5648038372e-01,1.3002962895e+00,1.3362582789e-01,6.1916539160e-01,4.4164465310e-01,1.7752073850e-01,8.5148849639e-01
6.5800708229e-01,1.3010905962e+00,1.3415752895e-01,6.1992409639e-01,4.4183704846e-01,1.7808704793e-01,8.5316095944e-01
6.5953378086e-01,1.3018853881e+00,1.3468984811e-01,6.2068072968e-01,4.4202742164e-01,1.7865330804e-01,8.5483263472e-01
6.6106047942e-01,1.3026806655e+00,1.3522278273e-01,6.2143529684e-01,4.4221578104e-01,1.7921951580e-01,8.5650352623e-01
6.6258717799e-01,1.3034764288e+00,1.3575633019e-01,6.2218780327e-01,4.4240213507e-01,1.7978566820e-01,8.5817363798e-01
6.6411387656e-01,1.3042726781e+00,1.3629048787e-01,6.2293825430e-01,4.4258649205e-01,1.8035176225e-01,8.5984297397e-01
6.6564057512e-01,1.3050694138e+00,1.3682525315e-01,6.2368665529e-01,4.4276886033e-01,1.8091779496e-01,8.6151153820e-01
6.6716727369e-01,1.3058666363e+00,1.3736062341e-01,6.2443301156e-01,4.4294924819e-01,1.8148376337e-01,8.6317933465e-01
6.6869397226e-01,1.3066643457e+00,1.3789659603e-01,6.2517732842e-01,4.4312766389e-01,1.8204966453e-01,8.6484636732e-01
6.7022067082e-01,1.3074625425e+00,1.3843316840e-01,6.2591961117e-01,4.4330411567e-01,1.8261549550e-01,8.6651264019e-01
6.7174736939e-01,1.3082612268e+00,1.3897033791e-01,6.2665986509e-01,4.4347861174e-01,1.8318125335e-01,8.6817815726e-01
6.7327406796e-01,1.3090603990e+00,1.3950810196e-01,6.2739809545e-01,4.4365116026e-01,1.8374693518e-01,8.6984292250e-01
6.7480076652e-01,1.3098600594e+00,1.4004645795e-01,6.2813430750e-01,4.4382176940e-01,1.8431253810e-01,8.7150693990e-01
6.7632746509e-01,1.3106602083e+00,1.4058540327e-01,6.2886850648e-01,4.4399044726e-01,1.8487805921e-01,8.7317021342e-01
6.7785416366e-01,1.3114608459e+00,1.4112493532e-01,6.2960069761e-01,4.4415720194e-01,1.8544349566e-01,8.7483274705e-01
6.7938086223e-01,1.3122619727e+00,1.4166505151e-01,6.3033088610e-01,4.4432204150e-01,1.8600884460e-01,8.7649454475e-01
6.8090756079e-01,1.3130635888e+00,1.4220574925e-01,6.3105907715e-01,4.4448497397e-01,1.8657410318e-01,8.7815561050e-01
6.8243425936e-01,1.3138656946e+00,1.4274702595e-01,6.3178527594e-01,4.4464600736e-01,1.8713926858e-01,8.7981594824e-01
6.8396095793e-01,1.3146682904e+00,1.4328887902e-01,6.3250948763e-01,4.4480514963e-01,1.8770433800e-01,8.8147556196e-01
6.8548765649e-01,1.3154713765e+00,1.4383130588e-01,6.3323171738e-01,4.4496240875e-01,1.8826930863e-01,8.8313445561e-01
6.8701435506e-01,1.3162749531e+00,1.4437430394e-01,6.3395197031e-01,4.4511779262e-01,1.8883417769e-01,8.8479263314e-01
6.8854105363e-01,1.3170790206e+00,1.4491787064e-01,6.3467025156e-01,4.4527130914e-01,1.8939894242e-01,8.8645009850e-01
6.9006775219e-01,1.3178835793e+00,1.4546200338e-01,6.3538656623e-01,4.4542296617e-01,1.8996360006e-01,8.8810685566e-01
6.9159445076e-01,1.3186886295e+00,1.4600669961e-01,6.3610091941e-01,4.4557277154e-01,1.9052814787e-01,8.8976290855e-01
6.9312114933e-01,1.3194941715e+00,1.4655195676e-01,6.3681331619e-01,4.4572073307e-01,1.9109258312e-01,8.9141826112e-01
6.9464784789e-01,1.3203002055e+00,1.4709777225e-01,6.3752376163e-01,4.4586685853e-01,1.9165690309e-01,8.9307291732e-01
6.9617454646e-01,1.3211067319e+00,1.4764414352e-01,6.3823226078e-01,4.4601115568e-01,1.9222110510e-01,8.9472688109e-01
6.9770124503e-01,1.3219137510e+00,1.4819106802e-01,6.3893881868e-01,4.4615363224e-01,1.9278518644e-01,8.9638015635e-01
6.9922794359e-01,1.3227212631e+00,1.4873854318e-01,6.3964344036e-01,4.4629429590e-01,1.9334914446e-01,8.9803274705e-01
7.0075464216e-01,1.3235292684e+00,1.4928656645e-01,6.4034613082e-01,4.4643315434e-01,1.9391297648e-01,8.9968465712e-01
7.0228134073e-01,1.3243377674e+00,1.4983513528e-01,6.4104689506e-01,4.4657021520e-01,1.9447667986e-01,9.0133589049e-01
7.0380803929e-01,1.3251467602e+00,1.5038424712e-01,6.4174573806e-01,4.4670548610e-01,1.9504025196e-01,9.0298645108e-01
7.0533473786e-01,1.3259562472e+00,1.5093389943e-01,6.4244266479e-01,4.4683897461e-01,1.9560369018e-01,9.0463634282e-01
7.0686143643e-01,1.3267662287e+00,1.5148408966e-01,6.4313768020e-01,4.4697068831e-01,1.9616699189e-01,9.0628556962e-01
7.0838813499e-01,1.3275767050e+00,1.5203481528e-01,6.4383078924e-01,4.4710063472e-01,1.9673015452e-01,9.0793413541e-01
7.0991483356e-01,1.3283876764e+00,1.5258607374e-01,6.4452199683e-01,4.4722882136e-01,1.9729317546e-01,9.0958204410e-01
7.1144153213e-01,1.3291991431e+00,1.5313786251e-01,6.4521130788e-01,4.4735525571e-01,1.9785605217e-01,9.1122929961e-01
7.1296823069e-01,1.3300111056e+00,1.5369017907e-01,6.4589872729e-01,4.4747994521e-01,1.9841878208e-01,9.1287590584e-01
7.1449492926e-01,1.3308235641e+00,1.5424302088e-01,6.4658425995e-01,4.4760289730e-01,1.9898136265e-01,9.1452186670e-01
7.1602162783e-01,1.3316365188e+00,1.5479638542e-01,6.4726791074e-01,4.4772411938e-01,1.9954379136e-01,9.1616718610e-01
7.1754832640e-01,1.3324499702e+00,1.5535027016e-01,6.4794968450e-01,4.4784361882e-01,2.0010606568e-01,9.1781186794e-01
7.1907502496e-01,1.3332639185e+00,1.5590467260e-01,6.4862958609e-01,4.4796140297e-01,2.0066818312e-01,9.1945591612e-01
7.2060172353e-01,1.3340783640e+00,1.5645959022e-01,6.4930762034e-01,4.4807747915e-01,2.0123014118e-01,9.2109933454e-01
7.2212842210e-01,1.3348933070e+00,1.5701502049e-01,6.4998379206e-01,4.4819185467e-01,2.0179193739e-01,9.2274212709e-01
7.2365512066e-01,1.3357087479e+00,1.5757096092e-01,6.5065810606e-01,4.4830453678e-01,2.0235356928e-01,9.2438429766e-01
7.2518181923e-01,1.3365246868e+00,1.5812740900e-01,6.5133056713e-01,4.4841553274e-01,2.0291503439e-01,9.2602585015e-01
7.2670851780e-01,1.3373411242e+00,1.5868436222e-01,6.5200118005e-01,4.4852484976e-01,2.0347633030e-01,9.2766678844e-01
7.2823521636e-01,1.3381580604e+00,1.5924181808e-01,6.5266994959e-01,4.4863249503e-01,2.0403745457e-01,9.2930711641e-01
7.2976191493e-01,1.3389754955e+00,1.5979977409e-01,6.5333688050e-01,4.4873847572e-01,2.0459840478e-01,9.3094683795e-01
7.3128861350e-01,1.3397934300e+00,1.6035822775e-01,6.5400197751e-01,4.4884279898e-01,2.0515917854e-01,9.3258595694e-01
7.3281531206e-01,1.3406118642e+00,1.6091717657e-01,6.5466524536e-01,4.4894547191e-01,2.0571977345e-01,9.3422447725e-01
7.3434201063e-01,1.3414307983e+00,1.6147661807e-01,6.5532668875e-01,4.4904650161e-01,2.0628018714e-01,9.3586240276e-01
7.3586870920e-01,1.3422502327e+00,1.6203654976e-01,6.5598631238e-01,4.4914589515e-01,2.0684041724e-01,9.3749973734e-01
7.3739540776e-01,1.3430701676e+00,1.6259696916e-01,6.5664412095e-01,4.4924365956e-01,2.0740046139e-01,9.3913648486e-01
7.3892210633e-01,1.3438906034e+00,1.6315787379e-01,6.5730011912e-01,4.4933980185e-01,2.0796031726e-01,9.4077264918e-01
7.4044880490e-01,1.3447115404e+00,1.6371926117e-01,6.5795431155e-01,4.4943432903e-01,2.0851998252e-01,9.4240823418e-01
7.4197550346e-01,1.3455329789e+00,1.6428112884e-01,6.5860670290e-01,4.4952724805e-01,2.0907945485e-01,9.4404324371e-01
7.4350220203e-01,1.3463549191e+00,1.6484347432e-01,6.5925729780e-01,4.4961856585e-01,2.0963873195e-01,9.4567768163e-01
7.4502890060e-01,1.3471773615e+00,1.6540629515e-01,6.5990610086e-01,4.4970828934e-01,2.1019781152e-01,9.4731155180e-01
7.4655559916e-01,1.3480003062e+00,1.6596958887e-01,6.6055311671e-01,4.4979642543e-01,2.1075669128e-01,9.4894485808e-01
7.4808229773e-01,1.3488237537e+00,1.6653335301e-01,6.6119834992e-01,4.4988298096e-01,2.1131536896e-01,9.5057760431e-01
7.4960899630e-01,1.3496477042e+00,1.6709758513e-01,6.6184180510e-01,4.4996796279e-01,2.1187384231e-01,9.5220979435e-01
7.5113569486e-01,1.3504721580e+00,1.6766228277e-01,6.6248348681e-01,4.5005137773e-01,2.1243210908e-01,9.5384143205e-01
7.5266239343e-01,1.3512971154e+00,1.6822744347e-01,6.6312339961e-01,4.5013323257e-01,2.1299016704e-01,9.5547252125e-01
7.5418909200e-01,1.3521225768e+00,1.6879306480e-01,6.6376154804e-01,4.5021353408e-01,2.1354801396e-01,9.5710306579e-01
7.5571579057e-01,1.3529485424e+00,1.6935914431e-01,6.6439793665e-01,4.5029228901e-01,2.1410564764e-01,9.5873306951e-01
7.5724248913e-01,1.3537750125e+00,1.6992567956e-01,6.6503256994e-01,4.5036950406e-01,2.1466306587e-01,9.6036253625e-01
7.5876918770e-01,1.3546019876e+00,1.7049266811e-01,6.6566545242e-01,4.5044518595e-01,2.1522026648e-01,9.6199146986e-01
7.6029588627e-01,1.3554294678e+00,1.7106010753e-01,6.6629658861e-01,4.5051934133e-01,2.1577724727e-01,9.6361987415e-01
7.6182258483e-01,1.3562574535e+00,1.7162799539e-01,6.6692598296e-01,4.5059197686e-01,2.1633400610e-01,9.6524775296e-01
7.6334928340e-01,1.3570859449e+00,1.7219632926e-01,6.6755363997e-01,4.5066309916e-01,2.1689054081e-01,9.6687511013e-01
7.6487598197e-01,1.3579149425e+00,1.7276510672e-01,6.6817956408e-01,4.5073271482e-01,2.1744684926e-01,9.6850194947e-01
7.6640268053e-01,1.3587444465e+00,1.7333432535e-01,6.6880375974e-01,4.5080083043e-01,2.1800292931e-01,9.7012827482e-01
7.6792937910e-01,1.3595744572e+00,1.7390398273e-01,6.6942623140e-01,4.5086745254e-01,2.1855877885e-01,9.7175408998e-01
7.6945607767e-01,1.3604049749e+00,1.7447407645e-01,6.7004698346e-01,4.5093258768e-01,2.1911439578e-01,9.7337939879e-01
7.7098277623e-01,1.3612359999e+00,1.7504460410e-01,6.7066602034e-01,4.5099624235e-01,2.1966977799e-01,9.7500420507e-01
7.7250947480e-01,1.3620675326e+00,1.7561556326e-01,6.7128334643e-01,4.5105842303e-01,2.2022492340e-01,9.7662851261e-01
7.7403617337e-01,1.3628995733e+00,1.7618695154e-01,6.7189896613e-01,4.5111913618e-01,2.2077982995e-01,9.7825232525e-01
7.7556287193e-01,1.3637321222e+00,1.7675876654e-01,6.7251288380e-01,4.5117838824e-01,2.2133449556e-01,9.7987564678e-01
7.7708957050e-01,1.3645651797e+00,1.7733100585e-01,6.7312510381e-01,4.5123618563e-01,2.2188891818e-01,9.8149848102e-01
7.7861626907e-01,1.3653987461e+00,1.7790366708e-01,6.7373563051e-01,4.5129253472e-01,2.2244309579e-01,9.8312083178e-01
7.8014296763e-01,1.3662328216e+00,1.7847674785e-01,6.7434446822e-01,4.5134744189e-01,2.2299702634e-01,9.8474270285e-01
7.8166966620e-01,1.3670674067e+00,1.7905024576e-01,6.7495162129e-01,4.5140091348e-01,2.2355070781e-01,9.8636409804e-01
7.8319636477e-01,1.3679025016e+00,1.7962415844e-01,6.7555709402e-01,4.5145295581e-01,2.2410413821e-01,9.8798502116e-01
7.8472306333e-01,1.3687381066e+00,1.8019848349e-01,6.7616089070e-01,4.5150357517e-01,2.2465731553e-01,9.8960547598e-01
7.8624976190e-01,1.3695742221e+00,1.8077321855e-01,6.7676301565e-01,4.5155277785e-01,2.2521023779e-01,9.9122546632e-01
7.8777646047e-01,1.3704108483e+00,1.8134836123e-01,6.7736347312e-01,4.5160057010e-01,2.2576290302e-01,9.9284499596e-01
7.8930315903e-01,1.3712479856e+00,1.8192390917e-01,6.7796226739e-01,4.5164695815e-01,2.2631530924e-01,9.9446406870e-01
7.9082985760e-01,1.3720856343e+00,1.8249986001e-01,6.7855940271e-01,4.5169194820e-01,2.2686745452e-01,9.9608268832e-01
7.9235655617e-01,1.3729237947e+00,1.8307621137e-01,6.7915488333e-01,4.5173554643e-01,2.2741933689e-01,9.9770085862e-01
7.9388325474e-01,1.3737624671e+00,1.8365296090e-01,6.7974871346e-01,4.5177775902e-01,2.2797095444e-01,9.9931858337e-01
7.9540995330e-01,1.3746016517e+00,1.8423010623e-01,6.8034089735e-01,4.5181859211e-01,2.2852230524e-01,1.0009358664e+00
7.9693665187e-01,1.3754413491e+00,1.8480764503e-01,6.8093143918e-01,4.5185805181e-01,2.2907338737e-01,1.0025527114e+00
7.9846335044e-01,1.3762815593e+00,1.8538557492e-01,6.8152034316e-01,4.5189614421e-01,2.2962419895e-01,1.0041691222e+00
7.9999004900e-01,1.3771222828e+00,1.8596389358e-01,6.8210761348e-01,4.5193287540e-01,2.3017473807e-01,1.0057851025e+00
8.0151674757e-01,1.3779635199e+00,1.8654259865e-01,6.8269325429e-01,4.5196825143e-01,2.3072500287e-01,1.0074006562e+00
8.0304344614e-01,1.3788052709e+00,1.8712168779e-01,6.8327726978e-01,4.5200227832e-01,2.3127499146e-01,1.0090157871e+00
8.0457014470e-01,1.3796475360e+00,1.8770115867e-01,6.8385966408e-01,4.5203496209e-01,2.3182470199e-01,1.0106304988e+00
8.0609684327e-01,1.3804903157e+00,1.8828100896e-01,6.8444044134e-01,4.5206630872e-01,2.3237413262e-01,1.0122447952e+00
8.0762354184e-01,1.3813336102e+00,1.8886123632e-01,6.8501960568e-01,4.5209632418e-01,2.3292328150e-01,1.0138586800e+00
8.0915024040e-01,1.3821774199e+00,1.8944183843e-01,6.8559716122e-01,4.5212501442e-01,2.3347214680e-01,1.0154721569e+00
8.1067693897e-01,1.3830217449e+00,1.9002281296e-01,6.8617311206e-01,4.5215238535e-01,2.3402072671e-01,1.0170852299e+00
8.1220363754e-01,1.3838665858e+00,1.9060415760e-01,6.8674746231e-01,4.5217844288e-01,2.3456901942e-01,1.0186979025e+00
8.1373033610e-01,1.3847119428e+00,1.9118587002e-01,6.8732021603e-01,4.5220319289e-01,2.3511702313e-01,1.0203101786e+00
8.1525703467e-01,1.3855578161e+00,1.9176794793e-01,6.8789137730e-01,4.5222664124e-01,2.3566473606e-01,1.0219220619e+00
8.1678373324e-01,1.3864042062e+00,1.9235038900e-01,6.8846095018e-01,4.5224879376e-01,2.3621215642e-01,1.0235335562e+00
8.1831043180e-01,1.3872511133e+00,1.9293319093e-01,6.8902893872e-01,4.5226965627e-01,2.3675928245e-01,1.0251446652e+00
8.1983713037e-01,1.3880985377e+00,1.9351635142e-01,6.8959534695e-01,4.5228923456e-01,2.3730611239e-01,1.0267553927e+00
8.2136382894e-01,1.3889464798e+00,1.9409986818e-01,6.9016017891e-01,4.5230753442e-01,2.3785264449e-01,1.0283657424e+00
8.2289052750e-01,1.3897949399e+00,1.9468373889e-01,6.9072343861e-01,4.5232456159e-01,2.3839887702e-01,1.0299757181e+00
8.2441722607e-01,1.3906439183e+00,1.9526796129e-01,6.9128513005e-01,4.5234032180e-01,2.3894480824e-01,1.0315853235e+00
8.2594392464e-01,1.3914934153e+00,1.9585253306e-01,6.9184525722e-01,4.5235482078e-01,2.3949043644e-01,1.0331945623e+00
8.2747062320e-01,1.3923434312e+00,1.9643745194e-01,6.9240382411e-01,4.5236806421e-01,2.4003575991e-01,1.0348034383e+00
8.2899732177e-01,1.3931939663e+00,1.9702271564e-01,6.9296083470e-01,4.5238005775e-01,2.4058077695e-01,1.0364119553e+00
8.3052402034e-01,1.3940450211e+00,1.9760832187e-01,6.9351629293e-01,4.5239080707e-01,2.4112548587e-01,1.0380201169e+00
8.3205071891e-01,1.3948965957e+00,1.9819426838e-01,6.9407020276e-01,4.5240031778e-01,2.4166988498e-01,1.0396279270e+00
8.3357741747e-01,1.3957486905e+00,1.9878055288e-01,6.9462256814e-01,4.5240859550e-01,2.4221397263e-01,1.0412353891e+00
8.3510411604e-01,1.3966013058e+00,1.9936717311e-01,6.9517339298e-01,4.5241564583e-01,2.4275774715e-01,1.0428425071e+00
8.3663081461e-01,1.3974544420e+00,1.9995412681e-01,6.9572268120e-01,4.5242147431e-01,2.4330120689e-01,1.0444492848e+00
8.3815751317e-01,1.3983080993e+00,2.0054141171e-01,6.9627043672e-01,4.5242608652e-01,2.4384435020e-01,1.0460557257e+00
8.3968421174e-01,1.3991622780e+00,2.0112902556e-01,6.9681666343e-01,4.5242948796e-01,2.4438717546e-01,1.0476618337e+00
8.4121091031e-01,1.4000169786e+00,2.0171696611e-01,6.9736136520e-01,4.5243168416e-01,2.4492968105e-01,1.0492676124e+00
8.4273760887e-01,1.4008722013e+00,2.0230523110e-01,6.9790454593e-01,4.5243268059e-01,2.4547186534e-01,1.0508730657e+00
8.4426430744e-01,1.4017279464e+00,2.0289381829e-01,6.9844620946e-01,4.5243248273e-01,2.4601372673e-01,1.0524781971e+00
8.4579100601e-01,1.4025842142e+00,2.0348272544e-01,6.9898635966e-01,4.5243109602e-01,2.4655526364e-01,1.0540830105e+00
8.4731770457e-01,1.4034410051e+00,2.0407195031e-01,6.9952500037e-01,4.5242852590e-01,2.4709647447e-01,1.0556875095e+00
8.4884440314e-01,1.4042983194e+00,2.0466149066e-01,7.0006213542e-01,4.5242477777e-01,2.4763735765e-01,1.0572916979e+00
8.5037110171e-01,1.4051561574e+00,2.0525134427e-01,7.0059776863e-01,4.5241985702e-01,2.4817791161e-01,1.0588955793e+00
8.5189780027e-01,1.4060145194e+00,2.0584150889e-01,7.0113190381e-01,4.5241376902e-01,2.4871813479e-01,1.0604991575e+00
8.5342449884e-01,1.4068734058e+00,2.0643198232e-01,7.0166454477e-01,4.5240651912e-01,2.4925802565e-01,1.0621024362e+00
8.5495119741e-01,1.4077328168e+00,2.0702276233e-01,7.0219569529e-01,4.5239811265e-01,2.4979758264e-01,1.0637054191e+00
8.5647789597e-01,1.4085927529e+00,2.0761384669e-01,7.0272535916e-01,4.5238855492e-01,2.5033680424e-01,1.0653081098e+00
8.5800459454e-01,1.4094532142e+00,2.0820523321e-01,7.0325354014e-01,4.5237785123e-01,2.5087568892e-01,1.0669105122e+00
8.5953129311e-01,1.4103142011e+00,2.0879691966e-01,7.0378024200e-01,4.5236600684e-01,2.5141423517e-01,1.0685126299e+00
8.6105799167e-01,1.4111757140e+00,2.0938890384e-01,7.0430546848e-01,4.5235302700e-01,2.5195244148e-01,1.0701144666e+00
8.6258469024e-01,1.4120377532e+00,2.0998118355e-01,7.0482922333e-01,4.5233891696e-01,2.5249030637e-01,1.0717160260e+00
8.6411138881e-01,1.4129003189e+00,2.1057375658e-01,7.0535151027e-01,4.5232368193e-01,2.5302782834e-01,1.0733173117e+00
8.6563808737e-01,1.4137634116e+00,2.1116662075e-01,7.0587233302e-01,4.5230732709e-01,2.5356500592e-01,1.0749183276e+00
8.6716478594e-01,1.4146270315e+00,2.1175977386e-01,7.0639169528e-01,4.5228985764e-01,2.5410183764e-01,1.0765190773e+00
8.6869148451e-01,1.4154911790e+00,2.1235321372e-01,7.0690960077e-01,4.5227127873e-01,2.5463832204e-01,1.0781195644e+00
8.7021818308e-01,1.4163558543e+00,2.1294693815e-01,7.0742605316e-01,4.5225159549e-01,2.5517445767e-01,1.0797197927e+00
8.7174488164e-01,1.4172210578e+00,2.1354094496e-01,7.0794105613e-01,4.5223081305e-01,2.5571024309e-01,1.0813197658e+00
8.7327158021e-01,1.4180867899e+00,2.1413523198e-01,7.0845461336e-01,4.5220893650e-01,2.5624567686e-01,1.0829194875e+00
8.7479827878e-01,1.4189530508e+00,2.1472979703e-01,7.0896672850e-01,4.5218597094e-01,2.5678075756e-01,1.0845189614e+00
8.7632497734e-01,1.4198198409e+00,2.1532463795e-01,7.0947740519e-01,4.5216192142e-01,2.5731548377e-01,1.0861181912e+00
8.7785167591e-01,1.4206871604e+00,2.1591975256e-01,7.0998664709e-01,4.5213679300e-01,2.5784985409e-01,1.0877171806e+00
8.7937837448e-01,1.4215550098e+00,2.1651513871e-01,7.1049445781e-01,4.5211059069e-01,2.5838386711e-01,1.0893159333e+00
8.8090507304e-01,1.4224233893e+00,2.1711079424e-01,7.1100084097e-01,4.5208331952e-01,2.5891752145e-01,1.0909144529e+00
8.8243177161e-01,1.4232922993e+00,2.1770671698e-01,7.1150580018e-01,4.5205498446e-01,2.5945081572e-01,1.0925127431e+00
8.8395847018e-01,1.4241617401e+00,2.1830290479e-01,7.1200933904e-01,4.5202559050e-01,2.5998374855e-01,1.0941108076e+00
8.8548516874e-01,1.4250317120e+00,2.1889935551e-01,7.1251146115e-01,4.5199514258e-01,2.6051631857e-01,1.0957086501e+00
8.8701186731e-01,1.4259022153e+00,2.1949606701e-01,7.1301217007e-01,4.5196364564e-01,2.6104852443e-01,1.0973062743e+00
8.8853856588e-01,1.4267732504e+00,2.2009303715e-01,7.1351146938e-01,4.5193110460e-01,2.6158036478e-01,1.0989036837e+00
8.9006526444e-01,1.4276448176e+00,2.2069026377e-01,7.1400936264e-01,4.5189752436e-01,2.6211183828e-01,1.1005008822e+00
8.9159196301e-01,1.4285169171e+00,2.2128774476e-01,7.1450585339e-01,4.5186290981e-01,2.6264294359e-01,1.1020978732e+00
8.9311866158e-01,1.4293895494e+00,2.2188547799e-01,7.1500094518e-01,4.5182726580e-01,2.6317367939e-01,1.1036946606e+00
8.9464536014e-01,1.4302627148e+00,2.2248346131e-01,7.1549464154e-01,4.5179059718e-01,2.6370404436e-01,1.1052912480e+00
8.9617205871e-01,1.4311364136e+00,2.2308169262e-01,7.1598694599e-01,4.5175290879e-01,2.6423403721e-01,1.1068876390e+00
8.9769875728e-01,1.4320106461e+00,2.2368016979e-01,7.1647786204e-01,4.5171420542e-01,2.6476365662e-01,1.1084838373e+00
8.9922545584e-01,1.4328854126e+00,2.2427889072e-01,7.1696739320e-01,4.5167449188e-01,2.6529290131e-01,1.1100798465e+00
9.0075215441e-01,1.4337607135e+00,2.2487785327e-01,7.1745554294e-01,4.5163377295e-01,2.6582176999e-01,1.1116756704e+00
9.0227885298e-01,1.4346365490e+00,2.2547705536e-01,7.1794231477e-01,4.5159205337e-01,2.6635026140e-01,1.1132713126e+00
9.0380555154e-01,1.4355129196e+00,2.2607649488e-01,7.1842771214e-01,4.5154933789e-01,2.6687837425e-01,1.1148667767e+00
9.0533225011e-01,1.4363898255e+00,2.2667616971e-01,7.1891173853e-01,4.5150563124e-01,2.6740610729e-01,1.1164620663e+00
9.0685894868e-01,1.4372672672e+00,2.2727607778e-01,7.1939439738e-01,4.5146093811e-01,2.6793345928e-01,1.1180571852e+00
9.0838564725e-01,1.4381452448e+00,2.2787621698e-01,7.1987569215e-01,4.5141526320e-01,2.6846042896e-01,1.1196521370e+00
9.0991234581e-01,1.4390237587e+00,2.2847658522e-01,7.2035562627e-01,4.5136861118e-01,2.6898701510e-01,1.1212469253e+00
9.1143904438e-01,1.4399028093e+00,2.2907718043e-01,7.2083420317e-01,4.5132098670e-01,2.6951321647e-01,1.1228415538e+00
9.1296574295e-01,1.4407823968e+00,2.2967800052e-01,7.2131142626e-01,4.5127239439e-01,2.7003903186e-01,1.1244360261e+00
9.1449244151e-01,1.4416625217e+00,2.3027904340e-01,7.2178729894e-01,4.5122283889e-01,2.7056446005e-01,1.1260303459e+00
9.1601914008e-01,1.4425431842e+00,2.3088030701e-01,7.2226182463e-01,4.5117232479e-01,2.7108949984e-01,1.1276245168e+00
9.1754583865e-01,1.4434243847e+00,2.3148178928e-01,7.2273500671e-01,4.5112085668e-01,2.7161415002e-01,1.1292185425e+00
9.1907253721e-01,1.4443061235e+00,2.3208348814e-01,7.2320684855e-01,4.5106843913e-01,2.7213840942e-01,1.1308124266e+00
9.2059923578e-01,1.4451884009e+00,2.3268540152e-01,7.2367735353e-01,4.5101507668e-01,2.7266227685e-01,1.1324061726e+00
9.2212593435e-01,1.4460712173e+00,2.3328752736e-01,7.2414652501e-01,4.5096077388e-01,2.7318575113e-01,1.1339997844e+00
9.2365263291e-01,1.4469545729e+00,2.3388986362e-01,7.2461436634e-01,4.5090553524e-01,2.7370883110e-01,1.1355932655e+00
9.2517933148e-01,1.4478384681e+00,2.3449240824e-01,7.2508088087e-01,4.5084936526e-01,2.7423151560e-01,1.1371866195e+00
9.2670603005e-01,1.4487229033e+00,2.3509515916e-01,7.2554607193e-01,4.5079226844e-01,2.7475380349e-01,1.1387798501e+00
9.2823272861e-01,1.4496078788e+00,2.3569811436e-01,7.2600994284e-01,4.5073424924e-01,2.7527569361e-01,1.1403729610e+00
9.2975942718e-01,1.4504933949e+00,2.3630127177e-01,7.2647249693e-01,4.5067531210e-01,2.7579718482e-01,1.1419659556e+00
9.3128612575e-01,1.4513794519e+00,2.3690462938e-01,7.2693373749e-01,4.5061546148e-01,2.7631827601e-01,1.1435588378e+00
9.3281282431e-01,1.4522660501e+00,2.3750818514e-01,7.2739366783e-01,4.5055470178e-01,2.7683896605e-01,1.1451516110e+00
9.3433952288e-01,1.4531531900e+00,2.3811193703e-01,7.2785229124e-01,4.5049303741e-01,2.7735925383e-01,1.1467442790e+00
9.3586622145e-01,1.4540408717e+00,2.3871588302e-01,7.2830961100e-01,4.5043047276e-01,2.7787913824e-01,1.1483368453e+00
9.3739292001e-01,1.4549290958e+00,2.3932002109e-01,7.2876563037e-01,4.5036701220e-01,2.7839861817e-01,1.1499293136e+00
9.3891961858e-01,1.4558178624e+00,2.3992434922e-01,7.2922035262e-01,4.5030266008e-01,2.7891769255e-01,1.1515216875e+00
9.4044631715e-01,1.4567071719e+00,2.4052886539e-01,7.2967378101e-01,4.5023742073e-01,2.7943636028e-01,1.1531139706e+00
9.4197301571e-01,1.4575970247e+00,2.4113356760e-01,7.3012591878e-01,4.5017129850e-01,2.7995462028e-01,1.1547061666e+00
9.4349971428e-01,1.4584874211e+00,2.4173845385e-01,7.3057676916e-01,4.5010429767e-01,2.8047247149e-01,1.1562982790e+00
9.4502641285e-01,1.4593783613e+00,2.4234352211e-01,7.3102633539e-01,4.5003642254e-01,2.8098991285e-01,1.1578903115e+00
9.4655311141e-01,1.4602698458e+00,2.4294877041e-01,7.3147462067e-01,4.4996767738e-01,2.8150694329e-01,1.1594822678e+00
9.4807980998e-01,1.4611618749e+00,2.4355419674e-01,7.3192162823e-01,4.4989806646e-01,2.8202356177e-01,1.1610741513e+00
9.4960650855e-01,1.4620544490e+00,2.4415979910e-01,7.3236736126e-01,4.4982759402e-01,2.8253976724e-01,1.1626659657e+00
9.5113320712e-01,1.4629475682e+00,2.4476557553e-01,7.3281182296e-01,4.4975626427e-01,2.8305555868e-01,1.1642577147e+00
9.5265990568e-01,1.4638412330e+00,2.4537152402e-01,7.3325501650e-01,4.4968408144e-01,2.8357093506e-01,1.1658494019e+00
9.5418660425e-01,1.4647354438e+00,2.4597764259e-01,7.3369694507e-01,4.4961104972e-01,2.8408589534e-01,1.1674410308e+00
9.5571330282e-01,1.4656302007e+00,2.4658392929e-01,7.3413761183e-01,4.4953717330e-01,2.8460043853e-01,1.1690326051e+00
9.5724000138e-01,1.4665255043e+00,2.4719038212e-01,7.3457701993e-01,4.4946245632e-01,2.8511456361e-01,1.1706241284e+00
9.5876669995e-01,1.4674213548e+00,2.4779699912e-01,7.3501517254e-01,4.4938690295e-01,2.8562826958e-01,1.1722156042e+00
9.6029339852e-01,1.4683177525e+00,2.4840377833e-01,7.3545207278e-01,4.4931051732e-01,2.8614155546e-01,1.1738070363e+00
9.6182009708e-01,1.4692146978e+00,2.4901071778e-01,7.3588772380e-01,4.4923330355e-01,2.8665442025e-01,1.1753984282e+00
9.6334679565e-01,1.4701121910e+00,2.4961781552e-01,7.3632212871e-01,4.4915526574e-01,2.8716686297e-01,1.1769897834e+00
9.6487349422e-01,1.4710102324e+00,2.5022506960e-01,7.3675529063e-01,4.4907640797e-01,2.8767888266e-01,1.1785811057e+00
9.6640019278e-01,1.4719088224e+00,2.5083247805e-01,7.3718721267e-01,4.4899673433e-01,2.8819047834e-01,1.1801723986e+00
9.6792689135e-01,1.4728079614e+00,2.5144003895e-01,7.3761789793e-01,4.4891624886e-01,2.8870164907e-01,1.1817636657e+00
9.6945358992e-01,1.4737076496e+00,2.5204775035e-01,7.3804734949e-01,4.4883495561e-01,2.8921239388e-01,1.1833549106e+00
9.7098028848e-01,1.4746078874e+00,2.5265561030e-01,7.3847557045e-01,4.4875285862e-01,2.8972271183e-01,1.1849461369e+00
9.7250698705e-01,1.4755086751e+00,2.5326361687e-01,7.3890256386e-01,4.4866996188e-01,2.9023260198e-01,1.1865373482e+00
9.7403368562e-01,1.4764100131e+00,2.5387176814e-01,7.3932833281e-01,4.4858626940e-01,2.9074206341e-01,1.1881285481e+00
9.7556038418e-01,1.4773119017e+00,2.5448006218e-01,7.3975288034e-01,4.4850178517e-01,2.9125109517e-01,1.1897197403e+00
9.7708708275e-01,1.4782143412e+00,2.5508849706e-01,7.4017620951e-01,4.4841651314e-01,2.9175969637e-01,1.1913109282e+00
9.7861378132e-01,1.4791173319e+00,2.5569707086e-01,7.4059832334e-01,4.4833045727e-01,2.9226786607e-01,1.1929021155e+00
9.8014047988e-01,1.4800208743e+00,2.5630578167e-01,7.4101922489e-01,4.4824362150e-01,2.9277560339e-01,1.1944933057e+00
9.8166717845e-01,1.4809249687e+00,2.5691462758e-01,7.4143891717e-01,4.4815600976e-01,2.9328290741e-01,1.1960845025e+00
9.8319387702e-01,1.4818296153e+00,2.5752360667e-01,7.4185740319e-01,4.4806762595e-01,2.9378977725e-01,1.1976757095e+00
9.8472057558e-01,1.4827348145e+00,2.5813271705e-01,7.4227468597e-01,4.4797847396e-01,2.9429621201e-01,1.1992669303e+00
9.8624727415e-01,1.4836405667e+00,2.5874195682e-01,7.4269076851e-01,4.4788855768e-01,2.9480221082e-01,1.2008581683e+00
9.8777397272e-01,1.4845468721e+00,2.5935132408e-01,7.4310565379e-01,4.4779788098e-01,2.9530777281e-01,1.2024494273e+00
9.8930067129e-01,1.4854537312e+00,2.5996081693e-01,7.4351934480e-01,4.4770644769e-01,2.9581289711e-01,1.2040407108e+00
9.9082736985e-01,1.4863611443e+00,2.6057043349e-01,7.4393184451e-01,4.4761426166e-01,2.9631758285e-01,1.2056320224e+00
9.9235406842e-01,1.4872691117e+00,2.6118017188e-01,7.4434315590e-01,4.4752132672e-01,2.9682182918e-01,1.2072233656e+00
9.9388076699e-01,1.4881776337e+00,2.6179003021e-01,7.4475328193e-01,4.4742764666e-01,2.9732563526e-01,1.2088147441e+00
9.9540746555e-01,1.4890867107e+00,2.6240000660e-01,7.4516222553e-01,4.4733322529e-01,2.9782900024e-01,1.2104061614e+00
9.9693416412e-01,1.4899963431e+00,2.6301009919e-01,7.4556998966e-01,4.4723806637e-01,2.9833192329e-01,1.2119976212e+00
9.9846086269e-01,1.4909065311e+00,2.6362030610e-01,7.4597657726e-01,4.4714217369e-01,2.9883440357e-01,1.2135891270e+00
9.9998756125e-01,1.4918172751e+00,2.6423062546e-01,7.4638199125e-01,4.4704555098e-01,2.9933644027e-01,1.2151806823e+00
1.0015142598e+00,1.4927285754e+00,2.6484105543e-01,7.4678623454e-01,4.4694820198e-01,2.9983803256e-01,1.2167722908e+00
1.0030409584e+00,1.4936404325e+00,2.6545159413e-01,7.4718931006e-01,4.4685013042e-01,3.0033917964e-01,1.2183639560e+00
1.0045676570e+00,1.4945528465e+00,2.6606223971e-01,7.4759122071e-01,4.4675134001e-01,3.0083988069e-01,1.2199556815e+00
1.0060943555e+00,1.4954658179e+00,2.6667299033e-01,7.4799196938e-01,4.4665183445e-01,3.0134013493e-01,1.2215474710e+00
1.0076210541e+00,1.4963793470e+00,2.6728384414e-01,7.4839155895e-01,4.4655161740e-01,3.0183994156e-01,1.2231393278e+00
1.0091477527e+00,1.4972934342e+00,2.6789479929e-01,7.4878999233e-01,4.4645069254e-01,3.0233929978e-01,1.2247312557e+00
1.0106744512e+00,1.4982080797e+00,2.6850585395e-01,7.4918727236e-01,4.4634906353e-01,3.0283820883e-01,1.2263232583e+00
1.0122011498e+00,1.4991232840e+00,2.6911700628e-01,7.4958340193e-01,4.4624673401e-01,3.0333666792e-01,1.2279153389e+00
1.0137278484e+00,1.5000390474e+00,2.6972825445e-01,7.4997838388e-01,4.4614370759e-01,3.0383467629e-01,1.2295075014e+00
1.0152545469e+00,1.5009553701e+00,2.7033959664e-01,7.5037222107e-01,4.4603998790e-01,3.0433223318e-01,1.2310997491e+00
1.0167812455e+00,1.5018722526e+00,2.7095103101e-01,7.5076491634e-01,4.4593557852e-01,3.0482933782e-01,1.2326920858e+00
1.0183079441e+00,1.5027896952e+00,2.7156255576e-01,7.5115647253e-01,4.4583048306e-01,3.0532598947e-01,1.2342845149e+00
1.0198346426e+00,1.5037076982e+00,2.7217416907e-01,7.5154689245e-01,4.4572470508e-01,3.0582218737e-01,1.2358770400e+00
1.0213613412e+00,1.5046262620e+00,2.7278586911e-01,7.5193617894e-01,4.4561824813e-01,3.0631793080e-01,1.2374696647e+00
1.0228880398e+00,1.5055453869e+00,2.7339765410e-01,7.5232433479e-01,4.4551111577e-01,3.0681321902e-01,1.2390623926e+00
1.0244147383e+00,1.5064650733e+00,2.7400952222e-01,7.5271136282e-01,4.4540331152e-01,3.0730805130e-01,1.2406552272e+00
1.0259414369e+00,1.5073853215e+00,2.7462147166e-01,7.5309726583e-01,4.4529483891e-01,3.0780242692e-01,1.2422481721e+00
1.0274681355e+00,1.5083061318e+00,2.7523350065e-01,7.5348204659e-01,4.4518570144e-01,3.0829634515e-01,1.2438412308e+00
1.0289948340e+00,1.5092275047e+00,2.7584560738e-01,7.5386570790e-01,4.4507590259e-01,3.0878980530e-01,1.2454344069e+00
1.0305215326e+00,1.5101494403e+00,2.7645779006e-01,7.5424825252e-01,4.4496544586e-01,3.0928280666e-01,1.2470277040e+00
1.0320482312e+00,1.5110719392e+00,2.7707004692e-01,7.5462968323e-01,4.4485433471e-01,3.0977534852e-01,1.2486211257e+00
1.0335749297e+00,1.5119950015e+00,2.7768237617e-01,7.5501000278e-01,4.4474257258e-01,3.1026743020e-01,1.2502146755e+00
1.0351016283e+00,1.5129186278e+00,2.7829477602e-01,7.5538921392e-01,4.4463016292e-01,3.1075905100e-01,1.2518083569e+00
1.0366283269e+00,1.5138428182e+00,2.7890724472e-01,7.5576731941e-01,4.4451710916e-01,3.1125021025e-01,1.2534021735e+00
1.0381550254e+00,1.5147675732e+00,2.7951978049e-01,7.5614432197e-01,4.4440341470e-01,3.1174090727e-01,1.2549961289e+00
1.0396817240e+00,1.5156928931e+00,2.8013238156e-01,7.5652022433e-01,4.4428908295e-01,3.1223114138e-01,1.2565902266e+00
1.0412084226e+00,1.5166187783e+00,2.8074504618e-01,7.5689502922e-01,4.4417411731e-01,3.1272091192e-01,1.2581844702e+00
1.0427351211e+00,1.5175452290e+00,2.8135777258e-01,7.5726873936e-01,4.4405852113e-01,3.1321021823e-01,1.2597788633e+00
1.0442618197e+00,1.5184722457e+00,2.8197055902e-01,7.5764135744e-01,4.4394229779e-01,3.1369905965e-01,1.2613734094e+00
1.0457885183e+00,1.5193998286e+00,2.8258340374e-01,7.5801288618e-01,4.4382545064e-01,3.1418743554e-01,1.2629681120e+00
1.0473152168e+00,1.5203279782e+00,2.8319630499e-01,7.5838332826e-01,4.4370798300e-01,3.1467534526e-01,1.2645629747e+00
1.0488419154e+00,1.5212566948e+00,2.8380926104e-01,7.5875268637e-01,4.4358989822e-01,3.1516278815e-01,1.2661580011e+00
1.0503686140e+00,1.5221859787e+00,2.8442227014e-01,7.5912096319e-01,4.4347119959e-01,3.1564976360e-01,1.2677531947e+00
1.0518953125e+00,1.5231158302e+00,2.8503533057e-01,7.5948816139e-01,4.4335189042e-01,3.1613627097e-01,1.2693485591e+00
1.0534220111e+00,1.5240462498e+00,2.8564844058e-01,7.5985428364e-01,4.4323197399e-01,3.1662230965e-01,1.2709440978e+00
1.0549487097e+00,1.5249772377e+00,2.8626159846e-01,7.6021933258e-01,4.4311145358e-01,3.1710787900e-01,1.2725398144e+00
1.0564754082e+00,1.5259087944e+00,2.8687480248e-01,7.6058331088e-01,4.4299033245e-01,3.1759297844e-01,1.2741357124e+00
1.0580021068e+00,1.5268409201e+00,2.8748805092e-01,7.6094622118e-01,4.4286861385e-01,3.1807760733e-01,1.2757317954e+00
1.0595288054e+00,1.5277736151e+00,2.8810134207e-01,7.6130806611e-01,4.4274630102e-01,3.1856176509e-01,1.2773280669e+00
1.0610555039e+00,1.5287068800e+00,2.8871467421e-01,7.6166884830e-01,4.4262339717e-01,3.1904545113e-01,1.2789245305e+00
1.0625822025e+00,1.5296407149e+00,2.8932804564e-01,7.6202857037e-01,4.4249990553e-01,3.1952866484e-01,1.2805211897e+00
1.0641089011e+00,1.5305751203e+00,2.8994145465e-01,7.6238723494e-01,4.4237582930e-01,3.2001140564e-01,1.2821180480e+00
1.0656355996e+00,1.5315100965e+00,2.9055489955e-01,7.6274484462e-01,4.4225117166e-01,3.2049367296e-01,1.2837151091e+00
1.0671622982e+00,1.5324456439e+00,2.9116837863e-01,7.6310140200e-01,4.4212593579e-01,3.2097546621e-01,1.2853123764e+00
1.0686889968e+00,1.5333817627e+00,2.9178189022e-01,7.6345690968e-01,4.4200012485e-01,3.2145678483e-01,1.2869098536e+00
1.0702156953e+00,1.5343184534e+00,2.9239543260e-01,7.6381137025e-01,4.4187374199e-01,3.2193762826e-01,1.2885075441e+00
1.0717423939e+00,1.5352557163e+00,2.9300900412e-01,7.6416478629e-01,4.4174679036e-01,3.2241799593e-01,1.2901054515e+00
1.0732690925e+00,1.5361935517e+00,2.9362260307e-01,7.6451716037e-01,4.4161927308e-01,3.2289788729e-01,1.2917035793e+00
1.0747957910e+00,1.5371319600e+00,2.9423622779e-01,7.6486849505e-01,4.4149119327e-01,3.2337730178e-01,1.2933019311e+00
1.0763224896e+00,1.5380709415e+00,2.9484987660e-01,7.6521879290e-01,4.4136255403e-01,3.2385623887e-01,1.2949005104e+00
1.0778491882e+00,1.5390104966e+00,2.9546354784e-01,7.6556805647e-01,4.4123335846e-01,3.2433469802e-01,1.2964993209e+00
1.0793758867e+00,1.5399506257e+00,2.9607723984e-01,7.6591628831e-01,4.4110360963e-01,3.2481267868e-01,1.2980983659e+00
1.0809025853e+00,1.5408913291e+00,2.9669095093e-01,7.6626349095e-01,4.4097331062e-01,3.2529018033e-01,1.2996976491e+00
1.0824292839e+00,1.5418326071e+00,2.9730467947e-01,7.6660966693e-01,4.4084246448e-01,3.2576720245e-01,1.3012971740e+00
1.0839559824e+00,1.5427744601e+00,2.9791842379e-01,7.6695481877e-01,4.4071107425e-01,3.2624374451e-01,1.3028969441e+00
1.0854826810e+00,1.5437168885e+00,2.9853218225e-01,7.6729894898e-01,4.4057914298e-01,3.2671980601e-01,1.3044969630e+00
1.0870093796e+00,1.5446598925e+00,2.9914595320e-01,7.6764206010e-01,4.4044667368e-01,3.2719538642e-01,1.3060972342e+00
1.0885360781e+00,1.5456034726e+00,2.9975973500e-01,7.6798415460e-01,4.4031366936e-01,3.2767048524e-01,1.3076977613e+00
1.0900627767e+00,1.5465476291e+00,3.0037352601e-01,7.6832523501e-01,4.4018013302e-01,3.2814510198e-01,1.3092985478e+00
1.0915894753e+00,1.5474923624e+00,3.0098732460e-01,7.6866530380e-01,4.4004606766e-01,3.2861923614e-01,1.3108995972e+00
1.0931161738e+00,1.5484376727e+00,3.0160112913e-01,7.6900436347e-01,4.3991147624e-01,3.2909288723e-01,1.3125009131e+00
1.0946428724e+00,1.5493835606e+00,3.0221493799e-01,7.6934241649e-01,4.3977636173e-01,3.2956605475e-01,1.3141024990e+00
1.0961695710e+00,1.5503300262e+00,3.0282874954e-01,7.6967946533e-01,4.3964072709e-01,3.3003873824e-01,1.3157043584e+00
1.0976962695e+00,1.5512770700e+00,3.0344256217e-01,7.7001551246e-01,4.3950457526e-01,3.3051093721e-01,1.3173064950e+00
1.0992229681e+00,1.5522246923e+00,3.0405637426e-01,7.7035056034e-01,4.3936790916e-01,3.3098265118e-01,1.3189089121e+00
1.1007496667e+00,1.5531728935e+00,3.0467018420e-01,7.7068461142e-01,4.3923073172e-01,3.3145387970e-01,1.3205116135e+00
1.1022763652e+00,1.5541216739e+00,3.0528399038e-01,7.7101766815e-01,4.3909304584e-01,3.3192462231e-01,1.3221146025e+00
1.1038030638e+00,1.5550710338e+00,3.0589779121e-01,7.7134973296e-01,4.3895485443e-01,3.3239487853e-01,1.3237178828e+00
1.1053297624e+00,1.5560209738e+00,3.0651158508e-01,7.7168080829e-01,4.3881616037e-01,3.3286464792e-01,1.3253214578e+00
1.1068564609e+00,1.5569714940e+00,3.0712537039e-01,7.7201089657e-01,4.3867696653e-01,3.3333393004e-01,1.3269253311e+00
1.1083831595e+00,1.5579225948e+00,3.0773914556e-01,7.7234000021e-01,4.3853727578e-01,3.3380272443e-01,1.3285295063e+00
1.1099098581e+00,1.5588742766e+00,3.0835290899e-01,7.7266812163e-01,4.3839709098e-01,3.3427103065e-01,1.3301339868e+00
1.1114365566e+00,1.5598265398e+00,3.0896665909e-01,7.7299526323e-01,4.3825641495e-01,3.3473884828e-01,1.3317387763e+00
1.1129632552e+00,1.5607793847e+00,3.0958039430e-01,7.7332142742e-01,4.3811525054e-01,3.3520617688e-01,1.3333438782e+00
1.1144899538e+00,1.5617328117e+00,3.1019411303e-01,7.7364661659e-01,4.3797360057e-01,3.3567301602e-01,1.3349492961e+00
1.1160166523e+00,1.5626868210e+00,3.1080781372e-01,7.7397083312e-01,4.3783146783e-01,3.3613936529e-01,1.3365550335e+00
1.1175433509e+00,1.5636414132e+00,3.1142149478e-01,7.7429407940e-01,4.3768885515e-01,3.3660522426e-01,1.3381610939e+00
1.1190700495e+00,1.5645965884e+00,3.1203515466e-01,7.7461635781e-01,4.3754576529e-01,3.3707059252e-01,1.3397674809e+00
1.1205967480e+00,1.5655523472e+00,3.1264879179e-01,7.7493767071e-01,4.3740220104e-01,3.3753546967e-01,1.3413741980e+00
1.1221234466e+00,1.5665086898e+00,3.1326240461e-01,7.7525802046e-01,4.3725816516e-01,3.3799985530e-01,1.3429812488e+00
1.1236501452e+00,1.5674656165e+00,3.1387599158e-01,7.7557740943e-01,4.3711366041e-01,3.3846374901e-01,1.3445886367e+00
1.1251768437e+00,1.5684231279e+00,3.1448955115e-01,7.7589583995e-01,4.3696868954e-01,3.3892715041e-01,1.3461963653e+00
1.1267035423e+00,1.5693812241e+00,3.1510308176e-01,7.7621331438e-01,4.3682325528e-01,3.3939005910e-01,1.3478044382e+00
1.1282302409e+00,1.5703399057e+00,3.1571658187e-01,7.7652983505e-01,4.3667736035e-01,3.3985247470e-01,1.3494128588e+00
1.1297569394e+00,1.5712991728e+00,3.1633004995e-01,7.7684540429e-01,4.3653100746e-01,3.4031439683e-01,1.3510216308e+00
1.1312836380e+00,1.5722590259e+00,3.1694348446e-01,7.7716002444e-01,4.3638419933e-01,3.4077582511e-01,1.3526307575e+00
1.1328103366e+00,1.5732194654e+00,3.1755688387e-01,7.7747369780e-01,4.3623693863e-01,3.4123675916e-01,1.3542402427e+00
1.1343370351e+00,1.5741804916e+00,3.1817024665e-01,7.7778642668e-01,4.3608922806e-01,3.4169719862e-01,1.3558500897e+00
1.1358637337e+00,1.5751421048e+00,3.1878357128e-01,7.7809821341e-01,4.3594107029e-01,3.4215714312e-01,1.3574603021e+00
1.1373904323e+00,1.5761043054e+00,3.1939685624e-01,7.7840906027e-01,4.3579246797e-01,3.4261659230e-01,1.3590708835e+00
1.1389171308e+00,1.5770670939e+00,3.2001010002e-01,7.7871896956e-01,4.3564342376e-01,3.4307554581e-01,1.3606818374e+00
1.1404438294e+00,1.5780304704e+00,3.2062330110e-01,7.7902794357e-01,4.3549394029e-01,3.4353400328e-01,1.3622931673e+00
1.1419705280e+00,1.5789944355e+00,3.2123645798e-01,7.7933598458e-01,4.3534402021e-01,3.4399196438e-01,1.3639048768e+00
1.1434972265e+00,1.5799589894e+00,3.2184956914e-01,7.7964309487e-01,4.3519366612e-01,3.4444942875e-01,1.3655169693e+00
1.1450239251e+00,1.5809241325e+00,3.2246263309e-01,7.7994927671e-01,4.3504288064e-01,3.4490639607e-01,1.3671294485e+00
1.1465506237e+00,1.5818898652e+00,3.2307564834e-01,7.8025453236e-01,4.3489166638e-01,3.4536286598e-01,1.3687423177e+00
1.1480773222e+00,1.5828561878e+00,3.2368861339e-01,7.8055886408e-01,4.3474002591e-01,3.4581883817e-01,1.3703555807e+00
1.1496040208e+00,1.5838231007e+00,3.2430152675e-01,7.8086227412e-01,4.3458796182e-01,3.4627431230e-01,1.3719692408e+00
1.1511307194e+00,1.5847906043e+00,3.2491438694e-01,7.8116476472e-01,4.3443547668e-01,3.4672928805e-01,1.3735833016e+00
1.1526574179e+00,1.5857586989e+00,3.2552719247e-01,7.8146633814e-01,4.3428257304e-01,3.4718376509e-01,1.3751977668e+00
1.1541841165e+00,1.5867273848e+00,3.2613994187e-01,7.8176699659e-01,4.3412925347e-01,3.4763774312e-01,1.3768126397e+00
1.1557108151e+00,1.5876966625e+00,3.2675263366e-01,7.8206674232e-01,4.3397552049e-01,3.4809122183e-01,1.3784279239e+00
1.1572375136e+00,1.5886665323e+00,3.2736526638e-01,7.8236557754e-01,4.3382137664e-01,3.4854420089e-01,1.3800436229e+00
1.1587642122e+00,1.5896369946e+00,3.2797783855e-01,7.8266350446e-01,4.3366682445e-01,3.4899668002e-01,1.3816597403e+00
1.1602909108e+00,1.5906080497e+00,3.2859034871e-01,7.8296052531e-01,4.3351186641e-01,3.4944865891e-01,1.3832762797e+00
1.1618176093e+00,1.5915796979e+00,3.2920279542e-01,7.8325664228e-01,4.3335650503e-01,3.4990013726e-01,1.3848932444e+00
1.1633443079e+00,1.5925519398e+00,3.2981517720e-01,7.8355185758e-01,4.3320074280e-01,3.5035111478e-01,1.3865106382e+00
1.1648710065e+00,1.5935247755e+00,3.3042749261e-01,7.8384617339e-01,4.3304458220e-01,3.5080159119e-01,1.3881284644e+00
1.1663977050e+00,1.5944982055e+00,3.3103974020e-01,7.8413959191e-01,4.3288802570e-01,3.5125156620e-01,1.3897467266e+00
1.1679244036e+00,1.5954722301e+00,3.3165191854e-01,7.8443211531e-01,4.3273107578e-01,3.5170103953e-01,1.3913654284e+00
1.1694511022e+00,1.5964468497e+00,3.3226402617e-01,7.8472374577e-01,4.3257373486e-01,3.5215001090e-01,1.3929845733e+00
1.1709778007e+00,1.5974220647e+00,3.3287606166e-01,7.8501448546e-01,4.3241600541e-01,3.5259848005e-01,1.3946041647e+00
1.1725044993e+00,1.5983978754e+00,3.3348802359e-01,7.8530433655e-01,4.3225788986e-01,3.5304644669e-01,1.3962242063e+00
1.1740311979e+00,1.5993742822e+00,3.3409991051e-01,7.8559330119e-01,4.3209939062e-01,3.5349391057e-01,1.3978447016e+00
1.1755578964e+00,1.6003512855e+00,3.3471172101e-01,7.8588138154e-01,4.3194051011e-01,3.5394087143e-01,1.3994656541e+00
1.1770845950e+00,1.6013288856e+00,3.3532345367e-01,7.8616857974e-01,4.3178125073e-01,3.5438732901e-01,1.4010870673e+00
1.1786112936e+00,1.6023070828e+00,3.3593510707e-01,7.8645489794e-01,4.3162161489e-01,3.5483328305e-01,1.4027089448e+00
1.1801379921e+00,1.6032858776e+00,3.3654667979e-01,7.8674033827e-01,4.3146160497e-01,3.5527873330e-01,1.4043312901e+00
1.1816646907e+00,1.6042652703e+00,3.3715817043e-01,7.8702490286e-01,4.3130122334e-01,3.5572367952e-01,1.4059541066e+00
1.1831913893e+00,1.6052452613e+00,3.3776957757e-01,7.8730859384e-01,4.3114047237e-01,3.5616812147e-01,1.4075773981e+00
1.1847180878e+00,1.6062258510e+00,3.3838089982e-01,7.8759141332e-01,4.3097935442e-01,3.5661205890e-01,1.4092011679e+00
1.1862447864e+00,1.6072070396e+00,3.3899213578e-01,7.8787336342e-01,4.3081787184e-01,3.5705549158e-01,1.4108254196e+00
1.1877714850e+00,1.6081888276e+00,3.3960328406e-01,7.8815444625e-01,4.3065602696e-01,3.5749841929e-01,1.4124501567e+00
1.1892981835e+00,1.6091712154e+00,3.4021434325e-01,7.8843466390e-01,4.3049382212e-01,3.5794084178e-01,1.4140753829e+00
1.1908248821e+00,1.6101542033e+00,3.4082531198e-01,7.8871401848e-01,4.3033125964e-01,3.5838275884e-01,1.4157011015e+00
1.1923515807e+00,1.6111377916e+00,3.4143618887e-01,7.8899251208e-01,4.3016834184e-01,3.5882417024e-01,1.4173273162e+00
1.1938782792e+00,1.6121219808e+00,3.4204697252e-01,7.8927014677e-01,4.3000507100e-01,3.5926507577e-01,1.4189540304e+00
1.1954049778e+00,1.6131067712e+00,3.4265766157e-01,7.8954692465e-01,4.2984144944e-01,3.5970547522e-01,1.4205812478e+00
1.1969316764e+00,1.6140921632e+00,3.4326825464e-01,7.8982284779e-01,4.2967747942e-01,3.6014536837e-01,1.4222089717e+00
1.1984583749e+00,1.6150781571e+00,3.4387875037e-01,7.9009791826e-01,4.2951316324e-01,3.6058475502e-01,1.4238372059e+00
1.1999850735e+00,1.6160647533e+00,3.4448914739e-01,7.9037213811e-01,4.2934850315e-01,3.6102363496e-01,1.4254659537e+00
1.2015117721e+00,1.6170519522e+00,3.4509944433e-01,7.9064550941e-01,4.2918350142e-01,3.6146200799e-01,1.4270952187e+00
1.2030384706e+00,1.6180397541e+00,3.4570963985e-01,7.9091803421e-01,4.2901816028e-01,3.6189987393e-01,1.4287250046e+00
1.2045651692e+00,1.6190281595e+00,3.4631973258e-01,7.9118971456e-01,4.2885248200e-01,3.6233723257e-01,1.4303553147e+00
1.2060918678e+00,1.6200171686e+00,3.4692972118e-01,7.9146055250e-01,4.2868646878e-01,3.6277408372e-01,1.4319861526e+00
1.2076185663e+00,1.6210067819e+00,3.4753960430e-01,7.9173055007e-01,4.2852012286e-01,3.6321042721e-01,1.4336175219e+00
1.2091452649e+00,1.6219969997e+00,3.4814938060e-01,7.9199970930e-01,4.2835344646e-01,3.6364626284e-01,1.4352494261e+00
1.2106719635e+00,1.6229878224e+00,3.4875904873e-01,7.9226803221e-01,4.2818644177e-01,3.6408159044e-01,1.4368818687e+00
1.2121986620e+00,1.6239792504e+00,3.4936860737e-01,7.9253552083e-01,4.2801911099e-01,3.6451640984e-01,1.4385148533e+00
1.2137253606e+00,1.6249712840e+00,3.4997805518e-01,7.9280217717e-01,4.2785145631e-01,3.6495072085e-01,1.4401483834e+00
1.2152520592e+00,1.6259639236e+00,3.5058739084e-01,7.9306800324e-01,4.2768347992e-01,3.6538452332e-01,1.4417824625e+00
1.2167787577e+00,1.6269571696e+00,3.5119661302e-01,7.9333300105e-01,4.2751518397e-01,3.6581781708e-01,1.4434170941e+00
1.2183054563e+00,1.6279510223e+00,3.5180572039e-01,7.9359717259e-01,4.2734657063e-01,3.6625060195e-01,1.4450522819e+00
1.2198321549e+00,1.6289454821e+00,3.5241471165e-01,7.9386051986e-01,4.2717764206e-01,3.6668287780e-01,1.4466880294e+00
1.2213588534e+00,1.6299405494e+00,3.5302358548e-01,7.9412304485e-01,4.2700840040e-01,3.6711464445e-01,1.4483243399e+00
1.2228855520e+00,1.6309362245e+00,3.5363234057e-01,7.9438474954e-01,4.2683884778e-01,3.6754590176e-01,1.4499612173e+00
1.2244122506e+00,1.6319325079e+00,3.5424097561e-01,7.9464563591e-01,4.2666898634e-01,3.6797664957e-01,1.4515986648e+00
1.2259389491e+00,1.6329293999e+00,3.5484948930e-01,7.9490570594e-01,4.2649881819e-01,3.6840688775e-01,1.4532366862e+00
1.2274656477e+00,1.6339269008e+00,3.5545788035e-01,7.9516496160e-01,4.2632834545e-01,3.6883661615e-01,1.4548752849e+00
1.2289923463e+00,1.6349250111e+00,3.5606614746e-01,7.9542340483e-01,4.2615757021e-01,3.6926583462e-01,1.4565144644e+00
1.2305190448e+00,1.6359237311e+00,3.5667428934e-01,7.9568103762e-01,4.2598649457e-01,3.6969454304e-01,1.4581542283e+00
1.2320457434e+00,1.6369230611e+00,3.5728230469e-01,7.9593786190e-01,4.2581512062e-01,3.7012274127e-01,1.4597945802e+00
1.2335724420e+00,1.6379230017e+00,3.5789019225e-01,7.9619387962e-01,4.2564345044e-01,3.7055042918e-01,1.4614355236e+00
1.2350991405e+00,1.6389235530e+00,3.5849795072e-01,7.9644909273e-01,4.2547148608e-01,3.7097760665e-01,1.4630770620e+00
1.2366258391e+00,1.6399247156e+00,3.5910557883e-01,7.9670350317e-01,4.2529922962e-01,3.7140427354e-01,1.4647191989e+00
1.2381525377e+00,1.6409264897e+00,3.5971307531e-01,7.9695711286e-01,4.2512668311e-01,3.7183042975e-01,1.4663619380e+00
1.2396792362e+00,1.6419288758e+00,3.6032043888e-01,7.9720992374e-01,4.2495384859e-01,3.7225607514e-01,1.4680052827e+00
1.2412059348e+00,1.6429318742e+00,3.6092766829e-01,7.9746193772e-01,4.2478072810e-01,3.7268120962e-01,1.4696492366e+00
1.2427326334e+00,1.6439354853e+00,3.6153476228e-01,7.9771315673e-01,4.2460732367e-01,3.7310583306e-01,1.4712938032e+00
1.2442593319e+00,1.6449397095e+00,3.6214171957e-01,7.9796358267e-01,4.2443363732e-01,3.7352994536e-01,1.4729389861e+00
1.2457860305e+00,1.6459445471e+00,3.6274853892e-01,7.9821321746e-01,4.2425967105e-01,3.7395354641e-01,1.4745847888e+00
1.2473127291e+00,1.6469499986e+00,3.6335521908e-01,7.9846206300e-01,4.2408542688e-01,3.7437663612e-01,1.4762312148e+00
1.2488394276e+00,1.6479560642e+00,3.6396175881e-01,7.9871012117e-01,4.2391090680e-01,3.7479921437e-01,1.4778782678e+00
1.2503661262e+00,1.6489627444e+00,3.6456815684e-01,7.9895739389e-01,4.2373611280e-01,3.7522128109e-01,1.4795259512e+00
1.2518928248e+00,1.6499700396e+00,3.6517441196e-01,7.9920388302e-01,4.2356104686e-01,3.7564283617e-01,1.4811742686e+00
1.2534195233e+00,1.6509779500e+00,3.6578052291e-01,7.9944959047e-01,4.2338571094e-01,3.7606387952e-01,1.4828232236e+00
1.2549462219e+00,1.6519864762e+00,3.6638648847e-01,7.9969451809e-01,4.2321010703e-01,3.7648441106e-01,1.4844728196e+00
1.2564729205e+00,1.6529956185e+00,3.6699230741e-01,7.9993866777e-01,4.2303423706e-01,3.7690443071e-01,1.4861230602e+00
1.2579996190e+00,1.6540053772e+00,3.6759797851e-01,8.0018204137e-01,4.2285810300e-01,3.7732393837e-01,1.4877739491e+00
1.2595263176e+00,1.6550157527e+00,3.6820350053e-01,8.0042464076e-01,4.2268170678e-01,3.7774293398e-01,1.4894254897e+00
1.2610530162e+00,1.6560267455e+00,3.6880887227e-01,8.0066646780e-01,4.2250505034e-01,3.7816141746e-01,1.4910776855e+00
1.2625797147e+00,1.6570383558e+00,3.6941409250e-01,8.0090752433e-01,4.2232813559e-01,3.7857938873e-01,1.4927305402e+00
1.2641064133e+00,1.6580505840e+00,3.7001916002e-01,8.0114781220e-01,4.2215096447e-01,3.7899684774e-01,1.4943840572e+00
1.2656331119e+00,1.6590634307e+00,3.7062407361e-01,8.0138733327e-01,4.2197353887e-01,3.7941379440e-01,1.4960382402e+00
1.2671598104e+00,1.6600768960e+00,3.7122883209e-01,8.0162608936e-01,4.2179586071e-01,3.7983022866e-01,1.4976930927e+00
1.2686865090e+00,1.6610909804e+00,3.7183343423e-01,8.0186408232e-01,4.2161793187e-01,3.8024615045e-01,1.4993486182e+00
1.2702132076e+00,1.6621056843e+00,3.7243787886e-01,8.0210131396e-01,4.2143975424e-01,3.8066155973e-01,1.5010048202e+00
1.2717399061e+00,1.6631210080e+00,3.7304216476e-01,8.0233778612e-01,4.2126132970e-01,3.8107645642e-01,1.5026617025e+00
1.2732666047e+00,1.6641369520e+00,3.7364629077e-01,8.0257350062e-01,4.2108266013e-01,3.8149084049e-01,1.5043192684e+00
1.2747933033e+00,1.6651535165e+00,3.7425025568e-01,8.0280845926e-01,4.2090374739e-01,3.8190471187e-01,1.5059775215e+00
1.2763200018e+00,1.6661707021e+00,3.7485405831e-01,8.0304266387e-01,4.2072459333e-01,3.8231807053e-01,1.5076364655e+00
1.2778467004e+00,1.6671885090e+00,3.7545769750e-01,8.0327611623e-01,4.2054519981e-01,3.8273091642e-01,1.5092961038e+00
1.2793733990e+00,1.6682069377e+00,3.7606117205e-01,8.0350881817e-01,4.2036556866e-01,3.8314324950e-01,1.5109564400e+00
1.2809000975e+00,1.6692259884e+00,3.7666448081e-01,8.0374077146e-01,4.2018570173e-01,3.8355506973e-01,1.5126174777e+00
1.2824267961e+00,1.6702456617e+00,3.7726762259e-01,8.0397197791e-01,4.2000560083e-01,3.8396637708e-01,1.5142792204e+00
1.2839534947e+00,1.6712659579e+00,3.7787059624e-01,8.0420243930e-01,4.1982526779e-01,3.8437717151e-01,1.5159416717e+00
1.2854801932e+00,1.6722868773e+00,3.7847340060e-01,8.0443215741e-01,4.1964470443e-01,3.8478745298e-01,1.5176048352e+00
1.2870068918e+00,1.6733084204e+00,3.7907603451e-01,8.0466113402e-01,4.1946391253e-01,3.8519722148e-01,1.5192687143e+00
1.2885335904e+00,1.6743305875e+00,3.7967849681e-01,8.0488937090e-01,4.1928289391e-01,3.8560647698e-01,1.5209333127e+00
1.2900602889e+00,1.6753533790e+00,3.8028078635e-01,8.0511686981e-01,4.1910165036e-01,3.8601521946e-01,1.5225986340e+00
1.2915869875e+00,1.6763767953e+00,3.8088290199e-01,8.0534363254e-01,4.1892018365e-01,3.8642344889e-01,1.5242646817e+00
1.2931136861e+00,1.6774008368e+00,3.8148484258e-01,8.0556966082e-01,4.1873849556e-01,3.8683116526e-01,1.5259314593e+00
1.2946403846e+00,1.6784255038e+00,3.8208660698e-01,8.0579495642e-01,4.1855658786e-01,3.8723836856e-01,1.5275989704e+00
1.2961670832e+00,1.6794507968e+00,3.8268819406e-01,8.0601952109e-01,4.1837446232e-01,3.8764505877e-01,1.5292672186e+00
1.2976937818e+00,1.6804767160e+00,3.8328960268e-01,8.0624335657e-01,4.1819212069e-01,3.8805123588e-01,1.5309362075e+00
1.2992204803e+00,1.6815032620e+00,3.8389083172e-01,8.0646646460e-01,4.1800956471e-01,3.8845689989e-01,1.5326059406e+00
1.3007471789e+00,1.6825304351e+00,3.8449188004e-01,8.0668884692e-01,4.1782679612e-01,3.8886205080e-01,1.5342764215e+00
1.3022738775e+00,1.6835582356e+00,3.8509274653e-01,8.0691050526e-01,4.1764381666e-01,3.8926668860e-01,1.5359476537e+00
1.3038005760e+00,1.6845866639e+00,3.8569343006e-01,8.0713144135e-01,4.1746062806e-01,3.8967081329e-01,1.5376196409e+00
1.3053272746e+00,1.6856157205e+00,3.8629392953e-01,8.0735165690e-01,4.1727723203e-01,3.9007442487e-01,1.5392923865e+00
1.3068539732e+00,1.6866454058e+00,3.8689424381e-01,8.0757115365e-01,4.1709363029e-01,3.9047752336e-01,1.5409658942e+00
1.3083806717e+00,1.6876757200e+00,3.8749437181e-01,8.0778993330e-01,4.1690982453e-01,3.9088010877e-01,1.5426401676e+00
1.3099073703e+00,1.6887066636e+00,3.8809431241e-01,8.0800799756e-01,4.1672581647e-01,3.9128218109e-01,1.5443152101e+00
1.3114340689e+00,1.6897382369e+00,3.8869406452e-01,8.0822534814e-01,4.1654160778e-01,3.9168374035e-01,1.5459910255e+00
1.3129607674e+00,1.6907704405e+00,3.8929362703e-01,8.0844198673e-01,4.1635720016e-01,3.9208478657e-01,1.5476676172e+00
1.3144874660e+00,1.6918032745e+00,3.8989299885e-01,8.0865791504e-01,4.1617259528e-01,3.9248531976e-01,1.5493449888e+00
1.3160141646e+00,1.6928367395e+00,3.9049217890e-01,8.0887313475e-01,4.1598779482e-01,3.9288533994e-01,1.5510231440e+00
1.3175408631e+00,1.6938708358e+00,3.9109116608e-01,8.0908764756e-01,4.1580280043e-01,3.9328484713e-01,1.5527020862e+00
1.3190675617e+00,1.6949055638e+00,3.9168995930e-01,8.0930145514e-01,4.1561761377e-01,3.9368384137e-01,1.5543818191e+00
1.3205942603e+00,1.6959409238e+00,3.9228855750e-01,8.0951455918e-01,4.1543223650e-01,3.9408232268e-01,1.5560623463e+00
1.3221209588e+00,1.6969769164e+00,3.9288695959e-01,8.0972696134e-01,4.1524667025e-01,3.9448029109e-01,1.5577436712e+00
1.3236476574e+00,1.6980135417e+00,3.9348516449e-01,8.0993866330e-01,4.1506091667e-01,3.9487774663e-01,1.5594257976e+00
1.3251743560e+00,1.6990508004e+00,3.9408317114e-01,8.1014966673e-01,4.1487497738e-01,3.9527468935e-01,1.5611087290e+00
1.3267010545e+00,1.7000886926e+00,3.9468097848e-01,8.1035997328e-01,4.1468885401e-01,3.9567111927e-01,1.5627924689e+00
1.3282277531e+00,1.7011272189e+00,3.9527858542e-01,8.1056958462e-01,4.1450254818e-01,3.9606703644e-01,1.5644770210e+00
1.3297544517e+00,1.7021663795e+00,3.9587599093e-01,8.1077850239e-01,4.1431606148e-01,3.9646244090e-01,1.5661623889e+00
1.3312811502e+00,1.7032061750e+00,3.9647319394e-01,8.1098672824e-01,4.1412939554e-01,3.9685733270e-01,1.5678485761e+00
1.3328078488e+00,1.7042466056e+00,3.9707019339e-01,8.1119426382e-01,4.1394255194e-01,3.9725171189e-01,1.5695355861e+00
1.3343345474e+00,1.7052876718e+00,3.9766698824e-01,8.1140111077e-01,4.1375553227e-01,3.9764557850e-01,1.5712234227e+00
1.3358612459e+00,1.7063293739e+00,3.9826357745e-01,8.1160727073e-01,4.1356833812e-01,3.9803893260e-01,1.5729120894e+00
1.3373879445e+00,1.7073717124e+00,3.9885995996e-01,8.1181274532e-01,4.1338097107e-01,3.9843177424e-01,1.5746015898e+00
1.3389146431e+00,1.7084146876e+00,3.9945613474e-01,8.1201753617e-01,4.1319343269e-01,3.9882410348e-01,1.5762919274e+00
1.3404413416e+00,1.7094582999e+00,4.0005210075e-01,8.1222164490e-01,4.1300572453e-01,3.9921592037e-01,1.5779831060e+00
1.3419680402e+00,1.7105025498e+00,4.0064785697e-01,8.1242507315e-01,4.1281784817e-01,3.9960722498e-01,1.5796751289e+00
1.3434947388e+00,1.7115474375e+00,4.0124340236e-01,8.1262782251e-01,4.1262980514e-01,3.9999801737e-01,1.5813680000e+00
1.3450214373e+00,1.7125929635e+00,4.0183873589e-01,8.1282989460e-01,4.1244159700e-01,4.0038829760e-01,1.5830617227e+00
1.3465481359e+00,1.7136391282e+00,4.0243385654e-01,8.1303129103e-01,4.1225322529e-01,4.0077806574e-01,1.5847563006e+00
1.3480748345e+00,1.7146859320e+00,4.0302876330e-01,8.1323201339e-01,4.1206469153e-01,4.0116732187e-01,1.5864517374e+00
1.3496015330e+00,1.7157333752e+00,4.0362345515e-01,8.1343206330e-01,4.1187599725e-01,4.0155606605e-01,1.5881480367e+00
1.3511282316e+00,1.7167814582e+00,4.0421793107e-01,8.1363144233e-01,4.1168714397e-01,4.0194429836e-01,1.5898452020e+00
1.3526549302e+00,1.7178301815e+00,4.0481219006e-01,8.1383015209e-01,4.1149813321e-01,4.0233201888e-01,1.5915432369e+00
1.3541816288e+00,1.7188795455e+00,4.0540623111e-01,8.1402819415e-01,4.1130896648e-01,4.0271922768e-01,1.5932421451e+00
1.3557083273e+00,1.7199295504e+00,4.0600005323e-01,8.1422557011e-01,4.1111964526e-01,4.0310592484e-01,1.5949419302e+00
1.3572350259e+00,1.7209801968e+00,4.0659365540e-01,8.1442228153e-01,4.1093017107e-01,4.0349211046e-01,1.5966425957e+00
1.3587617245e+00,1.7220314849e+00,4.0718703664e-01,8.1461832999e-01,4.1074054538e-01,4.0387778461e-01,1.5983441453e+00
1.3602884230e+00,1.7230834153e+00,4.0778019595e-01,8.1481371706e-01,4.1055076968e-01,4.0426294738e-01,1.6000465826e+00
1.3618151216e+00,1.7241359883e+00,4.0837313234e-01,8.1500844430e-01,4.1036084544e-01,4.0464759886e-01,1.6017499111e+00
1.3633418202e+00,1.7251892042e+00,4.0896584483e-01,8.1520251328e-01,4.1017077414e-01,4.0503173914e-01,1.6034541346e+00
1.3648685187e+00,1.7262430635e+00,4.0955833244e-01,8.1539592556e-01,4.0998055724e-01,4.0541536832e-01,1.6051592566e+00
1.3663952173e+00,1.7272975666e+00,4.1015059419e-01,8.1558868269e-01,4.0979019620e-01,4.0579848649e-01,1.6068652807e+00
1.3679219159e+00,1.7283527138e+00,4.1074262910e-01,8.1578078621e-01,4.0959969246e-01,4.0618109375e-01,1.6085722105e+00
1.3694486144e+00,1.7294085056e+00,4.1133443620e-01,8.1597223768e-01,4.0940904748e-01,4.0656319020e-01,1.6102800497e+00
1.3709753130e+00,1.7304649423e+00,4.1192601453e-01,8.1616303863e-01,4.0921826269e-01,4.0694477594e-01,1.6119888019e+00
1.3725020116e+00,1.7315220244e+00,4.1251736310e-01,8.1635319060e-01,4.0902733953e-01,4.0732585107e-01,1.6136984706e+00
1.3740287101e+00,1.7325797522e+00,4.1310848098e-01,8.1654269513e-01,4.0883627943e-01,4.0770641571e-01,1.6154090595e+00
1.3755554087e+00,1.7336381262e+00,4.1369936719e-01,8.1673155375e-01,4.0864508380e-01,4.0808646995e-01,1.6171205723e+00
1.3770821073e+00,1.7346971466e+00,4.1429002077e-01,8.1691976798e-01,4.0845375407e-01,4.0846601391e-01,1.6188330125e+00
1.3786088058e+00,1.7357568140e+00,4.1488044079e-01,8.1710733935e-01,4.0826229164e-01,4.0884504771e-01,1.6205463838e+00
1.3801355044e+00,1.7368171287e+00,4.1547062628e-01,8.1729426936e-01,4.0807069792e-01,4.0922357145e-01,1.6222606898e+00
1.3816622030e+00,1.7378780911e+00,4.1606057631e-01,8.1748055955e-01,4.0787897430e-01,4.0960158525e-01,1.6239759341e+00
1.3831889015e+00,1.7389397016e+00,4.1665028993e-01,8.1766621141e-01,4.0768712218e-01,4.0997908923e-01,1.6256921204e+00
1.3847156001e+00,1.7400019606e+00,4.1723976620e-01,8.1785122645e-01,4.0749514294e-01,4.1035608351e-01,1.6274092522e+00
1.3862422987e+00,1.7410648686e+00,4.1782900418e-01,8.1803560618e-01,4.0730303797e-01,4.1073256821e-01,1.6291273333e+00
1.3877689972e+00,1.7421284258e+00,4.1841800295e-01,8.1821935210e-01,4.0711080864e-01,4.1110854345e-01,1.6308463672e+00
1.3892956958e+00,1.7431926327e+00,4.1900676157e-01,8.1840246569e-01,4.0691845632e-01,4.1148400937e-01,1.6325663575e+00
1.3908223944e+00,1.7442574897e+00,4.1959527912e-01,8.1858494845e-01,4.0672598237e-01,4.1185896608e-01,1.6342873080e+00
1.3923490929e+00,1.7453229971e+00,4.2018355467e-01,8.1876680188e-01,4.0653338815e-01,4.1223341373e-01,1.6360092222e+00
1.3938757915e+00,1.7463891555e+00,4.2077158731e-01,8.1894802744e-01,4.0634067501e-01,4.1260735243e-01,1.6377321038e+00
1.3954024901e+00,1.7474559651e+00,4.2135937612e-01,8.1912862663e-01,4.0614784430e-01,4.1298078232e-01,1.6394559564e+00
1.3969291886e+00,1.7485234264e+00,4.2194692019e-01,8.1930860091e-01,4.0595489736e-01,4.1335370355e-01,1.6411807837e+00
1.3984558872e+00,1.7495915398e+00,4.2253421860e-01,8.1948795176e-01,4.0576183553e-01,4.1372611624e-01,1.6429065893e+00
1.3999825858e+00,1.7506603057e+00,4.2312127046e-01,8.1966668065e-01,4.0556866012e-01,4.1409802053e-01,1.6446333768e+00
1.4015092843e+00,1.7517297244e+00,4.2370807485e-01,8.1984478905e-01,4.0537537248e-01,4.1446941657e-01,1.6463611499e+00
1.4030359829e+00,1.7527997964e+00,4.2429463088e-01,8.2002227840e-01,4.0518197391e-01,4.1484030450e-01,1.6480899122e+00
1.4045626815e+00,1.7538705221e+00,4.2488093764e-01,8.2019915018e-01,4.0498846572e-01,4.1521068446e-01,1.6498196674e+00
1.4060893800e+00,1.7549419018e+00,4.2546699426e-01,8.2037540583e-01,4.0479484924e-01,4.1558055659e-01,1.6515504192e+00
1.4076160786e+00,1.7560139361e+00,4.2605279983e-01,8.2055104681e-01,4.0460112575e-01,4.1594992106e-01,1.6532821711e+00
1.4091427772e+00,1.7570866251e+00,4.2663835347e-01,8.2072607455e-01,4.0440729655e-01,4.1631877800e-01,1.6550149269e+00
1.4106694757e+00,1.7581599695e+00,4.2722365429e-01,8.2090049051e-01,4.0421336293e-01,4.1668712757e-01,1.6567486901e+00
1.4121961743e+00,1.7592339695e+00,4.2780870142e-01,8.2107429611e-01,4.0401932618e-01,4.1705496993e-01,1.6584834645e+00
1.4137228729e+00,1.7603086256e+00,4.2839349397e-01,8.2124749281e-01,4.0382518759e-01,4.1742230522e-01,1.6602192537e+00
1.4152495714e+00,1.7613839382e+00,4.2897803108e-01,8.2142008202e-01,4.0363094841e-01,4.1778913361e-01,1.6619560614e+00
1.4167762700e+00,1.7624599076e+00,4.2956231187e-01,8.2159206517e-01,4.0343660992e-01,4.1815545525e-01,1.6636938911e+00
1.4183029686e+00,1.7635365343e+00,4.3014633547e-01,8.2176344370e-01,4.0324217339e-01,4.1852127031e-01,1.6654327467e+00
1.4198296671e+00,1.7646138187e+00,4.3073010102e-01,8.2193421902e-01,4.0304764007e-01,4.1888657894e-01,1.6671726316e+00
1.4213563657e+00,1.7656917612e+00,4.3131360765e-01,8.2210439254e-01,4.0285301122e-01,4.1925138132e-01,1.6689135497e+00
1.4228830643e+00,1.7667703621e+00,4.3189685452e-01,8.2227396568e-01,4.0265828808e-01,4.1961567760e-01,1.6706555046e+00
1.4244097628e+00,1.7678496219e+00,4.3247984075e-01,8.2244293985e-01,4.0246347189e-01,4.1997946796e-01,1.6723984999e+00
1.4259364614e+00,1.7689295410e+00,4.3306256551e-01,8.2261131646e-01,4.0226856390e-01,4.2034275256e-01,1.6741425393e+00
1.4274631600e+00,1.7700101198e+00,4.3364502793e-01,8.2277909691e-01,4.0207356533e-01,4.2070553157e-01,1.6758876265e+00
1.4289898585e+00,1.7710913587e+00,4.3422722719e-01,8.2294628259e-01,4.0187847741e-01,4.2106780518e-01,1.6776337652e+00
1.4305165571e+00,1.7721732581e+00,4.3480916242e-01,8.2311287491e-01,4.0168330136e-01,4.2142957354e-01,1.6793809589e+00
1.4320432557e+00,1.7732558183e+00,4.3539083280e-01,8.2327887525e-01,4.0148803840e-01,4.2179083685e-01,1.6811292115e+00
1.4335699542e+00,1.7743390399e+00,4.3597223749e-01,8.2344428500e-01,4.0129268974e-01,4.2215159527e-01,1.6828785266e+00
1.4350966528e+00,1.7754229232e+00,4.3655337565e-01,8.2360910556e-01,4.0109725658e-01,4.2251184898e-01,1.6846289078e+00
1.4366233514e+00,1.7765074685e+00,4.3713424645e-01,8.2377333829e-01,4.0090174012e-01,4.2287159817e-01,1.6863803589e+00
1.4381500499e+00,1.7775926764e+00,4.3771484907e-01,8.2393698458e-01,4.0070614156e-01,4.2323084302e-01,1.6881328835e+00
1.4396767485e+00,1.7786785472e+00,4.3829518268e-01,8.2410004580e-01,4.0051046209e-01,4.2358958371e-01,1.6898864854e+00
1.4412034471e+00,1.7797650813e+00,4.3887524646e-01,8.2426252332e-01,4.0031470289e-01,4.2394782043e-01,1.6916411681e+00
1.4427301456e+00,1.7808522792e+00,4.3945503959e-01,8.2442441852e-01,4.0011886515e-01,4.2430555336e-01,1.6933969354e+00
1.4442568442e+00,1.7819401412e+00,4.4003456126e-01,8.2458573274e-01,3.9992295004e-01,4.2466278270e-01,1.6951537910e+00
1.4457835428e+00,1.7830286677e+00,4.4061381066e-01,8.2474646736e-01,3.9972695873e-01,4.2501950864e-01,1.6969117386e+00
1.4473102413e+00,1.7841178592e+00,4.4119278698e-01,8.2490662374e-01,3.9953089238e-01,4.2537573136e-01,1.6986707818e+00
1.4488369399e+00,1.7852077160e+00,4.4177148941e-01,8.2506620322e-01,3.9933475215e-01,4.2573145107e-01,1.7004309244e+00
1.4503636385e+00,1.7862982385e+00,4.4234991715e-01,8.2522520715e-01,3.9913853920e-01,4.2608666795e-01,1.7021921700e+00
1.4518903370e+00,1.7873894273e+00,4.4292806941e-01,8.2538363688e-01,3.9894225468e-01,4.2644138220e-01,1.7039545225e+00
1.4534170356e+00,1.7884812826e+00,4.4350594538e-01,8.2554149376e-01,3.9874589973e-01,4.2679559403e-01,1.7057179853e+00
1.4549437342e+00,1.7895738049e+00,4.4408354427e-01,8.2569877913e-01,3.9854947550e-01,4.2714930363e-01,1.7074825624e+00
1.4564704327e+00,1.7906669945e+00,4.4466086529e-01,8.2585549432e-01,3.9835298311e-01,4.2750251120e-01,1.7092482573e+00
1.4579971313e+00,1.7917608520e+00,4.4523790766e-01,8.2601164066e-01,3.9815642371e-01,4.2785521695e-01,1.7110150737e+00
1.4595238299e+00,1.7928553776e+00,4.4581467059e-01,8.2616721949e-01,3.9795979840e-01,4.2820742109e-01,1.7127830155e+00
1.4610505284e+00,1.7939505719e+00,4.4639115330e-01,8.2632223213e-01,3.9776310833e-01,4.2855912381e-01,1.7145520863e+00
1.4625772270e+00,1.7950464352e+00,4.4696735502e-01,8.2647667991e-01,3.9756635459e-01,4.2891032532e-01,1.7163222897e+00
1.4641039256e+00,1.7961429679e+00,4.4754327496e-01,8.2663056413e-01,3.9736953830e-01,4.2926102584e-01,1.7180936296e+00
1.4656306241e+00,1.7972401705e+00,4.4811891236e-01,8.2678388614e-01,3.9717266057e-01,4.2961122557e-01,1.7198661096e+00
1.4671573227e+00,1.7983380432e+00,4.4869426644e-01,8.2693664722e-01,3.9697572249e-01,4.2996092473e-01,1.7216397335e+00
1.4686840213e+00,1.7994365867e+00,4.4926933645e-01,8.2708884870e-01,3.9677872517e-01,4.3031012353e-01,1.7234145049e+00
1.4702107198e+00,1.8005358012e+00,4.4984412161e-01,8.2724049188e-01,3.9658166970e-01,4.3065882218e-01,1.7251904277e+00
1.4717374184e+00,1.8016356872e+00,4.5041862118e-01,8.2739157807e-01,3.9638455716e-01,4.3100702091e-01,1.7269675054e+00
1.4732641170e+00,1.8027362450e+00,4.5099283439e-01,8.2754210855e-01,3.9618738863e-01,4.3135471992e-01,1.7287457420e+00
1.4747908155e+00,1.8038374752e+00,4.5156676048e-01,8.2769208464e-01,3.9599016520e-01,4.3170191945e-01,1.7305251410e+00
1.4763175141e+00,1.8049393780e+00,4.5214039872e-01,8.2784150763e-01,3.9579288793e-01,4.3204861970e-01,1.7323057062e+00
1.4778442127e+00,1.8060419540e+00,4.5271374834e-01,8.2799037880e-01,3.9559555790e-01,4.3239482090e-01,1.7340874413e+00
1.4793709112e+00,1.8071452035e+00,4.5328680861e-01,8.2813869944e-01,3.9539817616e-01,4.3274052328e-01,1.7358703501e+00
1.4808976098e+00,1.8082491269e+00,4.5385957878e-01,8.2828647083e-01,3.9520074378e-01,4.3308572706e-01,1.7376544363e+00
1.4824243084e+00,1.8093537247e+00,4.5443205812e-01,8.2843369427e-01,3.9500326181e-01,4.3343043246e-01,1.7394397037e+00
1.4839510069e+00,1.8104589973e+00,4.5500424589e-01,8.2858037101e-01,3.9480573129e-01,4.3377463972e-01,1.7412261559e+00
1.4854777055e+00,1.8115649450e+00,4.5557614135e-01,8.2872650234e-01,3.9460815329e-01,4.3411834906e-01,1.7430137968e+00
1.4870044041e+00,1.8126715683e+00,4.5614774379e-01,8.2887208954e-01,3.9441052883e-01,4.3446156071e-01,1.7448026300e+00
1.4885311026e+00,1.8137788676e+00,4.5671905246e-01,8.2901713385e-01,3.9421285895e-01,4.3480427491e-01,1.7465926594e+00
1.4900578012e+00,1.8148868433e+00,4.5729006665e-01,8.2916163656e-01,3.9401514468e-01,4.3514649188e-01,1.7483838886e+00
1.4915844998e+00,1.8159954958e+00,4.5786078563e-01,8.2930559892e-01,3.9381738705e-01,4.3548821187e-01,1.7501763215e+00
1.4931111983e+00,1.8171048256e+00,4.5843120869e-01,8.2944902219e-01,3.9361958709e-01,4.3582943511e-01,1.7519699617e+00
1.4946378969e+00,1.8182148330e+00,4.5900133511e-01,8.2959190763e-01,3.9342174580e-01,4.3617016183e-01,1.7537648131e+00
1.4961645955e+00,1.8193255185e+00,4.5957116418e-01,8.2973425648e-01,3.9322386421e-01,4.3651039227e-01,1.7555608793e+00
1.4976912940e+00,1.8204368825e+00,4.6014069519e-01,8.2987607000e-01,3.9302594332e-01,4.3685012668e-01,1.7573581642e+00
1.4992179926e+00,1.8215489254e+00,4.6070992744e-01,8.3001734943e-01,3.9282798413e-01,4.3718936530e-01,1.7591566714e+00
1.5007446912e+00,1.8226616475e+00,4.6127886021e-01,8.3015809602e-01,3.9262998766e-01,4.3752810836e-01,1.7609564049e+00
1.5022713897e+00,1.8237750494e+00,4.6184749282e-01,8.3029831100e-01,3.9243195489e-01,4.3786635612e-01,1.7627573683e+00
1.5037980883e+00,1.8248891315e+00,4.6241582456e-01,8.3043799561e-01,3.9223388681e-01,4.3820410881e-01,1.7645595653e+00
1.5053247869e+00,1.8260038941e+00,4.6298385473e-01,8.3057715109e-01,3.9203578441e-01,4.3854136668e-01,1.7663629999e+00
1.5068514854e+00,1.8271193376e+00,4.6355158266e-01,8.3071577865e-01,3.9183764867e-01,4.3887812998e-01,1.7681676757e+00
1.5083781840e+00,1.8282354626e+00,4.6411900764e-01,8.3085387954e-01,3.9163948058e-01,4.3921439896e-01,1.7699735965e+00
1.5099048826e+00,1.8293522694e+00,4.6468612899e-01,8.3099145498e-01,3.9144128111e-01,4.3955017387e-01,1.7717807661e+00
1.5114315811e+00,1.8304697583e+00,4.6525294603e-01,8.3112850618e-01,3.9124305121e-01,4.3988545496e-01,1.7735891883e+00
1.5129582797e+00,1.8315879299e+00,4.6581945808e-01,8.3126503436e-01,3.9104479188e-01,4.4022024248e-01,1.7753988668e+00
1.5144849783e+00,1.8327067846e+00,4.6638566445e-01,8.3140104074e-01,3.9084650405e-01,4.4055453669e-01,1.7772098054e+00
1.5160116768e+00,1.8338263227e+00,4.6695156449e-01,8.3153652653e-01,3.9064818869e-01,4.4088833784e-01,1.7790220080e+00
1.5175383754e+00,1.8349465448e+00,4.6751715751e-01,8.3167149295e-01,3.9044984675e-01,4.4122164619e-01,1.7808354783e+00
1.5190650740e+00,1.8360674511e+00,4.6808244284e-01,8.3180594118e-01,3.9025147918e-01,4.4155446200e-01,1.7826502201e+00
1.5205917725e+00,1.8371890421e+00,4.6864741982e-01,8.3193987245e-01,3.9005308693e-01,4.4188678552e-01,1.7844662372e+00
1.5221184711e+00,1.8383113183e+00,4.6921208779e-01,8.3207328795e-01,3.8985467093e-01,4.4221861701e-01,1.7862835334e+00
1.5236451697e+00,1.8394342801e+00,4.6977644609e-01,8.3220618886e-01,3.8965623212e-01,4.4254995674e-01,1.7881021125e+00
1.5251718682e+00,1.8405579278e+00,4.7034049405e-01,8.3233857640e-01,3.8945777144e-01,4.4288080497e-01,1.7899219782e+00
1.5266985668e+00,1.8416822619e+00,4.7090423103e-01,8.3247045175e-01,3.8925928980e-01,4.4321116195e-01,1.7917431345e+00
1.5282252654e+00,1.8428072829e+00,4.7146765638e-01,8.3260181610e-01,3.8906078813e-01,4.4354102797e-01,1.7935655850e+00
1.5297519639e+00,1.8439329911e+00,4.7203076943e-01,8.3273267063e-01,3.8886226735e-01,4.4387040327e-01,1.7953893336e+00
1.5312786625e+00,1.8450593869e+00,4.7259356956e-01,8.3286301652e-01,3.8866372839e-01,4.4419928814e-01,1.7972143842e+00
1.5328053611e+00,1.8461864708e+00,4.7315605611e-01,8.3299285496e-01,3.8846517213e-01,4.4452768282e-01,1.7990407404e+00
1.5343320596e+00,1.8473142432e+00,4.7371822844e-01,8.3312218712e-01,3.8826659951e-01,4.4485558761e-01,1.8008684062e+00
1.5358587582e+00,1.8484427046e+00,4.7428008592e-01,8.3325101417e-01,3.8806801141e-01,4.4518300276e-01,1.8026973853e+00
1.5373854568e+00,1.8495718552e+00,4.7484162790e-01,8.3337933728e-01,3.8786940873e-01,4.4550992855e-01,1.8045276816e+00
1.5389121553e+00,1.8507016957e+00,4.7540285377e-01,8.3350715763e-01,3.8767079238e-01,4.4583636525e-01,1.8063592989e+00
1.5404388539e+00,1.8518322263e+00,4.7596376289e-01,8.3363447637e-01,3.8747216324e-01,4.4616231313e-01,1.8081922410e+00
1.5419655525e+00,1.8529634475e+00,4.7652435463e-01,8.3376129468e-01,3.8727352220e-01,4.4648777248e-01,1.8100265118e+00
1.5434922510e+00,1.8540953597e+00,4.7708462837e-01,8.3388761369e-01,3.8707487014e-01,4.4681274356e-01,1.8118621150e+00
1.5450189496e+00,1.8552279634e+00,4.7764458349e-01,8.3401343458e-01,3.8687620794e-01,4.4713722665e-01,1.8136990545e+00
1.5465456482e+00,1.8563612590e+00,4.7820421937e-01,8.3413875850e-01,3.8667753647e-01,4.4746122203e-01,1.8155373342e+00
1.5480723467e+00,1.8574952468e+00,4.7876353540e-01,8.3426358659e-01,3.8647885661e-01,4.4778472998e-01,1.8173769578e+00
1.5495990453e+00,1.8586299274e+00,4.7932253096e-01,8.3438792000e-01,3.8628016923e-01,4.4810775078e-01,1.8192179292e+00
1.5511257439e+00,1.8597653011e+00,4.7988120544e-01,8.3451175989e-01,3.8608147518e-01,4.4843028471e-01,1.8210602523e+00
1.5526524424e+00,1.8609013683e+00,4.8043955823e-01,8.3463510738e-01,3.8588277532e-01,4.4875233206e-01,1.8229039308e+00
1.5541791410e+00,1.8620381296e+00,4.8099758874e-01,8.3475796362e-01,3.8568407052e-01,4.4907389310e-01,1.8247489687e+00
1.5557058396e+00,1.8631755852e+00,4.8155529635e-01,8.3488032974e-01,3.8548536161e-01,4.4939496813e-01,1.8265953698e+00
1.5572325381e+00,1.8643137357e+00,4.8211268047e-01,8.3500220688e-01,3.8528664946e-01,4.4971555742e-01,1.8284431379e+00
1.5587592367e+00,1.8654525815e+00,4.8266974051e-01,8.3512359617e-01,3.8508793490e-01,4.5003566127e-01,1.8302922769e+00
1.5602859353e+00,1.8665921229e+00,4.8322647587e-01,8.3524449874e-01,3.8488921878e-01,4.5035527996e-01,1.8321427907e+00
1.5618126338e+00,1.8677323604e+00,4.8378288595e-01,8.3536491571e-01,3.8469050192e-01,4.5067441378e-01,1.8339946831e+00
1.5633393324e+00,1.8688732945e+00,4.8433897018e-01,8.3548484820e-01,3.8449178517e-01,4.5099306303e-01,1.8358479579e+00
1.5648660310e+00,1.8700149255e+00,4.8489472797e-01,8.3560429733e-01,3.8429306935e-01,4.5131122798e-01,1.8377026191e+00
1.5663927295e+00,1.8711572539e+00,4.8545015872e-01,8.3572326422e-01,3.8409435528e-01,4.5162890894e-01,1.8395586704e+00
1.5679194281e+00,1.8723002801e+00,4.8600526187e-01,8.3584174998e-01,3.8389564379e-01,4.5194610620e-01,1.8414161159e+00
1.5694461267e+00,1.8734440046e+00,4.8656003683e-01,8.3595975573e-01,3.8369693569e-01,4.5226282004e-01,1.8432749593e+00
1.5709728252e+00,1.8745884277e+00,4.8711448304e-01,8.3607728257e-01,3.8349823180e-01,4.5257905077e-01,1.8451352045e+00
1.5724995238e+00,1.8757335499e+00,4.8766859991e-01,8.3619433161e-01,3.8329953293e-01,4.5289479868e-01,1.8469968554e+00
1.5740262224e+00,1.8768793716e+00,4.8822238689e-01,8.3631090395e-01,3.8310083988e-01,4.5321006407e-01,1.8488599158e+00
1.5755529209e+00,1.8780258933e+00,4.8877584339e-01,8.3642700069e-01,3.8290215345e-01,4.5352484724e-01,1.8507243898e+00
1.5770796195e+00,1.8791731153e+00,4.8932896887e-01,8.3654262293e-01,3.8270347445e-01,4.5383914847e-01,1.8525902810e+00
1.5786063181e+00,1.8803210381e+00,4.8988176275e-01,8.3665777176e-01,3.8250480367e-01,4.5415296809e-01,1.8544575935e+00
1.5801330166e+00,1.8814696622e+00,4.9043422448e-01,8.3677244828e-01,3.8230614190e-01,4.5446630637e-01,1.8563263312e+00
1.5816597152e+00,1.8826189879e+00,4.9098635351e-01,8.3688665357e-01,3.8210748993e-01,4.5477916364e-01,1.8581964978e+00
1.5831864138e+00,1.8837690157e+00,4.9153814927e-01,8.3700038872e-01,3.8190884855e-01,4.5509154018e-01,1.8600680974e+00
1.5847131123e+00,1.8849197460e+00,4.9208961122e-01,8.3711365482e-01,3.8171021852e-01,4.5540343630e-01,1.8619411338e+00
1.5862398109e+00,1.8860711793e+00,4.9264073881e-01,8.3722645295e-01,3.8151160064e-01,4.5571485231e-01,1.8638156109e+00
1.5877665095e+00,1.8872233159e+00,4.9319153150e-01,8.3733878419e-01,3.8131299567e-01,4.5602578851e-01,1.8656915326e+00
1.5892932080e+00,1.8883761563e+00,4.9374198874e-01,8.3745064960e-01,3.8111440439e-01,4.5633624521e-01,1.8675689028e+00
1.5908199066e+00,1.8895297010e+00,4.9429210999e-01,8.3756205027e-01,3.8091582756e-01,4.5664622271e-01,1.8694477255e+00
1.5923466052e+00,1.8906839503e+00,4.9484189472e-01,8.3767298727e-01,3.8071726594e-01,4.5695572133e-01,1.8713280046e+00
1.5938733037e+00,1.8918389047e+00,4.9539134239e-01,8.3778346167e-01,3.8051872029e-01,4.5726474137e-01,1.8732097439e+00
1.5954000023e+00,1.8929945646e+00,4.9594045246e-01,8.3789347452e-01,3.8032019138e-01,4.5757328314e-01,1.8750929474e+00
1.5969267009e+00,1.8941509305e+00,4.9648922441e-01,8.3800302690e-01,3.8012167994e-01,4.5788134696e-01,1.8769776190e+00
1.5984533994e+00,1.8953080028e+00,4.9703765771e-01,8.3811211986e-01,3.7992318673e-01,4.5818893313e-01,1.8788637627e+00
1.5999800980e+00,1.8964657819e+00,4.9758575183e-01,8.3822075447e-01,3.7972471250e-01,4.5849604197e-01,1.8807513823e+00
1.6015067966e+00,1.8976242682e+00,4.9813350626e-01,8.3832893177e-01,3.7952625799e-01,4.5880267378e-01,1.8826404818e+00
1.6030334951e+00,1.8987834622e+00,4.9868092047e-01,8.3843665282e-01,3.7932782393e-01,4.5910882889e-01,1.8845310652e+00
1.6045601937e+00,1.8999433643e+00,4.9922799394e-01,8.3854391867e-01,3.7912941106e-01,4.5941450762e-01,1.8864231363e+00
1.6060868923e+00,1.9011039750e+00,4.9977472617e-01,8.3865073037e-01,3.7893102011e-01,4.5971971026e-01,1.8883166991e+00
1.6076135908e+00,1.9022652946e+00,5.0032111664e-01,8.3875708897e-01,3.7873265181e-01,4.6002443715e-01,1.8902117576e+00
1.6091402894e+00,1.9034273237e+00,5.0086716484e-01,8.3886299549e-01,3.7853430689e-01,4.6032868860e-01,1.8921083156e+00
1.6106669880e+00,1.9045900626e+00,5.0141287027e-01,8.3896845100e-01,3.7833598607e-01,4.6063246493e-01,1.8940063773e+00
1.6121936865e+00,1.9057535118e+00,5.0195823241e-01,8.3907345651e-01,3.7813769006e-01,4.6093576646e-01,1.8959059464e+00
1.6137203851e+00,1.9069176717e+00,5.0250325078e-01,8.3917801308e-01,3.7793941957e-01,4.6123859350e-01,1.8978070269e+00
1.6152470837e+00,1.9080825427e+00,5.0304792486e-01,8.3928212172e-01,3.7774117533e-01,4.6154094639e-01,1.8997096229e+00
1.6167737822e+00,1.9092481253e+00,5.0359225417e-01,8.3938578347e-01,3.7754295804e-01,4.6184282543e-01,1.9016137382e+00
1.6183004808e+00,1.9104144200e+00,5.0413623820e-01,8.3948899936e-01,3.7734476840e-01,4.6214423096e-01,1.9035193769e+00
1.6198271794e+00,1.9115814270e+00,5.0467987647e-01,8.3959177041e-01,3.7714660712e-01,4.6244516330e-01,1.9054265429e+00
1.6213538779e+00,1.9127491470e+00,5.0522316849e-01,8.3969409765e-01,3.7694847488e-01,4.6274562277e-01,1.9073352401e+00
1.6228805765e+00,1.9139175803e+00,5.0576611377e-01,8.3979598209e-01,3.7675037240e-01,4.6304560969e-01,1.9092454726e+00
1.6244072751e+00,1.9150867273e+00,5.0630871183e-01,8.3989742475e-01,3.7655230035e-01,4.6334512440e-01,1.9111572443e+00
1.6259339736e+00,1.9162565886e+00,5.0685096219e-01,8.3999842665e-01,3.7635425944e-01,4.6364416721e-01,1.9130705592e+00
1.6274606722e+00,1.9174271644e+00,5.0739286436e-01,8.4009898879e-01,3.7615625033e-01,4.6394273846e-01,1.9149854212e+00
1.6289873708e+00,1.9185984554e+00,5.0793441788e-01,8.4019911220e-01,3.7595827372e-01,4.6424083848e-01,1.9169018345e+00
1.6305140693e+00,1.9197704618e+00,5.0847562226e-01,8.4029879787e-01,3.7576033028e-01,4.6453846759e-01,1.9188198029e+00
1.6320407679e+00,1.9209431841e+00,5.0901647703e-01,8.4039804681e-01,3.7556242069e-01,4.6483562612e-01,1.9207393304e+00
1.6335674665e+00,1.9221166229e+00,5.0955698173e-01,8.4049686003e-01,3.7536454562e-01,4.6513231441e-01,1.9226604211e+00
1.6350941650e+00,1.9232907784e+00,5.1009713590e-01,8.4059523852e-01,3.7516670573e-01,4.6542853278e-01,1.9245830789e+00
1.6366208636e+00,1.9244656513e+00,5.1063693905e-01,8.4069318328e-01,3.7496890171e-01,4.6572428157e-01,1.9265073078e+00
1.6381475622e+00,1.9256412418e+00,5.1117639074e-01,8.4079069531e-01,3.7477113420e-01,4.6601956111e-01,1.9284331119e+00
1.6396742607e+00,1.9268175504e+00,5.1171549050e-01,8.4088777560e-01,3.7457340387e-01,4.6631437173e-01,1.9303604951e+00
1.6412009593e+00,1.9279945776e+00,5.1225423788e-01,8.4098442514e-01,3.7437571137e-01,4.6660871377e-01,1.9322894615e+00
1.6427276579e+00,1.9291723238e+00,5.1279263243e-01,8.4108064492e-01,3.7417805736e-01,4.6690258756e-01,1.9342200150e+00
1.6442543564e+00,1.9303507894e+00,5.1333067368e-01,8.4117643593e-01,3.7398044249e-01,4.6719599344e-01,1.9361521598e+00
1.6457810550e+00,1.9315299749e+00,5.1386836120e-01,8.4127179914e-01,3.7378286740e-01,4.6748893174e-01,1.9380858997e+00
1.6473077536e+00,1.9327098808e+00,5.1440569453e-01,8.4136673555e-01,3.7358533274e-01,4.6778140280e-01,1.9400212389e+00
1.6488344521e+00,1.9338905074e+00,5.1494267323e-01,8.4146124612e-01,3.7338783915e-01,4.6807340697e-01,1.9419581814e+00
1.6503611507e+00,1.9350718552e+00,5.1547929686e-01,8.4155533183e-01,3.7319038727e-01,4.6836494457e-01,1.9438967311e+00
1.6518878493e+00,1.9362539247e+00,5.1601556497e-01,8.4164899367e-01,3.7299297772e-01,4.6865601595e-01,1.9458368922e+00
1.6534145478e+00,1.9374367163e+00,5.1655147714e-01,8.4174223259e-01,3.7279561115e-01,4.6894662144e-01,1.9477786686e+00
1.6549412464e+00,1.9386202303e+00,5.1708703292e-01,8.4183504958e-01,3.7259828819e-01,4.6923676139e-01,1.9497220644e+00
1.6564679450e+00,1.9398044674e+00,5.1762223188e-01,8.4192744559e-01,3.7240100945e-01,4.6952643614e-01,1.9516670837e+00
1.6579946435e+00,1.9409894278e+00,5.1815707360e-01,8.4201942159e-01,3.7220377556e-01,4.6981564603e-01,1.9536137304e+00
1.6595213421e+00,1.9421751122e+00,5.1869155764e-01,8.4211097854e-01,3.7200658714e-01,4.7010439140e-01,1.9555620087e+00
1.6610480407e+00,1.9433615208e+00,5.1922568357e-01,8.4220211741e-01,3.7180944481e-01,4.7039267260e-01,1.9575119226e+00
1.6625747392e+00,1.9445486541e+00,5.1975945099e-01,8.4229283915e-01,3.7161234918e-01,4.7068048997e-01,1.9594634761e+00
1.6641014378e+00,1.9457365126e+00,5.2029285946e-01,8.4238314472e-01,3.7141530086e-01,4.7096784386e-01,1.9614166734e+00
1.6656281364e+00,1.9469250968e+00,5.2082590856e-01,8.4247303506e-01,3.7121830046e-01,4.7125473460e-01,1.9633715184e+00
1.6671548349e+00,1.9481144070e+00,5.2135859789e-01,8.4256251114e-01,3.7102134859e-01,4.7154116255e-01,1.9653280153e+00
1.6686815335e+00,1.9493044437e+00,5.2189092702e-01,8.4265157389e-01,3.7082444584e-01,4.7182712805e-01,1.9672861680e+00
1.6702082321e+00,1.9504952074e+00,5.2242289555e-01,8.4274022427e-01,3.7062759281e-01,4.7211263146e-01,1.9692459808e+00
1.6717349306e+00,1.9516866984e+00,5.2295450306e-01,8.4282846322e-01,3.7043079011e-01,4.7239767311e-01,1.9712074576e+00
1.6732616292e+00,1.9528789173e+00,5.2348574916e-01,8.4291629167e-01,3.7023403832e-01,4.7268225336e-01,1.9731706025e+00
1.6747883278e+00,1.9540718645e+00,5.2401663343e-01,8.4300371058e-01,3.7003733803e-01,4.7296637255e-01,1.9751354197e+00
1.6763150263e+00,1.9552655405e+00,5.2454715547e-01,8.4309072088e-01,3.6984068984e-01,4.7325003104e-01,1.9771019132e+00
1.6778417249e+00,1.9564599456e+00,5.2507731489e-01,8.4317732350e-01,3.6964409433e-01,4.7353322917e-01,1.9790700871e+00
1.6793684235e+00,1.9576550803e+00,5.2560711128e-01,8.4326351937e-01,3.6944755207e-01,4.7381596730e-01,1.9810399455e+00
1.6808951220e+00,1.9588509451e+00,5.2613654425e-01,8.4334930943e-01,3.6925106365e-01,4.7409824578e-01,1.9830114925e+00
1.6824218206e+00,1.9600475404e+00,5.2666561342e-01,8.4343469460e-01,3.6905462964e-01,4.7438006495e-01,1.9849847322e+00
1.6839485192e+00,1.9612448666e+00,5.2719431838e-01,8.4351967581e-01,3.6885825062e-01,4.7466142518e-01,1.9869596687e+00
1.6854752177e+00,1.9624429243e+00,5.2772265875e-01,8.4360425398e-01,3.6866192716e-01,4.7494232682e-01,1.9889363061e+00
1.6870019163e+00,1.9636417138e+00,5.2825063414e-01,8.4368843004e-01,3.6846565983e-01,4.7522277022e-01,1.9909146486e+00
1.6885286149e+00,1.9648412357e+00,5.2877824418e-01,8.4377220490e-01,3.6826944918e-01,4.7550275573e-01,1.9928947002e+00
1.6900553134e+00,1.9660414902e+00,5.2930548847e-01,8.4385557949e-01,3.6807329578e-01,4.7578228371e-01,1.9948764650e+00
1.6915820120e+00,1.9672424780e+00,5.2983236665e-01,8.4393855471e-01,3.6787720020e-01,4.7606135452e-01,1.9968599472e+00
1.6931087106e+00,1.9684441994e+00,5.3035887833e-01,8.4402113149e-01,3.6768116298e-01,4.7633996850e-01,1.9988451510e+00
1.6946354091e+00,1.9696466549e+00,5.3088502313e-01,8.4410331072e-01,3.6748518469e-01,4.7661812603e-01,2.0008320804e+00
1.6961621077e+00,1.9708498449e+00,5.3141080070e-01,8.4418509332e-01,3.6728926586e-01,4.7689582746e-01,2.0028207395e+00
1.6976888063e+00,1.9720537699e+00,5.3193621065e-01,8.4426648020e-01,3.6709340706e-01,4.7717307313e-01,2.0048111326e+00
1.6992155048e+00,1.9732584304e+00,5.3246125262e-01,8.4434747225e-01,3.6689760883e-01,4.7744986343e-01,2.0068032637e+00
1.7007422034e+00,1.9744638267e+00,5.3298592624e-01,8.4442807039e-01,3.6670187170e-01,4.7772619869e-01,2.0087971371e+00
1.7022689020e+00,1.9756699594e+00,5.3351023116e-01,8.4450827551e-01,3.6650619622e-01,4.7800207928e-01,2.0107927568e+00
1.7037956005e+00,1.9768768289e+00,5.3403416700e-01,8.4458808851e-01,3.6631058294e-01,4.7827750557e-01,2.0127901269e+00
1.7053222991e+00,1.9780844356e+00,5.3455773342e-01,8.4466751028e-01,3.6611503237e-01,4.7855247791e-01,2.0147892518e+00
1.7068489977e+00,1.9792927800e+00,5.3508093005e-01,8.4474654172e-01,3.6591954506e-01,4.7882699666e-01,2.0167901354e+00
1.7083756962e+00,1.9805018625e+00,5.3560375653e-01,8.4482518372e-01,3.6572412153e-01,4.7910106219e-01,2.0187927821e+00
1.7099023948e+00,1.9817116836e+00,5.3612621253e-01,8.4490343717e-01,3.6552876231e-01,4.7937467485e-01,2.0207971959e+00
1.7114290934e+00,1.9829222438e+00,5.3664829768e-01,8.4498130295e-01,3.6533346793e-01,4.7964783502e-01,2.0228033810e+00
1.7129557919e+00,1.9841335434e+00,5.3717001165e-01,8.4505878196e-01,3.6513823891e-01,4.7992054305e-01,2.0248113416e+00
1.7144824905e+00,1.9853455830e+00,5.3769135407e-01,8.4513587507e-01,3.6494307576e-01,4.8019279931e-01,2.0268210819e+00
1.7160091891e+00,1.9865583630e+00,5.3821232462e-01,8.4521258316e-01,3.6474797900e-01,4.8046460416e-01,2.0288326060e+00
1.7175358876e+00,1.9877718838e+00,5.3873292295e-01,8.4528890712e-01,3.6455294916e-01,4.8073595797e-01,2.0308459182e+00
1.7190625862e+00,1.9889861459e+00,5.3925314872e-01,8.4536484782e-01,3.6435798672e-01,4.8100686110e-01,2.0328610226e+00
1.7205892848e+00,1.9902011498e+00,5.3977300160e-01,8.4544040614e-01,3.6416309222e-01,4.8127731392e-01,2.0348779235e+00
1.7221159833e+00,1.9914168958e+00,5.4029248125e-01,8.4551558294e-01,3.6396826615e-01,4.8154731679e-01,2.0368966250e+00
1.7236426819e+00,1.9926333846e+00,5.4081158733e-01,8.4559037910e-01,3.6377350901e-01,4.8181687009e-01,2.0389171313e+00
1.7251693805e+00,1.9938506164e+00,5.4133031952e-01,8.4566479548e-01,3.6357882131e-01,4.8208597417e-01,2.0409394466e+00
1.7266960790e+00,1.9950685918e+00,5.4184867749e-01,8.4573883296e-01,3.6338420355e-01,4.8235462941e-01,2.0429635752e+00
1.7282227776e+00,1.9962873113e+00,5.4236666091e-01,8.4581249240e-01,3.6318965622e-01,4.8262283618e-01,2.0449895212e+00
1.7297494762e+00,1.9975067752e+00,5.4288426946e-01,8.4588577465e-01,3.6299517981e-01,4.8289059484e-01,2.0470172889e+00
1.7312761747e+00,1.9987269840e+00,5.4340150282e-01,8.4595868059e-01,3.6280077483e-01,4.8315790576e-01,2.0490468825e+00
1.7328028733e+00,1.9999479382e+00,5.4391836067e-01,8.4603121106e-01,3.6260644174e-01,4.8342476932e-01,2.0510783063e+00
1.7343295719e+00,2.0011696383e+00,5.4443484269e-01,8.4610336693e-01,3.6241218105e-01,4.8369118588e-01,2.0531115644e+00
1.7358562704e+00,2.0023920846e+00,5.4495094856e-01,8.4617514905e-01,3.6221799323e-01,4.8395715582e-01,2.0551466610e+00
1.7373829690e+00,2.0036152777e+00,5.4546667798e-01,8.4624655827e-01,3.6202387877e-01,4.8422267950e-01,2.0571836005e+00
1.7389096676e+00,2.0048392180e+00,5.4598203063e-01,8.4631759543e-01,3.6182983814e-01,4.8448775730e-01,2.0592223870e+00
1.7404363662e+00,2.0060639060e+00,5.4649700620e-01,8.4638826140e-01,3.6163587182e-01,4.8475238958e-01,2.0612630249e+00
1.7419630647e+00,2.0072893421e+00,5.4701160439e-01,8.4645855701e-01,3.6144198029e-01,4.8501657673e-01,2.0633055183e+00
1.7434897633e+00,2.0085155268e+00,5.4752582489e-01,8.4652848312e-01,3.6124816401e-01,4.8528031911e-01,2.0653498715e+00
1.7450164619e+00,2.0097424605e+00,5.4803966740e-01,8.4659804055e-01,3.6105442345e-01,4.8554361710e-01,2.0673960888e+00
1.7465431604e+00,2.0109701437e+00,5.4855313161e-01,8.4666723015e-01,3.6086075909e-01,4.8580647107e-01,2.0694441745e+00
1.7480698590e+00,2.0121985768e+00,5.4906621724e-01,8.4673605277e-01,3.6066717138e-01,4.8606888139e-01,2.0714941327e+00
1.7495965576e+00,2.0134277604e+00,5.4957892398e-01,8.4680450923e-01,3.6047366079e-01,4.8633084845e-01,2.0735459678e+00
1.7511232561e+00,2.0146576948e+00,5.5009125154e-01,8.4687260038e-01,3.6028022777e-01,4.8659237261e-01,2.0755996840e+00
1.7526499547e+00,2.0158883805e+00,5.5060319962e-01,8.4694032703e-01,3.6008687279e-01,4.8685345425e-01,2.0776552856e+00
1.7541766533e+00,2.0171198181e+00,5.5111476794e-01,8.4700769003e-01,3.5989359629e-01,4.8711409374e-01,2.0797127770e+00
1.7557033518e+00,2.0183520078e+00,5.5162595622e-01,8.4707469021e-01,3.5970039874e-01,4.8737429147e-01,2.0817721623e+00
1.7572300504e+00,2.0195849503e+00,5.5213676415e-01,8.4714132838e-01,3.5950728057e-01,4.8763404781e-01,2.0838334459e+00
1.7587567490e+00,2.0208186459e+00,5.5264719146e-01,8.4720760538e-01,3.5931424224e-01,4.8789336314e-01,2.0858966320e+00
1.7602834475e+00,2.0220530952e+00,5.5315723788e-01,8.4727352202e-01,3.5912128419e-01,4.8815223782e-01,2.0879617251e+00
1.7618101461e+00,2.0232882985e+00,5.5366690310e-01,8.4733907913e-01,3.5892840687e-01,4.8841067226e-01,2.0900287293e+00
1.7633368447e+00,2.0245242564e+00,5.5417618687e-01,8.4740427752e-01,3.5873561071e-01,4.8866866681e-01,2.0920976490e+00
1.7648635432e+00,2.0257609693e+00,5.5468508890e-01,8.4746911802e-01,3.5854289616e-01,4.8892622186e-01,2.0941684884e+00
1.7663902418e+00,2.0269984377e+00,5.5519360893e-01,8.4753360143e-01,3.5835026365e-01,4.8918333778e-01,2.0962412520e+00
1.7679169404e+00,2.0282366620e+00,5.5570174667e-01,8.4759772858e-01,3.5815771361e-01,4.8944001497e-01,2.0983159440e+00
1.7694436389e+00,2.0294756426e+00,5.5620950186e-01,8.4766150027e-01,3.5796524648e-01,4.8969625379e-01,2.1003925688e+00
1.7709703375e+00,2.0307153802e+00,5.5671687423e-01,8.4772491731e-01,3.5777286268e-01,4.8995205463e-01,2.1024711306e+00
1.7724970361e+00,2.0319558750e+00,5.5722386351e-01,8.4778798051e-01,3.5758056265e-01,4.9020741786e-01,2.1045516338e+00
1.7740237346e+00,2.0331971276e+00,5.5773046945e-01,8.4785069068e-01,3.5738834680e-01,4.9046234388e-01,2.1066340828e+00
1.7755504332e+00,2.0344391385e+00,5.5823669178e-01,8.4791304861e-01,3.5719621556e-01,4.9071683305e-01,2.1087184819e+00
1.7770771318e+00,2.0356819080e+00,5.5874253024e-01,8.4797505512e-01,3.5700416935e-01,4.9097088577e-01,2.1108048354e+00
1.7786038303e+00,2.0369254367e+00,5.5924798457e-01,8.4803671099e-01,3.5681220858e-01,4.9122450241e-01,2.1128931476e+00
1.7801305289e+00,2.0381697251e+00,5.5975305452e-01,8.4809801703e-01,3.5662033368e-01,4.9147768336e-01,2.1149834231e+00
1.7816572275e+00,2.0394147735e+00,5.6025773983e-01,8.4815897404e-01,3.5642854505e-01,4.9173042899e-01,2.1170756660e+00
1.7831839260e+00,2.0406605825e+00,5.6076204026e-01,8.4821958281e-01,3.5623684311e-01,4.9198273970e-01,2.1191698808e+00
1.7847106246e+00,2.0419071526e+00,5.6126595554e-01,8.4827984413e-01,3.5604522827e-01,4.9223461586e-01,2.1212660718e+00
1.7862373232e+00,2.0431544841e+00,5.6176948545e-01,8.4833975879e-01,3.5585370093e-01,4.9248605786e-01,2.1233642434e+00
1.7877640217e+00,2.0444025775e+00,5.6227262971e-01,8.4839932759e-01,3.5566226150e-01,4.9273706608e-01,2.1254643999e+00
1.7892907203e+00,2.0456514334e+00,5.6277538811e-01,8.4845855130e-01,3.5547091039e-01,4.9298764091e-01,2.1275665459e+00
1.7908174189e+00,2.0469010522e+00,5.6327776038e-01,8.4851743072e-01,3.5527964798e-01,4.9323778274e-01,2.1296706855e+00
1.7923441174e+00,2.0481514343e+00,5.6377974630e-01,8.4857596662e-01,3.5508847469e-01,4.9348749194e-01,2.1317768233e+00
1.7938708160e+00,2.0494025802e+00,5.6428134562e-01,8.4863415980e-01,3.5489739090e-01,4.9373676890e-01,2.1338849636e+00
1.7953975146e+00,2.0506544904e+00,5.6478255811e-01,8.4869201102e-01,3.5470639701e-01,4.9398561401e-01,2.1359951109e+00
1.7969242131e+00,2.0519071654e+00,5.6528338354e-01,8.4874952107e-01,3.5451549341e-01,4.9423402766e-01,2.1381072694e+00
1.7984509117e+00,2.0531606056e+00,5.6578382167e-01,8.4880669072e-01,3.5432468050e-01,4.9448201022e-01,2.1402214437e+00
1.7999776103e+00,2.0544148114e+00,5.6628387227e-01,8.4886352076e-01,3.5413395866e-01,4.9472956209e-01,2.1423376382e+00
1.8015043088e+00,2.0556697834e+00,5.6678353511e-01,8.4892001194e-01,3.5394332828e-01,4.9497668366e-01,2.1444558571e+00
1.8030310074e+00,2.0569255221e+00,5.6728280997e-01,8.4897616504e-01,3.5375278973e-01,4.9522337531e-01,2.1465761051e+00
1.8045577060e+00,2.0581820278e+00,5.6778169662e-01,8.4903198083e-01,3.5356234341e-01,4.9546963742e-01,2.1486983865e+00
1.8060844045e+00,2.0594393011e+00,5.6828019484e-01,8.4908746009e-01,3.5337198969e-01,4.9571547040e-01,2.1508227057e+00
1.8076111031e+00,2.0606973424e+00,5.6877830440e-01,8.4914260356e-01,3.5318172895e-01,4.9596087462e-01,2.1529490672e+00
1.8091378017e+00,2.0619561522e+00,5.6927602510e-01,8.4919741202e-01,3.5299156156e-01,4.9620585047e-01,2.1550774754e+00
1.8106645002e+00,2.0632157309e+00,5.6977335671e-01,8.4925188624e-01,3.5280148789e-01,4.9645039834e-01,2.1572079348e+00
1.8121911988e+00,2.0644760791e+00,5.7027029902e-01,8.4930602696e-01,3.5261150833e-01,4.9669451863e-01,2.1593404497e+00
1.8137178974e+00,2.0657371972e+00,5.7076685181e-01,8.4935983495e-01,3.5242162323e-01,4.9693821171e-01,2.1614750248e+00
1.8152445959e+00,2.0669990857e+00,5.7126301488e-01,8.4941331096e-01,3.5223183297e-01,4.9718147799e-01,2.1636116643e+00
1.8167712945e+00,2.0682617450e+00,5.7175878800e-01,8.4946645576e-01,3.5204213791e-01,4.9742431785e-01,2.1657503728e+00
1.8182979931e+00,2.0695251757e+00,5.7225417099e-01,8.4951927009e-01,3.5185253841e-01,4.9766673167e-01,2.1678911547e+00
1.8198246916e+00,2.0707893781e+00,5.7274916362e-01,8.4957175470e-01,3.5166303484e-01,4.9790871986e-01,2.1700340146e+00
1.8213513902e+00,2.0720543528e+00,5.7324376570e-01,8.4962391035e-01,3.5147362755e-01,4.9815028279e-01,2.1721789569e+00
1.8228780888e+00,2.0733201002e+00,5.7373797702e-01,8.4967573778e-01,3.5128431691e-01,4.9839142087e-01,2.1743259860e+00
1.8244047873e+00,2.0745866208e+00,5.7423179739e-01,8.4972723774e-01,3.5109510325e-01,4.9863213448e-01,2.1764751065e+00
1.8259314859e+00,2.0758539151e+00,5.7472522660e-01,8.4977841098e-01,3.5090598695e-01,4.9887242402e-01,2.1786263229e+00
1.8274581845e+00,2.0771219835e+00,5.7521826446e-01,8.4982925823e-01,3.5071696835e-01,4.9911228987e-01,2.1807796396e+00
1.8289848830e+00,2.0783908265e+00,5.7571091077e-01,8.4987978024e-01,3.5052804780e-01,4.9935173244e-01,2.1829350611e+00
1.8305115816e+00,2.0796604447e+00,5.7620316534e-01,8.4992997775e-01,3.5033922565e-01,4.9959075210e-01,2.1850925920e+00
1.8320382802e+00,2.0809308384e+00,5.7669502798e-01,8.4997985150e-01,3.5015050224e-01,4.9982934925e-01,2.1872522368e+00
1.8335649787e+00,2.0822020081e+00,5.7718649851e-01,8.5002940222e-01,3.4996187792e-01,5.0006752429e-01,2.1894139999e+00
1.8350916773e+00,2.0834739544e+00,5.7767757672e-01,8.5007863064e-01,3.4977335303e-01,5.0030527761e-01,2.1915778860e+00
1.8366183759e+00,2.0847466777e+00,5.7816826244e-01,8.5012753751e-01,3.4958492791e-01,5.0054260960e-01,2.1937438994e+00
1.8381450744e+00,2.0860201784e+00,5.7865855549e-01,8.5017612355e-01,3.4939660289e-01,5.0077952066e-01,2.1959120448e+00
1.8396717730e+00,2.0872944570e+00,5.7914845568e-01,8.5022438949e-01,3.4920837832e-01,5.0101601117e-01,2.1980823267e+00
1.8411984716e+00,2.0885695141e+00,5.7963796282e-01,8.5027233606e-01,3.4902025452e-01,5.0125208154e-01,2.2002547497e+00
1.8427251701e+00,2.0898453501e+00,5.8012707675e-01,8.5031996398e-01,3.4883223183e-01,5.0148773215e-01,2.2024293182e+00
1.8442518687e+00,2.0911219654e+00,5.8061579729e-01,8.5036727399e-01,3.4864431058e-01,5.0172296340e-01,2.2046060368e+00
1.8457785673e+00,2.0923993605e+00,5.8110412425e-01,8.5041426679e-01,3.4845649110e-01,5.0195777569e-01,2.2067849101e+00
1.8473052658e+00,2.0936775360e+00,5.8159205747e-01,8.5046094312e-01,3.4826877371e-01,5.0219216941e-01,2.2089659426e+00
1.8488319644e+00,2.0949564923e+00,5.8207959678e-01,8.5050730370e-01,3.4808115874e-01,5.0242614496e-01,2.2111491389e+00
1.8503586630e+00,2.0962362298e+00,5.8256674201e-01,8.5055334924e-01,3.4789364651e-01,5.0265970273e-01,2.2133345036e+00
1.8518853615e+00,2.0975167491e+00,5.8305349298e-01,8.5059908045e-01,3.4770623734e-01,5.0289284311e-01,2.2155220413e+00
1.8534120601e+00,2.0987980506e+00,5.8353984953e-01,8.5064449806e-01,3.4751893156e-01,5.0312556650e-01,2.2177117564e+00
1.8549387587e+00,2.1000801349e+00,5.8402581150e-01,8.5068960278e-01,3.4733172948e-01,5.0335787330e-01,2.2199036536e+00
1.8564654572e+00,2.1013630023e+00,5.8451137873e-01,8.5073439531e-01,3.4714463141e-01,5.0358976390e-01,2.2220977376e+00
1.8579921558e+00,2.1026466533e+00,5.8499655105e-01,8.5077887637e-01,3.4695763767e-01,5.0382123871e-01,2.2242940128e+00
1.8595188544e+00,2.1039310885e+00,5.8548132831e-01,8.5082304667e-01,3.4677074857e-01,5.0405229810e-01,2.2264924839e+00
1.8610455529e+00,2.1052163084e+00,5.8596571034e-01,8.5086690691e-01,3.4658396442e-01,5.0428294249e-01,2.2286931555e+00
1.8625722515e+00,2.1065023133e+00,5.8644969700e-01,8.5091045780e-01,3.4639728553e-01,5.0451317227e-01,2.2308960322e+00
1.8640989501e+00,2.1077891038e+00,5.8693328812e-01,8.5095370004e-01,3.4621071220e-01,5.0474298784e-01,2.2331011186e+00
1.8656256486e+00,2.1090766803e+00,5.8741648356e-01,8.5099663434e-01,3.4602424475e-01,5.0497238959e-01,2.2353084193e+00
1.8671523472e+00,2.1103650434e+00,5.8789928316e-01,8.5103926139e-01,3.4583788347e-01,5.0520137792e-01,2.2375179390e+00
1.8686790458e+00,2.1116541935e+00,5.8838168678e-01,8.5108158189e-01,3.4565162866e-01,5.0542995323e-01,2.2397296823e+00
1.8702057443e+00,2.1129441311e+00,5.8886369427e-01,8.5112359654e-01,3.4546548063e-01,5.0565811591e-01,2.2419436538e+00
1.8717324429e+00,2.1142348567e+00,5.8934530548e-01,8.5116530604e-01,3.4527943968e-01,5.0588586637e-01,2.2441598582e+00
1.8732591415e+00,2.1155263707e+00,5.8982652027e-01,8.5120671108e-01,3.4509350609e-01,5.0611320500e-01,2.2463783000e+00
1.8747858400e+00,2.1168186737e+00,5.9030733850e-01,8.5124781236e-01,3.4490768016e-01,5.0634013220e-01,2.2485989841e+00
1.8763125386e+00,2.1181117661e+00,5.9078776002e-01,8.5128861055e-01,3.4472196219e-01,5.0656664836e-01,2.2508219149e+00
1.8778392372e+00,2.1194056484e+00,5.9126778471e-01,8.5132910636e-01,3.4453635246e-01,5.0679275390e-01,2.2530470972e+00
1.8793659357e+00,2.1207003211e+00,5.9174741241e-01,8.5136930047e-01,3.4435085127e-01,5.0701844919e-01,2.2552745357e+00
1.8808926343e+00,2.1219957847e+00,5.9222664300e-01,8.5140919357e-01,3.4416545891e-01,5.0724373466e-01,2.2575042349e+00
1.8824193329e+00,2.1232920396e+00,5.9270547634e-01,8.5144878633e-01,3.4398017565e-01,5.0746861069e-01,2.2597361997e+00
1.8839460314e+00,2.1245890864e+00,5.9318391231e-01,8.5148807946e-01,3.4379500178e-01,5.0769307767e-01,2.2619704346e+00
1.8854727300e+00,2.1258869255e+00,5.9366195076e-01,8.5152707362e-01,3.4360993759e-01,5.0791713603e-01,2.2642069444e+00
1.8869994286e+00,2.1271855574e+00,5.9413959157e-01,8.5156576950e-01,3.4342498336e-01,5.0814078614e-01,2.2664457337e+00
1.8885261271e+00,2.1284849826e+00,5.9461683462e-01,8.5160416777e-01,3.4324013936e-01,5.0836402841e-01,2.2686868073e+00
1.8900528257e+00,2.1297852015e+00,5.9509367977e-01,8.5164226912e-01,3.4305540587e-01,5.0858686325e-01,2.2709301698e+00
1.8915795243e+00,2.1310862147e+00,5.9557012691e-01,8.5168007421e-01,3.4287078317e-01,5.0880929104e-01,2.2731758260e+00
1.8931062228e+00,2.1323880227e+00,5.9604617591e-01,8.5171758373e-01,3.4268627154e-01,5.0903131220e-01,2.2754237805e+00
1.8946329214e+00,2.1336906259e+00,5.9652182666e-01,8.5175479835e-01,3.4250187123e-01,5.0925292711e-01,2.2776740382e+00
1.8961596200e+00,2.1349940248e+00,5.9699707902e-01,8.5179171873e-01,3.4231758254e-01,5.0947413619e-01,2.2799266036e+00
1.8976863185e+00,2.1362982199e+00,5.9747193290e-01,8.5182834554e-01,3.4213340571e-01,5.0969493983e-01,2.2821814817e+00
1.8992130171e+00,2.1376032117e+00,5.9794638816e-01,8.5186467946e-01,3.4194934103e-01,5.0991533843e-01,2.2844386770e+00
1.9007397157e+00,2.1389090007e+00,5.9842044469e-01,8.5190072115e-01,3.4176538876e-01,5.1013533239e-01,2.2866981943e+00
1.9022664142e+00,2.1402155873e+00,5.9889410239e-01,8.5193647128e-01,3.4158154916e-01,5.1035492212e-01,2.2889600384e+00
1.9037931128e+00,2.1415229721e+00,5.9936736115e-01,8.5197193051e-01,3.4139782250e-01,5.1057410801e-01,2.2912242140e+00
1.9053198114e+00,2.1428311555e+00,5.9984022084e-01,8.5200709950e-01,3.4121420903e-01,5.1079289047e-01,2.2934907259e+00
1.9068465099e+00,2.1441401381e+00,6.0031268137e-01,8.5204197891e-01,3.4103070901e-01,5.1101126990e-01,2.2957595789e+00
1.9083732085e+00,2.1454499202e+00,6.0078474263e-01,8.5207656940e-01,3.4084732271e-01,5.1122924669e-01,2.2980307776e+00
1.9098999071e+00,2.1467605025e+00,6.0125640452e-01,8.5211087164e-01,3.4066405038e-01,5.1144682125e-01,2.3003043270e+00
1.9114266056e+00,2.1480718853e+00,6.0172766692e-01,8.5214488627e-01,3.4048089228e-01,5.1166399399e-01,2.3025802317e+00
1.9129533042e+00,2.1493840693e+00,6.0219852975e-01,8.5217861395e-01,3.4029784865e-01,5.1188076530e-01,2.3048584966e+00
1.9144800028e+00,2.1506970548e+00,6.0266899290e-01,8.5221205533e-01,3.4011491975e-01,5.1209713558e-01,2.3071391264e+00
1.9160067013e+00,2.1520108423e+00,6.0313905627e-01,8.5224521107e-01,3.3993210584e-01,5.1231310524e-01,2.3094221259e+00
1.9175333999e+00,2.1533254324e+00,6.0360871976e-01,8.5227808182e-01,3.3974940715e-01,5.1252867467e-01,2.3117075000e+00
1.9190600985e+00,2.1546408255e+00,6.0407798329e-01,8.5231066822e-01,3.3956682393e-01,5.1274384429e-01,2.3139952535e+00
1.9205867970e+00,2.1559570222e+00,6.0454684675e-01,8.5234297093e-01,3.3938435644e-01,5.1295861449e-01,2.3162853911e+00
1.9221134956e+00,2.1572740229e+00,6.0501531005e-01,8.5237499058e-01,3.3920200491e-01,5.1317298567e-01,2.3185779177e+00
1.9236401942e+00,2.1585918281e+00,6.0548337312e-01,8.5240672783e-01,3.3901976959e-01,5.1338695825e-01,2.3208728381e+00
1.9251668927e+00,2.1599104383e+00,6.0595103584e-01,8.5243818332e-01,3.3883765071e-01,5.1360053261e-01,2.3231701571e+00
1.9266935913e+00,2.1612298540e+00,6.0641829815e-01,8.5246935769e-01,3.3865564852e-01,5.1381370916e-01,2.3254698796e+00
1.9282202899e+00,2.1625500757e+00,6.0688515994e-01,8.5250025157e-01,3.3847376326e-01,5.1402648831e-01,2.3277720104e+00
1.9297469884e+00,2.1638711039e+00,6.0735162115e-01,8.5253086562e-01,3.3829199516e-01,5.1423887046e-01,2.3300765544e+00
1.9312736870e+00,2.1651929390e+00,6.0781768168e-01,8.5256120046e-01,3.3811034446e-01,5.1445085600e-01,2.3323835164e+00
1.9328003856e+00,2.1665155816e+00,6.0828334145e-01,8.5259125674e-01,3.3792881139e-01,5.1466244535e-01,2.3346929013e+00
1.9343270841e+00,2.1678390321e+00,6.0874860039e-01,8.5262103508e-01,3.3774739617e-01,5.1487363891e-01,2.3370047139e+00
1.9358537827e+00,2.1691632911e+00,6.0921345841e-01,8.5265053613e-01,3.3756609905e-01,5.1508443707e-01,2.3393189591e+00
1.9373804813e+00,2.1704883591e+00,6.0967791544e-01,8.5267976051e-01,3.3738492026e-01,5.1529484025e-01,2.3416356419e+00
1.9389071798e+00,2.1718142365e+00,6.1014197141e-01,8.5270870885e-01,3.3720386001e-01,5.1550484884e-01,2.3439547669e+00
1.9404338784e+00,2.1731409238e+00,6.1060562623e-01,8.5273738179e-01,3.3702291853e-01,5.1571446325e-01,2.3462763393e+00
1.9419605770e+00,2.1744684216e+00,6.1106887985e-01,8.5276577994e-01,3.3684209606e-01,5.1592368389e-01,2.3486003638e+00
1.9434872755e+00,2.1757967302e+00,6.1153173218e-01,8.5279390395e-01,3.3666139281e-01,5.1613251114e-01,2.3509268453e+00
1.9450139741e+00,2.1771258503e+00,6.1199418315e-01,8.5282175443e-01,3.3648080900e-01,5.1634094543e-01,2.3532557888e+00
1.9465406727e+00,2.1784557823e+00,6.1245623271e-01,8.5284933201e-01,3.3630034485e-01,5.1654898715e-01,2.3555871992e+00
1.9480673712e+00,2.1797865267e+00,6.1291788078e-01,8.5287663730e-01,3.3612000060e-01,5.1675663671e-01,2.3579210813e+00
1.9495940698e+00,2.1811180841e+00,6.1337912730e-01,8.5290367094e-01,3.3593977644e-01,5.1696389450e-01,2.3602574402e+00
1.9511207684e+00,2.1824504548e+00,6.1383997220e-01,8.5293043353e-01,3.3575967260e-01,5.1717076094e-01,2.3625962807e+00
1.9526474669e+00,2.1837836394e+00,6.1430041542e-01,8.5295692571e-01,3.3557968929e-01,5.1737723642e-01,2.3649376078e+00
1.9541741655e+00,2.1851176384e+00,6.1476045691e-01,8.5298314808e-01,3.3539982672e-01,5.1758332136e-01,2.3672814264e+00
1.9557008641e+00,2.1864524524e+00,6.1522009660e-01,8.5300910126e-01,3.3522008511e-01,5.1778901615e-01,2.3696277414e+00
1.9572275626e+00,2.1877880817e+00,6.1567933444e-01,8.5303478586e-01,3.3504046467e-01,5.1799432119e-01,2.3719765579e+00
1.9587542612e+00,2.1891245269e+00,6.1613817036e-01,8.5306020251e-01,3.3486096561e-01,5.1819923690e-01,2.3743278808e+00
1.9602809598e+00,2.1904617885e+00,6.1659660432e-01,8.5308535180e-01,3.3468158813e-01,5.1840376368e-01,2.3766817149e+00
1.9618076583e+00,2.1917998669e+00,6.1705463626e-01,8.5311023436e-01,3.3450233243e-01,5.1860790192e-01,2.3790380654e+00
1.9633343569e+00,2.1931387628e+00,6.1751226613e-01,8.5313485078e-01,3.3432319874e-01,5.1881165204e-01,2.3813969372e+00
1.9648610555e+00,2.1944784765e+00,6.1796949388e-01,8.5315920168e-01,3.3414418724e-01,5.1901501444e-01,2.3837583353e+00
1.9663877540e+00,2.1958190087e+00,6.1842631946e-01,8.5318328767e-01,3.3396529815e-01,5.1921798952e-01,2.3861222646e+00
1.9679144526e+00,2.1971603597e+00,6.1888274282e-01,8.5320710934e-01,3.3378653165e-01,5.1942057769e-01,2.3884887302e+00
1.9694411512e+00,2.1985025301e+00,6.1933876392e-01,8.5323066730e-01,3.3360788796e-01,5.1962277934e-01,2.3908577370e+00
1.9709678497e+00,2.1998455204e+00,6.1979438271e-01,8.5325396216e-01,3.3342936726e-01,5.1982459490e-01,2.3932292901e+00
1.9724945483e+00,2.2011893311e+00,6.2024959915e-01,8.5327699451e-01,3.3325096976e-01,5.2002602475e-01,2.3956033945e+00
1.9740212469e+00,2.2025339626e+00,6.2070441319e-01,8.5329976496e-01,3.3307269566e-01,5.2022706930e-01,2.3979800552e+00
1.9755479454e+00,2.2038794156e+00,6.2115882480e-01,8.5332227410e-01,3.3289454514e-01,5.2042772896e-01,2.4003592773e+00
1.9770746440e+00,2.2052256904e+00,6.2161283394e-01,8.5334452253e-01,3.3271651839e-01,5.2062800414e-01,2.4027410656e+00
1.9786013426e+00,2.2065727877e+00,6.2206644056e-01,8.5336651085e-01,3.3253861562e-01,5.2082789523e-01,2.4051254254e+00
1.9801280411e+00,2.2079207078e+00,6.2251964464e-01,8.5338823965e-01,3.3236083701e-01,5.2102740264e-01,2.4075123617e+00
1.9816547397e+00,2.2092694514e+00,6.2297244613e-01,8.5340970952e-01,3.3218318275e-01,5.2122652678e-01,2.4099018794e+00
1.9831814383e+00,2.2106190188e+00,6.2342484501e-01,8.5343092106e-01,3.3200565302e-01,5.2142526804e-01,2.4122939837e+00
1.9847081368e+00,2.2119694106e+00,6.2387684124e-01,8.5345187486e-01,3.3182824802e-01,5.2162362684e-01,2.4146886796e+00
1.9862348354e+00,2.2133206274e+00,6.2432843479e-01,8.5347257150e-01,3.3165096792e-01,5.2182160358e-01,2.4170859722e+00
1.9877615340e+00,2.2146726695e+00,6.2477962562e-01,8.5349301158e-01,3.3147381292e-01,5.2201919866e-01,2.4194858666e+00
1.9892882325e+00,2.2160255376e+00,6.2523041372e-01,8.5351319567e-01,3.3129678319e-01,5.2221641249e-01,2.4218883678e+00
1.9908149311e+00,2.2173792321e+00,6.2568079906e-01,8.5353312438e-01,3.3111987891e-01,5.2241324546e-01,2.4242934809e+00
1.9923416297e+00,2.2187337535e+00,6.2613078161e-01,8.5355279827e-01,3.3094310027e-01,5.2260969800e-01,2.4267012111e+00
1.9938683282e+00,2.2200891024e+00,6.2658036134e-01,8.5357221794e-01,3.3076644745e-01,5.2280577049e-01,2.4291115635e+00
1.9953950268e+00,2.2214452792e+00,6.2702953824e-01,8.5359138397e-01,3.3058992062e-01,5.2300146335e-01,2.4315245430e+00
1.9969217254e+00,2.2228022844e+00,6.2747831227e-01,8.5361029693e-01,3.3041351995e-01,5.2319677698e-01,2.4339401550e+00
1.9984484239e+00,2.2241601186e+00,6.2792668343e-01,8.5362895741e-01,3.3023724563e-01,5.2339171179e-01,2.4363584044e+00
1.9999751225e+00,2.2255187823e+00,6.2837465169e-01,8.5364736599e-01,3.3006109782e-01,5.2358626817e-01,2.4387792964e+00
2.0015018211e+00,2.2268782758e+00,6.2882221704e-01,8.5366552323e-01,3.2988507670e-01,5.2378044653e-01,2.4412028362e+00
2.0030285196e+00,2.2282385999e+00,6.2926937946e-01,8.5368342972e-01,3.2970918244e-01,5.2397424728e-01,2.4436290288e+00
2.0045552182e+00,2.2295997550e+00,6.2971613893e-01,8.5370108604e-01,3.2953341522e-01,5.2416767082e-01,2.4460578795e+00
2.0060819168e+00,2.2309617415e+00,6.3016249544e-01,8.5371849274e-01,3.2935777518e-01,5.2436071756e-01,2.4484893934e+00
2.0076086153e+00,2.2323245600e+00,6.3060844898e-01,8.5373565042e-01,3.2918226252e-01,5.2455338790e-01,2.4509235756e+00
2.0091353139e+00,2.2336882110e+00,6.3105399954e-01,8.5375255963e-01,3.2900687739e-01,5.2474568224e-01,2.4533604313e+00
2.0106620125e+00,2.2350526950e+00,6.3149914710e-01,8.5376922094e-01,3.2883161995e-01,5.2493760099e-01,2.4557999657e+00
2.0121887110e+00,2.2364180126e+00,6.3194389167e-01,8.5378563493e-01,3.2865649038e-01,5.2512914456e-01,2.4582421840e+00
2.0137154096e+00,2.2377841642e+00,6.3238823323e-01,8.5380180217e-01,3.2848148883e-01,5.2532031334e-01,2.4606870913e+00
2.0152421082e+00,2.2391511503e+00,6.3283217177e-01,8.5381772321e-01,3.2830661547e-01,5.2551110774e-01,2.4631346929e+00
2.0167688067e+00,2.2405189714e+00,6.3327570730e-01,8.5383339862e-01,3.2813187045e-01,5.2570152817e-01,2.4655849939e+00
2.0182955053e+00,2.2418876281e+00,6.3371883981e-01,8.5384882897e-01,3.2795725393e-01,5.2589157503e-01,2.4680379996e+00
2.0198222039e+00,2.2432571209e+00,6.3416156929e-01,8.5386401481e-01,3.2778276608e-01,5.2608124873e-01,2.4704937151e+00
2.0213489024e+00,2.2446274502e+00,6.3460389575e-01,8.5387895672e-01,3.2760840705e-01,5.2627054966e-01,2.4729521458e+00
2.0228756010e+00,2.2459986167e+00,6.3504581919e-01,8.5389365524e-01,3.2743417700e-01,5.2645947824e-01,2.4754132967e+00
2.0244022996e+00,2.2473706207e+00,6.3548733961e-01,8.5390811094e-01,3.2726007607e-01,5.2664803486e-01,2.4778771732e+00
2.0259289981e+00,2.2487434628e+00,6.3592845702e-01,8.5392232437e-01,3.2708610443e-01,5.2683621994e-01,2.4803437804e+00
2.0274556967e+00,2.2501171436e+00,6.3636917141e-01,8.5393629610e-01,3.2691226223e-01,5.2702403387e-01,2.4828131237e+00
2.0289823953e+00,2.2514916635e+00,6.3680948279e-01,8.5395002667e-01,3.2673854961e-01,5.2721147706e-01,2.4852852083e+00
2.0305090938e+00,2.2528670230e+00,6.3724939117e-01,8.5396351664e-01,3.2656496672e-01,5.2739854991e-01,2.4877600394e+00
2.0320357924e+00,2.2542432228e+00,6.3768889656e-01,8.5397676656e-01,3.2639151372e-01,5.2758525284e-01,2.4902376223e+00
2.0335624910e+00,2.2556202631e+00,6.3812799897e-01,8.5398977699e-01,3.2621819076e-01,5.2777158623e-01,2.4927179623e+00
2.0350891895e+00,2.2569981447e+00,6.3856669841e-01,8.5400254847e-01,3.2604499797e-01,5.2795755050e-01,2.4952010647e+00
2.0366158881e+00,2.2583768680e+00,6.3900499489e-01,8.5401508155e-01,3.2587193551e-01,5.2814314604e-01,2.4976869347e+00
2.0381425867e+00,2.2597564335e+00,6.3944288842e-01,8.5402737679e-01,3.2569900352e-01,5.2832837327e-01,2.5001755776e+00
2.0396692852e+00,2.2611368417e+00,6.3988037901e-01,8.5403943473e-01,3.2552620214e-01,5.2851323259e-01,2.5026669988e+00
2.0411959838e+00,2.2625180931e+00,6.4031746670e-01,8.5405125591e-01,3.2535353151e-01,5.2869772440e-01,2.5051612036e+00
2.0427226824e+00,2.2639001883e+00,6.4075415148e-01,8.5406284087e-01,3.2518099178e-01,5.2888184910e-01,2.5076581972e+00
2.0442493809e+00,2.2652831278e+00,6.4119043338e-01,8.5407419017e-01,3.2500858308e-01,5.2906560710e-01,2.5101579851e+00
2.0457760795e+00,2.2666669121e+00,6.4162631242e-01,8.5408530435e-01,3.2483630555e-01,5.2924899879e-01,2.5126605724e+00
2.0473027781e+00,2.2680515417e+00,6.4206178861e-01,8.5409618394e-01,3.2466415934e-01,5.2943202460e-01,2.5151659646e+00
2.0488294766e+00,2.2694370171e+00,6.4249686199e-01,8.5410682949e-01,3.2449214457e-01,5.2961468491e-01,2.5176741670e+00
2.0503561752e+00,2.2708233389e+00,6.4293153257e-01,8.5411724153e-01,3.2432026139e-01,5.2979698013e-01,2.5201851849e+00
2.0518828738e+00,2.2722105075e+00,6.4336580037e-01,8.5412742060e-01,3.2414850993e-01,5.2997891067e-01,2.5226990238e+00
2.0534095723e+00,2.2735985235e+00,6.4379966543e-01,8.5413736724e-01,3.2397689031e-01,5.3016047693e-01,2.5252156889e+00
2.0549362709e+00,2.2749873873e+00,6.4423312776e-01,8.5414708199e-01,3.2380540268e-01,5.3034167931e-01,2.5277351856e+00
2.0564629695e+00,2.2763770996e+00,6.4466618740e-01,8.5415656537e-01,3.2363404716e-01,5.3052251821e-01,2.5302575194e+00
2.0579896680e+00,2.2777676608e+00,6.4509884437e-01,8.5416581793e-01,3.2346282389e-01,5.3070299404e-01,2.5327826955e+00
2.0595163666e+00,2.2791590715e+00,6.4553109871e-01,8.5417484019e-01,3.2329173299e-01,5.3088310720e-01,2.5353107195e+00
2.0610430652e+00,2.2805513321e+00,6.4596295045e-01,8.5418363268e-01,3.2312077459e-01,5.3106285809e-01,2.5378415966e+00
2.0625697637e+00,2.2819444432e+00,6.4639439961e-01,8.5419219594e-01,3.2294994882e-01,5.3124224712e-01,2.5403753323e+00
2.0640964623e+00,2.2833384053e+00,6.4682544624e-01,8.5420053049e-01,3.2277925580e-01,5.3142127469e-01,2.5429119321e+00
2.0656231609e+00,2.2847332190e+00,6.4725609036e-01,8.5420863686e-01,3.2260869566e-01,5.3159994120e-01,2.5454514013e+00
2.0671498594e+00,2.2861288847e+00,6.4768633201e-01,8.5421651559e-01,3.2243826853e-01,5.3177824706e-01,2.5479937453e+00
2.0686765580e+00,2.2875254029e+00,6.4811617123e-01,8.5422416718e-01,3.2226797452e-01,5.3195619266e-01,2.5505389696e+00
2.0702032566e+00,2.2889227742e+00,6.4854560806e-01,8.5423159217e-01,3.2209781376e-01,5.3213377842e-01,2.5530870797e+00
2.0717299551e+00,2.2903209992e+00,6.4897464253e-01,8.5423879108e-01,3.2192778636e-01,5.3231100472e-01,2.5556380809e+00
2.0732566537e+00,2.2917200782e+00,6.4940327469e-01,8.5424576444e-01,3.2175789246e-01,5.3248787198e-01,2.5581919788e+00
2.0747833523e+00,2.2931200120e+00,6.4983150458e-01,8.5425251276e-01,3.2158813216e-01,5.3266438060e-01,2.5607487788e+00
2.0763100508e+00,2.2945208009e+00,6.5025933224e-01,8.5425903656e-01,3.2141850558e-01,5.3284053097e-01,2.5633084863e+00
2.0778367494e+00,2.2959224454e+00,6.5068675771e-01,8.5426533636e-01,3.2124901285e-01,5.3301632351e-01,2.5658711069e+00
2.0793634480e+00,2.2973249462e+00,6.5111378104e-01,8.5427141269e-01,3.2107965408e-01,5.3319175861e-01,2.5684366461e+00
2.0808901465e+00,2.2987283038e+00,6.5154040228e-01,8.5427726605e-01,3.2091042937e-01,5.3336683668e-01,2.5710051092e+00
2.0824168451e+00,2.3001325186e+00,6.5196662147e-01,8.5428289696e-01,3.2074133885e-01,5.3354155811e-01,2.5735765019e+00
2.0839435437e+00,2.3015375912e+00,6.5239243866e-01,8.5428830595e-01,3.2057238263e-01,5.3371592331e-01,2.5761508297e+00
2.0854702422e+00,2.3029435221e+00,6.5281785390e-01,8.5429349351e-01,3.2040356082e-01,5.3388993268e-01,2.5787280979e+00
2.0869969408e+00,2.3043503118e+00,6.5324286725e-01,8.5429846016e-01,3.2023487354e-01,5.3406358663e-01,2.5813083123e+00
2.0885236394e+00,2.3057579609e+00,6.5366747874e-01,8.5430320642e-01,3.2006632088e-01,5.3423688555e-01,2.5838914783e+00
2.0900503379e+00,2.3071664699e+00,6.5409168844e-01,8.5430773280e-01,3.1989790296e-01,5.3440982984e-01,2.5864776014e+00
2.0915770365e+00,2.3085758393e+00,6.5451549640e-01,8.5431203980e-01,3.1972961989e-01,5.3458241991e-01,2.5890666872e+00
2.0931037351e+00,2.3099860696e+00,6.5493890267e-01,8.5431612793e-01,3.1956147177e-01,5.3475465616e-01,2.5916587412e+00
2.0946304336e+00,2.3113971614e+00,6.5536190731e-01,8.5431999770e-01,3.1939345872e-01,5.3492653899e-01,2.5942537690e+00
2.0961571322e+00,2.3128091151e+00,6.5578451038e-01,8.5432364962e-01,3.1922558083e-01,5.3509806879e-01,2.5968517762e+00
2.0976838308e+00,2.3142219314e+00,6.5620671193e-01,8.5432708419e-01,3.1905783821e-01,5.3526924598e-01,2.5994527683e+00
2.0992105293e+00,2.3156356108e+00,6.5662851202e-01,8.5433030191e-01,3.1889023096e-01,5.3544007095e-01,2.6020567509e+00
2.1007372279e+00,2.3170501537e+00,6.5704991072e-01,8.5433330329e-01,3.1872275919e-01,5.3561054411e-01,2.6046637297e+00
2.1022639265e+00,2.3184655607e+00,6.5747090809e-01,8.5433608883e-01,3.1855542299e-01,5.3578066584e-01,2.6072737101e+00
2.1037906250e+00,2.3198818323e+00,6.5789150418e-01,8.5433865903e-01,3.1838822247e-01,5.3595043656e-01,2.6098866979e+00
2.1053173236e+00,2.3212989691e+00,6.5831169907e-01,8.5434101439e-01,3.1822115773e-01,5.3611985667e-01,2.6125026986e+00
2.1068440222e+00,2.3227169715e+00,6.5873149281e-01,8.5434315541e-01,3.1805422886e-01,5.3628892656e-01,2.6151217178e+00
2.1083707207e+00,2.3241358402e+00,6.5915088547e-01,8.5434508259e-01,3.1788743596e-01,5.3645764663e-01,2.6177437612e+00
2.1098974193e+00,2.3255555756e+00,6.5956987712e-01,8.5434679642e-01,3.1772077913e-01,5.3662601729e-01,2.6203688344e+00
2.1114241179e+00,2.3269761782e+00,6.5998846783e-01,8.5434829740e-01,3.1755425847e-01,5.3679403893e-01,2.6229969431e+00
2.1129508164e+00,2.3283976487e+00,6.6040665766e-01,8.5434958603e-01,3.1738787407e-01,5.3696171196e-01,2.6256280928e+00
2.1144775150e+00,2.3298199875e+00,6.6082444668e-01,8.5435066279e-01,3.1722162601e-01,5.3712903678e-01,2.6282622893e+00
2.1160042136e+00,2.3312431951e+00,6.6124183497e-01,8.5435152818e-01,3.1705551441e-01,5.3729601377e-01,2.6308995383e+00
2.1175309121e+00,2.3326672722e+00,6.6165882260e-01,8.5435218270e-01,3.1688953934e-01,5.3746264336e-01,2.6335398453e+00
2.1190576107e+00,2.3340922191e+00,6.6207540964e-01,8.5435262683e-01,3.1672370091e-01,5.3762892592e-01,2.6361832161e+00
2.1205843093e+00,2.3355180366e+00,6.6249159616e-01,8.5435286106e-01,3.1655799919e-01,5.3779486187e-01,2.6388296564e+00
2.1221110078e+00,2.3369447250e+00,6.6290738224e-01,8.5435288589e-01,3.1639243428e-01,5.3796045160e-01,2.6414791718e+00
2.1236377064e+00,2.3383722849e+00,6.6332276796e-01,8.5435270179e-01,3.1622700627e-01,5.3812569552e-01,2.6441317681e+00
2.1251644050e+00,2.3398007168e+00,6.6373775338e-01,8.5435230926e-01,3.1606171525e-01,5.3829059401e-01,2.6467874510e+00
2.1266911036e+00,2.3412300214e+00,6.6415233860e-01,8.5435170878e-01,3.1589656130e-01,5.3845514748e-01,2.6494462262e+00
2.1282178021e+00,2.3426601990e+00,6.6456652369e-01,8.5435090084e-01,3.1573154450e-01,5.3861935633e-01,2.6521080994e+00
2.1297445007e+00,2.3440912503e+00,6.6498030872e-01,8.5434988591e-01,3.1556666495e-01,5.3878322096e-01,2.6547730764e+00
2.1312711993e+00,2.3455231758e+00,6.6539369379e-01,8.5434866449e-01,3.1540192273e-01,5.3894674176e-01,2.6574411629e+00
2.1327978978e+00,2.3469559760e+00,6.6580667896e-01,8.5434723706e-01,3.1523731792e-01,5.3910991913e-01,2.6601123646e+00
2.1343245964e+00,2.3483896514e+00,6.6621926433e-01,8.5434560408e-01,3.1507285061e-01,5.3927275348e-01,2.6627866874e+00
2.1358512950e+00,2.3498242027e+00,6.6663144999e-01,8.5434376606e-01,3.1490852086e-01,5.3943524520e-01,2.6654641370e+00
2.1373779935e+00,2.3512596302e+00,6.6704323600e-01,8.5434172346e-01,3.1474432878e-01,5.3959739468e-01,2.6681447191e+00
2.1389046921e+00,2.3526959346e+00,6.6745462246e-01,8.5433947676e-01,3.1458027443e-01,5.3975920233e-01,2.6708284396e+00
2.1404313907e+00,2.3541331164e+00,6.6786560947e-01,8.5433702644e-01,3.1441635789e-01,5.3992066854e-01,2.6735153042e+00
2.1419580892e+00,2.3555711761e+00,6.6827619709e-01,8.5433437297e-01,3.1425257925e-01,5.4008179372e-01,2.6762053188e+00
2.1434847878e+00,2.3570101143e+00,6.6868638543e-01,8.5433151683e-01,3.1408893858e-01,5.4024257825e-01,2.6788984891e+00
2.1450114864e+00,2.3584499315e+00,6.6909617457e-01,8.5432845850e-01,3.1392543596e-01,5.4040302254e-01,2.6815948210e+00
2.1465381849e+00,2.3598906282e+00,6.6950556461e-01,8.5432519844e-01,3.1376207146e-01,5.4056312698e-01,2.6842943203e+00
2.1480648835e+00,2.3613322050e+00,6.6991455564e-01,8.5432173713e-01,3.1359884516e-01,5.4072289197e-01,2.6869969928e+00
2.1495915821e+00,2.3627746623e+00,6.7032314774e-01,8.5431807504e-01,3.1343575713e-01,5.4088231791e-01,2.6897028443e+00
2.1511182806e+00,2.3642180009e+00,6.7073134102e-01,8.5431421264e-01,3.1327280745e-01,5.4104140519e-01,2.6924118808e+00
2.1526449792e+00,2.3656622211e+00,6.7113913556e-01,8.5431015040e-01,3.1310999619e-01,5.4120015421e-01,2.6951241081e+00
2.1541716778e+00,2.3671073236e+00,6.7154653147e-01,8.5430588879e-01,3.1294732341e-01,5.4135856538e-01,2.6978395319e+00
2.1556983763e+00,2.3685533088e+00,6.7195352883e-01,8.5430142827e-01,3.1278478920e-01,5.4151663907e-01,2.7005581583e+00
2.1572250749e+00,2.3700001773e+00,6.7236012776e-01,8.5429676931e-01,3.1262239362e-01,5.4167437569e-01,2.7032799931e+00
2.1587517735e+00,2.3714479297e+00,6.7276632834e-01,8.5429191238e-01,3.1246013674e-01,5.4183177564e-01,2.7060050421e+00
2.1602784720e+00,2.3728965664e+00,6.7317213067e-01,8.5428685794e-01,3.1229801862e-01,5.4198883931e-01,2.7087333114e+00
2.1618051706e+00,2.3743460881e+00,6.7357753486e-01,8.5428160645e-01,3.1213603935e-01,5.4214556710e-01,2.7114648067e+00
2.1633318692e+00,2.3757964952e+00,6.7398254101e-01,8.5427615838e-01,3.1197419898e-01,5.4230195940e-01,2.7141995340e+00
2.1648585677e+00,2.3772477883e+00,6.7438714921e-01,8.5427051419e-01,3.1181249757e-01,5.4245801662e-01,2.7169374992e+00
2.1663852663e+00,2.3786999680e+00,6.7479135958e-01,8.5426467434e-01,3.1165093521e-01,5.4261373913e-01,2.7196787083e+00
2.1679119649e+00,2.3801530348e+00,6.7519517222e-01,8.5425863928e-01,3.1148951194e-01,5.4276912735e-01,2.7224231671e+00
2.1694386634e+00,2.3816069892e+00,6.7559858722e-01,8.5425240949e-01,3.1132822783e-01,5.4292418165e-01,2.7251708817e+00
2.1709653620e+00,2.3830618317e+00,6.7600160470e-01,8.5424598541e-01,3.1116708296e-01,5.4307890245e-01,2.7279218580e+00
2.1724920606e+00,2.3845175630e+00,6.7640422477e-01,8.5423936751e-01,3.1100607737e-01,5.4323329014e-01,2.7306761020e+00
2.1740187591e+00,2.3859741836e+00,6.7680644753e-01,8.5423255623e-01,3.1084521113e-01,5.4338734510e-01,2.7334336196e+00
2.1755454577e+00,2.3874316939e+00,6.7720827309e-01,8.5422555204e-01,3.1068448430e-01,5.4354106773e-01,2.7361944167e+00
2.1770721563e+00,2.3888900946e+00,6.7760970155e-01,8.5421835538e-01,3.1052389695e-01,5.4369445844e-01,2.7389584995e+00
2.1785988548e+00,2.3903493861e+00,6.7801073304e-01,8.5421096672e-01,3.1036344912e-01,5.4384751760e-01,2.7417258739e+00
2.1801255534e+00,2.3918095691e+00,6.7841136766e-01,8.5420338651e-01,3.1020314089e-01,5.4400024562e-01,2.7444965459e+00
2.1816522520e+00,2.3932706441e+00,6.7881160552e-01,8.5419561519e-01,3.1004297230e-01,5.4415264289e-01,2.7472705215e+00
2.1831789505e+00,2.3947326116e+00,6.7921144674e-01,8.5418765322e-01,3.0988294341e-01,5.4430470981e-01,2.7500478068e+00
2.1847056491e+00,2.3961954722e+00,6.7961089143e-01,8.5417950104e-01,3.0972305429e-01,5.4445644676e-01,2.7528284077e+00
2.1862323477e+00,2.3976592263e+00,6.8000993971e-01,8.5417115912e-01,3.0956330498e-01,5.4460785414e-01,2.7556123304e+00
2.1877590462e+00,2.3991238747e+00,6.8040859168e-01,8.5416262788e-01,3.0940369554e-01,5.4475893234e-01,2.7583995808e+00
2.1892857448e+00,2.4005894177e+00,6.8080684748e-01,8.5415390779e-01,3.0924422602e-01,5.4490968176e-01,2.7611901651e+00
2.1908124434e+00,2.4020558560e+00,6.8120470721e-01,8.5414499928e-01,3.0908489649e-01,5.4506010279e-01,2.7639840892e+00
2.1923391419e+00,2.4035231901e+00,6.8160217099e-01,8.5413590281e-01,3.0892570698e-01,5.4521019583e-01,2.7667813593e+00
2.1938658405e+00,2.4049914205e+00,6.8199923894e-01,8.5412661881e-01,3.0876665756e-01,5.4535996125e-01,2.7695819815e+00
2.1953925391e+00,2.4064605478e+00,6.8239591119e-01,8.5411714774e-01,3.0860774827e-01,5.4550939947e-01,2.7723859618e+00
2.1969192376e+00,2.4079305726e+00,6.8279218785e-01,8.5410749002e-01,3.0844897916e-01,5.4565851086e-01,2.7751933063e+00
2.1984459362e+00,2.4094014953e+00,6.8318806905e-01,8.5409764612e-01,3.0829035029e-01,5.4580729583e-01,2.7780040213e+00
2.1999726348e+00,2.4108733166e+00,6.8358355491e-01,8.5408761646e-01,3.0813186170e-01,5.4595575476e-01,2.7808181126e+00
2.2014993333e+00,2.4123460370e+00,6.8397864554e-01,8.5407740148e-01,3.0797351344e-01,5.4610388804e-01,2.7836355866e+00
2.2030260319e+00,2.4138196570e+00,6.8437334108e-01,8.5406700164e-01,3.0781530556e-01,5.4625169608e-01,2.7864564494e+00
2.2045527305e+00,2.4152941772e+00,6.8476764166e-01,8.5405641735e-01,3.0765723811e-01,5.4639917925e-01,2.7892807070e+00
2.2060794290e+00,2.4167695981e+00,6.8516154739e-01,8.5404564907e-01,3.0749931113e-01,5.4654633794e-01,2.7921083656e+00
2.2076061276e+00,2.4182459203e+00,6.8555505840e-01,8.5403469723e-01,3.0734152466e-01,5.4669317256e-01,2.7949394315e+00
2.2091328262e+00,2.4197231444e+00,6.8594817483e-01,8.5402356226e-01,3.0718387876e-01,5.4683968350e-01,2.7977739107e+00
2.2106595247e+00,2.4212012708e+00,6.8634089679e-01,8.5401224460e-01,3.0702637347e-01,5.4698587113e-01,2.8006118095e+00
2.2121862233e+00,2.4226803001e+00,6.8673322443e-01,8.5400074468e-01,3.0686900882e-01,5.4713173585e-01,2.8034531340e+00
2.2137129219e+00,2.4241602330e+00,6.8712515786e-01,8.5398906293e-01,3.0671178487e-01,5.4727727806e-01,2.8062978905e+00
2.2152396204e+00,2.4256410699e+00,6.8751669723e-01,8.5397719980e-01,3.0655470165e-01,5.4742249815e-01,2.8091460851e+00
2.2167663190e+00,2.4271228114e+00,6.8790784266e-01,8.5396515571e-01,3.0639775921e-01,5.4756739649e-01,2.8119977241e+00
2.2182930176e+00,2.4286054580e+00,6.8829859428e-01,8.5395293108e-01,3.0624095759e-01,5.4771197349e-01,2.8148528136e+00
2.2198197161e+00,2.4300890103e+00,6.8868895223e-01,8.5394052636e-01,3.0608429683e-01,5.4785622953e-01,2.8177113600e+00
2.2213464147e+00,2.4315734689e+00,6.8907891664e-01,8.5392794197e-01,3.0592777696e-01,5.4800016500e-01,2.8205733695e+00
2.2228731133e+00,2.4330588343e+00,6.8946848765e-01,8.5391517833e-01,3.0577139803e-01,5.4814378030e-01,2.8234388483e+00
2.2243998118e+00,2.4345451071e+00,6.8985766539e-01,8.5390223588e-01,3.0561516007e-01,5.4828707581e-01,2.8263078027e+00
2.2259265104e+00,2.4360322877e+00,6.9024645001e-01,8.5388911504e-01,3.0545906313e-01,5.4843005191e-01,2.8291802389e+00
2.2274532090e+00,2.4375203768e+00,6.9063484163e-01,8.5387581623e-01,3.0530310723e-01,5.4857270900e-01,2.8320561632e+00
2.2289799075e+00,2.4390093750e+00,6.9102284039e-01,8.5386233989e-01,3.0514729241e-01,5.4871504748e-01,2.8349355820e+00
2.2305066061e+00,2.4404992827e+00,6.9141044644e-01,8.5384868643e-01,3.0499161872e-01,5.4885706771e-01,2.8378185015e+00
2.2320333047e+00,2.4419901006e+00,6.9179765992e-01,8.5383485628e-01,3.0483608618e-01,5.4899877010e-01,2.8407049280e+00
2.2335600032e+00,2.4434818291e+00,6.9218448095e-01,8.5382084987e-01,3.0468069483e-01,5.4914015503e-01,2.8435948679e+00
2.2350867018e+00,2.4449744689e+00,6.9257090970e-01,8.5380666760e-01,3.0452544471e-01,5.4928122289e-01,2.8464883274e+00
2.2366134004e+00,2.4464680205e+00,6.9295694629e-01,8.5379230991e-01,3.0437033584e-01,5.4942197407e-01,2.8493853130e+00
2.2381400989e+00,2.4479624845e+00,6.9334259088e-01,8.5377777721e-01,3.0421536826e-01,5.4956240896e-01,2.8522858309e+00
2.2396667975e+00,2.4494578614e+00,6.9372784360e-01,8.5376306992e-01,3.0406054199e-01,5.4970252793e-01,2.8551898874e+00
2.2411934961e+00,2.4509541517e+00,6.9411270460e-01,8.5374818847e-01,3.0390585708e-01,5.4984233138e-01,2.8580974891e+00
2.2427201946e+00,2.4524513561e+00,6.9449717402e-01,8.5373313326e-01,3.0375131355e-01,5.4998181970e-01,2.8610086422e+00
2.2442468932e+00,2.4539494751e+00,6.9488125201e-01,8.5371790471e-01,3.0359691143e-01,5.5012099328e-01,2.8639233531e+00
2.2457735918e+00,2.4554485092e+00,6.9526493872e-01,8.5370250324e-01,3.0344265076e-01,5.5025985249e-01,2.8668416282e+00
2.2473002903e+00,2.4569484590e+00,6.9564823430e-01,8.5368692927e-01,3.0328853155e-01,5.5039839772e-01,2.8697634739e+00
2.2488269889e+00,2.4584493252e+00,6.9603113889e-01,8.5367118321e-01,3.0313455384e-01,5.5053662937e-01,2.8726888966e+00
2.2503536875e+00,2.4599511081e+00,6.9641365264e-01,8.5365526547e-01,3.0298071765e-01,5.5067454782e-01,2.8756179027e+00
2.2518803860e+00,2.4614538084e+00,6.9679577570e-01,8.5363917646e-01,3.0282702301e-01,5.5081215345e-01,2.8785504987e+00
2.2534070846e+00,2.4629574267e+00,6.9717750822e-01,8.5362291660e-01,3.0267346996e-01,5.5094944665e-01,2.8814866910e+00
2.2549337832e+00,2.4644619634e+00,6.9755885036e-01,8.5360648630e-01,3.0252005850e-01,5.5108642780e-01,2.8844264861e+00
2.2564604817e+00,2.4659674193e+00,6.9793980226e-01,8.5358988597e-01,3.0236678868e-01,5.5122309729e-01,2.8873698903e+00
2.2579871803e+00,2.4674737948e+00,6.9832036408e-01,8.5357311601e-01,3.0221366050e-01,5.5135945551e-01,2.8903169103e+00
2.2595138789e+00,2.4689810904e+00,6.9870053597e-01,8.5355617684e-01,3.0206067400e-01,5.5149550284e-01,2.8932675523e+00
2.2610405774e+00,2.4704893069e+00,6.9908031809e-01,8.5353906886e-01,3.0190782920e-01,5.5163123966e-01,2.8962218230e+00
2.2625672760e+00,2.4719984446e+00,6.9945971058e-01,8.5352179248e-01,3.0175512613e-01,5.5176666636e-01,2.8991797288e+00
2.2640939746e+00,2.4735085043e+00,6.9983871361e-01,8.5350434811e-01,3.0160256480e-01,5.5190178332e-01,2.9021412762e+00
2.2656206731e+00,2.4750194863e+00,7.0021732734e-01,8.5348673615e-01,3.0145014523e-01,5.5203659093e-01,2.9051064718e+00
2.2671473717e+00,2.4765313914e+00,7.0059555191e-01,8.5346895701e-01,3.0129786745e-01,5.5217108956e-01,2.9080753220e+00
2.2686740703e+00,2.4780442201e+00,7.0097338749e-01,8.5345101109e-01,3.0114573147e-01,5.5230527962e-01,2.9110478334e+00
2.2702007688e+00,2.4795579728e+00,7.0135083423e-01,8.5343289879e-01,3.0099373733e-01,5.5243916146e-01,2.9140240126e+00
2.2717274674e+00,2.4810726503e+00,7.0172789230e-01,8.5341462052e-01,3.0084188503e-01,5.5257273549e-01,2.9170038660e+00
2.2732541660e+00,2.4825882531e+00,7.0210456186e-01,8.5339617668e-01,3.0069017459e-01,5.5270600209e-01,2.9199874003e+00
2.2747808645e+00,2.4841047817e+00,7.0248084306e-01,8.5337756766e-01,3.0053860603e-01,5.5283896163e-01,2.9229746220e+00
2.2763075631e+00,2.4856222366e+00,7.0285673606e-01,8.5335879387e-01,3.0038717938e-01,5.5297161449e-01,2.9259655377e+00
2.2778342617e+00,2.4871406186e+00,7.0323224103e-01,8.5333985571e-01,3.0023589464e-01,5.5310396107e-01,2.9289601540e+00
2.2793609602e+00,2.4886599280e+00,7.0360735814e-01,8.5332075358e-01,3.0008475183e-01,5.5323600175e-01,2.9319584776e+00
2.2808876588e+00,2.4901801656e+00,7.0398208754e-01,8.5330148787e-01,2.9993375097e-01,5.5336773690e-01,2.9349605149e+00
2.2824143574e+00,2.4917013318e+00,7.0435642939e-01,8.5328205898e-01,2.9978289208e-01,5.5349916690e-01,2.9379662726e+00
2.2839410559e+00,2.4932234273e+00,7.0473038387e-01,8.5326246731e-01,2.9963217516e-01,5.5363029215e-01,2.9409757574e+00
2.2854677545e+00,2.4947464525e+00,7.0510395114e-01,8.5324271325e-01,2.9948160024e-01,5.5376111301e-01,2.9439889759e+00
2.2869944531e+00,2.4962704081e+00,7.0547713136e-01,8.5322279720e-01,2.9933116732e-01,5.5389162988e-01,2.9470059347e+00
2.2885211516e+00,2.4977952947e+00,7.0584992470e-01,8.5320271954e-01,2.9918087642e-01,5.5402184312e-01,2.9500266405e+00
2.2900478502e+00,2.4993211127e+00,7.0622233133e-01,8.5318248069e-01,2.9903072755e-01,5.5415175313e-01,2.9530511001e+00
2.2915745488e+00,2.5008478628e+00,7.0659435142e-01,8.5316208102e-01,2.9888072073e-01,5.5428136029e-01,2.9560793199e+00
2.2931012473e+00,2.5023755456e+00,7.0696598513e-01,8.5314152093e-01,2.9873085596e-01,5.5441066497e-01,2.9591113068e+00
2.2946279459e+00,2.5039041615e+00,7.0733723264e-01,8.5312080081e-01,2.9858113326e-01,5.5453966755e-01,2.9621470675e+00
2.2961546445e+00,2.5054337113e+00,7.0770809411e-01,8.5309992105e-01,2.9843155263e-01,5.5466836841e-01,2.9651866086e+00
2.2976813430e+00,2.5069641954e+00,7.0807856972e-01,8.5307888203e-01,2.9828211409e-01,5.5479676794e-01,2.9682299369e+00
2.2992080416e+00,2.5084956144e+00,7.0844865964e-01,8.5305768416e-01,2.9813281765e-01,5.5492486651e-01,2.9712770591e+00
2.3007347402e+00,2.5100279689e+00,7.0881836403e-01,8.5303632781e-01,2.9798366330e-01,5.5505266451e-01,2.9743279819e+00
2.3022614387e+00,2.5115612595e+00,7.0918768308e-01,8.5301481338e-01,2.9783465107e-01,5.5518016230e-01,2.9773827122e+00
2.3037881373e+00,2.5130954867e+00,7.0955661695e-01,8.5299314124e-01,2.9768578097e-01,5.5530736028e-01,2.9804412566e+00
2.3053148359e+00,2.5146306511e+00,7.0992516582e-01,8.5297131179e-01,2.9753705298e-01,5.5543425881e-01,2.9835036219e+00
2.3068415344e+00,2.5161667533e+00,7.1029332987e-01,8.5294932542e-01,2.9738846713e-01,5.5556085828e-01,2.9865698149e+00
2.3083682330e+00,2.5177037938e+00,7.1066110927e-01,8.5292718249e-01,2.9724002343e-01,5.5568715907e-01,2.9896398425e+00
2.3098949316e+00,2.5192417733e+00,7.1102850419e-01,8.5290488341e-01,2.9709172186e-01,5.5581316155e-01,2.9927137113e+00
2.3114216301e+00,2.5207806922e+00,7.1139551481e-01,8.5288242855e-01,2.9694356245e-01,5.5593886609e-01,2.9957914282e+00
2.3129483287e+00,2.5223205513e+00,7.1176214131e-01,8.5285981829e-01,2.9679554519e-01,5.5606427309e-01,2.9988730001e+00
2.3144750273e+00,2.5238613510e+00,7.1212838387e-01,8.5283705301e-01,2.9664767010e-01,5.5618938292e-01,3.0019584337e+00
2.3160017258e+00,2.5254030919e+00,7.1249424266e-01,8.5281413311e-01,2.9649993716e-01,5.5631419594e-01,3.0050477359e+00
2.3175284244e+00,2.5269457746e+00,7.1285971787e-01,8.5279105895e-01,2.9635234640e-01,5.5643871255e-01,3.0081409136e+00
2.3190551230e+00,2.5284893997e+00,7.1322480967e-01,8.5276783091e-01,2.9620489780e-01,5.5656293311e-01,3.0112379736e+00
2.3205818215e+00,2.5300339677e+00,7.1358951825e-01,8.5274444938e-01,2.9605759137e-01,5.5668685801e-01,3.0143389228e+00
2.3221085201e+00,2.5315794792e+00,7.1395384378e-01,8.5272091473e-01,2.9591042712e-01,5.5681048761e-01,3.0174437681e+00
2.3236352187e+00,2.5331259349e+00,7.1431778645e-01,8.5269722734e-01,2.9576340504e-01,5.5693382230e-01,3.0205525164e+00
2.3251619172e+00,2.5346733352e+00,7.1468134644e-01,8.5267338759e-01,2.9561652514e-01,5.5705686245e-01,3.0236651745e+00
2.3266886158e+00,2.5362216808e+00,7.1504452393e-01,8.5264939584e-01,2.9546978741e-01,5.5717960844e-01,3.0267817494e+00
2.3282153144e+00,2.5377709722e+00,7.1540731911e-01,8.5262525249e-01,2.9532319185e-01,5.5730206063e-01,3.0299022481e+00
2.3297420129e+00,2.5393212100e+00,7.1576973215e-01,8.5260095789e-01,2.9517673847e-01,5.5742421942e-01,3.0330266773e+00
2.3312687115e+00,2.5408723949e+00,7.1613176325e-01,8.5257651243e-01,2.9503042727e-01,5.5754608516e-01,3.0361550442e+00
2.3327954101e+00,2.5424245272e+00,7.1649341259e-01,8.5255191648e-01,2.9488425823e-01,5.5766765825e-01,3.0392873556e+00
2.3343221086e+00,2.5439776077e+00,7.1685468035e-01,8.5252717040e-01,2.9473823136e-01,5.5778893904e-01,3.0424236186e+00
2.3358488072e+00,2.5455316370e+00,7.1721556673e-01,8.5250227458e-01,2.9459234666e-01,5.5790992792e-01,3.0455638401e+00
2.3373755058e+00,2.5470866155e+00,7.1757607190e-01,8.5247722938e-01,2.9444660413e-01,5.5803062526e-01,3.0487080270e+00
2.3389022043e+00,2.5486425440e+00,7.1793619606e-01,8.5245203517e-01,2.9430100375e-01,5.5815103143e-01,3.0518561864e+00
2.3404289029e+00,2.5501994229e+00,7.1829593940e-01,8.5242669233e-01,2.9415554553e-01,5.5827114680e-01,3.0550083253e+00
2.3419556015e+00,2.5517572528e+00,7.1865530209e-01,8.5240120121e-01,2.9401022946e-01,5.5839097176e-01,3.0581644508e+00
2.3434823000e+00,2.5533160344e+00,7.1901428434e-01,8.5237556220e-01,2.9386505553e-01,5.5851050666e-01,3.0613245698e+00
2.3450089986e+00,2.5548757682e+00,7.1937288633e-01,8.5234977565e-01,2.9372002375e-01,5.5862975190e-01,3.0644886893e+00
2.3465356972e+00,2.5564364547e+00,7.1973110826e-01,8.5232384193e-01,2.9357513411e-01,5.5874870783e-01,3.0676568166e+00
2.3480623957e+00,2.5579980946e+00,7.2008895030e-01,8.5229776142e-01,2.9343038659e-01,5.5886737483e-01,3.0708289585e+00
2.3495890943e+00,2.5595606885e+00,7.2044641266e-01,8.5227153447e-01,2.9328578119e-01,5.5898575328e-01,3.0740051222e+00
2.3511157929e+00,2.5611242369e+00,7.2080349553e-01,8.5224516144e-01,2.9314131791e-01,5.5910384353e-01,3.0771853148e+00
2.3526424914e+00,2.5626887405e+00,7.2116019910e-01,8.5221864272e-01,2.9299699674e-01,5.5922164598e-01,3.0803695433e+00
2.3541691900e+00,2.5642541997e+00,7.2151652356e-01,8.5219197864e-01,2.9285281766e-01,5.5933916098e-01,3.0835578149e+00
2.3556958886e+00,2.5658206152e+00,7.2187246911e-01,8.5216516959e-01,2.9270878068e-01,5.5945638891e-01,3.0867501367e+00
2.3572225871e+00,2.5673879876e+00,7.2222803594e-01,8.5213821592e-01,2.9256488578e-01,5.5957333015e-01,3.0899465158e+00
2.3587492857e+00,2.5689563175e+00,7.2258322425e-01,8.5211111800e-01,2.9242113295e-01,5.5968998505e-01,3.0931469593e+00
2.3602759843e+00,2.5705256054e+00,7.2293803423e-01,8.5208387617e-01,2.9227752218e-01,5.5980635399e-01,3.0963514744e+00
2.3618026828e+00,2.5720958519e+00,7.2329246608e-01,8.5205649081e-01,2.9213405347e-01,5.5992243735e-01,3.0995600684e+00
2.3633293814e+00,2.5736670576e+00,7.2364651999e-01,8.5202896228e-01,2.9199072679e-01,5.6003823549e-01,3.1027727482e+00
2.3648560800e+00,2.5752392231e+00,7.2400019617e-01,8.5200129092e-01,2.9184754215e-01,5.6015374877e-01,3.1059895212e+00
2.3663827785e+00,2.5768123490e+00,7.2435349480e-01,8.5197347711e-01,2.9170449953e-01,5.6026897759e-01,3.1092103944e+00
2.3679094771e+00,2.5783864359e+00,7.2470641609e-01,8.5194552119e-01,2.9156159891e-01,5.6038392229e-01,3.1124353752e+00
2.3694361757e+00,2.5799614843e+00,7.2505896024e-01,8.5191742353e-01,2.9141884029e-01,5.6049858325e-01,3.1156644708e+00
2.3709628742e+00,2.5815374949e+00,7.2541112744e-01,8.5188918448e-01,2.9127622365e-01,5.6061296084e-01,3.1188976883e+00
2.3724895728e+00,2.5831144682e+00,7.2576291790e-01,8.5186080440e-01,2.9113374897e-01,5.6072705542e-01,3.1221350350e+00
2.3740162714e+00,2.5846924048e+00,7.2611433182e-01,8.5183228363e-01,2.9099141626e-01,5.6084086737e-01,3.1253765181e+00
2.3755429699e+00,2.5862713054e+00,7.2646536939e-01,8.5180362254e-01,2.9084922548e-01,5.6095439706e-01,3.1286221450e+00
2.3770696685e+00,2.5878511704e+00,7.2681603082e-01,8.5177482148e-01,2.9070717663e-01,5.6106764485e-01,3.1318719228e+00
2.3785963671e+00,2.5894320005e+00,7.2716631631e-01,8.5174588080e-01,2.9056526969e-01,5.6118061111e-01,3.1351258589e+00
2.3801230656e+00,2.5910137963e+00,7.2751622607e-01,8.5171680085e-01,2.9042350465e-01,5.6129329620e-01,3.1383839606e+00
2.3816497642e+00,2.5925965583e+00,7.2786576029e-01,8.5168758199e-01,2.9028188148e-01,5.6140570050e-01,3.1416462351e+00
2.3831764628e+00,2.5941802872e+00,7.2821491918e-01,8.5165822456e-01,2.9014040019e-01,5.6151782437e-01,3.1449126898e+00
2.3847031613e+00,2.5957649836e+00,7.2856370294e-01,8.5162872892e-01,2.8999906074e-01,5.6162966818e-01,3.1481833321e+00
2.3862298599e+00,2.5973506480e+00,7.2891211178e-01,8.5159909541e-01,2.8985786312e-01,5.6174123230e-01,3.1514581691e+00
2.3877565585e+00,2.5989372810e+00,7.2926014590e-01,8.5156932439e-01,2.8971680731e-01,5.6185251708e-01,3.1547372084e+00
2.3892832570e+00,2.6005248832e+00,7.2960780551e-01,8.5153941620e-01,2.8957589330e-01,5.6196352290e-01,3.1580204573e+00
2.3908099556e+00,2.6021134553e+00,7.2995509082e-01,8.5150937120e-01,2.8943512107e-01,5.6207425013e-01,3.1613079231e+00
2.3923366542e+00,2.6037029977e+00,7.3030200202e-01,8.5147918972e-01,2.8929449059e-01,5.6218469912e-01,3.1645996132e+00
2.3938633527e+00,2.6052935112e+00,7.3064853934e-01,8.5144887211e-01,2.8915400186e-01,5.6229487025e-01,3.1678955350e+00
2.3953900513e+00,2.6068849962e+00,7.3099470297e-01,8.5141841873e-01,2.8901365485e-01,5.6240476388e-01,3.1711956960e+00
2.3969167499e+00,2.6084774534e+00,7.3134049312e-01,8.5138782991e-01,2.8887344954e-01,5.6251438037e-01,3.1745001035e+00
2.3984434484e+00,2.6100708835e+00,7.3168591000e-01,8.5135710600e-01,2.8873338591e-01,5.6262372009e-01,3.1778087650e+00
2.3999701470e+00,2.6116652868e+00,7.3203095383e-01,8.5132624734e-01,2.8859346394e-01,5.6273278340e-01,3.1811216879e+00
2.4014968456e+00,2.6132606642e+00,7.3237562481e-01,8.5129525429e-01,2.8845368362e-01,5.6284157067e-01,3.1844388797e+00
2.4030235441e+00,2.6148570161e+00,7.3271992314e-01,8.5126412717e-01,2.8831404491e-01,5.6295008226e-01,3.1877603479e+00
2.4045502427e+00,2.6164543431e+00,7.3306384905e-01,8.5123286633e-01,2.8817454780e-01,5.6305831854e-01,3.1910860998e+00
2.4060769413e+00,2.6180526459e+00,7.3340740274e-01,8.5120147212e-01,2.8803519226e-01,5.6316627986e-01,3.1944161431e+00
2.4076036398e+00,2.6196519251e+00,7.3375058442e-01,8.5116994487e-01,2.8789597828e-01,5.6327396659e-01,3.1977504852e+00
2.4091303384e+00,2.6212521812e+00,7.3409339431e-01,8.5113828493e-01,2.8775690583e-01,5.6338137910e-01,3.2010891336e+00
2.4106570370e+00,2.6228534149e+00,7.3443583261e-01,8.5110649263e-01,2.8761797489e-01,5.6348851775e-01,3.2044320959e+00
2.4121837355e+00,2.6244556267e+00,7.3477789954e-01,8.5107456832e-01,2.8747918543e-01,5.6359538289e-01,3.2077793795e+00
2.4137104341e+00,2.6260588172e+00,7.3511959532e-01,8.5104251233e-01,2.8734053743e-01,5.6370197490e-01,3.2111309921e+00
2.4152371327e+00,2.6276629870e+00,7.3546092015e-01,8.5101032499e-01,2.8720203087e-01,5.6380829412e-01,3.2144869411e+00
2.4167638312e+00,2.6292681368e+00,7.3580187426e-01,8.5097800666e-01,2.8706366572e-01,5.6391434094e-01,3.2178472343e+00
2.4182905298e+00,2.6308742672e+00,7.3614245785e-01,8.5094555765e-01,2.8692544195e-01,5.6402011570e-01,3.2212118790e+00
2.4198172284e+00,2.6324813786e+00,7.3648267114e-01,8.5091297832e-01,2.8678735955e-01,5.6412561877e-01,3.2245808831e+00
2.4213439269e+00,2.6340894718e+00,7.3682251435e-01,8.5088026899e-01,2.8664941849e-01,5.6423085050e-01,3.2279542539e+00
2.4228706255e+00,2.6356985473e+00,7.3716198770e-01,8.5084743000e-01,2.8651161873e-01,5.6433581127e-01,3.2313319992e+00
2.4243973241e+00,2.6373086058e+00,7.3750109139e-01,8.5081446168e-01,2.8637396026e-01,5.6444050143e-01,3.2347141267e+00
2.4259240226e+00,2.6389196477e+00,7.3783982564e-01,8.5078136438e-01,2.8623644304e-01,5.6454492133e-01,3.2381006438e+00
2.4274507212e+00,2.6405316738e+00,7.3817819068e-01,8.5074813841e-01,2.8609906706e-01,5.6464907135e-01,3.2414915584e+00
2.4289774198e+00,2.6421446847e+00,7.3851618673e-01,8.5071478411e-01,2.8596183228e-01,5.6475295183e-01,3.2448868780e+00
2.4305041183e+00,2.6437586808e+00,7.3885381399e-01,8.5068130182e-01,2.8582473867e-01,5.6485656315e-01,3.2482866103e+00
2.4320308169e+00,2.6453736629e+00,7.3919107269e-01,8.5064769187e-01,2.8568778622e-01,5.6495990565e-01,3.2516907631e+00
2.4335575155e+00,2.6469896316e+00,7.3952796304e-01,8.5061395458e-01,2.8555097488e-01,5.6506297970e-01,3.2550993440e+00
2.4350842140e+00,2.6486065874e+00,7.3986448528e-01,8.5058009029e-01,2.8541430463e-01,5.6516578566e-01,3.2585123608e+00
2.4366109126e+00,2.6502245309e+00,7.4020063961e-01,8.5054609932e-01,2.8527777544e-01,5.6526832388e-01,3.2619298211e+00
2.4381376112e+00,2.6518434628e+00,7.4053642626e-01,8.5051198201e-01,2.8514138728e-01,5.6537059472e-01,3.2653517328e+00
2.4396643097e+00,2.6534633836e+00,7.4087184544e-01,8.5047773868e-01,2.8500514013e-01,5.6547259855e-01,3.2687781035e+00
2.4411910083e+00,2.6550842940e+00,7.4120689739e-01,8.5044336966e-01,2.8486903395e-01,5.6557433571e-01,3.2722089410e+00
2.4427177069e+00,2.6567061945e+00,7.4154158232e-01,8.5040887528e-01,2.8473306871e-01,5.6567580657e-01,3.2756442532e+00
2.4442444054e+00,2.6583290858e+00,7.4187590045e-01,8.5037425587e-01,2.8459724438e-01,5.6577701148e-01,3.2790840477e+00
2.4457711040e+00,2.6599529685e+00,7.4220985200e-01,8.5033951174e-01,2.8446156093e-01,5.6587795081e-01,3.2825283324e+00
2.4472978026e+00,2.6615778431e+00,7.4254343721e-01,8.5030464323e-01,2.8432601833e-01,5.6597862490e-01,3.2859771151e+00
2.4488245011e+00,2.6632037103e+00,7.4287665629e-01,8.5026965066e-01,2.8419061655e-01,5.6607903411e-01,3.2894304037e+00
2.4503511997e+00,2.6648305707e+00,7.4320950946e-01,8.5023453435e-01,2.8405535555e-01,5.6617917880e-01,3.2928882059e+00
2.4518778983e+00,2.6664584249e+00,7.4354199695e-01,8.5019929464e-01,2.8392023531e-01,5.6627905933e-01,3.2963505297e+00
2.4534045968e+00,2.6680872735e+00,7.4387411899e-01,8.5016393183e-01,2.8378525578e-01,5.6637867605e-01,3.2998173828e+00
2.4549312954e+00,2.6697171171e+00,7.4420587580e-01,8.5012844626e-01,2.8365041694e-01,5.6647802932e-01,3.3032887731e+00
2.4564579940e+00,2.6713479564e+00,7.4453726761e-01,8.5009283824e-01,2.8351571876e-01,5.6657711949e-01,3.3067647086e+00
2.4579846925e+00,2.6729797918e+00,7.4486829463e-01,8.5005710810e-01,2.8338116119e-01,5.6667594691e-01,3.3102451972e+00
2.4595113911e+00,2.6746126241e+00,7.4519895710e-01,8.5002125616e-01,2.8324674421e-01,5.6677451195e-01,3.3137302467e+00
2.4610380897e+00,2.6762464538e+00,7.4552925525e-01,8.4998528274e-01,2.8311246779e-01,5.6687281495e-01,3.3172198650e+00
2.4625647882e+00,2.6778812816e+00,7.4585918930e-01,8.4994918815e-01,2.8297833188e-01,5.6697085627e-01,3.3207140602e+00
2.4640914868e+00,2.6795171081e+00,7.4618875948e-01,8.4991297272e-01,2.8284433645e-01,5.6706863627e-01,3.3242128401e+00
2.4656181854e+00,2.6811539338e+00,7.4651796601e-01,8.4987663677e-01,2.8271048148e-01,5.6716615529e-01,3.3277162128e+00
2.4671448839e+00,2.6827917593e+00,7.4684680913e-01,8.4984018061e-01,2.8257676691e-01,5.6726341370e-01,3.3312241862e+00
2.4686715825e+00,2.6844305854e+00,7.4717528906e-01,8.4980360456e-01,2.8244319272e-01,5.6736041184e-01,3.3347367682e+00
2.4701982811e+00,2.6860704126e+00,7.4750340603e-01,8.4976690894e-01,2.8230975887e-01,5.6745715007e-01,3.3382539669e+00
2.4717249796e+00,2.6877112415e+00,7.4783116028e-01,8.4973009406e-01,2.8217646532e-01,5.6755362874e-01,3.3417757903e+00
2.4732516782e+00,2.6893530727e+00,7.4815855202e-01,8.4969316024e-01,2.8204331204e-01,5.6764984820e-01,3.3453022465e+00
2.4747783768e+00,2.6909959069e+00,7.4848558150e-01,8.4965610780e-01,2.8191029900e-01,5.6774580880e-01,3.3488333434e+00
2.4763050753e+00,2.6926397446e+00,7.4881224894e-01,8.4961893704e-01,2.8177742614e-01,5.6784151090e-01,3.3523690891e+00
2.4778317739e+00,2.6942845865e+00,7.4913855457e-01,8.4958164829e-01,2.8164469344e-01,5.6793695485e-01,3.3559094916e+00
2.4793584725e+00,2.6959304332e+00,7.4946449863e-01,8.4954424186e-01,2.8151210086e-01,5.6803214100e-01,3.3594545592e+00
2.4808851710e+00,2.6975772852e+00,7.4979008134e-01,8.4950671806e-01,2.8137964836e-01,5.6812706970e-01,3.3630042997e+00
2.4824118696e+00,2.6992251433e+00,7.5011530294e-01,8.4946907720e-01,2.8124733589e-01,5.6822174130e-01,3.3665587214e+00
2.4839385682e+00,2.7008740079e+00,7.5044016366e-01,8.4943131959e-01,2.8111516343e-01,5.6831615616e-01,3.3701178324e+00
2.4854652667e+00,2.7025238798e+00,7.5076466373e-01,8.4939344555e-01,2.8098313094e-01,5.6841031461e-01,3.3736816408e+00
2.4869919653e+00,2.7041747596e+00,7.5108880339e-01,8.4935545539e-01,2.8085123837e-01,5.6850421702e-01,3.3772501546e+00
2.4885186639e+00,2.7058266478e+00,7.5141258286e-01,8.4931734941e-01,2.8071948568e-01,5.6859786373e-01,3.3808233822e+00
2.4900453624e+00,2.7074795451e+00,7.5173600239e-01,8.4927912793e-01,2.8058787284e-01,5.6869125509e-01,3.3844013316e+00
2.4915720610e+00,2.7091334522e+00,7.5205906221e-01,8.4924079126e-01,2.8045639980e-01,5.6878439146e-01,3.3879840110e+00
2.4930987596e+00,2.7107883695e+00,7.5238176255e-01,8.4920233970e-01,2.8032506653e-01,5.6887727317e-01,3.3915714287e+00
2.4946254581e+00,2.7124442977e+00,7.5270410364e-01,8.4916377356e-01,2.8019387298e-01,5.6896990059e-01,3.3951635927e+00
2.4961521567e+00,2.7141012375e+00,7.5302608573e-01,8.4912509316e-01,2.8006281911e-01,5.6906227405e-01,3.3987605115e+00
2.4976788553e+00,2.7157591895e+00,7.5334770905e-01,8.4908629879e-01,2.7993190488e-01,5.6915439390e-01,3.4023621931e+00
2.4992055538e+00,2.7174181543e+00,7.5366897382e-01,8.4904739076e-01,2.7980113026e-01,5.6924626050e-01,3.4059686458e+00
2.5007322524e+00,2.7190781324e+00,7.5398988030e-01,8.4900836939e-01,2.7967049519e-01,5.6933787420e-01,3.4095798779e+00
2.5022589510e+00,2.7207391246e+00,7.5431042871e-01,8.4896923497e-01,2.7953999964e-01,5.6942923533e-01,3.4131958976e+00
2.5037856495e+00,2.7224011315e+00,7.5463061930e-01,8.4892998781e-01,2.7940964356e-01,5.6952034425e-01,3.4168167133e+00
2.5053123481e+00,2.7240641536e+00,7.5495045230e-01,8.4889062821e-01,2.7927942691e-01,5.6961120130e-01,3.4204423332e+00
2.5068390467e+00,2.7257281915e+00,7.5526992794e-01,8.4885115649e-01,2.7914934965e-01,5.6970180683e-01,3.4240727657e+00
2.5083657452e+00,2.7273932460e+00,7.5558904647e-01,8.4881157293e-01,2.7901941174e-01,5.6979216119e-01,3.4277080191e+00
2.5098924438e+00,2.7290593176e+00,7.5590780812e-01,8.4877187785e-01,2.7888961313e-01,5.6988226472e-01,3.4313481016e+00
2.5114191424e+00,2.7307264070e+00,7.5622621314e-01,8.4873207155e-01,2.7875995378e-01,5.6997211777e-01,3.4349930217e+00
2.5129458410e+00,2.7323945147e+00,7.5654426176e-01,8.4869215433e-01,2.7863043364e-01,5.7006172069e-01,3.4386427878e+00
2.5144725395e+00,2.7340636414e+00,7.5686195422e-01,8.4865212649e-01,2.7850105267e-01,5.7015107382e-01,3.4422974082e+00
2.5159992381e+00,2.7357337878e+00,7.5717929076e-01,8.4861198832e-01,2.7837181083e-01,5.7024017750e-01,3.4459568912e+00
2.5175259367e+00,2.7374049543e+00,7.5749627162e-01,8.4857174014e-01,2.7824270807e-01,5.7032903208e-01,3.4496212454e+00
2.5190526352e+00,2.7390771418e+00,7.5781289704e-01,8.4853138224e-01,2.7811374434e-01,5.7041763790e-01,3.4532904791e+00
2.5205793338e+00,2.7407503507e+00,7.5812916727e-01,8.4849091492e-01,2.7798491961e-01,5.7050599532e-01,3.4569646007e+00
2.5221060324e+00,2.7424245817e+00,7.5844508253e-01,8.4845033848e-01,2.7785623382e-01,5.7059410466e-01,3.4606436188e+00
2.5236327309e+00,2.7440998354e+00,7.5876064308e-01,8.4840965322e-01,2.7772768693e-01,5.7068196629e-01,3.4643275417e+00
2.5251594295e+00,2.7457761125e+00,7.5907584915e-01,8.4836885943e-01,2.7759927889e-01,5.7076958053e-01,3.4680163779e+00
2.5266861281e+00,2.7474534136e+00,7.5939070099e-01,8.4832795741e-01,2.7747100967e-01,5.7085694774e-01,3.4717101360e+00
2.5282128266e+00,2.7491317393e+00,7.5970519884e-01,8.4828694746e-01,2.7734287920e-01,5.7094406826e-01,3.4754088244e+00
2.5297395252e+00,2.7508110902e+00,7.6001934294e-01,8.4824582988e-01,2.7721488745e-01,5.7103094242e-01,3.4791124516e+00
2.5312662238e+00,2.7524914669e+00,7.6033313353e-01,8.4820460495e-01,2.7708703437e-01,5.7111757058e-01,3.4828210262e+00
2.5327929223e+00,2.7541728702e+00,7.6064657086e-01,8.4816327299e-01,2.7695931991e-01,5.7120395308e-01,3.4865345567e+00
2.5343196209e+00,2.7558553006e+00,7.6095965517e-01,8.4812183427e-01,2.7683174402e-01,5.7129009025e-01,3.4902530517e+00
2.5358463195e+00,2.7575387587e+00,7.6127238671e-01,8.4808028909e-01,2.7670430666e-01,5.7137598243e-01,3.4939765197e+00
2.5373730180e+00,2.7592232452e+00,7.6158476571e-01,8.4803863776e-01,2.7657700778e-01,5.7146162998e-01,3.4977049693e+00
2.5388997166e+00,2.7609087606e+00,7.6189679242e-01,8.4799688055e-01,2.7644984732e-01,5.7154703323e-01,3.5014384091e+00
2.5404264152e+00,2.7625953057e+00,7.6220846710e-01,8.4795501777e-01,2.7632282525e-01,5.7163219252e-01,3.5051768478e+00
2.5419531137e+00,2.7642828811e+00,7.6251978997e-01,8.4791304971e-01,2.7619594151e-01,5.7171710820e-01,3.5089202939e+00
2.5434798123e+00,2.7659714873e+00,7.6283076129e-01,8.4787097665e-01,2.7606919605e-01,5.7180178059e-01,3.5126687561e+00
2.5450065109e+00,2.7676611251e+00,7.6314138130e-01,8.4782879889e-01,2.7594258883e-01,5.7188621005e-01,3.5164222430e+00
2.5465332094e+00,2.7693517949e+00,7.6345165025e-01,8.4778651672e-01,2.7581611980e-01,5.7197039692e-01,3.5201807633e+00
2.5480599080e+00,2.7710434976e+00,7.6376156838e-01,8.4774413043e-01,2.7568978890e-01,5.7205434153e-01,3.5239443258e+00
2.5495866066e+00,2.7727362337e+00,7.6407113594e-01,8.4770164031e-01,2.7556359609e-01,5.7213804421e-01,3.5277129390e+00
2.5511133051e+00,2.7744300038e+00,7.6438035318e-01,8.4765904664e-01,2.7543754132e-01,5.7222150533e-01,3.5314866117e+00
2.5526400037e+00,2.7761248085e+00,7.6468922034e-01,8.4761634973e-01,2.7531162453e-01,5.7230472520e-01,3.5352653526e+00
2.5541667023e+00,2.7778206486e+00,7.6499773768e-01,8.4757354985e-01,2.7518584568e-01,5.7238770417e-01,3.5390491705e+00
2.5556934008e+00,2.7795175246e+00,7.6530590543e-01,8.4753064729e-01,2.7506020471e-01,5.7247044257e-01,3.5428380740e+00
2.5572200994e+00,2.7812154371e+00,7.6561372384e-01,8.4748764234e-01,2.7493470158e-01,5.7255294076e-01,3.5466320721e+00
2.5587467980e+00,2.7829143869e+00,7.6592119317e-01,8.4744453529e-01,2.7480933624e-01,5.7263519905e-01,3.5504311734e+00
2.5602734965e+00,2.7846143745e+00,7.6622831366e-01,8.4740132642e-01,2.7468410862e-01,5.7271721780e-01,3.5542353867e+00
2.5618001951e+00,2.7863154005e+00,7.6653508556e-01,8.4735801602e-01,2.7455901869e-01,5.7279899733e-01,3.5580447209e+00
2.5633268937e+00,2.7880174657e+00,7.6684150912e-01,8.4731460438e-01,2.7443406639e-01,5.7288053799e-01,3.5618591848e+00
2.5648535922e+00,2.7897205705e+00,7.6714758459e-01,8.4727109177e-01,2.7430925166e-01,5.7296184011e-01,3.5656787871e+00
2.5663802908e+00,2.7914247158e+00,7.6745331221e-01,8.4722747849e-01,2.7418457446e-01,5.7304290403e-01,3.5695035369e+00
2.5679069894e+00,2.7931299020e+00,7.6775869224e-01,8.4718376481e-01,2.7406003473e-01,5.7312373008e-01,3.5733334428e+00
2.5694336879e+00,2.7948361299e+00,7.6806372493e-01,8.4713995103e-01,2.7393563242e-01,5.7320431860e-01,3.5771685139e+00
2.5709603865e+00,2.7965434001e+00,7.6836841052e-01,8.4709603742e-01,2.7381136749e-01,5.7328466993e-01,3.5810087590e+00
2.5724870851e+00,2.7982517132e+00,7.6867274927e-01,8.4705202426e-01,2.7368723986e-01,5.7336478440e-01,3.5848541870e+00
2.5740137836e+00,2.7999610698e+00,7.6897674143e-01,8.4700791184e-01,2.7356324950e-01,5.7344466235e-01,3.5887048068e+00
2.5755404822e+00,2.8016714706e+00,7.6928038725e-01,8.4696370045e-01,2.7343939634e-01,5.7352430410e-01,3.5925606274e+00
2.5770671808e+00,2.8033829163e+00,7.6958368697e-01,8.4691939035e-01,2.7331568034e-01,5.7360371001e-01,3.5964216577e+00
2.5785938793e+00,2.8050954074e+00,7.6988664085e-01,8.4687498183e-01,2.7319210144e-01,5.7368288039e-01,3.6002879067e+00
2.5801205779e+00,2.8068089446e+00,7.7018924915e-01,8.4683047518e-01,2.7306865959e-01,5.7376181559e-01,3.6041593834e+00
2.5816472765e+00,2.8085235286e+00,7.7049151211e-01,8.4678587066e-01,2.7294535473e-01,5.7384051593e-01,3.6080360968e+00
2.5831739750e+00,2.8102391599e+00,7.7079342999e-01,8.4674116857e-01,2.7282218681e-01,5.7391898176e-01,3.6119180558e+00
2.5847006736e+00,2.8119558393e+00,7.7109500303e-01,8.4669636917e-01,2.7269915577e-01,5.7399721340e-01,3.6158052696e+00
2.5862273722e+00,2.8136735673e+00,7.7139623150e-01,8.4665147275e-01,2.7257626156e-01,5.7407521119e-01,3.6196977471e+00
2.5877540707e+00,2.8153923446e+00,7.7169711563e-01,8.4660647959e-01,2.7245350413e-01,5.7415297546e-01,3.6235954974e+00
2.5892807693e+00,2.8171121719e+00,7.7199765570e-01,8.4656138995e-01,2.7233088341e-01,5.7423050654e-01,3.6274985296e+00
2.5908074679e+00,2.8188330497e+00,7.7229785194e-01,8.4651620413e-01,2.7220839936e-01,5.7430780477e-01,3.6314068528e+00
2.5923341664e+00,2.8205549788e+00,7.7259770462e-01,8.4647092239e-01,2.7208605192e-01,5.7438487047e-01,3.6353204760e+00
2.5938608650e+00,2.8222779597e+00,7.7289721399e-01,8.4642554501e-01,2.7196384103e-01,5.7446170399e-01,3.6392394083e+00
2.5953875636e+00,2.8240019932e+00,7.7319638029e-01,8.4638007227e-01,2.7184176663e-01,5.7453830564e-01,3.6431636590e+00
2.5969142621e+00,2.8257270798e+00,7.7349520379e-01,8.4633450444e-01,2.7171982867e-01,5.7461467576e-01,3.6470932372e+00
2.5984409607e+00,2.8274532202e+00,7.7379368474e-01,8.4628884179e-01,2.7159802710e-01,5.7469081469e-01,3.6510281519e+00
2.5999676593e+00,2.8291804150e+00,7.7409182339e-01,8.4624308461e-01,2.7147636186e-01,5.7476672275e-01,3.6549684124e+00
2.6014943578e+00,2.8309086649e+00,7.7438962001e-01,8.4619723316e-01,2.7135483288e-01,5.7484240027e-01,3.6589140279e+00
2.6030210564e+00,2.8326379706e+00,7.7468707483e-01,8.4615128771e-01,2.7123344012e-01,5.7491784759e-01,3.6628650076e+00
2.6045477550e+00,2.8343683326e+00,7.7498418813e-01,8.4610524855e-01,2.7111218352e-01,5.7499306503e-01,3.6668213607e+00
2.6060744535e+00,2.8360997516e+00,7.7528096015e-01,8.4605911593e-01,2.7099106301e-01,5.7506805292e-01,3.6707830964e+00
2.6076011521e+00,2.8378322284e+00,7.7557739115e-01,8.4601289014e-01,2.7087007855e-01,5.7514281159e-01,3.6747502240e+00
2.6091278507e+00,2.8395657634e+00,7.7587348139e-01,8.4596657145e-01,2.7074923007e-01,5.7521734138e-01,3.6787227527e+00
2.6106545492e+00,2.8413003574e+00,7.7616923112e-01,8.4592016012e-01,2.7062851752e-01,5.7529164260e-01,3.6827006919e+00
2.6121812478e+00,2.8430360109e+00,7.7646464060e-01,8.4587365642e-01,2.7050794084e-01,5.7536571559e-01,3.6866840507e+00
2.6137079464e+00,2.8447727248e+00,7.7675971008e-01,8.4582706064e-01,2.7038749996e-01,5.7543956068e-01,3.6906728387e+00
2.6152346449e+00,2.8465104995e+00,7.7705443983e-01,8.4578037303e-01,2.7026719484e-01,5.7551317819e-01,3.6946670649e+00
2.6167613435e+00,2.8482493358e+00,7.7734883010e-01,8.4573359386e-01,2.7014702542e-01,5.7558656845e-01,3.6986667389e+00
2.6182880421e+00,2.8499892343e+00,7.7764288114e-01,8.4568672341e-01,2.7002699162e-01,5.7565973179e-01,3.7026718699e+00
2.6198147406e+00,2.8517301956e+00,7.7793659322e-01,8.4563976194e-01,2.6990709341e-01,5.7573266853e-01,3.7066824674e+00
2.6213414392e+00,2.8534722204e+00,7.7822996659e-01,8.4559270972e-01,2.6978733071e-01,5.7580537901e-01,3.7106985407e+00
2.6228681378e+00,2.8552153094e+00,7.7852300150e-01,8.4554556702e-01,2.6966770347e-01,5.7587786355e-01,3.7147200992e+00
2.6243948363e+00,2.8569594631e+00,7.7881569823e-01,8.4549833410e-01,2.6954821163e-01,5.7595012248e-01,3.7187471523e+00
2.6259215349e+00,2.8587046823e+00,7.7910805702e-01,8.4545101123e-01,2.6942885512e-01,5.7602215611e-01,3.7227797095e+00
2.6274482335e+00,2.8604509676e+00,7.7940007814e-01,8.4540359868e-01,2.6930963390e-01,5.7609396479e-01,3.7268177803e+00
2.6289749320e+00,2.8621983196e+00,7.7969176184e-01,8.4535609672e-01,2.6919054789e-01,5.7616554882e-01,3.7308613740e+00
2.6305016306e+00,2.8639467391e+00,7.7998310838e-01,8.4530850560e-01,2.6907159705e-01,5.7623690855e-01,3.7349105002e+00
2.6320283292e+00,2.8656962266e+00,7.8027411802e-01,8.4526082559e-01,2.6895278130e-01,5.7630804429e-01,3.7389651683e+00
2.6335550277e+00,2.8674467828e+00,7.8056479102e-01,8.4521305696e-01,2.6883410060e-01,5.7637895636e-01,3.7430253880e+00
2.6350817263e+00,2.8691984083e+00,7.8085512765e-01,8.4516519997e-01,2.6871555487e-01,5.7644964510e-01,3.7470911686e+00
2.6366084249e+00,2.8709511039e+00,7.8114512815e-01,8.4511725488e-01,2.6859714406e-01,5.7652011082e-01,3.7511625198e+00
2.6381351234e+00,2.8727048701e+00,7.8143479278e-01,8.4506922196e-01,2.6847886811e-01,5.7659035386e-01,3.7552394511e+00
2.6396618220e+00,2.8744597076e+00,7.8172412182e-01,8.4502110147e-01,2.6836072695e-01,5.7666037453e-01,3.7593219720e+00
2.6411885206e+00,2.8762156171e+00,7.8201311552e-01,8.4497289368e-01,2.6824272053e-01,5.7673017315e-01,3.7634100923e+00
2.6427152191e+00,2.8779725992e+00,7.8230177413e-01,8.4492459883e-01,2.6812484878e-01,5.7679975006e-01,3.7675038214e+00
2.6442419177e+00,2.8797306546e+00,7.8259009793e-01,8.4487621721e-01,2.6800711164e-01,5.7686910557e-01,3.7716031690e+00
2.6457686163e+00,2.8814897840e+00,7.8287808716e-01,8.4482774906e-01,2.6788950905e-01,5.7693824000e-01,3.7757081448e+00
2.6472953148e+00,2.8832499879e+00,7.8316574210e-01,8.4477919464e-01,2.6777204096e-01,5.7700715368e-01,3.7798187583e+00
2.6488220134e+00,2.8850112671e+00,7.8345306300e-01,8.4473055422e-01,2.6765470729e-01,5.7707584694e-01,3.7839350193e+00
2.6503487120e+00,2.8867736222e+00,7.8374005012e-01,8.4468182806e-01,2.6753750798e-01,5.7714432008e-01,3.7880569375e+00
2.6518754105e+00,2.8885370538e+00,7.8402670372e-01,8.4463301641e-01,2.6742044298e-01,5.7721257344e-01,3.7921845225e+00
2.6534021091e+00,2.8903015627e+00,7.8431302408e-01,8.4458411954e-01,2.6730351221e-01,5.7728060733e-01,3.7963177841e+00
2.6549288077e+00,2.8920671495e+00,7.8459901144e-01,8.4453513770e-01,2.6718671563e-01,5.7734842207e-01,3.8004567320e+00
2.6564555062e+00,2.8938338147e+00,7.8488466607e-01,8.4448607115e-01,2.6707005316e-01,5.7741601799e-01,3.8046013759e+00
2.6579822048e+00,2.8956015592e+00,7.8516998823e-01,8.4443692015e-01,2.6695352474e-01,5.7748339541e-01,3.8087517257e+00
2.6595089034e+00,2.8973703836e+00,7.8545497818e-01,8.4438768495e-01,2.6683713031e-01,5.7755055465e-01,3.8129077911e+00
2.6610356019e+00,2.8991402884e+00,7.8573963620e-01,8.4433836582e-01,2.6672086980e-01,5.7761749602e-01,3.8170695818e+00
2.6625623005e+00,2.9009112744e+00,7.8602396253e-01,8.4428896300e-01,2.6660474316e-01,5.7768421984e-01,3.8212371078e+00
2.6640889991e+00,2.9026833423e+00,7.8630795744e-01,8.4423947676e-01,2.6648875032e-01,5.7775072644e-01,3.8254103789e+00
2.6656156976e+00,2.9044564927e+00,7.8659162120e-01,8.4418990735e-01,2.6637289121e-01,5.7781701614e-01,3.8295894048e+00
2.6671423962e+00,2.9062307262e+00,7.8687495407e-01,8.4414025502e-01,2.6625716578e-01,5.7788308924e-01,3.8337741955e+00
2.6686690948e+00,2.9080060435e+00,7.8715795630e-01,8.4409052004e-01,2.6614157395e-01,5.7794894608e-01,3.8379647608e+00
2.6701957933e+00,2.9097824453e+00,7.8744062817e-01,8.4404070264e-01,2.6602611567e-01,5.7801458697e-01,3.8421611107e+00
2.6717224919e+00,2.9115599323e+00,7.8772296994e-01,8.4399080310e-01,2.6591079087e-01,5.7808001223e-01,3.8463632550e+00
2.6732491905e+00,2.9133385050e+00,7.8800498187e-01,8.4394082165e-01,2.6579559949e-01,5.7814522217e-01,3.8505712037e+00
2.6747758890e+00,2.9151181643e+00,7.8828666423e-01,8.4389075856e-01,2.6568054145e-01,5.7821021711e-01,3.8547849667e+00
2.6763025876e+00,2.9168989106e+00,7.8856801727e-01,8.4384061408e-01,2.6556561671e-01,5.7827499737e-01,3.8590045541e+00
2.6778292862e+00,2.9186807448e+00,7.8884904127e-01,8.4379038845e-01,2.6545082518e-01,5.7833956327e-01,3.8632299756e+00
2.6793559847e+00,2.9204636674e+00,7.8912973648e-01,8.4374008194e-01,2.6533616682e-01,5.7840391512e-01,3.8674612415e+00
2.6808826833e+00,2.9222476792e+00,7.8941010318e-01,8.4368969479e-01,2.6522164154e-01,5.7846805324e-01,3.8716983616e+00
2.6824093819e+00,2.9240327807e+00,7.8969014162e-01,8.4363922725e-01,2.6510724930e-01,5.7853197795e-01,3.8759413461e+00
2.6839360804e+00,2.9258189727e+00,7.8996985207e-01,8.4358867957e-01,2.6499299001e-01,5.7859568956e-01,3.8801902049e+00
2.6854627790e+00,2.9276062559e+00,7.9024923480e-01,8.4353805201e-01,2.6487886363e-01,5.7865918838e-01,3.8844449481e+00
2.6869894776e+00,2.9293946308e+00,7.9052829007e-01,8.4348734481e-01,2.6476487007e-01,5.7872247474e-01,3.8887055858e+00
2.6885161761e+00,2.9311840982e+00,7.9080701814e-01,8.4343655823e-01,2.6465100928e-01,5.7878554894e-01,3.8929721281e+00
2.6900428747e+00,2.9329746586e+00,7.9108541929e-01,8.4338569250e-01,2.6453728120e-01,5.7884841131e-01,3.8972445850e+00
2.6915695733e+00,2.9347663129e+00,7.9136349377e-01,8.4333474789e-01,2.6442368574e-01,5.7891106215e-01,3.9015229669e+00
2.6930962718e+00,2.9365590617e+00,7.9164124186e-01,8.4328372464e-01,2.6431022286e-01,5.7897350178e-01,3.9058072837e+00
2.6946229704e+00,2.9383529056e+00,7.9191866381e-01,8.4323262299e-01,2.6419689247e-01,5.7903573052e-01,3.9100975456e+00
2.6961496690e+00,2.9401478453e+00,7.9219575989e-01,8.4318144320e-01,2.6408369453e-01,5.7909774867e-01,3.9143937629e+00
2.6976763675e+00,2.9419438814e+00,7.9247253038e-01,8.4313018551e-01,2.6397062895e-01,5.7915955655e-01,3.9186959457e+00
2.6992030661e+00,2.9437410147e+00,7.9274897553e-01,8.4307885017e-01,2.6385769568e-01,5.7922115448e-01,3.9230041042e+00
2.7007297647e+00,2.9455392458e+00,7.9302509561e-01,8.4302743742e-01,2.6374489465e-01,5.7928254277e-01,3.9273182487e+00
2.7022564632e+00,2.9473385753e+00,7.9330089089e-01,8.4297594751e-01,2.6363222578e-01,5.7934372173e-01,3.9316383894e+00
2.7037831618e+00,2.9491390041e+00,7.9357636163e-01,8.4292438068e-01,2.6351968902e-01,5.7940469166e-01,3.9359645366e+00
2.7053098604e+00,2.9509405326e+00,7.9385150810e-01,8.4287273719e-01,2.6340728430e-01,5.7946545290e-01,3.9402967006e+00
2.7068365589e+00,2.9527431616e+00,7.9412633057e-01,8.4282101727e-01,2.6329501154e-01,5.7952600573e-01,3.9446348916e+00
2.7083632575e+00,2.9545468918e+00,7.9440082930e-01,8.4276922118e-01,2.6318287069e-01,5.7958635049e-01,3.9489791200e+00
2.7098899561e+00,2.9563517239e+00,7.9467500457e-01,8.4271734914e-01,2.6307086167e-01,5.7964648747e-01,3.9533293962e+00
2.7114166546e+00,2.9581576584e+00,7.9494885663e-01,8.4266540142e-01,2.6295898442e-01,5.7970641699e-01,3.9576857304e+00
2.7129433532e+00,2.9599646961e+00,7.9522238575e-01,8.4261337824e-01,2.6284723887e-01,5.7976613936e-01,3.9620481330e+00
2.7144700518e+00,2.9617728377e+00,7.9549559221e-01,8.4256127985e-01,2.6273562496e-01,5.7982565490e-01,3.9664166144e+00
2.7159967503e+00,2.9635820838e+00,7.9576847627e-01,8.4250910651e-01,2.6262414261e-01,5.7988496390e-01,3.9707911851e+00
2.7175234489e+00,2.9653924352e+00,7.9604103819e-01,8.4245685843e-01,2.6251279175e-01,5.7994406668e-01,3.9751718554e+00
2.7190501475e+00,2.9672038924e+00,7.9631327825e-01,8.4240453588e-01,2.6240157233e-01,5.8000296356e-01,3.9795586358e+00
2.7205768460e+00,2.9690164561e+00,7.9658519671e-01,8.4235213909e-01,2.6229048426e-01,5.8006165483e-01,3.9839515368e+00
2.7221035446e+00,2.9708301271e+00,7.9685679384e-01,8.4229966830e-01,2.6217952749e-01,5.8012014081e-01,3.9883505688e+00
2.7236302432e+00,2.9726449060e+00,7.9712806991e-01,8.4224712375e-01,2.6206870194e-01,5.8017842181e-01,3.9927557423e+00
2.7251569417e+00,2.9744607935e+00,7.9739902519e-01,8.4219450568e-01,2.6195800755e-01,5.8023649813e-01,3.9971670677e+00
2.7266836403e+00,2.9762777903e+00,7.9766965993e-01,8.4214181433e-01,2.6184744425e-01,5.8029437009e-01,4.0015845558e+00
2.7282103389e+00,2.9780958970e+00,7.9793997442e-01,8.4208904995e-01,2.6173701196e-01,5.8035203799e-01,4.0060082169e+00
2.7297370374e+00,2.9799151143e+00,7.9820996892e-01,8.4203621276e-01,2.6162671063e-01,5.8040950214e-01,4.0104380617e+00
2.7312637360e+00,2.9817354429e+00,7.9847964370e-01,8.4198330302e-01,2.6151654017e-01,5.8046676284e-01,4.0148741007e+00
2.7327904346e+00,2.9835568835e+00,7.9874899903e-01,8.4193032094e-01,2.6140650053e-01,5.8052382041e-01,4.0193163445e+00
2.7343171331e+00,2.9853794367e+00,7.9901803517e-01,8.4187726679e-01,2.6129659164e-01,5.8058067515e-01,4.0237648038e+00
2.7358438317e+00,2.9872031033e+00,7.9928675240e-01,8.4182414078e-01,2.6118681341e-01,5.8063732737e-01,4.0282194891e+00
2.7373705303e+00,2.9890278839e+00,7.9955515098e-01,8.4177094317e-01,2.6107716579e-01,5.8069377737e-01,4.0326804112e+00
2.7388972288e+00,2.9908537792e+00,7.9982323118e-01,8.4171767418e-01,2.6096764871e-01,5.8075002547e-01,4.0371475806e+00
2.7404239274e+00,2.9926807899e+00,8.0009099327e-01,8.4166433405e-01,2.6085826210e-01,5.8080607195e-01,4.0416210081e+00
2.7419506260e+00,2.9945089166e+00,8.0035843753e-01,8.4161092302e-01,2.6074900588e-01,5.8086191714e-01,4.0461007044e+00
2.7434773245e+00,2.9963381601e+00,8.0062556421e-01,8.4155744132e-01,2.6063987999e-01,5.8091756134e-01,4.0505866802e+00
2.7450040231e+00,2.9981685210e+00,8.0089237359e-01,8.4150388920e-01,2.6053088435e-01,5.8097300485e-01,4.0550789463e+00
2.7465307217e+00,3.0000000000e+00,8.0115886594e-01,8.4145026687e-01,2.6042201890e-01,5.8102824797e-01,4.0595775134e+00
