tau=beta*t,lambda,xi,sigma_total_over_mu,sigma_surviving_over_mu,sigma_recrosslinked_over_mu,sigma_elastic_over_mu
0.0000000000e+00,1.0000000000e+00,0.0000000000e+00,0.0000000000e+00,0.0000000000e+00,0.0000000000e+00,0.0000000000e+00
7.6334928340e-04,1.0006108659e+00,4.6604299479e-07,2.4402953702e-03,2.4393643267e-03,9.3104350536e-07,2.4412271246e-03
1.5266985668e-03,1.0012221050e+00,1.8636964015e-06,4.8757542953e-03,4.8720338133e-03,3.7204819797e-06,4.8794776212e-03
2.2900478502e-03,1.0018337175e+00,4.1922451765e-06,7.3063883836e-03,7.2980263048e-03,8.3620787554e-06,7.3147582855e-03
3.0533971336e-03,1.0024457036e+00,7.4509720414e-06,9.7322092130e-03,9.7173595984e-03,1.4849614572e-05,9.7470759011e-03
3.8167464170e-03,1.0030580635e+00,1.1639157485e-05,1.2153228332e-02,1.2130051444e-02,2.3176887529e-05,1.2176437240e-02
4.5800957004e-03,1.0036707975e+00,1.6756079764e-05,1.4569457258e-02,1.4536119545e-02,3.3337713040e-05,1.4602849060e-02
5.3434449838e-03,1.0042839058e+00,2.2801014907e-05,1.6980907479e-02,1.6935581556e-02,4.5325923784e-05,1.7026318111e-02
6.1067942672e-03,1.0048973886e+00,2.9773236716e-05,1.9387590456e-02,1.9328455086e-02,5.9135369662e-05,1.9446851127e-02
6.8701435506e-03,1.0055112462e+00,3.7672016764e-05,2.1789517615e-02,2.1714757697e-02,7.4759917750e-05,2.1864454831e-02
7.6334928340e-03,1.0061254788e+00,4.6496624403e-05,2.4186700357e-02,2.4094506904e-02,9.2193452249e-05,2.4279135936e-02
8.3968421174e-03,1.0067400865e+00,5.6246326765e-05,2.6579150051e-02,2.6467720177e-02,1.1142987445e-04,2.6690901140e-02
9.1601914008e-03,1.0073550697e+00,6.6920388758e-05,2.8966878038e-02,2.8834414936e-02,1.3246310266e-04,2.9099757133e-02
9.9235406842e-03,1.0079704286e+00,7.8518073076e-05,3.1349895630e-02,3.1194608558e-02,1.5528707221e-04,3.1505710589e-02
1.0686889968e-02,1.0085861634e+00,9.1038640197e-05,3.3728214108e-02,3.3548318372e-02,1.7989573534e-04,3.3908768172e-02
1.1450239251e-02,1.0092022744e+00,1.0448134838e-04,3.6101844724e-02,3.5895561663e-02,2.0628306122e-04,3.6308936536e-02
1.2213588534e-02,1.0098187616e+00,1.1884545369e-04,3.8470798704e-02,3.8236355668e-02,2.3444303585e-04,3.8706222321e-02
1.2976937818e-02,1.0104356255e+00,1.3413020996e-04,4.0835087241e-02,4.0570717579e-02,2.6436966205e-04,4.1100632156e-02
1.3740287101e-02,1.0110528662e+00,1.5033486883e-04,4.3194721502e-02,4.2898664543e-02,2.9605695940e-04,4.3492172658e-02
1.4503636385e-02,1.0116704840e+00,1.6745867973e-04,4.5549712624e-02,4.5220213660e-02,3.2949896422e-04,4.5880850433e-02
1.5266985668e-02,1.0122884790e+00,1.8550088990e-04,4.7900071715e-02,4.7535381986e-02,3.6468972946e-04,4.8266672075e-02
1.6030334951e-02,1.0129068515e+00,2.0446074436e-04,5.0245809856e-02,4.9844186531e-02,4.0162332474e-04,5.0649644166e-02
1.6793684235e-02,1.0135256018e+00,2.2433748594e-04,5.2586938097e-02,5.2146644261e-02,4.4029383625e-04,5.3029773278e-02
1.7557033518e-02,1.0141447301e+00,2.4513035528e-04,5.4923467462e-02,5.4442772095e-02,4.8069536671e-04,5.5407065970e-02
1.8320382802e-02,1.0147642365e+00,2.6683859083e-04,5.7255408945e-02,5.6732586910e-02,5.2282203536e-04,5.7781528789e-02
1.9083732085e-02,1.0153841214e+00,2.8946142884e-04,5.9582773513e-02,5.9016105535e-02,5.6666797786e-04,6.0153168274e-02
1.9847081368e-02,1.0160043850e+00,3.1299810337e-04,6.1905572103e-02,6.1293344757e-02,6.1222734630e-04,6.2521990948e-02
2.0610430652e-02,1.0166250275e+00,3.3744784630e-04,6.4223815626e-02,6.3564321317e-02,6.5949430913e-04,6.4888003325e-02
2.1373779935e-02,1.0172460491e+00,3.6280988733e-04,6.6537514964e-02,6.5829051913e-02,7.0846305113e-04,6.7251211908e-02
2.2137129219e-02,1.0178674500e+00,3.8908345398e-04,6.8846680970e-02,6.8087553196e-02,7.5912777332e-04,6.9611623188e-02
2.2900478502e-02,1.0184892306e+00,4.1626777158e-04,7.1151324470e-02,7.0339841777e-02,8.1148269300e-04,7.1969243644e-02
2.3663827785e-02,1.0191113909e+00,4.4436206330e-04,7.3451456264e-02,7.2585934221e-02,8.6552204363e-04,7.4324079746e-02
2.4427177069e-02,1.0197339314e+00,4.7336555012e-04,7.5747087122e-02,7.4825847047e-02,9.2124007481e-04,7.6676137951e-02
2.5190526352e-02,1.0203568521e+00,5.0327745086e-04,7.8038227786e-02,7.7059596734e-02,9.7863105227e-04,7.9025424705e-02
2.5953875636e-02,1.0209801533e+00,5.3409698218e-04,8.0324888973e-02,7.9287199715e-02,1.0376892578e-03,8.1371946442e-02
2.6717224919e-02,1.0216038353e+00,5.6582335856e-04,8.2607081370e-02,8.1508672381e-02,1.0984089891e-03,8.3715709587e-02
2.7480574202e-02,1.0222278983e+00,5.9845579233e-04,8.4884815639e-02,8.3724031079e-02,1.1607845601e-03,8.6056720552e-02
2.8243923486e-02,1.0228523425e+00,6.3199349365e-04,8.7158102412e-02,8.5933292112e-02,1.2248103004e-03,8.8394985739e-02
2.9007272769e-02,1.0234771681e+00,6.6643567054e-04,8.9426952296e-02,8.8136471740e-02,1.2904805555e-03,9.0730511539e-02
2.9770622053e-02,1.0241023754e+00,7.0178152884e-04,9.1691375870e-02,9.0333586183e-02,1.3577896870e-03,9.3063304332e-02
3.0533971336e-02,1.0247279647e+00,7.3803027228e-04,9.3951383685e-02,9.2524651613e-02,1.4267320720e-03,9.5393370486e-02
3.1297320619e-02,1.0253539361e+00,7.7518110239e-04,9.6206986268e-02,9.4709684164e-02,1.4973021036e-03,9.7720716358e-02
3.2060669903e-02,1.0259802899e+00,8.1323321861e-04,9.8458194115e-02,9.6888699925e-02,1.5694941905e-03,1.0004534830e-01
3.2824019186e-02,1.0266070263e+00,8.5218581819e-04,1.0070501770e-01,9.9061714942e-02,1.6433027570e-03,1.0236727264e-01
3.3587368470e-02,1.0272341455e+00,8.9203809628e-04,1.0294746746e-01,1.0122874522e-01,1.7187222432e-03,1.0468649570e-01
3.4350717753e-02,1.0278616479e+00,9.3278924586e-04,1.0518555383e-01,1.0338980672e-01,1.7957471047e-03,1.0700302381e-01
3.5114067036e-02,1.0284895335e+00,9.7443845781e-04,1.0741928718e-01,1.0554491537e-01,1.8743718127e-03,1.0931686326e-01
3.5877416320e-02,1.0291178028e+00,1.0169849209e-03,1.0964867789e-01,1.0769408704e-01,1.9545908540e-03,1.1162802035e-01
3.6640765603e-02,1.0297464558e+00,1.0604278216e-03,1.1187373630e-01,1.0983733757e-01,2.0363987305e-03,1.1393650136e-01
3.7404114887e-02,1.0303754928e+00,1.1047663446e-03,1.1409447271e-01,1.1197468275e-01,2.1197899600e-03,1.1624231255e-01
3.8167464170e-02,1.0310049141e+00,1.1499996720e-03,1.1631089741e-01,1.1410613833e-01,2.2047590753e-03,1.1854546020e-01
3.8930813453e-02,1.0316347198e+00,1.1961269844e-03,1.1852302066e-01,1.1623172003e-01,2.2913006249e-03,1.2084595055e-01
3.9694162737e-02,1.0322649103e+00,1.2431474596e-03,1.2073085270e-01,1.1835144352e-01,2.3794091724e-03,1.2314378984e-01
4.0457512020e-02,1.0328954858e+00,1.2910602738e-03,1.2293440373e-01,1.2046532443e-01,2.4690792965e-03,1.2543898430e-01
4.1220861304e-02,1.0335264465e+00,1.3398646009e-03,1.2513368393e-01,1.2257337834e-01,2.5603055915e-03,1.2773154014e-01
4.1984210587e-02,1.0341577926e+00,1.3895596126e-03,1.2732870346e-01,1.2467562079e-01,2.6530826667e-03,1.3002146358e-01
4.2747559870e-02,1.0347895243e+00,1.4401444788e-03,1.2951947245e-01,1.2677206731e-01,2.7474051464e-03,1.3230876081e-01
4.3510909154e-02,1.0354216420e+00,1.4916183670e-03,1.3170600101e-01,1.2886273334e-01,2.8432676702e-03,1.3459343802e-01
4.4274258437e-02,1.0360541458e+00,1.5439804428e-03,1.3388829921e-01,1.3094763431e-01,2.9406648928e-03,1.3687550139e-01
4.5037607721e-02,1.0366870360e+00,1.5972298695e-03,1.3606637710e-01,1.3302678562e-01,3.0395914837e-03,1.3915495707e-01
4.5800957004e-02,1.0373203128e+00,1.6513658085e-03,1.3824024471e-01,1.3510020259e-01,3.1400421275e-03,1.4143181123e-01
4.6564306287e-02,1.0379539764e+00,1.7063874191e-03,1.4040991205e-01,1.3716790053e-01,3.2420115239e-03,1.4370607001e-01
4.7327655571e-02,1.0385880271e+00,1.7622938585e-03,1.4257538909e-01,1.3922989470e-01,3.3454943872e-03,1.4597773955e-01
4.8091004854e-02,1.0392224652e+00,1.8190842817e-03,1.4473668578e-01,1.4128620034e-01,3.4504854468e-03,1.4824682596e-01
4.8854354138e-02,1.0398572908e+00,1.8767578418e-03,1.4689381205e-01,1.4333683261e-01,3.5569794468e-03,1.5051333537e-01
4.9617703421e-02,1.0404925041e+00,1.9353136899e-03,1.4904677780e-01,1.4538180665e-01,3.6649711461e-03,1.5277727388e-01
5.0381052704e-02,1.0411281056e+00,1.9947509746e-03,1.5119559290e-01,1.4742113759e-01,3.7744553185e-03,1.5503864758e-01
5.1144401988e-02,1.0417640953e+00,2.0550688430e-03,1.5334026721e-01,1.4945484046e-01,3.8854267522e-03,1.5729746255e-01
5.1907751271e-02,1.0424004734e+00,2.1162664398e-03,1.5548081055e-01,1.5148293030e-01,3.9978802503e-03,1.5955372488e-01
5.2671100555e-02,1.0430372404e+00,2.1783429076e-03,1.5761723273e-01,1.5350542210e-01,4.1118106305e-03,1.6180744061e-01
5.3434449838e-02,1.0436743963e+00,2.2412973873e-03,1.5974954351e-01,1.5552233078e-01,4.2272127251e-03,1.6405861581e-01
5.4197799121e-02,1.0443119414e+00,2.3051290173e-03,1.6187775265e-01,1.5753367127e-01,4.3440813808e-03,1.6630725652e-01
5.4961148405e-02,1.0449498760e+00,2.3698369344e-03,1.6400186988e-01,1.5953945842e-01,4.4624114590e-03,1.6855336877e-01
5.5724497688e-02,1.0455882003e+00,2.4354202730e-03,1.6612190490e-01,1.6153970707e-01,4.5821978354e-03,1.7079695859e-01
5.6487846972e-02,1.0462269145e+00,2.5018781657e-03,1.6823786739e-01,1.6353443199e-01,4.7034354003e-03,1.7303803198e-01
5.7251196255e-02,1.0468660189e+00,2.5692097429e-03,1.7034976700e-01,1.6552364794e-01,4.8261190583e-03,1.7527659495e-01
5.8014545538e-02,1.0475055137e+00,2.6374141331e-03,1.7245761336e-01,1.6750736963e-01,4.9502437283e-03,1.7751265349e-01
5.8777894822e-02,1.0481453991e+00,2.7064904628e-03,1.7456141608e-01,1.6948561173e-01,5.0758043438e-03,1.7974621359e-01
5.9541244105e-02,1.0487856754e+00,2.7764378563e-03,1.7666118473e-01,1.7145838888e-01,5.2027958522e-03,1.8197728122e-01
6.0304593389e-02,1.0494263428e+00,2.8472554360e-03,1.7875692888e-01,1.7342571566e-01,5.3312132153e-03,1.8420586235e-01
6.1067942672e-02,1.0500674016e+00,2.9189423223e-03,1.8084865805e-01,1.7538760664e-01,5.4610514093e-03,1.8643196292e-01
6.1831291955e-02,1.0507088520e+00,2.9914976336e-03,1.8293638176e-01,1.7734407633e-01,5.5923054242e-03,1.8865558888e-01
6.2594641239e-02,1.0513506943e+00,3.0649204864e-03,1.8502010948e-01,1.7929513922e-01,5.7249702645e-03,1.9087674616e-01
6.3357990522e-02,1.0519929286e+00,3.1392099948e-03,1.8709985068e-01,1.8124080974e-01,5.8590409485e-03,1.9309544070e-01
6.4121339806e-02,1.0526355552e+00,3.2143652714e-03,1.8917561480e-01,1.8318110230e-01,5.9945125088e-03,1.9531167840e-01
6.4884689089e-02,1.0532785744e+00,3.2903854265e-03,1.9124741125e-01,1.8511603126e-01,6.1313799917e-03,1.9752546517e-01
6.5648038372e-02,1.0539219864e+00,3.3672695686e-03,1.9331524942e-01,1.8704561097e-01,6.2696384579e-03,1.9973680690e-01
6.6411387656e-02,1.0545657915e+00,3.4450168040e-03,1.9537913868e-01,1.8896985570e-01,6.4092829817e-03,2.0194570948e-01
6.7174736939e-02,1.0552099898e+00,3.5236262372e-03,1.9743908836e-01,1.9088877971e-01,6.5503086514e-03,2.0415217879e-01
6.7938086223e-02,1.0558545816e+00,3.6030969707e-03,1.9949510779e-01,1.9280239722e-01,6.6927105693e-03,2.0635622069e-01
6.8701435506e-02,1.0564995672e+00,3.6834281049e-03,2.0154720626e-01,1.9471072241e-01,6.8364838513e-03,2.0855784103e-01
6.9464784789e-02,1.0571449468e+00,3.7646187385e-03,2.0359539305e-01,1.9661376942e-01,6.9816236274e-03,2.1075704568e-01
7.0228134073e-02,1.0577907206e+00,3.8466679679e-03,2.0563967739e-01,1.9851155235e-01,7.1281250410e-03,2.1295384046e-01
7.0991483356e-02,1.0584368889e+00,3.9295748879e-03,2.0768006853e-01,2.0040408529e-01,7.2759832496e-03,2.1514823120e-01
7.1754832640e-02,1.0590834520e+00,4.0133385910e-03,2.0971657567e-01,2.0229138224e-01,7.4251934241e-03,2.1734022372e-01
7.2518181923e-02,1.0597304099e+00,4.0979581680e-03,2.1174920797e-01,2.0417345722e-01,7.5757507492e-03,2.1952982384e-01
7.3281531206e-02,1.0603777631e+00,4.1834327077e-03,2.1377797461e-01,2.0605032418e-01,7.7276504231e-03,2.2171703735e-01
7.4044880490e-02,1.0610255118e+00,4.2697612970e-03,2.1580288471e-01,2.0792199705e-01,7.8808876577e-03,2.2390187003e-01
7.4808229773e-02,1.0616736561e+00,4.3569430206e-03,2.1782394738e-01,2.0978848970e-01,8.0354576784e-03,2.2608432768e-01
7.5571579057e-02,1.0623221964e+00,4.4449769617e-03,2.1984117171e-01,2.1164981599e-01,8.1913557242e-03,2.2826441607e-01
7.6334928340e-02,1.0629711328e+00,4.5338622012e-03,2.2185456678e-01,2.1350598973e-01,8.3485770472e-03,2.3044214096e-01
7.7098277623e-02,1.0636204657e+00,4.6235978183e-03,2.2386414161e-01,2.1535702470e-01,8.5071169135e-03,2.3261750809e-01
7.7861626907e-02,1.0642701952e+00,4.7141828903e-03,2.2586990524e-01,2.1720293464e-01,8.6669706022e-03,2.3479052323e-01
7.8624976190e-02,1.0649203216e+00,4.8056164923e-03,2.2787186666e-01,2.1904373325e-01,8.8281334059e-03,2.3696119209e-01
7.9388325474e-02,1.0655708451e+00,4.8978976979e-03,2.2987003484e-01,2.2087943421e-01,8.9906006304e-03,2.3912952041e-01
8.0151674757e-02,1.0662217661e+00,4.9910255785e-03,2.3186441874e-01,2.2271005114e-01,9.1543675950e-03,2.4129551391e-01
8.0915024040e-02,1.0668730846e+00,5.0849992037e-03,2.3385502729e-01,2.2453559765e-01,9.3194296322e-03,2.4345917828e-01
8.1678373324e-02,1.0675248010e+00,5.1798176413e-03,2.3584186939e-01,2.2635608730e-01,9.4857820877e-03,2.4562051924e-01
8.2441722607e-02,1.0681769156e+00,5.2754799570e-03,2.3782495394e-01,2.2817153362e-01,9.6534203202e-03,2.4777954246e-01
8.3205071891e-02,1.0688294284e+00,5.3719852149e-03,2.3980428980e-01,2.2998195010e-01,9.8223397020e-03,2.4993625364e-01
8.3968421174e-02,1.0694823399e+00,5.4693324769e-03,2.4177988581e-01,2.3178735019e-01,9.9925356180e-03,2.5209065843e-01
8.4731770457e-02,1.0701356502e+00,5.5675208033e-03,2.4375175078e-01,2.3358774732e-01,1.0164003467e-02,2.5424276251e-01
8.5495119741e-02,1.0707893597e+00,5.6665492523e-03,2.4571989353e-01,2.3538315487e-01,1.0336738659e-02,2.5639257152e-01
8.6258469024e-02,1.0714434684e+00,5.7664168806e-03,2.4768432282e-01,2.3717358620e-01,1.0510736620e-02,2.5854009112e-01
8.7021818308e-02,1.0720979767e+00,5.8671227426e-03,2.4964504741e-01,2.3895905462e-01,1.0685992786e-02,2.6068532693e-01
8.7785167591e-02,1.0727528848e+00,5.9686658911e-03,2.5160207603e-01,2.4073957342e-01,1.0862502608e-02,2.6282828458e-01
8.8548516874e-02,1.0734081930e+00,6.0710453770e-03,2.5355541739e-01,2.4251515584e-01,1.1040261548e-02,2.6496896969e-01
8.9311866158e-02,1.0740639015e+00,6.1742602494e-03,2.5550508019e-01,2.4428581510e-01,1.1219265084e-02,2.6710738787e-01
9.0075215441e-02,1.0747200105e+00,6.2783095555e-03,2.5745107308e-01,2.4605156438e-01,1.1399508703e-02,2.6924354472e-01
9.0838564725e-02,1.0753765204e+00,6.3831923406e-03,2.5939340472e-01,2.4781241681e-01,1.1580987908e-02,2.7137744583e-01
9.1601914008e-02,1.0760334313e+00,6.4889076485e-03,2.6133208373e-01,2.4956838552e-01,1.1763698213e-02,2.7350909677e-01
9.2365263291e-02,1.0766907434e+00,6.5954545207e-03,2.6326711872e-01,2.5131948358e-01,1.1947635144e-02,2.7563850314e-01
9.3128612575e-02,1.0773484571e+00,6.7028319973e-03,2.6519851826e-01,2.5306572402e-01,1.2132794243e-02,2.7776567048e-01
9.3891961858e-02,1.0780065726e+00,6.8110391163e-03,2.6712629093e-01,2.5480711986e-01,1.2319171062e-02,2.7989060436e-01
9.4655311141e-02,1.0786650901e+00,6.9200749140e-03,2.6905044524e-01,2.5654368408e-01,1.2506761166e-02,2.8201331032e-01
9.5418660425e-02,1.0793240098e+00,7.0299384249e-03,2.7097098974e-01,2.5827542961e-01,1.2695560132e-02,2.8413379391e-01
9.6182009708e-02,1.0799833321e+00,7.1406286818e-03,2.7288793291e-01,2.6000236936e-01,1.2885563551e-02,2.8625206064e-01
9.6945358992e-02,1.0806430571e+00,7.2521447156e-03,2.7480128323e-01,2.6172451620e-01,1.3076767027e-02,2.8836811605e-01
9.7708708275e-02,1.0813031851e+00,7.3644855553e-03,2.7671104915e-01,2.6344188298e-01,1.3269166175e-02,2.9048196565e-01
9.8472057558e-02,1.0819637164e+00,7.4776502284e-03,2.7861723912e-01,2.6515448250e-01,1.3462756622e-02,2.9259361493e-01
9.9235406842e-02,1.0826246512e+00,7.5916377603e-03,2.8051986154e-01,2.6686232753e-01,1.3657534009e-02,2.9470306940e-01
9.9998756125e-02,1.0832859897e+00,7.7064471750e-03,2.8241892481e-01,2.6856543082e-01,1.3853493990e-02,2.9681033455e-01
1.0076210541e-01,1.0839477322e+00,7.8220774944e-03,2.8431443730e-01,2.7026380507e-01,1.4050632228e-02,2.9891541584e-01
1.0152545469e-01,1.0846098789e+00,7.9385277388e-03,2.8620640736e-01,2.7195746295e-01,1.4248944402e-02,3.0101831876e-01
1.0228880398e-01,1.0852724302e+00,8.0557969267e-03,2.8809484332e-01,2.7364641712e-01,1.4448426202e-02,3.0311904876e-01
1.0305215326e-01,1.0859353861e+00,8.1738840749e-03,2.8997975349e-01,2.7533068016e-01,1.4649073330e-02,3.0521761129e-01
1.0381550254e-01,1.0865987470e+00,8.2927881985e-03,2.9186114617e-01,2.7701026467e-01,1.4850881500e-02,3.0731401181e-01
1.0457885183e-01,1.0872625132e+00,8.4125083107e-03,2.9373902962e-01,2.7868518319e-01,1.5053846438e-02,3.0940825575e-01
1.0534220111e-01,1.0879266848e+00,8.5330434230e-03,2.9561341210e-01,2.8035544821e-01,1.5257963884e-02,3.1150034853e-01
1.0610555039e-01,1.0885912622e+00,8.6543925454e-03,2.9748430182e-01,2.8202107223e-01,1.5463229589e-02,3.1359029558e-01
1.0686889968e-01,1.0892562455e+00,8.7765546859e-03,2.9935170701e-01,2.8368206769e-01,1.5669639316e-02,3.1567810230e-01
1.0763224896e-01,1.0899216350e+00,8.8995288510e-03,3.0121563584e-01,2.8533844701e-01,1.5877188839e-02,3.1776377411e-01
1.0839559824e-01,1.0905874310e+00,9.0233140452e-03,3.0307609650e-01,2.8699022255e-01,1.6085873946e-02,3.1984731639e-01
1.0915894753e-01,1.0912536337e+00,9.1479092716e-03,3.0493309711e-01,2.8863740668e-01,1.6295690437e-02,3.2192873454e-01
1.0992229681e-01,1.0919202434e+00,9.2733135315e-03,3.0678664582e-01,2.9028001170e-01,1.6506634122e-02,3.2400803392e-01
1.1068564609e-01,1.0925872602e+00,9.3995258245e-03,3.0863675074e-01,2.9191804991e-01,1.6718700826e-02,3.2608521992e-01
1.1144899538e-01,1.0932546846e+00,9.5265451484e-03,3.1048341994e-01,2.9355153356e-01,1.6931886382e-02,3.2816029788e-01
1.1221234466e-01,1.0939225166e+00,9.6543704995e-03,3.1232666151e-01,2.9518047487e-01,1.7146186638e-02,3.3023327318e-01
1.1297569394e-01,1.0945907566e+00,9.7830008723e-03,3.1416648348e-01,2.9680488602e-01,1.7361597454e-02,3.3230415115e-01
1.1373904323e-01,1.0952594048e+00,9.9124352598e-03,3.1600289389e-01,2.9842477919e-01,1.7578114699e-02,3.3437293712e-01
1.1450239251e-01,1.0959284615e+00,1.0042672653e-02,3.1783590074e-01,3.0004016649e-01,1.7795734257e-02,3.3643963644e-01
1.1526574179e-01,1.0965979268e+00,1.0173712042e-02,3.1966551204e-01,3.0165106001e-01,1.8014452021e-02,3.3850425442e-01
1.1602909108e-01,1.0972678011e+00,1.0305552413e-02,3.2149173573e-01,3.0325747184e-01,1.8234263898e-02,3.4056679638e-01
1.1679244036e-01,1.0979380846e+00,1.0438192755e-02,3.2331457979e-01,3.0485941398e-01,1.8455165806e-02,3.4262726761e-01
1.1755578964e-01,1.0986087776e+00,1.0571632050e-02,3.2513405214e-01,3.0645689846e-01,1.8677153674e-02,3.4468567342e-01
1.1831913893e-01,1.0992798803e+00,1.0705869282e-02,3.2695016068e-01,3.0804993724e-01,1.8900223443e-02,3.4674201910e-01
1.1908248821e-01,1.0999513929e+00,1.0840903433e-02,3.2876291332e-01,3.0963854225e-01,1.9124371066e-02,3.4879630993e-01
1.1984583749e-01,1.1006233157e+00,1.0976733482e-02,3.3057231792e-01,3.1122272542e-01,1.9349592508e-02,3.5084855119e-01
1.2060918678e-01,1.1012956490e+00,1.1113358407e-02,3.3237838235e-01,3.1280249861e-01,1.9575883744e-02,3.5289874813e-01
1.2137253606e-01,1.1019683930e+00,1.1250777185e-02,3.3418111443e-01,3.1437787367e-01,1.9803240761e-02,3.5494690601e-01
1.2213588534e-01,1.1026415480e+00,1.1388988791e-02,3.3598052198e-01,3.1594886242e-01,2.0031659560e-02,3.5699303010e-01
1.2289923463e-01,1.1033151141e+00,1.1527992197e-02,3.3777661280e-01,3.1751547665e-01,2.0261136150e-02,3.5903712562e-01
1.2366258391e-01,1.1039890917e+00,1.1667786376e-02,3.3956939466e-01,3.1907772811e-01,2.0491666552e-02,3.6107919781e-01
1.2442593319e-01,1.1046634811e+00,1.1808370297e-02,3.4135887532e-01,3.2063562852e-01,2.0723246802e-02,3.6311925191e-01
1.2518928248e-01,1.1053382823e+00,1.1949742930e-02,3.4314506253e-01,3.2218918959e-01,2.0955872942e-02,3.6515729312e-01
1.2595263176e-01,1.1060134958e+00,1.2091903240e-02,3.4492796401e-01,3.2373842298e-01,2.1189541029e-02,3.6719332666e-01
1.2671598104e-01,1.1066891218e+00,1.2234850195e-02,3.4670758744e-01,3.2528334031e-01,2.1424247131e-02,3.6922735773e-01
1.2747933033e-01,1.1073651605e+00,1.2378582756e-02,3.4848394053e-01,3.2682395321e-01,2.1659987325e-02,3.7125939153e-01
1.2824267961e-01,1.1080416121e+00,1.2523099887e-02,3.5025703093e-01,3.2836027323e-01,2.1896757703e-02,3.7328943325e-01
1.2900602889e-01,1.1087184770e+00,1.2668400548e-02,3.5202686629e-01,3.2989231193e-01,2.2134554364e-02,3.7531748806e-01
1.2976937818e-01,1.1093957553e+00,1.2814483698e-02,3.5379345424e-01,3.3142008082e-01,2.2373373422e-02,3.7734356114e-01
1.3053272746e-01,1.1100734474e+00,1.2961348295e-02,3.5555680238e-01,3.3294359138e-01,2.2613211000e-02,3.7936765766e-01
1.3129607674e-01,1.1107515535e+00,1.3108993296e-02,3.5731691831e-01,3.3446285508e-01,2.2854063232e-02,3.8138978276e-01
1.3205942603e-01,1.1114300737e+00,1.3257417654e-02,3.5907380959e-01,3.3597788333e-01,2.3095926265e-02,3.8340994161e-01
1.3282277531e-01,1.1121090085e+00,1.3406620322e-02,3.6082748379e-01,3.3748868754e-01,2.3338796254e-02,3.8542813934e-01
1.3358612459e-01,1.1127883580e+00,1.3556600252e-02,3.6257794843e-01,3.3899527906e-01,2.3582669369e-02,3.8744438109e-01
1.3434947388e-01,1.1134681225e+00,1.3707356395e-02,3.6432521104e-01,3.4049766925e-01,2.3827541787e-02,3.8945867198e-01
1.3511282316e-01,1.1141483022e+00,1.3858887698e-02,3.6606927910e-01,3.4199586940e-01,2.4073409700e-02,3.9147101714e-01
1.3587617245e-01,1.1148288975e+00,1.4011193109e-02,3.6781016011e-01,3.4348989081e-01,2.4320269307e-02,3.9348142167e-01
1.3663952173e-01,1.1155099085e+00,1.4164271573e-02,3.6954786152e-01,3.4497974470e-01,2.4568116821e-02,3.9548989068e-01
1.3740287101e-01,1.1161913355e+00,1.4318122034e-02,3.7128239078e-01,3.4646544232e-01,2.4816948464e-02,3.9749642928e-01
1.3816622030e-01,1.1168731787e+00,1.4472743434e-02,3.7301375532e-01,3.4794699485e-01,2.5066760471e-02,3.9950104254e-01
1.3892956958e-01,1.1175554385e+00,1.4628134715e-02,3.7474196254e-01,3.4942441345e-01,2.5317549084e-02,4.0150373555e-01
1.3969291886e-01,1.1182381150e+00,1.4784294817e-02,3.7646701982e-01,3.5089770926e-01,2.5569310561e-02,4.0350451339e-01
1.4045626815e-01,1.1189212086e+00,1.4941222677e-02,3.7818893456e-01,3.5236689339e-01,2.5822041167e-02,4.0550338113e-01
1.4121961743e-01,1.1196047194e+00,1.5098917232e-02,3.7990771409e-01,3.5383197691e-01,2.6075737179e-02,4.0750034381e-01
1.4198296671e-01,1.1202886478e+00,1.5257377418e-02,3.8162336576e-01,3.5529297088e-01,2.6330394884e-02,4.0949540651e-01
1.4274631600e-01,1.1209729940e+00,1.5416602168e-02,3.8333589689e-01,3.5674988631e-01,2.6586010581e-02,4.1148857426e-01
1.4350966528e-01,1.1216577582e+00,1.5576590415e-02,3.8504531477e-01,3.5820273419e-01,2.6842580579e-02,4.1347985210e-01
1.4427301456e-01,1.1223429407e+00,1.5737341089e-02,3.8675162669e-01,3.5965152549e-01,2.7100101198e-02,4.1546924507e-01
1.4503636385e-01,1.1230285418e+00,1.5898853121e-02,3.8845483992e-01,3.6109627115e-01,2.7358568767e-02,4.1745675818e-01
1.4579971313e-01,1.1237145616e+00,1.6061125438e-02,3.9015496170e-01,3.6253698207e-01,2.7617979629e-02,4.1944239646e-01
1.4656306241e-01,1.1244010006e+00,1.6224156966e-02,3.9185199927e-01,3.6397366913e-01,2.7878330134e-02,4.2142616491e-01
1.4732641170e-01,1.1250878588e+00,1.6387946633e-02,3.9354595983e-01,3.6540634319e-01,2.8139616644e-02,4.2340806854e-01
1.4808976098e-01,1.1257751367e+00,1.6552493360e-02,3.9523685060e-01,3.6683501507e-01,2.8401835533e-02,4.2538811235e-01
1.4885311026e-01,1.1264628344e+00,1.6717796071e-02,3.9692467874e-01,3.6825969555e-01,2.8664983183e-02,4.2736630131e-01
1.4961645955e-01,1.1271509521e+00,1.6883853687e-02,3.9860945141e-01,3.6968039542e-01,2.8929055987e-02,4.2934264041e-01
1.5037980883e-01,1.1278394902e+00,1.7050665128e-02,4.0029117577e-01,3.7109712542e-01,2.9194050350e-02,4.3131713464e-01
1.5114315811e-01,1.1285284490e+00,1.7218229311e-02,4.0196985893e-01,3.7250989624e-01,2.9459962686e-02,4.3328978894e-01
1.5190650740e-01,1.1292178285e+00,1.7386545155e-02,4.0364550801e-01,3.7391871859e-01,2.9726789420e-02,4.3526060829e-01
1.5266985668e-01,1.1299076292e+00,1.7555611575e-02,4.0531813010e-01,3.7532360311e-01,2.9994526987e-02,4.3722959763e-01
1.5343320596e-01,1.1305978513e+00,1.7725427485e-02,4.0698773228e-01,3.7672456045e-01,3.0263171833e-02,4.3919676192e-01
1.5419655525e-01,1.1312884950e+00,1.7895991799e-02,4.0865432160e-01,3.7812160119e-01,3.0532720412e-02,4.4116210609e-01
1.5495990453e-01,1.1319795606e+00,1.8067303427e-02,4.1031790512e-01,3.7951473592e-01,3.0803169192e-02,4.4312563507e-01
1.5572325381e-01,1.1326710484e+00,1.8239361280e-02,4.1197848984e-01,3.8090397519e-01,3.1074514649e-02,4.4508735379e-01
1.5648660310e-01,1.1333629585e+00,1.8412164268e-02,4.1363608279e-01,3.8228932952e-01,3.1346753268e-02,4.4704726717e-01
1.5724995238e-01,1.1340552913e+00,1.8585711297e-02,4.1529069094e-01,3.8367080940e-01,3.1619881547e-02,4.4900538011e-01
1.5801330166e-01,1.1347480471e+00,1.8760001275e-02,4.1694232129e-01,3.8504842529e-01,3.1893895993e-02,4.5096169753e-01
1.5877665095e-01,1.1354412260e+00,1.8935033107e-02,4.1859098078e-01,3.8642218765e-01,3.2168793122e-02,4.5291622432e-01
1.5954000023e-01,1.1361348284e+00,1.9110805695e-02,4.2023667635e-01,3.8779210689e-01,3.2444569462e-02,4.5486896537e-01
1.6030334951e-01,1.1368288544e+00,1.9287317944e-02,4.2187941494e-01,3.8915819339e-01,3.2721221550e-02,4.5681992556e-01
1.6106669880e-01,1.1375233044e+00,1.9464568753e-02,4.2351920344e-01,3.9052045751e-01,3.2998745934e-02,4.5876910978e-01
1.6183004808e-01,1.1382181787e+00,1.9642557024e-02,4.2515604876e-01,3.9187890959e-01,3.3277139169e-02,4.6071652288e-01
1.6259339736e-01,1.1389134774e+00,1.9821281654e-02,4.2678995775e-01,3.9323355993e-01,3.3556397825e-02,4.6266216974e-01
1.6335674665e-01,1.1396092008e+00,2.0000741541e-02,4.2842093730e-01,3.9458441882e-01,3.3836518478e-02,4.6460605522e-01
1.6412009593e-01,1.1403053492e+00,2.0180935582e-02,4.3004899422e-01,3.9593149651e-01,3.4117497716e-02,4.6654818416e-01
1.6488344521e-01,1.1410019229e+00,2.0361862670e-02,4.3167413536e-01,3.9727480323e-01,3.4399332135e-02,4.6848856140e-01
1.6564679450e-01,1.1416989221e+00,2.0543521701e-02,4.3329636752e-01,3.9861434918e-01,3.4682018343e-02,4.7042719178e-01
1.6641014378e-01,1.1423963471e+00,2.0725911566e-02,4.3491569750e-01,3.9995014454e-01,3.4965552956e-02,4.7236408014e-01
1.6717349306e-01,1.1430941981e+00,2.0909031156e-02,4.3653213206e-01,4.0128219946e-01,3.5249932603e-02,4.7429923129e-01
1.6793684235e-01,1.1437924754e+00,2.1092879362e-02,4.3814567798e-01,4.0261052406e-01,3.5535153918e-02,4.7623265005e-01
1.6870019163e-01,1.1444911793e+00,2.1277455073e-02,4.3975634199e-01,4.0393512844e-01,3.5821213549e-02,4.7816434124e-01
1.6946354091e-01,1.1451903099e+00,2.1462757175e-02,4.4136413083e-01,4.0525602267e-01,3.6108108153e-02,4.8009430965e-01
1.7022689020e-01,1.1458898677e+00,2.1648784556e-02,4.4296905120e-01,4.0657321681e-01,3.6395834394e-02,4.8202256008e-01
1.7099023948e-01,1.1465898527e+00,2.1835536100e-02,4.4457110981e-01,4.0788672086e-01,3.6684388950e-02,4.8394909733e-01
1.7175358876e-01,1.1472902654e+00,2.2023010692e-02,4.4617031333e-01,4.0919654483e-01,3.6973768504e-02,4.8587392617e-01
1.7251693805e-01,1.1479911060e+00,2.2211207214e-02,4.4776666844e-01,4.1050269868e-01,3.7263969753e-02,4.8779705139e-01
1.7328028733e-01,1.1486923746e+00,2.2400124549e-02,4.4936018177e-01,4.1180519237e-01,3.7554989401e-02,4.8971847775e-01
1.7404363662e-01,1.1493940716e+00,2.2589761576e-02,4.5095085996e-01,4.1310403580e-01,3.7846824162e-02,4.9163821002e-01
1.7480698590e-01,1.1500961973e+00,2.2780117174e-02,4.5253870963e-01,4.1439923887e-01,3.8139470761e-02,4.9355625296e-01
1.7557033518e-01,1.1507987519e+00,2.2971190223e-02,4.5412373738e-01,4.1569081145e-01,3.8432925931e-02,4.9547261131e-01
1.7633368447e-01,1.1515017356e+00,2.3162979599e-02,4.5570594980e-01,4.1697876338e-01,3.8727186414e-02,4.9738728983e-01
1.7709703375e-01,1.1522051488e+00,2.3355484178e-02,4.5728535345e-01,4.1826310448e-01,3.9022248965e-02,4.9930029325e-01
1.7786038303e-01,1.1529089917e+00,2.3548702835e-02,4.5886195489e-01,4.1954384455e-01,3.9318110345e-02,5.0121162630e-01
1.7862373232e-01,1.1536132645e+00,2.3742634444e-02,4.6043576067e-01,4.2082099334e-01,3.9614767325e-02,5.0312129371e-01
1.7938708160e-01,1.1543179676e+00,2.3937277876e-02,4.6200677729e-01,4.2209456060e-01,3.9912216687e-02,5.0502930020e-01
1.8015043088e-01,1.1550231011e+00,2.4132632004e-02,4.6357501128e-01,4.2336455606e-01,4.0210455221e-02,5.0693565048e-01
1.8091378017e-01,1.1557286653e+00,2.4328695697e-02,4.6514046912e-01,4.2463098939e-01,4.0509479727e-02,5.0884034926e-01
1.8167712945e-01,1.1564346606e+00,2.4525467826e-02,4.6670315729e-01,4.2589387028e-01,4.0809287014e-02,5.1074340124e-01
1.8244047873e-01,1.1571410871e+00,2.4722947257e-02,4.6826308225e-01,4.2715320835e-01,4.1109873901e-02,5.1264481111e-01
1.8320382802e-01,1.1578479452e+00,2.4921132859e-02,4.6982025046e-01,4.2840901324e-01,4.1411237216e-02,5.1454458357e-01
1.8396717730e-01,1.1585552351e+00,2.5120023497e-02,4.7137466833e-01,4.2966129454e-01,4.1713373796e-02,5.1644272328e-01
1.8473052658e-01,1.1592629570e+00,2.5319618037e-02,4.7292634229e-01,4.3091006181e-01,4.2016280488e-02,5.1833923493e-01
1.8549387587e-01,1.1599711112e+00,2.5519915341e-02,4.7447527874e-01,4.3215532459e-01,4.2319954147e-02,5.2023412319e-01
1.8625722515e-01,1.1606796981e+00,2.5720914273e-02,4.7602148406e-01,4.3339709242e-01,4.2624391638e-02,5.2212739272e-01
1.8702057443e-01,1.1613887177e+00,2.5922613694e-02,4.7756496463e-01,4.3463537479e-01,4.2929589837e-02,5.2401904818e-01
1.8778392372e-01,1.1620981705e+00,2.6125012466e-02,4.7910572679e-01,4.3587018117e-01,4.3235545626e-02,5.2590909421e-01
1.8854727300e-01,1.1628080567e+00,2.6328109448e-02,4.8064377690e-01,4.3710152100e-01,4.3542255897e-02,5.2779753547e-01
1.8931062228e-01,1.1635183765e+00,2.6531903499e-02,4.8217912127e-01,4.3832940372e-01,4.3849717553e-02,5.2968437659e-01
1.9007397157e-01,1.1642291303e+00,2.6736393475e-02,4.8371176622e-01,4.3955383871e-01,4.4157927504e-02,5.3156962220e-01
1.9083732085e-01,1.1649403182e+00,2.6941578235e-02,4.8524171804e-01,4.4077483537e-01,4.4466882670e-02,5.3345327692e-01
1.9160067013e-01,1.1656519405e+00,2.7147456633e-02,4.8676898301e-01,4.4199240303e-01,4.4776579981e-02,5.3533534539e-01
1.9236401942e-01,1.1663639976e+00,2.7354027525e-02,4.8829356740e-01,4.4320655103e-01,4.5087016373e-02,5.3721583221e-01
1.9312736870e-01,1.1670764896e+00,2.7561289763e-02,4.8981547747e-01,4.4441728867e-01,4.5398188796e-02,5.3909474199e-01
1.9389071798e-01,1.1677894169e+00,2.7769242201e-02,4.9133471944e-01,4.4562462523e-01,4.5710094203e-02,5.4097207934e-01
1.9465406727e-01,1.1685027797e+00,2.7977883691e-02,4.9285129954e-01,4.4682856997e-01,4.6022729561e-02,5.4284784884e-01
1.9541741655e-01,1.1692165782e+00,2.8187213082e-02,4.9436522397e-01,4.4802913213e-01,4.6336091843e-02,5.4472205510e-01
1.9618076583e-01,1.1699308128e+00,2.8397229225e-02,4.9587649894e-01,4.4922632091e-01,4.6650178032e-02,5.4659470268e-01
1.9694411512e-01,1.1706454836e+00,2.8607930969e-02,4.9738513061e-01,4.5042014549e-01,4.6964985120e-02,5.4846579618e-01
1.9770746440e-01,1.1713605911e+00,2.8819317161e-02,4.9889112515e-01,4.5161061505e-01,4.7280510107e-02,5.5033534016e-01
1.9847081368e-01,1.1720761353e+00,2.9031386648e-02,5.0039448872e-01,4.5279773871e-01,4.7596750004e-02,5.5220333920e-01
1.9923416297e-01,1.1727921167e+00,2.9244138277e-02,5.0189522744e-01,4.5398152561e-01,4.7913701829e-02,5.5406979784e-01
1.9999751225e-01,1.1735085355e+00,2.9457570893e-02,5.0339334743e-01,4.5516198483e-01,4.8231362608e-02,5.5593472065e-01
2.0076086153e-01,1.1742253919e+00,2.9671683339e-02,5.0488885481e-01,4.5633912543e-01,4.8549729377e-02,5.5779811217e-01
2.0152421082e-01,1.1749426861e+00,2.9886474459e-02,5.0638175566e-01,4.5751295648e-01,4.8868799182e-02,5.5965997695e-01
2.0228756010e-01,1.1756604186e+00,3.0101943095e-02,5.0787205606e-01,4.5868348698e-01,4.9188569075e-02,5.6152031952e-01
2.0305090938e-01,1.1763785895e+00,3.0318088089e-02,5.0935976207e-01,4.5985072595e-01,4.9509036120e-02,5.6337914442e-01
2.0381425867e-01,1.1770971991e+00,3.0534908282e-02,5.1084487974e-01,4.6101468235e-01,4.9830197386e-02,5.6523645616e-01
2.0457760795e-01,1.1778162477e+00,3.0752402512e-02,5.1232741511e-01,4.6217536515e-01,5.0152049953e-02,5.6709225928e-01
2.0534095723e-01,1.1785357355e+00,3.0970569619e-02,5.1380737419e-01,4.6333278328e-01,5.0474590910e-02,5.6894655828e-01
2.0610430652e-01,1.1792556628e+00,3.1189408441e-02,5.1528476300e-01,4.6448694565e-01,5.0797817353e-02,5.7079935767e-01
2.0686765580e-01,1.1799760299e+00,3.1408917815e-02,5.1675958753e-01,4.6563786114e-01,5.1121726388e-02,5.7265066196e-01
2.0763100508e-01,1.1806968371e+00,3.1629096577e-02,5.1823185375e-01,4.6678553862e-01,5.1446315128e-02,5.7450047563e-01
2.0839435437e-01,1.1814180845e+00,3.1849943562e-02,5.1970156762e-01,4.6792998693e-01,5.1771580697e-02,5.7634880319e-01
2.0915770365e-01,1.1821397726e+00,3.2071457605e-02,5.2116873511e-01,4.6907121488e-01,5.2097520224e-02,5.7819564911e-01
2.0992105293e-01,1.1828619015e+00,3.2293637540e-02,5.2263336214e-01,4.7020923129e-01,5.2424130851e-02,5.8004101789e-01
2.1068440222e-01,1.1835844715e+00,3.2516482200e-02,5.2409545464e-01,4.7134404491e-01,5.2751409725e-02,5.8188491398e-01
2.1144775150e-01,1.1843074830e+00,3.2739990417e-02,5.2555501851e-01,4.7247566451e-01,5.3079354002e-02,5.8372734186e-01
2.1221110078e-01,1.1850309361e+00,3.2964161021e-02,5.2701205966e-01,4.7360409881e-01,5.3407960848e-02,5.8556830599e-01
2.1297445007e-01,1.1857548311e+00,3.3188992844e-02,5.2846658396e-01,4.7472935652e-01,5.3737227436e-02,5.8740781083e-01
2.1373779935e-01,1.1864791683e+00,3.3414484715e-02,5.2991859728e-01,4.7585144633e-01,5.4067150948e-02,5.8924586084e-01
2.1450114864e-01,1.1872039480e+00,3.3640635464e-02,5.3136810547e-01,4.7697037690e-01,5.4397728574e-02,5.9108246044e-01
2.1526449792e-01,1.1879291705e+00,3.3867443917e-02,5.3281511438e-01,4.7808615686e-01,5.4728957512e-02,5.9291761410e-01
2.1602784720e-01,1.1886548359e+00,3.4094908903e-02,5.3425962982e-01,4.7919879485e-01,5.5060834971e-02,5.9475132624e-01
2.1679119649e-01,1.1893809447e+00,3.4323029249e-02,5.3570165763e-01,4.8030829946e-01,5.5393358164e-02,5.9658360129e-01
2.1755454577e-01,1.1901074969e+00,3.4551803779e-02,5.3714120358e-01,4.8141467927e-01,5.5726524315e-02,5.9841444367e-01
2.1831789505e-01,1.1908344931e+00,3.4781231319e-02,5.3857827348e-01,4.8251794282e-01,5.6060330657e-02,6.0024385781e-01
2.1908124434e-01,1.1915619333e+00,3.5011310694e-02,5.4001287308e-01,4.8361809865e-01,5.6394774429e-02,6.0207184812e-01
2.1984459362e-01,1.1922898179e+00,3.5242040726e-02,5.4144500816e-01,4.8471515528e-01,5.6729852880e-02,6.0389841899e-01
2.2060794290e-01,1.1930181471e+00,3.5473420240e-02,5.4287468445e-01,4.8580912119e-01,5.7065563266e-02,6.0572357485e-01
2.2137129219e-01,1.1937469212e+00,3.5705448056e-02,5.4430190769e-01,4.8690000484e-01,5.7401902852e-02,6.0754732008e-01
2.2213464147e-01,1.1944761406e+00,3.5938122997e-02,5.4572668360e-01,4.8798781469e-01,5.7738868910e-02,6.0936965907e-01
2.2289799075e-01,1.1952058053e+00,3.6171443883e-02,5.4714901789e-01,4.8907255916e-01,5.8076458723e-02,6.1119059622e-01
2.2366134004e-01,1.1959359159e+00,3.6405409534e-02,5.4856891624e-01,4.9015424666e-01,5.8414669578e-02,6.1301013590e-01
2.2442468932e-01,1.1966664724e+00,3.6640018770e-02,5.4998638433e-01,4.9123288556e-01,5.8753498773e-02,6.1482828248e-01
2.2518803860e-01,1.1973974751e+00,3.6875270408e-02,5.5140142784e-01,4.9230848422e-01,5.9092943614e-02,6.1664504034e-01
2.2595138789e-01,1.1981289245e+00,3.7111163268e-02,5.5281405241e-01,4.9338105099e-01,5.9433001414e-02,6.1846041383e-01
2.2671473717e-01,1.1988608206e+00,3.7347696167e-02,5.5422426368e-01,4.9445059419e-01,5.9773669494e-02,6.2027440733e-01
2.2747808645e-01,1.1995931638e+00,3.7584867920e-02,5.5563206729e-01,4.9551712210e-01,6.0114945184e-02,6.2208702519e-01
2.2824143574e-01,1.2003259544e+00,3.7822677345e-02,5.5703746884e-01,4.9658064302e-01,6.0456825821e-02,6.2389827174e-01
2.2900478502e-01,1.2010591926e+00,3.8061123256e-02,5.5844047393e-01,4.9764116518e-01,6.0799308750e-02,6.2570815134e-01
2.2976813430e-01,1.2017928788e+00,3.8300204468e-02,5.5984108816e-01,4.9869869684e-01,6.1142391326e-02,6.2751666833e-01
2.3053148359e-01,1.2025270131e+00,3.8539919795e-02,5.6123931710e-01,4.9975324619e-01,6.1486070909e-02,6.2932382703e-01
2.3129483287e-01,1.2032615959e+00,3.8780268050e-02,5.6263516631e-01,5.0080482144e-01,6.1830344869e-02,6.3112963178e-01
2.3205818215e-01,1.2039966274e+00,3.9021248048e-02,5.6402864133e-01,5.0185343075e-01,6.2175210582e-02,6.3293408690e-01
2.3282153144e-01,1.2047321079e+00,3.9262858599e-02,5.6541974772e-01,5.0289908228e-01,6.2520665434e-02,6.3473719670e-01
2.3358488072e-01,1.2054680377e+00,3.9505098515e-02,5.6680849098e-01,5.0394178416e-01,6.2866706818e-02,6.3653896550e-01
2.3434823000e-01,1.2062044171e+00,3.9747966607e-02,5.6819487663e-01,5.0498154450e-01,6.3213332134e-02,6.3833939760e-01
2.3511157929e-01,1.2069412463e+00,3.9991461686e-02,5.6957891017e-01,5.0601837138e-01,6.3560538791e-02,6.4013849731e-01
2.3587492857e-01,1.2076785255e+00,4.0235582562e-02,5.7096059708e-01,5.0705227288e-01,6.3908324206e-02,6.4193626892e-01
2.3663827785e-01,1.2084162552e+00,4.0480328043e-02,5.7233994284e-01,5.0808325704e-01,6.4256685801e-02,6.4373271673e-01
2.3740162714e-01,1.2091544355e+00,4.0725696939e-02,5.7371695291e-01,5.0911133190e-01,6.4605621010e-02,6.4552784501e-01
2.3816497642e-01,1.2098930668e+00,4.0971688057e-02,5.7509163272e-01,5.1013650545e-01,6.4955127271e-02,6.4732165807e-01
2.3892832570e-01,1.2106321492e+00,4.1218300205e-02,5.7646398773e-01,5.1115878570e-01,6.5305202032e-02,6.4911416016e-01
2.3969167499e-01,1.2113716832e+00,4.1465532191e-02,5.7783402335e-01,5.1217818060e-01,6.5655842748e-02,6.5090535556e-01
2.4045502427e-01,1.2121116688e+00,4.1713382820e-02,5.7920174499e-01,5.1319469811e-01,6.6007046881e-02,6.5269524854e-01
2.4121837355e-01,1.2128521066e+00,4.1961850899e-02,5.8056715804e-01,5.1420834614e-01,6.6358811903e-02,6.5448384336e-01
2.4198172284e-01,1.2135929966e+00,4.2210935234e-02,5.8193026791e-01,5.1521913262e-01,6.6711135290e-02,6.5627114427e-01
2.4274507212e-01,1.2143343392e+00,4.2460634628e-02,5.8329107994e-01,5.1622706541e-01,6.7064014528e-02,6.5805715553e-01
2.4350842140e-01,1.2150761347e+00,4.2710947886e-02,5.8464959951e-01,5.1723215240e-01,6.7417447111e-02,6.5984188138e-01
2.4427177069e-01,1.2158183833e+00,4.2961873813e-02,5.8600583197e-01,5.1823440143e-01,6.7771430540e-02,6.6162532607e-01
2.4503511997e-01,1.2165610853e+00,4.3213411212e-02,5.8735978265e-01,5.1923382033e-01,6.8125962321e-02,6.6340749383e-01
2.4579846925e-01,1.2173042410e+00,4.3465558885e-02,5.8871145687e-01,5.2023041690e-01,6.8481039972e-02,6.6518838890e-01
2.4656181854e-01,1.2180478507e+00,4.3718315636e-02,5.9006085995e-01,5.2122419893e-01,6.8836661016e-02,6.6696801549e-01
2.4732516782e-01,1.2187919147e+00,4.3971680266e-02,5.9140799718e-01,5.2221517420e-01,6.9192822982e-02,6.6874637783e-01
2.4808851710e-01,1.2195364331e+00,4.4225651576e-02,5.9275287385e-01,5.2320335044e-01,6.9549523411e-02,6.7052348015e-01
2.4885186639e-01,1.2202814064e+00,4.4480228368e-02,5.9409549524e-01,5.2418873539e-01,6.9906759847e-02,6.7229932664e-01
2.4961521567e-01,1.2210268347e+00,4.4735409442e-02,5.9543586660e-01,5.2517133676e-01,7.0264529843e-02,6.7407392153e-01
2.5037856495e-01,1.2217727184e+00,4.4991193599e-02,5.9677399320e-01,5.2615116224e-01,7.0622830960e-02,6.7584726900e-01
2.5114191424e-01,1.2225190577e+00,4.5247579638e-02,5.9810988026e-01,5.2712821949e-01,7.0981660767e-02,6.7761937327e-01
2.5190526352e-01,1.2232658530e+00,4.5504566358e-02,5.9944353302e-01,5.2810251618e-01,7.1341016838e-02,6.7939023851e-01
2.5266861281e-01,1.2240131044e+00,4.5762152559e-02,6.0077495668e-01,5.2907405993e-01,7.1700896757e-02,6.8115986892e-01
2.5343196209e-01,1.2247608123e+00,4.6020337038e-02,6.0210415646e-01,5.3004285835e-01,7.2061298113e-02,6.8292826869e-01
2.5419531137e-01,1.2255089770e+00,4.6279118594e-02,6.0343113754e-01,5.3100891904e-01,7.2422218503e-02,6.8469544199e-01
2.5495866066e-01,1.2262575986e+00,4.6538496025e-02,6.0475590511e-01,5.3197224957e-01,7.2783655533e-02,6.8646139299e-01
2.5572200994e-01,1.2270066776e+00,4.6798468128e-02,6.0607846432e-01,5.3293285750e-01,7.3145606814e-02,6.8822612587e-01
2.5648535922e-01,1.2277562142e+00,4.7059033699e-02,6.0739882033e-01,5.3389075037e-01,7.3508069966e-02,6.8998964479e-01
2.5724870851e-01,1.2285062086e+00,4.7320191535e-02,6.0871697830e-01,5.3484593568e-01,7.3871042615e-02,6.9175195390e-01
2.5801205779e-01,1.2292566612e+00,4.7581940432e-02,6.1003294334e-01,5.3579842095e-01,7.4234522395e-02,6.9351305737e-01
2.5877540707e-01,1.2300075722e+00,4.7844279186e-02,6.1134672059e-01,5.3674821364e-01,7.4598506946e-02,6.9527295935e-01
2.5953875636e-01,1.2307589420e+00,4.8107206593e-02,6.1265831514e-01,5.3769532122e-01,7.4962993918e-02,6.9703166397e-01
2.6030210564e-01,1.2315107707e+00,4.8370721447e-02,6.1396773209e-01,5.3863975113e-01,7.5327980964e-02,6.9878917538e-01
2.6106545492e-01,1.2322630586e+00,4.8634822543e-02,6.1527497654e-01,5.3958151079e-01,7.5693465748e-02,7.0054549772e-01
2.6182880421e-01,1.2330158062e+00,4.8899508675e-02,6.1658005355e-01,5.4052060761e-01,7.6059445939e-02,7.0230063512e-01
2.6259215349e-01,1.2337690135e+00,4.9164778638e-02,6.1788296819e-01,5.4145704897e-01,7.6425919214e-02,7.0405459170e-01
2.6335550277e-01,1.2345226810e+00,4.9430631225e-02,6.1918372550e-01,5.4239084225e-01,7.6792883256e-02,7.0580737159e-01
2.6411885206e-01,1.2352768088e+00,4.9697065230e-02,6.2048233053e-01,5.4332199477e-01,7.7160335757e-02,7.0755897891e-01
2.6488220134e-01,1.2360313973e+00,4.9964079446e-02,6.2177878830e-01,5.4425051389e-01,7.7528274414e-02,7.0930941777e-01
2.6564555062e-01,1.2367864468e+00,5.0231672665e-02,6.2307310383e-01,5.4517640690e-01,7.7896696933e-02,7.1105869227e-01
2.6640889991e-01,1.2375419575e+00,5.0499843680e-02,6.2436528213e-01,5.4609968111e-01,7.8265601024e-02,7.1280680653e-01
2.6717224919e-01,1.2382979297e+00,5.0768591283e-02,6.2565532818e-01,5.4702034378e-01,7.8634984408e-02,7.1455376464e-01
2.6793559847e-01,1.2390543637e+00,5.1037914266e-02,6.2694324698e-01,5.4793840217e-01,7.9004844810e-02,7.1629957071e-01
2.6869894776e-01,1.2398112598e+00,5.1307811422e-02,6.2822904348e-01,5.4885386352e-01,7.9375179963e-02,7.1804422881e-01
2.6946229704e-01,1.2405686183e+00,5.1578281540e-02,6.2951272265e-01,5.4976673504e-01,7.9745987607e-02,7.1978774303e-01
2.7022564632e-01,1.2413264394e+00,5.1849323413e-02,6.3079428944e-01,5.5067702395e-01,8.0117265489e-02,7.2153011747e-01
2.7098899561e-01,1.2420847234e+00,5.2120935831e-02,6.3207374879e-01,5.5158473743e-01,8.0489011362e-02,7.2327135618e-01
2.7175234489e-01,1.2428434706e+00,5.2393117585e-02,6.3335110561e-01,5.5248988263e-01,8.0861222988e-02,7.2501146326e-01
2.7251569417e-01,1.2436026814e+00,5.2665867466e-02,6.3462636484e-01,5.5339246670e-01,8.1233898133e-02,7.2675044277e-01
2.7327904346e-01,1.2443623559e+00,5.2939184263e-02,6.3589953136e-01,5.5429249678e-01,8.1607034572e-02,7.2848829876e-01
2.7404239274e-01,1.2451224944e+00,5.3213066767e-02,6.3717061007e-01,5.5518997998e-01,8.1980630086e-02,7.3022503531e-01
2.7480574202e-01,1.2458830974e+00,5.3487513766e-02,6.3843960585e-01,5.5608492339e-01,8.2354682464e-02,7.3196065646e-01
2.7556909131e-01,1.2466441649e+00,5.3762524052e-02,6.3970652358e-01,5.5697733408e-01,8.2729189499e-02,7.3369516628e-01
2.7633244059e-01,1.2474056973e+00,5.4038096413e-02,6.4097136811e-01,5.5786721911e-01,8.3104148994e-02,7.3542856879e-01
2.7709578987e-01,1.2481676950e+00,5.4314229639e-02,6.4223414429e-01,5.5875458553e-01,8.3479558757e-02,7.3716086806e-01
2.7785913916e-01,1.2489301581e+00,5.4590922517e-02,6.4349485695e-01,5.5963944035e-01,8.3855416603e-02,7.3889206811e-01
2.7862248844e-01,1.2496930870e+00,5.4868173838e-02,6.4475351093e-01,5.6052179058e-01,8.4231720354e-02,7.4062217297e-01
2.7938583772e-01,1.2504564819e+00,5.5145982390e-02,6.4601011104e-01,5.6140164320e-01,8.4608467839e-02,7.4235118669e-01
2.8014918701e-01,1.2512203432e+00,5.5424346961e-02,6.4726466209e-01,5.6227900520e-01,8.4985656892e-02,7.4407911328e-01
2.8091253629e-01,1.2519846711e+00,5.5703266339e-02,6.4851716886e-01,5.6315388350e-01,8.5363285357e-02,7.4580595677e-01
2.8167588557e-01,1.2527494658e+00,5.5982739313e-02,6.4976763614e-01,5.6402628506e-01,8.5741351081e-02,7.4753172117e-01
2.8243923486e-01,1.2535147278e+00,5.6262764671e-02,6.5101606871e-01,5.6489621679e-01,8.6119851919e-02,7.4925641049e-01
2.8320258414e-01,1.2542804572e+00,5.6543341200e-02,6.5226247132e-01,5.6576368559e-01,8.6498785735e-02,7.5098002874e-01
2.8396593342e-01,1.2550466544e+00,5.6824467688e-02,6.5350684873e-01,5.6662869833e-01,8.6878150395e-02,7.5270257994e-01
2.8472928271e-01,1.2558133197e+00,5.7106142924e-02,6.5474920567e-01,5.6749126189e-01,8.7257943776e-02,7.5442406806e-01
2.8549263199e-01,1.2565804532e+00,5.7388365694e-02,6.5598954687e-01,5.6835138311e-01,8.7638163759e-02,7.5614449713e-01
2.8625598127e-01,1.2573480554e+00,5.7671134785e-02,6.5722787706e-01,5.6920906883e-01,8.8018808233e-02,7.5786387111e-01
2.8701933056e-01,1.2581161265e+00,5.7954448986e-02,6.5846420094e-01,5.7006432585e-01,8.8399875091e-02,7.5958219401e-01
2.8778267984e-01,1.2588846668e+00,5.8238307083e-02,6.5969852321e-01,5.7091716097e-01,8.8781362236e-02,7.6129946980e-01
2.8854602912e-01,1.2596536765e+00,5.8522707864e-02,6.6093084855e-01,5.7176758098e-01,8.9163267576e-02,7.6301570246e-01
2.8930937841e-01,1.2604231561e+00,5.8807650115e-02,6.6216118165e-01,5.7261559263e-01,8.9545589024e-02,7.6473089598e-01
2.9007272769e-01,1.2611931056e+00,5.9093132623e-02,6.6338952717e-01,5.7346120266e-01,8.9928324501e-02,7.6644505431e-01
2.9083607698e-01,1.2619635255e+00,5.9379154176e-02,6.6461588975e-01,5.7430441782e-01,9.0311471935e-02,7.6815818143e-01
2.9159942626e-01,1.2627344160e+00,5.9665713560e-02,6.6584027406e-01,5.7514524480e-01,9.0695029260e-02,7.6987028130e-01
2.9236277554e-01,1.2635057775e+00,5.9952809562e-02,6.6706268472e-01,5.7598369030e-01,9.1078994415e-02,7.7158135787e-01
2.9312612483e-01,1.2642776101e+00,6.0240440968e-02,6.6828312635e-01,5.7681976101e-01,9.1463365348e-02,7.7329141511e-01
2.9388947411e-01,1.2650499142e+00,6.0528606566e-02,6.6950160358e-01,5.7765346357e-01,9.1848140011e-02,7.7500045696e-01
2.9465282339e-01,1.2658226901e+00,6.0817305142e-02,6.7071812100e-01,5.7848480464e-01,9.2233316363e-02,7.7670848738e-01
2.9541617268e-01,1.2665959381e+00,6.1106535482e-02,6.7193268321e-01,5.7931379084e-01,9.2618892370e-02,7.7841551029e-01
2.9617952196e-01,1.2673696584e+00,6.1396296374e-02,6.7314529479e-01,5.8014042878e-01,9.3004866005e-02,7.8012152964e-01
2.9694287124e-01,1.2681438513e+00,6.1686586603e-02,6.7435596031e-01,5.8096472506e-01,9.3391235245e-02,7.8182654937e-01
2.9770622053e-01,1.2689185172e+00,6.1977404958e-02,6.7556468433e-01,5.8178668626e-01,9.3777998075e-02,7.8353057341e-01
2.9846956981e-01,1.2696936563e+00,6.2268750223e-02,6.7677147141e-01,5.8260631893e-01,9.4165152487e-02,7.8523360567e-01
2.9923291909e-01,1.2704692689e+00,6.2560621185e-02,6.7797632610e-01,5.8342362962e-01,9.4552696477e-02,7.8693565010e-01
2.9999626838e-01,1.2712453553e+00,6.2853016633e-02,6.7917925291e-01,5.8423862486e-01,9.4940628049e-02,7.8863671059e-01
3.0075961766e-01,1.2720219157e+00,6.3145935351e-02,6.8038025637e-01,5.8505131116e-01,9.5328945212e-02,7.9033679108e-01
3.0152296694e-01,1.2727989506e+00,6.3439376126e-02,6.8157934100e-01,5.8586169502e-01,9.5717645983e-02,7.9203589546e-01
3.0228631623e-01,1.2735764601e+00,6.3733337746e-02,6.8277651130e-01,5.8666978291e-01,9.6106728384e-02,7.9373402765e-01
3.0304966551e-01,1.2743544446e+00,6.4027818998e-02,6.8397177175e-01,5.8747558131e-01,9.6496190444e-02,7.9543119155e-01
3.0381301479e-01,1.2751329043e+00,6.4322818667e-02,6.8516512684e-01,5.8827909664e-01,9.6886030196e-02,7.9712739106e-01
3.0457636408e-01,1.2759118395e+00,6.4618335541e-02,6.8635658104e-01,5.8908033536e-01,9.7276245681e-02,7.9882263007e-01
3.0533971336e-01,1.2766912506e+00,6.4914368406e-02,6.8754613881e-01,5.8987930387e-01,9.7666834947e-02,8.0051691248e-01
3.0610306264e-01,1.2774711378e+00,6.5210916051e-02,6.8873380461e-01,5.9067600856e-01,9.8057796046e-02,8.0221024218e-01
3.0686641193e-01,1.2782515014e+00,6.5507977261e-02,6.8991958287e-01,5.9147045583e-01,9.8449127038e-02,8.0390262304e-01
3.0762976121e-01,1.2790323417e+00,6.5805550824e-02,6.9110347802e-01,5.9226265204e-01,9.8840825987e-02,8.0559405895e-01
3.0839311049e-01,1.2798136590e+00,6.6103635527e-02,6.9228549450e-01,5.9305260353e-01,9.9232890965e-02,8.0728455378e-01
3.0915645978e-01,1.2805954535e+00,6.6402230158e-02,6.9346563670e-01,5.9384031665e-01,9.9625320050e-02,8.0897411141e-01
3.0991980906e-01,1.2813777256e+00,6.6701333504e-02,6.9464390904e-01,5.9462579772e-01,1.0001811132e-01,8.1066273570e-01
3.1068315834e-01,1.2821604756e+00,6.7000944353e-02,6.9582031590e-01,5.9540905303e-01,1.0041126288e-01,8.1235043053e-01
3.1144650763e-01,1.2829437038e+00,6.7301061491e-02,6.9699486167e-01,5.9619008887e-01,1.0080477281e-01,8.1403719975e-01
3.1220985691e-01,1.2837274104e+00,6.7601683708e-02,6.9816755072e-01,5.9696891151e-01,1.0119863921e-01,8.1572304721e-01
3.1297320619e-01,1.2845115957e+00,6.7902809791e-02,6.9933838742e-01,5.9774552722e-01,1.0159286020e-01,8.1740797678e-01
3.1373655548e-01,1.2852962601e+00,6.8204438527e-02,7.0050737611e-01,5.9851994223e-01,1.0198743388e-01,8.1909199231e-01
3.1449990476e-01,1.2860814038e+00,6.8506568706e-02,7.0167452114e-01,5.9929216276e-01,1.0238235839e-01,8.2077509763e-01
3.1526325404e-01,1.2868670271e+00,6.8809199116e-02,7.0283982685e-01,6.0006219502e-01,1.0277763183e-01,8.2245729659e-01
3.1602660333e-01,1.2876531303e+00,6.9112328544e-02,7.0400329756e-01,6.0083004521e-01,1.0317325235e-01,8.2413859304e-01
3.1678995261e-01,1.2884397138e+00,6.9415955781e-02,7.0516493758e-01,6.0159571951e-01,1.0356921807e-01,8.2581899081e-01
3.1755330189e-01,1.2892267777e+00,6.9720079614e-02,7.0632475123e-01,6.0235922407e-01,1.0396552715e-01,8.2749849372e-01
3.1831665118e-01,1.2900143224e+00,7.0024698832e-02,7.0748274279e-01,6.0312056505e-01,1.0436217773e-01,8.2917710561e-01
3.1908000046e-01,1.2908023482e+00,7.0329812226e-02,7.0863891655e-01,6.0387974858e-01,1.0475916797e-01,8.3085483030e-01
3.1984334974e-01,1.2915908554e+00,7.0635418584e-02,7.0979327680e-01,6.0463678076e-01,1.0515649603e-01,8.3253167161e-01
3.2060669903e-01,1.2923798442e+00,7.0941516695e-02,7.1094582779e-01,6.0539166771e-01,1.0555416007e-01,8.3420763337e-01
3.2137004831e-01,1.2931693150e+00,7.1248105350e-02,7.1209657378e-01,6.0614441551e-01,1.0595215827e-01,8.3588271938e-01
3.2213339759e-01,1.2939592681e+00,7.1555183339e-02,7.1324551904e-01,6.0689503023e-01,1.0635048880e-01,8.3755693345e-01
3.2289674688e-01,1.2947497037e+00,7.1862749452e-02,7.1439266778e-01,6.0764351792e-01,1.0674914986e-01,8.3923027939e-01
3.2366009616e-01,1.2955406222e+00,7.2170802479e-02,7.1553802425e-01,6.0838988463e-01,1.0714813961e-01,8.4090276101e-01
3.2442344544e-01,1.2963320238e+00,7.2479341211e-02,7.1668159266e-01,6.0913413638e-01,1.0754745628e-01,8.4257438210e-01
3.2518679473e-01,1.2971239089e+00,7.2788364438e-02,7.1782337723e-01,6.0987627918e-01,1.0794709805e-01,8.4424514646e-01
3.2595014401e-01,1.2979162777e+00,7.3097870953e-02,7.1896338215e-01,6.1061631902e-01,1.0834706313e-01,8.4591505788e-01
3.2671349329e-01,1.2987091305e+00,7.3407859546e-02,7.2010161163e-01,6.1135426189e-01,1.0874734973e-01,8.4758412015e-01
3.2747684258e-01,1.2995024677e+00,7.3718329009e-02,7.2123806983e-01,6.1209011375e-01,1.0914795608e-01,8.4925233706e-01
3.2824019186e-01,1.3002962895e+00,7.4029278134e-02,7.2237276095e-01,6.1282388055e-01,1.0954888039e-01,8.5091971239e-01
3.2900354115e-01,1.3010905962e+00,7.4340705713e-02,7.2350568914e-01,6.1355556823e-01,1.0995012090e-01,8.5258624991e-01
3.2976689043e-01,1.3018853881e+00,7.4652610539e-02,7.2463685855e-01,6.1428518271e-01,1.1035167585e-01,8.5425195341e-01
3.3053023971e-01,1.3026806655e+00,7.4964991404e-02,7.2576627334e-01,6.1501272988e-01,1.1075354346e-01,8.5591682665e-01
3.3129358900e-01,1.3034764288e+00,7.5277847101e-02,7.2689393765e-01,6.1573821565e-01,1.1115572200e-01,8.5758087341e-01
3.3205693828e-01,1.3042726781e+00,7.5591176424e-02,7.2801985559e-01,6.1646164589e-01,1.1155820970e-01,8.5924409744e-01
3.3282028756e-01,1.3050694138e+00,7.5904978165e-02,7.2914403130e-01,6.1718302646e-01,1.1196100484e-01,8.6090650252e-01
3.3358363685e-01,1.3058666363e+00,7.6219251120e-02,7.3026646887e-01,6.1790236321e-01,1.1236410567e-01,8.6256809239e-01
3.3434698613e-01,1.3066643457e+00,7.6533994082e-02,7.3138717242e-01,6.1861966197e-01,1.1276751046e-01,8.6422887081e-01
3.3511033541e-01,1.3074625425e+00,7.6849205846e-02,7.3250614604e-01,6.1933492855e-01,1.1317121748e-01,8.6588884154e-01
3.3587368470e-01,1.3082612268e+00,7.7164885206e-02,7.3362339380e-01,6.2004816877e-01,1.1357522503e-01,8.6754800831e-01
3.3663703398e-01,1.3090603990e+00,7.7481030958e-02,7.3473891978e-01,6.2075938841e-01,1.1397953137e-01,8.6920637489e-01
3.3740038326e-01,1.3098600594e+00,7.7797641898e-02,7.3585272806e-01,6.2146859325e-01,1.1438413481e-01,8.7086394500e-01
3.3816373255e-01,1.3106602083e+00,7.8114716820e-02,7.3696482267e-01,6.2217578904e-01,1.1478903363e-01,8.7252072239e-01
3.3892708183e-01,1.3114608459e+00,7.8432254522e-02,7.3807520768e-01,6.2288098153e-01,1.1519422615e-01,8.7417671079e-01
3.3969043111e-01,1.3122619727e+00,7.8750253800e-02,7.3918388712e-01,6.2358417645e-01,1.1559971067e-01,8.7583191394e-01
3.4045378040e-01,1.3130635888e+00,7.9068713451e-02,7.4029086502e-01,6.2428537952e-01,1.1600548550e-01,8.7748633555e-01
3.4121712968e-01,1.3138656946e+00,7.9387632271e-02,7.4139614541e-01,6.2498459645e-01,1.1641154896e-01,8.7913997936e-01
3.4198047896e-01,1.3146682904e+00,7.9707009060e-02,7.4249973228e-01,6.2568183291e-01,1.1681789937e-01,8.8079284909e-01
3.4274382825e-01,1.3154713765e+00,8.0026842614e-02,7.4360162966e-01,6.2637709459e-01,1.1722453507e-01,8.8244494846e-01
3.4350717753e-01,1.3162749531e+00,8.0347131733e-02,7.4470184153e-01,6.2707038714e-01,1.1763145438e-01,8.8409628117e-01
3.4427052681e-01,1.3170790206e+00,8.0667875214e-02,7.4580037187e-01,6.2776171622e-01,1.1803865565e-01,8.8574685095e-01
3.4503387610e-01,1.3178835793e+00,8.0989071858e-02,7.4689722467e-01,6.2845108744e-01,1.1844613723e-01,8.8739666150e-01
3.4579722538e-01,1.3186886295e+00,8.1310720464e-02,7.4799240390e-01,6.2913850644e-01,1.1885389746e-01,8.8904571653e-01
3.4656057466e-01,1.3194941715e+00,8.1632819831e-02,7.4908591351e-01,6.2982397881e-01,1.1926193470e-01,8.9069401974e-01
3.4732392395e-01,1.3203002055e+00,8.1955368761e-02,7.5017775746e-01,6.3050751015e-01,1.1967024731e-01,8.9234157483e-01
3.4808727323e-01,1.3211067319e+00,8.2278366054e-02,7.5126793969e-01,6.3118910603e-01,1.2007883366e-01,8.9398838549e-01
3.4885062251e-01,1.3219137510e+00,8.2601810511e-02,7.5235646413e-01,6.3186877201e-01,1.2048769212e-01,8.9563445543e-01
3.4961397180e-01,1.3227212631e+00,8.2925700935e-02,7.5344333471e-01,6.3254651364e-01,1.2089682106e-01,8.9727978832e-01
3.5037732108e-01,1.3235292684e+00,8.3250036127e-02,7.5452855534e-01,6.3322233646e-01,1.2130621888e-01,8.9892438786e-01
3.5114067036e-01,1.3243377674e+00,8.3574814889e-02,7.5561212994e-01,6.3389624599e-01,1.2171588395e-01,9.0056825773e-01
3.5190401965e-01,1.3251467602e+00,8.3900036026e-02,7.5669406241e-01,6.3456824773e-01,1.2212581468e-01,9.0221140160e-01
3.5266736893e-01,1.3259562472e+00,8.4225698340e-02,7.5777435663e-01,6.3523834717e-01,1.2253600945e-01,9.0385382316e-01
3.5343071821e-01,1.3267662287e+00,8.4551800635e-02,7.5885301648e-01,6.3590654981e-01,1.2294646668e-01,9.0549552609e-01
3.5419406750e-01,1.3275767050e+00,8.4878341717e-02,7.5993004585e-01,6.3657286109e-01,1.2335718476e-01,9.0713651405e-01
3.5495741678e-01,1.3283876764e+00,8.5205320389e-02,7.6100544860e-01,6.3723728648e-01,1.2376816212e-01,9.0877679070e-01
3.5572076606e-01,1.3291991431e+00,8.5532735457e-02,7.6207922859e-01,6.3789983142e-01,1.2417939718e-01,9.1041635973e-01
3.5648411535e-01,1.3300111056e+00,8.5860585727e-02,7.6315138967e-01,6.3856050132e-01,1.2459088835e-01,9.1205522478e-01
3.5724746463e-01,1.3308235641e+00,8.6188870006e-02,7.6422193567e-01,6.3921930160e-01,1.2500263407e-01,9.1369338952e-01
3.5801081391e-01,1.3316365188e+00,8.6517587099e-02,7.6529087043e-01,6.3987623766e-01,1.2541463277e-01,9.1533085760e-01
3.5877416320e-01,1.3324499702e+00,8.6846735816e-02,7.6635819778e-01,6.4053131489e-01,1.2582688289e-01,9.1696763268e-01
3.5953751248e-01,1.3332639185e+00,8.7176314963e-02,7.6742392153e-01,6.4118453865e-01,1.2623938288e-01,9.1860371840e-01
3.6030086176e-01,1.3340783640e+00,8.7506323349e-02,7.6848804549e-01,6.4183591431e-01,1.2665213118e-01,9.2023911842e-01
3.6106421105e-01,1.3348933070e+00,8.7836759783e-02,7.6955057346e-01,6.4248544720e-01,1.2706512626e-01,9.2187383637e-01
3.6182756033e-01,1.3357087479e+00,8.8167623074e-02,7.7061150922e-01,6.4313314266e-01,1.2747836656e-01,9.2350787591e-01
3.6259090961e-01,1.3365246868e+00,8.8498912032e-02,7.7167085657e-01,6.4377900601e-01,1.2789185056e-01,9.2514124066e-01
3.6335425890e-01,1.3373411242e+00,8.8830625468e-02,7.7272861928e-01,6.4442304256e-01,1.2830557672e-01,9.2677393426e-01
3.6411760818e-01,1.3381580604e+00,8.9162762192e-02,7.7378480111e-01,6.4506525758e-01,1.2871954353e-01,9.2840596035e-01
3.6488095746e-01,1.3389754955e+00,8.9495321018e-02,7.7483940583e-01,6.4570565637e-01,1.2913374945e-01,9.3003732256e-01
3.6564430675e-01,1.3397934300e+00,8.9828300755e-02,7.7589243718e-01,6.4634424419e-01,1.2954819298e-01,9.3166802450e-01
3.6640765603e-01,1.3406118642e+00,9.0161700218e-02,7.7694389890e-01,6.4698102629e-01,1.2996287261e-01,9.3329806981e-01
3.6717100532e-01,1.3414307983e+00,9.0495518220e-02,7.7799379474e-01,6.4761600792e-01,1.3037778682e-01,9.3492746211e-01
3.6793435460e-01,1.3422502327e+00,9.0829753574e-02,7.7904212841e-01,6.4824919428e-01,1.3079293413e-01,9.3655620501e-01
3.6869770388e-01,1.3430701676e+00,9.1164405095e-02,7.8008890364e-01,6.4888059061e-01,1.3120831303e-01,9.3818430213e-01
3.6946105317e-01,1.3438906034e+00,9.1499471598e-02,7.8113412414e-01,6.4951020210e-01,1.3162392204e-01,9.3981175707e-01
3.7022440245e-01,1.3447115404e+00,9.1834951898e-02,7.8217779360e-01,6.5013803394e-01,1.3203975966e-01,9.4143857346e-01
3.7098775173e-01,1.3455329789e+00,9.2170844812e-02,7.8321991573e-01,6.5076409130e-01,1.3245582442e-01,9.4306475490e-01
3.7175110102e-01,1.3463549191e+00,9.2507149156e-02,7.8426049420e-01,6.5138837935e-01,1.3287211485e-01,9.4469030499e-01
3.7251445030e-01,1.3471773615e+00,9.2843863749e-02,7.8529953270e-01,6.5201090323e-01,1.3328862947e-01,9.4631522733e-01
3.7327779958e-01,1.3480003062e+00,9.3180987407e-02,7.8633703490e-01,6.5263166808e-01,1.3370536682e-01,9.4793952552e-01
3.7404114887e-01,1.3488237537e+00,9.3518518950e-02,7.8737300446e-01,6.5325067902e-01,1.3412232544e-01,9.4956320316e-01
3.7480449815e-01,1.3496477042e+00,9.3856457197e-02,7.8840744503e-01,6.5386794117e-01,1.3453950386e-01,9.5118626384e-01
3.7556784743e-01,1.3504721580e+00,9.4194800967e-02,7.8944036026e-01,6.5448345962e-01,1.3495690064e-01,9.5280871114e-01
3.7633119672e-01,1.3512971154e+00,9.4533549082e-02,7.9047175379e-01,6.5509723945e-01,1.3537451434e-01,9.5443054867e-01
3.7709454600e-01,1.3521225768e+00,9.4872700362e-02,7.9150162926e-01,6.5570928575e-01,1.3579234351e-01,9.5605177999e-01
3.7785789528e-01,1.3529485424e+00,9.5212253629e-02,7.9252999028e-01,6.5631960357e-01,1.3621038671e-01,9.5767240869e-01
3.7862124457e-01,1.3537750125e+00,9.5552207706e-02,7.9355684047e-01,6.5692819795e-01,1.3662864252e-01,9.5929243836e-01
3.7938459385e-01,1.3546019876e+00,9.5892561415e-02,7.9458218344e-01,6.5753507394e-01,1.3704710950e-01,9.6091187256e-01
3.8014794313e-01,1.3554294678e+00,9.6233313581e-02,7.9560602279e-01,6.5814023655e-01,1.3746578623e-01,9.6253071488e-01
3.8091129242e-01,1.3562574535e+00,9.6574463028e-02,7.9662836210e-01,6.5874369080e-01,1.3788467130e-01,9.6414896888e-01
3.8167464170e-01,1.3570859449e+00,9.6916008580e-02,7.9764920498e-01,6.5934544169e-01,1.3830376329e-01,9.6576663812e-01
3.8243799098e-01,1.3579149425e+00,9.7257949065e-02,7.9866855498e-01,6.5994549419e-01,1.3872306079e-01,9.6738372619e-01
3.8320134027e-01,1.3587444465e+00,9.7600283308e-02,7.9968641569e-01,6.6054385328e-01,1.3914256241e-01,9.6900023663e-01
3.8396468955e-01,1.3595744572e+00,9.7943010136e-02,8.0070279066e-01,6.6114052393e-01,1.3956226673e-01,9.7061617302e-01
3.8472803883e-01,1.3604049749e+00,9.8286128377e-02,8.0171768345e-01,6.6173551108e-01,1.3998217237e-01,9.7223153890e-01
3.8549138812e-01,1.3612359999e+00,9.8629636859e-02,8.0273109761e-01,6.6232881966e-01,1.4040227794e-01,9.7384633784e-01
3.8625473740e-01,1.3620675326e+00,9.8973534413e-02,8.0374303666e-01,6.6292045461e-01,1.4082258206e-01,9.7546057338e-01
3.8701808668e-01,1.3628995733e+00,9.9317819868e-02,8.0475350415e-01,6.6351042082e-01,1.4124308333e-01,9.7707424908e-01
3.8778143597e-01,1.3637321222e+00,9.9662492054e-02,8.0576250360e-01,6.6409872321e-01,1.4166378039e-01,9.7868736849e-01
3.8854478525e-01,1.3645651797e+00,1.0000754980e-01,8.0677003853e-01,6.6468536666e-01,1.4208467187e-01,9.8029993514e-01
3.8930813453e-01,1.3653987461e+00,1.0035299195e-01,8.0777611243e-01,6.6527035604e-01,1.4250575639e-01,9.8191195258e-01
3.9007148382e-01,1.3662328216e+00,1.0069881732e-01,8.0878072883e-01,6.6585369622e-01,1.4292703261e-01,9.8352342435e-01
3.9083483310e-01,1.3670674067e+00,1.0104502475e-01,8.0978389120e-01,6.6643539205e-01,1.4334849915e-01,9.8513435399e-01
3.9159818238e-01,1.3679025016e+00,1.0139161308e-01,8.1078560303e-01,6.6701544836e-01,1.4377015467e-01,9.8674474503e-01
3.9236153167e-01,1.3687381066e+00,1.0173858114e-01,8.1178586781e-01,6.6759386999e-01,1.4419199782e-01,9.8835460101e-01
3.9312488095e-01,1.3695742221e+00,1.0208592776e-01,8.1278468901e-01,6.6817066175e-01,1.4461402725e-01,9.8996392545e-01
3.9388823023e-01,1.3704108483e+00,1.0243365179e-01,8.1378207008e-01,6.6874582844e-01,1.4503624164e-01,9.9157272188e-01
3.9465157952e-01,1.3712479856e+00,1.0278175206e-01,8.1477801449e-01,6.6931937486e-01,1.4545863963e-01,9.9318099383e-01
3.9541492880e-01,1.3720856343e+00,1.0313022740e-01,8.1577252569e-01,6.6989130578e-01,1.4588121991e-01,9.9478874482e-01
3.9617827808e-01,1.3729237947e+00,1.0347907667e-01,8.1676560712e-01,6.7046162597e-01,1.4630398114e-01,9.9639597836e-01
3.9694162737e-01,1.3737624671e+00,1.0382829869e-01,8.1775726220e-01,6.7103034019e-01,1.4672692201e-01,9.9800269798e-01
3.9770497665e-01,1.3746016517e+00,1.0417789230e-01,8.1874749438e-01,6.7159745318e-01,1.4715004120e-01,9.9960890720e-01
3.9846832593e-01,1.3754413491e+00,1.0452785636e-01,8.1973630707e-01,6.7216296967e-01,1.4757333740e-01,1.0012146095e+00
3.9923167522e-01,1.3762815593e+00,1.0487818969e-01,8.2072370369e-01,6.7272689439e-01,1.4799680929e-01,1.0028198084e+00
3.9999502450e-01,1.3771222828e+00,1.0522889115e-01,8.2170968763e-01,6.7328923204e-01,1.4842045558e-01,1.0044245075e+00
4.0075837378e-01,1.3779635199e+00,1.0557995957e-01,8.2269426230e-01,6.7384998732e-01,1.4884427497e-01,1.0060287102e+00
4.0152172307e-01,1.3788052709e+00,1.0593139380e-01,8.2367743109e-01,6.7440916492e-01,1.4926826617e-01,1.0076324200e+00
4.0228507235e-01,1.3796475360e+00,1.0628319269e-01,8.2465919738e-01,6.7496676951e-01,1.4969242787e-01,1.0092356404e+00
4.0304842163e-01,1.3804903157e+00,1.0663535508e-01,8.2563956456e-01,6.7552280575e-01,1.5011675881e-01,1.0108383750e+00
4.0381177092e-01,1.3813336102e+00,1.0698787982e-01,8.2661853598e-01,6.7607727829e-01,1.5054125769e-01,1.0124406272e+00
4.0457512020e-01,1.3821774199e+00,1.0734076576e-01,8.2759611502e-01,6.7663019178e-01,1.5096592324e-01,1.0140424005e+00
4.0533846948e-01,1.3830217449e+00,1.0769401173e-01,8.2857230502e-01,6.7718155084e-01,1.5139075419e-01,1.0156436984e+00
4.0610181877e-01,1.3838665858e+00,1.0804761661e-01,8.2954710935e-01,6.7773136008e-01,1.5181574926e-01,1.0172445244e+00
4.0686516805e-01,1.3847119428e+00,1.0840157922e-01,8.3052053133e-01,6.7827962412e-01,1.5224090721e-01,1.0188448820e+00
4.0762851734e-01,1.3855578161e+00,1.0875589843e-01,8.3149257430e-01,6.7882634754e-01,1.5266622676e-01,1.0204447747e+00
4.0839186662e-01,1.3864042062e+00,1.0911057309e-01,8.3246324159e-01,6.7937153494e-01,1.5309170666e-01,1.0220442059e+00
4.0915521590e-01,1.3872511133e+00,1.0946560204e-01,8.3343253653e-01,6.7991519087e-01,1.5351734565e-01,1.0236431791e+00
4.0991856519e-01,1.3880985377e+00,1.0982098415e-01,8.3440046242e-01,6.8045731991e-01,1.5394314251e-01,1.0252416979e+00
4.1068191447e-01,1.3889464798e+00,1.1017671826e-01,8.3536702256e-01,6.8099792659e-01,1.5436909597e-01,1.0268397656e+00
4.1144526375e-01,1.3897949399e+00,1.1053280324e-01,8.3633222027e-01,6.8153701546e-01,1.5479520481e-01,1.0284373858e+00
4.1220861304e-01,1.3906439183e+00,1.1088923793e-01,8.3729605883e-01,6.8207459104e-01,1.5522146779e-01,1.0300345619e+00
4.1297196232e-01,1.3914934153e+00,1.1124602120e-01,8.3825854153e-01,6.8261065785e-01,1.5564788368e-01,1.0316312974e+00
4.1373531160e-01,1.3923434312e+00,1.1160315190e-01,8.3921967164e-01,6.8314522039e-01,1.5607445125e-01,1.0332275958e+00
4.1449866089e-01,1.3931939663e+00,1.1196062889e-01,8.4017945244e-01,6.8367828315e-01,1.5650116929e-01,1.0348234605e+00
4.1526201017e-01,1.3940450211e+00,1.1231845103e-01,8.4113788719e-01,6.8420985062e-01,1.5692803657e-01,1.0364188950e+00
4.1602535945e-01,1.3948965957e+00,1.1267661719e-01,8.4209497915e-01,6.8473992726e-01,1.5735505189e-01,1.0380139027e+00
4.1678870874e-01,1.3957486905e+00,1.1303512621e-01,8.4305073158e-01,6.8526851754e-01,1.5778221403e-01,1.0396084872e+00
4.1755205802e-01,1.3966013058e+00,1.1339397697e-01,8.4400514771e-01,6.8579562591e-01,1.5820952180e-01,1.0412026518e+00
4.1831540730e-01,1.3974544420e+00,1.1375316833e-01,8.4495823078e-01,6.8632125679e-01,1.5863697399e-01,1.0427964000e+00
4.1907875659e-01,1.3983080993e+00,1.1411269915e-01,8.4590998402e-01,6.8684541462e-01,1.5906456940e-01,1.0443897352e+00
4.1984210587e-01,1.3991622780e+00,1.1447256829e-01,8.4686041067e-01,6.8736810382e-01,1.5949230685e-01,1.0459826610e+00
4.2060545515e-01,1.4000169786e+00,1.1483277463e-01,8.4780951392e-01,6.8788932878e-01,1.5992018514e-01,1.0475751808e+00
4.2136880444e-01,1.4008722013e+00,1.1519331703e-01,8.4875729700e-01,6.8840909391e-01,1.6034820309e-01,1.0491672979e+00
4.2213215372e-01,1.4017279464e+00,1.1555419435e-01,8.4970376311e-01,6.8892740358e-01,1.6077635953e-01,1.0507590159e+00
4.2289550300e-01,1.4025842142e+00,1.1591540548e-01,8.5064891545e-01,6.8944426217e-01,1.6120465328e-01,1.0523503382e+00
4.2365885229e-01,1.4034410051e+00,1.1627694926e-01,8.5159275720e-01,6.8995967404e-01,1.6163308316e-01,1.0539412682e+00
4.2442220157e-01,1.4042983194e+00,1.1663882458e-01,8.5253529155e-01,6.9047364354e-01,1.6206164801e-01,1.0555318093e+00
4.2518555085e-01,1.4051561574e+00,1.1700103031e-01,8.5347652168e-01,6.9098617500e-01,1.6249034667e-01,1.0571219651e+00
4.2594890014e-01,1.4060145194e+00,1.1736356532e-01,8.5441645075e-01,6.9149727277e-01,1.6291917798e-01,1.0587117389e+00
4.2671224942e-01,1.4068734058e+00,1.1772642849e-01,8.5535508193e-01,6.9200694115e-01,1.6334814078e-01,1.0603011341e+00
4.2747559870e-01,1.4077328168e+00,1.1808961868e-01,8.5629241838e-01,6.9251518446e-01,1.6377723392e-01,1.0618901543e+00
4.2823894799e-01,1.4085927529e+00,1.1845313477e-01,8.5722846325e-01,6.9302200700e-01,1.6420645625e-01,1.0634788027e+00
4.2900229727e-01,1.4094532142e+00,1.1881697564e-01,8.5816321968e-01,6.9352741304e-01,1.6463580664e-01,1.0650670829e+00
4.2976564655e-01,1.4103142011e+00,1.1918114017e-01,8.5909669080e-01,6.9403140687e-01,1.6506528393e-01,1.0666549982e+00
4.3052899584e-01,1.4111757140e+00,1.1954562723e-01,8.6002887976e-01,6.9453399275e-01,1.6549488701e-01,1.0682425521e+00
4.3129234512e-01,1.4120377532e+00,1.1991043571e-01,8.6095978967e-01,6.9503517494e-01,1.6592461473e-01,1.0698297481e+00
4.3205569440e-01,1.4129003189e+00,1.2027556448e-01,8.6188942365e-01,6.9553495768e-01,1.6635446597e-01,1.0714165894e+00
4.3281904369e-01,1.4137634116e+00,1.2064101243e-01,8.6281778482e-01,6.9603334521e-01,1.6678443961e-01,1.0730030795e+00
4.3358239297e-01,1.4146270315e+00,1.2100677843e-01,8.6374487627e-01,6.9653034174e-01,1.6721453453e-01,1.0745892219e+00
4.3434574225e-01,1.4154911790e+00,1.2137286137e-01,8.6467070111e-01,6.9702595150e-01,1.6764474960e-01,1.0761750200e+00
4.3510909154e-01,1.4163558543e+00,1.2173926014e-01,8.6559526242e-01,6.9752017869e-01,1.6807508373e-01,1.0777604771e+00
4.3587244082e-01,1.4172210578e+00,1.2210597361e-01,8.6651856330e-01,6.9801302750e-01,1.6850553581e-01,1.0793455967e+00
4.3663579010e-01,1.4180867899e+00,1.2247300068e-01,8.6744060683e-01,6.9850450211e-01,1.6893610472e-01,1.0809303821e+00
4.3739913939e-01,1.4189530508e+00,1.2284034024e-01,8.6836139606e-01,6.9899460669e-01,1.6936678937e-01,1.0825148368e+00
4.3816248867e-01,1.4198198409e+00,1.2320799116e-01,8.6928093408e-01,6.9948334541e-01,1.6979758867e-01,1.0840989642e+00
4.3892583795e-01,1.4206871604e+00,1.2357595235e-01,8.7019922394e-01,6.9997072241e-01,1.7022850153e-01,1.0856827676e+00
4.3968918724e-01,1.4215550098e+00,1.2394422268e-01,8.7111626869e-01,7.0045674185e-01,1.7065952685e-01,1.0872662506e+00
4.4045253652e-01,1.4224233893e+00,1.2431280106e-01,8.7203207139e-01,7.0094140784e-01,1.7109066355e-01,1.0888494164e+00
4.4121588580e-01,1.4232922993e+00,1.2468168637e-01,8.7294663507e-01,7.0142472452e-01,1.7152191055e-01,1.0904322684e+00
4.4197923509e-01,1.4241617401e+00,1.2505087750e-01,8.7385996277e-01,7.0190669598e-01,1.7195326678e-01,1.0920148101e+00
4.4274258437e-01,1.4250317120e+00,1.2542037336e-01,8.7477205751e-01,7.0238732635e-01,1.7238473116e-01,1.0935970448e+00
4.4350593365e-01,1.4259022153e+00,1.2579017283e-01,8.7568292232e-01,7.0286661969e-01,1.7281630263e-01,1.0951789760e+00
4.4426928294e-01,1.4267732504e+00,1.2616027482e-01,8.7659256022e-01,7.0334458010e-01,1.7324798012e-01,1.0967606070e+00
4.4503263222e-01,1.4276448176e+00,1.2653067822e-01,8.7750097421e-01,7.0382121165e-01,1.7367976256e-01,1.0983419411e+00
4.4579598151e-01,1.4285169171e+00,1.2690138192e-01,8.7840816729e-01,7.0429651839e-01,1.7411164891e-01,1.0999229819e+00
4.4655933079e-01,1.4293895494e+00,1.2727238484e-01,8.7931414248e-01,7.0477050438e-01,1.7454363810e-01,1.1015037326e+00
4.4732268007e-01,1.4302627148e+00,1.2764368586e-01,8.8021890274e-01,7.0524317365e-01,1.7497572909e-01,1.1030841967e+00
4.4808602936e-01,1.4311364136e+00,1.2801528389e-01,8.8112245108e-01,7.0571453025e-01,1.7540792084e-01,1.1046643774e+00
4.4884937864e-01,1.4320106461e+00,1.2838717784e-01,8.8202479047e-01,7.0618457818e-01,1.7584021229e-01,1.1062442783e+00
4.4961272792e-01,1.4328854126e+00,1.2875936660e-01,8.8292592388e-01,7.0665332146e-01,1.7627260241e-01,1.1078239026e+00
4.5037607721e-01,1.4337607135e+00,1.2913184908e-01,8.8382585427e-01,7.0712076410e-01,1.7670509017e-01,1.1094032538e+00
4.5113942649e-01,1.4346365490e+00,1.2950462420e-01,8.8472458462e-01,7.0758691008e-01,1.7713767454e-01,1.1109823352e+00
4.5190277577e-01,1.4355129196e+00,1.2987769084e-01,8.8562211787e-01,7.0805176338e-01,1.7757035448e-01,1.1125611501e+00
4.5266612506e-01,1.4363898255e+00,1.3025104793e-01,8.8651845697e-01,7.0851532798e-01,1.7800312898e-01,1.1141397020e+00
4.5342947434e-01,1.4372672672e+00,1.3062469438e-01,8.8741360486e-01,7.0897760784e-01,1.7843599702e-01,1.1157179942e+00
4.5419282362e-01,1.4381452448e+00,1.3099862908e-01,8.8830756448e-01,7.0943860691e-01,1.7886895757e-01,1.1172960301e+00
4.5495617291e-01,1.4390237587e+00,1.3137285096e-01,8.8920033876e-01,7.0989832914e-01,1.7930200962e-01,1.1188738130e+00
4.5571952219e-01,1.4399028093e+00,1.3174735892e-01,8.9009193063e-01,7.1035677845e-01,1.7973515218e-01,1.1204513463e+00
4.5648287147e-01,1.4407823968e+00,1.3212215189e-01,8.9098234300e-01,7.1081395877e-01,1.8016838422e-01,1.1220286333e+00
4.5724622076e-01,1.4416625217e+00,1.3249722877e-01,8.9187157878e-01,7.1126987402e-01,1.8060170476e-01,1.1236056775e+00
4.5800957004e-01,1.4425431842e+00,1.3287258848e-01,8.9275964088e-01,7.1172452809e-01,1.8103511278e-01,1.1251824821e+00
4.5877291932e-01,1.4434243847e+00,1.3324822993e-01,8.9364653220e-01,7.1217792489e-01,1.8146860731e-01,1.1267590506e+00
4.5953626861e-01,1.4443061235e+00,1.3362415206e-01,8.9453225563e-01,7.1263006829e-01,1.8190218734e-01,1.1283353862e+00
4.6029961789e-01,1.4451884009e+00,1.3400035376e-01,8.9541681407e-01,7.1308096218e-01,1.8233585188e-01,1.1299114924e+00
4.6106296717e-01,1.4460712173e+00,1.3437683397e-01,8.9630021039e-01,7.1353061042e-01,1.8276959997e-01,1.1314873724e+00
4.6182631646e-01,1.4469545729e+00,1.3475359161e-01,8.9718244747e-01,7.1397901686e-01,1.8320343061e-01,1.1330630296e+00
4.6258966574e-01,1.4478384681e+00,1.3513062560e-01,8.9806352818e-01,7.1442618536e-01,1.8363734283e-01,1.1346384674e+00
4.6335301502e-01,1.4487229033e+00,1.3550793486e-01,8.9894345539e-01,7.1487211974e-01,1.8407133565e-01,1.1362136891e+00
4.6411636431e-01,1.4496078788e+00,1.3588551831e-01,8.9982223196e-01,7.1531682385e-01,1.8450540811e-01,1.1377886981e+00
4.6487971359e-01,1.4504933949e+00,1.3626337489e-01,9.0069986073e-01,7.1576030149e-01,1.8493955924e-01,1.1393634976e+00
4.6564306287e-01,1.4513794519e+00,1.3664150352e-01,9.0157634457e-01,7.1620255649e-01,1.8537378808e-01,1.1409380911e+00
4.6640641216e-01,1.4522660501e+00,1.3701990313e-01,9.0245168629e-01,7.1664359262e-01,1.8580809367e-01,1.1425124819e+00
4.6716976144e-01,1.4531531900e+00,1.3739857264e-01,9.0332588875e-01,7.1708341370e-01,1.8624247505e-01,1.1440866732e+00
4.6793311072e-01,1.4540408717e+00,1.3777751100e-01,9.0419895478e-01,7.1752202350e-01,1.8667693128e-01,1.1456606685e+00
4.6869646001e-01,1.4549290958e+00,1.3815671712e-01,9.0507088719e-01,7.1795942579e-01,1.8711146140e-01,1.1472344711e+00
4.6945980929e-01,1.4558178624e+00,1.3853618995e-01,9.0594168880e-01,7.1839562433e-01,1.8754606447e-01,1.1488080843e+00
4.7022315857e-01,1.4567071719e+00,1.3891592841e-01,9.0681136244e-01,7.1883062289e-01,1.8798073955e-01,1.1503815114e+00
4.7098650786e-01,1.4575970247e+00,1.3929593145e-01,9.0767991090e-01,7.1926442520e-01,1.8841548570e-01,1.1519547558e+00
4.7174985714e-01,1.4584874211e+00,1.3967619799e-01,9.0854733698e-01,7.1969703500e-01,1.8885030198e-01,1.1535278207e+00
4.7251320642e-01,1.4593783613e+00,1.4005672698e-01,9.0941364349e-01,7.2012845602e-01,1.8928518747e-01,1.1551007096e+00
4.7327655571e-01,1.4602698458e+00,1.4043751735e-01,9.1027883321e-01,7.2055869197e-01,1.8972014124e-01,1.1566734258e+00
4.7403990499e-01,1.4611618749e+00,1.4081856805e-01,9.1114290892e-01,7.2098774656e-01,1.9015516236e-01,1.1582459725e+00
4.7480325427e-01,1.4620544490e+00,1.4119987802e-01,9.1200587341e-01,7.2141562350e-01,1.9059024991e-01,1.1598183531e+00
4.7556660356e-01,1.4629475682e+00,1.4158144619e-01,9.1286772944e-01,7.2184232646e-01,1.9102540298e-01,1.1613905709e+00
4.7632995284e-01,1.4638412330e+00,1.4196327151e-01,9.1372847979e-01,7.2226785914e-01,1.9146062065e-01,1.1629626293e+00
4.7709330212e-01,1.4647354438e+00,1.4234535293e-01,9.1458812722e-01,7.2269222520e-01,1.9189590201e-01,1.1645345315e+00
4.7785665141e-01,1.4656302007e+00,1.4272768940e-01,9.1544667447e-01,7.2311542832e-01,1.9233124616e-01,1.1661062808e+00
4.7862000069e-01,1.4665255043e+00,1.4311027985e-01,9.1630412432e-01,7.2353747213e-01,1.9276665219e-01,1.1676778807e+00
4.7938334997e-01,1.4674213548e+00,1.4349312323e-01,9.1716047948e-01,7.2395836029e-01,1.9320211919e-01,1.1692493343e+00
4.8014669926e-01,1.4683177525e+00,1.4387621851e-01,9.1801574272e-01,7.2437809644e-01,1.9363764628e-01,1.1708206451e+00
4.8091004854e-01,1.4692146978e+00,1.4425956462e-01,9.1886991676e-01,7.2479668419e-01,1.9407323256e-01,1.1723918162e+00
4.8167339782e-01,1.4701121910e+00,1.4464316051e-01,9.1972300432e-01,7.2521412718e-01,1.9450887714e-01,1.1739628511e+00
4.8243674711e-01,1.4710102324e+00,1.4502700516e-01,9.2057500814e-01,7.2563042901e-01,1.9494457913e-01,1.1755337531e+00
4.8320009639e-01,1.4719088224e+00,1.4541109749e-01,9.2142593093e-01,7.2604559328e-01,1.9538033765e-01,1.1771045254e+00
4.8396344568e-01,1.4728079614e+00,1.4579543648e-01,9.2227577540e-01,7.2645962358e-01,1.9581615182e-01,1.1786751713e+00
4.8472679496e-01,1.4737076496e+00,1.4618002108e-01,9.2312454426e-01,7.2687252350e-01,1.9625202076e-01,1.1802456942e+00
4.8549014424e-01,1.4746078874e+00,1.4656485024e-01,9.2397224021e-01,7.2728429661e-01,1.9668794360e-01,1.1818160973e+00
4.8625349353e-01,1.4755086751e+00,1.4694992293e-01,9.2481886594e-01,7.2769494648e-01,1.9712391947e-01,1.1833863840e+00
4.8701684281e-01,1.4764100131e+00,1.4733523810e-01,9.2566442415e-01,7.2810447666e-01,1.9755994749e-01,1.1849565575e+00
4.8778019209e-01,1.4773119017e+00,1.4772079472e-01,9.2650891752e-01,7.2851289070e-01,1.9799602682e-01,1.1865266213e+00
4.8854354138e-01,1.4782143412e+00,1.4810659175e-01,9.2735234873e-01,7.2892019215e-01,1.9843215657e-01,1.1880965784e+00
4.8930689066e-01,1.4791173319e+00,1.4849262816e-01,9.2819472045e-01,7.2932638454e-01,1.9886833591e-01,1.1896664324e+00
4.9007023994e-01,1.4800208743e+00,1.4887890290e-01,9.2903603535e-01,7.2973147138e-01,1.9930456397e-01,1.1912361864e+00
4.9083358923e-01,1.4809249687e+00,1.4926541495e-01,9.2987629610e-01,7.3013545619e-01,1.9974083991e-01,1.1928058437e+00
4.9159693851e-01,1.4818296153e+00,1.4965216328e-01,9.3071550535e-01,7.3053834248e-01,2.0017716287e-01,1.1943754077e+00
4.9236028779e-01,1.4827348145e+00,1.5003914684e-01,9.3155366575e-01,7.3094013375e-01,2.0061353201e-01,1.1959448816e+00
4.9312363708e-01,1.4836405667e+00,1.5042636462e-01,9.3239077996e-01,7.3134083347e-01,2.0104994649e-01,1.1975142687e+00
4.9388698636e-01,1.4845468721e+00,1.5081381559e-01,9.3322685062e-01,7.3174044515e-01,2.0148640547e-01,1.1990835723e+00
4.9465033564e-01,1.4854537312e+00,1.5120149871e-01,9.3406188035e-01,7.3213897223e-01,2.0192290812e-01,1.2006527958e+00
4.9541368493e-01,1.4863611443e+00,1.5158941296e-01,9.3489587180e-01,7.3253641819e-01,2.0235945360e-01,1.2022219423e+00
4.9617703421e-01,1.4872691117e+00,1.5197755732e-01,9.3572882759e-01,7.3293278649e-01,2.0279604110e-01,1.2037910152e+00
4.9694038349e-01,1.4881776337e+00,1.5236593077e-01,9.3656075033e-01,7.3332808056e-01,2.0323266977e-01,1.2053600178e+00
4.9770373278e-01,1.4890867107e+00,1.5275453227e-01,9.3739164266e-01,7.3372230385e-01,2.0366933880e-01,1.2069289533e+00
4.9846708206e-01,1.4899963431e+00,1.5314336082e-01,9.3822150716e-01,7.3411545979e-01,2.0410604738e-01,1.2084978251e+00
4.9923043134e-01,1.4909065311e+00,1.5353241538e-01,9.3905034647e-01,7.3450755179e-01,2.0454279467e-01,1.2100666364e+00
4.9999378063e-01,1.4918172751e+00,1.5392169495e-01,9.3987816316e-01,7.3489858328e-01,2.0497957988e-01,1.2116353904e+00
5.0075712991e-01,1.4927285754e+00,1.5431119851e-01,9.4070495984e-01,7.3528855764e-01,2.0541640219e-01,1.2132040905e+00
5.0152047919e-01,1.4936404325e+00,1.5470092503e-01,9.4153073909e-01,7.3567747829e-01,2.0585326080e-01,1.2147727400e+00
5.0228382848e-01,1.4945528465e+00,1.5509087351e-01,9.4235550351e-01,7.3606534861e-01,2.0629015490e-01,1.2163413421e+00
5.0304717776e-01,1.4954658179e+00,1.5548104293e-01,9.4317925566e-01,7.3645217198e-01,2.0672708369e-01,1.2179099002e+00
5.0381052704e-01,1.4963793470e+00,1.5587143228e-01,9.4400199813e-01,7.3683795176e-01,2.0716404637e-01,1.2194784174e+00
5.0457387633e-01,1.4972934342e+00,1.5626204055e-01,9.4482373349e-01,7.3722269133e-01,2.0760104216e-01,1.2210468970e+00
5.0533722561e-01,1.4982080797e+00,1.5665286673e-01,9.4564446429e-01,7.3760639404e-01,2.0803807025e-01,1.2226153424e+00
5.0610057489e-01,1.4991232840e+00,1.5704390981e-01,9.4646419310e-01,7.3798906323e-01,2.0847512987e-01,1.2241837568e+00
5.0686392418e-01,1.5000390474e+00,1.5743516878e-01,9.4728292247e-01,7.3837070225e-01,2.0891222022e-01,1.2257521435e+00
5.0762727346e-01,1.5009553701e+00,1.5782664265e-01,9.4810065495e-01,7.3875131443e-01,2.0934934052e-01,1.2273205057e+00
5.0839062274e-01,1.5018722526e+00,1.5821833040e-01,9.4891739309e-01,7.3913090308e-01,2.0978649001e-01,1.2288888467e+00
5.0915397203e-01,1.5027896952e+00,1.5861023103e-01,9.4973313941e-01,7.3950947153e-01,2.1022366789e-01,1.2304571698e+00
5.0991732131e-01,1.5037076982e+00,1.5900234355e-01,9.5054789646e-01,7.3988702307e-01,2.1066087339e-01,1.2320254783e+00
5.1068067059e-01,1.5046262620e+00,1.5939466694e-01,9.5136166677e-01,7.4026356101e-01,2.1109810576e-01,1.2335937754e+00
5.1144401988e-01,1.5055453869e+00,1.5978720022e-01,9.5217445286e-01,7.4063908864e-01,2.1153536421e-01,1.2351620644e+00
5.1220736916e-01,1.5064650733e+00,1.6017994238e-01,9.5298625724e-01,7.4101360925e-01,2.1197264800e-01,1.2367303485e+00
5.1297071844e-01,1.5073853215e+00,1.6057289242e-01,9.5379708244e-01,7.4138712609e-01,2.1240995634e-01,1.2382986310e+00
5.1373406773e-01,1.5083061318e+00,1.6096604936e-01,9.5460693095e-01,7.4175964246e-01,2.1284728850e-01,1.2398669152e+00
5.1449741701e-01,1.5092275047e+00,1.6135941220e-01,9.5541580529e-01,7.4213116159e-01,2.1328464370e-01,1.2414352044e+00
5.1526076629e-01,1.5101494403e+00,1.6175297995e-01,9.5622370795e-01,7.4250168674e-01,2.1372202121e-01,1.2430035017e+00
5.1602411558e-01,1.5110719392e+00,1.6214675161e-01,9.5703064143e-01,7.4287122116e-01,2.1415942027e-01,1.2445718106e+00
5.1678746486e-01,1.5119950015e+00,1.6254072619e-01,9.5783660822e-01,7.4323976808e-01,2.1459684014e-01,1.2461401341e+00
5.1755081414e-01,1.5129186278e+00,1.6293490272e-01,9.5864161079e-01,7.4360733073e-01,2.1503428007e-01,1.2477084756e+00
5.1831416343e-01,1.5138428182e+00,1.6332928019e-01,9.5944565164e-01,7.4397391232e-01,2.1547173932e-01,1.2492768383e+00
5.1907751271e-01,1.5147675732e+00,1.6372385763e-01,9.6024873323e-01,7.4433951607e-01,2.1590921716e-01,1.2508452256e+00
5.1984086199e-01,1.5156928931e+00,1.6411863405e-01,9.6105085803e-01,7.4470414518e-01,2.1634671285e-01,1.2524136406e+00
5.2060421128e-01,1.5166187783e+00,1.6451360846e-01,9.6185202852e-01,7.4506780286e-01,2.1678422566e-01,1.2539820866e+00
5.2136756056e-01,1.5175452290e+00,1.6490877989e-01,9.6265224714e-01,7.4543049228e-01,2.1722175486e-01,1.2555505668e+00
5.2213090985e-01,1.5184722457e+00,1.6530414736e-01,9.6345151635e-01,7.4579221662e-01,2.1765929973e-01,1.2571190846e+00
5.2289425913e-01,1.5193998286e+00,1.6569970988e-01,9.6424983861e-01,7.4615297907e-01,2.1809685954e-01,1.2586876431e+00
5.2365760841e-01,1.5203279782e+00,1.6609546648e-01,9.6504721636e-01,7.4651278278e-01,2.1853443357e-01,1.2602562457e+00
5.2442095770e-01,1.5212566948e+00,1.6649141618e-01,9.6584365204e-01,7.4687163092e-01,2.1897202112e-01,1.2618248955e+00
5.2518430698e-01,1.5221859787e+00,1.6688755800e-01,9.6663914808e-01,7.4722952663e-01,2.1940962145e-01,1.2633935959e+00
5.2594765626e-01,1.5231158302e+00,1.6728389098e-01,9.6743370692e-01,7.4758647306e-01,2.1984723387e-01,1.2649623500e+00
5.2671100555e-01,1.5240462498e+00,1.6768041414e-01,9.6822733099e-01,7.4794247333e-01,2.2028485766e-01,1.2665311611e+00
5.2747435483e-01,1.5249772377e+00,1.6807712651e-01,9.6902002270e-01,7.4829753059e-01,2.2072249211e-01,1.2681000325e+00
5.2823770411e-01,1.5259087944e+00,1.6847402712e-01,9.6981178448e-01,7.4865164794e-01,2.2116013654e-01,1.2696689674e+00
5.2900105340e-01,1.5268409201e+00,1.6887111500e-01,9.7060261872e-01,7.4900482850e-01,2.2159779022e-01,1.2712379691e+00
5.2976440268e-01,1.5277736151e+00,1.6926838918e-01,9.7139252785e-01,7.4935707537e-01,2.2203545248e-01,1.2728070408e+00
5.3052775196e-01,1.5287068800e+00,1.6966584870e-01,9.7218151427e-01,7.4970839166e-01,2.2247312261e-01,1.2743761857e+00
5.3129110125e-01,1.5296407149e+00,1.7006349260e-01,9.7296958037e-01,7.5005878044e-01,2.2291079992e-01,1.2759454072e+00
5.3205445053e-01,1.5305751203e+00,1.7046131991e-01,9.7375672854e-01,7.5040824481e-01,2.2334848373e-01,1.2775147083e+00
5.3281779981e-01,1.5315100965e+00,1.7085932967e-01,9.7454296118e-01,7.5075678784e-01,2.2378617335e-01,1.2790840925e+00
5.3358114910e-01,1.5324456439e+00,1.7125752092e-01,9.7532828068e-01,7.5110441259e-01,2.2422386809e-01,1.2806535629e+00
5.3434449838e-01,1.5333817627e+00,1.7165589270e-01,9.7611268940e-01,7.5145112212e-01,2.2466156727e-01,1.2822231227e+00
5.3510784766e-01,1.5343184534e+00,1.7205444405e-01,9.7689618972e-01,7.5179691949e-01,2.2509927022e-01,1.2837927753e+00
5.3587119695e-01,1.5352557163e+00,1.7245317403e-01,9.7767878402e-01,7.5214180775e-01,2.2553697627e-01,1.2853625238e+00
5.3663454623e-01,1.5361935517e+00,1.7285208166e-01,9.7846047466e-01,7.5248578992e-01,2.2597468474e-01,1.2869323715e+00
5.3739789551e-01,1.5371319600e+00,1.7325116601e-01,9.7924126400e-01,7.5282886904e-01,2.2641239495e-01,1.2885023217e+00
5.3816124480e-01,1.5380709415e+00,1.7365042611e-01,9.8002115440e-01,7.5317104814e-01,2.2685010626e-01,1.2900723775e+00
5.3892459408e-01,1.5390104966e+00,1.7404986102e-01,9.8080014821e-01,7.5351233023e-01,2.2728781798e-01,1.2916425422e+00
5.3968794336e-01,1.5399506257e+00,1.7444946979e-01,9.8157824778e-01,7.5385271831e-01,2.2772552947e-01,1.2932128191e+00
5.4045129265e-01,1.5408913291e+00,1.7484925147e-01,9.8235545544e-01,7.5419221539e-01,2.2816324005e-01,1.2947832113e+00
5.4121464193e-01,1.5418326071e+00,1.7524920512e-01,9.8313177355e-01,7.5453082447e-01,2.2860094908e-01,1.2963537222e+00
5.4197799121e-01,1.5427744601e+00,1.7564932978e-01,9.8390720443e-01,7.5486854852e-01,2.2903865591e-01,1.2979243549e+00
5.4274134050e-01,1.5437168885e+00,1.7604962452e-01,9.8468175041e-01,7.5520539054e-01,2.2947635988e-01,1.2994951127e+00
5.4350468978e-01,1.5446598925e+00,1.7645008839e-01,9.8545541382e-01,7.5554135348e-01,2.2991406034e-01,1.3010659989e+00
5.4426803906e-01,1.5456034726e+00,1.7685072045e-01,9.8622819698e-01,7.5587644033e-01,2.3035175665e-01,1.3026370166e+00
5.4503138835e-01,1.5465476291e+00,1.7725151977e-01,9.8700010220e-01,7.5621065403e-01,2.3078944818e-01,1.3042081691e+00
5.4579473763e-01,1.5474923624e+00,1.7765248540e-01,9.8777113180e-01,7.5654399753e-01,2.3122713427e-01,1.3057794596e+00
5.4655808691e-01,1.5484376727e+00,1.7805361641e-01,9.8854128808e-01,7.5687647379e-01,2.3166481429e-01,1.3073508914e+00
5.4732143620e-01,1.5493835606e+00,1.7845491187e-01,9.8931057334e-01,7.5720808573e-01,2.3210248761e-01,1.3089224676e+00
5.4808478548e-01,1.5503300262e+00,1.7885637083e-01,9.9007898989e-01,7.5753883629e-01,2.3254015360e-01,1.3104941916e+00
5.4884813476e-01,1.5512770700e+00,1.7925799237e-01,9.9084654001e-01,7.5786872839e-01,2.3297781162e-01,1.3120660666e+00
5.4961148405e-01,1.5522246923e+00,1.7965977555e-01,9.9161322600e-01,7.5819776495e-01,2.3341546106e-01,1.3136380957e+00
5.5037483333e-01,1.5531728935e+00,1.8006171945e-01,9.9237905015e-01,7.5852594887e-01,2.3385310128e-01,1.3152102823e+00
5.5113818261e-01,1.5541216739e+00,1.8046382314e-01,9.9314401472e-01,7.5885328305e-01,2.3429073166e-01,1.3167826295e+00
5.5190153190e-01,1.5550710338e+00,1.8086608569e-01,9.9390812200e-01,7.5917977040e-01,2.3472835160e-01,1.3183551405e+00
5.5266488118e-01,1.5560209738e+00,1.8126850617e-01,9.9467137426e-01,7.5950541380e-01,2.3516596046e-01,1.3199278187e+00
5.5342823046e-01,1.5569714940e+00,1.8167108366e-01,9.9543377377e-01,7.5983021612e-01,2.3560355765e-01,1.3215006672e+00
5.5419157975e-01,1.5579225948e+00,1.8207381724e-01,9.9619532279e-01,7.6015418025e-01,2.3604114254e-01,1.3230736893e+00
5.5495492903e-01,1.5588742766e+00,1.8247670599e-01,9.9695602358e-01,7.6047730905e-01,2.3647871453e-01,1.3246468882e+00
5.5571827831e-01,1.5598265398e+00,1.8287974899e-01,9.9771587840e-01,7.6079960539e-01,2.3691627301e-01,1.3262202670e+00
5.5648162760e-01,1.5607793847e+00,1.8328294532e-01,9.9847488949e-01,7.6112107210e-01,2.3735381739e-01,1.3277938292e+00
5.5724497688e-01,1.5617328117e+00,1.8368629405e-01,9.9923305910e-01,7.6144171205e-01,2.3779134705e-01,1.3293675778e+00
5.5800832616e-01,1.5626868210e+00,1.8408979428e-01,9.9999038947e-01,7.6176152806e-01,2.3822886141e-01,1.3309415160e+00
5.5877167545e-01,1.5636414132e+00,1.8449344510e-01,1.0007468828e+00,7.6208052298e-01,2.3866635986e-01,1.3325156473e+00
5.5953502473e-01,1.5645965884e+00,1.8489724558e-01,1.0015025414e+00,7.6239869963e-01,2.3910384182e-01,1.3340899746e+00
5.6029837402e-01,1.5655523472e+00,1.8530119482e-01,1.0022573675e+00,7.6271606082e-01,2.3954130669e-01,1.3356645013e+00
5.6106172330e-01,1.5665086898e+00,1.8570529191e-01,1.0030113633e+00,7.6303260938e-01,2.3997875389e-01,1.3372392307e+00
5.6182507258e-01,1.5674656165e+00,1.8610953594e-01,1.0037645309e+00,7.6334834810e-01,2.4041618283e-01,1.3388141658e+00
5.6258842187e-01,1.5684231279e+00,1.8651392600e-01,1.0045168727e+00,7.6366327979e-01,2.4085359292e-01,1.3403893100e+00
5.6335177115e-01,1.5693812241e+00,1.8691846118e-01,1.0052683908e+00,7.6397740724e-01,2.4129098360e-01,1.3419646665e+00
5.6411512043e-01,1.5703399057e+00,1.8732314059e-01,1.0060190875e+00,7.6429073323e-01,2.4172835427e-01,1.3435402385e+00
5.6487846972e-01,1.5712991728e+00,1.8772796332e-01,1.0067689649e+00,7.6460326054e-01,2.4216570437e-01,1.3451160292e+00
5.6564181900e-01,1.5722590259e+00,1.8813292846e-01,1.0075180253e+00,7.6491499195e-01,2.4260303332e-01,1.3466920418e+00
5.6640516828e-01,1.5732194654e+00,1.8853803512e-01,1.0082662708e+00,7.6522593022e-01,2.4304034055e-01,1.3482682796e+00
5.6716851757e-01,1.5741804916e+00,1.8894328240e-01,1.0090137036e+00,7.6553607811e-01,2.4347762549e-01,1.3498447458e+00
5.6793186685e-01,1.5751421048e+00,1.8934866941e-01,1.0097603260e+00,7.6584543837e-01,2.4391488758e-01,1.3514214435e+00
5.6869521613e-01,1.5761043054e+00,1.8975419524e-01,1.0105061400e+00,7.6615401374e-01,2.4435212626e-01,1.3529983762e+00
5.6945856542e-01,1.5770670939e+00,1.9015985900e-01,1.0112511479e+00,7.6646180698e-01,2.4478934096e-01,1.3545755468e+00
5.7022191470e-01,1.5780304704e+00,1.9056565980e-01,1.0119953519e+00,7.6676882080e-01,2.4522653113e-01,1.3561529588e+00
5.7098526398e-01,1.5789944355e+00,1.9097159674e-01,1.0127387542e+00,7.6707505795e-01,2.4566369621e-01,1.3577306152e+00
5.7174861327e-01,1.5799589894e+00,1.9137766895e-01,1.0134813568e+00,7.6738052112e-01,2.4610083565e-01,1.3593085194e+00
5.7251196255e-01,1.5809241325e+00,1.9178387552e-01,1.0142231619e+00,7.6768521305e-01,2.4653794890e-01,1.3608866745e+00
5.7327531183e-01,1.5818898652e+00,1.9219021557e-01,1.0149641718e+00,7.6798913643e-01,2.4697503540e-01,1.3624650838e+00
5.7403866112e-01,1.5828561878e+00,1.9259668822e-01,1.0157043886e+00,7.6829229397e-01,2.4741209462e-01,1.3640437504e+00
5.7480201040e-01,1.5838231007e+00,1.9300329258e-01,1.0164438144e+00,7.6859468836e-01,2.4784912601e-01,1.3656226776e+00
5.7556535968e-01,1.5847906043e+00,1.9341002778e-01,1.0171824513e+00,7.6889632228e-01,2.4828612902e-01,1.3672018687e+00
5.7632870897e-01,1.5857586989e+00,1.9381689291e-01,1.0179203016e+00,7.6919719843e-01,2.4872310312e-01,1.3687813268e+00
5.7709205825e-01,1.5867273848e+00,1.9422388712e-01,1.0186573672e+00,7.6949731947e-01,2.4916004778e-01,1.3703610552e+00
5.7785540753e-01,1.5876966625e+00,1.9463100951e-01,1.0193936505e+00,7.6979668807e-01,2.4959696246e-01,1.3719410571e+00
5.7861875682e-01,1.5886665323e+00,1.9503825922e-01,1.0201291535e+00,7.7009530689e-01,2.5003384662e-01,1.3735213356e+00
5.7938210610e-01,1.5896369946e+00,1.9544563536e-01,1.0208638783e+00,7.7039317859e-01,2.5047069974e-01,1.3751018941e+00
5.8014545538e-01,1.5906080497e+00,1.9585313707e-01,1.0215978271e+00,7.7069030582e-01,2.5090752130e-01,1.3766827357e+00
5.8090880467e-01,1.5915796979e+00,1.9626076346e-01,1.0223310020e+00,7.7098669122e-01,2.5134431076e-01,1.3782638637e+00
5.8167215395e-01,1.5925519398e+00,1.9666851367e-01,1.0230634050e+00,7.7128233742e-01,2.5178106760e-01,1.3798452813e+00
5.8243550323e-01,1.5935247755e+00,1.9707638683e-01,1.0237950384e+00,7.7157724707e-01,2.5221779131e-01,1.3814269917e+00
5.8319885252e-01,1.5944982055e+00,1.9748438207e-01,1.0245259041e+00,7.7187142277e-01,2.5265448137e-01,1.3830089981e+00
5.8396220180e-01,1.5954722301e+00,1.9789249852e-01,1.0252560044e+00,7.7216486716e-01,2.5309113725e-01,1.3845913037e+00
5.8472555108e-01,1.5964468497e+00,1.9830073531e-01,1.0259853413e+00,7.7245758283e-01,2.5352775846e-01,1.3861739118e+00
5.8548890037e-01,1.5974220647e+00,1.9870909159e-01,1.0267139169e+00,7.7274957241e-01,2.5396434447e-01,1.3877568256e+00
5.8625224965e-01,1.5983978754e+00,1.9911756649e-01,1.0274417333e+00,7.7304083847e-01,2.5440089479e-01,1.3893400483e+00
5.8701559893e-01,1.5993742822e+00,1.9952615915e-01,1.0281687925e+00,7.7333138363e-01,2.5483740890e-01,1.3909235831e+00
5.8777894822e-01,1.6003512855e+00,1.9993486871e-01,1.0288950968e+00,7.7362121046e-01,2.5527388630e-01,1.3925074333e+00
5.8854229750e-01,1.6013288856e+00,2.0034369431e-01,1.0296206480e+00,7.7391032155e-01,2.5571032649e-01,1.3940916020e+00
5.8930564678e-01,1.6023070828e+00,2.0075263510e-01,1.0303454484e+00,7.7419871947e-01,2.5614672897e-01,1.3956760924e+00
5.9006899607e-01,1.6032858776e+00,2.0116169021e-01,1.0310695000e+00,7.7448640678e-01,2.5658309324e-01,1.3972609079e+00
5.9083234535e-01,1.6042652703e+00,2.0157085879e-01,1.0317928049e+00,7.7477338606e-01,2.5701941881e-01,1.3988460516e+00
5.9159569463e-01,1.6052452613e+00,2.0198014000e-01,1.0325153650e+00,7.7505965986e-01,2.5745570518e-01,1.4004315267e+00
5.9235904392e-01,1.6062258510e+00,2.0238953298e-01,1.0332371826e+00,7.7534523072e-01,2.5789195187e-01,1.4020173365e+00
5.9312239320e-01,1.6072070396e+00,2.0279903688e-01,1.0339582596e+00,7.7563010119e-01,2.5832815839e-01,1.4036034842e+00
5.9388574248e-01,1.6081888276e+00,2.0320865086e-01,1.0346785981e+00,7.7591427382e-01,2.5876432426e-01,1.4051899729e+00
5.9464909177e-01,1.6091712154e+00,2.0361837406e-01,1.0353982001e+00,7.7619775112e-01,2.5920044898e-01,1.4067768060e+00
5.9541244105e-01,1.6101542033e+00,2.0402820564e-01,1.0361170677e+00,7.7648053564e-01,2.5963653208e-01,1.4083639866e+00
5.9617579033e-01,1.6111377916e+00,2.0443814476e-01,1.0368352030e+00,7.7676262988e-01,2.6007257308e-01,1.4099515180e+00
5.9693913962e-01,1.6121219808e+00,2.0484819058e-01,1.0375526079e+00,7.7704403636e-01,2.6050857150e-01,1.4115394033e+00
5.9770248890e-01,1.6131067712e+00,2.0525834225e-01,1.0382692845e+00,7.7732475759e-01,2.6094452687e-01,1.4131276459e+00
5.9846583818e-01,1.6140921632e+00,2.0566859893e-01,1.0389852348e+00,7.7760479608e-01,2.6138043872e-01,1.4147162488e+00
5.9922918747e-01,1.6150781571e+00,2.0607895979e-01,1.0397004609e+00,7.7788415431e-01,2.6181630657e-01,1.4163052154e+00
5.9999253675e-01,1.6160647533e+00,2.0648942399e-01,1.0404149647e+00,7.7816283478e-01,2.6225212996e-01,1.4178945489e+00
6.0075588604e-01,1.6170519522e+00,2.0689999070e-01,1.0411287484e+00,7.7844083998e-01,2.6268790843e-01,1.4194842524e+00
6.0151923532e-01,1.6180397541e+00,2.0731065908e-01,1.0418418139e+00,7.7871817238e-01,2.6312364150e-01,1.4210743293e+00
6.0228258460e-01,1.6190281595e+00,2.0772142830e-01,1.0425541632e+00,7.7899483445e-01,2.6355932872e-01,1.4226647826e+00
6.0304593389e-01,1.6200171686e+00,2.0813229753e-01,1.0432657983e+00,7.7927082866e-01,2.6399496963e-01,1.4242556157e+00
6.0380928317e-01,1.6210067819e+00,2.0854326593e-01,1.0439767212e+00,7.7954615748e-01,2.6443056377e-01,1.4258468318e+00
6.0457263245e-01,1.6219969997e+00,2.0895433269e-01,1.0446869340e+00,7.7982082335e-01,2.6486611068e-01,1.4274384341e+00
6.0533598174e-01,1.6229878224e+00,2.0936549698e-01,1.0453964387e+00,7.8009482873e-01,2.6530160992e-01,1.4290304257e+00
6.0609933102e-01,1.6239792504e+00,2.0977675796e-01,1.0461052371e+00,7.8036817606e-01,2.6573706104e-01,1.4306228100e+00
6.0686268030e-01,1.6249712840e+00,2.1018811483e-01,1.0468133314e+00,7.8064086778e-01,2.6617246358e-01,1.4322155902e+00
6.0762602959e-01,1.6259639236e+00,2.1059956675e-01,1.0475207234e+00,7.8091290632e-01,2.6660781710e-01,1.4338087694e+00
6.0838937887e-01,1.6269571696e+00,2.1101111290e-01,1.0482274153e+00,7.8118429411e-01,2.6704312115e-01,1.4354023510e+00
6.0915272815e-01,1.6279510223e+00,2.1142275247e-01,1.0489334089e+00,7.8145503357e-01,2.6747837530e-01,1.4369963380e+00
6.0991607744e-01,1.6289454821e+00,2.1183448464e-01,1.0496387062e+00,7.8172512710e-01,2.6791357910e-01,1.4385907339e+00
6.1067942672e-01,1.6299405494e+00,2.1224630859e-01,1.0503433093e+00,7.8199457713e-01,2.6834873212e-01,1.4401855416e+00
6.1144277600e-01,1.6309362245e+00,2.1265822351e-01,1.0510472200e+00,7.8226338606e-01,2.6878383392e-01,1.4417807646e+00
6.1220612529e-01,1.6319325079e+00,2.1307022859e-01,1.0517504403e+00,7.8253155628e-01,2.6921888406e-01,1.4433764060e+00
6.1296947457e-01,1.6329293999e+00,2.1348232301e-01,1.0524529723e+00,7.8279909018e-01,2.6965388212e-01,1.4449724691e+00
6.1373282385e-01,1.6339269008e+00,2.1389450596e-01,1.0531548178e+00,7.8306599016e-01,2.7008882766e-01,1.4465689570e+00
6.1449617314e-01,1.6349250111e+00,2.1430677663e-01,1.0538559788e+00,7.8333225858e-01,2.7052372026e-01,1.4481658730e+00
6.1525952242e-01,1.6359237311e+00,2.1471913422e-01,1.0545564573e+00,7.8359789784e-01,2.7095855950e-01,1.4497632204e+00
6.1602287170e-01,1.6369230611e+00,2.1513157792e-01,1.0552562552e+00,7.8386291030e-01,2.7139334494e-01,1.4513610023e+00
6.1678622099e-01,1.6379230017e+00,2.1554410693e-01,1.0559553745e+00,7.8412729831e-01,2.7182807618e-01,1.4529592220e+00
6.1754957027e-01,1.6389235530e+00,2.1595672045e-01,1.0566538170e+00,7.8439106425e-01,2.7226275278e-01,1.4545578826e+00
6.1831291955e-01,1.6399247156e+00,2.1636941766e-01,1.0573515848e+00,7.8465421046e-01,2.7269737434e-01,1.4561569876e+00
6.1907626884e-01,1.6409264897e+00,2.1678219778e-01,1.0580486797e+00,7.8491673930e-01,2.7313194044e-01,1.4577565399e+00
6.1983961812e-01,1.6419288758e+00,2.1719506000e-01,1.0587451038e+00,7.8517865310e-01,2.7356645066e-01,1.4593565430e+00
6.2060296740e-01,1.6429318742e+00,2.1760800353e-01,1.0594408588e+00,7.8543995420e-01,2.7400090460e-01,1.4609570000e+00
6.2136631669e-01,1.6439354853e+00,2.1802102757e-01,1.0601359468e+00,7.8570064493e-01,2.7443530184e-01,1.4625579141e+00
6.2212966597e-01,1.6449397095e+00,2.1843413133e-01,1.0608303696e+00,7.8596072761e-01,2.7486964198e-01,1.4641592886e+00
6.2289301525e-01,1.6459445471e+00,2.1884731401e-01,1.0615241292e+00,7.8622020458e-01,2.7530392462e-01,1.4657611267e+00
6.2365636454e-01,1.6469499986e+00,2.1926057482e-01,1.0622172275e+00,7.8647907813e-01,2.7573814934e-01,1.4673634316e+00
6.2441971382e-01,1.6479560642e+00,2.1967391298e-01,1.0629096664e+00,7.8673735059e-01,2.7617231576e-01,1.4689662066e+00
6.2518306310e-01,1.6489627444e+00,2.2008732769e-01,1.0636014477e+00,7.8699502425e-01,2.7660642348e-01,1.4705694549e+00
6.2594641239e-01,1.6499700396e+00,2.2050081817e-01,1.0642925735e+00,7.8725210142e-01,2.7704047208e-01,1.4721731798e+00
6.2670976167e-01,1.6509779500e+00,2.2091438364e-01,1.0649830456e+00,7.8750858438e-01,2.7747446119e-01,1.4737773844e+00
6.2747311095e-01,1.6519864762e+00,2.2132802330e-01,1.0656728658e+00,7.8776447542e-01,2.7790839041e-01,1.4753820720e+00
6.2823646024e-01,1.6529956185e+00,2.2174173639e-01,1.0663620362e+00,7.8801977683e-01,2.7834225935e-01,1.4769872458e+00
6.2899980952e-01,1.6540053772e+00,2.2215552210e-01,1.0670505585e+00,7.8827449089e-01,2.7877606761e-01,1.4785929091e+00
6.2976315880e-01,1.6550157527e+00,2.2256937968e-01,1.0677384347e+00,7.8852861986e-01,2.7920981482e-01,1.4801990651e+00
6.3052650809e-01,1.6560267455e+00,2.2298330833e-01,1.0684256666e+00,7.8878216601e-01,2.7964350059e-01,1.4818057170e+00
6.3128985737e-01,1.6570383558e+00,2.2339730728e-01,1.0691122561e+00,7.8903513161e-01,2.8007712453e-01,1.4834128681e+00
6.3205320665e-01,1.6580505840e+00,2.2381137577e-01,1.0697982052e+00,7.8928751890e-01,2.8051068626e-01,1.4850205216e+00
6.3281655594e-01,1.6590634307e+00,2.2422551300e-01,1.0704835156e+00,7.8953933014e-01,2.8094418541e-01,1.4866286807e+00
6.3357990522e-01,1.6600768960e+00,2.2463971822e-01,1.0711681892e+00,7.8979056758e-01,2.8137762160e-01,1.4882373487e+00
6.3434325450e-01,1.6610909804e+00,2.2505399064e-01,1.0718522279e+00,7.9004123344e-01,2.8181099445e-01,1.4898465288e+00
6.3510660379e-01,1.6621056843e+00,2.2546832951e-01,1.0725356336e+00,7.9029132998e-01,2.8224430359e-01,1.4914562243e+00
6.3586995307e-01,1.6631210080e+00,2.2588273405e-01,1.0732184081e+00,7.9054085942e-01,2.8267754865e-01,1.4930664384e+00
6.3663330235e-01,1.6641369520e+00,2.2629720350e-01,1.0739005532e+00,7.9078982398e-01,2.8311072926e-01,1.4946771743e+00
6.3739665164e-01,1.6651535165e+00,2.2671173709e-01,1.0745820709e+00,7.9103822588e-01,2.8354384505e-01,1.4962884352e+00
6.3816000092e-01,1.6661707021e+00,2.2712633406e-01,1.0752629630e+00,7.9128606733e-01,2.8397689566e-01,1.4979002245e+00
6.3892335021e-01,1.6671885090e+00,2.2754099365e-01,1.0759432313e+00,7.9153335055e-01,2.8440988072e-01,1.4995125454e+00
6.3968669949e-01,1.6682069377e+00,2.2795571509e-01,1.0766228776e+00,7.9178007774e-01,2.8484279988e-01,1.5011254010e+00
6.4045004877e-01,1.6692259884e+00,2.2837049763e-01,1.0773019039e+00,7.9202625109e-01,2.8527565276e-01,1.5027387947e+00
6.4121339806e-01,1.6702456617e+00,2.2878534052e-01,1.0779803118e+00,7.9227187281e-01,2.8570843902e-01,1.5043527297e+00
6.4197674734e-01,1.6712659579e+00,2.2920024298e-01,1.0786581034e+00,7.9251694507e-01,2.8614115830e-01,1.5059672092e+00
6.4274009662e-01,1.6722868773e+00,2.2961520428e-01,1.0793352803e+00,7.9276147006e-01,2.8657381025e-01,1.5075822364e+00
6.4350344591e-01,1.6733084204e+00,2.3003022365e-01,1.0800118445e+00,7.9300544997e-01,2.8700639451e-01,1.5091978147e+00
6.4426679519e-01,1.6743305875e+00,2.3044530035e-01,1.0806877977e+00,7.9324888695e-01,2.8743891072e-01,1.5108139473e+00
6.4503014447e-01,1.6753533790e+00,2.3086043362e-01,1.0813631417e+00,7.9349178319e-01,2.8787135856e-01,1.5124306373e+00
6.4579349376e-01,1.6763767953e+00,2.3127562272e-01,1.0820378785e+00,7.9373414084e-01,2.8830373766e-01,1.5140478882e+00
6.4655684304e-01,1.6774008368e+00,2.3169086689e-01,1.0827120097e+00,7.9397596206e-01,2.8873604768e-01,1.5156657030e+00
6.4732019232e-01,1.6784255038e+00,2.3210616540e-01,1.0833855373e+00,7.9421724901e-01,2.8916828828e-01,1.5172840851e+00
6.4808354161e-01,1.6794507968e+00,2.3252151750e-01,1.0840584630e+00,7.9445800383e-01,2.8960045912e-01,1.5189030377e+00
6.4884689089e-01,1.6804767160e+00,2.3293692245e-01,1.0847307885e+00,7.9469822866e-01,2.9003255987e-01,1.5205225640e+00
6.4961024017e-01,1.6815032620e+00,2.3335237949e-01,1.0854025158e+00,7.9493792565e-01,2.9046459017e-01,1.5221426674e+00
6.5037358946e-01,1.6825304351e+00,2.3376788791e-01,1.0860736466e+00,7.9517709692e-01,2.9089654970e-01,1.5237633510e+00
6.5113693874e-01,1.6835582356e+00,2.3418344694e-01,1.0867441827e+00,7.9541574461e-01,2.9132843812e-01,1.5253846182e+00
6.5190028802e-01,1.6845866639e+00,2.3459905587e-01,1.0874141259e+00,7.9565387083e-01,2.9176025511e-01,1.5270064721e+00
6.5266363731e-01,1.6856157205e+00,2.3501471395e-01,1.0880834780e+00,7.9589147771e-01,2.9219200033e-01,1.5286289161e+00
6.5342698659e-01,1.6866454058e+00,2.3543042045e-01,1.0887522408e+00,7.9612856736e-01,2.9262367345e-01,1.5302519533e+00
6.5419033587e-01,1.6876757200e+00,2.3584617463e-01,1.0894204160e+00,7.9636514189e-01,2.9305527414e-01,1.5318755871e+00
6.5495368516e-01,1.6887066636e+00,2.3626197577e-01,1.0900880055e+00,7.9660120340e-01,2.9348680209e-01,1.5334998206e+00
6.5571703444e-01,1.6897382369e+00,2.3667782314e-01,1.0907550110e+00,7.9683675399e-01,2.9391825697e-01,1.5351246572e+00
6.5648038372e-01,1.6907704405e+00,2.3709371600e-01,1.0914214342e+00,7.9707179575e-01,2.9434963846e-01,1.5367501001e+00
6.5724373301e-01,1.6918032745e+00,2.3750965363e-01,1.0920872770e+00,7.9730633078e-01,2.9478094624e-01,1.5383761526e+00
6.5800708229e-01,1.6928367395e+00,2.3792563531e-01,1.0927525411e+00,7.9754036115e-01,2.9521217999e-01,1.5400028180e+00
6.5877043157e-01,1.6938708358e+00,2.3834166031e-01,1.0934172283e+00,7.9777388894e-01,2.9564333939e-01,1.5416300994e+00
6.5953378086e-01,1.6949055638e+00,2.3875772790e-01,1.0940813404e+00,7.9800691624e-01,2.9607442414e-01,1.5432580002e+00
6.6029713014e-01,1.6959409238e+00,2.3917383738e-01,1.0947448790e+00,7.9823944511e-01,2.9650543392e-01,1.5448865236e+00
6.6106047942e-01,1.6969769164e+00,2.3958998801e-01,1.0954078460e+00,7.9847147761e-01,2.9693636842e-01,1.5465156729e+00
6.6182382871e-01,1.6980135417e+00,2.4000617908e-01,1.0960702431e+00,7.9870301581e-01,2.9736722733e-01,1.5481454513e+00
6.6258717799e-01,1.6990508004e+00,2.4042240987e-01,1.0967320721e+00,7.9893406176e-01,2.9779801035e-01,1.5497758622e+00
6.6335052727e-01,1.7000886926e+00,2.4083867967e-01,1.0973933347e+00,7.9916461751e-01,2.9822871716e-01,1.5514069087e+00
6.6411387656e-01,1.7011272189e+00,2.4125498777e-01,1.0980540326e+00,7.9939468511e-01,2.9865934748e-01,1.5530385942e+00
6.6487722584e-01,1.7021663795e+00,2.4167133345e-01,1.0987141676e+00,7.9962426660e-01,2.9908990098e-01,1.5546709219e+00
6.6564057512e-01,1.7032061750e+00,2.4208771599e-01,1.0993737414e+00,7.9985336401e-01,2.9952037738e-01,1.5563038951e+00
6.6640392441e-01,1.7042466056e+00,2.4250413470e-01,1.1000327558e+00,8.0008197938e-01,2.9995077638e-01,1.5579375171e+00
6.6716727369e-01,1.7052876718e+00,2.4292058887e-01,1.1006912124e+00,8.0031011474e-01,3.0038109768e-01,1.5595717911e+00
6.6793062297e-01,1.7063293739e+00,2.4333707778e-01,1.1013491131e+00,8.0053777210e-01,3.0081134099e-01,1.5612067204e+00
6.6869397226e-01,1.7073717124e+00,2.4375360073e-01,1.1020064595e+00,8.0076495349e-01,3.0124150601e-01,1.5628423083e+00
6.6945732154e-01,1.7084146876e+00,2.4417015702e-01,1.1026632534e+00,8.0099166092e-01,3.0167159245e-01,1.5644785581e+00
6.7022067082e-01,1.7094582999e+00,2.4458674594e-01,1.1033194964e+00,8.0121789639e-01,3.0210160002e-01,1.5661154729e+00
6.7098402011e-01,1.7105025498e+00,2.4500336680e-01,1.1039751903e+00,8.0144366191e-01,3.0253152843e-01,1.5677530563e+00
6.7174736939e-01,1.7115474375e+00,2.4542001890e-01,1.1046303369e+00,8.0166895949e-01,3.0296137741e-01,1.5693913113e+00
6.7251071867e-01,1.7125929635e+00,2.4583670154e-01,1.1052849378e+00,8.0189379111e-01,3.0339114666e-01,1.5710302412e+00
6.7327406796e-01,1.7136391282e+00,2.4625341402e-01,1.1059389947e+00,8.0211815877e-01,3.0382083589e-01,1.5726698494e+00
6.7403741724e-01,1.7146859320e+00,2.4667015564e-01,1.1065925093e+00,8.0234206445e-01,3.0425044484e-01,1.5743101392e+00
6.7480076652e-01,1.7157333752e+00,2.4708692572e-01,1.1072454834e+00,8.0256551013e-01,3.0467997322e-01,1.5759511138e+00
6.7556411581e-01,1.7167814582e+00,2.4750372356e-01,1.1078979185e+00,8.0278849779e-01,3.0510942075e-01,1.5775927764e+00
6.7632746509e-01,1.7178301815e+00,2.4792054847e-01,1.1085498166e+00,8.0301102940e-01,3.0553878716e-01,1.5792351305e+00
6.7709081438e-01,1.7188795455e+00,2.4833739976e-01,1.1092011791e+00,8.0323310693e-01,3.0596807217e-01,1.5808781792e+00
6.7785416366e-01,1.7199295504e+00,2.4875427675e-01,1.1098520079e+00,8.0345473235e-01,3.0639727551e-01,1.5825219259e+00
6.7861751294e-01,1.7209801968e+00,2.4917117874e-01,1.1105023045e+00,8.0367590760e-01,3.0682639691e-01,1.5841663739e+00
6.7938086223e-01,1.7220314849e+00,2.4958810506e-01,1.1111520708e+00,8.0389663465e-01,3.0725543610e-01,1.5858115263e+00
6.8014421151e-01,1.7230834153e+00,2.5000505502e-01,1.1118013083e+00,8.0411691545e-01,3.0768439281e-01,1.5874573866e+00
6.8090756079e-01,1.7241359883e+00,2.5042202793e-01,1.1124500187e+00,8.0433675193e-01,3.0811326677e-01,1.5891039581e+00
6.8167091008e-01,1.7251892042e+00,2.5083902312e-01,1.1130982038e+00,8.0455614605e-01,3.0854205773e-01,1.5907512439e+00
6.8243425936e-01,1.7262430635e+00,2.5125603991e-01,1.1137458651e+00,8.0477509973e-01,3.0897076541e-01,1.5923992474e+00
6.8319760864e-01,1.7272975666e+00,2.5167307762e-01,1.1143930045e+00,8.0499361492e-01,3.0939938956e-01,1.5940479720e+00
6.8396095793e-01,1.7283527138e+00,2.5209013558e-01,1.1150396234e+00,8.0521169352e-01,3.0982792992e-01,1.5956974208e+00
6.8472430721e-01,1.7294085056e+00,2.5250721310e-01,1.1156857237e+00,8.0542933748e-01,3.1025638622e-01,1.5973475973e+00
6.8548765649e-01,1.7304649423e+00,2.5292430952e-01,1.1163313069e+00,8.0564654871e-01,3.1068475822e-01,1.5989985046e+00
6.8625100578e-01,1.7315220244e+00,2.5334142416e-01,1.1169763748e+00,8.0586332912e-01,3.1111304566e-01,1.6006501462e+00
6.8701435506e-01,1.7325797522e+00,2.5375855636e-01,1.1176209289e+00,8.0607968063e-01,3.1154124828e-01,1.6023025252e+00
6.8777770434e-01,1.7336381262e+00,2.5417570544e-01,1.1182649710e+00,8.0629560513e-01,3.1196936583e-01,1.6039556451e+00
6.8854105363e-01,1.7346971466e+00,2.5459287074e-01,1.1189085026e+00,8.0651110453e-01,3.1239739807e-01,1.6056095090e+00
6.8930440291e-01,1.7357568140e+00,2.5501005159e-01,1.1195515255e+00,8.0672618073e-01,3.1282534474e-01,1.6072641204e+00
6.9006775219e-01,1.7368171287e+00,2.5542724733e-01,1.1201940412e+00,8.0694083562e-01,3.1325320560e-01,1.6089194825e+00
6.9083110148e-01,1.7378780911e+00,2.5584445728e-01,1.1208360515e+00,8.0715507109e-01,3.1368098040e-01,1.6105755986e+00
6.9159445076e-01,1.7389397016e+00,2.5626168080e-01,1.1214775579e+00,8.0736888902e-01,3.1410866890e-01,1.6122324721e+00
6.9235780004e-01,1.7400019606e+00,2.5667891722e-01,1.1221185622e+00,8.0758229129e-01,3.1453627086e-01,1.6138901062e+00
6.9312114933e-01,1.7410648686e+00,2.5709616589e-01,1.1227590658e+00,8.0779527979e-01,3.1496378603e-01,1.6155485043e+00
6.9388449861e-01,1.7421284258e+00,2.5751342613e-01,1.1233990706e+00,8.0800785637e-01,3.1539121419e-01,1.6172076697e+00
6.9464784789e-01,1.7431926327e+00,2.5793069730e-01,1.1240385780e+00,8.0822002291e-01,3.1581855508e-01,1.6188676056e+00
6.9541119718e-01,1.7442574897e+00,2.5834797875e-01,1.1246775897e+00,8.0843178126e-01,3.1624580848e-01,1.6205283155e+00
6.9617454646e-01,1.7453229971e+00,2.5876526981e-01,1.1253161074e+00,8.0864313330e-01,3.1667297415e-01,1.6221898025e+00
6.9693789574e-01,1.7463891555e+00,2.5918256985e-01,1.1259541327e+00,8.0885408087e-01,3.1710005185e-01,1.6238520702e+00
6.9770124503e-01,1.7474559651e+00,2.5959987820e-01,1.1265916672e+00,8.0906462582e-01,3.1752704137e-01,1.6255151217e+00
6.9846459431e-01,1.7485234264e+00,2.6001719421e-01,1.1272287125e+00,8.0927477000e-01,3.1795394246e-01,1.6271789604e+00
6.9922794359e-01,1.7495915398e+00,2.6043451725e-01,1.1278652702e+00,8.0948451526e-01,3.1838075489e-01,1.6288435895e+00
6.9999129288e-01,1.7506603057e+00,2.6085184666e-01,1.1285013419e+00,8.0969386342e-01,3.1880747846e-01,1.6305090126e+00
7.0075464216e-01,1.7517297244e+00,2.6126918181e-01,1.1291369292e+00,8.0990281632e-01,3.1923411291e-01,1.6321752328e+00
7.0151799144e-01,1.7527997964e+00,2.6168652203e-01,1.1297720338e+00,8.1011137580e-01,3.1966065805e-01,1.6338422535e+00
7.0228134073e-01,1.7538705221e+00,2.6210386671e-01,1.1304066573e+00,8.1031954367e-01,3.2008711363e-01,1.6355100780e+00
7.0304469001e-01,1.7549419018e+00,2.6252121518e-01,1.1310408012e+00,8.1052732177e-01,3.2051347945e-01,1.6371787096e+00
7.0380803929e-01,1.7560139361e+00,2.6293856682e-01,1.1316744672e+00,8.1073471190e-01,3.2093975528e-01,1.6388481517e+00
7.0457138858e-01,1.7570866251e+00,2.6335592099e-01,1.1323076568e+00,8.1094171588e-01,3.2136594090e-01,1.6405184077e+00
7.0533473786e-01,1.7581599695e+00,2.6377327704e-01,1.1329403716e+00,8.1114833551e-01,3.2179203610e-01,1.6421894808e+00
7.0609808714e-01,1.7592339695e+00,2.6419063435e-01,1.1335726133e+00,8.1135457261e-01,3.2221804067e-01,1.6438613744e+00
7.0686143643e-01,1.7603086256e+00,2.6460799229e-01,1.1342043834e+00,8.1156042898e-01,3.2264395439e-01,1.6455340918e+00
7.0762478571e-01,1.7613839382e+00,2.6502535021e-01,1.1348356835e+00,8.1176590640e-01,3.2306977706e-01,1.6472076364e+00
7.0838813499e-01,1.7624599076e+00,2.6544270749e-01,1.1354665151e+00,8.1197100668e-01,3.2349550845e-01,1.6488820115e+00
7.0915148428e-01,1.7635365343e+00,2.6586006350e-01,1.1360968800e+00,8.1217573160e-01,3.2392114836e-01,1.6505572205e+00
7.0991483356e-01,1.7646138187e+00,2.6627741762e-01,1.1367267795e+00,8.1238008295e-01,3.2434669659e-01,1.6522332666e+00
7.1067818284e-01,1.7656917612e+00,2.6669476921e-01,1.1373562154e+00,8.1258406250e-01,3.2477215293e-01,1.6539101533e+00
7.1144153213e-01,1.7667703621e+00,2.6711211765e-01,1.1379851892e+00,8.1278767204e-01,3.2519751718e-01,1.6555878839e+00
7.1220488141e-01,1.7678496219e+00,2.6752946231e-01,1.1386137025e+00,8.1299091334e-01,3.2562278912e-01,1.6572664617e+00
7.1296823069e-01,1.7689295410e+00,2.6794680258e-01,1.1392417567e+00,8.1319378816e-01,3.2604796857e-01,1.6589458901e+00
7.1373157998e-01,1.7700101198e+00,2.6836413784e-01,1.1398693536e+00,8.1339629828e-01,3.2647305533e-01,1.6606261724e+00
7.1449492926e-01,1.7710913587e+00,2.6878146746e-01,1.1404964946e+00,8.1359844545e-01,3.2689804918e-01,1.6623073120e+00
7.1525827855e-01,1.7721732581e+00,2.6919879082e-01,1.1411231814e+00,8.1380023142e-01,3.2732294995e-01,1.6639893123e+00
7.1602162783e-01,1.7732558183e+00,2.6961610732e-01,1.1417494154e+00,8.1400165796e-01,3.2774775743e-01,1.6656721766e+00
7.1678497711e-01,1.7743390399e+00,2.7003341632e-01,1.1423751982e+00,8.1420272681e-01,3.2817247142e-01,1.6673559083e+00
7.1754832640e-01,1.7754229232e+00,2.7045071723e-01,1.1430005315e+00,8.1440343972e-01,3.2859709174e-01,1.6690405107e+00
7.1831167568e-01,1.7765074685e+00,2.7086800943e-01,1.1436254166e+00,8.1460379842e-01,3.2902161820e-01,1.6707259872e+00
7.1907502496e-01,1.7775926764e+00,2.7128529230e-01,1.1442498553e+00,8.1480380466e-01,3.2944605060e-01,1.6724123411e+00
7.1983837425e-01,1.7786785472e+00,2.7170256524e-01,1.1448738489e+00,8.1500346017e-01,3.2987038876e-01,1.6740995759e+00
7.2060172353e-01,1.7797650813e+00,2.7211982764e-01,1.1454973992e+00,8.1520276667e-01,3.3029463249e-01,1.6757876948e+00
7.2136507281e-01,1.7808522792e+00,2.7253707889e-01,1.1461205075e+00,8.1540172590e-01,3.3071878161e-01,1.6774767013e+00
7.2212842210e-01,1.7819401412e+00,2.7295431839e-01,1.1467431755e+00,8.1560033958e-01,3.3114283592e-01,1.6791665988e+00
7.2289177138e-01,1.7830286677e+00,2.7337154553e-01,1.1473654047e+00,8.1579860942e-01,3.3156679526e-01,1.6808573905e+00
7.2365512066e-01,1.7841178592e+00,2.7378875971e-01,1.1479871966e+00,8.1599653714e-01,3.3199065944e-01,1.6825490799e+00
7.2441846995e-01,1.7852077160e+00,2.7420596033e-01,1.1486085527e+00,8.1619412445e-01,3.3241442827e-01,1.6842416704e+00
7.2518181923e-01,1.7862982385e+00,2.7462314678e-01,1.1492294746e+00,8.1639137306e-01,3.3283810158e-01,1.6859351653e+00
7.2594516851e-01,1.7873894273e+00,2.7504031848e-01,1.1498499639e+00,8.1658828466e-01,3.3326167920e-01,1.6876295680e+00
7.2670851780e-01,1.7884812826e+00,2.7545747482e-01,1.1504700219e+00,8.1678486097e-01,3.3368516094e-01,1.6893248819e+00
7.2747186708e-01,1.7895738049e+00,2.7587461520e-01,1.1510896503e+00,8.1698110367e-01,3.3410854664e-01,1.6910211103e+00
7.2823521636e-01,1.7906669945e+00,2.7629173904e-01,1.1517088506e+00,8.1717701445e-01,3.3453183612e-01,1.6927182567e+00
7.2899856565e-01,1.7917608520e+00,2.7670884574e-01,1.1523276242e+00,8.1737259501e-01,3.3495502921e-01,1.6944163245e+00
7.2976191493e-01,1.7928553776e+00,2.7712593470e-01,1.1529459728e+00,8.1756784702e-01,3.3537812574e-01,1.6961153170e+00
7.3052526421e-01,1.7939505719e+00,2.7754300534e-01,1.1535638977e+00,8.1776277218e-01,3.3580112555e-01,1.6978152376e+00
7.3128861350e-01,1.7950464352e+00,2.7796005707e-01,1.1541814006e+00,8.1795737215e-01,3.3622402845e-01,1.6995160898e+00
7.3205196278e-01,1.7961429679e+00,2.7837708930e-01,1.1547984829e+00,8.1815164860e-01,3.3664683430e-01,1.7012178768e+00
7.3281531206e-01,1.7972401705e+00,2.7879410145e-01,1.1554151461e+00,8.1834560322e-01,3.3706954292e-01,1.7029206022e+00
7.3357866135e-01,1.7983380432e+00,2.7921109292e-01,1.1560313918e+00,8.1853923766e-01,3.3749215415e-01,1.7046242693e+00
7.3434201063e-01,1.7994365867e+00,2.7962806314e-01,1.1566472214e+00,8.1873255358e-01,3.3791466783e-01,1.7063288814e+00
7.3510535991e-01,1.8005358012e+00,2.8004501153e-01,1.1572626364e+00,8.1892555265e-01,3.3833708379e-01,1.7080344421e+00
7.3586870920e-01,1.8016356872e+00,2.8046193750e-01,1.1578776384e+00,8.1911823651e-01,3.3875940189e-01,1.7097409547e+00
7.3663205848e-01,1.8027362450e+00,2.8087884047e-01,1.1584922288e+00,8.1931060683e-01,3.3918162196e-01,1.7114484226e+00
7.3739540776e-01,1.8038374752e+00,2.8129571987e-01,1.1591064091e+00,8.1950266524e-01,3.3960374385e-01,1.7131568493e+00
7.3815875705e-01,1.8049393780e+00,2.8171257513e-01,1.1597201808e+00,8.1969441339e-01,3.4002576740e-01,1.7148662380e+00
7.3892210633e-01,1.8060419540e+00,2.8212940565e-01,1.1603335454e+00,8.1988585292e-01,3.4044769245e-01,1.7165765924e+00
7.3968545561e-01,1.8071452035e+00,2.8254621088e-01,1.1609465043e+00,8.2007698547e-01,3.4086951886e-01,1.7182879156e+00
7.4044880490e-01,1.8082491269e+00,2.8296299023e-01,1.1615590591e+00,8.2026781267e-01,3.4129124648e-01,1.7200002113e+00
7.4121215418e-01,1.8093537247e+00,2.8337974314e-01,1.1621712113e+00,8.2045833615e-01,3.4171287515e-01,1.7217134827e+00
7.4197550346e-01,1.8104589973e+00,2.8379646904e-01,1.1627829623e+00,8.2064855753e-01,3.4213440472e-01,1.7234277334e+00
7.4273885275e-01,1.8115649450e+00,2.8421316736e-01,1.1633943135e+00,8.2083847845e-01,3.4255583505e-01,1.7251429667e+00
7.4350220203e-01,1.8126715683e+00,2.8462983753e-01,1.1640052665e+00,8.2102810051e-01,3.4297716600e-01,1.7268591860e+00
7.4426555131e-01,1.8137788676e+00,2.8504647899e-01,1.1646158227e+00,8.2121742533e-01,3.4339839741e-01,1.7285763949e+00
7.4502890060e-01,1.8148868433e+00,2.8546309116e-01,1.1652259837e+00,8.2140645452e-01,3.4381952915e-01,1.7302945966e+00
7.4579224988e-01,1.8159954958e+00,2.8587967350e-01,1.1658357508e+00,8.2159518970e-01,3.4424056108e-01,1.7320137947e+00
7.4655559916e-01,1.8171048256e+00,2.8629622543e-01,1.1664451255e+00,8.2178363246e-01,3.4466149304e-01,1.7337339925e+00
7.4731894845e-01,1.8182148330e+00,2.8671274640e-01,1.1670541093e+00,8.2197178441e-01,3.4508232491e-01,1.7354551936e+00
7.4808229773e-01,1.8193255185e+00,2.8712923585e-01,1.1676627037e+00,8.2215964714e-01,3.4550305655e-01,1.7371774013e+00
7.4884564701e-01,1.8204368825e+00,2.8754569322e-01,1.1682709101e+00,8.2234722225e-01,3.4592368782e-01,1.7389006190e+00
7.4960899630e-01,1.8215489254e+00,2.8796211796e-01,1.1688787299e+00,8.2253451134e-01,3.4634421858e-01,1.7406248503e+00
7.5037234558e-01,1.8226616475e+00,2.8837850950e-01,1.1694861647e+00,8.2272151598e-01,3.4676464869e-01,1.7423500986e+00
7.5113569486e-01,1.8237750494e+00,2.8879486730e-01,1.1700932158e+00,8.2290823775e-01,3.4718497804e-01,1.7440763672e+00
7.5189904415e-01,1.8248891315e+00,2.8921119080e-01,1.1706998847e+00,8.2309467825e-01,3.4760520648e-01,1.7458036597e+00
7.5266239343e-01,1.8260038941e+00,2.8962747945e-01,1.1713061729e+00,8.2328083905e-01,3.4802533389e-01,1.7475319796e+00
7.5342574271e-01,1.8271193376e+00,2.9004373271e-01,1.1719120818e+00,8.2346672172e-01,3.4844536013e-01,1.7492613301e+00
7.5418909200e-01,1.8282354626e+00,2.9045995002e-01,1.1725176129e+00,8.2365232783e-01,3.4886528508e-01,1.7509917149e+00
7.5495244128e-01,1.8293522694e+00,2.9087613084e-01,1.1731227676e+00,8.2383765894e-01,3.4928510861e-01,1.7527231373e+00
7.5571579057e-01,1.8304697583e+00,2.9129227463e-01,1.1737275472e+00,8.2402271663e-01,3.4970483060e-01,1.7544556008e+00
7.5647913985e-01,1.8315879299e+00,2.9170838083e-01,1.1743319534e+00,8.2420750245e-01,3.5012445092e-01,1.7561891089e+00
7.5724248913e-01,1.8327067846e+00,2.9212444890e-01,1.1749359874e+00,8.2439201795e-01,3.5054396945e-01,1.7579236651e+00
7.5800583842e-01,1.8338263227e+00,2.9254047831e-01,1.1755396508e+00,8.2457626470e-01,3.5096338606e-01,1.7596592727e+00
7.5876918770e-01,1.8349465448e+00,2.9295646852e-01,1.1761429449e+00,8.2476024423e-01,3.5138270065e-01,1.7613959354e+00
7.5953253698e-01,1.8360674511e+00,2.9337241897e-01,1.1767458712e+00,8.2494395811e-01,3.5180191308e-01,1.7631336564e+00
7.6029588627e-01,1.8371890421e+00,2.9378832915e-01,1.1773484311e+00,8.2512740785e-01,3.5222102325e-01,1.7648724394e+00
7.6105923555e-01,1.8383113183e+00,2.9420419851e-01,1.1779506261e+00,8.2531059502e-01,3.5264003103e-01,1.7666122877e+00
7.6182258483e-01,1.8394342801e+00,2.9462002651e-01,1.1785524575e+00,8.2549352115e-01,3.5305893631e-01,1.7683532049e+00
7.6258593412e-01,1.8405579278e+00,2.9503581262e-01,1.1791539267e+00,8.2567618776e-01,3.5347773897e-01,1.7700951944e+00
7.6334928340e-01,1.8416822619e+00,2.9545155632e-01,1.1797550353e+00,8.2585859639e-01,3.5389643890e-01,1.7718382597e+00
7.6411263268e-01,1.8428072829e+00,2.9586725706e-01,1.1803557846e+00,8.2604074856e-01,3.5431503600e-01,1.7735824044e+00
7.6487598197e-01,1.8439329911e+00,2.9628291433e-01,1.1809561759e+00,8.2622264580e-01,3.5473353014e-01,1.7753276318e+00
7.6563933125e-01,1.8450593869e+00,2.9669852758e-01,1.1815562109e+00,8.2640428963e-01,3.5515192123e-01,1.7770739454e+00
7.6640268053e-01,1.8461864708e+00,2.9711409630e-01,1.1821558907e+00,8.2658568157e-01,3.5557020915e-01,1.7788213488e+00
7.6716602982e-01,1.8473142432e+00,2.9752961996e-01,1.1827552169e+00,8.2676682312e-01,3.5598839379e-01,1.7805698455e+00
7.6792937910e-01,1.8484427046e+00,2.9794509804e-01,1.1833541909e+00,8.2694771580e-01,3.5640647506e-01,1.7823194389e+00
7.6869272838e-01,1.8495718552e+00,2.9836053000e-01,1.1839528139e+00,8.2712836111e-01,3.5682445284e-01,1.7840701325e+00
7.6945607767e-01,1.8507016957e+00,2.9877591533e-01,1.1845510876e+00,8.2730876056e-01,3.5724232703e-01,1.7858219299e+00
7.7021942695e-01,1.8518322263e+00,2.9919125352e-01,1.1851490132e+00,8.2748891565e-01,3.5766009753e-01,1.7875748345e+00
7.7098277623e-01,1.8529634475e+00,2.9960654403e-01,1.1857465921e+00,8.2766882787e-01,3.5807776424e-01,1.7893288498e+00
7.7174612552e-01,1.8540953597e+00,3.0002178636e-01,1.1863438258e+00,8.2784849873e-01,3.5849532706e-01,1.7910839794e+00
7.7250947480e-01,1.8552279634e+00,3.0043697998e-01,1.1869407156e+00,8.2802792970e-01,3.5891278589e-01,1.7928402267e+00
7.7327282408e-01,1.8563612590e+00,3.0085212438e-01,1.1875372629e+00,8.2820712229e-01,3.5933014064e-01,1.7945975953e+00
7.7403617337e-01,1.8574952468e+00,3.0126721905e-01,1.1881334692e+00,8.2838607796e-01,3.5974739120e-01,1.7963560886e+00
7.7479952265e-01,1.8586299274e+00,3.0168226348e-01,1.1887293357e+00,8.2856479821e-01,3.6016453749e-01,1.7981157103e+00
7.7556287193e-01,1.8597653011e+00,3.0209725715e-01,1.1893248639e+00,8.2874328451e-01,3.6058157940e-01,1.7998764637e+00
7.7632622122e-01,1.8609013683e+00,3.0251219955e-01,1.1899200552e+00,8.2892153834e-01,3.6099851685e-01,1.8016383525e+00
7.7708957050e-01,1.8620381296e+00,3.0292709017e-01,1.1905149109e+00,8.2909956117e-01,3.6141534975e-01,1.8034013801e+00
7.7785291978e-01,1.8631755852e+00,3.0334192851e-01,1.1911094325e+00,8.2927735447e-01,3.6183207800e-01,1.8051655501e+00
7.7861626907e-01,1.8643137357e+00,3.0375671406e-01,1.1917036212e+00,8.2945491970e-01,3.6224870151e-01,1.8069308660e+00
7.7937961835e-01,1.8654525815e+00,3.0417144632e-01,1.1922974785e+00,8.2963225832e-01,3.6266522020e-01,1.8086973313e+00
7.8014296763e-01,1.8665921229e+00,3.0458612478e-01,1.1928910058e+00,8.2980937180e-01,3.6308163398e-01,1.8104649496e+00
7.8090631692e-01,1.8677323604e+00,3.0500074894e-01,1.1934842044e+00,8.2998626159e-01,3.6349794277e-01,1.8122337244e+00
7.8166966620e-01,1.8688732945e+00,3.0541531830e-01,1.1940770756e+00,8.3016292915e-01,3.6391414648e-01,1.8140036593e+00
7.8243301548e-01,1.8700149255e+00,3.0582983236e-01,1.1946696209e+00,8.3033937592e-01,3.6433024502e-01,1.8157747577e+00
7.8319636477e-01,1.8711572539e+00,3.0624429062e-01,1.1952618417e+00,8.3051560335e-01,3.6474623832e-01,1.8175470232e+00
7.8395971405e-01,1.8723002801e+00,3.0665869259e-01,1.1958537392e+00,8.3069161289e-01,3.6516212629e-01,1.8193204594e+00
7.8472306333e-01,1.8734440046e+00,3.0707303776e-01,1.1964453148e+00,8.3086740598e-01,3.6557790885e-01,1.8210950699e+00
7.8548641262e-01,1.8745884277e+00,3.0748732565e-01,1.1970365700e+00,8.3104298405e-01,3.6599358592e-01,1.8228708581e+00
7.8624976190e-01,1.8757335499e+00,3.0790155575e-01,1.1976275060e+00,8.3121834854e-01,3.6640915744e-01,1.8246478276e+00
7.8701311118e-01,1.8768793716e+00,3.0831572759e-01,1.1982181242e+00,8.3139350088e-01,3.6682462331e-01,1.8264259820e+00
7.8777646047e-01,1.8780258933e+00,3.0872984066e-01,1.1988084260e+00,8.3156844250e-01,3.6723998347e-01,1.8282053248e+00
7.8853980975e-01,1.8791731153e+00,3.0914389449e-01,1.1993984127e+00,8.3174317483e-01,3.6765523783e-01,1.8299858596e+00
7.8930315903e-01,1.8803210381e+00,3.0955788857e-01,1.1999880856e+00,8.3191769929e-01,3.6807038633e-01,1.8317675900e+00
7.9006650832e-01,1.8814696622e+00,3.0997182242e-01,1.2005774462e+00,8.3209201729e-01,3.6848542890e-01,1.8335505195e+00
7.9082985760e-01,1.8826189879e+00,3.1038569557e-01,1.2011664957e+00,8.3226613026e-01,3.6890036546e-01,1.8353346517e+00
7.9159320688e-01,1.8837690157e+00,3.1079950751e-01,1.2017552356e+00,8.3244003961e-01,3.6931519594e-01,1.8371199902e+00
7.9235655617e-01,1.8849197460e+00,3.1121325778e-01,1.2023436670e+00,8.3261374676e-01,3.6972992028e-01,1.8389065386e+00
7.9311990545e-01,1.8860711793e+00,3.1162694589e-01,1.2029317915e+00,8.3278725310e-01,3.7014453840e-01,1.8406943003e+00
7.9388325474e-01,1.8872233159e+00,3.1204057135e-01,1.2035196103e+00,8.3296056004e-01,3.7055905024e-01,1.8424832791e+00
7.9464660402e-01,1.8883761563e+00,3.1245413369e-01,1.2041071247e+00,8.3313366899e-01,3.7097345574e-01,1.8442734784e+00
7.9540995330e-01,1.8895297010e+00,3.1286763244e-01,1.2046943362e+00,8.3330658134e-01,3.7138775482e-01,1.8460649019e+00
7.9617330259e-01,1.8906839503e+00,3.1328106710e-01,1.2052812459e+00,8.3347929850e-01,3.7180194743e-01,1.8478575532e+00
7.9693665187e-01,1.8918389047e+00,3.1369443722e-01,1.2058678553e+00,8.3365182184e-01,3.7221603350e-01,1.8496514358e+00
7.9770000115e-01,1.8929945646e+00,3.1410774231e-01,1.2064541658e+00,8.3382415278e-01,3.7263001298e-01,1.8514465534e+00
7.9846335044e-01,1.8941509305e+00,3.1452098190e-01,1.2070401785e+00,8.3399629268e-01,3.7304388580e-01,1.8532429095e+00
7.9922669972e-01,1.8953080028e+00,3.1493415552e-01,1.2076258948e+00,8.3416824294e-01,3.7345765190e-01,1.8550405078e+00
7.9999004900e-01,1.8964657819e+00,3.1534726269e-01,1.2082113162e+00,8.3434000494e-01,3.7387131123e-01,1.8568393518e+00
8.0075339829e-01,1.8976242682e+00,3.1576030296e-01,1.2087964438e+00,8.3451158006e-01,3.7428486372e-01,1.8586394451e+00
8.0151674757e-01,1.8987834622e+00,3.1617327585e-01,1.2093812790e+00,8.3468296967e-01,3.7469830932e-01,1.8604407915e+00
8.0228009685e-01,1.8999433643e+00,3.1658618090e-01,1.2099658231e+00,8.3485417515e-01,3.7511164799e-01,1.8622433943e+00
8.0304344614e-01,1.9011039750e+00,3.1699901763e-01,1.2105500775e+00,8.3502519786e-01,3.7552487965e-01,1.8640472574e+00
8.0380679542e-01,1.9022652946e+00,3.1741178559e-01,1.2111340434e+00,8.3519603918e-01,3.7593800427e-01,1.8658523843e+00
8.0457014470e-01,1.9034273237e+00,3.1782448431e-01,1.2117177223e+00,8.3536670047e-01,3.7635102178e-01,1.8676587786e+00
8.0533349399e-01,1.9045900626e+00,3.1823711333e-01,1.2123011152e+00,8.3553718309e-01,3.7676393214e-01,1.8694664439e+00
8.0609684327e-01,1.9057535118e+00,3.1864967219e-01,1.2128842237e+00,8.3570748840e-01,3.7717673530e-01,1.8712753839e+00
8.0686019255e-01,1.9069176717e+00,3.1906216043e-01,1.2134670490e+00,8.3587761775e-01,3.7758943121e-01,1.8730856022e+00
8.0762354184e-01,1.9080825427e+00,3.1947457759e-01,1.2140495923e+00,8.3604757250e-01,3.7800201983e-01,1.8748971025e+00
8.0838689112e-01,1.9092481253e+00,3.1988692322e-01,1.2146318551e+00,8.3621735400e-01,3.7841450110e-01,1.8767098883e+00
8.0915024040e-01,1.9104144200e+00,3.2029919686e-01,1.2152138386e+00,8.3638696360e-01,3.7882687498e-01,1.8785239632e+00
8.0991358969e-01,1.9115814270e+00,3.2071139805e-01,1.2157955441e+00,8.3655640265e-01,3.7923914142e-01,1.8803393311e+00
8.1067693897e-01,1.9127491470e+00,3.2112352635e-01,1.2163769729e+00,8.3672567248e-01,3.7965130039e-01,1.8821559954e+00
8.1144028825e-01,1.9139175803e+00,3.2153558129e-01,1.2169581263e+00,8.3689477443e-01,3.8006335184e-01,1.8839739599e+00
8.1220363754e-01,1.9150867273e+00,3.2194756244e-01,1.2175390056e+00,8.3706370984e-01,3.8047529572e-01,1.8857932281e+00
8.1296698682e-01,1.9162565886e+00,3.2235946934e-01,1.2181196121e+00,8.3723248005e-01,3.8088713201e-01,1.8876138038e+00
8.1373033610e-01,1.9174271644e+00,3.2277130153e-01,1.2186999470e+00,8.3740108638e-01,3.8129886066e-01,1.8894356905e+00
8.1449368539e-01,1.9185984554e+00,3.2318305858e-01,1.2192800118e+00,8.3756953017e-01,3.8171048162e-01,1.8912588920e+00
8.1525703467e-01,1.9197704618e+00,3.2359474005e-01,1.2198598076e+00,8.3773781274e-01,3.8212199487e-01,1.8930834119e+00
8.1602038395e-01,1.9209431841e+00,3.2400634547e-01,1.2204393358e+00,8.3790593542e-01,3.8253340037e-01,1.8949092539e+00
8.1678373324e-01,1.9221166229e+00,3.2441787442e-01,1.2210185976e+00,8.3807389952e-01,3.8294469808e-01,1.8967364216e+00
8.1754708252e-01,1.9232907784e+00,3.2482932644e-01,1.2215975943e+00,8.3824170636e-01,3.8335588797e-01,1.8985649187e+00
8.1831043180e-01,1.9244656513e+00,3.2524070110e-01,1.2221763273e+00,8.3840935726e-01,3.8376697000e-01,1.9003947489e+00
8.1907378109e-01,1.9256412418e+00,3.2565199797e-01,1.2227547977e+00,8.3857685353e-01,3.8417794415e-01,1.9022259159e+00
8.1983713037e-01,1.9268175504e+00,3.2606321659e-01,1.2233330069e+00,8.3874419647e-01,3.8458881038e-01,1.9040584233e+00
8.2060047965e-01,1.9279945776e+00,3.2647435653e-01,1.2239109561e+00,8.3891138741e-01,3.8499956866e-01,1.9058922748e+00
8.2136382894e-01,1.9291723238e+00,3.2688541736e-01,1.2244886466e+00,8.3907842763e-01,3.8541021896e-01,1.9077274741e+00
8.2212717822e-01,1.9303507894e+00,3.2729639864e-01,1.2250660797e+00,8.3924531845e-01,3.8582076125e-01,1.9095640250e+00
8.2289052750e-01,1.9315299749e+00,3.2770729993e-01,1.2256432567e+00,8.3941206116e-01,3.8623119552e-01,1.9114019310e+00
8.2365387679e-01,1.9327098808e+00,3.2811812082e-01,1.2262201788e+00,8.3957865705e-01,3.8664152172e-01,1.9132411959e+00
8.2441722607e-01,1.9338905074e+00,3.2852886085e-01,1.2267968473e+00,8.3974510743e-01,3.8705173984e-01,1.9150818234e+00
8.2518057535e-01,1.9350718552e+00,3.2893951961e-01,1.2273732634e+00,8.3991141358e-01,3.8746184984e-01,1.9169238172e+00
8.2594392464e-01,1.9362539247e+00,3.2935009666e-01,1.2279494285e+00,8.4007757680e-01,3.8787185172e-01,1.9187671810e+00
8.2670727392e-01,1.9374367163e+00,3.2976059158e-01,1.2285253438e+00,8.4024359836e-01,3.8828174544e-01,1.9206119184e+00
8.2747062320e-01,1.9386202303e+00,3.3017100394e-01,1.2291010105e+00,8.4040947955e-01,3.8869153098e-01,1.9224580333e+00
8.2823397249e-01,1.9398044674e+00,3.3058133332e-01,1.2296764300e+00,8.4057522165e-01,3.8910120833e-01,1.9243055293e+00
8.2899732177e-01,1.9409894278e+00,3.3099157929e-01,1.2302516034e+00,8.4074082595e-01,3.8951077746e-01,1.9261544102e+00
8.2976067105e-01,1.9421751122e+00,3.3140174142e-01,1.2308265321e+00,8.4090629371e-01,3.8992023836e-01,1.9280046796e+00
8.3052402034e-01,1.9433615208e+00,3.3181181930e-01,1.2314012172e+00,8.4107162620e-01,3.9032959100e-01,1.9298563413e+00
8.3128736962e-01,1.9445486541e+00,3.3222181250e-01,1.2319756601e+00,8.4123682471e-01,3.9073883538e-01,1.9317093991e+00
8.3205071891e-01,1.9457365126e+00,3.3263172061e-01,1.2325498620e+00,8.4140189050e-01,3.9114797147e-01,1.9335638565e+00
8.3281406819e-01,1.9469250968e+00,3.3304154321e-01,1.2331238241e+00,8.4156682482e-01,3.9155699926e-01,1.9354197175e+00
8.3357741747e-01,1.9481144070e+00,3.3345127988e-01,1.2336975477e+00,8.4173162896e-01,3.9196591874e-01,1.9372769857e+00
8.3434076676e-01,1.9493044437e+00,3.3386093021e-01,1.2342710340e+00,8.4189630416e-01,3.9237472989e-01,1.9391356649e+00
8.3510411604e-01,1.9504952074e+00,3.3427049377e-01,1.2348442844e+00,8.4206085168e-01,3.9278343271e-01,1.9409957587e+00
8.3586746532e-01,1.9516866984e+00,3.3467997016e-01,1.2354173000e+00,8.4222527278e-01,3.9319202718e-01,1.9428572711e+00
8.3663081461e-01,1.9528789173e+00,3.3508935896e-01,1.2359900820e+00,8.4238956872e-01,3.9360051328e-01,1.9447202056e+00
8.3739416389e-01,1.9540718645e+00,3.3549865977e-01,1.2365626318e+00,8.4255374074e-01,3.9400889103e-01,1.9465845661e+00
8.3815751317e-01,1.9552655405e+00,3.3590787217e-01,1.2371349505e+00,8.4271779009e-01,3.9441716039e-01,1.9484503563e+00
8.3892086246e-01,1.9564599456e+00,3.3631699575e-01,1.2377070394e+00,8.4288171801e-01,3.9482532138e-01,1.9503175800e+00
8.3968421174e-01,1.9576550803e+00,3.3672603011e-01,1.2382788997e+00,8.4304552576e-01,3.9523337398e-01,1.9521862409e+00
8.4044756102e-01,1.9588509451e+00,3.3713497484e-01,1.2388505327e+00,8.4320921456e-01,3.9564131818e-01,1.9540563429e+00
8.4121091031e-01,1.9600475404e+00,3.3754382954e-01,1.2394219396e+00,8.4337278566e-01,3.9604915398e-01,1.9559278896e+00
8.4197425959e-01,1.9612448666e+00,3.3795259379e-01,1.2399931217e+00,8.4353624030e-01,3.9645688139e-01,1.9578008850e+00
8.4273760887e-01,1.9624429243e+00,3.3836126720e-01,1.2405640801e+00,8.4369957970e-01,3.9686450038e-01,1.9596753326e+00
8.4350095816e-01,1.9636417138e+00,3.3876984937e-01,1.2411348161e+00,8.4386280509e-01,3.9727201098e-01,1.9615512364e+00
8.4426430744e-01,1.9648412357e+00,3.3917833989e-01,1.2417053309e+00,8.4402591771e-01,3.9767941316e-01,1.9634286001e+00
8.4502765672e-01,1.9660414902e+00,3.3958673837e-01,1.2422756257e+00,8.4418891879e-01,3.9808670694e-01,1.9653074275e+00
8.4579100601e-01,1.9672424780e+00,3.3999504440e-01,1.2428457019e+00,8.4435180953e-01,3.9849389232e-01,1.9671877223e+00
8.4655435529e-01,1.9684441994e+00,3.4040325759e-01,1.2434155605e+00,8.4451459117e-01,3.9890096929e-01,1.9690694885e+00
8.4731770457e-01,1.9696466549e+00,3.4081137755e-01,1.2439852028e+00,8.4467726493e-01,3.9930793787e-01,1.9709527297e+00
8.4808105386e-01,1.9708498449e+00,3.4121940387e-01,1.2445546301e+00,8.4483983202e-01,3.9971479804e-01,1.9728374499e+00
8.4884440314e-01,1.9720537699e+00,3.4162733617e-01,1.2451238435e+00,8.4500229364e-01,4.0012154983e-01,1.9747236527e+00
8.4960775242e-01,1.9732584304e+00,3.4203517405e-01,1.2456928443e+00,8.4516465103e-01,4.0052819323e-01,1.9766113421e+00
8.5037110171e-01,1.9744638267e+00,3.4244291712e-01,1.2462616336e+00,8.4532690538e-01,4.0093472825e-01,1.9785005217e+00
8.5113445099e-01,1.9756699594e+00,3.4285056499e-01,1.2468302128e+00,8.4548905790e-01,4.0134115490e-01,1.9803911955e+00
8.5189780027e-01,1.9768768289e+00,3.4325811727e-01,1.2473985830e+00,8.4565110979e-01,4.0174747319e-01,1.9822833673e+00
8.5266114956e-01,1.9780844356e+00,3.4366557357e-01,1.2479667454e+00,8.4581306226e-01,4.0215368312e-01,1.9841770408e+00
8.5342449884e-01,1.9792927800e+00,3.4407293351e-01,1.2485347012e+00,8.4597491651e-01,4.0255978471e-01,1.9860722200e+00
8.5418784812e-01,1.9805018625e+00,3.4448019669e-01,1.2491024517e+00,8.4613667373e-01,4.0296577796e-01,1.9879689086e+00
8.5495119741e-01,1.9817116836e+00,3.4488736274e-01,1.2496699980e+00,8.4629833513e-01,4.0337166290e-01,1.9898671105e+00
8.5571454669e-01,1.9829222438e+00,3.4529443127e-01,1.2502373414e+00,8.4645990188e-01,4.0377743953e-01,1.9917668295e+00
8.5647789597e-01,1.9841335434e+00,3.4570140191e-01,1.2508044830e+00,8.4662137519e-01,4.0418310786e-01,1.9936680695e+00
8.5724124526e-01,1.9853455830e+00,3.4610827425e-01,1.2513714241e+00,8.4678275623e-01,4.0458866791e-01,1.9955708343e+00
8.5800459454e-01,1.9865583630e+00,3.4651504794e-01,1.2519381659e+00,8.4694404620e-01,4.0499411970e-01,1.9974751277e+00
8.5876794382e-01,1.9877718838e+00,3.4692172258e-01,1.2525047095e+00,8.4710524628e-01,4.0539946324e-01,1.9993809537e+00
8.5953129311e-01,1.9889861459e+00,3.4732829780e-01,1.2530710562e+00,8.4726635765e-01,4.0580469855e-01,2.0012883160e+00
8.6029464239e-01,1.9902011498e+00,3.4773477323e-01,1.2536372071e+00,8.4742738150e-01,4.0620982564e-01,2.0031972186e+00
8.6105799167e-01,1.9914168958e+00,3.4814114848e-01,1.2542031635e+00,8.4758831898e-01,4.0661484455e-01,2.0051076653e+00
8.6182134096e-01,1.9926333846e+00,3.4854742319e-01,1.2547689266e+00,8.4774917129e-01,4.0701975527e-01,2.0070196599e+00
8.6258469024e-01,1.9938506164e+00,3.4895359697e-01,1.2553344974e+00,8.4790993958e-01,4.0742455785e-01,2.0089332064e+00
8.6334803952e-01,1.9950685918e+00,3.4935966947e-01,1.2558998773e+00,8.4807062504e-01,4.0782925229e-01,2.0108483086e+00
8.6411138881e-01,1.9962873113e+00,3.4976564029e-01,1.2564650675e+00,8.4823122883e-01,4.0823383862e-01,2.0127649704e+00
8.6487473809e-01,1.9975067752e+00,3.5017150909e-01,1.2570300690e+00,8.4839175212e-01,4.0863831686e-01,2.0146831957e+00
8.6563808737e-01,1.9987269840e+00,3.5057727547e-01,1.2575948831e+00,8.4855219606e-01,4.0904268704e-01,2.0166029884e+00
8.6640143666e-01,1.9999479382e+00,3.5098293909e-01,1.2581595110e+00,8.4871256182e-01,4.0944694919e-01,2.0185243523e+00
8.6716478594e-01,2.0011696383e+00,3.5138849957e-01,1.2587239539e+00,8.4887285055e-01,4.0985110332e-01,2.0204472914e+00
8.6792813522e-01,2.0023920846e+00,3.5179395654e-01,1.2592882129e+00,8.4903306342e-01,4.1025514946e-01,2.0223718095e+00
8.6869148451e-01,2.0036152777e+00,3.5219930965e-01,1.2598522892e+00,8.4919320158e-01,4.1065908765e-01,2.0242979107e+00
8.6945483379e-01,2.0048392180e+00,3.5260455852e-01,1.2604161841e+00,8.4935326618e-01,4.1106291790e-01,2.0262255986e+00
8.7021818308e-01,2.0060639060e+00,3.5300970280e-01,1.2609798986e+00,8.4951325837e-01,4.1146664026e-01,2.0281548774e+00
8.7098153236e-01,2.0072893421e+00,3.5341474212e-01,1.2615434340e+00,8.4967317929e-01,4.1187025474e-01,2.0300857509e+00
8.7174488164e-01,2.0085155268e+00,3.5381967613e-01,1.2621067915e+00,8.4983303010e-01,4.1227376138e-01,2.0320182230e+00
8.7250823093e-01,2.0097424605e+00,3.5422450446e-01,1.2626699721e+00,8.4999281193e-01,4.1267716022e-01,2.0339522976e+00
8.7327158021e-01,2.0109701437e+00,3.5462922675e-01,1.2632329772e+00,8.5015252593e-01,4.1308045127e-01,2.0358879787e+00
8.7403492949e-01,2.0121985768e+00,3.5503384265e-01,1.2637958078e+00,8.5031217324e-01,4.1348363459e-01,2.0378252702e+00
8.7479827878e-01,2.0134277604e+00,3.5543835181e-01,1.2643584652e+00,8.5047175498e-01,4.1388671019e-01,2.0397641760e+00
8.7556162806e-01,2.0146576948e+00,3.5584275387e-01,1.2649209504e+00,8.5063127231e-01,4.1428967812e-01,2.0417047001e+00
8.7632497734e-01,2.0158883805e+00,3.5624704847e-01,1.2654832648e+00,8.5079072634e-01,4.1469253841e-01,2.0436468464e+00
8.7708832663e-01,2.0171198181e+00,3.5665123526e-01,1.2660454093e+00,8.5095011822e-01,4.1509529110e-01,2.0455906189e+00
8.7785167591e-01,2.0183520078e+00,3.5705531389e-01,1.2666073853e+00,8.5110944906e-01,4.1549793622e-01,2.0475360215e+00
8.7861502519e-01,2.0195849503e+00,3.5745928401e-01,1.2671691938e+00,8.5126872000e-01,4.1590047381e-01,2.0494830582e+00
8.7937837448e-01,2.0208186459e+00,3.5786314528e-01,1.2677308361e+00,8.5142793215e-01,4.1630290392e-01,2.0514317329e+00
8.8014172376e-01,2.0220530952e+00,3.5826689733e-01,1.2682923132e+00,8.5158708665e-01,4.1670522658e-01,2.0533820496e+00
8.8090507304e-01,2.0232882985e+00,3.5867053983e-01,1.2688536264e+00,8.5174618460e-01,4.1710744183e-01,2.0553340122e+00
8.8166842233e-01,2.0245242564e+00,3.5907407243e-01,1.2694147768e+00,8.5190522713e-01,4.1750954972e-01,2.0572876248e+00
8.8243177161e-01,2.0257609693e+00,3.5947749478e-01,1.2699757656e+00,8.5206421536e-01,4.1791155028e-01,2.0592428913e+00
8.8319512089e-01,2.0269984377e+00,3.5988080654e-01,1.2705365939e+00,8.5222315039e-01,4.1831344356e-01,2.0611998157e+00
8.8395847018e-01,2.0282366620e+00,3.6028400737e-01,1.2710972629e+00,8.5238203334e-01,4.1871522960e-01,2.0631584019e+00
8.8472181946e-01,2.0294756426e+00,3.6068709692e-01,1.2716577738e+00,8.5254086532e-01,4.1911690844e-01,2.0651186540e+00
8.8548516874e-01,2.0307153802e+00,3.6109007486e-01,1.2722181276e+00,8.5269964743e-01,4.1951848014e-01,2.0670805760e+00
8.8624851803e-01,2.0319558750e+00,3.6149294083e-01,1.2727783255e+00,8.5285838078e-01,4.1991994474e-01,2.0690441718e+00
8.8701186731e-01,2.0331971276e+00,3.6189569452e-01,1.2733383688e+00,8.5301706648e-01,4.2032130228e-01,2.0710094454e+00
8.8777521659e-01,2.0344391385e+00,3.6229833557e-01,1.2738982584e+00,8.5317570562e-01,4.2072255282e-01,2.0729764009e+00
8.8853856588e-01,2.0356819080e+00,3.6270086365e-01,1.2744579957e+00,8.5333429930e-01,4.2112369640e-01,2.0749450423e+00
8.8930191516e-01,2.0369254367e+00,3.6310327843e-01,1.2750175817e+00,8.5349284862e-01,4.2152473306e-01,2.0769153735e+00
8.9006526444e-01,2.0381697251e+00,3.6350557956e-01,1.2755770176e+00,8.5365135468e-01,4.2192566287e-01,2.0788873987e+00
8.9082861373e-01,2.0394147735e+00,3.6390776673e-01,1.2761363044e+00,8.5380981857e-01,4.2232648587e-01,2.0808611217e+00
8.9159196301e-01,2.0406605825e+00,3.6430983959e-01,1.2766954435e+00,8.5396824138e-01,4.2272720212e-01,2.0828365467e+00
8.9235531229e-01,2.0419071526e+00,3.6471179781e-01,1.2772544358e+00,8.5412662419e-01,4.2312781165e-01,2.0848136776e+00
8.9311866158e-01,2.0431544841e+00,3.6511364106e-01,1.2778132826e+00,8.5428496810e-01,4.2352831454e-01,2.0867925185e+00
8.9388201086e-01,2.0444025775e+00,3.6551536902e-01,1.2783719850e+00,8.5444327419e-01,4.2392871083e-01,2.0887730735e+00
8.9464536014e-01,2.0456514334e+00,3.6591698135e-01,1.2789305441e+00,8.5460154355e-01,4.2432900058e-01,2.0907553466e+00
8.9540870943e-01,2.0469010522e+00,3.6631847773e-01,1.2794889611e+00,8.5475977725e-01,4.2472918383e-01,2.0927393418e+00
8.9617205871e-01,2.0481514343e+00,3.6671985783e-01,1.2800472370e+00,8.5491797637e-01,4.2512926066e-01,2.0947250632e+00
8.9693540799e-01,2.0494025802e+00,3.6712112133e-01,1.2806053731e+00,8.5507614199e-01,4.2552923111e-01,2.0967125148e+00
8.9769875728e-01,2.0506544904e+00,3.6752226790e-01,1.2811633704e+00,8.5523427519e-01,4.2592909525e-01,2.0987017007e+00
8.9846210656e-01,2.0519071654e+00,3.6792329723e-01,1.2817212302e+00,8.5539237704e-01,4.2632885313e-01,2.1006926250e+00
8.9922545584e-01,2.0531606056e+00,3.6832420897e-01,1.2822789534e+00,8.5555044861e-01,4.2672850481e-01,2.1026852917e+00
8.9998880513e-01,2.0544148114e+00,3.6872500283e-01,1.2828365413e+00,8.5570849097e-01,4.2712805035e-01,2.1046797049e+00
9.0075215441e-01,2.0556697834e+00,3.6912567847e-01,1.2833939950e+00,8.5586650518e-01,4.2752748981e-01,2.1066758687e+00
9.0151550369e-01,2.0569255221e+00,3.6952623558e-01,1.2839513156e+00,8.5602449232e-01,4.2792682326e-01,2.1086737871e+00
9.0227885298e-01,2.0581820278e+00,3.6992667383e-01,1.2845085042e+00,8.5618245344e-01,4.2832605075e-01,2.1106734643e+00
9.0304220226e-01,2.0594393011e+00,3.7032699292e-01,1.2850655620e+00,8.5634038961e-01,4.2872517236e-01,2.1126749044e+00
9.0380555154e-01,2.0606973424e+00,3.7072719253e-01,1.2856224900e+00,8.5649830189e-01,4.2912418813e-01,2.1146781114e+00
9.0456890083e-01,2.0619561522e+00,3.7112727233e-01,1.2861792895e+00,8.5665619133e-01,4.2952309814e-01,2.1166830894e+00
9.0533225011e-01,2.0632157309e+00,3.7152723203e-01,1.2867359614e+00,8.5681405899e-01,4.2992190245e-01,2.1186898426e+00
9.0609559939e-01,2.0644760791e+00,3.7192707130e-01,1.2872925071e+00,8.5697190593e-01,4.3032060114e-01,2.1206983750e+00
9.0685894868e-01,2.0657371972e+00,3.7232678983e-01,1.2878489274e+00,8.5712973319e-01,4.3071919425e-01,2.1227086907e+00
9.0762229796e-01,2.0669990857e+00,3.7272638732e-01,1.2884052237e+00,8.5728754183e-01,4.3111768187e-01,2.1247207940e+00
9.0838564725e-01,2.0682617450e+00,3.7312586345e-01,1.2889613970e+00,8.5744533289e-01,4.3151606406e-01,2.1267346889e+00
9.0914899653e-01,2.0695251757e+00,3.7352521791e-01,1.2895174483e+00,8.5760310743e-01,4.3191434089e-01,2.1287503795e+00
9.0991234581e-01,2.0707893781e+00,3.7392445039e-01,1.2900733789e+00,8.5776086648e-01,4.3231251243e-01,2.1307678699e+00
9.1067569510e-01,2.0720543528e+00,3.7432356060e-01,1.2906291898e+00,8.5791861109e-01,4.3271057875e-01,2.1327871644e+00
9.1143904438e-01,2.0733201002e+00,3.7472254822e-01,1.2911848822e+00,8.5807634230e-01,4.3310853991e-01,2.1348082670e+00
9.1220239366e-01,2.0745866208e+00,3.7512141294e-01,1.2917404572e+00,8.5823406115e-01,4.3350639600e-01,2.1368311819e+00
9.1296574295e-01,2.0758539151e+00,3.7552015448e-01,1.2922959158e+00,8.5839176867e-01,4.3390414709e-01,2.1388559132e+00
9.1372909223e-01,2.0771219835e+00,3.7591877251e-01,1.2928512591e+00,8.5854946590e-01,4.3430179324e-01,2.1408824651e+00
9.1449244151e-01,2.0783908265e+00,3.7631726674e-01,1.2934064884e+00,8.5870715388e-01,4.3469933454e-01,2.1429108418e+00
9.1525579080e-01,2.0796604447e+00,3.7671563687e-01,1.2939616047e+00,8.5886483363e-01,4.3509677105e-01,2.1449410474e+00
9.1601914008e-01,2.0809308384e+00,3.7711388261e-01,1.2945166091e+00,8.5902250619e-01,4.3549410286e-01,2.1469730860e+00
9.1678248936e-01,2.0822020081e+00,3.7751200364e-01,1.2950715026e+00,8.5918017258e-01,4.3589133003e-01,2.1490069619e+00
9.1754583865e-01,2.0834739544e+00,3.7790999967e-01,1.2956262865e+00,8.5933783384e-01,4.3628845265e-01,2.1510426793e+00
9.1830918793e-01,2.0847466777e+00,3.7830787041e-01,1.2961809618e+00,8.5949549097e-01,4.3668547080e-01,2.1530802422e+00
9.1907253721e-01,2.0860201784e+00,3.7870561556e-01,1.2967355296e+00,8.5965314502e-01,4.3708238454e-01,2.1551196550e+00
9.1983588650e-01,2.0872944570e+00,3.7910323483e-01,1.2972899909e+00,8.5981079699e-01,4.3747919396e-01,2.1571609218e+00
9.2059923578e-01,2.0885695141e+00,3.7950072791e-01,1.2978443471e+00,8.5996844790e-01,4.3787589915e-01,2.1592040467e+00
9.2136258506e-01,2.0898453501e+00,3.7989809453e-01,1.2983985990e+00,8.6012609879e-01,4.3827250017e-01,2.1612490340e+00
9.2212593435e-01,2.0911219654e+00,3.8029533438e-01,1.2989527478e+00,8.6028375065e-01,4.3866899711e-01,2.1632958880e+00
9.2288928363e-01,2.0923993605e+00,3.8069244717e-01,1.2995067946e+00,8.6044140450e-01,4.3906539006e-01,2.1653446127e+00
9.2365263291e-01,2.0936775360e+00,3.8108943262e-01,1.3000607405e+00,8.6059906136e-01,4.3946167909e-01,2.1673952125e+00
9.2441598220e-01,2.0949564923e+00,3.8148629044e-01,1.3006145865e+00,8.6075672223e-01,4.3985786430e-01,2.1694476916e+00
9.2517933148e-01,2.0962362298e+00,3.8188302033e-01,1.3011683339e+00,8.6091438813e-01,4.4025394575e-01,2.1715020541e+00
9.2594268076e-01,2.0975167491e+00,3.8227962202e-01,1.3017219836e+00,8.6107206005e-01,4.4064992354e-01,2.1735583043e+00
9.2670603005e-01,2.0987980506e+00,3.8267609521e-01,1.3022755368e+00,8.6122973901e-01,4.4104579775e-01,2.1756164464e+00
9.2746937933e-01,2.1000801349e+00,3.8307243962e-01,1.3028289945e+00,8.6138742601e-01,4.4144156848e-01,2.1776764847e+00
9.2823272861e-01,2.1013630023e+00,3.8346865497e-01,1.3033823578e+00,8.6154512205e-01,4.4183723579e-01,2.1797384235e+00
9.2899607790e-01,2.1026466533e+00,3.8386474097e-01,1.3039356279e+00,8.6170282813e-01,4.4223279979e-01,2.1818022669e+00
9.2975942718e-01,2.1039310885e+00,3.8426069733e-01,1.3044888058e+00,8.6186054525e-01,4.4262826056e-01,2.1838680193e+00
9.3052277646e-01,2.1052163084e+00,3.8465652379e-01,1.3050418926e+00,8.6201827440e-01,4.4302361819e-01,2.1859356848e+00
9.3128612575e-01,2.1065023133e+00,3.8505222006e-01,1.3055948893e+00,8.6217601658e-01,4.4341887276e-01,2.1880052678e+00
9.3204947503e-01,2.1077891038e+00,3.8544778585e-01,1.3061477972e+00,8.6233377278e-01,4.4381402437e-01,2.1900767725e+00
9.3281282431e-01,2.1090766803e+00,3.8584322090e-01,1.3067006171e+00,8.6249154399e-01,4.4420907311e-01,2.1921502032e+00
9.3357617360e-01,2.1103650434e+00,3.8623852492e-01,1.3072533503e+00,8.6264933120e-01,4.4460401908e-01,2.1942255642e+00
9.3433952288e-01,2.1116541935e+00,3.8663369763e-01,1.3078059978e+00,8.6280713541e-01,4.4499886235e-01,2.1963028598e+00
9.3510287216e-01,2.1129441311e+00,3.8702873877e-01,1.3083585606e+00,8.6296495759e-01,4.4539360303e-01,2.1983820942e+00
9.3586622145e-01,2.1142348567e+00,3.8742364805e-01,1.3089110399e+00,8.6312279873e-01,4.4578824121e-01,2.2004632718e+00
9.3662957073e-01,2.1155263707e+00,3.8781842521e-01,1.3094634368e+00,8.6328065981e-01,4.4618277697e-01,2.2025463968e+00
9.3739292001e-01,2.1168186737e+00,3.8821306996e-01,1.3100157522e+00,8.6343854182e-01,4.4657721043e-01,2.2046314735e+00
9.3815626930e-01,2.1181117661e+00,3.8860758205e-01,1.3105679874e+00,8.6359644573e-01,4.4697154167e-01,2.2067185063e+00
9.3891961858e-01,2.1194056484e+00,3.8900196119e-01,1.3111201433e+00,8.6375437252e-01,4.4736577078e-01,2.2088074995e+00
9.3968296786e-01,2.1207003211e+00,3.8939620712e-01,1.3116722211e+00,8.6391232318e-01,4.4775989788e-01,2.2108984574e+00
9.4044631715e-01,2.1219957847e+00,3.8979031956e-01,1.3122242217e+00,8.6407029866e-01,4.4815392304e-01,2.2129913843e+00
9.4120966643e-01,2.1232920396e+00,3.9018429826e-01,1.3127761463e+00,8.6422829995e-01,4.4854784637e-01,2.2150862846e+00
9.4197301571e-01,2.1245890864e+00,3.9057814294e-01,1.3133279960e+00,8.6438632802e-01,4.4894166798e-01,2.2171831625e+00
9.4273636500e-01,2.1258869255e+00,3.9097185334e-01,1.3138797718e+00,8.6454438383e-01,4.4933538795e-01,2.2192820225e+00
9.4349971428e-01,2.1271855574e+00,3.9136542919e-01,1.3144314747e+00,8.6470246836e-01,4.4972900639e-01,2.2213828688e+00
9.4426306356e-01,2.1284849826e+00,3.9175887023e-01,1.3149831060e+00,8.6486058256e-01,4.5012252340e-01,2.2234857059e+00
9.4502641285e-01,2.1297852015e+00,3.9215217619e-01,1.3155346665e+00,8.6501872742e-01,4.5051593908e-01,2.2255905380e+00
9.4578976213e-01,2.1310862147e+00,3.9254534681e-01,1.3160861574e+00,8.6517690388e-01,4.5090925353e-01,2.2276973696e+00
9.4655311141e-01,2.1323880227e+00,3.9293838183e-01,1.3166375798e+00,8.6533511291e-01,4.5130246685e-01,2.2298062050e+00
9.4731646070e-01,2.1336906259e+00,3.9333128099e-01,1.3171889346e+00,8.6549335547e-01,4.5169557916e-01,2.2319170486e+00
9.4807980998e-01,2.1349940248e+00,3.9372404403e-01,1.3177402231e+00,8.6565163252e-01,4.5208859054e-01,2.2340299047e+00
9.4884315927e-01,2.1362982199e+00,3.9411667070e-01,1.3182914461e+00,8.6580994502e-01,4.5248150111e-01,2.2361447777e+00
9.4960650855e-01,2.1376032117e+00,3.9450916072e-01,1.3188426049e+00,8.6596829392e-01,4.5287431098e-01,2.2382616721e+00
9.5036985783e-01,2.1389090007e+00,3.9490151385e-01,1.3193937004e+00,8.6612668017e-01,4.5326702024e-01,2.2403805922e+00
9.5113320712e-01,2.1402155873e+00,3.9529372983e-01,1.3199447337e+00,8.6628510473e-01,4.5365962900e-01,2.2425015424e+00
9.5189655640e-01,2.1415229721e+00,3.9568580841e-01,1.3204957059e+00,8.6644356855e-01,4.5405213738e-01,2.2446245271e+00
9.5265990568e-01,2.1428311555e+00,3.9607774933e-01,1.3210466180e+00,8.6660207257e-01,4.5444454547e-01,2.2467495508e+00
9.5342325497e-01,2.1441401381e+00,3.9646955233e-01,1.3215974711e+00,8.6676061775e-01,4.5483685339e-01,2.2488766178e+00
9.5418660425e-01,2.1454499202e+00,3.9686121717e-01,1.3221482663e+00,8.6691920503e-01,4.5522906124e-01,2.2510057325e+00
9.5494995353e-01,2.1467605025e+00,3.9725274359e-01,1.3226990045e+00,8.6707783535e-01,4.5562116914e-01,2.2531368995e+00
9.5571330282e-01,2.1480718853e+00,3.9764413134e-01,1.3232496869e+00,8.6723650966e-01,4.5601317720e-01,2.2552701230e+00
9.5647665210e-01,2.1493840693e+00,3.9803538018e-01,1.3238003144e+00,8.6739522889e-01,4.5640508552e-01,2.2574054076e+00
9.5724000138e-01,2.1506970548e+00,3.9842648985e-01,1.3243508882e+00,8.6755399400e-01,4.5679689421e-01,2.2595427577e+00
9.5800335067e-01,2.1520108423e+00,3.9881746011e-01,1.3249014093e+00,8.6771280591e-01,4.5718860340e-01,2.2616821777e+00
9.5876669995e-01,2.1533254324e+00,3.9920829070e-01,1.3254518788e+00,8.6787166556e-01,4.5758021319e-01,2.2638236721e+00
9.5953004923e-01,2.1546408255e+00,3.9959898139e-01,1.3260022976e+00,8.6803057389e-01,4.5797172370e-01,2.2659672454e+00
9.6029339852e-01,2.1559570222e+00,3.9998953193e-01,1.3265526669e+00,8.6818953184e-01,4.5836313503e-01,2.2681129019e+00
9.6105674780e-01,2.1572740229e+00,4.0037994207e-01,1.3271029876e+00,8.6834854032e-01,4.5875444731e-01,2.2702606462e+00
9.6182009708e-01,2.1585918281e+00,4.0077021157e-01,1.3276532609e+00,8.6850760029e-01,4.5914566065e-01,2.2724104828e+00
9.6258344637e-01,2.1599104383e+00,4.0116034019e-01,1.3282034878e+00,8.6866671265e-01,4.5953677516e-01,2.2745624161e+00
9.6334679565e-01,2.1612298540e+00,4.0155032768e-01,1.3287536693e+00,8.6882587835e-01,4.5992779097e-01,2.2767164506e+00
9.6411014493e-01,2.1625500757e+00,4.0194017381e-01,1.3293038065e+00,8.6898509831e-01,4.6031870818e-01,2.2788725909e+00
9.6487349422e-01,2.1638711039e+00,4.0232987834e-01,1.3298539004e+00,8.6914437345e-01,4.6070952692e-01,2.2810308413e+00
9.6563684350e-01,2.1651929390e+00,4.0271944101e-01,1.3304039520e+00,8.6930370470e-01,4.6110024730e-01,2.2831912064e+00
9.6640019278e-01,2.1665155816e+00,4.0310886161e-01,1.3309539624e+00,8.6946309297e-01,4.6149086944e-01,2.2853536907e+00
9.6716354207e-01,2.1678390321e+00,4.0349813989e-01,1.3315039327e+00,8.6962253919e-01,4.6188139347e-01,2.2875182988e+00
9.6792689135e-01,2.1691632911e+00,4.0388727561e-01,1.3320538638e+00,8.6978204428e-01,4.6227181950e-01,2.2896850350e+00
9.6869024063e-01,2.1704883591e+00,4.0427626854e-01,1.3326037568e+00,8.6994160916e-01,4.6266214765e-01,2.2918539041e+00
9.6945358992e-01,2.1718142365e+00,4.0466511844e-01,1.3331536128e+00,8.7010123473e-01,4.6305237805e-01,2.2940249104e+00
9.7021693920e-01,2.1731409238e+00,4.0505382509e-01,1.3337034327e+00,8.7026092193e-01,4.6344251081e-01,2.2961980585e+00
9.7098028848e-01,2.1744684216e+00,4.0544238824e-01,1.3342532177e+00,8.7042067165e-01,4.6383254606e-01,2.2983733530e+00
9.7174363777e-01,2.1757967302e+00,4.0583080766e-01,1.3348029687e+00,8.7058048481e-01,4.6422248392e-01,2.3005507985e+00
9.7250698705e-01,2.1771258503e+00,4.0621908313e-01,1.3353526868e+00,8.7074036232e-01,4.6461232451e-01,2.3027303993e+00
9.7327033633e-01,2.1784557823e+00,4.0660721441e-01,1.3359023731e+00,8.7090030509e-01,4.6500206797e-01,2.3049121602e+00
9.7403368562e-01,2.1797865267e+00,4.0699520128e-01,1.3364520284e+00,8.7106031403e-01,4.6539171441e-01,2.3070960857e+00
9.7479703490e-01,2.1811180841e+00,4.0738304350e-01,1.3370016540e+00,8.7122039004e-01,4.6578126395e-01,2.3092821804e+00
9.7556038418e-01,2.1824504548e+00,4.0777074085e-01,1.3375512508e+00,8.7138053403e-01,4.6617071674e-01,2.3114704487e+00
9.7632373347e-01,2.1837836394e+00,4.0815829310e-01,1.3381008198e+00,8.7154074691e-01,4.6656007288e-01,2.3136608954e+00
9.7708708275e-01,2.1851176384e+00,4.0854570002e-01,1.3386503621e+00,8.7170102956e-01,4.6694933251e-01,2.3158535250e+00
9.7785043203e-01,2.1864524524e+00,4.0893296139e-01,1.3391998787e+00,8.7186138290e-01,4.6733849576e-01,2.3180483420e+00
9.7861378132e-01,2.1877880817e+00,4.0932007699e-01,1.3397493706e+00,8.7202180782e-01,4.6772756275e-01,2.3202453512e+00
9.7937713060e-01,2.1891245269e+00,4.0970704659e-01,1.3402988388e+00,8.7218230522e-01,4.6811653362e-01,2.3224445570e+00
9.8014047988e-01,2.1904617885e+00,4.1009386997e-01,1.3408482845e+00,8.7234287600e-01,4.6850540849e-01,2.3246459641e+00
9.8090382917e-01,2.1917998669e+00,4.1048054691e-01,1.3413977085e+00,8.7250352105e-01,4.6889418749e-01,2.3268495772e+00
9.8166717845e-01,2.1931387628e+00,4.1086707718e-01,1.3419471120e+00,8.7266424126e-01,4.6928287076e-01,2.3290554007e+00
9.8243052773e-01,2.1944784765e+00,4.1125346057e-01,1.3424964960e+00,8.7282503753e-01,4.6967145842e-01,2.3312634395e+00
9.8319387702e-01,2.1958190087e+00,4.1163969685e-01,1.3430458614e+00,8.7298591075e-01,4.7005995061e-01,2.3334736980e+00
9.8395722630e-01,2.1971603597e+00,4.1202578581e-01,1.3435952093e+00,8.7314686181e-01,4.7044834746e-01,2.3356861810e+00
9.8472057558e-01,2.1985025301e+00,4.1241172724e-01,1.3441445407e+00,8.7330789159e-01,4.7083664909e-01,2.3379008930e+00
9.8548392487e-01,2.1998455204e+00,4.1279752090e-01,1.3446938566e+00,8.7346900099e-01,4.7122485566e-01,2.3401178388e+00
9.8624727415e-01,2.2011893311e+00,4.1318316660e-01,1.3452431582e+00,8.7363019088e-01,4.7161296728e-01,2.3423370229e+00
9.8701062344e-01,2.2025339626e+00,4.1356866410e-01,1.3457924463e+00,8.7379146216e-01,4.7200098410e-01,2.3445584502e+00
9.8777397272e-01,2.2038794156e+00,4.1395401321e-01,1.3463417219e+00,8.7395281570e-01,4.7238890624e-01,2.3467821251e+00
9.8853732200e-01,2.2052256904e+00,4.1433921370e-01,1.3468909862e+00,8.7411425239e-01,4.7277673385e-01,2.3490080524e+00
9.8930067129e-01,2.2065727877e+00,4.1472426536e-01,1.3474402402e+00,8.7427577311e-01,4.7316446706e-01,2.3512362368e+00
9.9006402057e-01,2.2079207078e+00,4.1510916799e-01,1.3479894847e+00,8.7443737873e-01,4.7355210601e-01,2.3534666830e+00
9.9082736985e-01,2.2092694514e+00,4.1549392136e-01,1.3485387210e+00,8.7459907013e-01,4.7393965083e-01,2.3556993956e+00
9.9159071914e-01,2.2106190188e+00,4.1587852528e-01,1.3490879499e+00,8.7476084819e-01,4.7432710167e-01,2.3579343794e+00
9.9235406842e-01,2.2119694106e+00,4.1626297952e-01,1.3496371725e+00,8.7492271379e-01,4.7471445866e-01,2.3601716390e+00
9.9311741770e-01,2.2133206274e+00,4.1664728388e-01,1.3501863897e+00,8.7508466780e-01,4.7510172194e-01,2.3624111792e+00
9.9388076699e-01,2.2146726695e+00,4.1703143816e-01,1.3507356027e+00,8.7524671108e-01,4.7548889165e-01,2.3646530047e+00
9.9464411627e-01,2.2160255376e+00,4.1741544215e-01,1.3512848124e+00,8.7540884452e-01,4.7587596793e-01,2.3668971203e+00
9.9540746555e-01,2.2173792321e+00,4.1779929564e-01,1.3518340199e+00,8.7557106898e-01,4.7626295092e-01,2.3691435305e+00
9.9617081484e-01,2.2187337535e+00,4.1818299842e-01,1.3523832261e+00,8.7573338532e-01,4.7664984077e-01,2.3713922402e+00
9.9693416412e-01,2.2200891024e+00,4.1856655030e-01,1.3529324320e+00,8.7589579443e-01,4.7703663760e-01,2.3736432542e+00
9.9769751340e-01,2.2214452792e+00,4.1894995106e-01,1.3534816387e+00,8.7605829715e-01,4.7742334158e-01,2.3758965771e+00
9.9846086269e-01,2.2228022844e+00,4.1933320051e-01,1.3540308472e+00,8.7622089437e-01,4.7780995284e-01,2.3781522138e+00
9.9922421197e-01,2.2241601186e+00,4.1971629844e-01,1.3545800584e+00,8.7638358693e-01,4.7819647151e-01,2.3804101689e+00
9.9998756125e-01,2.2255187823e+00,4.2009924465e-01,1.3551292735e+00,8.7654637571e-01,4.7858289776e-01,2.3826704473e+00
1.0007509105e+00,2.2268782758e+00,4.2048203894e-01,1.3556784933e+00,8.7670926156e-01,4.7896923172e-01,2.3849330537e+00
1.0015142598e+00,2.2282385999e+00,4.2086468112e-01,1.3562277189e+00,8.7687224534e-01,4.7935547353e-01,2.3871979929e+00
1.0022776091e+00,2.2295997550e+00,4.2124717098e-01,1.3567769513e+00,8.7703532792e-01,4.7974162335e-01,2.3894652697e+00
1.0030409584e+00,2.2309617415e+00,4.2162950832e-01,1.3573261915e+00,8.7719851014e-01,4.8012768132e-01,2.3917348888e+00
1.0038043077e+00,2.2323245600e+00,4.2201169295e-01,1.3578754405e+00,8.7736179287e-01,4.8051364758e-01,2.3940068552e+00
1.0045676570e+00,2.2336882110e+00,4.2239372467e-01,1.3584246992e+00,8.7752517696e-01,4.8089952228e-01,2.3962811735e+00
1.0053310062e+00,2.2350526950e+00,4.2277560329e-01,1.3589739688e+00,8.7768866326e-01,4.8128530558e-01,2.3985578487e+00
1.0060943555e+00,2.2364180126e+00,4.2315732861e-01,1.3595232502e+00,8.7785225263e-01,4.8167099761e-01,2.4008368854e+00
1.0068577048e+00,2.2377841642e+00,4.2353890044e-01,1.3600725444e+00,8.7801594591e-01,4.8205659854e-01,2.4031182886e+00
1.0076210541e+00,2.2391511503e+00,4.2392031858e-01,1.3606218525e+00,8.7817974396e-01,4.8244210849e-01,2.4054020630e+00
1.0083844034e+00,2.2405189714e+00,4.2430158284e-01,1.3611711753e+00,8.7834364763e-01,4.8282752764e-01,2.4076882136e+00
1.0091477527e+00,2.2418876281e+00,4.2468269303e-01,1.3617205139e+00,8.7850765775e-01,4.8321285613e-01,2.4099767451e+00
1.0099111019e+00,2.2432571209e+00,4.2506364895e-01,1.3622698693e+00,8.7867177519e-01,4.8359809410e-01,2.4122676624e+00
1.0106744512e+00,2.2446274502e+00,4.2544445043e-01,1.3628192425e+00,8.7883600077e-01,4.8398324171e-01,2.4145609703e+00
1.0114378005e+00,2.2459986167e+00,4.2582509727e-01,1.3633686345e+00,8.7900033536e-01,4.8436829912e-01,2.4168566738e+00
1.0122011498e+00,2.2473706207e+00,4.2620558927e-01,1.3639180462e+00,8.7916477978e-01,4.8475326647e-01,2.4191547776e+00
1.0129644991e+00,2.2487434628e+00,4.2658592626e-01,1.3644674788e+00,8.7932933489e-01,4.8513814391e-01,2.4214552867e+00
1.0137278484e+00,2.2501171436e+00,4.2696610805e-01,1.3650169331e+00,8.7949400151e-01,4.8552293161e-01,2.4237582059e+00
1.0144911976e+00,2.2514916635e+00,4.2734613444e-01,1.3655664102e+00,8.7965878050e-01,4.8590762972e-01,2.4260635402e+00
1.0152545469e+00,2.2528670230e+00,4.2772600526e-01,1.3661159111e+00,8.7982367269e-01,4.8629223838e-01,2.4283712943e+00
1.0160178962e+00,2.2542432228e+00,4.2810572032e-01,1.3666654367e+00,8.7998867891e-01,4.8667675776e-01,2.4306814733e+00
1.0167812455e+00,2.2556202631e+00,4.2848527943e-01,1.3672149880e+00,8.8015380000e-01,4.8706118801e-01,2.4329940821e+00
1.0175445948e+00,2.2569981447e+00,4.2886468242e-01,1.3677645661e+00,8.8031903680e-01,4.8744552929e-01,2.4353091254e+00
1.0183079441e+00,2.2583768680e+00,4.2924392910e-01,1.3683141719e+00,8.8048439013e-01,4.8782978175e-01,2.4376266084e+00
1.0190712933e+00,2.2597564335e+00,4.2962301928e-01,1.3688638064e+00,8.8064986084e-01,4.8821394555e-01,2.4399465358e+00
1.0198346426e+00,2.2611368417e+00,4.3000195279e-01,1.3694134706e+00,8.8081544975e-01,4.8859802086e-01,2.4422689127e+00
1.0205979919e+00,2.2625180931e+00,4.3038072945e-01,1.3699631655e+00,8.8098115769e-01,4.8898200782e-01,2.4445937439e+00
1.0213613412e+00,2.2639001883e+00,4.3075934908e-01,1.3705128921e+00,8.8114698549e-01,4.8936590659e-01,2.4469210345e+00
1.0221246905e+00,2.2652831278e+00,4.3113781149e-01,1.3710626513e+00,8.8131293397e-01,4.8974971734e-01,2.4492507893e+00
1.0228880398e+00,2.2666669121e+00,4.3151611652e-01,1.3716124442e+00,8.8147900398e-01,4.9013344023e-01,2.4515830134e+00
1.0236513890e+00,2.2680515417e+00,4.3189426398e-01,1.3721622717e+00,8.8164519632e-01,4.9051707541e-01,2.4539177116e+00
1.0244147383e+00,2.2694370171e+00,4.3227225370e-01,1.3727121349e+00,8.8181151182e-01,4.9090062304e-01,2.4562548891e+00
1.0251780876e+00,2.2708233389e+00,4.3265008550e-01,1.3732620346e+00,8.8197795132e-01,4.9128408330e-01,2.4585945507e+00
1.0259414369e+00,2.2722105075e+00,4.3302775921e-01,1.3738119719e+00,8.8214451562e-01,4.9166745633e-01,2.4609367014e+00
1.0267047862e+00,2.2735985235e+00,4.3340527466e-01,1.3743619479e+00,8.8231120555e-01,4.9205074230e-01,2.4632813463e+00
1.0274681355e+00,2.2749873873e+00,4.3378263166e-01,1.3749119633e+00,8.8247802193e-01,4.9243394138e-01,2.4656284903e+00
1.0282314847e+00,2.2763770996e+00,4.3415983005e-01,1.3754620193e+00,8.8264496558e-01,4.9281705373e-01,2.4679781385e+00
1.0289948340e+00,2.2777676608e+00,4.3453686966e-01,1.3760121168e+00,8.8281203732e-01,4.9320007951e-01,2.4703302958e+00
1.0297581833e+00,2.2791590715e+00,4.3491375031e-01,1.3765622568e+00,8.8297923795e-01,4.9358301888e-01,2.4726849674e+00
1.0305215326e+00,2.2805513321e+00,4.3529047184e-01,1.3771124403e+00,8.8314656831e-01,4.9396587201e-01,2.4750421581e+00
1.0312848819e+00,2.2819444432e+00,4.3566703407e-01,1.3776626683e+00,8.8331402920e-01,4.9434863907e-01,2.4774018731e+00
1.0320482312e+00,2.2833384053e+00,4.3604343684e-01,1.3782129417e+00,8.8348162143e-01,4.9473132022e-01,2.4797641174e+00
1.0328115804e+00,2.2847332190e+00,4.3641967997e-01,1.3787632615e+00,8.8364934583e-01,4.9511391563e-01,2.4821288961e+00
1.0335749297e+00,2.2861288847e+00,4.3679576331e-01,1.3793136287e+00,8.8381720319e-01,4.9549642547e-01,2.4844962141e+00
1.0343382790e+00,2.2875254029e+00,4.3717168668e-01,1.3798640442e+00,8.8398519433e-01,4.9587884989e-01,2.4868660767e+00
1.0351016283e+00,2.2889227742e+00,4.3754744991e-01,1.3804145091e+00,8.8415332005e-01,4.9626118907e-01,2.4892384887e+00
1.0358649776e+00,2.2903209992e+00,4.3792305285e-01,1.3809650244e+00,8.8432158118e-01,4.9664344319e-01,2.4916134554e+00
1.0366283269e+00,2.2917200782e+00,4.3829849533e-01,1.3815155909e+00,8.8448997850e-01,4.9702561240e-01,2.4939909818e+00
1.0373916761e+00,2.2931200120e+00,4.3867377718e-01,1.3820662097e+00,8.8465851284e-01,4.9740769687e-01,2.4963710729e+00
1.0381550254e+00,2.2945208009e+00,4.3904889824e-01,1.3826168818e+00,8.8482718499e-01,4.9778969678e-01,2.4987537340e+00
1.0389183747e+00,2.2959224454e+00,4.3942385835e-01,1.3831676080e+00,8.8499599575e-01,4.9817161229e-01,2.5011389701e+00
1.0396817240e+00,2.2973249462e+00,4.3979865735e-01,1.3837183895e+00,8.8516494594e-01,4.9855344359e-01,2.5035267862e+00
1.0404450733e+00,2.2987283038e+00,4.4017329507e-01,1.3842692272e+00,8.8533403635e-01,4.9893519082e-01,2.5059171876e+00
1.0412084226e+00,2.3001325186e+00,4.4054777136e-01,1.3848201220e+00,8.8550326778e-01,4.9931685418e-01,2.5083101794e+00
1.0419717718e+00,2.3015375912e+00,4.4092208606e-01,1.3853710749e+00,8.8567264103e-01,4.9969843383e-01,2.5107057666e+00
1.0427351211e+00,2.3029435221e+00,4.4129623900e-01,1.3859220868e+00,8.8584215690e-01,5.0007992994e-01,2.5131039545e+00
1.0434984704e+00,2.3043503118e+00,4.4167023003e-01,1.3864731589e+00,8.8601181619e-01,5.0046134269e-01,2.5155047481e+00
1.0442618197e+00,2.3057579609e+00,4.4204405900e-01,1.3870242920e+00,8.8618161970e-01,5.0084267225e-01,2.5179081527e+00
1.0450251690e+00,2.3071664699e+00,4.4241772574e-01,1.3875754870e+00,8.8635156821e-01,5.0122391880e-01,2.5203141734e+00
1.0457885183e+00,2.3085758393e+00,4.4279123010e-01,1.3881267450e+00,8.8652166253e-01,5.0160508250e-01,2.5227228154e+00
1.0465518675e+00,2.3099860696e+00,4.4316457193e-01,1.3886780670e+00,8.8669190345e-01,5.0198616353e-01,2.5251340838e+00
1.0473152168e+00,2.3113971614e+00,4.4353775106e-01,1.3892294538e+00,8.8686229176e-01,5.0236716208e-01,2.5275479838e+00
1.0480785661e+00,2.3128091151e+00,4.4391076736e-01,1.3897809066e+00,8.8703282826e-01,5.0274807831e-01,2.5299645207e+00
1.0488419154e+00,2.3142219314e+00,4.4428362065e-01,1.3903324261e+00,8.8720351372e-01,5.0312891240e-01,2.5323836995e+00
1.0496052647e+00,2.3156356108e+00,4.4465631080e-01,1.3908840135e+00,8.8737434895e-01,5.0350966453e-01,2.5348055256e+00
1.0503686140e+00,2.3170501537e+00,4.4502883765e-01,1.3914356696e+00,8.8754533473e-01,5.0389033488e-01,2.5372300042e+00
1.0511319632e+00,2.3184655607e+00,4.4540120104e-01,1.3919873955e+00,8.8771647185e-01,5.0427092362e-01,2.5396571404e+00
1.0518953125e+00,2.3198818323e+00,4.4577340083e-01,1.3925391920e+00,8.8788776110e-01,5.0465143093e-01,2.5420869395e+00
1.0526586618e+00,2.3212989691e+00,4.4614543687e-01,1.3930910602e+00,8.8805920325e-01,5.0503185699e-01,2.5445194067e+00
1.0534220111e+00,2.3227169715e+00,4.4651730901e-01,1.3936430011e+00,8.8823079910e-01,5.0541220198e-01,2.5469545472e+00
1.0541853604e+00,2.3241358402e+00,4.4688901710e-01,1.3941950155e+00,8.8840254944e-01,5.0579246608e-01,2.5493923664e+00
1.0549487097e+00,2.3255555756e+00,4.4726056100e-01,1.3947471045e+00,8.8857445503e-01,5.0617264947e-01,2.5518328695e+00
1.0557120589e+00,2.3269761782e+00,4.4763194055e-01,1.3952992690e+00,8.8874651667e-01,5.0655275233e-01,2.5542760617e+00
1.0564754082e+00,2.3283976487e+00,4.4800315561e-01,1.3958515100e+00,8.8891873514e-01,5.0693277484e-01,2.5567219483e+00
1.0572387575e+00,2.3298199875e+00,4.4837420604e-01,1.3964038284e+00,8.8909111121e-01,5.0731271718e-01,2.5591705347e+00
1.0580021068e+00,2.3312431951e+00,4.4874509169e-01,1.3969562252e+00,8.8926364567e-01,5.0769257954e-01,2.5616218259e+00
1.0587654561e+00,2.3326672722e+00,4.4911581241e-01,1.3975087014e+00,8.8943633928e-01,5.0807236209e-01,2.5640758275e+00
1.0595288054e+00,2.3340922191e+00,4.4948636807e-01,1.3980612579e+00,8.8960919284e-01,5.0845206502e-01,2.5665325447e+00
1.0602921546e+00,2.3355180366e+00,4.4985675852e-01,1.3986138956e+00,8.8978220712e-01,5.0883168852e-01,2.5689919827e+00
1.0610555039e+00,2.3369447250e+00,4.5022698361e-01,1.3991666156e+00,8.8995538288e-01,5.0921123276e-01,2.5714541469e+00
1.0618188532e+00,2.3383722849e+00,4.5059704322e-01,1.3997194188e+00,8.9012872091e-01,5.0959069793e-01,2.5739190427e+00
1.0625822025e+00,2.3398007168e+00,4.5096693719e-01,1.4002723062e+00,8.9030222198e-01,5.0997008422e-01,2.5763866753e+00
1.0633455518e+00,2.3412300214e+00,4.5133666538e-01,1.4008252787e+00,8.9047588686e-01,5.1034939181e-01,2.5788570501e+00
1.0641089011e+00,2.3426601990e+00,4.5170622766e-01,1.4013783372e+00,8.9064971633e-01,5.1072862089e-01,2.5813301725e+00
1.0648722503e+00,2.3440912503e+00,4.5207562389e-01,1.4019314828e+00,8.9082371115e-01,5.1110777163e-01,2.5838060478e+00
1.0656355996e+00,2.3455231758e+00,4.5244485393e-01,1.4024847163e+00,8.9099787209e-01,5.1148684424e-01,2.5862846813e+00
1.0663989489e+00,2.3469559760e+00,4.5281391764e-01,1.4030380388e+00,8.9117219993e-01,5.1186583889e-01,2.5887660785e+00
1.0671622982e+00,2.3483896514e+00,4.5318281489e-01,1.4035914512e+00,8.9134669542e-01,5.1224475578e-01,2.5912502447e+00
1.0679256475e+00,2.3498242027e+00,4.5355154553e-01,1.4041449544e+00,8.9152135934e-01,5.1262359508e-01,2.5937371853e+00
1.0686889968e+00,2.3512596302e+00,4.5392010944e-01,1.4046985495e+00,8.9169619246e-01,5.1300235700e-01,2.5962269057e+00
1.0694523460e+00,2.3526959346e+00,4.5428850649e-01,1.4052522372e+00,8.9187119554e-01,5.1338104171e-01,2.5987194113e+00
1.0702156953e+00,2.3541331164e+00,4.5465673652e-01,1.4058060187e+00,8.9204636934e-01,5.1375964941e-01,2.6012147075e+00
1.0709790446e+00,2.3555711761e+00,4.5502479942e-01,1.4063598949e+00,8.9222171462e-01,5.1413818028e-01,2.6037127998e+00
1.0717423939e+00,2.3570101143e+00,4.5539269505e-01,1.4069138667e+00,8.9239723216e-01,5.1451663453e-01,2.6062136935e+00
1.0725057432e+00,2.3584499315e+00,4.5576042328e-01,1.4074679350e+00,8.9257292271e-01,5.1489501233e-01,2.6087173940e+00
1.0732690925e+00,2.3598906282e+00,4.5612798397e-01,1.4080221009e+00,8.9274878703e-01,5.1527331387e-01,2.6112239069e+00
1.0740324417e+00,2.3613322050e+00,4.5649537699e-01,1.4085763652e+00,8.9292482589e-01,5.1565153936e-01,2.6137332375e+00
1.0747957910e+00,2.3627746623e+00,4.5686260223e-01,1.4091307290e+00,8.9310104003e-01,5.1602968898e-01,2.6162453914e+00
1.0755591403e+00,2.3642180009e+00,4.5722965953e-01,1.4096851931e+00,8.9327743023e-01,5.1640776292e-01,2.6187603740e+00
1.0763224896e+00,2.3656622211e+00,4.5759654879e-01,1.4102397586e+00,8.9345399723e-01,5.1678576138e-01,2.6212781907e+00
1.0770858389e+00,2.3671073236e+00,4.5796326986e-01,1.4107944263e+00,8.9363074180e-01,5.1716368454e-01,2.6237988471e+00
1.0778491882e+00,2.3685533088e+00,4.5832982263e-01,1.4113491973e+00,8.9380766469e-01,5.1754153261e-01,2.6263223486e+00
1.0786125374e+00,2.3700001773e+00,4.5869620695e-01,1.4119040724e+00,8.9398476665e-01,5.1791930578e-01,2.6288487007e+00
1.0793758867e+00,2.3714479297e+00,4.5906242272e-01,1.4124590527e+00,8.9416204845e-01,5.1829700423e-01,2.6313779089e+00
1.0801392360e+00,2.3728965664e+00,4.5942846980e-01,1.4130141390e+00,8.9433951082e-01,5.1867462818e-01,2.6339099788e+00
1.0809025853e+00,2.3743460881e+00,4.5979434807e-01,1.4135693323e+00,8.9451715453e-01,5.1905217780e-01,2.6364449159e+00
1.0816659346e+00,2.3757964952e+00,4.6016005739e-01,1.4141246336e+00,8.9469498033e-01,5.1942965330e-01,2.6389827256e+00
1.0824292839e+00,2.3772477883e+00,4.6052559766e-01,1.4146800438e+00,8.9487298896e-01,5.1980705487e-01,2.6415234135e+00
1.0831926331e+00,2.3786999680e+00,4.6089096875e-01,1.4152355639e+00,8.9505118119e-01,5.2018438271e-01,2.6440669853e+00
1.0839559824e+00,2.3801530348e+00,4.6125617053e-01,1.4157911948e+00,8.9522955774e-01,5.2056163702e-01,2.6466134463e+00
1.0847193317e+00,2.3816069892e+00,4.6162120288e-01,1.4163469374e+00,8.9540811939e-01,5.2093881799e-01,2.6491628022e+00
1.0854826810e+00,2.3830618317e+00,4.6198606568e-01,1.4169027927e+00,8.9558686686e-01,5.2131592583e-01,2.6517150585e+00
1.0862460303e+00,2.3845175630e+00,4.6235075881e-01,1.4174587616e+00,8.9576580092e-01,5.2169296072e-01,2.6542702209e+00
1.0870093796e+00,2.3859741836e+00,4.6271528215e-01,1.4180148452e+00,8.9594492230e-01,5.2206992287e-01,2.6568282949e+00
1.0877727288e+00,2.3874316939e+00,4.6307963559e-01,1.4185710442e+00,8.9612423175e-01,5.2244681248e-01,2.6593892861e+00
1.0885360781e+00,2.3888900946e+00,4.6344381899e-01,1.4191273598e+00,8.9630373001e-01,5.2282362975e-01,2.6619532000e+00
1.0892994274e+00,2.3903493861e+00,4.6380783225e-01,1.4196837927e+00,8.9648341783e-01,5.2320037487e-01,2.6645200424e+00
1.0900627767e+00,2.3918095691e+00,4.6417167525e-01,1.4202403440e+00,8.9666329595e-01,5.2357704805e-01,2.6670898188e+00
1.0908261260e+00,2.3932706441e+00,4.6453534787e-01,1.4207970146e+00,8.9684336512e-01,5.2395364949e-01,2.6696625348e+00
1.0915894753e+00,2.3947326116e+00,4.6489884999e-01,1.4213538055e+00,8.9702362607e-01,5.2433017939e-01,2.6722381962e+00
1.0923528245e+00,2.3961954722e+00,4.6526218150e-01,1.4219107175e+00,8.9720407954e-01,5.2470663795e-01,2.6748168084e+00
1.0931161738e+00,2.3976592263e+00,4.6562534228e-01,1.4224677516e+00,8.9738472628e-01,5.2508302537e-01,2.6773983772e+00
1.0938795231e+00,2.3991238747e+00,4.6598833222e-01,1.4230249089e+00,8.9756556702e-01,5.2545934186e-01,2.6799829083e+00
1.0946428724e+00,2.4005894177e+00,4.6635115121e-01,1.4235821901e+00,8.9774660249e-01,5.2583558761e-01,2.6825704072e+00
1.0954062217e+00,2.4020558560e+00,4.6671379913e-01,1.4241395963e+00,8.9792783345e-01,5.2621176284e-01,2.6851608797e+00
1.0961695710e+00,2.4035231901e+00,4.6707627587e-01,1.4246971284e+00,8.9810926062e-01,5.2658786774e-01,2.6877543315e+00
1.0969329202e+00,2.4049914205e+00,4.6743858132e-01,1.4252547873e+00,8.9829088474e-01,5.2696390253e-01,2.6903507682e+00
1.0976962695e+00,2.4064605478e+00,4.6780071536e-01,1.4258125739e+00,8.9847270655e-01,5.2733986739e-01,2.6929501956e+00
1.0984596188e+00,2.4079305726e+00,4.6816267789e-01,1.4263704893e+00,8.9865472678e-01,5.2771576255e-01,2.6955526193e+00
1.0992229681e+00,2.4094014953e+00,4.6852446880e-01,1.4269285343e+00,8.9883694615e-01,5.2809158820e-01,2.6981580451e+00
1.0999863174e+00,2.4108733166e+00,4.6888608797e-01,1.4274867100e+00,8.9901936542e-01,5.2846734454e-01,2.7007664786e+00
1.1007496667e+00,2.4123460370e+00,4.6924753531e-01,1.4280450171e+00,8.9920198530e-01,5.2884303180e-01,2.7033779257e+00
1.1015130159e+00,2.4138196570e+00,4.6960881069e-01,1.4286034567e+00,8.9938480653e-01,5.2921865017e-01,2.7059923921e+00
1.1022763652e+00,2.4152941772e+00,4.6996991401e-01,1.4291620297e+00,8.9956782984e-01,5.2959419985e-01,2.7086098835e+00
1.1030397145e+00,2.4167695981e+00,4.7033084516e-01,1.4297207370e+00,8.9975105595e-01,5.2996968107e-01,2.7112304057e+00
1.1038030638e+00,2.4182459203e+00,4.7069160405e-01,1.4302795796e+00,8.9993448561e-01,5.3034509401e-01,2.7138539644e+00
1.1045664131e+00,2.4197231444e+00,4.7105219056e-01,1.4308385584e+00,9.0011811953e-01,5.3072043891e-01,2.7164805655e+00
1.1053297624e+00,2.4212012708e+00,4.7141260458e-01,1.4313976744e+00,9.0030195845e-01,5.3109571595e-01,2.7191102146e+00
1.1060931116e+00,2.4226803001e+00,4.7177284601e-01,1.4319569284e+00,9.0048600309e-01,5.3147092535e-01,2.7217429177e+00
1.1068564609e+00,2.4241602330e+00,4.7213291476e-01,1.4325163215e+00,9.0067025417e-01,5.3184606732e-01,2.7243786805e+00
1.1076198102e+00,2.4256410699e+00,4.7249281071e-01,1.4330758545e+00,9.0085471243e-01,5.3222114208e-01,2.7270175088e+00
1.1083831595e+00,2.4271228114e+00,4.7285253376e-01,1.4336355284e+00,9.0103937858e-01,5.3259614982e-01,2.7296594084e+00
1.1091465088e+00,2.4286054580e+00,4.7321208381e-01,1.4341953441e+00,9.0122425336e-01,5.3297109076e-01,2.7323043852e+00
1.1099098581e+00,2.4300890103e+00,4.7357146076e-01,1.4347553026e+00,9.0140933748e-01,5.3334596512e-01,2.7349524450e+00
1.1106732073e+00,2.4315734689e+00,4.7393066450e-01,1.4353154048e+00,9.0159463167e-01,5.3372077309e-01,2.7376035936e+00
1.1114365566e+00,2.4330588343e+00,4.7428969494e-01,1.4358756515e+00,9.0178013664e-01,5.3409551490e-01,2.7402578369e+00
1.1121999059e+00,2.4345451071e+00,4.7464855197e-01,1.4364360439e+00,9.0196585313e-01,5.3447019076e-01,2.7429151808e+00
1.1129632552e+00,2.4360322877e+00,4.7500723551e-01,1.4369965827e+00,9.0215178185e-01,5.3484480088e-01,2.7455756312e+00
1.1137266045e+00,2.4375203768e+00,4.7536574543e-01,1.4375572690e+00,9.0233792352e-01,5.3521934547e-01,2.7482391938e+00
1.1144899538e+00,2.4390093750e+00,4.7572408166e-01,1.4381181036e+00,9.0252427886e-01,5.3559382475e-01,2.7509058747e+00
1.1152533030e+00,2.4404992827e+00,4.7608224409e-01,1.4386790875e+00,9.0271084858e-01,5.3596823892e-01,2.7535756796e+00
1.1160166523e+00,2.4419901006e+00,4.7644023263e-01,1.4392402216e+00,9.0289763342e-01,5.3634258821e-01,2.7562486146e+00
1.1167800016e+00,2.4434818291e+00,4.7679804717e-01,1.4398015069e+00,9.0308463407e-01,5.3671687283e-01,2.7589246855e+00
1.1175433509e+00,2.4449744689e+00,4.7715568762e-01,1.4403629443e+00,9.0327185127e-01,5.3709109299e-01,2.7616038982e+00
1.1183067002e+00,2.4464680205e+00,4.7751315389e-01,1.4409245346e+00,9.0345928572e-01,5.3746524891e-01,2.7642862587e+00
1.1190700495e+00,2.4479624845e+00,4.7787044589e-01,1.4414862789e+00,9.0364693815e-01,5.3783934080e-01,2.7669717730e+00
1.1198333987e+00,2.4494578614e+00,4.7822756351e-01,1.4420481781e+00,9.0383480926e-01,5.3821336889e-01,2.7696604469e+00
1.1205967480e+00,2.4509541517e+00,4.7858450666e-01,1.4426102331e+00,9.0402289976e-01,5.3858733338e-01,2.7723522865e+00
1.1213600973e+00,2.4524513561e+00,4.7894127525e-01,1.4431724449e+00,9.0421121039e-01,5.3896123449e-01,2.7750472976e+00
1.1221234466e+00,2.4539494751e+00,4.7929786919e-01,1.4437348143e+00,9.0439974183e-01,5.3933507245e-01,2.7777454864e+00
1.1228867959e+00,2.4554485092e+00,4.7965428839e-01,1.4442973423e+00,9.0458849481e-01,5.3970884746e-01,2.7804468587e+00
1.1236501452e+00,2.4569484590e+00,4.8001053275e-01,1.4448600298e+00,9.0477747004e-01,5.4008255975e-01,2.7831514206e+00
1.1244134944e+00,2.4584493252e+00,4.8036660219e-01,1.4454228778e+00,9.0496666823e-01,5.4045620954e-01,2.7858591781e+00
1.1251768437e+00,2.4599511081e+00,4.8072249661e-01,1.4459858871e+00,9.0515609009e-01,5.4082979704e-01,2.7885701371e+00
1.1259401930e+00,2.4614538084e+00,4.8107821592e-01,1.4465490588e+00,9.0534573632e-01,5.4120332247e-01,2.7912843038e+00
1.1267035423e+00,2.4629574267e+00,4.8143376003e-01,1.4471123937e+00,9.0553560764e-01,5.4157678606e-01,2.7940016841e+00
1.1274668916e+00,2.4644619634e+00,4.8178912886e-01,1.4476758928e+00,9.0572570476e-01,5.4195018802e-01,2.7967222841e+00
1.1282302409e+00,2.4659674193e+00,4.8214432232e-01,1.4482395569e+00,9.0591602838e-01,5.4232352857e-01,2.7994461099e+00
1.1289935901e+00,2.4674737948e+00,4.8249934032e-01,1.4488033871e+00,9.0610657920e-01,5.4269680794e-01,2.8021731674e+00
1.1297569394e+00,2.4689810904e+00,4.8285418277e-01,1.4493673843e+00,9.0629735794e-01,5.4307002634e-01,2.8049034629e+00
1.1305202887e+00,2.4704893069e+00,4.8320884959e-01,1.4499315493e+00,9.0648836530e-01,5.4344318400e-01,2.8076370022e+00
1.1312836380e+00,2.4719984446e+00,4.8356334068e-01,1.4504958831e+00,9.0667960199e-01,5.4381628114e-01,2.8103737916e+00
1.1320469873e+00,2.4735085043e+00,4.8391765597e-01,1.4510603867e+00,9.0687106870e-01,5.4418931797e-01,2.8131138372e+00
1.1328103366e+00,2.4750194863e+00,4.8427179538e-01,1.4516250609e+00,9.0706276615e-01,5.4456229474e-01,2.8158571450e+00
1.1335736858e+00,2.4765313914e+00,4.8462575880e-01,1.4521899067e+00,9.0725469503e-01,5.4493521164e-01,2.8186037211e+00
1.1343370351e+00,2.4780442201e+00,4.8497954617e-01,1.4527549250e+00,9.0744685606e-01,5.4530806892e-01,2.8213535717e+00
1.1351003844e+00,2.4795579728e+00,4.8533315740e-01,1.4533201167e+00,9.0763924992e-01,5.4568086679e-01,2.8241067029e+00
1.1358637337e+00,2.4810726503e+00,4.8568659240e-01,1.4538854828e+00,9.0783187733e-01,5.4605360548e-01,2.8268631209e+00
1.1366270830e+00,2.4825882531e+00,4.8603985110e-01,1.4544510242e+00,9.0802473897e-01,5.4642628521e-01,2.8296228318e+00
1.1373904323e+00,2.4841047817e+00,4.8639293341e-01,1.4550167418e+00,9.0821783557e-01,5.4679890621e-01,2.8323858418e+00
1.1381537815e+00,2.4856222366e+00,4.8674583925e-01,1.4555826365e+00,9.0841116780e-01,5.4717146870e-01,2.8351521570e+00
1.1389171308e+00,2.4871406186e+00,4.8709856854e-01,1.4561487093e+00,9.0860473637e-01,5.4754397291e-01,2.8379217837e+00
1.1396804801e+00,2.4886599280e+00,4.8745112120e-01,1.4567149611e+00,9.0879854199e-01,5.4791641907e-01,2.8406947279e+00
1.1404438294e+00,2.4901801656e+00,4.8780349715e-01,1.4572813927e+00,9.0899258534e-01,5.4828880739e-01,2.8434709960e+00
1.1412071787e+00,2.4917013318e+00,4.8815569632e-01,1.4578480052e+00,9.0918686712e-01,5.4866113811e-01,2.8462505941e+00
1.1419705280e+00,2.4932234273e+00,4.8850771862e-01,1.4584147995e+00,9.0938138804e-01,5.4903341146e-01,2.8490335285e+00
1.1427338772e+00,2.4947464525e+00,4.8885956397e-01,1.4589817764e+00,9.0957614878e-01,5.4940562765e-01,2.8518198054e+00
1.1434972265e+00,2.4962704081e+00,4.8921123230e-01,1.4595489370e+00,9.0977115005e-01,5.4977778693e-01,2.8546094309e+00
1.1442605758e+00,2.4977952947e+00,4.8956272354e-01,1.4601162820e+00,9.0996639253e-01,5.5014988951e-01,2.8574024114e+00
1.1450239251e+00,2.4993211127e+00,4.8991403760e-01,1.4606838126e+00,9.1016187692e-01,5.5052193564e-01,2.8601987532e+00
1.1457872744e+00,2.5008478628e+00,4.9026517441e-01,1.4612515294e+00,9.1035760393e-01,5.5089392552e-01,2.8629984624e+00
1.1465506237e+00,2.5023755456e+00,4.9061613389e-01,1.4618194336e+00,9.1055357423e-01,5.5126585941e-01,2.8658015454e+00
1.1473139729e+00,2.5039041615e+00,4.9096691597e-01,1.4623875260e+00,9.1074978852e-01,5.5163773751e-01,2.8686080085e+00
1.1480773222e+00,2.5054337113e+00,4.9131752058e-01,1.4629558076e+00,9.1094624749e-01,5.5200956007e-01,2.8714178579e+00
1.1488406715e+00,2.5069641954e+00,4.9166794764e-01,1.4635242792e+00,9.1114295184e-01,5.5238132732e-01,2.8742310999e+00
1.1496040208e+00,2.5084956144e+00,4.9201819708e-01,1.4640929417e+00,9.1133990226e-01,5.5275303948e-01,2.8770477410e+00
1.1503673701e+00,2.5100279689e+00,4.9236826882e-01,1.4646617962e+00,9.1153709943e-01,5.5312469679e-01,2.8798677873e+00
1.1511307194e+00,2.5115612595e+00,4.9271816279e-01,1.4652308435e+00,9.1173454405e-01,5.5349629948e-01,2.8826912453e+00
1.1518940686e+00,2.5130954867e+00,4.9306787893e-01,1.4658000846e+00,9.1193223681e-01,5.5386784778e-01,2.8855181212e+00
1.1526574179e+00,2.5146306511e+00,4.9341741716e-01,1.4663695203e+00,9.1213017839e-01,5.5423934192e-01,2.8883484215e+00
1.1534207672e+00,2.5161667533e+00,4.9376677741e-01,1.4669391516e+00,9.1232836949e-01,5.5461078213e-01,2.8911821524e+00
1.1541841165e+00,2.5177037938e+00,4.9411595960e-01,1.4675089794e+00,9.1252681079e-01,5.5498216866e-01,2.8940193205e+00
1.1549474658e+00,2.5192417733e+00,4.9446496368e-01,1.4680790047e+00,9.1272550297e-01,5.5535350172e-01,2.8968599319e+00
1.1557108151e+00,2.5207806922e+00,4.9481378957e-01,1.4686492283e+00,9.1292444674e-01,5.5572478156e-01,2.8997039933e+00
1.1564741643e+00,2.5223205513e+00,4.9516243720e-01,1.4692196512e+00,9.1312364276e-01,5.5609600841e-01,2.9025515109e+00
1.1572375136e+00,2.5238613510e+00,4.9551090651e-01,1.4697902742e+00,9.1332309173e-01,5.5646718251e-01,2.9054024911e+00
1.1580008629e+00,2.5254030919e+00,4.9585919742e-01,1.4703610984e+00,9.1352279434e-01,5.5683830408e-01,2.9082569405e+00
1.1587642122e+00,2.5269457746e+00,4.9620730987e-01,1.4709321246e+00,9.1372275126e-01,5.5720937337e-01,2.9111148653e+00
1.1595275615e+00,2.5284893997e+00,4.9655524379e-01,1.4715033538e+00,9.1392296318e-01,5.5758039060e-01,2.9139762722e+00
1.1602909108e+00,2.5300339677e+00,4.9690299912e-01,1.4720747868e+00,9.1412343079e-01,5.5795135602e-01,2.9168411675e+00
1.1610542601e+00,2.5315794792e+00,4.9725057579e-01,1.4726464246e+00,9.1432415477e-01,5.5832226986e-01,2.9197095576e+00
1.1618176093e+00,2.5331259349e+00,4.9759797374e-01,1.4732182682e+00,9.1452513580e-01,5.5869313236e-01,2.9225814491e+00
1.1625809586e+00,2.5346733352e+00,4.9794519290e-01,1.4737903183e+00,9.1472637457e-01,5.5906394376e-01,2.9254568485e+00
1.1633443079e+00,2.5362216808e+00,4.9829223320e-01,1.4743625760e+00,9.1492787175e-01,5.5943470428e-01,2.9283357622e+00
1.1641076572e+00,2.5377709722e+00,4.9863909459e-01,1.4749350422e+00,9.1512962803e-01,5.5980541418e-01,2.9312181967e+00
1.1648710065e+00,2.5393212100e+00,4.9898577700e-01,1.4755077178e+00,9.1533164408e-01,5.6017607368e-01,2.9341041586e+00
1.1656343558e+00,2.5408723949e+00,4.9933228036e-01,1.4760806036e+00,9.1553392060e-01,5.6054668302e-01,2.9369936544e+00
1.1663977050e+00,2.5424245272e+00,4.9967860463e-01,1.4766537007e+00,9.1573645825e-01,5.6091724246e-01,2.9398866906e+00
1.1671610543e+00,2.5439776077e+00,5.0002474972e-01,1.4772270099e+00,9.1593925772e-01,5.6128775221e-01,2.9427832738e+00
1.1679244036e+00,2.5455316370e+00,5.0037071559e-01,1.4778005322e+00,9.1614231968e-01,5.6165821253e-01,2.9456834104e+00
1.1686877529e+00,2.5470866155e+00,5.0071650217e-01,1.4783742685e+00,9.1634564482e-01,5.6202862365e-01,2.9485871072e+00
1.1694511022e+00,2.5486425440e+00,5.0106210940e-01,1.4789482196e+00,9.1654923382e-01,5.6239898581e-01,2.9514943706e+00
1.1702144515e+00,2.5501994229e+00,5.0140753722e-01,1.4795223866e+00,9.1675308734e-01,5.6276929925e-01,2.9544052073e+00
1.1709778007e+00,2.5517572528e+00,5.0175278557e-01,1.4800967703e+00,9.1695720607e-01,5.6313956422e-01,2.9573196238e+00
1.1717411500e+00,2.5533160344e+00,5.0209785440e-01,1.4806713716e+00,9.1716159068e-01,5.6350978095e-01,2.9602376268e+00
1.1725044993e+00,2.5548757682e+00,5.0244274365e-01,1.4812461915e+00,9.1736624186e-01,5.6387994969e-01,2.9631592228e+00
1.1732678486e+00,2.5564364547e+00,5.0278745325e-01,1.4818212309e+00,9.1757116026e-01,5.6425007068e-01,2.9660844185e+00
1.1740311979e+00,2.5579980946e+00,5.0313198315e-01,1.4823964907e+00,9.1777634658e-01,5.6462014415e-01,2.9690132206e+00
1.1747945472e+00,2.5595606885e+00,5.0347633329e-01,1.4829719718e+00,9.1798180149e-01,5.6499017036e-01,2.9719456356e+00
1.1755578964e+00,2.5611242369e+00,5.0382050362e-01,1.4835476752e+00,9.1818752565e-01,5.6536014955e-01,2.9748816703e+00
1.1763212457e+00,2.5626887405e+00,5.0416449408e-01,1.4841236017e+00,9.1839351975e-01,5.6573008195e-01,2.9778213313e+00
1.1770845950e+00,2.5642541997e+00,5.0450830462e-01,1.4846997523e+00,9.1859978445e-01,5.6609996781e-01,2.9807646253e+00
1.1778479443e+00,2.5658206152e+00,5.0485193517e-01,1.4852761278e+00,9.1880632043e-01,5.6646980738e-01,2.9837115589e+00
1.1786112936e+00,2.5673879876e+00,5.0519538569e-01,1.4858527293e+00,9.1901312837e-01,5.6683960090e-01,2.9866621389e+00
1.1793746429e+00,2.5689563175e+00,5.0553865613e-01,1.4864295575e+00,9.1922020893e-01,5.6720934862e-01,2.9896163720e+00
1.1801379921e+00,2.5705256054e+00,5.0588174642e-01,1.4870066136e+00,9.1942756278e-01,5.6757905077e-01,2.9925742650e+00
1.1809013414e+00,2.5720958519e+00,5.0622465651e-01,1.4875838982e+00,9.1963519061e-01,5.6794870761e-01,2.9955358244e+00
1.1816646907e+00,2.5736670576e+00,5.0656738636e-01,1.4881614124e+00,9.1984309307e-01,5.6831831938e-01,2.9985010572e+00
1.1824280400e+00,2.5752392231e+00,5.0690993591e-01,1.4887391572e+00,9.2005127084e-01,5.6868788632e-01,3.0014699700e+00
1.1831913893e+00,2.5768123490e+00,5.0725230511e-01,1.4893171333e+00,9.2025972458e-01,5.6905740869e-01,3.0044425696e+00
1.1839547386e+00,2.5783864359e+00,5.0759449390e-01,1.4898953417e+00,9.2046845498e-01,5.6942688673e-01,3.0074188628e+00
1.1847180878e+00,2.5799614843e+00,5.0793650224e-01,1.4904737834e+00,9.2067746269e-01,5.6979632068e-01,3.0103988564e+00
1.1854814371e+00,2.5815374949e+00,5.0827833007e-01,1.4910524592e+00,9.2088674839e-01,5.7016571079e-01,3.0133825571e+00
1.1862447864e+00,2.5831144682e+00,5.0861997735e-01,1.4916313701e+00,9.2109631274e-01,5.7053505732e-01,3.0163699718e+00
1.1870081357e+00,2.5846924048e+00,5.0896144402e-01,1.4922105169e+00,9.2130615641e-01,5.7090436050e-01,3.0193611072e+00
1.1877714850e+00,2.5862713054e+00,5.0930273004e-01,1.4927899007e+00,9.2151628008e-01,5.7127362059e-01,3.0223559703e+00
1.1885348343e+00,2.5878511704e+00,5.0964383537e-01,1.4933695222e+00,9.2172668440e-01,5.7164283784e-01,3.0253545679e+00
1.1892981835e+00,2.5894320005e+00,5.0998475994e-01,1.4939493825e+00,9.2193737004e-01,5.7201201249e-01,3.0283569067e+00
1.1900615328e+00,2.5910137963e+00,5.1032550371e-01,1.4945294825e+00,9.2214833767e-01,5.7238114480e-01,3.0313629937e+00
1.1908248821e+00,2.5925965583e+00,5.1066606664e-01,1.4951098230e+00,9.2235958796e-01,5.7275023500e-01,3.0343728358e+00
1.1915882314e+00,2.5941802872e+00,5.1100644867e-01,1.4956904049e+00,9.2257112156e-01,5.7311928336e-01,3.0373864398e+00
1.1923515807e+00,2.5957649836e+00,5.1134664977e-01,1.4962712293e+00,9.2278293916e-01,5.7348829013e-01,3.0404038126e+00
1.1931149300e+00,2.5973506480e+00,5.1168666989e-01,1.4968522969e+00,9.2299504140e-01,5.7385725555e-01,3.0434249611e+00
1.1938782792e+00,2.5989372810e+00,5.1202650898e-01,1.4974336088e+00,9.2320742896e-01,5.7422617987e-01,3.0464498923e+00
1.1946416285e+00,2.6005248832e+00,5.1236616699e-01,1.4980151658e+00,9.2342010250e-01,5.7459506335e-01,3.0494786130e+00
1.1954049778e+00,2.6021134553e+00,5.1270564388e-01,1.4985969689e+00,9.2363306268e-01,5.7496390624e-01,3.0525111303e+00
1.1961683271e+00,2.6037029977e+00,5.1304493962e-01,1.4991790190e+00,9.2384631016e-01,5.7533270879e-01,3.0555474510e+00
1.1969316764e+00,2.6052935112e+00,5.1338405414e-01,1.4997613169e+00,9.2405984562e-01,5.7570147125e-01,3.0585875821e+00
1.1976950257e+00,2.6068849962e+00,5.1372298742e-01,1.5003438636e+00,9.2427366970e-01,5.7607019387e-01,3.0616315306e+00
1.1984583749e+00,2.6084774534e+00,5.1406173940e-01,1.5009266600e+00,9.2448778308e-01,5.7643887692e-01,3.0646793034e+00
1.1992217242e+00,2.6100708835e+00,5.1440031005e-01,1.5015097070e+00,9.2470218642e-01,5.7680752063e-01,3.0677309076e+00
1.1999850735e+00,2.6116652868e+00,5.1473869932e-01,1.5020930056e+00,9.2491688037e-01,5.7717612527e-01,3.0707863502e+00
1.2007484228e+00,2.6132606642e+00,5.1507690717e-01,1.5026765567e+00,9.2513186559e-01,5.7754469109e-01,3.0738456382e+00
1.2015117721e+00,2.6148570161e+00,5.1541493357e-01,1.5032603611e+00,9.2534714276e-01,5.7791321834e-01,3.0769087785e+00
1.2022751214e+00,2.6164543431e+00,5.1575277846e-01,1.5038444198e+00,9.2556271252e-01,5.7828170727e-01,3.0799757784e+00
1.2030384706e+00,2.6180526459e+00,5.1609044182e-01,1.5044287337e+00,9.2577857554e-01,5.7865015815e-01,3.0830466447e+00
1.2038018199e+00,2.6196519251e+00,5.1642792359e-01,1.5050133037e+00,9.2599473248e-01,5.7901857123e-01,3.0861213845e+00
1.2045651692e+00,2.6212521812e+00,5.1676522375e-01,1.5055981308e+00,9.2621118400e-01,5.7938694676e-01,3.0892000050e+00
1.2053285185e+00,2.6228534149e+00,5.1710234225e-01,1.5061832157e+00,9.2642793075e-01,5.7975528500e-01,3.0922825132e+00
1.2060918678e+00,2.6244556267e+00,5.1743927905e-01,1.5067685596e+00,9.2664497340e-01,5.8012358620e-01,3.0953689162e+00
1.2068552171e+00,2.6260588172e+00,5.1777603411e-01,1.5073541632e+00,9.2686231260e-01,5.8049185062e-01,3.0984592212e+00
1.2076185663e+00,2.6276629870e+00,5.1811260741e-01,1.5079400275e+00,9.2707994901e-01,5.8086007853e-01,3.1015534351e+00
1.2083819156e+00,2.6292681368e+00,5.1844899889e-01,1.5085261535e+00,9.2729788328e-01,5.8122827017e-01,3.1046515652e+00
1.2091452649e+00,2.6308742672e+00,5.1878520853e-01,1.5091125419e+00,9.2751611609e-01,5.8159642580e-01,3.1077536187e+00
1.2099086142e+00,2.6324813786e+00,5.1912123629e-01,1.5096991938e+00,9.2773464807e-01,5.8196454568e-01,3.1108596025e+00
1.2106719635e+00,2.6340894718e+00,5.1945708213e-01,1.5102861100e+00,9.2795347990e-01,5.8233263008e-01,3.1139695240e+00
1.2114353128e+00,2.6356985473e+00,5.1979274601e-01,1.5108732915e+00,9.2817261222e-01,5.8270067924e-01,3.1170833903e+00
1.2121986620e+00,2.6373086058e+00,5.2012822791e-01,1.5114607391e+00,9.2839204569e-01,5.8306869342e-01,3.1202012085e+00
1.2129620113e+00,2.6389196477e+00,5.2046352778e-01,1.5120484539e+00,9.2861178096e-01,5.8343667289e-01,3.1233229859e+00
1.2137253606e+00,2.6405316738e+00,5.2079864559e-01,1.5126364366e+00,9.2883181870e-01,5.8380461791e-01,3.1264487297e+00
1.2144887099e+00,2.6421446847e+00,5.2113358131e-01,1.5132246883e+00,9.2905215956e-01,5.8417252873e-01,3.1295784471e+00
1.2152520592e+00,2.6437586808e+00,5.2146833490e-01,1.5138132098e+00,9.2927280418e-01,5.8454040562e-01,3.1327121454e+00
1.2160154085e+00,2.6453736629e+00,5.2180290634e-01,1.5144020021e+00,9.2949375323e-01,5.8490824883e-01,3.1358498317e+00
1.2167787577e+00,2.6469896316e+00,5.2213729559e-01,1.5149910660e+00,9.2971500736e-01,5.8527605863e-01,3.1389915134e+00
1.2175421070e+00,2.6486065874e+00,5.2247150261e-01,1.5155804025e+00,9.2993656723e-01,5.8564383527e-01,3.1421371976e+00
1.2183054563e+00,2.6502245309e+00,5.2280552738e-01,1.5161700125e+00,9.3015843348e-01,5.8601157903e-01,3.1452868918e+00
1.2190688056e+00,2.6518434628e+00,5.2313936986e-01,1.5167598969e+00,9.3038060677e-01,5.8637929015e-01,3.1484406031e+00
1.2198321549e+00,2.6534633836e+00,5.2347303002e-01,1.5173500567e+00,9.3060308776e-01,5.8674696891e-01,3.1515983389e+00
1.2205955042e+00,2.6550842940e+00,5.2380650784e-01,1.5179404926e+00,9.3082587709e-01,5.8711461556e-01,3.1547601065e+00
1.2213588534e+00,2.6567061945e+00,5.2413980327e-01,1.5185312058e+00,9.3104897541e-01,5.8748223036e-01,3.1579259132e+00
1.2221222027e+00,2.6583290858e+00,5.2447291630e-01,1.5191221970e+00,9.3127238339e-01,5.8784981359e-01,3.1610957664e+00
1.2228855520e+00,2.6599529685e+00,5.2480584690e-01,1.5197134672e+00,9.3149610167e-01,5.8821736550e-01,3.1642696733e+00
1.2236489013e+00,2.6615778431e+00,5.2513859502e-01,1.5203050173e+00,9.3172013090e-01,5.8858488636e-01,3.1674476415e+00
1.2244122506e+00,2.6632037103e+00,5.2547116065e-01,1.5208968482e+00,9.3194447173e-01,5.8895237642e-01,3.1706296782e+00
1.2251755999e+00,2.6648305707e+00,5.2580354376e-01,1.5214889608e+00,9.3216912482e-01,5.8931983596e-01,3.1738157908e+00
1.2259389491e+00,2.6664584249e+00,5.2613574432e-01,1.5220813561e+00,9.3239409081e-01,5.8968726525e-01,3.1770059868e+00
1.2267022984e+00,2.6680872735e+00,5.2646776229e-01,1.5226740349e+00,9.3261937036e-01,5.9005466453e-01,3.1802002734e+00
1.2274656477e+00,2.6697171171e+00,5.2679959767e-01,1.5232669982e+00,9.3284496411e-01,5.9042203409e-01,3.1833986583e+00
1.2282289970e+00,2.6713479564e+00,5.2713125041e-01,1.5238602469e+00,9.3307087272e-01,5.9078937418e-01,3.1866011487e+00
1.2289923463e+00,2.6729797918e+00,5.2746272049e-01,1.5244537819e+00,9.3329709683e-01,5.9115668507e-01,3.1898077522e+00
1.2297556956e+00,2.6746126241e+00,5.2779400789e-01,1.5250476041e+00,9.3352363710e-01,5.9152396702e-01,3.1930184762e+00
1.2305190448e+00,2.6762464538e+00,5.2812511258e-01,1.5256417145e+00,9.3375049417e-01,5.9189122032e-01,3.1962333281e+00
1.2312823941e+00,2.6778812816e+00,5.2845603453e-01,1.5262361139e+00,9.3397766869e-01,5.9225844521e-01,3.1994523155e+00
1.2320457434e+00,2.6795171081e+00,5.2878677373e-01,1.5268308033e+00,9.3420516130e-01,5.9262564196e-01,3.2026754458e+00
1.2328090927e+00,2.6811539338e+00,5.2911733014e-01,1.5274257835e+00,9.3443297267e-01,5.9299281086e-01,3.2059027266e+00
1.2335724420e+00,2.6827917593e+00,5.2944770375e-01,1.5280210556e+00,9.3466110343e-01,5.9335995215e-01,3.2091341654e+00
1.2343357913e+00,2.6844305854e+00,5.2977789452e-01,1.5286166203e+00,9.3488955423e-01,5.9372706611e-01,3.2123697697e+00
1.2350991405e+00,2.6860704126e+00,5.3010790244e-01,1.5292124787e+00,9.3511832573e-01,5.9409415302e-01,3.2156095470e+00
1.2358624898e+00,2.6877112415e+00,5.3043772749e-01,1.5298086317e+00,9.3534741856e-01,5.9446121312e-01,3.2188535049e+00
1.2366258391e+00,2.6893530727e+00,5.3076736964e-01,1.5304050801e+00,9.3557683337e-01,5.9482824671e-01,3.2221016509e+00
1.2373891884e+00,2.6909959069e+00,5.3109682886e-01,1.5310018249e+00,9.3580657082e-01,5.9519525404e-01,3.2253539928e+00
1.2381525377e+00,2.6926397446e+00,5.3142610515e-01,1.5315988669e+00,9.3603663154e-01,5.9556223538e-01,3.2286105379e+00
1.2389158870e+00,2.6942845865e+00,5.3175519847e-01,1.5321962072e+00,9.3626701619e-01,5.9592919101e-01,3.2318712940e+00
1.2396792362e+00,2.6959304332e+00,5.3208410880e-01,1.5327938466e+00,9.3649772540e-01,5.9629612119e-01,3.2351362687e+00
1.2404425855e+00,2.6975772852e+00,5.3241283613e-01,1.5333917860e+00,9.3672875983e-01,5.9666302620e-01,3.2384054696e+00
1.2412059348e+00,2.6992251433e+00,5.3274138044e-01,1.5339900264e+00,9.3696012012e-01,5.9702990630e-01,3.2416789043e+00
1.2419692841e+00,2.7008740079e+00,5.3306974170e-01,1.5345885687e+00,9.3719180692e-01,5.9739676177e-01,3.2449565805e+00
1.2427326334e+00,2.7025238798e+00,5.3339791990e-01,1.5351874137e+00,9.3742382087e-01,5.9776359288e-01,3.2482385058e+00
1.2434959827e+00,2.7041747596e+00,5.3372591502e-01,1.5357865625e+00,9.3765616261e-01,5.9813039990e-01,3.2515246880e+00
1.2442593319e+00,2.7058266478e+00,5.3405372704e-01,1.5363860159e+00,9.3788883279e-01,5.9849718310e-01,3.2548151347e+00
1.2450226812e+00,2.7074795451e+00,5.3438135593e-01,1.5369857748e+00,9.3812183206e-01,5.9886394275e-01,3.2581098537e+00
1.2457860305e+00,2.7091334522e+00,5.3470880169e-01,1.5375858402e+00,9.3835516105e-01,5.9923067913e-01,3.2614088526e+00
1.2465493798e+00,2.7107883695e+00,5.3503606430e-01,1.5381862129e+00,9.3858882042e-01,5.9959739251e-01,3.2647121391e+00
1.2473127291e+00,2.7124442977e+00,5.3536314373e-01,1.5387868940e+00,9.3882281080e-01,5.9996408316e-01,3.2680197211e+00
1.2480760784e+00,2.7141012375e+00,5.3569003998e-01,1.5393878842e+00,9.3905713284e-01,6.0033075136e-01,3.2713316063e+00
1.2488394276e+00,2.7157591895e+00,5.3601675302e-01,1.5399891846e+00,9.3929178719e-01,6.0069739738e-01,3.2746478025e+00
1.2496027769e+00,2.7174181543e+00,5.3634328284e-01,1.5405907960e+00,9.3952677448e-01,6.0106402149e-01,3.2779683173e+00
1.2503661262e+00,2.7190781324e+00,5.3666962942e-01,1.5411927193e+00,9.3976209535e-01,6.0143062397e-01,3.2812931587e+00
1.2511294755e+00,2.7207391246e+00,5.3699579275e-01,1.5417949556e+00,9.3999775046e-01,6.0179720510e-01,3.2846223344e+00
1.2518928248e+00,2.7224011315e+00,5.3732177282e-01,1.5423975056e+00,9.4023374044e-01,6.0216376514e-01,3.2879558523e+00
1.2526561741e+00,2.7240641536e+00,5.3764756960e-01,1.5430003703e+00,9.4047006594e-01,6.0253030438e-01,3.2912937202e+00
1.2534195233e+00,2.7257281915e+00,5.3797318309e-01,1.5436035507e+00,9.4070672760e-01,6.0289682308e-01,3.2946359458e+00
1.2541828726e+00,2.7273932460e+00,5.3829861328e-01,1.5442070476e+00,9.4094372605e-01,6.0326332153e-01,3.2979825372e+00
1.2549462219e+00,2.7290593176e+00,5.3862386013e-01,1.5448108620e+00,9.4118106195e-01,6.0362980001e-01,3.3013335021e+00
1.2557095712e+00,2.7307264070e+00,5.3894892366e-01,1.5454149947e+00,9.4141873593e-01,6.0399625878e-01,3.3046888485e+00
1.2564729205e+00,2.7323945147e+00,5.3927380384e-01,1.5460194468e+00,9.4165674863e-01,6.0436269812e-01,3.3080485842e+00
1.2572362698e+00,2.7340636414e+00,5.3959850065e-01,1.5466242190e+00,9.4189510070e-01,6.0472911832e-01,3.3114127171e+00
1.2579996190e+00,2.7357337878e+00,5.3992301409e-01,1.5472293124e+00,9.4213379277e-01,6.0509551965e-01,3.3147812552e+00
1.2587629683e+00,2.7374049543e+00,5.4024734415e-01,1.5478347279e+00,9.4237282549e-01,6.0546190239e-01,3.3181542064e+00
1.2595263176e+00,2.7390771418e+00,5.4057149082e-01,1.5484404663e+00,9.4261219950e-01,6.0582826681e-01,3.3215315787e+00
1.2602896669e+00,2.7407503507e+00,5.4089545408e-01,1.5490465286e+00,9.4285191544e-01,6.0619461319e-01,3.3249133799e+00
1.2610530162e+00,2.7424245817e+00,5.4121923392e-01,1.5496529158e+00,9.4309197394e-01,6.0656094182e-01,3.3282996182e+00
1.2618163655e+00,2.7440998354e+00,5.4154283033e-01,1.5502596286e+00,9.4333237565e-01,6.0692725296e-01,3.3316903014e+00
1.2625797147e+00,2.7457761125e+00,5.4186624331e-01,1.5508666681e+00,9.4357312121e-01,6.0729354691e-01,3.3350854376e+00
1.2633430640e+00,2.7474534136e+00,5.4218947284e-01,1.5514740352e+00,9.4381421126e-01,6.0765982394e-01,3.3384850349e+00
1.2641064133e+00,2.7491317393e+00,5.4251251891e-01,1.5520817308e+00,9.4405564643e-01,6.0802608433e-01,3.3418891011e+00
1.2648697626e+00,2.7508110902e+00,5.4283538152e-01,1.5526897557e+00,9.4429742737e-01,6.0839232836e-01,3.3452976444e+00
1.2656331119e+00,2.7524914669e+00,5.4315806066e-01,1.5532981110e+00,9.4453955472e-01,6.0875855631e-01,3.3487106728e+00
1.2663964612e+00,2.7541728702e+00,5.4348055631e-01,1.5539067976e+00,9.4478202911e-01,6.0912476846e-01,3.3521281944e+00
1.2671598104e+00,2.7558553006e+00,5.4380286848e-01,1.5545158163e+00,9.4502485118e-01,6.0949096509e-01,3.3555502172e+00
1.2679231597e+00,2.7575387587e+00,5.4412499715e-01,1.5551251681e+00,9.4526802157e-01,6.0985714649e-01,3.3589767494e+00
1.2686865090e+00,2.7592232452e+00,5.4444694231e-01,1.5557348539e+00,9.4551154093e-01,6.1022331293e-01,3.3624077991e+00
1.2694498583e+00,2.7609087606e+00,5.4476870397e-01,1.5563448746e+00,9.4575540989e-01,6.1058946470e-01,3.3658433744e+00
1.2702132076e+00,2.7625953057e+00,5.4509028210e-01,1.5569552312e+00,9.4599962908e-01,6.1095560208e-01,3.3692834834e+00
1.2709765569e+00,2.7642828811e+00,5.4541167672e-01,1.5575659245e+00,9.4624419915e-01,6.1132172535e-01,3.3727281343e+00
1.2717399061e+00,2.7659714873e+00,5.4573288780e-01,1.5581769555e+00,9.4648912073e-01,6.1168783479e-01,3.3761773351e+00
1.2725032554e+00,2.7676611251e+00,5.4605391535e-01,1.5587883252e+00,9.4673439447e-01,6.1205393069e-01,3.3796310942e+00
1.2732666047e+00,2.7693517949e+00,5.4637475936e-01,1.5594000343e+00,9.4698002099e-01,6.1242001334e-01,3.3830894197e+00
1.2740299540e+00,2.7710434976e+00,5.4669541983e-01,1.5600120840e+00,9.4722600094e-01,6.1278608301e-01,3.3865523198e+00
1.2747933033e+00,2.7727362337e+00,5.4701589674e-01,1.5606244749e+00,9.4747233496e-01,6.1315213999e-01,3.3900198027e+00
1.2755566526e+00,2.7744300038e+00,5.4733619011e-01,1.5612372082e+00,9.4771902367e-01,6.1351818456e-01,3.3934918767e+00
1.2763200018e+00,2.7761248085e+00,5.4765629992e-01,1.5618502847e+00,9.4796606773e-01,6.1388421701e-01,3.3969685499e+00
1.2770833511e+00,2.7778206486e+00,5.4797622616e-01,1.5624637054e+00,9.4821346776e-01,6.1425023763e-01,3.4004498307e+00
1.2778467004e+00,2.7795175246e+00,5.4829596885e-01,1.5630774711e+00,9.4846122440e-01,6.1461624669e-01,3.4039357273e+00
1.2786100497e+00,2.7812154371e+00,5.4861552796e-01,1.5636915828e+00,9.4870933830e-01,6.1498224448e-01,3.4074262480e+00
1.2793733990e+00,2.7829143869e+00,5.4893490351e-01,1.5643060414e+00,9.4895781008e-01,6.1534823130e-01,3.4109214010e+00
1.2801367483e+00,2.7846143745e+00,5.4925409549e-01,1.5649208478e+00,9.4920664038e-01,6.1571420742e-01,3.4144211948e+00
1.2809000975e+00,2.7863154005e+00,5.4957310389e-01,1.5655360030e+00,9.4945582985e-01,6.1608017313e-01,3.4179256376e+00
1.2816634468e+00,2.7880174657e+00,5.4989192872e-01,1.5661515078e+00,9.4970537911e-01,6.1644612872e-01,3.4214347378e+00
1.2824267961e+00,2.7897205705e+00,5.5021056998e-01,1.5667673633e+00,9.4995528880e-01,6.1681207448e-01,3.4249485037e+00
1.2831901454e+00,2.7914247158e+00,5.5052902766e-01,1.5673835702e+00,9.5020555956e-01,6.1717801068e-01,3.4284669437e+00
1.2839534947e+00,2.7931299020e+00,5.5084730176e-01,1.5680001297e+00,9.5045619202e-01,6.1754393763e-01,3.4319900662e+00
1.2847168440e+00,2.7948361299e+00,5.5116539228e-01,1.5686170424e+00,9.5070718682e-01,6.1790985561e-01,3.4355178795e+00
1.2854801932e+00,2.7965434001e+00,5.5148329923e-01,1.5692343095e+00,9.5095854460e-01,6.1827576490e-01,3.4390503921e+00
1.2862435425e+00,2.7982517132e+00,5.5180102260e-01,1.5698519318e+00,9.5121026599e-01,6.1864166580e-01,3.4425876125e+00
1.2870068918e+00,2.7999610698e+00,5.5211856240e-01,1.5704699102e+00,9.5146235163e-01,6.1900755859e-01,3.4461295489e+00
1.2877702411e+00,2.8016714706e+00,5.5243591862e-01,1.5710882457e+00,9.5171480215e-01,6.1937344356e-01,3.4496762099e+00
1.2885335904e+00,2.8033829163e+00,5.5275309126e-01,1.5717069392e+00,9.5196761819e-01,6.1973932101e-01,3.4532276040e+00
1.2892969397e+00,2.8050954074e+00,5.5307008034e-01,1.5723259916e+00,9.5222080038e-01,6.2010519121e-01,3.4567837397e+00
1.2900602889e+00,2.8068089446e+00,5.5338688584e-01,1.5729454038e+00,9.5247434936e-01,6.2047105447e-01,3.4603446253e+00
1.2908236382e+00,2.8085235286e+00,5.5370350778e-01,1.5735651768e+00,9.5272826577e-01,6.2083691106e-01,3.4639102695e+00
1.2915869875e+00,2.8102391599e+00,5.5401994616e-01,1.5741853115e+00,9.5298255023e-01,6.2120276129e-01,3.4674806807e+00
1.2923503368e+00,2.8119558393e+00,5.5433620097e-01,1.5748058088e+00,9.5323720339e-01,6.2156860544e-01,3.4710558675e+00
1.2931136861e+00,2.8136735673e+00,5.5465227222e-01,1.5754266697e+00,9.5349222587e-01,6.2193444381e-01,3.4746358385e+00
1.2938770354e+00,2.8153923446e+00,5.5496815992e-01,1.5760478950e+00,9.5374761832e-01,6.2230027668e-01,3.4782206022e+00
1.2946403846e+00,2.8171121719e+00,5.5528386407e-01,1.5766694857e+00,9.5400338137e-01,6.2266610434e-01,3.4818101671e+00
1.2954037339e+00,2.8188330497e+00,5.5559938467e-01,1.5772914427e+00,9.5425951564e-01,6.2303192709e-01,3.4854045419e+00
1.2961670832e+00,2.8205549788e+00,5.5591472173e-01,1.5779137670e+00,9.5451602179e-01,6.2339774523e-01,3.4890037353e+00
1.2969304325e+00,2.8222779597e+00,5.5622987525e-01,1.5785364595e+00,9.5477290044e-01,6.2376355903e-01,3.4926077557e+00
1.2976937818e+00,2.8240019932e+00,5.5654484524e-01,1.5791595210e+00,9.5503015222e-01,6.2412936880e-01,3.4962166119e+00
1.2984571311e+00,2.8257270798e+00,5.5685963170e-01,1.5797829526e+00,9.5528777778e-01,6.2449517483e-01,3.4998303124e+00
1.2992204803e+00,2.8274532202e+00,5.5717423464e-01,1.5804067551e+00,9.5554577773e-01,6.2486097741e-01,3.5034488660e+00
1.2999838296e+00,2.8291804150e+00,5.5748865407e-01,1.5810309296e+00,9.5580415273e-01,6.2522677684e-01,3.5070722814e+00
1.3007471789e+00,2.8309086649e+00,5.5780288998e-01,1.5816554768e+00,9.5606290340e-01,6.2559257341e-01,3.5107005672e+00
1.3015105282e+00,2.8326379706e+00,5.5811694239e-01,1.5822803978e+00,9.5632203038e-01,6.2595836741e-01,3.5143337321e+00
1.3022738775e+00,2.8343683326e+00,5.5843081131e-01,1.5829056934e+00,9.5658153430e-01,6.2632415913e-01,3.5179717849e+00
1.3030372268e+00,2.8360997516e+00,5.5874449674e-01,1.5835313647e+00,9.5684141579e-01,6.2668994889e-01,3.5216147343e+00
1.3038005760e+00,2.8378322284e+00,5.5905799869e-01,1.5841574124e+00,9.5710167549e-01,6.2705573695e-01,3.5252625891e+00
1.3045639253e+00,2.8395657634e+00,5.5937131717e-01,1.5847838377e+00,9.5736231404e-01,6.2742152364e-01,3.5289153580e+00
1.3053272746e+00,2.8413003574e+00,5.5968445218e-01,1.5854106413e+00,9.5762333206e-01,6.2778730923e-01,3.5325730498e+00
1.3060906239e+00,2.8430360109e+00,5.5999740373e-01,1.5860378242e+00,9.5788473019e-01,6.2815309402e-01,3.5362356733e+00
1.3068539732e+00,2.8447727248e+00,5.6031017184e-01,1.5866653874e+00,9.5814650906e-01,6.2851887832e-01,3.5399032373e+00
1.3076173225e+00,2.8465104995e+00,5.6062275651e-01,1.5872933317e+00,9.5840866931e-01,6.2888466241e-01,3.5435757507e+00
1.3083806717e+00,2.8482493358e+00,5.6093515775e-01,1.5879216582e+00,9.5867121158e-01,6.2925044660e-01,3.5472532223e+00
1.3091440210e+00,2.8499892343e+00,5.6124737557e-01,1.5885503677e+00,9.5893413648e-01,6.2961623118e-01,3.5509356609e+00
1.3099073703e+00,2.8517301956e+00,5.6155940998e-01,1.5891794611e+00,9.5919744467e-01,6.2998201644e-01,3.5546230754e+00
1.3106707196e+00,2.8534722204e+00,5.6187126099e-01,1.5898089395e+00,9.5946113677e-01,6.3034780270e-01,3.5583154747e+00
1.3114340689e+00,2.8552153094e+00,5.6218292861e-01,1.5904388036e+00,9.5972521341e-01,6.3071359023e-01,3.5620128677e+00
1.3121974182e+00,2.8569594631e+00,5.6249441285e-01,1.5910690546e+00,9.5998967523e-01,6.3107937935e-01,3.5657152633e+00
1.3129607674e+00,2.8587046823e+00,5.6280571373e-01,1.5916996932e+00,9.6025452286e-01,6.3144517036e-01,3.5694226705e+00
1.3137241167e+00,2.8604509676e+00,5.6311683124e-01,1.5923307205e+00,9.6051975694e-01,6.3181096354e-01,3.5731350982e+00
1.3144874660e+00,2.8621983196e+00,5.6342776542e-01,1.5929621373e+00,9.6078537810e-01,6.3217675919e-01,3.5768525553e+00
1.3152508153e+00,2.8639467391e+00,5.6373851626e-01,1.5935939446e+00,9.6105138697e-01,6.3254255763e-01,3.5805750509e+00
1.3160141646e+00,2.8656962266e+00,5.6404908378e-01,1.5942261433e+00,9.6131778418e-01,6.3290835915e-01,3.5843025938e+00
1.3167775139e+00,2.8674467828e+00,5.6435946799e-01,1.5948587344e+00,9.6158457037e-01,6.3327416404e-01,3.5880351932e+00
1.3175408631e+00,2.8691984083e+00,5.6466966891e-01,1.5954917188e+00,9.6185174617e-01,6.3363997261e-01,3.5917728581e+00
1.3183042124e+00,2.8709511039e+00,5.6497968654e-01,1.5961250974e+00,9.6211931222e-01,6.3400578516e-01,3.5955155975e+00
1.3190675617e+00,2.8727048701e+00,5.6528952091e-01,1.5967588711e+00,9.6238726914e-01,6.3437160198e-01,3.5992634203e+00
1.3198309110e+00,2.8744597076e+00,5.6559917202e-01,1.5973930410e+00,9.6265561758e-01,6.3473742339e-01,3.6030163358e+00
1.3205942603e+00,2.8762156171e+00,5.6590863989e-01,1.5980276078e+00,9.6292435816e-01,6.3510324968e-01,3.6067743530e+00
1.3213576096e+00,2.8779725992e+00,5.6621792453e-01,1.5986625727e+00,9.6319349152e-01,6.3546908115e-01,3.6105374810e+00
1.3221209588e+00,2.8797306546e+00,5.6652702596e-01,1.5992979364e+00,9.6346301828e-01,6.3583491810e-01,3.6143057289e+00
1.3228843081e+00,2.8814897840e+00,5.6683594419e-01,1.5999336999e+00,9.6373293910e-01,6.3620076084e-01,3.6180791058e+00
1.3236476574e+00,2.8832499879e+00,5.6714467923e-01,1.6005698643e+00,9.6400325458e-01,6.3656660968e-01,3.6218576209e+00
1.3244110067e+00,2.8850112671e+00,5.6745323111e-01,1.6012064303e+00,9.6427396538e-01,6.3693246490e-01,3.6256412833e+00
1.3251743560e+00,2.8867736222e+00,5.6776159984e-01,1.6018433989e+00,9.6454507212e-01,6.3729832682e-01,3.6294301023e+00
1.3259377053e+00,2.8885370538e+00,5.6806978543e-01,1.6024807712e+00,9.6481657544e-01,6.3766419574e-01,3.6332240869e+00
1.3267010545e+00,2.8903015627e+00,5.6837778790e-01,1.6031185479e+00,9.6508847596e-01,6.3803007195e-01,3.6370232464e+00
1.3274644038e+00,2.8920671495e+00,5.6868560726e-01,1.6037567301e+00,9.6536077433e-01,6.3839595578e-01,3.6408275901e+00
1.3282277531e+00,2.8938338147e+00,5.6899324354e-01,1.6043953187e+00,9.6563347117e-01,6.3876184751e-01,3.6446371272e+00
1.3289911024e+00,2.8956015592e+00,5.6930069675e-01,1.6050343146e+00,9.6590656712e-01,6.3912774746e-01,3.6484518668e+00
1.3297544517e+00,2.8973703836e+00,5.6960796690e-01,1.6056737187e+00,9.6618006281e-01,6.3949365593e-01,3.6522718184e+00
1.3305178010e+00,2.8991402884e+00,5.6991505402e-01,1.6063135321e+00,9.6645395888e-01,6.3985957323e-01,3.6560969911e+00
1.3312811502e+00,2.9009112744e+00,5.7022195811e-01,1.6069537556e+00,9.6672825596e-01,6.4022549965e-01,3.6599273943e+00
1.3320444995e+00,2.9026833423e+00,5.7052867921e-01,1.6075943902e+00,9.6700295467e-01,6.4059143550e-01,3.6637630373e+00
1.3328078488e+00,2.9044564927e+00,5.7083521733e-01,1.6082354368e+00,9.6727805566e-01,6.4095738110e-01,3.6676039294e+00
1.3335711981e+00,2.9062307262e+00,5.7114157248e-01,1.6088768963e+00,9.6755355956e-01,6.4132333675e-01,3.6714500800e+00
1.3343345474e+00,2.9080060435e+00,5.7144774469e-01,1.6095187697e+00,9.6782946700e-01,6.4168930274e-01,3.6753014985e+00
1.3350978967e+00,2.9097824453e+00,5.7175373397e-01,1.6101610580e+00,9.6810577861e-01,6.4205527940e-01,3.6791581941e+00
1.3358612459e+00,2.9115599323e+00,5.7205954034e-01,1.6108037621e+00,9.6838249503e-01,6.4242126703e-01,3.6830201764e+00
1.3366245952e+00,2.9133385050e+00,5.7236516383e-01,1.6114468828e+00,9.6865961689e-01,6.4278726593e-01,3.6868874546e+00
1.3373879445e+00,2.9151181643e+00,5.7267060445e-01,1.6120904212e+00,9.6893714482e-01,6.4315327641e-01,3.6907600383e+00
1.3381512938e+00,2.9168989106e+00,5.7297586222e-01,1.6127343782e+00,9.6921507946e-01,6.4351929878e-01,3.6946379370e+00
1.3389146431e+00,2.9186807448e+00,5.7328093716e-01,1.6133787548e+00,9.6949342144e-01,6.4388533334e-01,3.6985211599e+00
1.3396779924e+00,2.9204636674e+00,5.7358582930e-01,1.6140235518e+00,9.6977217140e-01,6.4425138042e-01,3.7024097167e+00
1.3404413416e+00,2.9222476792e+00,5.7389053865e-01,1.6146687703e+00,9.7005132996e-01,6.4461744030e-01,3.7063036168e+00
1.3412046909e+00,2.9240327807e+00,5.7419506524e-01,1.6153144111e+00,9.7033089777e-01,6.4498351331e-01,3.7102028697e+00
1.3419680402e+00,2.9258189727e+00,5.7449940909e-01,1.6159604752e+00,9.7061087544e-01,6.4534959976e-01,3.7141074850e+00
1.3427313895e+00,2.9276062559e+00,5.7480357021e-01,1.6166069636e+00,9.7089126363e-01,6.4571569994e-01,3.7180174722e+00
1.3434947388e+00,2.9293946308e+00,5.7510754864e-01,1.6172538771e+00,9.7117206296e-01,6.4608181418e-01,3.7219328408e+00
1.3442580881e+00,2.9311840982e+00,5.7541134439e-01,1.6179012168e+00,9.7145327406e-01,6.4644794278e-01,3.7258536004e+00
1.3450214373e+00,2.9329746586e+00,5.7571495748e-01,1.6185489836e+00,9.7173489758e-01,6.4681408605e-01,3.7297797606e+00
1.3457847866e+00,2.9347663129e+00,5.7601838794e-01,1.6191971784e+00,9.7201693413e-01,6.4718024431e-01,3.7337113311e+00
1.3465481359e+00,2.9365590617e+00,5.7632163579e-01,1.6198458022e+00,9.7229938436e-01,6.4754641785e-01,3.7376483214e+00
1.3473114852e+00,2.9383529056e+00,5.7662470106e-01,1.6204948559e+00,9.7258224891e-01,6.4791260701e-01,3.7415907411e+00
1.3480748345e+00,2.9401478453e+00,5.7692758376e-01,1.6211443405e+00,9.7286552840e-01,6.4827881208e-01,3.7455386000e+00
1.3488381838e+00,2.9419438814e+00,5.7723028392e-01,1.6217942568e+00,9.7314922346e-01,6.4864503337e-01,3.7494919076e+00
1.3496015330e+00,2.9437410147e+00,5.7753280157e-01,1.6224446059e+00,9.7343333474e-01,6.4901127121e-01,3.7534506738e+00
1.3503648823e+00,2.9455392458e+00,5.7783513672e-01,1.6230953888e+00,9.7371786287e-01,6.4937752590e-01,3.7574149081e+00
1.3511282316e+00,2.9473385753e+00,5.7813728941e-01,1.6237466062e+00,9.7400280847e-01,6.4974379775e-01,3.7613846204e+00
1.3518915809e+00,2.9491390041e+00,5.7843925966e-01,1.6243982593e+00,9.7428817219e-01,6.5011008708e-01,3.7653598203e+00
1.3526549302e+00,2.9509405326e+00,5.7874104749e-01,1.6250503489e+00,9.7457395466e-01,6.5047639420e-01,3.7693405175e+00
1.3534182795e+00,2.9527431616e+00,5.7904265292e-01,1.6257028759e+00,9.7486015652e-01,6.5084271943e-01,3.7733267220e+00
1.3541816288e+00,2.9545468918e+00,5.7934407599e-01,1.6263558415e+00,9.7514677839e-01,6.5120906307e-01,3.7773184434e+00
1.3549449780e+00,2.9563517239e+00,5.7964531672e-01,1.6270092464e+00,9.7543382092e-01,6.5157542545e-01,3.7813156916e+00
1.3557083273e+00,2.9581576584e+00,5.7994637514e-01,1.6276630916e+00,9.7572128473e-01,6.5194180687e-01,3.7853184763e+00
1.3564716766e+00,2.9599646961e+00,5.8024725126e-01,1.6283173781e+00,9.7600917046e-01,6.5230820765e-01,3.7893268074e+00
1.3572350259e+00,2.9617728377e+00,5.8054794512e-01,1.6289721069e+00,9.7629747875e-01,6.5267462810e-01,3.7933406949e+00
1.3579983752e+00,2.9635820838e+00,5.8084845675e-01,1.6296272788e+00,9.7658621023e-01,6.5304106855e-01,3.7973601484e+00
1.3587617245e+00,2.9653924352e+00,5.8114878616e-01,1.6302828948e+00,9.7687536554e-01,6.5340752930e-01,3.8013851780e+00
1.3595250737e+00,2.9672038924e+00,5.8144893340e-01,1.6309389560e+00,9.7716494531e-01,6.5377401067e-01,3.8054157935e+00
1.3602884230e+00,2.9690164561e+00,5.8174889848e-01,1.6315954631e+00,9.7745495017e-01,6.5414051298e-01,3.8094520049e+00
1.3610517723e+00,2.9708301271e+00,5.8204868143e-01,1.6322524173e+00,9.7774538077e-01,6.5450703654e-01,3.8134938220e+00
1.3618151216e+00,2.9726449060e+00,5.8234828228e-01,1.6329098194e+00,9.7803623773e-01,6.5487358167e-01,3.8175412549e+00
1.3625784709e+00,2.9744607935e+00,5.8264770106e-01,1.6335676704e+00,9.7832752170e-01,6.5524014868e-01,3.8215943136e+00
1.3633418202e+00,2.9762777903e+00,5.8294693779e-01,1.6342259712e+00,9.7861923330e-01,6.5560673790e-01,3.8256530079e+00
1.3641051694e+00,2.9780958970e+00,5.8324599251e-01,1.6348847228e+00,9.7891137317e-01,6.5597334964e-01,3.8297173479e+00
1.3648685187e+00,2.9799151143e+00,5.8354486525e-01,1.6355439262e+00,9.7920394195e-01,6.5633998422e-01,3.8337873437e+00
1.3656318680e+00,2.9817354429e+00,5.8384355602e-01,1.6362035822e+00,9.7949694028e-01,6.5670664195e-01,3.8378630053e+00
1.3663952173e+00,2.9835568835e+00,5.8414206487e-01,1.6368636919e+00,9.7979036879e-01,6.5707332316e-01,3.8419443426e+00
1.3671585666e+00,2.9853794367e+00,5.8444039182e-01,1.6375242563e+00,9.8008422811e-01,6.5744002816e-01,3.8460313659e+00
1.3679219159e+00,2.9872031033e+00,5.8473853690e-01,1.6381852761e+00,9.8037851888e-01,6.5780675727e-01,3.8501240852e+00
1.3686852651e+00,2.9890278839e+00,5.8503650014e-01,1.6388467525e+00,9.8067324174e-01,6.5817351081e-01,3.8542225107e+00
1.3694486144e+00,2.9908537792e+00,5.8533428158e-01,1.6395086864e+00,9.8096839732e-01,6.5854028909e-01,3.8583266523e+00
1.3702119637e+00,2.9926807899e+00,5.8563188123e-01,1.6401710787e+00,9.8126398627e-01,6.5890709245e-01,3.8624365204e+00
1.3709753130e+00,2.9945089166e+00,5.8592929913e-01,1.6408339304e+00,9.8156000920e-01,6.5927392119e-01,3.8665521250e+00
1.3717386623e+00,2.9963381601e+00,5.8622653532e-01,1.6414972424e+00,9.8185646678e-01,6.5964077565e-01,3.8706734763e+00
1.3725020116e+00,2.9981685210e+00,5.8652358982e-01,1.6421610157e+00,9.8215335962e-01,6.6000765613e-01,3.8748005845e+00
1.3732653608e+00,3.0000000000e+00,5.8682046267e-01,1.6428252513e+00,9.8245068837e-01,6.6037456296e-01,3.8789334599e+00
