tau=beta*t,lambda,xi,sigma_total_over_mu,sigma_surviving_over_mu,sigma_recrosslinked_over_mu,sigma_elastic_over_mu
0.0000000000e+00,1.0000000000e+00,0.0000000000e+00,0.0000000000e+00,0.0000000000e+00,0.0000000000e+00,0.0000000000e+00
3.0533971336e-03,1.0006108659e+00,1.8627499607e-06,2.4375001124e-03,2.4337844572e-03,3.7156552427e-06,2.4412271246e-03
6.1067942672e-03,1.0012221050e+00,7.4434203029e-06,4.8646013666e-03,4.8497704553e-03,1.4830911326e-05,4.8794776212e-03
9.1601914008e-03,1.0018337175e+00,1.6730659386e-05,7.2813467289e-03,7.2480596521e-03,3.3287076870e-05,7.3147582855e-03
1.2213588534e-02,1.0024457036e+00,2.9713139071e-05,9.6877789761e-03,9.6287531703e-03,5.9025805818e-05,9.7470759013e-03
1.5266985668e-02,1.0030580635e+00,4.6379554644e-05,1.2083940696e-02,1.1991951601e-02,9.1989095593e-05,1.2176437240e-02
1.8320382802e-02,1.0036707975e+00,6.6718624749e-05,1.4469874289e-02,1.4337755004e-02,1.3211928527e-04,1.4602849062e-02
2.1373779935e-02,1.0042839058e+00,9.0719091318e-05,1.6845621969e-02,1.6666262915e-02,1.7935905375e-04,1.7026318114e-02
2.4427177069e-02,1.0048973886e+00,1.1836971950e-04,1.9211225763e-02,1.8977574345e-02,2.3365141797e-04,1.9446851133e-02
2.7480574202e-02,1.0055112462e+00,1.4965929758e-04,2.1566727513e-02,2.1271787782e-02,2.9493973107e-04,2.1864454843e-02
3.0533971336e-02,1.0061254788e+00,1.8457663694e-04,2.3912168878e-02,2.3549001197e-02,3.6316768063e-04,2.4279135956e-02
3.3587368470e-02,1.0067400865e+00,2.2311057195e-04,2.6247591332e-02,2.5809312046e-02,4.3827928686e-04,2.6690901173e-02
3.6640765603e-02,1.0073550697e+00,2.6524995993e-04,2.8573036169e-02,2.8052817268e-02,5.2021890085e-04,2.9099757182e-02
3.9694162737e-02,1.0079704286e+00,3.1098368107e-04,3.0888544498e-02,3.0279613296e-02,6.0893120280e-04,3.1505710662e-02
4.2747559870e-02,1.0085861634e+00,3.6030063834e-04,3.3194157251e-02,3.2489796051e-02,7.0436120025e-04,3.3908768279e-02
4.5800957004e-02,1.0092022744e+00,4.1318975749e-04,3.5489915178e-02,3.4683460951e-02,8.0645422636e-04,3.6308936687e-02
4.8854354138e-02,1.0098187616e+00,4.6963998688e-04,3.7775858850e-02,3.6860702912e-02,9.1515593814e-04,3.8706222529e-02
5.1907751271e-02,1.0104356255e+00,5.2964029752e-04,4.0052028661e-02,3.9021616346e-02,1.0304123148e-03,4.1100632436e-02
5.4961148405e-02,1.0110528662e+00,5.9317968292e-04,4.2318464826e-02,4.1166295171e-02,1.1521696558e-03,4.3492173030e-02
5.8014545538e-02,1.0116704840e+00,6.6024715907e-04,4.4575207387e-02,4.3294832808e-02,1.2803745796e-03,4.5880850920e-02
6.1067942672e-02,1.0122884790e+00,7.3083176435e-04,4.6822296207e-02,4.5407322186e-02,1.4149740214e-03,4.8266672703e-02
6.4121339806e-02,1.0129068515e+00,8.0492255948e-04,4.9059770976e-02,4.7503855745e-02,1.5559152318e-03,5.0649644966e-02
6.7174736939e-02,1.0135256018e+00,8.8250862746e-04,5.1287671210e-02,4.9584525435e-02,1.7031457751e-03,5.3029774286e-02
7.0228134073e-02,1.0141447301e+00,9.6357907347e-04,5.3506036251e-02,5.1649422724e-02,1.8566135276e-03,5.5407067226e-02
7.3281531206e-02,1.0147642365e+00,1.0481230248e-03,5.5714905270e-02,5.3698638594e-02,2.0162666756e-03,5.7781530341e-02
7.6334928340e-02,1.0153841214e+00,1.1361296310e-03,5.7914317266e-02,5.5732263552e-02,2.1820537145e-03,6.0153170173e-02
7.9388325474e-02,1.0160043850e+00,1.2275880633e-03,6.0104311067e-02,5.7750387621e-02,2.3539234462e-03,6.2521993254e-02
8.2441722607e-02,1.0166250275e+00,1.3224875152e-03,6.2284925333e-02,5.9753100355e-02,2.5318249783e-03,6.4888006105e-02
8.5495119741e-02,1.0172460491e+00,1.4208172018e-03,6.4456198553e-02,6.1740490831e-02,2.7157077220e-03,6.7251215237e-02
8.8548516874e-02,1.0178674500e+00,1.5225663603e-03,6.6618169048e-02,6.3712647658e-02,2.9055213905e-03,6.9611627148e-02
9.1601914008e-02,1.0184892306e+00,1.6277242495e-03,6.8770874974e-02,6.5669658977e-02,3.1012159975e-03,7.1969248327e-02
9.4655311141e-02,1.0191113909e+00,1.7362801498e-03,7.0914354317e-02,6.7611612462e-02,3.3027418558e-03,7.4324085253e-02
9.7708708275e-02,1.0197339314e+00,1.8482233634e-03,7.3048644901e-02,6.9538595325e-02,3.5100495752e-03,7.6676144393e-02
1.0076210541e-01,1.0203568521e+00,1.9635432141e-03,7.5173784380e-02,7.1450694319e-02,3.7230900612e-03,7.9025432204e-02
1.0381550254e-01,1.0209801533e+00,2.0822290470e-03,7.7289810250e-02,7.3347995736e-02,3.9418145135e-03,8.1371955132e-02
1.0686889968e-01,1.0216038353e+00,2.2042702288e-03,7.9396759838e-02,7.5230585413e-02,4.1661744244e-03,8.3715719614e-02
1.0992229681e-01,1.0222278983e+00,2.3296561475e-03,8.1494670311e-02,7.7098548735e-02,4.3961215769e-03,8.6056732074e-02
1.1297569394e-01,1.0228523425e+00,2.4583762126e-03,8.3583578676e-02,7.8951970632e-02,4.6316080436e-03,8.8394998929e-02
1.1602909108e-01,1.0234771681e+00,2.5904198547e-03,8.5663521774e-02,8.0790935589e-02,4.8725861849e-03,9.0730526582e-02
1.1908248821e-01,1.0241023754e+00,2.7257765256e-03,8.7734536289e-02,8.2615527642e-02,5.1190086475e-03,9.3063321429e-02
1.2213588534e-01,1.0247279647e+00,2.8644356983e-03,8.9796658746e-02,8.4425830383e-02,5.3708283629e-03,9.5393389854e-02
1.2518928248e-01,1.0253539361e+00,3.0063868669e-03,9.1849925508e-02,8.6221926963e-02,5.6279985457e-03,9.7720738231e-02
1.2824267961e-01,1.0259802899e+00,3.1516195464e-03,9.3894372784e-02,8.8003900091e-02,5.8904726925e-03,1.0004537292e-01
1.3129607674e-01,1.0266070263e+00,3.3001232731e-03,9.5930036622e-02,8.9771832042e-02,6.1582045799e-03,1.0236730029e-01
1.3434947388e-01,1.0272341455e+00,3.4518876038e-03,9.7956952914e-02,9.1525804651e-02,6.4311482634e-03,1.0468652666e-01
1.3740287101e-01,1.0278616479e+00,3.6069021163e-03,9.9975157399e-02,9.3265899324e-02,6.7092580754e-03,1.0700305839e-01
1.4045626815e-01,1.0284895335e+00,3.7651564093e-03,1.0198468566e-01,9.4992197034e-02,6.9924886245e-03,1.0931690179e-01
1.4350966528e-01,1.0291178028e+00,3.9266401022e-03,1.0398557312e-01,9.6704778325e-02,7.2807947932e-03,1.1162806317e-01
1.4656306241e-01,1.0297464558e+00,4.0913428350e-03,1.0597785505e-01,9.8403723316e-02,7.5741317369e-03,1.1393654884e-01
1.4961645955e-01,1.0303754928e+00,4.2592542683e-03,1.0796156658e-01,1.0008911170e-01,7.8724548823e-03,1.1624236510e-01
1.5266985668e-01,1.0310049141e+00,4.4303640834e-03,1.0993674268e-01,1.0176102275e-01,8.1757199260e-03,1.1854551823e-01
1.5572325381e-01,1.0316347198e+00,4.6046619820e-03,1.1190341816e-01,1.0341953532e-01,8.4838828331e-03,1.2084601449e-01
1.5877665095e-01,1.0322649103e+00,4.7821376863e-03,1.1386162768e-01,1.0506472784e-01,8.7968998356e-03,1.2314386017e-01
1.6183004808e-01,1.0328954858e+00,4.9627809389e-03,1.1581140577e-01,1.0669667834e-01,9.1147274309e-03,1.2543906152e-01
1.6488344521e-01,1.0335264465e+00,5.1465815026e-03,1.1775278679e-01,1.0831546440e-01,9.4373223807e-03,1.2773162477e-01
1.6793684235e-01,1.0341577926e+00,5.3335291608e-03,1.1968580495e-01,1.0992116324e-01,9.7646417093e-03,1.3002155617e-01
1.7099023948e-01,1.0347895243e+00,5.5236137167e-03,1.2161049434e-01,1.1151385163e-01,1.0096642702e-02,1.3230886194e-01
1.7404363662e-01,1.0354216420e+00,5.7168249942e-03,1.2352688886e-01,1.1309360595e-01,1.0433282906e-02,1.3459354830e-01
1.7709703375e-01,1.0360541458e+00,5.9131528368e-03,1.2543502230e-01,1.1466050218e-01,1.0774520123e-02,1.3687562147e-01
1.8015043088e-01,1.0366870360e+00,6.1125871085e-03,1.2733492829e-01,1.1621461588e-01,1.1120312415e-02,1.3915508762e-01
1.8320382802e-01,1.0373203128e+00,6.3151176929e-03,1.2922664031e-01,1.1775602221e-01,1.1470618099e-02,1.4143195297e-01
1.8625722515e-01,1.0379539764e+00,6.5207344940e-03,1.3111019170e-01,1.1928479596e-01,1.1825395746e-02,1.4370622367e-01
1.8931062228e-01,1.0385880271e+00,6.7294274354e-03,1.3298561566e-01,1.2080101148e-01,1.2184604181e-02,1.4597790592e-01
1.9236401942e-01,1.0392224652e+00,6.9411864607e-03,1.3485294524e-01,1.2230474276e-01,1.2548202478e-02,1.4824700586e-01
1.9541741655e-01,1.0398572908e+00,7.1560015331e-03,1.3671221335e-01,1.2379606339e-01,1.2916149964e-02,1.5051352965e-01
1.9847081368e-01,1.0404925041e+00,7.3738626359e-03,1.3856345277e-01,1.2527504655e-01,1.3288406213e-02,1.5277748343e-01
2.0152421082e-01,1.0411281056e+00,7.5947597718e-03,1.4040669610e-01,1.2674176506e-01,1.3664931049e-02,1.5503887334e-01
2.0457760795e-01,1.0417640953e+00,7.8186829632e-03,1.4224197586e-01,1.2819629132e-01,1.4045684540e-02,1.5729770549e-01
2.0763100508e-01,1.0424004734e+00,8.0456222522e-03,1.4406932437e-01,1.2963869737e-01,1.4430626998e-02,1.5955398602e-01
2.1068440222e-01,1.0430372404e+00,8.2755677005e-03,1.4588877385e-01,1.3106905487e-01,1.4819718983e-02,1.6180772101e-01
2.1373779935e-01,1.0436743963e+00,8.5085093890e-03,1.4770035637e-01,1.3248743508e-01,1.5212921292e-02,1.6405891657e-01
2.1679119649e-01,1.0443119414e+00,8.7444374183e-03,1.4950410386e-01,1.3389390889e-01,1.5610194966e-02,1.6630757879e-01
2.1984459362e-01,1.0449498760e+00,8.9833419083e-03,1.5130004811e-01,1.3528854682e-01,1.6011501286e-02,1.6855371375e-01
2.2289799075e-01,1.0455882003e+00,9.2252129984e-03,1.5308822077e-01,1.3667141900e-01,1.6416801769e-02,1.7079732752e-01
2.2595138789e-01,1.0462269145e+00,9.4700408469e-03,1.5486865338e-01,1.3804259521e-01,1.6826058171e-02,1.7303842616e-01
2.2900478502e-01,1.0468660189e+00,9.7178156319e-03,1.5664137731e-01,1.3940214482e-01,1.7239232484e-02,1.7527701572e-01
2.3205818215e-01,1.0475055137e+00,9.9685275501e-03,1.5840642381e-01,1.4075013688e-01,1.7656286933e-02,1.7751310225e-01
2.3511157929e-01,1.0481453991e+00,1.0222166818e-02,1.6016382400e-01,1.4208664003e-01,1.8077183977e-02,1.7974669178e-01
2.3816497642e-01,1.0487856754e+00,1.0478723670e-02,1.6191360887e-01,1.4341172256e-01,1.8501886308e-02,1.8197779034e-01
2.4121837355e-01,1.0494263428e+00,1.0738188362e-02,1.6365580926e-01,1.4472545241e-01,1.8930356847e-02,1.8420640396e-01
2.4427177069e-01,1.0500674016e+00,1.1000551166e-02,1.6539045589e-01,1.4602789715e-01,1.9362558745e-02,1.8643253863e-01
2.4732516782e-01,1.0507088520e+00,1.1265802374e-02,1.6711757935e-01,1.4731912396e-01,1.9798455383e-02,1.8865620036e-01
2.5037856495e-01,1.0513506943e+00,1.1533932298e-02,1.6883721008e-01,1.4859919971e-01,2.0238010367e-02,1.9087739515e-01
2.5343196209e-01,1.0519929286e+00,1.1804931268e-02,1.7054937842e-01,1.4986819089e-01,2.0681187528e-02,1.9309612897e-01
2.5648535922e-01,1.0526355552e+00,1.2078789632e-02,1.7225411456e-01,1.5112616363e-01,2.1127950925e-02,1.9531240781e-01
2.5953875636e-01,1.0532785744e+00,1.2355497759e-02,1.7395144855e-01,1.5237318372e-01,2.1578264838e-02,1.9752623763e-01
2.6259215349e-01,1.0539219864e+00,1.2635046034e-02,1.7564141035e-01,1.5360931658e-01,2.2032093768e-02,1.9973762438e-01
2.6564555062e-01,1.0545657915e+00,1.2917424862e-02,1.7732402975e-01,1.5483462731e-01,2.2489402440e-02,2.0194657403e-01
2.6869894776e-01,1.0552099898e+00,1.3202624667e-02,1.7899933644e-01,1.5604918064e-01,2.2950155797e-02,2.0415309251e-01
2.7175234489e-01,1.0558545816e+00,1.3490635892e-02,1.8066735997e-01,1.5725304097e-01,2.3414319001e-02,2.0635718575e-01
2.7480574202e-01,1.0564995672e+00,1.3781448996e-02,1.8232812976e-01,1.5844627233e-01,2.3881857430e-02,2.0855885969e-01
2.7785913916e-01,1.0571449468e+00,1.4075054460e-02,1.8398167512e-01,1.5962893844e-01,2.4352736680e-02,2.1075812023e-01
2.8091253629e-01,1.0577907206e+00,1.4371442780e-02,1.8562802523e-01,1.6080110266e-01,2.4826922562e-02,2.1295497329e-01
2.8396593342e-01,1.0584368889e+00,1.4670604473e-02,1.8726720912e-01,1.6196282802e-01,2.5304381099e-02,2.1514942478e-01
2.8701933056e-01,1.0590834520e+00,1.4972530073e-02,1.8889925574e-01,1.6311417721e-01,2.5785078529e-02,2.1734148057e-01
2.9007272769e-01,1.0597304099e+00,1.5277210133e-02,1.9052419389e-01,1.6425521259e-01,2.6268981301e-02,2.1953114656e-01
2.9312612483e-01,1.0603777631e+00,1.5584635225e-02,1.9214205223e-01,1.6538599616e-01,2.6756056072e-02,2.2171842863e-01
2.9617952196e-01,1.0610255118e+00,1.5894795936e-02,1.9375285935e-01,1.6650658964e-01,2.7246269712e-02,2.2390333264e-01
2.9923291909e-01,1.0616736561e+00,1.6207682875e-02,1.9535664366e-01,1.6761705436e-01,2.7739589296e-02,2.2608586445e-01
3.0228631623e-01,1.0623221964e+00,1.6523286667e-02,1.9695343349e-01,1.6871745138e-01,2.8235982108e-02,2.2826602992e-01
3.0533971336e-01,1.0629711328e+00,1.6841597956e-02,1.9854325702e-01,1.6980784139e-01,2.8735415637e-02,2.3044383489e-01
3.0839311049e-01,1.0636204657e+00,1.7162607403e-02,2.0012614235e-01,1.7088828477e-01,2.9237857577e-02,2.3261928519e-01
3.1144650763e-01,1.0642701952e+00,1.7486305688e-02,2.0170211741e-01,1.7195884158e-01,2.9743275825e-02,2.3479238667e-01
3.1449990476e-01,1.0649203216e+00,1.7812683509e-02,2.0327121004e-01,1.7301957156e-01,3.0251638481e-02,2.3696314513e-01
3.1755330189e-01,1.0655708451e+00,1.8141731581e-02,2.0483344797e-01,1.7407053412e-01,3.0762913848e-02,2.3913156640e-01
3.2060669903e-01,1.0662217661e+00,1.8473440638e-02,2.0638885879e-01,1.7511178836e-01,3.1277070426e-02,2.4129765627e-01
3.2366009616e-01,1.0668730846e+00,1.8807801431e-02,2.0793746998e-01,1.7614339306e-01,3.1794076916e-02,2.4346142055e-01
3.2671349329e-01,1.0675248010e+00,1.9144804730e-02,2.0947930890e-01,1.7716540669e-01,3.2313902219e-02,2.4562286502e-01
3.2976689043e-01,1.0681769156e+00,1.9484441320e-02,2.1101440282e-01,1.7817788739e-01,3.2836515429e-02,2.4778199547e-01
3.3282028756e-01,1.0688294284e+00,1.9826702007e-02,2.1254277885e-01,1.7918089301e-01,3.3361885840e-02,2.4993881767e-01
3.3587368470e-01,1.0694823399e+00,2.0171577613e-02,2.1406446402e-01,1.8017448108e-01,3.3889982938e-02,2.5209333739e-01
3.3892708183e-01,1.0701356502e+00,2.0519058978e-02,2.1557948523e-01,1.8115870882e-01,3.4420776405e-02,2.5424556040e-01
3.4198047896e-01,1.0707893597e+00,2.0869136960e-02,2.1708786926e-01,1.8213363315e-01,3.4954236114e-02,2.5639549243e-01
3.4503387610e-01,1.0714434684e+00,2.1221802433e-02,2.1858964280e-01,1.8309931067e-01,3.5490332131e-02,2.5854313924e-01
3.4808727323e-01,1.0720979767e+00,2.1577046290e-02,2.2008483240e-01,1.8405579768e-01,3.6029034713e-02,2.6068850657e-01
3.5114067036e-01,1.0727528848e+00,2.1934859441e-02,2.2157346451e-01,1.8500315020e-01,3.6570314304e-02,2.6283160013e-01
3.5419406750e-01,1.0734081930e+00,2.2295232813e-02,2.2305556546e-01,1.8594142392e-01,3.7114141541e-02,2.6497242566e-01
3.5724746463e-01,1.0740639015e+00,2.2658157353e-02,2.2453116149e-01,1.8687067425e-01,3.7660487245e-02,2.6711098887e-01
3.6030086176e-01,1.0747200105e+00,2.3023624021e-02,2.2600027871e-01,1.8779095629e-01,3.8209322425e-02,2.6924729547e-01
3.6335425890e-01,1.0753765204e+00,2.3391623798e-02,2.2746294312e-01,1.8870232484e-01,3.8760618275e-02,2.7138135115e-01
3.6640765603e-01,1.0760334313e+00,2.3762147680e-02,2.2891918061e-01,1.8960483443e-01,3.9314346175e-02,2.7351316161e-01
3.6946105317e-01,1.0766907434e+00,2.4135186681e-02,2.3036901696e-01,1.9049853927e-01,3.9870477686e-02,2.7564273253e-01
3.7251445030e-01,1.0773484571e+00,2.4510731834e-02,2.3181247785e-01,1.9138349330e-01,4.0428984554e-02,2.7777006960e-01
3.7556784743e-01,1.0780065726e+00,2.4888774186e-02,2.3324958885e-01,1.9225975014e-01,4.0989838705e-02,2.7989517847e-01
3.7862124457e-01,1.0786650901e+00,2.5269304803e-02,2.3468037540e-01,1.9312736316e-01,4.1553012246e-02,2.8201806483e-01
3.8167464170e-01,1.0793240098e+00,2.5652314767e-02,2.3610486287e-01,1.9398638540e-01,4.2118477465e-02,2.8413873431e-01
3.8472803883e-01,1.0799833321e+00,2.6037795180e-02,2.3752307649e-01,1.9483686966e-01,4.2686206825e-02,2.8625719258e-01
3.8778143597e-01,1.0806430571e+00,2.6425737157e-02,2.3893504140e-01,1.9567886843e-01,4.3256172970e-02,2.8837344526e-01
3.9083483310e-01,1.0813031851e+00,2.6816131832e-02,2.4034078262e-01,1.9651243390e-01,4.3828348720e-02,2.9048749801e-01
3.9388823023e-01,1.0819637164e+00,2.7208970357e-02,2.4174032508e-01,1.9733761802e-01,4.4402707068e-02,2.9259935644e-01
3.9694162737e-01,1.0826246512e+00,2.7604243899e-02,2.4313369361e-01,1.9815447242e-01,4.4979221186e-02,2.9470902618e-01
3.9999502450e-01,1.0832859897e+00,2.8001943642e-02,2.4452091290e-01,1.9896304848e-01,4.5557864416e-02,2.9681651283e-01
4.0304842163e-01,1.0839477322e+00,2.8402060789e-02,2.4590200757e-01,1.9976339730e-01,4.6138610274e-02,2.9892182201e-01
4.0610181877e-01,1.0846098789e+00,2.8804586557e-02,2.4727700213e-01,2.0055556968e-01,4.6721432449e-02,3.0102495932e-01
4.0915521590e-01,1.0852724302e+00,2.9209512181e-02,2.4864592098e-01,2.0133961618e-01,4.7306304800e-02,3.0312593034e-01
4.1220861304e-01,1.0859353861e+00,2.9616828913e-02,2.5000878841e-01,2.0211558705e-01,4.7893201355e-02,3.0522474067e-01
4.1526201017e-01,1.0865987470e+00,3.0026528022e-02,2.5136562862e-01,2.0288353231e-01,4.8482096312e-02,3.0732139588e-01
4.1831540730e-01,1.0872625132e+00,3.0438600793e-02,2.5271646570e-01,2.0364350167e-01,4.9072964037e-02,3.0941590154e-01
4.2136880444e-01,1.0879266848e+00,3.0853038527e-02,2.5406132366e-01,2.0439554460e-01,4.9665779063e-02,3.1150826322e-01
4.2442220157e-01,1.0885912622e+00,3.1269832544e-02,2.5540022638e-01,2.0513971029e-01,5.0260516089e-02,3.1359848648e-01
4.2747559870e-01,1.0892562455e+00,3.1688974178e-02,2.5673319764e-01,2.0587604766e-01,5.0857149981e-02,3.1568657686e-01
4.3052899584e-01,1.0899216350e+00,3.2110454780e-02,2.5806026115e-01,2.0660460538e-01,5.1455655766e-02,3.1777253992e-01
4.3358239297e-01,1.0905874310e+00,3.2534265719e-02,2.5938144049e-01,2.0732543185e-01,5.2056008639e-02,3.1985638119e-01
4.3663579010e-01,1.0912536337e+00,3.2960398379e-02,2.6069675915e-01,2.0803857520e-01,5.2658183953e-02,3.2193810619e-01
4.3968918724e-01,1.0919202434e+00,3.3388844162e-02,2.6200624053e-01,2.0874408330e-01,5.3262157225e-02,3.2401772047e-01
4.4274258437e-01,1.0925872602e+00,3.3819594483e-02,2.6330990792e-01,2.0944200378e-01,5.3867904133e-02,3.2609522953e-01
4.4579598151e-01,1.0932546846e+00,3.4252640778e-02,2.6460778451e-01,2.1013238400e-01,5.4475400516e-02,3.2817063888e-01
4.4884937864e-01,1.0939225166e+00,3.4687974497e-02,2.6589989341e-01,2.1081527104e-01,5.5084622368e-02,3.3024395402e-01
4.5190277577e-01,1.0945907566e+00,3.5125587105e-02,2.6718625762e-01,2.1149071178e-01,5.5695545846e-02,3.3231518047e-01
4.5495617291e-01,1.0952594048e+00,3.5565470085e-02,2.6846690004e-01,2.1215875278e-01,5.6308147260e-02,3.3438432370e-01
4.5800957004e-01,1.0959284615e+00,3.6007614936e-02,2.6974184349e-01,2.1281944041e-01,5.6922403081e-02,3.3645138920e-01
4.6106296717e-01,1.0965979268e+00,3.6452013174e-02,2.7101111066e-01,2.1347282073e-01,5.7538289931e-02,3.3851638245e-01
4.6411636431e-01,1.0972678011e+00,3.6898656329e-02,2.7227472419e-01,2.1411893960e-01,5.8155784589e-02,3.4057930892e-01
4.6716976144e-01,1.0979380846e+00,3.7347535950e-02,2.7353270660e-01,2.1475784261e-01,5.8774863988e-02,3.4264017408e-01
4.7022315857e-01,1.0986087776e+00,3.7798643599e-02,2.7478508031e-01,2.1538957509e-01,5.9395505213e-02,3.4469898338e-01
4.7327655571e-01,1.0992798803e+00,3.8251970856e-02,2.7603186765e-01,2.1601418215e-01,6.0017685503e-02,3.4675574227e-01
4.7632995284e-01,1.0999513929e+00,3.8707509317e-02,2.7727309087e-01,2.1663170863e-01,6.0641382246e-02,3.4881045621e-01
4.7938334997e-01,1.1006233157e+00,3.9165250594e-02,2.7850877212e-01,2.1724219914e-01,6.1266572981e-02,3.5086313063e-01
4.8243674711e-01,1.1012956490e+00,3.9625186314e-02,2.7973893345e-01,2.1784569805e-01,6.1893235398e-02,3.5291377095e-01
4.8549014424e-01,1.1019683930e+00,4.0087308122e-02,2.8096359682e-01,2.1844224948e-01,6.2521347335e-02,3.5496238262e-01
4.8854354138e-01,1.1026415480e+00,4.0551607676e-02,2.8218278410e-01,2.1903189732e-01,6.3150886777e-02,3.5700897105e-01
4.9159693851e-01,1.1033151141e+00,4.1018076653e-02,2.8339651707e-01,2.1961468521e-01,6.3781831858e-02,3.5905354164e-01
4.9465033564e-01,1.1039890917e+00,4.1486706743e-02,2.8460481741e-01,2.2019065656e-01,6.4414160856e-02,3.6109609982e-01
4.9770373278e-01,1.1046634811e+00,4.1957489654e-02,2.8580770673e-01,2.2075985453e-01,6.5047852197e-02,3.6313665098e-01
5.0075712991e-01,1.1053382823e+00,4.2430417110e-02,2.8700520653e-01,2.2132232208e-01,6.5682884451e-02,3.6517520052e-01
5.0381052704e-01,1.1060134958e+00,4.2905480848e-02,2.8819733822e-01,2.2187810189e-01,6.6319236330e-02,3.6721175381e-01
5.0686392418e-01,1.1066891218e+00,4.3382672625e-02,2.8938412314e-01,2.2242723644e-01,6.6956886692e-02,3.6924631626e-01
5.0991732131e-01,1.1073651605e+00,4.3861984209e-02,2.9056558251e-01,2.2296976797e-01,6.7595814535e-02,3.7127889322e-01
5.1297071844e-01,1.1080416121e+00,4.4343407387e-02,2.9174173749e-01,2.2350573849e-01,6.8235998999e-02,3.7330949008e-01
5.1602411558e-01,1.1087184770e+00,4.4826933962e-02,2.9291260913e-01,2.2403518977e-01,6.8877419367e-02,3.7533811220e-01
5.1907751271e-01,1.1093957553e+00,4.5312555749e-02,2.9407821842e-01,2.2455816336e-01,6.9520055059e-02,3.7736476493e-01
5.2213090985e-01,1.1100734474e+00,4.5800264583e-02,2.9523858623e-01,2.2507470059e-01,7.0163885635e-02,3.7938945362e-01
5.2518430698e-01,1.1107515535e+00,4.6290052312e-02,2.9639373336e-01,2.2558484256e-01,7.0808890795e-02,3.8141218362e-01
5.2823770411e-01,1.1114300737e+00,4.6781910801e-02,2.9754368052e-01,2.2608863015e-01,7.1455050374e-02,3.8343296028e-01
5.3129110125e-01,1.1121090085e+00,4.7275831928e-02,2.9868844834e-01,2.2658610399e-01,7.2102344345e-02,3.8545178891e-01
5.3434449838e-01,1.1127883580e+00,4.7771807589e-02,2.9982805735e-01,2.2707730453e-01,7.2750752819e-02,3.8746867486e-01
5.3739789551e-01,1.1134681225e+00,4.8269829695e-02,3.0096252800e-01,2.2756227196e-01,7.3400256039e-02,3.8948362344e-01
5.4045129265e-01,1.1141483022e+00,4.8769890172e-02,3.0209188066e-01,2.2804104628e-01,7.4050834386e-02,3.9149663997e-01
5.4350468978e-01,1.1148288975e+00,4.9271980962e-02,3.0321613562e-01,2.2851366725e-01,7.4702468371e-02,3.9350772975e-01
5.4655808691e-01,1.1155099085e+00,4.9776094022e-02,3.0433531307e-01,2.2898017443e-01,7.5355138641e-02,3.9551689809e-01
5.4961148405e-01,1.1161913355e+00,5.0282221323e-02,3.0544943313e-01,2.2944060715e-01,7.6008825974e-02,3.9752415029e-01
5.5266488118e-01,1.1168731787e+00,5.0790354855e-02,3.0655851582e-01,2.2989500454e-01,7.6663511281e-02,3.9952949164e-01
5.5571827831e-01,1.1175554385e+00,5.1300486619e-02,3.0766258108e-01,2.3034340548e-01,7.7319175603e-02,4.0153292742e-01
5.5877167545e-01,1.1182381150e+00,5.1812608635e-02,3.0876164880e-01,2.3078584869e-01,7.7975800109e-02,4.0353446292e-01
5.6182507258e-01,1.1189212086e+00,5.2326712936e-02,3.0985573873e-01,2.3122237263e-01,7.8633366102e-02,4.0553410340e-01
5.6487846972e-01,1.1196047194e+00,5.2842791570e-02,3.1094487058e-01,2.3165301557e-01,7.9291855010e-02,4.0753185414e-01
5.6793186685e-01,1.1202886478e+00,5.3360836602e-02,3.1202906397e-01,2.3207781558e-01,7.9951248390e-02,4.0952772039e-01
5.7098526398e-01,1.1209729940e+00,5.3880840112e-02,3.1310833843e-01,2.3249681051e-01,8.0611527926e-02,4.1152170742e-01
5.7403866112e-01,1.1216577582e+00,5.4402794194e-02,3.1418271342e-01,2.3291003799e-01,8.1272675430e-02,4.1351382048e-01
5.7709205825e-01,1.1223429407e+00,5.4926690956e-02,3.1525220830e-01,2.3331753546e-01,8.1934672837e-02,4.1550406480e-01
5.8014545538e-01,1.1230285418e+00,5.5452522526e-02,3.1631684237e-01,2.3371934016e-01,8.2597502210e-02,4.1749244564e-01
5.8319885252e-01,1.1237145616e+00,5.5980281041e-02,3.1737663483e-01,2.3411548910e-01,8.3261145734e-02,4.1947896821e-01
5.8625224965e-01,1.1244010006e+00,5.6509958657e-02,3.1843160483e-01,2.3450601911e-01,8.3925585720e-02,4.2146363776e-01
5.8930564678e-01,1.1250878588e+00,5.7041547543e-02,3.1948177141e-01,2.3489096681e-01,8.4590804601e-02,4.2344645950e-01
5.9235904392e-01,1.1257751367e+00,5.7575039886e-02,3.2052715355e-01,2.3527036862e-01,8.5256784931e-02,4.2542743864e-01
5.9541244105e-01,1.1264628344e+00,5.8110427885e-02,3.2156777013e-01,2.3564426075e-01,8.5923509387e-02,4.2740658041e-01
5.9846583818e-01,1.1271509521e+00,5.8647703755e-02,3.2260363998e-01,2.3601267922e-01,8.6590960768e-02,4.2938388999e-01
6.0151923532e-01,1.1278394902e+00,5.9186859725e-02,3.2363478184e-01,2.3637565985e-01,8.7259121990e-02,4.3135937260e-01
6.0457263245e-01,1.1285284490e+00,5.9727888042e-02,3.2466121436e-01,2.3673323826e-01,8.7927976092e-02,4.3333303343e-01
6.0762602959e-01,1.1292178285e+00,6.0270780964e-02,3.2568295612e-01,2.3708544989e-01,8.8597506231e-02,4.3530487767e-01
6.1067942672e-01,1.1299076292e+00,6.0815530766e-02,3.2670002563e-01,2.3743232995e-01,8.9267695680e-02,4.3727491049e-01
6.1373282385e-01,1.1305978513e+00,6.1362129738e-02,3.2771244133e-01,2.3777391350e-01,8.9938527832e-02,4.3924313707e-01
6.1678622099e-01,1.1312884950e+00,6.1910570183e-02,3.2872022156e-01,2.3811023536e-01,9.0609986196e-02,4.4120956260e-01
6.1983961812e-01,1.1319795606e+00,6.2460844423e-02,3.2972338459e-01,2.3844133019e-01,9.1282054399e-02,4.4317419222e-01
6.2289301525e-01,1.1326710484e+00,6.3012944789e-02,3.3072194864e-01,2.3876723246e-01,9.1954716180e-02,4.4513703111e-01
6.2594641239e-01,1.1333629585e+00,6.3566863631e-02,3.3171593182e-01,2.3908797642e-01,9.2627955396e-02,4.4709808442e-01
6.2899980952e-01,1.1340552913e+00,6.4122593313e-02,3.3270535218e-01,2.3940359617e-01,9.3301756017e-02,4.4905735729e-01
6.3205320665e-01,1.1347480471e+00,6.4680126212e-02,3.3369022771e-01,2.3971412558e-01,9.3976102127e-02,4.5101485488e-01
6.3510660379e-01,1.1354412260e+00,6.5239454722e-02,3.3467057630e-01,2.4001959837e-01,9.4650977922e-02,4.5297058232e-01
6.3816000092e-01,1.1361348284e+00,6.5800571250e-02,3.3564641577e-01,2.4032004806e-01,9.5326367713e-02,4.5492454474e-01
6.4121339806e-01,1.1368288544e+00,6.6363468219e-02,3.3661776389e-01,2.4061550797e-01,9.6002255920e-02,4.5687674728e-01
6.4426679519e-01,1.1375233044e+00,6.6928138065e-02,3.3758463833e-01,2.4090601125e-01,9.6678627075e-02,4.5882719505e-01
6.4732019232e-01,1.1382181787e+00,6.7494573239e-02,3.3854705669e-01,2.4119159087e-01,9.7355465821e-02,4.6077589317e-01
6.5037358946e-01,1.1389134774e+00,6.8062766209e-02,3.3950503652e-01,2.4147227961e-01,9.8032756910e-02,4.6272284676e-01
6.5342698659e-01,1.1396092008e+00,6.8632709454e-02,3.4045859527e-01,2.4174811007e-01,9.8710485203e-02,4.6466806092e-01
6.5648038372e-01,1.1403053492e+00,6.9204395470e-02,3.4140775034e-01,2.4201911467e-01,9.9388635671e-02,4.6661154075e-01
6.5953378086e-01,1.1410019229e+00,6.9777816767e-02,3.4235251903e-01,2.4228532564e-01,1.0006719339e-01,4.6855329135e-01
6.6258717799e-01,1.1416989221e+00,7.0352965868e-02,3.4329291861e-01,2.4254677506e-01,1.0074614355e-01,4.7049331780e-01
6.6564057512e-01,1.1423963471e+00,7.0929835313e-02,3.4422896623e-01,2.4280349479e-01,1.0142547144e-01,4.7243162520e-01
6.6869397226e-01,1.1430941981e+00,7.1508417655e-02,3.4516067901e-01,2.4305551655e-01,1.0210516246e-01,4.7436821863e-01
6.7174736939e-01,1.1437924754e+00,7.2088705462e-02,3.4608807397e-01,2.4330287186e-01,1.0278520211e-01,4.7630310315e-01
6.7480076652e-01,1.1444911793e+00,7.2670691315e-02,3.4701116809e-01,2.4354559209e-01,1.0346557600e-01,4.7823628385e-01
6.7785416366e-01,1.1451903099e+00,7.3254367811e-02,3.4792997825e-01,2.4378370840e-01,1.0414626985e-01,4.8016776577e-01
6.8090756079e-01,1.1458898677e+00,7.3839727562e-02,3.4884452128e-01,2.4401725182e-01,1.0482726947e-01,4.8209755399e-01
6.8396095793e-01,1.1465898527e+00,7.4426763191e-02,3.4975481394e-01,2.4424625316e-01,1.0550856078e-01,4.8402565356e-01
6.8701435506e-01,1.1472902654e+00,7.5015467340e-02,3.5066087289e-01,2.4447074309e-01,1.0619012980e-01,4.8595206952e-01
6.9006775219e-01,1.1479911060e+00,7.5605832662e-02,3.5156271477e-01,2.4469075211e-01,1.0687196267e-01,4.8787680692e-01
6.9312114933e-01,1.1486923746e+00,7.6197851824e-02,3.5246035613e-01,2.4490631053e-01,1.0755404559e-01,4.8979987080e-01
6.9617454646e-01,1.1493940716e+00,7.6791517511e-02,3.5335381343e-01,2.4511744852e-01,1.0823636491e-01,4.9172126620e-01
6.9922794359e-01,1.1500961973e+00,7.7386822418e-02,3.5424310309e-01,2.4532419604e-01,1.0891890705e-01,4.9364099813e-01
7.0228134073e-01,1.1507987519e+00,7.7983759256e-02,3.5512824146e-01,2.4552658293e-01,1.0960165853e-01,4.9555907163e-01
7.0533473786e-01,1.1515017356e+00,7.8582320752e-02,3.5600924481e-01,2.4572463883e-01,1.1028460598e-01,4.9747549171e-01
7.0838813499e-01,1.1522051488e+00,7.9182499643e-02,3.5688612936e-01,2.4591839322e-01,1.1096773613e-01,4.9939026339e-01
7.1144153213e-01,1.1529089917e+00,7.9784288685e-02,3.5775891124e-01,2.4610787544e-01,1.1165103580e-01,5.0130339167e-01
7.1449492926e-01,1.1536132645e+00,8.0387680645e-02,3.5862760653e-01,2.4629311463e-01,1.1233449190e-01,5.0321488155e-01
7.1754832640e-01,1.1543179676e+00,8.0992668305e-02,3.5949223124e-01,2.4647413979e-01,1.1301809145e-01,5.0512473805e-01
7.2060172353e-01,1.1550231011e+00,8.1599244461e-02,3.6035280133e-01,2.4665097976e-01,1.1370182157e-01,5.0703296614e-01
7.2365512066e-01,1.1557286653e+00,8.2207401924e-02,3.6120933266e-01,2.4682366319e-01,1.1438566947e-01,5.0893957082e-01
7.2670851780e-01,1.1564346606e+00,8.2817133517e-02,3.6206184105e-01,2.4699221861e-01,1.1506962244e-01,5.1084455707e-01
7.2976191493e-01,1.1571410871e+00,8.3428432080e-02,3.6291034225e-01,2.4715667437e-01,1.1575366789e-01,5.1274792987e-01
7.3281531206e-01,1.1578479452e+00,8.4041290465e-02,3.6375485195e-01,2.4731705865e-01,1.1643779330e-01,5.1464969420e-01
7.3586870920e-01,1.1585552351e+00,8.4655701538e-02,3.6459538576e-01,2.4747339949e-01,1.1712198627e-01,5.1654985501e-01
7.3892210633e-01,1.1592629570e+00,8.5271658180e-02,3.6543195924e-01,2.4762572477e-01,1.1780623448e-01,5.1844841728e-01
7.4197550346e-01,1.1599711112e+00,8.5889153286e-02,3.6626458789e-01,2.4777406220e-01,1.1849052569e-01,5.2034538597e-01
7.4502890060e-01,1.1606796981e+00,8.6508179764e-02,3.6709328712e-01,2.4791843936e-01,1.1917484776e-01,5.2224076602e-01
7.4808229773e-01,1.1613887177e+00,8.7128730537e-02,3.6791807231e-01,2.4805888365e-01,1.1985918866e-01,5.2413456238e-01
7.5113569486e-01,1.1620981705e+00,8.7750798541e-02,3.6873895876e-01,2.4819542233e-01,1.2054353643e-01,5.2602678001e-01
7.5418909200e-01,1.1628080567e+00,8.8374376728e-02,3.6955596171e-01,2.4832808251e-01,1.2122787920e-01,5.2791742384e-01
7.5724248913e-01,1.1635183765e+00,8.8999458061e-02,3.7036909633e-01,2.4845689113e-01,1.2191220520e-01,5.2980649880e-01
7.6029588627e-01,1.1642291303e+00,8.9626035518e-02,3.7117837773e-01,2.4858187499e-01,1.2259650274e-01,5.3169400983e-01
7.6334928340e-01,1.1649403182e+00,9.0254102093e-02,3.7198382098e-01,2.4870306075e-01,1.2328076023e-01,5.3357996185e-01
7.6640268053e-01,1.1656519405e+00,9.0883650790e-02,3.7278544106e-01,2.4882047490e-01,1.2396496617e-01,5.3546435977e-01
7.6945607767e-01,1.1663639976e+00,9.1514674631e-02,3.7358325291e-01,2.4893414379e-01,1.2464910912e-01,5.3734720852e-01
7.7250947480e-01,1.1670764896e+00,9.2147166648e-02,3.7437727138e-01,2.4904409362e-01,1.2533317776e-01,5.3922851300e-01
7.7556287193e-01,1.1677894169e+00,9.2781119889e-02,3.7516751129e-01,2.4915035045e-01,1.2601716084e-01,5.4110827813e-01
7.7861626907e-01,1.1685027797e+00,9.3416527416e-02,3.7595398738e-01,2.4925294018e-01,1.2670104720e-01,5.4298650880e-01
7.8166966620e-01,1.1692165782e+00,9.4053382304e-02,3.7673671435e-01,2.4935188857e-01,1.2738482578e-01,5.4486320990e-01
7.8472306333e-01,1.1699308128e+00,9.4691677641e-02,3.7751570681e-01,2.4944722125e-01,1.2806848556e-01,5.4673838634e-01
7.8777646047e-01,1.1706454836e+00,9.5331406532e-02,3.7829097934e-01,2.4953896367e-01,1.2875201567e-01,5.4861204299e-01
7.9082985760e-01,1.1713605911e+00,9.5972562091e-02,3.7906254644e-01,2.4962714117e-01,1.2943540527e-01,5.5048418474e-01
7.9388325474e-01,1.1720761353e+00,9.6615137450e-02,3.7983042256e-01,2.4971177893e-01,1.3011864362e-01,5.5235481647e-01
7.9693665187e-01,1.1727921167e+00,9.7259125751e-02,3.8059462208e-01,2.4979290199e-01,1.3080172009e-01,5.5422394305e-01
7.9999004900e-01,1.1735085355e+00,9.7904520154e-02,3.8135515934e-01,2.4987053526e-01,1.3148462408e-01,5.5609156935e-01
8.0304344614e-01,1.1742253919e+00,9.8551313828e-02,3.8211204861e-01,2.4994470348e-01,1.3216734513e-01,5.5795770023e-01
8.0609684327e-01,1.1749426861e+00,9.9199499959e-02,3.8286530410e-01,2.5001543129e-01,1.3284987282e-01,5.5982234055e-01
8.0915024040e-01,1.1756604186e+00,9.9849071746e-02,3.8361493997e-01,2.5008274315e-01,1.3353219682e-01,5.6168549517e-01
8.1220363754e-01,1.1763785895e+00,1.0050002240e-01,3.8436097032e-01,2.5014666341e-01,1.3421430690e-01,5.6354716893e-01
8.1525703467e-01,1.1770971991e+00,1.0115234515e-01,3.8510340917e-01,2.5020721628e-01,1.3489619289e-01,5.6540736668e-01
8.1831043180e-01,1.1778162477e+00,1.0180603323e-01,3.8584227052e-01,2.5026442581e-01,1.3557784471e-01,5.6726609327e-01
8.2136382894e-01,1.1785357355e+00,1.0246107990e-01,3.8657756829e-01,2.5031831594e-01,1.3625925235e-01,5.6912335352e-01
8.2441722607e-01,1.1792556628e+00,1.0311747841e-01,3.8730931635e-01,2.5036891046e-01,1.3694040589e-01,5.7097915227e-01
8.2747062320e-01,1.1799760299e+00,1.0377522207e-01,3.8803752851e-01,2.5041623303e-01,1.3762129549e-01,5.7283349435e-01
8.3052402034e-01,1.1806968371e+00,1.0443430414e-01,3.8876221853e-01,2.5046030716e-01,1.3830191137e-01,5.7468638458e-01
8.3357741747e-01,1.1814180845e+00,1.0509471796e-01,3.8948340010e-01,2.5050115626e-01,1.3898224384e-01,5.7653782777e-01
8.3663081461e-01,1.1821397726e+00,1.0575645682e-01,3.9020108688e-01,2.5053880358e-01,1.3966228329e-01,5.7838782875e-01
8.3968421174e-01,1.1828619015e+00,1.0641951407e-01,3.9091529243e-01,2.5057327224e-01,1.4034202019e-01,5.8023639231e-01
8.4273760887e-01,1.1835844715e+00,1.0708388306e-01,3.9162603031e-01,2.5060458524e-01,1.4102144507e-01,5.8208352327e-01
8.4579100601e-01,1.1843074830e+00,1.0774955715e-01,3.9233331399e-01,2.5063276543e-01,1.4170054856e-01,5.8392922643e-01
8.4884440314e-01,1.1850309361e+00,1.0841652971e-01,3.9303715689e-01,2.5065783556e-01,1.4237932133e-01,5.8577350657e-01
8.5189780027e-01,1.1857548311e+00,1.0908479413e-01,3.9373757237e-01,2.5067981821e-01,1.4305775416e-01,5.8761636850e-01
8.5495119741e-01,1.1864791683e+00,1.0975434381e-01,3.9443457375e-01,2.5069873587e-01,1.4373583788e-01,5.8945781700e-01
8.5800459454e-01,1.1872039480e+00,1.1042517216e-01,3.9512817430e-01,2.5071461088e-01,1.4441356342e-01,5.9129785685e-01
8.6105799167e-01,1.1879291705e+00,1.1109727262e-01,3.9581838721e-01,2.5072746546e-01,1.4509092175e-01,5.9313649283e-01
8.6411138881e-01,1.1886548359e+00,1.1177063862e-01,3.9650522564e-01,2.5073732169e-01,1.4576790395e-01,5.9497372971e-01
8.6716478594e-01,1.1893809447e+00,1.1244526363e-01,3.9718870268e-01,2.5074420155e-01,1.4644450113e-01,5.9680957226e-01
8.7021818308e-01,1.1901074969e+00,1.1312114110e-01,3.9786883138e-01,2.5074812686e-01,1.4712070452e-01,5.9864402525e-01
8.7327158021e-01,1.1908344931e+00,1.1379826453e-01,3.9854562474e-01,2.5074911935e-01,1.4779650539e-01,6.0047709344e-01
8.7632497734e-01,1.1915619333e+00,1.1447662740e-01,3.9921909568e-01,2.5074720060e-01,1.4847189508e-01,6.0230878159e-01
8.7937837448e-01,1.1922898179e+00,1.1515622322e-01,3.9988925711e-01,2.5074239209e-01,1.4914686502e-01,6.0413909444e-01
8.8243177161e-01,1.1930181471e+00,1.1583704552e-01,4.0055612184e-01,2.5073471514e-01,1.4982140670e-01,6.0596803674e-01
8.8548516874e-01,1.1937469212e+00,1.1651908784e-01,4.0121970267e-01,2.5072419099e-01,1.5049551168e-01,6.0779561324e-01
8.8853856588e-01,1.1944761406e+00,1.1720234370e-01,4.0188001232e-01,2.5071084073e-01,1.5116917160e-01,6.0962182868e-01
8.9159196301e-01,1.1952058053e+00,1.1788680669e-01,4.0253706348e-01,2.5069468533e-01,1.5184237814e-01,6.1144668779e-01
8.9464536014e-01,1.1959359159e+00,1.1857247038e-01,4.0319086876e-01,2.5067574567e-01,1.5251512309e-01,6.1327019530e-01
8.9769875728e-01,1.1966664724e+00,1.1925932834e-01,4.0384144075e-01,2.5065404247e-01,1.5318739828e-01,6.1509235594e-01
9.0075215441e-01,1.1973974751e+00,1.1994737419e-01,4.0448879196e-01,2.5062959635e-01,1.5385919562e-01,6.1691317442e-01
9.0380555154e-01,1.1981289245e+00,1.2063660154e-01,4.0513293488e-01,2.5060242781e-01,1.5453050707e-01,6.1873265548e-01
9.0685894868e-01,1.1988608206e+00,1.2132700402e-01,4.0577388192e-01,2.5057255723e-01,1.5520132469e-01,6.2055080381e-01
9.0991234581e-01,1.1995931638e+00,1.2201857525e-01,4.0641164546e-01,2.5054000489e-01,1.5587164058e-01,6.2236762414e-01
9.1296574295e-01,1.2003259544e+00,1.2271130891e-01,4.0704623783e-01,2.5050479092e-01,1.5654144691e-01,6.2418312116e-01
9.1601914008e-01,1.2010591926e+00,1.2340519866e-01,4.0767767128e-01,2.5046693536e-01,1.5721073593e-01,6.2599729957e-01
9.1907253721e-01,1.2017928788e+00,1.2410023817e-01,4.0830595805e-01,2.5042645812e-01,1.5787949994e-01,6.2781016408e-01
9.2212593435e-01,1.2025270131e+00,1.2479642114e-01,4.0893111032e-01,2.5038337901e-01,1.5854773131e-01,6.2962171937e-01
9.2517933148e-01,1.2032615959e+00,1.2549374128e-01,4.0955314019e-01,2.5033771771e-01,1.5921542249e-01,6.3143197013e-01
9.2823272861e-01,1.2039966274e+00,1.2619219231e-01,4.1017205976e-01,2.5028949379e-01,1.5988256597e-01,6.3324092105e-01
9.3128612575e-01,1.2047321079e+00,1.2689176795e-01,4.1078788104e-01,2.5023872673e-01,1.6054915431e-01,6.3504857681e-01
9.3433952288e-01,1.2054680377e+00,1.2759246195e-01,4.1140061601e-01,2.5018543585e-01,1.6121518016e-01,6.3685494208e-01
9.3739292001e-01,1.2062044171e+00,1.2829426808e-01,4.1201027661e-01,2.5012964041e-01,1.6188063620e-01,6.3866002153e-01
9.4044631715e-01,1.2069412463e+00,1.2899718011e-01,4.1261687470e-01,2.5007135952e-01,1.6254551518e-01,6.4046381984e-01
9.4349971428e-01,1.2076785255e+00,1.2970119181e-01,4.1322042213e-01,2.5001061220e-01,1.6320980993e-01,6.4226634166e-01
9.4655311141e-01,1.2084162552e+00,1.3040629699e-01,4.1382093068e-01,2.4994741736e-01,1.6387351333e-01,6.4406759166e-01
9.4960650855e-01,1.2091544355e+00,1.3111248945e-01,4.1441841209e-01,2.4988179378e-01,1.6453661831e-01,6.4586757449e-01
9.5265990568e-01,1.2098930668e+00,1.3181976303e-01,4.1501287804e-01,2.4981376015e-01,1.6519911789e-01,6.4766629479e-01
9.5571330282e-01,1.2106321492e+00,1.3252811155e-01,4.1560434019e-01,2.4974333505e-01,1.6586100513e-01,6.4946375723e-01
9.5876669995e-01,1.2113716832e+00,1.3323752888e-01,4.1619281011e-01,2.4967053695e-01,1.6652227316e-01,6.5125996644e-01
9.6182009708e-01,1.2121116688e+00,1.3394800886e-01,4.1677829937e-01,2.4959538421e-01,1.6718291515e-01,6.5305492705e-01
9.6487349422e-01,1.2128521066e+00,1.3465954538e-01,4.1736081946e-01,2.4951789509e-01,1.6784292437e-01,6.5484864372e-01
9.6792689135e-01,1.2135929966e+00,1.3537213232e-01,4.1794038184e-01,2.4943808773e-01,1.6850229411e-01,6.5664112106e-01
9.7098028848e-01,1.2143343392e+00,1.3608576359e-01,4.1851699792e-01,2.4935598017e-01,1.6916101775e-01,6.5843236370e-01
9.7403368562e-01,1.2150761347e+00,1.3680043310e-01,4.1909067906e-01,2.4927159036e-01,1.6981908870e-01,6.6022237627e-01
9.7708708275e-01,1.2158183833e+00,1.3751613478e-01,4.1966143658e-01,2.4918493613e-01,1.7047650045e-01,6.6201116338e-01
9.8014047988e-01,1.2165610853e+00,1.3823286256e-01,4.2022928175e-01,2.4909603520e-01,1.7113324655e-01,6.6379872966e-01
9.8319387702e-01,1.2173042410e+00,1.3895061041e-01,4.2079422579e-01,2.4900490521e-01,1.7178932058e-01,6.6558507970e-01
9.8624727415e-01,1.2180478507e+00,1.3966937228e-01,4.2135627990e-01,2.4891156368e-01,1.7244471622e-01,6.6737021813e-01
9.8930067129e-01,1.2187919147e+00,1.4038914216e-01,4.2191545519e-01,2.4881602803e-01,1.7309942716e-01,6.6915414953e-01
9.9235406842e-01,1.2195364331e+00,1.4110991403e-01,4.2247176277e-01,2.4871831558e-01,1.7375344719e-01,6.7093687851e-01
9.9540746555e-01,1.2202814064e+00,1.4183168191e-01,4.2302521368e-01,2.4861844354e-01,1.7440677014e-01,6.7271840967e-01
9.9846086269e-01,1.2210268347e+00,1.4255443981e-01,4.2357581892e-01,2.4851642904e-01,1.7505938988e-01,6.7449874760e-01
1.0015142598e+00,1.2217727184e+00,1.4327818175e-01,4.2412358945e-01,2.4841228909e-01,1.7571130036e-01,6.7627789688e-01
1.0045676570e+00,1.2225190577e+00,1.4400290179e-01,4.2466853617e-01,2.4830604061e-01,1.7636249557e-01,6.7805586210e-01
1.0076210541e+00,1.2232658530e+00,1.4472859398e-01,4.2521066997e-01,2.4819770041e-01,1.7701296956e-01,6.7983264783e-01
1.0106744512e+00,1.2240131044e+00,1.4545525238e-01,4.2575000167e-01,2.4808728523e-01,1.7766271644e-01,6.8160825866e-01
1.0137278484e+00,1.2247608123e+00,1.4618287108e-01,4.2628654204e-01,2.4797481167e-01,1.7831173037e-01,6.8338269915e-01
1.0167812455e+00,1.2255089770e+00,1.4691144417e-01,4.2682030182e-01,2.4786029627e-01,1.7896000556e-01,6.8515597387e-01
1.0198346426e+00,1.2262575986e+00,1.4764096576e-01,4.2735129172e-01,2.4774375545e-01,1.7960753628e-01,6.8692808739e-01
1.0228880398e+00,1.2270066776e+00,1.4837142996e-01,4.2787952238e-01,2.4762520554e-01,1.8025431685e-01,6.8869904427e-01
1.0259414369e+00,1.2277562142e+00,1.4910283092e-01,4.2840500442e-01,2.4750466278e-01,1.8090034164e-01,6.9046884905e-01
1.0289948340e+00,1.2285062086e+00,1.4983516277e-01,4.2892774839e-01,2.4738214330e-01,1.8154560509e-01,6.9223750630e-01
1.0320482312e+00,1.2292566612e+00,1.5056841968e-01,4.2944776483e-01,2.4725766316e-01,1.8219010167e-01,6.9400502057e-01
1.0351016283e+00,1.2300075722e+00,1.5130259580e-01,4.2996506421e-01,2.4713123829e-01,1.8283382591e-01,6.9577139639e-01
1.0381550254e+00,1.2307589420e+00,1.5203768533e-01,4.3047965697e-01,2.4700288456e-01,1.8347677241e-01,6.9753663831e-01
1.0412084226e+00,1.2315107707e+00,1.5277368247e-01,4.3099155352e-01,2.4687261773e-01,1.8411893579e-01,6.9930075087e-01
1.0442618197e+00,1.2322630586e+00,1.5351058141e-01,4.3150076420e-01,2.4674045346e-01,1.8476031074e-01,7.0106373860e-01
1.0473152168e+00,1.2330158062e+00,1.5424837638e-01,4.3200729934e-01,2.4660640734e-01,1.8540089200e-01,7.0282560603e-01
1.0503686140e+00,1.2337690135e+00,1.5498706162e-01,4.3251116920e-01,2.4647049485e-01,1.8604067435e-01,7.0458635768e-01
1.0534220111e+00,1.2345226810e+00,1.5572663136e-01,4.3301238402e-01,2.4633273138e-01,1.8667965264e-01,7.0634599808e-01
1.0564754082e+00,1.2352768088e+00,1.5646707988e-01,4.3351095399e-01,2.4619313223e-01,1.8731782176e-01,7.0810453174e-01
1.0595288054e+00,1.2360313973e+00,1.5720840143e-01,4.3400688925e-01,2.4605171262e-01,1.8795517664e-01,7.0986196319e-01
1.0625822025e+00,1.2367864468e+00,1.5795059031e-01,4.3450019992e-01,2.4590848766e-01,1.8859171226e-01,7.1161829693e-01
1.0656355996e+00,1.2375419575e+00,1.5869364081e-01,4.3499089607e-01,2.4576347239e-01,1.8922742368e-01,7.1337353746e-01
1.0686889968e+00,1.2382979297e+00,1.5943754724e-01,4.3547898772e-01,2.4561668175e-01,1.8986230597e-01,7.1512768929e-01
1.0717423939e+00,1.2390543637e+00,1.6018230392e-01,4.3596448486e-01,2.4546813060e-01,1.9049635426e-01,7.1688075693e-01
1.0747957910e+00,1.2398112598e+00,1.6092790519e-01,4.3644739744e-01,2.4531783370e-01,1.9112956374e-01,7.1863274486e-01
1.0778491882e+00,1.2405686183e+00,1.6167434539e-01,4.3692773536e-01,2.4516580572e-01,1.9176192964e-01,7.2038365759e-01
1.0809025853e+00,1.2413264394e+00,1.6242161888e-01,4.3740550850e-01,2.4501206126e-01,1.9239344724e-01,7.2213349959e-01
1.0839559824e+00,1.2420847234e+00,1.6316972003e-01,4.3788072668e-01,2.4485661483e-01,1.9302411185e-01,7.2388227535e-01
1.0870093796e+00,1.2428434706e+00,1.6391864323e-01,4.3835339970e-01,2.4469948084e-01,1.9365391886e-01,7.2562998936e-01
1.0900627767e+00,1.2436026814e+00,1.6466838287e-01,4.3882353730e-01,2.4454067361e-01,1.9428286368e-01,7.2737664609e-01
1.0931161738e+00,1.2443623559e+00,1.6541893337e-01,4.3929114919e-01,2.4438020741e-01,1.9491094178e-01,7.2912225001e-01
1.0961695710e+00,1.2451224944e+00,1.6617028915e-01,4.3975624505e-01,2.4421809639e-01,1.9553814866e-01,7.3086680560e-01
1.0992229681e+00,1.2458830974e+00,1.6692244463e-01,4.4021883451e-01,2.4405435462e-01,1.9616447989e-01,7.3261031733e-01
1.1022763652e+00,1.2466441649e+00,1.6767539427e-01,4.4067892716e-01,2.4388899610e-01,1.9678993106e-01,7.3435278965e-01
1.1053297624e+00,1.2474056973e+00,1.6842913252e-01,4.4113653256e-01,2.4372203474e-01,1.9741449782e-01,7.3609422702e-01
1.1083831595e+00,1.2481676950e+00,1.6918365386e-01,4.4159166024e-01,2.4355348436e-01,1.9803817588e-01,7.3783463390e-01
1.1114365566e+00,1.2489301581e+00,1.6993895278e-01,4.4204431966e-01,2.4338335871e-01,1.9866096095e-01,7.3957401475e-01
1.1144899538e+00,1.2496930870e+00,1.7069502375e-01,4.4249452027e-01,2.4321167144e-01,1.9928284883e-01,7.4131237401e-01
1.1175433509e+00,1.2504564819e+00,1.7145186131e-01,4.4294227148e-01,2.4303843615e-01,1.9990383534e-01,7.4304971613e-01
1.1205967480e+00,1.2512203432e+00,1.7220945996e-01,4.4338758266e-01,2.4286366631e-01,2.0052391635e-01,7.4478604554e-01
1.1236501452e+00,1.2519846711e+00,1.7296781424e-01,4.4383046313e-01,2.4268737536e-01,2.0114308777e-01,7.4652136669e-01
1.1267035423e+00,1.2527494658e+00,1.7372691870e-01,4.4427092218e-01,2.4250957662e-01,2.0176134556e-01,7.4825568401e-01
1.1297569394e+00,1.2535147278e+00,1.7448676789e-01,4.4470896908e-01,2.4233028335e-01,2.0237868572e-01,7.4998900194e-01
1.1328103366e+00,1.2542804572e+00,1.7524735639e-01,4.4514461303e-01,2.4214950874e-01,2.0299510429e-01,7.5172132489e-01
1.1358637337e+00,1.2550466544e+00,1.7600867878e-01,4.4557786323e-01,2.4196726587e-01,2.0361059736e-01,7.5345265729e-01
1.1389171308e+00,1.2558133197e+00,1.7677072965e-01,4.4600872881e-01,2.4178356776e-01,2.0422516105e-01,7.5518300356e-01
1.1419705280e+00,1.2565804532e+00,1.7753350361e-01,4.4643721888e-01,2.4159842735e-01,2.0483879153e-01,7.5691236813e-01
1.1450239251e+00,1.2573480554e+00,1.7829699528e-01,4.4686334252e-01,2.4141185751e-01,2.0545148502e-01,7.5864075540e-01
1.1480773222e+00,1.2581161265e+00,1.7906119930e-01,4.4728710876e-01,2.4122387101e-01,2.0606323775e-01,7.6036816977e-01
1.1511307194e+00,1.2588846668e+00,1.7982611030e-01,4.4770852661e-01,2.4103448057e-01,2.0667404604e-01,7.6209461567e-01
1.1541841165e+00,1.2596536765e+00,1.8059172294e-01,4.4812760502e-01,2.4084369881e-01,2.0728390620e-01,7.6382009749e-01
1.1572375136e+00,1.2604231561e+00,1.8135803191e-01,4.4854435292e-01,2.4065153829e-01,2.0789281462e-01,7.6554461963e-01
1.1602909108e+00,1.2611931056e+00,1.8212503186e-01,4.4895877921e-01,2.4045801149e-01,2.0850076771e-01,7.6726818648e-01
1.1633443079e+00,1.2619635255e+00,1.8289271750e-01,4.4937089274e-01,2.4026313081e-01,2.0910776193e-01,7.6899080244e-01
1.1663977050e+00,1.2627344160e+00,1.8366108354e-01,4.4978070233e-01,2.4006690857e-01,2.0971379377e-01,7.7071247190e-01
1.1694511022e+00,1.2635057775e+00,1.8443012469e-01,4.5018821678e-01,2.3986935702e-01,2.1031885976e-01,7.7243319924e-01
1.1725044993e+00,1.2642776101e+00,1.8519983568e-01,4.5059344484e-01,2.3967048835e-01,2.1092295648e-01,7.7415298885e-01
1.1755578964e+00,1.2650499142e+00,1.8597021126e-01,4.5099639521e-01,2.3947031466e-01,2.1152608055e-01,7.7587184510e-01
1.1786112936e+00,1.2658226901e+00,1.8674124618e-01,4.5139707658e-01,2.3926884798e-01,2.1212822860e-01,7.7758977236e-01
1.1816646907e+00,1.2665959381e+00,1.8751293520e-01,4.5179549761e-01,2.3906610026e-01,2.1272939734e-01,7.7930677502e-01
1.1847180878e+00,1.2673696584e+00,1.8828527311e-01,4.5219166690e-01,2.3886208340e-01,2.1332958350e-01,7.8102285743e-01
1.1877714850e+00,1.2681438513e+00,1.8905825469e-01,4.5258559303e-01,2.3865680919e-01,2.1392878383e-01,7.8273802397e-01
1.1908248821e+00,1.2689185172e+00,1.8983187476e-01,4.5297728455e-01,2.3845028939e-01,2.1452699515e-01,7.8445227899e-01
1.1938782792e+00,1.2696936563e+00,1.9060612812e-01,4.5336674996e-01,2.3824253566e-01,2.1512421430e-01,7.8616562686e-01
1.1969316764e+00,1.2704692689e+00,1.9138100960e-01,4.5375399775e-01,2.3803355960e-01,2.1572043816e-01,7.8787807192e-01
1.1999850735e+00,1.2712453553e+00,1.9215651405e-01,4.5413903636e-01,2.3782337273e-01,2.1631566363e-01,7.8958961853e-01
1.2030384706e+00,1.2720219157e+00,1.9293263631e-01,4.5452187420e-01,2.3761198651e-01,2.1690988769e-01,7.9130027103e-01
1.2060918678e+00,1.2727989506e+00,1.9370937125e-01,4.5490251965e-01,2.3739941233e-01,2.1750310732e-01,7.9301003378e-01
1.2091452649e+00,1.2735764601e+00,1.9448671374e-01,4.5528098104e-01,2.3718566150e-01,2.1809531954e-01,7.9471891111e-01
1.2121986620e+00,1.2743544446e+00,1.9526465868e-01,4.5565726669e-01,2.3697074527e-01,2.1868652142e-01,7.9642690737e-01
1.2152520592e+00,1.2751329043e+00,1.9604320096e-01,4.5603138487e-01,2.3675467481e-01,2.1927671006e-01,7.9813402687e-01
1.2183054563e+00,1.2759118395e+00,1.9682233550e-01,4.5640334384e-01,2.3653746125e-01,2.1986588259e-01,7.9984027397e-01
1.2213588534e+00,1.2766912506e+00,1.9760205722e-01,4.5677315179e-01,2.3631911561e-01,2.2045403619e-01,8.0154565298e-01
1.2244122506e+00,1.2774711378e+00,1.9838236106e-01,4.5714081691e-01,2.3609964886e-01,2.2104116805e-01,8.0325016823e-01
1.2274656477e+00,1.2782515014e+00,1.9916324196e-01,4.5750634735e-01,2.3587907193e-01,2.2162727542e-01,8.0495382404e-01
1.2305190448e+00,1.2790323417e+00,1.9994469489e-01,4.5786975122e-01,2.3565739564e-01,2.2221235558e-01,8.0665662473e-01
1.2335724420e+00,1.2798136590e+00,2.0072671481e-01,4.5823103660e-01,2.3543463077e-01,2.2279640584e-01,8.0835857462e-01
1.2366258391e+00,1.2805954535e+00,2.0150929672e-01,4.5859021155e-01,2.3521078802e-01,2.2337942353e-01,8.1005967801e-01
1.2396792362e+00,1.2813777256e+00,2.0229243561e-01,4.5894728407e-01,2.3498587803e-01,2.2396140604e-01,8.1175993921e-01
1.2427326334e+00,1.2821604756e+00,2.0307612649e-01,4.5930226216e-01,2.3475991138e-01,2.2454235078e-01,8.1345936254e-01
1.2457860305e+00,1.2829437038e+00,2.0386036437e-01,4.5965515377e-01,2.3453289857e-01,2.2512225520e-01,8.1515795229e-01
1.2488394276e+00,1.2837274104e+00,2.0464514430e-01,4.6000596682e-01,2.3430485004e-01,2.2570111678e-01,8.1685571275e-01
1.2518928248e+00,1.2845115957e+00,2.0543046132e-01,4.6035470921e-01,2.3407577619e-01,2.2627893302e-01,8.1855264823e-01
1.2549462219e+00,1.2852962601e+00,2.0621631048e-01,4.6070138879e-01,2.3384568731e-01,2.2685570148e-01,8.2024876302e-01
1.2579996190e+00,1.2860814038e+00,2.0700268685e-01,4.6104601340e-01,2.3361459367e-01,2.2743141973e-01,8.2194406141e-01
1.2610530162e+00,1.2868670271e+00,2.0778958551e-01,4.6138859083e-01,2.3338250544e-01,2.2800608539e-01,8.2363854768e-01
1.2641064133e+00,1.2876531303e+00,2.0857700155e-01,4.6172912885e-01,2.3314943275e-01,2.2857969610e-01,8.2533222611e-01
1.2671598104e+00,1.2884397138e+00,2.0936493009e-01,4.6206763520e-01,2.3291538567e-01,2.2915224953e-01,8.2702510099e-01
1.2702132076e+00,1.2892267777e+00,2.1015336623e-01,4.6240411759e-01,2.3268037419e-01,2.2972374340e-01,8.2871717659e-01
1.2732666047e+00,1.2900143224e+00,2.1094230510e-01,4.6273858368e-01,2.3244440824e-01,2.3029417543e-01,8.3040845718e-01
1.2763200018e+00,1.2908023482e+00,2.1173174184e-01,4.6307104113e-01,2.3220749771e-01,2.3086354341e-01,8.3209894703e-01
1.2793733990e+00,1.2915908554e+00,2.1252167161e-01,4.6340149754e-01,2.3196965240e-01,2.3143184514e-01,8.3378865042e-01
1.2824267961e+00,1.2923798442e+00,2.1331208956e-01,4.6372996052e-01,2.3173088207e-01,2.3199907845e-01,8.3547757159e-01
1.2854801932e+00,1.2931693150e+00,2.1410299088e-01,4.6405643760e-01,2.3149119640e-01,2.3256524120e-01,8.3716571483e-01
1.2885335904e+00,1.2939592681e+00,2.1489437076e-01,4.6438093632e-01,2.3125060503e-01,2.3313033129e-01,8.3885308437e-01
1.2915869875e+00,1.2947497037e+00,2.1568622438e-01,4.6470346417e-01,2.3100911752e-01,2.3369434664e-01,8.4053968447e-01
1.2946403846e+00,1.2955406222e+00,2.1647854696e-01,4.6502402861e-01,2.3076674339e-01,2.3425728522e-01,8.4222551940e-01
1.2976937818e+00,1.2963320238e+00,2.1727133373e-01,4.6534263709e-01,2.3052349209e-01,2.3481914500e-01,8.4391059338e-01
1.3007471789e+00,1.2971239089e+00,2.1806457991e-01,4.6565929701e-01,2.3027937300e-01,2.3537992401e-01,8.4559491068e-01
1.3038005760e+00,1.2979162777e+00,2.1885828077e-01,4.6597401575e-01,2.3003439546e-01,2.3593962029e-01,8.4727847552e-01
1.3068539732e+00,1.2987091305e+00,2.1965243154e-01,4.6628680065e-01,2.2978856874e-01,2.3649823191e-01,8.4896129215e-01
1.3099073703e+00,1.2995024677e+00,2.2044702751e-01,4.6659765904e-01,2.2954190206e-01,2.3705575698e-01,8.5064336481e-01
1.3129607674e+00,1.3002962895e+00,2.2124206396e-01,4.6690659821e-01,2.2929440458e-01,2.3761219363e-01,8.5232469772e-01
1.3160141646e+00,1.3010905962e+00,2.2203753618e-01,4.6721362542e-01,2.2904608539e-01,2.3816754003e-01,8.5400529511e-01
1.3190675617e+00,1.3018853881e+00,2.2283343947e-01,4.6751874790e-01,2.2879695354e-01,2.3872179436e-01,8.5568516122e-01
1.3221209588e+00,1.3026806655e+00,2.2362976915e-01,4.6782197286e-01,2.2854701801e-01,2.3927495485e-01,8.5736430026e-01
1.3251743560e+00,1.3034764288e+00,2.2442652056e-01,4.6812330747e-01,2.2829628772e-01,2.3982701975e-01,8.5904271646e-01
1.3282277531e+00,1.3042726781e+00,2.2522368903e-01,4.6842275889e-01,2.2804477157e-01,2.4037798733e-01,8.6072041402e-01
1.3312811502e+00,1.3050694138e+00,2.2602126991e-01,4.6872033424e-01,2.2779247834e-01,2.4092785589e-01,8.6239739718e-01
1.3343345474e+00,1.3058666363e+00,2.2681925857e-01,4.6901604059e-01,2.2753941682e-01,2.4147662377e-01,8.6407367013e-01
1.3373879445e+00,1.3066643457e+00,2.2761765038e-01,4.6930988503e-01,2.2728559570e-01,2.4202428933e-01,8.6574923708e-01
1.3404413416e+00,1.3074625425e+00,2.2841644073e-01,4.6960187459e-01,2.2703102363e-01,2.4257085096e-01,8.6742410224e-01
1.3434947388e+00,1.3082612268e+00,2.2921562503e-01,4.6989201627e-01,2.2677570921e-01,2.4311630706e-01,8.6909826981e-01
1.3465481359e+00,1.3090603990e+00,2.3001519868e-01,4.7018031706e-01,2.2651966098e-01,2.4366065608e-01,8.7077174399e-01
1.3496015330e+00,1.3098600594e+00,2.3081515710e-01,4.7046678391e-01,2.2626288741e-01,2.4420389649e-01,8.7244452898e-01
1.3526549302e+00,1.3106602083e+00,2.3161549572e-01,4.7075142375e-01,2.2600539696e-01,2.4474602679e-01,8.7411662897e-01
1.3557083273e+00,1.3114608459e+00,2.3241621001e-01,4.7103424347e-01,2.2574719798e-01,2.4528704549e-01,8.7578804814e-01
1.3587617245e+00,1.3122619727e+00,2.3321729540e-01,4.7131524995e-01,2.2548829881e-01,2.4582695114e-01,8.7745879069e-01
1.3618151216e+00,1.3130635888e+00,2.3401874737e-01,4.7159445004e-01,2.2522870771e-01,2.4636574232e-01,8.7912886080e-01
1.3648685187e+00,1.3138656946e+00,2.3482056141e-01,4.7187185055e-01,2.2496843292e-01,2.4690341763e-01,8.8079826264e-01
1.3679219159e+00,1.3146682904e+00,2.3562273299e-01,4.7214745827e-01,2.2470748258e-01,2.4743997569e-01,8.8246700041e-01
1.3709753130e+00,1.3154713765e+00,2.3642525763e-01,4.7242127997e-01,2.2444586482e-01,2.4797541515e-01,8.8413507827e-01
1.3740287101e+00,1.3162749531e+00,2.3722813085e-01,4.7269332238e-01,2.2418358770e-01,2.4850973468e-01,8.8580250039e-01
1.3770821073e+00,1.3170790206e+00,2.3803134816e-01,4.7296359223e-01,2.2392065922e-01,2.4904293300e-01,8.8746927095e-01
1.3801355044e+00,1.3178835793e+00,2.3883490511e-01,4.7323209619e-01,2.2365708735e-01,2.4957500883e-01,8.8913539411e-01
1.3831889015e+00,1.3186886295e+00,2.3963879725e-01,4.7349884092e-01,2.2339288000e-01,2.5010596092e-01,8.9080087403e-01
1.3862422987e+00,1.3194941715e+00,2.4044302013e-01,4.7376383306e-01,2.2312804501e-01,2.5063578804e-01,8.9246571488e-01
1.3892956958e+00,1.3203002055e+00,2.4124756934e-01,4.7402707921e-01,2.2286259020e-01,2.5116448900e-01,8.9412992081e-01
1.3923490929e+00,1.3211067319e+00,2.4205244045e-01,4.7428858595e-01,2.2259652333e-01,2.5169206263e-01,8.9579349597e-01
1.3954024901e+00,1.3219137510e+00,2.4285762907e-01,4.7454835985e-01,2.2232985209e-01,2.5221850776e-01,8.9745644452e-01
1.3984558872e+00,1.3227212631e+00,2.4366313080e-01,4.7480640742e-01,2.2206258414e-01,2.5274382328e-01,8.9911877062e-01
1.4015092843e+00,1.3235292684e+00,2.4446894126e-01,4.7506273518e-01,2.2179472710e-01,2.5326800808e-01,9.0078047839e-01
1.4045626815e+00,1.3243377674e+00,2.4527505607e-01,4.7531734960e-01,2.2152628851e-01,2.5379106109e-01,9.0244157199e-01
1.4076160786e+00,1.3251467602e+00,2.4608147089e-01,4.7557025714e-01,2.2125727589e-01,2.5431298125e-01,9.0410205555e-01
1.4106694757e+00,1.3259562472e+00,2.4688818137e-01,4.7582146422e-01,2.2098769670e-01,2.5483376752e-01,9.0576193322e-01
1.4137228729e+00,1.3267662287e+00,2.4769518316e-01,4.7607097725e-01,2.2071755835e-01,2.5535341890e-01,9.0742120913e-01
1.4167762700e+00,1.3275767050e+00,2.4850247196e-01,4.7631880260e-01,2.2044686819e-01,2.5587193441e-01,9.0907988741e-01
1.4198296671e+00,1.3283876764e+00,2.4931004343e-01,4.7656494663e-01,2.2017563355e-01,2.5638931308e-01,9.1073797219e-01
1.4228830643e+00,1.3291991431e+00,2.5011789329e-01,4.7680941567e-01,2.1990386170e-01,2.5690555396e-01,9.1239546759e-01
1.4259364614e+00,1.3300111056e+00,2.5092601725e-01,4.7705221601e-01,2.1963155985e-01,2.5742065616e-01,9.1405237774e-01
1.4289898585e+00,1.3308235641e+00,2.5173441103e-01,4.7729335394e-01,2.1935873518e-01,2.5793461875e-01,9.1570870676e-01
1.4320432557e+00,1.3316365188e+00,2.5254307035e-01,4.7753283571e-01,2.1908539482e-01,2.5844744089e-01,9.1736445877e-01
1.4350966528e+00,1.3324499702e+00,2.5335199097e-01,4.7777066755e-01,2.1881154584e-01,2.5895912171e-01,9.1901963787e-01
1.4381500499e+00,1.3332639185e+00,2.5416116864e-01,4.7800685567e-01,2.1853719528e-01,2.5946966039e-01,9.2067424819e-01
1.4412034471e+00,1.3340783640e+00,2.5497059914e-01,4.7824140624e-01,2.1826235013e-01,2.5997905612e-01,9.2232829384e-01
1.4442568442e+00,1.3348933070e+00,2.5578027823e-01,4.7847432543e-01,2.1798701732e-01,2.6048730811e-01,9.2398177891e-01
1.4473102413e+00,1.3357087479e+00,2.5659020170e-01,4.7870561937e-01,2.1771120377e-01,2.6099441560e-01,9.2563470751e-01
1.4503636385e+00,1.3365246868e+00,2.5740036537e-01,4.7893529416e-01,2.1743491630e-01,2.6150037786e-01,9.2728708375e-01
1.4534170356e+00,1.3373411242e+00,2.5821076505e-01,4.7916335590e-01,2.1715816175e-01,2.6200519415e-01,9.2893891172e-01
1.4564704327e+00,1.3381580604e+00,2.5902139655e-01,4.7938981063e-01,2.1688094685e-01,2.6250886378e-01,9.3059019551e-01
1.4595238299e+00,1.3389754955e+00,2.5983225571e-01,4.7961466441e-01,2.1660327834e-01,2.6301138607e-01,9.3224093923e-01
1.4625772270e+00,1.3397934300e+00,2.6064333838e-01,4.7983792324e-01,2.1632516288e-01,2.6351276036e-01,9.3389114695e-01
1.4656306241e+00,1.3406118642e+00,2.6145464042e-01,4.8005959311e-01,2.1604660710e-01,2.6401298601e-01,9.3554082277e-01
1.4686840213e+00,1.3414307983e+00,2.6226615770e-01,4.8027968000e-01,2.1576761759e-01,2.6451206241e-01,9.3718997078e-01
1.4717374184e+00,1.3422502327e+00,2.6307788610e-01,4.8049818984e-01,2.1548820089e-01,2.6500998895e-01,9.3883859504e-01
1.4747908155e+00,1.3430701676e+00,2.6388982151e-01,4.8071512856e-01,2.1520836349e-01,2.6550676507e-01,9.4048669965e-01
1.4778442127e+00,1.3438906034e+00,2.6470195983e-01,4.8093050206e-01,2.1492811185e-01,2.6600239020e-01,9.4213428868e-01
1.4808976098e+00,1.3447115404e+00,2.6551429698e-01,4.8114431620e-01,2.1464745239e-01,2.6649686381e-01,9.4378136620e-01
1.4839510069e+00,1.3455329789e+00,2.6632682888e-01,4.8135657685e-01,2.1436639147e-01,2.6699018538e-01,9.4542793628e-01
1.4870044041e+00,1.3463549191e+00,2.6713955147e-01,4.8156728983e-01,2.1408493541e-01,2.6748235442e-01,9.4707400300e-01
1.4900578012e+00,1.3471773615e+00,2.6795246070e-01,4.8177646095e-01,2.1380309051e-01,2.6797337043e-01,9.4871957041e-01
1.4931111983e+00,1.3480003062e+00,2.6876555253e-01,4.8198409599e-01,2.1352086301e-01,2.6846323297e-01,9.5036464259e-01
1.4961645955e+00,1.3488237537e+00,2.6957882292e-01,4.8219020071e-01,2.1323825911e-01,2.6895194160e-01,9.5200922358e-01
1.4992179926e+00,1.3496477042e+00,2.7039226787e-01,4.8239478085e-01,2.1295528496e-01,2.6943949589e-01,9.5365331745e-01
1.5022713897e+00,1.3504721580e+00,2.7120588335e-01,4.8259784214e-01,2.1267194669e-01,2.6992589545e-01,9.5529692826e-01
1.5053247869e+00,1.3512971154e+00,2.7201966538e-01,4.8279939026e-01,2.1238825037e-01,2.7041113988e-01,9.5694006005e-01
1.5083781840e+00,1.3521225768e+00,2.7283360998e-01,4.8299943088e-01,2.1210420205e-01,2.7089522883e-01,9.5858271687e-01
1.5114315811e+00,1.3529485424e+00,2.7364771316e-01,4.8319796966e-01,2.1181980771e-01,2.7137816195e-01,9.6022490278e-01
1.5144849783e+00,1.3537750125e+00,2.7446197096e-01,4.8339501222e-01,2.1153507332e-01,2.7185993891e-01,9.6186662182e-01
1.5175383754e+00,1.3546019876e+00,2.7527637944e-01,4.8359056418e-01,2.1125000479e-01,2.7234055940e-01,9.6350787802e-01
1.5205917725e+00,1.3554294678e+00,2.7609093465e-01,4.8378463111e-01,2.1096460799e-01,2.7282002312e-01,9.6514867544e-01
1.5236451697e+00,1.3562574535e+00,2.7690563266e-01,4.8397721858e-01,2.1067888876e-01,2.7329832982e-01,9.6678901810e-01
1.5266985668e+00,1.3570859449e+00,2.7772046956e-01,4.8416833214e-01,2.1039285291e-01,2.7377547923e-01,9.6842891004e-01
1.5297519639e+00,1.3579149425e+00,2.7853544143e-01,4.8435797729e-01,2.1010650618e-01,2.7425147111e-01,9.7006835529e-01
1.5328053611e+00,1.3587444465e+00,2.7935054438e-01,4.8454615954e-01,2.0981985430e-01,2.7472630524e-01,9.7170735788e-01
1.5358587582e+00,1.3595744572e+00,2.8016577453e-01,4.8473288437e-01,2.0953290295e-01,2.7519998142e-01,9.7334592183e-01
1.5389121553e+00,1.3604049749e+00,2.8098112800e-01,4.8491815723e-01,2.0924565777e-01,2.7567249946e-01,9.7498405118e-01
1.5419655525e+00,1.3612359999e+00,2.8179660092e-01,4.8510198356e-01,2.0895812436e-01,2.7614385920e-01,9.7662174994e-01
1.5450189496e+00,1.3620675326e+00,2.8261218946e-01,4.8528436877e-01,2.0867030829e-01,2.7661406048e-01,9.7825902213e-01
1.5480723467e+00,1.3628995733e+00,2.8342788975e-01,4.8546531826e-01,2.0838221509e-01,2.7708310317e-01,9.7989587176e-01
1.5511257439e+00,1.3637321222e+00,2.8424369798e-01,4.8564483739e-01,2.0809385024e-01,2.7755098715e-01,9.8153230286e-01
1.5541791410e+00,1.3645651797e+00,2.8505961033e-01,4.8582293152e-01,2.0780521920e-01,2.7801771231e-01,9.8316831942e-01
1.5572325381e+00,1.3653987461e+00,2.8587562298e-01,4.8599960597e-01,2.0751632739e-01,2.7848327858e-01,9.8480392547e-01
1.5602859353e+00,1.3662328216e+00,2.8669173214e-01,4.8617486607e-01,2.0722718018e-01,2.7894768589e-01,9.8643912500e-01
1.5633393324e+00,1.3670674067e+00,2.8750793402e-01,4.8634871709e-01,2.0693778291e-01,2.7941093418e-01,9.8807392203e-01
1.5663927295e+00,1.3679025016e+00,2.8832422485e-01,4.8652116430e-01,2.0664814088e-01,2.7987302342e-01,9.8970832054e-01
1.5694461267e+00,1.3687381066e+00,2.8914060087e-01,4.8669221296e-01,2.0635825938e-01,2.8033395359e-01,9.9134232455e-01
1.5724995238e+00,1.3695742221e+00,2.8995705831e-01,4.8686186830e-01,2.0606814362e-01,2.8079372467e-01,9.9297593804e-01
1.5755529209e+00,1.3704108483e+00,2.9077359344e-01,4.8703013551e-01,2.0577779881e-01,2.8125233670e-01,9.9460916500e-01
1.5786063181e+00,1.3712479856e+00,2.9159020252e-01,4.8719701979e-01,2.0548723010e-01,2.8170978969e-01,9.9624200945e-01
1.5816597152e+00,1.3720856343e+00,2.9240688184e-01,4.8736252630e-01,2.0519644262e-01,2.8216608368e-01,9.9787447535e-01
1.5847131123e+00,1.3729237947e+00,2.9322362768e-01,4.8752666020e-01,2.0490544146e-01,2.8262121874e-01,9.9950656669e-01
1.5877665095e+00,1.3737624671e+00,2.9404043635e-01,4.8768942661e-01,2.0461423167e-01,2.8307519494e-01,1.0011382875e+00
1.5908199066e+00,1.3746016517e+00,2.9485730415e-01,4.8785083064e-01,2.0432281828e-01,2.8352801236e-01,1.0027696417e+00
1.5938733037e+00,1.3754413491e+00,2.9567422741e-01,4.8801087738e-01,2.0403120626e-01,2.8397967112e-01,1.0044006332e+00
1.5969267009e+00,1.3762815593e+00,2.9649120247e-01,4.8816957189e-01,2.0373940057e-01,2.8443017132e-01,1.0060312662e+00
1.5999800980e+00,1.3771222828e+00,2.9730822566e-01,4.8832691923e-01,2.0344740611e-01,2.8487951311e-01,1.0076615445e+00
1.6030334951e+00,1.3779635199e+00,2.9812529333e-01,4.8848292442e-01,2.0315522778e-01,2.8532769664e-01,1.0092914721e+00
1.6060868923e+00,1.3788052709e+00,2.9894240187e-01,4.8863759248e-01,2.0286287042e-01,2.8577472206e-01,1.0109210529e+00
1.6091402894e+00,1.3796475360e+00,2.9975954764e-01,4.8879092839e-01,2.0257033884e-01,2.8622058955e-01,1.0125502911e+00
1.6121936865e+00,1.3804903157e+00,3.0057672703e-01,4.8894293714e-01,2.0227763782e-01,2.8666529931e-01,1.0141791904e+00
1.6152470837e+00,1.3813336102e+00,3.0139393644e-01,4.8909362366e-01,2.0198477211e-01,2.8710885155e-01,1.0158077549e+00
1.6183004808e+00,1.3821774199e+00,3.0221117227e-01,4.8924299290e-01,2.0169174642e-01,2.8755124648e-01,1.0174359886e+00
1.6213538779e+00,1.3830217449e+00,3.0302843095e-01,4.8939104977e-01,2.0139856543e-01,2.8799248434e-01,1.0190638953e+00
1.6244072751e+00,1.3838665858e+00,3.0384570891e-01,4.8953779916e-01,2.0110523379e-01,2.8843256537e-01,1.0206914791e+00
1.6274606722e+00,1.3847119428e+00,3.0466300258e-01,4.8968324595e-01,2.0081175611e-01,2.8887148984e-01,1.0223187439e+00
1.6305140693e+00,1.3855578161e+00,3.0548030843e-01,4.8982739500e-01,2.0051813697e-01,2.8930925804e-01,1.0239456937e+00
1.6335674665e+00,1.3864042062e+00,3.0629762290e-01,4.8997025115e-01,2.0022438092e-01,2.8974587023e-01,1.0255723323e+00
1.6366208636e+00,1.3872511133e+00,3.0711494248e-01,4.9011181922e-01,1.9993049248e-01,2.9018132674e-01,1.0271986638e+00
1.6396742607e+00,1.3880985377e+00,3.0793226365e-01,4.9025210401e-01,1.9963647613e-01,2.9061562788e-01,1.0288246921e+00
1.6427276579e+00,1.3889464798e+00,3.0874958290e-01,4.9039111030e-01,1.9934233633e-01,2.9104877397e-01,1.0304504211e+00
1.6457810550e+00,1.3897949399e+00,3.0956689674e-01,4.9052884287e-01,1.9904807750e-01,2.9148076536e-01,1.0320758548e+00
1.6488344521e+00,1.3906439183e+00,3.1038420168e-01,4.9066530644e-01,1.9875370403e-01,2.9191160241e-01,1.0337009971e+00
1.6518878493e+00,1.3914934153e+00,3.1120149424e-01,4.9080050577e-01,1.9845922028e-01,2.9234128549e-01,1.0353258519e+00
1.6549412464e+00,1.3923434312e+00,3.1201877098e-01,4.9093444555e-01,1.9816463057e-01,2.9276981498e-01,1.0369504232e+00
1.6579946435e+00,1.3931939663e+00,3.1283602843e-01,4.9106713048e-01,1.9786993921e-01,2.9319719127e-01,1.0385747149e+00
1.6610480407e+00,1.3940450211e+00,3.1365326315e-01,4.9119856523e-01,1.9757515046e-01,2.9362341477e-01,1.0401987309e+00
1.6641014378e+00,1.3948965957e+00,3.1447047170e-01,4.9132875446e-01,1.9728026855e-01,2.9404848591e-01,1.0418224752e+00
1.6671548349e+00,1.3957486905e+00,3.1528765068e-01,4.9145770281e-01,1.9698529769e-01,2.9447240512e-01,1.0434459516e+00
1.6702082321e+00,1.3966013058e+00,3.1610479667e-01,4.9158541490e-01,1.9669024206e-01,2.9489517284e-01,1.0450691642e+00
1.6732616292e+00,1.3974544420e+00,3.1692190626e-01,4.9171189533e-01,1.9639510580e-01,2.9531678953e-01,1.0466921167e+00
1.6763150263e+00,1.3983080993e+00,3.1773897608e-01,4.9183714869e-01,1.9609989303e-01,2.9573725566e-01,1.0483148132e+00
1.6793684235e+00,1.3991622780e+00,3.1855600273e-01,4.9196117954e-01,1.9580460783e-01,2.9615657171e-01,1.0499372576e+00
1.6824218206e+00,1.4000169786e+00,3.1937298286e-01,4.9208399243e-01,1.9550925426e-01,2.9657473817e-01,1.0515594536e+00
1.6854752177e+00,1.4008722013e+00,3.2018991310e-01,4.9220559191e-01,1.9521383634e-01,2.9699175557e-01,1.0531814054e+00
1.6885286149e+00,1.4017279464e+00,3.2100679011e-01,4.9232598248e-01,1.9491835808e-01,2.9740762440e-01,1.0548031167e+00
1.6915820120e+00,1.4025842142e+00,3.2182361055e-01,4.9244516864e-01,1.9462282344e-01,2.9782234520e-01,1.0564245915e+00
1.6946354091e+00,1.4034410051e+00,3.2264037109e-01,4.9256315487e-01,1.9432723636e-01,2.9823591851e-01,1.0580458337e+00
1.6976888063e+00,1.4042983194e+00,3.2345706842e-01,4.9267994564e-01,1.9403160075e-01,2.9864834489e-01,1.0596668472e+00
1.7007422034e+00,1.4051561574e+00,3.2427369924e-01,4.9279554540e-01,1.9373592050e-01,2.9905962490e-01,1.0612876358e+00
1.7037956005e+00,1.4060145194e+00,3.2509026024e-01,4.9290995857e-01,1.9344019946e-01,2.9946975911e-01,1.0629082035e+00
1.7068489977e+00,1.4068734058e+00,3.2590674815e-01,4.9302318956e-01,1.9314444146e-01,2.9987874811e-01,1.0645285542e+00
1.7099023948e+00,1.4077328168e+00,3.2672315968e-01,4.9313524278e-01,1.9284865028e-01,3.0028659249e-01,1.0661486917e+00
1.7129557919e+00,1.4085927529e+00,3.2753949158e-01,4.9324612260e-01,1.9255282972e-01,3.0069329288e-01,1.0677686200e+00
1.7160091891e+00,1.4094532142e+00,3.2835574059e-01,4.9335583338e-01,1.9225698350e-01,3.0109884988e-01,1.0693883429e+00
1.7190625862e+00,1.4103142011e+00,3.2917190347e-01,4.9346437947e-01,1.9196111534e-01,3.0150326413e-01,1.0710078644e+00
1.7221159833e+00,1.4111757140e+00,3.2998797699e-01,4.9357176520e-01,1.9166522893e-01,3.0190653628e-01,1.0726271882e+00
1.7251693805e+00,1.4120377532e+00,3.3080395792e-01,4.9367799489e-01,1.9136932793e-01,3.0230866696e-01,1.0742463184e+00
1.7282227776e+00,1.4129003189e+00,3.3161984305e-01,4.9378307282e-01,1.9107341597e-01,3.0270965685e-01,1.0758652587e+00
1.7312761747e+00,1.4137634116e+00,3.3243562918e-01,4.9388700328e-01,1.9077749666e-01,3.0310950661e-01,1.0774840130e+00
1.7343295719e+00,1.4146270315e+00,3.3325131311e-01,4.9398979052e-01,1.9048157358e-01,3.0350821694e-01,1.0791025853e+00
1.7373829690e+00,1.4154911790e+00,3.3406689168e-01,4.9409143881e-01,1.9018565029e-01,3.0390578853e-01,1.0807209794e+00
1.7404363662e+00,1.4163558543e+00,3.3488236170e-01,4.9419195237e-01,1.8988973030e-01,3.0430222207e-01,1.0823391991e+00
1.7434897633e+00,1.4172210578e+00,3.3569772001e-01,4.9429133541e-01,1.8959381712e-01,3.0469751829e-01,1.0839572483e+00
1.7465431604e+00,1.4180867899e+00,3.3651296347e-01,4.9438959213e-01,1.8929791422e-01,3.0509167791e-01,1.0855751310e+00
1.7495965576e+00,1.4189530508e+00,3.3732808893e-01,4.9448672672e-01,1.8900202505e-01,3.0548470167e-01,1.0871928509e+00
1.7526499547e+00,1.4198198409e+00,3.3814309327e-01,4.9458274334e-01,1.8870615304e-01,3.0587659030e-01,1.0888104119e+00
1.7557033518e+00,1.4206871604e+00,3.3895797336e-01,4.9467764615e-01,1.8841030158e-01,3.0626734457e-01,1.0904278179e+00
1.7587567490e+00,1.4215550098e+00,3.3977272610e-01,4.9477143927e-01,1.8811447403e-01,3.0665696524e-01,1.0920450728e+00
1.7618101461e+00,1.4224233893e+00,3.4058734838e-01,4.9486412683e-01,1.8781867376e-01,3.0704545308e-01,1.0936621804e+00
1.7648635432e+00,1.4232922993e+00,3.4140183712e-01,4.9495571294e-01,1.8752290407e-01,3.0743280887e-01,1.0952791445e+00
1.7679169404e+00,1.4241617401e+00,3.4221618924e-01,4.9504620167e-01,1.8722716826e-01,3.0781903341e-01,1.0968959690e+00
1.7709703375e+00,1.4250317120e+00,3.4303040167e-01,4.9513559711e-01,1.8693146961e-01,3.0820412750e-01,1.0985126577e+00
1.7740237346e+00,1.4259022153e+00,3.4384447135e-01,4.9522390330e-01,1.8663581135e-01,3.0858809195e-01,1.1001292146e+00
1.7770771318e+00,1.4267732504e+00,3.4465839522e-01,4.9531112430e-01,1.8634019672e-01,3.0897092758e-01,1.1017456434e+00
1.7801305289e+00,1.4276448176e+00,3.4547217027e-01,4.9539726413e-01,1.8604462889e-01,3.0935263523e-01,1.1033619480e+00
1.7831839260e+00,1.4285169171e+00,3.4628579344e-01,4.9548232679e-01,1.8574911106e-01,3.0973321573e-01,1.1049781322e+00
1.7862373232e+00,1.4293895494e+00,3.4709926174e-01,4.9556631629e-01,1.8545364636e-01,3.1011266993e-01,1.1065942000e+00
1.7892907203e+00,1.4302627148e+00,3.4791257214e-01,4.9564923660e-01,1.8515823792e-01,3.1049099868e-01,1.1082101550e+00
1.7923441174e+00,1.4311364136e+00,3.4872572165e-01,4.9573109170e-01,1.8486288884e-01,3.1086820286e-01,1.1098260012e+00
1.7953975146e+00,1.4320106461e+00,3.4953870728e-01,4.9581188552e-01,1.8456760219e-01,3.1124428333e-01,1.1114417423e+00
1.7984509117e+00,1.4328854126e+00,3.5035152606e-01,4.9589162201e-01,1.8427238103e-01,3.1161924099e-01,1.1130573823e+00
1.8015043088e+00,1.4337607135e+00,3.5116417502e-01,4.9597030509e-01,1.8397722838e-01,3.1199307671e-01,1.1146729249e+00
1.8045577060e+00,1.4346365490e+00,3.5197665119e-01,4.9604793867e-01,1.8368214725e-01,3.1236579141e-01,1.1162883740e+00
1.8076111031e+00,1.4355129196e+00,3.5278895163e-01,4.9612452662e-01,1.8338714063e-01,3.1273738600e-01,1.1179037334e+00
1.8106645002e+00,1.4363898255e+00,3.5360107341e-01,4.9620007284e-01,1.8309221146e-01,3.1310786138e-01,1.1195190069e+00
1.8137178974e+00,1.4372672672e+00,3.5441301358e-01,4.9627458118e-01,1.8279736269e-01,3.1347721848e-01,1.1211341984e+00
1.8167712945e+00,1.4381452448e+00,3.5522476925e-01,4.9634805548e-01,1.8250259723e-01,3.1384545825e-01,1.1227493116e+00
1.8198246916e+00,1.4390237587e+00,3.5603633749e-01,4.9642049959e-01,1.8220791798e-01,3.1421258161e-01,1.1243643504e+00
1.8228780888e+00,1.4399028093e+00,3.5684771542e-01,4.9649191731e-01,1.8191332778e-01,3.1457858953e-01,1.1259793187e+00
1.8259314859e+00,1.4407823968e+00,3.5765890013e-01,4.9656231246e-01,1.8161882950e-01,3.1494348296e-01,1.1275942201e+00
1.8289848830e+00,1.4416625217e+00,3.5846988876e-01,4.9663168882e-01,1.8132442596e-01,3.1530726286e-01,1.1292090586e+00
1.8320382802e+00,1.4425431842e+00,3.5928067843e-01,4.9670005016e-01,1.8103011995e-01,3.1566993021e-01,1.1308238379e+00
1.8350916773e+00,1.4434243847e+00,3.6009126629e-01,4.9676740025e-01,1.8073591426e-01,3.1603148599e-01,1.1324385619e+00
1.8381450744e+00,1.4443061235e+00,3.6090164949e-01,4.9683374282e-01,1.8044181164e-01,3.1639193119e-01,1.1340532343e+00
1.8411984716e+00,1.4451884009e+00,3.6171182518e-01,4.9689908163e-01,1.8014781482e-01,3.1675126681e-01,1.1356678590e+00
1.8442518687e+00,1.4460712173e+00,3.6252179055e-01,4.9696342037e-01,1.7985392652e-01,3.1710949385e-01,1.1372824398e+00
1.8473052658e+00,1.4469545729e+00,3.6333154277e-01,4.9702676276e-01,1.7956014944e-01,3.1746661332e-01,1.1388969804e+00
1.8503586630e+00,1.4478384681e+00,3.6414107902e-01,4.9708911248e-01,1.7926648623e-01,3.1782262625e-01,1.1405114848e+00
1.8534120601e+00,1.4487229033e+00,3.6495039652e-01,4.9715047321e-01,1.7897293955e-01,3.1817753366e-01,1.1421259565e+00
1.8564654572e+00,1.4496078788e+00,3.6575949248e-01,4.9721084862e-01,1.7867951204e-01,3.1853133658e-01,1.1437403996e+00
1.8595188544e+00,1.4504933949e+00,3.6656836410e-01,4.9727024234e-01,1.7838620628e-01,3.1888403606e-01,1.1453548177e+00
1.8625722515e+00,1.4513794519e+00,3.6737700863e-01,4.9732865802e-01,1.7809302488e-01,3.1923563315e-01,1.1469692147e+00
1.8656256486e+00,1.4522660501e+00,3.6818542330e-01,4.9738609928e-01,1.7779997038e-01,3.1958612890e-01,1.1485835943e+00
1.8686790458e+00,1.4531531900e+00,3.6899360536e-01,4.9744256972e-01,1.7750704535e-01,3.1993552437e-01,1.1501979604e+00
1.8717324429e+00,1.4540408717e+00,3.6980155207e-01,4.9749807294e-01,1.7721425230e-01,3.2028382063e-01,1.1518123167e+00
1.8747858400e+00,1.4549290958e+00,3.7060926070e-01,4.9755261251e-01,1.7692159374e-01,3.2063101877e-01,1.1534266670e+00
1.8778392372e+00,1.4558178624e+00,3.7141672852e-01,4.9760619200e-01,1.7662907214e-01,3.2097711986e-01,1.1550410151e+00
1.8808926343e+00,1.4567071719e+00,3.7222395284e-01,4.9765881497e-01,1.7633668998e-01,3.2132212499e-01,1.1566553647e+00
1.8839460314e+00,1.4575970247e+00,3.7303093093e-01,4.9771048496e-01,1.7604444969e-01,3.2166603527e-01,1.1582697198e+00
1.8869994286e+00,1.4584874211e+00,3.7383766012e-01,4.9776120549e-01,1.7575235370e-01,3.2200885179e-01,1.1598840839e+00
1.8900528257e+00,1.4593783613e+00,3.7464413772e-01,4.9781098007e-01,1.7546040440e-01,3.2235057567e-01,1.1614984610e+00
1.8931062228e+00,1.4602698458e+00,3.7545036105e-01,4.9785981221e-01,1.7516860419e-01,3.2269120801e-01,1.1631128548e+00
1.8961596200e+00,1.4611618749e+00,3.7625632745e-01,4.9790770539e-01,1.7487695543e-01,3.2303074996e-01,1.1647272690e+00
1.8992130171e+00,1.4620544490e+00,3.7706203427e-01,4.9795466308e-01,1.7458546045e-01,3.2336920262e-01,1.1663417075e+00
1.9022664142e+00,1.4629475682e+00,3.7786747887e-01,4.9800068875e-01,1.7429412159e-01,3.2370656715e-01,1.1679561740e+00
1.9053198114e+00,1.4638412330e+00,3.7867265860e-01,4.9804578584e-01,1.7400294116e-01,3.2404284468e-01,1.1695706722e+00
1.9083732085e+00,1.4647354438e+00,3.7947757085e-01,4.9808995779e-01,1.7371192142e-01,3.2437803636e-01,1.1711852060e+00
1.9114266056e+00,1.4656302007e+00,3.8028221299e-01,4.9813320801e-01,1.7342106466e-01,3.2471214335e-01,1.1727997791e+00
1.9144800028e+00,1.4665255043e+00,3.8108658242e-01,4.9817553993e-01,1.7313037313e-01,3.2504516680e-01,1.1744143953e+00
1.9175333999e+00,1.4674213548e+00,3.8189067655e-01,4.9821695693e-01,1.7283984904e-01,3.2537710788e-01,1.1760290583e+00
1.9205867970e+00,1.4683177525e+00,3.8269449279e-01,4.9825746239e-01,1.7254949462e-01,3.2570796777e-01,1.1776437719e+00
1.9236401942e+00,1.4692146978e+00,3.8349802856e-01,4.9829705970e-01,1.7225931206e-01,3.2603774764e-01,1.1792585398e+00
1.9266935913e+00,1.4701121910e+00,3.8430128129e-01,4.9833575220e-01,1.7196930352e-01,3.2636644868e-01,1.1808733659e+00
1.9297469884e+00,1.4710102324e+00,3.8510424842e-01,4.9837354324e-01,1.7167947117e-01,3.2669407207e-01,1.1824882538e+00
1.9328003856e+00,1.4719088224e+00,3.8590692741e-01,4.9841043615e-01,1.7138981714e-01,3.2702061902e-01,1.1841032074e+00
1.9358537827e+00,1.4728079614e+00,3.8670931572e-01,4.9844643426e-01,1.7110034355e-01,3.2734609072e-01,1.1857182303e+00
1.9389071798e+00,1.4737076496e+00,3.8751141080e-01,4.9848154087e-01,1.7081105250e-01,3.2767048838e-01,1.1873333263e+00
1.9419605770e+00,1.4746078874e+00,3.8831321016e-01,4.9851575928e-01,1.7052194608e-01,3.2799381321e-01,1.1889484992e+00
1.9450139741e+00,1.4755086751e+00,3.8911471126e-01,4.9854909277e-01,1.7023302634e-01,3.2831606643e-01,1.1905637528e+00
1.9480673712e+00,1.4764100131e+00,3.8991591161e-01,4.9858154461e-01,1.6994429535e-01,3.2863724927e-01,1.1921790906e+00
1.9511207684e+00,1.4773119017e+00,3.9071680872e-01,4.9861311807e-01,1.6965575512e-01,3.2895736294e-01,1.1937945166e+00
1.9541741655e+00,1.4782143412e+00,3.9151740011e-01,4.9864381638e-01,1.6936740768e-01,3.2927640870e-01,1.1954100345e+00
1.9572275626e+00,1.4791173319e+00,3.9231768330e-01,4.9867364278e-01,1.6907925501e-01,3.2959438777e-01,1.1970256479e+00
1.9602809598e+00,1.4800208743e+00,3.9311765582e-01,4.9870260049e-01,1.6879129910e-01,3.2991130140e-01,1.1986413607e+00
1.9633343569e+00,1.4809249687e+00,3.9391731522e-01,4.9873069273e-01,1.6850354190e-01,3.3022715084e-01,1.2002571766e+00
1.9663877540e+00,1.4818296153e+00,3.9471665905e-01,4.9875792269e-01,1.6821598535e-01,3.3054193734e-01,1.2018730992e+00
1.9694411512e+00,1.4827348145e+00,3.9551568489e-01,4.9878429356e-01,1.6792863140e-01,3.3085566216e-01,1.2034891324e+00
1.9724945483e+00,1.4836405667e+00,3.9631439029e-01,4.9880980851e-01,1.6764148194e-01,3.3116832657e-01,1.2051052799e+00
1.9755479454e+00,1.4845468721e+00,3.9711277285e-01,4.9883447071e-01,1.6735453887e-01,3.3147993184e-01,1.2067215454e+00
1.9786013426e+00,1.4854537312e+00,3.9791083015e-01,4.9885828331e-01,1.6706780406e-01,3.3179047925e-01,1.2083379326e+00
1.9816547397e+00,1.4863611443e+00,3.9870855979e-01,4.9888124944e-01,1.6678127938e-01,3.3209997006e-01,1.2099544453e+00
1.9847081368e+00,1.4872691117e+00,3.9950595938e-01,4.9890337223e-01,1.6649496666e-01,3.3240840556e-01,1.2115710872e+00
1.9877615340e+00,1.4881776337e+00,4.0030302655e-01,4.9892465480e-01,1.6620886774e-01,3.3271578705e-01,1.2131878620e+00
1.9908149311e+00,1.4890867107e+00,4.0109975892e-01,4.9894510025e-01,1.6592298443e-01,3.3302211582e-01,1.2148047735e+00
1.9938683282e+00,1.4899963431e+00,4.0189615412e-01,4.9896471168e-01,1.6563731852e-01,3.3332739316e-01,1.2164218253e+00
1.9969217254e+00,1.4909065311e+00,4.0269220980e-01,4.9898349216e-01,1.6535187179e-01,3.3363162037e-01,1.2180390212e+00
1.9999751225e+00,1.4918172751e+00,4.0348792363e-01,4.9900144477e-01,1.6506664600e-01,3.3393479877e-01,1.2196563650e+00
2.0030285196e+00,1.4927285754e+00,4.0428329326e-01,4.9901857256e-01,1.6478164289e-01,3.3423692967e-01,1.2212738602e+00
2.0060819168e+00,1.4936404325e+00,4.0507831636e-01,4.9903487858e-01,1.6449686421e-01,3.3453801437e-01,1.2228915107e+00
2.0091353139e+00,1.4945528465e+00,4.0587299063e-01,4.9905036587e-01,1.6421231167e-01,3.3483805421e-01,1.2245093202e+00
2.0121887110e+00,1.4954658179e+00,4.0666731374e-01,4.9906503745e-01,1.6392798695e-01,3.3513705050e-01,1.2261272924e+00
2.0152421082e+00,1.4963793470e+00,4.0746128341e-01,4.9907889633e-01,1.6364389176e-01,3.3543500457e-01,1.2277454309e+00
2.0182955053e+00,1.4972934342e+00,4.0825489734e-01,4.9909194551e-01,1.6336002776e-01,3.3573191776e-01,1.2293637396e+00
2.0213489024e+00,1.4982080797e+00,4.0904815326e-01,4.9910418799e-01,1.6307639659e-01,3.3602779140e-01,1.2309822220e+00
2.0244022996e+00,1.4991232840e+00,4.0984104888e-01,4.9911562675e-01,1.6279299991e-01,3.3632262684e-01,1.2326008820e+00
2.0274556967e+00,1.5000390474e+00,4.1063358195e-01,4.9912626474e-01,1.6250983933e-01,3.3661642541e-01,1.2342197233e+00
2.0305090938e+00,1.5009553701e+00,4.1142575022e-01,4.9913610494e-01,1.6222691646e-01,3.3690918848e-01,1.2358387494e+00
2.0335624910e+00,1.5018722526e+00,4.1221755143e-01,4.9914515028e-01,1.6194423290e-01,3.3720091738e-01,1.2374579642e+00
2.0366158881e+00,1.5027896952e+00,4.1300898336e-01,4.9915340370e-01,1.6166179022e-01,3.3749161349e-01,1.2390773714e+00
2.0396692852e+00,1.5037076982e+00,4.1380004377e-01,4.9916086813e-01,1.6137958998e-01,3.3778127815e-01,1.2406969746e+00
2.0427226824e+00,1.5046262620e+00,4.1459073045e-01,4.9916754648e-01,1.6109763375e-01,3.3806991274e-01,1.2423167775e+00
2.0457760795e+00,1.5055453869e+00,4.1538104119e-01,4.9917344165e-01,1.6081592304e-01,3.3835751862e-01,1.2439367839e+00
2.0488294766e+00,1.5064650733e+00,4.1617097379e-01,4.9917855654e-01,1.6053445938e-01,3.3864409716e-01,1.2455569975e+00
2.0518828738e+00,1.5073853215e+00,4.1696052605e-01,4.9918289403e-01,1.6025324428e-01,3.3892964974e-01,1.2471774219e+00
2.0549362709e+00,1.5083061318e+00,4.1774969580e-01,4.9918645698e-01,1.5997227923e-01,3.3921417774e-01,1.2487980608e+00
2.0579896680e+00,1.5092275047e+00,4.1853848087e-01,4.9918924825e-01,1.5969156571e-01,3.3949768255e-01,1.2504189180e+00
2.0610430652e+00,1.5101494403e+00,4.1932687908e-01,4.9919127071e-01,1.5941110517e-01,3.3978016554e-01,1.2520399971e+00
2.0640964623e+00,1.5110719392e+00,4.2011488829e-01,4.9919252718e-01,1.5913089907e-01,3.4006162811e-01,1.2536613018e+00
2.0671498594e+00,1.5119950015e+00,4.2090250634e-01,4.9919302050e-01,1.5885094884e-01,3.4034207165e-01,1.2552828358e+00
2.0702032566e+00,1.5129186278e+00,4.2168973110e-01,4.9919275348e-01,1.5857125591e-01,3.4062149757e-01,1.2569046028e+00
2.0732566537e+00,1.5138428182e+00,4.2247656043e-01,4.9919172893e-01,1.5829182168e-01,3.4089990725e-01,1.2585266065e+00
2.0763100508e+00,1.5147675732e+00,4.2326299223e-01,4.9918994964e-01,1.5801264754e-01,3.4117730210e-01,1.2601488506e+00
2.0793634480e+00,1.5156928931e+00,4.2404902437e-01,4.9918741842e-01,1.5773373488e-01,3.4145368354e-01,1.2617713388e+00
2.0824168451e+00,1.5166187783e+00,4.2483465476e-01,4.9918413802e-01,1.5745508506e-01,3.4172905296e-01,1.2633940747e+00
2.0854702422e+00,1.5175452290e+00,4.2561988129e-01,4.9918011122e-01,1.5717669943e-01,3.4200341179e-01,1.2650170620e+00
2.0885236394e+00,1.5184722457e+00,4.2640470189e-01,4.9917534078e-01,1.5689857934e-01,3.4227676143e-01,1.2666403044e+00
2.0915770365e+00,1.5193998286e+00,4.2718911448e-01,4.9916982943e-01,1.5662072612e-01,3.4254910332e-01,1.2682638057e+00
2.0946304336e+00,1.5203279782e+00,4.2797311698e-01,4.9916357992e-01,1.5634314106e-01,3.4282043886e-01,1.2698875694e+00
2.0976838308e+00,1.5212566948e+00,4.2875670735e-01,4.9915659498e-01,1.5606582549e-01,3.4309076949e-01,1.2715115992e+00
2.1007372279e+00,1.5221859787e+00,4.2953988353e-01,4.9914887731e-01,1.5578878067e-01,3.4336009664e-01,1.2731358989e+00
2.1037906250e+00,1.5231158302e+00,4.3032264347e-01,4.9914042963e-01,1.5551200790e-01,3.4362842173e-01,1.2747604721e+00
2.1068440222e+00,1.5240462498e+00,4.3110498515e-01,4.9913125462e-01,1.5523550842e-01,3.4389574620e-01,1.2763853224e+00
2.1098974193e+00,1.5249772377e+00,4.3188690654e-01,4.9912135499e-01,1.5495928349e-01,3.4416207149e-01,1.2780104536e+00
2.1129508164e+00,1.5259087944e+00,4.3266840563e-01,4.9911073339e-01,1.5468333435e-01,3.4442739904e-01,1.2796358694e+00
2.1160042136e+00,1.5268409201e+00,4.3344948040e-01,4.9909939250e-01,1.5440766221e-01,3.4469173029e-01,1.2812615733e+00
2.1190576107e+00,1.5277736151e+00,4.3423012886e-01,4.9908733498e-01,1.5413226829e-01,3.4495506669e-01,1.2828875691e+00
2.1221110078e+00,1.5287068800e+00,4.3501034902e-01,4.9907456347e-01,1.5385715379e-01,3.4521740968e-01,1.2845138604e+00
2.1251644050e+00,1.5296407149e+00,4.3579013889e-01,4.9906108060e-01,1.5358231989e-01,3.4547876071e-01,1.2861404509e+00
2.1282178021e+00,1.5305751203e+00,4.3656949651e-01,4.9904688901e-01,1.5330776776e-01,3.4573912125e-01,1.2877673443e+00
2.1312711993e+00,1.5315100965e+00,4.3734841991e-01,4.9903199132e-01,1.5303349858e-01,3.4599849274e-01,1.2893945443e+00
2.1343245964e+00,1.5324456439e+00,4.3812690712e-01,4.9901639012e-01,1.5275951348e-01,3.4625687664e-01,1.2910220544e+00
2.1373779935e+00,1.5333817627e+00,4.3890495622e-01,4.9900008803e-01,1.5248581361e-01,3.4651427441e-01,1.2926498784e+00
2.1404313907e+00,1.5343184534e+00,4.3968256525e-01,4.9898308762e-01,1.5221240009e-01,3.4677068753e-01,1.2942780199e+00
2.1434847878e+00,1.5352557163e+00,4.4045973228e-01,4.9896539148e-01,1.5193927403e-01,3.4702611745e-01,1.2959064826e+00
2.1465381849e+00,1.5361935517e+00,4.4123645540e-01,4.9894700218e-01,1.5166643654e-01,3.4728056564e-01,1.2975352702e+00
2.1495915821e+00,1.5371319600e+00,4.4201273268e-01,4.9892792228e-01,1.5139388870e-01,3.4753403357e-01,1.2991643863e+00
2.1526449792e+00,1.5380709415e+00,4.4278856223e-01,4.9890815432e-01,1.5112163160e-01,3.4778652272e-01,1.3007938345e+00
2.1556983763e+00,1.5390104966e+00,4.4356394215e-01,4.9888770086e-01,1.5084966630e-01,3.4803803456e-01,1.3024236186e+00
2.1587517735e+00,1.5399506257e+00,4.4433887054e-01,4.9886656442e-01,1.5057799385e-01,3.4828857057e-01,1.3040537422e+00
2.1618051706e+00,1.5408913291e+00,4.4511334554e-01,4.9884474753e-01,1.5030661530e-01,3.4853813223e-01,1.3056842089e+00
2.1648585677e+00,1.5418326071e+00,4.4588736526e-01,4.9882225270e-01,1.5003553168e-01,3.4878672102e-01,1.3073150224e+00
2.1679119649e+00,1.5427744601e+00,4.4666092784e-01,4.9879908243e-01,1.4976474401e-01,3.4903433842e-01,1.3089461863e+00
2.1709653620e+00,1.5437168885e+00,4.4743403143e-01,4.9877523923e-01,1.4949425331e-01,3.4928098593e-01,1.3105777043e+00
2.1740187591e+00,1.5446598925e+00,4.4820667418e-01,4.9875072558e-01,1.4922406056e-01,3.4952666502e-01,1.3122095801e+00
2.1770721563e+00,1.5456034726e+00,4.4897885426e-01,4.9872554395e-01,1.4895416676e-01,3.4977137719e-01,1.3138418173e+00
2.1801255534e+00,1.5465476291e+00,4.4975056982e-01,4.9869969681e-01,1.4868457288e-01,3.5001512393e-01,1.3154744195e+00
2.1831789505e+00,1.5474923624e+00,4.5052181906e-01,4.9867318663e-01,1.4841527989e-01,3.5025790674e-01,1.3171073905e+00
2.1862323477e+00,1.5484376727e+00,4.5129260015e-01,4.9864601585e-01,1.4814628874e-01,3.5049972711e-01,1.3187407337e+00
2.1892857448e+00,1.5493835606e+00,4.5206291130e-01,4.9861818692e-01,1.4787760037e-01,3.5074058654e-01,1.3203744530e+00
2.1923391419e+00,1.5503300262e+00,4.5283275070e-01,4.9858970226e-01,1.4760921573e-01,3.5098048653e-01,1.3220085519e+00
2.1953925391e+00,1.5512770700e+00,4.5360211657e-01,4.9856056431e-01,1.4734113572e-01,3.5121942859e-01,1.3236430341e+00
2.1984459362e+00,1.5522246923e+00,4.5437100712e-01,4.9853077547e-01,1.4707336127e-01,3.5145741420e-01,1.3252779033e+00
2.2014993333e+00,1.5531728935e+00,4.5513942058e-01,4.9850033816e-01,1.4680589327e-01,3.5169444489e-01,1.3269131630e+00
2.2045527305e+00,1.5541216739e+00,4.5590735519e-01,4.9846925476e-01,1.4653873261e-01,3.5193052215e-01,1.3285488169e+00
2.2076061276e+00,1.5550710338e+00,4.5667480919e-01,4.9843752768e-01,1.4627188018e-01,3.5216564750e-01,1.3301848687e+00
2.2106595247e+00,1.5560209738e+00,4.5744178083e-01,4.9840515928e-01,1.4600533683e-01,3.5239982244e-01,1.3318213219e+00
2.2137129219e+00,1.5569714940e+00,4.5820826838e-01,4.9837215194e-01,1.4573910344e-01,3.5263304850e-01,1.3334581803e+00
2.2167663190e+00,1.5579225948e+00,4.5897427009e-01,4.9833850802e-01,1.4547318085e-01,3.5286532717e-01,1.3350954475e+00
2.2198197161e+00,1.5588742766e+00,4.5973978426e-01,4.9830422988e-01,1.4520756990e-01,3.5309665998e-01,1.3367331271e+00
2.2228731133e+00,1.5598265398e+00,4.6050480915e-01,4.9826931986e-01,1.4494227141e-01,3.5332704845e-01,1.3383712228e+00
2.2259265104e+00,1.5607793847e+00,4.6126934307e-01,4.9823378030e-01,1.4467728622e-01,3.5355649408e-01,1.3400097381e+00
2.2289799075e+00,1.5617328117e+00,4.6203338431e-01,4.9819761353e-01,1.4441261512e-01,3.5378499841e-01,1.3416486768e+00
2.2320333047e+00,1.5626868210e+00,4.6279693119e-01,4.9816082186e-01,1.4414825891e-01,3.5401256295e-01,1.3432880424e+00
2.2350867018e+00,1.5636414132e+00,4.6355998201e-01,4.9812340761e-01,1.4388421839e-01,3.5423918922e-01,1.3449278386e+00
2.2381400989e+00,1.5645965884e+00,4.6432253511e-01,4.9808537308e-01,1.4362049433e-01,3.5446487875e-01,1.3465680690e+00
2.2411934961e+00,1.5655523472e+00,4.6508458881e-01,4.9804672057e-01,1.4335708751e-01,3.5468963307e-01,1.3482087373e+00
2.2442468932e+00,1.5665086898e+00,4.6584614146e-01,4.9800745237e-01,1.4309399867e-01,3.5491345369e-01,1.3498498471e+00
2.2473002903e+00,1.5674656165e+00,4.6660719141e-01,4.9796757074e-01,1.4283122858e-01,3.5513634216e-01,1.3514914020e+00
2.2503536875e+00,1.5684231279e+00,4.6736773700e-01,4.9792707796e-01,1.4256877798e-01,3.5535829999e-01,1.3531334057e+00
2.2534070846e+00,1.5693812241e+00,4.6812777661e-01,4.9788597630e-01,1.4230664759e-01,3.5557932871e-01,1.3547758617e+00
2.2564604817e+00,1.5703399057e+00,4.6888730860e-01,4.9784426801e-01,1.4204483814e-01,3.5579942987e-01,1.3564187737e+00
2.2595138789e+00,1.5712991728e+00,4.6964633136e-01,4.9780195532e-01,1.4178335034e-01,3.5601860499e-01,1.3580621454e+00
2.2625672760e+00,1.5722590259e+00,4.7040484327e-01,4.9775904049e-01,1.4152218489e-01,3.5623685560e-01,1.3597059804e+00
2.2656206731e+00,1.5732194654e+00,4.7116284274e-01,4.9771552573e-01,1.4126134249e-01,3.5645418324e-01,1.3613502822e+00
2.2686740703e+00,1.5741804916e+00,4.7192032816e-01,4.9767141327e-01,1.4100082382e-01,3.5667058945e-01,1.3629950546e+00
2.2717274674e+00,1.5751421048e+00,4.7267729794e-01,4.9762670533e-01,1.4074062957e-01,3.5688607576e-01,1.3646403010e+00
2.2747808645e+00,1.5761043054e+00,4.7343375050e-01,4.9758140410e-01,1.4048076038e-01,3.5710064372e-01,1.3662860253e+00
2.2778342617e+00,1.5770670939e+00,4.7418968428e-01,4.9753551179e-01,1.4022121694e-01,3.5731429485e-01,1.3679322310e+00
2.2808876588e+00,1.5780304704e+00,4.7494509770e-01,4.9748903058e-01,1.3996199987e-01,3.5752703070e-01,1.3695789216e+00
2.2839410559e+00,1.5789944355e+00,4.7569998921e-01,4.9744196265e-01,1.3970310983e-01,3.5773885282e-01,1.3712261009e+00
2.2869944531e+00,1.5799589894e+00,4.7645435726e-01,4.9739431019e-01,1.3944454745e-01,3.5794976274e-01,1.3728737725e+00
2.2900478502e+00,1.5809241325e+00,4.7720820030e-01,4.9734607535e-01,1.3918631334e-01,3.5815976200e-01,1.3745219399e+00
2.2931012473e+00,1.5818898652e+00,4.7796151681e-01,4.9729726029e-01,1.3892840813e-01,3.5836885216e-01,1.3761706068e+00
2.2961546445e+00,1.5828561878e+00,4.7871430525e-01,4.9724786716e-01,1.3867083241e-01,3.5857703475e-01,1.3778197769e+00
2.2992080416e+00,1.5838231007e+00,4.7946656411e-01,4.9719789810e-01,1.3841358678e-01,3.5878431132e-01,1.3794694537e+00
2.3022614387e+00,1.5847906043e+00,4.8021829187e-01,4.9714735526e-01,1.3815667184e-01,3.5899068342e-01,1.3811196408e+00
2.3053148359e+00,1.5857586989e+00,4.8096948703e-01,4.9709624075e-01,1.3790008816e-01,3.5919615259e-01,1.3827703419e+00
2.3083682330e+00,1.5867273848e+00,4.8172014810e-01,4.9704455669e-01,1.3764383632e-01,3.5940072038e-01,1.3844215606e+00
2.3114216301e+00,1.5876966625e+00,4.8247027359e-01,4.9699230521e-01,1.3738791687e-01,3.5960438834e-01,1.3860733006e+00
2.3144750273e+00,1.5886665323e+00,4.8321986201e-01,4.9693948839e-01,1.3713233037e-01,3.5980715802e-01,1.3877255653e+00
2.3175284244e+00,1.5896369946e+00,4.8396891190e-01,4.9688610833e-01,1.3687707737e-01,3.6000903096e-01,1.3893783585e+00
2.3205818215e+00,1.5906080497e+00,4.8471742178e-01,4.9683216714e-01,1.3662215841e-01,3.6021000873e-01,1.3910316838e+00
2.3236352187e+00,1.5915796979e+00,4.8546539021e-01,4.9677766688e-01,1.3636757402e-01,3.6041009286e-01,1.3926855447e+00
2.3266886158e+00,1.5925519398e+00,4.8621281572e-01,4.9672260963e-01,1.3611332471e-01,3.6060928492e-01,1.3943399449e+00
2.3297420129e+00,1.5935247755e+00,4.8695969688e-01,4.9666699745e-01,1.3585941101e-01,3.6080758644e-01,1.3959948880e+00
2.3327954101e+00,1.5944982055e+00,4.8770603225e-01,4.9661083242e-01,1.3560583342e-01,3.6100499900e-01,1.3976503776e+00
2.3358488072e+00,1.5954722301e+00,4.8845182040e-01,4.9655411657e-01,1.3535259244e-01,3.6120152413e-01,1.3993064174e+00
2.3389022043e+00,1.5964468497e+00,4.8919705992e-01,4.9649685195e-01,1.3509968856e-01,3.6139716339e-01,1.4009630109e+00
2.3419556015e+00,1.5974220647e+00,4.8994174939e-01,4.9643904060e-01,1.3484712226e-01,3.6159191834e-01,1.4026201617e+00
2.3450089986e+00,1.5983978754e+00,4.9068588740e-01,4.9638068456e-01,1.3459489402e-01,3.6178579054e-01,1.4042778735e+00
2.3480623957e+00,1.5993742822e+00,4.9142947256e-01,4.9632178583e-01,1.3434300430e-01,3.6197878153e-01,1.4059361499e+00
2.3511157929e+00,1.6003512855e+00,4.9217250348e-01,4.9626234644e-01,1.3409145357e-01,3.6217089287e-01,1.4075949944e+00
2.3541691900e+00,1.6013288856e+00,4.9291497876e-01,4.9620236839e-01,1.3384024227e-01,3.6236212611e-01,1.4092544108e+00
2.3572225871e+00,1.6023070828e+00,4.9365689705e-01,4.9614185368e-01,1.3358937086e-01,3.6255248283e-01,1.4109144025e+00
2.3602759843e+00,1.6032858776e+00,4.9439825696e-01,4.9608080432e-01,1.3333883976e-01,3.6274196456e-01,1.4125749733e+00
2.3633293814e+00,1.6042652703e+00,4.9513905714e-01,4.9601922228e-01,1.3308864941e-01,3.6293057287e-01,1.4142361267e+00
2.3663827785e+00,1.6052452613e+00,4.9587929624e-01,4.9595710954e-01,1.3283880023e-01,3.6311830931e-01,1.4158978663e+00
2.3694361757e+00,1.6062258510e+00,4.9661897290e-01,4.9589446808e-01,1.3258929264e-01,3.6330517544e-01,1.4175601958e+00
2.3724895728e+00,1.6072070396e+00,4.9735808579e-01,4.9583129987e-01,1.3234012704e-01,3.6349117282e-01,1.4192231187e+00
2.3755429699e+00,1.6081888276e+00,4.9809663358e-01,4.9576760685e-01,1.3209130383e-01,3.6367630301e-01,1.4208866386e+00
2.3785963671e+00,1.6091712154e+00,4.9883461494e-01,4.9570339098e-01,1.3184282342e-01,3.6386056756e-01,1.4225507592e+00
2.3816497642e+00,1.6101542033e+00,4.9957202855e-01,4.9563865421e-01,1.3159468617e-01,3.6404396804e-01,1.4242154841e+00
2.3847031613e+00,1.6111377916e+00,5.0030887311e-01,4.9557339847e-01,1.3134689247e-01,3.6422650600e-01,1.4258808168e+00
2.3877565585e+00,1.6121219808e+00,5.0104514732e-01,4.9550762569e-01,1.3109944270e-01,3.6440818299e-01,1.4275467610e+00
2.3908099556e+00,1.6131067712e+00,5.0178084986e-01,4.9544133780e-01,1.3085233722e-01,3.6458900058e-01,1.4292133203e+00
2.3938633527e+00,1.6140921632e+00,5.0251597947e-01,4.9537453672e-01,1.3060557638e-01,3.6476896033e-01,1.4308804983e+00
2.3969167499e+00,1.6150781571e+00,5.0325053486e-01,4.9530722435e-01,1.3035916055e-01,3.6494806380e-01,1.4325482986e+00
2.3999701470e+00,1.6160647533e+00,5.0398451474e-01,4.9523940259e-01,1.3011309005e-01,3.6512631254e-01,1.4342167248e+00
2.4030235441e+00,1.6170519522e+00,5.0471791787e-01,4.9517107335e-01,1.2986736524e-01,3.6530370811e-01,1.4358857805e+00
2.4060769413e+00,1.6180397541e+00,5.0545074297e-01,4.9510223850e-01,1.2962198644e-01,3.6548025207e-01,1.4375554692e+00
2.4091303384e+00,1.6190281595e+00,5.0618298880e-01,4.9503289995e-01,1.2937695397e-01,3.6565594598e-01,1.4392257947e+00
2.4121837355e+00,1.6200171686e+00,5.0691465410e-01,4.9496305955e-01,1.2913226815e-01,3.6583079140e-01,1.4408967605e+00
2.4152371327e+00,1.6210067819e+00,5.0764573765e-01,4.9489271918e-01,1.2888792930e-01,3.6600478989e-01,1.4425683702e+00
2.4182905298e+00,1.6219969997e+00,5.0837623820e-01,4.9482188071e-01,1.2864393771e-01,3.6617794300e-01,1.4442406275e+00
2.4213439269e+00,1.6229878224e+00,5.0910615455e-01,4.9475054599e-01,1.2840029369e-01,3.6635025230e-01,1.4459135358e+00
2.4243973241e+00,1.6239792504e+00,5.0983548546e-01,4.9467871687e-01,1.2815699753e-01,3.6652171934e-01,1.4475870989e+00
2.4274507212e+00,1.6249712840e+00,5.1056422972e-01,4.9460639519e-01,1.2791404950e-01,3.6669234568e-01,1.4492613203e+00
2.4305041183e+00,1.6259639236e+00,5.1129238615e-01,4.9453358278e-01,1.2767144990e-01,3.6686213289e-01,1.4509362036e+00
2.4335575155e+00,1.6269571696e+00,5.1201995353e-01,4.9446028149e-01,1.2742919899e-01,3.6703108250e-01,1.4526117524e+00
2.4366109126e+00,1.6279510223e+00,5.1274693068e-01,4.9438649313e-01,1.2718729703e-01,3.6719919610e-01,1.4542879704e+00
2.4396643097e+00,1.6289454821e+00,5.1347331642e-01,4.9431221952e-01,1.2694574429e-01,3.6736647522e-01,1.4559648611e+00
2.4427177069e+00,1.6299405494e+00,5.1419910957e-01,4.9423746246e-01,1.2670454102e-01,3.6753292144e-01,1.4576424282e+00
2.4457711040e+00,1.6309362245e+00,5.1492430897e-01,4.9416222378e-01,1.2646368747e-01,3.6769853630e-01,1.4593206751e+00
2.4488245011e+00,1.6319325079e+00,5.1564891345e-01,4.9408650525e-01,1.2622318388e-01,3.6786332137e-01,1.4609996056e+00
2.4518778983e+00,1.6329293999e+00,5.1637292185e-01,4.9401030868e-01,1.2598303048e-01,3.6802727820e-01,1.4626792233e+00
2.4549312954e+00,1.6339269008e+00,5.1709633304e-01,4.9393363584e-01,1.2574322750e-01,3.6819040834e-01,1.4643595316e+00
2.4579846925e+00,1.6349250111e+00,5.1781914587e-01,4.9385648853e-01,1.2550377517e-01,3.6835271336e-01,1.4660405344e+00
2.4610380897e+00,1.6359237311e+00,5.1854135921e-01,4.9377886850e-01,1.2526467370e-01,3.6851419480e-01,1.4677222350e+00
2.4640914868e+00,1.6369230611e+00,5.1926297193e-01,4.9370077753e-01,1.2502592330e-01,3.6867485423e-01,1.4694046372e+00
2.4671448839e+00,1.6379230017e+00,5.1998398290e-01,4.9362221738e-01,1.2478752418e-01,3.6883469320e-01,1.4710877445e+00
2.4701982811e+00,1.6389235530e+00,5.2070439103e-01,4.9354318980e-01,1.2454947654e-01,3.6899371326e-01,1.4727715606e+00
2.4732516782e+00,1.6399247156e+00,5.2142419519e-01,4.9346369653e-01,1.2431178057e-01,3.6915191596e-01,1.4744560890e+00
2.4763050753e+00,1.6409264897e+00,5.2214339429e-01,4.9338373933e-01,1.2407443645e-01,3.6930930287e-01,1.4761413333e+00
2.4793584725e+00,1.6419288758e+00,5.2286198724e-01,4.9330331991e-01,1.2383744438e-01,3.6946587553e-01,1.4778272971e+00
2.4824118696e+00,1.6429318742e+00,5.2357997295e-01,4.9322244003e-01,1.2360080453e-01,3.6962163550e-01,1.4795139842e+00
2.4854652667e+00,1.6439354853e+00,5.2429735035e-01,4.9314110139e-01,1.2336451706e-01,3.6977658433e-01,1.4812013979e+00
2.4885186639e+00,1.6449397095e+00,5.2501411835e-01,4.9305930571e-01,1.2312858215e-01,3.6993072356e-01,1.4828895420e+00
2.4915720610e+00,1.6459445471e+00,5.2573027589e-01,4.9297705471e-01,1.2289299995e-01,3.7008405476e-01,1.4845784200e+00
2.4946254581e+00,1.6469499986e+00,5.2644582192e-01,4.9289435009e-01,1.2265777061e-01,3.7023657947e-01,1.4862680355e+00
2.4976788553e+00,1.6479560642e+00,5.2716075538e-01,4.9281119355e-01,1.2242289430e-01,3.7038829925e-01,1.4879583922e+00
2.5007322524e+00,1.6489627444e+00,5.2787507522e-01,4.9272758678e-01,1.2218837114e-01,3.7053921564e-01,1.4896494936e+00
2.5037856495e+00,1.6499700396e+00,5.2858878041e-01,4.9264353147e-01,1.2195420128e-01,3.7068933019e-01,1.4913413434e+00
2.5068390467e+00,1.6509779500e+00,5.2930186991e-01,4.9255902930e-01,1.2172038484e-01,3.7083864445e-01,1.4930339451e+00
2.5098924438e+00,1.6519864762e+00,5.3001434270e-01,4.9247408195e-01,1.2148692197e-01,3.7098715998e-01,1.4947273023e+00
2.5129458410e+00,1.6529956185e+00,5.3072619775e-01,4.9238869108e-01,1.2125381277e-01,3.7113487830e-01,1.4964214187e+00
2.5159992381e+00,1.6540053772e+00,5.3143743406e-01,4.9230285836e-01,1.2102105737e-01,3.7128180099e-01,1.4981162978e+00
2.5190526352e+00,1.6550157527e+00,5.3214805061e-01,4.9221658544e-01,1.2078865588e-01,3.7142792957e-01,1.4998119432e+00
2.5221060324e+00,1.6560267455e+00,5.3285804642e-01,4.9212987399e-01,1.2055660840e-01,3.7157326559e-01,1.5015083585e+00
2.5251594295e+00,1.6570383558e+00,5.3356742047e-01,4.9204272564e-01,1.2032491503e-01,3.7171781061e-01,1.5032055475e+00
2.5282128266e+00,1.6580505840e+00,5.3427617180e-01,4.9195514203e-01,1.2009357588e-01,3.7186156616e-01,1.5049035135e+00
2.5312662238e+00,1.6590634307e+00,5.3498429941e-01,4.9186712481e-01,1.1986259102e-01,3.7200453378e-01,1.5066022603e+00
2.5343196209e+00,1.6600768960e+00,5.3569180233e-01,4.9177867559e-01,1.1963196056e-01,3.7214671503e-01,1.5083017914e+00
2.5373730180e+00,1.6610909804e+00,5.3639867960e-01,4.9168979600e-01,1.1940168456e-01,3.7228811144e-01,1.5100021104e+00
2.5404264152e+00,1.6621056843e+00,5.3710493025e-01,4.9160048766e-01,1.1917176311e-01,3.7242872455e-01,1.5117032210e+00
2.5434798123e+00,1.6631210080e+00,5.3781055333e-01,4.9151075218e-01,1.1894219628e-01,3.7256855590e-01,1.5134051268e+00
2.5465332094e+00,1.6641369520e+00,5.3851554789e-01,4.9142059117e-01,1.1871298413e-01,3.7270760704e-01,1.5151078312e+00
2.5495866066e+00,1.6651535165e+00,5.3921991300e-01,4.9133000623e-01,1.1848412672e-01,3.7284587951e-01,1.5168113380e+00
2.5526400037e+00,1.6661707021e+00,5.3992364771e-01,4.9123899895e-01,1.1825562412e-01,3.7298337483e-01,1.5185156508e+00
2.5556934008e+00,1.6671885090e+00,5.4062675109e-01,4.9114757092e-01,1.1802747637e-01,3.7312009455e-01,1.5202207731e+00
2.5587467980e+00,1.6682069377e+00,5.4132922223e-01,4.9105572372e-01,1.1779968352e-01,3.7325604020e-01,1.5219267086e+00
2.5618001951e+00,1.6692259884e+00,5.4203106020e-01,4.9096345894e-01,1.1757224561e-01,3.7339121333e-01,1.5236334608e+00
2.5648535922e+00,1.6702456617e+00,5.4273226411e-01,4.9087077815e-01,1.1734516269e-01,3.7352561546e-01,1.5253410333e+00
2.5679069894e+00,1.6712659579e+00,5.4343283303e-01,4.9077768291e-01,1.1711843478e-01,3.7365924812e-01,1.5270494299e+00
2.5709603865e+00,1.6722868773e+00,5.4413276608e-01,4.9068417478e-01,1.1689206192e-01,3.7379211286e-01,1.5287586539e+00
2.5740137836e+00,1.6733084204e+00,5.4483206237e-01,4.9059025533e-01,1.1666604412e-01,3.7392421121e-01,1.5304687092e+00
2.5770671808e+00,1.6743305875e+00,5.4553072100e-01,4.9049592611e-01,1.1644038142e-01,3.7405554469e-01,1.5321795992e+00
2.5801205779e+00,1.6753533790e+00,5.4622874111e-01,4.9040118865e-01,1.1621507381e-01,3.7418611484e-01,1.5338913276e+00
2.5831739750e+00,1.6763767953e+00,5.4692612182e-01,4.9030604450e-01,1.1599012132e-01,3.7431592318e-01,1.5356038979e+00
2.5862273722e+00,1.6774008368e+00,5.4762286226e-01,4.9021049519e-01,1.1576552395e-01,3.7444497124e-01,1.5373173138e+00
2.5892807693e+00,1.6784255038e+00,5.4831896157e-01,4.9011454226e-01,1.1554128171e-01,3.7457326056e-01,1.5390315789e+00
2.5923341664e+00,1.6794507968e+00,5.4901441891e-01,4.9001818723e-01,1.1531739458e-01,3.7470079265e-01,1.5407466968e+00
2.5953875636e+00,1.6804767160e+00,5.4970923341e-01,4.8992143161e-01,1.1509386257e-01,3.7482756905e-01,1.5424626711e+00
2.5984409607e+00,1.6815032620e+00,5.5040340425e-01,4.8982427693e-01,1.1487068566e-01,3.7495359127e-01,1.5441795054e+00
2.6014943578e+00,1.6825304351e+00,5.5109693058e-01,4.8972672468e-01,1.1464786383e-01,3.7507886085e-01,1.5458972033e+00
2.6045477550e+00,1.6835582356e+00,5.5178981158e-01,4.8962877638e-01,1.1442539708e-01,3.7520337930e-01,1.5476157684e+00
2.6076011521e+00,1.6845866639e+00,5.5248204642e-01,4.8953043352e-01,1.1420328537e-01,3.7532714815e-01,1.5493352043e+00
2.6106545492e+00,1.6856157205e+00,5.5317363429e-01,4.8943169759e-01,1.1398152868e-01,3.7545016891e-01,1.5510555146e+00
2.6137079464e+00,1.6866454058e+00,5.5386457437e-01,4.8933257008e-01,1.1376012697e-01,3.7557244311e-01,1.5527767030e+00
2.6167613435e+00,1.6876757200e+00,5.5455486586e-01,4.8923305248e-01,1.1353908021e-01,3.7569397227e-01,1.5544987730e+00
2.6198147406e+00,1.6887066636e+00,5.5524450797e-01,4.8913314625e-01,1.1331838836e-01,3.7581475789e-01,1.5562217283e+00
2.6228681378e+00,1.6897382369e+00,5.5593349989e-01,4.8903285288e-01,1.1309805138e-01,3.7593480150e-01,1.5579455724e+00
2.6259215349e+00,1.6907704405e+00,5.5662184085e-01,4.8893217383e-01,1.1287806921e-01,3.7605410462e-01,1.5596703090e+00
2.6289749320e+00,1.6918032745e+00,5.5730953006e-01,4.8883111056e-01,1.1265844181e-01,3.7617266875e-01,1.5613959417e+00
2.6320283292e+00,1.6928367395e+00,5.5799656674e-01,4.8872966453e-01,1.1243916912e-01,3.7629049541e-01,1.5631224740e+00
2.6350817263e+00,1.6938708358e+00,5.5868295013e-01,4.8862783719e-01,1.1222025108e-01,3.7640758612e-01,1.5648499096e+00
2.6381351234e+00,1.6949055638e+00,5.5936867947e-01,4.8852562999e-01,1.1200168762e-01,3.7652394237e-01,1.5665782522e+00
2.6411885206e+00,1.6959409238e+00,5.6005375400e-01,4.8842304437e-01,1.1178347868e-01,3.7663956569e-01,1.5683075052e+00
2.6442419177e+00,1.6969769164e+00,5.6073817297e-01,4.8832008177e-01,1.1156562419e-01,3.7675445758e-01,1.5700376724e+00
2.6472953148e+00,1.6980135417e+00,5.6142193562e-01,4.8821674362e-01,1.1134812407e-01,3.7686861955e-01,1.5717687574e+00
2.6503487120e+00,1.6990508004e+00,5.6210504123e-01,4.8811303134e-01,1.1113097824e-01,3.7698205309e-01,1.5735007636e+00
2.6534021091e+00,1.7000886926e+00,5.6278748906e-01,4.8800894636e-01,1.1091418663e-01,3.7709475973e-01,1.5752336949e+00
2.6564555062e+00,1.7011272189e+00,5.6346927839e-01,4.8790449010e-01,1.1069774913e-01,3.7720674096e-01,1.5769675547e+00
2.6595089034e+00,1.7021663795e+00,5.6415040848e-01,4.8779966396e-01,1.1048166568e-01,3.7731799828e-01,1.5787023468e+00
2.6625623005e+00,1.7032061750e+00,5.6483087863e-01,4.8769446936e-01,1.1026593616e-01,3.7742853320e-01,1.5804380746e+00
2.6656156976e+00,1.7042466056e+00,5.6551068812e-01,4.8758890770e-01,1.1005056048e-01,3.7753834722e-01,1.5821747419e+00
2.6686690948e+00,1.7052876718e+00,5.6618983626e-01,4.8748298037e-01,1.0983553855e-01,3.7764744183e-01,1.5839123522e+00
2.6717224919e+00,1.7063293739e+00,5.6686832234e-01,4.8737668878e-01,1.0962087025e-01,3.7775581852e-01,1.5856509092e+00
2.6747758890e+00,1.7073717124e+00,5.6754614566e-01,4.8727003430e-01,1.0940655548e-01,3.7786347881e-01,1.5873904165e+00
2.6778292862e+00,1.7084146876e+00,5.6822330555e-01,4.8716301832e-01,1.0919259414e-01,3.7797042418e-01,1.5891308776e+00
2.6808826833e+00,1.7094582999e+00,5.6889980133e-01,4.8705564222e-01,1.0897898609e-01,3.7807665613e-01,1.5908722963e+00
2.6839360804e+00,1.7105025498e+00,5.6957563231e-01,4.8694790738e-01,1.0876573123e-01,3.7818217614e-01,1.5926146761e+00
2.6869894776e+00,1.7115474375e+00,5.7025079782e-01,4.8683981515e-01,1.0855282944e-01,3.7828698572e-01,1.5943580206e+00
2.6900428747e+00,1.7125929635e+00,5.7092529721e-01,4.8673136692e-01,1.0834028058e-01,3.7839108634e-01,1.5961023336e+00
2.6930962718e+00,1.7136391282e+00,5.7159912981e-01,4.8662256403e-01,1.0812808453e-01,3.7849447950e-01,1.5978476185e+00
2.6961496690e+00,1.7146859320e+00,5.7227229498e-01,4.8651340785e-01,1.0791624116e-01,3.7859716669e-01,1.5995938790e+00
2.6992030661e+00,1.7157333752e+00,5.7294479206e-01,4.8640389972e-01,1.0770475034e-01,3.7869914939e-01,1.6013411188e+00
2.7022564632e+00,1.7167814582e+00,5.7361662041e-01,4.8629404099e-01,1.0749361191e-01,3.7880042908e-01,1.6030893415e+00
2.7053098604e+00,1.7178301815e+00,5.7428777940e-01,4.8618383300e-01,1.0728282575e-01,3.7890100725e-01,1.6048385506e+00
2.7083632575e+00,1.7188795455e+00,5.7495826840e-01,4.8607327709e-01,1.0707239171e-01,3.7900088538e-01,1.6065887498e+00
2.7114166546e+00,1.7199295504e+00,5.7562808678e-01,4.8596237459e-01,1.0686230964e-01,3.7910006495e-01,1.6083399428e+00
2.7144700518e+00,1.7209801968e+00,5.7629723392e-01,4.8585112682e-01,1.0665257938e-01,3.7919854744e-01,1.6100921331e+00
2.7175234489e+00,1.7220314849e+00,5.7696570922e-01,4.8573953512e-01,1.0644320079e-01,3.7929633432e-01,1.6118453245e+00
2.7205768460e+00,1.7230834153e+00,5.7763351205e-01,4.8562760079e-01,1.0623417371e-01,3.7939342708e-01,1.6135995204e+00
2.7236302432e+00,1.7241359883e+00,5.7830064183e-01,4.8551532516e-01,1.0602549797e-01,3.7948982719e-01,1.6153547246e+00
2.7266836403e+00,1.7251892042e+00,5.7896709795e-01,4.8540270954e-01,1.0581717342e-01,3.7958553612e-01,1.6171109407e+00
2.7297370374e+00,1.7262430635e+00,5.7963287981e-01,4.8528975522e-01,1.0560919988e-01,3.7968055534e-01,1.6188681723e+00
2.7327904346e+00,1.7272975666e+00,5.8029798685e-01,4.8517646350e-01,1.0540157718e-01,3.7977488632e-01,1.6206264230e+00
2.7358438317e+00,1.7283527138e+00,5.8096241847e-01,4.8506283570e-01,1.0519430516e-01,3.7986853054e-01,1.6223856964e+00
2.7388972288e+00,1.7294085056e+00,5.8162617409e-01,4.8494887309e-01,1.0498738363e-01,3.7996148946e-01,1.6241459963e+00
2.7419506260e+00,1.7304649423e+00,5.8228925316e-01,4.8483457697e-01,1.0478081242e-01,3.8005376454e-01,1.6259073262e+00
2.7450040231e+00,1.7315220244e+00,5.8295165510e-01,4.8471994861e-01,1.0457459135e-01,3.8014535726e-01,1.6276696898e+00
2.7480574202e+00,1.7325797522e+00,5.8361337936e-01,4.8460498930e-01,1.0436872023e-01,3.8023626907e-01,1.6294330907e+00
2.7511108174e+00,1.7336381262e+00,5.8427442538e-01,4.8448970031e-01,1.0416319888e-01,3.8032650143e-01,1.6311975325e+00
2.7541642145e+00,1.7346971466e+00,5.8493479262e-01,4.8437408291e-01,1.0395802710e-01,3.8041605582e-01,1.6329630188e+00
2.7572176116e+00,1.7357568140e+00,5.8559448053e-01,4.8425813837e-01,1.0375320470e-01,3.8050493367e-01,1.6347295534e+00
2.7602710088e+00,1.7368171287e+00,5.8625348857e-01,4.8414186794e-01,1.0354873148e-01,3.8059313646e-01,1.6364971399e+00
2.7633244059e+00,1.7378780911e+00,5.8691181622e-01,4.8402527290e-01,1.0334460725e-01,3.8068066564e-01,1.6382657818e+00
2.7663778030e+00,1.7389397016e+00,5.8756946294e-01,4.8390835447e-01,1.0314083181e-01,3.8076752267e-01,1.6400354829e+00
2.7694312002e+00,1.7400019606e+00,5.8822642822e-01,4.8379111393e-01,1.0293740495e-01,3.8085370898e-01,1.6418062467e+00
2.7724845973e+00,1.7410648686e+00,5.8888271153e-01,4.8367355250e-01,1.0273432646e-01,3.8093922605e-01,1.6435780769e+00
2.7755379944e+00,1.7421284258e+00,5.8953831237e-01,4.8355567144e-01,1.0253159613e-01,3.8102407531e-01,1.6453509772e+00
2.7785913916e+00,1.7431926327e+00,5.9019323024e-01,4.8343747197e-01,1.0232921376e-01,3.8110825821e-01,1.6471249512e+00
2.7816447887e+00,1.7442574897e+00,5.9084746462e-01,4.8331895533e-01,1.0212717912e-01,3.8119177621e-01,1.6489000025e+00
2.7846981858e+00,1.7453229971e+00,5.9150101503e-01,4.8320012275e-01,1.0192549201e-01,3.8127463074e-01,1.6506761349e+00
2.7877515830e+00,1.7463891555e+00,5.9215388098e-01,4.8308097545e-01,1.0172415219e-01,3.8135682326e-01,1.6524533518e+00
2.7908049801e+00,1.7474559651e+00,5.9280606197e-01,4.8296151464e-01,1.0152315945e-01,3.8143835519e-01,1.6542316571e+00
2.7938583772e+00,1.7485234264e+00,5.9345755754e-01,4.8284174155e-01,1.0132251356e-01,3.8151922799e-01,1.6560110543e+00
2.7969117744e+00,1.7495915398e+00,5.9410836720e-01,4.8272165739e-01,1.0112221430e-01,3.8159944309e-01,1.6577915470e+00
2.7999651715e+00,1.7506603057e+00,5.9475849049e-01,4.8260126336e-01,1.0092226142e-01,3.8167900193e-01,1.6595731390e+00
2.8030185686e+00,1.7517297244e+00,5.9540792695e-01,4.8248056066e-01,1.0072265471e-01,3.8175790595e-01,1.6613558339e+00
2.8060719658e+00,1.7527997964e+00,5.9605667610e-01,4.8235955049e-01,1.0052339393e-01,3.8183615657e-01,1.6631396353e+00
2.8091253629e+00,1.7538705221e+00,5.9670473751e-01,4.8223823406e-01,1.0032447883e-01,3.8191375523e-01,1.6649245469e+00
2.8121787600e+00,1.7549419018e+00,5.9735211072e-01,4.8211661254e-01,1.0012590918e-01,3.8199070336e-01,1.6667105724e+00
2.8152321572e+00,1.7560139361e+00,5.9799879528e-01,4.8199468713e-01,9.9927684735e-02,3.8206700240e-01,1.6684977154e+00
2.8182855543e+00,1.7570866251e+00,5.9864479076e-01,4.8187245901e-01,9.9729805251e-02,3.8214265376e-01,1.6702859795e+00
2.8213389514e+00,1.7581599695e+00,5.9929009672e-01,4.8174992936e-01,9.9532270479e-02,3.8221765888e-01,1.6720753684e+00
2.8243923486e+00,1.7592339695e+00,5.9993471274e-01,4.8162709934e-01,9.9335080171e-02,3.8229201917e-01,1.6738658859e+00
2.8274457457e+00,1.7603086256e+00,6.0057863839e-01,4.8150397014e-01,9.9138234075e-02,3.8236573607e-01,1.6756575354e+00
2.8304991428e+00,1.7613839382e+00,6.0122187326e-01,4.8138054293e-01,9.8941731936e-02,3.8243881099e-01,1.6774503208e+00
2.8335525400e+00,1.7624599076e+00,6.0186441692e-01,4.8125681885e-01,9.8745573497e-02,3.8251124535e-01,1.6792442457e+00
2.8366059371e+00,1.7635365343e+00,6.0250626897e-01,4.8113279908e-01,9.8549758501e-02,3.8258304057e-01,1.6810393136e+00
2.8396593342e+00,1.7646138187e+00,6.0314742900e-01,4.8100848476e-01,9.8354286687e-02,3.8265419807e-01,1.6828355284e+00
2.8427127314e+00,1.7656917612e+00,6.0378789663e-01,4.8088387705e-01,9.8159157790e-02,3.8272471926e-01,1.6846328936e+00
2.8457661285e+00,1.7667703621e+00,6.0442767144e-01,4.8075897710e-01,9.7964371546e-02,3.8279460555e-01,1.6864314130e+00
2.8488195256e+00,1.7678496219e+00,6.0506675306e-01,4.8063378604e-01,9.7769927687e-02,3.8286385836e-01,1.6882310902e+00
2.8518729228e+00,1.7689295410e+00,6.0570514110e-01,4.8050830503e-01,9.7575825943e-02,3.8293247908e-01,1.6900319288e+00
2.8549263199e+00,1.7700101198e+00,6.0634283518e-01,4.8038253519e-01,9.7382066044e-02,3.8300046914e-01,1.6918339326e+00
2.8579797170e+00,1.7710913587e+00,6.0697983492e-01,4.8025647765e-01,9.7188647713e-02,3.8306782994e-01,1.6936371051e+00
2.8610331142e+00,1.7721732581e+00,6.0761613996e-01,4.8013013356e-01,9.6995570677e-02,3.8313456288e-01,1.6954414502e+00
2.8640865113e+00,1.7732558183e+00,6.0825174993e-01,4.8000350402e-01,9.6802834655e-02,3.8320066936e-01,1.6972469715e+00
2.8671399084e+00,1.7743390399e+00,6.0888666447e-01,4.7987659016e-01,9.6610439370e-02,3.8326615079e-01,1.6990536725e+00
2.8701933056e+00,1.7754229232e+00,6.0952088322e-01,4.7974939310e-01,9.6418384537e-02,3.8333100856e-01,1.7008615571e+00
2.8732467027e+00,1.7765074685e+00,6.1015440584e-01,4.7962191395e-01,9.6226669873e-02,3.8339524408e-01,1.7026706289e+00
2.8763000998e+00,1.7775926764e+00,6.1078723198e-01,4.7949415382e-01,9.6035295091e-02,3.8345885873e-01,1.7044808916e+00
2.8793534970e+00,1.7786785472e+00,6.1141936130e-01,4.7936611382e-01,9.5844259904e-02,3.8352185391e-01,1.7062923488e+00
2.8824068941e+00,1.7797650813e+00,6.1205079345e-01,4.7923779504e-01,9.5653564022e-02,3.8358423102e-01,1.7081050043e+00
2.8854602912e+00,1.7808522792e+00,6.1268152812e-01,4.7910919859e-01,9.5463207151e-02,3.8364599144e-01,1.7099188617e+00
2.8885136884e+00,1.7819401412e+00,6.1331156497e-01,4.7898032557e-01,9.5273188998e-02,3.8370713657e-01,1.7117339247e+00
2.8915670855e+00,1.7830286677e+00,6.1394090369e-01,4.7885117705e-01,9.5083509267e-02,3.8376766778e-01,1.7135501970e+00
2.8946204826e+00,1.7841178592e+00,6.1456954395e-01,4.7872175414e-01,9.4894167660e-02,3.8382758648e-01,1.7153676823e+00
2.8976738798e+00,1.7852077160e+00,6.1519748543e-01,4.7859205790e-01,9.4705163878e-02,3.8388689403e-01,1.7171863843e+00
2.9007272769e+00,1.7862982385e+00,6.1582472785e-01,4.7846208944e-01,9.4516497618e-02,3.8394559182e-01,1.7190063066e+00
2.9037806741e+00,1.7873894273e+00,6.1645127088e-01,4.7833184981e-01,9.4328168578e-02,3.8400368123e-01,1.7208274530e+00
2.9068340712e+00,1.7884812826e+00,6.1707711423e-01,4.7820134010e-01,9.4140176452e-02,3.8406116364e-01,1.7226498272e+00
2.9098874683e+00,1.7895738049e+00,6.1770225761e-01,4.7807056137e-01,9.3952520933e-02,3.8411804043e-01,1.7244734328e+00
2.9129408655e+00,1.7906669945e+00,6.1832670073e-01,4.7793951469e-01,9.3765201712e-02,3.8417431297e-01,1.7262982736e+00
2.9159942626e+00,1.7917608520e+00,6.1895044330e-01,4.7780820112e-01,9.3578218479e-02,3.8422998264e-01,1.7281243532e+00
2.9190476597e+00,1.7928553776e+00,6.1957348504e-01,4.7767662172e-01,9.3391570922e-02,3.8428505079e-01,1.7299516754e+00
2.9221010569e+00,1.7939505719e+00,6.2019582568e-01,4.7754477754e-01,9.3205258725e-02,3.8433951882e-01,1.7317802438e+00
2.9251544540e+00,1.7950464352e+00,6.2081746494e-01,4.7741266965e-01,9.3019281574e-02,3.8439338807e-01,1.7336100621e+00
2.9282078511e+00,1.7961429679e+00,6.2143840256e-01,4.7728029907e-01,9.2833639150e-02,3.8444665992e-01,1.7354411342e+00
2.9312612483e+00,1.7972401705e+00,6.2205863828e-01,4.7714766687e-01,9.2648331136e-02,3.8449933574e-01,1.7372734636e+00
2.9343146454e+00,1.7983380432e+00,6.2267817183e-01,4.7701477409e-01,9.2463357209e-02,3.8455141688e-01,1.7391070540e+00
2.9373680425e+00,1.7994365867e+00,6.2329700297e-01,4.7688162175e-01,9.2278717047e-02,3.8460290470e-01,1.7409419093e+00
2.9404214397e+00,1.8005358012e+00,6.2391513145e-01,4.7674821089e-01,9.2094410327e-02,3.8465380057e-01,1.7427780330e+00
2.9434748368e+00,1.8016356872e+00,6.2453255701e-01,4.7661454255e-01,9.1910436723e-02,3.8470410583e-01,1.7446154289e+00
2.9465282339e+00,1.8027362450e+00,6.2514927943e-01,4.7648061776e-01,9.1726795906e-02,3.8475382185e-01,1.7464541008e+00
2.9495816311e+00,1.8038374752e+00,6.2576529846e-01,4.7634643753e-01,9.1543487549e-02,3.8480294998e-01,1.7482940523e+00
2.9526350282e+00,1.8049393780e+00,6.2638061388e-01,4.7621200289e-01,9.1360511320e-02,3.8485149157e-01,1.7501352871e+00
2.9556884253e+00,1.8060419540e+00,6.2699522545e-01,4.7607731485e-01,9.1177866888e-02,3.8489944796e-01,1.7519778090e+00
2.9587418225e+00,1.8071452035e+00,6.2760913296e-01,4.7594237444e-01,9.0995553919e-02,3.8494682052e-01,1.7538216217e+00
2.9617952196e+00,1.8082491269e+00,6.2822233619e-01,4.7580718265e-01,9.0813572078e-02,3.8499361057e-01,1.7556667289e+00
2.9648486167e+00,1.8093537247e+00,6.2883483492e-01,4.7567174050e-01,9.0631921029e-02,3.8503981947e-01,1.7575131343e+00
2.9679020139e+00,1.8104589973e+00,6.2944662895e-01,4.7553604900e-01,9.0450600432e-02,3.8508544856e-01,1.7593608417e+00
2.9709554110e+00,1.8115649450e+00,6.3005771806e-01,4.7540010913e-01,9.0269609950e-02,3.8513049918e-01,1.7612098548e+00
2.9740088081e+00,1.8126715683e+00,6.3066810207e-01,4.7526392191e-01,9.0088949240e-02,3.8517497267e-01,1.7630601773e+00
2.9770622053e+00,1.8137788676e+00,6.3127778076e-01,4.7512748832e-01,8.9908617960e-02,3.8521887036e-01,1.7649118129e+00
2.9801156024e+00,1.8148868433e+00,6.3188675396e-01,4.7499080935e-01,8.9728615767e-02,3.8526219359e-01,1.7667647654e+00
2.9831689995e+00,1.8159954958e+00,6.3249502147e-01,4.7485388600e-01,8.9548942314e-02,3.8530494369e-01,1.7686190386e+00
2.9862223967e+00,1.8171048256e+00,6.3310258311e-01,4.7471671925e-01,8.9369597256e-02,3.8534712199e-01,1.7704746360e+00
2.9892757938e+00,1.8182148330e+00,6.3370943870e-01,4.7457931007e-01,8.9190580244e-02,3.8538872983e-01,1.7723315616e+00
2.9923291909e+00,1.8193255185e+00,6.3431558807e-01,4.7444165945e-01,8.9011890929e-02,3.8542976852e-01,1.7741898189e+00
2.9953825881e+00,1.8204368825e+00,6.3492103104e-01,4.7430376836e-01,8.8833528960e-02,3.8547023940e-01,1.7760494119e+00
2.9984359852e+00,1.8215489254e+00,6.3552576744e-01,4.7416563777e-01,8.8655493985e-02,3.8551014379e-01,1.7779103441e+00
3.0014893823e+00,1.8226616475e+00,6.3612979712e-01,4.7402726866e-01,8.8477785650e-02,3.8554948301e-01,1.7797726194e+00
3.0045427795e+00,1.8237750494e+00,6.3673311992e-01,4.7388866198e-01,8.8300403600e-02,3.8558825838e-01,1.7816362415e+00
3.0075961766e+00,1.8248891315e+00,6.3733573568e-01,4.7374981869e-01,8.8123347480e-02,3.8562647121e-01,1.7835012141e+00
3.0106495737e+00,1.8260038941e+00,6.3793764426e-01,4.7361073976e-01,8.7946616932e-02,3.8566412283e-01,1.7853675410e+00
3.0137029709e+00,1.8271193376e+00,6.3853884549e-01,4.7347142615e-01,8.7770211598e-02,3.8570121455e-01,1.7872352260e+00
3.0167563680e+00,1.8282354626e+00,6.3913933926e-01,4.7333187880e-01,8.7594131117e-02,3.8573774768e-01,1.7891042728e+00
3.0198097651e+00,1.8293522694e+00,6.3973912541e-01,4.7319209866e-01,8.7418375129e-02,3.8577372353e-01,1.7909746851e+00
3.0228631623e+00,1.8304697583e+00,6.4033820382e-01,4.7305208668e-01,8.7242943271e-02,3.8580914341e-01,1.7928464667e+00
3.0259165594e+00,1.8315879299e+00,6.4093657435e-01,4.7291184381e-01,8.7067835180e-02,3.8584400863e-01,1.7947196214e+00
3.0289699565e+00,1.8327067846e+00,6.4153423687e-01,4.7277137098e-01,8.6893050490e-02,3.8587832049e-01,1.7965941529e+00
3.0320233537e+00,1.8338263227e+00,6.4213119128e-01,4.7263066913e-01,8.6718588837e-02,3.8591208029e-01,1.7984700650e+00
3.0350767508e+00,1.8349465448e+00,6.4272743745e-01,4.7248973919e-01,8.6544449852e-02,3.8594528934e-01,1.8003473615e+00
3.0381301479e+00,1.8360674511e+00,6.4332297526e-01,4.7234858210e-01,8.6370633168e-02,3.8597794893e-01,1.8022260461e+00
3.0411835451e+00,1.8371890421e+00,6.4391780461e-01,4.7220719878e-01,8.6197138415e-02,3.8601006036e-01,1.8041061226e+00
3.0442369422e+00,1.8383113183e+00,6.4451192539e-01,4.7206559016e-01,8.6023965223e-02,3.8604162493e-01,1.8059875947e+00
3.0472903393e+00,1.8394342801e+00,6.4510533751e-01,4.7192375715e-01,8.5851113220e-02,3.8607264393e-01,1.8078704663e+00
3.0503437365e+00,1.8405579278e+00,6.4569804085e-01,4.7178170069e-01,8.5678582033e-02,3.8610311866e-01,1.8097547411e+00
3.0533971336e+00,1.8416822619e+00,6.4629003534e-01,4.7163942168e-01,8.5506371289e-02,3.8613305039e-01,1.8116404228e+00
3.0564505307e+00,1.8428072829e+00,6.4688132088e-01,4.7149692103e-01,8.5334480612e-02,3.8616244042e-01,1.8135275154e+00
3.0595039279e+00,1.8439329911e+00,6.4747189738e-01,4.7135419967e-01,8.5162909627e-02,3.8619129004e-01,1.8154160224e+00
3.0625573250e+00,1.8450593869e+00,6.4806176477e-01,4.7121125848e-01,8.4991657956e-02,3.8621960053e-01,1.8173059478e+00
3.0656107221e+00,1.8461864708e+00,6.4865092296e-01,4.7106809838e-01,8.4820725222e-02,3.8624737316e-01,1.8191972953e+00
3.0686641193e+00,1.8473142432e+00,6.4923937188e-01,4.7092472027e-01,8.4650111045e-02,3.8627460923e-01,1.8210900688e+00
3.0717175164e+00,1.8484427046e+00,6.4982711147e-01,4.7078112505e-01,8.4479815046e-02,3.8630131000e-01,1.8229842719e+00
3.0747709135e+00,1.8495718552e+00,6.5041414165e-01,4.7063731361e-01,8.4309836842e-02,3.8632747677e-01,1.8248799084e+00
3.0778243107e+00,1.8507016957e+00,6.5100046236e-01,4.7049328684e-01,8.4140176053e-02,3.8635311078e-01,1.8267769823e+00
3.0808777078e+00,1.8518322263e+00,6.5158607355e-01,4.7034904563e-01,8.3970832294e-02,3.8637821334e-01,1.8286754972e+00
3.0839311049e+00,1.8529634475e+00,6.5217097516e-01,4.7020459087e-01,8.3801805183e-02,3.8640278569e-01,1.8305754569e+00
3.0869845021e+00,1.8540953597e+00,6.5275516714e-01,4.7005992344e-01,8.3633094333e-02,3.8642682911e-01,1.8324768654e+00
3.0900378992e+00,1.8552279634e+00,6.5333864944e-01,4.6991504423e-01,8.3464699359e-02,3.8645034487e-01,1.8343797262e+00
3.0930912963e+00,1.8563612590e+00,6.5392142202e-01,4.6976995411e-01,8.3296619875e-02,3.8647333423e-01,1.8362840434e+00
3.0961446935e+00,1.8574952468e+00,6.5450348485e-01,4.6962465395e-01,8.3128855491e-02,3.8649579846e-01,1.8381898206e+00
3.0991980906e+00,1.8586299274e+00,6.5508483787e-01,4.6947914463e-01,8.2961405821e-02,3.8651773881e-01,1.8400970617e+00
3.1022514877e+00,1.8597653011e+00,6.5566548107e-01,4.6933342701e-01,8.2794270473e-02,3.8653915654e-01,1.8420057705e+00
3.1053048849e+00,1.8609013683e+00,6.5624541441e-01,4.6918750197e-01,8.2627449058e-02,3.8656005292e-01,1.8439159508e+00
3.1083582820e+00,1.8620381296e+00,6.5682463787e-01,4.6904137037e-01,8.2460941184e-02,3.8658042919e-01,1.8458276064e+00
3.1114116791e+00,1.8631755852e+00,6.5740315142e-01,4.6889503306e-01,8.2294746459e-02,3.8660028660e-01,1.8477407411e+00
3.1144650763e+00,1.8643137357e+00,6.5798095506e-01,4.6874849091e-01,8.2128864490e-02,3.8661962642e-01,1.8496553588e+00
3.1175184734e+00,1.8654525815e+00,6.5855804877e-01,4.6860174477e-01,8.1963294883e-02,3.8663844989e-01,1.8515714632e+00
3.1205718705e+00,1.8665921229e+00,6.5913443253e-01,4.6845479549e-01,8.1798037244e-02,3.8665675825e-01,1.8534890582e+00
3.1236252677e+00,1.8677323604e+00,6.5971010634e-01,4.6830764393e-01,8.1633091176e-02,3.8667455275e-01,1.8554081477e+00
3.1266786648e+00,1.8688732945e+00,6.6028507021e-01,4.6816029092e-01,8.1468456284e-02,3.8669183464e-01,1.8573287354e+00
3.1297320619e+00,1.8700149255e+00,6.6085932412e-01,4.6801273732e-01,8.1304132170e-02,3.8670860515e-01,1.8592508252e+00
3.1327854591e+00,1.8711572539e+00,6.6143286809e-01,4.6786498397e-01,8.1140118437e-02,3.8672486553e-01,1.8611744209e+00
3.1358388562e+00,1.8723002801e+00,6.6200570212e-01,4.6771703170e-01,8.0976414686e-02,3.8674061701e-01,1.8630995263e+00
3.1388922533e+00,1.8734440046e+00,6.6257782622e-01,4.6756888135e-01,8.0813020517e-02,3.8675586083e-01,1.8650261453e+00
3.1419456505e+00,1.8745884277e+00,6.6314924042e-01,4.6742053375e-01,8.0649935530e-02,3.8677059822e-01,1.8669542817e+00
3.1449990476e+00,1.8757335499e+00,6.6371994472e-01,4.6727198974e-01,8.0487159325e-02,3.8678483041e-01,1.8688839394e+00
3.1480524447e+00,1.8768793716e+00,6.6428993916e-01,4.6712325014e-01,8.0324691499e-02,3.8679855864e-01,1.8708151222e+00
3.1511058419e+00,1.8780258933e+00,6.6485922375e-01,4.6697431578e-01,8.0162531651e-02,3.8681178413e-01,1.8727478339e+00
3.1541592390e+00,1.8791731153e+00,6.6542779853e-01,4.6682518748e-01,8.0000679377e-02,3.8682450810e-01,1.8746820784e+00
3.1572126361e+00,1.8803210381e+00,6.6599566352e-01,4.6667586606e-01,7.9839134274e-02,3.8683673178e-01,1.8766178596e+00
3.1602660333e+00,1.8814696622e+00,6.6656281878e-01,4.6652635233e-01,7.9677895936e-02,3.8684845640e-01,1.8785551813e+00
3.1633194304e+00,1.8826189879e+00,6.6712926433e-01,4.6637664713e-01,7.9516963960e-02,3.8685968317e-01,1.8804940474e+00
3.1663728275e+00,1.8837690157e+00,6.6769500022e-01,4.6622675124e-01,7.9356337939e-02,3.8687041330e-01,1.8824344616e+00
3.1694262247e+00,1.8849197460e+00,6.6826002649e-01,4.6607666549e-01,7.9196017466e-02,3.8688064802e-01,1.8843764280e+00
3.1724796218e+00,1.8860711793e+00,6.6882434321e-01,4.6592639068e-01,7.9036002135e-02,3.8689038855e-01,1.8863199503e+00
3.1755330189e+00,1.8872233159e+00,6.6938795041e-01,4.6577592762e-01,7.8876291538e-02,3.8689963608e-01,1.8882650324e+00
3.1785864161e+00,1.8883761563e+00,6.6995084816e-01,4.6562527710e-01,7.8716885267e-02,3.8690839184e-01,1.8902116781e+00
3.1816398132e+00,1.8895297010e+00,6.7051303652e-01,4.6547443994e-01,7.8557782912e-02,3.8691665702e-01,1.8921598914e+00
3.1846932103e+00,1.8906839503e+00,6.7107451556e-01,4.6532341691e-01,7.8398984064e-02,3.8692443285e-01,1.8941096762e+00
3.1877466075e+00,1.8918389047e+00,6.7163528533e-01,4.6517220882e-01,7.8240488313e-02,3.8693172051e-01,1.8960610362e+00
3.1908000046e+00,1.8929945646e+00,6.7219534591e-01,4.6502081646e-01,7.8082295248e-02,3.8693852122e-01,1.8980139754e+00
3.1938534017e+00,1.8941509305e+00,6.7275469737e-01,4.6486924062e-01,7.7924404458e-02,3.8694483616e-01,1.8999684977e+00
3.1969067989e+00,1.8953080028e+00,6.7331333980e-01,4.6471748209e-01,7.7766815531e-02,3.8695066656e-01,1.9019246069e+00
3.1999601960e+00,1.8964657819e+00,6.7387127327e-01,4.6456554164e-01,7.7609528055e-02,3.8695601358e-01,1.9038823070e+00
3.2030135931e+00,1.8976242682e+00,6.7442849787e-01,4.6441342006e-01,7.7452541615e-02,3.8696087844e-01,1.9058416017e+00
3.2060669903e+00,1.8987834622e+00,6.7498501368e-01,4.6426111813e-01,7.7295855800e-02,3.8696526233e-01,1.9078024951e+00
3.2091203874e+00,1.8999433643e+00,6.7554082079e-01,4.6410863663e-01,7.7139470195e-02,3.8696916643e-01,1.9097649909e+00
3.2121737845e+00,1.9011039750e+00,6.7609591930e-01,4.6395597632e-01,7.6983384385e-02,3.8697259194e-01,1.9117290932e+00
3.2152271817e+00,1.9022652946e+00,6.7665030931e-01,4.6380313799e-01,7.6827597955e-02,3.8697554003e-01,1.9136948057e+00
3.2182805788e+00,1.9034273237e+00,6.7720399091e-01,4.6365012239e-01,7.6672110489e-02,3.8697801190e-01,1.9156621325e+00
3.2213339759e+00,1.9045900626e+00,6.7775696422e-01,4.6349693030e-01,7.6516921572e-02,3.8698000873e-01,1.9176310773e+00
3.2243873731e+00,1.9057535118e+00,6.7830922932e-01,4.6334356249e-01,7.6362030787e-02,3.8698153170e-01,1.9196016441e+00
3.2274407702e+00,1.9069176717e+00,6.7886078635e-01,4.6319001970e-01,7.6207437717e-02,3.8698258198e-01,1.9215738369e+00
3.2304941673e+00,1.9080825427e+00,6.7941163540e-01,4.6303630271e-01,7.6053141944e-02,3.8698316076e-01,1.9235476595e+00
3.2335475645e+00,1.9092481253e+00,6.7996177660e-01,4.6288241226e-01,7.5899143050e-02,3.8698326921e-01,1.9255231159e+00
3.2366009616e+00,1.9104144200e+00,6.8051121006e-01,4.6272834911e-01,7.5745440618e-02,3.8698290850e-01,1.9275002099e+00
3.2396543587e+00,1.9115814270e+00,6.8105993591e-01,4.6257411403e-01,7.5592034227e-02,3.8698207980e-01,1.9294789455e+00
3.2427077559e+00,1.9127491470e+00,6.8160795428e-01,4.6241970774e-01,7.5438923459e-02,3.8698078428e-01,1.9314593266e+00
3.2457611530e+00,1.9139175803e+00,6.8215526528e-01,4.6226513101e-01,7.5286107894e-02,3.8697902311e-01,1.9334413571e+00
3.2488145501e+00,1.9150867273e+00,6.8270186907e-01,4.6211038457e-01,7.5133587111e-02,3.8697679746e-01,1.9354250410e+00
3.2518679473e+00,1.9162565886e+00,6.8324776576e-01,4.6195546917e-01,7.4981360691e-02,3.8697410848e-01,1.9374103822e+00
3.2549213444e+00,1.9174271644e+00,6.8379295550e-01,4.6180038555e-01,7.4829428213e-02,3.8697095734e-01,1.9393973846e+00
3.2579747415e+00,1.9185984554e+00,6.8433743843e-01,4.6164513445e-01,7.4677789254e-02,3.8696734520e-01,1.9413860522e+00
3.2610281387e+00,1.9197704618e+00,6.8488121470e-01,4.6148971660e-01,7.4526443394e-02,3.8696327321e-01,1.9433763889e+00
3.2640815358e+00,1.9209431841e+00,6.8542428445e-01,4.6133413274e-01,7.4375390209e-02,3.8695874253e-01,1.9453683987e+00
3.2671349329e+00,1.9221166229e+00,6.8596664783e-01,4.6117838359e-01,7.4224629279e-02,3.8695375431e-01,1.9473620854e+00
3.2701883301e+00,1.9232907784e+00,6.8650830500e-01,4.6102246989e-01,7.4074160179e-02,3.8694830971e-01,1.9493574531e+00
3.2732417272e+00,1.9244656513e+00,6.8704925611e-01,4.6086639235e-01,7.3923982487e-02,3.8694240987e-01,1.9513545057e+00
3.2762951243e+00,1.9256412418e+00,6.8758950132e-01,4.6071015172e-01,7.3774095779e-02,3.8693605594e-01,1.9533532472e+00
3.2793485215e+00,1.9268175504e+00,6.8812904080e-01,4.6055374870e-01,7.3624499632e-02,3.8692924906e-01,1.9553536814e+00
3.2824019186e+00,1.9279945776e+00,6.8866787471e-01,4.6039718401e-01,7.3475193621e-02,3.8692199039e-01,1.9573558124e+00
3.2854553158e+00,1.9291723238e+00,6.8920600322e-01,4.6024045838e-01,7.3326177321e-02,3.8691428106e-01,1.9593596442e+00
3.2885087129e+00,1.9303507894e+00,6.8974342650e-01,4.6008357251e-01,7.3177450309e-02,3.8690612220e-01,1.9613651806e+00
3.2915621100e+00,1.9315299749e+00,6.9028014473e-01,4.5992652712e-01,7.3029012158e-02,3.8689751497e-01,1.9633724258e+00
3.2946155072e+00,1.9327098808e+00,6.9081615809e-01,4.5976932293e-01,7.2880862443e-02,3.8688846048e-01,1.9653813835e+00
3.2976689043e+00,1.9338905074e+00,6.9135146674e-01,4.5961196063e-01,7.2733000739e-02,3.8687895989e-01,1.9673920579e+00
3.3007223014e+00,1.9350718552e+00,6.9188607089e-01,4.5945444093e-01,7.2585426620e-02,3.8686901431e-01,1.9694044529e+00
3.3037756986e+00,1.9362539247e+00,6.9241997071e-01,4.5929676455e-01,7.2438139659e-02,3.8685862489e-01,1.9714185724e+00
3.3068290957e+00,1.9374367163e+00,6.9295316639e-01,4.5913893217e-01,7.2291139430e-02,3.8684779274e-01,1.9734344205e+00
3.3098824928e+00,1.9386202303e+00,6.9348565813e-01,4.5898094450e-01,7.2144425507e-02,3.8683651899e-01,1.9754520012e+00
3.3129358900e+00,1.9398044674e+00,6.9401744612e-01,4.5882280223e-01,7.1997997461e-02,3.8682480477e-01,1.9774713184e+00
3.3159892871e+00,1.9409894278e+00,6.9454853056e-01,4.5866450606e-01,7.1851854867e-02,3.8681265120e-01,1.9794923761e+00
3.3190426842e+00,1.9421751122e+00,6.9507891164e-01,4.5850605669e-01,7.1705997295e-02,3.8680005939e-01,1.9815151783e+00
3.3220960814e+00,1.9433615208e+00,6.9560858958e-01,4.5834745479e-01,7.1560424320e-02,3.8678703047e-01,1.9835397291e+00
3.3251494785e+00,1.9445486541e+00,6.9613756458e-01,4.5818870107e-01,7.1415135512e-02,3.8677356555e-01,1.9855660324e+00
3.3282028756e+00,1.9457365126e+00,6.9666583684e-01,4.5802979620e-01,7.1270130444e-02,3.8675966575e-01,1.9875940922e+00
3.3312562728e+00,1.9469250968e+00,6.9719340659e-01,4.5787074087e-01,7.1125408687e-02,3.8674533218e-01,1.9896239126e+00
3.3343096699e+00,1.9481144070e+00,6.9772027403e-01,4.5771153576e-01,7.0980969812e-02,3.8673056595e-01,1.9916554975e+00
3.3373630670e+00,1.9493044437e+00,6.9824643938e-01,4.5755218156e-01,7.0836813391e-02,3.8671536816e-01,1.9936888511e+00
3.3404164642e+00,1.9504952074e+00,6.9877190286e-01,4.5739267893e-01,7.0692938996e-02,3.8669973993e-01,1.9957239771e+00
3.3434698613e+00,1.9516866984e+00,6.9929666470e-01,4.5723302855e-01,7.0549346195e-02,3.8668368236e-01,1.9977608799e+00
3.3465232584e+00,1.9528789173e+00,6.9982072512e-01,4.5707323111e-01,7.0406034562e-02,3.8666719654e-01,1.9997995632e+00
3.3495766556e+00,1.9540718645e+00,7.0034408435e-01,4.5691328726e-01,7.0263003665e-02,3.8665028359e-01,2.0018400312e+00
3.3526300527e+00,1.9552655405e+00,7.0086674263e-01,4.5675319767e-01,7.0120253075e-02,3.8663294460e-01,2.0038822879e+00
3.3556834498e+00,1.9564599456e+00,7.0138870017e-01,4.5659296302e-01,6.9977782363e-02,3.8661518066e-01,2.0059263373e+00
3.3587368470e+00,1.9576550803e+00,7.0190995723e-01,4.5643258397e-01,6.9835591098e-02,3.8659699287e-01,2.0079721835e+00
3.3617902441e+00,1.9588509451e+00,7.0243051404e-01,4.5627206118e-01,6.9693678851e-02,3.8657838233e-01,2.0100198305e+00
3.3648436412e+00,1.9600475404e+00,7.0295037084e-01,4.5611139531e-01,6.9552045191e-02,3.8655935011e-01,2.0120692824e+00
3.3678970384e+00,1.9612448666e+00,7.0346952789e-01,4.5595058701e-01,6.9410689687e-02,3.8653989733e-01,2.0141205431e+00
3.3709504355e+00,1.9624429243e+00,7.0398798541e-01,4.5578963696e-01,6.9269611910e-02,3.8652002505e-01,2.0161736168e+00
3.3740038326e+00,1.9636417138e+00,7.0450574367e-01,4.5562854579e-01,6.9128811429e-02,3.8649973437e-01,2.0182285075e+00
3.3770572298e+00,1.9648412357e+00,7.0502280292e-01,4.5546731417e-01,6.8988287813e-02,3.8647902636e-01,2.0202852193e+00
3.3801106269e+00,1.9660414902e+00,7.0553916341e-01,4.5530594274e-01,6.8848040631e-02,3.8645790211e-01,2.0223437562e+00
3.3831640240e+00,1.9672424780e+00,7.0605482540e-01,4.5514443216e-01,6.8708069452e-02,3.8643636270e-01,2.0244041223e+00
3.3862174212e+00,1.9684441994e+00,7.0656978915e-01,4.5498278306e-01,6.8568373846e-02,3.8641440921e-01,2.0264663216e+00
3.3892708183e+00,1.9696466549e+00,7.0708405493e-01,4.5482099609e-01,6.8428953380e-02,3.8639204271e-01,2.0285303582e+00
3.3923242154e+00,1.9708498449e+00,7.0759762300e-01,4.5465907189e-01,6.8289807625e-02,3.8636926427e-01,2.0305962363e+00
3.3953776126e+00,1.9720537699e+00,7.0811049362e-01,4.5449701111e-01,6.8150936149e-02,3.8634607496e-01,2.0326639598e+00
3.3984310097e+00,1.9732584304e+00,7.0862266707e-01,4.5433481438e-01,6.8012338520e-02,3.8632247586e-01,2.0347335329e+00
3.4014844068e+00,1.9744638267e+00,7.0913414363e-01,4.5417248234e-01,6.7874014308e-02,3.8629846803e-01,2.0368049596e+00
3.4045378040e+00,1.9756699594e+00,7.0964492356e-01,4.5401001562e-01,6.7735963080e-02,3.8627405254e-01,2.0388782441e+00
3.4075912011e+00,1.9768768289e+00,7.1015500715e-01,4.5384741486e-01,6.7598184406e-02,3.8624923045e-01,2.0409533904e+00
3.4106445982e+00,1.9780844356e+00,7.1066439467e-01,4.5368468068e-01,6.7460677853e-02,3.8622400283e-01,2.0430304025e+00
3.4136979954e+00,1.9792927800e+00,7.1117308642e-01,4.5352181372e-01,6.7323442990e-02,3.8619837073e-01,2.0451092847e+00
3.4167513925e+00,1.9805018625e+00,7.1168108266e-01,4.5335881459e-01,6.7186479386e-02,3.8617233520e-01,2.0471900411e+00
3.4198047896e+00,1.9817116836e+00,7.1218838371e-01,4.5319568393e-01,6.7049786609e-02,3.8614589732e-01,2.0492726756e+00
3.4228581868e+00,1.9829222438e+00,7.1269498984e-01,4.5303242235e-01,6.6913364228e-02,3.8611905813e-01,2.0513571925e+00
3.4259115839e+00,1.9841335434e+00,7.1320090134e-01,4.5286903048e-01,6.6777211810e-02,3.8609181867e-01,2.0534435958e+00
3.4289649810e+00,1.9853455830e+00,7.1370611852e-01,4.5270550894e-01,6.6641328924e-02,3.8606418002e-01,2.0555318897e+00
3.4320183782e+00,1.9865583630e+00,7.1421064167e-01,4.5254185834e-01,6.6505715138e-02,3.8603614320e-01,2.0576220782e+00
3.4350717753e+00,1.9877718838e+00,7.1471447109e-01,4.5237807930e-01,6.6370370021e-02,3.8600770927e-01,2.0597141655e+00
3.4381251724e+00,1.9889861459e+00,7.1521760709e-01,4.5221417242e-01,6.6235293141e-02,3.8597887928e-01,2.0618081558e+00
3.4411785696e+00,1.9902011498e+00,7.1572004997e-01,4.5205013833e-01,6.6100484067e-02,3.8594965426e-01,2.0639040532e+00
3.4442319667e+00,1.9914168958e+00,7.1622180003e-01,4.5188597762e-01,6.5965942366e-02,3.8592003526e-01,2.0660018617e+00
3.4472853638e+00,1.9926333846e+00,7.1672285759e-01,4.5172169091e-01,6.5831667607e-02,3.8589002331e-01,2.0681015855e+00
3.4503387610e+00,1.9938506164e+00,7.1722322296e-01,4.5155727881e-01,6.5697659359e-02,3.8585961945e-01,2.0702032289e+00
3.4533921581e+00,1.9950685918e+00,7.1772289646e-01,4.5139274191e-01,6.5563917190e-02,3.8582882472e-01,2.0723067958e+00
3.4564455552e+00,1.9962873113e+00,7.1822187840e-01,4.5122808081e-01,6.5430440668e-02,3.8579764014e-01,2.0744122905e+00
3.4594989524e+00,1.9975067752e+00,7.1872016910e-01,4.5106329612e-01,6.5297229363e-02,3.8576606676e-01,2.0765197171e+00
3.4625523495e+00,1.9987269840e+00,7.1921776888e-01,4.5089838844e-01,6.5164282841e-02,3.8573410560e-01,2.0786290798e+00
3.4656057466e+00,1.9999479382e+00,7.1971467807e-01,4.5073335836e-01,6.5031600673e-02,3.8570175768e-01,2.0807403827e+00
3.4686591438e+00,2.0011696383e+00,7.2021089699e-01,4.5056820647e-01,6.4899182427e-02,3.8566902404e-01,2.0828536300e+00
3.4717125409e+00,2.0023920846e+00,7.2070642597e-01,4.5040293336e-01,6.4767027671e-02,3.8563590569e-01,2.0849688259e+00
3.4747659380e+00,2.0036152777e+00,7.2120126535e-01,4.5023753964e-01,6.4635135975e-02,3.8560240366e-01,2.0870859745e+00
3.4778193352e+00,2.0048392180e+00,7.2169541545e-01,4.5007202588e-01,6.4503506907e-02,3.8556851897e-01,2.0892050801e+00
3.4808727323e+00,2.0060639060e+00,7.2218887662e-01,4.4990639267e-01,6.4372140036e-02,3.8553425263e-01,2.0913261467e+00
3.4839261294e+00,2.0072893421e+00,7.2268164918e-01,4.4974064060e-01,6.4241034931e-02,3.8549960567e-01,2.0934491785e+00
3.4869795266e+00,2.0085155268e+00,7.2317373348e-01,4.4957477024e-01,6.4110191162e-02,3.8546457908e-01,2.0955741799e+00
3.4900329237e+00,2.0097424605e+00,7.2366512987e-01,4.4940878219e-01,6.3979608297e-02,3.8542917390e-01,2.0977011548e+00
3.4930863208e+00,2.0109701437e+00,7.2415583868e-01,4.4924267703e-01,6.3849285906e-02,3.8539339112e-01,2.0998301076e+00
3.4961397180e+00,2.0121985768e+00,7.2464586026e-01,4.4907645532e-01,6.3719223558e-02,3.8535723176e-01,2.1019610425e+00
3.4991931151e+00,2.0134277604e+00,7.2513519496e-01,4.4891011764e-01,6.3589420823e-02,3.8532069682e-01,2.1040939636e+00
3.5022465122e+00,2.0146576948e+00,7.2562384314e-01,4.4874366457e-01,6.3459877271e-02,3.8528378730e-01,2.1062288751e+00
3.5052999094e+00,2.0158883805e+00,7.2611180514e-01,4.4857709669e-01,6.3330592470e-02,3.8524650422e-01,2.1083657813e+00
3.5083533065e+00,2.0171198181e+00,7.2659908132e-01,4.4841041456e-01,6.3201565992e-02,3.8520884856e-01,2.1105046863e+00
3.5114067036e+00,2.0183520078e+00,7.2708567204e-01,4.4824361874e-01,6.3072797405e-02,3.8517082134e-01,2.1126455944e+00
3.5144601008e+00,2.0195849503e+00,7.2757157766e-01,4.4807670982e-01,6.2944286281e-02,3.8513242354e-01,2.1147885099e+00
3.5175134979e+00,2.0208186459e+00,7.2805679853e-01,4.4790968835e-01,6.2816032188e-02,3.8509365616e-01,2.1169334368e+00
3.5205668950e+00,2.0220530952e+00,7.2854133503e-01,4.4774255490e-01,6.2688034699e-02,3.8505452020e-01,2.1190803795e+00
3.5236202922e+00,2.0232882985e+00,7.2902518752e-01,4.4757531002e-01,6.2560293382e-02,3.8501501664e-01,2.1212293422e+00
3.5266736893e+00,2.0245242564e+00,7.2950835637e-01,4.4740795429e-01,6.2432807810e-02,3.8497514648e-01,2.1233803292e+00
3.5297270864e+00,2.0257609693e+00,7.2999084194e-01,4.4724048825e-01,6.2305577552e-02,3.8493491070e-01,2.1255333445e+00
3.5327804836e+00,2.0269984377e+00,7.3047264462e-01,4.4707291247e-01,6.2178602179e-02,3.8489431029e-01,2.1276883927e+00
3.5358338807e+00,2.0282366620e+00,7.3095376477e-01,4.4690522750e-01,6.2051881263e-02,3.8485334623e-01,2.1298454777e+00
3.5388872778e+00,2.0294756426e+00,7.3143420276e-01,4.4673743389e-01,6.1925414375e-02,3.8481201951e-01,2.1320046040e+00
3.5419406750e+00,2.0307153802e+00,7.3191395899e-01,4.4656953219e-01,6.1799201087e-02,3.8477033111e-01,2.1341657757e+00
3.5449940721e+00,2.0319558750e+00,7.3239303383e-01,4.4640152296e-01,6.1673240969e-02,3.8472828199e-01,2.1363289972e+00
3.5480474692e+00,2.0331971276e+00,7.3287142766e-01,4.4623340675e-01,6.1547533594e-02,3.8468587315e-01,2.1384942727e+00
3.5511008664e+00,2.0344391385e+00,7.3334914087e-01,4.4606518409e-01,6.1422078534e-02,3.8464310555e-01,2.1406616065e+00
3.5541542635e+00,2.0356819080e+00,7.3382617384e-01,4.4589685553e-01,6.1296875361e-02,3.8459998017e-01,2.1428310028e+00
3.5572076606e+00,2.0369254367e+00,7.3430252696e-01,4.4572842163e-01,6.1171923646e-02,3.8455649798e-01,2.1450024659e+00
3.5602610578e+00,2.0381697251e+00,7.3477820062e-01,4.4555988291e-01,6.1047222964e-02,3.8451265995e-01,2.1471760001e+00
3.5633144549e+00,2.0394147735e+00,7.3525319522e-01,4.4539123992e-01,6.0922772886e-02,3.8446846704e-01,2.1493516097e+00
3.5663678520e+00,2.0406605825e+00,7.3572751115e-01,4.4522249320e-01,6.0798572985e-02,3.8442392022e-01,2.1515292989e+00
3.5694212492e+00,2.0419071526e+00,7.3620114881e-01,4.4505364329e-01,6.0674622834e-02,3.8437902045e-01,2.1537090722e+00
3.5724746463e+00,2.0431544841e+00,7.3667410859e-01,4.4488469071e-01,6.0550922007e-02,3.8433376870e-01,2.1558909337e+00
3.5755280434e+00,2.0444025775e+00,7.3714639089e-01,4.4471563600e-01,6.0427470078e-02,3.8428816593e-01,2.1580748877e+00
3.5785814406e+00,2.0456514334e+00,7.3761799613e-01,4.4454647970e-01,6.0304266619e-02,3.8424221308e-01,2.1602609387e+00
3.5816348377e+00,2.0469010522e+00,7.3808892469e-01,4.4437722234e-01,6.0181311205e-02,3.8419591113e-01,2.1624490908e+00
3.5846882348e+00,2.0481514343e+00,7.3855917699e-01,4.4420786443e-01,6.0058603410e-02,3.8414926102e-01,2.1646393485e+00
3.5877416320e+00,2.0494025802e+00,7.3902875344e-01,4.4403840652e-01,5.9936142808e-02,3.8410226371e-01,2.1668317160e+00
3.5907950291e+00,2.0506544904e+00,7.3949765445e-01,4.4386884912e-01,5.9813928975e-02,3.8405492014e-01,2.1690261976e+00
3.5938484262e+00,2.0519071654e+00,7.3996588042e-01,4.4369919275e-01,5.9691961484e-02,3.8400723127e-01,2.1712227977e+00
3.5969018234e+00,2.0531606056e+00,7.4043343177e-01,4.4352943795e-01,5.9570239911e-02,3.8395919804e-01,2.1734215206e+00
3.5999552205e+00,2.0544148114e+00,7.4090030892e-01,4.4335958523e-01,5.9448763832e-02,3.8391082140e-01,2.1756223707e+00
3.6030086176e+00,2.0556697834e+00,7.4136651229e-01,4.4318963511e-01,5.9327532821e-02,3.8386210229e-01,2.1778253522e+00
3.6060620148e+00,2.0569255221e+00,7.4183204229e-01,4.4301958811e-01,5.9206546454e-02,3.8381304165e-01,2.1800304696e+00
3.6091154119e+00,2.0581820278e+00,7.4229689935e-01,4.4284944473e-01,5.9085804309e-02,3.8376364042e-01,2.1822377271e+00
3.6121688090e+00,2.0594393011e+00,7.4276108388e-01,4.4267920551e-01,5.8965305960e-02,3.8371389955e-01,2.1844471292e+00
3.6152222062e+00,2.0606973424e+00,7.4322459632e-01,4.4250887094e-01,5.8845050984e-02,3.8366381996e-01,2.1866586802e+00
3.6182756033e+00,2.0619561522e+00,7.4368743708e-01,4.4233844155e-01,5.8725038959e-02,3.8361340259e-01,2.1888723845e+00
3.6213290004e+00,2.0632157309e+00,7.4414960661e-01,4.4216791783e-01,5.8605269461e-02,3.8356264837e-01,2.1910882464e+00
3.6243823976e+00,2.0644760791e+00,7.4461110532e-01,4.4199730030e-01,5.8485742068e-02,3.8351155823e-01,2.1933062702e+00
3.6274357947e+00,2.0657371972e+00,7.4507193366e-01,4.4182658947e-01,5.8366456357e-02,3.8346013311e-01,2.1955264605e+00
3.6304891918e+00,2.0669990857e+00,7.4553209205e-01,4.4165578583e-01,5.8247411906e-02,3.8340837392e-01,2.1977488215e+00
3.6335425890e+00,2.0682617450e+00,7.4599158093e-01,4.4148488989e-01,5.8128608293e-02,3.8335628160e-01,2.1999733577e+00
3.6365959861e+00,2.0695251757e+00,7.4645040073e-01,4.4131390216e-01,5.8010045097e-02,3.8330385707e-01,2.2022000734e+00
3.6396493832e+00,2.0707893781e+00,7.4690855190e-01,4.4114282314e-01,5.7891721897e-02,3.8325110124e-01,2.2044289730e+00
3.6427027804e+00,2.0720543528e+00,7.4736603488e-01,4.4097165331e-01,5.7773638270e-02,3.8319801504e-01,2.2066600609e+00
3.6457561775e+00,2.0733201002e+00,7.4782285011e-01,4.4080039319e-01,5.7655793797e-02,3.8314459939e-01,2.2088933416e+00
3.6488095746e+00,2.0745866208e+00,7.4827899804e-01,4.4062904326e-01,5.7538188057e-02,3.8309085520e-01,2.2111288194e+00
3.6518629718e+00,2.0758539151e+00,7.4873447910e-01,4.4045760402e-01,5.7420820631e-02,3.8303678339e-01,2.2133664988e+00
3.6549163689e+00,2.0771219835e+00,7.4918929375e-01,4.4028607597e-01,5.7303691097e-02,3.8298238487e-01,2.2156063842e+00
3.6579697660e+00,2.0783908265e+00,7.4964344244e-01,4.4011445958e-01,5.7186799037e-02,3.8292766055e-01,2.2178484799e+00
3.6610231632e+00,2.0796604447e+00,7.5009692561e-01,4.3994275536e-01,5.7070144031e-02,3.8287261133e-01,2.2200927904e+00
3.6640765603e+00,2.0809308384e+00,7.5054974373e-01,4.3977096379e-01,5.6953725660e-02,3.8281723813e-01,2.2223393202e+00
3.6671299574e+00,2.0822020081e+00,7.5100189724e-01,4.3959908536e-01,5.6837543507e-02,3.8276154186e-01,2.2245880737e+00
3.6701833546e+00,2.0834739544e+00,7.5145338660e-01,4.3942712056e-01,5.6721597151e-02,3.8270552341e-01,2.2268390553e+00
3.6732367517e+00,2.0847466777e+00,7.5190421227e-01,4.3925506986e-01,5.6605886176e-02,3.8264918368e-01,2.2290922695e+00
3.6762901489e+00,2.0860201784e+00,7.5235437471e-01,4.3908293375e-01,5.6490410163e-02,3.8259252358e-01,2.2313477207e+00
3.6793435460e+00,2.0872944570e+00,7.5280387437e-01,4.3891071271e-01,5.6375168696e-02,3.8253554401e-01,2.2336054134e+00
3.6823969431e+00,2.0885695141e+00,7.5325271173e-01,4.3873840722e-01,5.6260161357e-02,3.8247824586e-01,2.2358653520e+00
3.6854503403e+00,2.0898453501e+00,7.5370088725e-01,4.3856601775e-01,5.6145387729e-02,3.8242063002e-01,2.2381275411e+00
3.6885037374e+00,2.0911219654e+00,7.5414840138e-01,4.3839354479e-01,5.6030847396e-02,3.8236269740e-01,2.2403919849e+00
3.6915571345e+00,2.0923993605e+00,7.5459525460e-01,4.3822098881e-01,5.5916539942e-02,3.8230444887e-01,2.2426586882e+00
3.6946105317e+00,2.0936775360e+00,7.5504144739e-01,4.3804835029e-01,5.5802464951e-02,3.8224588534e-01,2.2449276552e+00
3.6976639288e+00,2.0949564923e+00,7.5548698020e-01,4.3787562968e-01,5.5688622008e-02,3.8218700768e-01,2.2471988906e+00
3.7007173259e+00,2.0962362298e+00,7.5593185351e-01,4.3770282748e-01,5.5575010697e-02,3.8212781678e-01,2.2494723987e+00
3.7037707231e+00,2.0975167491e+00,7.5637606779e-01,4.3752994414e-01,5.5461630604e-02,3.8206831353e-01,2.2517481842e+00
3.7068241202e+00,2.0987980506e+00,7.5681962352e-01,4.3735698013e-01,5.5348481315e-02,3.8200849881e-01,2.2540262514e+00
3.7098775173e+00,2.1000801349e+00,7.5726252118e-01,4.3718393592e-01,5.5235562415e-02,3.8194837351e-01,2.2563066049e+00
3.7129309145e+00,2.1013630023e+00,7.5770476124e-01,4.3701081198e-01,5.5122873490e-02,3.8188793849e-01,2.2585892492e+00
3.7159843116e+00,2.1026466533e+00,7.5814634419e-01,4.3683760876e-01,5.5010414128e-02,3.8182719463e-01,2.2608741888e+00
3.7190377087e+00,2.1039310885e+00,7.5858727050e-01,4.3666432674e-01,5.4898183915e-02,3.8176614282e-01,2.2631614282e+00
3.7220911059e+00,2.1052163084e+00,7.5902754066e-01,4.3649096636e-01,5.4786182439e-02,3.8170478392e-01,2.2654509720e+00
3.7251445030e+00,2.1065023133e+00,7.5946715515e-01,4.3631752810e-01,5.4674409287e-02,3.8164311881e-01,2.2677428247e+00
3.7281979001e+00,2.1077891038e+00,7.5990611445e-01,4.3614401241e-01,5.4562864047e-02,3.8158114836e-01,2.2700369907e+00
3.7312512973e+00,2.1090766803e+00,7.6034441907e-01,4.3597041974e-01,5.4451546308e-02,3.8151887343e-01,2.2723334747e+00
3.7343046944e+00,2.1103650434e+00,7.6078206947e-01,4.3579675055e-01,5.4340455659e-02,3.8145629490e-01,2.2746322812e+00
3.7373580915e+00,2.1116541935e+00,7.6121906617e-01,4.3562300530e-01,5.4229591688e-02,3.8139341362e-01,2.2769334147e+00
3.7404114887e+00,2.1129441311e+00,7.6165540963e-01,4.3544918444e-01,5.4118953986e-02,3.8133023046e-01,2.2792368798e+00
3.7434648858e+00,2.1142348567e+00,7.6209110037e-01,4.3527528842e-01,5.4008542141e-02,3.8126674628e-01,2.2815426811e+00
3.7465182829e+00,2.1155263707e+00,7.6252613887e-01,4.3510131768e-01,5.3898355745e-02,3.8120296194e-01,2.2838508230e+00
3.7495716801e+00,2.1168186737e+00,7.6296052562e-01,4.3492727269e-01,5.3788394388e-02,3.8113887830e-01,2.2861613102e+00
3.7526250772e+00,2.1181117661e+00,7.6339426114e-01,4.3475315388e-01,5.3678657661e-02,3.8107449622e-01,2.2884741473e+00
3.7556784743e+00,2.1194056484e+00,7.6382734591e-01,4.3457896170e-01,5.3569145155e-02,3.8100981654e-01,2.2907893387e+00
3.7587318715e+00,2.1207003211e+00,7.6425978043e-01,4.3440469659e-01,5.3459856463e-02,3.8094484013e-01,2.2931068892e+00
3.7617852686e+00,2.1219957847e+00,7.6469156522e-01,4.3423035900e-01,5.3350791176e-02,3.8087956783e-01,2.2954268033e+00
3.7648386657e+00,2.1232920396e+00,7.6512270076e-01,4.3405594938e-01,5.3241948887e-02,3.8081400049e-01,2.2977490856e+00
3.7678920629e+00,2.1245890864e+00,7.6555318756e-01,4.3388146815e-01,5.3133329188e-02,3.8074813896e-01,2.3000737406e+00
3.7709454600e+00,2.1258869255e+00,7.6598302614e-01,4.3370691577e-01,5.3024931674e-02,3.8068198409e-01,2.3024007730e+00
3.7739988571e+00,2.1271855574e+00,7.6641221699e-01,4.3353229266e-01,5.2916755937e-02,3.8061553672e-01,2.3047301874e+00
3.7770522543e+00,2.1284849826e+00,7.6684076063e-01,4.3335759927e-01,5.2808801573e-02,3.8054879770e-01,2.3070619884e+00
3.7801056514e+00,2.1297852015e+00,7.6726865757e-01,4.3318283603e-01,5.2701068175e-02,3.8048176785e-01,2.3093961807e+00
3.7831590485e+00,2.1310862147e+00,7.6769590831e-01,4.3300800337e-01,5.2593555338e-02,3.8041444803e-01,2.3117327688e+00
3.7862124457e+00,2.1323880227e+00,7.6812251337e-01,4.3283310173e-01,5.2486262658e-02,3.8034683907e-01,2.3140717574e+00
3.7892658428e+00,2.1336906259e+00,7.6854847326e-01,4.3265813153e-01,5.2379189731e-02,3.8027894180e-01,2.3164131510e+00
3.7923192399e+00,2.1349940248e+00,7.6897378850e-01,4.3248309322e-01,5.2272336152e-02,3.8021075707e-01,2.3187569545e+00
3.7953726371e+00,2.1362982199e+00,7.6939845960e-01,4.3230798721e-01,5.2165701518e-02,3.8014228569e-01,2.3211031723e+00
3.7984260342e+00,2.1376032117e+00,7.6982248709e-01,4.3213281394e-01,5.2059285426e-02,3.8007352851e-01,2.3234518092e+00
3.8014794313e+00,2.1389090007e+00,7.7024587147e-01,4.3195757382e-01,5.1953087473e-02,3.8000448635e-01,2.3258028698e+00
3.8045328285e+00,2.1402155873e+00,7.7066861328e-01,4.3178226729e-01,5.1847107258e-02,3.7993516004e-01,2.3281563587e+00
3.8075862256e+00,2.1415229721e+00,7.7109071302e-01,4.3160689478e-01,5.1741344378e-02,3.7986555040e-01,2.3305122807e+00
3.8106396227e+00,2.1428311555e+00,7.7151217124e-01,4.3143145669e-01,5.1635798431e-02,3.7979565826e-01,2.3328706404e+00
3.8136930199e+00,2.1441401381e+00,7.7193298844e-01,4.3125595345e-01,5.1530469018e-02,3.7972548444e-01,2.3352314424e+00
3.8167464170e+00,2.1454499202e+00,7.7235316516e-01,4.3108038549e-01,5.1425355736e-02,3.7965502976e-01,2.3375946915e+00
3.8197998141e+00,2.1467605025e+00,7.7277270191e-01,4.3090475322e-01,5.1320458187e-02,3.7958429504e-01,2.3399603924e+00
3.8228532113e+00,2.1480718853e+00,7.7319159924e-01,4.3072905706e-01,5.1215775970e-02,3.7951328109e-01,2.3423285497e+00
3.8259066084e+00,2.1493840693e+00,7.7360985766e-01,4.3055329742e-01,5.1111308687e-02,3.7944198874e-01,2.3446991681e+00
3.8289600055e+00,2.1506970548e+00,7.7402747772e-01,4.3037747473e-01,5.1007055937e-02,3.7937041879e-01,2.3470722524e+00
3.8320134027e+00,2.1520108423e+00,7.7444445993e-01,4.3020158938e-01,5.0903017323e-02,3.7929857206e-01,2.3494478073e+00
3.8350667998e+00,2.1533254324e+00,7.7486080483e-01,4.3002564181e-01,5.0799192447e-02,3.7922644936e-01,2.3518258374e+00
3.8381201969e+00,2.1546408255e+00,7.7527651296e-01,4.2984963240e-01,5.0695580911e-02,3.7915405149e-01,2.3542063475e+00
3.8411735941e+00,2.1559570222e+00,7.7569158484e-01,4.2967356159e-01,5.0592182318e-02,3.7908137927e-01,2.3565893423e+00
3.8442269912e+00,2.1572740229e+00,7.7610602103e-01,4.2949742977e-01,5.0488996271e-02,3.7900843350e-01,2.3589748266e+00
3.8472803883e+00,2.1585918281e+00,7.7651982205e-01,4.2932123736e-01,5.0386022375e-02,3.7893521498e-01,2.3613628050e+00
3.8503337855e+00,2.1599104383e+00,7.7693298844e-01,4.2914498475e-01,5.0283260232e-02,3.7886172452e-01,2.3637532824e+00
3.8533871826e+00,2.1612298540e+00,7.7734552074e-01,4.2896867236e-01,5.0180709448e-02,3.7878796291e-01,2.3661462634e+00
3.8564405797e+00,2.1625500757e+00,7.7775741949e-01,4.2879230059e-01,5.0078369628e-02,3.7871393096e-01,2.3685417529e+00
3.8594939769e+00,2.1638711039e+00,7.7816868524e-01,4.2861586984e-01,4.9976240376e-02,3.7863962946e-01,2.3709397556e+00
3.8625473740e+00,2.1651929390e+00,7.7857931853e-01,4.2843938051e-01,4.9874321301e-02,3.7856505921e-01,2.3733402762e+00
3.8656007711e+00,2.1665155816e+00,7.7898931990e-01,4.2826283300e-01,4.9772612006e-02,3.7849022100e-01,2.3757433196e+00
3.8686541683e+00,2.1678390321e+00,7.7939868990e-01,4.2808622772e-01,4.9671112100e-02,3.7841511562e-01,2.3781488904e+00
3.8717075654e+00,2.1691632911e+00,7.7980742907e-01,4.2790956505e-01,4.9569821189e-02,3.7833974387e-01,2.3805569936e+00
3.8747609625e+00,2.1704883591e+00,7.8021553796e-01,4.2773284541e-01,4.9468738882e-02,3.7826410652e-01,2.3829676338e+00
3.8778143597e+00,2.1718142365e+00,7.8062301712e-01,4.2755606917e-01,4.9367864786e-02,3.7818820439e-01,2.3853808158e+00
3.8808677568e+00,2.1731409238e+00,7.8102986710e-01,4.2737923674e-01,4.9267198510e-02,3.7811203823e-01,2.3877965446e+00
3.8839211539e+00,2.1744684216e+00,7.8143608845e-01,4.2720234851e-01,4.9166739664e-02,3.7803560885e-01,2.3902148248e+00
3.8869745511e+00,2.1757967302e+00,7.8184168172e-01,4.2702540488e-01,4.9066487855e-02,3.7795891702e-01,2.3926356613e+00
3.8900279482e+00,2.1771258503e+00,7.8224664746e-01,4.2684840622e-01,4.8966442696e-02,3.7788196352e-01,2.3950590588e+00
3.8930813453e+00,2.1784557823e+00,7.8265098624e-01,4.2667135294e-01,4.8866603796e-02,3.7780474914e-01,2.3974850223e+00
3.8961347425e+00,2.1797865267e+00,7.8305469860e-01,4.2649424541e-01,4.8766970765e-02,3.7772727465e-01,2.3999135566e+00
3.8991881396e+00,2.1811180841e+00,7.8345778510e-01,4.2631708404e-01,4.8667543216e-02,3.7764954082e-01,2.4023446664e+00
3.9022415367e+00,2.1824504548e+00,7.8386024629e-01,4.2613986920e-01,4.8568320760e-02,3.7757154844e-01,2.4047783567e+00
3.9052949339e+00,2.1837836394e+00,7.8426208274e-01,4.2596260128e-01,4.8469303010e-02,3.7749329827e-01,2.4072146322e+00
3.9083483310e+00,2.1851176384e+00,7.8466329501e-01,4.2578528066e-01,4.8370489578e-02,3.7741479109e-01,2.4096534978e+00
3.9114017281e+00,2.1864524524e+00,7.8506388365e-01,4.2560790773e-01,4.8271880077e-02,3.7733602765e-01,2.4120949584e+00
3.9144551253e+00,2.1877880817e+00,7.8546384922e-01,4.2543048287e-01,4.8173474121e-02,3.7725700875e-01,2.4145390189e+00
3.9175085224e+00,2.1891245269e+00,7.8586319229e-01,4.2525300645e-01,4.8075271325e-02,3.7717773513e-01,2.4169856840e+00
3.9205619195e+00,2.1904617885e+00,7.8626191342e-01,4.2507547886e-01,4.7977271302e-02,3.7709820756e-01,2.4194349587e+00
3.9236153167e+00,2.1917998669e+00,7.8666001318e-01,4.2489790048e-01,4.7879473669e-02,3.7701842681e-01,2.4218868479e+00
3.9266687138e+00,2.1931387628e+00,7.8705749213e-01,4.2472027168e-01,4.7781878040e-02,3.7693839364e-01,2.4243413565e+00
3.9297221109e+00,2.1944784765e+00,7.8745435083e-01,4.2454259284e-01,4.7684484032e-02,3.7685810881e-01,2.4267984893e+00
3.9327755081e+00,2.1958190087e+00,7.8785058985e-01,4.2436486434e-01,4.7587291260e-02,3.7677757308e-01,2.4292582512e+00
3.9358289052e+00,2.1971603597e+00,7.8824620977e-01,4.2418708654e-01,4.7490299343e-02,3.7669678720e-01,2.4317206472e+00
3.9388823023e+00,2.1985025301e+00,7.8864121115e-01,4.2400925982e-01,4.7393507898e-02,3.7661575193e-01,2.4341856822e+00
3.9419356995e+00,2.1998455204e+00,7.8903559455e-01,4.2383138456e-01,4.7296916542e-02,3.7653446802e-01,2.4366533610e+00
3.9449890966e+00,2.2011893311e+00,7.8942936056e-01,4.2365346111e-01,4.7200524894e-02,3.7645293622e-01,2.4391236886e+00
3.9480424937e+00,2.2025339626e+00,7.8982250974e-01,4.2347548986e-01,4.7104332573e-02,3.7637115729e-01,2.4415966700e+00
3.9510958909e+00,2.2038794156e+00,7.9021504266e-01,4.2329747117e-01,4.7008339198e-02,3.7628913197e-01,2.4440723100e+00
3.9541492880e+00,2.2052256904e+00,7.9060695990e-01,4.2311940541e-01,4.6912544389e-02,3.7620686102e-01,2.4465506136e+00
3.9572026851e+00,2.2065727877e+00,7.9099826204e-01,4.2294129294e-01,4.6816947767e-02,3.7612434517e-01,2.4490315858e+00
3.9602560823e+00,2.2079207078e+00,7.9138894964e-01,4.2276313413e-01,4.6721548952e-02,3.7604158517e-01,2.4515152315e+00
3.9633094794e+00,2.2092694514e+00,7.9177902329e-01,4.2258492934e-01,4.6626347566e-02,3.7595858177e-01,2.4540015556e+00
3.9663628765e+00,2.2106190188e+00,7.9216848356e-01,4.2240667893e-01,4.6531343231e-02,3.7587533570e-01,2.4564905632e+00
3.9694162737e+00,2.2119694106e+00,7.9255733102e-01,4.2222838327e-01,4.6436535568e-02,3.7579184771e-01,2.4589822592e+00
3.9724696708e+00,2.2133206274e+00,7.9294556627e-01,4.2205004272e-01,4.6341924200e-02,3.7570811852e-01,2.4614766486e+00
3.9755230679e+00,2.2146726695e+00,7.9333318988e-01,4.2187165764e-01,4.6247508752e-02,3.7562414889e-01,2.4639737363e+00
3.9785764651e+00,2.2160255376e+00,7.9372020242e-01,4.2169322839e-01,4.6153288846e-02,3.7553993954e-01,2.4664735274e+00
3.9816298622e+00,2.2173792321e+00,7.9410660449e-01,4.2151475531e-01,4.6059264107e-02,3.7545549121e-01,2.4689760269e+00
3.9846832593e+00,2.2187337535e+00,7.9449239666e-01,4.2133623878e-01,4.5965434160e-02,3.7537080462e-01,2.4714812397e+00
3.9877366565e+00,2.2200891024e+00,7.9487757951e-01,4.2115767914e-01,4.5871798629e-02,3.7528588051e-01,2.4739891709e+00
3.9907900536e+00,2.2214452792e+00,7.9526215364e-01,4.2097907676e-01,4.5778357141e-02,3.7520071962e-01,2.4764998254e+00
3.9938434507e+00,2.2228022844e+00,7.9564611962e-01,4.2080043197e-01,4.5685109322e-02,3.7511532265e-01,2.4790132084e+00
3.9968968479e+00,2.2241601186e+00,7.9602947804e-01,4.2062174514e-01,4.5592054798e-02,3.7502969034e-01,2.4815293248e+00
3.9999502450e+00,2.2255187823e+00,7.9641222948e-01,4.2044301662e-01,4.5499193198e-02,3.7494382342e-01,2.4840481797e+00
4.0030036421e+00,2.2268782758e+00,7.9679437454e-01,4.2026424676e-01,4.5406524147e-02,3.7485772261e-01,2.4865697781e+00
4.0060570393e+00,2.2282385999e+00,7.9717591381e-01,4.2008543590e-01,4.5314047276e-02,3.7477138862e-01,2.4890941251e+00
4.0091104364e+00,2.2295997550e+00,7.9755684786e-01,4.1990658439e-01,4.5221762212e-02,3.7468482218e-01,2.4916212257e+00
4.0121638335e+00,2.2309617415e+00,7.9793717730e-01,4.1972769259e-01,4.5129668584e-02,3.7459802400e-01,2.4941510850e+00
4.0152172307e+00,2.2323245600e+00,7.9831690270e-01,4.1954876083e-01,4.5037766023e-02,3.7451099481e-01,2.4966837080e+00
4.0182706278e+00,2.2336882110e+00,7.9869602467e-01,4.1936978947e-01,4.4946054159e-02,3.7442373531e-01,2.4992190998e+00
4.0213240249e+00,2.2350526950e+00,7.9907454379e-01,4.1919077884e-01,4.4854532621e-02,3.7433624622e-01,2.5017572655e+00
4.0243774221e+00,2.2364180126e+00,7.9945246067e-01,4.1901172929e-01,4.4763201043e-02,3.7424852825e-01,2.5042982102e+00
4.0274308192e+00,2.2377841642e+00,7.9982977588e-01,4.1883264116e-01,4.4672059054e-02,3.7416058211e-01,2.5068419390e+00
4.0304842163e+00,2.2391511503e+00,8.0020649002e-01,4.1865351480e-01,4.4581106288e-02,3.7407240851e-01,2.5093884570e+00
4.0335376135e+00,2.2405189714e+00,8.0058260370e-01,4.1847435053e-01,4.4490342378e-02,3.7398400816e-01,2.5119377692e+00
4.0365910106e+00,2.2418876281e+00,8.0095811750e-01,4.1829514871e-01,4.4399766955e-02,3.7389538176e-01,2.5144898809e+00
4.0396444077e+00,2.2432571209e+00,8.0133303202e-01,4.1811590967e-01,4.4309379655e-02,3.7380653002e-01,2.5170447970e+00
4.0426978049e+00,2.2446274502e+00,8.0170734786e-01,4.1793663375e-01,4.4219180112e-02,3.7371745363e-01,2.5196025228e+00
4.0457512020e+00,2.2459986167e+00,8.0208106562e-01,4.1775732127e-01,4.4129167960e-02,3.7362815331e-01,2.5221630634e+00
4.0488045991e+00,2.2473706207e+00,8.0245418589e-01,4.1757797259e-01,4.4039342834e-02,3.7353862975e-01,2.5247264239e+00
4.0518579963e+00,2.2487434628e+00,8.0282670928e-01,4.1739858802e-01,4.3949704370e-02,3.7344888365e-01,2.5272926094e+00
4.0549113934e+00,2.2501171436e+00,8.0319863638e-01,4.1721916791e-01,4.3860252205e-02,3.7335891571e-01,2.5298616252e+00
4.0579647906e+00,2.2514916635e+00,8.0356996780e-01,4.1703971259e-01,4.3770985976e-02,3.7326872662e-01,2.5324334763e+00
4.0610181877e+00,2.2528670230e+00,8.0394070414e-01,4.1686022239e-01,4.3681905319e-02,3.7317831707e-01,2.5350081680e+00
4.0640715848e+00,2.2542432228e+00,8.0431084599e-01,4.1668069763e-01,4.3593009872e-02,3.7308768776e-01,2.5375857054e+00
4.0671249820e+00,2.2556202631e+00,8.0468039396e-01,4.1650113865e-01,4.3504299275e-02,3.7299683937e-01,2.5401660936e+00
4.0701783791e+00,2.2569981447e+00,8.0504934866e-01,4.1632154577e-01,4.3415773165e-02,3.7290577261e-01,2.5427493380e+00
4.0732317762e+00,2.2583768680e+00,8.0541771069e-01,4.1614191933e-01,4.3327431182e-02,3.7281448815e-01,2.5453354436e+00
4.0762851734e+00,2.2597564335e+00,8.0578548065e-01,4.1596225965e-01,4.3239272966e-02,3.7272298668e-01,2.5479244156e+00
4.0793385705e+00,2.2611368417e+00,8.0615265915e-01,4.1578256704e-01,4.3151298158e-02,3.7263126889e-01,2.5505162594e+00
4.0823919676e+00,2.2625180931e+00,8.0651924680e-01,4.1560284185e-01,4.3063506397e-02,3.7253933545e-01,2.5531109800e+00
4.0854453648e+00,2.2639001883e+00,8.0688524419e-01,4.1542308439e-01,4.2975897326e-02,3.7244718706e-01,2.5557085828e+00
4.0884987619e+00,2.2652831278e+00,8.0725065195e-01,4.1524329498e-01,4.2888470587e-02,3.7235482440e-01,2.5583090728e+00
4.0915521590e+00,2.2666669121e+00,8.0761547067e-01,4.1506347395e-01,4.2801225822e-02,3.7226224813e-01,2.5609124555e+00
4.0946055562e+00,2.2680515417e+00,8.0797970096e-01,4.1488362161e-01,4.2714162674e-02,3.7216945894e-01,2.5635187359e+00
4.0976589533e+00,2.2694370171e+00,8.0834334344e-01,4.1470373829e-01,4.2627280786e-02,3.7207645751e-01,2.5661279195e+00
4.1007123504e+00,2.2708233389e+00,8.0870639872e-01,4.1452382431e-01,4.2540579802e-02,3.7198324450e-01,2.5687400113e+00
4.1037657476e+00,2.2722105075e+00,8.0906886739e-01,4.1434387997e-01,4.2454059368e-02,3.7188982060e-01,2.5713550167e+00
4.1068191447e+00,2.2735985235e+00,8.0943075008e-01,4.1416390560e-01,4.2367719128e-02,3.7179618648e-01,2.5739729409e+00
4.1098725418e+00,2.2749873873e+00,8.0979204740e-01,4.1398390152e-01,4.2281558727e-02,3.7170234279e-01,2.5765937892e+00
4.1129259390e+00,2.2763770996e+00,8.1015275996e-01,4.1380386804e-01,4.2195577812e-02,3.7160829023e-01,2.5792175670e+00
4.1159793361e+00,2.2777676608e+00,8.1051288836e-01,4.1362380547e-01,4.2109776029e-02,3.7151402944e-01,2.5818442794e+00
4.1190327332e+00,2.2791590715e+00,8.1087243323e-01,4.1344371412e-01,4.2024153025e-02,3.7141956110e-01,2.5844739318e+00
4.1220861304e+00,2.2805513321e+00,8.1123139518e-01,4.1326359432e-01,4.1938708448e-02,3.7132488587e-01,2.5871065295e+00
4.1251395275e+00,2.2819444432e+00,8.1158977482e-01,4.1308344636e-01,4.1853441947e-02,3.7123000442e-01,2.5897420778e+00
4.1281929246e+00,2.2833384053e+00,8.1194757276e-01,4.1290327057e-01,4.1768353169e-02,3.7113491740e-01,2.5923805820e+00
4.1312463218e+00,2.2847332190e+00,8.1230478963e-01,4.1272306724e-01,4.1683441764e-02,3.7103962548e-01,2.5950220475e+00
4.1342997189e+00,2.2861288847e+00,8.1266142604e-01,4.1254283669e-01,4.1598707382e-02,3.7094412931e-01,2.5976664795e+00
4.1373531160e+00,2.2875254029e+00,8.1301748260e-01,4.1236257923e-01,4.1514149673e-02,3.7084842956e-01,2.6003138835e+00
4.1404065132e+00,2.2889227742e+00,8.1337295993e-01,4.1218229516e-01,4.1429768288e-02,3.7075252687e-01,2.6029642647e+00
4.1434599103e+00,2.2903209992e+00,8.1372785866e-01,4.1200198479e-01,4.1345562878e-02,3.7065642191e-01,2.6056176285e+00
4.1465133074e+00,2.2917200782e+00,8.1408217938e-01,4.1182164842e-01,4.1261533095e-02,3.7056011532e-01,2.6082739802e+00
4.1495667046e+00,2.2931200120e+00,8.1443592274e-01,4.1164128635e-01,4.1177678591e-02,3.7046360776e-01,2.6109333254e+00
4.1526201017e+00,2.2945208009e+00,8.1478908934e-01,4.1146089890e-01,4.1093999019e-02,3.7036689988e-01,2.6135956692e+00
4.1556734988e+00,2.2959224454e+00,8.1514167980e-01,4.1128048636e-01,4.1010494032e-02,3.7026999233e-01,2.6162610171e+00
4.1587268960e+00,2.2973249462e+00,8.1549369475e-01,4.1110004903e-01,4.0927163285e-02,3.7017288575e-01,2.6189293745e+00
4.1617802931e+00,2.2987283038e+00,8.1584513481e-01,4.1091958722e-01,4.0844006431e-02,3.7007558079e-01,2.6216007468e+00
4.1648336902e+00,2.3001325186e+00,8.1619600059e-01,4.1073910122e-01,4.0761023127e-02,3.6997807809e-01,2.6242751394e+00
4.1678870874e+00,2.3015375912e+00,8.1654629271e-01,4.1055859133e-01,4.0678213026e-02,3.6988037830e-01,2.6269525576e+00
4.1709404845e+00,2.3029435221e+00,8.1689601181e-01,4.1037805785e-01,4.0595575786e-02,3.6978248206e-01,2.6296330070e+00
4.1739938816e+00,2.3043503118e+00,8.1724515850e-01,4.1019750107e-01,4.0513111063e-02,3.6968439001e-01,2.6323164929e+00
4.1770472788e+00,2.3057579609e+00,8.1759373340e-01,4.1001692130e-01,4.0430818513e-02,3.6958610279e-01,2.6350030208e+00
4.1801006759e+00,2.3071664699e+00,8.1794173715e-01,4.0983631883e-01,4.0348697795e-02,3.6948762104e-01,2.6376925961e+00
4.1831540730e+00,2.3085758393e+00,8.1828917035e-01,4.0965569395e-01,4.0266748566e-02,3.6938894539e-01,2.6403852243e+00
4.1862074702e+00,2.3099860696e+00,8.1863603364e-01,4.0947504696e-01,4.0184970486e-02,3.6929007647e-01,2.6430809108e+00
4.1892608673e+00,2.3113971614e+00,8.1898232764e-01,4.0929437814e-01,4.0103363213e-02,3.6919101493e-01,2.6457796611e+00
4.1923142644e+00,2.3128091151e+00,8.1932805298e-01,4.0911368780e-01,4.0021926407e-02,3.6909176139e-01,2.6484814806e+00
4.1953676616e+00,2.3142219314e+00,8.1967321028e-01,4.0893297621e-01,3.9940659729e-02,3.6899231648e-01,2.6511863748e+00
4.1984210587e+00,2.3156356108e+00,8.2001780017e-01,4.0875224368e-01,3.9859562839e-02,3.6889268084e-01,2.6538943493e+00
4.2014744558e+00,2.3170501537e+00,8.2036182327e-01,4.0857149048e-01,3.9778635398e-02,3.6879285508e-01,2.6566054095e+00
4.2045278530e+00,2.3184655607e+00,8.2070528022e-01,4.0839071692e-01,3.9697877068e-02,3.6869283985e-01,2.6593195608e+00
4.2075812501e+00,2.3198818323e+00,8.2104817163e-01,4.0820992327e-01,3.9617287511e-02,3.6859263575e-01,2.6620368089e+00
4.2106346472e+00,2.3212989691e+00,8.2139049814e-01,4.0802910982e-01,3.9536866391e-02,3.6849224343e-01,2.6647571593e+00
4.2136880444e+00,2.3227169715e+00,8.2173226037e-01,4.0784827686e-01,3.9456613371e-02,3.6839166349e-01,2.6674806173e+00
4.2167414415e+00,2.3241358402e+00,8.2207345896e-01,4.0766742467e-01,3.9376528115e-02,3.6829089656e-01,2.6702071887e+00
4.2197948386e+00,2.3255555756e+00,8.2241409452e-01,4.0748655354e-01,3.9296610286e-02,3.6818994326e-01,2.6729368789e+00
4.2228482358e+00,2.3269761782e+00,8.2275416770e-01,4.0730566375e-01,3.9216859551e-02,3.6808880420e-01,2.6756696934e+00
4.2259016329e+00,2.3283976487e+00,8.2309367912e-01,4.0712475559e-01,3.9137275574e-02,3.6798748001e-01,2.6784056379e+00
4.2289550300e+00,2.3298199875e+00,8.2343262941e-01,4.0694382933e-01,3.9057858023e-02,3.6788597131e-01,2.6811447179e+00
4.2320084272e+00,2.3312431951e+00,8.2377101919e-01,4.0676288525e-01,3.8978606562e-02,3.6778427869e-01,2.6838869389e+00
4.2350618243e+00,2.3326672722e+00,8.2410884911e-01,4.0658192364e-01,3.8899520860e-02,3.6768240278e-01,2.6866323065e+00
4.2381152214e+00,2.3340922191e+00,8.2444611980e-01,4.0640094478e-01,3.8820600583e-02,3.6758034420e-01,2.6893808264e+00
4.2411686186e+00,2.3355180366e+00,8.2478283187e-01,4.0621994894e-01,3.8741845401e-02,3.6747810354e-01,2.6921325040e+00
4.2442220157e+00,2.3369447250e+00,8.2511898597e-01,4.0603893640e-01,3.8663254982e-02,3.6737568141e-01,2.6948873451e+00
4.2472754128e+00,2.3383722849e+00,8.2545458273e-01,4.0585790743e-01,3.8584828994e-02,3.6727307844e-01,2.6976453552e+00
4.2503288100e+00,2.3398007168e+00,8.2578962278e-01,4.0567686232e-01,3.8506567109e-02,3.6717029521e-01,2.7004065398e+00
4.2533822071e+00,2.3412300214e+00,8.2612410675e-01,4.0549580134e-01,3.8428468995e-02,3.6706733234e-01,2.7031709048e+00
4.2564356042e+00,2.3426601990e+00,8.2645803528e-01,4.0531472476e-01,3.8350534325e-02,3.6696419043e-01,2.7059384556e+00
4.2594890014e+00,2.3440912503e+00,8.2679140900e-01,4.0513363285e-01,3.8272762769e-02,3.6686087008e-01,2.7087091980e+00
4.2625423985e+00,2.3455231758e+00,8.2712422854e-01,4.0495252590e-01,3.8195153998e-02,3.6675737190e-01,2.7114831375e+00
4.2655957956e+00,2.3469559760e+00,8.2745649454e-01,4.0477140416e-01,3.8117707686e-02,3.6665369647e-01,2.7142602798e+00
4.2686491928e+00,2.3483896514e+00,8.2778820762e-01,4.0459026792e-01,3.8040423506e-02,3.6654984441e-01,2.7170406307e+00
4.2717025899e+00,2.3498242027e+00,8.2811936844e-01,4.0440911744e-01,3.7963301130e-02,3.6644581631e-01,2.7198241957e+00
4.2747559870e+00,2.3512596302e+00,8.2844997761e-01,4.0422795299e-01,3.7886340233e-02,3.6634161275e-01,2.7226109805e+00
4.2778093842e+00,2.3526959346e+00,8.2878003579e-01,4.0404677484e-01,3.7809540490e-02,3.6623723435e-01,2.7254009908e+00
4.2808627813e+00,2.3541331164e+00,8.2910954359e-01,4.0386558325e-01,3.7732901575e-02,3.6613268168e-01,2.7281942324e+00
4.2839161784e+00,2.3555711761e+00,8.2943850166e-01,4.0368437851e-01,3.7656423164e-02,3.6602795534e-01,2.7309907108e+00
4.2869695756e+00,2.3570101143e+00,8.2976691064e-01,4.0350316086e-01,3.7580104932e-02,3.6592305593e-01,2.7337904319e+00
4.2900229727e+00,2.3584499315e+00,8.3009477115e-01,4.0332193058e-01,3.7503946558e-02,3.6581798402e-01,2.7365934014e+00
4.2930763698e+00,2.3598906282e+00,8.3042208384e-01,4.0314068794e-01,3.7427947717e-02,3.6571274022e-01,2.7393996249e+00
4.2961297670e+00,2.3613322050e+00,8.3074884935e-01,4.0295943319e-01,3.7352108088e-02,3.6560732510e-01,2.7422091082e+00
4.2991831641e+00,2.3627746623e+00,8.3107506831e-01,4.0277816659e-01,3.7276427349e-02,3.6550173925e-01,2.7450218571e+00
4.3022365612e+00,2.3642180009e+00,8.3140074135e-01,4.0259688842e-01,3.7200905178e-02,3.6539598325e-01,2.7478378772e+00
4.3052899584e+00,2.3656622211e+00,8.3172586912e-01,4.0241559894e-01,3.7125541255e-02,3.6529005768e-01,2.7506571745e+00
4.3083433555e+00,2.3671073236e+00,8.3205045226e-01,4.0223429840e-01,3.7050335259e-02,3.6518396314e-01,2.7534797545e+00
4.3113967526e+00,2.3685533088e+00,8.3237449139e-01,4.0205298706e-01,3.6975286872e-02,3.6507770019e-01,2.7563056232e+00
4.3144501498e+00,2.3700001773e+00,8.3269798717e-01,4.0187166519e-01,3.6900395773e-02,3.6497126941e-01,2.7591347862e+00
4.3175035469e+00,2.3714479297e+00,8.3302094023e-01,4.0169033303e-01,3.6825661644e-02,3.6486467139e-01,2.7619672495e+00
4.3205569440e+00,2.3728965664e+00,8.3334335120e-01,4.0150899086e-01,3.6751084168e-02,3.6475790670e-01,2.7648030187e+00
4.3236103412e+00,2.3743460881e+00,8.3366522073e-01,4.0132763893e-01,3.6676663026e-02,3.6465097590e-01,2.7676420997e+00
4.3266637383e+00,2.3757964952e+00,8.3398654946e-01,4.0114627749e-01,3.6602397901e-02,3.6454387959e-01,2.7704844982e+00
4.3297171354e+00,2.3772477883e+00,8.3430733802e-01,4.0096490680e-01,3.6528288478e-02,3.6443661832e-01,2.7733302203e+00
4.3327705326e+00,2.3786999680e+00,8.3462758706e-01,4.0078352712e-01,3.6454334440e-02,3.6432919268e-01,2.7761792715e+00
4.3358239297e+00,2.3801530348e+00,8.3494729721e-01,4.0060213869e-01,3.6380535471e-02,3.6422160322e-01,2.7790316579e+00
4.3388773268e+00,2.3816069892e+00,8.3526646912e-01,4.0042074178e-01,3.6306891257e-02,3.6411385052e-01,2.7818873853e+00
4.3419307240e+00,2.3830618317e+00,8.3558510342e-01,4.0023933663e-01,3.6233401483e-02,3.6400593514e-01,2.7847464594e+00
4.3449841211e+00,2.3845175630e+00,8.3590320076e-01,4.0005792350e-01,3.6160065836e-02,3.6389785766e-01,2.7876088862e+00
4.3480375182e+00,2.3859741836e+00,8.3622076178e-01,3.9987650263e-01,3.6086884002e-02,3.6378961863e-01,2.7904746716e+00
4.3510909154e+00,2.3874316939e+00,8.3653778712e-01,3.9969507428e-01,3.6013855669e-02,3.6368121861e-01,2.7933438214e+00
4.3541443125e+00,2.3888900946e+00,8.3685427741e-01,3.9951363870e-01,3.5940980523e-02,3.6357265818e-01,2.7962163415e+00
4.3571977096e+00,2.3903493861e+00,8.3717023330e-01,3.9933219614e-01,3.5868258254e-02,3.6346393789e-01,2.7990922379e+00
4.3602511068e+00,2.3918095691e+00,8.3748565544e-01,3.9915074685e-01,3.5795688550e-02,3.6335505830e-01,2.8019715163e+00
4.3633045039e+00,2.3932706441e+00,8.3780054446e-01,3.9896929106e-01,3.5723271101e-02,3.6324601996e-01,2.8048541829e+00
4.3663579010e+00,2.3947326116e+00,8.3811490100e-01,3.9878782904e-01,3.5651005596e-02,3.6313682344e-01,2.8077402434e+00
4.3694112982e+00,2.3961954722e+00,8.3842872571e-01,3.9860636102e-01,3.5578891725e-02,3.6302746929e-01,2.8106297038e+00
4.3724646953e+00,2.3976592263e+00,8.3874201923e-01,3.9842488725e-01,3.5506929180e-02,3.6291795807e-01,2.8135225701e+00
4.3755180924e+00,2.3991238747e+00,8.3905478219e-01,3.9824340798e-01,3.5435117652e-02,3.6280829032e-01,2.8164188482e+00
4.3785714896e+00,2.4005894177e+00,8.3936701526e-01,3.9806192344e-01,3.5363456833e-02,3.6269846661e-01,2.8193185441e+00
4.3816248867e+00,2.4020558560e+00,8.3967871905e-01,3.9788043389e-01,3.5291946416e-02,3.6258848748e-01,2.8222216637e+00
4.3846782838e+00,2.4035231901e+00,8.3998989423e-01,3.9769893957e-01,3.5220586093e-02,3.6247835348e-01,2.8251282130e+00
4.3877316810e+00,2.4049914205e+00,8.4030054142e-01,3.9751744071e-01,3.5149375557e-02,3.6236806515e-01,2.8280381980e+00
4.3907850781e+00,2.4064605478e+00,8.4061066128e-01,3.9733593756e-01,3.5078314504e-02,3.6225762305e-01,2.8309516247e+00
4.3938384752e+00,2.4079305726e+00,8.4092025444e-01,3.9715443036e-01,3.5007402627e-02,3.6214702773e-01,2.8338684991e+00
4.3968918724e+00,2.4094014953e+00,8.4122932156e-01,3.9697291934e-01,3.4936639622e-02,3.6203627972e-01,2.8367888272e+00
4.3999452695e+00,2.4108733166e+00,8.4153786327e-01,3.9679140476e-01,3.4866025184e-02,3.6192537957e-01,2.8397126150e+00
4.4029986666e+00,2.4123460370e+00,8.4184588021e-01,3.9660988683e-01,3.4795559010e-02,3.6181432782e-01,2.8426398686e+00
4.4060520638e+00,2.4138196570e+00,8.4215337303e-01,3.9642836581e-01,3.4725240795e-02,3.6170312502e-01,2.8455705940e+00
4.4091054609e+00,2.4152941772e+00,8.4246034238e-01,3.9624684193e-01,3.4655070238e-02,3.6159177170e-01,2.8485047973e+00
4.4121588580e+00,2.4167695981e+00,8.4276678889e-01,3.9606531543e-01,3.4585047036e-02,3.6148026839e-01,2.8514424844e+00
4.4152122552e+00,2.4182459203e+00,8.4307271321e-01,3.9588378654e-01,3.4515170886e-02,3.6136861565e-01,2.8543836615e+00
4.4182656523e+00,2.4197231444e+00,8.4337811599e-01,3.9570225549e-01,3.4445441489e-02,3.6125681400e-01,2.8573283346e+00
4.4213190494e+00,2.4212012708e+00,8.4368299786e-01,3.9552072252e-01,3.4375858543e-02,3.6114486398e-01,2.8602765099e+00
4.4243724466e+00,2.4226803001e+00,8.4398735948e-01,3.9533918787e-01,3.4306421748e-02,3.6103276612e-01,2.8632281934e+00
4.4274258437e+00,2.4241602330e+00,8.4429120148e-01,3.9515765176e-01,3.4237130805e-02,3.6092052096e-01,2.8661833912e+00
4.4304792408e+00,2.4256410699e+00,8.4459452451e-01,3.9497611443e-01,3.4167985413e-02,3.6080812902e-01,2.8691421094e+00
4.4335326380e+00,2.4271228114e+00,8.4489732921e-01,3.9479457611e-01,3.4098985276e-02,3.6069559084e-01,2.8721043541e+00
4.4365860351e+00,2.4286054580e+00,8.4519961623e-01,3.9461303704e-01,3.4030130093e-02,3.6058290694e-01,2.8750701316e+00
4.4396394322e+00,2.4300890103e+00,8.4550138622e-01,3.9443149743e-01,3.3961419569e-02,3.6047007786e-01,2.8780394478e+00
4.4426928294e+00,2.4315734689e+00,8.4580263981e-01,3.9424995752e-01,3.3892853405e-02,3.6035710411e-01,2.8810123090e+00
4.4457462265e+00,2.4330588343e+00,8.4610337765e-01,3.9406841754e-01,3.3824431306e-02,3.6024398623e-01,2.8839887212e+00
4.4487996237e+00,2.4345451071e+00,8.4640360039e-01,3.9388687771e-01,3.3756152975e-02,3.6013072474e-01,2.8869686908e+00
4.4518530208e+00,2.4360322877e+00,8.4670330867e-01,3.9370533827e-01,3.3688018116e-02,3.6001732016e-01,2.8899522238e+00
4.4549064179e+00,2.4375203768e+00,8.4700250313e-01,3.9352379944e-01,3.3620026435e-02,3.5990377301e-01,2.8929393264e+00
4.4579598151e+00,2.4390093750e+00,8.4730118443e-01,3.9334226145e-01,3.3552177638e-02,3.5979008381e-01,2.8959300048e+00
4.4610132122e+00,2.4404992827e+00,8.4759935319e-01,3.9316072451e-01,3.3484471430e-02,3.5967625308e-01,2.8989242652e+00
4.4640666093e+00,2.4419901006e+00,8.4789701008e-01,3.9297918887e-01,3.3416907517e-02,3.5956228135e-01,2.9019221139e+00
4.4671200065e+00,2.4434818291e+00,8.4819415572e-01,3.9279765473e-01,3.3349485608e-02,3.5944816912e-01,2.9049235570e+00
4.4701734036e+00,2.4449744689e+00,8.4849079078e-01,3.9261612233e-01,3.3282205409e-02,3.5933391692e-01,2.9079286007e+00
4.4732268007e+00,2.4464680205e+00,8.4878691589e-01,3.9243459188e-01,3.3215066629e-02,3.5921952525e-01,2.9109372514e+00
4.4762801979e+00,2.4479624845e+00,8.4908253169e-01,3.9225306361e-01,3.3148068976e-02,3.5910499463e-01,2.9139495152e+00
4.4793335950e+00,2.4494578614e+00,8.4937763883e-01,3.9207153774e-01,3.3081212159e-02,3.5899032558e-01,2.9169653984e+00
4.4823869921e+00,2.4509541517e+00,8.4967223797e-01,3.9189001449e-01,3.3014495889e-02,3.5887551860e-01,2.9199849073e+00
4.4854403893e+00,2.4524513561e+00,8.4996632973e-01,3.9170849408e-01,3.2947919875e-02,3.5876057421e-01,2.9230080481e+00
4.4884937864e+00,2.4539494751e+00,8.5025991477e-01,3.9152697673e-01,3.2881483828e-02,3.5864549290e-01,2.9260348271e+00
4.4915471835e+00,2.4554485092e+00,8.5055299373e-01,3.9134546266e-01,3.2815187459e-02,3.5853027520e-01,2.9290652507e+00
4.4946005807e+00,2.4569484590e+00,8.5084556725e-01,3.9116395209e-01,3.2749030480e-02,3.5841492161e-01,2.9320993250e+00
4.4976539778e+00,2.4584493252e+00,8.5113763599e-01,3.9098244523e-01,3.2683012603e-02,3.5829943263e-01,2.9351370565e+00
4.5007073749e+00,2.4599511081e+00,8.5142920058e-01,3.9080094230e-01,3.2617133542e-02,3.5818380876e-01,2.9381784515e+00
4.5037607721e+00,2.4614538084e+00,8.5172026166e-01,3.9061944352e-01,3.2551393008e-02,3.5806805051e-01,2.9412235162e+00
4.5068141692e+00,2.4629574267e+00,8.5201081990e-01,3.9043794910e-01,3.2485790716e-02,3.5795215839e-01,2.9442722571e+00
4.5098675663e+00,2.4644619634e+00,8.5230087592e-01,3.9025645926e-01,3.2420326381e-02,3.5783613288e-01,2.9473246804e+00
4.5129209635e+00,2.4659674193e+00,8.5259043037e-01,3.9007497421e-01,3.2354999717e-02,3.5771997450e-01,2.9503807925e+00
4.5159743606e+00,2.4674737948e+00,8.5287948390e-01,3.8989349417e-01,3.2289810439e-02,3.5760368373e-01,2.9534405998e+00
4.5190277577e+00,2.4689810904e+00,8.5316803716e-01,3.8971201935e-01,3.2224758263e-02,3.5748726108e-01,2.9565041087e+00
4.5220811549e+00,2.4704893069e+00,8.5345609078e-01,3.8953054996e-01,3.2159842906e-02,3.5737070705e-01,2.9595713256e+00
4.5251345520e+00,2.4719984446e+00,8.5374364541e-01,3.8934908621e-01,3.2095064085e-02,3.5725402212e-01,2.9626422568e+00
4.5281879491e+00,2.4735085043e+00,8.5403070169e-01,3.8916762831e-01,3.2030421516e-02,3.5713720680e-01,2.9657169088e+00
4.5312413463e+00,2.4750194863e+00,8.5431726028e-01,3.8898617648e-01,3.1965914918e-02,3.5702026156e-01,2.9687952879e+00
4.5342947434e+00,2.4765313914e+00,8.5460332181e-01,3.8880473093e-01,3.1901544009e-02,3.5690318692e-01,2.9718774007e+00
4.5373481405e+00,2.4780442201e+00,8.5488888693e-01,3.8862329186e-01,3.1837308507e-02,3.5678598335e-01,2.9749632535e+00
4.5404015377e+00,2.4795579728e+00,8.5517395628e-01,3.8844185948e-01,3.1773208134e-02,3.5666865135e-01,2.9780528527e+00
4.5434549348e+00,2.4810726503e+00,8.5545853051e-01,3.8826043400e-01,3.1709242607e-02,3.5655119140e-01,2.9811462049e+00
4.5465083319e+00,2.4825882531e+00,8.5574261025e-01,3.8807901563e-01,3.1645411648e-02,3.5643360399e-01,2.9842433165e+00
4.5495617291e+00,2.4841047817e+00,8.5602619617e-01,3.8789760458e-01,3.1581714978e-02,3.5631588960e-01,2.9873441940e+00
4.5526151262e+00,2.4856222366e+00,8.5630928889e-01,3.8771620105e-01,3.1518152318e-02,3.5619804873e-01,2.9904488438e+00
4.5556685233e+00,2.4871406186e+00,8.5659188906e-01,3.8753480525e-01,3.1454723390e-02,3.5608008186e-01,2.9935572725e+00
4.5587219205e+00,2.4886599280e+00,8.5687399733e-01,3.8735341738e-01,3.1391427916e-02,3.5596198946e-01,2.9966694865e+00
4.5617753176e+00,2.4901801656e+00,8.5715561433e-01,3.8717203764e-01,3.1328265619e-02,3.5584377202e-01,2.9997854924e+00
4.5648287147e+00,2.4917013318e+00,8.5743674072e-01,3.8699066625e-01,3.1265236224e-02,3.5572543002e-01,3.0029052967e+00
4.5678821119e+00,2.4932234273e+00,8.5771737714e-01,3.8680930340e-01,3.1202339453e-02,3.5560696394e-01,3.0060289059e+00
4.5709355090e+00,2.4947464525e+00,8.5799752423e-01,3.8662794929e-01,3.1139575031e-02,3.5548837426e-01,3.0091563265e+00
4.5739889061e+00,2.4962704081e+00,8.5827718262e-01,3.8644660414e-01,3.1076942684e-02,3.5536966145e-01,3.0122875652e+00
4.5770423033e+00,2.4977952947e+00,8.5855635298e-01,3.8626526813e-01,3.1014442136e-02,3.5525082600e-01,3.0154226285e+00
4.5800957004e+00,2.4993211127e+00,8.5883503593e-01,3.8608394148e-01,3.0952073114e-02,3.5513186836e-01,3.0185615229e+00
4.5831490975e+00,2.5008478628e+00,8.5911323213e-01,3.8590262437e-01,3.0889835344e-02,3.5501278903e-01,3.0217042550e+00
4.5862024947e+00,2.5023755456e+00,8.5939094221e-01,3.8572131702e-01,3.0827728553e-02,3.5489358847e-01,3.0248508315e+00
4.5892558918e+00,2.5039041615e+00,8.5966816682e-01,3.8554001962e-01,3.0765752469e-02,3.5477426715e-01,3.0280012589e+00
4.5923092889e+00,2.5054337113e+00,8.5994490660e-01,3.8535873237e-01,3.0703906820e-02,3.5465482555e-01,3.0311555438e+00
4.5953626861e+00,2.5069641954e+00,8.6022116219e-01,3.8517745546e-01,3.0642191333e-02,3.5453526412e-01,3.0343136929e+00
4.5984160832e+00,2.5084956144e+00,8.6049693423e-01,3.8499618909e-01,3.0580605739e-02,3.5441558335e-01,3.0374757128e+00
4.6014694803e+00,2.5100279689e+00,8.6077222338e-01,3.8481493347e-01,3.0519149766e-02,3.5429578370e-01,3.0406416101e+00
4.6045228775e+00,2.5115612595e+00,8.6104703026e-01,3.8463368878e-01,3.0457823144e-02,3.5417586564e-01,3.0438113915e+00
4.6075762746e+00,2.5130954867e+00,8.6132135552e-01,3.8445245523e-01,3.0396625605e-02,3.5405582962e-01,3.0469850637e+00
4.6106296717e+00,2.5146306511e+00,8.6159519981e-01,3.8427123300e-01,3.0335556878e-02,3.5393567612e-01,3.0501626333e+00
4.6136830689e+00,2.5161667533e+00,8.6186856376e-01,3.8409002229e-01,3.0274616696e-02,3.5381540559e-01,3.0533441070e+00
4.6167364660e+00,2.5177037938e+00,8.6214144802e-01,3.8390882330e-01,3.0213804790e-02,3.5369501851e-01,3.0565294915e+00
4.6197898631e+00,2.5192417733e+00,8.6241385322e-01,3.8372763622e-01,3.0153120894e-02,3.5357451532e-01,3.0597187935e+00
4.6228432603e+00,2.5207806922e+00,8.6268578002e-01,3.8354646123e-01,3.0092564739e-02,3.5345389650e-01,3.0629120197e+00
4.6258966574e+00,2.5223205513e+00,8.6295722904e-01,3.8336529855e-01,3.0032136059e-02,3.5333316249e-01,3.0661091769e+00
4.6289500545e+00,2.5238613510e+00,8.6322820094e-01,3.8318414834e-01,2.9971834589e-02,3.5321231375e-01,3.0693102718e+00
4.6320034517e+00,2.5254030919e+00,8.6349869634e-01,3.8300301082e-01,2.9911660062e-02,3.5309135075e-01,3.0725153111e+00
4.6350568488e+00,2.5269457746e+00,8.6376871590e-01,3.8282188615e-01,2.9851612214e-02,3.5297027394e-01,3.0757243015e+00
4.6381102459e+00,2.5284893997e+00,8.6403826025e-01,3.8264077455e-01,2.9791690781e-02,3.5284908377e-01,3.0789372499e+00
4.6411636431e+00,2.5300339677e+00,8.6430733004e-01,3.8245967619e-01,2.9731895497e-02,3.5272778069e-01,3.0821541631e+00
4.6442170402e+00,2.5315794792e+00,8.6457592590e-01,3.8227859127e-01,2.9672226100e-02,3.5260636517e-01,3.0853750477e+00
4.6472704373e+00,2.5331259349e+00,8.6484404847e-01,3.8209751996e-01,2.9612682326e-02,3.5248483764e-01,3.0885999106e+00
4.6503238345e+00,2.5346733352e+00,8.6511169839e-01,3.8191646247e-01,2.9553263913e-02,3.5236319856e-01,3.0918287587e+00
4.6533772316e+00,2.5362216808e+00,8.6537887631e-01,3.8173541898e-01,2.9493970598e-02,3.5224144838e-01,3.0950615987e+00
4.6564306287e+00,2.5377709722e+00,8.6564558285e-01,3.8155438967e-01,2.9434802121e-02,3.5211958755e-01,3.0982984374e+00
4.6594840259e+00,2.5393212100e+00,8.6591181867e-01,3.8137337473e-01,2.9375758220e-02,3.5199761651e-01,3.1015392818e+00
4.6625374230e+00,2.5408723949e+00,8.6617758440e-01,3.8119237434e-01,2.9316838634e-02,3.5187553571e-01,3.1047841385e+00
4.6655908201e+00,2.5424245272e+00,8.6644288068e-01,3.8101138870e-01,2.9258043103e-02,3.5175334559e-01,3.1080330146e+00
4.6686442173e+00,2.5439776077e+00,8.6670770814e-01,3.8083041797e-01,2.9199371368e-02,3.5163104661e-01,3.1112859169e+00
4.6716976144e+00,2.5455316370e+00,8.6697206743e-01,3.8064946236e-01,2.9140823169e-02,3.5150863919e-01,3.1145428522e+00
4.6747510115e+00,2.5470866155e+00,8.6723595919e-01,3.8046852204e-01,2.9082398248e-02,3.5138612379e-01,3.1178038275e+00
4.6778044087e+00,2.5486425440e+00,8.6749938405e-01,3.8028759719e-01,2.9024096347e-02,3.5126350084e-01,3.1210688496e+00
4.6808578058e+00,2.5501994229e+00,8.6776234264e-01,3.8010668800e-01,2.8965917207e-02,3.5114077079e-01,3.1243379255e+00
4.6839112029e+00,2.5517572528e+00,8.6802483562e-01,3.7992579464e-01,2.8907860572e-02,3.5101793407e-01,3.1276110621e+00
4.6869646001e+00,2.5533160344e+00,8.6828686361e-01,3.7974491731e-01,2.8849926185e-02,3.5089499112e-01,3.1308882663e+00
4.6900179972e+00,2.5548757682e+00,8.6854842725e-01,3.7956405617e-01,2.8792113789e-02,3.5077194238e-01,3.1341695451e+00
4.6930713943e+00,2.5564364547e+00,8.6880952718e-01,3.7938321142e-01,2.8734423129e-02,3.5064878829e-01,3.1374549054e+00
4.6961247915e+00,2.5579980946e+00,8.6907016404e-01,3.7920238322e-01,2.8676853950e-02,3.5052552927e-01,3.1407443542e+00
4.6991781886e+00,2.5595606885e+00,8.6933033846e-01,3.7902157176e-01,2.8619405997e-02,3.5040216576e-01,3.1440378984e+00
4.7022315857e+00,2.5611242369e+00,8.6959005108e-01,3.7884077721e-01,2.8562079015e-02,3.5027869820e-01,3.1473355452e+00
4.7052849829e+00,2.5626887405e+00,8.6984930254e-01,3.7865999976e-01,2.8504872751e-02,3.5015512701e-01,3.1506373013e+00
4.7083383800e+00,2.5642541997e+00,8.7010809346e-01,3.7847923958e-01,2.8447786951e-02,3.5003145263e-01,3.1539431740e+00
4.7113917771e+00,2.5658206152e+00,8.7036642450e-01,3.7829849685e-01,2.8390821362e-02,3.4990767549e-01,3.1572531701e+00
4.7144451743e+00,2.5673879876e+00,8.7062429627e-01,3.7811777175e-01,2.8333975733e-02,3.4978379601e-01,3.1605672968e+00
4.7174985714e+00,2.5689563175e+00,8.7088170942e-01,3.7793706444e-01,2.8277249811e-02,3.4965981463e-01,3.1638855610e+00
4.7205519685e+00,2.5705256054e+00,8.7113866459e-01,3.7775637511e-01,2.8220643344e-02,3.4953573176e-01,3.1672079698e+00
4.7236053657e+00,2.5720958519e+00,8.7139516240e-01,3.7757570393e-01,2.8164156082e-02,3.4941154784e-01,3.1705345304e+00
4.7266587628e+00,2.5736670576e+00,8.7165120349e-01,3.7739505107e-01,2.8107787775e-02,3.4928726329e-01,3.1738652497e+00
4.7297121599e+00,2.5752392231e+00,8.7190678850e-01,3.7721441671e-01,2.8051538172e-02,3.4916287854e-01,3.1772001348e+00
4.7327655571e+00,2.5768123490e+00,8.7216191805e-01,3.7703380102e-01,2.7995407023e-02,3.4903839399e-01,3.1805391929e+00
4.7358189542e+00,2.5783864359e+00,8.7241659279e-01,3.7685320417e-01,2.7939394080e-02,3.4891381009e-01,3.1838824310e+00
4.7388723513e+00,2.5799614843e+00,8.7267081335e-01,3.7667262634e-01,2.7883499095e-02,3.4878912725e-01,3.1872298563e+00
4.7419257485e+00,2.5815374949e+00,8.7292458036e-01,3.7649206770e-01,2.7827721818e-02,3.4866434588e-01,3.1905814759e+00
4.7449791456e+00,2.5831144682e+00,8.7317789445e-01,3.7631152841e-01,2.7772062003e-02,3.4853946641e-01,3.1939372970e+00
4.7480325427e+00,2.5846924048e+00,8.7343075625e-01,3.7613100866e-01,2.7716519402e-02,3.4841448926e-01,3.1972973266e+00
4.7510859399e+00,2.5862713054e+00,8.7368316640e-01,3.7595050860e-01,2.7661093769e-02,3.4828941483e-01,3.2006615721e+00
4.7541393370e+00,2.5878511704e+00,8.7393512553e-01,3.7577002841e-01,2.7605784858e-02,3.4816424356e-01,3.2040300404e+00
4.7571927341e+00,2.5894320005e+00,8.7418663428e-01,3.7558956826e-01,2.7550592422e-02,3.4803897584e-01,3.2074027390e+00
4.7602461313e+00,2.5910137963e+00,8.7443769327e-01,3.7540912832e-01,2.7495516216e-02,3.4791361210e-01,3.2107796748e+00
4.7632995284e+00,2.5925965583e+00,8.7468830313e-01,3.7522870875e-01,2.7440555997e-02,3.4778815275e-01,3.2141608552e+00
4.7663529255e+00,2.5941802872e+00,8.7493846450e-01,3.7504830972e-01,2.7385711518e-02,3.4766259820e-01,3.2175462873e+00
4.7694063227e+00,2.5957649836e+00,8.7518817800e-01,3.7486793140e-01,2.7330982537e-02,3.4753694886e-01,3.2209359785e+00
4.7724597198e+00,2.5973506480e+00,8.7543744427e-01,3.7468757395e-01,2.7276368811e-02,3.4741120514e-01,3.2243299359e+00
4.7755131169e+00,2.5989372810e+00,8.7568626394e-01,3.7450723755e-01,2.7221870095e-02,3.4728536745e-01,3.2277281667e+00
4.7785665141e+00,2.6005248832e+00,8.7593463763e-01,3.7432692235e-01,2.7167486149e-02,3.4715943620e-01,3.2311306784e+00
4.7816199112e+00,2.6021134553e+00,8.7618256598e-01,3.7414662852e-01,2.7113216729e-02,3.4703341180e-01,3.2345374781e+00
4.7846733083e+00,2.6037029977e+00,8.7643004962e-01,3.7396635624e-01,2.7059061595e-02,3.4690729464e-01,3.2379485731e+00
4.7877267055e+00,2.6052935112e+00,8.7667708917e-01,3.7378610565e-01,2.7005020505e-02,3.4678108514e-01,3.2413639707e+00
4.7907801026e+00,2.6068849962e+00,8.7692368527e-01,3.7360587692e-01,2.6951093218e-02,3.4665478370e-01,3.2447836783e+00
4.7938334997e+00,2.6084774534e+00,8.7716983853e-01,3.7342567022e-01,2.6897279496e-02,3.4652839073e-01,3.2482077032e+00
4.7968868969e+00,2.6100708835e+00,8.7741554960e-01,3.7324548571e-01,2.6843579097e-02,3.4640190662e-01,3.2516360526e+00
4.7999402940e+00,2.6116652868e+00,8.7766081910e-01,3.7306532356e-01,2.6789991784e-02,3.4627533177e-01,3.2550687341e+00
4.8029936911e+00,2.6132606642e+00,8.7790564765e-01,3.7288518391e-01,2.6736517316e-02,3.4614866660e-01,3.2585057548e+00
4.8060470883e+00,2.6148570161e+00,8.7815003588e-01,3.7270506694e-01,2.6683155457e-02,3.4602191149e-01,3.2619471222e+00
4.8091004854e+00,2.6164543431e+00,8.7839398442e-01,3.7252497281e-01,2.6629905967e-02,3.4589506684e-01,3.2653928437e+00
4.8121538825e+00,2.6180526459e+00,8.7863749390e-01,3.7234490167e-01,2.6576768610e-02,3.4576813306e-01,3.2688429267e+00
4.8152072797e+00,2.6196519251e+00,8.7888056494e-01,3.7216485368e-01,2.6523743150e-02,3.4564111054e-01,3.2722973785e+00
4.8182606768e+00,2.6212521812e+00,8.7912319817e-01,3.7198482901e-01,2.6470829348e-02,3.4551399967e-01,3.2757562066e+00
4.8213140739e+00,2.6228534149e+00,8.7936539422e-01,3.7180482782e-01,2.6418026971e-02,3.4538680085e-01,3.2792194184e+00
4.8243674711e+00,2.6244556267e+00,8.7960715370e-01,3.7162485025e-01,2.6365335781e-02,3.4525951447e-01,3.2826870214e+00
4.8274208682e+00,2.6260588172e+00,8.7984847725e-01,3.7144489647e-01,2.6312755545e-02,3.4513214093e-01,3.2861590230e+00
4.8304742654e+00,2.6276629870e+00,8.8008936548e-01,3.7126496664e-01,2.6260286027e-02,3.4500468061e-01,3.2896354307e+00
4.8335276625e+00,2.6292681368e+00,8.8032981903e-01,3.7108506091e-01,2.6207926993e-02,3.4487713392e-01,3.2931162519e+00
4.8365810596e+00,2.6308742672e+00,8.8056983851e-01,3.7090517944e-01,2.6155678210e-02,3.4474950123e-01,3.2966014941e+00
4.8396344568e+00,2.6324813786e+00,8.8080942456e-01,3.7072532238e-01,2.6103539445e-02,3.4462178294e-01,3.3000911649e+00
4.8426878539e+00,2.6340894718e+00,8.8104857779e-01,3.7054548990e-01,2.6051510465e-02,3.4449397943e-01,3.3035852718e+00
4.8457412510e+00,2.6356985473e+00,8.8128729883e-01,3.7036568214e-01,2.5999591037e-02,3.4436609110e-01,3.3070838222e+00
4.8487946482e+00,2.6373086058e+00,8.8152558830e-01,3.7018589926e-01,2.5947780930e-02,3.4423811833e-01,3.3105868237e+00
4.8518480453e+00,2.6389196477e+00,8.8176344682e-01,3.7000614141e-01,2.5896079912e-02,3.4411006150e-01,3.3140942839e+00
4.8549014424e+00,2.6405316738e+00,8.8200087501e-01,3.6982640875e-01,2.5844487752e-02,3.4398192100e-01,3.3176062104e+00
4.8579548396e+00,2.6421446847e+00,8.8223787350e-01,3.6964670144e-01,2.5793004221e-02,3.4385369721e-01,3.3211226106e+00
4.8610082367e+00,2.6437586808e+00,8.8247444290e-01,3.6946701961e-01,2.5741629087e-02,3.4372539052e-01,3.3246434922e+00
4.8640616338e+00,2.6453736629e+00,8.8271058385e-01,3.6928736343e-01,2.5690362122e-02,3.4359700131e-01,3.3281688628e+00
4.8671150310e+00,2.6469896316e+00,8.8294629695e-01,3.6910773305e-01,2.5639203096e-02,3.4346852995e-01,3.3316987299e+00
4.8701684281e+00,2.6486065874e+00,8.8318158283e-01,3.6892812861e-01,2.5588151780e-02,3.4333997683e-01,3.3352331013e+00
4.8732218252e+00,2.6502245309e+00,8.8341644211e-01,3.6874855027e-01,2.5537207947e-02,3.4321134233e-01,3.3387719845e+00
4.8762752224e+00,2.6518434628e+00,8.8365087541e-01,3.6856899818e-01,2.5486371368e-02,3.4308262682e-01,3.3423153872e+00
4.8793286195e+00,2.6534633836e+00,8.8388488334e-01,3.6838947249e-01,2.5435641817e-02,3.4295383068e-01,3.3458633170e+00
4.8823820166e+00,2.6550842940e+00,8.8411846653e-01,3.6820997335e-01,2.5385019066e-02,3.4282495429e-01,3.3494157817e+00
4.8854354138e+00,2.6567061945e+00,8.8435162559e-01,3.6803050091e-01,2.5334502888e-02,3.4269599802e-01,3.3529727888e+00
4.8884888109e+00,2.6583290858e+00,8.8458436115e-01,3.6785105531e-01,2.5284093059e-02,3.4256696225e-01,3.3565343461e+00
4.8915422080e+00,2.6599529685e+00,8.8481667381e-01,3.6767163671e-01,2.5233789352e-02,3.4243784735e-01,3.3601004614e+00
4.8945956052e+00,2.6615778431e+00,8.8504856421e-01,3.6749224524e-01,2.5183591543e-02,3.4230865370e-01,3.3636711422e+00
4.8976490023e+00,2.6632037103e+00,8.8528003294e-01,3.6731288107e-01,2.5133499406e-02,3.4217938166e-01,3.3672463964e+00
4.9007023994e+00,2.6648305707e+00,8.8551108064e-01,3.6713354433e-01,2.5083512718e-02,3.4205003161e-01,3.3708262317e+00
4.9037557966e+00,2.6664584249e+00,8.8574170792e-01,3.6695423517e-01,2.5033631254e-02,3.4192060392e-01,3.3744106558e+00
4.9068091937e+00,2.6680872735e+00,8.8597191538e-01,3.6677495374e-01,2.4983854792e-02,3.4179109895e-01,3.3779996765e+00
4.9098625908e+00,2.6697171171e+00,8.8620170366e-01,3.6659570018e-01,2.4934183108e-02,3.4166151707e-01,3.3815933017e+00
4.9129159880e+00,2.6713479564e+00,8.8643107336e-01,3.6641647464e-01,2.4884615981e-02,3.4153185866e-01,3.3851915390e+00
4.9159693851e+00,2.6729797918e+00,8.8666002509e-01,3.6623727726e-01,2.4835153187e-02,3.4140212407e-01,3.3887943963e+00
4.9190227822e+00,2.6746126241e+00,8.8688855948e-01,3.6605810819e-01,2.4785794506e-02,3.4127231368e-01,3.3924018815e+00
4.9220761794e+00,2.6762464538e+00,8.8711667713e-01,3.6587896756e-01,2.4736539716e-02,3.4114242785e-01,3.3960140022e+00
4.9251295765e+00,2.6778812816e+00,8.8734437867e-01,3.6569985553e-01,2.4687388597e-02,3.4101246694e-01,3.3996307665e+00
4.9281829736e+00,2.6795171081e+00,8.8757166469e-01,3.6552077224e-01,2.4638340929e-02,3.4088243131e-01,3.4032521821e+00
4.9312363708e+00,2.6811539338e+00,8.8779853583e-01,3.6534171782e-01,2.4589396491e-02,3.4075232133e-01,3.4068782570e+00
4.9342897679e+00,2.6827917593e+00,8.8802499267e-01,3.6516269242e-01,2.4540555064e-02,3.4062213736e-01,3.4105089989e+00
4.9373431650e+00,2.6844305854e+00,8.8825103585e-01,3.6498369618e-01,2.4491816430e-02,3.4049187975e-01,3.4141444158e+00
4.9403965622e+00,2.6860704126e+00,8.8847666597e-01,3.6480472925e-01,2.4443180370e-02,3.4036154888e-01,3.4177845157e+00
4.9434499593e+00,2.6877112415e+00,8.8870188364e-01,3.6462579176e-01,2.4394646666e-02,3.4023114509e-01,3.4214293063e+00
4.9465033564e+00,2.6893530727e+00,8.8892668948e-01,3.6444688385e-01,2.4346215099e-02,3.4010066875e-01,3.4250787957e+00
4.9495567536e+00,2.6909959069e+00,8.8915108409e-01,3.6426800566e-01,2.4297885454e-02,3.3997012021e-01,3.4287329918e+00
4.9526101507e+00,2.6926397446e+00,8.8937506808e-01,3.6408915733e-01,2.4249657513e-02,3.3983949982e-01,3.4323919026e+00
4.9556635478e+00,2.6942845865e+00,8.8959864206e-01,3.6391033901e-01,2.4201531060e-02,3.3970880795e-01,3.4360555359e+00
4.9587169450e+00,2.6959304332e+00,8.8982180664e-01,3.6373155082e-01,2.4153505879e-02,3.3957804494e-01,3.4397238999e+00
4.9617703421e+00,2.6975772852e+00,8.9004456244e-01,3.6355279291e-01,2.4105581755e-02,3.3944721116e-01,3.4433970025e+00
4.9648237392e+00,2.6992251433e+00,8.9026691005e-01,3.6337406542e-01,2.4057758472e-02,3.3931630695e-01,3.4470748518e+00
4.9678771364e+00,2.7008740079e+00,8.9048885009e-01,3.6319536848e-01,2.4010035816e-02,3.3918533266e-01,3.4507574557e+00
4.9709305335e+00,2.7025238798e+00,8.9071038317e-01,3.6301670222e-01,2.3962413572e-02,3.3905428865e-01,3.4544448222e+00
4.9739839306e+00,2.7041747596e+00,8.9093150988e-01,3.6283806679e-01,2.3914891528e-02,3.3892317526e-01,3.4581369595e+00
4.9770373278e+00,2.7058266478e+00,8.9115223084e-01,3.6265946232e-01,2.3867469469e-02,3.3879199285e-01,3.4618338756e+00
4.9800907249e+00,2.7074795451e+00,8.9137254666e-01,3.6248088895e-01,2.3820147183e-02,3.3866074177e-01,3.4655355785e+00
4.9831441220e+00,2.7091334522e+00,8.9159245793e-01,3.6230234681e-01,2.3772924458e-02,3.3852942235e-01,3.4692420764e+00
4.9861975192e+00,2.7107883695e+00,8.9181196527e-01,3.6212383603e-01,2.3725801080e-02,3.3839803495e-01,3.4729533773e+00
4.9892509163e+00,2.7124442977e+00,8.9203106928e-01,3.6194535676e-01,2.3678776840e-02,3.3826657992e-01,3.4766694895e+00
4.9923043134e+00,2.7141012375e+00,8.9224977057e-01,3.6176690911e-01,2.3631851524e-02,3.3813505759e-01,3.4803904209e+00
4.9953577106e+00,2.7157591895e+00,8.9246806973e-01,3.6158849324e-01,2.3585024924e-02,3.3800346832e-01,3.4841161797e+00
4.9984111077e+00,2.7174181543e+00,8.9268596737e-01,3.6141010926e-01,2.3538296828e-02,3.3787181244e-01,3.4878467742e+00
5.0014645048e+00,2.7190781324e+00,8.9290346410e-01,3.6123175732e-01,2.3491667026e-02,3.3774009030e-01,3.4915822124e+00
5.0045179020e+00,2.7207391246e+00,8.9312056052e-01,3.6105343755e-01,2.3445135309e-02,3.3760830224e-01,3.4953225025e+00
5.0075712991e+00,2.7224011315e+00,8.9333725723e-01,3.6087515007e-01,2.3398701468e-02,3.3747644860e-01,3.4990676528e+00
5.0106246962e+00,2.7240641536e+00,8.9355355483e-01,3.6069689501e-01,2.3352365294e-02,3.3734452972e-01,3.5028176715e+00
5.0136780934e+00,2.7257281915e+00,8.9376945392e-01,3.6051867252e-01,2.3306126579e-02,3.3721254594e-01,3.5065725667e+00
5.0167314905e+00,2.7273932460e+00,8.9398495511e-01,3.6034048272e-01,2.3259985115e-02,3.3708049760e-01,3.5103323466e+00
5.0197848876e+00,2.7290593176e+00,8.9420005899e-01,3.6016232573e-01,2.3213940694e-02,3.3694838504e-01,3.5140970197e+00
5.0228382848e+00,2.7307264070e+00,8.9441476617e-01,3.5998420170e-01,2.3167993111e-02,3.3681620859e-01,3.5178665940e+00
5.0258916819e+00,2.7323945147e+00,8.9462907724e-01,3.5980611075e-01,2.3122142157e-02,3.3668396859e-01,3.5216410780e+00
5.0289450790e+00,2.7340636414e+00,8.9484299280e-01,3.5962805300e-01,2.3076387628e-02,3.3655166537e-01,3.5254204798e+00
5.0319984762e+00,2.7357337878e+00,8.9505651346e-01,3.5945002859e-01,2.3030729317e-02,3.3641929927e-01,3.5292048077e+00
5.0350518733e+00,2.7374049543e+00,8.9526963981e-01,3.5927203764e-01,2.2985167018e-02,3.3628687062e-01,3.5329940702e+00
5.0381052704e+00,2.7390771418e+00,8.9548237245e-01,3.5909408029e-01,2.2939700528e-02,3.3615437976e-01,3.5367882754e+00
5.0411586676e+00,2.7407503507e+00,8.9569471197e-01,3.5891615665e-01,2.2894329642e-02,3.3602182701e-01,3.5405874319e+00
5.0442120647e+00,2.7424245817e+00,8.9590665898e-01,3.5873826687e-01,2.2849054154e-02,3.3588921271e-01,3.5443915478e+00
5.0472654618e+00,2.7440998354e+00,8.9611821407e-01,3.5856041105e-01,2.2803873863e-02,3.3575653719e-01,3.5482006316e+00
5.0503188590e+00,2.7457761125e+00,8.9632937784e-01,3.5838258934e-01,2.2758788564e-02,3.3562380077e-01,3.5520146917e+00
5.0533722561e+00,2.7474534136e+00,8.9654015087e-01,3.5820480185e-01,2.2713798055e-02,3.3549100379e-01,3.5558337364e+00
5.0564256532e+00,2.7491317393e+00,8.9675053377e-01,3.5802704871e-01,2.2668902133e-02,3.3535814657e-01,3.5596577742e+00
5.0594790504e+00,2.7508110902e+00,8.9696052714e-01,3.5784933004e-01,2.2624100596e-02,3.3522522945e-01,3.5634868135e+00
5.0625324475e+00,2.7524914669e+00,8.9717013156e-01,3.5767164598e-01,2.2579393243e-02,3.3509225274e-01,3.5673208628e+00
5.0655858446e+00,2.7541728702e+00,8.9737934762e-01,3.5749399664e-01,2.2534779873e-02,3.3495921677e-01,3.5711599304e+00
5.0686392418e+00,2.7558553006e+00,8.9758817594e-01,3.5731638215e-01,2.2490260283e-02,3.3482612187e-01,3.5750040249e+00
5.0716926389e+00,2.7575387587e+00,8.9779661708e-01,3.5713880263e-01,2.2445834276e-02,3.3469296835e-01,3.5788531547e+00
5.0747460360e+00,2.7592232452e+00,8.9800467166e-01,3.5696125820e-01,2.2401501649e-02,3.3455975655e-01,3.5827073284e+00
5.0777994332e+00,2.7609087606e+00,8.9821234025e-01,3.5678374900e-01,2.2357262204e-02,3.3442648679e-01,3.5865665543e+00
5.0808528303e+00,2.7625953057e+00,8.9841962346e-01,3.5660627513e-01,2.2313115742e-02,3.3429315939e-01,3.5904308412e+00
5.0839062274e+00,2.7642828811e+00,8.9862652186e-01,3.5642883672e-01,2.2269062064e-02,3.3415977466e-01,3.5943001974e+00
5.0869596246e+00,2.7659714873e+00,8.9883303606e-01,3.5625143390e-01,2.2225100970e-02,3.3402633293e-01,3.5981746315e+00
5.0900130217e+00,2.7676611251e+00,8.9903916665e-01,3.5607406678e-01,2.2181232265e-02,3.3389283452e-01,3.6020541522e+00
5.0930664188e+00,2.7693517949e+00,8.9924491420e-01,3.5589673549e-01,2.2137455749e-02,3.3375927974e-01,3.6059387680e+00
5.0961198160e+00,2.7710434976e+00,8.9945027931e-01,3.5571944014e-01,2.2093771226e-02,3.3362566891e-01,3.6098284874e+00
5.0991732131e+00,2.7727362337e+00,8.9965526258e-01,3.5554218085e-01,2.2050178498e-02,3.3349200236e-01,3.6137233191e+00
5.1022266102e+00,2.7744300038e+00,8.9985986458e-01,3.5536495776e-01,2.2006677371e-02,3.3335828039e-01,3.6176232717e+00
5.1052800074e+00,2.7761248085e+00,9.0006408591e-01,3.5518777096e-01,2.1963267647e-02,3.3322450332e-01,3.6215283538e+00
5.1083334045e+00,2.7778206486e+00,9.0026792715e-01,3.5501062059e-01,2.1919949131e-02,3.3309067146e-01,3.6254385741e+00
5.1113868016e+00,2.7795175246e+00,9.0047138889e-01,3.5483350676e-01,2.1876721628e-02,3.3295678514e-01,3.6293539413e+00
5.1144401988e+00,2.7812154371e+00,9.0067447171e-01,3.5465642959e-01,2.1833584944e-02,3.3282284465e-01,3.6332744639e+00
5.1174935959e+00,2.7829143869e+00,9.0087717621e-01,3.5447938920e-01,2.1790538883e-02,3.3268885032e-01,3.6372001508e+00
5.1205469930e+00,2.7846143745e+00,9.0107950296e-01,3.5430238571e-01,2.1747583252e-02,3.3255480246e-01,3.6411310106e+00
5.1236003902e+00,2.7863154005e+00,9.0128145255e-01,3.5412541922e-01,2.1704717858e-02,3.3242070137e-01,3.6450670521e+00
5.1266537873e+00,2.7880174657e+00,9.0148302556e-01,3.5394848987e-01,2.1661942507e-02,3.3228654736e-01,3.6490082839e+00
5.1297071844e+00,2.7897205705e+00,9.0168422259e-01,3.5377159776e-01,2.1619257006e-02,3.3215234075e-01,3.6529547148e+00
5.1327605816e+00,2.7914247158e+00,9.0188504421e-01,3.5359474301e-01,2.1576661163e-02,3.3201808185e-01,3.6569063536e+00
5.1358139787e+00,2.7931299020e+00,9.0208549100e-01,3.5341792574e-01,2.1534154786e-02,3.3188377095e-01,3.6608632091e+00
5.1388673758e+00,2.7948361299e+00,9.0228556354e-01,3.5324114606e-01,2.1491737684e-02,3.3174940837e-01,3.6648252900e+00
5.1419207730e+00,2.7965434001e+00,9.0248526243e-01,3.5306440408e-01,2.1449409665e-02,3.3161499442e-01,3.6687926052e+00
5.1449741701e+00,2.7982517132e+00,9.0268458823e-01,3.5288769993e-01,2.1407170538e-02,3.3148052939e-01,3.6727651635e+00
5.1480275672e+00,2.7999610698e+00,9.0288354154e-01,3.5271103371e-01,2.1365020114e-02,3.3134601360e-01,3.6767429737e+00
5.1510809644e+00,2.8016714706e+00,9.0308212293e-01,3.5253440555e-01,2.1322958201e-02,3.3121144734e-01,3.6807260447e+00
5.1541343615e+00,2.8033829163e+00,9.0328033297e-01,3.5235781554e-01,2.1280984611e-02,3.3107683093e-01,3.6847143852e+00
5.1571877586e+00,2.8050954074e+00,9.0347817226e-01,3.5218126381e-01,2.1239099154e-02,3.3094216465e-01,3.6887080043e+00
5.1602411558e+00,2.8068089446e+00,9.0367564136e-01,3.5200475047e-01,2.1197301641e-02,3.3080744882e-01,3.6927069109e+00
5.1632945529e+00,2.8085235286e+00,9.0387274086e-01,3.5182827562e-01,2.1155591884e-02,3.3067268374e-01,3.6967111137e+00
5.1663479500e+00,2.8102391599e+00,9.0406947133e-01,3.5165183939e-01,2.1113969695e-02,3.3053786970e-01,3.7007206217e+00
5.1694013472e+00,2.8119558393e+00,9.0426583336e-01,3.5147544189e-01,2.1072434886e-02,3.3040300700e-01,3.7047354440e+00
5.1724547443e+00,2.8136735673e+00,9.0446182751e-01,3.5129908322e-01,2.1030987269e-02,3.3026809595e-01,3.7087555893e+00
5.1755081414e+00,2.8153923446e+00,9.0465745437e-01,3.5112276349e-01,2.0989626658e-02,3.3013313683e-01,3.7127810668e+00
5.1785615386e+00,2.8171121719e+00,9.0485271451e-01,3.5094648283e-01,2.0948352867e-02,3.2999812996e-01,3.7168118853e+00
5.1816149357e+00,2.8188330497e+00,9.0504760850e-01,3.5077024132e-01,2.0907165708e-02,3.2986307562e-01,3.7208480540e+00
5.1846683328e+00,2.8205549788e+00,9.0524213692e-01,3.5059403910e-01,2.0866064997e-02,3.2972797410e-01,3.7248895817e+00
5.1877217300e+00,2.8222779597e+00,9.0543630035e-01,3.5041787626e-01,2.0825050548e-02,3.2959282571e-01,3.7289364775e+00
5.1907751271e+00,2.8240019932e+00,9.0563009935e-01,3.5024175292e-01,2.0784122176e-02,3.2945763074e-01,3.7329887505e+00
5.1938285242e+00,2.8257270798e+00,9.0582353450e-01,3.5006566918e-01,2.0743279696e-02,3.2932238948e-01,3.7370464098e+00
5.1968819214e+00,2.8274532202e+00,9.0601660638e-01,3.4988962515e-01,2.0702522924e-02,3.2918710223e-01,3.7411094643e+00
5.1999353185e+00,2.8291804150e+00,9.0620931555e-01,3.4971362095e-01,2.0661851676e-02,3.2905176927e-01,3.7451779232e+00
5.2029887156e+00,2.8309086649e+00,9.0640166259e-01,3.4953765667e-01,2.0621265769e-02,3.2891639090e-01,3.7492517956e+00
5.2060421128e+00,2.8326379706e+00,9.0659364806e-01,3.4936173243e-01,2.0580765020e-02,3.2878096741e-01,3.7533310906e+00
5.2090955099e+00,2.8343683326e+00,9.0678527255e-01,3.4918584833e-01,2.0540349245e-02,3.2864549909e-01,3.7574158173e+00
5.2121489070e+00,2.8360997516e+00,9.0697653661e-01,3.4901000448e-01,2.0500018263e-02,3.2850998622e-01,3.7615059849e+00
5.2152023042e+00,2.8378322284e+00,9.0716744082e-01,3.4883420099e-01,2.0459771892e-02,3.2837442910e-01,3.7656016026e+00
5.2182557013e+00,2.8395657634e+00,9.0735798574e-01,3.4865843796e-01,2.0419609949e-02,3.2823882801e-01,3.7697026794e+00
5.2213090985e+00,2.8413003574e+00,9.0754817195e-01,3.4848271550e-01,2.0379532254e-02,3.2810318324e-01,3.7738092248e+00
5.2243624956e+00,2.8430360109e+00,9.0773800002e-01,3.4830703371e-01,2.0339538626e-02,3.2796749508e-01,3.7779212477e+00
5.2274158927e+00,2.8447727248e+00,9.0792747050e-01,3.4813139270e-01,2.0299628885e-02,3.2783176381e-01,3.7820387575e+00
5.2304692899e+00,2.8465104995e+00,9.0811658397e-01,3.4795579257e-01,2.0259802849e-02,3.2769598972e-01,3.7861617634e+00
5.2335226870e+00,2.8482493358e+00,9.0830534099e-01,3.4778023343e-01,2.0220060340e-02,3.2756017308e-01,3.7902902746e+00
5.2365760841e+00,2.8499892343e+00,9.0849374214e-01,3.4760471537e-01,2.0180401179e-02,3.2742431420e-01,3.7944243005e+00
5.2396294813e+00,2.8517301956e+00,9.0868178797e-01,3.4742923852e-01,2.0140825185e-02,3.2728841333e-01,3.7985638503e+00
5.2426828784e+00,2.8534722204e+00,9.0886947904e-01,3.4725380296e-01,2.0101332181e-02,3.2715247078e-01,3.8027089333e+00
5.2457362755e+00,2.8552153094e+00,9.0905681593e-01,3.4707840880e-01,2.0061921989e-02,3.2701648682e-01,3.8068595588e+00
5.2487896727e+00,2.8569594631e+00,9.0924379920e-01,3.4690305615e-01,2.0022594429e-02,3.2688046172e-01,3.8110157362e+00
5.2518430698e+00,2.8587046823e+00,9.0943042941e-01,3.4672774511e-01,1.9983349326e-02,3.2674439578e-01,3.8151774748e+00
5.2548964669e+00,2.8604509676e+00,9.0961670712e-01,3.4655247577e-01,1.9944186502e-02,3.2660828927e-01,3.8193447840e+00
5.2579498641e+00,2.8621983196e+00,9.0980263289e-01,3.4637724824e-01,1.9905105780e-02,3.2647214246e-01,3.8235176732e+00
5.2610032612e+00,2.8639467391e+00,9.0998820729e-01,3.4620206262e-01,1.9866106983e-02,3.2633595564e-01,3.8276961517e+00
5.2640566583e+00,2.8656962266e+00,9.1017343088e-01,3.4602691902e-01,1.9827189936e-02,3.2619972908e-01,3.8318802289e+00
5.2671100555e+00,2.8674467828e+00,9.1035830421e-01,3.4585181752e-01,1.9788354463e-02,3.2606346306e-01,3.8360699144e+00
5.2701634526e+00,2.8691984083e+00,9.1054282785e-01,3.4567675825e-01,1.9749600389e-02,3.2592715786e-01,3.8402652174e+00
5.2732168497e+00,2.8709511039e+00,9.1072700236e-01,3.4550174128e-01,1.9710927538e-02,3.2579081374e-01,3.8444661476e+00
5.2762702469e+00,2.8727048701e+00,9.1091082830e-01,3.4532676673e-01,1.9672335736e-02,3.2565443099e-01,3.8486727144e+00
5.2793236440e+00,2.8744597076e+00,9.1109430622e-01,3.4515183469e-01,1.9633824809e-02,3.2551800988e-01,3.8528849272e+00
5.2823770411e+00,2.8762156171e+00,9.1127743668e-01,3.4497694526e-01,1.9595394584e-02,3.2538155068e-01,3.8571027955e+00
5.2854304383e+00,2.8779725992e+00,9.1146022023e-01,3.4480209854e-01,1.9557044886e-02,3.2524505366e-01,3.8613263290e+00
5.2884838354e+00,2.8797306546e+00,9.1164265745e-01,3.4462729463e-01,1.9518775542e-02,3.2510851909e-01,3.8655555371e+00
5.2915372325e+00,2.8814897840e+00,9.1182474887e-01,3.4445253363e-01,1.9480586380e-02,3.2497194725e-01,3.8697904293e+00
5.2945906297e+00,2.8832499879e+00,9.1200649507e-01,3.4427781563e-01,1.9442477227e-02,3.2483533840e-01,3.8740310153e+00
5.2976440268e+00,2.8850112671e+00,9.1218789658e-01,3.4410314074e-01,1.9404447912e-02,3.2469869282e-01,3.8782773047e+00
5.3006974239e+00,2.8867736222e+00,9.1236895397e-01,3.4392850904e-01,1.9366498262e-02,3.2456201078e-01,3.8825293069e+00
5.3037508211e+00,2.8885370538e+00,9.1254966779e-01,3.4375392064e-01,1.9328628106e-02,3.2442529253e-01,3.8867870318e+00
5.3068042182e+00,2.8903015627e+00,9.1273003860e-01,3.4357937563e-01,1.9290837273e-02,3.2428853836e-01,3.8910504888e+00
5.3098576153e+00,2.8920671495e+00,9.1291006694e-01,3.4340487411e-01,1.9253125593e-02,3.2415174852e-01,3.8953196876e+00
5.3129110125e+00,2.8938338147e+00,9.1308975337e-01,3.4323041617e-01,1.9215492895e-02,3.2401492328e-01,3.8995946380e+00
5.3159644096e+00,2.8956015592e+00,9.1326909844e-01,3.4305600192e-01,1.9177939010e-02,3.2387806291e-01,3.9038753496e+00
5.3190178067e+00,2.8973703836e+00,9.1344810271e-01,3.4288163144e-01,1.9140463768e-02,3.2374116767e-01,3.9081618320e+00
5.3220712039e+00,2.8991402884e+00,9.1362676671e-01,3.4270730483e-01,1.9103066999e-02,3.2360423783e-01,3.9124540951e+00
5.3251246010e+00,2.9009112744e+00,9.1380509101e-01,3.4253302218e-01,1.9065748535e-02,3.2346727365e-01,3.9167521485e+00
5.3281779981e+00,2.9026833423e+00,9.1398307615e-01,3.4235878360e-01,1.9028508208e-02,3.2333027539e-01,3.9210560019e+00
5.3312313953e+00,2.9044564927e+00,9.1416072267e-01,3.4218458917e-01,1.8991345848e-02,3.2319324332e-01,3.9253656653e+00
5.3342847924e+00,2.9062307262e+00,9.1433803114e-01,3.4201043898e-01,1.8954261290e-02,3.2305617769e-01,3.9296811482e+00
5.3373381895e+00,2.9080060435e+00,9.1451500210e-01,3.4183633314e-01,1.8917254364e-02,3.2291907877e-01,3.9340024606e+00
5.3403915867e+00,2.9097824453e+00,9.1469163609e-01,3.4166227173e-01,1.8880324904e-02,3.2278194682e-01,3.9383296123e+00
5.3434449838e+00,2.9115599323e+00,9.1486793366e-01,3.4148825484e-01,1.8843472743e-02,3.2264478210e-01,3.9426626130e+00
5.3464983809e+00,2.9133385050e+00,9.1504389535e-01,3.4131428257e-01,1.8806697715e-02,3.2250758486e-01,3.9470014726e+00
5.3495517781e+00,2.9151181643e+00,9.1521952172e-01,3.4114035502e-01,1.8769999654e-02,3.2237035536e-01,3.9513462010e+00
5.3526051752e+00,2.9168989106e+00,9.1539481331e-01,3.4096647226e-01,1.8733378394e-02,3.2223309387e-01,3.9556968081e+00
5.3556585723e+00,2.9186807448e+00,9.1556977066e-01,3.4079263440e-01,1.8696833769e-02,3.2209580064e-01,3.9600533037e+00
5.3587119695e+00,2.9204636674e+00,9.1574439431e-01,3.4061884153e-01,1.8660365615e-02,3.2195847592e-01,3.9644156978e+00
5.3617653666e+00,2.9222476792e+00,9.1591868482e-01,3.4044509373e-01,1.8623973768e-02,3.2182111996e-01,3.9687840003e+00
5.3648187637e+00,2.9240327807e+00,9.1609264271e-01,3.4027139110e-01,1.8587658062e-02,3.2168373304e-01,3.9731582212e+00
5.3678721609e+00,2.9258189727e+00,9.1626626854e-01,3.4009773373e-01,1.8551418334e-02,3.2154631539e-01,3.9775383704e+00
5.3709255580e+00,2.9276062559e+00,9.1643956285e-01,3.3992412170e-01,1.8515254420e-02,3.2140886728e-01,3.9819244579e+00
5.3739789551e+00,2.9293946308e+00,9.1661252617e-01,3.3975055511e-01,1.8479166157e-02,3.2127138896e-01,3.9863164937e+00
5.3770323523e+00,2.9311840982e+00,9.1678515905e-01,3.3957703405e-01,1.8443153382e-02,3.2113388067e-01,3.9907144878e+00
5.3800857494e+00,2.9329746586e+00,9.1695746203e-01,3.3940355860e-01,1.8407215932e-02,3.2099634267e-01,3.9951184502e+00
5.3831391465e+00,2.9347663129e+00,9.1712943564e-01,3.3923012886e-01,1.8371353646e-02,3.2085877521e-01,3.9995283910e+00
5.3861925437e+00,2.9365590617e+00,9.1730108043e-01,3.3905674491e-01,1.8335566361e-02,3.2072117855e-01,4.0039443203e+00
5.3892459408e+00,2.9383529056e+00,9.1747239693e-01,3.3888340684e-01,1.8299853915e-02,3.2058355293e-01,4.0083662481e+00
5.3922993379e+00,2.9401478453e+00,9.1764338569e-01,3.3871011474e-01,1.8264216149e-02,3.2044589859e-01,4.0127941845e+00
5.3953527351e+00,2.9419438814e+00,9.1781404723e-01,3.3853686870e-01,1.8228652899e-02,3.2030821580e-01,4.0172281397e+00
5.3984061322e+00,2.9437410147e+00,9.1798438210e-01,3.3836366880e-01,1.8193164007e-02,3.2017050479e-01,4.0216681238e+00
5.4014595293e+00,2.9455392458e+00,9.1815439083e-01,3.3819051513e-01,1.8157749311e-02,3.2003276582e-01,4.0261141469e+00
5.4045129265e+00,2.9473385753e+00,9.1832407395e-01,3.3801740778e-01,1.8122408653e-02,3.1989499913e-01,4.0305662192e+00
5.4075663236e+00,2.9491390041e+00,9.1849343201e-01,3.3784434684e-01,1.8087141872e-02,3.1975720496e-01,4.0350243509e+00
5.4106197207e+00,2.9509405326e+00,9.1866246553e-01,3.3767133238e-01,1.8051948809e-02,3.1961938357e-01,4.0394885522e+00
5.4136731179e+00,2.9527431616e+00,9.1883117505e-01,3.3749836450e-01,1.8016829306e-02,3.1948153520e-01,4.0439588333e+00
5.4167265150e+00,2.9545468918e+00,9.1899956110e-01,3.3732544329e-01,1.7981783203e-02,3.1934366008e-01,4.0484352044e+00
5.4197799121e+00,2.9563517239e+00,9.1916762422e-01,3.3715256882e-01,1.7946810343e-02,3.1920575847e-01,4.0529176759e+00
5.4228333093e+00,2.9581576584e+00,9.1933536494e-01,3.3697974118e-01,1.7911910568e-02,3.1906783061e-01,4.0574062579e+00
5.4258867064e+00,2.9599646961e+00,9.1950278378e-01,3.3680696046e-01,1.7877083720e-02,3.1892987674e-01,4.0619009608e+00
5.4289401035e+00,2.9617728377e+00,9.1966988128e-01,3.3663422675e-01,1.7842329643e-02,3.1879189710e-01,4.0664017948e+00
5.4319935007e+00,2.9635820838e+00,9.1983665797e-01,3.3646154011e-01,1.7807648178e-02,3.1865389194e-01,4.0709087703e+00
5.4350468978e+00,2.9653924352e+00,9.2000311438e-01,3.3628890065e-01,1.7773039170e-02,3.1851586148e-01,4.0754218977e+00
5.4381002949e+00,2.9672038924e+00,9.2016925104e-01,3.3611630844e-01,1.7738502463e-02,3.1837780598e-01,4.0799411872e+00
5.4411536921e+00,2.9690164561e+00,9.2033506848e-01,3.3594376357e-01,1.7704037900e-02,3.1823972567e-01,4.0844666494e+00
5.4442070892e+00,2.9708301271e+00,9.2050056722e-01,3.3577126612e-01,1.7669645326e-02,3.1810162079e-01,4.0889982944e+00
5.4472604863e+00,2.9726449060e+00,9.2066574779e-01,3.3559881617e-01,1.7635324586e-02,3.1796349158e-01,4.0935361329e+00
5.4503138835e+00,2.9744607935e+00,9.2083061071e-01,3.3542641380e-01,1.7601075526e-02,3.1782533828e-01,4.0980801751e+00
5.4533672806e+00,2.9762777903e+00,9.2099515653e-01,3.3525405910e-01,1.7566897989e-02,3.1768716112e-01,4.1026304316e+00
5.4564206777e+00,2.9780958970e+00,9.2115938575e-01,3.3508175216e-01,1.7532791823e-02,3.1754896033e-01,4.1071869128e+00
5.4594740749e+00,2.9799151143e+00,9.2132329891e-01,3.3490949304e-01,1.7498756873e-02,3.1741073616e-01,4.1117496292e+00
5.4625274720e+00,2.9817354429e+00,9.2148689653e-01,3.3473728183e-01,1.7464792985e-02,3.1727248884e-01,4.1163185912e+00
5.4655808691e+00,2.9835568835e+00,9.2165017913e-01,3.3456511862e-01,1.7430900007e-02,3.1713421861e-01,4.1208938095e+00
5.4686342663e+00,2.9853794367e+00,9.2181314724e-01,3.3439300348e-01,1.7397077786e-02,3.1699592569e-01,4.1254752945e+00
5.4716876634e+00,2.9872031033e+00,9.2197580138e-01,3.3422093649e-01,1.7363326168e-02,3.1685761032e-01,4.1300630569e+00
5.4747410605e+00,2.9890278839e+00,9.2213814206e-01,3.3404891774e-01,1.7329645002e-02,3.1671927274e-01,4.1346571071e+00
5.4777944577e+00,2.9908537792e+00,9.2230016983e-01,3.3387694730e-01,1.7296034136e-02,3.1658091316e-01,4.1392574557e+00
5.4808478548e+00,2.9926807899e+00,9.2246188518e-01,3.3370502526e-01,1.7262493418e-02,3.1644253184e-01,4.1438641135e+00
5.4839012519e+00,2.9945089166e+00,9.2262328865e-01,3.3353315169e-01,1.7229022696e-02,3.1630412899e-01,4.1484770909e+00
5.4869546491e+00,2.9963381601e+00,9.2278438076e-01,3.3336132667e-01,1.7195621821e-02,3.1616570485e-01,4.1530963987e+00
5.4900080462e+00,2.9981685210e+00,9.2294516202e-01,3.3318955029e-01,1.7162290640e-02,3.1602725965e-01,4.1577220474e+00
5.4930614433e+00,3.0000000000e+00,9.2310563295e-01,3.3301782261e-01,1.7129029004e-02,3.1588879361e-01,4.1623540479e+00
