tau=beta*t,lambda,xi,sigma_total_over_mu,sigma_surviving_over_mu,sigma_recrosslinked_over_mu,sigma_elastic_over_mu
0.0000000000e+00,1.0000000000e+00,0.0000000000e+00,0.0000000000e+00,0.0000000000e+00,0.0000000000e+00,0.0000000000e+00
1.0177990445e-03,1.0006108659e+00,6.2133796555e-07,2.4399847855e-03,2.4387437100e-03,1.2410755089e-06,2.4412271246e-03
2.0355980891e-03,1.0012221050e+00,2.4845071697e-06,4.8745138184e-03,4.8695550684e-03,4.9587499300e-06,4.8794776212e-03
3.0533971336e-03,1.0018337175e+00,5.5882387604e-06,7.3036009396e-03,7.2924574874e-03,1.1143452156e-05,7.3147582855e-03
4.0711961781e-03,1.0024457036e+00,9.9312614694e-06,9.7272599513e-03,9.7074743106e-03,1.9785640709e-05,9.7470759011e-03
5.0889952227e-03,1.0030580635e+00,1.5512301615e-05,1.2145504617e-02,1.2114628814e-02,3.0875803655e-05,1.2176437240e-02
6.1067942672e-03,1.0036707975e+00,2.2330083106e-05,1.4558348662e-02,1.4513944204e-02,4.4404458512e-05,1.4602849061e-02
7.1245933117e-03,1.0042839058e+00,3.0383327441e-05,1.6965805773e-02,1.6905443621e-02,6.0362152169e-05,1.7026318111e-02
8.1423923563e-03,1.0048973886e+00,3.9670753715e-05,1.9367889599e-02,1.9289150138e-02,7.8739460796e-05,1.9446851128e-02
9.1601914008e-03,1.0055112462e+00,5.0191078618e-05,2.1764613750e-02,2.1665086760e-02,9.9526989755e-05,2.1864454833e-02
1.0177990445e-02,1.0061254788e+00,6.1943016444e-05,2.4155991798e-02,2.4033276425e-02,1.2271537352e-04,2.4279135938e-02
1.1195789490e-02,1.0067400865e+00,7.4925279086e-05,2.6542037279e-02,2.6393742003e-02,1.4829527559e-04,2.6690901144e-02
1.2213588534e-02,1.0073550697e+00,8.9136576044e-05,2.8922763688e-02,2.8746506300e-02,1.7625738839e-04,2.9099757138e-02
1.3231387579e-02,1.0079704286e+00,1.0457561443e-04,3.1298184485e-02,3.1091592052e-02,2.0659243322e-04,3.1505710597e-02
1.4249186623e-02,1.0085861634e+00,1.2124109896e-04,3.3668313093e-02,3.3429021932e-02,2.3929116011e-04,3.3908768184e-02
1.5266985668e-02,1.0092022744e+00,1.3913173197e-04,3.6033162894e-02,3.5758818546e-02,2.7434434781e-04,3.6308936553e-02
1.6284784713e-02,1.0098187616e+00,1.5824621342e-04,3.8392747237e-02,3.8081004433e-02,3.1174280365e-04,3.8706222344e-02
1.7302583757e-02,1.0104356255e+00,1.7858324087e-04,4.0747079431e-02,4.0395602067e-02,3.5147736347e-04,4.1100632187e-02
1.8320382802e-02,1.0110528662e+00,2.0014150953e-04,4.3096172749e-02,4.2702633857e-02,3.9353889155e-04,4.3492172700e-02
1.9338181846e-02,1.0116704840e+00,2.2291971222e-04,4.5440040427e-02,4.5002122146e-02,4.3791828050e-04,4.5880850488e-02
2.0355980891e-02,1.0122884790e+00,2.4691653940e-04,4.7778695664e-02,4.7294089213e-02,4.8460645121e-04,4.8266672145e-02
2.1373779935e-02,1.0129068515e+00,2.7213067914e-04,5.0112151624e-02,4.9578557271e-02,5.3359435273e-04,5.0649644256e-02
2.2391578980e-02,1.0135256018e+00,2.9856081718e-04,5.2440421431e-02,5.1855548468e-02,5.8487296222e-04,5.3029773392e-02
2.3409378024e-02,1.0141447301e+00,3.2620563688e-04,5.4763518175e-02,5.4125084890e-02,6.3843328485e-04,5.5407066112e-02
2.4427177069e-02,1.0147642365e+00,3.5506381925e-04,5.7081454910e-02,5.6387188557e-02,6.9426635372e-04,5.7781528965e-02
2.5444976113e-02,1.0153841214e+00,3.8513404294e-04,5.9394244653e-02,5.8641881424e-02,7.5236322977e-04,6.0153168488e-02
2.6462775158e-02,1.0160043850e+00,4.1641498425e-04,6.1701900385e-02,6.0889185383e-02,8.1271500171e-04,6.2521991208e-02
2.7480574202e-02,1.0166250275e+00,4.4890531715e-04,6.4004435050e-02,6.3129122264e-02,8.7531278595e-04,6.4888003639e-02
2.8498373247e-02,1.0172460491e+00,4.8260371325e-04,6.6301861557e-02,6.5361713831e-02,9.4014772648e-04,6.7251212285e-02
2.9516172291e-02,1.0178674500e+00,5.1750884182e-04,6.8594192781e-02,6.7586981786e-02,1.0072109948e-03,6.9611623636e-02
3.0533971336e-02,1.0184892306e+00,5.5361936981e-04,7.0881441558e-02,6.9804947768e-02,1.0764937900e-03,7.1969244175e-02
3.1551770380e-02,1.0191113909e+00,5.9093396182e-04,7.3163620691e-02,7.2015633353e-02,1.1479873382e-03,7.4324080371e-02
3.2569569425e-02,1.0197339314e+00,6.2945128013e-04,7.5440742947e-02,7.4219060054e-02,1.2216828931e-03,7.6676138682e-02
3.3587368470e-02,1.0203568521e+00,6.6916998469e-04,7.7712821057e-02,7.6415249321e-02,1.2975717356e-03,7.9025425556e-02
3.4605167514e-02,1.0209801533e+00,7.1008873314e-04,7.9979867717e-02,7.8604222544e-02,1.3756451734e-03,8.1371947430e-02
3.5622966559e-02,1.0216038353e+00,7.5220618080e-04,8.2241895589e-02,8.0786001048e-02,1.4558945417e-03,8.3715710727e-02
3.6640765603e-02,1.0222278983e+00,7.9552098066e-04,8.4498917299e-02,8.2960606097e-02,1.5383112023e-03,8.6056721863e-02
3.7658564648e-02,1.0228523425e+00,8.4003178343e-04,8.6750945439e-02,8.5128058895e-02,1.6228865440e-03,8.8394987242e-02
3.8676363692e-02,1.0234771681e+00,8.8573723749e-04,8.8997992564e-02,8.7288380582e-02,1.7096119824e-03,9.0730513254e-02
3.9694162737e-02,1.0241023754e+00,9.3263598892e-04,9.1240071197e-02,8.9441592238e-02,1.7984789599e-03,9.3063306282e-02
4.0711961781e-02,1.0247279647e+00,9.8072668151e-04,9.3477193827e-02,9.1587714881e-02,1.8894789454e-03,9.5393372696e-02
4.1729760826e-02,1.0253539361e+00,1.0300079568e-03,9.5709372904e-02,9.3726769470e-02,1.9826034345e-03,9.7720718856e-02
4.2747559870e-02,1.0259802899e+00,1.0804784539e-03,9.7936620849e-02,9.5858776900e-02,2.0778439492e-03,1.0004535111e-01
4.3765358915e-02,1.0266070263e+00,1.1321368098e-03,1.0015895005e-01,9.7983758009e-02,2.1751920380e-03,1.0236727580e-01
4.4783157959e-02,1.0272341455e+00,1.1849816591e-03,1.0237637285e-01,1.0010173357e-01,2.2746392755e-03,1.0468649925e-01
4.5800957004e-02,1.0278616479e+00,1.2390116342e-03,1.0458890157e-01,1.0221272430e-01,2.3761772629e-03,1.0700302777e-01
4.6818756048e-02,1.0284895335e+00,1.2942253652e-03,1.0679654849e-01,1.0431675086e-01,2.4797976274e-03,1.0931686768e-01
4.7836555093e-02,1.0291178028e+00,1.3506214798e-03,1.0899932586e-01,1.0641383384e-01,2.5854920223e-03,1.1162802526e-01
4.8854354138e-02,1.0297464558e+00,1.4081986037e-03,1.1119724590e-01,1.0850399377e-01,2.6932521268e-03,1.1393650681e-01
4.9872153182e-02,1.0303754928e+00,1.4669553602e-03,1.1339032078e-01,1.1058725114e-01,2.8030696464e-03,1.1624231859e-01
5.0889952227e-02,1.0310049141e+00,1.5268903702e-03,1.1557856267e-01,1.1266362635e-01,2.9149363121e-03,1.1854546687e-01
5.1907751271e-02,1.0316347198e+00,1.5880022526e-03,1.1776198366e-01,1.1473313978e-01,3.0288438810e-03,1.2084595790e-01
5.2925550316e-02,1.0322649103e+00,1.6502896240e-03,1.1994059584e-01,1.1679581171e-01,3.1447841357e-03,1.2314379793e-01
5.3943349360e-02,1.0328954858e+00,1.7137510985e-03,1.2211441127e-01,1.1885166239e-01,3.2627488845e-03,1.2543899319e-01
5.4961148405e-02,1.0335264465e+00,1.7783852883e-03,1.2428344195e-01,1.2090071199e-01,3.3827299613e-03,1.2773154989e-01
5.5978947449e-02,1.0341577926e+00,1.8441908032e-03,1.2644769988e-01,1.2294298065e-01,3.5047192256e-03,1.3002147426e-01
5.6996746494e-02,1.0347895243e+00,1.9111662508e-03,1.2860719699e-01,1.2497848843e-01,3.6287085621e-03,1.3230877248e-01
5.8014545538e-02,1.0354216420e+00,1.9793102365e-03,1.3076194521e-01,1.2700725533e-01,3.7546898811e-03,1.3459345075e-01
5.9032344583e-02,1.0360541458e+00,2.0486213635e-03,1.3291195641e-01,1.2902930130e-01,3.8826551179e-03,1.3687551526e-01
6.0050143627e-02,1.0366870360e+00,2.1190982326e-03,1.3505724247e-01,1.3104464623e-01,4.0125962332e-03,1.3915497216e-01
6.1067942672e-02,1.0373203128e+00,2.1907394426e-03,1.3719781518e-01,1.3305330997e-01,4.1445052127e-03,1.4143182762e-01
6.2085741716e-02,1.0379539764e+00,2.2635435901e-03,1.3933368634e-01,1.3505531227e-01,4.2783740673e-03,1.4370608779e-01
6.3103540761e-02,1.0385880271e+00,2.3375092693e-03,1.4146486771e-01,1.3705067288e-01,4.4141948328e-03,1.4597775881e-01
6.4121339806e-02,1.0392224652e+00,2.4126350725e-03,1.4359137100e-01,1.3903941143e-01,4.5519595698e-03,1.4824684681e-01
6.5139138850e-02,1.0398572908e+00,2.4889195895e-03,1.4571320791e-01,1.4102154755e-01,4.6916603639e-03,1.5051335790e-01
6.6156937895e-02,1.0404925041e+00,2.5663614081e-03,1.4783039010e-01,1.4299710078e-01,4.8332893254e-03,1.5277729819e-01
6.7174736939e-02,1.0411281056e+00,2.6449591139e-03,1.4994292920e-01,1.4496609061e-01,4.9768385893e-03,1.5503867379e-01
6.8192535984e-02,1.0417640953e+00,2.7247112902e-03,1.5205083679e-01,1.4692853648e-01,5.1223003151e-03,1.5729749078e-01
6.9210335028e-02,1.0424004734e+00,2.8056165184e-03,1.5415412445e-01,1.4888445776e-01,5.2696666869e-03,1.5955375524e-01
7.0228134073e-02,1.0430372404e+00,2.8876733775e-03,1.5625280370e-01,1.5083387379e-01,5.4189299135e-03,1.6180747323e-01
7.1245933117e-02,1.0436743963e+00,2.9708804444e-03,1.5834688605e-01,1.5277680382e-01,5.5700822278e-03,1.6405865083e-01
7.2263732162e-02,1.0443119414e+00,3.0552362938e-03,1.6043638297e-01,1.5471326708e-01,5.7231158871e-03,1.6630729406e-01
7.3281531206e-02,1.0449498760e+00,3.1407394983e-03,1.6252130589e-01,1.5664328271e-01,5.8780231730e-03,1.6855340898e-01
7.4299330251e-02,1.0455882003e+00,3.2273886285e-03,1.6460166622e-01,1.5856686983e-01,6.0347963913e-03,1.7079700162e-01
7.5317129295e-02,1.0462269145e+00,3.3151822525e-03,1.6667747534e-01,1.6048404747e-01,6.1934278719e-03,1.7303807798e-01
7.6334928340e-02,1.0468660189e+00,3.4041189367e-03,1.6874874460e-01,1.6239483463e-01,6.3539099688e-03,1.7527664409e-01
7.7352727384e-02,1.0475055137e+00,3.4941972450e-03,1.7081548531e-01,1.6429925025e-01,6.5162350598e-03,1.7751270594e-01
7.8370526429e-02,1.0481453991e+00,3.5854157394e-03,1.7287770874e-01,1.6619731320e-01,6.6803955467e-03,1.7974626951e-01
7.9388325474e-02,1.0487856754e+00,3.6777729797e-03,1.7493542617e-01,1.6808904231e-01,6.8463838553e-03,1.8197734080e-01
8.0406124518e-02,1.0494263428e+00,3.7712675237e-03,1.7698864880e-01,1.6997445636e-01,7.0141924349e-03,1.8420592577e-01
8.1423923563e-02,1.0500674016e+00,3.8658979268e-03,1.7903738783e-01,1.7185357407e-01,7.1838137586e-03,1.8643203037e-01
8.2441722607e-02,1.0507088520e+00,3.9616627426e-03,1.8108165442e-01,1.7372641410e-01,7.3552403233e-03,1.8865566057e-01
8.3459521652e-02,1.0513506943e+00,4.0585605226e-03,1.8312145971e-01,1.7559299506e-01,7.5284646491e-03,1.9087682231e-01
8.4477320696e-02,1.0519929286e+00,4.1565898159e-03,1.8515681479e-01,1.7745333551e-01,7.7034792799e-03,1.9309552150e-01
8.5495119741e-02,1.0526355552e+00,4.2557491699e-03,1.8718773074e-01,1.7930745396e-01,7.8802767828e-03,1.9531176409e-01
8.6512918785e-02,1.0532785744e+00,4.3560371297e-03,1.8921421860e-01,1.8115536885e-01,8.0588497485e-03,1.9752555597e-01
8.7530717830e-02,1.0539219864e+00,4.4574522383e-03,1.9123628938e-01,1.8299709859e-01,8.2391907908e-03,1.9973690306e-01
8.8548516874e-02,1.0545657915e+00,4.5599930368e-03,1.9325395406e-01,1.8483266151e-01,8.4212925468e-03,2.0194581124e-01
8.9566315919e-02,1.0552099898e+00,4.6636580640e-03,1.9526722359e-01,1.8666207591e-01,8.6051476766e-03,2.0415228641e-01
9.0584114963e-02,1.0558545816e+00,4.7684458570e-03,1.9727610890e-01,1.8848536003e-01,8.7907488635e-03,2.0635633443e-01
9.1601914008e-02,1.0564995672e+00,4.8743549505e-03,1.9928062087e-01,1.9030253206e-01,8.9780888138e-03,2.0855796117e-01
9.2619713052e-02,1.0571449468e+00,4.9813838773e-03,2.0128077038e-01,1.9211361012e-01,9.1671602569e-03,2.1075717249e-01
9.3637512097e-02,1.0577907206e+00,5.0895311683e-03,2.0327656825e-01,1.9391861231e-01,9.3579559447e-03,2.1295397423e-01
9.4655311141e-02,1.0584368889e+00,5.1987953520e-03,2.0526802530e-01,1.9571755665e-01,9.5504686523e-03,2.1514837224e-01
9.5673110186e-02,1.0590834520e+00,5.3091749552e-03,2.0725515229e-01,1.9751046111e-01,9.7446911774e-03,2.1734037234e-01
9.6690909231e-02,1.0597304099e+00,5.4206685026e-03,2.0923795998e-01,1.9929734364e-01,9.9406163402e-03,2.1952998034e-01
9.7708708275e-02,1.0603777631e+00,5.5332745169e-03,2.1121645907e-01,2.0107822209e-01,1.0138236984e-02,2.2171720207e-01
9.8726507320e-02,1.0610255118e+00,5.6469915186e-03,2.1319066027e-01,2.0285311430e-01,1.0337545974e-02,2.2390204331e-01
9.9744306364e-02,1.0616736561e+00,5.7618180265e-03,2.1516057423e-01,2.0462203803e-01,1.0538536198e-02,2.2608450986e-01
1.0076210541e-01,1.0623221964e+00,5.8777525573e-03,2.1712621157e-01,2.0638501101e-01,1.0741200567e-02,2.2826460751e-01
1.0177990445e-01,1.0629711328e+00,5.9947936255e-03,2.1908758292e-01,2.0814205090e-01,1.0945532013e-02,2.3044234203e-01
1.0279770350e-01,1.0636204657e+00,6.1129397438e-03,2.2104469883e-01,2.0989317534e-01,1.1151523492e-02,2.3261771917e-01
1.0381550254e-01,1.0642701952e+00,6.2321894231e-03,2.2299756985e-01,2.1163840187e-01,1.1359167981e-02,2.3479074470e-01
1.0483330159e-01,1.0649203216e+00,6.3525411719e-03,2.2494620651e-01,2.1337774803e-01,1.1568458479e-02,2.3696142436e-01
1.0585110063e-01,1.0655708451e+00,6.4739934972e-03,2.2689061929e-01,2.1511123128e-01,1.1779388008e-02,2.3912976390e-01
1.0686889968e-01,1.0662217661e+00,6.5965449036e-03,2.2883081865e-01,2.1683886903e-01,1.1991949612e-02,2.4129576902e-01
1.0788669872e-01,1.0668730846e+00,6.7201938941e-03,2.3076681502e-01,2.1856067867e-01,1.2206136355e-02,2.4345944547e-01
1.0890449776e-01,1.0675248010e+00,6.8449389696e-03,2.3269861881e-01,2.2027667749e-01,1.2421941325e-02,2.4562079894e-01
1.0992229681e-01,1.0681769156e+00,6.9707786290e-03,2.3462624040e-01,2.2198688277e-01,1.2639357632e-02,2.4777983514e-01
1.1094009585e-01,1.0688294284e+00,7.0977113694e-03,2.3654969014e-01,2.2369131173e-01,1.2858378407e-02,2.4993655975e-01
1.1195789490e-01,1.0694823399e+00,7.2257356859e-03,2.3846897834e-01,2.2538998154e-01,1.3078996802e-02,2.5209097847e-01
1.1297569394e-01,1.0701356502e+00,7.3548500718e-03,2.4038411531e-01,2.2708290931e-01,1.3301205991e-02,2.5424309697e-01
1.1399349299e-01,1.0707893597e+00,7.4850530182e-03,2.4229511130e-01,2.2877011212e-01,1.3524999171e-02,2.5639292092e-01
1.1501129203e-01,1.0714434684e+00,7.6163430146e-03,2.4420197655e-01,2.3045160699e-01,1.3750369560e-02,2.5854045596e-01
1.1602909108e-01,1.0720979767e+00,7.7487185485e-03,2.4610472128e-01,2.3212741089e-01,1.3977310395e-02,2.6068570776e-01
1.1704689012e-01,1.0727528848e+00,7.8821781054e-03,2.4800335568e-01,2.3379754074e-01,1.4205814938e-02,2.6282868194e-01
1.1806468917e-01,1.0734081930e+00,8.0167201690e-03,2.4989788989e-01,2.3546201342e-01,1.4435876470e-02,2.6496938414e-01
1.1908248821e-01,1.0740639015e+00,8.1523432213e-03,2.5178833405e-01,2.3712084575e-01,1.4667488294e-02,2.6710781999e-01
1.2010028725e-01,1.0747200105e+00,8.2890457420e-03,2.5367469825e-01,2.3877405452e-01,1.4900643734e-02,2.6924399510e-01
1.2111808630e-01,1.0753765204e+00,8.4268262093e-03,2.5555699259e-01,2.4042165645e-01,1.5135336135e-02,2.7137791507e-01
1.2213588534e-01,1.0760334313e+00,8.5656830994e-03,2.5743522709e-01,2.4206366823e-01,1.5371558864e-02,2.7350958549e-01
1.2315368439e-01,1.0766907434e+00,8.7056148867e-03,2.5930941179e-01,2.4370010649e-01,1.5609305308e-02,2.7563901197e-01
1.2417148343e-01,1.0773484571e+00,8.8466200437e-03,2.6117955668e-01,2.4533098781e-01,1.5848568876e-02,2.7776620007e-01
1.2518928248e-01,1.0780065726e+00,8.9886970411e-03,2.6304567173e-01,2.4695632874e-01,1.6089342997e-02,2.7989115536e-01
1.2620708152e-01,1.0786650901e+00,9.1318443477e-03,2.6490776688e-01,2.4857614576e-01,1.6331621120e-02,2.8201388342e-01
1.2722488057e-01,1.0793240098e+00,9.2760604305e-03,2.6676585205e-01,2.5019045533e-01,1.6575396717e-02,2.8413438979e-01
1.2824267961e-01,1.0799833321e+00,9.4213437549e-03,2.6861993712e-01,2.5179927384e-01,1.6820663280e-02,2.8625268002e-01
1.2926047866e-01,1.0806430571e+00,9.5676927841e-03,2.7047003196e-01,2.5340261764e-01,1.7067414320e-02,2.8836875965e-01
1.3027827770e-01,1.0813031851e+00,9.7151059798e-03,2.7231614640e-01,2.5500050303e-01,1.7315643371e-02,2.9048263420e-01
1.3129607674e-01,1.0819637164e+00,9.8635818017e-03,2.7415829025e-01,2.5659294626e-01,1.7565343985e-02,2.9259430920e-01
1.3231387579e-01,1.0826246512e+00,1.0013118708e-02,2.7599647330e-01,2.5817996356e-01,1.7816509738e-02,2.9470379016e-01
1.3333167483e-01,1.0832859897e+00,1.0163715155e-02,2.7783070531e-01,2.5976157108e-01,1.8069134222e-02,2.9681108258e-01
1.3434947388e-01,1.0839477322e+00,1.0315369596e-02,2.7966099600e-01,2.6133778494e-01,1.8323211053e-02,2.9891619196e-01
1.3536727292e-01,1.0846098789e+00,1.0468080485e-02,2.8148735508e-01,2.6290862122e-01,1.8578733866e-02,3.0101912378e-01
1.3638507197e-01,1.0852724302e+00,1.0621846273e-02,2.8330979224e-01,2.6447409593e-01,1.8835696315e-02,3.0311988353e-01
1.3740287101e-01,1.0859353861e+00,1.0776665409e-02,2.8512831713e-01,2.6603422505e-01,1.9094092077e-02,3.0521847667e-01
1.3842067006e-01,1.0865987470e+00,1.0932536339e-02,2.8694293937e-01,2.6758902453e-01,1.9353914847e-02,3.0731490867e-01
1.3943846910e-01,1.0872625132e+00,1.1089457510e-02,2.8875366858e-01,2.6913851024e-01,1.9615158340e-02,3.0940918498e-01
1.4045626815e-01,1.0879266848e+00,1.1247427367e-02,2.9056051432e-01,2.7068269803e-01,1.9877816291e-02,3.1150131105e-01
1.4147406719e-01,1.0885912622e+00,1.1406444350e-02,2.9236348615e-01,2.7222160370e-01,2.0141882458e-02,3.1359129232e-01
1.4249186623e-01,1.0892562455e+00,1.1566506900e-02,2.9416259361e-01,2.7375524299e-01,2.0407350614e-02,3.1567913422e-01
1.4350966528e-01,1.0899216350e+00,1.1727613457e-02,2.9595784618e-01,2.7528363163e-01,2.0674214555e-02,3.1776484216e-01
1.4452746432e-01,1.0905874310e+00,1.1889762457e-02,2.9774925335e-01,2.7680678526e-01,2.0942468096e-02,3.1984842157e-01
1.4554526337e-01,1.0912536337e+00,1.2052952336e-02,2.9953682457e-01,2.7832471950e-01,2.1212105072e-02,3.2192987785e-01
1.4656306241e-01,1.0919202434e+00,1.2217181527e-02,3.0132056927e-01,2.7983744993e-01,2.1483119338e-02,3.2400921639e-01
1.4758086146e-01,1.0925872602e+00,1.2382448463e-02,3.0310049684e-01,2.8134499207e-01,2.1755504767e-02,3.2608644259e-01
1.4859866050e-01,1.0932546846e+00,1.2548751574e-02,3.0487661667e-01,2.8284736142e-01,2.2029255253e-02,3.2816156184e-01
1.4961645955e-01,1.0939225166e+00,1.2716089288e-02,3.0664893810e-01,2.8434457340e-01,2.2304364709e-02,3.3023457949e-01
1.5063425859e-01,1.0945907566e+00,1.2884460033e-02,3.0841747047e-01,2.8583664341e-01,2.2580827068e-02,3.3230550093e-01
1.5165205764e-01,1.0952594048e+00,1.3053862233e-02,3.1018222308e-01,2.8732358680e-01,2.2858636280e-02,3.3437433150e-01
1.5266985668e-01,1.0959284615e+00,1.3224294314e-02,3.1194320520e-01,2.8880541889e-01,2.3137786319e-02,3.3644107657e-01
1.5368765572e-01,1.0965979268e+00,1.3395754696e-02,3.1370042610e-01,2.9028215492e-01,2.3418271173e-02,3.3850574147e-01
1.5470545477e-01,1.0972678011e+00,1.3568241800e-02,3.1545389499e-01,2.9175381013e-01,2.3700084854e-02,3.4056833153e-01
1.5572325381e-01,1.0979380846e+00,1.3741754046e-02,3.1720362108e-01,2.9322039969e-01,2.3983221388e-02,3.4262885209e-01
1.5674105286e-01,1.0986087776e+00,1.3916289850e-02,3.1894961356e-01,2.9468193873e-01,2.4267674826e-02,3.4468730846e-01
1.5775885190e-01,1.0992798803e+00,1.4091847628e-02,3.2069188158e-01,2.9613844235e-01,2.4553439232e-02,3.4674370596e-01
1.5877665095e-01,1.0999513929e+00,1.4268425794e-02,3.2243043427e-01,2.9758992558e-01,2.4840508695e-02,3.4879804989e-01
1.5979444999e-01,1.1006233157e+00,1.4446022761e-02,3.2416528075e-01,2.9903640343e-01,2.5128877317e-02,3.5085034554e-01
1.6081224904e-01,1.1012956490e+00,1.4624636939e-02,3.2589643009e-01,3.0047789086e-01,2.5418539224e-02,3.5290059821e-01
1.6183004808e-01,1.1019683930e+00,1.4804266738e-02,3.2762389136e-01,3.0191440280e-01,2.5709488557e-02,3.5494881318e-01
1.6284784713e-01,1.1026415480e+00,1.4984910565e-02,3.2934767359e-01,3.0334595411e-01,2.6001719478e-02,3.5699499571e-01
1.6386564617e-01,1.1033151141e+00,1.5166566827e-02,3.3106778580e-01,3.0477255963e-01,2.6295226168e-02,3.5903915108e-01
1.6488344521e-01,1.1039890917e+00,1.5349233928e-02,3.3278423697e-01,3.0619423415e-01,2.6590002824e-02,3.6108128454e-01
1.6590124426e-01,1.1046634811e+00,1.5532910272e-02,3.3449703607e-01,3.0761099241e-01,2.6886043665e-02,3.6312140134e-01
1.6691904330e-01,1.1053382823e+00,1.5717594260e-02,3.3620619205e-01,3.0902284913e-01,2.7183342925e-02,3.6515950673e-01
1.6793684235e-01,1.1060134958e+00,1.5903284291e-02,3.3791171382e-01,3.1042981896e-01,2.7481894861e-02,3.6719560594e-01
1.6895464139e-01,1.1066891218e+00,1.6089978766e-02,3.3961361028e-01,3.1183191654e-01,2.7781693743e-02,3.6922970420e-01
1.6997244044e-01,1.1073651605e+00,1.6277676079e-02,3.4131189029e-01,3.1322915643e-01,2.8082733864e-02,3.7126180674e-01
1.7099023948e-01,1.1080416121e+00,1.6466374628e-02,3.4300656272e-01,3.1462155318e-01,2.8385009533e-02,3.7329191876e-01
1.7200803853e-01,1.1087184770e+00,1.6656072806e-02,3.4469763637e-01,3.1600912129e-01,2.8688515079e-02,3.7532004546e-01
1.7302583757e-01,1.1093957553e+00,1.6846769005e-02,3.4638512006e-01,3.1739187522e-01,2.8993244846e-02,3.7734619206e-01
1.7404363662e-01,1.1100734474e+00,1.7038461618e-02,3.4806902257e-01,3.1876982937e-01,2.9299193200e-02,3.7937036373e-01
1.7506143566e-01,1.1107515535e+00,1.7231149032e-02,3.4974935264e-01,3.2014299812e-01,2.9606354522e-02,3.8139256567e-01
1.7607923470e-01,1.1114300737e+00,1.7424829637e-02,3.5142611902e-01,3.2151139581e-01,2.9914723214e-02,3.8341280305e-01
1.7709703375e-01,1.1121090085e+00,1.7619501819e-02,3.5309933041e-01,3.2287503672e-01,3.0224293693e-02,3.8543108103e-01
1.7811483279e-01,1.1127883580e+00,1.7815163963e-02,3.5476899551e-01,3.2423393511e-01,3.0535060396e-02,3.8744740479e-01
1.7913263184e-01,1.1134681225e+00,1.8011814453e-02,3.5643512297e-01,3.2558810519e-01,3.0847017778e-02,3.8946177947e-01
1.8015043088e-01,1.1141483022e+00,1.8209451672e-02,3.5809772144e-01,3.2693756113e-01,3.1160160311e-02,3.9147421022e-01
1.8116822993e-01,1.1148288975e+00,1.8408074001e-02,3.5975679954e-01,3.2828231705e-01,3.1474482484e-02,3.9348470218e-01
1.8218602897e-01,1.1155099085e+00,1.8607679818e-02,3.6141236586e-01,3.2962238705e-01,3.1789978806e-02,3.9549326049e-01
1.8320382802e-01,1.1161913355e+00,1.8808267502e-02,3.6306442898e-01,3.3095778518e-01,3.2106643802e-02,3.9749989027e-01
1.8422162706e-01,1.1168731787e+00,1.9009835431e-02,3.6471299746e-01,3.3228852544e-01,3.2424472015e-02,3.9950459663e-01
1.8523942610e-01,1.1175554385e+00,1.9212381978e-02,3.6635807981e-01,3.3361462181e-01,3.2743458006e-02,4.0150738470e-01
1.8625722515e-01,1.1182381150e+00,1.9415905519e-02,3.6799968456e-01,3.3493608821e-01,3.3063596354e-02,4.0350825957e-01
1.8727502419e-01,1.1189212086e+00,1.9620404425e-02,3.6963782019e-01,3.3625293853e-01,3.3384881654e-02,4.0550722634e-01
1.8829282324e-01,1.1196047194e+00,1.9825877069e-02,3.7127249515e-01,3.3756518663e-01,3.3707308519e-02,4.0750429010e-01
1.8931062228e-01,1.1202886478e+00,2.0032321820e-02,3.7290371789e-01,3.3887284631e-01,3.4030871581e-02,4.0949945593e-01
1.9032842133e-01,1.1209729940e+00,2.0239737046e-02,3.7453149684e-01,3.4017593135e-01,3.4355565486e-02,4.1149272892e-01
1.9134622037e-01,1.1216577582e+00,2.0448121115e-02,3.7615584038e-01,3.4147445548e-01,3.4681384902e-02,4.1348411412e-01
1.9236401942e-01,1.1223429407e+00,2.0657472393e-02,3.7777675689e-01,3.4276843238e-01,3.5008324509e-02,4.1547361661e-01
1.9338181846e-01,1.1230285418e+00,2.0867789244e-02,3.7939425473e-01,3.4405787573e-01,3.5336379009e-02,4.1746124142e-01
1.9439961751e-01,1.1237145616e+00,2.1079070031e-02,3.8100834223e-01,3.4534279912e-01,3.5665543117e-02,4.1944699363e-01
1.9541741655e-01,1.1244010006e+00,2.1291313117e-02,3.8261902770e-01,3.4662321613e-01,3.5995811569e-02,4.2143087826e-01
1.9643521559e-01,1.1250878588e+00,2.1504516862e-02,3.8422631943e-01,3.4789914032e-01,3.6327179115e-02,4.2341290034e-01
1.9745301464e-01,1.1257751367e+00,2.1718679626e-02,3.8583022569e-01,3.4917058516e-01,3.6659640523e-02,4.2539306491e-01
1.9847081368e-01,1.1264628344e+00,2.1933799766e-02,3.8743075471e-01,3.5043756413e-01,3.6993190579e-02,4.2737137699e-01
1.9948861273e-01,1.1271509521e+00,2.2149875640e-02,3.8902791473e-01,3.5170009065e-01,3.7327824084e-02,4.2934784159e-01
2.0050641177e-01,1.1278394902e+00,2.2366905603e-02,3.9062171395e-01,3.5295817810e-01,3.7663535857e-02,4.3132246372e-01
2.0152421082e-01,1.1285284490e+00,2.2584888009e-02,3.9221216055e-01,3.5421183982e-01,3.8000320734e-02,4.3329524837e-01
2.0254200986e-01,1.1292178285e+00,2.2803821212e-02,3.9379926270e-01,3.5546108913e-01,3.8338173567e-02,4.3526620054e-01
2.0355980891e-01,1.1299076292e+00,2.3023703564e-02,3.9538302852e-01,3.5670593929e-01,3.8677089225e-02,4.3723532522e-01
2.0457760795e-01,1.1305978513e+00,2.3244533414e-02,3.9696346614e-01,3.5794640355e-01,3.9017062595e-02,4.3920262738e-01
2.0559540700e-01,1.1312884950e+00,2.3466309113e-02,3.9854058366e-01,3.5918249508e-01,3.9358088579e-02,4.4116811200e-01
2.0661320604e-01,1.1319795606e+00,2.3689029009e-02,4.0011438915e-01,3.6041422706e-01,3.9700162094e-02,4.4313178405e-01
2.0763100508e-01,1.1326710484e+00,2.3912691448e-02,4.0168489067e-01,3.6164161259e-01,4.0043278078e-02,4.4509364848e-01
2.0864880413e-01,1.1333629585e+00,2.4137294777e-02,4.0325209625e-01,3.6286466477e-01,4.0387431482e-02,4.4705371025e-01
2.0966660317e-01,1.1340552913e+00,2.4362837340e-02,4.0481601391e-01,3.6408339664e-01,4.0732617274e-02,4.4901197430e-01
2.1068440222e-01,1.1347480471e+00,2.4589317481e-02,4.0637665164e-01,3.6529782120e-01,4.1078830440e-02,4.5096844558e-01
2.1170220126e-01,1.1354412260e+00,2.4816733542e-02,4.0793401741e-01,3.6650795143e-01,4.1426065979e-02,4.5292312901e-01
2.1272000031e-01,1.1361348284e+00,2.5045083864e-02,4.0948811918e-01,3.6771380027e-01,4.1774318910e-02,4.5487602952e-01
2.1373779935e-01,1.1368288544e+00,2.5274366787e-02,4.1103896487e-01,3.6891538060e-01,4.2123584266e-02,4.5682715203e-01
2.1475559840e-01,1.1375233044e+00,2.5504580651e-02,4.1258656239e-01,3.7011270529e-01,4.2473857097e-02,4.5877650146e-01
2.1577339744e-01,1.1382181787e+00,2.5735723792e-02,4.1413091964e-01,3.7130578717e-01,4.2825132469e-02,4.6072408271e-01
2.1679119649e-01,1.1389134774e+00,2.5967794548e-02,4.1567204449e-01,3.7249463903e-01,4.3177405463e-02,4.6266990069e-01
2.1780899553e-01,1.1396092008e+00,2.6200791254e-02,4.1720994479e-01,3.7367927361e-01,4.3530671179e-02,4.6461396028e-01
2.1882679457e-01,1.1403053492e+00,2.6434712244e-02,4.1874462835e-01,3.7485970363e-01,4.3884924729e-02,4.6655626637e-01
2.1984459362e-01,1.1410019229e+00,2.6669555852e-02,4.2027610301e-01,3.7603594176e-01,4.4240161244e-02,4.6849682384e-01
2.2086239266e-01,1.1416989221e+00,2.6905320411e-02,4.2180437654e-01,3.7720800067e-01,4.4596375870e-02,4.7043563758e-01
2.2188019171e-01,1.1423963471e+00,2.7142004250e-02,4.2332945671e-01,3.7837589294e-01,4.4953563769e-02,4.7237271244e-01
2.2289799075e-01,1.1430941981e+00,2.7379605702e-02,4.2485135127e-01,3.7953963115e-01,4.5311720117e-02,4.7430805329e-01
2.2391578980e-01,1.1437924754e+00,2.7618123093e-02,4.2637006796e-01,3.8069922785e-01,4.5670840109e-02,4.7624166498e-01
2.2493358884e-01,1.1444911793e+00,2.7857554753e-02,4.2788561447e-01,3.8185469552e-01,4.6030918954e-02,4.7817355236e-01
2.2595138789e-01,1.1451903099e+00,2.8097899009e-02,4.2939799850e-01,3.8300604663e-01,4.6391951876e-02,4.8010372028e-01
2.2696918693e-01,1.1458898677e+00,2.8339154186e-02,4.3090722773e-01,3.8415329361e-01,4.6753934116e-02,4.8203217357e-01
2.2798698598e-01,1.1465898527e+00,2.8581318609e-02,4.3241330979e-01,3.8529644886e-01,4.7116860929e-02,4.8395891706e-01
2.2900478502e-01,1.1472902654e+00,2.8824390603e-02,4.3391625232e-01,3.8643552474e-01,4.7480727588e-02,4.8588395558e-01
2.3002258406e-01,1.1479911060e+00,2.9068368490e-02,4.3541606294e-01,3.8757053356e-01,4.7845529379e-02,4.8780729393e-01
2.3104038311e-01,1.1486923746e+00,2.9313250592e-02,4.3691274922e-01,3.8870148762e-01,4.8211261604e-02,4.8972893694e-01
2.3205818215e-01,1.1493940716e+00,2.9559035230e-02,4.3840631875e-01,3.8982839917e-01,4.8577919582e-02,4.9164888940e-01
2.3307598120e-01,1.1500961973e+00,2.9805720724e-02,4.3989677907e-01,3.9095128042e-01,4.8945498646e-02,4.9356715613e-01
2.3409378024e-01,1.1507987519e+00,3.0053305393e-02,4.4138413772e-01,3.9207014358e-01,4.9313994143e-02,4.9548374190e-01
2.3511157929e-01,1.1515017356e+00,3.0301787555e-02,4.4286840221e-01,3.9318500077e-01,4.9683401439e-02,4.9739865150e-01
2.3612937833e-01,1.1522051488e+00,3.0551165528e-02,4.4434958004e-01,3.9429586413e-01,5.0053715913e-02,4.9931188972e-01
2.3714717738e-01,1.1529089917e+00,3.0801437627e-02,4.4582767868e-01,3.9540274572e-01,5.0424932957e-02,5.0122346133e-01
2.3816497642e-01,1.1536132645e+00,3.1052602168e-02,4.4730270558e-01,3.9650565760e-01,5.0797047982e-02,5.0313337110e-01
2.3918277547e-01,1.1543179676e+00,3.1304657464e-02,4.4877466819e-01,3.9760461178e-01,5.1170056413e-02,5.0504162379e-01
2.4020057451e-01,1.1550231011e+00,3.1557601830e-02,4.5024357392e-01,3.9869962023e-01,5.1543953688e-02,5.0694822415e-01
2.4121837355e-01,1.1557286653e+00,3.1811433578e-02,4.5170943017e-01,3.9979069491e-01,5.1918735262e-02,5.0885317693e-01
2.4223617260e-01,1.1564346606e+00,3.2066151019e-02,4.5317224432e-01,4.0087784771e-01,5.2294396605e-02,5.1075648689e-01
2.4325397164e-01,1.1571410871e+00,3.2321752465e-02,4.5463202373e-01,4.0196109053e-01,5.2670933201e-02,5.1265815875e-01
2.4427177069e-01,1.1578479452e+00,3.2578236224e-02,4.5608877574e-01,4.0304043519e-01,5.3048340550e-02,5.1455819725e-01
2.4528956973e-01,1.1585552351e+00,3.2835600607e-02,4.5754250768e-01,4.0411589351e-01,5.3426614165e-02,5.1645660711e-01
2.4630736878e-01,1.1592629570e+00,3.3093843921e-02,4.5899322685e-01,4.0518747727e-01,5.3805749576e-02,5.1835339306e-01
2.4732516782e-01,1.1599711112e+00,3.3352964473e-02,4.6044094054e-01,4.0625519821e-01,5.4185742326e-02,5.2024855980e-01
2.4834296687e-01,1.1606796981e+00,3.3612960570e-02,4.6188565601e-01,4.0731906804e-01,5.4566587973e-02,5.2214211204e-01
2.4936076591e-01,1.1613887177e+00,3.3873830518e-02,4.6332738051e-01,4.0837909842e-01,5.4948282092e-02,5.2403405450e-01
2.5037856495e-01,1.1620981705e+00,3.4135572621e-02,4.6476612128e-01,4.0943530102e-01,5.5330820268e-02,5.2592439186e-01
2.5139636400e-01,1.1628080567e+00,3.4398185183e-02,4.6620188553e-01,4.1048768742e-01,5.5714198105e-02,5.2781312881e-01
2.5241416304e-01,1.1635183765e+00,3.4661666508e-02,4.6763468044e-01,4.1153626922e-01,5.6098411219e-02,5.2970027003e-01
2.5343196209e-01,1.1642291303e+00,3.4926014898e-02,4.6906451320e-01,4.1258105796e-01,5.6483455242e-02,5.3158582022e-01
2.5444976113e-01,1.1649403182e+00,3.5191228655e-02,4.7049139096e-01,4.1362206514e-01,5.6869325819e-02,5.3346978403e-01
2.5546756018e-01,1.1656519405e+00,3.5457306079e-02,4.7191532086e-01,4.1465930225e-01,5.7256018610e-02,5.3535216613e-01
2.5648535922e-01,1.1663639976e+00,3.5724245470e-02,4.7333631002e-01,4.1569278073e-01,5.7643529291e-02,5.3723297120e-01
2.5750315827e-01,1.1670764896e+00,3.5992045128e-02,4.7475436554e-01,4.1672251199e-01,5.8031853549e-02,5.3911220387e-01
2.5852095731e-01,1.1677894169e+00,3.6260703352e-02,4.7616949451e-01,4.1774850742e-01,5.8420987088e-02,5.4098986881e-01
2.5953875636e-01,1.1685027797e+00,3.6530218439e-02,4.7758170399e-01,4.1877077837e-01,5.8810925626e-02,5.4286597065e-01
2.6055655540e-01,1.1692165782e+00,3.6800588686e-02,4.7899100104e-01,4.1978933615e-01,5.9201664893e-02,5.4474051403e-01
2.6157435444e-01,1.1699308128e+00,3.7071812391e-02,4.8039739268e-01,4.2080419204e-01,5.9593200636e-02,5.4661350359e-01
2.6259215349e-01,1.1706454836e+00,3.7343887847e-02,4.8180088592e-01,4.2181535731e-01,5.9985528615e-02,5.4848494395e-01
2.6360995253e-01,1.1713605911e+00,3.7616813352e-02,4.8320148776e-01,4.2282284316e-01,6.0378644603e-02,5.5035483974e-01
2.6462775158e-01,1.1720761353e+00,3.7890587198e-02,4.8459920518e-01,4.2382666079e-01,6.0772544389e-02,5.5222319556e-01
2.6564555062e-01,1.1727921167e+00,3.8165207679e-02,4.8599404514e-01,4.2482682136e-01,6.1167223773e-02,5.5409001603e-01
2.6666334967e-01,1.1735085355e+00,3.8440673090e-02,4.8738601457e-01,4.2582333600e-01,6.1562678574e-02,5.5595530576e-01
2.6768114871e-01,1.1742253919e+00,3.8716981720e-02,4.8877512040e-01,4.2681621579e-01,6.1958904619e-02,5.5781906933e-01
2.6869894776e-01,1.1749426861e+00,3.8994131864e-02,4.9016136955e-01,4.2780547179e-01,6.2355897753e-02,5.5968131135e-01
2.6971674680e-01,1.1756604186e+00,3.9272121811e-02,4.9154476889e-01,4.2879111505e-01,6.2753653834e-02,5.6154203640e-01
2.7073454585e-01,1.1763785895e+00,3.9550949851e-02,4.9292532529e-01,4.2977315656e-01,6.3152168733e-02,5.6340124907e-01
2.7175234489e-01,1.1770971991e+00,3.9830614275e-02,4.9430304563e-01,4.3075160729e-01,6.3551438334e-02,5.6525895392e-01
2.7277014393e-01,1.1778162477e+00,4.0111113372e-02,4.9567793671e-01,4.3172647818e-01,6.3951458538e-02,5.6711515553e-01
2.7378794298e-01,1.1785357355e+00,4.0392445430e-02,4.9705000538e-01,4.3269778013e-01,6.4352225255e-02,5.6896985847e-01
2.7480574202e-01,1.1792556628e+00,4.0674608738e-02,4.9841925843e-01,4.3366552402e-01,6.4753734414e-02,5.7082306730e-01
2.7582354107e-01,1.1799760299e+00,4.0957601582e-02,4.9978570265e-01,4.3462972069e-01,6.5155981952e-02,5.7267478656e-01
2.7684134011e-01,1.1806968371e+00,4.1241422249e-02,5.0114934480e-01,4.3559038097e-01,6.5558963824e-02,5.7452502082e-01
2.7785913916e-01,1.1814180845e+00,4.1526069026e-02,5.0251019163e-01,4.3654751563e-01,6.5962675996e-02,5.7637377460e-01
2.7887693820e-01,1.1821397726e+00,4.1811540198e-02,5.0386824988e-01,4.3750113543e-01,6.6367114449e-02,5.7822105246e-01
2.7989473725e-01,1.1828619015e+00,4.2097834050e-02,5.0522352626e-01,4.3845125109e-01,6.6772275177e-02,5.8006685892e-01
2.8091253629e-01,1.1835844715e+00,4.2384948868e-02,5.0657602748e-01,4.3939787329e-01,6.7178154186e-02,5.8191119851e-01
2.8193033534e-01,1.1843074830e+00,4.2672882934e-02,5.0792576022e-01,4.4034101272e-01,6.7584747497e-02,5.8375407575e-01
2.8294813438e-01,1.1850309361e+00,4.2961634533e-02,5.0927273113e-01,4.4128067999e-01,6.7992051144e-02,5.8559549516e-01
2.8396593342e-01,1.1857548311e+00,4.3251201947e-02,5.1061694688e-01,4.4221688571e-01,6.8400061174e-02,5.8743546125e-01
2.8498373247e-01,1.1864791683e+00,4.3541583459e-02,5.1195841410e-01,4.4314964045e-01,6.8808773648e-02,5.8927397853e-01
2.8600153151e-01,1.1872039480e+00,4.3832777352e-02,5.1329713939e-01,4.4407895475e-01,6.9218184638e-02,5.9111105150e-01
2.8701933056e-01,1.1879291705e+00,4.4124781905e-02,5.1463312936e-01,4.4500483912e-01,6.9628290233e-02,5.9294668464e-01
2.8803712960e-01,1.1886548359e+00,4.4417595402e-02,5.1596639059e-01,4.4592730406e-01,7.0039086531e-02,5.9478088246e-01
2.8905492865e-01,1.1893809447e+00,4.4711216122e-02,5.1729692964e-01,4.4684636000e-01,7.0450569645e-02,5.9661364944e-01
2.9007272769e-01,1.1901074969e+00,4.5005642344e-02,5.1862475307e-01,4.4776201737e-01,7.0862735702e-02,5.9844499005e-01
2.9109052674e-01,1.1908344931e+00,4.5300872350e-02,5.1994986741e-01,4.4867428657e-01,7.1275580841e-02,6.0027490877e-01
2.9210832578e-01,1.1915619333e+00,4.5596904419e-02,5.2127227918e-01,4.4958317796e-01,7.1689101213e-02,6.0210341008e-01
2.9312612483e-01,1.1922898179e+00,4.5893736828e-02,5.2259199486e-01,4.5048870188e-01,7.2103292984e-02,6.0393049843e-01
2.9414392387e-01,1.1930181471e+00,4.6191367857e-02,5.2390902095e-01,4.5139086862e-01,7.2518152332e-02,6.0575617828e-01
2.9516172291e-01,1.1937469212e+00,4.6489795784e-02,5.2522336392e-01,4.5228968847e-01,7.2933675446e-02,6.0758045409e-01
2.9617952196e-01,1.1944761406e+00,4.6789018886e-02,5.2653503021e-01,4.5318517168e-01,7.3349858532e-02,6.0940333030e-01
2.9719732100e-01,1.1952058053e+00,4.7089035440e-02,5.2784402626e-01,4.5407732846e-01,7.3766697805e-02,6.1122481137e-01
2.9821512005e-01,1.1959359159e+00,4.7389843723e-02,5.2915035849e-01,4.5496616900e-01,7.4184189493e-02,6.1304490172e-01
2.9923291909e-01,1.1966664724e+00,4.7691442013e-02,5.3045403330e-01,4.5585170346e-01,7.4602329841e-02,6.1486360579e-01
3.0025071814e-01,1.1973974751e+00,4.7993828584e-02,5.3175505708e-01,4.5673394198e-01,7.5021115100e-02,6.1668092801e-01
3.0126851718e-01,1.1981289245e+00,4.8297001713e-02,5.3305343619e-01,4.5761289465e-01,7.5440541539e-02,6.1849687280e-01
3.0228631623e-01,1.1988608206e+00,4.8600959674e-02,5.3434917699e-01,4.5848857155e-01,7.5860605438e-02,6.2031144458e-01
3.0330411527e-01,1.1995931638e+00,4.8905700744e-02,5.3564228582e-01,4.5936098274e-01,7.6281303089e-02,6.2212464777e-01
3.0432191432e-01,1.2003259544e+00,4.9211223197e-02,5.3693276901e-01,4.6023013821e-01,7.6702630796e-02,6.2393648676e-01
3.0533971336e-01,1.2010591926e+00,4.9517525307e-02,5.3822063285e-01,4.6109604797e-01,7.7124584878e-02,6.2574696597e-01
3.0635751240e-01,1.2017928788e+00,4.9824605349e-02,5.3950588364e-01,4.6195872198e-01,7.7547161663e-02,6.2755608979e-01
3.0737531145e-01,1.2025270131e+00,5.0132461596e-02,5.4078852766e-01,4.6281817017e-01,7.7970357495e-02,6.2936386262e-01
3.0839311049e-01,1.2032615959e+00,5.0441092323e-02,5.4206857116e-01,4.6367440243e-01,7.8394168727e-02,6.3117028884e-01
3.0941090954e-01,1.2039966274e+00,5.0750495801e-02,5.4334602039e-01,4.6452742866e-01,7.8818591727e-02,6.3297537283e-01
3.1042870858e-01,1.2047321079e+00,5.1060670305e-02,5.4462088157e-01,4.6537725869e-01,7.9243622874e-02,6.3477911898e-01
3.1144650763e-01,1.2054680377e+00,5.1371614106e-02,5.4589316092e-01,4.6622390236e-01,7.9669258559e-02,6.3658153166e-01
3.1246430667e-01,1.2062044171e+00,5.1683325479e-02,5.4716286463e-01,4.6706736944e-01,8.0095495187e-02,6.3838261523e-01
3.1348210572e-01,1.2069412463e+00,5.1995802694e-02,5.4842999889e-01,4.6790766972e-01,8.0522329174e-02,6.4018237407e-01
3.1449990476e-01,1.2076785255e+00,5.2309044024e-02,5.4969456986e-01,4.6874481292e-01,8.0949756947e-02,6.4198081252e-01
3.1551770380e-01,1.2084162552e+00,5.2623047741e-02,5.5095658370e-01,4.6957880875e-01,8.1377774948e-02,6.4377793495e-01
3.1653550285e-01,1.2091544355e+00,5.2937812117e-02,5.5221604653e-01,4.7040966690e-01,8.1806379627e-02,6.4557374570e-01
3.1755330189e-01,1.2098930668e+00,5.3253335422e-02,5.5347296448e-01,4.7123739703e-01,8.2235567451e-02,6.4736824911e-01
3.1857110094e-01,1.2106321492e+00,5.3569615928e-02,5.5472734365e-01,4.7206200876e-01,8.2665334896e-02,6.4916144953e-01
3.1958889998e-01,1.2113716832e+00,5.3886651907e-02,5.5597919013e-01,4.7288351169e-01,8.3095678449e-02,6.5095335129e-01
3.2060669903e-01,1.2121116688e+00,5.4204441628e-02,5.5722851000e-01,4.7370191539e-01,8.3526594612e-02,6.5274395872e-01
3.2162449807e-01,1.2128521066e+00,5.4522983364e-02,5.5847530932e-01,4.7451722942e-01,8.3958079898e-02,6.5453327615e-01
3.2264229712e-01,1.2135929966e+00,5.4842275383e-02,5.5971959412e-01,4.7532946329e-01,8.4390130829e-02,6.5632130789e-01
3.2366009616e-01,1.2143343392e+00,5.5162315958e-02,5.6096137044e-01,4.7613862649e-01,8.4822743944e-02,6.5810805826e-01
3.2467789521e-01,1.2150761347e+00,5.5483103357e-02,5.6220064429e-01,4.7694472850e-01,8.5255915789e-02,6.5989353157e-01
3.2569569425e-01,1.2158183833e+00,5.5804635851e-02,5.6343742167e-01,4.7774777874e-01,8.5689642924e-02,6.6167773214e-01
3.2671349329e-01,1.2165610853e+00,5.6126911711e-02,5.6467170856e-01,4.7854778664e-01,8.6123921922e-02,6.6346066425e-01
3.2773129234e-01,1.2173042410e+00,5.6449929206e-02,5.6590351094e-01,4.7934476157e-01,8.6558749364e-02,6.6524233221e-01
3.2874909138e-01,1.2180478507e+00,5.6773686606e-02,5.6713283475e-01,4.8013871290e-01,8.6994121847e-02,6.6702274031e-01
3.2976689043e-01,1.2187919147e+00,5.7098182181e-02,5.6835968594e-01,4.8092964997e-01,8.7430035977e-02,6.6880189284e-01
3.3078468947e-01,1.2195364331e+00,5.7423414200e-02,5.6958407043e-01,4.8171758206e-01,8.7866488372e-02,6.7057979408e-01
3.3180248852e-01,1.2202814064e+00,5.7749380933e-02,5.7080599414e-01,4.8250251847e-01,8.8303475662e-02,6.7235644830e-01
3.3282028756e-01,1.2210268347e+00,5.8076080649e-02,5.7202546294e-01,4.8328446846e-01,8.8740994488e-02,6.7413185979e-01
3.3383808661e-01,1.2217727184e+00,5.8403511619e-02,5.7324248274e-01,4.8406344124e-01,8.9179041503e-02,6.7590603281e-01
3.3485588565e-01,1.2225190577e+00,5.8731672111e-02,5.7445705939e-01,4.8483944601e-01,8.9617613372e-02,6.7767897163e-01
3.3587368470e-01,1.2232658530e+00,5.9060560395e-02,5.7566919874e-01,4.8561249197e-01,9.0056706770e-02,6.7945068050e-01
3.3689148374e-01,1.2240131044e+00,5.9390174741e-02,5.7687890663e-01,4.8638258824e-01,9.0496318385e-02,6.8122116369e-01
3.3790928278e-01,1.2247608123e+00,5.9720513417e-02,5.7808618888e-01,4.8714974397e-01,9.0936444916e-02,6.8299042544e-01
3.3892708183e-01,1.2255089770e+00,6.0051574693e-02,5.7929105131e-01,4.8791396824e-01,9.1377083071e-02,6.8475847000e-01
3.3994488087e-01,1.2262575986e+00,6.0383356838e-02,5.8049349970e-01,4.8867527012e-01,9.1818229573e-02,6.8652530161e-01
3.4096267992e-01,1.2270066776e+00,6.0715858123e-02,5.8169353983e-01,4.8943365867e-01,9.2259881154e-02,6.8829092451e-01
3.4198047896e-01,1.2277562142e+00,6.1049076815e-02,5.8289117747e-01,4.9018914291e-01,9.2702034558e-02,6.9005534294e-01
3.4299827801e-01,1.2285062086e+00,6.1383011185e-02,5.8408641837e-01,4.9094173183e-01,9.3144686540e-02,6.9181856111e-01
3.4401607705e-01,1.2292566612e+00,6.1717659503e-02,5.8527926826e-01,4.9169143440e-01,9.3587833866e-02,6.9358058326e-01
3.4503387610e-01,1.2300075722e+00,6.2053020036e-02,5.8646973287e-01,4.9243825956e-01,9.4031473314e-02,6.9534141361e-01
3.4605167514e-01,1.2307589420e+00,6.2389091057e-02,5.8765781791e-01,4.9318221624e-01,9.4475601672e-02,6.9710105637e-01
3.4706947419e-01,1.2315107707e+00,6.2725870833e-02,5.8884352906e-01,4.9392331332e-01,9.4920215740e-02,6.9885951575e-01
3.4808727323e-01,1.2322630586e+00,6.3063357634e-02,5.9002687201e-01,4.9466155969e-01,9.5365312328e-02,7.0061679596e-01
3.4910507227e-01,1.2330158062e+00,6.3401549731e-02,5.9120785243e-01,4.9539696417e-01,9.5810888258e-02,7.0237290120e-01
3.5012287132e-01,1.2337690135e+00,6.3740445394e-02,5.9238647596e-01,4.9612953560e-01,9.6256940362e-02,7.0412783566e-01
3.5114067036e-01,1.2345226810e+00,6.4080042892e-02,5.9356274824e-01,4.9685928276e-01,9.6703465485e-02,7.0588160356e-01
3.5215846941e-01,1.2352768088e+00,6.4420340495e-02,5.9473667490e-01,4.9758621442e-01,9.7150460481e-02,7.0763420906e-01
3.5317626845e-01,1.2360313973e+00,6.4761336474e-02,5.9590826155e-01,4.9831033933e-01,9.7597922215e-02,7.0938565636e-01
3.5419406750e-01,1.2367864468e+00,6.5103029100e-02,5.9707751378e-01,4.9903166622e-01,9.8045847564e-02,7.1113594964e-01
3.5521186654e-01,1.2375419575e+00,6.5445416642e-02,5.9824443717e-01,4.9975020376e-01,9.8494233414e-02,7.1288509308e-01
3.5622966559e-01,1.2382979297e+00,6.5788497371e-02,5.9940903730e-01,5.0046596064e-01,9.8943076664e-02,7.1463309083e-01
3.5724746463e-01,1.2390543637e+00,6.6132269559e-02,6.0057131971e-01,5.0117894549e-01,9.9392374222e-02,7.1637994709e-01
3.5826526368e-01,1.2398112598e+00,6.6476731476e-02,6.0173128996e-01,5.0188916695e-01,9.9842123009e-02,7.1812566600e-01
3.5928306272e-01,1.2405686183e+00,6.6821881394e-02,6.0288895356e-01,5.0259663360e-01,1.0029231995e-01,7.1987025173e-01
3.6030086176e-01,1.2413264394e+00,6.7167717583e-02,6.0404431602e-01,5.0330135403e-01,1.0074296200e-01,7.2161370843e-01
3.6131866081e-01,1.2420847234e+00,6.7514238316e-02,6.0519738286e-01,5.0400333677e-01,1.0119404609e-01,7.2335604026e-01
3.6233645985e-01,1.2428434706e+00,6.7861441864e-02,6.0634815955e-01,5.0470259036e-01,1.0164556919e-01,7.2509725136e-01
3.6335425890e-01,1.2436026814e+00,6.8209326499e-02,6.0749665158e-01,5.0539912329e-01,1.0209752828e-01,7.2683734587e-01
3.6437205794e-01,1.2443623559e+00,6.8557890494e-02,6.0864286439e-01,5.0609294404e-01,1.0254992034e-01,7.2857632793e-01
3.6538985699e-01,1.2451224944e+00,6.8907132120e-02,6.0978680343e-01,5.0678406107e-01,1.0300274236e-01,7.3031420168e-01
3.6640765603e-01,1.2458830974e+00,6.9257049651e-02,6.1092847414e-01,5.0747248279e-01,1.0345599135e-01,7.3205097124e-01
3.6742545508e-01,1.2466441649e+00,6.9607641360e-02,6.1206788194e-01,5.0815821762e-01,1.0390966432e-01,7.3378664075e-01
3.6844325412e-01,1.2474056973e+00,6.9958905519e-02,6.1320503223e-01,5.0884127394e-01,1.0436375829e-01,7.3552121432e-01
3.6946105317e-01,1.2481676950e+00,7.0310840402e-02,6.1433993040e-01,5.0952166010e-01,1.0481827030e-01,7.3725469607e-01
3.7047885221e-01,1.2489301581e+00,7.0663444284e-02,6.1547258184e-01,5.1019938444e-01,1.0527319740e-01,7.3898709012e-01
3.7149665125e-01,1.2496930870e+00,7.1016715437e-02,6.1660299191e-01,5.1087445526e-01,1.0572853665e-01,7.4071840058e-01
3.7251445030e-01,1.2504564819e+00,7.1370652136e-02,6.1773116597e-01,5.1154688086e-01,1.0618428510e-01,7.4244863154e-01
3.7353224934e-01,1.2512203432e+00,7.1725252657e-02,6.1885710934e-01,5.1221666950e-01,1.0664043984e-01,7.4417778713e-01
3.7455004839e-01,1.2519846711e+00,7.2080515273e-02,6.1998082737e-01,5.1288382941e-01,1.0709699796e-01,7.4590587142e-01
3.7556784743e-01,1.2527494658e+00,7.2436438261e-02,6.2110232536e-01,5.1354836881e-01,1.0755395655e-01,7.4763288852e-01
3.7658564648e-01,1.2535147278e+00,7.2793019895e-02,6.2222160861e-01,5.1421029591e-01,1.0801131271e-01,7.4935884251e-01
3.7760344552e-01,1.2542804572e+00,7.3150258451e-02,6.2333868242e-01,5.1486961885e-01,1.0846906357e-01,7.5108373748e-01
3.7862124457e-01,1.2550466544e+00,7.3508152207e-02,6.2445355205e-01,5.1552634580e-01,1.0892720625e-01,7.5280757752e-01
3.7963904361e-01,1.2558133197e+00,7.3866699438e-02,6.2556622278e-01,5.1618048488e-01,1.0938573790e-01,7.5453036669e-01
3.8065684266e-01,1.2565804532e+00,7.4225898422e-02,6.2667669984e-01,5.1683204419e-01,1.0984465565e-01,7.5625210908e-01
3.8167464170e-01,1.2573480554e+00,7.4585747436e-02,6.2778498847e-01,5.1748103180e-01,1.1030395667e-01,7.5797280875e-01
3.8269244074e-01,1.2581161265e+00,7.4946244757e-02,6.2889109390e-01,5.1812745577e-01,1.1076363812e-01,7.5969246977e-01
3.8371023979e-01,1.2588846668e+00,7.5307388664e-02,6.2999502133e-01,5.1877132414e-01,1.1122369719e-01,7.6141109621e-01
3.8472803883e-01,1.2596536765e+00,7.5669177436e-02,6.3109677597e-01,5.1941264491e-01,1.1168413106e-01,7.6312869211e-01
3.8574583788e-01,1.2604231561e+00,7.6031609351e-02,6.3219636300e-01,5.2005142608e-01,1.1214493693e-01,7.6484526154e-01
3.8676363692e-01,1.2611931056e+00,7.6394682689e-02,6.3329378759e-01,5.2068767560e-01,1.1260611200e-01,7.6656080854e-01
3.8778143597e-01,1.2619635255e+00,7.6758395730e-02,6.3438905491e-01,5.2132140141e-01,1.1306765349e-01,7.6827533716e-01
3.8879923501e-01,1.2627344160e+00,7.7122746753e-02,6.3548217009e-01,5.2195261144e-01,1.1352955864e-01,7.6998885145e-01
3.8981703406e-01,1.2635057775e+00,7.7487734040e-02,6.3657313827e-01,5.2258131359e-01,1.1399182468e-01,7.7170135543e-01
3.9083483310e-01,1.2642776101e+00,7.7853355872e-02,6.3766196457e-01,5.2320751573e-01,1.1445444884e-01,7.7341285316e-01
3.9185263214e-01,1.2650499142e+00,7.8219610530e-02,6.3874865411e-01,5.2383122571e-01,1.1491742841e-01,7.7512334865e-01
3.9287043119e-01,1.2658226901e+00,7.8586496296e-02,6.3983321198e-01,5.2445245136e-01,1.1538076062e-01,7.7683284595e-01
3.9388823023e-01,1.2665959381e+00,7.8954011453e-02,6.4091564327e-01,5.2507120049e-01,1.1584444277e-01,7.7854134906e-01
3.9490602928e-01,1.2673696584e+00,7.9322154285e-02,6.4199595304e-01,5.2568748089e-01,1.1630847215e-01,7.8024886201e-01
3.9592382832e-01,1.2681438513e+00,7.9690923073e-02,6.4307414636e-01,5.2630130033e-01,1.1677284603e-01,7.8195538882e-01
3.9694162737e-01,1.2689185172e+00,8.0060316104e-02,6.4415022827e-01,5.2691266653e-01,1.1723756174e-01,7.8366093350e-01
3.9795942641e-01,1.2696936563e+00,8.0430331660e-02,6.4522420381e-01,5.2752158723e-01,1.1770261658e-01,7.8536550005e-01
3.9897722546e-01,1.2704692689e+00,8.0800968028e-02,6.4629607800e-01,5.2812807012e-01,1.1816800787e-01,7.8706909249e-01
3.9999502450e-01,1.2712453553e+00,8.1172223493e-02,6.4736585585e-01,5.2873212288e-01,1.1863373296e-01,7.8877171481e-01
4.0101282355e-01,1.2720219157e+00,8.1544096341e-02,6.4843354236e-01,5.2933375317e-01,1.1909978919e-01,7.9047337101e-01
4.0203062259e-01,1.2727989506e+00,8.1916584858e-02,6.4949914251e-01,5.2993296861e-01,1.1956617390e-01,7.9217406509e-01
4.0304842163e-01,1.2735764601e+00,8.2289687333e-02,6.5056266129e-01,5.3052977683e-01,1.2003288446e-01,7.9387380103e-01
4.0406622068e-01,1.2743544446e+00,8.2663402052e-02,6.5162410364e-01,5.3112418540e-01,1.2049991824e-01,7.9557258283e-01
4.0508401972e-01,1.2751329043e+00,8.3037727305e-02,6.5268347453e-01,5.3171620191e-01,1.2096727262e-01,7.9727041446e-01
4.0610181877e-01,1.2759118395e+00,8.3412661380e-02,6.5374077889e-01,5.3230583389e-01,1.2143494500e-01,7.9896729991e-01
4.0711961781e-01,1.2766912506e+00,8.3788202566e-02,6.5479602163e-01,5.3289308887e-01,1.2190293276e-01,8.0066324315e-01
4.0813741686e-01,1.2774711378e+00,8.4164349155e-02,6.5584920769e-01,5.3347797436e-01,1.2237123333e-01,8.0235824815e-01
4.0915521590e-01,1.2782515014e+00,8.4541099436e-02,6.5690034196e-01,5.3406049785e-01,1.2283984411e-01,8.0405231888e-01
4.1017301495e-01,1.2790323417e+00,8.4918451702e-02,6.5794942932e-01,5.3464066679e-01,1.2330876254e-01,8.0574545931e-01
4.1119081399e-01,1.2798136590e+00,8.5296404243e-02,6.5899647467e-01,5.3521848862e-01,1.2377798605e-01,8.0743767339e-01
4.1220861304e-01,1.2805954535e+00,8.5674955354e-02,6.6004148285e-01,5.3579397077e-01,1.2424751208e-01,8.0912896509e-01
4.1322641208e-01,1.2813777256e+00,8.6054103327e-02,6.6108445874e-01,5.3636712064e-01,1.2471733810e-01,8.1081933836e-01
4.1424421112e-01,1.2821604756e+00,8.6433846455e-02,6.6212540716e-01,5.3693794560e-01,1.2518746156e-01,8.1250879715e-01
4.1526201017e-01,1.2829437038e+00,8.6814183035e-02,6.6316433295e-01,5.3750645301e-01,1.2565787994e-01,8.1419734541e-01
4.1627980921e-01,1.2837274104e+00,8.7195111360e-02,6.6420124094e-01,5.3807265021e-01,1.2612859072e-01,8.1588498708e-01
4.1729760826e-01,1.2845115957e+00,8.7576629728e-02,6.6523613592e-01,5.3863654452e-01,1.2659959140e-01,8.1757172611e-01
4.1831540730e-01,1.2852962601e+00,8.7958736433e-02,6.6626902269e-01,5.3919814323e-01,1.2707087946e-01,8.1925756642e-01
4.1933320635e-01,1.2860814038e+00,8.8341429775e-02,6.6729990604e-01,5.3975745361e-01,1.2754245243e-01,8.2094251195e-01
4.2035100539e-01,1.2868670271e+00,8.8724708051e-02,6.6832879074e-01,5.4031448292e-01,1.2801430781e-01,8.2262656664e-01
4.2136880444e-01,1.2876531303e+00,8.9108569559e-02,6.6935568154e-01,5.4086923840e-01,1.2848644315e-01,8.2430973441e-01
4.2238660348e-01,1.2884397138e+00,8.9493012599e-02,6.7038058321e-01,5.4142172725e-01,1.2895885596e-01,8.2599201917e-01
4.2340440253e-01,1.2892267777e+00,8.9878035471e-02,6.7140350047e-01,5.4197195667e-01,1.2943154380e-01,8.2767342486e-01
4.2442220157e-01,1.2900143224e+00,9.0263636477e-02,6.7242443806e-01,5.4251993383e-01,1.2990450422e-01,8.2935395539e-01
4.2544000061e-01,1.2908023482e+00,9.0649813917e-02,6.7344340068e-01,5.4306566589e-01,1.3037773479e-01,8.3103361466e-01
4.2645779966e-01,1.2915908554e+00,9.1036566094e-02,6.7446039305e-01,5.4360915998e-01,1.3085123307e-01,8.3271240660e-01
4.2747559870e-01,1.2923798442e+00,9.1423891311e-02,6.7547541985e-01,5.4415042320e-01,1.3132499665e-01,8.3439033510e-01
4.2849339775e-01,1.2931693150e+00,9.1811787873e-02,6.7648848576e-01,5.4468946265e-01,1.3179902311e-01,8.3606740407e-01
4.2951119679e-01,1.2939592681e+00,9.2200254083e-02,6.7749959546e-01,5.4522628540e-01,1.3227331005e-01,8.3774361741e-01
4.3052899584e-01,1.2947497037e+00,9.2589288248e-02,6.7850875360e-01,5.4576089851e-01,1.3274785508e-01,8.3941897901e-01
4.3154679488e-01,1.2955406222e+00,9.2978888673e-02,6.7951596482e-01,5.4629330901e-01,1.3322265582e-01,8.4109349277e-01
4.3256459393e-01,1.2963320238e+00,9.3369053666e-02,6.8052123377e-01,5.4682352390e-01,1.3369770988e-01,8.4276716258e-01
4.3358239297e-01,1.2971239089e+00,9.3759781534e-02,6.8152456508e-01,5.4735155017e-01,1.3417301490e-01,8.4443999231e-01
4.3460019202e-01,1.2979162777e+00,9.4151070586e-02,6.8252596334e-01,5.4787739482e-01,1.3464856852e-01,8.4611198586e-01
4.3561799106e-01,1.2987091305e+00,9.4542919132e-02,6.8352543317e-01,5.4840106477e-01,1.3512436840e-01,8.4778314711e-01
4.3663579010e-01,1.2995024677e+00,9.4935325481e-02,6.8452297915e-01,5.4892256697e-01,1.3560041218e-01,8.4945347992e-01
4.3765358915e-01,1.3002962895e+00,9.5328287946e-02,6.8551860587e-01,5.4944190833e-01,1.3607669753e-01,8.5112298818e-01
4.3867138819e-01,1.3010905962e+00,9.5721804837e-02,6.8651231789e-01,5.4995909575e-01,1.3655322214e-01,8.5279167576e-01
4.3968918724e-01,1.3018853881e+00,9.6115874468e-02,6.8750411977e-01,5.5047413610e-01,1.3702998368e-01,8.5445954651e-01
4.4070698628e-01,1.3026806655e+00,9.6510495153e-02,6.8849401607e-01,5.5098703622e-01,1.3750697984e-01,8.5612660431e-01
4.4172478533e-01,1.3034764288e+00,9.6905665206e-02,6.8948201131e-01,5.5149780297e-01,1.3798420834e-01,8.5779285301e-01
4.4274258437e-01,1.3042726781e+00,9.7301382943e-02,6.9046811002e-01,5.5200644315e-01,1.3846166687e-01,8.5945829647e-01
4.4376038342e-01,1.3050694138e+00,9.7697646679e-02,6.9145231671e-01,5.5251296356e-01,1.3893935315e-01,8.6112293854e-01
4.4477818246e-01,1.3058666363e+00,9.8094454732e-02,6.9243463589e-01,5.5301737098e-01,1.3941726491e-01,8.6278678308e-01
4.4579598151e-01,1.3066643457e+00,9.8491805420e-02,6.9341507205e-01,5.5351967217e-01,1.3989539988e-01,8.6444983393e-01
4.4681378055e-01,1.3074625425e+00,9.8889697063e-02,6.9439362967e-01,5.5401987387e-01,1.4037375581e-01,8.6611209493e-01
4.4783157959e-01,1.3082612268e+00,9.9288127980e-02,6.9537031323e-01,5.5451798279e-01,1.4085233044e-01,8.6777356994e-01
4.4884937864e-01,1.3090603990e+00,9.9687096491e-02,6.9634512718e-01,5.5501400564e-01,1.4133112154e-01,8.6943426278e-01
4.4986717768e-01,1.3098600594e+00,1.0008660092e-01,6.9731807597e-01,5.5550794910e-01,1.4181012686e-01,8.7109417728e-01
4.5088497673e-01,1.3106602083e+00,1.0048663959e-01,6.9828916404e-01,5.5599981984e-01,1.4228934420e-01,8.7275331730e-01
4.5190277577e-01,1.3114608459e+00,1.0088721082e-01,6.9925839582e-01,5.5648962449e-01,1.4276877133e-01,8.7441168664e-01
4.5292057482e-01,1.3122619727e+00,1.0128831294e-01,7.0022577572e-01,5.5697736969e-01,1.4324840603e-01,8.7606928914e-01
4.5393837386e-01,1.3130635888e+00,1.0168994427e-01,7.0119130816e-01,5.5746306204e-01,1.4372824612e-01,8.7772612861e-01
4.5495617291e-01,1.3138656946e+00,1.0209210314e-01,7.0215499753e-01,5.5794670813e-01,1.4420828940e-01,8.7938220889e-01
4.5597397195e-01,1.3146682904e+00,1.0249478788e-01,7.0311684821e-01,5.5842831452e-01,1.4468853369e-01,8.8103753378e-01
4.5699177099e-01,1.3154713765e+00,1.0289799682e-01,7.0407686458e-01,5.5890788778e-01,1.4516897680e-01,8.8269210710e-01
4.5800957004e-01,1.3162749531e+00,1.0330172828e-01,7.0503505100e-01,5.5938543443e-01,1.4564961658e-01,8.8434593265e-01
4.5902736908e-01,1.3170790206e+00,1.0370598060e-01,7.0599141184e-01,5.5986096098e-01,1.4613045086e-01,8.8599901426e-01
4.6004516813e-01,1.3178835793e+00,1.0411075210e-01,7.0694595142e-01,5.6033447394e-01,1.4661147748e-01,8.8765135571e-01
4.6106296717e-01,1.3186886295e+00,1.0451604112e-01,7.0789867409e-01,5.6080597978e-01,1.4709269432e-01,8.8930296081e-01
4.6208076622e-01,1.3194941715e+00,1.0492184600e-01,7.0884958417e-01,5.6127548495e-01,1.4757409922e-01,8.9095383337e-01
4.6309856526e-01,1.3203002055e+00,1.0532816507e-01,7.0979868597e-01,5.6174299590e-01,1.4805569007e-01,8.9260397717e-01
4.6411636431e-01,1.3211067319e+00,1.0573499666e-01,7.1074598380e-01,5.6220851906e-01,1.4853746474e-01,8.9425339601e-01
4.6513416335e-01,1.3219137510e+00,1.0614233911e-01,7.1169148193e-01,5.6267206082e-01,1.4901942112e-01,8.9590209368e-01
4.6615196240e-01,1.3227212631e+00,1.0655019076e-01,7.1263518467e-01,5.6313362757e-01,1.4950155710e-01,8.9755007396e-01
4.6716976144e-01,1.3235292684e+00,1.0695854994e-01,7.1357709627e-01,5.6359322568e-01,1.4998387059e-01,8.9919734064e-01
4.6818756048e-01,1.3243377674e+00,1.0736741500e-01,7.1451722100e-01,5.6405086150e-01,1.5046635950e-01,9.0084389749e-01
4.6920535953e-01,1.3251467602e+00,1.0777678428e-01,7.1545556311e-01,5.6450654136e-01,1.5094902175e-01,9.0248974831e-01
4.7022315857e-01,1.3259562472e+00,1.0818665612e-01,7.1639212684e-01,5.6496027157e-01,1.5143185527e-01,9.0413489686e-01
4.7124095762e-01,1.3267662287e+00,1.0859702886e-01,7.1732691642e-01,5.6541205844e-01,1.5191485798e-01,9.0577934691e-01
4.7225875666e-01,1.3275767050e+00,1.0900790085e-01,7.1825993607e-01,5.6586190823e-01,1.5239802784e-01,9.0742310223e-01
4.7327655571e-01,1.3283876764e+00,1.0941927043e-01,7.1919119001e-01,5.6630982722e-01,1.5288136279e-01,9.0906616659e-01
4.7429435475e-01,1.3291991431e+00,1.0983113594e-01,7.2012068243e-01,5.6675582164e-01,1.5336486079e-01,9.1070854376e-01
4.7531215380e-01,1.3300111056e+00,1.1024349575e-01,7.2104841752e-01,5.6719989772e-01,1.5384851980e-01,9.1235023749e-01
4.7632995284e-01,1.3308235641e+00,1.1065634818e-01,7.2197439946e-01,5.6764206166e-01,1.5433233780e-01,9.1399125154e-01
4.7734775189e-01,1.3316365188e+00,1.1106969160e-01,7.2289863243e-01,5.6808231967e-01,1.5481631277e-01,9.1563158967e-01
4.7836555093e-01,1.3324499702e+00,1.1148352436e-01,7.2382112058e-01,5.6852067789e-01,1.5530044269e-01,9.1727125563e-01
4.7938334997e-01,1.3332639185e+00,1.1189784480e-01,7.2474186807e-01,5.6895714251e-01,1.5578472556e-01,9.1891025317e-01
4.8040114902e-01,1.3340783640e+00,1.1231265129e-01,7.2566087903e-01,5.6939171964e-01,1.5626915939e-01,9.2054858604e-01
4.8141894806e-01,1.3348933070e+00,1.1272794216e-01,7.2657815760e-01,5.6982441541e-01,1.5675374219e-01,9.2218625797e-01
4.8243674711e-01,1.3357087479e+00,1.1314371579e-01,7.2749370789e-01,5.7025523593e-01,1.5723847196e-01,9.2382327271e-01
4.8345454615e-01,1.3365246868e+00,1.1355997052e-01,7.2840753403e-01,5.7068418728e-01,1.5772334674e-01,9.2545963401e-01
4.8447234520e-01,1.3373411242e+00,1.1397670472e-01,7.2931964010e-01,5.7111127553e-01,1.5820836457e-01,9.2709534559e-01
4.8549014424e-01,1.3381580604e+00,1.1439391674e-01,7.3023003020e-01,5.7153650672e-01,1.5869352347e-01,9.2873041118e-01
4.8650794329e-01,1.3389754955e+00,1.1481160495e-01,7.3113870841e-01,5.7195988690e-01,1.5917882151e-01,9.3036483453e-01
4.8752574233e-01,1.3397934300e+00,1.1522976769e-01,7.3204567881e-01,5.7238142208e-01,1.5966425673e-01,9.3199861935e-01
4.8854354138e-01,1.3406118642e+00,1.1564840335e-01,7.3295094545e-01,5.7280111826e-01,1.6014982719e-01,9.3363176937e-01
4.8956134042e-01,1.3414307983e+00,1.1606751028e-01,7.3385451239e-01,5.7321898142e-01,1.6063553097e-01,9.3526428832e-01
4.9057913946e-01,1.3422502327e+00,1.1648708684e-01,7.3475638368e-01,5.7363501753e-01,1.6112136615e-01,9.3689617991e-01
4.9159693851e-01,1.3430701676e+00,1.1690713141e-01,7.3565656334e-01,5.7404923253e-01,1.6160733080e-01,9.3852744786e-01
4.9261473755e-01,1.3438906034e+00,1.1732764235e-01,7.3655505540e-01,5.7446163237e-01,1.6209342302e-01,9.4015809588e-01
4.9363253660e-01,1.3447115404e+00,1.1774861802e-01,7.3745186387e-01,5.7487222295e-01,1.6257964091e-01,9.4178812769e-01
4.9465033564e-01,1.3455329789e+00,1.1817005681e-01,7.3834699276e-01,5.7528101018e-01,1.6306598258e-01,9.4341754699e-01
4.9566813469e-01,1.3463549191e+00,1.1859195707e-01,7.3924044606e-01,5.7568799993e-01,1.6355244613e-01,9.4504635750e-01
4.9668593373e-01,1.3471773615e+00,1.1901431719e-01,7.4013222777e-01,5.7609319808e-01,1.6403902969e-01,9.4667456291e-01
4.9770373278e-01,1.3480003062e+00,1.1943713553e-01,7.4102234185e-01,5.7649661046e-01,1.6452573139e-01,9.4830216693e-01
4.9872153182e-01,1.3488237537e+00,1.1986041047e-01,7.4191079227e-01,5.7689824291e-01,1.6501254935e-01,9.4992917325e-01
4.9973933087e-01,1.3496477042e+00,1.2028414039e-01,7.4279758299e-01,5.7729810125e-01,1.6549948173e-01,9.5155558557e-01
5.0075712991e-01,1.3504721580e+00,1.2070832367e-01,7.4368271795e-01,5.7769619128e-01,1.6598652667e-01,9.5318140759e-01
5.0177492895e-01,1.3512971154e+00,1.2113295868e-01,7.4456620111e-01,5.7809251878e-01,1.6647368233e-01,9.5480664299e-01
5.0279272800e-01,1.3521225768e+00,1.2155804381e-01,7.4544803638e-01,5.7848708951e-01,1.6696094687e-01,9.5643129547e-01
5.0381052704e-01,1.3529485424e+00,1.2198357743e-01,7.4632822768e-01,5.7887990923e-01,1.6744831845e-01,9.5805536870e-01
5.0482832609e-01,1.3537750125e+00,1.2240955793e-01,7.4720677893e-01,5.7927098366e-01,1.6793579527e-01,9.5967886638e-01
5.0584612513e-01,1.3546019876e+00,1.2283598369e-01,7.4808369403e-01,5.7966031853e-01,1.6842337550e-01,9.6130179219e-01
5.0686392418e-01,1.3554294678e+00,1.2326285310e-01,7.4895897687e-01,5.8004791954e-01,1.6891105732e-01,9.6292414980e-01
5.0788172322e-01,1.3562574535e+00,1.2369016455e-01,7.4983263133e-01,5.8043379237e-01,1.6939883895e-01,9.6454594288e-01
5.0889952227e-01,1.3570859449e+00,1.2411791641e-01,7.5070466128e-01,5.8081794269e-01,1.6988671859e-01,9.6616717512e-01
5.0991732131e-01,1.3579149425e+00,1.2454610710e-01,7.5157507060e-01,5.8120037616e-01,1.7037469444e-01,9.6778785018e-01
5.1093512036e-01,1.3587444465e+00,1.2497473498e-01,7.5244386313e-01,5.8158109840e-01,1.7086276473e-01,9.6940797173e-01
5.1195291940e-01,1.3595744572e+00,1.2540379846e-01,7.5331104273e-01,5.8196011505e-01,1.7135092768e-01,9.7102754344e-01
5.1297071844e-01,1.3604049749e+00,1.2583329593e-01,7.5417661322e-01,5.8233743170e-01,1.7183918152e-01,9.7264656897e-01
5.1398851749e-01,1.3612359999e+00,1.2626322578e-01,7.5504057844e-01,5.8271305395e-01,1.7232752449e-01,9.7426505198e-01
5.1500631653e-01,1.3620675326e+00,1.2669358642e-01,7.5590294221e-01,5.8308698736e-01,1.7281595485e-01,9.7588299613e-01
5.1602411558e-01,1.3628995733e+00,1.2712437623e-01,7.5676370834e-01,5.8345923751e-01,1.7330447084e-01,9.7750040508e-01
5.1704191462e-01,1.3637321222e+00,1.2755559362e-01,7.5762288063e-01,5.8382980991e-01,1.7379307071e-01,9.7911728248e-01
5.1805971367e-01,1.3645651797e+00,1.2798723698e-01,7.5848046286e-01,5.8419871011e-01,1.7428175275e-01,9.8073363198e-01
5.1907751271e-01,1.3653987461e+00,1.2841930473e-01,7.5933645883e-01,5.8456594362e-01,1.7477051521e-01,9.8234945724e-01
5.2009531176e-01,1.3662328216e+00,1.2885179526e-01,7.6019087231e-01,5.8493151592e-01,1.7525935639e-01,9.8396476189e-01
5.2111311080e-01,1.3670674067e+00,1.2928470697e-01,7.6104370706e-01,5.8529543249e-01,1.7574827456e-01,9.8557954959e-01
5.2213090985e-01,1.3679025016e+00,1.2971803828e-01,7.6189496683e-01,5.8565769881e-01,1.7623726802e-01,9.8719382397e-01
5.2314870889e-01,1.3687381066e+00,1.3015178759e-01,7.6274465539e-01,5.8601832031e-01,1.7672633507e-01,9.8880758868e-01
5.2416650793e-01,1.3695742221e+00,1.3058595331e-01,7.6359277646e-01,5.8637730244e-01,1.7721547402e-01,9.9042084736e-01
5.2518430698e-01,1.3704108483e+00,1.3102053385e-01,7.6443933378e-01,5.8673465060e-01,1.7770468317e-01,9.9203360363e-01
5.2620210602e-01,1.3712479856e+00,1.3145552762e-01,7.6528433106e-01,5.8709037020e-01,1.7819396086e-01,9.9364586113e-01
5.2721990507e-01,1.3720856343e+00,1.3189093304e-01,7.6612777202e-01,5.8744446663e-01,1.7868330539e-01,9.9525762349e-01
5.2823770411e-01,1.3729237947e+00,1.3232674852e-01,7.6696966036e-01,5.8779694525e-01,1.7917271511e-01,9.9686889435e-01
5.2925550316e-01,1.3737624671e+00,1.3276297247e-01,7.6780999978e-01,5.8814781142e-01,1.7966218836e-01,9.9847967732e-01
5.3027330220e-01,1.3746016517e+00,1.3319960332e-01,7.6864879397e-01,5.8849707049e-01,1.8015172348e-01,1.0000899760e+00
5.3129110125e-01,1.3754413491e+00,1.3363663948e-01,7.6948604659e-01,5.8884472778e-01,1.8064131882e-01,1.0016997941e+00
5.3230890029e-01,1.3762815593e+00,1.3407407938e-01,7.7032176133e-01,5.8919078859e-01,1.8113097274e-01,1.0033091352e+00
5.3332669933e-01,1.3771222828e+00,1.3451192143e-01,7.7115594183e-01,5.8953525823e-01,1.8162068360e-01,1.0049180028e+00
5.3434449838e-01,1.3779635199e+00,1.3495016406e-01,7.7198859176e-01,5.8987814197e-01,1.8211044979e-01,1.0065264007e+00
5.3536229742e-01,1.3788052709e+00,1.3538880569e-01,7.7281971475e-01,5.9021944508e-01,1.8260026967e-01,1.0081343324e+00
5.3638009647e-01,1.3796475360e+00,1.3582784476e-01,7.7364931444e-01,5.9055917281e-01,1.8309014162e-01,1.0097418015e+00
5.3739789551e-01,1.3804903157e+00,1.3626727968e-01,7.7447739445e-01,5.9089733040e-01,1.8358006405e-01,1.0113488117e+00
5.3841569456e-01,1.3813336102e+00,1.3670710890e-01,7.7530395841e-01,5.9123392306e-01,1.8407003535e-01,1.0129553665e+00
5.3943349360e-01,1.3821774199e+00,1.3714733083e-01,7.7612900992e-01,5.9156895601e-01,1.8456005391e-01,1.0145614696e+00
5.4045129265e-01,1.3830217449e+00,1.3758794392e-01,7.7695255257e-01,5.9190243442e-01,1.8505011815e-01,1.0161671245e+00
5.4146909169e-01,1.3838665858e+00,1.3802894659e-01,7.7777458998e-01,5.9223436349e-01,1.8554022649e-01,1.0177723349e+00
5.4248689074e-01,1.3847119428e+00,1.3847033729e-01,7.7859512571e-01,5.9256474837e-01,1.8603037734e-01,1.0193771043e+00
5.4350468978e-01,1.3855578161e+00,1.3891211444e-01,7.7941416334e-01,5.9289359420e-01,1.8652056914e-01,1.0209814364e+00
5.4452248882e-01,1.3864042062e+00,1.3935427650e-01,7.8023170644e-01,5.9322090612e-01,1.8701080031e-01,1.0225853348e+00
5.4554028787e-01,1.3872511133e+00,1.3979682189e-01,7.8104775856e-01,5.9354668925e-01,1.8750106931e-01,1.0241888029e+00
5.4655808691e-01,1.3880985377e+00,1.4023974906e-01,7.8186232327e-01,5.9387094870e-01,1.8799137457e-01,1.0257918445e+00
5.4757588596e-01,1.3889464798e+00,1.4068305646e-01,7.8267540409e-01,5.9419368954e-01,1.8848171455e-01,1.0273944631e+00
5.4859368500e-01,1.3897949399e+00,1.4112674253e-01,7.8348700457e-01,5.9451491685e-01,1.8897208772e-01,1.0289966623e+00
5.4961148405e-01,1.3906439183e+00,1.4157080571e-01,7.8429712822e-01,5.9483463570e-01,1.8946249252e-01,1.0305984457e+00
5.5062928309e-01,1.3914934153e+00,1.4201524446e-01,7.8510577856e-01,5.9515285112e-01,1.8995292744e-01,1.0321998169e+00
5.5164708214e-01,1.3923434312e+00,1.4246005722e-01,7.8591295911e-01,5.9546956816e-01,1.9044339095e-01,1.0338007793e+00
5.5266488118e-01,1.3931939663e+00,1.4290524245e-01,7.8671867337e-01,5.9578479182e-01,1.9093388154e-01,1.0354013367e+00
5.5368268023e-01,1.3940450211e+00,1.4335079859e-01,7.8752292481e-01,5.9609852712e-01,1.9142439770e-01,1.0370014926e+00
5.5470047927e-01,1.3948965957e+00,1.4379672411e-01,7.8832571694e-01,5.9641077903e-01,1.9191493791e-01,1.0386012506e+00
5.5571827831e-01,1.3957486905e+00,1.4424301746e-01,7.8912705322e-01,5.9672155253e-01,1.9240550069e-01,1.0402006141e+00
5.5673607736e-01,1.3966013058e+00,1.4468967709e-01,7.8992693713e-01,5.9703085258e-01,1.9289608454e-01,1.0417995869e+00
5.5775387640e-01,1.3974544420e+00,1.4513670147e-01,7.9072537211e-01,5.9733868414e-01,1.9338668798e-01,1.0433981724e+00
5.5877167545e-01,1.3983080993e+00,1.4558408906e-01,7.9152236164e-01,5.9764505212e-01,1.9387730952e-01,1.0449963743e+00
5.5978947449e-01,1.3991622780e+00,1.4603183832e-01,7.9231790914e-01,5.9794996145e-01,1.9436794769e-01,1.0465941961e+00
5.6080727354e-01,1.4000169786e+00,1.4647994771e-01,7.9311201805e-01,5.9825341703e-01,1.9485860102e-01,1.0481916413e+00
5.6182507258e-01,1.4008722013e+00,1.4692841570e-01,7.9390469180e-01,5.9855542375e-01,1.9534926805e-01,1.0497887136e+00
5.6284287163e-01,1.4017279464e+00,1.4737724076e-01,7.9469593381e-01,5.9885598650e-01,1.9583994732e-01,1.0513854164e+00
5.6386067067e-01,1.4025842142e+00,1.4782642136e-01,7.9548574750e-01,5.9915511012e-01,1.9633063738e-01,1.0529817533e+00
5.6487846972e-01,1.4034410051e+00,1.4827595596e-01,7.9627413626e-01,5.9945279947e-01,1.9682133679e-01,1.0545777280e+00
5.6589626876e-01,1.4042983194e+00,1.4872584304e-01,7.9706110349e-01,5.9974905938e-01,1.9731204410e-01,1.0561733438e+00
5.6691406780e-01,1.4051561574e+00,1.4917608108e-01,7.9784665258e-01,6.0004389468e-01,1.9780275789e-01,1.0577686045e+00
5.6793186685e-01,1.4060145194e+00,1.4962666855e-01,7.9863078690e-01,6.0033731017e-01,1.9829347673e-01,1.0593635134e+00
5.6894966589e-01,1.4068734058e+00,1.5007760393e-01,7.9941350984e-01,6.0062931065e-01,1.9878419919e-01,1.0609580743e+00
5.6996746494e-01,1.4077328168e+00,1.5052888569e-01,8.0019482475e-01,6.0091990089e-01,1.9927492386e-01,1.0625522905e+00
5.7098526398e-01,1.4085927529e+00,1.5098051232e-01,8.0097473499e-01,6.0120908566e-01,1.9976564933e-01,1.0641461657e+00
5.7200306303e-01,1.4094532142e+00,1.5143248230e-01,8.0175324390e-01,6.0149686971e-01,2.0025637419e-01,1.0657397035e+00
5.7302086207e-01,1.4103142011e+00,1.5188479412e-01,8.0253035484e-01,6.0178325779e-01,2.0074709705e-01,1.0673329072e+00
5.7403866112e-01,1.4111757140e+00,1.5233744626e-01,8.0330607112e-01,6.0206825462e-01,2.0123781651e-01,1.0689257806e+00
5.7505646016e-01,1.4120377532e+00,1.5279043720e-01,8.0408039609e-01,6.0235186491e-01,2.0172853118e-01,1.0705183270e+00
5.7607425921e-01,1.4129003189e+00,1.5324376545e-01,8.0485333304e-01,6.0263409336e-01,2.0221923969e-01,1.0721105501e+00
5.7709205825e-01,1.4137634116e+00,1.5369742948e-01,8.0562488530e-01,6.0291494465e-01,2.0270994065e-01,1.0737024533e+00
5.7810985729e-01,1.4146270315e+00,1.5415142779e-01,8.0639505617e-01,6.0319442346e-01,2.0320063270e-01,1.0752940403e+00
5.7912765634e-01,1.4154911790e+00,1.5460575888e-01,8.0716384893e-01,6.0347253445e-01,2.0369131448e-01,1.0768853145e+00
5.8014545538e-01,1.4163558543e+00,1.5506042124e-01,8.0793126688e-01,6.0374928227e-01,2.0418198461e-01,1.0784762794e+00
5.8116325443e-01,1.4172210578e+00,1.5551541337e-01,8.0869731329e-01,6.0402467154e-01,2.0467264176e-01,1.0800669387e+00
5.8218105347e-01,1.4180867899e+00,1.5597073377e-01,8.0946199144e-01,6.0429870688e-01,2.0516328456e-01,1.0816572957e+00
5.8319885252e-01,1.4189530508e+00,1.5642638095e-01,8.1022530459e-01,6.0457139290e-01,2.0565391169e-01,1.0832473540e+00
5.8421665156e-01,1.4198198409e+00,1.5688235339e-01,8.1098725600e-01,6.0484273420e-01,2.0614452180e-01,1.0848371172e+00
5.8523445061e-01,1.4206871604e+00,1.5733864962e-01,8.1174784890e-01,6.0511273535e-01,2.0663511355e-01,1.0864265888e+00
5.8625224965e-01,1.4215550098e+00,1.5779526813e-01,8.1250708656e-01,6.0538140092e-01,2.0712568563e-01,1.0880157722e+00
5.8727004870e-01,1.4224233893e+00,1.5825220744e-01,8.1326497219e-01,6.0564873547e-01,2.0761623672e-01,1.0896046710e+00
5.8828784774e-01,1.4232922993e+00,1.5870946605e-01,8.1402150902e-01,6.0591474353e-01,2.0810676549e-01,1.0911932887e+00
5.8930564678e-01,1.4241617401e+00,1.5916704248e-01,8.1477670028e-01,6.0617942964e-01,2.0859727064e-01,1.0927816288e+00
5.9032344583e-01,1.4250317120e+00,1.5962493524e-01,8.1553054917e-01,6.0644279831e-01,2.0908775087e-01,1.0943696948e+00
5.9134124487e-01,1.4259022153e+00,1.6008314284e-01,8.1628305890e-01,6.0670485403e-01,2.0957820487e-01,1.0959574903e+00
5.9235904392e-01,1.4267732504e+00,1.6054166381e-01,8.1703423267e-01,6.0696560131e-01,2.1006863135e-01,1.0975450186e+00
5.9337684296e-01,1.4276448176e+00,1.6100049666e-01,8.1778407365e-01,6.0722504462e-01,2.1055902903e-01,1.0991322835e+00
5.9439464201e-01,1.4285169171e+00,1.6145963991e-01,8.1853258504e-01,6.0748318842e-01,2.1104939662e-01,1.1007192882e+00
5.9541244105e-01,1.4293895494e+00,1.6191909209e-01,8.1927977001e-01,6.0774003716e-01,2.1153973285e-01,1.1023060364e+00
5.9643024010e-01,1.4302627148e+00,1.6237885172e-01,8.2002563172e-01,6.0799559528e-01,2.1203003644e-01,1.1038925315e+00
5.9744803914e-01,1.4311364136e+00,1.6283891732e-01,8.2077017333e-01,6.0824986721e-01,2.1252030612e-01,1.1054787770e+00
5.9846583818e-01,1.4320106461e+00,1.6329928743e-01,8.2151339800e-01,6.0850285736e-01,2.1301054064e-01,1.1070647765e+00
5.9948363723e-01,1.4328854126e+00,1.6375996058e-01,8.2225530887e-01,6.0875457014e-01,2.1350073873e-01,1.1086505334e+00
6.0050143627e-01,1.4337607135e+00,1.6422093528e-01,8.2299590908e-01,6.0900500992e-01,2.1399089916e-01,1.1102360512e+00
6.0151923532e-01,1.4346365490e+00,1.6468221009e-01,8.2373520176e-01,6.0925418109e-01,2.1448102066e-01,1.1118213334e+00
6.0253703436e-01,1.4355129196e+00,1.6514378354e-01,8.2447319002e-01,6.0950208801e-01,2.1497110201e-01,1.1134063835e+00
6.0355483341e-01,1.4363898255e+00,1.6560565415e-01,8.2520987700e-01,6.0974873503e-01,2.1546114197e-01,1.1149912050e+00
6.0457263245e-01,1.4372672672e+00,1.6606782047e-01,8.2594526578e-01,6.0999412649e-01,2.1595113930e-01,1.1165758013e+00
6.0559043150e-01,1.4381452448e+00,1.6653028105e-01,8.2667935949e-01,6.1023826671e-01,2.1644109278e-01,1.1181601760e+00
6.0660823054e-01,1.4390237587e+00,1.6699303442e-01,8.2741216120e-01,6.1048116001e-01,2.1693100119e-01,1.1197443325e+00
6.0762602959e-01,1.4399028093e+00,1.6745607913e-01,8.2814367402e-01,6.1072281069e-01,2.1742086332e-01,1.1213282743e+00
6.0864382863e-01,1.4407823968e+00,1.6791941372e-01,8.2887390101e-01,6.1096322305e-01,2.1791067796e-01,1.1229120050e+00
6.0966162767e-01,1.4416625217e+00,1.6838303675e-01,8.2960284525e-01,6.1120240134e-01,2.1840044391e-01,1.1244955279e+00
6.1067942672e-01,1.4425431842e+00,1.6884694676e-01,8.3033050981e-01,6.1144034985e-01,2.1889015996e-01,1.1260788466e+00
6.1169722576e-01,1.4434243847e+00,1.6931114230e-01,8.3105689774e-01,6.1167707283e-01,2.1937982492e-01,1.1276619644e+00
6.1271502481e-01,1.4443061235e+00,1.6977562193e-01,8.3178201210e-01,6.1191257450e-01,2.1986943760e-01,1.1292448850e+00
6.1373282385e-01,1.4451884009e+00,1.7024038421e-01,8.3250585593e-01,6.1214685912e-01,2.2035899682e-01,1.1308276118e+00
6.1475062290e-01,1.4460712173e+00,1.7070542769e-01,8.3322843227e-01,6.1237993088e-01,2.2084850140e-01,1.1324101482e+00
6.1576842194e-01,1.4469545729e+00,1.7117075092e-01,8.3394974415e-01,6.1261179399e-01,2.2133795016e-01,1.1339924977e+00
6.1678622099e-01,1.4478384681e+00,1.7163635248e-01,8.3466979460e-01,6.1284245265e-01,2.2182734194e-01,1.1355746638e+00
6.1780402003e-01,1.4487229033e+00,1.7210223093e-01,8.3538858662e-01,6.1307191104e-01,2.2231667557e-01,1.1371566500e+00
6.1882181908e-01,1.4496078788e+00,1.7256838482e-01,8.3610612323e-01,6.1330017333e-01,2.2280594990e-01,1.1387384597e+00
6.1983961812e-01,1.4504933949e+00,1.7303481273e-01,8.3682240743e-01,6.1352724366e-01,2.2329516377e-01,1.1403200963e+00
6.2085741716e-01,1.4513794519e+00,1.7350151323e-01,8.3753744223e-01,6.1375312620e-01,2.2378431603e-01,1.1419015634e+00
6.2187521621e-01,1.4522660501e+00,1.7396848488e-01,8.3825123060e-01,6.1397782506e-01,2.2427340553e-01,1.1434828645e+00
6.2289301525e-01,1.4531531900e+00,1.7443572627e-01,8.3896377552e-01,6.1420134438e-01,2.2476243114e-01,1.1450640028e+00
6.2391081430e-01,1.4540408717e+00,1.7490323595e-01,8.3967507999e-01,6.1442368826e-01,2.2525139173e-01,1.1466449820e+00
6.2492861334e-01,1.4549290958e+00,1.7537101251e-01,8.4038514695e-01,6.1464486079e-01,2.2574028616e-01,1.1482258055e+00
6.2594641239e-01,1.4558178624e+00,1.7583905454e-01,8.4109397938e-01,6.1486486608e-01,2.2622911331e-01,1.1498064767e+00
6.2696421143e-01,1.4567071719e+00,1.7630736059e-01,8.4180158023e-01,6.1508370818e-01,2.2671787206e-01,1.1513869991e+00
6.2798201048e-01,1.4575970247e+00,1.7677592927e-01,8.4250795245e-01,6.1530139116e-01,2.2720656129e-01,1.1529673762e+00
6.2899980952e-01,1.4584874211e+00,1.7724475916e-01,8.4321309898e-01,6.1551791908e-01,2.2769517990e-01,1.1545476114e+00
6.3001760857e-01,1.4593783613e+00,1.7771384883e-01,8.4391702275e-01,6.1573329597e-01,2.2818372678e-01,1.1561277081e+00
6.3103540761e-01,1.4602698458e+00,1.7818319688e-01,8.4461972669e-01,6.1594752586e-01,2.2867220083e-01,1.1577076698e+00
6.3205320665e-01,1.4611618749e+00,1.7865280189e-01,8.4532121372e-01,6.1616061277e-01,2.2916060096e-01,1.1592875000e+00
6.3307100570e-01,1.4620544490e+00,1.7912266247e-01,8.4602148676e-01,6.1637256070e-01,2.2964892607e-01,1.1608672020e+00
6.3408880474e-01,1.4629475682e+00,1.7959277720e-01,8.4672054872e-01,6.1658337365e-01,2.3013717507e-01,1.1624467794e+00
6.3510660379e-01,1.4638412330e+00,1.8006314467e-01,8.4741840249e-01,6.1679305559e-01,2.3062534690e-01,1.1640262356e+00
6.3612440283e-01,1.4647354438e+00,1.8053376350e-01,8.4811505097e-01,6.1700161051e-01,2.3111344046e-01,1.1656055740e+00
6.3714220188e-01,1.4656302007e+00,1.8100463226e-01,8.4881049705e-01,6.1720904236e-01,2.3160145469e-01,1.1671847981e+00
6.3816000092e-01,1.4665255043e+00,1.8147574957e-01,8.4950474360e-01,6.1741535509e-01,2.3208938852e-01,1.1687639113e+00
6.3917779997e-01,1.4674213548e+00,1.8194711404e-01,8.5019779351e-01,6.1762055263e-01,2.3257724088e-01,1.1703429170e+00
6.4019559901e-01,1.4683177525e+00,1.8241872425e-01,8.5088964964e-01,6.1782463891e-01,2.3306501073e-01,1.1719218188e+00
6.4121339806e-01,1.4692146978e+00,1.8289057883e-01,8.5158031486e-01,6.1802761785e-01,2.3355269701e-01,1.1735006200e+00
6.4223119710e-01,1.4701121910e+00,1.8336267638e-01,8.5226979201e-01,6.1822949335e-01,2.3404029866e-01,1.1750793240e+00
6.4324899614e-01,1.4710102324e+00,1.8383501551e-01,8.5295808394e-01,6.1843026930e-01,2.3452781465e-01,1.1766579343e+00
6.4426679519e-01,1.4719088224e+00,1.8430759484e-01,8.5364519351e-01,6.1862994958e-01,2.3501524393e-01,1.1782364544e+00
6.4528459423e-01,1.4728079614e+00,1.8478041298e-01,8.5433112354e-01,6.1882853807e-01,2.3550258547e-01,1.1798148876e+00
6.4630239328e-01,1.4737076496e+00,1.8525346855e-01,8.5501587686e-01,6.1902603861e-01,2.3598983824e-01,1.1813932375e+00
6.4732019232e-01,1.4746078874e+00,1.8572676016e-01,8.5569945629e-01,6.1922245507e-01,2.3647700122e-01,1.1829715073e+00
6.4833799137e-01,1.4755086751e+00,1.8620028644e-01,8.5638186466e-01,6.1941779128e-01,2.3696407338e-01,1.1845497007e+00
6.4935579041e-01,1.4764100131e+00,1.8667404601e-01,8.5706310477e-01,6.1961205106e-01,2.3745105371e-01,1.1861278209e+00
6.5037358946e-01,1.4773119017e+00,1.8714803750e-01,8.5774317942e-01,6.1980523823e-01,2.3793794119e-01,1.1877058714e+00
6.5139138850e-01,1.4782143412e+00,1.8762225953e-01,8.5842209141e-01,6.1999735659e-01,2.3842473482e-01,1.1892838556e+00
6.5240918755e-01,1.4791173319e+00,1.8809671074e-01,8.5909984353e-01,6.2018840993e-01,2.3891143359e-01,1.1908617771e+00
6.5342698659e-01,1.4800208743e+00,1.8857138974e-01,8.5977643856e-01,6.2037840205e-01,2.3939803651e-01,1.1924396391e+00
6.5444478563e-01,1.4809249687e+00,1.8904629518e-01,8.6045187929e-01,6.2056733671e-01,2.3988454258e-01,1.1940174451e+00
6.5546258468e-01,1.4818296153e+00,1.8952142569e-01,8.6112616848e-01,6.2075521767e-01,2.4037095081e-01,1.1955951985e+00
6.5648038372e-01,1.4827348145e+00,1.8999677991e-01,8.6179930890e-01,6.2094204868e-01,2.4085726022e-01,1.1971729028e+00
6.5749818277e-01,1.4836405667e+00,1.9047235648e-01,8.6247130331e-01,6.2112783348e-01,2.4134346983e-01,1.1987505614e+00
6.5851598181e-01,1.4845468721e+00,1.9094815403e-01,8.6314215445e-01,6.2131257580e-01,2.4182957865e-01,1.2003281777e+00
6.5953378086e-01,1.4854537312e+00,1.9142417122e-01,8.6381186509e-01,6.2149627936e-01,2.4231558572e-01,1.2019057551e+00
6.6055157990e-01,1.4863611443e+00,1.9190040668e-01,8.6448043794e-01,6.2167894787e-01,2.4280149007e-01,1.2034832970e+00
6.6156937895e-01,1.4872691117e+00,1.9237685906e-01,8.6514787576e-01,6.2186058502e-01,2.4328729074e-01,1.2050608068e+00
6.6258717799e-01,1.4881776337e+00,1.9285352701e-01,8.6581418127e-01,6.2204119450e-01,2.4377298677e-01,1.2066382880e+00
6.6360497704e-01,1.4890867107e+00,1.9333040919e-01,8.6647935718e-01,6.2222077999e-01,2.4425857720e-01,1.2082157440e+00
6.6462277608e-01,1.4899963431e+00,1.9380750424e-01,8.6714340622e-01,6.2239934515e-01,2.4474406108e-01,1.2097931781e+00
6.6564057512e-01,1.4909065311e+00,1.9428481082e-01,8.6780633109e-01,6.2257689363e-01,2.4522943746e-01,1.2113705939e+00
6.6665837417e-01,1.4918172751e+00,1.9476232759e-01,8.6846813450e-01,6.2275342908e-01,2.4571470542e-01,1.2129479946e+00
6.6767617321e-01,1.4927285754e+00,1.9524005321e-01,8.6912881914e-01,6.2292895514e-01,2.4619986400e-01,1.2145253838e+00
6.6869397226e-01,1.4936404325e+00,1.9571798633e-01,8.6978838770e-01,6.2310347543e-01,2.4668491227e-01,1.2161027647e+00
6.6971177130e-01,1.4945528465e+00,1.9619612563e-01,8.7044684287e-01,6.2327699355e-01,2.4716984932e-01,1.2176801409e+00
6.7072957035e-01,1.4954658179e+00,1.9667446977e-01,8.7110418732e-01,6.2344951312e-01,2.4765467420e-01,1.2192575158e+00
6.7174736939e-01,1.4963793470e+00,1.9715301740e-01,8.7176042373e-01,6.2362103773e-01,2.4813938600e-01,1.2208348927e+00
6.7276516844e-01,1.4972934342e+00,1.9763176721e-01,8.7241555477e-01,6.2379157096e-01,2.4862398381e-01,1.2224122750e+00
6.7378296748e-01,1.4982080797e+00,1.9811071787e-01,8.7306958309e-01,6.2396111637e-01,2.4910846672e-01,1.2239896662e+00
6.7480076652e-01,1.4991232840e+00,1.9858986804e-01,8.7372251135e-01,6.2412967755e-01,2.4959283380e-01,1.2255670697e+00
6.7581856557e-01,1.5000390474e+00,1.9906921641e-01,8.7437434219e-01,6.2429725802e-01,2.5007708417e-01,1.2271444888e+00
6.7683636461e-01,1.5009553701e+00,1.9954876165e-01,8.7502507827e-01,6.2446386134e-01,2.5056121692e-01,1.2287219269e+00
6.7785416366e-01,1.5018722526e+00,2.0002850244e-01,8.7567472221e-01,6.2462949104e-01,2.5104523116e-01,1.2302993876e+00
6.7887196270e-01,1.5027896952e+00,2.0050843746e-01,8.7632327664e-01,6.2479415064e-01,2.5152912600e-01,1.2318768741e+00
6.7988976175e-01,1.5037076982e+00,2.0098856540e-01,8.7697074419e-01,6.2495784365e-01,2.5201290054e-01,1.2334543898e+00
6.8090756079e-01,1.5046262620e+00,2.0146888494e-01,8.7761712748e-01,6.2512057357e-01,2.5249655391e-01,1.2350319382e+00
6.8192535984e-01,1.5055453869e+00,2.0194939477e-01,8.7826242913e-01,6.2528234390e-01,2.5298008523e-01,1.2366095227e+00
6.8294315888e-01,1.5064650733e+00,2.0243009358e-01,8.7890665172e-01,6.2544315811e-01,2.5346349362e-01,1.2381871466e+00
6.8396095793e-01,1.5073853215e+00,2.0291098006e-01,8.7954979788e-01,6.2560301967e-01,2.5394677821e-01,1.2397648134e+00
6.8497875697e-01,1.5083061318e+00,2.0339205290e-01,8.8019187018e-01,6.2576193205e-01,2.5442993813e-01,1.2413425264e+00
6.8599655601e-01,1.5092275047e+00,2.0387331081e-01,8.8083287123e-01,6.2591989869e-01,2.5491297253e-01,1.2429202890e+00
6.8701435506e-01,1.5101494403e+00,2.0435475248e-01,8.8147280360e-01,6.2607692305e-01,2.5539588055e-01,1.2444981047e+00
6.8803215410e-01,1.5110719392e+00,2.0483637661e-01,8.8211166987e-01,6.2623300855e-01,2.5587866132e-01,1.2460759768e+00
6.8904995315e-01,1.5119950015e+00,2.0531818190e-01,8.8274947261e-01,6.2638815861e-01,2.5636131401e-01,1.2476539088e+00
6.9006775219e-01,1.5129186278e+00,2.0580016705e-01,8.8338621439e-01,6.2654237664e-01,2.5684383775e-01,1.2492319039e+00
6.9108555124e-01,1.5138428182e+00,2.0628233079e-01,8.8402189777e-01,6.2669566605e-01,2.5732623172e-01,1.2508099656e+00
6.9210335028e-01,1.5147675732e+00,2.0676467180e-01,8.8465652530e-01,6.2684803024e-01,2.5780849507e-01,1.2523880973e+00
6.9312114933e-01,1.5156928931e+00,2.0724718880e-01,8.8529009953e-01,6.2699947257e-01,2.5829062696e-01,1.2539663024e+00
6.9413894837e-01,1.5166187783e+00,2.0772988051e-01,8.8592262301e-01,6.2714999643e-01,2.5877262658e-01,1.2555445843e+00
6.9515674742e-01,1.5175452290e+00,2.0821274564e-01,8.8655409826e-01,6.2729960518e-01,2.5925449308e-01,1.2571229463e+00
6.9617454646e-01,1.5184722457e+00,2.0869578291e-01,8.8718452782e-01,6.2744830217e-01,2.5973622565e-01,1.2587013919e+00
6.9719234550e-01,1.5193998286e+00,2.0917899104e-01,8.8781391422e-01,6.2759609074e-01,2.6021782347e-01,1.2602799243e+00
6.9821014455e-01,1.5203279782e+00,2.0966236874e-01,8.8844225997e-01,6.2774297424e-01,2.6069928573e-01,1.2618585471e+00
6.9922794359e-01,1.5212566948e+00,2.1014591474e-01,8.8906956759e-01,6.2788895599e-01,2.6118061161e-01,1.2634372636e+00
7.0024574264e-01,1.5221859787e+00,2.1062962777e-01,8.8969583959e-01,6.2803403930e-01,2.6166180030e-01,1.2650160772e+00
7.0126354168e-01,1.5231158302e+00,2.1111350655e-01,8.9032107847e-01,6.2817822747e-01,2.6214285100e-01,1.2665949913e+00
7.0228134073e-01,1.5240462498e+00,2.1159754981e-01,8.9094528673e-01,6.2832152381e-01,2.6262376292e-01,1.2681740091e+00
7.0329913977e-01,1.5249772377e+00,2.1208175629e-01,8.9156846686e-01,6.2846393160e-01,2.6310453525e-01,1.2697531343e+00
7.0431693882e-01,1.5259087944e+00,2.1256612471e-01,8.9219062134e-01,6.2860545413e-01,2.6358516721e-01,1.2713323700e+00
7.0533473786e-01,1.5268409201e+00,2.1305065382e-01,8.9281175266e-01,6.2874609465e-01,2.6406565801e-01,1.2729117197e+00
7.0635253691e-01,1.5277736151e+00,2.1353534236e-01,8.9343186329e-01,6.2888585642e-01,2.6454600686e-01,1.2744911869e+00
7.0737033595e-01,1.5287068800e+00,2.1402018905e-01,8.9405095569e-01,6.2902474271e-01,2.6502621298e-01,1.2760707747e+00
7.0838813499e-01,1.5296407149e+00,2.1450519265e-01,8.9466903234e-01,6.2916275674e-01,2.6550627560e-01,1.2776504867e+00
7.0940593404e-01,1.5305751203e+00,2.1499035190e-01,8.9528609569e-01,6.2929990175e-01,2.6598619395e-01,1.2792303263e+00
7.1042373308e-01,1.5315100965e+00,2.1547566554e-01,8.9590214820e-01,6.2943618095e-01,2.6646596724e-01,1.2808102967e+00
7.1144153213e-01,1.5324456439e+00,2.1596113232e-01,8.9651719230e-01,6.2957159757e-01,2.6694559473e-01,1.2823904013e+00
7.1245933117e-01,1.5333817627e+00,2.1644675100e-01,8.9713123045e-01,6.2970615481e-01,2.6742507564e-01,1.2839706437e+00
7.1347713022e-01,1.5343184534e+00,2.1693252033e-01,8.9774426507e-01,6.2983985585e-01,2.6790440922e-01,1.2855510270e+00
7.1449492926e-01,1.5352557163e+00,2.1741843905e-01,8.9835629861e-01,6.2997270389e-01,2.6838359471e-01,1.2871315548e+00
7.1551272831e-01,1.5361935517e+00,2.1790450594e-01,8.9896733348e-01,6.3010470210e-01,2.6886263137e-01,1.2887122303e+00
7.1653052735e-01,1.5371319600e+00,2.1839071974e-01,8.9957737210e-01,6.3023585365e-01,2.6934151845e-01,1.2902930570e+00
7.1754832640e-01,1.5380709415e+00,2.1887707922e-01,9.0018641689e-01,6.3036616169e-01,2.6982025520e-01,1.2918740383e+00
7.1856612544e-01,1.5390104966e+00,2.1936358315e-01,9.0079447026e-01,6.3049562938e-01,2.7029884089e-01,1.2934551774e+00
7.1958392448e-01,1.5399506257e+00,2.1985023028e-01,9.0140153462e-01,6.3062425984e-01,2.7077727477e-01,1.2950364778e+00
7.2060172353e-01,1.5408913291e+00,2.2033701939e-01,9.0200761235e-01,6.3075205623e-01,2.7125555612e-01,1.2966179428e+00
7.2161952257e-01,1.5418326071e+00,2.2082394924e-01,9.0261270585e-01,6.3087902164e-01,2.7173368421e-01,1.2981995759e+00
7.2263732162e-01,1.5427744601e+00,2.2131101862e-01,9.0321681752e-01,6.3100515921e-01,2.7221165831e-01,1.2997813804e+00
7.2365512066e-01,1.5437168885e+00,2.2179822628e-01,9.0381994972e-01,6.3113047202e-01,2.7268947770e-01,1.3013633596e+00
7.2467291971e-01,1.5446598925e+00,2.2228557101e-01,9.0442210485e-01,6.3125496318e-01,2.7316714167e-01,1.3029455170e+00
7.2569071875e-01,1.5456034726e+00,2.2277305158e-01,9.0502328527e-01,6.3137863578e-01,2.7364464949e-01,1.3045278559e+00
7.2670851780e-01,1.5465476291e+00,2.2326066678e-01,9.0562349334e-01,6.3150149288e-01,2.7412200046e-01,1.3061103796e+00
7.2772631684e-01,1.5474923624e+00,2.2374841539e-01,9.0622273143e-01,6.3162353756e-01,2.7459919388e-01,1.3076930917e+00
7.2874411589e-01,1.5484376727e+00,2.2423629620e-01,9.0682100190e-01,6.3174477287e-01,2.7507622903e-01,1.3092759953e+00
7.2976191493e-01,1.5493835606e+00,2.2472430798e-01,9.0741830709e-01,6.3186520188e-01,2.7555310522e-01,1.3108590939e+00
7.3077971397e-01,1.5503300262e+00,2.2521244954e-01,9.0801464935e-01,6.3198482761e-01,2.7602982175e-01,1.3124423909e+00
7.3179751302e-01,1.5512770700e+00,2.2570071965e-01,9.0861003103e-01,6.3210365310e-01,2.7650637792e-01,1.3140258897e+00
7.3281531206e-01,1.5522246923e+00,2.2618911712e-01,9.0920445444e-01,6.3222168139e-01,2.7698277306e-01,1.3156095935e+00
7.3383311111e-01,1.5531728935e+00,2.2667764074e-01,9.0979792193e-01,6.3233891547e-01,2.7745900646e-01,1.3171935058e+00
7.3485091015e-01,1.5541216739e+00,2.2716628930e-01,9.1039043582e-01,6.3245535836e-01,2.7793507746e-01,1.3187776299e+00
7.3586870920e-01,1.5550710338e+00,2.2765506161e-01,9.1098199843e-01,6.3257101307e-01,2.7841098536e-01,1.3203619693e+00
7.3688650824e-01,1.5560209738e+00,2.2814395647e-01,9.1157261207e-01,6.3268588257e-01,2.7888672950e-01,1.3219465272e+00
7.3790430729e-01,1.5569714940e+00,2.2863297268e-01,9.1216227905e-01,6.3279996985e-01,2.7936230921e-01,1.3235313070e+00
7.3892210633e-01,1.5579225948e+00,2.2912210905e-01,9.1275100168e-01,6.3291327788e-01,2.7983772380e-01,1.3251163121e+00
7.3993990537e-01,1.5588742766e+00,2.2961136439e-01,9.1333878225e-01,6.3302580963e-01,2.8031297262e-01,1.3267015460e+00
7.4095770442e-01,1.5598265398e+00,2.3010073750e-01,9.1392562306e-01,6.3313756805e-01,2.8078805501e-01,1.3282870118e+00
7.4197550346e-01,1.5607793847e+00,2.3059022721e-01,9.1451152639e-01,6.3324855609e-01,2.8126297031e-01,1.3298727131e+00
7.4299330251e-01,1.5617328117e+00,2.3107983232e-01,9.1509649454e-01,6.3335877668e-01,2.8173771786e-01,1.3314586531e+00
7.4401110155e-01,1.5626868210e+00,2.3156955165e-01,9.1568052977e-01,6.3346823277e-01,2.8221229700e-01,1.3330448353e+00
7.4502890060e-01,1.5636414132e+00,2.3205938402e-01,9.1626363436e-01,6.3357692726e-01,2.8268670710e-01,1.3346312629e+00
7.4604669964e-01,1.5645965884e+00,2.3254932826e-01,9.1684581059e-01,6.3368486308e-01,2.8316094751e-01,1.3362179394e+00
7.4706449869e-01,1.5655523472e+00,2.3303938318e-01,9.1742706070e-01,6.3379204313e-01,2.8363501758e-01,1.3378048682e+00
7.4808229773e-01,1.5665086898e+00,2.3352954761e-01,9.1800738697e-01,6.3389847030e-01,2.8410891667e-01,1.3393920525e+00
7.4910009678e-01,1.5674656165e+00,2.3401982038e-01,9.1858679164e-01,6.3400414749e-01,2.8458264416e-01,1.3409794958e+00
7.5011789582e-01,1.5684231279e+00,2.3451020033e-01,9.1916527697e-01,6.3410907757e-01,2.8505619940e-01,1.3425672015e+00
7.5113569486e-01,1.5693812241e+00,2.3500068627e-01,9.1974284519e-01,6.3421326341e-01,2.8552958178e-01,1.3441551728e+00
7.5215349391e-01,1.5703399057e+00,2.3549127704e-01,9.2031949855e-01,6.3431670789e-01,2.8600279066e-01,1.3457434131e+00
7.5317129295e-01,1.5712991728e+00,2.3598197149e-01,9.2089523927e-01,6.3441941385e-01,2.8647582543e-01,1.3473319259e+00
7.5418909200e-01,1.5722590259e+00,2.3647276845e-01,9.2147006959e-01,6.3452138414e-01,2.8694868545e-01,1.3489207145e+00
7.5520689104e-01,1.5732194654e+00,2.3696366676e-01,9.2204399173e-01,6.3462262160e-01,2.8742137013e-01,1.3505097822e+00
7.5622469009e-01,1.5741804916e+00,2.3745466527e-01,9.2261700791e-01,6.3472312906e-01,2.8789387884e-01,1.3520991324e+00
7.5724248913e-01,1.5751421048e+00,2.3794576281e-01,9.2318912034e-01,6.3482290935e-01,2.8836621099e-01,1.3536887684e+00
7.5826028818e-01,1.5761043054e+00,2.3843695824e-01,9.2376033123e-01,6.3492196528e-01,2.8883836595e-01,1.3552786937e+00
7.5927808722e-01,1.5770670939e+00,2.3892825040e-01,9.2433064278e-01,6.3502029965e-01,2.8931034313e-01,1.3568689116e+00
7.6029588627e-01,1.5780304704e+00,2.3941963815e-01,9.2490005720e-01,6.3511791527e-01,2.8978214193e-01,1.3584594255e+00
7.6131368531e-01,1.5789944355e+00,2.3991112035e-01,9.2546857668e-01,6.3521481492e-01,2.9025376176e-01,1.3600502386e+00
7.6233148435e-01,1.5799589894e+00,2.4040269583e-01,9.2603620341e-01,6.3531100139e-01,2.9072520202e-01,1.3616413545e+00
7.6334928340e-01,1.5809241325e+00,2.4089436348e-01,9.2660293956e-01,6.3540647745e-01,2.9119646211e-01,1.3632327763e+00
7.6436708244e-01,1.5818898652e+00,2.4138612214e-01,9.2716878733e-01,6.3550124587e-01,2.9166754147e-01,1.3648245076e+00
7.6538488149e-01,1.5828561878e+00,2.4187797067e-01,9.2773374889e-01,6.3559530940e-01,2.9213843949e-01,1.3664165517e+00
7.6640268053e-01,1.5838231007e+00,2.4236990795e-01,9.2829782640e-01,6.3568867080e-01,2.9260915560e-01,1.3680089119e+00
7.6742047958e-01,1.5847906043e+00,2.4286193283e-01,9.2886102203e-01,6.3578133280e-01,2.9307968923e-01,1.3696015916e+00
7.6843827862e-01,1.5857586989e+00,2.4335404420e-01,9.2942333795e-01,6.3587329816e-01,2.9355003979e-01,1.3711945941e+00
7.6945607767e-01,1.5867273848e+00,2.4384624091e-01,9.2998477630e-01,6.3596456958e-01,2.9402020673e-01,1.3727879229e+00
7.7047387671e-01,1.5876966625e+00,2.4433852184e-01,9.3054533925e-01,6.3605514979e-01,2.9449018946e-01,1.3743815812e+00
7.7149167576e-01,1.5886665323e+00,2.4483088587e-01,9.3110502893e-01,6.3614504150e-01,2.9495998743e-01,1.3759755725e+00
7.7250947480e-01,1.5896369946e+00,2.4532333188e-01,9.3166384749e-01,6.3623424742e-01,2.9542960007e-01,1.3775699001e+00
7.7352727384e-01,1.5906080497e+00,2.4581585874e-01,9.3222179706e-01,6.3632277023e-01,2.9589902683e-01,1.3791645673e+00
7.7454507289e-01,1.5915796979e+00,2.4630846534e-01,9.3277887979e-01,6.3641061264e-01,2.9636826715e-01,1.3807595776e+00
7.7556287193e-01,1.5925519398e+00,2.4680115056e-01,9.3333509778e-01,6.3649777731e-01,2.9683732047e-01,1.3823549342e+00
7.7658067098e-01,1.5935247755e+00,2.4729391328e-01,9.3389045317e-01,6.3658426692e-01,2.9730618626e-01,1.3839506407e+00
7.7759847002e-01,1.5944982055e+00,2.4778675240e-01,9.3444494808e-01,6.3667008413e-01,2.9777486395e-01,1.3855467002e+00
7.7861626907e-01,1.5954722301e+00,2.4827966680e-01,9.3499858462e-01,6.3675523161e-01,2.9824335301e-01,1.3871431162e+00
7.7963406811e-01,1.5964468497e+00,2.4877265539e-01,9.3555136490e-01,6.3683971200e-01,2.9871165290e-01,1.3887398921e+00
7.8065186716e-01,1.5974220647e+00,2.4926571705e-01,9.3610329101e-01,6.3692352794e-01,2.9917976307e-01,1.3903370312e+00
7.8166966620e-01,1.5983978754e+00,2.4975885068e-01,9.3665436507e-01,6.3700668207e-01,2.9964768301e-01,1.3919345368e+00
7.8268746525e-01,1.5993742822e+00,2.5025205517e-01,9.3720458917e-01,6.3708917701e-01,3.0011541216e-01,1.3935324124e+00
7.8370526429e-01,1.6003512855e+00,2.5074532945e-01,9.3775396540e-01,6.3717101538e-01,3.0058295001e-01,1.3951306612e+00
7.8472306333e-01,1.6013288856e+00,2.5123867239e-01,9.3830249584e-01,6.3725219980e-01,3.0105029604e-01,1.3967292867e+00
7.8574086238e-01,1.6023070828e+00,2.5173208292e-01,9.3885018257e-01,6.3733273287e-01,3.0151744970e-01,1.3983282923e+00
7.8675866142e-01,1.6032858776e+00,2.5222555993e-01,9.3939702768e-01,6.3741261718e-01,3.0198441050e-01,1.3999276812e+00
7.8777646047e-01,1.6042652703e+00,2.5271910235e-01,9.3994303323e-01,6.3749185533e-01,3.0245117791e-01,1.4015274569e+00
7.8879425951e-01,1.6052452613e+00,2.5321270908e-01,9.4048820130e-01,6.3757044989e-01,3.0291775141e-01,1.4031276226e+00
7.8981205856e-01,1.6062258510e+00,2.5370637903e-01,9.4103253394e-01,6.3764840344e-01,3.0338413050e-01,1.4047281819e+00
7.9082985760e-01,1.6072070396e+00,2.5420011113e-01,9.4157603321e-01,6.3772571854e-01,3.0385031467e-01,1.4063291380e+00
7.9184765665e-01,1.6081888276e+00,2.5469390429e-01,9.4211870118e-01,6.3780239776e-01,3.0431630341e-01,1.4079304943e+00
7.9286545569e-01,1.6091712154e+00,2.5518775743e-01,9.4266053988e-01,6.3787844365e-01,3.0478209623e-01,1.4095322541e+00
7.9388325474e-01,1.6101542033e+00,2.5568166948e-01,9.4320155136e-01,6.3795385875e-01,3.0524769261e-01,1.4111344209e+00
7.9490105378e-01,1.6111377916e+00,2.5617563936e-01,9.4374173767e-01,6.3802864560e-01,3.0571309208e-01,1.4127369980e+00
7.9591885282e-01,1.6121219808e+00,2.5666966600e-01,9.4428110084e-01,6.3810280673e-01,3.0617829412e-01,1.4143399888e+00
7.9693665187e-01,1.6131067712e+00,2.5716374832e-01,9.4481964291e-01,6.3817634465e-01,3.0664329825e-01,1.4159433966e+00
7.9795445091e-01,1.6140921632e+00,2.5765788527e-01,9.4535736589e-01,6.3824926190e-01,3.0710810399e-01,1.4175472248e+00
7.9897224996e-01,1.6150781571e+00,2.5815207578e-01,9.4589427182e-01,6.3832156097e-01,3.0757271085e-01,1.4191514767e+00
7.9999004900e-01,1.6160647533e+00,2.5864631877e-01,9.4643036271e-01,6.3839324437e-01,3.0803711834e-01,1.4207561558e+00
8.0100784805e-01,1.6170519522e+00,2.5914061320e-01,9.4696564057e-01,6.3846431459e-01,3.0850132599e-01,1.4223612654e+00
8.0202564709e-01,1.6180397541e+00,2.5963495799e-01,9.4750010743e-01,6.3853477411e-01,3.0896533331e-01,1.4239668088e+00
8.0304344614e-01,1.6190281595e+00,2.6012935210e-01,9.4803376527e-01,6.3860462542e-01,3.0942913985e-01,1.4255727895e+00
8.0406124518e-01,1.6200171686e+00,2.6062379447e-01,9.4856661611e-01,6.3867387099e-01,3.0989274512e-01,1.4271792107e+00
8.0507904423e-01,1.6210067819e+00,2.6111828404e-01,9.4909866194e-01,6.3874251329e-01,3.1035614866e-01,1.4287860759e+00
8.0609684327e-01,1.6219969997e+00,2.6161281977e-01,9.4962990475e-01,6.3881055476e-01,3.1081934999e-01,1.4303933885e+00
8.0711464231e-01,1.6229878224e+00,2.6210740060e-01,9.5016034653e-01,6.3887799786e-01,3.1128234867e-01,1.4320011517e+00
8.0813244136e-01,1.6239792504e+00,2.6260202550e-01,9.5068998927e-01,6.3894484505e-01,3.1174514423e-01,1.4336093690e+00
8.0915024040e-01,1.6249712840e+00,2.6309669341e-01,9.5121883494e-01,6.3901109874e-01,3.1220773620e-01,1.4352180438e+00
8.1016803945e-01,1.6259639236e+00,2.6359140329e-01,9.5174688553e-01,6.3907676138e-01,3.1267012415e-01,1.4368271794e+00
8.1118583849e-01,1.6269571696e+00,2.6408615411e-01,9.5227414299e-01,6.3914183538e-01,3.1313230761e-01,1.4384367791e+00
8.1220363754e-01,1.6279510223e+00,2.6458094482e-01,9.5280060930e-01,6.3920632316e-01,3.1359428613e-01,1.4400468464e+00
8.1322143658e-01,1.6289454821e+00,2.6507577440e-01,9.5332628642e-01,6.3927022714e-01,3.1405605928e-01,1.4416573846e+00
8.1423923563e-01,1.6299405494e+00,2.6557064180e-01,9.5385117630e-01,6.3933354971e-01,3.1451762660e-01,1.4432683971e+00
8.1525703467e-01,1.6309362245e+00,2.6606554600e-01,9.5437528091e-01,6.3939629326e-01,3.1497898766e-01,1.4448798872e+00
8.1627483371e-01,1.6319325079e+00,2.6656048597e-01,9.5489860220e-01,6.3945846019e-01,3.1544014201e-01,1.4464918584e+00
8.1729263276e-01,1.6329293999e+00,2.6705546068e-01,9.5542114210e-01,6.3952005287e-01,3.1590108922e-01,1.4481043140e+00
8.1831043180e-01,1.6339269008e+00,2.6755046910e-01,9.5594290255e-01,6.3958107369e-01,3.1636182886e-01,1.4497172574e+00
8.1932823085e-01,1.6349250111e+00,2.6804551022e-01,9.5646388551e-01,6.3964152501e-01,3.1682236050e-01,1.4513306919e+00
8.2034602989e-01,1.6359237311e+00,2.6854058301e-01,9.5698409289e-01,6.3970140918e-01,3.1728268371e-01,1.4529446209e+00
8.2136382894e-01,1.6369230611e+00,2.6903568646e-01,9.5750352663e-01,6.3976072857e-01,3.1774279807e-01,1.4545590478e+00
8.2238162798e-01,1.6379230017e+00,2.6953081955e-01,9.5802218865e-01,6.3981948551e-01,3.1820270314e-01,1.4561739760e+00
8.2339942703e-01,1.6389235530e+00,2.7002598126e-01,9.5854008088e-01,6.3987768236e-01,3.1866239852e-01,1.4577894089e+00
8.2441722607e-01,1.6399247156e+00,2.7052117059e-01,9.5905720523e-01,6.3993532144e-01,3.1912188379e-01,1.4594053498e+00
8.2543502512e-01,1.6409264897e+00,2.7101638652e-01,9.5957356360e-01,6.3999240508e-01,3.1958115852e-01,1.4610218021e+00
8.2645282416e-01,1.6419288758e+00,2.7151162805e-01,9.6008915792e-01,6.4004893560e-01,3.2004022232e-01,1.4626387691e+00
8.2747062320e-01,1.6429318742e+00,2.7200689417e-01,9.6060399008e-01,6.4010491532e-01,3.2049907476e-01,1.4642562543e+00
8.2848842225e-01,1.6439354853e+00,2.7250218388e-01,9.6111806198e-01,6.4016034654e-01,3.2095771544e-01,1.4658742611e+00
8.2950622129e-01,1.6449397095e+00,2.7299749618e-01,9.6163137552e-01,6.4021523155e-01,3.2141614397e-01,1.4674927927e+00
8.3052402034e-01,1.6459445471e+00,2.7349283007e-01,9.6214393259e-01,6.4026957267e-01,3.2187435993e-01,1.4691118526e+00
8.3154181938e-01,1.6469499986e+00,2.7398818455e-01,9.6265573508e-01,6.4032337216e-01,3.2233236292e-01,1.4707314442e+00
8.3255961843e-01,1.6479560642e+00,2.7448355863e-01,9.6316678487e-01,6.4037663232e-01,3.2279015256e-01,1.4723515709e+00
8.3357741747e-01,1.6489627444e+00,2.7497895132e-01,9.6367708385e-01,6.4042935541e-01,3.2324772844e-01,1.4739722360e+00
8.3459521652e-01,1.6499700396e+00,2.7547436163e-01,9.6418663388e-01,6.4048154370e-01,3.2370509018e-01,1.4755934428e+00
8.3561301556e-01,1.6509779500e+00,2.7596978856e-01,9.6469543684e-01,6.4053319946e-01,3.2416223738e-01,1.4772151949e+00
8.3663081461e-01,1.6519864762e+00,2.7646523114e-01,9.6520349459e-01,6.4058432493e-01,3.2461916966e-01,1.4788374955e+00
8.3764861365e-01,1.6529956185e+00,2.7696068838e-01,9.6571080900e-01,6.4063492237e-01,3.2507588663e-01,1.4804603481e+00
8.3866641269e-01,1.6540053772e+00,2.7745615930e-01,9.6621738194e-01,6.4068499402e-01,3.2553238792e-01,1.4820837561e+00
8.3968421174e-01,1.6550157527e+00,2.7795164292e-01,9.6672321524e-01,6.4073454210e-01,3.2598867314e-01,1.4837077227e+00
8.4070201078e-01,1.6560267455e+00,2.7844713826e-01,9.6722831077e-01,6.4078356886e-01,3.2644474192e-01,1.4853322515e+00
8.4171980983e-01,1.6570383558e+00,2.7894264435e-01,9.6773267038e-01,6.4083207650e-01,3.2690059388e-01,1.4869573458e+00
8.4273760887e-01,1.6580505840e+00,2.7943816022e-01,9.6823629590e-01,6.4088006725e-01,3.2735622865e-01,1.4885830089e+00
8.4375540792e-01,1.6590634307e+00,2.7993368488e-01,9.6873918918e-01,6.4092754331e-01,3.2781164586e-01,1.4902092443e+00
8.4477320696e-01,1.6600768960e+00,2.8042921739e-01,9.6924135204e-01,6.4097450690e-01,3.2826684515e-01,1.4918360554e+00
8.4579100601e-01,1.6610909804e+00,2.8092475676e-01,9.6974278634e-01,6.4102096019e-01,3.2872182615e-01,1.4934634455e+00
8.4680880505e-01,1.6621056843e+00,2.8142030204e-01,9.7024349388e-01,6.4106690539e-01,3.2917658849e-01,1.4950914180e+00
8.4782660410e-01,1.6631210080e+00,2.8191585227e-01,9.7074347650e-01,6.4111234467e-01,3.2963113183e-01,1.4967199763e+00
8.4884440314e-01,1.6641369520e+00,2.8241140647e-01,9.7124273601e-01,6.4115728022e-01,3.3008545579e-01,1.4983491239e+00
8.4986220218e-01,1.6651535165e+00,2.8290696371e-01,9.7174127424e-01,6.4120171421e-01,3.3053956003e-01,1.4999788640e+00
8.5088000123e-01,1.6661707021e+00,2.8340252301e-01,9.7223909299e-01,6.4124564879e-01,3.3099344420e-01,1.5016092002e+00
8.5189780027e-01,1.6671885090e+00,2.8389808344e-01,9.7273619407e-01,6.4128908613e-01,3.3144710794e-01,1.5032401357e+00
8.5291559932e-01,1.6682069377e+00,2.8439364403e-01,9.7323257929e-01,6.4133202838e-01,3.3190055090e-01,1.5048716740e+00
8.5393339836e-01,1.6692259884e+00,2.8488920383e-01,9.7372825044e-01,6.4137447769e-01,3.3235377275e-01,1.5065038185e+00
8.5495119741e-01,1.6702456617e+00,2.8538476191e-01,9.7422320933e-01,6.4141643620e-01,3.3280677314e-01,1.5081365726e+00
8.5596899645e-01,1.6712659579e+00,2.8588031731e-01,9.7471745775e-01,6.4145790603e-01,3.3325955172e-01,1.5097699396e+00
8.5698679550e-01,1.6722868773e+00,2.8637586909e-01,9.7521099748e-01,6.4149888932e-01,3.3371210816e-01,1.5114039230e+00
8.5800459454e-01,1.6733084204e+00,2.8687141632e-01,9.7570383032e-01,6.4153938819e-01,3.3416444212e-01,1.5130385261e+00
8.5902239359e-01,1.6743305875e+00,2.8736695805e-01,9.7619595803e-01,6.4157940476e-01,3.3461655328e-01,1.5146737524e+00
8.6004019263e-01,1.6753533790e+00,2.8786249335e-01,9.7668738241e-01,6.4161894112e-01,3.3506844129e-01,1.5163096052e+00
8.6105799167e-01,1.6763767953e+00,2.8835802128e-01,9.7717810523e-01,6.4165799940e-01,3.3552010583e-01,1.5179460880e+00
8.6207579072e-01,1.6774008368e+00,2.8885354092e-01,9.7766812825e-01,6.4169658167e-01,3.3597154657e-01,1.5195832042e+00
8.6309358976e-01,1.6784255038e+00,2.8934905132e-01,9.7815745324e-01,6.4173469004e-01,3.3642276320e-01,1.5212209571e+00
8.6411138881e-01,1.6794507968e+00,2.8984455157e-01,9.7864608196e-01,6.4177232659e-01,3.3687375538e-01,1.5228593502e+00
8.6512918785e-01,1.6804767160e+00,2.9034004074e-01,9.7913401618e-01,6.4180949339e-01,3.3732452279e-01,1.5244983868e+00
8.6614698690e-01,1.6815032620e+00,2.9083551791e-01,9.7962125765e-01,6.4184619253e-01,3.3777506512e-01,1.5261380704e+00
8.6716478594e-01,1.6825304351e+00,2.9133098214e-01,9.8010780812e-01,6.4188242606e-01,3.3822538206e-01,1.5277784044e+00
8.6818258499e-01,1.6835582356e+00,2.9182643254e-01,9.8059366934e-01,6.4191819605e-01,3.3867547329e-01,1.5294193921e+00
8.6920038403e-01,1.6845866639e+00,2.9232186817e-01,9.8107884305e-01,6.4195350455e-01,3.3912533849e-01,1.5310610370e+00
8.7021818308e-01,1.6856157205e+00,2.9281728812e-01,9.8156333099e-01,6.4198835362e-01,3.3957497737e-01,1.5327033425e+00
8.7123598212e-01,1.6866454058e+00,2.9331269148e-01,9.8204713490e-01,6.4202274529e-01,3.4002438961e-01,1.5343463121e+00
8.7225378116e-01,1.6876757200e+00,2.9380807735e-01,9.8253025652e-01,6.4205668160e-01,3.4047357492e-01,1.5359899490e+00
8.7327158021e-01,1.6887066636e+00,2.9430344480e-01,9.8301269757e-01,6.4209016459e-01,3.4092253298e-01,1.5376342567e+00
8.7428937925e-01,1.6897382369e+00,2.9479879294e-01,9.8349445977e-01,6.4212319627e-01,3.4137126350e-01,1.5392792387e+00
8.7530717830e-01,1.6907704405e+00,2.9529412086e-01,9.8397554486e-01,6.4215577867e-01,3.4181976619e-01,1.5409248983e+00
8.7632497734e-01,1.6918032745e+00,2.9578942765e-01,9.8445595454e-01,6.4218791381e-01,3.4226804074e-01,1.5425712390e+00
8.7734277639e-01,1.6928367395e+00,2.9628471243e-01,9.8493569054e-01,6.4221960368e-01,3.4271608686e-01,1.5442182642e+00
8.7836057543e-01,1.6938708358e+00,2.9677997428e-01,9.8541475456e-01,6.4225085030e-01,3.4316390427e-01,1.5458659772e+00
8.7937837448e-01,1.6949055638e+00,2.9727521232e-01,9.8589314832e-01,6.4228165565e-01,3.4361149267e-01,1.5475143815e+00
8.8039617352e-01,1.6959409238e+00,2.9777042565e-01,9.8637087351e-01,6.4231202173e-01,3.4405885178e-01,1.5491634806e+00
8.8141397256e-01,1.6969769164e+00,2.9826561338e-01,9.8684793184e-01,6.4234195053e-01,3.4450598131e-01,1.5508132778e+00
8.8243177161e-01,1.6980135417e+00,2.9876077462e-01,9.8732432500e-01,6.4237144402e-01,3.4495288098e-01,1.5524637766e+00
8.8344957065e-01,1.6990508004e+00,2.9925590848e-01,9.8780005469e-01,6.4240050418e-01,3.4539955052e-01,1.5541149803e+00
8.8446736970e-01,1.7000886926e+00,2.9975101408e-01,9.8827512260e-01,6.4242913297e-01,3.4584598963e-01,1.5557668925e+00
8.8548516874e-01,1.7011272189e+00,3.0024609053e-01,9.8874953041e-01,6.4245733235e-01,3.4629219806e-01,1.5574195165e+00
8.8650296779e-01,1.7021663795e+00,3.0074113695e-01,9.8922327980e-01,6.4248510429e-01,3.4673817551e-01,1.5590728557e+00
8.8752076683e-01,1.7032061750e+00,3.0123615247e-01,9.8969637246e-01,6.4251245073e-01,3.4718392173e-01,1.5607269136e+00
8.8853856588e-01,1.7042466056e+00,3.0173113621e-01,9.9016881006e-01,6.4253937362e-01,3.4762943645e-01,1.5623816936e+00
8.8955636492e-01,1.7052876718e+00,3.0222608729e-01,9.9064059428e-01,6.4256587490e-01,3.4807471938e-01,1.5640371992e+00
8.9057416397e-01,1.7063293739e+00,3.0272100484e-01,9.9111172677e-01,6.4259195649e-01,3.4851977028e-01,1.5656934337e+00
8.9159196301e-01,1.7073717124e+00,3.0321588799e-01,9.9158220921e-01,6.4261762034e-01,3.4896458887e-01,1.5673504005e+00
8.9260976205e-01,1.7084146876e+00,3.0371073586e-01,9.9205204326e-01,6.4264286836e-01,3.4940917490e-01,1.5690081032e+00
8.9362756110e-01,1.7094582999e+00,3.0420554761e-01,9.9252123057e-01,6.4266770246e-01,3.4985352811e-01,1.5706665452e+00
8.9464536014e-01,1.7105025498e+00,3.0470032235e-01,9.9298977281e-01,6.4269212457e-01,3.5029764824e-01,1.5723257298e+00
8.9566315919e-01,1.7115474375e+00,3.0519505924e-01,9.9345767161e-01,6.4271613658e-01,3.5074153503e-01,1.5739856606e+00
8.9668095823e-01,1.7125929635e+00,3.0568975740e-01,9.9392492864e-01,6.4273974040e-01,3.5118518823e-01,1.5756463408e+00
8.9769875728e-01,1.7136391282e+00,3.0618441598e-01,9.9439154552e-01,6.4276293793e-01,3.5162860760e-01,1.5773077741e+00
8.9871655632e-01,1.7146859320e+00,3.0667903412e-01,9.9485752392e-01,6.4278573104e-01,3.5207179288e-01,1.5789699638e+00
8.9973435537e-01,1.7157333752e+00,3.0717361098e-01,9.9532286545e-01,6.4280812163e-01,3.5251474382e-01,1.5806329134e+00
9.0075215441e-01,1.7167814582e+00,3.0766814570e-01,9.9578757176e-01,6.4283011158e-01,3.5295746018e-01,1.5822966263e+00
9.0176995346e-01,1.7178301815e+00,3.0816263742e-01,9.9625164447e-01,6.4285170275e-01,3.5339994173e-01,1.5839611059e+00
9.0278775250e-01,1.7188795455e+00,3.0865708531e-01,9.9671508522e-01,6.4287289701e-01,3.5384218821e-01,1.5856263557e+00
9.0380555154e-01,1.7199295504e+00,3.0915148852e-01,9.9717789563e-01,6.4289369624e-01,3.5428419939e-01,1.5872923792e+00
9.0482335059e-01,1.7209801968e+00,3.0964584619e-01,9.9764007731e-01,6.4291410228e-01,3.5472597503e-01,1.5889591797e+00
9.0584114963e-01,1.7220314849e+00,3.1014015751e-01,9.9810163189e-01,6.4293411698e-01,3.5516751491e-01,1.5906267608e+00
9.0685894868e-01,1.7230834153e+00,3.1063442161e-01,9.9856256098e-01,6.4295374220e-01,3.5560881877e-01,1.5922951258e+00
9.0787674772e-01,1.7241359883e+00,3.1112863767e-01,9.9902286618e-01,6.4297297977e-01,3.5604988640e-01,1.5939642782e+00
9.0889454677e-01,1.7251892042e+00,3.1162280485e-01,9.9948254911e-01,6.4299183154e-01,3.5649071757e-01,1.5956342215e+00
9.0991234581e-01,1.7262430635e+00,3.1211692232e-01,9.9994161137e-01,6.4301029932e-01,3.5693131205e-01,1.5973049592e+00
9.1093014486e-01,1.7272975666e+00,3.1261098924e-01,1.0004000546e+00,6.4302838494e-01,3.5737166961e-01,1.5989764946e+00
9.1194794390e-01,1.7283527138e+00,3.1310500480e-01,1.0008578803e+00,6.4304609023e-01,3.5781179003e-01,1.6006488312e+00
9.1296574295e-01,1.7294085056e+00,3.1359896815e-01,1.0013150901e+00,6.4306341700e-01,3.5825167310e-01,1.6023219726e+00
9.1398354199e-01,1.7304649423e+00,3.1409287848e-01,1.0017716856e+00,6.4308036706e-01,3.5869131858e-01,1.6039959221e+00
9.1500134103e-01,1.7315220244e+00,3.1458673497e-01,1.0022276685e+00,6.4309694221e-01,3.5913072627e-01,1.6056706831e+00
9.1601914008e-01,1.7325797522e+00,3.1508053679e-01,1.0026830402e+00,6.4311314425e-01,3.5956989595e-01,1.6073462593e+00
9.1703693912e-01,1.7336381262e+00,3.1557428313e-01,1.0031378024e+00,6.4312897497e-01,3.6000882741e-01,1.6090226539e+00
9.1805473817e-01,1.7346971466e+00,3.1606797316e-01,1.0035919566e+00,6.4314443617e-01,3.6044752043e-01,1.6106998706e+00
9.1907253721e-01,1.7357568140e+00,3.1656160608e-01,1.0040455044e+00,6.4315952963e-01,3.6088597481e-01,1.6123779127e+00
9.2009033626e-01,1.7368171287e+00,3.1705518108e-01,1.0044984474e+00,6.4317425712e-01,3.6132419033e-01,1.6140567837e+00
9.2110813530e-01,1.7378780911e+00,3.1754869733e-01,1.0049507872e+00,6.4318862041e-01,3.6176216680e-01,1.6157364871e+00
9.2212593435e-01,1.7389397016e+00,3.1804215404e-01,1.0054025253e+00,6.4320262128e-01,3.6219990401e-01,1.6174170263e+00
9.2314373339e-01,1.7400019606e+00,3.1853555039e-01,1.0058536632e+00,6.4321626149e-01,3.6263740175e-01,1.6190984049e+00
9.2416153244e-01,1.7410648686e+00,3.1902888559e-01,1.0063042026e+00,6.4322954280e-01,3.6307465983e-01,1.6207806262e+00
9.2517933148e-01,1.7421284258e+00,3.1952215883e-01,1.0067541450e+00,6.4324246696e-01,3.6351167805e-01,1.6224636939e+00
9.2619713052e-01,1.7431926327e+00,3.2001536932e-01,1.0072034919e+00,6.4325503571e-01,3.6394845621e-01,1.6241476112e+00
9.2721492957e-01,1.7442574897e+00,3.2050851624e-01,1.0076522449e+00,6.4326725079e-01,3.6438499413e-01,1.6258323818e+00
9.2823272861e-01,1.7453229971e+00,3.2100159882e-01,1.0081004056e+00,6.4327911396e-01,3.6482129159e-01,1.6275180090e+00
9.2925052766e-01,1.7463891555e+00,3.2149461625e-01,1.0085479754e+00,6.4329062693e-01,3.6525734843e-01,1.6292044964e+00
9.3026832670e-01,1.7474559651e+00,3.2198756774e-01,1.0089949559e+00,6.4330179144e-01,3.6569316444e-01,1.6308918475e+00
9.3128612575e-01,1.7485234264e+00,3.2248045250e-01,1.0094413486e+00,6.4331260920e-01,3.6612873943e-01,1.6325800657e+00
9.3230392479e-01,1.7495915398e+00,3.2297326975e-01,1.0098871552e+00,6.4332308194e-01,3.6656407324e-01,1.6342691545e+00
9.3332172384e-01,1.7506603057e+00,3.2346601869e-01,1.0103323770e+00,6.4333321137e-01,3.6699916566e-01,1.6359591174e+00
9.3433952288e-01,1.7517297244e+00,3.2395869856e-01,1.0107770157e+00,6.4334299920e-01,3.6743401652e-01,1.6376499579e+00
9.3535732193e-01,1.7527997964e+00,3.2445130855e-01,1.0112210728e+00,6.4335244712e-01,3.6786862564e-01,1.6393416795e+00
9.3637512097e-01,1.7538705221e+00,3.2494384790e-01,1.0116645497e+00,6.4336155684e-01,3.6830299285e-01,1.6410342856e+00
9.3739292001e-01,1.7549419018e+00,3.2543631583e-01,1.0121074480e+00,6.4337033004e-01,3.6873711796e-01,1.6427277797e+00
9.3841071906e-01,1.7560139361e+00,3.2592871156e-01,1.0125497692e+00,6.4337876842e-01,3.6917100079e-01,1.6444221654e+00
9.3942851810e-01,1.7570866251e+00,3.2642103431e-01,1.0129915149e+00,6.4338687366e-01,3.6960464119e-01,1.6461174462e+00
9.4044631715e-01,1.7581599695e+00,3.2691328332e-01,1.0134326864e+00,6.4339464744e-01,3.7003803898e-01,1.6478136255e+00
9.4146411619e-01,1.7592339695e+00,3.2740545782e-01,1.0138732854e+00,6.4340209143e-01,3.7047119398e-01,1.6495107068e+00
9.4248191524e-01,1.7603086256e+00,3.2789755703e-01,1.0143133133e+00,6.4340920729e-01,3.7090410603e-01,1.6512086936e+00
9.4349971428e-01,1.7613839382e+00,3.2838958020e-01,1.0147527717e+00,6.4341599670e-01,3.7133677497e-01,1.6529075895e+00
9.4451751333e-01,1.7624599076e+00,3.2888152656e-01,1.0151916619e+00,6.4342246131e-01,3.7176920063e-01,1.6546073979e+00
9.4553531237e-01,1.7635365343e+00,3.2937339535e-01,1.0156299856e+00,6.4342860278e-01,3.7220138285e-01,1.6563081223e+00
9.4655311141e-01,1.7646138187e+00,3.2986518580e-01,1.0160677442e+00,6.4343442275e-01,3.7263332147e-01,1.6580097663e+00
9.4757091046e-01,1.7656917612e+00,3.3035689717e-01,1.0165049392e+00,6.4343992286e-01,3.7306501633e-01,1.6597123334e+00
9.4858870950e-01,1.7667703621e+00,3.3084852869e-01,1.0169415720e+00,6.4344510477e-01,3.7349646727e-01,1.6614158269e+00
9.4960650855e-01,1.7678496219e+00,3.3134007962e-01,1.0173776442e+00,6.4344997010e-01,3.7392767414e-01,1.6631202506e+00
9.5062430759e-01,1.7689295410e+00,3.3183154920e-01,1.0178131573e+00,6.4345452048e-01,3.7435863679e-01,1.6648256078e+00
9.5164210664e-01,1.7700101198e+00,3.3232293668e-01,1.0182481126e+00,6.4345875755e-01,3.7478935506e-01,1.6665319022e+00
9.5265990568e-01,1.7710913587e+00,3.3281424131e-01,1.0186825117e+00,6.4346268291e-01,3.7521982880e-01,1.6682391371e+00
9.5367770473e-01,1.7721732581e+00,3.3330546236e-01,1.0191163561e+00,6.4346629819e-01,3.7565005786e-01,1.6699473162e+00
9.5469550377e-01,1.7732558183e+00,3.3379659907e-01,1.0195496471e+00,6.4346960500e-01,3.7608004211e-01,1.6716564429e+00
9.5571330282e-01,1.7743390399e+00,3.3428765070e-01,1.0199823863e+00,6.4347260494e-01,3.7650978138e-01,1.6733665208e+00
9.5673110186e-01,1.7754229232e+00,3.3477861652e-01,1.0204145752e+00,6.4347529961e-01,3.7693927555e-01,1.6750775534e+00
9.5774890090e-01,1.7765074685e+00,3.3526949578e-01,1.0208462151e+00,6.4347769062e-01,3.7736852446e-01,1.6767895442e+00
9.5876669995e-01,1.7775926764e+00,3.3576028776e-01,1.0212773075e+00,6.4347977956e-01,3.7779752798e-01,1.6785024967e+00
9.5978449899e-01,1.7786785472e+00,3.3625099172e-01,1.0217078540e+00,6.4348156802e-01,3.7822628598e-01,1.6802164146e+00
9.6080229804e-01,1.7797650813e+00,3.3674160692e-01,1.0221378559e+00,6.4348305757e-01,3.7865479830e-01,1.6819313012e+00
9.6182009708e-01,1.7808522792e+00,3.3723213264e-01,1.0225673146e+00,6.4348424980e-01,3.7908306482e-01,1.6836471601e+00
9.6283789613e-01,1.7819401412e+00,3.3772256815e-01,1.0229962317e+00,6.4348514628e-01,3.7951108541e-01,1.6853639949e+00
9.6385569517e-01,1.7830286677e+00,3.3821291272e-01,1.0234246085e+00,6.4348574859e-01,3.7993885992e-01,1.6870818092e+00
9.6487349422e-01,1.7841178592e+00,3.3870316564e-01,1.0238524465e+00,6.4348605828e-01,3.8036638824e-01,1.6888006063e+00
9.6589129326e-01,1.7852077160e+00,3.3919332617e-01,1.0242797472e+00,6.4348607693e-01,3.8079367024e-01,1.6905203900e+00
9.6690909231e-01,1.7862982385e+00,3.3968339361e-01,1.0247065119e+00,6.4348580608e-01,3.8122070578e-01,1.6922411637e+00
9.6792689135e-01,1.7873894273e+00,3.4017336722e-01,1.0251327420e+00,6.4348524728e-01,3.8164749474e-01,1.6939629309e+00
9.6894469039e-01,1.7884812826e+00,3.4066324630e-01,1.0255584391e+00,6.4348440209e-01,3.8207403700e-01,1.6956856952e+00
9.6996248944e-01,1.7895738049e+00,3.4115303014e-01,1.0259836045e+00,6.4348327205e-01,3.8250033244e-01,1.6974094602e+00
9.7098028848e-01,1.7906669945e+00,3.4164271801e-01,1.0264082396e+00,6.4348185870e-01,3.8292638093e-01,1.6991342294e+00
9.7199808753e-01,1.7917608520e+00,3.4213230921e-01,1.0268323459e+00,6.4348016357e-01,3.8335218236e-01,1.7008600064e+00
9.7301588657e-01,1.7928553776e+00,3.4262180304e-01,1.0272559248e+00,6.4347818818e-01,3.8377773660e-01,1.7025867947e+00
9.7403368562e-01,1.7939505719e+00,3.4311119878e-01,1.0276789776e+00,6.4347593408e-01,3.8420304355e-01,1.7043145978e+00
9.7505148466e-01,1.7950464352e+00,3.4360049574e-01,1.0281015059e+00,6.4347340277e-01,3.8462810309e-01,1.7060434194e+00
9.7606928371e-01,1.7961429679e+00,3.4408969321e-01,1.0285235109e+00,6.4347059577e-01,3.8505291511e-01,1.7077732629e+00
9.7708708275e-01,1.7972401705e+00,3.4457879048e-01,1.0289449941e+00,6.4346751460e-01,3.8547747949e-01,1.7095041320e+00
9.7810488180e-01,1.7983380432e+00,3.4506778687e-01,1.0293659569e+00,6.4346416076e-01,3.8590179613e-01,1.7112360302e+00
9.7912268084e-01,1.7994365867e+00,3.4555668168e-01,1.0297864007e+00,6.4346053575e-01,3.8632586492e-01,1.7129689610e+00
9.8014047988e-01,1.8005358012e+00,3.4604547421e-01,1.0302063268e+00,6.4345664109e-01,3.8674968574e-01,1.7147029281e+00
9.8115827893e-01,1.8016356872e+00,3.4653416377e-01,1.0306257368e+00,6.4345247825e-01,3.8717325851e-01,1.7164379350e+00
9.8217607797e-01,1.8027362450e+00,3.4702274966e-01,1.0310446318e+00,6.4344804873e-01,3.8759658311e-01,1.7181739853e+00
9.8319387702e-01,1.8038374752e+00,3.4751123121e-01,1.0314630135e+00,6.4344335402e-01,3.8801965944e-01,1.7199110825e+00
9.8421167606e-01,1.8049393780e+00,3.4799960772e-01,1.0318808830e+00,6.4343839559e-01,3.8844248740e-01,1.7216492302e+00
9.8522947511e-01,1.8060419540e+00,3.4848787852e-01,1.0322982418e+00,6.4343317493e-01,3.8886506690e-01,1.7233884320e+00
9.8624727415e-01,1.8071452035e+00,3.4897604291e-01,1.0327150913e+00,6.4342769351e-01,3.8928739783e-01,1.7251286915e+00
9.8726507320e-01,1.8082491269e+00,3.4946410021e-01,1.0331314329e+00,6.4342195280e-01,3.8970948010e-01,1.7268700123e+00
9.8828287224e-01,1.8093537247e+00,3.4995204976e-01,1.0335472679e+00,6.4341595426e-01,3.9013131362e-01,1.7286123979e+00
9.8930067129e-01,1.8104589973e+00,3.5043989086e-01,1.0339625976e+00,6.4340969935e-01,3.9055289829e-01,1.7303558520e+00
9.9031847033e-01,1.8115649450e+00,3.5092762285e-01,1.0343774235e+00,6.4340318953e-01,3.9097423402e-01,1.7321003780e+00
9.9133626937e-01,1.8126715683e+00,3.5141524505e-01,1.0347917470e+00,6.4339642625e-01,3.9139532072e-01,1.7338459797e+00
9.9235406842e-01,1.8137788676e+00,3.5190275680e-01,1.0352055693e+00,6.4338941096e-01,3.9181615831e-01,1.7355926605e+00
9.9337186746e-01,1.8148868433e+00,3.5239015742e-01,1.0356188918e+00,6.4338214510e-01,3.9223674670e-01,1.7373404242e+00
9.9438966651e-01,1.8159954958e+00,3.5287744624e-01,1.0360317159e+00,6.4337463012e-01,3.9265708580e-01,1.7390892742e+00
9.9540746555e-01,1.8171048256e+00,3.5336462260e-01,1.0364440430e+00,6.4336686744e-01,3.9307717552e-01,1.7408392143e+00
9.9642526460e-01,1.8182148330e+00,3.5385168584e-01,1.0368558743e+00,6.4335885850e-01,3.9349701579e-01,1.7425902479e+00
9.9744306364e-01,1.8193255185e+00,3.5433863529e-01,1.0372672113e+00,6.4335060473e-01,3.9391660653e-01,1.7443423787e+00
9.9846086269e-01,1.8204368825e+00,3.5482547030e-01,1.0376780552e+00,6.4334210754e-01,3.9433594765e-01,1.7460956102e+00
9.9947866173e-01,1.8215489254e+00,3.5531219020e-01,1.0380884074e+00,6.4333336837e-01,3.9475503908e-01,1.7478499462e+00
1.0004964608e+00,1.8226616475e+00,3.5579879435e-01,1.0384982694e+00,6.4332438861e-01,3.9517388074e-01,1.7496053902e+00
1.0015142598e+00,1.8237750494e+00,3.5628528208e-01,1.0389076422e+00,6.4331516969e-01,3.9559247256e-01,1.7513619459e+00
1.0025320589e+00,1.8248891315e+00,3.5677165275e-01,1.0393165275e+00,6.4330571301e-01,3.9601081445e-01,1.7531196167e+00
1.0035498579e+00,1.8260038941e+00,3.5725790570e-01,1.0397249263e+00,6.4329601997e-01,3.9642890636e-01,1.7548784064e+00
1.0045676570e+00,1.8271193376e+00,3.5774404029e-01,1.0401328402e+00,6.4328609197e-01,3.9684674821e-01,1.7566383186e+00
1.0055854560e+00,1.8282354626e+00,3.5823005588e-01,1.0405402703e+00,6.4327593040e-01,3.9726433992e-01,1.7583993569e+00
1.0066032550e+00,1.8293522694e+00,3.5871595180e-01,1.0409472181e+00,6.4326553667e-01,3.9768168144e-01,1.7601615248e+00
1.0076210541e+00,1.8304697583e+00,3.5920172743e-01,1.0413536848e+00,6.4325491214e-01,3.9809877269e-01,1.7619248262e+00
1.0086388531e+00,1.8315879299e+00,3.5968738212e-01,1.0417596718e+00,6.4324405821e-01,3.9851561361e-01,1.7636892644e+00
1.0096566522e+00,1.8327067846e+00,3.6017291524e-01,1.0421651804e+00,6.4323297625e-01,3.9893220413e-01,1.7654548433e+00
1.0106744512e+00,1.8338263227e+00,3.6065832614e-01,1.0425702118e+00,6.4322166763e-01,3.9934854420e-01,1.7672215664e+00
1.0116922503e+00,1.8349465448e+00,3.6114361419e-01,1.0429747675e+00,6.4321013374e-01,3.9976463375e-01,1.7689894374e+00
1.0127100493e+00,1.8360674511e+00,3.6162877876e-01,1.0433788487e+00,6.4319837593e-01,4.0018047273e-01,1.7707584599e+00
1.0137278484e+00,1.8371890421e+00,3.6211381921e-01,1.0437824566e+00,6.4318639557e-01,4.0059606107e-01,1.7725286375e+00
1.0147456474e+00,1.8383113183e+00,3.6259873492e-01,1.0441855927e+00,6.4317419401e-01,4.0101139871e-01,1.7742999739e+00
1.0157634464e+00,1.8394342801e+00,3.6308352526e-01,1.0445882582e+00,6.4316177261e-01,4.0142648561e-01,1.7760724727e+00
1.0167812455e+00,1.8405579278e+00,3.6356818961e-01,1.0449904544e+00,6.4314913272e-01,4.0184132170e-01,1.7778461376e+00
1.0177990445e+00,1.8416822619e+00,3.6405272733e-01,1.0453921826e+00,6.4313627570e-01,4.0225590694e-01,1.7796209722e+00
1.0188168436e+00,1.8428072829e+00,3.6453713781e-01,1.0457934441e+00,6.4312320287e-01,4.0267024127e-01,1.7813969802e+00
1.0198346426e+00,1.8439329911e+00,3.6502142043e-01,1.0461942402e+00,6.4310991558e-01,4.0308432465e-01,1.7831741652e+00
1.0208524417e+00,1.8450593869e+00,3.6550557456e-01,1.0465945722e+00,6.4309641517e-01,4.0349815702e-01,1.7849525308e+00
1.0218702407e+00,1.8461864708e+00,3.6598959960e-01,1.0469944413e+00,6.4308270297e-01,4.0391173833e-01,1.7867320809e+00
1.0228880398e+00,1.8473142432e+00,3.6647349492e-01,1.0473938488e+00,6.4306878030e-01,4.0432506855e-01,1.7885128189e+00
1.0239058388e+00,1.8484427046e+00,3.6695725992e-01,1.0477927961e+00,6.4305464848e-01,4.0473814762e-01,1.7902947486e+00
1.0249236378e+00,1.8495718552e+00,3.6744089397e-01,1.0481912844e+00,6.4304030885e-01,4.0515097550e-01,1.7920778736e+00
1.0259414369e+00,1.8507016957e+00,3.6792439649e-01,1.0485893149e+00,6.4302576271e-01,4.0556355216e-01,1.7938621976e+00
1.0269592359e+00,1.8518322263e+00,3.6840776685e-01,1.0489868889e+00,6.4301101138e-01,4.0597587754e-01,1.7956477243e+00
1.0279770350e+00,1.8529634475e+00,3.6889100444e-01,1.0493840078e+00,6.4299605617e-01,4.0638795161e-01,1.7974344574e+00
1.0289948340e+00,1.8540953597e+00,3.6937410868e-01,1.0497806727e+00,6.4298089837e-01,4.0679977433e-01,1.7992224004e+00
1.0300126331e+00,1.8552279634e+00,3.6985707895e-01,1.0501768850e+00,6.4296553930e-01,4.0721134567e-01,1.8010115572e+00
1.0310304321e+00,1.8563612590e+00,3.7033991466e-01,1.0505726458e+00,6.4294998024e-01,4.0762266559e-01,1.8028019313e+00
1.0320482312e+00,1.8574952468e+00,3.7082261520e-01,1.0509679565e+00,6.4293422250e-01,4.0803373405e-01,1.8045935265e+00
1.0330660302e+00,1.8586299274e+00,3.7130517998e-01,1.0513628184e+00,6.4291826736e-01,4.0844455102e-01,1.8063863465e+00
1.0340838292e+00,1.8597653011e+00,3.7178760841e-01,1.0517572326e+00,6.4290211611e-01,4.0885511648e-01,1.8081803949e+00
1.0351016283e+00,1.8609013683e+00,3.7226989988e-01,1.0521512004e+00,6.4288577002e-01,4.0926543038e-01,1.8099756754e+00
1.0361194273e+00,1.8620381296e+00,3.7275205383e-01,1.0525447231e+00,6.4286923039e-01,4.0967549270e-01,1.8117721917e+00
1.0371372264e+00,1.8631755852e+00,3.7323406964e-01,1.0529378019e+00,6.4285249849e-01,4.1008530341e-01,1.8135699476e+00
1.0381550254e+00,1.8643137357e+00,3.7371594674e-01,1.0533304381e+00,6.4283557557e-01,4.1049486249e-01,1.8153689467e+00
1.0391728245e+00,1.8654525815e+00,3.7419768453e-01,1.0537226328e+00,6.4281846293e-01,4.1090416990e-01,1.8171691927e+00
1.0401906235e+00,1.8665921229e+00,3.7467928245e-01,1.0541143874e+00,6.4280116181e-01,4.1131322564e-01,1.8189706894e+00
1.0412084226e+00,1.8677323604e+00,3.7516073989e-01,1.0545057031e+00,6.4278367347e-01,4.1172202966e-01,1.8207734403e+00
1.0422262216e+00,1.8688732945e+00,3.7564205629e-01,1.0548965811e+00,6.4276599919e-01,4.1213058196e-01,1.8225774494e+00
1.0432440206e+00,1.8700149255e+00,3.7612323107e-01,1.0552870227e+00,6.4274814020e-01,4.1253888250e-01,1.8243827202e+00
1.0442618197e+00,1.8711572539e+00,3.7660426364e-01,1.0556770290e+00,6.4273009775e-01,4.1294693128e-01,1.8261892564e+00
1.0452796187e+00,1.8723002801e+00,3.7708515344e-01,1.0560666014e+00,6.4271187311e-01,4.1335472827e-01,1.8279970619e+00
1.0462974178e+00,1.8734440046e+00,3.7756589989e-01,1.0564557409e+00,6.4269346749e-01,4.1376227345e-01,1.8298061403e+00
1.0473152168e+00,1.8745884277e+00,3.7804650241e-01,1.0568444490e+00,6.4267488216e-01,4.1416956682e-01,1.8316164953e+00
1.0483330159e+00,1.8757335499e+00,3.7852696045e-01,1.0572327267e+00,6.4265611833e-01,4.1457660835e-01,1.8334281307e+00
1.0493508149e+00,1.8768793716e+00,3.7900727343e-01,1.0576205753e+00,6.4263717724e-01,4.1498339804e-01,1.8352410501e+00
1.0503686140e+00,1.8780258933e+00,3.7948744078e-01,1.0580079960e+00,6.4261806012e-01,4.1538993586e-01,1.8370552574e+00
1.0513864130e+00,1.8791731153e+00,3.7996746195e-01,1.0583949900e+00,6.4259876820e-01,4.1579622182e-01,1.8388707563e+00
1.0524042120e+00,1.8803210381e+00,3.8044733636e-01,1.0587815586e+00,6.4257930270e-01,4.1620225590e-01,1.8406875504e+00
1.0534220111e+00,1.8814696622e+00,3.8092706347e-01,1.0591677029e+00,6.4255966482e-01,4.1660803809e-01,1.8425056436e+00
1.0544398101e+00,1.8826189879e+00,3.8140664271e-01,1.0595534242e+00,6.4253985579e-01,4.1701356838e-01,1.8443250396e+00
1.0554576092e+00,1.8837690157e+00,3.8188607352e-01,1.0599387236e+00,6.4251987682e-01,4.1741884678e-01,1.8461457421e+00
1.0564754082e+00,1.8849197460e+00,3.8236535534e-01,1.0603236024e+00,6.4249972912e-01,4.1782387327e-01,1.8479677549e+00
1.0574932073e+00,1.8860711793e+00,3.8284448764e-01,1.0607080617e+00,6.4247941388e-01,4.1822864785e-01,1.8497910817e+00
1.0585110063e+00,1.8872233159e+00,3.8332346984e-01,1.0610921028e+00,6.4245893231e-01,4.1863317052e-01,1.8516157263e+00
1.0595288054e+00,1.8883761563e+00,3.8380230141e-01,1.0614757269e+00,6.4243828561e-01,4.1903744127e-01,1.8534416924e+00
1.0605466044e+00,1.8895297010e+00,3.8428098179e-01,1.0618589351e+00,6.4241747496e-01,4.1944146012e-01,1.8552689838e+00
1.0615644034e+00,1.8906839503e+00,3.8475951044e-01,1.0622417286e+00,6.4239650157e-01,4.1984522705e-01,1.8570976043e+00
1.0625822025e+00,1.8918389047e+00,3.8523788681e-01,1.0626241087e+00,6.4237536660e-01,4.2024874207e-01,1.8589275576e+00
1.0636000015e+00,1.8929945646e+00,3.8571611037e-01,1.0630060764e+00,6.4235407126e-01,4.2065200519e-01,1.8607588476e+00
1.0646178006e+00,1.8941509305e+00,3.8619418056e-01,1.0633876331e+00,6.4233261671e-01,4.2105501640e-01,1.8625914778e+00
1.0656355996e+00,1.8953080028e+00,3.8667209685e-01,1.0637687799e+00,6.4231100413e-01,4.2145777573e-01,1.8644254523e+00
1.0666533987e+00,1.8964657819e+00,3.8714985870e-01,1.0641495179e+00,6.4228923470e-01,4.2186028316e-01,1.8662607746e+00
1.0676711977e+00,1.8976242682e+00,3.8762746558e-01,1.0645298483e+00,6.4226730959e-01,4.2226253871e-01,1.8680974487e+00
1.0686889968e+00,1.8987834622e+00,3.8810491695e-01,1.0649097723e+00,6.4224522996e-01,4.2266454239e-01,1.8699354782e+00
1.0697067958e+00,1.8999433643e+00,3.8858221228e-01,1.0652892912e+00,6.4222299697e-01,4.2306629420e-01,1.8717748671e+00
1.0707245948e+00,1.9011039750e+00,3.8905935103e-01,1.0656684060e+00,6.4220061178e-01,4.2346779417e-01,1.8736156190e+00
1.0717423939e+00,1.9022652946e+00,3.8953633269e-01,1.0660471179e+00,6.4217807556e-01,4.2386904230e-01,1.8754577377e+00
1.0727601929e+00,1.9034273237e+00,3.9001315671e-01,1.0664254280e+00,6.4215538945e-01,4.2427003860e-01,1.8773012271e+00
1.0737779920e+00,1.9045900626e+00,3.9048982258e-01,1.0668033377e+00,6.4213255459e-01,4.2467078310e-01,1.8791460909e+00
1.0747957910e+00,1.9057535118e+00,3.9096632977e-01,1.0671808479e+00,6.4210957215e-01,4.2507127580e-01,1.8809923330e+00
1.0758135901e+00,1.9069176717e+00,3.9144267776e-01,1.0675579600e+00,6.4208644326e-01,4.2547151672e-01,1.8828399572e+00
1.0768313891e+00,1.9080825427e+00,3.9191886603e-01,1.0679346749e+00,6.4206316906e-01,4.2587150589e-01,1.8846889672e+00
1.0778491882e+00,1.9092481253e+00,3.9239489406e-01,1.0683109940e+00,6.4203975068e-01,4.2627124331e-01,1.8865393669e+00
1.0788669872e+00,1.9104144200e+00,3.9287076133e-01,1.0686869183e+00,6.4201618926e-01,4.2667072902e-01,1.8883911601e+00
1.0798847862e+00,1.9115814270e+00,3.9334646733e-01,1.0690624490e+00,6.4199248594e-01,4.2706996303e-01,1.8902443506e+00
1.0809025853e+00,1.9127491470e+00,3.9382201154e-01,1.0694375872e+00,6.4196864183e-01,4.2746894536e-01,1.8920989422e+00
1.0819203843e+00,1.9139175803e+00,3.9429739345e-01,1.0698123341e+00,6.4194465805e-01,4.2786767604e-01,1.8939549388e+00
1.0829381834e+00,1.9150867273e+00,3.9477261255e-01,1.0701866908e+00,6.4192053574e-01,4.2826615509e-01,1.8958123441e+00
1.0839559824e+00,1.9162565886e+00,3.9524766833e-01,1.0705606585e+00,6.4189627600e-01,4.2866438254e-01,1.8976711621e+00
1.0849737815e+00,1.9174271644e+00,3.9572256029e-01,1.0709342384e+00,6.4187187996e-01,4.2906235842e-01,1.8995313965e+00
1.0859915805e+00,1.9185984554e+00,3.9619728792e-01,1.0713074314e+00,6.4184734871e-01,4.2946008274e-01,1.9013930512e+00
1.0870093796e+00,1.9197704618e+00,3.9667185071e-01,1.0716802389e+00,6.4182268337e-01,4.2985755555e-01,1.9032561300e+00
1.0880271786e+00,1.9209431841e+00,3.9714624817e-01,1.0720526619e+00,6.4179788504e-01,4.3025477686e-01,1.9051206367e+00
1.0890449776e+00,1.9221166229e+00,3.9762047979e-01,1.0724247015e+00,6.4177295482e-01,4.3065174672e-01,1.9069865753e+00
1.0900627767e+00,1.9232907784e+00,3.9809454508e-01,1.0727963590e+00,6.4174789382e-01,4.3104846515e-01,1.9088539495e+00
1.0910805757e+00,1.9244656513e+00,3.9856844353e-01,1.0731676353e+00,6.4172270311e-01,4.3144493219e-01,1.9107227632e+00
1.0920983748e+00,1.9256412418e+00,3.9904217466e-01,1.0735385317e+00,6.4169738381e-01,4.3184114787e-01,1.9125930203e+00
1.0931161738e+00,1.9268175504e+00,3.9951573797e-01,1.0739090492e+00,6.4167193699e-01,4.3223711223e-01,1.9144647245e+00
1.0941339729e+00,1.9279945776e+00,3.9998913296e-01,1.0742791890e+00,6.4164636374e-01,4.3263282529e-01,1.9163378799e+00
1.0951517719e+00,1.9291723238e+00,4.0046235916e-01,1.0746489522e+00,6.4162066514e-01,4.3302828711e-01,1.9182124902e+00
1.0961695710e+00,1.9303507894e+00,4.0093541606e-01,1.0750183400e+00,6.4159484227e-01,4.3342349771e-01,1.9200885594e+00
1.0971873700e+00,1.9315299749e+00,4.0140830318e-01,1.0753873533e+00,6.4156889620e-01,4.3381845713e-01,1.9219660912e+00
1.0982051691e+00,1.9327098808e+00,4.0188102004e-01,1.0757559934e+00,6.4154282802e-01,4.3421316543e-01,1.9238450895e+00
1.0992229681e+00,1.9338905074e+00,4.0235356615e-01,1.0761242614e+00,6.4151663879e-01,4.3460762263e-01,1.9257255583e+00
1.1002407671e+00,1.9350718552e+00,4.0282594103e-01,1.0764921583e+00,6.4149032957e-01,4.3500182878e-01,1.9276075015e+00
1.1012585662e+00,1.9362539247e+00,4.0329814421e-01,1.0768596854e+00,6.4146390143e-01,4.3539578392e-01,1.9294909228e+00
1.1022763652e+00,1.9374367163e+00,4.0377017519e-01,1.0772268435e+00,6.4143735544e-01,4.3578948810e-01,1.9313758262e+00
1.1032941643e+00,1.9386202303e+00,4.0424203351e-01,1.0775936340e+00,6.4141069264e-01,4.3618294136e-01,1.9332622156e+00
1.1043119633e+00,1.9398044674e+00,4.0471371869e-01,1.0779600578e+00,6.4138391409e-01,4.3657614375e-01,1.9351500949e+00
1.1053297624e+00,1.9409894278e+00,4.0518523025e-01,1.0783261162e+00,6.4135702084e-01,4.3696909532e-01,1.9370394680e+00
1.1063475614e+00,1.9421751122e+00,4.0565656773e-01,1.0786918101e+00,6.4133001395e-01,4.3736179611e-01,1.9389303387e+00
1.1073653605e+00,1.9433615208e+00,4.0612773065e-01,1.0790571406e+00,6.4130289446e-01,4.3775424617e-01,1.9408227110e+00
1.1083831595e+00,1.9445486541e+00,4.0659871855e-01,1.0794221090e+00,6.4127566341e-01,4.3814644556e-01,1.9427165889e+00
1.1094009585e+00,1.9457365126e+00,4.0706953095e-01,1.0797867162e+00,6.4124832183e-01,4.3853839432e-01,1.9446119761e+00
1.1104187576e+00,1.9469250968e+00,4.0754016739e-01,1.0801509633e+00,6.4122087078e-01,4.3893009251e-01,1.9465088766e+00
1.1114365566e+00,1.9481144070e+00,4.0801062741e-01,1.0805148514e+00,6.4119331127e-01,4.3932154017e-01,1.9484072944e+00
1.1124543557e+00,1.9493044437e+00,4.0848091055e-01,1.0808783817e+00,6.4116564435e-01,4.3971273737e-01,1.9503072334e+00
1.1134721547e+00,1.9504952074e+00,4.0895101634e-01,1.0812415552e+00,6.4113787103e-01,4.4010368416e-01,1.9522086974e+00
1.1144899538e+00,1.9516866984e+00,4.0942094432e-01,1.0816043729e+00,6.4110999234e-01,4.4049438059e-01,1.9541116905e+00
1.1155077528e+00,1.9528789173e+00,4.0989069404e-01,1.0819668360e+00,6.4108200932e-01,4.4088482672e-01,1.9560162165e+00
1.1165255519e+00,1.9540718645e+00,4.1036026504e-01,1.0823289456e+00,6.4105392296e-01,4.4127502262e-01,1.9579222794e+00
1.1175433509e+00,1.9552655405e+00,4.1082965687e-01,1.0826907026e+00,6.4102573429e-01,4.4166496833e-01,1.9598298831e+00
1.1185611499e+00,1.9564599456e+00,4.1129886908e-01,1.0830521082e+00,6.4099744433e-01,4.4205466391e-01,1.9617390316e+00
1.1195789490e+00,1.9576550803e+00,4.1176790121e-01,1.0834131635e+00,6.4096905408e-01,4.4244410944e-01,1.9636497288e+00
1.1205967480e+00,1.9588509451e+00,4.1223675281e-01,1.0837738695e+00,6.4094056455e-01,4.4283330497e-01,1.9655619787e+00
1.1216145471e+00,1.9600475404e+00,4.1270542343e-01,1.0841342273e+00,6.4091197675e-01,4.4322225056e-01,1.9674757852e+00
1.1226323461e+00,1.9612448666e+00,4.1317391264e-01,1.0844942379e+00,6.4088329167e-01,4.4361094627e-01,1.9693911522e+00
1.1236501452e+00,1.9624429243e+00,4.1364221998e-01,1.0848539025e+00,6.4085451032e-01,4.4399939218e-01,1.9713080839e+00
1.1246679442e+00,1.9636417138e+00,4.1411034501e-01,1.0852132220e+00,6.4082563369e-01,4.4438758834e-01,1.9732265840e+00
1.1256857433e+00,1.9648412357e+00,4.1457828729e-01,1.0855721976e+00,6.4079666277e-01,4.4477553482e-01,1.9751466566e+00
1.1267035423e+00,1.9660414902e+00,4.1504604638e-01,1.0859308303e+00,6.4076759856e-01,4.4516323170e-01,1.9770683057e+00
1.1277213413e+00,1.9672424780e+00,4.1551362184e-01,1.0862891211e+00,6.4073844204e-01,4.4555067903e-01,1.9789915351e+00
1.1287391404e+00,1.9684441994e+00,4.1598101324e-01,1.0866470711e+00,6.4070919419e-01,4.4593787689e-01,1.9809163490e+00
1.1297569394e+00,1.9696466549e+00,4.1644822014e-01,1.0870046813e+00,6.4067985600e-01,4.4632482534e-01,1.9828427513e+00
1.1307747385e+00,1.9708498449e+00,4.1691524210e-01,1.0873619529e+00,6.4065042845e-01,4.4671152446e-01,1.9847707459e+00
1.1317925375e+00,1.9720537699e+00,4.1738207869e-01,1.0877188868e+00,6.4062091252e-01,4.4709797432e-01,1.9867003369e+00
1.1328103366e+00,1.9732584304e+00,4.1784872949e-01,1.0880754842e+00,6.4059130916e-01,4.4748417499e-01,1.9886315283e+00
1.1338281356e+00,1.9744638267e+00,4.1831519406e-01,1.0884317459e+00,6.4056161937e-01,4.4787012655e-01,1.9905643240e+00
1.1348459347e+00,1.9756699594e+00,4.1878147198e-01,1.0887876732e+00,6.4053184410e-01,4.4825582907e-01,1.9924987281e+00
1.1358637337e+00,1.9768768289e+00,4.1924756281e-01,1.0891432669e+00,6.4050198432e-01,4.4864128262e-01,1.9944347445e+00
1.1368815327e+00,1.9780844356e+00,4.1971346615e-01,1.0894985283e+00,6.4047204099e-01,4.4902648728e-01,1.9963723774e+00
1.1378993318e+00,1.9792927800e+00,4.2017918155e-01,1.0898534582e+00,6.4044201507e-01,4.4941144313e-01,1.9983116306e+00
1.1389171308e+00,1.9805018625e+00,4.2064470861e-01,1.0902080578e+00,6.4041190752e-01,4.4979615024e-01,2.0002525082e+00
1.1399349299e+00,1.9817116836e+00,4.2111004690e-01,1.0905623280e+00,6.4038171930e-01,4.5018060870e-01,2.0021950142e+00
1.1409527289e+00,1.9829222438e+00,4.2157519600e-01,1.0909162699e+00,6.4035145134e-01,4.5056481859e-01,2.0041391527e+00
1.1419705280e+00,1.9841335434e+00,4.2204015550e-01,1.0912698846e+00,6.4032110461e-01,4.5094877998e-01,2.0060849277e+00
1.1429883270e+00,1.9853455830e+00,4.2250492498e-01,1.0916231730e+00,6.4029068005e-01,4.5133249296e-01,2.0080323432e+00
1.1440061261e+00,1.9865583630e+00,4.2296950403e-01,1.0919761362e+00,6.4026017860e-01,4.5171595760e-01,2.0099814032e+00
1.1450239251e+00,1.9877718838e+00,4.2343389224e-01,1.0923287752e+00,6.4022960121e-01,4.5209917400e-01,2.0119321118e+00
1.1460417241e+00,1.9889861459e+00,4.2389808919e-01,1.0926810910e+00,6.4019894880e-01,4.5248214223e-01,2.0138844730e+00
1.1470595232e+00,1.9902011498e+00,4.2436209448e-01,1.0930330847e+00,6.4016822232e-01,4.5286486238e-01,2.0158384910e+00
1.1480773222e+00,1.9914168958e+00,4.2482590770e-01,1.0933847572e+00,6.4013742270e-01,4.5324733454e-01,2.0177941696e+00
1.1490951213e+00,1.9926333846e+00,4.2528952844e-01,1.0937361097e+00,6.4010655086e-01,4.5362955879e-01,2.0197515131e+00
1.1501129203e+00,1.9938506164e+00,4.2575295630e-01,1.0940871430e+00,6.4007560774e-01,4.5401153522e-01,2.0217105253e+00
1.1511307194e+00,1.9950685918e+00,4.2621619088e-01,1.0944378582e+00,6.4004459426e-01,4.5439326392e-01,2.0236712105e+00
1.1521485184e+00,1.9962873113e+00,4.2667923177e-01,1.0947882563e+00,6.4001351134e-01,4.5477474498e-01,2.0256335727e+00
1.1531663175e+00,1.9975067752e+00,4.2714207858e-01,1.0951383384e+00,6.3998235991e-01,4.5515597848e-01,2.0275976159e+00
1.1541841165e+00,1.9987269840e+00,4.2760473090e-01,1.0954881054e+00,6.3995114087e-01,4.5553696452e-01,2.0295633443e+00
1.1552019155e+00,1.9999479382e+00,4.2806718834e-01,1.0958375583e+00,6.3991985515e-01,4.5591770320e-01,2.0315307618e+00
1.1562197146e+00,2.0011696383e+00,4.2852945051e-01,1.0961866982e+00,6.3988850365e-01,4.5629819459e-01,2.0334998726e+00
1.1572375136e+00,2.0023920846e+00,4.2899151700e-01,1.0965355261e+00,6.3985708728e-01,4.5667843879e-01,2.0354706808e+00
1.1582553127e+00,2.0036152777e+00,4.2945338744e-01,1.0968840429e+00,6.3982560695e-01,4.5705843591e-01,2.0374431905e+00
1.1592731117e+00,2.0048392180e+00,4.2991506142e-01,1.0972322496e+00,6.3979406357e-01,4.5743818603e-01,2.0394174057e+00
1.1602909108e+00,2.0060639060e+00,4.3037653856e-01,1.0975801473e+00,6.3976245803e-01,4.5781768925e-01,2.0413933306e+00
1.1613087098e+00,2.0072893421e+00,4.3083781847e-01,1.0979277369e+00,6.3973079123e-01,4.5819694566e-01,2.0433709692e+00
1.1623265089e+00,2.0085155268e+00,4.3129890076e-01,1.0982750194e+00,6.3969906408e-01,4.5857595537e-01,2.0453503258e+00
1.1633443079e+00,2.0097424605e+00,4.3175978505e-01,1.0986219959e+00,6.3966727746e-01,4.5895471847e-01,2.0473314043e+00
1.1643621069e+00,2.0109701437e+00,4.3222047095e-01,1.0989686673e+00,6.3963543226e-01,4.5933323505e-01,2.0493142089e+00
1.1653799060e+00,2.0121985768e+00,4.3268095809e-01,1.0993150346e+00,6.3960352937e-01,4.5971150523e-01,2.0512987437e+00
1.1663977050e+00,2.0134277604e+00,4.3314124608e-01,1.0996610988e+00,6.3957156969e-01,4.6008952909e-01,2.0532850128e+00
1.1674155041e+00,2.0146576948e+00,4.3360133454e-01,1.1000068608e+00,6.3953955409e-01,4.6046730675e-01,2.0552730204e+00
1.1684333031e+00,2.0158883805e+00,4.3406122310e-01,1.1003523217e+00,6.3950748345e-01,4.6084483830e-01,2.0572627707e+00
1.1694511022e+00,2.0171198181e+00,4.3452091138e-01,1.1006974825e+00,6.3947535865e-01,4.6122212384e-01,2.0592542676e+00
1.1704689012e+00,2.0183520078e+00,4.3498039900e-01,1.1010423441e+00,6.3944318057e-01,4.6159916348e-01,2.0612475155e+00
1.1714867003e+00,2.0195849503e+00,4.3543968559e-01,1.1013869074e+00,6.3941095009e-01,4.6197595733e-01,2.0632425183e+00
1.1725044993e+00,2.0208186459e+00,4.3589877079e-01,1.1017311735e+00,6.3937866807e-01,4.6235250548e-01,2.0652392804e+00
1.1735222983e+00,2.0220530952e+00,4.3635765421e-01,1.1020751434e+00,6.3934633538e-01,4.6272880805e-01,2.0672378057e+00
1.1745400974e+00,2.0232882985e+00,4.3681633550e-01,1.1024188180e+00,6.3931395288e-01,4.6310486514e-01,2.0692380986e+00
1.1755578964e+00,2.0245242564e+00,4.3727481427e-01,1.1027621983e+00,6.3928152145e-01,4.6348067685e-01,2.0712401631e+00
1.1765756955e+00,2.0257609693e+00,4.3773309018e-01,1.1031052853e+00,6.3924904195e-01,4.6385624330e-01,2.0732440034e+00
1.1775934945e+00,2.0269984377e+00,4.3819116285e-01,1.1034480798e+00,6.3921651522e-01,4.6423156460e-01,2.0752496236e+00
1.1786112936e+00,2.0282366620e+00,4.3864903192e-01,1.1037905830e+00,6.3918394214e-01,4.6460664085e-01,2.0772570281e+00
1.1796290926e+00,2.0294756426e+00,4.3910669702e-01,1.1041327957e+00,6.3915132354e-01,4.6498147216e-01,2.0792662208e+00
1.1806468917e+00,2.0307153802e+00,4.3956415781e-01,1.1044747190e+00,6.3911866030e-01,4.6535605866e-01,2.0812772061e+00
1.1816646907e+00,2.0319558750e+00,4.4002141391e-01,1.1048163537e+00,6.3908595324e-01,4.6573040044e-01,2.0832899881e+00
1.1826824897e+00,2.0331971276e+00,4.4047846498e-01,1.1051577008e+00,6.3905320322e-01,4.6610449762e-01,2.0853045710e+00
1.1837002888e+00,2.0344391385e+00,4.4093531066e-01,1.1054987614e+00,6.3902041109e-01,4.6647835031e-01,2.0873209590e+00
1.1847180878e+00,2.0356819080e+00,4.4139195058e-01,1.1058395363e+00,6.3898757769e-01,4.6685195863e-01,2.0893391563e+00
1.1857358869e+00,2.0369254367e+00,4.4184838440e-01,1.1061800265e+00,6.3895470385e-01,4.6722532270e-01,2.0913591671e+00
1.1867536859e+00,2.0381697251e+00,4.4230461178e-01,1.1065202330e+00,6.3892179042e-01,4.6759844262e-01,2.0933809955e+00
1.1877714850e+00,2.0394147735e+00,4.4276063234e-01,1.1068601567e+00,6.3888883822e-01,4.6797131852e-01,2.0954046459e+00
1.1887892840e+00,2.0406605825e+00,4.4321644576e-01,1.1071997986e+00,6.3885584810e-01,4.6834395051e-01,2.0974301225e+00
1.1898070831e+00,2.0419071526e+00,4.4367205168e-01,1.1075391596e+00,6.3882282088e-01,4.6871633871e-01,2.0994574294e+00
1.1908248821e+00,2.0431544841e+00,4.4412744975e-01,1.1078782406e+00,6.3878975738e-01,4.6908848323e-01,2.1014865709e+00
1.1918426811e+00,2.0444025775e+00,4.4458263963e-01,1.1082170427e+00,6.3875665845e-01,4.6946038421e-01,2.1035175512e+00
1.1928604802e+00,2.0456514334e+00,4.4503762098e-01,1.1085555666e+00,6.3872352489e-01,4.6983204175e-01,2.1055503745e+00
1.1938782792e+00,2.0469010522e+00,4.4549239346e-01,1.1088938135e+00,6.3869035753e-01,4.7020345598e-01,2.1075850452e+00
1.1948960783e+00,2.0481514343e+00,4.4594695672e-01,1.1092317842e+00,6.3865715718e-01,4.7057462702e-01,2.1096215674e+00
1.1959138773e+00,2.0494025802e+00,4.4640131043e-01,1.1095694797e+00,6.3862392467e-01,4.7094555499e-01,2.1116599454e+00
1.1969316764e+00,2.0506544904e+00,4.4685545424e-01,1.1099069008e+00,6.3859066081e-01,4.7131624001e-01,2.1137001834e+00
1.1979494754e+00,2.0519071654e+00,4.4730938783e-01,1.1102440486e+00,6.3855736641e-01,4.7168668221e-01,2.1157422858e+00
1.1989672745e+00,2.0531606056e+00,4.4776311086e-01,1.1105809240e+00,6.3852404228e-01,4.7205688171e-01,2.1177862567e+00
1.1999850735e+00,2.0544148114e+00,4.4821662299e-01,1.1109175279e+00,6.3849068922e-01,4.7242683864e-01,2.1198321004e+00
1.2010028725e+00,2.0556697834e+00,4.4866992389e-01,1.1112538612e+00,6.3845730805e-01,4.7279655312e-01,2.1218798212e+00
1.2020206716e+00,2.0569255221e+00,4.4912301324e-01,1.1115899248e+00,6.3842389956e-01,4.7316602528e-01,2.1239294234e+00
1.2030384706e+00,2.0581820278e+00,4.4957589070e-01,1.1119257198e+00,6.3839046455e-01,4.7353525524e-01,2.1259809113e+00
1.2040562697e+00,2.0594393011e+00,4.5002855594e-01,1.1122612470e+00,6.3835700382e-01,4.7390424314e-01,2.1280342891e+00
1.2050740687e+00,2.0606973424e+00,4.5048100864e-01,1.1125965073e+00,6.3832351818e-01,4.7427298909e-01,2.1300895612e+00
1.2060918678e+00,2.0619561522e+00,4.5093324847e-01,1.1129315016e+00,6.3829000840e-01,4.7464149324e-01,2.1321467318e+00
1.2071096668e+00,2.0632157309e+00,4.5138527511e-01,1.1132662310e+00,6.3825647529e-01,4.7500975570e-01,2.1342058052e+00
1.2081274659e+00,2.0644760791e+00,4.5183708824e-01,1.1136006962e+00,6.3822291963e-01,4.7537777662e-01,2.1362667858e+00
1.2091452649e+00,2.0657371972e+00,4.5228868754e-01,1.1139348983e+00,6.3818934221e-01,4.7574555611e-01,2.1383296778e+00
1.2101630639e+00,2.0669990857e+00,4.5274007268e-01,1.1142688381e+00,6.3815574381e-01,4.7611309432e-01,2.1403944855e+00
1.2111808630e+00,2.0682617450e+00,4.5319124335e-01,1.1146025166e+00,6.3812212522e-01,4.7648039137e-01,2.1424612134e+00
1.2121986620e+00,2.0695251757e+00,4.5364219923e-01,1.1149359346e+00,6.3808848722e-01,4.7684744740e-01,2.1445298656e+00
1.2132164611e+00,2.0707893781e+00,4.5409294000e-01,1.1152690931e+00,6.3805483059e-01,4.7721426255e-01,2.1466004466e+00
1.2142342601e+00,2.0720543528e+00,4.5454346536e-01,1.1156019930e+00,6.3802115609e-01,4.7758083693e-01,2.1486729606e+00
1.2152520592e+00,2.0733201002e+00,4.5499377498e-01,1.1159346352e+00,6.3798746451e-01,4.7794717070e-01,2.1507474120e+00
1.2162698582e+00,2.0745866208e+00,4.5544386856e-01,1.1162670206e+00,6.3795375661e-01,4.7831326399e-01,2.1528238052e+00
1.2172876573e+00,2.0758539151e+00,4.5589374579e-01,1.1165991501e+00,6.3792003318e-01,4.7867911692e-01,2.1549021445e+00
1.2183054563e+00,2.0771219835e+00,4.5634340635e-01,1.1169310246e+00,6.3788629496e-01,4.7904472965e-01,2.1569824341e+00
1.2193232553e+00,2.0783908265e+00,4.5679284994e-01,1.1172626450e+00,6.3785254274e-01,4.7941010230e-01,2.1590646786e+00
1.2203410544e+00,2.0796604447e+00,4.5724207626e-01,1.1175940123e+00,6.3781877726e-01,4.7977523502e-01,2.1611488823e+00
1.2213588534e+00,2.0809308384e+00,4.5769108499e-01,1.1179251272e+00,6.3778499930e-01,4.8014012795e-01,2.1632350494e+00
1.2223766525e+00,2.0822020081e+00,4.5813987584e-01,1.1182559908e+00,6.3775120961e-01,4.8050478121e-01,2.1653231845e+00
1.2233944515e+00,2.0834739544e+00,4.5858844850e-01,1.1185866039e+00,6.3771740895e-01,4.8086919496e-01,2.1674132918e+00
1.2244122506e+00,2.0847466777e+00,4.5903680268e-01,1.1189169674e+00,6.3768359807e-01,4.8123336934e-01,2.1695053758e+00
1.2254300496e+00,2.0860201784e+00,4.5948493806e-01,1.1192470822e+00,6.3764977773e-01,4.8159730448e-01,2.1715994408e+00
1.2264478487e+00,2.0872944570e+00,4.5993285436e-01,1.1195769492e+00,6.3761594867e-01,4.8196100053e-01,2.1736954912e+00
1.2274656477e+00,2.0885695141e+00,4.6038055128e-01,1.1199065693e+00,6.3758211165e-01,4.8232445763e-01,2.1757935314e+00
1.2284834468e+00,2.0898453501e+00,4.6082802851e-01,1.1202359433e+00,6.3754826740e-01,4.8268767592e-01,2.1778935659e+00
1.2295012458e+00,2.0911219654e+00,4.6127528577e-01,1.1205650722e+00,6.3751441669e-01,4.8305065555e-01,2.1799955990e+00
1.2305190448e+00,2.0923993605e+00,4.6172232277e-01,1.1208939569e+00,6.3748056023e-01,4.8341339666e-01,2.1820996351e+00
1.2315368439e+00,2.0936775360e+00,4.6216913921e-01,1.1212225982e+00,6.3744669879e-01,4.8377589940e-01,2.1842056787e+00
1.2325546429e+00,2.0949564923e+00,4.6261573480e-01,1.1215509970e+00,6.3741283308e-01,4.8413816392e-01,2.1863137342e+00
1.2335724420e+00,2.0962362298e+00,4.6306210925e-01,1.1218791542e+00,6.3737896386e-01,4.8450019035e-01,2.1884238059e+00
1.2345902410e+00,2.0975167491e+00,4.6350826227e-01,1.1222070707e+00,6.3734509185e-01,4.8486197885e-01,2.1905358984e+00
1.2356080401e+00,2.0987980506e+00,4.6395419358e-01,1.1225347473e+00,6.3731121779e-01,4.8522352956e-01,2.1926500160e+00
1.2366258391e+00,2.1000801349e+00,4.6439990289e-01,1.1228621850e+00,6.3727734240e-01,4.8558484264e-01,2.1947661633e+00
1.2376436382e+00,2.1013630023e+00,4.6484538993e-01,1.1231893846e+00,6.3724346641e-01,4.8594591823e-01,2.1968843446e+00
1.2386614372e+00,2.1026466533e+00,4.6529065439e-01,1.1235163470e+00,6.3720959055e-01,4.8630675647e-01,2.1990045644e+00
1.2396792362e+00,2.1039310885e+00,4.6573569601e-01,1.1238430731e+00,6.3717571555e-01,4.8666735753e-01,2.2011268271e+00
1.2406970353e+00,2.1052163084e+00,4.6618051451e-01,1.1241695637e+00,6.3714184211e-01,4.8702772155e-01,2.2032511372e+00
1.2417148343e+00,2.1065023133e+00,4.6662510960e-01,1.1244958197e+00,6.3710797097e-01,4.8738784868e-01,2.2053774993e+00
1.2427326334e+00,2.1077891038e+00,4.6706948100e-01,1.1248218419e+00,6.3707410285e-01,4.8774773908e-01,2.2075059177e+00
1.2437504324e+00,2.1090766803e+00,4.6751362845e-01,1.1251476313e+00,6.3704023844e-01,4.8810739289e-01,2.2096363969e+00
1.2447682315e+00,2.1103650434e+00,4.6795755166e-01,1.1254731887e+00,6.3700637848e-01,4.8846681027e-01,2.2117689414e+00
1.2457860305e+00,2.1116541935e+00,4.6840125037e-01,1.1257985150e+00,6.3697252367e-01,4.8882599137e-01,2.2139035557e+00
1.2468038296e+00,2.1129441311e+00,4.6884472429e-01,1.1261236111e+00,6.3693867472e-01,4.8918493635e-01,2.2160402443e+00
1.2478216286e+00,2.1142348567e+00,4.6928797316e-01,1.1264484777e+00,6.3690483235e-01,4.8954364536e-01,2.2181790116e+00
1.2488394276e+00,2.1155263707e+00,4.6973099671e-01,1.1267731158e+00,6.3687099724e-01,4.8990211856e-01,2.2203198623e+00
1.2498572267e+00,2.1168186737e+00,4.7017379467e-01,1.1270975262e+00,6.3683717012e-01,4.9026035610e-01,2.2224628007e+00
1.2508750257e+00,2.1181117661e+00,4.7061636676e-01,1.1274217098e+00,6.3680335167e-01,4.9061835814e-01,2.2246078315e+00
1.2518928248e+00,2.1194056484e+00,4.7105871274e-01,1.1277456674e+00,6.3676954260e-01,4.9097612483e-01,2.2267549590e+00
1.2529106238e+00,2.1207003211e+00,4.7150083232e-01,1.1280694000e+00,6.3673574362e-01,4.9133365634e-01,2.2289041879e+00
1.2539284229e+00,2.1219957847e+00,4.7194272525e-01,1.1283929082e+00,6.3670195541e-01,4.9169095282e-01,2.2310555227e+00
1.2549462219e+00,2.1232920396e+00,4.7238439127e-01,1.1287161931e+00,6.3666817866e-01,4.9204801443e-01,2.2332089679e+00
1.2559640210e+00,2.1245890864e+00,4.7282583010e-01,1.1290392554e+00,6.3663441408e-01,4.9240484133e-01,2.2353645280e+00
1.2569818200e+00,2.1258869255e+00,4.7326704150e-01,1.1293620960e+00,6.3660066235e-01,4.9276143368e-01,2.2375222076e+00
1.2579996190e+00,2.1271855574e+00,4.7370802520e-01,1.1296847158e+00,6.3656692415e-01,4.9311779164e-01,2.2396820113e+00
1.2590174181e+00,2.1284849826e+00,4.7414878095e-01,1.1300071156e+00,6.3653320019e-01,4.9347391537e-01,2.2418439435e+00
1.2600352171e+00,2.1297852015e+00,4.7458930849e-01,1.1303292962e+00,6.3649949113e-01,4.9382980503e-01,2.2440080089e+00
1.2610530162e+00,2.1310862147e+00,4.7502960756e-01,1.1306512585e+00,6.3646579767e-01,4.9418546079e-01,2.2461742120e+00
1.2620708152e+00,2.1323880227e+00,4.7546967791e-01,1.1309730033e+00,6.3643212048e-01,4.9454088280e-01,2.2483425573e+00
1.2630886143e+00,2.1336906259e+00,4.7590951928e-01,1.1312945315e+00,6.3639846024e-01,4.9489607123e-01,2.2505130496e+00
1.2641064133e+00,2.1349940248e+00,4.7634913144e-01,1.1316158439e+00,6.3636481763e-01,4.9525102625e-01,2.2526856933e+00
1.2651242124e+00,2.1362982199e+00,4.7678851412e-01,1.1319369413e+00,6.3633119333e-01,4.9560574801e-01,2.2548604930e+00
1.2661420114e+00,2.1376032117e+00,4.7722766707e-01,1.1322578247e+00,6.3629758800e-01,4.9596023668e-01,2.2570374533e+00
1.2671598104e+00,2.1389090007e+00,4.7766659006e-01,1.1325784948e+00,6.3626400233e-01,4.9631449244e-01,2.2592165789e+00
1.2681776095e+00,2.1402155873e+00,4.7810528282e-01,1.1328989524e+00,6.3623043697e-01,4.9666851543e-01,2.2613978742e+00
1.2691954085e+00,2.1415229721e+00,4.7854374512e-01,1.1332191984e+00,6.3619689260e-01,4.9702230583e-01,2.2635813441e+00
1.2702132076e+00,2.1428311555e+00,4.7898197672e-01,1.1335392337e+00,6.3616336988e-01,4.9737586381e-01,2.2657669929e+00
1.2712310066e+00,2.1441401381e+00,4.7941997736e-01,1.1338590590e+00,6.3612986948e-01,4.9772918954e-01,2.2679548254e+00
1.2722488057e+00,2.1454499202e+00,4.7985774681e-01,1.1341786752e+00,6.3609639206e-01,4.9808228317e-01,2.2701448463e+00
1.2732666047e+00,2.1467605025e+00,4.8029528483e-01,1.1344980832e+00,6.3606293828e-01,4.9843514489e-01,2.2723370600e+00
1.2742844038e+00,2.1480718853e+00,4.8073259117e-01,1.1348172837e+00,6.3602950880e-01,4.9878777485e-01,2.2745314713e+00
1.2753022028e+00,2.1493840693e+00,4.8116966561e-01,1.1351362775e+00,6.3599610427e-01,4.9914017323e-01,2.2767280848e+00
1.2763200018e+00,2.1506970548e+00,4.8160650789e-01,1.1354550656e+00,6.3596272536e-01,4.9949234020e-01,2.2789269052e+00
1.2773378009e+00,2.1520108423e+00,4.8204311779e-01,1.1357736486e+00,6.3592937270e-01,4.9984427593e-01,2.2811279370e+00
1.2783555999e+00,2.1533254324e+00,4.8247949507e-01,1.1360920276e+00,6.3589604696e-01,5.0019598059e-01,2.2833311851e+00
1.2793733990e+00,2.1546408255e+00,4.8291563950e-01,1.1364102031e+00,6.3586274879e-01,5.0054745435e-01,2.2855366539e+00
1.2803911980e+00,2.1559570222e+00,4.8335155084e-01,1.1367281762e+00,6.3582947883e-01,5.0089869739e-01,2.2877443483e+00
1.2814089971e+00,2.1572740229e+00,4.8378722887e-01,1.1370459476e+00,6.3579623772e-01,5.0124970987e-01,2.2899542728e+00
1.2824267961e+00,2.1585918281e+00,4.8422267335e-01,1.1373635181e+00,6.3576302612e-01,5.0160049196e-01,2.2921664322e+00
1.2834445952e+00,2.1599104383e+00,4.8465788405e-01,1.1376808885e+00,6.3572984466e-01,5.0195104385e-01,2.2943808311e+00
1.2844623942e+00,2.1612298540e+00,4.8509286075e-01,1.1379980597e+00,6.3569669399e-01,5.0230136571e-01,2.2965974742e+00
1.2854801932e+00,2.1625500757e+00,4.8552760322e-01,1.1383150325e+00,6.3566357475e-01,5.0265145771e-01,2.2988163663e+00
1.2864979923e+00,2.1638711039e+00,4.8596211124e-01,1.1386318076e+00,6.3563048756e-01,5.0300132002e-01,2.3010375120e+00
1.2875157913e+00,2.1651929390e+00,4.8639638458e-01,1.1389483859e+00,6.3559743308e-01,5.0335095283e-01,2.3032609161e+00
1.2885335904e+00,2.1665155816e+00,4.8683042301e-01,1.1392647682e+00,6.3556441192e-01,5.0370035630e-01,2.3054865832e+00
1.2895513894e+00,2.1678390321e+00,4.8726422632e-01,1.1395809554e+00,6.3553142473e-01,5.0404953062e-01,2.3077145181e+00
1.2905691885e+00,2.1691632911e+00,4.8769779429e-01,1.1398969481e+00,6.3549847214e-01,5.0439847596e-01,2.3099447256e+00
1.2915869875e+00,2.1704883591e+00,4.8813112669e-01,1.1402127473e+00,6.3546555477e-01,5.0474719250e-01,2.3121772102e+00
1.2926047866e+00,2.1718142365e+00,4.8856422331e-01,1.1405283537e+00,6.3543267324e-01,5.0509568041e-01,2.3144119769e+00
1.2936225856e+00,2.1731409238e+00,4.8899708393e-01,1.1408437681e+00,6.3539982819e-01,5.0544393988e-01,2.3166490303e+00
1.2946403846e+00,2.1744684216e+00,4.8942970833e-01,1.1411589913e+00,6.3536702024e-01,5.0579197108e-01,2.3188883752e+00
1.2956581837e+00,2.1757967302e+00,4.8986209630e-01,1.1414740242e+00,6.3533425001e-01,5.0613977420e-01,2.3211300163e+00
1.2966759827e+00,2.1771258503e+00,4.9029424762e-01,1.1417888675e+00,6.3530151812e-01,5.0648734940e-01,2.3233739584e+00
1.2976937818e+00,2.1784557823e+00,4.9072616209e-01,1.1421035221e+00,6.3526882519e-01,5.0683469689e-01,2.3256202063e+00
1.2987115808e+00,2.1797865267e+00,4.9115783948e-01,1.1424179887e+00,6.3523617183e-01,5.0718181682e-01,2.3278687647e+00
1.2997293799e+00,2.1811180841e+00,4.9158927960e-01,1.1427322681e+00,6.3520355867e-01,5.0752870940e-01,2.3301196385e+00
1.3007471789e+00,2.1824504548e+00,4.9202048222e-01,1.1430463611e+00,6.3517098631e-01,5.0787537479e-01,2.3323728323e+00
1.3017649780e+00,2.1837836394e+00,4.9245144715e-01,1.1433602685e+00,6.3513845536e-01,5.0822181318e-01,2.3346283511e+00
1.3027827770e+00,2.1851176384e+00,4.9288217417e-01,1.1436739912e+00,6.3510596644e-01,5.0856802475e-01,2.3368861996e+00
1.3038005760e+00,2.1864524524e+00,4.9331266308e-01,1.1439875298e+00,6.3507352016e-01,5.0891400969e-01,2.3391463825e+00
1.3048183751e+00,2.1877880817e+00,4.9374291367e-01,1.1443008853e+00,6.3504111711e-01,5.0925976817e-01,2.3414089048e+00
1.3058361741e+00,2.1891245269e+00,4.9417292574e-01,1.1446140583e+00,6.3500875791e-01,5.0960530039e-01,2.3436737712e+00
1.3068539732e+00,2.1904617885e+00,4.9460269909e-01,1.1449270497e+00,6.3497644316e-01,5.0995060653e-01,2.3459409866e+00
1.3078717722e+00,2.1917998669e+00,4.9503223351e-01,1.1452398602e+00,6.3494417346e-01,5.1029568677e-01,2.3482105558e+00
1.3088895713e+00,2.1931387628e+00,4.9546152881e-01,1.1455524907e+00,6.3491194942e-01,5.1064054130e-01,2.3504824835e+00
1.3099073703e+00,2.1944784765e+00,4.9589058478e-01,1.1458649419e+00,6.3487977162e-01,5.1098517031e-01,2.3527567748e+00
1.3109251694e+00,2.1958190087e+00,4.9631940124e-01,1.1461772146e+00,6.3484764067e-01,5.1132957397e-01,2.3550334343e+00
1.3119429684e+00,2.1971603597e+00,4.9674797797e-01,1.1464893096e+00,6.3481555716e-01,5.1167375248e-01,2.3573124670e+00
1.3129607674e+00,2.1985025301e+00,4.9717631478e-01,1.1468012277e+00,6.3478352169e-01,5.1201770603e-01,2.3595938777e+00
1.3139785665e+00,2.1998455204e+00,4.9760441149e-01,1.1471129696e+00,6.3475153485e-01,5.1236143480e-01,2.3618776713e+00
1.3149963655e+00,2.2011893311e+00,4.9803226788e-01,1.1474245362e+00,6.3471959722e-01,5.1270493897e-01,2.3641638526e+00
1.3160141646e+00,2.2025339626e+00,4.9845988378e-01,1.1477359282e+00,6.3468770941e-01,5.1304821875e-01,2.3664524266e+00
1.3170319636e+00,2.2038794156e+00,4.9888725899e-01,1.1480471463e+00,6.3465587199e-01,5.1339127432e-01,2.3687433981e+00
1.3180497627e+00,2.2052256904e+00,4.9931439333e-01,1.1483581914e+00,6.3462408555e-01,5.1373410586e-01,2.3710367720e+00
1.3190675617e+00,2.2065727877e+00,4.9974128659e-01,1.1486690642e+00,6.3459235067e-01,5.1407671357e-01,2.3733325532e+00
1.3200853608e+00,2.2079207078e+00,5.0016793859e-01,1.1489797656e+00,6.3456066794e-01,5.1441909764e-01,2.3756307465e+00
1.3211031598e+00,2.2092694514e+00,5.0059434914e-01,1.1492902962e+00,6.3452903795e-01,5.1476125826e-01,2.3779313570e+00
1.3221209588e+00,2.2106190188e+00,5.0102051807e-01,1.1496006569e+00,6.3449746126e-01,5.1510319562e-01,2.3802343896e+00
1.3231387579e+00,2.2119694106e+00,5.0144644517e-01,1.1499108484e+00,6.3446593845e-01,5.1544490990e-01,2.3825398490e+00
1.3241565569e+00,2.2133206274e+00,5.0187213028e-01,1.1502208714e+00,6.3443447011e-01,5.1578640131e-01,2.3848477403e+00
1.3251743560e+00,2.2146726695e+00,5.0229757319e-01,1.1505307268e+00,6.3440305681e-01,5.1612767004e-01,2.3871580685e+00
1.3261921550e+00,2.2160255376e+00,5.0272277375e-01,1.1508404154e+00,6.3437169911e-01,5.1646871628e-01,2.3894708384e+00
1.3272099541e+00,2.2173792321e+00,5.0314773175e-01,1.1511499378e+00,6.3434039760e-01,5.1680954022e-01,2.3917860549e+00
1.3282277531e+00,2.2187337535e+00,5.0357244702e-01,1.1514592949e+00,6.3430915284e-01,5.1715014205e-01,2.3941037232e+00
1.3292455522e+00,2.2200891024e+00,5.0399691939e-01,1.1517684874e+00,6.3427796541e-01,5.1749052197e-01,2.3964238480e+00
1.3302633512e+00,2.2214452792e+00,5.0442114868e-01,1.1520775160e+00,6.3424683586e-01,5.1783068018e-01,2.3987464344e+00
1.3312811502e+00,2.2228022844e+00,5.0484513470e-01,1.1523863816e+00,6.3421576476e-01,5.1817061687e-01,2.4010714873e+00
1.3322989493e+00,2.2241601186e+00,5.0526887728e-01,1.1526950849e+00,6.3418475269e-01,5.1851033223e-01,2.4033990118e+00
1.3333167483e+00,2.2255187823e+00,5.0569237625e-01,1.1530036267e+00,6.3415380019e-01,5.1884982646e-01,2.4057290127e+00
1.3343345474e+00,2.2268782758e+00,5.0611563144e-01,1.1533120076e+00,6.3412290784e-01,5.1918909976e-01,2.4080614952e+00
1.3353523464e+00,2.2282385999e+00,5.0653864267e-01,1.1536202285e+00,6.3409207618e-01,5.1952815232e-01,2.4103964641e+00
1.3363701455e+00,2.2295997550e+00,5.0696140976e-01,1.1539282901e+00,6.3406130579e-01,5.1986698435e-01,2.4127339246e+00
1.3373879445e+00,2.2309617415e+00,5.0738393256e-01,1.1542361932e+00,6.3403059722e-01,5.2020559603e-01,2.4150738815e+00
1.3384057436e+00,2.2323245600e+00,5.0780621088e-01,1.1545439386e+00,6.3399995101e-01,5.2054398756e-01,2.4174163400e+00
1.3394235426e+00,2.2336882110e+00,5.0822824457e-01,1.1548515269e+00,6.3396936773e-01,5.2088215916e-01,2.4197613050e+00
1.3404413416e+00,2.2350526950e+00,5.0865003345e-01,1.1551589589e+00,6.3393884793e-01,5.2122011100e-01,2.4221087816e+00
1.3414591407e+00,2.2364180126e+00,5.0907157736e-01,1.1554662354e+00,6.3390839215e-01,5.2155784329e-01,2.4244587748e+00
1.3424769397e+00,2.2377841642e+00,5.0949287613e-01,1.1557733572e+00,6.3387800096e-01,5.2189535624e-01,2.4268112897e+00
1.3434947388e+00,2.2391511503e+00,5.0991392960e-01,1.1560803249e+00,6.3384767489e-01,5.2223265003e-01,2.4291663313e+00
1.3445125378e+00,2.2405189714e+00,5.1033473760e-01,1.1563871394e+00,6.3381741448e-01,5.2256972488e-01,2.4315239046e+00
1.3455303369e+00,2.2418876281e+00,5.1075529997e-01,1.1566938013e+00,6.3378722030e-01,5.2290658098e-01,2.4338840148e+00
1.3465481359e+00,2.2432571209e+00,5.1117561655e-01,1.1570003114e+00,6.3375709287e-01,5.2324321853e-01,2.4362466668e+00
1.3475659350e+00,2.2446274502e+00,5.1159568718e-01,1.1573066705e+00,6.3372703275e-01,5.2357963773e-01,2.4386118659e+00
1.3485837340e+00,2.2459986167e+00,5.1201551171e-01,1.1576128793e+00,6.3369704047e-01,5.2391583879e-01,2.4409796170e+00
1.3496015330e+00,2.2473706207e+00,5.1243508996e-01,1.1579189385e+00,6.3366711657e-01,5.2425182191e-01,2.4433499252e+00
1.3506193321e+00,2.2487434628e+00,5.1285442179e-01,1.1582248489e+00,6.3363726159e-01,5.2458758729e-01,2.4457227957e+00
1.3516371311e+00,2.2501171436e+00,5.1327350704e-01,1.1585306112e+00,6.3360747606e-01,5.2492313513e-01,2.4480982335e+00
1.3526549302e+00,2.2514916635e+00,5.1369234555e-01,1.1588362262e+00,6.3357776053e-01,5.2525846564e-01,2.4504762438e+00
1.3536727292e+00,2.2528670230e+00,5.1411093718e-01,1.1591416945e+00,6.3354811551e-01,5.2559357902e-01,2.4528568317e+00
1.3546905283e+00,2.2542432228e+00,5.1452928175e-01,1.1594470170e+00,6.3351854156e-01,5.2592847547e-01,2.4552400023e+00
1.3557083273e+00,2.2556202631e+00,5.1494737913e-01,1.1597521944e+00,6.3348903919e-01,5.2626315520e-01,2.4576257606e+00
1.3567261264e+00,2.2569981447e+00,5.1536522916e-01,1.1600572273e+00,6.3345960893e-01,5.2659761841e-01,2.4600141120e+00
1.3577439254e+00,2.2583768680e+00,5.1578283170e-01,1.1603621166e+00,6.3343025132e-01,5.2693186532e-01,2.4624050615e+00
1.3587617245e+00,2.2597564335e+00,5.1620018658e-01,1.1606668630e+00,6.3340096687e-01,5.2726589611e-01,2.4647986142e+00
1.3597795235e+00,2.2611368417e+00,5.1661729367e-01,1.1609714671e+00,6.3337175613e-01,5.2759971101e-01,2.4671947753e+00
1.3607973225e+00,2.2625180931e+00,5.1703415282e-01,1.1612759298e+00,6.3334261959e-01,5.2793331021e-01,2.4695935500e+00
1.3618151216e+00,2.2639001883e+00,5.1745076387e-01,1.1615802517e+00,6.3331355780e-01,5.2826669392e-01,2.4719949435e+00
1.3628329206e+00,2.2652831278e+00,5.1786712669e-01,1.1618844336e+00,6.3328457127e-01,5.2859986236e-01,2.4743989609e+00
1.3638507197e+00,2.2666669121e+00,5.1828324114e-01,1.1621884762e+00,6.3325566053e-01,5.2893281572e-01,2.4768056074e+00
1.3648685187e+00,2.2680515417e+00,5.1869910705e-01,1.1624923803e+00,6.3322682608e-01,5.2926555421e-01,2.4792148882e+00
1.3658863178e+00,2.2694370171e+00,5.1911472430e-01,1.1627961465e+00,6.3319806844e-01,5.2959807805e-01,2.4816268086e+00
1.3669041168e+00,2.2708233389e+00,5.1953009275e-01,1.1630997756e+00,6.3316938814e-01,5.2993038744e-01,2.4840413736e+00
1.3679219159e+00,2.2722105075e+00,5.1994521224e-01,1.1634032683e+00,6.3314078568e-01,5.3026248259e-01,2.4864585886e+00
1.3689397149e+00,2.2735985235e+00,5.2036008265e-01,1.1637066253e+00,6.3311226158e-01,5.3059436371e-01,2.4888784587e+00
1.3699575139e+00,2.2749873873e+00,5.2077470383e-01,1.1640098474e+00,6.3308381635e-01,5.3092603101e-01,2.4913009892e+00
1.3709753130e+00,2.2763770996e+00,5.2118907564e-01,1.1643129352e+00,6.3305545050e-01,5.3125748469e-01,2.4937261853e+00
1.3719931120e+00,2.2777676608e+00,5.2160319796e-01,1.1646158895e+00,6.3302716454e-01,5.3158872497e-01,2.4961540522e+00
1.3730109111e+00,2.2791590715e+00,5.2201707063e-01,1.1649187110e+00,6.3299895897e-01,5.3191975207e-01,2.4985845952e+00
1.3740287101e+00,2.2805513321e+00,5.2243069354e-01,1.1652214005e+00,6.3297083430e-01,5.3225056618e-01,2.5010178196e+00
1.3750465092e+00,2.2819444432e+00,5.2284406654e-01,1.1655239586e+00,6.3294279105e-01,5.3258116752e-01,2.5034537306e+00
1.3760643082e+00,2.2833384053e+00,5.2325718950e-01,1.1658263860e+00,6.3291482970e-01,5.3291155631e-01,2.5058923335e+00
1.3770821073e+00,2.2847332190e+00,5.2367006229e-01,1.1661286835e+00,6.3288695076e-01,5.3324173275e-01,2.5083336336e+00
1.3780999063e+00,2.2861288847e+00,5.2408268478e-01,1.1664308518e+00,6.3285915473e-01,5.3357169706e-01,2.5107776361e+00
1.3791177053e+00,2.2875254029e+00,5.2449505684e-01,1.1667328916e+00,6.3283144212e-01,5.3390144944e-01,2.5132243463e+00
1.3801355044e+00,2.2889227742e+00,5.2490717833e-01,1.1670348035e+00,6.3280381341e-01,5.3423099012e-01,2.5156737696e+00
1.3811533034e+00,2.2903209992e+00,5.2531904914e-01,1.1673365884e+00,6.3277626912e-01,5.3456031931e-01,2.5181259112e+00
1.3821711025e+00,2.2917200782e+00,5.2573066913e-01,1.1676382469e+00,6.3274880972e-01,5.3488943721e-01,2.5205807764e+00
1.3831889015e+00,2.2931200120e+00,5.2614203817e-01,1.1679397798e+00,6.3272143573e-01,5.3521834405e-01,2.5230383706e+00
1.3842067006e+00,2.2945208009e+00,5.2655315615e-01,1.1682411877e+00,6.3269414762e-01,5.3554704003e-01,2.5254986992e+00
1.3852244996e+00,2.2959224454e+00,5.2696402293e-01,1.1685424713e+00,6.3266694589e-01,5.3587552538e-01,2.5279617673e+00
1.3862422987e+00,2.2973249462e+00,5.2737463840e-01,1.1688436313e+00,6.3263983104e-01,5.3620380030e-01,2.5304275804e+00
1.3872600977e+00,2.2987283038e+00,5.2778500242e-01,1.1691446686e+00,6.3261280355e-01,5.3653186501e-01,2.5328961439e+00
1.3882778967e+00,2.3001325186e+00,5.2819511489e-01,1.1694455836e+00,6.3258586391e-01,5.3685971974e-01,2.5353674630e+00
1.3892956958e+00,2.3015375912e+00,5.2860497567e-01,1.1697463773e+00,6.3255901260e-01,5.3718736468e-01,2.5378415432e+00
1.3903134948e+00,2.3029435221e+00,5.2901458465e-01,1.1700470502e+00,6.3253225012e-01,5.3751480007e-01,2.5403183898e+00
1.3913312939e+00,2.3043503118e+00,5.2942394171e-01,1.1703476030e+00,6.3250557694e-01,5.3784202611e-01,2.5427980081e+00
1.3923490929e+00,2.3057579609e+00,5.2983304672e-01,1.1706480366e+00,6.3247899355e-01,5.3816904302e-01,2.5452804037e+00
1.3933668920e+00,2.3071664699e+00,5.3024189958e-01,1.1709483515e+00,6.3245250043e-01,5.3849585103e-01,2.5477655818e+00
1.3943846910e+00,2.3085758393e+00,5.3065050017e-01,1.1712485484e+00,6.3242609806e-01,5.3882245034e-01,2.5502535479e+00
1.3954024901e+00,2.3099860696e+00,5.3105884837e-01,1.1715486281e+00,6.3239978691e-01,5.3914884118e-01,2.5527443074e+00
1.3964202891e+00,2.3113971614e+00,5.3146694406e-01,1.1718485912e+00,6.3237356748e-01,5.3947502376e-01,2.5552378657e+00
1.3974380881e+00,2.3128091151e+00,5.3187478714e-01,1.1721484385e+00,6.3234744023e-01,5.3980099830e-01,2.5577342281e+00
1.3984558872e+00,2.3142219314e+00,5.3228237749e-01,1.1724481707e+00,6.3232140565e-01,5.4012676502e-01,2.5602334003e+00
1.3994736862e+00,2.3156356108e+00,5.3268971499e-01,1.1727477883e+00,6.3229546419e-01,5.4045232415e-01,2.5627353875e+00
1.4004914853e+00,2.3170501537e+00,5.3309679955e-01,1.1730472922e+00,6.3226961634e-01,5.4077767589e-01,2.5652401952e+00
1.4015092843e+00,2.3184655607e+00,5.3350363104e-01,1.1733466830e+00,6.3224386258e-01,5.4110282047e-01,2.5677478290e+00
1.4025270834e+00,2.3198818323e+00,5.3391020935e-01,1.1736459615e+00,6.3221820336e-01,5.4142775811e-01,2.5702582942e+00
1.4035448824e+00,2.3212989691e+00,5.3431653439e-01,1.1739451282e+00,6.3219263916e-01,5.4175248903e-01,2.5727715962e+00
1.4045626815e+00,2.3227169715e+00,5.3472260604e-01,1.1742441839e+00,6.3216717045e-01,5.4207701345e-01,2.5752877407e+00
1.4055804805e+00,2.3241358402e+00,5.3512842419e-01,1.1745431293e+00,6.3214179769e-01,5.4240133159e-01,2.5778067331e+00
1.4065982795e+00,2.3255555756e+00,5.3553398875e-01,1.1748419650e+00,6.3211652135e-01,5.4272544367e-01,2.5803285788e+00
1.4076160786e+00,2.3269761782e+00,5.3593929960e-01,1.1751406918e+00,6.3209134190e-01,5.4304934991e-01,2.5828532833e+00
1.4086338776e+00,2.3283976487e+00,5.3634435664e-01,1.1754393103e+00,6.3206625979e-01,5.4337305054e-01,2.5853808523e+00
1.4096516767e+00,2.3298199875e+00,5.3674915977e-01,1.1757378213e+00,6.3204127550e-01,5.4369654578e-01,2.5879112911e+00
1.4106694757e+00,2.3312431951e+00,5.3715370889e-01,1.1760362253e+00,6.3201638947e-01,5.4401983584e-01,2.5904446053e+00
1.4116872748e+00,2.3326672722e+00,5.3755800389e-01,1.1763345231e+00,6.3199160218e-01,5.4434292096e-01,2.5929808005e+00
1.4127050738e+00,2.3340922191e+00,5.3796204467e-01,1.1766327154e+00,6.3196691408e-01,5.4466580136e-01,2.5955198821e+00
1.4137228729e+00,2.3355180366e+00,5.3836583114e-01,1.1769308029e+00,6.3194232563e-01,5.4498847725e-01,2.5980618557e+00
1.4147406719e+00,2.3369447250e+00,5.3876936319e-01,1.1772287861e+00,6.3191783728e-01,5.4531094886e-01,2.6006067269e+00
1.4157584709e+00,2.3383722849e+00,5.3917264073e-01,1.1775266659e+00,6.3189344949e-01,5.4563321642e-01,2.6031545012e+00
1.4167762700e+00,2.3398007168e+00,5.3957566367e-01,1.1778244429e+00,6.3186916271e-01,5.4595528015e-01,2.6057051842e+00
1.4177940690e+00,2.3412300214e+00,5.3997843189e-01,1.1781221177e+00,6.3184497740e-01,5.4627714027e-01,2.6082587815e+00
1.4188118681e+00,2.3426601990e+00,5.4038094532e-01,1.1784196910e+00,6.3182089401e-01,5.4659879701e-01,2.6108152987e+00
1.4198296671e+00,2.3440912503e+00,5.4078320385e-01,1.1787171636e+00,6.3179691299e-01,5.4692025060e-01,2.6133747413e+00
1.4208474662e+00,2.3455231758e+00,5.4118520739e-01,1.1790145360e+00,6.3177303478e-01,5.4724150126e-01,2.6159371149e+00
1.4218652652e+00,2.3469559760e+00,5.4158695585e-01,1.1793118091e+00,6.3174925984e-01,5.4756254921e-01,2.6185024252e+00
1.4228830643e+00,2.3483896514e+00,5.4198844914e-01,1.1796089833e+00,6.3172558862e-01,5.4788339468e-01,2.6210706777e+00
1.4239008633e+00,2.3498242027e+00,5.4238968716e-01,1.1799060595e+00,6.3170202156e-01,5.4820403790e-01,2.6236418781e+00
1.4249186623e+00,2.3512596302e+00,5.4279066983e-01,1.1802030382e+00,6.3167855910e-01,5.4852447909e-01,2.6262160321e+00
1.4259364614e+00,2.3526959346e+00,5.4319139705e-01,1.1804999202e+00,6.3165520169e-01,5.4884471848e-01,2.6287931452e+00
1.4269542604e+00,2.3541331164e+00,5.4359186874e-01,1.1807967061e+00,6.3163194977e-01,5.4916475629e-01,2.6313732232e+00
1.4279720595e+00,2.3555711761e+00,5.4399208481e-01,1.1810933966e+00,6.3160880379e-01,5.4948459277e-01,2.6339562715e+00
1.4289898585e+00,2.3570101143e+00,5.4439204517e-01,1.1813899923e+00,6.3158576418e-01,5.4980422812e-01,2.6365422961e+00
1.4300076576e+00,2.3584499315e+00,5.4479174974e-01,1.1816864940e+00,6.3156283138e-01,5.5012366258e-01,2.6391313024e+00
1.4310254566e+00,2.3598906282e+00,5.4519119843e-01,1.1819829022e+00,6.3154000583e-01,5.5044289638e-01,2.6417232962e+00
1.4320432557e+00,2.3613322050e+00,5.4559039115e-01,1.1822792177e+00,6.3151728798e-01,5.5076192974e-01,2.6443182831e+00
1.4330610547e+00,2.3627746623e+00,5.4598932783e-01,1.1825754411e+00,6.3149467825e-01,5.5108076290e-01,2.6469162689e+00
1.4340788537e+00,2.3642180009e+00,5.4638800838e-01,1.1828715732e+00,6.3147217707e-01,5.5139939608e-01,2.6495172593e+00
1.4350966528e+00,2.3656622211e+00,5.4678643271e-01,1.1831676144e+00,6.3144978490e-01,5.5171782952e-01,2.6521212600e+00
1.4361144518e+00,2.3671073236e+00,5.4718460075e-01,1.1834635656e+00,6.3142750215e-01,5.5203606343e-01,2.6547282766e+00
1.4371322509e+00,2.3685533088e+00,5.4758251242e-01,1.1837594273e+00,6.3140532925e-01,5.5235409806e-01,2.6573383150e+00
1.4381500499e+00,2.3700001773e+00,5.4798016763e-01,1.1840552003e+00,6.3138326665e-01,5.5267193363e-01,2.6599513808e+00
1.4391678490e+00,2.3714479297e+00,5.4837756632e-01,1.1843508851e+00,6.3136131477e-01,5.5298957037e-01,2.6625674798e+00
1.4401856480e+00,2.3728965664e+00,5.4877470839e-01,1.1846464825e+00,6.3133947403e-01,5.5330700851e-01,2.6651866178e+00
1.4412034471e+00,2.3743460881e+00,5.4917159377e-01,1.1849419931e+00,6.3131774487e-01,5.5362424828e-01,2.6678088005e+00
1.4422212461e+00,2.3757964952e+00,5.4956822239e-01,1.1852374176e+00,6.3129612771e-01,5.5394128991e-01,2.6704340337e+00
1.4432390451e+00,2.3772477883e+00,5.4996459418e-01,1.1855327566e+00,6.3127462298e-01,5.5425813364e-01,2.6730623232e+00
1.4442568442e+00,2.3786999680e+00,5.5036070904e-01,1.1858280108e+00,6.3125323110e-01,5.5457477970e-01,2.6756936747e+00
1.4452746432e+00,2.3801530348e+00,5.5075656693e-01,1.1861231808e+00,6.3123195249e-01,5.5489122831e-01,2.6783280940e+00
1.4462924423e+00,2.3816069892e+00,5.5115216774e-01,1.1864182673e+00,6.3121078758e-01,5.5520747971e-01,2.6809655870e+00
1.4473102413e+00,2.3830618317e+00,5.5154751143e-01,1.1867132709e+00,6.3118973679e-01,5.5552353413e-01,2.6836061594e+00
1.4483280404e+00,2.3845175630e+00,5.5194259791e-01,1.1870081923e+00,6.3116880053e-01,5.5583939181e-01,2.6862498171e+00
1.4493458394e+00,2.3859741836e+00,5.5233742711e-01,1.1873030322e+00,6.3114797924e-01,5.5615505297e-01,2.6888965659e+00
1.4503636385e+00,2.3874316939e+00,5.5273199897e-01,1.1875977912e+00,6.3112727332e-01,5.5647051786e-01,2.6915464116e+00
1.4513814375e+00,2.3888900946e+00,5.5312631342e-01,1.1878924699e+00,6.3110668319e-01,5.5678578669e-01,2.6941993602e+00
1.4523992365e+00,2.3903493861e+00,5.5352037038e-01,1.1881870690e+00,6.3108620926e-01,5.5710085972e-01,2.6968554173e+00
1.4534170356e+00,2.3918095691e+00,5.5391416979e-01,1.1884815891e+00,6.3106585197e-01,5.5741573716e-01,2.6995145890e+00
1.4544348346e+00,2.3932706441e+00,5.5430771158e-01,1.1887760310e+00,6.3104561170e-01,5.5773041925e-01,2.7021768810e+00
1.4554526337e+00,2.3947326116e+00,5.5470099568e-01,1.1890703951e+00,6.3102548889e-01,5.5804490624e-01,2.7048422992e+00
1.4564704327e+00,2.3961954722e+00,5.5509402204e-01,1.1893646823e+00,6.3100548394e-01,5.5835919835e-01,2.7075108496e+00
1.4574882318e+00,2.3976592263e+00,5.5548679058e-01,1.1896588931e+00,6.3098559727e-01,5.5867329581e-01,2.7101825380e+00
1.4585060308e+00,2.3991238747e+00,5.5587930124e-01,1.1899530281e+00,6.3096582927e-01,5.5898719887e-01,2.7128573703e+00
1.4595238299e+00,2.4005894177e+00,5.5627155396e-01,1.1902470881e+00,6.3094618037e-01,5.5930090775e-01,2.7155353525e+00
1.4605416289e+00,2.4020558560e+00,5.5666354868e-01,1.1905410737e+00,6.3092665097e-01,5.5961442270e-01,2.7182164904e+00
1.4615594279e+00,2.4035231901e+00,5.5705528534e-01,1.1908349854e+00,6.3090724147e-01,5.5992774394e-01,2.7209007900e+00
1.4625772270e+00,2.4049914205e+00,5.5744676386e-01,1.1911288240e+00,6.3088795229e-01,5.6024087172e-01,2.7235882573e+00
1.4635950260e+00,2.4064605478e+00,5.5783798420e-01,1.1914225901e+00,6.3086878383e-01,5.6055380626e-01,2.7262788981e+00
1.4646128251e+00,2.4079305726e+00,5.5822894630e-01,1.1917162843e+00,6.3084973648e-01,5.6086654782e-01,2.7289727184e+00
1.4656306241e+00,2.4094014953e+00,5.5861965009e-01,1.1920099073e+00,6.3083081066e-01,5.6117909662e-01,2.7316697242e+00
1.4666484232e+00,2.4108733166e+00,5.5901009552e-01,1.1923034597e+00,6.3081200677e-01,5.6149145289e-01,2.7343699215e+00
1.4676662222e+00,2.4123460370e+00,5.5940028254e-01,1.1925969421e+00,6.3079332520e-01,5.6180361689e-01,2.7370733163e+00
1.4686840213e+00,2.4138196570e+00,5.5979021108e-01,1.1928903552e+00,6.3077476636e-01,5.6211558883e-01,2.7397799144e+00
1.4697018203e+00,2.4152941772e+00,5.6017988108e-01,1.1931836996e+00,6.3075633065e-01,5.6242736897e-01,2.7424897220e+00
1.4707196193e+00,2.4167695981e+00,5.6056929251e-01,1.1934769760e+00,6.3073801846e-01,5.6273895754e-01,2.7452027451e+00
1.4717374184e+00,2.4182459203e+00,5.6095844529e-01,1.1937701850e+00,6.3071983020e-01,5.6305035478e-01,2.7479189896e+00
1.4727552174e+00,2.4197231444e+00,5.6134733938e-01,1.1940633272e+00,6.3070176625e-01,5.6336156092e-01,2.7506384616e+00
1.4737730165e+00,2.4212012708e+00,5.6173597473e-01,1.1943564032e+00,6.3068382702e-01,5.6367257620e-01,2.7533611671e+00
1.4747908155e+00,2.4226803001e+00,5.6212435128e-01,1.1946494138e+00,6.3066601289e-01,5.6398340087e-01,2.7560871122e+00
1.4758086146e+00,2.4241602330e+00,5.6251246898e-01,1.1949423594e+00,6.3064832426e-01,5.6429403515e-01,2.7588163029e+00
1.4768264136e+00,2.4256410699e+00,5.6290032778e-01,1.1952352408e+00,6.3063076153e-01,5.6460447930e-01,2.7615487452e+00
1.4778442127e+00,2.4271228114e+00,5.6328792764e-01,1.1955280586e+00,6.3061332508e-01,5.6491473354e-01,2.7642844453e+00
1.4788620117e+00,2.4286054580e+00,5.6367526850e-01,1.1958208134e+00,6.3059601530e-01,5.6522479813e-01,2.7670234092e+00
1.4798798107e+00,2.4300890103e+00,5.6406235031e-01,1.1961135059e+00,6.3057883259e-01,5.6553467329e-01,2.7697656431e+00
1.4808976098e+00,2.4315734689e+00,5.6444917303e-01,1.1964061366e+00,6.3056177734e-01,5.6584435927e-01,2.7725111529e+00
1.4819154088e+00,2.4330588343e+00,5.6483573661e-01,1.1966987062e+00,6.3054484992e-01,5.6615385631e-01,2.7752599448e+00
1.4829332079e+00,2.4345451071e+00,5.6522204101e-01,1.1969912154e+00,6.3052805073e-01,5.6646316465e-01,2.7780120250e+00
1.4839510069e+00,2.4360322877e+00,5.6560808618e-01,1.1972836647e+00,6.3051138016e-01,5.6677228452e-01,2.7807673995e+00
1.4849688060e+00,2.4375203768e+00,5.6599387207e-01,1.1975760548e+00,6.3049483858e-01,5.6708121618e-01,2.7835260745e+00
1.4859866050e+00,2.4390093750e+00,5.6637939864e-01,1.1978683862e+00,6.3047842639e-01,5.6738995986e-01,2.7862880562e+00
1.4870044041e+00,2.4404992827e+00,5.6676466585e-01,1.1981606598e+00,6.3046214396e-01,5.6769851580e-01,2.7890533505e+00
1.4880222031e+00,2.4419901006e+00,5.6714967366e-01,1.1984528759e+00,6.3044599168e-01,5.6800688424e-01,2.7918219639e+00
1.4890400022e+00,2.4434818291e+00,5.6753442202e-01,1.1987450354e+00,6.3042996993e-01,5.6831506543e-01,2.7945939023e+00
1.4900578012e+00,2.4449744689e+00,5.6791891089e-01,1.1990371387e+00,6.3041407908e-01,5.6862305960e-01,2.7973691720e+00
1.4910756002e+00,2.4464680205e+00,5.6830314024e-01,1.1993291865e+00,6.3039831953e-01,5.6893086700e-01,2.8001477792e+00
1.4920933993e+00,2.4479624845e+00,5.6868711002e-01,1.1996211795e+00,6.3038269164e-01,5.6923848788e-01,2.8029297300e+00
1.4931111983e+00,2.4494578614e+00,5.6907082019e-01,1.1999131183e+00,6.3036719580e-01,5.6954592247e-01,2.8057150308e+00
1.4941289974e+00,2.4509541517e+00,5.6945427071e-01,1.2002050034e+00,6.3035183238e-01,5.6985317101e-01,2.8085036876e+00
1.4951467964e+00,2.4524513561e+00,5.6983746156e-01,1.2004968355e+00,6.3033660176e-01,5.7016023375e-01,2.8112957067e+00
1.4961645955e+00,2.4539494751e+00,5.7022039269e-01,1.2007886152e+00,6.3032150431e-01,5.7046711094e-01,2.8140910943e+00
1.4971823945e+00,2.4554485092e+00,5.7060306406e-01,1.2010803432e+00,6.3030654040e-01,5.7077380281e-01,2.8168898567e+00
1.4982001936e+00,2.4569484590e+00,5.7098547564e-01,1.2013720200e+00,6.3029171042e-01,5.7108030960e-01,2.8196920002e+00
1.4992179926e+00,2.4584493252e+00,5.7136762740e-01,1.2016636463e+00,6.3027701473e-01,5.7138663157e-01,2.8224975310e+00
1.5002357916e+00,2.4599511081e+00,5.7174951929e-01,1.2019552227e+00,6.3026245370e-01,5.7169276896e-01,2.8253064553e+00
1.5012535907e+00,2.4614538084e+00,5.7213115130e-01,1.2022467497e+00,6.3024802771e-01,5.7199872201e-01,2.8281187795e+00
1.5022713897e+00,2.4629574267e+00,5.7251252338e-01,1.2025382281e+00,6.3023373712e-01,5.7230449096e-01,2.8309345098e+00
1.5032891888e+00,2.4644619634e+00,5.7289363550e-01,1.2028296584e+00,6.3021958230e-01,5.7261007606e-01,2.8337536526e+00
1.5043069878e+00,2.4659674193e+00,5.7327448763e-01,1.2031210412e+00,6.3020556363e-01,5.7291547755e-01,2.8365762141e+00
1.5053247869e+00,2.4674737948e+00,5.7365507974e-01,1.2034123771e+00,6.3019168146e-01,5.7322069568e-01,2.8394022006e+00
1.5063425859e+00,2.4689810904e+00,5.7403541181e-01,1.2037036669e+00,6.3017793617e-01,5.7352573069e-01,2.8422316186e+00
1.5073603850e+00,2.4704893069e+00,5.7441548379e-01,1.2039949109e+00,6.3016432811e-01,5.7383058283e-01,2.8450644742e+00
1.5083781840e+00,2.4719984446e+00,5.7479529567e-01,1.2042861100e+00,6.3015085767e-01,5.7413525235e-01,2.8479007740e+00
1.5093959830e+00,2.4735085043e+00,5.7517484741e-01,1.2045772647e+00,6.3013752519e-01,5.7443973948e-01,2.8507405242e+00
1.5104137821e+00,2.4750194863e+00,5.7555413899e-01,1.2048683755e+00,6.3012433104e-01,5.7474404448e-01,2.8535837311e+00
1.5114315811e+00,2.4765313914e+00,5.7593317038e-01,1.2051594432e+00,6.3011127558e-01,5.7504816759e-01,2.8564304013e+00
1.5124493802e+00,2.4780442201e+00,5.7631194156e-01,1.2054504682e+00,6.3009835918e-01,5.7535210906e-01,2.8592805409e+00
1.5134671792e+00,2.4795579728e+00,5.7669045249e-01,1.2057414513e+00,6.3008558219e-01,5.7565586913e-01,2.8621341566e+00
1.5144849783e+00,2.4810726503e+00,5.7706870316e-01,1.2060323930e+00,6.3007294498e-01,5.7595944804e-01,2.8649912545e+00
1.5155027773e+00,2.4825882531e+00,5.7744669353e-01,1.2063232940e+00,6.3006044790e-01,5.7626284606e-01,2.8678518413e+00
1.5165205764e+00,2.4841047817e+00,5.7782442360e-01,1.2066141547e+00,6.3004809131e-01,5.7656606342e-01,2.8707159232e+00
1.5175383754e+00,2.4856222366e+00,5.7820189333e-01,1.2069049759e+00,6.3003587557e-01,5.7686910037e-01,2.8735835068e+00
1.5185561744e+00,2.4871406186e+00,5.7857910270e-01,1.2071957582e+00,6.3002380104e-01,5.7717195716e-01,2.8764545984e+00
1.5195739735e+00,2.4886599280e+00,5.7895605169e-01,1.2074865021e+00,6.3001186806e-01,5.7747463403e-01,2.8793292045e+00
1.5205917725e+00,2.4901801656e+00,5.7933274029e-01,1.2077772082e+00,6.3000007700e-01,5.7777713123e-01,2.8822073316e+00
1.5216095716e+00,2.4917013318e+00,5.7970916846e-01,1.2080678772e+00,6.2998842821e-01,5.7807944902e-01,2.8850889861e+00
1.5226273706e+00,2.4932234273e+00,5.8008533619e-01,1.2083585097e+00,6.2997692203e-01,5.7838158763e-01,2.8879741746e+00
1.5236451697e+00,2.4947464525e+00,5.8046124347e-01,1.2086491062e+00,6.2996555884e-01,5.7868354732e-01,2.8908629034e+00
1.5246629687e+00,2.4962704081e+00,5.8083689027e-01,1.2089396673e+00,6.2995433896e-01,5.7898532833e-01,2.8937551792e+00
1.5256807678e+00,2.4977952947e+00,5.8121227657e-01,1.2092301937e+00,6.2994326276e-01,5.7928693092e-01,2.8966510084e+00
1.5266985668e+00,2.4993211127e+00,5.8158740236e-01,1.2095206859e+00,6.2993233059e-01,5.7958835533e-01,2.8995503976e+00
1.5277163658e+00,2.5008478628e+00,5.8196226763e-01,1.2098111446e+00,6.2992154279e-01,5.7988960181e-01,2.9024533533e+00
1.5287341649e+00,2.5023755456e+00,5.8233687235e-01,1.2101015703e+00,6.2991089971e-01,5.8019067061e-01,2.9053598820e+00
1.5297519639e+00,2.5039041615e+00,5.8271121652e-01,1.2103919637e+00,6.2990040171e-01,5.8049156198e-01,2.9082699902e+00
1.5307697630e+00,2.5054337113e+00,5.8308530011e-01,1.2106823253e+00,6.2989004912e-01,5.8079227616e-01,2.9111836846e+00
1.5317875620e+00,2.5069641954e+00,5.8345912312e-01,1.2109726557e+00,6.2987984229e-01,5.8109281342e-01,2.9141009717e+00
1.5328053611e+00,2.5084956144e+00,5.8383268553e-01,1.2112629556e+00,6.2986978157e-01,5.8139317399e-01,2.9170218580e+00
1.5338231601e+00,2.5100279689e+00,5.8420598732e-01,1.2115532254e+00,6.2985986730e-01,5.8169335813e-01,2.9199463503e+00
1.5348409592e+00,2.5115612595e+00,5.8457902850e-01,1.2118434659e+00,6.2985009982e-01,5.8199336608e-01,2.9228744550e+00
1.5358587582e+00,2.5130954867e+00,5.8495180903e-01,1.2121336776e+00,6.2984047949e-01,5.8229319810e-01,2.9258061787e+00
1.5368765572e+00,2.5146306511e+00,5.8532432892e-01,1.2124238611e+00,6.2983100663e-01,5.8259285444e-01,2.9287415282e+00
1.5378943563e+00,2.5161667533e+00,5.8569658816e-01,1.2127140169e+00,6.2982168159e-01,5.8289233535e-01,2.9316805101e+00
1.5389121553e+00,2.5177037938e+00,5.8606858673e-01,1.2130041458e+00,6.2981250472e-01,5.8319164108e-01,2.9346231309e+00
1.5399299544e+00,2.5192417733e+00,5.8644032463e-01,1.2132942482e+00,6.2980347635e-01,5.8349077188e-01,2.9375693973e+00
1.5409477534e+00,2.5207806922e+00,5.8681180185e-01,1.2135843248e+00,6.2979459681e-01,5.8378972800e-01,2.9405193160e+00
1.5419655525e+00,2.5223205513e+00,5.8718301837e-01,1.2138743761e+00,6.2978586646e-01,5.8408850969e-01,2.9434728937e+00
1.5429833515e+00,2.5238613510e+00,5.8755397420e-01,1.2141644028e+00,6.2977728562e-01,5.8438711720e-01,2.9464301370e+00
1.5440011506e+00,2.5254030919e+00,5.8792466933e-01,1.2144544054e+00,6.2976885463e-01,5.8468555079e-01,2.9493910527e+00
1.5450189496e+00,2.5269457746e+00,5.8829510375e-01,1.2147443845e+00,6.2976057383e-01,5.8498381070e-01,2.9523556474e+00
1.5460367486e+00,2.5284893997e+00,5.8866527745e-01,1.2150343408e+00,6.2975244356e-01,5.8528189719e-01,2.9553239278e+00
1.5470545477e+00,2.5300339677e+00,5.8903519044e-01,1.2153242747e+00,6.2974446414e-01,5.8557981052e-01,2.9582959007e+00
1.5480723467e+00,2.5315794792e+00,5.8940484270e-01,1.2156141868e+00,6.2973663592e-01,5.8587755092e-01,2.9612715728e+00
1.5490901458e+00,2.5331259349e+00,5.8977423424e-01,1.2159040779e+00,6.2972895921e-01,5.8617511866e-01,2.9642509509e+00
1.5501079448e+00,2.5346733352e+00,5.9014336505e-01,1.2161939484e+00,6.2972143437e-01,5.8647251399e-01,2.9672340416e+00
1.5511257439e+00,2.5362216808e+00,5.9051223513e-01,1.2164837989e+00,6.2971406171e-01,5.8676973716e-01,2.9702208518e+00
1.5521435429e+00,2.5377709722e+00,5.9088084447e-01,1.2167736300e+00,6.2970684157e-01,5.8706678842e-01,2.9732113883e+00
1.5531613420e+00,2.5393212100e+00,5.9124919309e-01,1.2170634423e+00,6.2969977428e-01,5.8736366802e-01,2.9762056578e+00
1.5541791410e+00,2.5408723949e+00,5.9161728097e-01,1.2173532364e+00,6.2969286017e-01,5.8766037623e-01,2.9792036671e+00
1.5551969400e+00,2.5424245272e+00,5.9198510811e-01,1.2176430128e+00,6.2968609957e-01,5.8795691328e-01,2.9822054230e+00
1.5562147391e+00,2.5439776077e+00,5.9235267453e-01,1.2179327722e+00,6.2967949280e-01,5.8825327944e-01,2.9852109323e+00
1.5572325381e+00,2.5455316370e+00,5.9271998021e-01,1.2182225151e+00,6.2967304019e-01,5.8854947496e-01,2.9882202020e+00
1.5582503372e+00,2.5470866155e+00,5.9308702517e-01,1.2185122422e+00,6.2966674207e-01,5.8884550009e-01,2.9912332387e+00
1.5592681362e+00,2.5486425440e+00,5.9345380939e-01,1.2188019538e+00,6.2966059876e-01,5.8914135508e-01,2.9942500494e+00
1.5602859353e+00,2.5501994229e+00,5.9382033290e-01,1.2190916508e+00,6.2965461059e-01,5.8943704020e-01,2.9972706409e+00
1.5613037343e+00,2.5517572528e+00,5.9418659568e-01,1.2193813336e+00,6.2964877789e-01,5.8973255569e-01,3.0002950200e+00
1.5623215334e+00,2.5533160344e+00,5.9455259775e-01,1.2196710028e+00,6.2964310097e-01,5.9002790181e-01,3.0033231938e+00
1.5633393324e+00,2.5548757682e+00,5.9491833910e-01,1.2199606590e+00,6.2963758016e-01,5.9032307881e-01,3.0063551689e+00
1.5643571314e+00,2.5564364547e+00,5.9528381975e-01,1.2202503027e+00,6.2963221578e-01,5.9061808695e-01,3.0093909525e+00
1.5653749305e+00,2.5579980946e+00,5.9564903970e-01,1.2205399346e+00,6.2962700816e-01,5.9091292648e-01,3.0124305512e+00
1.5663927295e+00,2.5595606885e+00,5.9601399896e-01,1.2208295553e+00,6.2962195761e-01,5.9120759766e-01,3.0154739722e+00
1.5674105286e+00,2.5611242369e+00,5.9637869753e-01,1.2211191652e+00,6.2961706446e-01,5.9150210074e-01,3.0185212223e+00
1.5684283276e+00,2.5626887405e+00,5.9674313543e-01,1.2214087650e+00,6.2961232901e-01,5.9179643598e-01,3.0215723085e+00
1.5694461267e+00,2.5642541997e+00,5.9710731265e-01,1.2216983552e+00,6.2960775160e-01,5.9209060363e-01,3.0246272376e+00
1.5704639257e+00,2.5658206152e+00,5.9747122921e-01,1.2219879365e+00,6.2960333254e-01,5.9238460394e-01,3.0276860168e+00
1.5714817248e+00,2.5673879876e+00,5.9783488513e-01,1.2222775093e+00,6.2959907215e-01,5.9267843718e-01,3.0307486529e+00
1.5724995238e+00,2.5689563175e+00,5.9819828039e-01,1.2225670743e+00,6.2959497074e-01,5.9297210360e-01,3.0338151530e+00
1.5735173228e+00,2.5705256054e+00,5.9856141503e-01,1.2228566321e+00,6.2959102864e-01,5.9326560345e-01,3.0368855240e+00
1.5745351219e+00,2.5720958519e+00,5.9892428905e-01,1.2231461831e+00,6.2958724615e-01,5.9355893700e-01,3.0399597729e+00
1.5755529209e+00,2.5736670576e+00,5.9928690245e-01,1.2234357281e+00,6.2958362359e-01,5.9385210449e-01,3.0430379068e+00
1.5765707200e+00,2.5752392231e+00,5.9964925526e-01,1.2237252675e+00,6.2958016127e-01,5.9414510618e-01,3.0461199328e+00
1.5775885190e+00,2.5768123490e+00,6.0001134749e-01,1.2240148018e+00,6.2957685951e-01,5.9443794234e-01,3.0492058577e+00
1.5786063181e+00,2.5783864359e+00,6.0037317915e-01,1.2243043318e+00,6.2957371862e-01,5.9473061321e-01,3.0522956888e+00
1.5796241171e+00,2.5799614843e+00,6.0073475024e-01,1.2245938580e+00,6.2957073892e-01,5.9502311905e-01,3.0553894330e+00
1.5806419162e+00,2.5815374949e+00,6.0109606080e-01,1.2248833808e+00,6.2956792071e-01,5.9531546012e-01,3.0584870975e+00
1.5816597152e+00,2.5831144682e+00,6.0145711083e-01,1.2251729010e+00,6.2956526430e-01,5.9560763668e-01,3.0615886893e+00
1.5826775142e+00,2.5846924048e+00,6.0181790034e-01,1.2254624190e+00,6.2956277000e-01,5.9589964898e-01,3.0646942155e+00
1.5836953133e+00,2.5862713054e+00,6.0217842936e-01,1.2257519354e+00,6.2956043814e-01,5.9619149728e-01,3.0678036832e+00
1.5847131123e+00,2.5878511704e+00,6.0253869789e-01,1.2260414508e+00,6.2955826900e-01,5.9648318184e-01,3.0709170996e+00
1.5857309114e+00,2.5894320005e+00,6.0289870597e-01,1.2263309658e+00,6.2955626290e-01,5.9677470292e-01,3.0740344717e+00
1.5867487104e+00,2.5910137963e+00,6.0325845359e-01,1.2266204809e+00,6.2955442016e-01,5.9706606076e-01,3.0771558068e+00
1.5877665095e+00,2.5925965583e+00,6.0361794079e-01,1.2269099967e+00,6.2955274106e-01,5.9735725564e-01,3.0802811119e+00
1.5887843085e+00,2.5941802872e+00,6.0397716759e-01,1.2271995137e+00,6.2955122593e-01,5.9764828781e-01,3.0834103943e+00
1.5898021076e+00,2.5957649836e+00,6.0433613399e-01,1.2274890326e+00,6.2954987507e-01,5.9793915752e-01,3.0865436611e+00
1.5908199066e+00,2.5973506480e+00,6.0469484002e-01,1.2277785538e+00,6.2954868878e-01,5.9822986504e-01,3.0896809195e+00
1.5918377056e+00,2.5989372810e+00,6.0505328570e-01,1.2280680780e+00,6.2954766736e-01,5.9852041062e-01,3.0928221766e+00
1.5928555047e+00,2.6005248832e+00,6.0541147105e-01,1.2283576056e+00,6.2954681112e-01,5.9881079452e-01,3.0959674398e+00
1.5938733037e+00,2.6021134553e+00,6.0576939609e-01,1.2286471374e+00,6.2954612037e-01,5.9910101701e-01,3.0991167162e+00
1.5948911028e+00,2.6037029977e+00,6.0612706085e-01,1.2289366737e+00,6.2954559539e-01,5.9939107833e-01,3.1022700130e+00
1.5959089018e+00,2.6052935112e+00,6.0648446534e-01,1.2292262153e+00,6.2954523651e-01,5.9968097874e-01,3.1054273376e+00
1.5969267009e+00,2.6068849962e+00,6.0684160959e-01,1.2295157625e+00,6.2954504402e-01,5.9997071852e-01,3.1085886971e+00
1.5979444999e+00,2.6084774534e+00,6.0719849362e-01,1.2298053161e+00,6.2954501821e-01,6.0026029790e-01,3.1117540988e+00
1.5989622990e+00,2.6100708835e+00,6.0755511746e-01,1.2300948766e+00,6.2954515939e-01,6.0054971717e-01,3.1149235500e+00
1.5999800980e+00,2.6116652868e+00,6.0791148113e-01,1.2303844444e+00,6.2954546786e-01,6.0083897656e-01,3.1180970580e+00
1.6009978970e+00,2.6132606642e+00,6.0826758465e-01,1.2306740203e+00,6.2954594391e-01,6.0112807635e-01,3.1212746300e+00
1.6020156961e+00,2.6148570161e+00,6.0862342805e-01,1.2309636046e+00,6.2954658785e-01,6.0141701679e-01,3.1244562735e+00
1.6030334951e+00,2.6164543431e+00,6.0897901136e-01,1.2312531981e+00,6.2954739997e-01,6.0170579814e-01,3.1276419956e+00
1.6040512942e+00,2.6180526459e+00,6.0933433460e-01,1.2315428012e+00,6.2954838057e-01,6.0199442066e-01,3.1308318039e+00
1.6050690932e+00,2.6196519251e+00,6.0968939780e-01,1.2318324146e+00,6.2954952994e-01,6.0228288461e-01,3.1340257055e+00
1.6060868923e+00,2.6212521812e+00,6.1004420099e-01,1.2321220386e+00,6.2955084838e-01,6.0257119026e-01,3.1372237079e+00
1.6071046913e+00,2.6228534149e+00,6.1039874419e-01,1.2324116740e+00,6.2955233619e-01,6.0285933785e-01,3.1404258184e+00
1.6081224904e+00,2.6244556267e+00,6.1075302744e-01,1.2327013213e+00,6.2955399366e-01,6.0314732766e-01,3.1436320444e+00
1.6091402894e+00,2.6260588172e+00,6.1110705076e-01,1.2329909810e+00,6.2955582108e-01,6.0343515994e-01,3.1468423933e+00
1.6101580885e+00,2.6276629870e+00,6.1146081418e-01,1.2332806537e+00,6.2955781875e-01,6.0372283495e-01,3.1500568725e+00
1.6111758875e+00,2.6292681368e+00,6.1181431772e-01,1.2335703399e+00,6.2955998696e-01,6.0401035295e-01,3.1532754894e+00
1.6121936865e+00,2.6308742672e+00,6.1216756144e-01,1.2338600402e+00,6.2956232601e-01,6.0429771420e-01,3.1564982515e+00
1.6132114856e+00,2.6324813786e+00,6.1252054534e-01,1.2341497551e+00,6.2956483617e-01,6.0458491897e-01,3.1597251662e+00
1.6142292846e+00,2.6340894718e+00,6.1287326947e-01,1.2344394853e+00,6.2956751775e-01,6.0487196752e-01,3.1629562409e+00
1.6152470837e+00,2.6356985473e+00,6.1322573385e-01,1.2347292311e+00,6.2957037103e-01,6.0515886009e-01,3.1661914831e+00
1.6162648827e+00,2.6373086058e+00,6.1357793852e-01,1.2350189933e+00,6.2957339631e-01,6.0544559697e-01,3.1694309003e+00
1.6172826818e+00,2.6389196477e+00,6.1392988351e-01,1.2353087723e+00,6.2957659387e-01,6.0573217841e-01,3.1726744999e+00
1.6183004808e+00,2.6405316738e+00,6.1428156885e-01,1.2355985687e+00,6.2957996401e-01,6.0601860466e-01,3.1759222895e+00
1.6193182799e+00,2.6421446847e+00,6.1463299459e-01,1.2358883830e+00,6.2958350700e-01,6.0630487599e-01,3.1791742766e+00
1.6203360789e+00,2.6437586808e+00,6.1498416074e-01,1.2361782158e+00,6.2958722314e-01,6.0659099267e-01,3.1824304687e+00
1.6213538779e+00,2.6453736629e+00,6.1533506735e-01,1.2364680677e+00,6.2959111272e-01,6.0687695495e-01,3.1856908733e+00
1.6223716770e+00,2.6469896316e+00,6.1568571446e-01,1.2367579391e+00,6.2959517602e-01,6.0716276310e-01,3.1889554980e+00
1.6233894760e+00,2.6486065874e+00,6.1603610209e-01,1.2370478307e+00,6.2959941332e-01,6.0744841737e-01,3.1922243504e+00
1.6244072751e+00,2.6502245309e+00,6.1638623028e-01,1.2373377430e+00,6.2960382492e-01,6.0773391803e-01,3.1954974379e+00
1.6254250741e+00,2.6518434628e+00,6.1673609908e-01,1.2376276764e+00,6.2960841109e-01,6.0801926535e-01,3.1987747683e+00
1.6264428732e+00,2.6534633836e+00,6.1708570851e-01,1.2379176317e+00,6.2961317213e-01,6.0830445958e-01,3.2020563490e+00
1.6274606722e+00,2.6550842940e+00,6.1743505862e-01,1.2382076093e+00,6.2961810831e-01,6.0858950098e-01,3.2053421877e+00
1.6284784713e+00,2.6567061945e+00,6.1778414944e-01,1.2384976097e+00,6.2962321991e-01,6.0887438982e-01,3.2086322921e+00
1.6294962703e+00,2.6583290858e+00,6.1813298102e-01,1.2387876336e+00,6.2962850723e-01,6.0915912637e-01,3.2119266697e+00
1.6305140693e+00,2.6599529685e+00,6.1848155338e-01,1.2390776814e+00,6.2963397054e-01,6.0944371088e-01,3.2152253281e+00
1.6315318684e+00,2.6615778431e+00,6.1882986658e-01,1.2393677537e+00,6.2963961012e-01,6.0972814361e-01,3.2185282752e+00
1.6325496674e+00,2.6632037103e+00,6.1917792064e-01,1.2396578511e+00,6.2964542625e-01,6.1001242483e-01,3.2218355184e+00
1.6335674665e+00,2.6648305707e+00,6.1952571562e-01,1.2399479740e+00,6.2965141922e-01,6.1029655481e-01,3.2251470655e+00
1.6345852655e+00,2.6664584249e+00,6.1987325155e-01,1.2402381231e+00,6.2965758930e-01,6.1058053380e-01,3.2284629242e+00
1.6356030646e+00,2.6680872735e+00,6.2022052847e-01,1.2405282988e+00,6.2966393678e-01,6.1086436207e-01,3.2317831023e+00
1.6366208636e+00,2.6697171171e+00,6.2056754642e-01,1.2408185018e+00,6.2967046193e-01,6.1114803988e-01,3.2351076073e+00
1.6376386627e+00,2.6713479564e+00,6.2091430545e-01,1.2411087325e+00,6.2967716502e-01,6.1143156749e-01,3.2384364470e+00
1.6386564617e+00,2.6729797918e+00,6.2126080560e-01,1.2413989915e+00,6.2968404635e-01,6.1171494517e-01,3.2417696293e+00
1.6396742607e+00,2.6746126241e+00,6.2160704692e-01,1.2416892794e+00,6.2969110618e-01,6.1199817319e-01,3.2451071617e+00
1.6406920598e+00,2.6762464538e+00,6.2195302944e-01,1.2419795966e+00,6.2969834479e-01,6.1228125180e-01,3.2484490522e+00
1.6417098588e+00,2.6778812816e+00,6.2229875321e-01,1.2422699437e+00,6.2970576246e-01,6.1256418126e-01,3.2517953084e+00
1.6427276579e+00,2.6795171081e+00,6.2264421827e-01,1.2425603213e+00,6.2971335946e-01,6.1284696185e-01,3.2551459383e+00
1.6437454569e+00,2.6811539338e+00,6.2298942468e-01,1.2428507299e+00,6.2972113607e-01,6.1312959383e-01,3.2585009495e+00
1.6447632560e+00,2.6827917593e+00,6.2333437247e-01,1.2431411700e+00,6.2972909256e-01,6.1341207746e-01,3.2618603499e+00
1.6457810550e+00,2.6844305854e+00,6.2367906169e-01,1.2434316422e+00,6.2973722921e-01,6.1369441301e-01,3.2652241473e+00
1.6467988541e+00,2.6860704126e+00,6.2402349239e-01,1.2437221470e+00,6.2974554629e-01,6.1397660073e-01,3.2685923496e+00
1.6478166531e+00,2.6877112415e+00,6.2436766461e-01,1.2440126850e+00,6.2975404407e-01,6.1425864089e-01,3.2719649646e+00
1.6488344521e+00,2.6893530727e+00,6.2471157840e-01,1.2443032566e+00,6.2976272282e-01,6.1454053377e-01,3.2753420002e+00
1.6498522512e+00,2.6909959069e+00,6.2505523381e-01,1.2445938624e+00,6.2977158282e-01,6.1482227961e-01,3.2787234642e+00
1.6508700502e+00,2.6926397446e+00,6.2539863089e-01,1.2448845030e+00,6.2978062434e-01,6.1510387870e-01,3.2821093646e+00
1.6518878493e+00,2.6942845865e+00,6.2574176968e-01,1.2451751789e+00,6.2978984765e-01,6.1538533128e-01,3.2854997093e+00
1.6529056483e+00,2.6959304332e+00,6.2608465024e-01,1.2454658907e+00,6.2979925302e-01,6.1566663763e-01,3.2888945062e+00
1.6539234474e+00,2.6975772852e+00,6.2642727261e-01,1.2457566387e+00,6.2980884072e-01,6.1594779801e-01,3.2922937631e+00
1.6549412464e+00,2.6992251433e+00,6.2676963684e-01,1.2460474237e+00,6.2981861101e-01,6.1622881269e-01,3.2956974882e+00
1.6559590455e+00,2.7008740079e+00,6.2711174299e-01,1.2463382461e+00,6.2982856418e-01,6.1650968193e-01,3.2991056892e+00
1.6569768445e+00,2.7025238798e+00,6.2745359110e-01,1.2466291065e+00,6.2983870048e-01,6.1679040600e-01,3.3025183742e+00
1.6579946435e+00,2.7041747596e+00,6.2779518122e-01,1.2469200053e+00,6.2984902018e-01,6.1707098515e-01,3.3059355512e+00
1.6590124426e+00,2.7058266478e+00,6.2813651342e-01,1.2472109432e+00,6.2985952356e-01,6.1735141967e-01,3.3093572282e+00
1.6600302416e+00,2.7074795451e+00,6.2847758773e-01,1.2475019207e+00,6.2987021087e-01,6.1763170980e-01,3.3127834131e+00
1.6610480407e+00,2.7091334522e+00,6.2881840421e-01,1.2477929382e+00,6.2988108239e-01,6.1791185583e-01,3.3162141140e+00
1.6620658397e+00,2.7107883695e+00,6.2915896291e-01,1.2480839964e+00,6.2989213838e-01,6.1819185800e-01,3.3196493389e+00
1.6630836388e+00,2.7124442977e+00,6.2949926389e-01,1.2483750957e+00,6.2990337910e-01,6.1847171660e-01,3.3230890959e+00
1.6641014378e+00,2.7141012375e+00,6.2983930720e-01,1.2486662367e+00,6.2991480483e-01,6.1875143188e-01,3.3265333930e+00
1.6651192369e+00,2.7157591895e+00,6.3017909289e-01,1.2489574199e+00,6.2992641582e-01,6.1903100411e-01,3.3299822384e+00
1.6661370359e+00,2.7174181543e+00,6.3051862103e-01,1.2492486459e+00,6.2993821234e-01,6.1931043356e-01,3.3334356400e+00
1.6671548349e+00,2.7190781324e+00,6.3085789165e-01,1.2495399151e+00,6.2995019466e-01,6.1958972049e-01,3.3368936060e+00
1.6681726340e+00,2.7207391246e+00,6.3119690483e-01,1.2498312282e+00,6.2996236303e-01,6.1986886517e-01,3.3403561445e+00
1.6691904330e+00,2.7224011315e+00,6.3153566060e-01,1.2501225856e+00,6.2997471772e-01,6.2014786787e-01,3.3438232636e+00
1.6702082321e+00,2.7240641536e+00,6.3187415904e-01,1.2504139878e+00,6.2998725899e-01,6.2042672884e-01,3.3472949715e+00
1.6712260311e+00,2.7257281915e+00,6.3221240020e-01,1.2507054355e+00,6.2999998710e-01,6.2070544836e-01,3.3507712763e+00
1.6722438302e+00,2.7273932460e+00,6.3255038413e-01,1.2509969290e+00,6.3001290232e-01,6.2098402670e-01,3.3542521861e+00
1.6732616292e+00,2.7290593176e+00,6.3288811089e-01,1.2512884690e+00,6.3002600490e-01,6.2126246412e-01,3.3577377093e+00
1.6742794283e+00,2.7307264070e+00,6.3322558054e-01,1.2515800560e+00,6.3003929511e-01,6.2154076088e-01,3.3612278538e+00
1.6752972273e+00,2.7323945147e+00,6.3356279313e-01,1.2518716905e+00,6.3005277320e-01,6.2181891726e-01,3.3647226281e+00
1.6763150263e+00,2.7340636414e+00,6.3389974873e-01,1.2521633730e+00,6.3006643944e-01,6.2209693352e-01,3.3682220402e+00
1.6773328254e+00,2.7357337878e+00,6.3423644739e-01,1.2524551040e+00,6.3008029408e-01,6.2237480993e-01,3.3717260983e+00
1.6783506244e+00,2.7374049543e+00,6.3457288918e-01,1.2527468841e+00,6.3009433738e-01,6.2265254675e-01,3.3752348109e+00
1.6793684235e+00,2.7390771418e+00,6.3490907415e-01,1.2530387139e+00,6.3010856960e-01,6.2293014425e-01,3.3787481860e+00
1.6803862225e+00,2.7407503507e+00,6.3524500236e-01,1.2533305937e+00,6.3012299100e-01,6.2320760270e-01,3.3822662321e+00
1.6814040216e+00,2.7424245817e+00,6.3558067388e-01,1.2536225242e+00,6.3013760183e-01,6.2348492237e-01,3.3857889573e+00
1.6824218206e+00,2.7440998354e+00,6.3591608876e-01,1.2539145059e+00,6.3015240236e-01,6.2376210352e-01,3.3893163699e+00
1.6834396197e+00,2.7457761125e+00,6.3625124707e-01,1.2542065392e+00,6.3016739283e-01,6.2403914642e-01,3.3928484783e+00
1.6844574187e+00,2.7474534136e+00,6.3658614886e-01,1.2544986248e+00,6.3018257350e-01,6.2431605134e-01,3.3963852908e+00
1.6854752177e+00,2.7491317393e+00,6.3692079420e-01,1.2547907632e+00,6.3019794463e-01,6.2459281854e-01,3.3999268158e+00
1.6864930168e+00,2.7508110902e+00,6.3725518316e-01,1.2550829548e+00,6.3021350647e-01,6.2486944829e-01,3.4034730615e+00
1.6875108158e+00,2.7524914669e+00,6.3758931579e-01,1.2553752002e+00,6.3022925929e-01,6.2514594087e-01,3.4070240364e+00
1.6885286149e+00,2.7541728702e+00,6.3792319216e-01,1.2556674999e+00,6.3024520332e-01,6.2542229653e-01,3.4105797489e+00
1.6895464139e+00,2.7558553006e+00,6.3825681233e-01,1.2559598544e+00,6.3026133883e-01,6.2569851555e-01,3.4141402072e+00
1.6905642130e+00,2.7575387587e+00,6.3859017636e-01,1.2562522643e+00,6.3027766606e-01,6.2597459820e-01,3.4177054199e+00
1.6915820120e+00,2.7592232452e+00,6.3892328432e-01,1.2565447300e+00,6.3029418528e-01,6.2625054473e-01,3.4212753954e+00
1.6925998111e+00,2.7609087606e+00,6.3925613628e-01,1.2568372522e+00,6.3031089673e-01,6.2652635543e-01,3.4248501421e+00
1.6936176101e+00,2.7625953057e+00,6.3958873230e-01,1.2571298312e+00,6.3032780067e-01,6.2680203055e-01,3.4284296683e+00
1.6946354091e+00,2.7642828811e+00,6.3992107244e-01,1.2574224677e+00,6.3034489734e-01,6.2707757037e-01,3.4320139827e+00
1.6956532082e+00,2.7659714873e+00,6.4025315678e-01,1.2577151622e+00,6.3036218700e-01,6.2735297516e-01,3.4356030937e+00
1.6966710072e+00,2.7676611251e+00,6.4058498537e-01,1.2580079151e+00,6.3037966990e-01,6.2762824518e-01,3.4391970098e+00
1.6976888063e+00,2.7693517949e+00,6.4091655828e-01,1.2583007270e+00,6.3039734628e-01,6.2790338069e-01,3.4427957394e+00
1.6987066053e+00,2.7710434976e+00,6.4124787559e-01,1.2585935984e+00,6.3041521641e-01,6.2817838198e-01,3.4463992911e+00
1.6997244044e+00,2.7727362337e+00,6.4157893735e-01,1.2588865298e+00,6.3043328052e-01,6.2845324931e-01,3.4500076735e+00
1.7007422034e+00,2.7744300038e+00,6.4190974364e-01,1.2591795218e+00,6.3045153887e-01,6.2872798294e-01,3.4536208950e+00
1.7017600025e+00,2.7761248085e+00,6.4224029453e-01,1.2594725748e+00,6.3046999170e-01,6.2900258315e-01,3.4572389643e+00
1.7027778015e+00,2.7778206486e+00,6.4257059007e-01,1.2597656895e+00,6.3048863927e-01,6.2927705020e-01,3.4608618898e+00
1.7037956005e+00,2.7795175246e+00,6.4290063035e-01,1.2600588662e+00,6.3050748181e-01,6.2955138436e-01,3.4644896803e+00
1.7048133996e+00,2.7812154371e+00,6.4323041543e-01,1.2603521055e+00,6.3052651959e-01,6.2982558591e-01,3.4681223442e+00
1.7058311986e+00,2.7829143869e+00,6.4355994538e-01,1.2606454079e+00,6.3054575283e-01,6.3009965511e-01,3.4717598903e+00
1.7068489977e+00,2.7846143745e+00,6.4388922027e-01,1.2609387740e+00,6.3056518180e-01,6.3037359223e-01,3.4754023271e+00
1.7078667967e+00,2.7863154005e+00,6.4421824017e-01,1.2612322043e+00,6.3058480674e-01,6.3064739753e-01,3.4790496633e+00
1.7088845958e+00,2.7880174657e+00,6.4454700515e-01,1.2615256992e+00,6.3060462789e-01,6.3092107130e-01,3.4827019075e+00
1.7099023948e+00,2.7897205705e+00,6.4487551528e-01,1.2618192593e+00,6.3062464550e-01,6.3119461379e-01,3.4863590685e+00
1.7109201939e+00,2.7914247158e+00,6.4520377063e-01,1.2621128851e+00,6.3064485981e-01,6.3146802528e-01,3.4900211548e+00
1.7119379929e+00,2.7931299020e+00,6.4553177128e-01,1.2624065771e+00,6.3066527107e-01,6.3174130604e-01,3.4936881753e+00
1.7129557919e+00,2.7948361299e+00,6.4585951730e-01,1.2627003358e+00,6.3068587952e-01,6.3201445633e-01,3.4973601386e+00
1.7139735910e+00,2.7965434001e+00,6.4618700876e-01,1.2629941618e+00,6.3070668540e-01,6.3228747643e-01,3.5010370535e+00
1.7149913900e+00,2.7982517132e+00,6.4651424572e-01,1.2632880556e+00,6.3072768897e-01,6.3256036660e-01,3.5047189286e+00
1.7160091891e+00,2.7999610698e+00,6.4684122828e-01,1.2635820176e+00,6.3074889045e-01,6.3283312711e-01,3.5084057728e+00
1.7170269881e+00,2.8016714706e+00,6.4716795649e-01,1.2638760483e+00,6.3077029010e-01,6.3310575824e-01,3.5120975949e+00
1.7180447872e+00,2.8033829163e+00,6.4749443044e-01,1.2641701484e+00,6.3079188816e-01,6.3337826026e-01,3.5157944035e+00
1.7190625862e+00,2.8050954074e+00,6.4782065019e-01,1.2644643183e+00,6.3081368486e-01,6.3365063342e-01,3.5194962076e+00
1.7200803853e+00,2.8068089446e+00,6.4814661582e-01,1.2647585585e+00,6.3083568045e-01,6.3392287801e-01,3.5232030160e+00
1.7210981843e+00,2.8085235286e+00,6.4847232742e-01,1.2650528695e+00,6.3085787517e-01,6.3419499430e-01,3.5269148374e+00
1.7221159833e+00,2.8102391599e+00,6.4879778504e-01,1.2653472518e+00,6.3088026926e-01,6.3446698255e-01,3.5306316807e+00
1.7231337824e+00,2.8119558393e+00,6.4912298877e-01,1.2656417060e+00,6.3090286297e-01,6.3473884303e-01,3.5343535548e+00
1.7241515814e+00,2.8136735673e+00,6.4944793868e-01,1.2659362325e+00,6.3092565652e-01,6.3501057601e-01,3.5380804685e+00
1.7251693805e+00,2.8153923446e+00,6.4977263485e-01,1.2662308319e+00,6.3094865017e-01,6.3528218177e-01,3.5418124308e+00
1.7261871795e+00,2.8171121719e+00,6.5009707736e-01,1.2665255047e+00,6.3097184414e-01,6.3555366058e-01,3.5455494505e+00
1.7272049786e+00,2.8188330497e+00,6.5042126628e-01,1.2668202514e+00,6.3099523868e-01,6.3582501270e-01,3.5492915366e+00
1.7282227776e+00,2.8205549788e+00,6.5074520169e-01,1.2671150724e+00,6.3101883403e-01,6.3609623840e-01,3.5530386980e+00
1.7292405767e+00,2.8222779597e+00,6.5106888366e-01,1.2674099684e+00,6.3104263042e-01,6.3636733796e-01,3.5567909437e+00
1.7302583757e+00,2.8240019932e+00,6.5139231228e-01,1.2677049397e+00,6.3106662809e-01,6.3663831165e-01,3.5605482826e+00
1.7312761747e+00,2.8257270798e+00,6.5171548763e-01,1.2679999870e+00,6.3109082729e-01,6.3690915973e-01,3.5643107236e+00
1.7322939738e+00,2.8274532202e+00,6.5203840978e-01,1.2682951107e+00,6.3111522824e-01,6.3717988248e-01,3.5680782759e+00
1.7333117728e+00,2.8291804150e+00,6.5236107881e-01,1.2685903113e+00,6.3113983118e-01,6.3745048017e-01,3.5718509483e+00
1.7343295719e+00,2.8309086649e+00,6.5268349480e-01,1.2688855894e+00,6.3116463635e-01,6.3772095307e-01,3.5756287500e+00
1.7353473709e+00,2.8326379706e+00,6.5300565783e-01,1.2691809454e+00,6.3118964399e-01,6.3799130144e-01,3.5794116899e+00
1.7363651700e+00,2.8343683326e+00,6.5332756797e-01,1.2694763799e+00,6.3121485432e-01,6.3826152557e-01,3.5831997771e+00
1.7373829690e+00,2.8360997516e+00,6.5364922532e-01,1.2697718933e+00,6.3124026759e-01,6.3853162572e-01,3.5869930207e+00
1.7384007681e+00,2.8378322284e+00,6.5397062995e-01,1.2700674862e+00,6.3126588403e-01,6.3880160216e-01,3.5907914298e+00
1.7394185671e+00,2.8395657634e+00,6.5429178194e-01,1.2703631590e+00,6.3129170388e-01,6.3907145517e-01,3.5945950134e+00
1.7404363662e+00,2.8413003574e+00,6.5461268138e-01,1.2706589124e+00,6.3131772736e-01,6.3934118501e-01,3.5984037807e+00
1.7414541652e+00,2.8430360109e+00,6.5493332833e-01,1.2709547467e+00,6.3134395472e-01,6.3961079196e-01,3.6022177407e+00
1.7424719642e+00,2.8447727248e+00,6.5525372290e-01,1.2712506625e+00,6.3137038618e-01,6.3988027628e-01,3.6060369028e+00
1.7434897633e+00,2.8465104995e+00,6.5557386515e-01,1.2715466602e+00,6.3139702198e-01,6.4014963825e-01,3.6098612759e+00
1.7445075623e+00,2.8482493358e+00,6.5589375517e-01,1.2718427405e+00,6.3142386234e-01,6.4041887815e-01,3.6136908693e+00
1.7455253614e+00,2.8499892343e+00,6.5621339304e-01,1.2721389037e+00,6.3145090752e-01,6.4068799623e-01,3.6175256921e+00
1.7465431604e+00,2.8517301956e+00,6.5653277885e-01,1.2724351505e+00,6.3147815773e-01,6.4095699278e-01,3.6213657537e+00
1.7475609595e+00,2.8534722204e+00,6.5685191268e-01,1.2727314813e+00,6.3150561320e-01,6.4122586806e-01,3.6252110631e+00
1.7485787585e+00,2.8552153094e+00,6.5717079462e-01,1.2730278965e+00,6.3153327418e-01,6.4149462235e-01,3.6290616296e+00
1.7495965576e+00,2.8569594631e+00,6.5748942474e-01,1.2733243968e+00,6.3156114088e-01,6.4176325591e-01,3.6329174625e+00
1.7506143566e+00,2.8587046823e+00,6.5780780313e-01,1.2736209826e+00,6.3158921354e-01,6.4203176902e-01,3.6367785711e+00
1.7516321556e+00,2.8604509676e+00,6.5812592988e-01,1.2739176544e+00,6.3161749239e-01,6.4230016196e-01,3.6406449646e+00
1.7526499547e+00,2.8621983196e+00,6.5844380507e-01,1.2742144127e+00,6.3164597767e-01,6.4256843499e-01,3.6445166523e+00
1.7536677537e+00,2.8639467391e+00,6.5876142879e-01,1.2745112580e+00,6.3167466959e-01,6.4283658838e-01,3.6483936435e+00
1.7546855528e+00,2.8656962266e+00,6.5907880112e-01,1.2748081908e+00,6.3170356839e-01,6.4310462241e-01,3.6522759476e+00
1.7557033518e+00,2.8674467828e+00,6.5939592214e-01,1.2751052116e+00,6.3173267430e-01,6.4337253735e-01,3.6561635738e+00
1.7567211509e+00,2.8691984083e+00,6.5971279195e-01,1.2754023210e+00,6.3176198754e-01,6.4364033346e-01,3.6600565317e+00
1.7577389499e+00,2.8709511039e+00,6.6002941063e-01,1.2756995194e+00,6.3179150835e-01,6.4390801103e-01,3.6639548305e+00
1.7587567490e+00,2.8727048701e+00,6.6034577827e-01,1.2759968073e+00,6.3182123696e-01,6.4417557033e-01,3.6678584795e+00
1.7597745480e+00,2.8744597076e+00,6.6066189496e-01,1.2762941852e+00,6.3185117358e-01,6.4444301162e-01,3.6717674884e+00
1.7607923470e+00,2.8762156171e+00,6.6097776077e-01,1.2765916536e+00,6.3188131845e-01,6.4471033518e-01,3.6756818663e+00
1.7618101461e+00,2.8779725992e+00,6.6129337581e-01,1.2768892131e+00,6.3191167180e-01,6.4497754128e-01,3.6796016229e+00
1.7628279451e+00,2.8797306546e+00,6.6160874015e-01,1.2771868640e+00,6.3194223385e-01,6.4524463020e-01,3.6835267675e+00
1.7638457442e+00,2.8814897840e+00,6.6192385388e-01,1.2774846070e+00,6.3197300482e-01,6.4551160220e-01,3.6874573096e+00
1.7648635432e+00,2.8832499879e+00,6.6223871711e-01,1.2777824425e+00,6.3200398495e-01,6.4577845756e-01,3.6913932587e+00
1.7658813423e+00,2.8850112671e+00,6.6255332990e-01,1.2780803710e+00,6.3203517446e-01,6.4604519655e-01,3.6953346243e+00
1.7668991413e+00,2.8867736222e+00,6.6286769236e-01,1.2783783930e+00,6.3206657358e-01,6.4631181944e-01,3.6992814159e+00
1.7679169404e+00,2.8885370538e+00,6.6318180456e-01,1.2786765090e+00,6.3209818252e-01,6.4657832651e-01,3.7032336430e+00
1.7689347394e+00,2.8903015627e+00,6.6349566661e-01,1.2789747196e+00,6.3213000153e-01,6.4684471803e-01,3.7071913153e+00
1.7699525384e+00,2.8920671495e+00,6.6380927859e-01,1.2792730251e+00,6.3216203081e-01,6.4711099427e-01,3.7111544421e+00
1.7709703375e+00,2.8938338147e+00,6.6412264059e-01,1.2795714261e+00,6.3219427059e-01,6.4737715551e-01,3.7151230333e+00
1.7719881365e+00,2.8956015592e+00,6.6443575271e-01,1.2798699231e+00,6.3222672110e-01,6.4764320201e-01,3.7190970982e+00
1.7730059356e+00,2.8973703836e+00,6.6474861502e-01,1.2801685166e+00,6.3225938257e-01,6.4790913405e-01,3.7230766466e+00
1.7740237346e+00,2.8991402884e+00,6.6506122763e-01,1.2804672071e+00,6.3229225521e-01,6.4817495190e-01,3.7270616880e+00
1.7750415337e+00,2.9009112744e+00,6.6537359063e-01,1.2807659951e+00,6.3232533924e-01,6.4844065584e-01,3.7310522322e+00
1.7760593327e+00,2.9026833423e+00,6.6568570410e-01,1.2810648810e+00,6.3235863490e-01,6.4870624613e-01,3.7350482888e+00
1.7770771318e+00,2.9044564927e+00,6.6599756815e-01,1.2813638655e+00,6.3239214240e-01,6.4897172306e-01,3.7390498673e+00
1.7780949308e+00,2.9062307262e+00,6.6630918285e-01,1.2816629489e+00,6.3242586197e-01,6.4923708689e-01,3.7430569777e+00
1.7791127298e+00,2.9080060435e+00,6.6662054831e-01,1.2819621317e+00,6.3245979382e-01,6.4950233790e-01,3.7470696295e+00
1.7801305289e+00,2.9097824453e+00,6.6693166461e-01,1.2822614145e+00,6.3249393818e-01,6.4976747636e-01,3.7510878324e+00
1.7811483279e+00,2.9115599323e+00,6.6724253185e-01,1.2825607978e+00,6.3252829527e-01,6.5003250254e-01,3.7551115963e+00
1.7821661270e+00,2.9133385050e+00,6.6755315013e-01,1.2828602820e+00,6.3256286531e-01,6.5029741672e-01,3.7591409308e+00
1.7831839260e+00,2.9151181643e+00,6.6786351953e-01,1.2831598677e+00,6.3259764853e-01,6.5056221917e-01,3.7631758459e+00
1.7842017251e+00,2.9168989106e+00,6.6817364016e-01,1.2834595553e+00,6.3263264513e-01,6.5082691016e-01,3.7672163511e+00
1.7852195241e+00,2.9186807448e+00,6.6848351210e-01,1.2837593453e+00,6.3266785535e-01,6.5109148997e-01,3.7712624564e+00
1.7862373232e+00,2.9204636674e+00,6.6879313545e-01,1.2840592383e+00,6.3270327940e-01,6.5135595887e-01,3.7753141716e+00
1.7872551222e+00,2.9222476792e+00,6.6910251030e-01,1.2843592346e+00,6.3273891750e-01,6.5162031714e-01,3.7793715064e+00
1.7882729212e+00,2.9240327807e+00,6.6941163675e-01,1.2846593349e+00,6.3277476987e-01,6.5188456504e-01,3.7834344709e+00
1.7892907203e+00,2.9258189727e+00,6.6972051490e-01,1.2849595396e+00,6.3281083673e-01,6.5214870285e-01,3.7875030748e+00
1.7903085193e+00,2.9276062559e+00,6.7002914483e-01,1.2852598491e+00,6.3284711830e-01,6.5241273085e-01,3.7915773280e+00
1.7913263184e+00,2.9293946308e+00,6.7033752665e-01,1.2855602641e+00,6.3288361479e-01,6.5267664930e-01,3.7956572404e+00
1.7923441174e+00,2.9311840982e+00,6.7064566046e-01,1.2858607849e+00,6.3292032643e-01,6.5294045849e-01,3.7997428221e+00
1.7933619165e+00,2.9329746586e+00,6.7095354634e-01,1.2861614121e+00,6.3295725343e-01,6.5320415868e-01,3.8038340828e+00
1.7943797155e+00,2.9347663129e+00,6.7126118439e-01,1.2864621462e+00,6.3299439601e-01,6.5346775015e-01,3.8079310326e+00
1.7953975146e+00,2.9365590617e+00,6.7156857472e-01,1.2867629876e+00,6.3303175439e-01,6.5373123317e-01,3.8120336814e+00
1.7964153136e+00,2.9383529056e+00,6.7187571742e-01,1.2870639368e+00,6.3306932878e-01,6.5399460802e-01,3.8161420392e+00
1.7974331126e+00,2.9401478453e+00,6.7218261258e-01,1.2873649944e+00,6.3310711941e-01,6.5425787497e-01,3.8202561161e+00
1.7984509117e+00,2.9419438814e+00,6.7248926030e-01,1.2876661608e+00,6.3314512648e-01,6.5452103430e-01,3.8243759220e+00
1.7994687107e+00,2.9437410147e+00,6.7279566069e-01,1.2879674365e+00,6.3318335021e-01,6.5478408627e-01,3.8285014670e+00
1.8004865098e+00,2.9455392458e+00,6.7310181383e-01,1.2882688220e+00,6.3322179083e-01,6.5504703117e-01,3.8326327611e+00
1.8015043088e+00,2.9473385753e+00,6.7340771984e-01,1.2885703178e+00,6.3326044854e-01,6.5530986926e-01,3.8367698145e+00
1.8025221079e+00,2.9491390041e+00,6.7371337880e-01,1.2888719244e+00,6.3329932356e-01,6.5557260082e-01,3.8409126372e+00
1.8035399069e+00,2.9509405326e+00,6.7401879081e-01,1.2891736422e+00,6.3333841611e-01,6.5583522613e-01,3.8450612393e+00
1.8045577060e+00,2.9527431616e+00,6.7432395598e-01,1.2894754719e+00,6.3337772640e-01,6.5609774546e-01,3.8492156309e+00
1.8055755050e+00,2.9545468918e+00,6.7462887441e-01,1.2897774137e+00,6.3341725464e-01,6.5636015908e-01,3.8533758223e+00
1.8065933040e+00,2.9563517239e+00,6.7493354618e-01,1.2900794683e+00,6.3345700106e-01,6.5662246726e-01,3.8575418235e+00
1.8076111031e+00,2.9581576584e+00,6.7523797141e-01,1.2903816362e+00,6.3349696586e-01,6.5688467029e-01,3.8617136447e+00
1.8086289021e+00,2.9599646961e+00,6.7554215020e-01,1.2906839177e+00,6.3353714926e-01,6.5714676844e-01,3.8658912962e+00
1.8096467012e+00,2.9617728377e+00,6.7584608264e-01,1.2909863134e+00,6.3357755147e-01,6.5740876197e-01,3.8700747881e+00
1.8106645002e+00,2.9635820838e+00,6.7614976883e-01,1.2912888239e+00,6.3361817270e-01,6.5767065117e-01,3.8742641306e+00
1.8116822993e+00,2.9653924352e+00,6.7645320888e-01,1.2915914495e+00,6.3365901317e-01,6.5793243631e-01,3.8784593341e+00
1.8127000983e+00,2.9672038924e+00,6.7675640288e-01,1.2918941908e+00,6.3370007310e-01,6.5819411767e-01,3.8826604087e+00
1.8137178974e+00,2.9690164561e+00,6.7705935095e-01,1.2921970482e+00,6.3374135269e-01,6.5845569551e-01,3.8868673648e+00
1.8147356964e+00,2.9708301271e+00,6.7736205317e-01,1.2925000223e+00,6.3378285215e-01,6.5871717011e-01,3.8910802126e+00
1.8157534954e+00,2.9726449060e+00,6.7766450965e-01,1.2928031135e+00,6.3382457170e-01,6.5897854175e-01,3.8952989625e+00
1.8167712945e+00,2.9744607935e+00,6.7796672050e-01,1.2931063223e+00,6.3386651155e-01,6.5923981070e-01,3.8995236248e+00
1.8177890935e+00,2.9762777903e+00,6.7826868581e-01,1.2934096492e+00,6.3390867192e-01,6.5950097724e-01,3.9037542098e+00
1.8188068926e+00,2.9780958970e+00,6.7857040569e-01,1.2937130947e+00,6.3395105301e-01,6.5976204164e-01,3.9079907279e+00
1.8198246916e+00,2.9799151143e+00,6.7887188025e-01,1.2940166592e+00,6.3399365503e-01,6.6002300418e-01,3.9122331896e+00
1.8208424907e+00,2.9817354429e+00,6.7917310957e-01,1.2943203433e+00,6.3403647820e-01,6.6028386513e-01,3.9164816051e+00
1.8218602897e+00,2.9835568835e+00,6.7947409378e-01,1.2946241475e+00,6.3407952272e-01,6.6054462476e-01,3.9207359850e+00
1.8228780888e+00,2.9853794367e+00,6.7977483296e-01,1.2949280722e+00,6.3412278881e-01,6.6080528336e-01,3.9249963397e+00
1.8238958878e+00,2.9872031033e+00,6.8007532723e-01,1.2952321179e+00,6.3416627668e-01,6.6106584118e-01,3.9292626795e+00
1.8249136868e+00,2.9890278839e+00,6.8037557669e-01,1.2955362851e+00,6.3420998653e-01,6.6132629852e-01,3.9335350151e+00
1.8259314859e+00,2.9908537792e+00,6.8067558144e-01,1.2958405742e+00,6.3425391858e-01,6.6158665565e-01,3.9378133568e+00
1.8269492849e+00,2.9926807899e+00,6.8097534159e-01,1.2961449859e+00,6.3429807304e-01,6.6184691283e-01,3.9420977152e+00
1.8279670840e+00,2.9945089166e+00,6.8127485724e-01,1.2964495205e+00,6.3434245011e-01,6.6210707035e-01,3.9463881008e+00
1.8289848830e+00,2.9963381601e+00,6.8157412850e-01,1.2967541785e+00,6.3438705000e-01,6.6236712848e-01,3.9506845242e+00
1.8300026821e+00,2.9981685210e+00,6.8187315547e-01,1.2970589604e+00,6.3443187293e-01,6.6262708750e-01,3.9549869959e+00
1.8310204811e+00,3.0000000000e+00,6.8217193826e-01,1.2973638668e+00,6.3447691910e-01,6.6288694768e-01,3.9592955266e+00
