tau=beta*t,lambda,sigma_total_over_mu,sigma_surviving_over_mu,sigma_recrosslinked_over_mu,sigma_elastic_over_mu
0.0000000000e+00,1.0000000000e+00,0.0000000000e+00,0.0000000000e+00,0.0000000000e+00,0.0000000000e+00
7.1973777600e-04,1.0005759560e+00,2.3010044165e-03,2.3001766545e-03,8.2776201486e-07,2.3018327744e-03
1.4394755520e-03,1.0011522438e+00,4.5976911388e-03,4.5943831922e-03,3.3079466400e-06,4.6010014568e-03
2.1592133280e-03,1.0017288634e+00,6.8900524708e-03,6.8826171647e-03,7.4353061375e-06,6.8974942590e-03
2.8789511040e-03,1.0023058152e+00,9.1780807716e-03,9.1648761775e-03,1.3204594048e-05,9.1912994253e-03
3.5986888800e-03,1.0028830993e+00,1.1461768456e-02,1.1441157891e-02,2.0610565228e-05,1.1482405232e-02
4.3184266560e-03,1.0034607158e+00,1.3741107996e-02,1.3711460020e-02,2.9647975892e-05,1.3770799990e-02
5.0381644320e-03,1.0040386651e+00,1.6016091917e-02,1.5975780334e-02,4.0311583645e-05,1.6056472040e-02
5.7579022080e-03,1.0046169472e+00,1.8286712805e-02,1.8234116658e-02,5.2596147527e-05,1.8339409761e-02
6.4776399840e-03,1.0051955624e+00,2.0552963300e-02,2.0486466872e-02,6.6496428049e-05,2.0619601563e-02
7.1973777600e-03,1.0057745108e+00,2.2814836099e-02,2.2732828912e-02,8.2007187233e-05,2.2897035890e-02
7.9171155361e-03,1.0063537927e+00,2.5072323959e-02,2.4973200770e-02,9.9123188650e-05,2.5171701225e-02
8.6368533121e-03,1.0069334082e+00,2.7325419692e-02,2.7207580494e-02,1.1783919746e-04,2.7443586082e-02
9.3565910881e-03,1.0075133576e+00,2.9574116168e-02,2.9435966188e-02,1.3814998046e-04,2.9712679012e-02
1.0076328864e-02,1.0080936409e+00,3.1818406317e-02,3.1658356011e-02,1.6005030610e-04,3.1978968604e-02
1.0796066640e-02,1.0086742585e+00,3.4058283127e-02,3.3874748183e-02,1.8353494455e-04,3.4242443481e-02
1.1515804416e-02,1.0092552106e+00,3.6293739643e-02,3.6085140975e-02,2.0859866773e-04,3.6503092305e-02
1.2235542192e-02,1.0098364972e+00,3.8524768970e-02,3.8289532721e-02,2.3523624933e-04,3.8760903774e-02
1.2955279968e-02,1.0104181186e+00,4.0751364273e-02,4.0487921809e-02,2.6344246490e-04,4.1015866623e-02
1.3675017744e-02,1.0110000750e+00,4.2973518775e-02,4.2680306684e-02,2.9321209182e-04,4.3267969627e-02
1.4394755520e-02,1.0115823666e+00,4.5191225760e-02,4.4866685850e-02,3.2453990942e-04,4.5517201599e-02
1.5114493296e-02,1.0121649935e+00,4.7404478570e-02,4.7047057871e-02,3.5742069894e-04,4.7763551390e-02
1.5834231072e-02,1.0127479560e+00,4.9613270608e-02,4.9221421364e-02,3.9184924364e-04,5.0007007890e-02
1.6553968848e-02,1.0133312543e+00,5.1817595338e-02,5.1389775010e-02,4.2782032879e-04,5.2247560029e-02
1.7273706624e-02,1.0139148885e+00,5.4017446285e-02,5.3552117543e-02,4.6532874175e-04,5.4485196778e-02
1.7993444400e-02,1.0144988589e+00,5.6212817032e-02,5.5708447760e-02,5.0436927199e-04,5.6719907147e-02
1.8713182176e-02,1.0150831657e+00,5.8403701227e-02,5.7858764515e-02,5.4493671111e-04,5.8951680188e-02
1.9432919952e-02,1.0156678089e+00,6.0590092575e-02,6.0003066722e-02,5.8702585294e-04,6.1180504992e-02
2.0152657728e-02,1.0162527889e+00,6.2771984845e-02,6.2141353352e-02,6.3063149352e-04,6.3406370694e-02
2.0872395504e-02,1.0168381058e+00,6.4949371868e-02,6.4273623437e-02,6.7574843117e-04,6.5629266468e-02
2.1592133280e-02,1.0174237598e+00,6.7122247535e-02,6.6399876069e-02,7.2237146655e-04,6.7849181533e-02
2.2311871056e-02,1.0180097512e+00,6.9290605801e-02,6.8520110398e-02,7.7049540265e-04,7.0066105149e-02
2.3031608832e-02,1.0185960800e+00,7.1454440681e-02,7.0634325636e-02,8.2011504489e-04,7.2280026618e-02
2.3751346608e-02,1.0191827466e+00,7.3613746254e-02,7.2742521053e-02,8.7122520112e-04,7.4490935287e-02
2.4471084384e-02,1.0197697510e+00,7.5768516663e-02,7.4844695981e-02,9.2382068168e-04,7.6698820546e-02
2.5190822160e-02,1.0203570935e+00,7.7918746109e-02,7.6940849810e-02,9.7789629942e-04,7.8903671829e-02
2.5910559936e-02,1.0209447743e+00,8.0064428862e-02,7.9030981992e-02,1.0334468698e-03,8.1105478613e-02
2.6630297712e-02,1.0215327936e+00,8.2205559251e-02,8.1115092040e-02,1.0904672108e-03,8.3304230422e-02
2.7350035488e-02,1.0221211516e+00,8.4342131670e-02,8.3193179527e-02,1.1489521432e-03,8.5499916823e-02
2.8069773264e-02,1.0227098484e+00,8.6474140576e-02,8.5265244086e-02,1.2088964904e-03,8.7692527429e-02
2.8789511040e-02,1.0232988843e+00,8.8601580490e-02,8.7331285412e-02,1.2702950785e-03,8.9882051899e-02
2.9509248816e-02,1.0238882595e+00,9.0724445998e-02,8.9391303261e-02,1.3331427364e-03,9.2068479938e-02
3.0228986592e-02,1.0244779741e+00,9.2842731747e-02,9.1445297451e-02,1.3974342959e-03,9.4251801295e-02
3.0948724368e-02,1.0250680283e+00,9.4956432452e-02,9.3493267860e-02,1.4631645915e-03,9.6432005770e-02
3.1668462144e-02,1.0256584224e+00,9.7065542889e-02,9.5535214428e-02,1.5303284608e-03,9.8609083206e-02
3.2388199920e-02,1.0262491566e+00,9.9170057901e-02,9.7571137157e-02,1.5989207442e-03,1.0078302350e-01
3.3107937696e-02,1.0268402310e+00,1.0126997239e-01,9.9601036110e-02,1.6689362852e-03,1.0295381658e-01
3.3827675472e-02,1.0274316458e+00,1.0336528134e-01,1.0162491141e-01,1.7403699303e-03,1.0512145244e-01
3.4547413248e-02,1.0280234012e+00,1.0545597978e-01,1.0364276325e-01,1.8132165290e-03,1.0728592112e-01
3.5267151024e-02,1.0286154975e+00,1.0754206281e-01,1.0565459187e-01,1.8874709341e-03,1.0944721270e-01
3.5986888800e-02,1.0292079348e+00,1.0962352560e-01,1.0766039759e-01,1.9631280014e-03,1.1160531731e-01
3.6706626576e-02,1.0298007133e+00,1.1170036337e-01,1.0966018078e-01,2.0401825900e-03,1.1376022514e-01
3.7426364352e-02,1.0303938332e+00,1.1377257144e-01,1.1165394188e-01,2.1186295621e-03,1.1591192642e-01
3.8146102128e-02,1.0309872947e+00,1.1584014516e-01,1.1364168138e-01,2.1984637834e-03,1.1806041142e-01
3.8865839904e-02,1.0315810981e+00,1.1790307997e-01,1.1562339984e-01,2.2796801229e-03,1.2020567049e-01
3.9585577680e-02,1.0321752434e+00,1.1996137135e-01,1.1759909790e-01,2.3622734528e-03,1.2234769400e-01
4.0305315456e-02,1.0327697309e+00,1.2201501487e-01,1.1956877622e-01,2.4462386489e-03,1.2448647239e-01
4.1025053232e-02,1.0333645609e+00,1.2406400616e-01,1.2153243557e-01,2.5315705904e-03,1.2662199614e-01
4.1744791008e-02,1.0339597334e+00,1.2610834091e-01,1.2349007675e-01,2.6182641601e-03,1.2875425578e-01
4.2464528784e-02,1.0345552488e+00,1.2814801488e-01,1.2544170063e-01,2.7063142442e-03,1.3088324191e-01
4.3184266560e-02,1.0351511071e+00,1.3018302390e-01,1.2738730817e-01,2.7957157325e-03,1.3300894516e-01
4.3904004336e-02,1.0357473086e+00,1.3221336386e-01,1.2932690034e-01,2.8864635186e-03,1.3513135622e-01
4.4623742112e-02,1.0363438535e+00,1.3423903072e-01,1.3126047822e-01,2.9785524997e-03,1.3725046584e-01
4.5343479888e-02,1.0369407420e+00,1.3626002051e-01,1.3318804294e-01,3.0719775767e-03,1.3936626481e-01
4.6063217664e-02,1.0375379742e+00,1.3827632933e-01,1.3510959567e-01,3.1667336542e-03,1.4147874398e-01
4.6782955440e-02,1.0381355505e+00,1.4028795333e-01,1.3702513768e-01,3.2628156408e-03,1.4358789425e-01
4.7502693216e-02,1.0387334709e+00,1.4229488873e-01,1.3893467029e-01,3.3602184488e-03,1.4569370658e-01
4.8222430992e-02,1.0393317357e+00,1.4429713185e-01,1.4083819486e-01,3.4589369944e-03,1.4779617198e-01
4.8942168768e-02,1.0399303451e+00,1.4629467903e-01,1.4273571284e-01,3.5589661979e-03,1.4989528152e-01
4.9661906544e-02,1.0405292992e+00,1.4828752672e-01,1.4462722573e-01,3.6603009833e-03,1.5199102630e-01
5.0381644320e-02,1.0411285983e+00,1.5027567140e-01,1.4651273512e-01,3.7629362790e-03,1.5408339751e-01
5.1101382096e-02,1.0417282426e+00,1.5225910963e-01,1.4839224262e-01,3.8668670171e-03,1.5617238637e-01
5.1821119872e-02,1.0423282323e+00,1.5423783806e-01,1.5026574993e-01,3.9720881341e-03,1.5825798417e-01
5.2540857648e-02,1.0429285675e+00,1.5621185339e-01,1.5213325882e-01,4.0785945705e-03,1.6034018223e-01
5.3260595424e-02,1.0435292485e+00,1.5818115237e-01,1.5399477109e-01,4.1863812710e-03,1.6241897196e-01
5.3980333200e-02,1.0441302754e+00,1.6014573184e-01,1.5585028865e-01,4.2954431846e-03,1.6449434481e-01
5.4700070976e-02,1.0447316485e+00,1.6210558871e-01,1.5769981344e-01,4.4057752646e-03,1.6656629227e-01
5.5419808752e-02,1.0453333680e+00,1.6406071994e-01,1.5954334748e-01,4.5173724686e-03,1.6863480592e-01
5.6139546528e-02,1.0459354341e+00,1.6601112258e-01,1.6138089283e-01,4.6302297586e-03,1.7069987737e-01
5.6859284304e-02,1.0465378469e+00,1.6795679374e-01,1.6321245164e-01,4.7443421010e-03,1.7276149829e-01
5.7579022080e-02,1.0471406066e+00,1.6989773057e-01,1.6503802611e-01,4.8597044666e-03,1.7481966042e-01
5.8298759856e-02,1.0477437136e+00,1.7183393034e-01,1.6685761851e-01,4.9763118307e-03,1.7687435554e-01
5.9018497632e-02,1.0483471679e+00,1.7376539034e-01,1.6867123116e-01,5.0941591734e-03,1.7892557551e-01
5.9738235408e-02,1.0489509697e+00,1.7569210795e-01,1.7047886647e-01,5.2132414790e-03,1.8097331223e-01
6.0457973184e-02,1.0495551194e+00,1.7761408063e-01,1.7228052689e-01,5.3335537367e-03,1.8301755766e-01
6.1177710960e-02,1.0501596170e+00,1.7953130588e-01,1.7407621494e-01,5.4550909403e-03,1.8505830382e-01
6.1897448736e-02,1.0507644627e+00,1.8144378129e-01,1.7586593321e-01,5.5778480883e-03,1.8709554278e-01
6.2617186512e-02,1.0513696568e+00,1.8335150451e-01,1.7764968433e-01,5.7018201841e-03,1.8912926670e-01
6.3336924288e-02,1.0519751995e+00,1.8525447326e-01,1.7942747103e-01,5.8270022356e-03,1.9115946776e-01
6.4056662064e-02,1.0525810910e+00,1.8715268532e-01,1.8119929607e-01,5.9533892558e-03,1.9318613821e-01
6.4776399840e-02,1.0531873314e+00,1.8904613855e-01,1.8296516229e-01,6.0809762625e-03,1.9520927038e-01
6.5496137616e-02,1.0537939210e+00,1.9093483087e-01,1.8472507259e-01,6.2097582785e-03,1.9722885663e-01
6.6215875392e-02,1.0544008599e+00,1.9281876028e-01,1.8647902994e-01,6.3397303315e-03,1.9924488940e-01
6.6935613168e-02,1.0550081484e+00,1.9469792482e-01,1.8822703737e-01,6.4708874543e-03,2.0125736119e-01
6.7655350944e-02,1.0556157867e+00,1.9657232264e-01,1.8996909795e-01,6.6032246846e-03,2.0326626453e-01
6.8375088720e-02,1.0562237750e+00,1.9844195192e-01,1.9170521485e-01,6.7367370653e-03,2.0527159205e-01
6.9094826496e-02,1.0568321134e+00,2.0030681093e-01,1.9343539128e-01,6.8714196446e-03,2.0727333643e-01
6.9814564272e-02,1.0574408023e+00,2.0216689800e-01,1.9515963052e-01,7.0072674755e-03,2.0927149038e-01
7.0534302048e-02,1.0580498417e+00,2.0402221153e-01,1.9687793591e-01,7.1442756167e-03,2.1126604671e-01
7.1254039824e-02,1.0586592318e+00,2.0587274999e-01,1.9859031086e-01,7.2824391318e-03,2.1325699827e-01
7.1973777600e-02,1.0592689730e+00,2.0771851191e-01,2.0029675882e-01,7.4217530899e-03,2.1524433797e-01
7.2693515376e-02,1.0598790653e+00,2.0955949591e-01,2.0199728334e-01,7.5622125653e-03,2.1722805880e-01
7.3413253152e-02,1.0604895091e+00,2.1139570064e-01,2.0369188800e-01,7.7038126380e-03,2.1920815379e-01
7.4132990928e-02,1.0611003044e+00,2.1322712485e-01,2.0538057646e-01,7.8465483930e-03,2.2118461604e-01
7.4852728704e-02,1.0617114515e+00,2.1505376735e-01,2.0706335243e-01,7.9904149213e-03,2.2315743871e-01
7.5572466480e-02,1.0623229506e+00,2.1687562702e-01,2.0874021970e-01,8.1354073189e-03,2.2512661502e-01
7.6292204256e-02,1.0629348019e+00,2.1869270279e-01,2.1041118210e-01,8.2815206877e-03,2.2709213827e-01
7.7011942032e-02,1.0635470056e+00,2.2050499368e-01,2.1207624354e-01,8.4287501351e-03,2.2905400178e-01
7.7731679809e-02,1.0641595619e+00,2.2231249877e-01,2.1373540799e-01,8.5770907743e-03,2.3101219898e-01
7.8451417585e-02,1.0647724710e+00,2.2411521720e-01,2.1538867947e-01,8.7265377238e-03,2.3296672334e-01
7.9171155361e-02,1.0653857331e+00,2.2591314818e-01,2.1703606208e-01,8.8770861083e-03,2.3491756838e-01
7.9890893137e-02,1.0659993484e+00,2.2770629101e-01,2.1867755995e-01,9.0287310579e-03,2.3686472771e-01
8.0610630913e-02,1.0666133172e+00,2.2949464503e-01,2.2031317732e-01,9.1814677088e-03,2.3880819498e-01
8.1330368689e-02,1.0672276395e+00,2.3127820965e-01,2.2194291845e-01,9.3352912029e-03,2.4074796392e-01
8.2050106465e-02,1.0678423157e+00,2.3305698436e-01,2.2356678768e-01,9.4901966879e-03,2.4268402830e-01
8.2769844241e-02,1.0684573459e+00,2.3483096872e-01,2.2518478940e-01,9.6461793176e-03,2.4461638198e-01
8.3489582017e-02,1.0690727304e+00,2.3660016233e-01,2.2679692807e-01,9.8032342518e-03,2.4654501887e-01
8.4209319793e-02,1.0696884692e+00,2.3836456488e-01,2.2840320823e-01,9.9613566561e-03,2.4846993294e-01
8.4929057569e-02,1.0703045627e+00,2.4012417613e-01,2.3000363443e-01,1.0120541702e-02,2.5039111822e-01
8.5648795345e-02,1.0709210111e+00,2.4187899590e-01,2.3159821133e-01,1.0280784569e-02,2.5230856883e-01
8.6368533121e-02,1.0715378145e+00,2.4362902407e-01,2.3318694364e-01,1.0442080439e-02,2.5422227892e-01
8.7088270897e-02,1.0721549732e+00,2.4537426060e-01,2.3476983610e-01,1.0604424503e-02,2.5613224272e-01
8.7808008673e-02,1.0727724873e+00,2.4711470550e-01,2.3634689355e-01,1.0767811958e-02,2.5803845453e-01
8.8527746449e-02,1.0733903570e+00,2.4885035887e-01,2.3791812086e-01,1.0932238006e-02,2.5994090870e-01
8.9247484225e-02,1.0740085827e+00,2.5058122085e-01,2.3948352299e-01,1.1097697856e-02,2.6183959965e-01
8.9967222001e-02,1.0746271644e+00,2.5230729166e-01,2.4104310494e-01,1.1264186724e-02,2.6373452186e-01
9.0686959777e-02,1.0752461024e+00,2.5402857160e-01,2.4259687177e-01,1.1431699831e-02,2.6562566988e-01
9.1406697553e-02,1.0758653968e+00,2.5574506100e-01,2.4414482860e-01,1.1600232405e-02,2.6751303834e-01
9.2126435329e-02,1.0764850480e+00,2.5745676030e-01,2.4568698062e-01,1.1769779682e-02,2.6939662189e-01
9.2846173105e-02,1.0771050560e+00,2.5916366997e-01,2.4722333306e-01,1.1940336901e-02,2.7127641529e-01
9.3565910881e-02,1.0777254212e+00,2.6086579055e-01,2.4875389124e-01,1.2111899310e-02,2.7315241333e-01
9.4285648657e-02,1.0783461436e+00,2.6256312268e-01,2.5027866052e-01,1.2284462165e-02,2.7502461090e-01
9.5005386433e-02,1.0789672236e+00,2.6425566703e-01,2.5179764630e-01,1.2458020725e-02,2.7689300292e-01
9.5725124209e-02,1.0795886612e+00,2.6594342434e-01,2.5331085408e-01,1.2632570258e-02,2.7875758439e-01
9.6444861985e-02,1.0802104568e+00,2.6762639542e-01,2.5481828938e-01,1.2808106038e-02,2.8061835038e-01
9.7164599761e-02,1.0808326105e+00,2.6930458116e-01,2.5631995782e-01,1.2984623345e-02,2.8247529603e-01
9.7884337537e-02,1.0814551226e+00,2.7097798250e-01,2.5781586503e-01,1.3162117469e-02,2.8432841651e-01
9.8604075313e-02,1.0820779932e+00,2.7264660043e-01,2.5930601673e-01,1.3340583702e-02,2.8617770709e-01
9.9323813089e-02,1.0827012225e+00,2.7431043604e-01,2.6079041869e-01,1.3520017346e-02,2.8802316310e-01
1.0004355086e-01,1.0833248108e+00,2.7596949046e-01,2.6226907675e-01,1.3700413709e-02,2.8986477992e-01
1.0076328864e-01,1.0839487582e+00,2.7762376489e-01,2.6374199678e-01,1.3881768107e-02,2.9170255301e-01
1.0148302642e-01,1.0845730651e+00,2.7927326059e-01,2.6520918473e-01,1.4064075861e-02,2.9353647788e-01
1.0220276419e-01,1.0851977314e+00,2.8091797890e-01,2.6667064660e-01,1.4247332300e-02,2.9536655013e-01
1.0292250197e-01,1.0858227576e+00,2.8255792121e-01,2.6812638845e-01,1.4431532760e-02,2.9719276539e-01
1.0364223974e-01,1.0864481438e+00,2.8419308897e-01,2.6957641638e-01,1.4616672585e-02,2.9901511939e-01
1.0436197752e-01,1.0870738901e+00,2.8582348371e-01,2.7102073658e-01,1.4802747124e-02,3.0083360790e-01
1.0508171530e-01,1.0876999969e+00,2.8744910701e-01,2.7245935527e-01,1.4989751735e-02,3.0264822677e-01
1.0580145307e-01,1.0883264642e+00,2.8906996052e-01,2.7389227874e-01,1.5177681782e-02,3.0445897191e-01
1.0652119085e-01,1.0889532924e+00,2.9068604595e-01,2.7531951331e-01,1.5366532637e-02,3.0626583929e-01
1.0724092862e-01,1.0895804816e+00,2.9229736507e-01,2.7674106540e-01,1.5556299679e-02,3.0806882496e-01
1.0796066640e-01,1.0902080320e+00,2.9390391973e-01,2.7815694144e-01,1.5746978294e-02,3.0986792501e-01
1.0868040418e-01,1.0908359439e+00,2.9550571183e-01,2.7956714795e-01,1.5938563875e-02,3.1166313563e-01
1.0940014195e-01,1.0914642175e+00,2.9710274331e-01,2.8097169149e-01,1.6131051824e-02,3.1345445305e-01
1.1011987973e-01,1.0920928528e+00,2.9869501622e-01,2.8237057867e-01,1.6324437549e-02,3.1524187356e-01
1.1083961750e-01,1.0927218503e+00,3.0028253264e-01,2.8376381618e-01,1.6518716465e-02,3.1702539354e-01
1.1155935528e-01,1.0933512100e+00,3.0186529472e-01,2.8515141072e-01,1.6713883996e-02,3.1880500942e-01
1.1227909306e-01,1.0939809322e+00,3.0344330466e-01,2.8653336909e-01,1.6909935573e-02,3.2058071770e-01
1.1299883083e-01,1.0946110171e+00,3.0501656475e-01,2.8790969812e-01,1.7106866632e-02,3.2235251494e-01
1.1371856861e-01,1.0952414649e+00,3.0658507732e-01,2.8928040470e-01,1.7304672621e-02,3.2412039776e-01
1.1443830638e-01,1.0958722759e+00,3.0814884476e-01,2.9064549577e-01,1.7503348992e-02,3.2588436287e-01
1.1515804416e-01,1.0965034501e+00,3.0970786953e-01,2.9200497832e-01,1.7702891207e-02,3.2764440701e-01
1.1587778194e-01,1.0971349879e+00,3.1126215414e-01,2.9335885941e-01,1.7903294734e-02,3.2940052702e-01
1.1659751971e-01,1.0977668894e+00,3.1281170119e-01,2.9470714614e-01,1.8104555050e-02,3.3115271978e-01
1.1731725749e-01,1.0983991548e+00,3.1435651330e-01,2.9604984566e-01,1.8306667638e-02,3.3290098224e-01
1.1803699526e-01,1.0990317844e+00,3.1589659318e-01,2.9738696519e-01,1.8509627991e-02,3.3464531144e-01
1.1875673304e-01,1.0996647784e+00,3.1743194358e-01,2.9871851197e-01,1.8713431607e-02,3.3638570444e-01
1.1947647082e-01,1.1002981369e+00,3.1896256732e-01,3.0004449333e-01,1.8918073995e-02,3.3812215840e-01
1.2019620859e-01,1.1009318603e+00,3.2048846730e-01,3.0136491662e-01,1.9123550670e-02,3.3985467054e-01
1.2091594637e-01,1.1015659486e+00,3.2200964643e-01,3.0267978927e-01,1.9329857155e-02,3.4158323813e-01
1.2163568414e-01,1.1022004021e+00,3.2352610772e-01,3.0398911874e-01,1.9536988982e-02,3.4330785851e-01
1.2235542192e-01,1.1028352211e+00,3.2503785424e-01,3.0529291255e-01,1.9744941688e-02,3.4502852911e-01
1.2307515970e-01,1.1034704057e+00,3.2654488908e-01,3.0659117826e-01,1.9953710823e-02,3.4674524738e-01
1.2379489747e-01,1.1041059561e+00,3.2804721544e-01,3.0788392350e-01,2.0163291940e-02,3.4845801088e-01
1.2451463525e-01,1.1047418726e+00,3.2954483654e-01,3.0917115594e-01,2.0373680602e-02,3.5016681720e-01
1.2523437302e-01,1.1053781553e+00,3.3103775567e-01,3.1045288329e-01,2.0584872382e-02,3.5187166401e-01
1.2595411080e-01,1.1060148045e+00,3.3252597619e-01,3.1172911333e-01,2.0796862859e-02,3.5357254905e-01
1.2667384858e-01,1.1066518204e+00,3.3400950149e-01,3.1299985387e-01,2.1009647620e-02,3.5526947011e-01
1.2739358635e-01,1.1072892032e+00,3.3548833505e-01,3.1426511279e-01,2.1223222260e-02,3.5696242505e-01
1.2811332413e-01,1.1079269531e+00,3.3696248039e-01,3.1552489800e-01,2.1437582385e-02,3.5865141181e-01
1.2883306190e-01,1.1085650702e+00,3.3843194108e-01,3.1677921747e-01,2.1652723606e-02,3.6033642836e-01
1.2955279968e-01,1.1092035550e+00,3.3989672076e-01,3.1802807922e-01,2.1868641543e-02,3.6201747277e-01
1.3027253746e-01,1.1098424074e+00,3.4135682312e-01,3.1927149130e-01,2.2085331826e-02,3.6369454316e-01
1.3099227523e-01,1.1104816279e+00,3.4281225192e-01,3.2050946183e-01,2.2302790092e-02,3.6536763770e-01
1.3171201301e-01,1.1111212164e+00,3.4426301095e-01,3.2174199897e-01,2.2521011985e-02,3.6703675465e-01
1.3243175078e-01,1.1117611734e+00,3.4570910408e-01,3.2296911092e-01,2.2739993161e-02,3.6870189231e-01
1.3315148856e-01,1.1124014989e+00,3.4715053523e-01,3.2419080595e-01,2.2959729281e-02,3.7036304907e-01
1.3387122634e-01,1.1130421933e+00,3.4858730836e-01,3.2540709234e-01,2.3180216016e-02,3.7202022335e-01
1.3459096411e-01,1.1136832566e+00,3.5001942750e-01,3.2661797846e-01,2.3401449045e-02,3.7367341367e-01
1.3531070189e-01,1.1143246892e+00,3.5144689674e-01,3.2782347268e-01,2.3623424057e-02,3.7532261859e-01
1.3603043966e-01,1.1149664912e+00,3.5286972021e-01,3.2902358346e-01,2.3846136747e-02,3.7696783674e-01
1.3675017744e-01,1.1156086629e+00,3.5428790210e-01,3.3021831928e-01,2.4069582820e-02,3.7860906680e-01
1.3746991522e-01,1.1162512044e+00,3.5570144665e-01,3.3140768866e-01,2.4293757990e-02,3.8024630755e-01
1.3818965299e-01,1.1168941160e+00,3.5711035818e-01,3.3259170020e-01,2.4518657979e-02,3.8187955778e-01
1.3890939077e-01,1.1175373979e+00,3.5851464102e-01,3.3377036250e-01,2.4744278517e-02,3.8350881640e-01
1.3962912854e-01,1.1181810503e+00,3.5991429958e-01,3.3494368424e-01,2.4970615345e-02,3.8513408234e-01
1.4034886632e-01,1.1188250734e+00,3.6130933833e-01,3.3611167412e-01,2.5197664210e-02,3.8675535462e-01
1.4106860410e-01,1.1194694674e+00,3.6269976177e-01,3.3727434091e-01,2.5425420868e-02,3.8837263229e-01
1.4178834187e-01,1.1201142326e+00,3.6408557448e-01,3.3843169339e-01,2.5653881086e-02,3.8998591450e-01
1.4250807965e-01,1.1207593691e+00,3.6546678106e-01,3.3958374042e-01,2.5883040639e-02,3.9159520045e-01
1.4322781742e-01,1.1214048772e+00,3.6684338618e-01,3.4073049088e-01,2.6112895308e-02,3.9320048938e-01
1.4394755520e-01,1.1220507571e+00,3.6821539458e-01,3.4187195369e-01,2.6343440887e-02,3.9480178062e-01
1.4466729298e-01,1.1226970090e+00,3.6958281101e-01,3.4300813783e-01,2.6574673175e-02,3.9639907356e-01
1.4538703075e-01,1.1233436331e+00,3.7094564030e-01,3.4413905232e-01,2.6806587984e-02,3.9799236764e-01
1.4610676853e-01,1.1239906296e+00,3.7230388734e-01,3.4526470620e-01,2.7039181132e-02,3.9958166236e-01
1.4682650630e-01,1.1246379988e+00,3.7365755703e-01,3.4638510859e-01,2.7272448445e-02,4.0116695729e-01
1.4754624408e-01,1.1252857408e+00,3.7500665437e-01,3.4750026860e-01,2.7506385762e-02,4.0274825206e-01
1.4826598186e-01,1.1259338559e+00,3.7635118437e-01,3.4861019544e-01,2.7740988927e-02,4.0432554637e-01
1.4898571963e-01,1.1265823443e+00,3.7769115211e-01,3.4971489831e-01,2.7976253795e-02,4.0589883997e-01
1.4970545741e-01,1.1272312062e+00,3.7902656271e-01,3.5081438648e-01,2.8212176230e-02,4.0746813266e-01
1.5042519518e-01,1.1278804418e+00,3.8035742136e-01,3.5190866926e-01,2.8448752104e-02,4.0903342433e-01
1.5114493296e-01,1.1285300513e+00,3.8168373328e-01,3.5299775598e-01,2.8685977299e-02,4.1059471491e-01
1.5186467074e-01,1.1291800350e+00,3.8300550373e-01,3.5408165603e-01,2.8923847707e-02,4.1215200439e-01
1.5258440851e-01,1.1298303930e+00,3.8432273805e-01,3.5516037882e-01,2.9162359227e-02,4.1370529284e-01
1.5330414629e-01,1.1304811257e+00,3.8563544159e-01,3.5623393383e-01,2.9401507768e-02,4.1525458037e-01
1.5402388406e-01,1.1311322331e+00,3.8694361979e-01,3.5730233054e-01,2.9641289248e-02,4.1679986715e-01
1.5474362184e-01,1.1317837155e+00,3.8824727810e-01,3.5836557850e-01,2.9881699596e-02,4.1834115344e-01
1.5546335962e-01,1.1324355731e+00,3.8954642203e-01,3.5942368728e-01,3.0122734748e-02,4.1987843951e-01
1.5618309739e-01,1.1330878062e+00,3.9084105715e-01,3.6047666650e-01,3.0364390649e-02,4.2141172573e-01
1.5690283517e-01,1.1337404150e+00,3.9213118907e-01,3.6152452581e-01,3.0606663256e-02,4.2294101253e-01
1.5762257295e-01,1.1343933996e+00,3.9341682343e-01,3.6256727489e-01,3.0849548533e-02,4.2446630036e-01
1.5834231072e-01,1.1350467603e+00,3.9469796594e-01,3.6360492348e-01,3.1093042454e-02,4.2598758978e-01
1.5906204850e-01,1.1357004973e+00,3.9597462234e-01,3.6463748134e-01,3.1337141001e-02,4.2750488136e-01
1.5978178627e-01,1.1363546108e+00,3.9724679842e-01,3.6566495825e-01,3.1581840168e-02,4.2901817578e-01
1.6050152405e-01,1.1370091011e+00,3.9851450003e-01,3.6668736407e-01,3.1827135956e-02,4.3052747374e-01
1.6122126183e-01,1.1376639684e+00,3.9977773303e-01,3.6770470866e-01,3.2073024377e-02,4.3203277601e-01
1.6194099960e-01,1.1383192128e+00,4.0103650337e-01,3.6871700192e-01,3.2319501451e-02,4.3353408342e-01
1.6266073738e-01,1.1389748346e+00,4.0229081701e-01,3.6972425380e-01,3.2566563208e-02,4.3503139686e-01
1.6338047515e-01,1.1396308340e+00,4.0354067996e-01,3.7072647427e-01,3.2814205689e-02,4.3652471727e-01
1.6410021293e-01,1.1402872112e+00,4.0478609828e-01,3.7172367334e-01,3.3062424942e-02,4.3801404566e-01
1.6481995071e-01,1.1409439665e+00,4.0602707809e-01,3.7271586106e-01,3.3311217026e-02,4.3949938309e-01
1.6553968848e-01,1.1416011001e+00,4.0726362552e-01,3.7370304751e-01,3.3560578009e-02,4.4098073068e-01
1.6625942626e-01,1.1422586121e+00,4.0849574676e-01,3.7468524279e-01,3.3810503968e-02,4.4245808961e-01
1.6697916403e-01,1.1429165028e+00,4.0972344805e-01,3.7566245706e-01,3.4060990990e-02,4.4393146110e-01
1.6769890181e-01,1.1435747724e+00,4.1094673565e-01,3.7663470048e-01,3.4312035173e-02,4.4540084646e-01
1.6841863959e-01,1.1442334212e+00,4.1216561590e-01,3.7760198328e-01,3.4563632623e-02,4.4686624702e-01
1.6913837736e-01,1.1448924493e+00,4.1338009514e-01,3.7856431568e-01,3.4815779455e-02,4.4832766418e-01
1.6985811514e-01,1.1455518570e+00,4.1459017977e-01,3.7952170798e-01,3.5068471794e-02,4.4978509942e-01
1.7057785291e-01,1.1462116445e+00,4.1579587624e-01,3.8047417047e-01,3.5321705777e-02,4.5123855425e-01
1.7129759069e-01,1.1468718120e+00,4.1699719103e-01,3.8142171349e-01,3.5575477548e-02,4.5268803023e-01
1.7201732847e-01,1.1475323597e+00,4.1819413067e-01,3.8236434740e-01,3.5829783261e-02,4.5413352899e-01
1.7273706624e-01,1.1481932879e+00,4.1938670170e-01,3.8330208262e-01,3.6084619081e-02,4.5557505223e-01
1.7345680402e-01,1.1488545968e+00,4.2057491075e-01,3.8423492957e-01,3.6339981181e-02,4.5701260167e-01
1.7417654179e-01,1.1495162865e+00,4.2175876444e-01,3.8516289870e-01,3.6595865745e-02,4.5844617911e-01
1.7489627957e-01,1.1501783573e+00,4.2293826947e-01,3.8608600051e-01,3.6852268966e-02,4.5987578640e-01
1.7561601735e-01,1.1508408095e+00,4.2411343256e-01,3.8700424551e-01,3.7109187047e-02,4.6130142545e-01
1.7633575512e-01,1.1515036431e+00,4.2528426046e-01,3.8791764426e-01,3.7366616202e-02,4.6272309821e-01
1.7705549290e-01,1.1521668586e+00,4.2645075998e-01,3.8882620732e-01,3.7624552652e-02,4.6414080669e-01
1.7777523067e-01,1.1528304560e+00,4.2761293794e-01,3.8972994531e-01,3.7882992630e-02,4.6555455296e-01
1.7849496845e-01,1.1534944357e+00,4.2877080124e-01,3.9062886886e-01,3.8141932378e-02,4.6696433914e-01
1.7921470623e-01,1.1541587977e+00,4.2992435677e-01,3.9152298862e-01,3.8401368149e-02,4.6837016741e-01
1.7993444400e-01,1.1548235424e+00,4.3107361150e-01,3.9241231529e-01,3.8661296203e-02,4.6977203999e-01
1.8065418178e-01,1.1554886700e+00,4.3221857239e-01,3.9329685958e-01,3.8921712814e-02,4.7116995916e-01
1.8137391955e-01,1.1561541807e+00,4.3335924649e-01,3.9417663223e-01,3.9182614261e-02,4.7256392725e-01
1.8209365733e-01,1.1568200746e+00,4.3449564085e-01,3.9505164402e-01,3.9443996838e-02,4.7395394666e-01
1.8281339511e-01,1.1574863521e+00,4.3562776257e-01,3.9592190572e-01,3.9705856845e-02,4.7534001982e-01
1.8353313288e-01,1.1581530134e+00,4.3675561877e-01,3.9678742818e-01,3.9968190593e-02,4.7672214922e-01
1.8425287066e-01,1.1588200586e+00,4.3787921663e-01,3.9764822222e-01,4.0230994403e-02,4.7810033740e-01
1.8497260843e-01,1.1594874879e+00,4.3899856334e-01,3.9850429874e-01,4.0494264608e-02,4.7947458697e-01
1.8569234621e-01,1.1601553017e+00,4.4011366615e-01,3.9935566861e-01,4.0757997547e-02,4.8084490056e-01
1.8641208399e-01,1.1608235002e+00,4.4122453233e-01,4.0020234276e-01,4.1022189572e-02,4.8221128088e-01
1.8713182176e-01,1.1614920835e+00,4.4233116918e-01,4.0104433213e-01,4.1286837043e-02,4.8357373067e-01
1.8785155954e-01,1.1621610518e+00,4.4343358404e-01,4.0188164770e-01,4.1551936332e-02,4.8493225274e-01
1.8857129731e-01,1.1628304055e+00,4.4453178428e-01,4.0271430046e-01,4.1817483820e-02,4.8628684994e-01
1.8929103509e-01,1.1635001446e+00,4.4562577732e-01,4.0354230142e-01,4.2083475897e-02,4.8763752516e-01
1.9001077287e-01,1.1641702695e+00,4.4671557059e-01,4.0436566163e-01,4.2349908965e-02,4.8898428136e-01
1.9073051064e-01,1.1648407804e+00,4.4780117157e-01,4.0518439214e-01,4.2616779434e-02,4.9032712155e-01
1.9145024842e-01,1.1655116775e+00,4.4888258775e-01,4.0599850403e-01,4.2884083725e-02,4.9166604876e-01
1.9216998619e-01,1.1661829609e+00,4.4995982669e-01,4.0680800842e-01,4.3151818270e-02,4.9300106612e-01
1.9288972397e-01,1.1668546310e+00,4.5103289593e-01,4.0761291642e-01,4.3419979509e-02,4.9433217675e-01
1.9360946175e-01,1.1675266880e+00,4.5210180310e-01,4.0841323920e-01,4.3688563894e-02,4.9565938387e-01
1.9432919952e-01,1.1681991320e+00,4.5316655581e-01,4.0920898792e-01,4.3957567886e-02,4.9698269072e-01
1.9504893730e-01,1.1688719633e+00,4.5422716172e-01,4.1000017377e-01,4.4226987957e-02,4.9830210060e-01
1.9576867507e-01,1.1695451822e+00,4.5528362854e-01,4.1078680796e-01,4.4496820587e-02,4.9961761686e-01
1.9648841285e-01,1.1702187888e+00,4.5633596399e-01,4.1156890172e-01,4.4767062268e-02,5.0092924288e-01
1.9720815063e-01,1.1708927833e+00,4.5738417581e-01,4.1234646631e-01,4.5037709502e-02,5.0223698211e-01
1.9792788840e-01,1.1715671661e+00,4.5842827179e-01,4.1311951299e-01,4.5308758800e-02,5.0354083804e-01
1.9864762618e-01,1.1722419372e+00,4.5946825974e-01,4.1388805305e-01,4.5580206685e-02,5.0484081420e-01
1.9936736395e-01,1.1729170970e+00,4.6050414750e-01,4.1465209781e-01,4.5852049688e-02,5.0613691418e-01
2.0008710173e-01,1.1735926457e+00,4.6153594294e-01,4.1541165859e-01,4.6124284352e-02,5.0742914161e-01
2.0080683951e-01,1.1742685835e+00,4.6256365396e-01,4.1616674673e-01,4.6396907228e-02,5.0871750015e-01
2.0152657728e-01,1.1749449105e+00,4.6358728849e-01,4.1691737361e-01,4.6669914879e-02,5.1000199354e-01
2.0224631506e-01,1.1756216271e+00,4.6460685447e-01,4.1766355059e-01,4.6943303879e-02,5.1128262555e-01
2.0296605283e-01,1.1762987335e+00,4.6562235989e-01,4.1840528908e-01,4.7217070808e-02,5.1255939999e-01
2.0368579061e-01,1.1769762298e+00,4.6663381276e-01,4.1914260050e-01,4.7491212262e-02,5.1383232072e-01
2.0440552839e-01,1.1776541163e+00,4.6764122111e-01,4.1987549627e-01,4.7765724841e-02,5.1510139164e-01
2.0512526616e-01,1.1783323933e+00,4.6864459300e-01,4.2060398784e-01,4.8040605161e-02,5.1636661671e-01
2.0584500394e-01,1.1790110610e+00,4.6964393652e-01,4.2132808668e-01,4.8315849844e-02,5.1762799992e-01
2.0656474171e-01,1.1796901195e+00,4.7063925979e-01,4.2204780426e-01,4.8591455524e-02,5.1888554531e-01
2.0728447949e-01,1.1803695691e+00,4.7163057094e-01,4.2276315209e-01,4.8867418845e-02,5.2013925697e-01
2.0800421727e-01,1.1810494101e+00,4.7261787814e-01,4.2347414168e-01,4.9143736461e-02,5.2138913903e-01
2.0872395504e-01,1.1817296426e+00,4.7360118957e-01,4.2418078454e-01,4.9420405036e-02,5.2263519565e-01
2.0944369282e-01,1.1824102669e+00,4.7458051346e-01,4.2488309221e-01,4.9697421245e-02,5.2387743106e-01
2.1016343059e-01,1.1830912832e+00,4.7555585804e-01,4.2558107627e-01,4.9974781773e-02,5.2511584950e-01
2.1088316837e-01,1.1837726917e+00,4.7652723157e-01,4.2627474826e-01,5.0252483314e-02,5.2635045530e-01
2.1160290615e-01,1.1844544927e+00,4.7749464234e-01,4.2696411977e-01,5.0530522575e-02,5.2758125278e-01
2.1232264392e-01,1.1851366864e+00,4.7845809867e-01,4.2764920240e-01,5.0808896269e-02,5.2880824634e-01
2.1304238170e-01,1.1858192730e+00,4.7941760887e-01,4.2833000775e-01,5.1087601124e-02,5.3003144041e-01
2.1376211947e-01,1.1865022528e+00,4.8037318132e-01,4.2900654745e-01,5.1366633874e-02,5.3125083946e-01
2.1448185725e-01,1.1871856259e+00,4.8132482438e-01,4.2967883312e-01,5.1645991267e-02,5.3246644800e-01
2.1520159503e-01,1.1878693926e+00,4.8227254647e-01,4.3034687641e-01,5.1925670057e-02,5.3367827058e-01
2.1592133280e-01,1.1885535531e+00,4.8321635600e-01,4.3101068899e-01,5.2205667013e-02,5.3488631181e-01
2.1664107058e-01,1.1892381077e+00,4.8415626142e-01,4.3167028250e-01,5.2485978912e-02,5.3609057632e-01
2.1736080835e-01,1.1899230566e+00,4.8509227119e-01,4.3232566865e-01,5.2766602539e-02,5.3729106879e-01
2.1808054613e-01,1.1906083999e+00,4.8602439380e-01,4.3297685911e-01,5.3047534693e-02,5.3848779393e-01
2.1880028391e-01,1.1912941380e+00,4.8695263777e-01,4.3362386559e-01,5.3328772181e-02,5.3968075650e-01
2.1952002168e-01,1.1919802710e+00,4.8787701161e-01,4.3426669979e-01,5.3610311822e-02,5.4086996131e-01
2.2023975946e-01,1.1926667992e+00,4.8879752388e-01,4.3490537344e-01,5.3892150443e-02,5.4205541318e-01
2.2095949723e-01,1.1933537229e+00,4.8971418315e-01,4.3553989827e-01,5.4174284884e-02,5.4323711700e-01
2.2167923501e-01,1.1940410421e+00,4.9062699801e-01,4.3617028602e-01,5.4456711992e-02,5.4441507769e-01
2.2239897279e-01,1.1947287572e+00,4.9153597706e-01,4.3679654843e-01,5.4739428626e-02,5.4558930019e-01
2.2311871056e-01,1.1954168685e+00,4.9244112893e-01,4.3741869727e-01,5.5022431657e-02,5.4675978950e-01
2.2383844834e-01,1.1961053760e+00,4.9334246227e-01,4.3803674430e-01,5.5305717964e-02,5.4792655065e-01
2.2455818611e-01,1.1967942801e+00,4.9423998574e-01,4.3865070130e-01,5.5589284435e-02,5.4908958871e-01
2.2527792389e-01,1.1974835810e+00,4.9513370802e-01,4.3926058005e-01,5.5873127972e-02,5.5024890879e-01
2.2599766167e-01,1.1981732788e+00,4.9602363782e-01,4.3986639233e-01,5.6157245485e-02,5.5140451603e-01
2.2671739944e-01,1.1988633740e+00,4.9690978385e-01,4.4046814995e-01,5.6441633895e-02,5.5255641562e-01
2.2743713722e-01,1.1995538665e+00,4.9779215485e-01,4.4106586472e-01,5.6726290131e-02,5.5370461277e-01
2.2815687499e-01,1.2002447568e+00,4.9867075957e-01,4.4165954843e-01,5.7011211136e-02,5.5484911275e-01
2.2887661277e-01,1.2009360450e+00,4.9954560678e-01,4.4224921292e-01,5.7296393860e-02,5.5598992083e-01
2.2959635055e-01,1.2016277313e+00,5.0041670526e-01,4.4283487000e-01,5.7581835266e-02,5.5712704236e-01
2.3031608832e-01,1.2023198161e+00,5.0128406383e-01,4.4341653150e-01,5.7867532325e-02,5.5826048269e-01
2.3103582610e-01,1.2030122994e+00,5.0214769129e-01,4.4399420927e-01,5.8153482020e-02,5.5939024722e-01
2.3175556387e-01,1.2037051816e+00,5.0300759647e-01,4.4456791513e-01,5.8439681342e-02,5.6051634139e-01
2.3247530165e-01,1.2043984628e+00,5.0386378824e-01,4.4513766094e-01,5.8726127295e-02,5.6163877066e-01
2.3319503943e-01,1.2050921434e+00,5.0471627545e-01,4.4570345855e-01,5.9012816891e-02,5.6275754056e-01
2.3391477720e-01,1.2057862234e+00,5.0556506697e-01,4.4626531982e-01,5.9299747154e-02,5.6387265660e-01
2.3463451498e-01,1.2064807033e+00,5.0641017171e-01,4.4682325660e-01,5.9586915117e-02,5.6498412437e-01
2.3535425275e-01,1.2071755831e+00,5.0725159857e-01,4.4737728075e-01,5.9874317823e-02,5.6609194947e-01
2.3607399053e-01,1.2078708631e+00,5.0808935648e-01,4.4792740415e-01,6.0161952328e-02,5.6719613754e-01
2.3679372831e-01,1.2085665436e+00,5.0892345436e-01,4.4847363866e-01,6.0449815693e-02,5.6829669427e-01
2.3751346608e-01,1.2092626248e+00,5.0975390116e-01,4.4901599617e-01,6.0737904995e-02,5.6939362535e-01
2.3823320386e-01,1.2099591069e+00,5.1058070586e-01,4.4955448854e-01,6.1026217318e-02,5.7048693653e-01
2.3895294163e-01,1.2106559901e+00,5.1140387741e-01,4.5008912765e-01,6.1314749755e-02,5.7157663357e-01
2.3967267941e-01,1.2113532747e+00,5.1222342481e-01,4.5061992540e-01,6.1603499414e-02,5.7266272230e-01
2.4039241719e-01,1.2120509609e+00,5.1303935706e-01,4.5114689365e-01,6.1892463408e-02,5.7374520854e-01
2.4111215496e-01,1.2127490490e+00,5.1385168317e-01,4.5167004431e-01,6.2181638863e-02,5.7482409816e-01
2.4183189274e-01,1.2134475391e+00,5.1466041216e-01,4.5218938925e-01,6.2471022916e-02,5.7589939707e-01
2.4255163051e-01,1.2141464315e+00,5.1546555307e-01,4.5270494036e-01,6.2760612711e-02,5.7697111119e-01
2.4327136829e-01,1.2148457265e+00,5.1626711494e-01,4.5321670954e-01,6.3050405404e-02,5.7803924650e-01
2.4399110607e-01,1.2155454242e+00,5.1706510683e-01,4.5372470867e-01,6.3340398163e-02,5.7910380898e-01
2.4471084384e-01,1.2162455249e+00,5.1785953781e-01,4.5422894964e-01,6.3630588164e-02,5.8016480465e-01
2.4543058162e-01,1.2169460288e+00,5.1865041695e-01,4.5472944435e-01,6.3920972593e-02,5.8122223959e-01
2.4615031939e-01,1.2176469362e+00,5.1943775334e-01,4.5522620469e-01,6.4211548646e-02,5.8227611986e-01
2.4687005717e-01,1.2183482473e+00,5.2022155608e-01,4.5571924255e-01,6.4502313532e-02,5.8332645159e-01
2.4758979495e-01,1.2190499623e+00,5.2100183428e-01,4.5620856982e-01,6.4793264467e-02,5.8437324092e-01
2.4830953272e-01,1.2197520815e+00,5.2177859706e-01,4.5669419838e-01,6.5084398678e-02,5.8541649401e-01
2.4902927050e-01,1.2204546050e+00,5.2255185354e-01,4.5717614014e-01,6.5375713403e-02,5.8645621708e-01
2.4974900827e-01,1.2211575332e+00,5.2332161285e-01,4.5765440697e-01,6.5667205890e-02,5.8749241636e-01
2.5046874605e-01,1.2218608662e+00,5.2408788415e-01,4.5812901075e-01,6.5958873395e-02,5.8852509810e-01
2.5118848383e-01,1.2225646043e+00,5.2485067658e-01,4.5859996339e-01,6.6250713188e-02,5.8955426859e-01
2.5190822160e-01,1.2232687478e+00,5.2560999929e-01,4.5906727675e-01,6.6542722546e-02,5.9057993414e-01
2.5262795938e-01,1.2239732968e+00,5.2636586147e-01,4.5953096271e-01,6.6834898757e-02,5.9160210110e-01
2.5334769715e-01,1.2246782516e+00,5.2711827228e-01,4.5999103316e-01,6.7127239120e-02,5.9262077585e-01
2.5406743493e-01,1.2253836124e+00,5.2786724091e-01,4.6044749997e-01,6.7419740942e-02,5.9363596476e-01
2.5478717271e-01,1.2260893795e+00,5.2861277655e-01,4.6090037501e-01,6.7712401542e-02,5.9464767428e-01
2.5550691048e-01,1.2267955530e+00,5.2935488840e-01,4.6134967015e-01,6.8005218249e-02,5.9565591084e-01
2.5622664826e-01,1.2275021333e+00,5.3009358565e-01,4.6179539725e-01,6.8298188400e-02,5.9666068093e-01
2.5694638603e-01,1.2282091205e+00,5.3082887752e-01,4.6223756817e-01,6.8591309346e-02,5.9766199104e-01
2.5766612381e-01,1.2289165150e+00,5.3156077322e-01,4.6267619478e-01,6.8884578444e-02,5.9865984771e-01
2.5838586159e-01,1.2296243168e+00,5.3228928198e-01,4.6311128892e-01,6.9177993063e-02,5.9965425750e-01
2.5910559936e-01,1.2303325264e+00,5.3301441302e-01,4.6354286244e-01,6.9471550582e-02,6.0064522696e-01
2.5982533714e-01,1.2310411438e+00,5.3373617558e-01,4.6397092719e-01,6.9765248390e-02,6.0163276273e-01
2.6054507491e-01,1.2317501694e+00,5.3445457888e-01,4.6439549500e-01,7.0059083886e-02,6.0261687141e-01
2.6126481269e-01,1.2324596033e+00,5.3516963219e-01,4.6481657771e-01,7.0353054478e-02,6.0359755967e-01
2.6198455047e-01,1.2331694458e+00,5.3588134473e-01,4.6523418715e-01,7.0647157585e-02,6.0457483417e-01
2.6270428824e-01,1.2338796972e+00,5.3658972577e-01,4.6564833514e-01,7.0941390636e-02,6.0554870163e-01
2.6342402602e-01,1.2345903576e+00,5.3729478456e-01,4.6605903349e-01,7.1235751071e-02,6.0651916876e-01
2.6414376379e-01,1.2353014274e+00,5.3799653036e-01,4.6646629402e-01,7.1530236337e-02,6.0748624232e-01
2.6486350157e-01,1.2360129067e+00,5.3869497243e-01,4.6687012854e-01,7.1824843894e-02,6.0844992908e-01
2.6558323935e-01,1.2367247957e+00,5.3939012005e-01,4.6727054884e-01,7.2119571210e-02,6.0941023582e-01
2.6630297712e-01,1.2374370948e+00,5.4008198247e-01,4.6766756671e-01,7.2414415764e-02,6.1036716937e-01
2.6702271490e-01,1.2381498042e+00,5.4077056898e-01,4.6806119393e-01,7.2709375045e-02,6.1132073656e-01
2.6774245267e-01,1.2388629240e+00,5.4145588884e-01,4.6845144229e-01,7.3004446551e-02,6.1227094426e-01
2.6846219045e-01,1.2395764546e+00,5.4213795135e-01,4.6883832356e-01,7.3299627790e-02,6.1321779935e-01
2.6918192823e-01,1.2402903961e+00,5.4281676577e-01,4.6922184949e-01,7.3594916282e-02,6.1416130874e-01
2.6990166600e-01,1.2410047488e+00,5.4349234139e-01,4.6960203184e-01,7.3890309553e-02,6.1510147934e-01
2.7062140378e-01,1.2417195129e+00,5.4416468750e-01,4.6997888236e-01,7.4185805143e-02,6.1603831811e-01
2.7134114155e-01,1.2424346888e+00,5.4483381338e-01,4.7035241278e-01,7.4481400598e-02,6.1697183201e-01
2.7206087933e-01,1.2431502765e+00,5.4549972833e-01,4.7072263485e-01,7.4777093478e-02,6.1790202804e-01
2.7278061711e-01,1.2438662764e+00,5.4616244162e-01,4.7108956027e-01,7.5072881350e-02,6.1882891320e-01
2.7350035488e-01,1.2445826887e+00,5.4682196255e-01,4.7145320076e-01,7.5368761790e-02,6.1975249452e-01
2.7422009266e-01,1.2452995136e+00,5.4747830041e-01,4.7181356802e-01,7.5664732388e-02,6.2067277905e-01
2.7493983043e-01,1.2460167513e+00,5.4813146449e-01,4.7217067375e-01,7.5960790739e-02,6.2158977385e-01
2.7565956821e-01,1.2467344022e+00,5.4878146409e-01,4.7252452964e-01,7.6256934450e-02,6.2250348603e-01
2.7637930599e-01,1.2474524663e+00,5.4942830848e-01,4.7287514735e-01,7.6553161139e-02,6.2341392267e-01
2.7709904376e-01,1.2481709441e+00,5.5007200698e-01,4.7322253855e-01,7.6849468431e-02,6.2432109092e-01
2.7781878154e-01,1.2488898357e+00,5.5071256886e-01,4.7356671490e-01,7.7145853963e-02,6.2522499790e-01
2.7853851931e-01,1.2496091413e+00,5.5135000342e-01,4.7390768804e-01,7.7442315382e-02,6.2612565079e-01
2.7925825709e-01,1.2503288612e+00,5.5198431995e-01,4.7424546961e-01,7.7738850342e-02,6.2702305677e-01
2.7997799487e-01,1.2510489956e+00,5.5261552774e-01,4.7458007123e-01,7.8035456508e-02,6.2791722303e-01
2.8069773264e-01,1.2517695448e+00,5.5324363607e-01,4.7491150451e-01,7.8332131558e-02,6.2880815680e-01
2.8141747042e-01,1.2524905090e+00,5.5386865424e-01,4.7523978106e-01,7.8628873174e-02,6.2969586529e-01
2.8213720819e-01,1.2532118885e+00,5.5449059152e-01,4.7556491246e-01,7.8925679051e-02,6.3058035577e-01
2.8285694597e-01,1.2539336834e+00,5.5510945720e-01,4.7588691030e-01,7.9222546894e-02,6.3146163551e-01
2.8357668375e-01,1.2546558941e+00,5.5572526056e-01,4.7620578614e-01,7.9519474417e-02,6.3233971178e-01
2.8429642152e-01,1.2553785207e+00,5.5633801088e-01,4.7652155154e-01,7.9816459342e-02,6.3321459189e-01
2.8501615930e-01,1.2561015635e+00,5.5694771744e-01,4.7683421804e-01,8.0113499403e-02,6.3408628316e-01
2.8573589707e-01,1.2568250228e+00,5.5755438951e-01,4.7714379717e-01,8.0410592343e-02,6.3495479292e-01
2.8645563485e-01,1.2575488987e+00,5.5815803636e-01,4.7745030045e-01,8.0707735914e-02,6.3582012851e-01
2.8717537263e-01,1.2582731916e+00,5.5875866727e-01,4.7775373939e-01,8.1004927877e-02,6.3668229730e-01
2.8789511040e-01,1.2589979016e+00,5.5935629149e-01,4.7805412549e-01,8.1302166004e-02,6.3754130667e-01
2.8861484818e-01,1.2597230290e+00,5.5995091829e-01,4.7835147021e-01,8.1599448076e-02,6.3839716402e-01
2.8933458595e-01,1.2604485741e+00,5.6054255693e-01,4.7864578504e-01,8.1896771884e-02,6.3924987676e-01
2.9005432373e-01,1.2611745370e+00,5.6113121665e-01,4.7893708143e-01,8.2194135227e-02,6.4009945230e-01
2.9077406151e-01,1.2619009181e+00,5.6171690672e-01,4.7922537081e-01,8.2491535914e-02,6.4094589809e-01
2.9149379928e-01,1.2626277175e+00,5.6229963638e-01,4.7951066462e-01,8.2788971766e-02,6.4178922157e-01
2.9221353706e-01,1.2633549355e+00,5.6287941487e-01,4.7979297426e-01,8.3086440610e-02,6.4262943023e-01
2.9293327483e-01,1.2640825724e+00,5.6345625143e-01,4.8007231115e-01,8.3383940285e-02,6.4346653152e-01
2.9365301261e-01,1.2648106284e+00,5.6403015529e-01,4.8034868666e-01,8.3681468637e-02,6.4430053295e-01
2.9437275039e-01,1.2655391037e+00,5.6460113569e-01,4.8062211216e-01,8.3979023524e-02,6.4513144203e-01
2.9509248816e-01,1.2662679985e+00,5.6516920183e-01,4.8089259902e-01,8.4276602811e-02,6.4595926627e-01
2.9581222594e-01,1.2669973132e+00,5.6573436295e-01,4.8116015858e-01,8.4574204374e-02,6.4678401320e-01
2.9653196371e-01,1.2677270479e+00,5.6629662826e-01,4.8142480216e-01,8.4871826099e-02,6.4760569037e-01
2.9725170149e-01,1.2684572030e+00,5.6685600695e-01,4.8168654107e-01,8.5169465879e-02,6.4842430534e-01
2.9797143927e-01,1.2691877785e+00,5.6741250824e-01,4.8194538662e-01,8.5467121618e-02,6.4923986567e-01
2.9869117704e-01,1.2699187749e+00,5.6796614132e-01,4.8220135009e-01,8.5764791229e-02,6.5005237895e-01
2.9941091482e-01,1.2706501922e+00,5.6851691538e-01,4.8245444274e-01,8.6062472635e-02,6.5086185276e-01
3.0013065259e-01,1.2713820309e+00,5.6906483959e-01,4.8270467583e-01,8.6360163767e-02,6.5166829471e-01
3.0085039037e-01,1.2721142910e+00,5.6960992315e-01,4.8295206058e-01,8.6657862567e-02,6.5247171242e-01
3.0157012815e-01,1.2728469729e+00,5.7015217521e-01,4.8319660823e-01,8.6955566983e-02,6.5327211351e-01
3.0228986592e-01,1.2735800768e+00,5.7069160495e-01,4.8343832998e-01,8.7253274976e-02,6.5406950561e-01
3.0300960370e-01,1.2743136029e+00,5.7122822152e-01,4.8367723700e-01,8.7550984514e-02,6.5486389638e-01
3.0372934147e-01,1.2750475515e+00,5.7176203406e-01,4.8391334048e-01,8.7848693575e-02,6.5565529347e-01
3.0444907925e-01,1.2757819228e+00,5.7229305172e-01,4.8414665157e-01,8.8146400147e-02,6.5644370455e-01
3.0516881703e-01,1.2765167171e+00,5.7282128364e-01,4.8437718141e-01,8.8444102225e-02,6.5722913729e-01
3.0588855480e-01,1.2772519345e+00,5.7334673893e-01,4.8460494112e-01,8.8741797814e-02,6.5801159939e-01
3.0660829258e-01,1.2779875755e+00,5.7386942673e-01,4.8482994180e-01,8.9039484931e-02,6.5879109853e-01
3.0732803035e-01,1.2787236401e+00,5.7438935614e-01,4.8505219454e-01,8.9337161597e-02,6.5956764242e-01
3.0804776813e-01,1.2794601287e+00,5.7490653626e-01,4.8527171042e-01,8.9634825845e-02,6.6034123878e-01
3.0876750591e-01,1.2801970415e+00,5.7542097620e-01,4.8548850048e-01,8.9932475719e-02,6.6111189533e-01
3.0948724368e-01,1.2809343787e+00,5.7593268503e-01,4.8570257576e-01,9.0230109268e-02,6.6187961981e-01
3.1020698146e-01,1.2816721405e+00,5.7644167183e-01,4.8591394728e-01,9.0527724552e-02,6.6264441994e-01
3.1092671923e-01,1.2824103273e+00,5.7694794568e-01,4.8612262604e-01,9.0825319641e-02,6.6340630349e-01
3.1164645701e-01,1.2831489393e+00,5.7745151563e-01,4.8632862302e-01,9.1122892613e-02,6.6416527820e-01
3.1236619479e-01,1.2838879766e+00,5.7795239074e-01,4.8653194919e-01,9.1420441555e-02,6.6492135185e-01
3.1308593256e-01,1.2846274396e+00,5.7845058005e-01,4.8673261549e-01,9.1717964562e-02,6.6567453219e-01
3.1380567034e-01,1.2853673285e+00,5.7894609259e-01,4.8693063285e-01,9.2015459740e-02,6.6642482702e-01
3.1452540811e-01,1.2861076436e+00,5.7943893738e-01,4.8712601218e-01,9.2312925202e-02,6.6717224412e-01
3.1524514589e-01,1.2868483850e+00,5.7992912345e-01,4.8731876437e-01,9.2610359073e-02,6.6791679128e-01
3.1596488367e-01,1.2875895531e+00,5.8041665978e-01,4.8750890030e-01,9.2907759482e-02,6.6865847630e-01
3.1668462144e-01,1.2883311480e+00,5.8090155539e-01,4.8769643082e-01,9.3205124572e-02,6.6939730698e-01
3.1740435922e-01,1.2890731701e+00,5.8138381925e-01,4.8788136676e-01,9.3502452491e-02,6.7013329115e-01
3.1812409699e-01,1.2898156196e+00,5.8186346033e-01,4.8806371893e-01,9.3799741399e-02,6.7086643661e-01
3.1884383477e-01,1.2905584966e+00,5.8234048761e-01,4.8824349815e-01,9.4096989461e-02,6.7159675120e-01
3.1956357255e-01,1.2913018016e+00,5.8281491003e-01,4.8842071517e-01,9.4394194855e-02,6.7232424274e-01
3.2028331032e-01,1.2920455346e+00,5.8328673653e-01,4.8859538077e-01,9.4691355765e-02,6.7304891908e-01
3.2100304810e-01,1.2927896960e+00,5.8375597606e-01,4.8876750567e-01,9.4988470385e-02,6.7377078804e-01
3.2172278587e-01,1.2935342860e+00,5.8422263752e-01,4.8893710061e-01,9.5285536917e-02,6.7448985749e-01
3.2244252365e-01,1.2942793049e+00,5.8468672984e-01,4.8910417627e-01,9.5582553573e-02,6.7520613527e-01
3.2316226143e-01,1.2950247529e+00,5.8514826191e-01,4.8926874334e-01,9.5879518572e-02,6.7591962924e-01
3.2388199920e-01,1.2957706302e+00,5.8560724262e-01,4.8943081247e-01,9.6176430142e-02,6.7663034726e-01
3.2460173698e-01,1.2965169370e+00,5.8606368084e-01,4.8959039432e-01,9.6473286522e-02,6.7733829719e-01
3.2532147475e-01,1.2972636738e+00,5.8651758544e-01,4.8974749949e-01,9.6770085957e-02,6.7804348691e-01
3.2604121253e-01,1.2980108406e+00,5.8696896528e-01,4.8990213858e-01,9.7066826701e-02,6.7874592429e-01
3.2676095031e-01,1.2987584378e+00,5.8741782919e-01,4.9005432217e-01,9.7363507017e-02,6.7944561721e-01
3.2748068808e-01,1.2995064655e+00,5.8786418601e-01,4.9020406083e-01,9.7660125179e-02,6.8014257355e-01
3.2820042586e-01,1.3002549241e+00,5.8830804455e-01,4.9035136509e-01,9.7956679465e-02,6.8083680119e-01
3.2892016363e-01,1.3010038137e+00,5.8874941363e-01,4.9049624546e-01,9.8253168164e-02,6.8152830803e-01
3.2963990141e-01,1.3017531347e+00,5.8918830202e-01,4.9063871245e-01,9.8549589575e-02,6.8221710195e-01
3.3035963919e-01,1.3025028873e+00,5.8962471853e-01,4.9077877652e-01,9.8845942003e-02,6.8290319086e-01
3.3107937696e-01,1.3032530716e+00,5.9005867190e-01,4.9091644814e-01,9.9142223763e-02,6.8358658264e-01
3.3179911474e-01,1.3040036881e+00,5.9049017091e-01,4.9105173773e-01,9.9438433178e-02,6.8426728520e-01
3.3251885251e-01,1.3047547369e+00,5.9091922428e-01,4.9118465570e-01,9.9734568579e-02,6.8494530645e-01
3.3323859029e-01,1.3055062182e+00,5.9134584077e-01,4.9131521246e-01,1.0003062831e-01,6.8562065428e-01
3.3395832807e-01,1.3062581324e+00,5.9177002907e-01,4.9144341836e-01,1.0032661071e-01,6.8629333660e-01
3.3467806584e-01,1.3070104796e+00,5.9219179790e-01,4.9156928376e-01,1.0062251414e-01,6.8696336133e-01
3.3539780362e-01,1.3077632602e+00,5.9261115595e-01,4.9169281898e-01,1.0091833697e-01,6.8763073637e-01
3.3611754139e-01,1.3085164743e+00,5.9302811189e-01,4.9181403432e-01,1.0121407756e-01,6.8829546964e-01
3.3683727917e-01,1.3092701222e+00,5.9344267439e-01,4.9193294008e-01,1.0150973431e-01,6.8895756904e-01
3.3755701695e-01,1.3100242042e+00,5.9385485211e-01,4.9204954651e-01,1.0180530561e-01,6.8961704250e-01
3.3827675472e-01,1.3107787206e+00,5.9426465368e-01,4.9216386384e-01,1.0210078984e-01,6.9027389793e-01
3.3899649250e-01,1.3115336715e+00,5.9467208772e-01,4.9227590231e-01,1.0239618541e-01,6.9092814325e-01
3.3971623027e-01,1.3122890572e+00,5.9507716285e-01,4.9238567209e-01,1.0269149075e-01,6.9157978638e-01
3.4043596805e-01,1.3130448780e+00,5.9547988765e-01,4.9249318337e-01,1.0298670428e-01,6.9222883523e-01
3.4115570583e-01,1.3138011341e+00,5.9588027072e-01,4.9259844630e-01,1.0328182442e-01,6.9287529772e-01
3.4187544360e-01,1.3145578257e+00,5.9627832062e-01,4.9270147101e-01,1.0357684962e-01,6.9351918178e-01
3.4259518138e-01,1.3153149532e+00,5.9667404591e-01,4.9280226759e-01,1.0387177832e-01,6.9416049531e-01
3.4331491915e-01,1.3160725168e+00,5.9706745512e-01,4.9290084614e-01,1.0416660898e-01,6.9479924625e-01
3.4403465693e-01,1.3168305167e+00,5.9745855678e-01,4.9299721672e-01,1.0446134006e-01,6.9543544251e-01
3.4475439471e-01,1.3175889531e+00,5.9784735941e-01,4.9309138936e-01,1.0475597004e-01,6.9606909200e-01
3.4547413248e-01,1.3183478264e+00,5.9823387149e-01,4.9318337408e-01,1.0505049740e-01,6.9670020265e-01
3.4619387026e-01,1.3191071368e+00,5.9861810151e-01,4.9327318088e-01,1.0534492062e-01,6.9732878238e-01
3.4691360803e-01,1.3198668845e+00,5.9900005793e-01,4.9336081972e-01,1.0563923821e-01,6.9795483909e-01
3.4763334581e-01,1.3206270698e+00,5.9937974922e-01,4.9344630056e-01,1.0593344866e-01,6.9857838071e-01
3.4835308359e-01,1.3213876929e+00,5.9975718379e-01,4.9352963331e-01,1.0622755049e-01,6.9919941515e-01
3.4907282136e-01,1.3221487541e+00,6.0013237009e-01,4.9361082788e-01,1.0652154221e-01,6.9981795032e-01
3.4979255914e-01,1.3229102536e+00,6.0050531651e-01,4.9368989414e-01,1.0681542237e-01,7.0043399414e-01
3.5051229691e-01,1.3236721917e+00,6.0087603144e-01,4.9376684195e-01,1.0710918948e-01,7.0104755451e-01
3.5123203469e-01,1.3244345687e+00,6.0124452326e-01,4.9384168115e-01,1.0740284211e-01,7.0165863934e-01
3.5195177247e-01,1.3251973848e+00,6.0161080034e-01,4.9391442154e-01,1.0769637879e-01,7.0226725654e-01
3.5267151024e-01,1.3259606402e+00,6.0197487101e-01,4.9398507291e-01,1.0798979810e-01,7.0287341402e-01
3.5339124802e-01,1.3267243352e+00,6.0233674361e-01,4.9405364501e-01,1.0828309859e-01,7.0347711967e-01
3.5411098579e-01,1.3274884701e+00,6.0269642645e-01,4.9412014759e-01,1.0857627885e-01,7.0407838139e-01
3.5483072357e-01,1.3282530450e+00,6.0305392782e-01,4.9418459037e-01,1.0886933746e-01,7.0467720709e-01
3.5555046135e-01,1.3290180604e+00,6.0340925602e-01,4.9424698302e-01,1.0916227300e-01,7.0527360465e-01
3.5627019912e-01,1.3297835163e+00,6.0376241931e-01,4.9430733523e-01,1.0945508409e-01,7.0586758197e-01
3.5698993690e-01,1.3305494131e+00,6.0411342594e-01,4.9436565663e-01,1.0974776931e-01,7.0645914694e-01
3.5770967467e-01,1.3313157511e+00,6.0446228414e-01,4.9442195684e-01,1.1004032730e-01,7.0704830744e-01
3.5842941245e-01,1.3320825304e+00,6.0480900213e-01,4.9447624546e-01,1.1033275667e-01,7.0763507135e-01
3.5914915023e-01,1.3328497514e+00,6.0515358812e-01,4.9452853206e-01,1.1062505606e-01,7.0821944656e-01
3.5986888800e-01,1.3336174142e+00,6.0549605029e-01,4.9457882620e-01,1.1091722409e-01,7.0880144094e-01
3.6058862578e-01,1.3343855192e+00,6.0583639681e-01,4.9462713739e-01,1.1120925942e-01,7.0938106237e-01
3.6130836355e-01,1.3351540665e+00,6.0617463583e-01,4.9467347513e-01,1.1150116069e-01,7.0995831871e-01
3.6202810133e-01,1.3359230566e+00,6.0651077549e-01,4.9471784891e-01,1.1179292658e-01,7.1053321782e-01
3.6274783911e-01,1.3366924895e+00,6.0684482391e-01,4.9476026817e-01,1.1208455574e-01,7.1110576757e-01
3.6346757688e-01,1.3374623656e+00,6.0717678920e-01,4.9480074234e-01,1.1237604686e-01,7.1167597581e-01
3.6418731466e-01,1.3382326851e+00,6.0750667943e-01,4.9483928082e-01,1.1266739861e-01,7.1224385040e-01
3.6490705243e-01,1.3390034482e+00,6.0783450269e-01,4.9487589300e-01,1.1295860969e-01,7.1280939918e-01
3.6562679021e-01,1.3397746553e+00,6.0816026703e-01,4.9491058823e-01,1.1324967880e-01,7.1337263001e-01
3.6634652799e-01,1.3405463066e+00,6.0848398047e-01,4.9494337584e-01,1.1354060464e-01,7.1393355070e-01
3.6706626576e-01,1.3413184023e+00,6.0880565105e-01,4.9497426513e-01,1.1383138592e-01,7.1449216911e-01
3.6778600354e-01,1.3420909427e+00,6.0912528676e-01,4.9500326540e-01,1.1412202136e-01,7.1504849305e-01
3.6850574131e-01,1.3428639281e+00,6.0944289559e-01,4.9503038589e-01,1.1441250970e-01,7.1560253036e-01
3.6922547909e-01,1.3436373587e+00,6.0975848551e-01,4.9505563584e-01,1.1470284967e-01,7.1615428885e-01
3.6994521687e-01,1.3444112347e+00,6.1007206446e-01,4.9507902445e-01,1.1499304001e-01,7.1670377634e-01
3.7066495464e-01,1.3451855564e+00,6.1038364039e-01,4.9510056092e-01,1.1528307947e-01,7.1725100063e-01
3.7138469242e-01,1.3459603242e+00,6.1069322121e-01,4.9512025440e-01,1.1557296681e-01,7.1779596953e-01
3.7210443019e-01,1.3467355381e+00,6.1100081482e-01,4.9513811402e-01,1.1586270080e-01,7.1833869083e-01
3.7282416797e-01,1.3475111985e+00,6.1130642910e-01,4.9515414890e-01,1.1615228020e-01,7.1887917232e-01
3.7354390575e-01,1.3482873057e+00,6.1161007191e-01,4.9516836812e-01,1.1644170379e-01,7.1941742180e-01
3.7426364352e-01,1.3490638599e+00,6.1191175111e-01,4.9518078073e-01,1.1673097037e-01,7.1995344703e-01
3.7498338130e-01,1.3498408614e+00,6.1221147451e-01,4.9519139579e-01,1.1702007872e-01,7.2048725580e-01
3.7570311907e-01,1.3506183103e+00,6.1250924994e-01,4.9520022229e-01,1.1730902765e-01,7.2101885587e-01
3.7642285685e-01,1.3513962071e+00,6.1280508519e-01,4.9520726922e-01,1.1759781597e-01,7.2154825501e-01
3.7714259463e-01,1.3521745519e+00,6.1309898803e-01,4.9521254555e-01,1.1788644248e-01,7.2207546095e-01
3.7786233240e-01,1.3529533449e+00,6.1339096622e-01,4.9521606021e-01,1.1817490602e-01,7.2260048147e-01
3.7858207018e-01,1.3537325866e+00,6.1368102751e-01,4.9521782211e-01,1.1846320540e-01,7.2312332428e-01
3.7930180795e-01,1.3545122770e+00,6.1396917961e-01,4.9521784014e-01,1.1875133948e-01,7.2364399714e-01
3.8002154573e-01,1.3552924165e+00,6.1425543024e-01,4.9521612315e-01,1.1903930708e-01,7.2416250777e-01
3.8074128351e-01,1.3560730053e+00,6.1453978707e-01,4.9521267999e-01,1.1932710707e-01,7.2467886388e-01
3.8146102128e-01,1.3568540437e+00,6.1482225777e-01,4.9520751947e-01,1.1961473830e-01,7.2519307320e-01
3.8218075906e-01,1.3576355320e+00,6.1510285001e-01,4.9520065038e-01,1.1990219963e-01,7.2570514342e-01
3.8290049683e-01,1.3584174703e+00,6.1538157140e-01,4.9519208146e-01,1.2018948994e-01,7.2621508225e-01
3.8362023461e-01,1.3591998591e+00,6.1565842957e-01,4.9518182147e-01,1.2047660810e-01,7.2672289738e-01
3.8433997239e-01,1.3599826984e+00,6.1593343212e-01,4.9516987911e-01,1.2076355301e-01,7.2722859649e-01
3.8505971016e-01,1.3607659886e+00,6.1620658661e-01,4.9515626306e-01,1.2105032354e-01,7.2773218726e-01
3.8577944794e-01,1.3615497300e+00,6.1647790061e-01,4.9514098200e-01,1.2133691861e-01,7.2823367736e-01
3.8649918571e-01,1.3623339228e+00,6.1674738166e-01,4.9512404455e-01,1.2162333711e-01,7.2873307445e-01
3.8721892349e-01,1.3631185672e+00,6.1701503729e-01,4.9510545933e-01,1.2190957797e-01,7.2923038618e-01
3.8793866127e-01,1.3639036635e+00,6.1728087500e-01,4.9508523491e-01,1.2219564009e-01,7.2972562020e-01
3.8865839904e-01,1.3646892121e+00,6.1754490228e-01,4.9506337987e-01,1.2248152242e-01,7.3021878414e-01
3.8937813682e-01,1.3654752130e+00,6.1780712659e-01,4.9503990273e-01,1.2276722387e-01,7.3070988564e-01
3.9009787459e-01,1.3662616667e+00,6.1806755539e-01,4.9501481200e-01,1.2305274339e-01,7.3119893231e-01
3.9081761237e-01,1.3670485733e+00,6.1832619611e-01,4.9498811618e-01,1.2333807993e-01,7.3168593177e-01
3.9153735015e-01,1.3678359332e+00,6.1858305615e-01,4.9495982371e-01,1.2362323244e-01,7.3217089162e-01
3.9225708792e-01,1.3686237465e+00,6.1883814292e-01,4.9492994304e-01,1.2390819988e-01,7.3265381945e-01
3.9297682570e-01,1.3694120136e+00,6.1909146379e-01,4.9489848257e-01,1.2419298121e-01,7.3313472285e-01
3.9369656347e-01,1.3702007347e+00,6.1934302611e-01,4.9486545069e-01,1.2447757542e-01,7.3361360940e-01
3.9441630125e-01,1.3709899101e+00,6.1959283722e-01,4.9483085575e-01,1.2476198148e-01,7.3409048667e-01
3.9513603903e-01,1.3717795399e+00,6.1984090446e-01,4.9479470608e-01,1.2504619837e-01,7.3456536222e-01
3.9585577680e-01,1.3725696246e+00,6.2008723510e-01,4.9475701000e-01,1.2533022510e-01,7.3503824359e-01
3.9657551458e-01,1.3733601644e+00,6.2033183644e-01,4.9471777579e-01,1.2561406066e-01,7.3550913834e-01
3.9729525235e-01,1.3741511594e+00,6.2057471575e-01,4.9467701170e-01,1.2589770405e-01,7.3597805399e-01
3.9801499013e-01,1.3749426101e+00,6.2081588026e-01,4.9463472597e-01,1.2618115429e-01,7.3644499806e-01
3.9873472791e-01,1.3757345165e+00,6.2105533719e-01,4.9459092679e-01,1.2646441040e-01,7.3690997808e-01
3.9945446568e-01,1.3765268791e+00,6.2129309377e-01,4.9454562237e-01,1.2674747141e-01,7.3737300153e-01
4.0017420346e-01,1.3773196980e+00,6.2152915717e-01,4.9449882084e-01,1.2703033634e-01,7.3783407593e-01
4.0089394123e-01,1.3781129736e+00,6.2176353457e-01,4.9445053034e-01,1.2731300423e-01,7.3829320875e-01
4.0161367901e-01,1.3789067061e+00,6.2199623311e-01,4.9440075898e-01,1.2759547414e-01,7.3875040748e-01
4.0233341679e-01,1.3797008957e+00,6.2222725993e-01,4.9434951483e-01,1.2787774511e-01,7.3920567957e-01
4.0305315456e-01,1.3804955427e+00,6.2245662214e-01,4.9429680595e-01,1.2815981619e-01,7.3965903248e-01
4.0377289234e-01,1.3812906475e+00,6.2268432683e-01,4.9424264037e-01,1.2844168646e-01,7.4011047366e-01
4.0449263011e-01,1.3820862101e+00,6.2291038108e-01,4.9418702610e-01,1.2872335499e-01,7.4056001054e-01
4.0521236789e-01,1.3828822310e+00,6.2313479194e-01,4.9412997110e-01,1.2900482084e-01,7.4100765055e-01
4.0593210567e-01,1.3836787103e+00,6.2335756645e-01,4.9407148335e-01,1.2928608311e-01,7.4145340111e-01
4.0665184344e-01,1.3844756484e+00,6.2357871163e-01,4.9401157075e-01,1.2956714087e-01,7.4189726962e-01
4.0737158122e-01,1.3852730455e+00,6.2379823447e-01,4.9395024123e-01,1.2984799324e-01,7.4233926348e-01
4.0809131899e-01,1.3860709019e+00,6.2401614195e-01,4.9388750265e-01,1.3012863930e-01,7.4277939007e-01
4.0881105677e-01,1.3868692177e+00,6.2423244104e-01,4.9382336287e-01,1.3040907818e-01,7.4321765676e-01
4.0953079455e-01,1.3876679934e+00,6.2444713868e-01,4.9375782971e-01,1.3068930897e-01,7.4365407093e-01
4.1025053232e-01,1.3884672291e+00,6.2466024178e-01,4.9369091098e-01,1.3096933080e-01,7.4408863992e-01
4.1097027010e-01,1.3892669252e+00,6.2487175725e-01,4.9362261445e-01,1.3124914280e-01,7.4452137107e-01
4.1169000787e-01,1.3900670818e+00,6.2508169198e-01,4.9355294788e-01,1.3152874410e-01,7.4495227173e-01
4.1240974565e-01,1.3908676994e+00,6.2529005282e-01,4.9348191899e-01,1.3180813383e-01,7.4538134920e-01
4.1312948343e-01,1.3916687780e+00,6.2549684663e-01,4.9340953548e-01,1.3208731115e-01,7.4580861080e-01
4.1384922120e-01,1.3924703180e+00,6.2570208023e-01,4.9333580503e-01,1.3236627520e-01,7.4623406383e-01
4.1456895898e-01,1.3932723196e+00,6.2590576042e-01,4.9326073529e-01,1.3264502513e-01,7.4665771558e-01
4.1528869675e-01,1.3940747832e+00,6.2610789400e-01,4.9318433388e-01,1.3292356012e-01,7.4707957332e-01
4.1600843453e-01,1.3948777090e+00,6.2630848774e-01,4.9310660841e-01,1.3320187933e-01,7.4749964432e-01
4.1672817231e-01,1.3956810972e+00,6.2650754838e-01,4.9302756645e-01,1.3347998193e-01,7.4791793584e-01
4.1744791008e-01,1.3964849481e+00,6.2670508265e-01,4.9294721555e-01,1.3375786710e-01,7.4833445511e-01
4.1816764786e-01,1.3972892620e+00,6.2690109727e-01,4.9286556324e-01,1.3403553403e-01,7.4874920938e-01
4.1888738563e-01,1.3980940392e+00,6.2709559892e-01,4.9278261701e-01,1.3431298191e-01,7.4916220586e-01
4.1960712341e-01,1.3988992799e+00,6.2728859428e-01,4.9269838434e-01,1.3459020994e-01,7.4957345176e-01
4.2032686119e-01,1.3997049843e+00,6.2748009001e-01,4.9261287268e-01,1.3486721733e-01,7.4998295428e-01
4.2104659896e-01,1.4005111529e+00,6.2767009273e-01,4.9252608946e-01,1.3514400327e-01,7.5039072061e-01
4.2176633674e-01,1.4013177857e+00,6.2785860907e-01,4.9243804207e-01,1.3542056700e-01,7.5079675792e-01
4.2248607451e-01,1.4021248831e+00,6.2804564561e-01,4.9234873789e-01,1.3569690772e-01,7.5120107337e-01
4.2320581229e-01,1.4029324454e+00,6.2823120894e-01,4.9225818428e-01,1.3597302466e-01,7.5160367412e-01
4.2392555007e-01,1.4037404728e+00,6.2841530561e-01,4.9216638854e-01,1.3624891707e-01,7.5200456731e-01
4.2464528784e-01,1.4045489655e+00,6.2859794216e-01,4.9207335799e-01,1.3652458416e-01,7.5240376006e-01
4.2536502562e-01,1.4053579240e+00,6.2877912511e-01,4.9197909990e-01,1.3680002520e-01,7.5280125949e-01
4.2608476339e-01,1.4061673483e+00,6.2895886095e-01,4.9188362152e-01,1.3707523943e-01,7.5319707270e-01
4.2680450117e-01,1.4069772389e+00,6.2913715618e-01,4.9178693008e-01,1.3735022610e-01,7.5359120678e-01
4.2752423895e-01,1.4077875959e+00,6.2931401724e-01,4.9168903277e-01,1.3762498447e-01,7.5398366883e-01
4.2824397672e-01,1.4085984196e+00,6.2948945059e-01,4.9158993677e-01,1.3789951382e-01,7.5437446589e-01
4.2896371450e-01,1.4094097104e+00,6.2966346264e-01,4.9148964923e-01,1.3817381341e-01,7.5476360504e-01
4.2968345227e-01,1.4102214684e+00,6.2983605979e-01,4.9138817728e-01,1.3844788251e-01,7.5515109331e-01
4.3040319005e-01,1.4110336939e+00,6.3000724844e-01,4.9128552802e-01,1.3872172043e-01,7.5553693773e-01
4.3112292783e-01,1.4118463873e+00,6.3017703495e-01,4.9118170852e-01,1.3899532643e-01,7.5592114533e-01
4.3184266560e-01,1.4126595487e+00,6.3034542566e-01,4.9107672584e-01,1.3926869982e-01,7.5630372310e-01
4.3256240338e-01,1.4134731785e+00,6.3051242690e-01,4.9097058701e-01,1.3954183989e-01,7.5668467805e-01
4.3328214115e-01,1.4142872768e+00,6.3067804498e-01,4.9086329902e-01,1.3981474596e-01,7.5706401715e-01
4.3400187893e-01,1.4151018441e+00,6.3084228618e-01,4.9075486885e-01,1.4008741732e-01,7.5744174739e-01
4.3472161671e-01,1.4159168805e+00,6.3100515677e-01,4.9064530346e-01,1.4035985331e-01,7.5781787570e-01
4.3544135448e-01,1.4167323864e+00,6.3116666301e-01,4.9053460978e-01,1.4063205322e-01,7.5819240904e-01
4.3616109226e-01,1.4175483619e+00,6.3132681112e-01,4.9042279471e-01,1.4090401641e-01,7.5856535433e-01
4.3688083003e-01,1.4183648075e+00,6.3148560732e-01,4.9030986513e-01,1.4117574219e-01,7.5893671851e-01
4.3760056781e-01,1.4191817232e+00,6.3164305780e-01,4.9019582790e-01,1.4144722990e-01,7.5930650847e-01
4.3832030559e-01,1.4199991095e+00,6.3179916873e-01,4.9008068984e-01,1.4171847889e-01,7.5967473110e-01
4.3904004336e-01,1.4208169665e+00,6.3195394626e-01,4.8996445776e-01,1.4198948850e-01,7.6004139329e-01
4.3975978114e-01,1.4216352946e+00,6.3210739654e-01,4.8984713845e-01,1.4226025809e-01,7.6040650191e-01
4.4047951891e-01,1.4224540940e+00,6.3225952567e-01,4.8972873866e-01,1.4253078701e-01,7.6077006381e-01
4.4119925669e-01,1.4232733650e+00,6.3241033975e-01,4.8960926512e-01,1.4280107463e-01,7.6113208584e-01
4.4191899447e-01,1.4240931078e+00,6.3255984487e-01,4.8948872455e-01,1.4307112032e-01,7.6149257481e-01
4.4263873224e-01,1.4249133228e+00,6.3270804707e-01,4.8936712363e-01,1.4334092344e-01,7.6185153756e-01
4.4335847002e-01,1.4257340102e+00,6.3285495241e-01,4.8924446902e-01,1.4361048339e-01,7.6220898088e-01
4.4407820779e-01,1.4265551703e+00,6.3300056689e-01,4.8912076735e-01,1.4387979954e-01,7.6256491156e-01
4.4479794557e-01,1.4273768034e+00,6.3314489653e-01,4.8899602524e-01,1.4414887129e-01,7.6291933638e-01
4.4551768335e-01,1.4281989096e+00,6.3328794730e-01,4.8887024927e-01,1.4441769802e-01,7.6327226211e-01
4.4623742112e-01,1.4290214894e+00,6.3342972516e-01,4.8874344602e-01,1.4468627915e-01,7.6362369549e-01
4.4695715890e-01,1.4298445429e+00,6.3357023607e-01,4.8861562201e-01,1.4495461406e-01,7.6397364326e-01
4.4767689667e-01,1.4306680705e+00,6.3370948595e-01,4.8848678377e-01,1.4522270217e-01,7.6432211215e-01
4.4839663445e-01,1.4314920724e+00,6.3384748069e-01,4.8835693779e-01,1.4549054290e-01,7.6466910888e-01
4.4911637223e-01,1.4323165489e+00,6.3398422620e-01,4.8822609053e-01,1.4575813567e-01,7.6501464013e-01
4.4983611000e-01,1.4331415002e+00,6.3411972834e-01,4.8809424845e-01,1.4602547990e-01,7.6535871259e-01
4.5055584778e-01,1.4339669267e+00,6.3425399296e-01,4.8796141795e-01,1.4629257501e-01,7.6570133293e-01
4.5127558555e-01,1.4347928286e+00,6.3438702589e-01,4.8782760543e-01,1.4655942046e-01,7.6604250782e-01
4.5199532333e-01,1.4356192061e+00,6.3451883294e-01,4.8769281728e-01,1.4682601566e-01,7.6638224390e-01
4.5271506111e-01,1.4364460596e+00,6.3464941991e-01,4.8755705983e-01,1.4709236008e-01,7.6672054779e-01
4.5343479888e-01,1.4372733894e+00,6.3477879257e-01,4.8742033942e-01,1.4735845315e-01,7.6705742612e-01
4.5415453666e-01,1.4381011957e+00,6.3490695667e-01,4.8728266234e-01,1.4762429433e-01,7.6739288549e-01
4.5487427443e-01,1.4389294787e+00,6.3503391796e-01,4.8714403487e-01,1.4788988308e-01,7.6772693250e-01
4.5559401221e-01,1.4397582388e+00,6.3515968214e-01,4.8700446327e-01,1.4815521887e-01,7.6805957371e-01
4.5631374999e-01,1.4405874762e+00,6.3528425492e-01,4.8686395376e-01,1.4842030116e-01,7.6839081570e-01
4.5703348776e-01,1.4414171913e+00,6.3540764199e-01,4.8672251256e-01,1.4868512943e-01,7.6872066501e-01
4.5775322554e-01,1.4422473842e+00,6.3552984899e-01,4.8658014585e-01,1.4894970315e-01,7.6904912818e-01
4.5847296331e-01,1.4430780552e+00,6.3565088158e-01,4.8643685978e-01,1.4921402180e-01,7.6937621173e-01
4.5919270109e-01,1.4439092047e+00,6.3577074538e-01,4.8629266050e-01,1.4947808488e-01,7.6970192218e-01
4.5991243887e-01,1.4447408329e+00,6.3588944600e-01,4.8614755411e-01,1.4974189188e-01,7.7002626602e-01
4.6063217664e-01,1.4455729401e+00,6.3600698901e-01,4.8600154672e-01,1.5000544229e-01,7.7034924972e-01
4.6135191442e-01,1.4464055265e+00,6.3612338000e-01,4.8585464438e-01,1.5026873562e-01,7.7067087977e-01
4.6207165219e-01,1.4472385925e+00,6.3623862450e-01,4.8570685314e-01,1.5053177137e-01,7.7099116261e-01
4.6279138997e-01,1.4480721383e+00,6.3635272806e-01,4.8555817901e-01,1.5079454905e-01,7.7131010469e-01
4.6351112775e-01,1.4489061641e+00,6.3646569618e-01,4.8540862801e-01,1.5105706817e-01,7.7162771243e-01
4.6423086552e-01,1.4497406704e+00,6.3657753436e-01,4.8525820609e-01,1.5131932827e-01,7.7194399225e-01
4.6495060330e-01,1.4505756572e+00,6.3668824808e-01,4.8510691922e-01,1.5158132886e-01,7.7225895054e-01
4.6567034108e-01,1.4514111250e+00,6.3679784279e-01,4.8495477332e-01,1.5184306947e-01,7.7257259370e-01
4.6639007885e-01,1.4522470740e+00,6.3690632393e-01,4.8480177430e-01,1.5210454963e-01,7.7288492809e-01
4.6710981663e-01,1.4530835044e+00,6.3701369692e-01,4.8464792803e-01,1.5236576889e-01,7.7319596007e-01
4.6782955440e-01,1.4539204166e+00,6.3711996716e-01,4.8449324039e-01,1.5262672678e-01,7.7350569599e-01
4.6854929218e-01,1.4547578108e+00,6.3722514005e-01,4.8433771719e-01,1.5288742285e-01,7.7381414218e-01
4.6926902996e-01,1.4555956874e+00,6.3732922093e-01,4.8418136427e-01,1.5314785667e-01,7.7412130495e-01
4.6998876773e-01,1.4564340465e+00,6.3743221517e-01,4.8402418741e-01,1.5340802777e-01,7.7442719060e-01
4.7070850551e-01,1.4572728884e+00,6.3753412809e-01,4.8386619237e-01,1.5366793572e-01,7.7473180543e-01
4.7142824328e-01,1.4581122135e+00,6.3763496500e-01,4.8370738491e-01,1.5392758009e-01,7.7503515572e-01
4.7214798106e-01,1.4589520220e+00,6.3773473119e-01,4.8354777075e-01,1.5418696044e-01,7.7533724771e-01
4.7286771884e-01,1.4597923142e+00,6.3783343194e-01,4.8338735558e-01,1.5444607635e-01,7.7563808766e-01
4.7358745661e-01,1.4606330904e+00,6.3793107250e-01,4.8322614510e-01,1.5470492740e-01,7.7593768180e-01
4.7430719439e-01,1.4614743508e+00,6.3802765811e-01,4.8306414494e-01,1.5496351317e-01,7.7623603635e-01
4.7502693216e-01,1.4623160958e+00,6.3812319400e-01,4.8290136075e-01,1.5522183324e-01,7.7653315751e-01
4.7574666994e-01,1.4631583255e+00,6.3821768536e-01,4.8273779814e-01,1.5547988721e-01,7.7682905148e-01
4.7646640772e-01,1.4640010404e+00,6.3831113737e-01,4.8257346270e-01,1.5573767467e-01,7.7712372444e-01
4.7718614549e-01,1.4648442406e+00,6.3840355521e-01,4.8240835999e-01,1.5599519523e-01,7.7741718254e-01
4.7790588327e-01,1.4656879264e+00,6.3849494402e-01,4.8224249555e-01,1.5625244847e-01,7.7770943193e-01
4.7862562104e-01,1.4665320982e+00,6.3858530893e-01,4.8207587491e-01,1.5650943402e-01,7.7800047875e-01
4.7934535882e-01,1.4673767562e+00,6.3867465506e-01,4.8190850358e-01,1.5676615148e-01,7.7829032912e-01
4.8006509660e-01,1.4682219007e+00,6.3876298749e-01,4.8174038702e-01,1.5702260048e-01,7.7857898915e-01
4.8078483437e-01,1.4690675319e+00,6.3885031131e-01,4.8157153069e-01,1.5727878062e-01,7.7886646493e-01
4.8150457215e-01,1.4699136502e+00,6.3893663156e-01,4.8140194003e-01,1.5753469154e-01,7.7915276253e-01
4.8222430992e-01,1.4707602558e+00,6.3902195330e-01,4.8123162045e-01,1.5779033286e-01,7.7943788803e-01
4.8294404770e-01,1.4716073491e+00,6.3910628155e-01,4.8106057733e-01,1.5804570421e-01,7.7972184747e-01
4.8366378548e-01,1.4724549302e+00,6.3918962130e-01,4.8088881606e-01,1.5830080524e-01,7.8000464689e-01
4.8438352325e-01,1.4733029994e+00,6.3927197756e-01,4.8071634197e-01,1.5855563559e-01,7.8028629231e-01
4.8510326103e-01,1.4741515572e+00,6.3935335528e-01,4.8054316039e-01,1.5881019489e-01,7.8056678974e-01
4.8582299880e-01,1.4750006036e+00,6.3943375942e-01,4.8036927662e-01,1.5906448280e-01,7.8084614518e-01
4.8654273658e-01,1.4758501391e+00,6.3951319492e-01,4.8019469595e-01,1.5931849897e-01,7.8112436459e-01
4.8726247436e-01,1.4767001639e+00,6.3959166668e-01,4.8001942363e-01,1.5957224305e-01,7.8140145396e-01
4.8798221213e-01,1.4775506782e+00,6.3966917962e-01,4.7984346490e-01,1.5982571472e-01,7.8167741923e-01
4.8870194991e-01,1.4784016825e+00,6.3974573861e-01,4.7966682499e-01,1.6007891363e-01,7.8195226633e-01
4.8942168768e-01,1.4792531768e+00,6.3982134852e-01,4.7948950908e-01,1.6033183944e-01,7.8222600120e-01
4.9014142546e-01,1.4801051616e+00,6.3989601419e-01,4.7931152235e-01,1.6058449185e-01,7.8249862974e-01
4.9086116324e-01,1.4809576370e+00,6.3996974046e-01,4.7913286995e-01,1.6083687051e-01,7.8277015785e-01
4.9158090101e-01,1.4818106035e+00,6.4004253214e-01,4.7895355702e-01,1.6108897511e-01,7.8304059140e-01
4.9230063879e-01,1.4826640613e+00,6.4011439401e-01,4.7877358867e-01,1.6134080534e-01,7.8330993627e-01
4.9302037656e-01,1.4835180105e+00,6.4018533087e-01,4.7859296998e-01,1.6159236089e-01,7.8357819831e-01
4.9374011434e-01,1.4843724517e+00,6.4025534746e-01,4.7841170602e-01,1.6184364144e-01,7.8384538335e-01
4.9445985212e-01,1.4852273849e+00,6.4032444854e-01,4.7822980185e-01,1.6209464669e-01,7.8411149723e-01
4.9517958989e-01,1.4860828106e+00,6.4039263882e-01,4.7804726249e-01,1.6234537634e-01,7.8437654575e-01
4.9589932767e-01,1.4869387289e+00,6.4045992303e-01,4.7786409294e-01,1.6259583009e-01,7.8464053470e-01
4.9661906544e-01,1.4877951402e+00,6.4052630584e-01,4.7768029818e-01,1.6284600766e-01,7.8490346988e-01
4.9733880322e-01,1.4886520448e+00,6.4059179194e-01,4.7749588319e-01,1.6309590875e-01,7.8516535704e-01
4.9805854100e-01,1.4895094429e+00,6.4065638598e-01,4.7731085290e-01,1.6334553308e-01,7.8542620195e-01
4.9877827877e-01,1.4903673348e+00,6.4072009260e-01,4.7712521225e-01,1.6359488036e-01,7.8568601034e-01
4.9949801655e-01,1.4912257209e+00,6.4078291643e-01,4.7693896612e-01,1.6384395032e-01,7.8594478794e-01
5.0021775432e-01,1.4920846013e+00,6.4084486208e-01,4.7675211939e-01,1.6409274268e-01,7.8620254046e-01
5.0093749210e-01,1.4929439764e+00,6.4090593412e-01,4.7656467694e-01,1.6434125718e-01,7.8645927360e-01
5.0165722988e-01,1.4938038465e+00,6.4096613714e-01,4.7637664360e-01,1.6458949354e-01,7.8671499304e-01
5.0237696765e-01,1.4946642118e+00,6.4102547570e-01,4.7618802420e-01,1.6483745150e-01,7.8696970445e-01
5.0309670543e-01,1.4955250726e+00,6.4108395432e-01,4.7599882351e-01,1.6508513081e-01,7.8722341349e-01
5.0381644320e-01,1.4963864293e+00,6.4114157755e-01,4.7580904634e-01,1.6533253120e-01,7.8747612580e-01
5.0453618098e-01,1.4972482821e+00,6.4119834987e-01,4.7561869744e-01,1.6557965243e-01,7.8772784701e-01
5.0525591876e-01,1.4981106312e+00,6.4125427578e-01,4.7542778153e-01,1.6582649424e-01,7.8797858272e-01
5.0597565653e-01,1.4989734771e+00,6.4130935975e-01,4.7523630335e-01,1.6607305640e-01,7.8822833854e-01
5.0669539431e-01,1.4998368199e+00,6.4136360624e-01,4.7504426760e-01,1.6631933865e-01,7.8847712006e-01
5.0741513208e-01,1.5007006599e+00,6.4141701969e-01,4.7485167894e-01,1.6656534076e-01,7.8872493284e-01
5.0813486986e-01,1.5015649975e+00,6.4146960452e-01,4.7465854203e-01,1.6681106249e-01,7.8897178245e-01
5.0885460764e-01,1.5024298329e+00,6.4152136514e-01,4.7446486153e-01,1.6705650362e-01,7.8921767442e-01
5.0957434541e-01,1.5032951664e+00,6.4157230594e-01,4.7427064203e-01,1.6730166391e-01,7.8946261428e-01
5.1029408319e-01,1.5041609983e+00,6.4162243129e-01,4.7407588815e-01,1.6754654314e-01,7.8970660756e-01
5.1101382096e-01,1.5050273289e+00,6.4167174554e-01,4.7388060445e-01,1.6779114109e-01,7.8994965974e-01
5.1173355874e-01,1.5058941584e+00,6.4172025305e-01,4.7368479550e-01,1.6803545754e-01,7.9019177633e-01
5.1245329652e-01,1.5067614873e+00,6.4176795813e-01,4.7348846584e-01,1.6827949229e-01,7.9043296278e-01
5.1317303429e-01,1.5076293156e+00,6.4181486509e-01,4.7329161999e-01,1.6852324510e-01,7.9067322457e-01
5.1389277207e-01,1.5084976438e+00,6.4186097823e-01,4.7309426244e-01,1.6876671579e-01,7.9091256713e-01
5.1461250984e-01,1.5093664721e+00,6.4190630182e-01,4.7289639768e-01,1.6900990414e-01,7.9115099590e-01
5.1533224762e-01,1.5102358008e+00,6.4195084013e-01,4.7269803017e-01,1.6925280996e-01,7.9138851629e-01
5.1605198540e-01,1.5111056302e+00,6.4199459739e-01,4.7249916435e-01,1.6949543304e-01,7.9162513371e-01
5.1677172317e-01,1.5119759606e+00,6.4203757783e-01,4.7229980463e-01,1.6973777320e-01,7.9186085356e-01
5.1749146095e-01,1.5128467922e+00,6.4207978567e-01,4.7209995543e-01,1.6997983023e-01,7.9209568119e-01
5.1821119872e-01,1.5137181254e+00,6.4212122510e-01,4.7189962113e-01,1.7022160396e-01,7.9232962198e-01
5.1893093650e-01,1.5145899605e+00,6.4216190030e-01,4.7169880609e-01,1.7046309420e-01,7.9256268128e-01
5.1965067428e-01,1.5154622977e+00,6.4220181543e-01,4.7149751466e-01,1.7070430077e-01,7.9279486441e-01
5.2037041205e-01,1.5163351373e+00,6.4224097465e-01,4.7129575116e-01,1.7094522349e-01,7.9302617670e-01
5.2109014983e-01,1.5172084797e+00,6.4227938209e-01,4.7109351991e-01,1.7118586218e-01,7.9325662346e-01
5.2180988760e-01,1.5180823251e+00,6.4231704186e-01,4.7089082518e-01,1.7142621668e-01,7.9348620997e-01
5.2252962538e-01,1.5189566737e+00,6.4235395806e-01,4.7068767125e-01,1.7166628682e-01,7.9371494152e-01
5.2324936316e-01,1.5198315259e+00,6.4239013479e-01,4.7048406237e-01,1.7190607242e-01,7.9394282337e-01
5.2396910093e-01,1.5207068821e+00,6.4242557610e-01,4.7028000277e-01,1.7214557333e-01,7.9416986078e-01
5.2468883871e-01,1.5215827423e+00,6.4246028606e-01,4.7007549666e-01,1.7238478940e-01,7.9439605897e-01
5.2540857648e-01,1.5224591071e+00,6.4249426870e-01,4.6987054824e-01,1.7262372045e-01,7.9462142318e-01
5.2612831426e-01,1.5233359766e+00,6.4252752804e-01,4.6966516169e-01,1.7286236635e-01,7.9484595862e-01
5.2684805204e-01,1.5242133511e+00,6.4256006810e-01,4.6945934116e-01,1.7310072694e-01,7.9506967047e-01
5.2756778981e-01,1.5250912310e+00,6.4259189286e-01,4.6925309078e-01,1.7333880207e-01,7.9529256393e-01
5.2828752759e-01,1.5259696164e+00,6.4262300630e-01,4.6904641469e-01,1.7357659161e-01,7.9551464417e-01
5.2900726536e-01,1.5268485078e+00,6.4265341239e-01,4.6883931698e-01,1.7381409540e-01,7.9573591633e-01
5.2972700314e-01,1.5277279054e+00,6.4268311506e-01,4.6863180174e-01,1.7405131332e-01,7.9595638556e-01
5.3044674092e-01,1.5286078095e+00,6.4271211826e-01,4.6842387302e-01,1.7428824523e-01,7.9617605699e-01
5.3116647869e-01,1.5294882204e+00,6.4274042589e-01,4.6821553489e-01,1.7452489100e-01,7.9639493573e-01
5.3188621647e-01,1.5303691383e+00,6.4276804185e-01,4.6800679136e-01,1.7476125050e-01,7.9661302689e-01
5.3260595424e-01,1.5312505636e+00,6.4279497004e-01,4.6779764645e-01,1.7499732360e-01,7.9683033555e-01
5.3332569202e-01,1.5321324966e+00,6.4282121432e-01,4.6758810414e-01,1.7523311018e-01,7.9704686678e-01
5.3404542980e-01,1.5330149375e+00,6.4284677855e-01,4.6737816843e-01,1.7546861012e-01,7.9726262565e-01
5.3476516757e-01,1.5338978867e+00,6.4287166656e-01,4.6716784325e-01,1.7570382331e-01,7.9747761721e-01
5.3548490535e-01,1.5347813444e+00,6.4289588219e-01,4.6695713256e-01,1.7593874963e-01,7.9769184647e-01
5.3620464312e-01,1.5356653110e+00,6.4291942924e-01,4.6674604027e-01,1.7617338897e-01,7.9790531848e-01
5.3692438090e-01,1.5365497867e+00,6.4294231151e-01,4.6653457028e-01,1.7640774122e-01,7.9811803822e-01
5.3764411868e-01,1.5374347718e+00,6.4296453277e-01,4.6632272649e-01,1.7664180628e-01,7.9833001071e-01
5.3836385645e-01,1.5383202666e+00,6.4298609680e-01,4.6611051275e-01,1.7687558405e-01,7.9854124090e-01
5.3908359423e-01,1.5392062714e+00,6.4300700735e-01,4.6589793292e-01,1.7710907442e-01,7.9875173378e-01
5.3980333200e-01,1.5400927865e+00,6.4302726814e-01,4.6568499084e-01,1.7734227730e-01,7.9896149429e-01
5.4052306978e-01,1.5409798122e+00,6.4304688291e-01,4.6547169031e-01,1.7757519260e-01,7.9917052737e-01
5.4124280756e-01,1.5418673488e+00,6.4306585536e-01,4.6525803514e-01,1.7780782022e-01,7.9937883795e-01
5.4196254533e-01,1.5427553966e+00,6.4308418918e-01,4.6504402911e-01,1.7804016007e-01,7.9958643095e-01
5.4268228311e-01,1.5436439559e+00,6.4310188805e-01,4.6482967597e-01,1.7827221208e-01,7.9979331126e-01
5.4340202088e-01,1.5445330269e+00,6.4311895564e-01,4.6461497948e-01,1.7850397616e-01,7.9999948376e-01
5.4412175866e-01,1.5454226100e+00,6.4313539558e-01,4.6439994336e-01,1.7873545222e-01,8.0020495333e-01
5.4484149644e-01,1.5463127055e+00,6.4315121152e-01,4.6418457133e-01,1.7896664019e-01,8.0040972484e-01
5.4556123421e-01,1.5472033136e+00,6.4316640708e-01,4.6396886708e-01,1.7919754000e-01,8.0061380312e-01
5.4628097199e-01,1.5480944346e+00,6.4318098587e-01,4.6375283429e-01,1.7942815158e-01,8.0081719301e-01
5.4700070976e-01,1.5489860689e+00,6.4319495146e-01,4.6353647662e-01,1.7965847485e-01,8.0101989933e-01
5.4772044754e-01,1.5498782168e+00,6.4320830745e-01,4.6331979770e-01,1.7988850975e-01,8.0122192689e-01
5.4844018532e-01,1.5507708785e+00,6.4322105739e-01,4.6310280118e-01,1.8011825621e-01,8.0142328048e-01
5.4915992309e-01,1.5516640543e+00,6.4323320484e-01,4.6288549066e-01,1.8034771418e-01,8.0162396489e-01
5.4987966087e-01,1.5525577446e+00,6.4324475332e-01,4.6266786973e-01,1.8057688359e-01,8.0182398487e-01
5.5059939864e-01,1.5534519495e+00,6.4325570636e-01,4.6244994197e-01,1.8080576439e-01,8.0202334519e-01
5.5131913642e-01,1.5543466695e+00,6.4326606746e-01,4.6223171093e-01,1.8103435653e-01,8.0222205058e-01
5.5203887420e-01,1.5552419049e+00,6.4327584012e-01,4.6201318017e-01,1.8126265995e-01,8.0242010578e-01
5.5275861197e-01,1.5561376558e+00,6.4328502782e-01,4.6179435321e-01,1.8149067461e-01,8.0261751550e-01
5.5347834975e-01,1.5570339226e+00,6.4329363402e-01,4.6157523356e-01,1.8171840046e-01,8.0281428444e-01
5.5419808752e-01,1.5579307057e+00,6.4330166217e-01,4.6135582471e-01,1.8194583745e-01,8.0301041729e-01
5.5491782530e-01,1.5588280053e+00,6.4330911570e-01,4.6113613014e-01,1.8217298556e-01,8.0320591874e-01
5.5563756308e-01,1.5597258216e+00,6.4331599805e-01,4.6091615332e-01,1.8239984473e-01,8.0340079344e-01
5.5635730085e-01,1.5606241551e+00,6.4332231262e-01,4.6069589768e-01,1.8262641494e-01,8.0359504604e-01
5.5707703863e-01,1.5615230060e+00,6.4332806281e-01,4.6047536666e-01,1.8285269615e-01,8.0378868119e-01
5.5779677640e-01,1.5624223746e+00,6.4333325200e-01,4.6025456367e-01,1.8307868833e-01,8.0398170351e-01
5.5851651418e-01,1.5633222611e+00,6.4333788356e-01,4.6003349210e-01,1.8330439146e-01,8.0417411761e-01
5.5923625196e-01,1.5642226660e+00,6.4334196083e-01,4.5981215534e-01,1.8352980549e-01,8.0436592809e-01
5.5995598973e-01,1.5651235895e+00,6.4334548718e-01,4.5959055675e-01,1.8375493043e-01,8.0455713954e-01
5.6067572751e-01,1.5660250318e+00,6.4334846591e-01,4.5936869968e-01,1.8397976623e-01,8.0474775654e-01
5.6139546528e-01,1.5669269934e+00,6.4335090035e-01,4.5914658746e-01,1.8420431289e-01,8.0493778364e-01
5.6211520306e-01,1.5678294744e+00,6.4335279380e-01,4.5892422342e-01,1.8442857039e-01,8.0512722539e-01
5.6283494084e-01,1.5687324752e+00,6.4335414955e-01,4.5870161084e-01,1.8465253871e-01,8.0531608634e-01
5.6355467861e-01,1.5696359961e+00,6.4335497087e-01,4.5847875302e-01,1.8487621784e-01,8.0550437100e-01
5.6427441639e-01,1.5705400374e+00,6.4335526101e-01,4.5825565323e-01,1.8509960778e-01,8.0569208389e-01
5.6499415416e-01,1.5714445994e+00,6.4335502324e-01,4.5803231472e-01,1.8532270852e-01,8.0587922950e-01
5.6571389194e-01,1.5723496824e+00,6.4335426079e-01,4.5780874073e-01,1.8554552005e-01,8.0606581232e-01
5.6643362972e-01,1.5732552867e+00,6.4335297687e-01,4.5758493449e-01,1.8576804238e-01,8.0625183683e-01
5.6715336749e-01,1.5741614125e+00,6.4335117469e-01,4.5736089919e-01,1.8599027550e-01,8.0643730749e-01
5.6787310527e-01,1.5750680603e+00,6.4334885745e-01,4.5713663805e-01,1.8621221941e-01,8.0662222874e-01
5.6859284304e-01,1.5759752302e+00,6.4334602834e-01,4.5691215422e-01,1.8643387412e-01,8.0680660503e-01
5.6931258082e-01,1.5768829226e+00,6.4334269052e-01,4.5668745088e-01,1.8665523965e-01,8.0699044077e-01
5.7003231860e-01,1.5777911378e+00,6.4333884716e-01,4.5646253117e-01,1.8687631599e-01,8.0717374038e-01
5.7075205637e-01,1.5786998761e+00,6.4333450138e-01,4.5623739823e-01,1.8709710315e-01,8.0735650826e-01
5.7147179415e-01,1.5796091378e+00,6.4332965633e-01,4.5601205516e-01,1.8731760117e-01,8.0753874879e-01
5.7219153192e-01,1.5805189232e+00,6.4332431512e-01,4.5578650508e-01,1.8753781004e-01,8.0772046636e-01
5.7291126970e-01,1.5814292326e+00,6.4331848086e-01,4.5556075106e-01,1.8775772979e-01,8.0790166531e-01
5.7363100748e-01,1.5823400663e+00,6.4331215664e-01,4.5533479619e-01,1.8797736045e-01,8.0808235001e-01
5.7435074525e-01,1.5832514246e+00,6.4330534554e-01,4.5510864352e-01,1.8819670202e-01,8.0826252479e-01
5.7507048303e-01,1.5841633078e+00,6.4329805063e-01,4.5488229608e-01,1.8841575454e-01,8.0844219397e-01
5.7579022080e-01,1.5850757162e+00,6.4329027496e-01,4.5465575692e-01,1.8863451804e-01,8.0862136187e-01
5.7650995858e-01,1.5859886501e+00,6.4328202158e-01,4.5442902903e-01,1.8885299254e-01,8.0880003280e-01
5.7722969636e-01,1.5869021098e+00,6.4327329351e-01,4.5420211543e-01,1.8907117808e-01,8.0897821104e-01
5.7794943413e-01,1.5878160956e+00,6.4326409377e-01,4.5397501908e-01,1.8928907469e-01,8.0915590087e-01
5.7866917191e-01,1.5887306078e+00,6.4325442537e-01,4.5374774297e-01,1.8950668240e-01,8.0933310655e-01
5.7938890968e-01,1.5896456468e+00,6.4324429130e-01,4.5352029004e-01,1.8972400126e-01,8.0950983234e-01
5.8010864746e-01,1.5905612128e+00,6.4323369454e-01,4.5329266324e-01,1.8994103130e-01,8.0968608248e-01
5.8082838524e-01,1.5914773061e+00,6.4322263806e-01,4.5306486549e-01,1.9015777257e-01,8.0986186120e-01
5.8154812301e-01,1.5923939270e+00,6.4321112482e-01,4.5283689971e-01,1.9037422511e-01,8.1003717272e-01
5.8226786079e-01,1.5933110759e+00,6.4319915775e-01,4.5260876878e-01,1.9059038897e-01,8.1021202125e-01
5.8298759856e-01,1.5942287530e+00,6.4318673979e-01,4.5238047560e-01,1.9080626419e-01,8.1038641097e-01
5.8370733634e-01,1.5951469586e+00,6.4317387385e-01,4.5215202303e-01,1.9102185082e-01,8.1056034606e-01
5.8442707412e-01,1.5960656931e+00,6.4316056285e-01,4.5192341393e-01,1.9123714893e-01,8.1073383071e-01
5.8514681189e-01,1.5969849568e+00,6.4314680968e-01,4.5169465113e-01,1.9145215856e-01,8.1090686907e-01
5.8586654967e-01,1.5979047499e+00,6.4313261723e-01,4.5146573747e-01,1.9166687976e-01,8.1107946529e-01
5.8658628744e-01,1.5988250727e+00,6.4311798836e-01,4.5123667575e-01,1.9188131261e-01,8.1125162349e-01
5.8730602522e-01,1.5997459257e+00,6.4310292593e-01,4.5100746878e-01,1.9209545715e-01,8.1142334781e-01
5.8802576300e-01,1.6006673090e+00,6.4308743279e-01,4.5077811935e-01,1.9230931345e-01,8.1159464236e-01
5.8874550077e-01,1.6015892229e+00,6.4307151178e-01,4.5054863021e-01,1.9252288158e-01,8.1176551123e-01
5.8946523855e-01,1.6025116679e+00,6.4305516572e-01,4.5031900413e-01,1.9273616159e-01,8.1193595852e-01
5.9018497632e-01,1.6034346441e+00,6.4303839743e-01,4.5008924385e-01,1.9294915357e-01,8.1210598830e-01
5.9090471410e-01,1.6043581520e+00,6.4302120969e-01,4.4985935211e-01,1.9316185758e-01,8.1227560463e-01
5.9162445188e-01,1.6052821917e+00,6.4300360531e-01,4.4962933162e-01,1.9337427369e-01,8.1244481158e-01
5.9234418965e-01,1.6062067636e+00,6.4298558705e-01,4.4939918508e-01,1.9358640197e-01,8.1261361319e-01
5.9306392743e-01,1.6071318681e+00,6.4296715769e-01,4.4916891518e-01,1.9379824251e-01,8.1278201348e-01
5.9378366520e-01,1.6080575054e+00,6.4294831998e-01,4.4893852460e-01,1.9400979538e-01,8.1295001648e-01
5.9450340298e-01,1.6089836758e+00,6.4292907665e-01,4.4870801600e-01,1.9422106066e-01,8.1311762619e-01
5.9522314076e-01,1.6099103796e+00,6.4290943045e-01,4.4847739203e-01,1.9443203842e-01,8.1328484661e-01
5.9594287853e-01,1.6108376172e+00,6.4288938409e-01,4.4824665533e-01,1.9464272876e-01,8.1345168173e-01
5.9666261631e-01,1.6117653888e+00,6.4286894028e-01,4.4801580851e-01,1.9485313177e-01,8.1361813553e-01
5.9738235408e-01,1.6126936948e+00,6.4284810171e-01,4.4778485420e-01,1.9506324751e-01,8.1378421196e-01
5.9810209186e-01,1.6136225354e+00,6.4282687108e-01,4.4755379498e-01,1.9527307610e-01,8.1394991497e-01
5.9882182964e-01,1.6145519110e+00,6.4280525105e-01,4.4732263344e-01,1.9548261761e-01,8.1411524851e-01
5.9954156741e-01,1.6154818219e+00,6.4278324429e-01,4.4709137215e-01,1.9569187214e-01,8.1428021652e-01
6.0026130519e-01,1.6164122684e+00,6.4276085345e-01,4.4686001366e-01,1.9590083978e-01,8.1444482290e-01
6.0098104296e-01,1.6173432508e+00,6.4273808117e-01,4.4662856053e-01,1.9610952064e-01,8.1460907156e-01
6.0170078074e-01,1.6182747694e+00,6.4271493008e-01,4.4639701529e-01,1.9631791480e-01,8.1477296640e-01
6.0242051852e-01,1.6192068245e+00,6.4269140281e-01,4.4616538044e-01,1.9652602236e-01,8.1493651131e-01
6.0314025629e-01,1.6201394164e+00,6.4266750195e-01,4.4593365851e-01,1.9673384344e-01,8.1509971016e-01
6.0385999407e-01,1.6210725454e+00,6.4264323011e-01,4.4570185198e-01,1.9694137813e-01,8.1526256682e-01
6.0457973184e-01,1.6220062119e+00,6.4261858986e-01,4.4546996333e-01,1.9714862653e-01,8.1542508513e-01
6.0529946962e-01,1.6229404162e+00,6.4259358380e-01,4.4523799504e-01,1.9735558876e-01,8.1558726894e-01
6.0601920740e-01,1.6238751585e+00,6.4256821447e-01,4.4500594955e-01,1.9756226492e-01,8.1574912208e-01
6.0673894517e-01,1.6248104391e+00,6.4254248444e-01,4.4477382932e-01,1.9776865512e-01,8.1591064836e-01
6.0745868295e-01,1.6257462585e+00,6.4251639624e-01,4.4454163677e-01,1.9797475947e-01,8.1607185161e-01
6.0817842072e-01,1.6266826168e+00,6.4248995240e-01,4.4430937432e-01,1.9818057809e-01,8.1623273561e-01
6.0889815850e-01,1.6276195145e+00,6.4246315546e-01,4.4407704437e-01,1.9838611109e-01,8.1639330416e-01
6.0961789628e-01,1.6285569517e+00,6.4243600792e-01,4.4384464933e-01,1.9859135859e-01,8.1655356103e-01
6.1033763405e-01,1.6294949289e+00,6.4240851227e-01,4.4361219157e-01,1.9879632070e-01,8.1671350998e-01
6.1105737183e-01,1.6304334463e+00,6.4238067101e-01,4.4337967346e-01,1.9900099756e-01,8.1687315478e-01
6.1177710960e-01,1.6313725043e+00,6.4235248662e-01,4.4314709735e-01,1.9920538927e-01,8.1703249917e-01
6.1249684738e-01,1.6323121031e+00,6.4232396156e-01,4.4291446561e-01,1.9940949596e-01,8.1719154688e-01
6.1321658516e-01,1.6332522431e+00,6.4229509830e-01,4.4268178054e-01,1.9961331776e-01,8.1735030163e-01
6.1393632293e-01,1.6341929245e+00,6.4226589928e-01,4.4244904449e-01,1.9981685479e-01,8.1750876715e-01
6.1465606071e-01,1.6351341478e+00,6.4223636693e-01,4.4221625975e-01,2.0002010718e-01,8.1766694713e-01
6.1537579848e-01,1.6360759132e+00,6.4220650369e-01,4.4198342863e-01,2.0022307506e-01,8.1782484526e-01
6.1609553626e-01,1.6370182209e+00,6.4217631197e-01,4.4175055341e-01,2.0042575857e-01,8.1798246523e-01
6.1681527404e-01,1.6379610714e+00,6.4214579418e-01,4.4151763636e-01,2.0062815783e-01,8.1813981070e-01
6.1753501181e-01,1.6389044650e+00,6.4211495271e-01,4.4128467974e-01,2.0083027297e-01,8.1829688535e-01
6.1825474959e-01,1.6398484019e+00,6.4208378995e-01,4.4105168581e-01,2.0103210415e-01,8.1845369282e-01
6.1897448736e-01,1.6407928824e+00,6.4205230828e-01,4.4081865680e-01,2.0123365148e-01,8.1861023674e-01
6.1969422514e-01,1.6417379070e+00,6.4202051005e-01,4.4058559494e-01,2.0143491512e-01,8.1876652076e-01
6.2041396292e-01,1.6426834758e+00,6.4198839763e-01,4.4035250244e-01,2.0163589519e-01,8.1892254849e-01
6.2113370069e-01,1.6436295892e+00,6.4195597337e-01,4.4011938151e-01,2.0183659185e-01,8.1907832354e-01
6.2185343847e-01,1.6445762476e+00,6.4192323959e-01,4.3988623434e-01,2.0203700524e-01,8.1923384952e-01
6.2257317624e-01,1.6455234512e+00,6.4189019862e-01,4.3965306312e-01,2.0223713550e-01,8.1938913000e-01
6.2329291402e-01,1.6464712003e+00,6.4185685278e-01,4.3941987000e-01,2.0243698278e-01,8.1954416857e-01
6.2401265180e-01,1.6474194953e+00,6.4182320438e-01,4.3918665715e-01,2.0263654722e-01,8.1969896880e-01
6.2473238957e-01,1.6483683365e+00,6.4178925570e-01,4.3895342672e-01,2.0283582898e-01,8.1985353426e-01
6.2545212735e-01,1.6493177241e+00,6.4175500905e-01,4.3872018084e-01,2.0303482821e-01,8.2000786848e-01
6.2617186512e-01,1.6502676586e+00,6.4172046668e-01,4.3848692163e-01,2.0323354506e-01,8.2016197500e-01
6.2689160290e-01,1.6512181402e+00,6.4168563088e-01,4.3825365121e-01,2.0343197967e-01,8.2031585737e-01
6.2761134068e-01,1.6521691692e+00,6.4165050390e-01,4.3802037168e-01,2.0363013222e-01,8.2046951909e-01
6.2833107845e-01,1.6531207460e+00,6.4161508798e-01,4.3778708513e-01,2.0382800285e-01,8.2062296368e-01
6.2905081623e-01,1.6540728709e+00,6.4157938536e-01,4.3755379364e-01,2.0402559172e-01,8.2077619464e-01
6.2977055400e-01,1.6550255441e+00,6.4154339828e-01,4.3732049928e-01,2.0422289899e-01,8.2092921545e-01
6.3049029178e-01,1.6559787660e+00,6.4150712894e-01,4.3708720411e-01,2.0441992483e-01,8.2108202960e-01
6.3121002956e-01,1.6569325370e+00,6.4147057957e-01,4.3685391018e-01,2.0461666939e-01,8.2123464055e-01
6.3192976733e-01,1.6578868572e+00,6.4143375235e-01,4.3662061951e-01,2.0481313284e-01,8.2138705178e-01
6.3264950511e-01,1.6588417271e+00,6.4139664949e-01,4.3638733415e-01,2.0500931534e-01,8.2153926672e-01
6.3336924288e-01,1.6597971470e+00,6.4135927315e-01,4.3615405609e-01,2.0520521706e-01,8.2169128883e-01
6.3408898066e-01,1.6607531172e+00,6.4132162552e-01,4.3592078735e-01,2.0540083817e-01,8.2184312153e-01
6.3480871844e-01,1.6617096379e+00,6.4128370876e-01,4.3568752993e-01,2.0559617883e-01,8.2199476825e-01
6.3552845621e-01,1.6626667096e+00,6.4124552502e-01,4.3545428579e-01,2.0579123922e-01,8.2214623239e-01
6.3624819399e-01,1.6636243325e+00,6.4120707643e-01,4.3522105692e-01,2.0598601951e-01,8.2229751736e-01
6.3696793176e-01,1.6645825069e+00,6.4116836515e-01,4.3498784528e-01,2.0618051987e-01,8.2244862656e-01
6.3768766954e-01,1.6655412333e+00,6.4112939329e-01,4.3475465282e-01,2.0637474047e-01,8.2259956338e-01
6.3840740732e-01,1.6665005118e+00,6.4109016297e-01,4.3452148148e-01,2.0656868149e-01,8.2275033117e-01
6.3912714509e-01,1.6674603428e+00,6.4105067630e-01,4.3428833319e-01,2.0676234311e-01,8.2290093332e-01
6.3984688287e-01,1.6684207266e+00,6.4101093538e-01,4.3405520987e-01,2.0695572551e-01,8.2305137317e-01
6.4056662064e-01,1.6693816635e+00,6.4097094229e-01,4.3382211343e-01,2.0714882886e-01,8.2320165408e-01
6.4128635842e-01,1.6703431540e+00,6.4093069912e-01,4.3358904578e-01,2.0734165334e-01,8.2335177937e-01
6.4200609620e-01,1.6713051982e+00,6.4089020794e-01,4.3335600880e-01,2.0753419915e-01,8.2350175239e-01
6.4272583397e-01,1.6722677964e+00,6.4084947081e-01,4.3312300436e-01,2.0772646645e-01,8.2365157645e-01
6.4344557175e-01,1.6732309492e+00,6.4080848979e-01,4.3289003435e-01,2.0791845544e-01,8.2380125486e-01
6.4416530952e-01,1.6741946566e+00,6.4076726691e-01,4.3265710062e-01,2.0811016630e-01,8.2395079091e-01
6.4488504730e-01,1.6751589191e+00,6.4072580422e-01,4.3242420501e-01,2.0830159921e-01,8.2410018791e-01
6.4560478508e-01,1.6761237369e+00,6.4068410375e-01,4.3219134938e-01,2.0849275437e-01,8.2424944913e-01
6.4632452285e-01,1.6770891105e+00,6.4064216751e-01,4.3195853554e-01,2.0868363197e-01,8.2439857785e-01
6.4704426063e-01,1.6780550401e+00,6.4059999751e-01,4.3172576532e-01,2.0887423219e-01,8.2454757734e-01
6.4776399840e-01,1.6790215260e+00,6.4055759576e-01,4.3149304053e-01,2.0906455523e-01,8.2469645084e-01
6.4848373618e-01,1.6799885685e+00,6.4051496424e-01,4.3126036297e-01,2.0925460127e-01,8.2484520160e-01
6.4920347396e-01,1.6809561681e+00,6.4047210495e-01,4.3102773442e-01,2.0944437052e-01,8.2499383287e-01
6.4992321173e-01,1.6819243249e+00,6.4042901985e-01,4.3079515668e-01,2.0963386317e-01,8.2514234787e-01
6.5064294951e-01,1.6828930393e+00,6.4038571092e-01,4.3056263150e-01,2.0982307942e-01,8.2529074983e-01
6.5136268728e-01,1.6838623117e+00,6.4034218011e-01,4.3033016066e-01,2.1001201946e-01,8.2543904194e-01
6.5208242506e-01,1.6848321423e+00,6.4029842938e-01,4.3009774589e-01,2.1020068349e-01,8.2558722742e-01
6.5280216284e-01,1.6858025315e+00,6.4025446067e-01,4.2986538895e-01,2.1038907171e-01,8.2573530946e-01
6.5352190061e-01,1.6867734797e+00,6.4021027590e-01,4.2963309157e-01,2.1057718433e-01,8.2588329124e-01
6.5424163839e-01,1.6877449870e+00,6.4016587701e-01,4.2940085547e-01,2.1076502154e-01,8.2603117594e-01
6.5496137616e-01,1.6887170539e+00,6.4012126591e-01,4.2916868237e-01,2.1095258354e-01,8.2617896673e-01
6.5568111394e-01,1.6896896806e+00,6.4007644451e-01,4.2893657396e-01,2.1113987055e-01,8.2632666677e-01
6.5640085172e-01,1.6906628676e+00,6.4003141472e-01,4.2870453195e-01,2.1132688277e-01,8.2647427920e-01
6.5712058949e-01,1.6916366150e+00,6.3998617842e-01,4.2847255801e-01,2.1151362040e-01,8.2662180718e-01
6.5784032727e-01,1.6926109233e+00,6.3994073750e-01,4.2824065384e-01,2.1170008366e-01,8.2676925382e-01
6.5856006504e-01,1.6935857928e+00,6.3989509383e-01,4.2800882108e-01,2.1188627274e-01,8.2691662226e-01
6.5927980282e-01,1.6945612237e+00,6.3984924928e-01,4.2777706141e-01,2.1207218787e-01,8.2706391561e-01
6.5999954060e-01,1.6955372165e+00,6.3980320572e-01,4.2754537647e-01,2.1225782925e-01,8.2721113699e-01
6.6071927837e-01,1.6965137713e+00,6.3975696499e-01,4.2731376791e-01,2.1244319709e-01,8.2735828948e-01
6.6143901615e-01,1.6974908886e+00,6.3971052894e-01,4.2708223734e-01,2.1262829160e-01,8.2750537619e-01
6.6215875392e-01,1.6984685687e+00,6.3966389941e-01,4.2685078640e-01,2.1281311301e-01,8.2765240019e-01
6.6287849170e-01,1.6994468119e+00,6.3961707821e-01,4.2661941669e-01,2.1299766152e-01,8.2779936456e-01
6.6359822948e-01,1.7004256186e+00,6.3957006719e-01,4.2638812983e-01,2.1318193736e-01,8.2794627236e-01
6.6431796725e-01,1.7014049889e+00,6.3952286813e-01,4.2615692740e-01,2.1336594073e-01,8.2809312666e-01
6.6503770503e-01,1.7023849234e+00,6.3947548286e-01,4.2592581100e-01,2.1354967186e-01,8.2823993050e-01
6.6575744280e-01,1.7033654222e+00,6.3942791316e-01,4.2569478219e-01,2.1373313096e-01,8.2838668692e-01
6.6647718058e-01,1.7043464858e+00,6.3938016083e-01,4.2546384256e-01,2.1391631827e-01,8.2853339897e-01
6.6719691836e-01,1.7053281144e+00,6.3933222764e-01,4.2523299365e-01,2.1409923399e-01,8.2868006965e-01
6.6791665613e-01,1.7063103084e+00,6.3928411538e-01,4.2500223703e-01,2.1428187834e-01,8.2882670200e-01
6.6863639391e-01,1.7072930681e+00,6.3923582580e-01,4.2477157423e-01,2.1446425157e-01,8.2897329901e-01
6.6935613168e-01,1.7082763938e+00,6.3918736066e-01,4.2454100679e-01,2.1464635387e-01,8.2911986370e-01
6.7007586946e-01,1.7092602859e+00,6.3913872173e-01,4.2431053623e-01,2.1482818549e-01,8.2926639905e-01
6.7079560724e-01,1.7102447446e+00,6.3908991073e-01,4.2408016407e-01,2.1500974665e-01,8.2941290805e-01
6.7151534501e-01,1.7112297704e+00,6.3904092940e-01,4.2384989183e-01,2.1519103758e-01,8.2955939368e-01
6.7223508279e-01,1.7122153635e+00,6.3899177948e-01,4.2361972099e-01,2.1537205849e-01,8.2970585890e-01
6.7295482056e-01,1.7132015242e+00,6.3894246269e-01,4.2338965305e-01,2.1555280963e-01,8.2985230669e-01
6.7367455834e-01,1.7141882530e+00,6.3889298072e-01,4.2315968950e-01,2.1573329122e-01,8.2999873998e-01
6.7439429612e-01,1.7151755500e+00,6.3884333531e-01,4.2292983181e-01,2.1591350350e-01,8.3014516174e-01
6.7511403389e-01,1.7161634157e+00,6.3879352813e-01,4.2270008145e-01,2.1609344668e-01,8.3029157489e-01
6.7583377167e-01,1.7171518503e+00,6.3874356089e-01,4.2247043987e-01,2.1627312102e-01,8.3043798237e-01
6.7655350944e-01,1.7181408543e+00,6.3869343526e-01,4.2224090853e-01,2.1645252673e-01,8.3058438710e-01
6.7727324722e-01,1.7191304278e+00,6.3864315293e-01,4.2201148886e-01,2.1663166406e-01,8.3073079199e-01
6.7799298500e-01,1.7201205714e+00,6.3859271556e-01,4.2178218231e-01,2.1681053324e-01,8.3087719996e-01
6.7871272277e-01,1.7211112852e+00,6.3854212481e-01,4.2155299030e-01,2.1698913451e-01,8.3102361390e-01
6.7943246055e-01,1.7221025696e+00,6.3849138235e-01,4.2132391424e-01,2.1716746810e-01,8.3117003671e-01
6.8015219832e-01,1.7230944249e+00,6.3844048981e-01,4.2109495555e-01,2.1734553426e-01,8.3131647127e-01
6.8087193610e-01,1.7240868515e+00,6.3838944884e-01,4.2086611563e-01,2.1752333321e-01,8.3146292045e-01
6.8159167388e-01,1.7250798497e+00,6.3833826107e-01,4.2063739587e-01,2.1770086520e-01,8.3160938714e-01
6.8231141165e-01,1.7260734198e+00,6.3828692814e-01,4.2040879766e-01,2.1787813048e-01,8.3175587419e-01
6.8303114943e-01,1.7270675622e+00,6.3823545165e-01,4.2018032238e-01,2.1805512928e-01,8.3190238445e-01
6.8375088720e-01,1.7280622772e+00,6.3818383323e-01,4.1995197139e-01,2.1823186184e-01,8.3204892078e-01
6.8447062498e-01,1.7290575650e+00,6.3813207447e-01,4.1972374606e-01,2.1840832841e-01,8.3219548601e-01
6.8519036276e-01,1.7300534262e+00,6.3808017698e-01,4.1949564775e-01,2.1858452923e-01,8.3234208299e-01
6.8591010053e-01,1.7310498608e+00,6.3802814235e-01,4.1926767780e-01,2.1876046455e-01,8.3248871452e-01
6.8662983831e-01,1.7320468694e+00,6.3797597216e-01,4.1903983754e-01,2.1893613461e-01,8.3263538344e-01
6.8734957608e-01,1.7330444523e+00,6.3792366799e-01,4.1881212833e-01,2.1911153967e-01,8.3278209255e-01
6.8806931386e-01,1.7340426096e+00,6.3787123142e-01,4.1858455146e-01,2.1928667995e-01,8.3292884466e-01
6.8878905164e-01,1.7350413419e+00,6.3781866400e-01,4.1835710828e-01,2.1946155573e-01,8.3307564257e-01
6.8950878941e-01,1.7360406494e+00,6.3776596730e-01,4.1812980007e-01,2.1963616723e-01,8.3322248907e-01
6.9022852719e-01,1.7370405325e+00,6.3771314287e-01,4.1790262815e-01,2.1981051472e-01,8.3336938693e-01
6.9094826496e-01,1.7380409914e+00,6.3766019225e-01,4.1767559381e-01,2.1998459844e-01,8.3351633894e-01
6.9166800274e-01,1.7390420266e+00,6.3760711698e-01,4.1744869833e-01,2.2015841865e-01,8.3366334786e-01
6.9238774052e-01,1.7400436383e+00,6.3755391859e-01,4.1722194299e-01,2.2033197560e-01,8.3381041646e-01
6.9310747829e-01,1.7410458269e+00,6.3750059861e-01,4.1699532907e-01,2.2050526953e-01,8.3395754748e-01
6.9382721607e-01,1.7420485928e+00,6.3744715855e-01,4.1676885783e-01,2.2067830071e-01,8.3410474369e-01
6.9454695384e-01,1.7430519361e+00,6.3739359992e-01,4.1654253053e-01,2.2085106939e-01,8.3425200782e-01
6.9526669162e-01,1.7440558574e+00,6.3733992424e-01,4.1631634842e-01,2.2102357582e-01,8.3439934260e-01
6.9598642940e-01,1.7450603569e+00,6.3728613299e-01,4.1609031274e-01,2.2119582025e-01,8.3454675076e-01
6.9670616717e-01,1.7460654349e+00,6.3723222767e-01,4.1586442472e-01,2.2136780296e-01,8.3469423503e-01
6.9742590495e-01,1.7470710918e+00,6.3717820978e-01,4.1563868559e-01,2.2153952418e-01,8.3484179811e-01
6.9814564272e-01,1.7480773279e+00,6.3712408078e-01,4.1541309659e-01,2.2171098419e-01,8.3498944272e-01
6.9886538050e-01,1.7490841436e+00,6.3706984214e-01,4.1518765891e-01,2.2188218324e-01,8.3513717155e-01
6.9958511828e-01,1.7500915391e+00,6.3701549535e-01,4.1496237377e-01,2.2205312158e-01,8.3528498730e-01
7.0030485605e-01,1.7510995149e+00,6.3696104185e-01,4.1473724236e-01,2.2222379949e-01,8.3543289265e-01
7.0102459383e-01,1.7521080712e+00,6.3690648310e-01,4.1451226589e-01,2.2239421721e-01,8.3558089029e-01
7.0174433160e-01,1.7531172083e+00,6.3685182055e-01,4.1428744553e-01,2.2256437502e-01,8.3572898289e-01
7.0246406938e-01,1.7541269268e+00,6.3679705564e-01,4.1406278247e-01,2.2273427317e-01,8.3587717311e-01
7.0318380716e-01,1.7551372267e+00,6.3674218980e-01,4.1383827787e-01,2.2290391193e-01,8.3602546363e-01
7.0390354493e-01,1.7561481086e+00,6.3668722447e-01,4.1361393291e-01,2.2307329156e-01,8.3617385708e-01
7.0462328271e-01,1.7571595726e+00,6.3663216107e-01,4.1338974874e-01,2.2324241233e-01,8.3632235613e-01
7.0534302048e-01,1.7581716193e+00,6.3657700101e-01,4.1316572652e-01,2.2341127450e-01,8.3647096340e-01
7.0606275826e-01,1.7591842488e+00,6.3652174571e-01,4.1294186738e-01,2.2357987833e-01,8.3661968154e-01
7.0678249604e-01,1.7601974616e+00,6.3646639657e-01,4.1271817247e-01,2.2374822410e-01,8.3676851318e-01
7.0750223381e-01,1.7612112579e+00,6.3641095499e-01,4.1249464292e-01,2.2391631207e-01,8.3691746094e-01
7.0822197159e-01,1.7622256381e+00,6.3635542236e-01,4.1227127986e-01,2.2408414250e-01,8.3706652743e-01
7.0894170936e-01,1.7632406026e+00,6.3629980007e-01,4.1204808440e-01,2.2425171567e-01,8.3721571526e-01
7.0966144714e-01,1.7642561516e+00,6.3624408951e-01,4.1182505765e-01,2.2441903185e-01,8.3736502704e-01
7.1038118492e-01,1.7652722856e+00,6.3618829203e-01,4.1160220073e-01,2.2458609130e-01,8.3751446537e-01
7.1110092269e-01,1.7662890048e+00,6.3613240903e-01,4.1137951472e-01,2.2475289430e-01,8.3766403283e-01
7.1182066047e-01,1.7673063096e+00,6.3607644185e-01,4.1115700073e-01,2.2491944112e-01,8.3781373201e-01
7.1254039824e-01,1.7683242003e+00,6.3602039186e-01,4.1093465983e-01,2.2508573202e-01,8.3796356549e-01
7.1326013602e-01,1.7693426772e+00,6.3596426040e-01,4.1071249312e-01,2.2525176729e-01,8.3811353584e-01
7.1397987380e-01,1.7703617408e+00,6.3590804883e-01,4.1049050165e-01,2.2541754718e-01,8.3826364563e-01
7.1469961157e-01,1.7713813913e+00,6.3585175848e-01,4.1026868650e-01,2.2558307199e-01,8.3841389742e-01
7.1541934935e-01,1.7724016291e+00,6.3579539069e-01,4.1004704872e-01,2.2574834197e-01,8.3856429377e-01
7.1613908712e-01,1.7734224545e+00,6.3573894679e-01,4.0982558938e-01,2.2591335741e-01,8.3871483721e-01
7.1685882490e-01,1.7744438678e+00,6.3568242810e-01,4.0960430952e-01,2.2607811858e-01,8.3886553031e-01
7.1757856268e-01,1.7754658694e+00,6.3562583594e-01,4.0938321018e-01,2.2624262576e-01,8.3901637558e-01
7.1829830045e-01,1.7764884597e+00,6.3556917161e-01,4.0916229239e-01,2.2640687922e-01,8.3916737557e-01
7.1901803823e-01,1.7775116389e+00,6.3551243643e-01,4.0894155719e-01,2.2657087924e-01,8.3931853280e-01
7.1973777600e-01,1.7785354074e+00,6.3545563170e-01,4.0872100560e-01,2.2673462610e-01,8.3946984979e-01
7.2045751378e-01,1.7795597656e+00,6.3539875871e-01,4.0850063863e-01,2.2689812008e-01,8.3962132904e-01
7.2117725156e-01,1.7805847138e+00,6.3534181875e-01,4.0828045730e-01,2.2706136145e-01,8.3977297308e-01
7.2189698933e-01,1.7816102523e+00,6.3528481311e-01,4.0806046262e-01,2.2722435049e-01,8.3992478440e-01
7.2261672711e-01,1.7826363814e+00,6.3522774306e-01,4.0784065557e-01,2.2738708749e-01,8.4007676549e-01
7.2333646488e-01,1.7836631016e+00,6.3517060988e-01,4.0762103715e-01,2.2754957273e-01,8.4022891885e-01
7.2405620266e-01,1.7846904131e+00,6.3511341483e-01,4.0740160836e-01,2.2771180648e-01,8.4038124697e-01
7.2477594044e-01,1.7857183162e+00,6.3505615919e-01,4.0718237016e-01,2.2787378902e-01,8.4053375231e-01
7.2549567821e-01,1.7867468115e+00,6.3499884419e-01,4.0696332355e-01,2.2803552065e-01,8.4068643736e-01
7.2621541599e-01,1.7877758990e+00,6.3494147111e-01,4.0674446947e-01,2.2819700163e-01,8.4083930459e-01
7.2693515376e-01,1.7888055793e+00,6.3488404117e-01,4.0652580891e-01,2.2835823227e-01,8.4099235645e-01
7.2765489154e-01,1.7898358527e+00,6.3482655564e-01,4.0630734281e-01,2.2851921283e-01,8.4114559540e-01
7.2837462932e-01,1.7908667194e+00,6.3476901573e-01,4.0608907213e-01,2.2867994360e-01,8.4129902390e-01
7.2909436709e-01,1.7918981799e+00,6.3471142268e-01,4.0587099781e-01,2.2884042487e-01,8.4145264439e-01
7.2981410487e-01,1.7929302344e+00,6.3465377772e-01,4.0565312079e-01,2.2900065693e-01,8.4160645932e-01
7.3053384264e-01,1.7939628834e+00,6.3459608207e-01,4.0543544202e-01,2.2916064005e-01,8.4176047111e-01
7.3125358042e-01,1.7949961271e+00,6.3453833694e-01,4.0521796241e-01,2.2932037453e-01,8.4191468220e-01
7.3197331820e-01,1.7960299659e+00,6.3448054354e-01,4.0500068289e-01,2.2947986065e-01,8.4206909501e-01
7.3269305597e-01,1.7970644002e+00,6.3442270308e-01,4.0478360438e-01,2.2963909870e-01,8.4222371196e-01
7.3341279375e-01,1.7980994303e+00,6.3436481675e-01,4.0456672779e-01,2.2979808896e-01,8.4237853547e-01
7.3413253152e-01,1.7991350565e+00,6.3430688576e-01,4.0435005403e-01,2.2995683173e-01,8.4253356794e-01
7.3485226930e-01,1.8001712791e+00,6.3424891129e-01,4.0413358399e-01,2.3011532730e-01,8.4268881178e-01
7.3557200708e-01,1.8012080986e+00,6.3419089452e-01,4.0391731858e-01,2.3027357594e-01,8.4284426939e-01
7.3629174485e-01,1.8022455152e+00,6.3413283665e-01,4.0370125868e-01,2.3043157796e-01,8.4299994316e-01
7.3701148263e-01,1.8032835294e+00,6.3407473883e-01,4.0348540518e-01,2.3058933364e-01,8.4315583548e-01
7.3773122040e-01,1.8043221414e+00,6.3401660224e-01,4.0326975896e-01,2.3074684328e-01,8.4331194872e-01
7.3845095818e-01,1.8053613516e+00,6.3395842805e-01,4.0305432089e-01,2.3090410716e-01,8.4346828528e-01
7.3917069596e-01,1.8064011603e+00,6.3390021741e-01,4.0283909183e-01,2.3106112558e-01,8.4362484752e-01
7.3989043373e-01,1.8074415680e+00,6.3384197148e-01,4.0262407266e-01,2.3121789882e-01,8.4378163782e-01
7.4061017151e-01,1.8084825748e+00,6.3378369142e-01,4.0240926423e-01,2.3137442718e-01,8.4393865852e-01
7.4132990928e-01,1.8095241812e+00,6.3372537836e-01,4.0219466740e-01,2.3153071096e-01,8.4409591200e-01
7.4204964706e-01,1.8105663876e+00,6.3366703345e-01,4.0198028300e-01,2.3168675045e-01,8.4425340060e-01
7.4276938484e-01,1.8116091942e+00,6.3360865782e-01,4.0176611189e-01,2.3184254593e-01,8.4441112668e-01
7.4348912261e-01,1.8126526014e+00,6.3355025260e-01,4.0155215489e-01,2.3199809771e-01,8.4456909257e-01
7.4420886039e-01,1.8136966096e+00,6.3349181893e-01,4.0133841285e-01,2.3215340608e-01,8.4472730061e-01
7.4492859816e-01,1.8147412191e+00,6.3343335791e-01,4.0112488658e-01,2.3230847133e-01,8.4488575315e-01
7.4564833594e-01,1.8157864302e+00,6.3337487068e-01,4.0091157692e-01,2.3246329377e-01,8.4504445250e-01
7.4636807372e-01,1.8168322433e+00,6.3331635834e-01,4.0069848467e-01,2.3261787368e-01,8.4520340100e-01
7.4708781149e-01,1.8178786588e+00,6.3325782200e-01,4.0048561064e-01,2.3277221136e-01,8.4536260096e-01
7.4780754927e-01,1.8189256770e+00,6.3319926276e-01,4.0027295565e-01,2.3292630711e-01,8.4552205469e-01
7.4852728704e-01,1.8199732982e+00,6.3314068172e-01,4.0006052050e-01,2.3308016122e-01,8.4568176451e-01
7.4924702482e-01,1.8210215227e+00,6.3308207998e-01,3.9984830598e-01,2.3323377400e-01,8.4584173272e-01
7.4996676260e-01,1.8220703510e+00,6.3302345862e-01,3.9963631288e-01,2.3338714574e-01,8.4600196162e-01
7.5068650037e-01,1.8231197834e+00,6.3296481873e-01,3.9942454198e-01,2.3354027675e-01,8.4616245351e-01
7.5140623815e-01,1.8241698202e+00,6.3290616139e-01,3.9921299408e-01,2.3369316731e-01,8.4632321068e-01
7.5212597592e-01,1.8252204618e+00,6.3284748768e-01,3.9900166995e-01,2.3384581772e-01,8.4648423542e-01
7.5284571370e-01,1.8262717085e+00,6.3278879866e-01,3.9879057036e-01,2.3399822830e-01,8.4664553001e-01
7.5356545148e-01,1.8273235607e+00,6.3273009541e-01,3.9857969608e-01,2.3415039933e-01,8.4680709672e-01
7.5428518925e-01,1.8283760187e+00,6.3267137898e-01,3.9836904786e-01,2.3430233112e-01,8.4696893784e-01
7.5500492703e-01,1.8294290829e+00,6.3261265044e-01,3.9815862647e-01,2.3445402397e-01,8.4713105563e-01
7.5572466480e-01,1.8304827536e+00,6.3255391083e-01,3.9794843266e-01,2.3460547817e-01,8.4729345235e-01
7.5644440258e-01,1.8315370312e+00,6.3249516122e-01,3.9773846718e-01,2.3475669404e-01,8.4745613027e-01
7.5716414036e-01,1.8325919159e+00,6.3243640264e-01,3.9752873077e-01,2.3490767187e-01,8.4761909165e-01
7.5788387813e-01,1.8336474083e+00,6.3237763613e-01,3.9731922417e-01,2.3505841197e-01,8.4778233872e-01
7.5860361591e-01,1.8347035085e+00,6.3231886274e-01,3.9710994811e-01,2.3520891463e-01,8.4794587375e-01
7.5932335368e-01,1.8357602171e+00,6.3226008348e-01,3.9690090332e-01,2.3535918016e-01,8.4810969897e-01
7.6004309146e-01,1.8368175342e+00,6.3220129940e-01,3.9669209054e-01,2.3550920886e-01,8.4827381663e-01
7.6076282924e-01,1.8378754603e+00,6.3214251151e-01,3.9648351047e-01,2.3565900104e-01,8.4843822895e-01
7.6148256701e-01,1.8389339958e+00,6.3208372084e-01,3.9627516384e-01,2.3580855700e-01,8.4860293818e-01
7.6220230479e-01,1.8399931409e+00,6.3202492840e-01,3.9606705135e-01,2.3595787704e-01,8.4876794652e-01
7.6292204256e-01,1.8410528960e+00,6.3196613519e-01,3.9585917372e-01,2.3610696148e-01,8.4893325622e-01
7.6364178034e-01,1.8421132615e+00,6.3190734224e-01,3.9565153163e-01,2.3625581061e-01,8.4909886948e-01
7.6436151812e-01,1.8431742377e+00,6.3184855054e-01,3.9544412581e-01,2.3640442473e-01,8.4926478853e-01
7.6508125589e-01,1.8442358250e+00,6.3178976109e-01,3.9523695692e-01,2.3655280416e-01,8.4943101556e-01
7.6580099367e-01,1.8452980237e+00,6.3173097488e-01,3.9503002568e-01,2.3670094920e-01,8.4959755279e-01
7.6652073144e-01,1.8463608343e+00,6.3167219291e-01,3.9482333275e-01,2.3684886016e-01,8.4976440241e-01
7.6724046922e-01,1.8474242569e+00,6.3161341616e-01,3.9461687882e-01,2.3699653734e-01,8.4993156664e-01
7.6796020700e-01,1.8484882920e+00,6.3155464562e-01,3.9441066457e-01,2.3714398105e-01,8.5009904765e-01
7.6867994477e-01,1.8495529400e+00,6.3149588226e-01,3.9420469067e-01,2.3729119160e-01,8.5026684765e-01
7.6939968255e-01,1.8506182011e+00,6.3143712707e-01,3.9399895778e-01,2.3743816929e-01,8.5043496881e-01
7.7011942032e-01,1.8516840758e+00,6.3137838100e-01,3.9379346657e-01,2.3758491443e-01,8.5060341332e-01
7.7083915810e-01,1.8527505644e+00,6.3131964503e-01,3.9358821769e-01,2.3773142734e-01,8.5077218336e-01
7.7155889588e-01,1.8538176672e+00,6.3126092012e-01,3.9338321181e-01,2.3787770831e-01,8.5094128111e-01
7.7227863365e-01,1.8548853847e+00,6.3120220723e-01,3.9317844957e-01,2.3802375765e-01,8.5111070872e-01
7.7299837143e-01,1.8559537171e+00,6.3114350731e-01,3.9297393162e-01,2.3816957569e-01,8.5128046838e-01
7.7371810920e-01,1.8570226648e+00,6.3108482132e-01,3.9276965860e-01,2.3831516272e-01,8.5145056225e-01
7.7443784698e-01,1.8580922282e+00,6.3102615020e-01,3.9256563115e-01,2.3846051905e-01,8.5162099247e-01
7.7515758476e-01,1.8591624076e+00,6.3096749490e-01,3.9236184990e-01,2.3860564500e-01,8.5179176122e-01
7.7587732253e-01,1.8602332034e+00,6.3090885635e-01,3.9215831549e-01,2.3875054087e-01,8.5196287065e-01
7.7659706031e-01,1.8613046159e+00,6.3085023550e-01,3.9195502853e-01,2.3889520697e-01,8.5213432289e-01
7.7731679809e-01,1.8623766455e+00,6.3079163328e-01,3.9175198966e-01,2.3903964362e-01,8.5230612011e-01
7.7803653586e-01,1.8634492925e+00,6.3073305060e-01,3.9154919948e-01,2.3918385112e-01,8.5247826443e-01
7.7875627364e-01,1.8645225574e+00,6.3067448841e-01,3.9134665861e-01,2.3932782980e-01,8.5265075800e-01
7.7947601141e-01,1.8655964404e+00,6.3061594762e-01,3.9114436767e-01,2.3947157995e-01,8.5282360295e-01
7.8019574919e-01,1.8666709419e+00,6.3055742915e-01,3.9094232726e-01,2.3961510188e-01,8.5299680142e-01
7.8091548697e-01,1.8677460622e+00,6.3049893390e-01,3.9074053798e-01,2.3975839593e-01,8.5317035553e-01
7.8163522474e-01,1.8688218018e+00,6.3044046280e-01,3.9053900042e-01,2.3990146238e-01,8.5334426740e-01
7.8235496252e-01,1.8698981610e+00,6.3038201675e-01,3.9033771519e-01,2.4004430156e-01,8.5351853916e-01
7.8307470029e-01,1.8709751401e+00,6.3032359665e-01,3.9013668288e-01,2.4018691378e-01,8.5369317292e-01
7.8379443807e-01,1.8720527395e+00,6.3026520341e-01,3.8993590406e-01,2.4032929935e-01,8.5386817079e-01
7.8451417585e-01,1.8731309595e+00,6.3020683791e-01,3.8973537933e-01,2.4047145858e-01,8.5404353490e-01
7.8523391362e-01,1.8742098006e+00,6.3014850104e-01,3.8953510925e-01,2.4061339179e-01,8.5421926734e-01
7.8595365140e-01,1.8752892630e+00,6.3009019371e-01,3.8933509442e-01,2.4075509929e-01,8.5439537022e-01
7.8667338917e-01,1.8763693471e+00,6.3003191679e-01,3.8913533539e-01,2.4089658140e-01,8.5457184564e-01
7.8739312695e-01,1.8774500533e+00,6.2997367117e-01,3.8893583274e-01,2.4103783843e-01,8.5474869570e-01
7.8811286473e-01,1.8785313820e+00,6.2991545772e-01,3.8873658704e-01,2.4117887069e-01,8.5492592249e-01
7.8883260250e-01,1.8796133335e+00,6.2985727732e-01,3.8853759883e-01,2.4131967849e-01,8.5510352811e-01
7.8955234028e-01,1.8806959081e+00,6.2979913084e-01,3.8833886868e-01,2.4146026216e-01,8.5528151463e-01
7.9027207805e-01,1.8817791062e+00,6.2974101915e-01,3.8814039714e-01,2.4160062201e-01,8.5545988415e-01
7.9099181583e-01,1.8828629282e+00,6.2968294311e-01,3.8794218477e-01,2.4174075835e-01,8.5563863875e-01
7.9171155361e-01,1.8839473745e+00,6.2962490359e-01,3.8774423209e-01,2.4188067149e-01,8.5581778050e-01
7.9243129138e-01,1.8850324453e+00,6.2956690144e-01,3.8754653967e-01,2.4202036176e-01,8.5599731148e-01
7.9315102916e-01,1.8861181411e+00,6.2950893751e-01,3.8734910804e-01,2.4215982947e-01,8.5617723377e-01
7.9387076693e-01,1.8872044622e+00,6.2945101267e-01,3.8715193773e-01,2.4229907494e-01,8.5635754943e-01
7.9459050471e-01,1.8882914089e+00,6.2939312774e-01,3.8695502927e-01,2.4243809847e-01,8.5653826053e-01
7.9531024249e-01,1.8893789817e+00,6.2933528359e-01,3.8675838320e-01,2.4257690039e-01,8.5671936913e-01
7.9602998026e-01,1.8904671809e+00,6.2927748105e-01,3.8656200003e-01,2.4271548102e-01,8.5690087730e-01
7.9674971804e-01,1.8915560069e+00,6.2921972096e-01,3.8636588030e-01,2.4285384067e-01,8.5708278709e-01
7.9746945581e-01,1.8926454600e+00,6.2916200416e-01,3.8617002451e-01,2.4299197965e-01,8.5726510055e-01
7.9818919359e-01,1.8937355405e+00,6.2910433147e-01,3.8597443318e-01,2.4312989829e-01,8.5744781974e-01
7.9890893137e-01,1.8948262489e+00,6.2904670373e-01,3.8577910683e-01,2.4326759690e-01,8.5763094671e-01
7.9962866914e-01,1.8959175855e+00,6.2898912175e-01,3.8558404595e-01,2.4340507580e-01,8.5781448350e-01
8.0034840692e-01,1.8970095506e+00,6.2893158637e-01,3.8538925106e-01,2.4354233531e-01,8.5799843216e-01
8.0106814469e-01,1.8981021447e+00,6.2887409840e-01,3.8519472266e-01,2.4367937574e-01,8.5818279472e-01
8.0178788247e-01,1.8991953681e+00,6.2881665866e-01,3.8500046124e-01,2.4381619742e-01,8.5836757322e-01
8.0250762025e-01,1.9002892211e+00,6.2875926795e-01,3.8480646729e-01,2.4395280066e-01,8.5855276971e-01
8.0322735802e-01,1.9013837041e+00,6.2870192709e-01,3.8461274132e-01,2.4408918578e-01,8.5873838621e-01
8.0394709580e-01,1.9024788175e+00,6.2864463689e-01,3.8441928380e-01,2.4422535309e-01,8.5892442474e-01
8.0466683357e-01,1.9035745616e+00,6.2858739815e-01,3.8422609522e-01,2.4436130292e-01,8.5911088735e-01
8.0538657135e-01,1.9046709368e+00,6.2853021166e-01,3.8403317607e-01,2.4449703559e-01,8.5929777605e-01
8.0610630913e-01,1.9057679435e+00,6.2847307823e-01,3.8384052682e-01,2.4463255141e-01,8.5948509286e-01
8.0682604690e-01,1.9068655820e+00,6.2841599865e-01,3.8364814794e-01,2.4476785071e-01,8.5967283981e-01
8.0754578468e-01,1.9079638527e+00,6.2835897371e-01,3.8345603991e-01,2.4490293380e-01,8.5986101890e-01
8.0826552245e-01,1.9090627560e+00,6.2830200421e-01,3.8326420320e-01,2.4503780101e-01,8.6004963216e-01
8.0898526023e-01,1.9101622922e+00,6.2824509091e-01,3.8307263827e-01,2.4517245264e-01,8.6023868160e-01
8.0970499801e-01,1.9112624617e+00,6.2818823461e-01,3.8288134558e-01,2.4530688903e-01,8.6042816922e-01
8.1042473578e-01,1.9123632648e+00,6.2813143609e-01,3.8269032560e-01,2.4544111049e-01,8.6061809703e-01
8.1114447356e-01,1.9134647019e+00,6.2807469613e-01,3.8249957878e-01,2.4557511734e-01,8.6080846704e-01
8.1186421133e-01,1.9145667734e+00,6.2801801548e-01,3.8230910558e-01,2.4570890991e-01,8.6099928124e-01
8.1258394911e-01,1.9156694797e+00,6.2796139494e-01,3.8211890643e-01,2.4584248851e-01,8.6119054164e-01
8.1330368689e-01,1.9167728211e+00,6.2790483526e-01,3.8192898180e-01,2.4597585346e-01,8.6138225023e-01
8.1402342466e-01,1.9178767979e+00,6.2784833721e-01,3.8173933212e-01,2.4610900509e-01,8.6157440901e-01
8.1474316244e-01,1.9189814106e+00,6.2779190155e-01,3.8154995784e-01,2.4624194371e-01,8.6176701998e-01
8.1546290021e-01,1.9200866595e+00,6.2773552904e-01,3.8136085940e-01,2.4637466965e-01,8.6196008511e-01
8.1618263799e-01,1.9211925450e+00,6.2767922044e-01,3.8117203722e-01,2.4650718322e-01,8.6215360640e-01
8.1690237577e-01,1.9222990674e+00,6.2762297650e-01,3.8098349175e-01,2.4663948475e-01,8.6234758583e-01
8.1762211354e-01,1.9234062271e+00,6.2756679797e-01,3.8079522341e-01,2.4677157456e-01,8.6254202539e-01
8.1834185132e-01,1.9245140245e+00,6.2751068560e-01,3.8060723262e-01,2.4690345298e-01,8.6273692705e-01
8.1906158909e-01,1.9256224599e+00,6.2745464014e-01,3.8041951982e-01,2.4703512031e-01,8.6293229281e-01
8.1978132687e-01,1.9267315338e+00,6.2739866232e-01,3.8023208543e-01,2.4716657689e-01,8.6312812462e-01
8.2050106465e-01,1.9278412464e+00,6.2734275289e-01,3.8004492985e-01,2.4729782304e-01,8.6332442447e-01
8.2122080242e-01,1.9289515982e+00,6.2728691258e-01,3.7985805351e-01,2.4742885907e-01,8.6352119433e-01
8.2194054020e-01,1.9300625895e+00,6.2723114214e-01,3.7967145682e-01,2.4755968532e-01,8.6371843618e-01
8.2266027797e-01,1.9311742206e+00,6.2717544228e-01,3.7948514019e-01,2.4769030209e-01,8.6391615197e-01
8.2338001575e-01,1.9322864920e+00,6.2711981374e-01,3.7929910402e-01,2.4782070972e-01,8.6411434367e-01
8.2409975353e-01,1.9333994041e+00,6.2706425725e-01,3.7911334873e-01,2.4795090853e-01,8.6431301325e-01
8.2481949130e-01,1.9345129571e+00,6.2700877353e-01,3.7892787470e-01,2.4808089883e-01,8.6451216268e-01
8.2553922908e-01,1.9356271515e+00,6.2695336330e-01,3.7874268234e-01,2.4821068096e-01,8.6471179390e-01
8.2625896685e-01,1.9367419876e+00,6.2689802728e-01,3.7855777205e-01,2.4834025523e-01,8.6491190888e-01
8.2697870463e-01,1.9378574658e+00,6.2684276618e-01,3.7837314422e-01,2.4846962197e-01,8.6511250958e-01
8.2769844241e-01,1.9389735865e+00,6.2678758073e-01,3.7818879923e-01,2.4859878149e-01,8.6531359794e-01
8.2841818018e-01,1.9400903500e+00,6.2673247162e-01,3.7800473749e-01,2.4872773413e-01,8.6551517593e-01
8.2913791796e-01,1.9412077567e+00,6.2667743957e-01,3.7782095936e-01,2.4885648021e-01,8.6571724549e-01
8.2985765573e-01,1.9423258070e+00,6.2662248528e-01,3.7763746524e-01,2.4898502004e-01,8.6591980857e-01
8.3057739351e-01,1.9434445012e+00,6.2656760947e-01,3.7745425551e-01,2.4911335396e-01,8.6612286712e-01
8.3129713129e-01,1.9445638398e+00,6.2651281281e-01,3.7727133053e-01,2.4924148228e-01,8.6632642308e-01
8.3201686906e-01,1.9456838230e+00,6.2645809603e-01,3.7708869070e-01,2.4936940533e-01,8.6653047840e-01
8.3273660684e-01,1.9468044513e+00,6.2640345981e-01,3.7690633637e-01,2.4949712343e-01,8.6673503501e-01
8.3345634461e-01,1.9479257251e+00,6.2634890484e-01,3.7672426793e-01,2.4962463691e-01,8.6694009487e-01
8.3417608239e-01,1.9490476446e+00,6.2629443182e-01,3.7654248573e-01,2.4975194609e-01,8.6714565989e-01
8.3489582017e-01,1.9501702104e+00,6.2624004143e-01,3.7636099014e-01,2.4987905129e-01,8.6735173203e-01
8.3561555794e-01,1.9512934226e+00,6.2618573436e-01,3.7617978153e-01,2.5000595284e-01,8.6755831322e-01
8.3633529572e-01,1.9524172818e+00,6.2613151130e-01,3.7599886024e-01,2.5013265106e-01,8.6776540539e-01
8.3705503349e-01,1.9535417883e+00,6.2607737292e-01,3.7581822665e-01,2.5025914627e-01,8.6797301046e-01
8.3777477127e-01,1.9546669425e+00,6.2602331991e-01,3.7563788111e-01,2.5038543880e-01,8.6818113038e-01
8.3849450905e-01,1.9557927447e+00,6.2596935294e-01,3.7545782396e-01,2.5051152897e-01,8.6838976707e-01
8.3921424682e-01,1.9569191953e+00,6.2591547268e-01,3.7527805557e-01,2.5063741711e-01,8.6859892245e-01
8.3993398460e-01,1.9580462947e+00,6.2586167981e-01,3.7509857627e-01,2.5076310355e-01,8.6880859846e-01
8.4065372237e-01,1.9591740432e+00,6.2580797500e-01,3.7491938641e-01,2.5088858859e-01,8.6901879701e-01
8.4137346015e-01,1.9603024413e+00,6.2575435891e-01,3.7474048633e-01,2.5101387258e-01,8.6922952002e-01
8.4209319793e-01,1.9614314893e+00,6.2570083220e-01,3.7456187638e-01,2.5113895583e-01,8.6944076943e-01
8.4281293570e-01,1.9625611876e+00,6.2564739555e-01,3.7438355689e-01,2.5126383866e-01,8.6965254714e-01
8.4353267348e-01,1.9636915365e+00,6.2559404961e-01,3.7420552820e-01,2.5138852142e-01,8.6986485507e-01
8.4425241125e-01,1.9648225364e+00,6.2554079504e-01,3.7402779064e-01,2.5151300440e-01,8.7007769515e-01
8.4497214903e-01,1.9659541878e+00,6.2548763250e-01,3.7385034455e-01,2.5163728795e-01,8.7029106928e-01
8.4569188681e-01,1.9670864910e+00,6.2543456263e-01,3.7367319024e-01,2.5176137239e-01,8.7050497938e-01
8.4641162458e-01,1.9682194463e+00,6.2538158610e-01,3.7349632806e-01,2.5188525804e-01,8.7071942737e-01
8.4713136236e-01,1.9693530541e+00,6.2532870354e-01,3.7331975832e-01,2.5200894522e-01,8.7093441515e-01
8.4785110013e-01,1.9704873149e+00,6.2527591561e-01,3.7314348135e-01,2.5213243426e-01,8.7114994463e-01
8.4857083791e-01,1.9716222289e+00,6.2522322295e-01,3.7296749746e-01,2.5225572549e-01,8.7136601772e-01
8.4929057569e-01,1.9727577966e+00,6.2517062621e-01,3.7279180698e-01,2.5237881923e-01,8.7158263633e-01
8.5001031346e-01,1.9738940183e+00,6.2511812602e-01,3.7261641021e-01,2.5250171581e-01,8.7179980236e-01
8.5073005124e-01,1.9750308944e+00,6.2506572302e-01,3.7244130748e-01,2.5262441554e-01,8.7201751772e-01
8.5144978901e-01,1.9761684254e+00,6.2501341786e-01,3.7226649910e-01,2.5274691876e-01,8.7223578432e-01
8.5216952679e-01,1.9773066115e+00,6.2496121115e-01,3.7209198536e-01,2.5286922579e-01,8.7245460404e-01
8.5288926457e-01,1.9784454531e+00,6.2490910354e-01,3.7191776659e-01,2.5299133696e-01,8.7267397881e-01
8.5360900234e-01,1.9795849507e+00,6.2485709566e-01,3.7174384308e-01,2.5311325258e-01,8.7289391051e-01
8.5432874012e-01,1.9807251046e+00,6.2480518813e-01,3.7157021514e-01,2.5323497299e-01,8.7311440104e-01
8.5504847789e-01,1.9818659151e+00,6.2475338158e-01,3.7139688307e-01,2.5335649852e-01,8.7333545231e-01
8.5576821567e-01,1.9830073827e+00,6.2470167664e-01,3.7122384717e-01,2.5347782947e-01,8.7355706621e-01
8.5648795345e-01,1.9841495078e+00,6.2465007392e-01,3.7105110773e-01,2.5359896619e-01,8.7377924463e-01
8.5720769122e-01,1.9852922906e+00,6.2459857404e-01,3.7087866504e-01,2.5371990900e-01,8.7400198947e-01
8.5792742900e-01,1.9864357317e+00,6.2454717763e-01,3.7070651941e-01,2.5384065821e-01,8.7422530263e-01
8.5864716677e-01,1.9875798313e+00,6.2449588529e-01,3.7053467112e-01,2.5396121417e-01,8.7444918599e-01
8.5936690455e-01,1.9887245898e+00,6.2444469764e-01,3.7036312046e-01,2.5408157718e-01,8.7467364145e-01
8.6008664233e-01,1.9898700077e+00,6.2439361530e-01,3.7019186772e-01,2.5420174758e-01,8.7489867090e-01
8.6080638010e-01,1.9910160854e+00,6.2434263887e-01,3.7002091318e-01,2.5432172570e-01,8.7512427622e-01
8.6152611788e-01,1.9921628231e+00,6.2429176897e-01,3.6985025712e-01,2.5444151185e-01,8.7535045932e-01
8.6224585565e-01,1.9933102212e+00,6.2424100619e-01,3.6967989982e-01,2.5456110637e-01,8.7557722207e-01
8.6296559343e-01,1.9944582802e+00,6.2419035114e-01,3.6950984157e-01,2.5468050957e-01,8.7580456636e-01
8.6368533121e-01,1.9956070005e+00,6.2413980442e-01,3.6934008263e-01,2.5479972179e-01,8.7603249408e-01
8.6440506898e-01,1.9967563824e+00,6.2408936664e-01,3.6917062329e-01,2.5491874335e-01,8.7626100712e-01
8.6512480676e-01,1.9979064262e+00,6.2403903839e-01,3.6900146381e-01,2.5503757458e-01,8.7649010735e-01
8.6584454453e-01,1.9990571325e+00,6.2398882027e-01,3.6883260448e-01,2.5515621579e-01,8.7671979668e-01
8.6656428231e-01,2.0002085014e+00,6.2393871287e-01,3.6866404555e-01,2.5527466732e-01,8.7695007696e-01
8.6728402009e-01,2.0013605336e+00,6.2388871678e-01,3.6849578729e-01,2.5539292949e-01,8.7718095010e-01
8.6800375786e-01,2.0025132292e+00,6.2383883260e-01,3.6832782997e-01,2.5551100263e-01,8.7741241797e-01
8.6872349564e-01,2.0036665888e+00,6.2378906092e-01,3.6816017385e-01,2.5562888706e-01,8.7764448245e-01
8.6944323341e-01,2.0048206126e+00,6.2373940231e-01,3.6799281920e-01,2.5574658311e-01,8.7787714542e-01
8.7016297119e-01,2.0059753011e+00,6.2368985738e-01,3.6782576628e-01,2.5586409110e-01,8.7811040877e-01
8.7088270897e-01,2.0071306547e+00,6.2364042669e-01,3.6765901533e-01,2.5598141136e-01,8.7834427437e-01
8.7160244674e-01,2.0082866736e+00,6.2359111084e-01,3.6749256663e-01,2.5609854422e-01,8.7857874409e-01
8.7232218452e-01,2.0094433584e+00,6.2354191040e-01,3.6732642041e-01,2.5621548999e-01,8.7881381983e-01
8.7304192229e-01,2.0106007094e+00,6.2349282595e-01,3.6716057695e-01,2.5633224901e-01,8.7904950345e-01
8.7376166007e-01,2.0117587270e+00,6.2344385807e-01,3.6699503648e-01,2.5644882160e-01,8.7928579684e-01
8.7448139785e-01,2.0129174116e+00,6.2339500733e-01,3.6682979925e-01,2.5656520808e-01,8.7952270186e-01
8.7520113562e-01,2.0140767635e+00,6.2334627431e-01,3.6666486552e-01,2.5668140878e-01,8.7976022040e-01
8.7592087340e-01,2.0152367831e+00,6.2329765957e-01,3.6650023554e-01,2.5679742404e-01,8.7999835432e-01
8.7664061117e-01,2.0163974709e+00,6.2324916369e-01,3.6633590953e-01,2.5691325416e-01,8.8023710552e-01
8.7736034895e-01,2.0175588271e+00,6.2320078723e-01,3.6617188775e-01,2.5702889948e-01,8.8047647585e-01
8.7808008673e-01,2.0187208523e+00,6.2315253076e-01,3.6600817044e-01,2.5714436032e-01,8.8071646719e-01
8.7879982450e-01,2.0198835467e+00,6.2310439485e-01,3.6584475783e-01,2.5725963701e-01,8.8095708142e-01
8.7951956228e-01,2.0210469108e+00,6.2305638005e-01,3.6568165017e-01,2.5737472988e-01,8.8119832041e-01
8.8023930005e-01,2.0222109449e+00,6.2300848693e-01,3.6551884769e-01,2.5748963924e-01,8.8144018603e-01
8.8095903783e-01,2.0233756495e+00,6.2296071605e-01,3.6535635062e-01,2.5760436543e-01,8.8168268015e-01
8.8167877561e-01,2.0245410249e+00,6.2291306796e-01,3.6519415919e-01,2.5771890876e-01,8.8192580465e-01
8.8239851338e-01,2.0257070715e+00,6.2286554322e-01,3.6503227365e-01,2.5783326957e-01,8.8216956140e-01
8.8311825116e-01,2.0268737896e+00,6.2281814240e-01,3.6487069421e-01,2.5794744818e-01,8.8241395227e-01
8.8383798893e-01,2.0280411798e+00,6.2277086603e-01,3.6470942111e-01,2.5806144492e-01,8.8265897912e-01
8.8455772671e-01,2.0292092423e+00,6.2272371467e-01,3.6454845456e-01,2.5817526010e-01,8.8290464384e-01
8.8527746449e-01,2.0303779776e+00,6.2267668887e-01,3.6438779481e-01,2.5828889406e-01,8.8315094829e-01
8.8599720226e-01,2.0315473860e+00,6.2262978918e-01,3.6422744206e-01,2.5840234713e-01,8.8339789435e-01
8.8671694004e-01,2.0327174680e+00,6.2258301615e-01,3.6406739654e-01,2.5851561961e-01,8.8364548387e-01
8.8743667781e-01,2.0338882238e+00,6.2253637032e-01,3.6390765847e-01,2.5862871185e-01,8.8389371874e-01
8.8815641559e-01,2.0350596540e+00,6.2248985223e-01,3.6374822807e-01,2.5874162416e-01,8.8414260082e-01
8.8887615337e-01,2.0362317589e+00,6.2244346243e-01,3.6358910556e-01,2.5885435687e-01,8.8439213199e-01
8.8959589114e-01,2.0374045388e+00,6.2239720146e-01,3.6343029114e-01,2.5896691031e-01,8.8464231410e-01
8.9031562892e-01,2.0385779942e+00,6.2235106985e-01,3.6327178505e-01,2.5907928480e-01,8.8489314904e-01
8.9103536669e-01,2.0397521255e+00,6.2230506814e-01,3.6311358748e-01,2.5919148067e-01,8.8514463867e-01
8.9175510447e-01,2.0409269330e+00,6.2225919688e-01,3.6295569865e-01,2.5930349823e-01,8.8539678485e-01
8.9247484225e-01,2.0421024171e+00,6.2221345659e-01,3.6279811877e-01,2.5941533782e-01,8.8564958947e-01
8.9319458002e-01,2.0432785783e+00,6.2216784781e-01,3.6264084805e-01,2.5952699976e-01,8.8590305439e-01
8.9391431780e-01,2.0444554169e+00,6.2212237107e-01,3.6248388669e-01,2.5963848438e-01,8.8615718147e-01
8.9463405557e-01,2.0456329333e+00,6.2207702689e-01,3.6232723490e-01,2.5974979199e-01,8.8641197259e-01
8.9535379335e-01,2.0468111279e+00,6.2203181582e-01,3.6217089289e-01,2.5986092293e-01,8.8666742962e-01
8.9607353113e-01,2.0479900011e+00,6.2198673837e-01,3.6201486085e-01,2.5997187752e-01,8.8692355442e-01
8.9679326890e-01,2.0491695533e+00,6.2194179507e-01,3.6185913899e-01,2.6008265608e-01,8.8718034887e-01
8.9751300668e-01,2.0503497848e+00,6.2189698645e-01,3.6170372751e-01,2.6019325894e-01,8.8743781484e-01
8.9823274445e-01,2.0515306961e+00,6.2185231303e-01,3.6154862660e-01,2.6030368643e-01,8.8769595418e-01
8.9895248223e-01,2.0527122876e+00,6.2180777532e-01,3.6139383647e-01,2.6041393886e-01,8.8795476879e-01
8.9967222001e-01,2.0538945596e+00,6.2176337386e-01,3.6123935731e-01,2.6052401656e-01,8.8821426052e-01
9.0039195778e-01,2.0550775125e+00,6.2171910916e-01,3.6108518931e-01,2.6063391986e-01,8.8847443124e-01
9.0111169556e-01,2.0562611468e+00,6.2167498174e-01,3.6093133266e-01,2.6074364907e-01,8.8873528283e-01
9.0183143333e-01,2.0574454628e+00,6.2163099211e-01,3.6077778757e-01,2.6085320454e-01,8.8899681715e-01
9.0255117111e-01,2.0586304609e+00,6.2158714079e-01,3.6062455422e-01,2.6096258657e-01,8.8925903608e-01
9.0327090889e-01,2.0598161415e+00,6.2154342829e-01,3.6047163280e-01,2.6107179549e-01,8.8952194148e-01
9.0399064666e-01,2.0610025050e+00,6.2149985513e-01,3.6031902349e-01,2.6118083164e-01,8.8978553524e-01
9.0471038444e-01,2.0621895518e+00,6.2145642181e-01,3.6016672649e-01,2.6128969532e-01,8.9004981921e-01
9.0543012221e-01,2.0633772823e+00,6.2141312884e-01,3.6001474197e-01,2.6139838687e-01,8.9031479528e-01
9.0614985999e-01,2.0645656968e+00,6.2136997674e-01,3.5986307013e-01,2.6150690661e-01,8.9058046531e-01
9.0686959777e-01,2.0657547959e+00,6.2132696601e-01,3.5971171115e-01,2.6161525486e-01,8.9084683117e-01
9.0758933554e-01,2.0669445798e+00,6.2128409716e-01,3.5956066521e-01,2.6172343195e-01,8.9111389475e-01
9.0830907332e-01,2.0681350490e+00,6.2124137068e-01,3.5940993248e-01,2.6183143820e-01,8.9138165790e-01
9.0902881109e-01,2.0693262038e+00,6.2119878709e-01,3.5925951316e-01,2.6193927394e-01,8.9165012252e-01
9.0974854887e-01,2.0705180447e+00,6.2115634689e-01,3.5910940741e-01,2.6204693948e-01,8.9191929046e-01
9.1046828665e-01,2.0717105720e+00,6.2111405057e-01,3.5895961541e-01,2.6215443516e-01,8.9218916360e-01
9.1118802442e-01,2.0729037862e+00,6.2107189864e-01,3.5881013735e-01,2.6226176129e-01,8.9245974383e-01
9.1190776220e-01,2.0740976876e+00,6.2102989159e-01,3.5866097339e-01,2.6236891820e-01,8.9273103301e-01
9.1262749997e-01,2.0752922766e+00,6.2098802992e-01,3.5851212370e-01,2.6247590622e-01,8.9300303302e-01
9.1334723775e-01,2.0764875537e+00,6.2094631413e-01,3.5836358847e-01,2.6258272566e-01,8.9327574573e-01
9.1406697553e-01,2.0776835192e+00,6.2090474471e-01,3.5821536786e-01,2.6268937685e-01,8.9354917303e-01
9.1478671330e-01,2.0788801736e+00,6.2086332216e-01,3.5806746204e-01,2.6279586012e-01,8.9382331679e-01
9.1550645108e-01,2.0800775171e+00,6.2082204696e-01,3.5791987119e-01,2.6290217578e-01,8.9409817889e-01
9.1622618885e-01,2.0812755503e+00,6.2078091962e-01,3.5777259546e-01,2.6300832416e-01,8.9437376120e-01
9.1694592663e-01,2.0824742735e+00,6.2073994060e-01,3.5762563503e-01,2.6311430558e-01,8.9465006561e-01
9.1766566441e-01,2.0836736871e+00,6.2069911042e-01,3.5747899006e-01,2.6322012037e-01,8.9492709400e-01
9.1838540218e-01,2.0848737915e+00,6.2065842955e-01,3.5733266071e-01,2.6332576884e-01,8.9520484824e-01
9.1910513996e-01,2.0860745871e+00,6.2061789848e-01,3.5718664716e-01,2.6343125133e-01,8.9548333022e-01
9.1982487773e-01,2.0872760743e+00,6.2057751770e-01,3.5704094955e-01,2.6353656815e-01,8.9576254182e-01
9.2054461551e-01,2.0884782535e+00,6.2053728769e-01,3.5689556806e-01,2.6364171963e-01,8.9604248492e-01
9.2126435329e-01,2.0896811251e+00,6.2049720893e-01,3.5675050285e-01,2.6374670609e-01,8.9632316141e-01
9.2198409106e-01,2.0908846896e+00,6.2045728191e-01,3.5660575406e-01,2.6385152785e-01,8.9660457316e-01
9.2270382884e-01,2.0920889472e+00,6.2041750710e-01,3.5646132187e-01,2.6395618523e-01,8.9688672206e-01
9.2342356661e-01,2.0932938984e+00,6.2037788499e-01,3.5631720643e-01,2.6406067856e-01,8.9716961001e-01
9.2414330439e-01,2.0944995436e+00,6.2033841606e-01,3.5617340789e-01,2.6416500817e-01,8.9745323887e-01
9.2486304217e-01,2.0957058832e+00,6.2029910078e-01,3.5602992642e-01,2.6426917436e-01,8.9773761055e-01
9.2558277994e-01,2.0969129177e+00,6.2025993963e-01,3.5588676216e-01,2.6437317747e-01,8.9802272693e-01
9.2630251772e-01,2.0981206473e+00,6.2022093308e-01,3.5574391526e-01,2.6447701781e-01,8.9830858989e-01
9.2702225549e-01,2.0993290725e+00,6.2018208161e-01,3.5560138589e-01,2.6458069572e-01,8.9859520133e-01
9.2774199327e-01,2.1005381937e+00,6.2014338569e-01,3.5545917419e-01,2.6468421150e-01,8.9888256314e-01
9.2846173105e-01,2.1017480113e+00,6.2010484580e-01,3.5531728031e-01,2.6478756549e-01,8.9917067720e-01
9.2918146882e-01,2.1029585258e+00,6.2006646241e-01,3.5517570441e-01,2.6489075800e-01,8.9945954541e-01
9.2990120660e-01,2.1041697374e+00,6.2002823598e-01,3.5503444662e-01,2.6499378935e-01,8.9974916967e-01
9.3062094437e-01,2.1053816466e+00,6.1999016699e-01,3.5489350711e-01,2.6509665988e-01,9.0003955186e-01
9.3134068215e-01,2.1065942538e+00,6.1995225590e-01,3.5475288601e-01,2.6519936989e-01,9.0033069388e-01
9.3206041993e-01,2.1078075595e+00,6.1991450318e-01,3.5461258347e-01,2.6530191972e-01,9.0062259764e-01
9.3278015770e-01,2.1090215639e+00,6.1987690931e-01,3.5447259963e-01,2.6540430967e-01,9.0091526501e-01
9.3349989548e-01,2.1102362676e+00,6.1983947473e-01,3.5433293465e-01,2.6550654009e-01,9.0120869791e-01
9.3421963325e-01,2.1114516709e+00,6.1980219993e-01,3.5419358866e-01,2.6560861127e-01,9.0150289822e-01
9.3493937103e-01,2.1126677742e+00,6.1976508536e-01,3.5405456180e-01,2.6571052356e-01,9.0179786786e-01
9.3565910881e-01,2.1138845779e+00,6.1972813148e-01,3.5391585422e-01,2.6581227726e-01,9.0209360872e-01
9.3637884658e-01,2.1151020824e+00,6.1969133875e-01,3.5377746606e-01,2.6591387270e-01,9.0239012270e-01
9.3709858436e-01,2.1163202882e+00,6.1965470765e-01,3.5363939745e-01,2.6601531019e-01,9.0268741171e-01
9.3781832213e-01,2.1175391956e+00,6.1961823862e-01,3.5350164854e-01,2.6611659007e-01,9.0298547765e-01
9.3853805991e-01,2.1187588051e+00,6.1958193212e-01,3.5336421947e-01,2.6621771266e-01,9.0328432242e-01
9.3925779769e-01,2.1199791170e+00,6.1954578862e-01,3.5322711036e-01,2.6631867826e-01,9.0358394794e-01
9.3997753546e-01,2.1212001317e+00,6.1950980857e-01,3.5309032136e-01,2.6641948720e-01,9.0388435611e-01
9.4069727324e-01,2.1224218497e+00,6.1947399242e-01,3.5295385261e-01,2.6652013981e-01,9.0418554884e-01
9.4141701101e-01,2.1236442713e+00,6.1943834064e-01,3.5281770423e-01,2.6662063641e-01,9.0448752804e-01
9.4213674879e-01,2.1248673970e+00,6.1940285367e-01,3.5268187636e-01,2.6672097730e-01,9.0479029561e-01
9.4285648657e-01,2.1260912272e+00,6.1936753197e-01,3.5254636914e-01,2.6682116282e-01,9.0509385349e-01
9.4357622434e-01,2.1273157622e+00,6.1933237599e-01,3.5241118270e-01,2.6692119329e-01,9.0539820356e-01
9.4429596212e-01,2.1285410026e+00,6.1929738618e-01,3.5227631716e-01,2.6702106902e-01,9.0570334777e-01
9.4501569989e-01,2.1297669486e+00,6.1926256300e-01,3.5214177266e-01,2.6712079034e-01,9.0600928801e-01
9.4573543767e-01,2.1309936007e+00,6.1922790689e-01,3.5200754934e-01,2.6722035756e-01,9.0631602620e-01
9.4645517545e-01,2.1322209593e+00,6.1919341831e-01,3.5187364731e-01,2.6731977100e-01,9.0662356427e-01
9.4717491322e-01,2.1334490247e+00,6.1915909769e-01,3.5174006670e-01,2.6741903099e-01,9.0693190414e-01
9.4789465100e-01,2.1346777976e+00,6.1912494550e-01,3.5160680766e-01,2.6751813784e-01,9.0724104772e-01
9.4861438877e-01,2.1359072781e+00,6.1909096217e-01,3.5147387029e-01,2.6761709188e-01,9.0755099695e-01
9.4933412655e-01,2.1371374667e+00,6.1905714816e-01,3.5134125474e-01,2.6771589342e-01,9.0786175374e-01
9.5005386433e-01,2.1383683639e+00,6.1902350390e-01,3.5120896112e-01,2.6781454278e-01,9.0817332002e-01
9.5077360210e-01,2.1395999701e+00,6.1899002984e-01,3.5107698955e-01,2.6791304028e-01,9.0848569772e-01
9.5149333988e-01,2.1408322855e+00,6.1895672642e-01,3.5094534018e-01,2.6801138625e-01,9.0879888877e-01
9.5221307765e-01,2.1420653108e+00,6.1892359410e-01,3.5081401311e-01,2.6810958099e-01,9.0911289510e-01
9.5293281543e-01,2.1432990462e+00,6.1889063330e-01,3.5068300847e-01,2.6820762483e-01,9.0942771863e-01
9.5365255321e-01,2.1445334922e+00,6.1885784447e-01,3.5055232638e-01,2.6830551809e-01,9.0974336131e-01
9.5437229098e-01,2.1457686492e+00,6.1882522805e-01,3.5042196696e-01,2.6840326109e-01,9.1005982507e-01
9.5509202876e-01,2.1470045175e+00,6.1879278449e-01,3.5029193034e-01,2.6850085414e-01,9.1037711184e-01
9.5581176653e-01,2.1482410977e+00,6.1876051421e-01,3.5016221664e-01,2.6859829757e-01,9.1069522356e-01
9.5653150431e-01,2.1494783901e+00,6.1872841766e-01,3.5003282597e-01,2.6869559169e-01,9.1101416218e-01
9.5725124209e-01,2.1507163951e+00,6.1869649527e-01,3.4990375846e-01,2.6879273682e-01,9.1133392962e-01
9.5797097986e-01,2.1519551132e+00,6.1866474749e-01,3.4977501421e-01,2.6888973328e-01,9.1165452784e-01
9.5869071764e-01,2.1531945447e+00,6.1863317474e-01,3.4964659336e-01,2.6898658138e-01,9.1197595878e-01
9.5941045541e-01,2.1544346900e+00,6.1860177747e-01,3.4951849602e-01,2.6908328145e-01,9.1229822439e-01
9.6013019319e-01,2.1556755497e+00,6.1857055610e-01,3.4939072229e-01,2.6917983381e-01,9.1262132661e-01
9.6084993097e-01,2.1569171240e+00,6.1853951108e-01,3.4926327231e-01,2.6927623877e-01,9.1294526739e-01
9.6156966874e-01,2.1581594134e+00,6.1850864283e-01,3.4913614619e-01,2.6937249664e-01,9.1327004869e-01
9.6228940652e-01,2.1594024183e+00,6.1847795178e-01,3.4900934403e-01,2.6946860776e-01,9.1359567245e-01
9.6300914429e-01,2.1606461391e+00,6.1844743838e-01,3.4888286595e-01,2.6956457242e-01,9.1392214063e-01
9.6372888207e-01,2.1618905763e+00,6.1841710304e-01,3.4875671208e-01,2.6966039096e-01,9.1424945519e-01
9.6444861985e-01,2.1631357301e+00,6.1838694620e-01,3.4863088251e-01,2.6975606369e-01,9.1457761808e-01
9.6516835762e-01,2.1643816012e+00,6.1835696830e-01,3.4850537737e-01,2.6985159093e-01,9.1490663127e-01
9.6588809540e-01,2.1656281898e+00,6.1832716975e-01,3.4838019676e-01,2.6994697299e-01,9.1523649671e-01
9.6660783317e-01,2.1668754964e+00,6.1829755099e-01,3.4825534080e-01,2.7004221019e-01,9.1556721638e-01
9.6732757095e-01,2.1681235214e+00,6.1826811245e-01,3.4813080959e-01,2.7013730285e-01,9.1589879222e-01
9.6804730873e-01,2.1693722652e+00,6.1823885454e-01,3.4800660326e-01,2.7023225129e-01,9.1623122622e-01
9.6876704650e-01,2.1706217282e+00,6.1820977771e-01,3.4788272189e-01,2.7032705582e-01,9.1656452034e-01
9.6948678428e-01,2.1718719108e+00,6.1818088237e-01,3.4775916562e-01,2.7042171675e-01,9.1689867655e-01
9.7020652205e-01,2.1731228135e+00,6.1815216895e-01,3.4763593454e-01,2.7051623441e-01,9.1723369682e-01
9.7092625983e-01,2.1743744367e+00,6.1812363788e-01,3.4751302876e-01,2.7061060912e-01,9.1756958313e-01
9.7164599761e-01,2.1756267808e+00,6.1809528958e-01,3.4739044840e-01,2.7070484118e-01,9.1790633746e-01
9.7236573538e-01,2.1768798461e+00,6.1806712447e-01,3.4726819355e-01,2.7079893092e-01,9.1824396178e-01
9.7308547316e-01,2.1781336331e+00,6.1803914297e-01,3.4714626433e-01,2.7089287864e-01,9.1858245807e-01
9.7380521093e-01,2.1793881423e+00,6.1801134552e-01,3.4702466084e-01,2.7098668468e-01,9.1892182831e-01
9.7452494871e-01,2.1806433740e+00,6.1798373252e-01,3.4690338318e-01,2.7108034933e-01,9.1926207450e-01
9.7524468649e-01,2.1818993287e+00,6.1795630440e-01,3.4678243147e-01,2.7117387293e-01,9.1960319862e-01
9.7596442426e-01,2.1831560068e+00,6.1792906159e-01,3.4666180581e-01,2.7126725578e-01,9.1994520265e-01
9.7668416204e-01,2.1844134086e+00,6.1790200450e-01,3.4654150630e-01,2.7136049820e-01,9.2028808858e-01
9.7740389981e-01,2.1856715347e+00,6.1787513354e-01,3.4642153304e-01,2.7145360050e-01,9.2063185841e-01
9.7812363759e-01,2.1869303853e+00,6.1784844915e-01,3.4630188614e-01,2.7154656301e-01,9.2097651414e-01
9.7884337537e-01,2.1881899611e+00,6.1782195174e-01,3.4618256571e-01,2.7163938603e-01,9.2132205775e-01
9.7956311314e-01,2.1894502623e+00,6.1779564172e-01,3.4606357184e-01,2.7173206989e-01,9.2166849126e-01
9.8028285092e-01,2.1907112893e+00,6.1776951952e-01,3.4594490463e-01,2.7182461489e-01,9.2201581665e-01
9.8100258869e-01,2.1919730427e+00,6.1774358555e-01,3.4582656420e-01,2.7191702135e-01,9.2236403594e-01
9.8172232647e-01,2.1932355227e+00,6.1771784022e-01,3.4570855063e-01,2.7200928959e-01,9.2271315112e-01
9.8244206425e-01,2.1944987299e+00,6.1769228396e-01,3.4559086404e-01,2.7210141992e-01,9.2306316421e-01
9.8316180202e-01,2.1957626647e+00,6.1766691718e-01,3.4547350452e-01,2.7219341266e-01,9.2341407722e-01
9.8388153980e-01,2.1970273274e+00,6.1764174029e-01,3.4535647217e-01,2.7228526812e-01,9.2376589215e-01
9.8460127757e-01,2.1982927185e+00,6.1761675371e-01,3.4523976710e-01,2.7237698661e-01,9.2411861102e-01
9.8532101535e-01,2.1995588385e+00,6.1759195784e-01,3.4512338939e-01,2.7246856845e-01,9.2447223585e-01
9.8604075313e-01,2.2008256876e+00,6.1756735311e-01,3.4500733916e-01,2.7256001396e-01,9.2482676866e-01
9.8676049090e-01,2.2020932664e+00,6.1754293993e-01,3.4489161649e-01,2.7265132344e-01,9.2518221146e-01
9.8748022868e-01,2.2033615753e+00,6.1751871871e-01,3.4477622149e-01,2.7274249722e-01,9.2553856629e-01
9.8819996645e-01,2.2046306146e+00,6.1749468986e-01,3.4466115426e-01,2.7283353560e-01,9.2589583516e-01
9.8891970423e-01,2.2059003849e+00,6.1747085380e-01,3.4454641489e-01,2.7292443890e-01,9.2625402011e-01
9.8963944201e-01,2.2071708865e+00,6.1744721092e-01,3.4443200349e-01,2.7301520744e-01,9.2661312316e-01
9.9035917978e-01,2.2084421199e+00,6.1742376166e-01,3.4431792014e-01,2.7310584152e-01,9.2697314635e-01
9.9107891756e-01,2.2097140854e+00,6.1740050640e-01,3.4420416494e-01,2.7319634146e-01,9.2733409171e-01
9.9179865533e-01,2.2109867835e+00,6.1737744557e-01,3.4409073800e-01,2.7328670758e-01,9.2769596128e-01
9.9251839311e-01,2.2122602147e+00,6.1735457958e-01,3.4397763940e-01,2.7337694018e-01,9.2805875710e-01
9.9323813089e-01,2.2135343793e+00,6.1733190883e-01,3.4386486924e-01,2.7346703959e-01,9.2842248121e-01
9.9395786866e-01,2.2148092777e+00,6.1730943372e-01,3.4375242762e-01,2.7355700610e-01,9.2878713566e-01
9.9467760644e-01,2.2160849105e+00,6.1728715468e-01,3.4364031464e-01,2.7364684004e-01,9.2915272249e-01
9.9539734421e-01,2.2173612779e+00,6.1726507210e-01,3.4352853038e-01,2.7373654173e-01,9.2951924376e-01
9.9611708199e-01,2.2186383805e+00,6.1724318640e-01,3.4341707494e-01,2.7382611146e-01,9.2988670151e-01
9.9683681977e-01,2.2199162186e+00,6.1722149798e-01,3.4330594842e-01,2.7391554956e-01,9.3025509781e-01
9.9755655754e-01,2.2211947927e+00,6.1720000724e-01,3.4319515091e-01,2.7400485633e-01,9.3062443470e-01
9.9827629532e-01,2.2224741032e+00,6.1717871460e-01,3.4308468250e-01,2.7409403210e-01,9.3099471425e-01
9.9899603309e-01,2.2237541506e+00,6.1715762045e-01,3.4297454329e-01,2.7418307716e-01,9.3136593853e-01
9.9971577087e-01,2.2250349352e+00,6.1713672521e-01,3.4286473337e-01,2.7427199184e-01,9.3173810958e-01
1.0004355086e+00,2.2263164574e+00,6.1711602927e-01,3.4275525283e-01,2.7436077644e-01,9.3211122950e-01
1.0011552464e+00,2.2275987178e+00,6.1709553305e-01,3.4264610177e-01,2.7444943128e-01,9.3248530033e-01
1.0018749842e+00,2.2288817167e+00,6.1707523695e-01,3.4253728027e-01,2.7453795667e-01,9.3286032416e-01
1.0025947220e+00,2.2301654545e+00,6.1705514136e-01,3.4242878844e-01,2.7462635292e-01,9.3323630307e-01
1.0033144598e+00,2.2314499318e+00,6.1703524670e-01,3.4232062636e-01,2.7471462035e-01,9.3361323912e-01
1.0040341975e+00,2.2327351488e+00,6.1701555337e-01,3.4221279412e-01,2.7480275925e-01,9.3399113441e-01
1.0047539353e+00,2.2340211060e+00,6.1699606177e-01,3.4210529181e-01,2.7489076996e-01,9.3436999101e-01
1.0054736731e+00,2.2353078039e+00,6.1697677230e-01,3.4199811953e-01,2.7497865277e-01,9.3474981101e-01
1.0061934109e+00,2.2365952429e+00,6.1695768536e-01,3.4189127737e-01,2.7506640799e-01,9.3513059650e-01
1.0069131486e+00,2.2378834234e+00,6.1693880136e-01,3.4178476541e-01,2.7515403595e-01,9.3551234958e-01
1.0076328864e+00,2.2391723458e+00,6.1692012070e-01,3.4167858375e-01,2.7524153694e-01,9.3589507233e-01
1.0083526242e+00,2.2404620106e+00,6.1690164377e-01,3.4157273248e-01,2.7532891129e-01,9.3627876685e-01
1.0090723620e+00,2.2417524182e+00,6.1688337099e-01,3.4146721169e-01,2.7541615929e-01,9.3666343525e-01
1.0097920997e+00,2.2430435690e+00,6.1686530274e-01,3.4136202147e-01,2.7550328127e-01,9.3704907963e-01
1.0105118375e+00,2.2443354635e+00,6.1684743944e-01,3.4125716191e-01,2.7559027753e-01,9.3743570209e-01
1.0112315753e+00,2.2456281020e+00,6.1682978147e-01,3.4115263309e-01,2.7567714838e-01,9.3782330475e-01
1.0119513131e+00,2.2469214850e+00,6.1681232924e-01,3.4104843511e-01,2.7576389413e-01,9.3821188970e-01
1.0126710508e+00,2.2482156130e+00,6.1679508316e-01,3.4094456806e-01,2.7585051510e-01,9.3860145908e-01
1.0133907886e+00,2.2495104863e+00,6.1677804361e-01,3.4084103202e-01,2.7593701159e-01,9.3899201499e-01
1.0141105264e+00,2.2508061054e+00,6.1676121099e-01,3.4073782708e-01,2.7602338391e-01,9.3938355956e-01
1.0148302642e+00,2.2521024707e+00,6.1674458571e-01,3.4063495334e-01,2.7610963237e-01,9.3977609490e-01
1.0155500019e+00,2.2533995827e+00,6.1672816817e-01,3.4053241088e-01,2.7619575729e-01,9.4016962315e-01
1.0162697397e+00,2.2546974417e+00,6.1671195876e-01,3.4043019979e-01,2.7628175896e-01,9.4056414644e-01
1.0169894775e+00,2.2559960483e+00,6.1669595787e-01,3.4032832016e-01,2.7636763771e-01,9.4095966689e-01
1.0177092153e+00,2.2572954028e+00,6.1668016591e-01,3.4022677208e-01,2.7645339384e-01,9.4135618665e-01
1.0184289530e+00,2.2585955057e+00,6.1666458328e-01,3.4012555563e-01,2.7653902765e-01,9.4175370784e-01
1.0191486908e+00,2.2598963574e+00,6.1664921036e-01,3.4002467090e-01,2.7662453946e-01,9.4215223262e-01
1.0198684286e+00,2.2611979583e+00,6.1663404757e-01,3.3992411798e-01,2.7670992958e-01,9.4255176312e-01
1.0205881664e+00,2.2625003088e+00,6.1661909528e-01,3.3982389696e-01,2.7679519832e-01,9.4295230150e-01
1.0213079042e+00,2.2638034095e+00,6.1660435391e-01,3.3972400793e-01,2.7688034598e-01,9.4335384989e-01
1.0220276419e+00,2.2651072607e+00,6.1658982385e-01,3.3962445097e-01,2.7696537288e-01,9.4375641047e-01
1.0227473797e+00,2.2664118629e+00,6.1657550548e-01,3.3952522617e-01,2.7705027931e-01,9.4415998538e-01
1.0234671175e+00,2.2677172164e+00,6.1656139921e-01,3.3942633362e-01,2.7713506560e-01,9.4456457678e-01
1.0241868553e+00,2.2690233218e+00,6.1654750544e-01,3.3932777340e-01,2.7721973204e-01,9.4497018684e-01
1.0249065930e+00,2.2703301795e+00,6.1653382455e-01,3.3922954560e-01,2.7730427895e-01,9.4537681772e-01
1.0256263308e+00,2.2716377898e+00,6.1652035695e-01,3.3913165031e-01,2.7738870664e-01,9.4578447160e-01
1.0263460686e+00,2.2729461533e+00,6.1650710303e-01,3.3903408762e-01,2.7747301541e-01,9.4619315064e-01
1.0270658064e+00,2.2742552703e+00,6.1649406317e-01,3.3893685761e-01,2.7755720556e-01,9.4660285701e-01
1.0277855441e+00,2.2755651413e+00,6.1648123779e-01,3.3883996037e-01,2.7764127742e-01,9.4701359291e-01
1.0285052819e+00,2.2768757667e+00,6.1646862726e-01,3.3874339598e-01,2.7772523128e-01,9.4742536051e-01
1.0292250197e+00,2.2781871470e+00,6.1645623200e-01,3.3864716454e-01,2.7780906745e-01,9.4783816200e-01
1.0299447575e+00,2.2794992826e+00,6.1644405238e-01,3.3855126613e-01,2.7789278625e-01,9.4825199956e-01
1.0306644952e+00,2.2808121740e+00,6.1643208880e-01,3.3845570083e-01,2.7797638797e-01,9.4866687539e-01
1.0313842330e+00,2.2821258215e+00,6.1642034166e-01,3.3836046874e-01,2.7805987293e-01,9.4908279168e-01
1.0321039708e+00,2.2834402256e+00,6.1640881136e-01,3.3826556993e-01,2.7814324142e-01,9.4949975063e-01
1.0328237086e+00,2.2847553867e+00,6.1639749827e-01,3.3817100450e-01,2.7822649377e-01,9.4991775445e-01
1.0335434463e+00,2.2860713053e+00,6.1638640280e-01,3.3807677253e-01,2.7830963027e-01,9.5033680534e-01
1.0342631841e+00,2.2873879819e+00,6.1637552534e-01,3.3798287411e-01,2.7839265123e-01,9.5075690551e-01
1.0349829219e+00,2.2887054167e+00,6.1636486629e-01,3.3788930932e-01,2.7847555697e-01,9.5117805716e-01
1.0357026597e+00,2.2900236104e+00,6.1635442603e-01,3.3779607825e-01,2.7855834777e-01,9.5160026253e-01
1.0364223974e+00,2.2913425633e+00,6.1634420495e-01,3.3770318099e-01,2.7864102396e-01,9.5202352381e-01
1.0371421352e+00,2.2926622758e+00,6.1633420346e-01,3.3761061762e-01,2.7872358583e-01,9.5244784325e-01
1.0378618730e+00,2.2939827485e+00,6.1632442194e-01,3.3751838824e-01,2.7880603370e-01,9.5287322306e-01
1.0385816108e+00,2.2953039817e+00,6.1631486078e-01,3.3742649291e-01,2.7888836787e-01,9.5329966547e-01
1.0393013486e+00,2.2966259758e+00,6.1630552038e-01,3.3733493174e-01,2.7897058864e-01,9.5372717272e-01
1.0400210863e+00,2.2979487314e+00,6.1629640113e-01,3.3724370481e-01,2.7905269633e-01,9.5415574705e-01
1.0407408241e+00,2.2992722488e+00,6.1628750342e-01,3.3715281220e-01,2.7913469123e-01,9.5458539068e-01
1.0414605619e+00,2.3005965285e+00,6.1627882764e-01,3.3706225400e-01,2.7921657365e-01,9.5501610588e-01
1.0421802997e+00,2.3019215709e+00,6.1627037419e-01,3.3697203029e-01,2.7929834390e-01,9.5544789487e-01
1.0429000374e+00,2.3032473765e+00,6.1626214345e-01,3.3688214117e-01,2.7938000228e-01,9.5588075992e-01
1.0436197752e+00,2.3045739456e+00,6.1625413582e-01,3.3679258672e-01,2.7946154910e-01,9.5631470329e-01
1.0443395130e+00,2.3059012789e+00,6.1624635169e-01,3.3670336703e-01,2.7954298466e-01,9.5674972721e-01
1.0450592508e+00,2.3072293766e+00,6.1623879145e-01,3.3661448218e-01,2.7962430927e-01,9.5718583397e-01
1.0457789885e+00,2.3085582393e+00,6.1623145549e-01,3.3652593225e-01,2.7970552324e-01,9.5762302582e-01
1.0464987263e+00,2.3098878673e+00,6.1622434421e-01,3.3643771735e-01,2.7978662686e-01,9.5806130503e-01
1.0472184641e+00,2.3112182611e+00,6.1621745798e-01,3.3634983754e-01,2.7986762044e-01,9.5850067388e-01
1.0479382019e+00,2.3125494212e+00,6.1621079721e-01,3.3626229292e-01,2.7994850429e-01,9.5894113464e-01
1.0486579396e+00,2.3138813479e+00,6.1620436229e-01,3.3617508358e-01,2.8002927871e-01,9.5938268959e-01
1.0493776774e+00,2.3152140418e+00,6.1619815360e-01,3.3608820959e-01,2.8010994401e-01,9.5982534102e-01
1.0500974152e+00,2.3165475033e+00,6.1619217154e-01,3.3600167106e-01,2.8019050048e-01,9.6026909121e-01
1.0508171530e+00,2.3178817328e+00,6.1618641650e-01,3.3591546806e-01,2.8027094844e-01,9.6071394246e-01
1.0515368907e+00,2.3192167307e+00,6.1618088887e-01,3.3582960068e-01,2.8035128819e-01,9.6115989706e-01
1.0522566285e+00,2.3205524975e+00,6.1617558904e-01,3.3574406902e-01,2.8043152003e-01,9.6160695730e-01
1.0529763663e+00,2.3218890337e+00,6.1617051740e-01,3.3565887314e-01,2.8051164426e-01,9.6205512550e-01
1.0536961041e+00,2.3232263397e+00,6.1616567434e-01,3.3557401316e-01,2.8059166119e-01,9.6250440395e-01
1.0544158418e+00,2.3245644159e+00,6.1616106026e-01,3.3548948914e-01,2.8067157112e-01,9.6295479497e-01
1.0551355796e+00,2.3259032627e+00,6.1615667553e-01,3.3540530118e-01,2.8075137436e-01,9.6340630087e-01
1.0558553174e+00,2.3272428807e+00,6.1615252056e-01,3.3532144936e-01,2.8083107120e-01,9.6385892398e-01
1.0565750552e+00,2.3285832703e+00,6.1614859574e-01,3.3523793378e-01,2.8091066196e-01,9.6431266660e-01
1.0572947930e+00,2.3299244318e+00,6.1614490144e-01,3.3515475451e-01,2.8099014693e-01,9.6476753108e-01
1.0580145307e+00,2.3312663658e+00,6.1614143808e-01,3.3507191166e-01,2.8106952642e-01,9.6522351973e-01
1.0587342685e+00,2.3326090727e+00,6.1613820603e-01,3.3498940530e-01,2.8114880073e-01,9.6568063490e-01
1.0594540063e+00,2.3339525530e+00,6.1613520568e-01,3.3490723552e-01,2.8122797016e-01,9.6613887891e-01
1.0601737441e+00,2.3352968070e+00,6.1613243744e-01,3.3482540242e-01,2.8130703502e-01,9.6659825412e-01
1.0608934818e+00,2.3366418352e+00,6.1612990168e-01,3.3474390607e-01,2.8138599561e-01,9.6705876287e-01
1.0616132196e+00,2.3379876382e+00,6.1612759880e-01,3.3466274658e-01,2.8146485222e-01,9.6752040750e-01
1.0623329574e+00,2.3393342162e+00,6.1612552919e-01,3.3458192402e-01,2.8154360517e-01,9.6798319037e-01
1.0630526952e+00,2.3406815699e+00,6.1612369324e-01,3.3450143848e-01,2.8162225476e-01,9.6844711385e-01
1.0637724329e+00,2.3420296995e+00,6.1612209134e-01,3.3442129006e-01,2.8170080128e-01,9.6891218028e-01
1.0644921707e+00,2.3433786056e+00,6.1612072388e-01,3.3434147884e-01,2.8177924504e-01,9.6937839204e-01
1.0652119085e+00,2.3447282886e+00,6.1611959125e-01,3.3426200491e-01,2.8185758634e-01,9.6984575150e-01
1.0659316463e+00,2.3460787490e+00,6.1611869384e-01,3.3418286836e-01,2.8193582548e-01,9.7031426103e-01
1.0666513840e+00,2.3474299872e+00,6.1611803205e-01,3.3410406928e-01,2.8201396277e-01,9.7078392302e-01
1.0673711218e+00,2.3487820036e+00,6.1611760626e-01,3.3402560776e-01,2.8209199850e-01,9.7125473983e-01
1.0680908596e+00,2.3501347987e+00,6.1611741687e-01,3.3394748389e-01,2.8216993298e-01,9.7172671386e-01
1.0688105974e+00,2.3514883730e+00,6.1611746427e-01,3.3386969776e-01,2.8224776651e-01,9.7219984751e-01
1.0695303351e+00,2.3528427269e+00,6.1611774884e-01,3.3379224946e-01,2.8232549938e-01,9.7267414316e-01
1.0702500729e+00,2.3541978608e+00,6.1611827098e-01,3.3371513907e-01,2.8240313191e-01,9.7314960321e-01
1.0709698107e+00,2.3555537753e+00,6.1611903108e-01,3.3363836669e-01,2.8248066439e-01,9.7362623007e-01
1.0716895485e+00,2.3569104706e+00,6.1612002953e-01,3.3356193241e-01,2.8255809712e-01,9.7410402615e-01
1.0724092862e+00,2.3582679474e+00,6.1612126672e-01,3.3348583632e-01,2.8263543040e-01,9.7458299386e-01
1.0731290240e+00,2.3596262060e+00,6.1612274305e-01,3.3341007851e-01,2.8271266454e-01,9.7506313561e-01
1.0738487618e+00,2.3609852469e+00,6.1612445890e-01,3.3333465907e-01,2.8278979983e-01,9.7554445383e-01
1.0745684996e+00,2.3623450706e+00,6.1612641466e-01,3.3325957810e-01,2.8286683657e-01,9.7602695093e-01
1.0752882374e+00,2.3637056775e+00,6.1612861074e-01,3.3318483567e-01,2.8294377507e-01,9.7651062936e-01
1.0760079751e+00,2.3650670680e+00,6.1613104751e-01,3.3311043189e-01,2.8302061562e-01,9.7699549154e-01
1.0767277129e+00,2.3664292426e+00,6.1613372538e-01,3.3303636685e-01,2.8309735853e-01,9.7748153991e-01
1.0774474507e+00,2.3677922018e+00,6.1613664473e-01,3.3296264064e-01,2.8317400409e-01,9.7796877692e-01
1.0781671885e+00,2.3691559459e+00,6.1613980595e-01,3.3288925334e-01,2.8325055261e-01,9.7845720500e-01
1.0788869262e+00,2.3705204756e+00,6.1614320944e-01,3.3281620506e-01,2.8332700438e-01,9.7894682662e-01
1.0796066640e+00,2.3718857911e+00,6.1614685559e-01,3.3274349589e-01,2.8340335971e-01,9.7943764423e-01
1.0803264018e+00,2.3732518930e+00,6.1615074479e-01,3.3267112591e-01,2.8347961888e-01,9.7992966028e-01
1.0810461396e+00,2.3746187817e+00,6.1615487744e-01,3.3259909522e-01,2.8355578222e-01,9.8042287725e-01
1.0817658773e+00,2.3759864577e+00,6.1615925392e-01,3.3252740392e-01,2.8363185000e-01,9.8091729760e-01
1.0824856151e+00,2.3773549214e+00,6.1616387463e-01,3.3245605209e-01,2.8370782254e-01,9.8141292380e-01
1.0832053529e+00,2.3787241733e+00,6.1616873996e-01,3.3238503984e-01,2.8378370013e-01,9.8190975834e-01
1.0839250907e+00,2.3800942138e+00,6.1617385031e-01,3.3231436725e-01,2.8385948306e-01,9.8240780370e-01
1.0846448284e+00,2.3814650434e+00,6.1617920606e-01,3.3224403442e-01,2.8393517165e-01,9.8290706235e-01
1.0853645662e+00,2.3828366625e+00,6.1618480762e-01,3.3217404144e-01,2.8401076618e-01,9.8340753681e-01
1.0860843040e+00,2.3842090716e+00,6.1619065537e-01,3.3210438841e-01,2.8408626696e-01,9.8390922955e-01
1.0868040418e+00,2.3855822712e+00,6.1619674971e-01,3.3203507542e-01,2.8416167428e-01,9.8441214309e-01
1.0875237795e+00,2.3869562617e+00,6.1620309102e-01,3.3196610257e-01,2.8423698845e-01,9.8491627993e-01
1.0882435173e+00,2.3883310435e+00,6.1620967972e-01,3.3189746996e-01,2.8431220976e-01,9.8542164257e-01
1.0889632551e+00,2.3897066171e+00,6.1621651618e-01,3.3182917767e-01,2.8438733851e-01,9.8592823354e-01
1.0896829929e+00,2.3910829831e+00,6.1622360080e-01,3.3176122580e-01,2.8446237500e-01,9.8643605536e-01
1.0904027306e+00,2.3924601417e+00,6.1623093398e-01,3.3169361446e-01,2.8453731952e-01,9.8694511054e-01
1.0911224684e+00,2.3938380935e+00,6.1623851611e-01,3.3162634373e-01,2.8461217238e-01,9.8745540162e-01
1.0918422062e+00,2.3952168390e+00,6.1624634758e-01,3.3155941372e-01,2.8468693387e-01,9.8796693113e-01
1.0925619440e+00,2.3965963785e+00,6.1625442880e-01,3.3149282451e-01,2.8476160429e-01,9.8847970161e-01
1.0932816818e+00,2.3979767126e+00,6.1626276015e-01,3.3142657622e-01,2.8483618393e-01,9.8899371560e-01
1.0940014195e+00,2.3993578418e+00,6.1627134203e-01,3.3136066892e-01,2.8491067310e-01,9.8950897565e-01
1.0947211573e+00,2.4007397664e+00,6.1628017483e-01,3.3129510273e-01,2.8498507210e-01,9.9002548431e-01
1.0954408951e+00,2.4021224869e+00,6.1628925896e-01,3.3122987774e-01,2.8505938121e-01,9.9054324415e-01
1.0961606329e+00,2.4035060038e+00,6.1629859480e-01,3.3116499405e-01,2.8513360075e-01,9.9106225772e-01
1.0968803706e+00,2.4048903175e+00,6.1630818275e-01,3.3110045175e-01,2.8520773099e-01,9.9158252759e-01
1.0976001084e+00,2.4062754286e+00,6.1631802321e-01,3.3103625095e-01,2.8528177225e-01,9.9210405634e-01
1.0983198462e+00,2.4076613374e+00,6.1632811657e-01,3.3097239175e-01,2.8535572482e-01,9.9262684653e-01
1.0990395840e+00,2.4090480445e+00,6.1633846323e-01,3.3090887424e-01,2.8542958899e-01,9.9315090076e-01
1.0997593217e+00,2.4104355502e+00,6.1634906359e-01,3.3084569852e-01,2.8550336507e-01,9.9367622161e-01
1.1004790595e+00,2.4118238550e+00,6.1635991803e-01,3.3078286470e-01,2.8557705334e-01,9.9420281167e-01
1.1011987973e+00,2.4132129595e+00,6.1637102697e-01,3.3072037287e-01,2.8565065411e-01,9.9473067354e-01
1.1019185351e+00,2.4146028640e+00,6.1638239080e-01,3.3065822313e-01,2.8572416767e-01,9.9525980982e-01
1.1026382728e+00,2.4159935691e+00,6.1639400991e-01,3.3059641559e-01,2.8579759432e-01,9.9579022311e-01
1.1033580106e+00,2.4173850751e+00,6.1640588470e-01,3.3053495035e-01,2.8587093435e-01,9.9632191603e-01
1.1040777484e+00,2.4187773826e+00,6.1641801557e-01,3.3047382750e-01,2.8594418806e-01,9.9685489120e-01
1.1047974862e+00,2.4201704920e+00,6.1643040291e-01,3.3041304716e-01,2.8601735576e-01,9.9738915124e-01
1.1055172239e+00,2.4215644038e+00,6.1644304713e-01,3.3035260941e-01,2.8609043772e-01,9.9792469877e-01
1.1062369617e+00,2.4229591184e+00,6.1645594863e-01,3.3029251438e-01,2.8616343425e-01,9.9846153642e-01
1.1069566995e+00,2.4243546363e+00,6.1646910780e-01,3.3023276215e-01,2.8623634565e-01,9.9899966684e-01
1.1076764373e+00,2.4257509579e+00,6.1648252503e-01,3.3017335283e-01,2.8630917221e-01,9.9953909267e-01
1.1083961750e+00,2.4271480838e+00,6.1649620074e-01,3.3011428652e-01,2.8638191422e-01,1.0000798165e+00
1.1091159128e+00,2.4285460143e+00,6.1651013532e-01,3.3005556333e-01,2.8645457199e-01,1.0006218411e+00
1.1098356506e+00,2.4299447500e+00,6.1652432916e-01,3.2999718337e-01,2.8652714580e-01,1.0011651691e+00
1.1105553884e+00,2.4313442913e+00,6.1653878268e-01,3.2993914673e-01,2.8659963595e-01,1.0017098030e+00
1.1112751262e+00,2.4327446387e+00,6.1655349626e-01,3.2988145352e-01,2.8667204274e-01,1.0022557457e+00
1.1119948639e+00,2.4341457926e+00,6.1656847031e-01,3.2982410385e-01,2.8674436647e-01,1.0028029997e+00
1.1127146017e+00,2.4355477536e+00,6.1658370524e-01,3.2976709782e-01,2.8681660742e-01,1.0033515678e+00
1.1134343395e+00,2.4369505219e+00,6.1659920143e-01,3.2971043554e-01,2.8688876589e-01,1.0039014526e+00
1.1141540773e+00,2.4383540983e+00,6.1661495929e-01,3.2965411711e-01,2.8696084218e-01,1.0044526568e+00
1.1148738150e+00,2.4397584830e+00,6.1663097923e-01,3.2959814265e-01,2.8703283658e-01,1.0050051832e+00
1.1155935528e+00,2.4411636766e+00,6.1664726164e-01,3.2954251225e-01,2.8710474939e-01,1.0055590343e+00
1.1163132906e+00,2.4425696795e+00,6.1666380693e-01,3.2948722603e-01,2.8717658090e-01,1.0061142130e+00
1.1170330284e+00,2.4439764922e+00,6.1668061550e-01,3.2943228408e-01,2.8724833141e-01,1.0066707219e+00
1.1177527661e+00,2.4453841152e+00,6.1669768774e-01,3.2937768653e-01,2.8732000121e-01,1.0072285637e+00
1.1184725039e+00,2.4467925489e+00,6.1671502407e-01,3.2932343348e-01,2.8739159059e-01,1.0077877412e+00
1.1191922417e+00,2.4482017938e+00,6.1673262489e-01,3.2926952504e-01,2.8746309985e-01,1.0083482571e+00
1.1199119795e+00,2.4496118503e+00,6.1675049060e-01,3.2921596132e-01,2.8753452928e-01,1.0089101141e+00
1.1206317172e+00,2.4510227190e+00,6.1676862160e-01,3.2916274242e-01,2.8760587918e-01,1.0094733150e+00
1.1213514550e+00,2.4524344003e+00,6.1678701830e-01,3.2910986846e-01,2.8767714984e-01,1.0100378624e+00
1.1220711928e+00,2.4538468947e+00,6.1680568110e-01,3.2905733954e-01,2.8774834156e-01,1.0106037593e+00
1.1227909306e+00,2.4552602026e+00,6.1682461040e-01,3.2900515578e-01,2.8781945462e-01,1.0111710082e+00
1.1235106683e+00,2.4566743245e+00,6.1684380662e-01,3.2895331729e-01,2.8789048933e-01,1.0117396120e+00
1.1242304061e+00,2.4580892608e+00,6.1686327015e-01,3.2890182418e-01,2.8796144597e-01,1.0123095734e+00
1.1249501439e+00,2.4595050121e+00,6.1688300140e-01,3.2885067657e-01,2.8803232484e-01,1.0128808952e+00
1.1256698817e+00,2.4609215788e+00,6.1690300078e-01,3.2879987455e-01,2.8810312623e-01,1.0134535802e+00
1.1263896194e+00,2.4623389614e+00,6.1692326869e-01,3.2874941826e-01,2.8817385044e-01,1.0140276311e+00
1.1271093572e+00,2.4637571604e+00,6.1694380554e-01,3.2869930779e-01,2.8824449775e-01,1.0146030508e+00
1.1278290950e+00,2.4651761762e+00,6.1696461174e-01,3.2864954327e-01,2.8831506847e-01,1.0151798420e+00
1.1285488328e+00,2.4665960092e+00,6.1698568769e-01,3.2860012480e-01,2.8838556289e-01,1.0157580075e+00
1.1292685706e+00,2.4680166600e+00,6.1700703380e-01,3.2855105250e-01,2.8845598129e-01,1.0163375502e+00
1.1299883083e+00,2.4694381291e+00,6.1702865047e-01,3.2850232650e-01,2.8852632398e-01,1.0169184728e+00
1.1307080461e+00,2.4708604168e+00,6.1705053812e-01,3.2845394689e-01,2.8859659123e-01,1.0175007781e+00
1.1314277839e+00,2.4722835238e+00,6.1707269715e-01,3.2840591380e-01,2.8866678336e-01,1.0180844691e+00
1.1321475217e+00,2.4737074504e+00,6.1709512798e-01,3.2835822734e-01,2.8873690064e-01,1.0186695484e+00
1.1328672594e+00,2.4751321971e+00,6.1711783100e-01,3.2831088763e-01,2.8880694338e-01,1.0192560190e+00
1.1335869972e+00,2.4765577643e+00,6.1714080664e-01,3.2826389478e-01,2.8887691186e-01,1.0198438837e+00
1.1343067350e+00,2.4779841527e+00,6.1716405529e-01,3.2821724892e-01,2.8894680637e-01,1.0204331453e+00
1.1350264728e+00,2.4794113626e+00,6.1718757738e-01,3.2817095016e-01,2.8901662722e-01,1.0210238067e+00
1.1357462105e+00,2.4808393945e+00,6.1721137330e-01,3.2812499862e-01,2.8908637468e-01,1.0216158706e+00
1.1364659483e+00,2.4822682489e+00,6.1723544348e-01,3.2807939442e-01,2.8915604906e-01,1.0222093401e+00
1.1371856861e+00,2.4836979262e+00,6.1725978831e-01,3.2803413767e-01,2.8922565064e-01,1.0228042179e+00
1.1379054239e+00,2.4851284270e+00,6.1728440822e-01,3.2798922849e-01,2.8929517973e-01,1.0234005070e+00
1.1386251616e+00,2.4865597517e+00,6.1730930361e-01,3.2794466701e-01,2.8936463660e-01,1.0239982101e+00
1.1393448994e+00,2.4879919007e+00,6.1733447490e-01,3.2790045335e-01,2.8943402155e-01,1.0245973302e+00
1.1400646372e+00,2.4894248746e+00,6.1735992249e-01,3.2785658762e-01,2.8950333487e-01,1.0251978703e+00
1.1407843750e+00,2.4908586739e+00,6.1738564681e-01,3.2781306995e-01,2.8957257686e-01,1.0257998331e+00
1.1415041127e+00,2.4922932989e+00,6.1741164826e-01,3.2776990046e-01,2.8964174780e-01,1.0264032215e+00
1.1422238505e+00,2.4937287502e+00,6.1743792726e-01,3.2772707927e-01,2.8971084799e-01,1.0270080386e+00
1.1429435883e+00,2.4951650283e+00,6.1746448422e-01,3.2768460650e-01,2.8977987772e-01,1.0276142871e+00
1.1436633261e+00,2.4966021337e+00,6.1749131955e-01,3.2764248228e-01,2.8984883727e-01,1.0282219701e+00
1.1443830638e+00,2.4980400667e+00,6.1751843368e-01,3.2760070673e-01,2.8991772695e-01,1.0288310904e+00
1.1451028016e+00,2.4994788279e+00,6.1754582701e-01,3.2755927997e-01,2.8998654705e-01,1.0294416510e+00
1.1458225394e+00,2.5009184178e+00,6.1757349996e-01,3.2751820212e-01,2.9005529784e-01,1.0300536548e+00
1.1465422772e+00,2.5023588368e+00,6.1760145295e-01,3.2747747333e-01,2.9012397963e-01,1.0306671048e+00
1.1472620150e+00,2.5038000854e+00,6.1762968640e-01,3.2743709369e-01,2.9019259270e-01,1.0312820039e+00
1.1479817527e+00,2.5052421642e+00,6.1765820071e-01,3.2739706336e-01,2.9026113735e-01,1.0318983551e+00
1.1487014905e+00,2.5066850735e+00,6.1768699630e-01,3.2735738244e-01,2.9032961387e-01,1.0325161613e+00
1.1494212283e+00,2.5081288138e+00,6.1771607361e-01,3.2731805106e-01,2.9039802254e-01,1.0331354254e+00
1.1501409661e+00,2.5095733857e+00,6.1774543303e-01,3.2727906936e-01,2.9046636366e-01,1.0337561506e+00
1.1508607038e+00,2.5110187896e+00,6.1777507499e-01,3.2724043747e-01,2.9053463752e-01,1.0343783397e+00
1.1515804416e+00,2.5124650260e+00,6.1780499991e-01,3.2720215550e-01,2.9060284441e-01,1.0350019958e+00
1.1523001794e+00,2.5139120954e+00,6.1783520821e-01,3.2716422359e-01,2.9067098462e-01,1.0356271218e+00
1.1530199172e+00,2.5153599982e+00,6.1786570030e-01,3.2712664186e-01,2.9073905844e-01,1.0362537208e+00
1.1537396549e+00,2.5168087349e+00,6.1789647661e-01,3.2708941045e-01,2.9080706616e-01,1.0368817957e+00
1.1544593927e+00,2.5182583060e+00,6.1792753756e-01,3.2705252949e-01,2.9087500807e-01,1.0375113495e+00
1.1551791305e+00,2.5197087121e+00,6.1795888356e-01,3.2701599910e-01,2.9094288446e-01,1.0381423854e+00
1.1558988683e+00,2.5211599535e+00,6.1799051504e-01,3.2697981943e-01,2.9101069561e-01,1.0387749062e+00
1.1566186060e+00,2.5226120307e+00,6.1802243242e-01,3.2694399059e-01,2.9107844183e-01,1.0394089151e+00
1.1573383438e+00,2.5240649443e+00,6.1805463612e-01,3.2690851272e-01,2.9114612340e-01,1.0400444150e+00
1.1580580816e+00,2.5255186947e+00,6.1808712657e-01,3.2687338596e-01,2.9121374061e-01,1.0406814091e+00
1.1587778194e+00,2.5269732824e+00,6.1811990418e-01,3.2683861043e-01,2.9128129375e-01,1.0413199003e+00
1.1594975571e+00,2.5284287079e+00,6.1815296938e-01,3.2680418627e-01,2.9134878311e-01,1.0419598917e+00
1.1602172949e+00,2.5298849716e+00,6.1818632259e-01,3.2677011362e-01,2.9141620897e-01,1.0426013865e+00
1.1609370327e+00,2.5313420741e+00,6.1821996425e-01,3.2673639261e-01,2.9148357164e-01,1.0432443875e+00
1.1616567705e+00,2.5328000158e+00,6.1825389476e-01,3.2670302337e-01,2.9155087139e-01,1.0438888981e+00
1.1623765082e+00,2.5342587972e+00,6.1828811456e-01,3.2667000604e-01,2.9161810852e-01,1.0445349211e+00
1.1630962460e+00,2.5357184188e+00,6.1832262407e-01,3.2663734076e-01,2.9168528331e-01,1.0451824598e+00
1.1638159838e+00,2.5371788811e+00,6.1835742372e-01,3.2660502766e-01,2.9175239606e-01,1.0458315171e+00
1.1645357216e+00,2.5386401845e+00,6.1839251393e-01,3.2657306688e-01,2.9181944706e-01,1.0464820963e+00
1.1652554594e+00,2.5401023296e+00,6.1842789514e-01,3.2654145855e-01,2.9188643659e-01,1.0471342003e+00
1.1659751971e+00,2.5415653169e+00,6.1846356776e-01,3.2651020282e-01,2.9195336494e-01,1.0477878324e+00
1.1666949349e+00,2.5430291467e+00,6.1849953223e-01,3.2647929983e-01,2.9202023240e-01,1.0484429957e+00
1.1674146727e+00,2.5444938197e+00,6.1853578897e-01,3.2644874970e-01,2.9208703927e-01,1.0490996932e+00
1.1681344105e+00,2.5459593362e+00,6.1857233842e-01,3.2641855260e-01,2.9215378582e-01,1.0497579282e+00
1.1688541482e+00,2.5474256968e+00,6.1860918100e-01,3.2638870864e-01,2.9222047236e-01,1.0504177037e+00
1.1695738860e+00,2.5488929020e+00,6.1864631713e-01,3.2635921798e-01,2.9228709916e-01,1.0510790229e+00
1.1702936238e+00,2.5503609522e+00,6.1868374726e-01,3.2633008075e-01,2.9235366651e-01,1.0517418890e+00
1.1710133616e+00,2.5518298479e+00,6.1872147181e-01,3.2630129710e-01,2.9242017471e-01,1.0524063051e+00
1.1717330993e+00,2.5532995897e+00,6.1875949121e-01,3.2627286717e-01,2.9248662405e-01,1.0530722744e+00
1.1724528371e+00,2.5547701780e+00,6.1879780590e-01,3.2624479110e-01,2.9255301480e-01,1.0537398001e+00
1.1731725749e+00,2.5562416132e+00,6.1883641630e-01,3.2621706904e-01,2.9261934727e-01,1.0544088853e+00
1.1738923127e+00,2.5577138960e+00,6.1887532285e-01,3.2618970113e-01,2.9268562173e-01,1.0550795333e+00
1.1746120504e+00,2.5591870267e+00,6.1891452598e-01,3.2616268751e-01,2.9275183848e-01,1.0557517472e+00
1.1753317882e+00,2.5606610059e+00,6.1895402613e-01,3.2613602833e-01,2.9281799780e-01,1.0564255303e+00
1.1760515260e+00,2.5621358340e+00,6.1899382372e-01,3.2610972374e-01,2.9288409998e-01,1.0571008857e+00
1.1767712638e+00,2.5636115115e+00,6.1903391920e-01,3.2608377388e-01,2.9295014532e-01,1.0577778167e+00
1.1774910015e+00,2.5650880390e+00,6.1907431299e-01,3.2605817890e-01,2.9301613409e-01,1.0584563264e+00
1.1782107393e+00,2.5665654169e+00,6.1911500554e-01,3.2603293894e-01,2.9308206660e-01,1.0591364182e+00
1.1789304771e+00,2.5680436457e+00,6.1915599727e-01,3.2600805416e-01,2.9314794311e-01,1.0598180953e+00
1.1796502149e+00,2.5695227259e+00,6.1919728863e-01,3.2598352470e-01,2.9321376393e-01,1.0605013609e+00
1.1803699526e+00,2.5710026580e+00,6.1923888005e-01,3.2595935071e-01,2.9327952934e-01,1.0611862182e+00
1.1810896904e+00,2.5724834424e+00,6.1928077197e-01,3.2593553234e-01,2.9334523962e-01,1.0618726705e+00
1.1818094282e+00,2.5739650798e+00,6.1932296482e-01,3.2591206974e-01,2.9341089508e-01,1.0625607211e+00
1.1825291660e+00,2.5754475705e+00,6.1936545905e-01,3.2588896307e-01,2.9347649598e-01,1.0632503733e+00
1.1832489038e+00,2.5769309150e+00,6.1940825509e-01,3.2586621247e-01,2.9354204263e-01,1.0639416303e+00
1.1839686415e+00,2.5784151139e+00,6.1945135339e-01,3.2584381809e-01,2.9360753530e-01,1.0646344955e+00
1.1846883793e+00,2.5799001676e+00,6.1949475438e-01,3.2582178009e-01,2.9367297429e-01,1.0653289720e+00
1.1854081171e+00,2.5813860766e+00,6.1953845851e-01,3.2580009862e-01,2.9373835988e-01,1.0660250633e+00
1.1861278549e+00,2.5828728414e+00,6.1958246621e-01,3.2577877384e-01,2.9380369237e-01,1.0667227726e+00
1.1868475926e+00,2.5843604626e+00,6.1962677792e-01,3.2575780589e-01,2.9386897203e-01,1.0674221032e+00
1.1875673304e+00,2.5858489406e+00,6.1967139409e-01,3.2573719494e-01,2.9393419915e-01,1.0681230585e+00
1.1882870682e+00,2.5873382758e+00,6.1971631517e-01,3.2571694114e-01,2.9399937403e-01,1.0688256418e+00
1.1890068060e+00,2.5888284689e+00,6.1976154158e-01,3.2569704464e-01,2.9406449694e-01,1.0695298564e+00
1.1897265437e+00,2.5903195202e+00,6.1980707379e-01,3.2567750560e-01,2.9412956819e-01,1.0702357056e+00
1.1904462815e+00,2.5918114304e+00,6.1985291222e-01,3.2565832418e-01,2.9419458804e-01,1.0709431930e+00
1.1911660193e+00,2.5933041998e+00,6.1989905733e-01,3.2563950054e-01,2.9425955680e-01,1.0716523216e+00
1.1918857571e+00,2.5947978289e+00,6.1994550957e-01,3.2562103482e-01,2.9432447474e-01,1.0723630951e+00
1.1926054948e+00,2.5962923183e+00,6.1999226936e-01,3.2560292721e-01,2.9438934216e-01,1.0730755166e+00
1.1933252326e+00,2.5977876685e+00,6.2003933718e-01,3.2558517784e-01,2.9445415933e-01,1.0737895897e+00
1.1940449704e+00,2.5992838800e+00,6.2008671345e-01,3.2556778689e-01,2.9451892656e-01,1.0745053176e+00
1.1947647082e+00,2.6007809532e+00,6.2013439863e-01,3.2555075451e-01,2.9458364412e-01,1.0752227039e+00
1.1954844459e+00,2.6022788886e+00,6.2018239317e-01,3.2553408087e-01,2.9464831230e-01,1.0759417518e+00
1.1962041837e+00,2.6037776868e+00,6.2023069751e-01,3.2551776612e-01,2.9471293138e-01,1.0766624648e+00
1.1969239215e+00,2.6052773483e+00,6.2027931210e-01,3.2550181043e-01,2.9477750167e-01,1.0773848464e+00
1.1976436593e+00,2.6067778734e+00,6.2032823739e-01,3.2548621397e-01,2.9484202343e-01,1.0781088998e+00
1.1983633970e+00,2.6082792628e+00,6.2037747384e-01,3.2547097689e-01,2.9490649695e-01,1.0788346287e+00
1.1990831348e+00,2.6097815170e+00,6.2042702189e-01,3.2545609936e-01,2.9497092254e-01,1.0795620363e+00
1.1998028726e+00,2.6112846363e+00,6.2047688200e-01,3.2544158154e-01,2.9503530046e-01,1.0802911263e+00
1.2005226104e+00,2.6127886215e+00,6.2052705461e-01,3.2542742361e-01,2.9509963100e-01,1.0810219019e+00
1.2012423482e+00,2.6142934728e+00,6.2057754019e-01,3.2541362572e-01,2.9516391446e-01,1.0817543667e+00
1.2019620859e+00,2.6157991909e+00,6.2062833917e-01,3.2540018805e-01,2.9522815112e-01,1.0824885242e+00
1.2026818237e+00,2.6173057761e+00,6.2067945202e-01,3.2538711076e-01,2.9529234126e-01,1.0832243778e+00
1.2034015615e+00,2.6188132292e+00,6.2073087919e-01,3.2537439402e-01,2.9535648518e-01,1.0839619310e+00
1.2041212993e+00,2.6203215504e+00,6.2078262114e-01,3.2536203799e-01,2.9542058315e-01,1.0847011873e+00
1.2048410370e+00,2.6218307404e+00,6.2083467832e-01,3.2535004286e-01,2.9548463546e-01,1.0854421502e+00
1.2055607748e+00,2.6233407996e+00,6.2088705118e-01,3.2533840878e-01,2.9554864240e-01,1.0861848233e+00
1.2062805126e+00,2.6248517285e+00,6.2093974018e-01,3.2532713592e-01,2.9561260426e-01,1.0869292099e+00
1.2070002504e+00,2.6263635277e+00,6.2099274579e-01,3.2531622447e-01,2.9567652132e-01,1.0876753137e+00
1.2077199881e+00,2.6278761975e+00,6.2104606845e-01,3.2530567459e-01,2.9574039386e-01,1.0884231382e+00
1.2084397259e+00,2.6293897387e+00,6.2109970863e-01,3.2529548645e-01,2.9580422218e-01,1.0891726870e+00
1.2091594637e+00,2.6309041515e+00,6.2115366678e-01,3.2528566022e-01,2.9586800656e-01,1.0899239635e+00
1.2098792015e+00,2.6324194366e+00,6.2120794337e-01,3.2527619609e-01,2.9593174728e-01,1.0906769713e+00
1.2105989392e+00,2.6339355944e+00,6.2126253885e-01,3.2526709422e-01,2.9599544463e-01,1.0914317140e+00
1.2113186770e+00,2.6354526255e+00,6.2131745368e-01,3.2525835479e-01,2.9605909889e-01,1.0921881952e+00
1.2120384148e+00,2.6369705303e+00,6.2137268833e-01,3.2524997798e-01,2.9612271036e-01,1.0929464184e+00
1.2127581526e+00,2.6384893093e+00,6.2142824326e-01,3.2524196395e-01,2.9618627931e-01,1.0937063872e+00
1.2134778903e+00,2.6400089631e+00,6.2148411893e-01,3.2523431290e-01,2.9624980604e-01,1.0944681053e+00
1.2141976281e+00,2.6415294922e+00,6.2154031581e-01,3.2522702499e-01,2.9631329082e-01,1.0952315762e+00
1.2149173659e+00,2.6430508970e+00,6.2159683435e-01,3.2522010040e-01,2.9637673395e-01,1.0959968035e+00
1.2156371037e+00,2.6445731781e+00,6.2165367502e-01,3.2521353932e-01,2.9644013571e-01,1.0967637909e+00
1.2163568414e+00,2.6460963359e+00,6.2171083829e-01,3.2520734192e-01,2.9650349638e-01,1.0975325419e+00
1.2170765792e+00,2.6476203710e+00,6.2176832463e-01,3.2520150838e-01,2.9656681625e-01,1.0983030603e+00
1.2177963170e+00,2.6491452839e+00,6.2182613449e-01,3.2519603888e-01,2.9663009560e-01,1.0990753496e+00
1.2185160548e+00,2.6506710751e+00,6.2188426834e-01,3.2519093361e-01,2.9669333473e-01,1.0998494135e+00
1.2192357926e+00,2.6521977450e+00,6.2194272666e-01,3.2518619275e-01,2.9675653391e-01,1.1006252557e+00
1.2199555303e+00,2.6537252943e+00,6.2200150991e-01,3.2518181647e-01,2.9681969344e-01,1.1014028798e+00
1.2206752681e+00,2.6552537234e+00,6.2206061856e-01,3.2517780497e-01,2.9688281359e-01,1.1021822896e+00
1.2213950059e+00,2.6567830327e+00,6.2212005308e-01,3.2517415843e-01,2.9694589465e-01,1.1029634886e+00
1.2221147437e+00,2.6583132229e+00,6.2217981393e-01,3.2517087703e-01,2.9700893690e-01,1.1037464806e+00
1.2228344814e+00,2.6598442944e+00,6.2223990160e-01,3.2516796096e-01,2.9707194064e-01,1.1045312692e+00
1.2235542192e+00,2.6613762477e+00,6.2230031654e-01,3.2516541040e-01,2.9713490615e-01,1.1053178583e+00
1.2242739570e+00,2.6629090834e+00,6.2236105924e-01,3.2516322554e-01,2.9719783371e-01,1.1061062514e+00
1.2249936948e+00,2.6644428019e+00,6.2242213017e-01,3.2516140657e-01,2.9726072360e-01,1.1068964524e+00
1.2257134325e+00,2.6659774038e+00,6.2248352979e-01,3.2515995367e-01,2.9732357612e-01,1.1076884649e+00
1.2264331703e+00,2.6675128895e+00,6.2254525858e-01,3.2515886704e-01,2.9738639154e-01,1.1084822928e+00
1.2271529081e+00,2.6690492596e+00,6.2260731702e-01,3.2515814687e-01,2.9744917016e-01,1.1092779396e+00
1.2278726459e+00,2.6705865146e+00,6.2266970559e-01,3.2515779334e-01,2.9751191225e-01,1.1100754093e+00
1.2285923836e+00,2.6721246550e+00,6.2273242475e-01,3.2515780664e-01,2.9757461810e-01,1.1108747056e+00
1.2293121214e+00,2.6736636813e+00,6.2279547498e-01,3.2515818698e-01,2.9763728800e-01,1.1116758322e+00
1.2300318592e+00,2.6752035940e+00,6.2285885676e-01,3.2515893453e-01,2.9769992224e-01,1.1124787929e+00
1.2307515970e+00,2.6767443936e+00,6.2292257058e-01,3.2516004949e-01,2.9776252108e-01,1.1132835916e+00
1.2314713347e+00,2.6782860806e+00,6.2298661690e-01,3.2516153206e-01,2.9782508483e-01,1.1140902319e+00
1.2321910725e+00,2.6798286556e+00,6.2305099620e-01,3.2516338243e-01,2.9788761377e-01,1.1148987178e+00
1.2329108103e+00,2.6813721191e+00,6.2311570898e-01,3.2516560080e-01,2.9795010818e-01,1.1157090530e+00
1.2336305481e+00,2.6829164715e+00,6.2318075570e-01,3.2516818736e-01,2.9801256834e-01,1.1165212414e+00
1.2343502858e+00,2.6844617134e+00,6.2324613684e-01,3.2517114230e-01,2.9807499454e-01,1.1173352868e+00
1.2350700236e+00,2.6860078453e+00,6.2331185290e-01,3.2517446583e-01,2.9813738707e-01,1.1181511930e+00
1.2357897614e+00,2.6875548677e+00,6.2337790434e-01,3.2517815814e-01,2.9819974620e-01,1.1189689640e+00
1.2365094992e+00,2.6891027811e+00,6.2344429166e-01,3.2518221943e-01,2.9826207223e-01,1.1197886035e+00
1.2372292370e+00,2.6906515860e+00,6.2351101534e-01,3.2518664990e-01,2.9832436544e-01,1.1206101154e+00
1.2379489747e+00,2.6922012830e+00,6.2357807587e-01,3.2519144975e-01,2.9838662611e-01,1.1214335036e+00
1.2386687125e+00,2.6937518725e+00,6.2364547372e-01,3.2519661918e-01,2.9844885453e-01,1.1222587719e+00
1.2393884503e+00,2.6953033551e+00,6.2371320938e-01,3.2520215839e-01,2.9851105098e-01,1.1230859244e+00
1.2401081881e+00,2.6968557313e+00,6.2378128334e-01,3.2520806759e-01,2.9857321575e-01,1.1239149648e+00
1.2408279258e+00,2.6984090016e+00,6.2384969609e-01,3.2521434697e-01,2.9863534912e-01,1.1247458971e+00
1.2415476636e+00,2.6999631665e+00,6.2391844812e-01,3.2522099674e-01,2.9869745138e-01,1.1255787253e+00
1.2422674014e+00,2.7015182266e+00,6.2398753991e-01,3.2522801710e-01,2.9875952281e-01,1.1264134531e+00
1.2429871392e+00,2.7030741822e+00,6.2405697196e-01,3.2523540827e-01,2.9882156369e-01,1.1272500847e+00
1.2437068769e+00,2.7046310341e+00,6.2412674474e-01,3.2524317043e-01,2.9888357431e-01,1.1280886238e+00
1.2444266147e+00,2.7061887826e+00,6.2419685876e-01,3.2525130381e-01,2.9894555496e-01,1.1289290746e+00
1.2451463525e+00,2.7077474283e+00,6.2426731451e-01,3.2525980860e-01,2.9900750591e-01,1.1297714409e+00
1.2458660903e+00,2.7093069718e+00,6.2433811247e-01,3.2526868501e-01,2.9906942746e-01,1.1306157267e+00
1.2465858280e+00,2.7108674134e+00,6.2440925315e-01,3.2527793326e-01,2.9913131988e-01,1.1314619360e+00
1.2473055658e+00,2.7124287538e+00,6.2448073702e-01,3.2528755356e-01,2.9919318347e-01,1.1323100728e+00
1.2480253036e+00,2.7139909935e+00,6.2455256460e-01,3.2529754610e-01,2.9925501850e-01,1.1331601411e+00
1.2487450414e+00,2.7155541330e+00,6.2462473636e-01,3.2530791111e-01,2.9931682526e-01,1.1340121448e+00
1.2494647791e+00,2.7171181727e+00,6.2469725282e-01,3.2531864878e-01,2.9937860404e-01,1.1348660881e+00
1.2501845169e+00,2.7186831133e+00,6.2477011446e-01,3.2532975935e-01,2.9944035511e-01,1.1357219750e+00
1.2509042547e+00,2.7202489552e+00,6.2484332178e-01,3.2534124301e-01,2.9950207877e-01,1.1365798094e+00
1.2516239925e+00,2.7218156989e+00,6.2491687528e-01,3.2535309999e-01,2.9956377529e-01,1.1374395955e+00
1.2523437302e+00,2.7233833451e+00,6.2499077546e-01,3.2536533049e-01,2.9962544497e-01,1.1383013372e+00
1.2530634680e+00,2.7249518941e+00,6.2506502282e-01,3.2537793473e-01,2.9968708808e-01,1.1391650387e+00
1.2537832058e+00,2.7265213466e+00,6.2513961785e-01,3.2539091293e-01,2.9974870492e-01,1.1400307040e+00
1.2545029436e+00,2.7280917029e+00,6.2521456106e-01,3.2540426530e-01,2.9981029576e-01,1.1408983372e+00
1.2552226814e+00,2.7296629638e+00,6.2528985295e-01,3.2541799206e-01,2.9987186088e-01,1.1417679424e+00
1.2559424191e+00,2.7312351296e+00,6.2536549402e-01,3.2543209343e-01,2.9993340058e-01,1.1426395237e+00
1.2566621569e+00,2.7328082009e+00,6.2544148477e-01,3.2544656963e-01,2.9999491514e-01,1.1435130851e+00
1.2573818947e+00,2.7343821782e+00,6.2551782571e-01,3.2546142087e-01,3.0005640484e-01,1.1443886310e+00
1.2581016325e+00,2.7359570621e+00,6.2559451734e-01,3.2547664737e-01,3.0011786997e-01,1.1452661652e+00
1.2588213702e+00,2.7375328531e+00,6.2567156017e-01,3.2549224937e-01,3.0017931081e-01,1.1461456921e+00
1.2595411080e+00,2.7391095516e+00,6.2574895471e-01,3.2550822707e-01,3.0024072764e-01,1.1470272156e+00
1.2602608458e+00,2.7406871582e+00,6.2582670145e-01,3.2552458070e-01,3.0030212075e-01,1.1479107401e+00
1.2609805836e+00,2.7422656735e+00,6.2590480091e-01,3.2554131049e-01,3.0036349042e-01,1.1487962696e+00
1.2617003213e+00,2.7438450979e+00,6.2598325359e-01,3.2555841665e-01,3.0042483694e-01,1.1496838084e+00
1.2624200591e+00,2.7454254320e+00,6.2606206001e-01,3.2557589942e-01,3.0048616059e-01,1.1505733606e+00
1.2631397969e+00,2.7470066763e+00,6.2614122067e-01,3.2559375901e-01,3.0054746165e-01,1.1514649304e+00
1.2638595347e+00,2.7485888313e+00,6.2622073608e-01,3.2561199566e-01,3.0060874042e-01,1.1523585220e+00
1.2645792724e+00,2.7501718976e+00,6.2630060676e-01,3.2563060959e-01,3.0066999717e-01,1.1532541396e+00
1.2652990102e+00,2.7517558757e+00,6.2638083321e-01,3.2564960102e-01,3.0073123219e-01,1.1541517875e+00
1.2660187480e+00,2.7533407660e+00,6.2646141595e-01,3.2566897019e-01,3.0079244576e-01,1.1550514698e+00
1.2667384858e+00,2.7549265692e+00,6.2654235550e-01,3.2568871733e-01,3.0085363817e-01,1.1559531909e+00
1.2674582235e+00,2.7565132858e+00,6.2662365236e-01,3.2570884266e-01,3.0091480970e-01,1.1568569550e+00
1.2681779613e+00,2.7581009162e+00,6.2670530705e-01,3.2572934641e-01,3.0097596063e-01,1.1577627663e+00
1.2688976991e+00,2.7596894610e+00,6.2678732008e-01,3.2575022883e-01,3.0103709125e-01,1.1586706291e+00
1.2696174369e+00,2.7612789208e+00,6.2686969198e-01,3.2577149013e-01,3.0109820185e-01,1.1595805478e+00
1.2703371746e+00,2.7628692960e+00,6.2695242326e-01,3.2579313056e-01,3.0115929271e-01,1.1604925264e+00
1.2710569124e+00,2.7644605872e+00,6.2703551444e-01,3.2581515034e-01,3.0122036410e-01,1.1614065695e+00
1.2717766502e+00,2.7660527949e+00,6.2711896604e-01,3.2583754971e-01,3.0128141633e-01,1.1623226813e+00
1.2724963880e+00,2.7676459197e+00,6.2720277857e-01,3.2586032891e-01,3.0134244966e-01,1.1632408661e+00
1.2732161258e+00,2.7692399620e+00,6.2728695255e-01,3.2588348817e-01,3.0140346439e-01,1.1641611282e+00
1.2739358635e+00,2.7708349224e+00,6.2737148852e-01,3.2590702772e-01,3.0146446080e-01,1.1650834720e+00
1.2746556013e+00,2.7724308015e+00,6.2745638698e-01,3.2593094782e-01,3.0152543917e-01,1.1660079018e+00
1.2753753391e+00,2.7740275997e+00,6.2754164847e-01,3.2595524868e-01,3.0158639978e-01,1.1669344220e+00
1.2760950769e+00,2.7756253176e+00,6.2762727350e-01,3.2597993056e-01,3.0164734294e-01,1.1678630370e+00
1.2768148146e+00,2.7772239557e+00,6.2771326260e-01,3.2600499370e-01,3.0170826890e-01,1.1687937511e+00
1.2775345524e+00,2.7788235146e+00,6.2779961629e-01,3.2603043833e-01,3.0176917797e-01,1.1697265687e+00
1.2782542902e+00,2.7804239947e+00,6.2788633511e-01,3.2605626469e-01,3.0183007042e-01,1.1706614943e+00
1.2789740280e+00,2.7820253966e+00,6.2797341957e-01,3.2608247303e-01,3.0189094654e-01,1.1715985321e+00
1.2796937657e+00,2.7836277209e+00,6.2806087021e-01,3.2610906359e-01,3.0195180662e-01,1.1725376868e+00
1.2804135035e+00,2.7852309680e+00,6.2814868755e-01,3.2613603662e-01,3.0201265093e-01,1.1734789626e+00
1.2811332413e+00,2.7868351386e+00,6.2823687212e-01,3.2616339235e-01,3.0207347976e-01,1.1744223640e+00
1.2818529791e+00,2.7884402331e+00,6.2832542445e-01,3.2619113104e-01,3.0213429340e-01,1.1753678956e+00
1.2825727168e+00,2.7900462520e+00,6.2841434507e-01,3.2621925293e-01,3.0219509214e-01,1.1763155616e+00
1.2832924546e+00,2.7916531959e+00,6.2850363451e-01,3.2624775827e-01,3.0225587624e-01,1.1772653666e+00
1.2840121924e+00,2.7932610654e+00,6.2859329331e-01,3.2627664730e-01,3.0231664601e-01,1.1782173151e+00
1.2847319302e+00,2.7948698609e+00,6.2868332200e-01,3.2630592028e-01,3.0237740172e-01,1.1791714116e+00
1.2854516679e+00,2.7964795830e+00,6.2877372111e-01,3.2633557745e-01,3.0243814366e-01,1.1801276606e+00
1.2861714057e+00,2.7980902323e+00,6.2886449118e-01,3.2636561907e-01,3.0249887211e-01,1.1810860665e+00
1.2868911435e+00,2.7997018092e+00,6.2895563274e-01,3.2639604537e-01,3.0255958736e-01,1.1820466340e+00
1.2876108813e+00,2.8013143143e+00,6.2904714632e-01,3.2642685663e-01,3.0262028970e-01,1.1830093674e+00
1.2883306190e+00,2.8029277482e+00,6.2913903248e-01,3.2645805308e-01,3.0268097940e-01,1.1839742715e+00
1.2890503568e+00,2.8045421113e+00,6.2923129173e-01,3.2648963499e-01,3.0274165675e-01,1.1849413506e+00
1.2897700946e+00,2.8061574042e+00,6.2932392463e-01,3.2652160260e-01,3.0280232203e-01,1.1859106095e+00
1.2904898324e+00,2.8077736274e+00,6.2941693171e-01,3.2655395617e-01,3.0286297554e-01,1.1868820526e+00
1.2912095702e+00,2.8093907816e+00,6.2951031351e-01,3.2658669596e-01,3.0292361755e-01,1.1878556846e+00
1.2919293079e+00,2.8110088671e+00,6.2960407057e-01,3.2661982222e-01,3.0298424835e-01,1.1888315099e+00
1.2926490457e+00,2.8126278846e+00,6.2969820344e-01,3.2665333522e-01,3.0304486822e-01,1.1898095334e+00
1.2933687835e+00,2.8142478345e+00,6.2979271265e-01,3.2668723520e-01,3.0310547745e-01,1.1907897595e+00
1.2940885213e+00,2.8158687175e+00,6.2988759876e-01,3.2672152243e-01,3.0316607633e-01,1.1917721928e+00
1.2948082590e+00,2.8174905340e+00,6.2998286230e-01,3.2675619717e-01,3.0322666513e-01,1.1927568381e+00
1.2955279968e+00,2.8191132847e+00,6.3007850383e-01,3.2679125968e-01,3.0328724415e-01,1.1937437000e+00
1.2962477346e+00,2.8207369699e+00,6.3017452388e-01,3.2682671022e-01,3.0334781366e-01,1.1947327830e+00
1.2969674724e+00,2.8223615904e+00,6.3027092301e-01,3.2686254905e-01,3.0340837396e-01,1.1957240920e+00
1.2976872101e+00,2.8239871465e+00,6.3036770176e-01,3.2689877644e-01,3.0346892532e-01,1.1967176315e+00
1.2984069479e+00,2.8256136389e+00,6.3046486068e-01,3.2693539264e-01,3.0352946803e-01,1.1977134063e+00
1.2991266857e+00,2.8272410681e+00,6.3056240032e-01,3.2697239793e-01,3.0359000238e-01,1.1987114211e+00
1.2998464235e+00,2.8288694346e+00,6.3066032123e-01,3.2700979257e-01,3.0365052866e-01,1.1997116805e+00
1.3005661612e+00,2.8304987390e+00,6.3075862397e-01,3.2704757683e-01,3.0371104714e-01,1.2007141893e+00
1.3012858990e+00,2.8321289818e+00,6.3085730908e-01,3.2708575097e-01,3.0377155811e-01,1.2017189522e+00
1.3020056368e+00,2.8337601635e+00,6.3095637712e-01,3.2712431526e-01,3.0383206185e-01,1.2027259739e+00
1.3027253746e+00,2.8353922848e+00,6.3105582864e-01,3.2716326997e-01,3.0389255866e-01,1.2037352593e+00
1.3034451123e+00,2.8370253460e+00,6.3115566419e-01,3.2720261538e-01,3.0395304882e-01,1.2047468131e+00
1.3041648501e+00,2.8386593478e+00,6.3125588434e-01,3.2724235174e-01,3.0401353260e-01,1.2057606400e+00
1.3048845879e+00,2.8402942908e+00,6.3135648964e-01,3.2728247933e-01,3.0407401030e-01,1.2067767449e+00
1.3056043257e+00,2.8419301754e+00,6.3145748064e-01,3.2732299843e-01,3.0413448221e-01,1.2077951325e+00
1.3063240634e+00,2.8435670022e+00,6.3155885791e-01,3.2736390931e-01,3.0419494860e-01,1.2088158077e+00
1.3070438012e+00,2.8452047717e+00,6.3166062200e-01,3.2740521224e-01,3.0425540976e-01,1.2098387753e+00
1.3077635390e+00,2.8468434845e+00,6.3176277347e-01,3.2744690749e-01,3.0431586598e-01,1.2108640400e+00
1.3084832768e+00,2.8484831412e+00,6.3186531288e-01,3.2748899535e-01,3.0437631754e-01,1.2118916068e+00
1.3092030146e+00,2.8501237422e+00,6.3196824081e-01,3.2753147608e-01,3.0443676473e-01,1.2129214805e+00
1.3099227523e+00,2.8517652881e+00,6.3207155780e-01,3.2757434997e-01,3.0449720783e-01,1.2139536659e+00
1.3106424901e+00,2.8534077795e+00,6.3217526442e-01,3.2761761729e-01,3.0455764713e-01,1.2149881680e+00
1.3113622279e+00,2.8550512169e+00,6.3227936123e-01,3.2766127832e-01,3.0461808291e-01,1.2160249916e+00
1.3120819657e+00,2.8566956008e+00,6.3238384881e-01,3.2770533335e-01,3.0467851546e-01,1.2170641417e+00
1.3128017034e+00,2.8583409318e+00,6.3248872771e-01,3.2774978265e-01,3.0473894507e-01,1.2181056230e+00
1.3135214412e+00,2.8599872105e+00,6.3259399851e-01,3.2779462650e-01,3.0479937201e-01,1.2191494406e+00
1.3142411790e+00,2.8616344373e+00,6.3269966177e-01,3.2783986519e-01,3.0485979658e-01,1.2201955994e+00
1.3149609168e+00,2.8632826129e+00,6.3280571807e-01,3.2788549900e-01,3.0492021907e-01,1.2212441043e+00
1.3156806545e+00,2.8649317378e+00,6.3291216796e-01,3.2793152821e-01,3.0498063975e-01,1.2222949603e+00
1.3164003923e+00,2.8665818125e+00,6.3301901202e-01,3.2797795311e-01,3.0504105891e-01,1.2233481724e+00
1.3171201301e+00,2.8682328375e+00,6.3312625082e-01,3.2802477399e-01,3.0510147684e-01,1.2244037454e+00
1.3178398679e+00,2.8698848135e+00,6.3323388494e-01,3.2807199112e-01,3.0516189382e-01,1.2254616845e+00
1.3185596056e+00,2.8715377409e+00,6.3334191495e-01,3.2811960481e-01,3.0522231014e-01,1.2265219946e+00
1.3192793434e+00,2.8731916204e+00,6.3345034142e-01,3.2816761533e-01,3.0528272609e-01,1.2275846807e+00
1.3199990812e+00,2.8748464524e+00,6.3355916492e-01,3.2821602298e-01,3.0534314195e-01,1.2286497479e+00
1.3207188190e+00,2.8765022375e+00,6.3366838604e-01,3.2826482804e-01,3.0540355800e-01,1.2297172011e+00
1.3214385567e+00,2.8781589763e+00,6.3377800535e-01,3.2831403081e-01,3.0546397454e-01,1.2307870455e+00
1.3221582945e+00,2.8798166693e+00,6.3388802343e-01,3.2836363158e-01,3.0552439185e-01,1.2318592861e+00
1.3228780323e+00,2.8814753170e+00,6.3399844085e-01,3.2841363064e-01,3.0558481021e-01,1.2329339279e+00
1.3235977701e+00,2.8831349201e+00,6.3410925820e-01,3.2846402829e-01,3.0564522991e-01,1.2340109760e+00
1.3243175078e+00,2.8847954790e+00,6.3422047606e-01,3.2851482482e-01,3.0570565124e-01,1.2350904356e+00
1.3250372456e+00,2.8864569943e+00,6.3433209500e-01,3.2856602052e-01,3.0576607448e-01,1.2361723117e+00
1.3257569834e+00,2.8881194666e+00,6.3444411561e-01,3.2861761569e-01,3.0582649993e-01,1.2372566094e+00
1.3264767212e+00,2.8897828964e+00,6.3455653848e-01,3.2866961062e-01,3.0588692785e-01,1.2383433340e+00
1.3271964590e+00,2.8914472842e+00,6.3466936418e-01,3.2872200563e-01,3.0594735856e-01,1.2394324904e+00
1.3279161967e+00,2.8931126307e+00,6.3478259331e-01,3.2877480100e-01,3.0600779232e-01,1.2405240840e+00
1.3286359345e+00,2.8947789363e+00,6.3489622645e-01,3.2882799703e-01,3.0606822942e-01,1.2416181197e+00
1.3293556723e+00,2.8964462017e+00,6.3501026418e-01,3.2888159402e-01,3.0612867015e-01,1.2427146029e+00
1.3300754101e+00,2.8981144273e+00,6.3512470709e-01,3.2893559229e-01,3.0618911481e-01,1.2438135387e+00
1.3307951478e+00,2.8997836138e+00,6.3523955578e-01,3.2898999212e-01,3.0624956367e-01,1.2449149322e+00
1.3315148856e+00,2.9014537616e+00,6.3535481083e-01,3.2904479382e-01,3.0631001702e-01,1.2460187888e+00
1.3322346234e+00,2.9031248714e+00,6.3547047284e-01,3.2909999769e-01,3.0637047514e-01,1.2471251136e+00
1.3329543612e+00,2.9047969436e+00,6.3558654239e-01,3.2915560405e-01,3.0643093833e-01,1.2482339119e+00
1.3336740989e+00,2.9064699789e+00,6.3570302007e-01,3.2921161319e-01,3.0649140688e-01,1.2493451889e+00
1.3343938367e+00,2.9081439778e+00,6.3581990649e-01,3.2926802543e-01,3.0655188106e-01,1.2504589498e+00
1.3351135745e+00,2.9098189408e+00,6.3593720223e-01,3.2932484107e-01,3.0661236116e-01,1.2515752001e+00
1.3358333123e+00,2.9114948685e+00,6.3605490789e-01,3.2938206041e-01,3.0667284748e-01,1.2526939448e+00
1.3365530500e+00,2.9131717615e+00,6.3617302407e-01,3.2943968378e-01,3.0673334030e-01,1.2538151894e+00
1.3372727878e+00,2.9148496203e+00,6.3629155137e-01,3.2949771147e-01,3.0679383990e-01,1.2549389391e+00
1.3379925256e+00,2.9165284455e+00,6.3641049038e-01,3.2955614380e-01,3.0685434658e-01,1.2560651992e+00
1.3387122634e+00,2.9182082376e+00,6.3652984170e-01,3.2961498108e-01,3.0691486062e-01,1.2571939752e+00
1.3394320011e+00,2.9198889972e+00,6.3664960593e-01,3.2967422363e-01,3.0697538230e-01,1.2583252723e+00
1.3401517389e+00,2.9215707249e+00,6.3676978368e-01,3.2973387175e-01,3.0703591192e-01,1.2594590959e+00
1.3408714767e+00,2.9232534211e+00,6.3689037554e-01,3.2979392577e-01,3.0709644976e-01,1.2605954513e+00
1.3415912145e+00,2.9249370865e+00,6.3701138212e-01,3.2985438600e-01,3.0715699611e-01,1.2617343440e+00
1.3423109522e+00,2.9266217217e+00,6.3713280402e-01,3.2991525276e-01,3.0721755126e-01,1.2628757794e+00
1.3430306900e+00,2.9283073271e+00,6.3725464185e-01,3.2997652635e-01,3.0727811550e-01,1.2640197628e+00
1.3437504278e+00,2.9299939033e+00,6.3737689621e-01,3.3003820711e-01,3.0733868910e-01,1.2651662996e+00
1.3444701656e+00,2.9316814509e+00,6.3749956772e-01,3.3010029535e-01,3.0739927237e-01,1.2663153954e+00
1.3451899034e+00,2.9333699705e+00,6.3762265697e-01,3.3016279138e-01,3.0745986559e-01,1.2674670555e+00
1.3459096411e+00,2.9350594626e+00,6.3774616458e-01,3.3022569554e-01,3.0752046904e-01,1.2686212854e+00
1.3466293789e+00,2.9367499278e+00,6.3787009116e-01,3.3028900815e-01,3.0758108301e-01,1.2697780906e+00
1.3473491167e+00,2.9384413666e+00,6.3799443732e-01,3.3035272952e-01,3.0764170780e-01,1.2709374765e+00
1.3480688545e+00,2.9401337796e+00,6.3811920366e-01,3.3041685998e-01,3.0770234368e-01,1.2720994487e+00
1.3487885922e+00,2.9418271673e+00,6.3824439081e-01,3.3048139986e-01,3.0776299095e-01,1.2732640127e+00
1.3495083300e+00,2.9435215304e+00,6.3836999938e-01,3.3054634947e-01,3.0782364990e-01,1.2744311739e+00
1.3502280678e+00,2.9452168693e+00,6.3849602997e-01,3.3061170916e-01,3.0788432082e-01,1.2756009380e+00
1.3509478056e+00,2.9469131847e+00,6.3862248322e-01,3.3067747923e-01,3.0794500398e-01,1.2767733104e+00
1.3516675433e+00,2.9486104771e+00,6.3874935972e-01,3.3074366004e-01,3.0800569969e-01,1.2779482967e+00
1.3523872811e+00,2.9503087470e+00,6.3887666011e-01,3.3081025189e-01,3.0806640822e-01,1.2791259025e+00
1.3531070189e+00,2.9520079951e+00,6.3900438500e-01,3.3087725513e-01,3.0812712987e-01,1.2803061334e+00
1.3538267567e+00,2.9537082219e+00,6.3913253501e-01,3.3094467008e-01,3.0818786493e-01,1.2814889950e+00
1.3545464944e+00,2.9554094279e+00,6.3926111076e-01,3.3101249708e-01,3.0824861369e-01,1.2826744929e+00
1.3552662322e+00,2.9571116138e+00,6.3939011288e-01,3.3108073645e-01,3.0830937642e-01,1.2838626327e+00
1.3559859700e+00,2.9588147800e+00,6.3951954198e-01,3.3114938854e-01,3.0837015343e-01,1.2850534200e+00
1.3567057078e+00,2.9605189272e+00,6.3964939868e-01,3.3121845368e-01,3.0843094500e-01,1.2862468605e+00
1.3574254455e+00,2.9622240559e+00,6.3977968362e-01,3.3128793220e-01,3.0849175142e-01,1.2874429599e+00
1.3581451833e+00,2.9639301667e+00,6.3991039743e-01,3.3135782444e-01,3.0855257298e-01,1.2886417239e+00
1.3588649211e+00,2.9656372601e+00,6.4004154071e-01,3.3142813074e-01,3.0861340997e-01,1.2898431580e+00
1.3595846589e+00,2.9673453367e+00,6.4017311411e-01,3.3149885143e-01,3.0867426268e-01,1.2910472681e+00
1.3603043966e+00,2.9690543971e+00,6.4030511826e-01,3.3156998687e-01,3.0873513139e-01,1.2922540598e+00
1.3610241344e+00,2.9707644419e+00,6.4043755377e-01,3.3164153737e-01,3.0879601640e-01,1.2934635390e+00
1.3617438722e+00,2.9724754716e+00,6.4057042129e-01,3.3171350330e-01,3.0885691799e-01,1.2946757112e+00
1.3624636100e+00,2.9741874867e+00,6.4070372145e-01,3.3178588499e-01,3.0891783646e-01,1.2958905823e+00
1.3631833478e+00,2.9759004879e+00,6.4083745487e-01,3.3185868278e-01,3.0897877209e-01,1.2971081580e+00
1.3639030855e+00,2.9776144757e+00,6.4097162219e-01,3.3193189702e-01,3.0903972518e-01,1.2983284442e+00
1.3646228233e+00,2.9793294507e+00,6.4110622406e-01,3.3200552805e-01,3.0910069601e-01,1.2995514466e+00
1.3653425611e+00,2.9810454134e+00,6.4124126109e-01,3.3207957622e-01,3.0916168487e-01,1.3007771710e+00
1.3660622989e+00,2.9827623645e+00,6.4137673393e-01,3.3215404187e-01,3.0922269206e-01,1.3020056233e+00
1.3667820366e+00,2.9844803044e+00,6.4151264323e-01,3.3222892536e-01,3.0928371786e-01,1.3032368092e+00
1.3675017744e+00,2.9861992338e+00,6.4164898960e-01,3.3230422704e-01,3.0934476257e-01,1.3044707347e+00
1.3682215122e+00,2.9879191532e+00,6.4178577371e-01,3.3237994724e-01,3.0940582647e-01,1.3057074056e+00
1.3689412500e+00,2.9896400632e+00,6.4192299618e-01,3.3245608633e-01,3.0946690985e-01,1.3069468278e+00
1.3696609877e+00,2.9913619644e+00,6.4206065766e-01,3.3253264466e-01,3.0952801300e-01,1.3081890071e+00
1.3703807255e+00,2.9930848574e+00,6.4219875880e-01,3.3260962257e-01,3.0958913623e-01,1.3094339495e+00
1.3711004633e+00,2.9948087426e+00,6.4233730023e-01,3.3268702043e-01,3.0965027980e-01,1.3106816609e+00
1.3718202011e+00,2.9965336207e+00,6.4247628261e-01,3.3276483858e-01,3.0971144402e-01,1.3119321473e+00
1.3725399388e+00,2.9982594923e+00,6.4261570657e-01,3.3284307739e-01,3.0977262918e-01,1.3131854144e+00
1.3732596766e+00,2.9999863579e+00,6.4275557277e-01,3.3292173720e-01,3.0983383557e-01,1.3144414684e+00
1.3739794144e+00,3.0017142181e+00,6.4289588185e-01,3.3300081838e-01,3.0989506347e-01,1.3157003153e+00
1.3746991522e+00,3.0034430735e+00,6.4303663447e-01,3.3308032129e-01,3.0995631318e-01,1.3169619608e+00
1.3754188899e+00,3.0051729246e+00,6.4317783127e-01,3.3316024628e-01,3.1001758499e-01,1.3182264112e+00
1.3761386277e+00,3.0069037720e+00,6.4331947291e-01,3.3324059372e-01,3.1007887919e-01,1.3194936724e+00
1.3768583655e+00,3.0086356164e+00,6.4346156004e-01,3.3332136396e-01,3.1014019608e-01,1.3207637504e+00
1.3775781033e+00,3.0103684582e+00,6.4360409331e-01,3.3340255737e-01,3.1020153594e-01,1.3220366513e+00
1.3782978410e+00,3.0121022980e+00,6.4374707337e-01,3.3348417431e-01,3.1026289906e-01,1.3233123811e+00
1.3790175788e+00,3.0138371364e+00,6.4389050089e-01,3.3356621515e-01,3.1032428574e-01,1.3245909459e+00
1.3797373166e+00,3.0155729741e+00,6.4403437652e-01,3.3364868025e-01,3.1038569627e-01,1.3258723517e+00
1.3804570544e+00,3.0173098115e+00,6.4417870091e-01,3.3373156998e-01,3.1044713093e-01,1.3271566048e+00
1.3811767922e+00,3.0190476492e+00,6.4432347473e-01,3.3381488470e-01,3.1050859003e-01,1.3284437111e+00
1.3818965299e+00,3.0207864879e+00,6.4446869864e-01,3.3389862479e-01,3.1057007385e-01,1.3297336769e+00
1.3826162677e+00,3.0225263281e+00,6.4461437330e-01,3.3398279061e-01,3.1063158269e-01,1.3310265082e+00
1.3833360055e+00,3.0242671703e+00,6.4476049936e-01,3.3406738253e-01,3.1069311683e-01,1.3323222113e+00
1.3840557433e+00,3.0260090152e+00,6.4490707750e-01,3.3415240092e-01,3.1075467658e-01,1.3336207922e+00
1.3847754810e+00,3.0277518633e+00,6.4505410837e-01,3.3423784616e-01,3.1081626221e-01,1.3349222572e+00
1.3854952188e+00,3.0294957152e+00,6.4520159265e-01,3.3432371862e-01,3.1087787403e-01,1.3362266125e+00
1.3862149566e+00,3.0312405715e+00,6.4534953100e-01,3.3441001867e-01,3.1093951232e-01,1.3375338642e+00
1.3869346944e+00,3.0329864328e+00,6.4549792408e-01,3.3449674669e-01,3.1100117739e-01,1.3388440187e+00
1.3876544321e+00,3.0347332996e+00,6.4564677257e-01,3.3458390306e-01,3.1106286952e-01,1.3401570821e+00
1.3883741699e+00,3.0364811725e+00,6.4579607714e-01,3.3467148814e-01,3.1112458900e-01,1.3414730607e+00
1.3890939077e+00,3.0382300521e+00,6.4594583845e-01,3.3475950232e-01,3.1118633612e-01,1.3427919608e+00
1.3898136455e+00,3.0399799390e+00,6.4609605718e-01,3.3484794598e-01,3.1124811119e-01,1.3441137886e+00
1.3905333832e+00,3.0417308337e+00,6.4624673400e-01,3.3493681950e-01,3.1130991449e-01,1.3454385506e+00
1.3912531210e+00,3.0434827369e+00,6.4639786958e-01,3.3502612326e-01,3.1137174632e-01,1.3467662528e+00
1.3919728588e+00,3.0452356491e+00,6.4654946461e-01,3.3511585764e-01,3.1143360697e-01,1.3480969018e+00
1.3926925966e+00,3.0469895709e+00,6.4670151975e-01,3.3520602302e-01,3.1149549673e-01,1.3494305039e+00
1.3934123343e+00,3.0487445029e+00,6.4685403569e-01,3.3529661979e-01,3.1155741590e-01,1.3507670653e+00
1.3941320721e+00,3.0505004456e+00,6.4700701310e-01,3.3538764834e-01,3.1161936477e-01,1.3521065926e+00
1.3948518099e+00,3.0522573997e+00,6.4716045266e-01,3.3547910904e-01,3.1168134363e-01,1.3534490920e+00
1.3955715477e+00,3.0540153658e+00,6.4731435506e-01,3.3557100228e-01,3.1174335278e-01,1.3547945700e+00
1.3962912854e+00,3.0557743443e+00,6.4746872097e-01,3.3566332846e-01,3.1180539251e-01,1.3561430329e+00
1.3970110232e+00,3.0575343359e+00,6.4762355108e-01,3.3575608797e-01,3.1186746312e-01,1.3574944873e+00
1.3977307610e+00,3.0592953412e+00,6.4777884608e-01,3.3584928118e-01,3.1192956489e-01,1.3588489396e+00
1.3984504988e+00,3.0610573608e+00,6.4793460664e-01,3.3594290850e-01,3.1199169814e-01,1.3602063962e+00
1.3991702366e+00,3.0628203952e+00,6.4809083345e-01,3.3603697031e-01,3.1205386314e-01,1.3615668636e+00
1.3998899743e+00,3.0645844451e+00,6.4824752721e-01,3.3613146702e-01,3.1211606019e-01,1.3629303483e+00
1.4006097121e+00,3.0663495109e+00,6.4840468859e-01,3.3622639900e-01,3.1217828959e-01,1.3642968568e+00
1.4013294499e+00,3.0681155934e+00,6.4856231830e-01,3.3632176666e-01,3.1224055164e-01,1.3656663957e+00
1.4020491877e+00,3.0698826930e+00,6.4872041701e-01,3.3641757040e-01,3.1230284662e-01,1.3670389714e+00
1.4027689254e+00,3.0716508104e+00,6.4887898543e-01,3.3651381060e-01,3.1236517483e-01,1.3684145906e+00
1.4034886632e+00,3.0734199462e+00,6.4903802425e-01,3.3661048767e-01,3.1242753657e-01,1.3697932598e+00
1.4042084010e+00,3.0751901009e+00,6.4919753415e-01,3.3670760201e-01,3.1248993214e-01,1.3711749855e+00
1.4049281388e+00,3.0769612752e+00,6.4935751584e-01,3.3680515402e-01,3.1255236182e-01,1.3725597744e+00
1.4056478765e+00,3.0787334695e+00,6.4951797001e-01,3.3690314410e-01,3.1261482591e-01,1.3739476331e+00
1.4063676143e+00,3.0805066846e+00,6.4967889736e-01,3.3700157265e-01,3.1267732472e-01,1.3753385683e+00
1.4070873521e+00,3.0822809210e+00,6.4984029859e-01,3.3710044007e-01,3.1273985852e-01,1.3767325865e+00
1.4078070899e+00,3.0840561792e+00,6.5000217440e-01,3.3719974676e-01,3.1280242763e-01,1.3781296944e+00
1.4085268276e+00,3.0858324600e+00,6.5016452548e-01,3.3729949315e-01,3.1286503234e-01,1.3795298987e+00
1.4092465654e+00,3.0876097637e+00,6.5032735255e-01,3.3739967962e-01,3.1292767293e-01,1.3809332062e+00
1.4099663032e+00,3.0893880912e+00,6.5049065630e-01,3.3750030658e-01,3.1299034972e-01,1.3823396234e+00
1.4106860410e+00,3.0911674428e+00,6.5065443744e-01,3.3760137445e-01,3.1305306299e-01,1.3837491572e+00
1.4114057787e+00,3.0929478193e+00,6.5081869668e-01,3.3770288364e-01,3.1311581304e-01,1.3851618142e+00
1.4121255165e+00,3.0947292213e+00,6.5098343471e-01,3.3780483455e-01,3.1317860017e-01,1.3865776013e+00
1.4128452543e+00,3.0965116492e+00,6.5114865226e-01,3.3790722759e-01,3.1324142467e-01,1.3879965251e+00
1.4135649921e+00,3.0982951037e+00,6.5131435003e-01,3.3801006319e-01,3.1330428684e-01,1.3894185925e+00
1.4142847298e+00,3.1000795854e+00,6.5148052872e-01,3.3811334174e-01,3.1336718698e-01,1.3908438103e+00
1.4150044676e+00,3.1018650949e+00,6.5164718906e-01,3.3821706367e-01,3.1343012539e-01,1.3922721853e+00
1.4157242054e+00,3.1036516328e+00,6.5181433174e-01,3.3832122939e-01,3.1349310235e-01,1.3937037243e+00
1.4164439432e+00,3.1054391996e+00,6.5198195750e-01,3.3842583932e-01,3.1355611818e-01,1.3951384342e+00
1.4171636810e+00,3.1072277960e+00,6.5215006704e-01,3.3853089388e-01,3.1361917316e-01,1.3965763218e+00
1.4178834187e+00,3.1090174226e+00,6.5231866107e-01,3.3863639347e-01,3.1368226760e-01,1.3980173941e+00
1.4186031565e+00,3.1108080799e+00,6.5248774032e-01,3.3874233854e-01,3.1374540179e-01,1.3994616579e+00
1.4193228943e+00,3.1125997685e+00,6.5265730551e-01,3.3884872948e-01,3.1380857603e-01,1.4009091201e+00
1.4200426321e+00,3.1143924891e+00,6.5282735734e-01,3.3895556673e-01,3.1387179061e-01,1.4023597877e+00
1.4207623698e+00,3.1161862422e+00,6.5299789656e-01,3.3906285071e-01,3.1393504584e-01,1.4038136676e+00
1.4214821076e+00,3.1179810284e+00,6.5316892386e-01,3.3917058184e-01,3.1399834202e-01,1.4052707667e+00
1.4222018454e+00,3.1197768484e+00,6.5334043999e-01,3.3927876055e-01,3.1406167944e-01,1.4067310921e+00
1.4229215832e+00,3.1215737026e+00,6.5351244566e-01,3.3938738727e-01,3.1412505839e-01,1.4081946507e+00
1.4236413209e+00,3.1233715918e+00,6.5368494160e-01,3.3949646241e-01,3.1418847919e-01,1.4096614496e+00
1.4243610587e+00,3.1251705165e+00,6.5385792854e-01,3.3960598641e-01,3.1425194213e-01,1.4111314958e+00
1.4250807965e+00,3.1269704772e+00,6.5403140720e-01,3.3971595970e-01,3.1431544750e-01,1.4126047963e+00
1.4258005343e+00,3.1287714747e+00,6.5420537831e-01,3.3982638271e-01,3.1437899561e-01,1.4140813581e+00
1.4265202720e+00,3.1305735095e+00,6.5437984261e-01,3.3993725586e-01,3.1444258675e-01,1.4155611884e+00
1.4272400098e+00,3.1323765821e+00,6.5455480082e-01,3.4004857960e-01,3.1450622122e-01,1.4170442943e+00
1.4279597476e+00,3.1341806933e+00,6.5473025369e-01,3.4016035435e-01,3.1456989933e-01,1.4185306828e+00
1.4286794854e+00,3.1359858435e+00,6.5490620193e-01,3.4027258055e-01,3.1463362138e-01,1.4200203611e+00
1.4293992231e+00,3.1377920334e+00,6.5508264629e-01,3.4038525863e-01,3.1469738765e-01,1.4215133363e+00
1.4301189609e+00,3.1395992637e+00,6.5525958750e-01,3.4049838904e-01,3.1476119846e-01,1.4230096156e+00
1.4308386987e+00,3.1414075348e+00,6.5543702630e-01,3.4061197220e-01,3.1482505410e-01,1.4245092061e+00
1.4315584365e+00,3.1432168473e+00,6.5561496343e-01,3.4072600856e-01,3.1488895488e-01,1.4260121151e+00
1.4322781742e+00,3.1450272020e+00,6.5579339964e-01,3.4084049855e-01,3.1495290108e-01,1.4275183498e+00
1.4329979120e+00,3.1468385993e+00,6.5597233565e-01,3.4095544262e-01,3.1501689303e-01,1.4290279173e+00
1.4337176498e+00,3.1486510400e+00,6.5615177221e-01,3.4107084121e-01,3.1508093100e-01,1.4305408249e+00
1.4344373876e+00,3.1504645245e+00,6.5633171008e-01,3.4118669477e-01,3.1514501531e-01,1.4320570800e+00
1.4351571254e+00,3.1522790535e+00,6.5651214998e-01,3.4130300373e-01,3.1520914625e-01,1.4335766896e+00
1.4358768631e+00,3.1540946276e+00,6.5669309267e-01,3.4141976854e-01,3.1527332414e-01,1.4350996613e+00
1.4365966009e+00,3.1559112474e+00,6.5687453890e-01,3.4153698964e-01,3.1533754926e-01,1.4366260021e+00
1.4373163387e+00,3.1577289135e+00,6.5705648941e-01,3.4165466750e-01,3.1540182191e-01,1.4381557196e+00
1.4380360765e+00,3.1595476265e+00,6.5723894495e-01,3.4177280254e-01,3.1546614241e-01,1.4396888210e+00
1.4387558142e+00,3.1613673869e+00,6.5742190628e-01,3.4189139523e-01,3.1553051105e-01,1.4412253137e+00
1.4394755520e+00,3.1631881955e+00,6.5760537414e-01,3.4201044601e-01,3.1559492814e-01,1.4427652051e+00
1.4401952898e+00,3.1650100528e+00,6.5778934930e-01,3.4212995533e-01,3.1565939397e-01,1.4443085025e+00
1.4409150276e+00,3.1668329594e+00,6.5797383249e-01,3.4224992365e-01,3.1572390885e-01,1.4458552134e+00
1.4416347653e+00,3.1686569159e+00,6.5815882449e-01,3.4237035142e-01,3.1578847307e-01,1.4474053452e+00
1.4423545031e+00,3.1704819229e+00,6.5834432605e-01,3.4249123909e-01,3.1585308695e-01,1.4489589053e+00
1.4430742409e+00,3.1723079811e+00,6.5853033792e-01,3.4261258713e-01,3.1591775079e-01,1.4505159013e+00
1.4437939787e+00,3.1741350909e+00,6.5871686087e-01,3.4273439599e-01,3.1598246488e-01,1.4520763405e+00
1.4445137164e+00,3.1759632532e+00,6.5890389565e-01,3.4285666612e-01,3.1604722953e-01,1.4536402306e+00
1.4452334542e+00,3.1777924683e+00,6.5909144303e-01,3.4297939798e-01,3.1611204505e-01,1.4552075790e+00
1.4459531920e+00,3.1796227370e+00,6.5927950377e-01,3.4310259204e-01,3.1617691173e-01,1.4567783932e+00
1.4466729298e+00,3.1814540599e+00,6.5946807864e-01,3.4322624876e-01,3.1624182988e-01,1.4583526808e+00
1.4473926675e+00,3.1832864375e+00,6.5965716841e-01,3.4335036860e-01,3.1630679980e-01,1.4599304494e+00
1.4481124053e+00,3.1851198705e+00,6.5984677383e-01,3.4347495202e-01,3.1637182181e-01,1.4615117065e+00
1.4488321431e+00,3.1869543594e+00,6.6003689568e-01,3.4359999949e-01,3.1643689619e-01,1.4630964598e+00
1.4495518809e+00,3.1887899050e+00,6.6022753473e-01,3.4372551148e-01,3.1650202325e-01,1.4646847169e+00
1.4502716186e+00,3.1906265077e+00,6.6041869174e-01,3.4385148844e-01,3.1656720330e-01,1.4662764854e+00
1.4509913564e+00,3.1924641683e+00,6.6061036750e-01,3.4397793085e-01,3.1663243665e-01,1.4678717730e+00
1.4517110942e+00,3.1943028872e+00,6.6080256277e-01,3.4410483918e-01,3.1669772359e-01,1.4694705873e+00
1.4524308320e+00,3.1961426652e+00,6.6099527834e-01,3.4423221390e-01,3.1676306444e-01,1.4710729361e+00
1.4531505698e+00,3.1979835028e+00,6.6118851496e-01,3.4436005547e-01,3.1682845949e-01,1.4726788270e+00
1.4538703075e+00,3.1998254007e+00,6.6138227343e-01,3.4448836438e-01,3.1689390905e-01,1.4742882678e+00
1.4545900453e+00,3.2016683594e+00,6.6157655452e-01,3.4461714109e-01,3.1695941343e-01,1.4759012663e+00
1.4553097831e+00,3.2035123795e+00,6.6177135901e-01,3.4474638608e-01,3.1702497293e-01,1.4775178301e+00
1.4560295209e+00,3.2053574618e+00,6.6196668768e-01,3.4487609983e-01,3.1709058786e-01,1.4791379672e+00
1.4567492586e+00,3.2072036067e+00,6.6216254132e-01,3.4500628281e-01,3.1715625851e-01,1.4807616852e+00
1.4574689964e+00,3.2090508149e+00,6.6235892071e-01,3.4513693550e-01,3.1722198521e-01,1.4823889920e+00
1.4581887342e+00,3.2108990871e+00,6.6255582662e-01,3.4526805837e-01,3.1728776825e-01,1.4840198955e+00
1.4589084720e+00,3.2127484237e+00,6.6275325986e-01,3.4539965192e-01,3.1735360794e-01,1.4856544035e+00
1.4596282097e+00,3.2145988255e+00,6.6295122121e-01,3.4553171662e-01,3.1741950459e-01,1.4872925238e+00
1.4603479475e+00,3.2164502930e+00,6.6314971145e-01,3.4566425295e-01,3.1748545850e-01,1.4889342645e+00
1.4610676853e+00,3.2183028270e+00,6.6334873137e-01,3.4579726140e-01,3.1755146998e-01,1.4905796333e+00
1.4617874231e+00,3.2201564278e+00,6.6354828178e-01,3.4593074245e-01,3.1761753933e-01,1.4922286382e+00
1.4625071608e+00,3.2220110963e+00,6.6374836345e-01,3.4606469659e-01,3.1768366687e-01,1.4938812871e+00
1.4632268986e+00,3.2238668330e+00,6.6394897719e-01,3.4619912430e-01,3.1774985289e-01,1.4955375881e+00
1.4639466364e+00,3.2257236385e+00,6.6415012379e-01,3.4633402607e-01,3.1781609772e-01,1.4971975491e+00
1.4646663742e+00,3.2275815135e+00,6.6435180405e-01,3.4646940240e-01,3.1788240165e-01,1.4988611781e+00
1.4653861119e+00,3.2294404585e+00,6.6455401875e-01,3.4660525377e-01,3.1794876499e-01,1.5005284831e+00
1.4661058497e+00,3.2313004741e+00,6.6475676872e-01,3.4674158067e-01,3.1801518805e-01,1.5021994722e+00
1.4668255875e+00,3.2331615611e+00,6.6496005473e-01,3.4687838360e-01,3.1808167114e-01,1.5038741535e+00
1.4675453253e+00,3.2350237200e+00,6.6516387761e-01,3.4701566304e-01,3.1814821456e-01,1.5055525349e+00
1.4682650630e+00,3.2368869514e+00,6.6536823814e-01,3.4715341951e-01,3.1821481863e-01,1.5072346247e+00
1.4689848008e+00,3.2387512559e+00,6.6557313714e-01,3.4729165348e-01,3.1828148366e-01,1.5089204309e+00
1.4697045386e+00,3.2406166342e+00,6.6577857540e-01,3.4743036546e-01,3.1834820994e-01,1.5106099617e+00
1.4704242764e+00,3.2424830868e+00,6.6598455375e-01,3.4756955595e-01,3.1841499779e-01,1.5123032252e+00
1.4711440142e+00,3.2443506145e+00,6.6619107298e-01,3.4770922545e-01,3.1848184753e-01,1.5140002295e+00
1.4718637519e+00,3.2462192177e+00,6.6639813390e-01,3.4784937445e-01,3.1854875945e-01,1.5157009830e+00
1.4725834897e+00,3.2480888972e+00,6.6660573733e-01,3.4799000346e-01,3.1861573387e-01,1.5174054937e+00
1.4733032275e+00,3.2499596536e+00,6.6681388408e-01,3.4813111298e-01,3.1868277110e-01,1.5191137700e+00
1.4740229653e+00,3.2518314874e+00,6.6702257497e-01,3.4827270352e-01,3.1874987145e-01,1.5208258200e+00
1.4747427030e+00,3.2537043993e+00,6.6723181080e-01,3.4841477558e-01,3.1881703522e-01,1.5225416521e+00
1.4754624408e+00,3.2555783900e+00,6.6744159240e-01,3.4855732967e-01,3.1888426273e-01,1.5242612746e+00
1.4761821786e+00,3.2574534599e+00,6.6765192058e-01,3.4870036629e-01,3.1895155429e-01,1.5259846956e+00
1.4769019164e+00,3.2593296099e+00,6.6786279616e-01,3.4884388595e-01,3.1901891020e-01,1.5277119236e+00
1.4776216541e+00,3.2612068404e+00,6.6807421996e-01,3.4898788917e-01,3.1908633079e-01,1.5294429670e+00
1.4783413919e+00,3.2630851521e+00,6.6828619281e-01,3.4913237646e-01,3.1915381636e-01,1.5311778340e+00
1.4790611297e+00,3.2649645456e+00,6.6849871553e-01,3.4927734832e-01,3.1922136721e-01,1.5329165331e+00
1.4797808675e+00,3.2668450216e+00,6.6871178894e-01,3.4942280527e-01,3.1928898367e-01,1.5346590726e+00
1.4805006052e+00,3.2687265807e+00,6.6892541387e-01,3.4956874782e-01,3.1935666605e-01,1.5364054611e+00
1.4812203430e+00,3.2706092234e+00,6.6913959114e-01,3.4971517650e-01,3.1942441465e-01,1.5381557068e+00
1.4819400808e+00,3.2724929505e+00,6.6935432159e-01,3.4986209181e-01,3.1949222978e-01,1.5399098184e+00
1.4826598186e+00,3.2743777625e+00,6.6956960604e-01,3.5000949428e-01,3.1956011177e-01,1.5416678043e+00
1.4833795563e+00,3.2762636601e+00,6.6978544533e-01,3.5015738442e-01,3.1962806091e-01,1.5434296729e+00
1.4840992941e+00,3.2781506439e+00,6.7000184029e-01,3.5030576275e-01,3.1969607753e-01,1.5451954329e+00
1.4848190319e+00,3.2800387145e+00,6.7021879175e-01,3.5045462981e-01,3.1976416194e-01,1.5469650927e+00
1.4855387697e+00,3.2819278725e+00,6.7043630055e-01,3.5060398610e-01,3.1983231445e-01,1.5487386609e+00
1.4862585074e+00,3.2838181186e+00,6.7065436752e-01,3.5075383215e-01,3.1990053537e-01,1.5505161461e+00
1.4869782452e+00,3.2857094534e+00,6.7087299351e-01,3.5090416850e-01,3.1996882501e-01,1.5522975569e+00
1.4876979830e+00,3.2876018776e+00,6.7109217935e-01,3.5105499566e-01,3.2003718370e-01,1.5540829020e+00
1.4884177208e+00,3.2894953917e+00,6.7131192589e-01,3.5120631416e-01,3.2010561173e-01,1.5558721899e+00
1.4891374586e+00,3.2913899963e+00,6.7153223396e-01,3.5135812453e-01,3.2017410944e-01,1.5576654293e+00
1.4898571963e+00,3.2932856922e+00,6.7175310442e-01,3.5151042730e-01,3.2024267712e-01,1.5594626290e+00
1.4905769341e+00,3.2951824799e+00,6.7197453810e-01,3.5166322300e-01,3.2031131510e-01,1.5612637975e+00
1.4912966719e+00,3.2970803601e+00,6.7219653585e-01,3.5181651216e-01,3.2038002369e-01,1.5630689437e+00
1.4920164097e+00,3.2989793334e+00,6.7241909852e-01,3.5197029532e-01,3.2044880320e-01,1.5648780763e+00
1.4927361474e+00,3.3008794004e+00,6.7264222697e-01,3.5212457302e-01,3.2051765395e-01,1.5666912040e+00
1.4934558852e+00,3.3027805618e+00,6.7286592203e-01,3.5227934578e-01,3.2058657625e-01,1.5685083357e+00
1.4941756230e+00,3.3046828181e+00,6.7309018456e-01,3.5243461414e-01,3.2065557042e-01,1.5703294801e+00
1.4948953608e+00,3.3065861701e+00,6.7331501543e-01,3.5259037865e-01,3.2072463678e-01,1.5721546460e+00
1.4956150985e+00,3.3084906183e+00,6.7354041547e-01,3.5274663984e-01,3.2079377563e-01,1.5739838424e+00
1.4963348363e+00,3.3103961634e+00,6.7376638555e-01,3.5290339825e-01,3.2086298730e-01,1.5758170780e+00
1.4970545741e+00,3.3123028060e+00,6.7399292653e-01,3.5306065442e-01,3.2093227211e-01,1.5776543618e+00
1.4977743119e+00,3.3142105467e+00,6.7422003926e-01,3.5321840891e-01,3.2100163036e-01,1.5794957027e+00
1.4984940496e+00,3.3161193862e+00,6.7444772461e-01,3.5337666224e-01,3.2107106237e-01,1.5813411096e+00
1.4992137874e+00,3.3180293252e+00,6.7467598344e-01,3.5353541497e-01,3.2114056847e-01,1.5831905914e+00
1.4999335252e+00,3.3199403641e+00,6.7490481660e-01,3.5369466764e-01,3.2121014896e-01,1.5850441572e+00
1.5006532630e+00,3.3218525038e+00,6.7513422497e-01,3.5385442080e-01,3.2127980417e-01,1.5869018158e+00
1.5013730007e+00,3.3237657447e+00,6.7536420942e-01,3.5401467500e-01,3.2134953441e-01,1.5887635764e+00
1.5020927385e+00,3.3256800876e+00,6.7559477080e-01,3.5417543079e-01,3.2141934001e-01,1.5906294480e+00
1.5028124763e+00,3.3275955331e+00,6.7582590999e-01,3.5433668873e-01,3.2148922127e-01,1.5924994396e+00
1.5035322141e+00,3.3295120817e+00,6.7605762786e-01,3.5449844935e-01,3.2155917851e-01,1.5943735602e+00
1.5042519518e+00,3.3314297343e+00,6.7628992529e-01,3.5466071323e-01,3.2162921206e-01,1.5962518191e+00
1.5049716896e+00,3.3333484913e+00,6.7652280313e-01,3.5482348090e-01,3.2169932223e-01,1.5981342252e+00
1.5056914274e+00,3.3352683534e+00,6.7675626228e-01,3.5498675294e-01,3.2176950934e-01,1.6000207878e+00
1.5064111652e+00,3.3371893213e+00,6.7699030360e-01,3.5515052989e-01,3.2183977371e-01,1.6019115160e+00
1.5071309030e+00,3.3391113956e+00,6.7722492798e-01,3.5531481232e-01,3.2191011566e-01,1.6038064190e+00
1.5078506407e+00,3.3410345769e+00,6.7746013629e-01,3.5547960078e-01,3.2198053551e-01,1.6057055060e+00
1.5085703785e+00,3.3429588659e+00,6.7769592941e-01,3.5564489584e-01,3.2205103357e-01,1.6076087862e+00
1.5092901163e+00,3.3448842631e+00,6.7793230823e-01,3.5581069806e-01,3.2212161017e-01,1.6095162688e+00
1.5100098541e+00,3.3468107694e+00,6.7816927363e-01,3.5597700800e-01,3.2219226563e-01,1.6114279632e+00
1.5107295918e+00,3.3487383852e+00,6.7840682649e-01,3.5614382623e-01,3.2226300027e-01,1.6133438786e+00
1.5114493296e+00,3.3506671112e+00,6.7864496771e-01,3.5631115331e-01,3.2233381440e-01,1.6152640244e+00
1.5121690674e+00,3.3525969481e+00,6.7888369816e-01,3.5647898981e-01,3.2240470835e-01,1.6171884098e+00
1.5128888052e+00,3.3545278965e+00,6.7912301874e-01,3.5664733630e-01,3.2247568244e-01,1.6191170442e+00
1.5136085429e+00,3.3564599570e+00,6.7936293033e-01,3.5681619334e-01,3.2254673699e-01,1.6210499370e+00
1.5143282807e+00,3.3583931304e+00,6.7960343384e-01,3.5698556152e-01,3.2261787232e-01,1.6229870976e+00
1.5150480185e+00,3.3603274171e+00,6.7984453015e-01,3.5715544140e-01,3.2268908875e-01,1.6249285354e+00
1.5157677563e+00,3.3622628179e+00,6.8008622017e-01,3.5732583356e-01,3.2276038661e-01,1.6268742599e+00
1.5164874940e+00,3.3641993334e+00,6.8032850477e-01,3.5749673856e-01,3.2283176621e-01,1.6288242805e+00
1.5172072318e+00,3.3661369643e+00,6.8057138488e-01,3.5766815700e-01,3.2290322788e-01,1.6307786067e+00
1.5179269696e+00,3.3680757111e+00,6.8081486137e-01,3.5784008943e-01,3.2297477194e-01,1.6327372480e+00
1.5186467074e+00,3.3700155746e+00,6.8105893517e-01,3.5801253645e-01,3.2304639872e-01,1.6347002140e+00
1.5193664451e+00,3.3719565554e+00,6.8130360716e-01,3.5818549863e-01,3.2311810853e-01,1.6366675142e+00
1.5200861829e+00,3.3738986540e+00,6.8154887825e-01,3.5835897655e-01,3.2318990170e-01,1.6386391581e+00
1.5208059207e+00,3.3758418713e+00,6.8179474935e-01,3.5853297079e-01,3.2326177855e-01,1.6406151554e+00
1.5215256585e+00,3.3777862077e+00,6.8204122136e-01,3.5870748195e-01,3.2333373941e-01,1.6425955157e+00
1.5222453962e+00,3.3797316640e+00,6.8228829520e-01,3.5888251060e-01,3.2340578460e-01,1.6445802486e+00
1.5229651340e+00,3.3816782408e+00,6.8253597177e-01,3.5905805732e-01,3.2347791445e-01,1.6465693639e+00
1.5236848718e+00,3.3836259388e+00,6.8278425198e-01,3.5923412272e-01,3.2355012927e-01,1.6485628711e+00
1.5244046096e+00,3.3855747585e+00,6.8303313676e-01,3.5941070736e-01,3.2362242939e-01,1.6505607800e+00
1.5251243474e+00,3.3875247006e+00,6.8328262700e-01,3.5958781186e-01,3.2369481514e-01,1.6525631003e+00
1.5258440851e+00,3.3894757659e+00,6.8353272363e-01,3.5976543678e-01,3.2376728685e-01,1.6545698418e+00
1.5265638229e+00,3.3914279549e+00,6.8378342757e-01,3.5994358274e-01,3.2383984483e-01,1.6565810143e+00
1.5272835607e+00,3.3933812682e+00,6.8403473973e-01,3.6012225032e-01,3.2391248941e-01,1.6585966275e+00
1.5280032985e+00,3.3953357066e+00,6.8428666104e-01,3.6030144011e-01,3.2398522093e-01,1.6606166914e+00
1.5287230362e+00,3.3972912706e+00,6.8453919241e-01,3.6048115272e-01,3.2405803969e-01,1.6626412156e+00
1.5294427740e+00,3.3992479610e+00,6.8479233477e-01,3.6066138873e-01,3.2413094604e-01,1.6646702101e+00
1.5301625118e+00,3.4012057783e+00,6.8504608905e-01,3.6084214875e-01,3.2420394030e-01,1.6667036849e+00
1.5308822496e+00,3.4031647232e+00,6.8530045618e-01,3.6102343339e-01,3.2427702279e-01,1.6687416497e+00
1.5316019873e+00,3.4051247965e+00,6.8555543707e-01,3.6120524323e-01,3.2435019384e-01,1.6707841146e+00
1.5323217251e+00,3.4070859986e+00,6.8581103266e-01,3.6138757888e-01,3.2442345378e-01,1.6728310895e+00
1.5330414629e+00,3.4090483303e+00,6.8606724388e-01,3.6157044095e-01,3.2449680293e-01,1.6748825844e+00
1.5337612007e+00,3.4110117922e+00,6.8632407167e-01,3.6175383004e-01,3.2457024163e-01,1.6769386092e+00
1.5344809384e+00,3.4129763850e+00,6.8658151695e-01,3.6193774676e-01,3.2464377020e-01,1.6789991741e+00
1.5352006762e+00,3.4149421092e+00,6.8683958067e-01,3.6212219171e-01,3.2471738896e-01,1.6810642891e+00
1.5359204140e+00,3.4169089657e+00,6.8709826376e-01,3.6230716551e-01,3.2479109826e-01,1.6831339643e+00
1.5366401518e+00,3.4188769550e+00,6.8735756716e-01,3.6249266876e-01,3.2486489841e-01,1.6852082097e+00
1.5373598895e+00,3.4208460778e+00,6.8761749181e-01,3.6267870207e-01,3.2493878974e-01,1.6872870355e+00
1.5380796273e+00,3.4228163347e+00,6.8787803865e-01,3.6286526606e-01,3.2501277259e-01,1.6893704518e+00
1.5387993651e+00,3.4247877263e+00,6.8813920863e-01,3.6305236135e-01,3.2508684728e-01,1.6914584689e+00
1.5395191029e+00,3.4267602534e+00,6.8840100269e-01,3.6323998854e-01,3.2516101415e-01,1.6935510969e+00
1.5402388406e+00,3.4287339166e+00,6.8866342177e-01,3.6342814826e-01,3.2523527351e-01,1.6956483460e+00
1.5409585784e+00,3.4307087166e+00,6.8892646683e-01,3.6361684112e-01,3.2530962572e-01,1.6977502264e+00
1.5416783162e+00,3.4326846539e+00,6.8919013881e-01,3.6380606773e-01,3.2538407108e-01,1.6998567485e+00
1.5423980540e+00,3.4346617293e+00,6.8945443867e-01,3.6399582874e-01,3.2545860994e-01,1.7019679225e+00
1.5431177918e+00,3.4366399434e+00,6.8971936736e-01,3.6418612474e-01,3.2553324262e-01,1.7040837588e+00
1.5438375295e+00,3.4386192969e+00,6.8998492584e-01,3.6437695637e-01,3.2560796946e-01,1.7062042677e+00
1.5445572673e+00,3.4405997903e+00,6.9025111505e-01,3.6456832426e-01,3.2568279079e-01,1.7083294595e+00
1.5452770051e+00,3.4425814245e+00,6.9051793595e-01,3.6476022902e-01,3.2575770694e-01,1.7104593446e+00
1.5459967429e+00,3.4445642000e+00,6.9078538952e-01,3.6495267128e-01,3.2583271823e-01,1.7125939335e+00
1.5467164806e+00,3.4465481175e+00,6.9105347669e-01,3.6514565168e-01,3.2590782501e-01,1.7147332366e+00
1.5474362184e+00,3.4485331776e+00,6.9132219845e-01,3.6533917084e-01,3.2598302761e-01,1.7168772643e+00
1.5481559562e+00,3.4505193811e+00,6.9159155575e-01,3.6553322939e-01,3.2605832636e-01,1.7190260271e+00
1.5488756940e+00,3.4525067285e+00,6.9186154956e-01,3.6572782797e-01,3.2613372158e-01,1.7211795356e+00
1.5495954317e+00,3.4544952205e+00,6.9213218084e-01,3.6592296721e-01,3.2620921363e-01,1.7233378003e+00
1.5503151695e+00,3.4564848578e+00,6.9240345056e-01,3.6611864774e-01,3.2628480282e-01,1.7255008317e+00
1.5510349073e+00,3.4584756411e+00,6.9267535969e-01,3.6631487020e-01,3.2636048949e-01,1.7276686404e+00
1.5517546451e+00,3.4604675710e+00,6.9294790921e-01,3.6651163524e-01,3.2643627398e-01,1.7298412370e+00
1.5524743828e+00,3.4624606481e+00,6.9322110009e-01,3.6670894347e-01,3.2651215662e-01,1.7320186322e+00
1.5531941206e+00,3.4644548731e+00,6.9349493330e-01,3.6690679556e-01,3.2658813774e-01,1.7342008366e+00
1.5539138584e+00,3.4664502468e+00,6.9376940982e-01,3.6710519214e-01,3.2666421769e-01,1.7363878609e+00
1.5546335962e+00,3.4684467697e+00,6.9404453063e-01,3.6730413384e-01,3.2674039679e-01,1.7385797158e+00
1.5553533339e+00,3.4704444425e+00,6.9432029670e-01,3.6750362133e-01,3.2681667538e-01,1.7407764120e+00
1.5560730717e+00,3.4724432658e+00,6.9459670903e-01,3.6770365523e-01,3.2689305379e-01,1.7429779604e+00
1.5567928095e+00,3.4744432404e+00,6.9487376858e-01,3.6790423621e-01,3.2696953237e-01,1.7451843716e+00
1.5575125473e+00,3.4764443669e+00,6.9515147635e-01,3.6810536490e-01,3.2704611145e-01,1.7473956564e+00
1.5582322851e+00,3.4784466460e+00,6.9542983332e-01,3.6830704196e-01,3.2712279136e-01,1.7496118258e+00
1.5589520228e+00,3.4804500783e+00,6.9570884048e-01,3.6850926803e-01,3.2719957244e-01,1.7518328906e+00
1.5596717606e+00,3.4824546644e+00,6.9598849882e-01,3.6871204378e-01,3.2727645503e-01,1.7540588616e+00
1.5603914984e+00,3.4844604052e+00,6.9626880932e-01,3.6891536985e-01,3.2735343947e-01,1.7562897497e+00
1.5611112362e+00,3.4864673011e+00,6.9654977299e-01,3.6911924690e-01,3.2743052609e-01,1.7585255660e+00
1.5618309739e+00,3.4884753530e+00,6.9683139082e-01,3.6932367558e-01,3.2750771524e-01,1.7607663213e+00
1.5625507117e+00,3.4904845613e+00,6.9711366380e-01,3.6952865656e-01,3.2758500724e-01,1.7630120266e+00
1.5632704495e+00,3.4924949269e+00,6.9739659293e-01,3.6973419049e-01,3.2766240244e-01,1.7652626930e+00
1.5639901873e+00,3.4945064504e+00,6.9768017921e-01,3.6994027803e-01,3.2773990117e-01,1.7675183315e+00
1.5647099250e+00,3.4965191324e+00,6.9796442363e-01,3.7014691985e-01,3.2781750379e-01,1.7697789531e+00
1.5654296628e+00,3.4985329737e+00,6.9824932721e-01,3.7035411660e-01,3.2789521061e-01,1.7720445690e+00
1.5661494006e+00,3.5005479748e+00,6.9853489095e-01,3.7056186895e-01,3.2797302199e-01,1.7743151902e+00
1.5668691384e+00,3.5025641365e+00,6.9882111585e-01,3.7077017758e-01,3.2805093827e-01,1.7765908279e+00
1.5675888761e+00,3.5045814594e+00,6.9910800291e-01,3.7097904313e-01,3.2812895978e-01,1.7788714932e+00
1.5683086139e+00,3.5065999442e+00,6.9939555316e-01,3.7118846629e-01,3.2820708686e-01,1.7811571974e+00
1.5690283517e+00,3.5086195915e+00,6.9968376759e-01,3.7139844773e-01,3.2828531986e-01,1.7834479516e+00
1.5697480895e+00,3.5106404021e+00,6.9997264722e-01,3.7160898810e-01,3.2836365912e-01,1.7857437671e+00
1.5704678272e+00,3.5126623766e+00,7.0026219307e-01,3.7182008810e-01,3.2844210498e-01,1.7880446552e+00
1.5711875650e+00,3.5146855156e+00,7.0055240615e-01,3.7203174838e-01,3.2852065777e-01,1.7903506272e+00
1.5719073028e+00,3.5167098199e+00,7.0084328748e-01,3.7224396964e-01,3.2859931784e-01,1.7926616944e+00
1.5726270406e+00,3.5187352901e+00,7.0113483807e-01,3.7245675253e-01,3.2867808554e-01,1.7949778680e+00
1.5733467783e+00,3.5207619268e+00,7.0142705896e-01,3.7267009775e-01,3.2875696120e-01,1.7972991597e+00
1.5740665161e+00,3.5227897309e+00,7.0171995115e-01,3.7288400597e-01,3.2883594517e-01,1.7996255806e+00
1.5747862539e+00,3.5248187028e+00,7.0201351567e-01,3.7309847787e-01,3.2891503780e-01,1.8019571422e+00
1.5755059917e+00,3.5268488434e+00,7.0230775355e-01,3.7331351414e-01,3.2899423941e-01,1.8042938561e+00
1.5762257295e+00,3.5288801532e+00,7.0260266582e-01,3.7352911545e-01,3.2907355037e-01,1.8066357336e+00
1.5769454672e+00,3.5309126330e+00,7.0289825351e-01,3.7374528250e-01,3.2915297101e-01,1.8089827863e+00
1.5776652050e+00,3.5329462834e+00,7.0319451764e-01,3.7396201597e-01,3.2923250167e-01,1.8113350258e+00
1.5783849428e+00,3.5349811050e+00,7.0349145925e-01,3.7417931654e-01,3.2931214270e-01,1.8136924635e+00
1.5791046806e+00,3.5370170987e+00,7.0378907937e-01,3.7439718491e-01,3.2939189445e-01,1.8160551111e+00
1.5798244183e+00,3.5390542650e+00,7.0408737904e-01,3.7461562177e-01,3.2947175726e-01,1.8184229801e+00
1.5805441561e+00,3.5410926046e+00,7.0438635929e-01,3.7483462781e-01,3.2955173148e-01,1.8207960823e+00
1.5812638939e+00,3.5431321182e+00,7.0468602117e-01,3.7505420372e-01,3.2963181745e-01,1.8231744293e+00
1.5819836317e+00,3.5451728065e+00,7.0498636572e-01,3.7527435020e-01,3.2971201551e-01,1.8255580328e+00
1.5827033694e+00,3.5472146701e+00,7.0528739397e-01,3.7549506795e-01,3.2979232602e-01,1.8279469045e+00
1.5834231072e+00,3.5492577097e+00,7.0558910697e-01,3.7571635765e-01,3.2987274932e-01,1.8303410562e+00
1.5841428450e+00,3.5513019261e+00,7.0589150578e-01,3.7593822002e-01,3.2995328576e-01,1.8327404996e+00
1.5848625828e+00,3.5533473198e+00,7.0619459142e-01,3.7616065575e-01,3.3003393568e-01,1.8351452466e+00
1.5855823205e+00,3.5553938916e+00,7.0649836497e-01,3.7638366554e-01,3.3011469943e-01,1.8375553090e+00
1.5863020583e+00,3.5574416421e+00,7.0680282746e-01,3.7660725010e-01,3.3019557736e-01,1.8399706986e+00
1.5870217961e+00,3.5594905720e+00,7.0710797995e-01,3.7683141013e-01,3.3027656982e-01,1.8423914274e+00
1.5877415339e+00,3.5615406820e+00,7.0741382349e-01,3.7705614633e-01,3.3035767715e-01,1.8448175072e+00
1.5884612716e+00,3.5635919728e+00,7.0772035914e-01,3.7728145942e-01,3.3043889972e-01,1.8472489500e+00
1.5891810094e+00,3.5656444451e+00,7.0802758796e-01,3.7750735011e-01,3.3052023785e-01,1.8496857678e+00
1.5899007472e+00,3.5676980995e+00,7.0833551101e-01,3.7773381910e-01,3.3060169191e-01,1.8521279726e+00
1.5906204850e+00,3.5697529366e+00,7.0864412934e-01,3.7796086710e-01,3.3068326224e-01,1.8545755763e+00
1.5913402227e+00,3.5718089573e+00,7.0895344403e-01,3.7818849484e-01,3.3076494919e-01,1.8570285912e+00
1.5920599605e+00,3.5738661622e+00,7.0926345613e-01,3.7841670301e-01,3.3084675312e-01,1.8594870291e+00
1.5927796983e+00,3.5759245519e+00,7.0957416672e-01,3.7864549235e-01,3.3092867437e-01,1.8619509024e+00
1.5934994361e+00,3.5779841272e+00,7.0988557686e-01,3.7887486357e-01,3.3101071329e-01,1.8644202230e+00
1.5942191739e+00,3.5800448887e+00,7.1019768762e-01,3.7910481738e-01,3.3109287024e-01,1.8668950032e+00
1.5949389116e+00,3.5821068371e+00,7.1051050007e-01,3.7933535451e-01,3.3117514557e-01,1.8693752551e+00
1.5956586494e+00,3.5841699731e+00,7.1082401529e-01,3.7956647567e-01,3.3125753962e-01,1.8718609910e+00
1.5963783872e+00,3.5862342974e+00,7.1113823436e-01,3.7979818160e-01,3.3134005276e-01,1.8743522232e+00
1.5970981250e+00,3.5882998106e+00,7.1145315834e-01,3.8003047301e-01,3.3142268533e-01,1.8768489639e+00
1.5978178627e+00,3.5903665135e+00,7.1176878833e-01,3.8026335064e-01,3.3150543769e-01,1.8793512254e+00
1.5985376005e+00,3.5924344067e+00,7.1208512539e-01,3.8049681521e-01,3.3158831018e-01,1.8818590202e+00
1.5992573383e+00,3.5945034909e+00,7.1240217062e-01,3.8073086744e-01,3.3167130317e-01,1.8843723604e+00
1.5999770761e+00,3.5965737668e+00,7.1271992509e-01,3.8096550808e-01,3.3175441701e-01,1.8868912586e+00
1.6006968138e+00,3.5986452352e+00,7.1303838989e-01,3.8120073784e-01,3.3183765205e-01,1.8894157272e+00
1.6014165516e+00,3.6007178965e+00,7.1335756611e-01,3.8143655747e-01,3.3192100864e-01,1.8919457786e+00
1.6021362894e+00,3.6027917517e+00,7.1367745485e-01,3.8167296770e-01,3.3200448714e-01,1.8944814252e+00
1.6028560272e+00,3.6048668013e+00,7.1399805718e-01,3.8190996927e-01,3.3208808791e-01,1.8970226798e+00
1.6035757649e+00,3.6069430460e+00,7.1431937421e-01,3.8214756291e-01,3.3217181130e-01,1.8995695546e+00
1.6042955027e+00,3.6090204866e+00,7.1464140702e-01,3.8238574936e-01,3.3225565766e-01,1.9021220624e+00
1.6050152405e+00,3.6110991237e+00,7.1496415672e-01,3.8262452937e-01,3.3233962735e-01,1.9046802158e+00
1.6057349783e+00,3.6131789579e+00,7.1528762441e-01,3.8286390367e-01,3.3242372074e-01,1.9072440273e+00
1.6064547160e+00,3.6152599901e+00,7.1561181117e-01,3.8310387301e-01,3.3250793817e-01,1.9098135097e+00
1.6071744538e+00,3.6173422209e+00,7.1593671813e-01,3.8334443813e-01,3.3259228000e-01,1.9123886755e+00
1.6078941916e+00,3.6194256509e+00,7.1626234637e-01,3.8358559978e-01,3.3267674659e-01,1.9149695376e+00
1.6086139294e+00,3.6215102809e+00,7.1658869701e-01,3.8382735872e-01,3.3276133830e-01,1.9175561087e+00
1.6093336671e+00,3.6235961115e+00,7.1691577115e-01,3.8406971568e-01,3.3284605548e-01,1.9201484015e+00
1.6100534049e+00,3.6256831435e+00,7.1724356991e-01,3.8431267141e-01,3.3293089849e-01,1.9227464289e+00
1.6107731427e+00,3.6277713776e+00,7.1757209439e-01,3.8455622668e-01,3.3301586770e-01,1.9253502037e+00
1.6114928805e+00,3.6298608143e+00,7.1790134570e-01,3.8480038224e-01,3.3310096346e-01,1.9279597388e+00
1.6122126183e+00,3.6319514545e+00,7.1823132496e-01,3.8504513883e-01,3.3318618613e-01,1.9305750471e+00
1.6129323560e+00,3.6340432988e+00,7.1856203330e-01,3.8529049722e-01,3.3327153607e-01,1.9331961415e+00
1.6136520938e+00,3.6361363479e+00,7.1889347181e-01,3.8553645817e-01,3.3335701364e-01,1.9358230349e+00
1.6143718316e+00,3.6382306025e+00,7.1922564164e-01,3.8578302243e-01,3.3344261920e-01,1.9384557404e+00
1.6150915694e+00,3.6403260634e+00,7.1955854389e-01,3.8603019077e-01,3.3352835311e-01,1.9410942709e+00
1.6158113071e+00,3.6424227311e+00,7.1989217969e-01,3.8627796395e-01,3.3361421574e-01,1.9437386395e+00
1.6165310449e+00,3.6445206064e+00,7.2022655017e-01,3.8652634273e-01,3.3370020744e-01,1.9463888594e+00
1.6172507827e+00,3.6466196900e+00,7.2056165645e-01,3.8677532788e-01,3.3378632857e-01,1.9490449435e+00
1.6179705205e+00,3.6487199825e+00,7.2089749967e-01,3.8702492017e-01,3.3387257950e-01,1.9517069051e+00
1.6186902582e+00,3.6508214848e+00,7.2123408095e-01,3.8727512036e-01,3.3395896059e-01,1.9543747573e+00
1.6194099960e+00,3.6529241974e+00,7.2157140143e-01,3.8752592923e-01,3.3404547221e-01,1.9570485133e+00
1.6201297338e+00,3.6550281210e+00,7.2190946225e-01,3.8777734754e-01,3.3413211470e-01,1.9597281863e+00
1.6208494716e+00,3.6571332565e+00,7.2224826453e-01,3.8802937608e-01,3.3421888845e-01,1.9624137897e+00
1.6215692093e+00,3.6592396044e+00,7.2258780942e-01,3.8828201561e-01,3.3430579381e-01,1.9651053366e+00
1.6222889471e+00,3.6613471655e+00,7.2292809806e-01,3.8853526691e-01,3.3439283115e-01,1.9678028405e+00
1.6230086849e+00,3.6634559404e+00,7.2326913160e-01,3.8878913076e-01,3.3448000083e-01,1.9705063147e+00
1.6237284227e+00,3.6655659299e+00,7.2361091116e-01,3.8904360794e-01,3.3456730322e-01,1.9732157725e+00
1.6244481604e+00,3.6676771347e+00,7.2395343791e-01,3.8929869923e-01,3.3465473868e-01,1.9759312274e+00
1.6251678982e+00,3.6697895554e+00,7.2429671299e-01,3.8955440541e-01,3.3474230758e-01,1.9786526928e+00
1.6258876360e+00,3.6719031928e+00,7.2464073754e-01,3.8981072727e-01,3.3483001027e-01,1.9813801823e+00
1.6266073738e+00,3.6740180476e+00,7.2498551273e-01,3.9006766559e-01,3.3491784714e-01,1.9841137093e+00
1.6273271115e+00,3.6761341204e+00,7.2533103970e-01,3.9032522115e-01,3.3500581855e-01,1.9868532873e+00
1.6280468493e+00,3.6782514119e+00,7.2567731961e-01,3.9058339475e-01,3.3509392486e-01,1.9895989300e+00
1.6287665871e+00,3.6803699230e+00,7.2602435361e-01,3.9084218718e-01,3.3518216643e-01,1.9923506510e+00
1.6294863249e+00,3.6824896542e+00,7.2637214288e-01,3.9110159923e-01,3.3527054365e-01,1.9951084638e+00
1.6302060627e+00,3.6846106063e+00,7.2672068855e-01,3.9136163168e-01,3.3535905687e-01,1.9978723822e+00
1.6309258004e+00,3.6867327799e+00,7.2706999181e-01,3.9162228534e-01,3.3544770647e-01,2.0006424199e+00
1.6316455382e+00,3.6888561759e+00,7.2742005381e-01,3.9188356101e-01,3.3553649281e-01,2.0034185905e+00
1.6323652760e+00,3.6909807948e+00,7.2777087573e-01,3.9214545947e-01,3.3562541626e-01,2.0062009079e+00
1.6330850138e+00,3.6931066374e+00,7.2812245872e-01,3.9240798153e-01,3.3571447720e-01,2.0089893859e+00
1.6338047515e+00,3.6952337044e+00,7.2847480397e-01,3.9267112798e-01,3.3580367598e-01,2.0117840382e+00
1.6345244893e+00,3.6973619965e+00,7.2882791263e-01,3.9293489964e-01,3.3589301299e-01,2.0145848788e+00
1.6352442271e+00,3.6994915144e+00,7.2918178590e-01,3.9319929731e-01,3.3598248859e-01,2.0173919216e+00
1.6359639649e+00,3.7016222588e+00,7.2953642493e-01,3.9346432178e-01,3.3607210315e-01,2.0202051804e+00
1.6366837026e+00,3.7037542304e+00,7.2989183092e-01,3.9372997387e-01,3.3616185705e-01,2.0230246692e+00
1.6374034404e+00,3.7058874300e+00,7.3024800504e-01,3.9399625439e-01,3.3625175066e-01,2.0258504021e+00
1.6381231782e+00,3.7080218582e+00,7.3060494848e-01,3.9426316414e-01,3.3634178434e-01,2.0286823930e+00
1.6388429160e+00,3.7101575157e+00,7.3096266241e-01,3.9453070393e-01,3.3643195847e-01,2.0315206560e+00
1.6395626537e+00,3.7122944032e+00,7.3132114802e-01,3.9479887459e-01,3.3652227343e-01,2.0343652052e+00
1.6402823915e+00,3.7144325215e+00,7.3168040651e-01,3.9506767692e-01,3.3661272959e-01,2.0372160546e+00
1.6410021293e+00,3.7165718713e+00,7.3204043906e-01,3.9533711175e-01,3.3670332731e-01,2.0400732186e+00
1.6417218671e+00,3.7187124532e+00,7.3240124686e-01,3.9560717988e-01,3.3679406698e-01,2.0429367112e+00
1.6424416048e+00,3.7208542681e+00,7.3276283110e-01,3.9587788214e-01,3.3688494897e-01,2.0458065467e+00
1.6431613426e+00,3.7229973165e+00,7.3312519299e-01,3.9614921934e-01,3.3697597365e-01,2.0486827393e+00
1.6438810804e+00,3.7251415992e+00,7.3348833372e-01,3.9642119232e-01,3.3706714140e-01,2.0515653034e+00
1.6446008182e+00,3.7272871169e+00,7.3385225449e-01,3.9669380190e-01,3.3715845259e-01,2.0544542531e+00
1.6453205559e+00,3.7294338704e+00,7.3421695650e-01,3.9696704889e-01,3.3724990760e-01,2.0573496030e+00
1.6460402937e+00,3.7315818603e+00,7.3458244095e-01,3.9724093413e-01,3.3734150681e-01,2.0602513673e+00
1.6467600315e+00,3.7337310873e+00,7.3494870905e-01,3.9751545845e-01,3.3743325059e-01,2.0631595606e+00
1.6474797693e+00,3.7358815522e+00,7.3531576200e-01,3.9779062268e-01,3.3752513932e-01,2.0660741972e+00
1.6481995071e+00,3.7380332557e+00,7.3568360102e-01,3.9806642765e-01,3.3761717338e-01,2.0689952916e+00
1.6489192448e+00,3.7401861984e+00,7.3605222732e-01,3.9834287419e-01,3.3770935313e-01,2.0719228584e+00
1.6496389826e+00,3.7423403812e+00,7.3642164211e-01,3.9861996314e-01,3.3780167898e-01,2.0748569121e+00
1.6503587204e+00,3.7444958046e+00,7.3679184660e-01,3.9889769533e-01,3.3789415128e-01,2.0777974673e+00
1.6510784582e+00,3.7466524695e+00,7.3716284202e-01,3.9917607160e-01,3.3798677042e-01,2.0807445386e+00
1.6517981959e+00,3.7488103766e+00,7.3753462958e-01,3.9945509280e-01,3.3807953678e-01,2.0836981408e+00
1.6525179337e+00,3.7509695265e+00,7.3790721050e-01,3.9973475976e-01,3.3817245073e-01,2.0866582884e+00
1.6532376715e+00,3.7531299200e+00,7.3828058600e-01,4.0001507333e-01,3.3826551267e-01,2.0896249962e+00
1.6539574093e+00,3.7552915577e+00,7.3865475732e-01,4.0029603435e-01,3.3835872296e-01,2.0925982790e+00
1.6546771470e+00,3.7574544405e+00,7.3902972567e-01,4.0057764367e-01,3.3845208200e-01,2.0955781515e+00
1.6553968848e+00,3.7596185690e+00,7.3940549229e-01,4.0085990214e-01,3.3854559015e-01,2.0985646287e+00
1.6561166226e+00,3.7617839440e+00,7.3978205841e-01,4.0114281060e-01,3.3863924781e-01,2.1015577252e+00
1.6568363604e+00,3.7639505661e+00,7.4015942525e-01,4.0142636991e-01,3.3873305534e-01,2.1045574562e+00
1.6575560981e+00,3.7661184361e+00,7.4053759407e-01,4.0171058092e-01,3.3882701315e-01,2.1075638364e+00
1.6582758359e+00,3.7682875547e+00,7.4091656609e-01,4.0199544448e-01,3.3892112160e-01,2.1105768808e+00
1.6589955737e+00,3.7704579226e+00,7.4129634255e-01,4.0228096145e-01,3.3901538109e-01,2.1135966045e+00
1.6597153115e+00,3.7726295405e+00,7.4167692469e-01,4.0256713269e-01,3.3910979199e-01,2.1166230225e+00
1.6604350492e+00,3.7748024092e+00,7.4205831376e-01,4.0285395906e-01,3.3920435469e-01,2.1196561499e+00
1.6611547870e+00,3.7769765294e+00,7.4244051100e-01,4.0314144142e-01,3.3929906958e-01,2.1226960017e+00
1.6618745248e+00,3.7791519017e+00,7.4282351766e-01,4.0342958062e-01,3.3939393703e-01,2.1257425931e+00
1.6625942626e+00,3.7813285270e+00,7.4320733498e-01,4.0371837754e-01,3.3948895744e-01,2.1287959393e+00
1.6633140003e+00,3.7835064059e+00,7.4359196423e-01,4.0400783304e-01,3.3958413119e-01,2.1318560555e+00
1.6640337381e+00,3.7856855392e+00,7.4397740665e-01,4.0429794799e-01,3.3967945866e-01,2.1349229570e+00
1.6647534759e+00,3.7878659276e+00,7.4436366350e-01,4.0458872325e-01,3.3977494024e-01,2.1379966590e+00
1.6654732137e+00,3.7900475718e+00,7.4475073603e-01,4.0488015970e-01,3.3987057633e-01,2.1410771768e+00
1.6661929515e+00,3.7922304725e+00,7.4513862550e-01,4.0517225821e-01,3.3996636729e-01,2.1441645258e+00
1.6669126892e+00,3.7944146305e+00,7.4552733318e-01,4.0546501965e-01,3.4006231353e-01,2.1472587215e+00
1.6676324270e+00,3.7966000464e+00,7.4591686034e-01,4.0575844490e-01,3.4015841543e-01,2.1503597791e+00
1.6683521648e+00,3.7987867211e+00,7.4630720822e-01,4.0605253484e-01,3.4025467338e-01,2.1534677143e+00
1.6690719026e+00,3.8009746552e+00,7.4669837811e-01,4.0634729034e-01,3.4035108777e-01,2.1565825424e+00
1.6697916403e+00,3.8031638494e+00,7.4709037127e-01,4.0664271229e-01,3.4044765898e-01,2.1597042790e+00
1.6705113781e+00,3.8053543045e+00,7.4748318897e-01,4.0693880156e-01,3.4054438741e-01,2.1628329397e+00
1.6712311159e+00,3.8075460212e+00,7.4787683250e-01,4.0723555905e-01,3.4064127345e-01,2.1659685402e+00
1.6719508537e+00,3.8097390003e+00,7.4827130311e-01,4.0753298563e-01,3.4073831748e-01,2.1691110959e+00
1.6726705914e+00,3.8119332424e+00,7.4866660210e-01,4.0783108219e-01,3.4083551990e-01,2.1722606227e+00
1.6733903292e+00,3.8141287483e+00,7.4906273074e-01,4.0812984963e-01,3.4093288110e-01,2.1754171362e+00
1.6741100670e+00,3.8163255187e+00,7.4945969031e-01,4.0842928883e-01,3.4103040148e-01,2.1785806522e+00
1.6748298048e+00,3.8185235544e+00,7.4985748210e-01,4.0872940069e-01,3.4112808141e-01,2.1817511864e+00
1.6755495425e+00,3.8207228560e+00,7.5025610739e-01,4.0903018609e-01,3.4122592130e-01,2.1849287548e+00
1.6762692803e+00,3.8229234243e+00,7.5065556748e-01,4.0933164594e-01,3.4132392153e-01,2.1881133731e+00
1.6769890181e+00,3.8251252601e+00,7.5105586364e-01,4.0963378113e-01,3.4142208251e-01,2.1913050573e+00
1.6777087559e+00,3.8273283640e+00,7.5145699719e-01,4.0993659256e-01,3.4152040463e-01,2.1945038232e+00
1.6784284936e+00,3.8295327368e+00,7.5185896940e-01,4.1024008113e-01,3.4161888827e-01,2.1977096870e+00
1.6791482314e+00,3.8317383792e+00,7.5226178158e-01,4.1054424774e-01,3.4171753383e-01,2.2009226645e+00
1.6798679692e+00,3.8339452920e+00,7.5266543502e-01,4.1084909330e-01,3.4181634172e-01,2.2041427719e+00
1.6805877070e+00,3.8361534759e+00,7.5306993103e-01,4.1115461872e-01,3.4191531232e-01,2.2073700251e+00
1.6813074447e+00,3.8383629316e+00,7.5347527091e-01,4.1146082489e-01,3.4201444603e-01,2.2106044404e+00
1.6820271825e+00,3.8405736598e+00,7.5388145597e-01,4.1176771273e-01,3.4211374324e-01,2.2138460339e+00
1.6827469203e+00,3.8427856613e+00,7.5428848751e-01,4.1207528315e-01,3.4221320436e-01,2.2170948218e+00
1.6834666581e+00,3.8449989369e+00,7.5469636683e-01,4.1238353706e-01,3.4231282978e-01,2.2203508204e+00
1.6841863959e+00,3.8472134872e+00,7.5510509526e-01,4.1269247537e-01,3.4241261989e-01,2.2236140458e+00
1.6849061336e+00,3.8494293129e+00,7.5551467411e-01,4.1300209901e-01,3.4251257510e-01,2.2268845145e+00
1.6856258714e+00,3.8516464149e+00,7.5592510469e-01,4.1331240888e-01,3.4261269581e-01,2.2301622427e+00
1.6863456092e+00,3.8538647938e+00,7.5633638832e-01,4.1362340591e-01,3.4271298241e-01,2.2334472469e+00
1.6870653470e+00,3.8560844505e+00,7.5674852632e-01,4.1393509102e-01,3.4281343530e-01,2.2367395434e+00
1.6877850847e+00,3.8583053855e+00,7.5716152001e-01,4.1424746513e-01,3.4291405488e-01,2.2400391488e+00
1.6885048225e+00,3.8605275997e+00,7.5757537072e-01,4.1456052916e-01,3.4301484155e-01,2.2433460795e+00
1.6892245603e+00,3.8627510938e+00,7.5799007977e-01,4.1487428405e-01,3.4311579572e-01,2.2466603521e+00
1.6899442981e+00,3.8649758686e+00,7.5840564849e-01,4.1518873071e-01,3.4321691778e-01,2.2499819832e+00
1.6906640358e+00,3.8672019247e+00,7.5882207822e-01,4.1550387008e-01,3.4331820813e-01,2.2533109894e+00
1.6913837736e+00,3.8694292629e+00,7.5923937028e-01,4.1581970309e-01,3.4341966719e-01,2.2566473873e+00
1.6921035114e+00,3.8716578840e+00,7.5965752601e-01,4.1613623067e-01,3.4352129534e-01,2.2599911936e+00
1.6928232492e+00,3.8738877887e+00,7.6007654675e-01,4.1645345376e-01,3.4362309299e-01,2.2633424251e+00
1.6935429869e+00,3.8761189777e+00,7.6049643384e-01,4.1677137329e-01,3.4372506055e-01,2.2667010985e+00
1.6942627247e+00,3.8783514517e+00,7.6091718861e-01,4.1708999020e-01,3.4382719841e-01,2.2700672307e+00
1.6949824625e+00,3.8805852116e+00,7.6133881242e-01,4.1740930543e-01,3.4392950699e-01,2.2734408384e+00
1.6957022003e+00,3.8828202580e+00,7.6176130661e-01,4.1772931992e-01,3.4403198669e-01,2.2768219387e+00
1.6964219380e+00,3.8850565917e+00,7.6218467253e-01,4.1805003462e-01,3.4413463791e-01,2.2802105483e+00
1.6971416758e+00,3.8872942134e+00,7.6260891152e-01,4.1837145047e-01,3.4423746106e-01,2.2836066844e+00
1.6978614136e+00,3.8895331239e+00,7.6303402494e-01,4.1869356841e-01,3.4434045654e-01,2.2870103638e+00
1.6985811514e+00,3.8917733240e+00,7.6346001415e-01,4.1901638939e-01,3.4444362476e-01,2.2904216037e+00
1.6993008891e+00,3.8940148142e+00,7.6388688050e-01,4.1933991438e-01,3.4454696613e-01,2.2938404211e+00
1.7000206269e+00,3.8962575955e+00,7.6431462535e-01,4.1966414431e-01,3.4465048105e-01,2.2972668332e+00
1.7007403647e+00,3.8985016685e+00,7.6474325007e-01,4.1998908013e-01,3.4475416993e-01,2.3007008571e+00
1.7014601025e+00,3.9007470340e+00,7.6517275600e-01,4.2031472282e-01,3.4485803318e-01,2.3041425100e+00
1.7021798403e+00,3.9029936928e+00,7.6560314453e-01,4.2064107332e-01,3.4496207121e-01,2.3075918091e+00
1.7028995780e+00,3.9052416455e+00,7.6603441702e-01,4.2096813259e-01,3.4506628443e-01,2.3110487719e+00
1.7036193158e+00,3.9074908929e+00,7.6646657484e-01,4.2129590159e-01,3.4517067325e-01,2.3145134155e+00
1.7043390536e+00,3.9097414358e+00,7.6689961936e-01,4.2162438129e-01,3.4527523807e-01,2.3179857574e+00
1.7050587914e+00,3.9119932749e+00,7.6733355196e-01,4.2195357265e-01,3.4537997931e-01,2.3214658149e+00
1.7057785291e+00,3.9142464110e+00,7.6776837401e-01,4.2228347663e-01,3.4548489738e-01,2.3249536055e+00
1.7064982669e+00,3.9165008448e+00,7.6820408689e-01,4.2261409421e-01,3.4558999269e-01,2.3284491468e+00
1.7072180047e+00,3.9187565770e+00,7.6864069199e-01,4.2294542635e-01,3.4569526565e-01,2.3319524562e+00
1.7079377425e+00,3.9210136085e+00,7.6907819069e-01,4.2327747402e-01,3.4580071667e-01,2.3354635512e+00
1.7086574802e+00,3.9232719399e+00,7.6951658437e-01,4.2361023820e-01,3.4590634616e-01,2.3389824496e+00
1.7093772180e+00,3.9255315720e+00,7.6995587442e-01,4.2394371986e-01,3.4601215455e-01,2.3425091689e+00
1.7100969558e+00,3.9277925055e+00,7.7039606223e-01,4.2427791998e-01,3.4611814224e-01,2.3460437269e+00
1.7108166936e+00,3.9300547412e+00,7.7083714919e-01,4.2461283954e-01,3.4622430965e-01,2.3495861413e+00
1.7115364313e+00,3.9323182799e+00,7.7127913671e-01,4.2494847952e-01,3.4633065719e-01,2.3531364298e+00
1.7122561691e+00,3.9345831223e+00,7.7172202617e-01,4.2528484089e-01,3.4643718527e-01,2.3566946103e+00
1.7129759069e+00,3.9368492691e+00,7.7216581897e-01,4.2562192465e-01,3.4654389432e-01,2.3602607006e+00
1.7136956447e+00,3.9391167212e+00,7.7261051653e-01,4.2595973178e-01,3.4665078475e-01,2.3638347187e+00
1.7144153824e+00,3.9413854792e+00,7.7305612023e-01,4.2629826326e-01,3.4675785697e-01,2.3674166824e+00
1.7151351202e+00,3.9436555439e+00,7.7350263149e-01,4.2663752009e-01,3.4686511140e-01,2.3710066098e+00
1.7158548580e+00,3.9459269160e+00,7.7395005172e-01,4.2697750326e-01,3.4697254846e-01,2.3746045189e+00
1.7165745958e+00,3.9481995964e+00,7.7439838232e-01,4.2731821375e-01,3.4708016857e-01,2.3782104278e+00
1.7172943335e+00,3.9504735857e+00,7.7484762471e-01,4.2765965257e-01,3.4718797214e-01,2.3818243545e+00
1.7180140713e+00,3.9527488847e+00,7.7529778031e-01,4.2800182071e-01,3.4729595959e-01,2.3854463172e+00
1.7187338091e+00,3.9550254942e+00,7.7574885053e-01,4.2834471917e-01,3.4740413135e-01,2.3890763341e+00
1.7194535469e+00,3.9573034150e+00,7.7620083678e-01,4.2868834895e-01,3.4751248783e-01,2.3927144234e+00
1.7201732847e+00,3.9595826477e+00,7.7665374051e-01,4.2903271105e-01,3.4762102946e-01,2.3963606035e+00
1.7208930224e+00,3.9618631932e+00,7.7710756312e-01,4.2937780647e-01,3.4772975665e-01,2.4000148926e+00
1.7216127602e+00,3.9641450521e+00,7.7756230605e-01,4.2972363623e-01,3.4783866982e-01,2.4036773091e+00
1.7223324980e+00,3.9664282253e+00,7.7801797072e-01,4.3007020132e-01,3.4794776940e-01,2.4073478714e+00
1.7230522358e+00,3.9687127136e+00,7.7847455856e-01,4.3041750276e-01,3.4805705581e-01,2.4110265979e+00
1.7237719735e+00,3.9709985175e+00,7.7893207102e-01,4.3076554155e-01,3.4816652947e-01,2.4147135072e+00
1.7244917113e+00,3.9732856380e+00,7.7939050952e-01,4.3111431872e-01,3.4827619080e-01,2.4184086178e+00
1.7252114491e+00,3.9755740758e+00,7.7984987551e-01,4.3146383527e-01,3.4838604024e-01,2.4221119482e+00
1.7259311869e+00,3.9778638316e+00,7.8031017042e-01,4.3181409222e-01,3.4849607819e-01,2.4258235171e+00
1.7266509246e+00,3.9801549063e+00,7.8077139569e-01,4.3216509060e-01,3.4860630509e-01,2.4295433431e+00
1.7273706624e+00,3.9824473004e+00,7.8123355278e-01,4.3251683141e-01,3.4871672137e-01,2.4332714450e+00
1.7280904002e+00,3.9847410149e+00,7.8169664313e-01,4.3286931569e-01,3.4882732744e-01,2.4370078415e+00
1.7288101380e+00,3.9870360505e+00,7.8216066819e-01,4.3322254445e-01,3.4893812373e-01,2.4407525513e+00
1.7295298757e+00,3.9893324079e+00,7.8262562941e-01,4.3357651873e-01,3.4904911068e-01,2.4445055934e+00
1.7302496135e+00,3.9916300879e+00,7.8309152825e-01,4.3393123955e-01,3.4916028870e-01,2.4482669866e+00
1.7309693513e+00,3.9939290913e+00,7.8355836616e-01,4.3428670793e-01,3.4927165823e-01,2.4520367498e+00
1.7316890891e+00,3.9962294188e+00,7.8402614461e-01,4.3464292492e-01,3.4938321969e-01,2.4558149021e+00
1.7324088268e+00,3.9985310712e+00,7.8449486505e-01,4.3499989154e-01,3.4949497351e-01,2.4596014623e+00
1.7331285646e+00,4.0008340492e+00,7.8496452896e-01,4.3535760884e-01,3.4960692012e-01,2.4633964496e+00
1.7338483024e+00,4.0031383537e+00,7.8543513779e-01,4.3571607783e-01,3.4971905995e-01,2.4671998831e+00
1.7345680402e+00,4.0054439853e+00,7.8590669301e-01,4.3607529958e-01,3.4983139344e-01,2.4710117819e+00
1.7352877779e+00,4.0077509449e+00,7.8637919610e-01,4.3643527511e-01,3.4994392100e-01,2.4748321653e+00
1.7360075157e+00,4.0100592332e+00,7.8685264853e-01,4.3679600546e-01,3.5005664307e-01,2.4786610523e+00
1.7367272535e+00,4.0123688509e+00,7.8732705178e-01,4.3715749169e-01,3.5016956009e-01,2.4824984624e+00
1.7374469913e+00,4.0146797989e+00,7.8780240732e-01,4.3751973484e-01,3.5028267248e-01,2.4863444149e+00
1.7381667291e+00,4.0169920779e+00,7.8827871664e-01,4.3788273596e-01,3.5039598068e-01,2.4901989291e+00
1.7388864668e+00,4.0193056887e+00,7.8875598121e-01,4.3824649610e-01,3.5050948512e-01,2.4940620244e+00
1.7396062046e+00,4.0216206320e+00,7.8923420253e-01,4.3861101630e-01,3.5062318623e-01,2.4979337203e+00
1.7403259424e+00,4.0239369086e+00,7.8971338208e-01,4.3897629763e-01,3.5073708445e-01,2.5018140364e+00
1.7410456802e+00,4.0262545193e+00,7.9019352136e-01,4.3934234114e-01,3.5085118021e-01,2.5057029921e+00
1.7417654179e+00,4.0285734648e+00,7.9067462185e-01,4.3970914789e-01,3.5096547396e-01,2.5096006070e+00
1.7424851557e+00,4.0308937460e+00,7.9115668505e-01,4.4007671893e-01,3.5107996611e-01,2.5135069008e+00
1.7432048935e+00,4.0332153635e+00,7.9163971245e-01,4.4044505534e-01,3.5119465712e-01,2.5174218932e+00
1.7439246313e+00,4.0355383182e+00,7.9212370557e-01,4.4081415816e-01,3.5130954741e-01,2.5213456040e+00
1.7446443690e+00,4.0378626108e+00,7.9260866590e-01,4.4118402847e-01,3.5142463742e-01,2.5252780528e+00
1.7453641068e+00,4.0401882420e+00,7.9309459494e-01,4.4155466734e-01,3.5153992760e-01,2.5292192595e+00
1.7460838446e+00,4.0425152128e+00,7.9358149420e-01,4.4192607583e-01,3.5165541838e-01,2.5331692440e+00
1.7468035824e+00,4.0448435237e+00,7.9406936520e-01,4.4229825501e-01,3.5177111019e-01,2.5371280263e+00
1.7475233201e+00,4.0471731757e+00,7.9455820944e-01,4.4267120596e-01,3.5188700348e-01,2.5410956262e+00
1.7482430579e+00,4.0495041695e+00,7.9504802844e-01,4.4304492976e-01,3.5200309868e-01,2.5450720637e+00
1.7489627957e+00,4.0518365058e+00,7.9553882372e-01,4.4341942747e-01,3.5211939625e-01,2.5490573591e+00
1.7496825335e+00,4.0541701854e+00,7.9603059680e-01,4.4379470019e-01,3.5223589661e-01,2.5530515322e+00
1.7504022712e+00,4.0565052091e+00,7.9652334919e-01,4.4417074898e-01,3.5235260021e-01,2.5570546033e+00
1.7511220090e+00,4.0588415777e+00,7.9701708242e-01,4.4454757493e-01,3.5246950749e-01,2.5610665927e+00
1.7518417468e+00,4.0611792920e+00,7.9751179803e-01,4.4492517913e-01,3.5258661889e-01,2.5650875204e+00
1.7525614846e+00,4.0635183526e+00,7.9800749753e-01,4.4530356267e-01,3.5270393487e-01,2.5691174069e+00
1.7532812223e+00,4.0658587605e+00,7.9850418247e-01,4.4568272662e-01,3.5282145584e-01,2.5731562724e+00
1.7540009601e+00,4.0682005163e+00,7.9900185437e-01,4.4606267209e-01,3.5293918228e-01,2.5772041374e+00
1.7547206979e+00,4.0705436209e+00,7.9950051477e-01,4.4644340016e-01,3.5305711461e-01,2.5812610222e+00
1.7554404357e+00,4.0728880750e+00,8.0000016521e-01,4.4682491193e-01,3.5317525328e-01,2.5853269474e+00
1.7561601735e+00,4.0752338794e+00,8.0050080724e-01,4.4720720849e-01,3.5329359874e-01,2.5894019335e+00
1.7568799112e+00,4.0775810349e+00,8.0100244239e-01,4.4759029095e-01,3.5341215144e-01,2.5934860011e+00
1.7575996490e+00,4.0799295422e+00,8.0150507222e-01,4.4797416040e-01,3.5353091182e-01,2.5975791707e+00
1.7583193868e+00,4.0822794022e+00,8.0200869827e-01,4.4835881794e-01,3.5364988032e-01,2.6016814630e+00
1.7590391246e+00,4.0846306156e+00,8.0251332210e-01,4.4874426469e-01,3.5376905741e-01,2.6057928989e+00
1.7597588623e+00,4.0869831832e+00,8.0301894525e-01,4.4913050174e-01,3.5388844351e-01,2.6099134989e+00
1.7604786001e+00,4.0893371058e+00,8.0352556929e-01,4.4951753020e-01,3.5400803909e-01,2.6140432841e+00
1.7611983379e+00,4.0916923841e+00,8.0403319578e-01,4.4990535119e-01,3.5412784459e-01,2.6181822751e+00
1.7619180757e+00,4.0940490189e+00,8.0454182627e-01,4.5029396581e-01,3.5424786046e-01,2.6223304930e+00
1.7626378134e+00,4.0964070111e+00,8.0505146234e-01,4.5068337519e-01,3.5436808715e-01,2.6264879586e+00
1.7633575512e+00,4.0987663614e+00,8.0556210554e-01,4.5107358043e-01,3.5448852512e-01,2.6306546930e+00
1.7640772890e+00,4.1011270706e+00,8.0607375746e-01,4.5146458265e-01,3.5460917481e-01,2.6348307173e+00
1.7647970268e+00,4.1034891394e+00,8.0658641965e-01,4.5185638297e-01,3.5473003668e-01,2.6390160526e+00
1.7655167645e+00,4.1058525686e+00,8.0710009370e-01,4.5224898252e-01,3.5485111117e-01,2.6432107200e+00
1.7662365023e+00,4.1082173592e+00,8.0761478117e-01,4.5264238242e-01,3.5497239875e-01,2.6474147407e+00
1.7669562401e+00,4.1105835117e+00,8.0813048366e-01,4.5303658380e-01,3.5509389986e-01,2.6516281360e+00
1.7676759779e+00,4.1129510270e+00,8.0864720274e-01,4.5343158778e-01,3.5521561497e-01,2.6558509271e+00
1.7683957156e+00,4.1153199059e+00,8.0916494000e-01,4.5382739549e-01,3.5533754451e-01,2.6600831355e+00
1.7691154534e+00,4.1176901492e+00,8.0968369703e-01,4.5422400806e-01,3.5545968896e-01,2.6643247826e+00
1.7698351912e+00,4.1200617576e+00,8.1020347541e-01,4.5462142664e-01,3.5558204877e-01,2.6685758897e+00
1.7705549290e+00,4.1224347320e+00,8.1072427673e-01,4.5501965235e-01,3.5570462438e-01,2.6728364784e+00
1.7712746667e+00,4.1248090731e+00,8.1124610260e-01,4.5541868633e-01,3.5582741626e-01,2.6771065703e+00
1.7719944045e+00,4.1271847817e+00,8.1176895460e-01,4.5581852973e-01,3.5595042488e-01,2.6813861869e+00
1.7727141423e+00,4.1295618586e+00,8.1229283435e-01,4.5621918368e-01,3.5607365067e-01,2.6856753499e+00
1.7734338801e+00,4.1319403046e+00,8.1281774344e-01,4.5662064933e-01,3.5619709411e-01,2.6899740811e+00
1.7741536179e+00,4.1343201205e+00,8.1334368347e-01,4.5702292782e-01,3.5632075565e-01,2.6942824020e+00
1.7748733556e+00,4.1367013071e+00,8.1387065606e-01,4.5742602031e-01,3.5644463575e-01,2.6986003347e+00
1.7755930934e+00,4.1390838651e+00,8.1439866281e-01,4.5782992794e-01,3.5656873488e-01,2.7029279009e+00
1.7763128312e+00,4.1414677954e+00,8.1492770535e-01,4.5823465186e-01,3.5669305348e-01,2.7072651225e+00
1.7770325690e+00,4.1438530987e+00,8.1545778527e-01,4.5864019324e-01,3.5681759204e-01,2.7116120214e+00
1.7777523067e+00,4.1462397758e+00,8.1598890421e-01,4.5904655322e-01,3.5694235100e-01,2.7159686198e+00
1.7784720445e+00,4.1486278276e+00,8.1652106378e-01,4.5945373296e-01,3.5706733082e-01,2.7203349396e+00
1.7791917823e+00,4.1510172547e+00,8.1705426561e-01,4.5986173363e-01,3.5719253199e-01,2.7247110030e+00
1.7799115201e+00,4.1534080581e+00,8.1758851132e-01,4.6027055638e-01,3.5731795494e-01,2.7290968320e+00
1.7806312578e+00,4.1558002385e+00,8.1812380254e-01,4.6068020239e-01,3.5744360016e-01,2.7334924490e+00
1.7813509956e+00,4.1581937966e+00,8.1866014091e-01,4.6109067281e-01,3.5756946810e-01,2.7378978762e+00
1.7820707334e+00,4.1605887334e+00,8.1919752805e-01,4.6150196881e-01,3.5769555923e-01,2.7423131360e+00
1.7827904712e+00,4.1629850495e+00,8.1973596560e-01,4.6191409158e-01,3.5782187402e-01,2.7467382506e+00
1.7835102089e+00,4.1653827458e+00,8.2027545520e-01,4.6232704227e-01,3.5794841293e-01,2.7511732424e+00
1.7842299467e+00,4.1677818231e+00,8.2081599850e-01,4.6274082207e-01,3.5807517643e-01,2.7556181341e+00
1.7849496845e+00,4.1701822821e+00,8.2135759714e-01,4.6315543214e-01,3.5820216499e-01,2.7600729481e+00
1.7856694223e+00,4.1725841237e+00,8.2190025276e-01,4.6357087368e-01,3.5832937908e-01,2.7645377069e+00
1.7863891600e+00,4.1749873487e+00,8.2244396702e-01,4.6398714786e-01,3.5845681916e-01,2.7690124332e+00
1.7871088978e+00,4.1773919577e+00,8.2298874156e-01,4.6440425586e-01,3.5858448571e-01,2.7734971497e+00
1.7878286356e+00,4.1797979518e+00,8.2353457805e-01,4.6482219886e-01,3.5871237919e-01,2.7779918791e+00
1.7885483734e+00,4.1822053316e+00,8.2408147814e-01,4.6524097807e-01,3.5884050007e-01,2.7824966442e+00
1.7892681111e+00,4.1846140979e+00,8.2462944349e-01,4.6566059466e-01,3.5896884883e-01,2.7870114679e+00
1.7899878489e+00,4.1870242516e+00,8.2517847576e-01,4.6608104982e-01,3.5909742594e-01,2.7915363730e+00
1.7907075867e+00,4.1894357934e+00,8.2572857662e-01,4.6650234475e-01,3.5922623187e-01,2.7960713825e+00
1.7914273245e+00,4.1918487242e+00,8.2627974775e-01,4.6692448065e-01,3.5935526710e-01,2.8006165193e+00
1.7921470623e+00,4.1942630447e+00,8.2683199080e-01,4.6734745871e-01,3.5948453209e-01,2.8051718066e+00
1.7928668000e+00,4.1966787557e+00,8.2738530745e-01,4.6777128013e-01,3.5961402732e-01,2.8097372674e+00
1.7935865378e+00,4.1990958581e+00,8.2793969938e-01,4.6819594612e-01,3.5974375326e-01,2.8143129250e+00
1.7943062756e+00,4.2015143527e+00,8.2849516828e-01,4.6862145788e-01,3.5987371040e-01,2.8188988024e+00
1.7950260134e+00,4.2039342402e+00,8.2905171581e-01,4.6904781661e-01,3.6000389921e-01,2.8234949230e+00
1.7957457511e+00,4.2063555214e+00,8.2960934367e-01,4.6947502352e-01,3.6013432016e-01,2.8281013101e+00
1.7964654889e+00,4.2087781972e+00,8.3016805355e-01,4.6990307982e-01,3.6026497372e-01,2.8327179871e+00
1.7971852267e+00,4.2112022683e+00,8.3072784712e-01,4.7033198673e-01,3.6039586039e-01,2.8373449774e+00
1.7979049645e+00,4.2136277356e+00,8.3128872610e-01,4.7076174546e-01,3.6052698064e-01,2.8419823045e+00
1.7986247022e+00,4.2160545999e+00,8.3185069216e-01,4.7119235723e-01,3.6065833494e-01,2.8466299919e+00
1.7993444400e+00,4.2184828619e+00,8.3241374702e-01,4.7162382325e-01,3.6078992377e-01,2.8512880633e+00
1.8000641778e+00,4.2209125225e+00,8.3297789236e-01,4.7205614474e-01,3.6092174762e-01,2.8559565422e+00
1.8007839156e+00,4.2233435825e+00,8.3354312991e-01,4.7248932294e-01,3.6105380697e-01,2.8606354524e+00
1.8015036533e+00,4.2257760426e+00,8.3410946135e-01,4.7292335906e-01,3.6118610229e-01,2.8653248176e+00
1.8022233911e+00,4.2282099038e+00,8.3467688840e-01,4.7335825433e-01,3.6131863407e-01,2.8700246617e+00
1.8029431289e+00,4.2306451667e+00,8.3524541278e-01,4.7379400998e-01,3.6145140280e-01,2.8747350085e+00
1.8036628667e+00,4.2330818323e+00,8.3581503619e-01,4.7423062725e-01,3.6158440894e-01,2.8794558820e+00
1.8043826044e+00,4.2355199012e+00,8.3638576036e-01,4.7466810736e-01,3.6171765300e-01,2.8841873060e+00
1.8051023422e+00,4.2379593744e+00,8.3695758700e-01,4.7510645155e-01,3.6185113545e-01,2.8889293048e+00
1.8058220800e+00,4.2404002526e+00,8.3753051785e-01,4.7554566107e-01,3.6198485678e-01,2.8936819022e+00
1.8065418178e+00,4.2428425367e+00,8.3810455461e-01,4.7598573715e-01,3.6211881747e-01,2.8984451226e+00
1.8072615555e+00,4.2452862274e+00,8.3867969903e-01,4.7642668102e-01,3.6225301801e-01,2.9032189901e+00
1.8079812933e+00,4.2477313256e+00,8.3925595283e-01,4.7686849395e-01,3.6238745888e-01,2.9080035289e+00
1.8087010311e+00,4.2501778320e+00,8.3983331776e-01,4.7731117717e-01,3.6252214058e-01,2.9127987634e+00
1.8094207689e+00,4.2526257475e+00,8.4041179553e-01,4.7775473194e-01,3.6265706359e-01,2.9176047180e+00
1.8101405067e+00,4.2550750729e+00,8.4099138790e-01,4.7819915950e-01,3.6279222840e-01,2.9224214171e+00
1.8108602444e+00,4.2575258090e+00,8.4157209661e-01,4.7864446111e-01,3.6292763551e-01,2.9272488851e+00
1.8115799822e+00,4.2599779566e+00,8.4215392341e-01,4.7909063802e-01,3.6306328539e-01,2.9320871466e+00
1.8122997200e+00,4.2624315166e+00,8.4273687003e-01,4.7953769149e-01,3.6319917854e-01,2.9369362262e+00
1.8130194578e+00,4.2648864896e+00,8.4332093824e-01,4.7998562279e-01,3.6333531545e-01,2.9417961486e+00
1.8137391955e+00,4.2673428767e+00,8.4390612978e-01,4.8043443316e-01,3.6347169661e-01,2.9466669384e+00
1.8144589333e+00,4.2698006785e+00,8.4449244641e-01,4.8088412389e-01,3.6360832252e-01,2.9515486206e+00
1.8151786711e+00,4.2722598959e+00,8.4507988990e-01,4.8133469623e-01,3.6374519367e-01,2.9564412197e+00
1.8158984089e+00,4.2747205297e+00,8.4566846200e-01,4.8178615145e-01,3.6388231055e-01,2.9613447609e+00
1.8166181466e+00,4.2771825807e+00,8.4625816448e-01,4.8223849082e-01,3.6401967366e-01,2.9662592690e+00
1.8173378844e+00,4.2796460498e+00,8.4684899911e-01,4.8269171562e-01,3.6415728349e-01,2.9711847689e+00
1.8180576222e+00,4.2821109377e+00,8.4744096766e-01,4.8314582713e-01,3.6429514053e-01,2.9761212859e+00
1.8187773600e+00,4.2845772453e+00,8.4803407190e-01,4.8360082661e-01,3.6443324529e-01,2.9810688449e+00
1.8194970977e+00,4.2870449733e+00,8.4862831361e-01,4.8405671535e-01,3.6457159826e-01,2.9860274712e+00
1.8202168355e+00,4.2895141227e+00,8.4922369456e-01,4.8451349463e-01,3.6471019993e-01,2.9909971900e+00
1.8209365733e+00,4.2919846942e+00,8.4982021655e-01,4.8497116574e-01,3.6484905081e-01,2.9959780267e+00
1.8216563111e+00,4.2944566886e+00,8.5041788135e-01,4.8542972996e-01,3.6498815139e-01,3.0009700064e+00
1.8223760488e+00,4.2969301068e+00,8.5101669076e-01,4.8588918858e-01,3.6512750218e-01,3.0059731547e+00
1.8230957866e+00,4.2994049495e+00,8.5161664656e-01,4.8634954289e-01,3.6526710367e-01,3.0109874971e+00
1.8238155244e+00,4.3018812177e+00,8.5221775054e-01,4.8681079419e-01,3.6540695636e-01,3.0160130590e+00
1.8245352622e+00,4.3043589121e+00,8.5282000452e-01,4.8727294376e-01,3.6554706076e-01,3.0210498660e+00
1.8252549999e+00,4.3068380335e+00,8.5342341027e-01,4.8773599291e-01,3.6568741736e-01,3.0260979439e+00
1.8259747377e+00,4.3093185828e+00,8.5402796961e-01,4.8819994294e-01,3.6582802668e-01,3.0311573183e+00
1.8266944755e+00,4.3118005608e+00,8.5463368435e-01,4.8866479515e-01,3.6596888920e-01,3.0362280149e+00
1.8274142133e+00,4.3142839683e+00,8.5524055628e-01,4.8913055084e-01,3.6611000545e-01,3.0413100596e+00
1.8281339511e+00,4.3167688061e+00,8.5584858723e-01,4.8959721132e-01,3.6625137591e-01,3.0464034784e+00
1.8288536888e+00,4.3192550751e+00,8.5645777900e-01,4.9006477790e-01,3.6639300110e-01,3.0515082970e+00
1.8295734266e+00,4.3217427760e+00,8.5706813341e-01,4.9053325189e-01,3.6653488153e-01,3.0566245416e+00
1.8302931644e+00,4.3242319098e+00,8.5767965229e-01,4.9100263460e-01,3.6667701769e-01,3.0617522383e+00
1.8310129022e+00,4.3267224772e+00,8.5829233745e-01,4.9147292735e-01,3.6681941010e-01,3.0668914130e+00
1.8317326399e+00,4.3292144791e+00,8.5890619072e-01,4.9194413146e-01,3.6696205926e-01,3.0720420921e+00
1.8324523777e+00,4.3317079162e+00,8.5952121393e-01,4.9241624825e-01,3.6710496568e-01,3.0772043018e+00
1.8331721155e+00,4.3342027895e+00,8.6013740891e-01,4.9288927903e-01,3.6724812987e-01,3.0823780683e+00
1.8338918533e+00,4.3366990996e+00,8.6075477749e-01,4.9336322514e-01,3.6739155235e-01,3.0875634182e+00
1.8346115910e+00,4.3391968476e+00,8.6137332152e-01,4.9383808791e-01,3.6753523361e-01,3.0927603777e+00
1.8353313288e+00,4.3416960341e+00,8.6199304283e-01,4.9431386865e-01,3.6767917418e-01,3.0979689734e+00
1.8360510666e+00,4.3441966601e+00,8.6261394327e-01,4.9479056871e-01,3.6782337456e-01,3.1031892319e+00
1.8367708044e+00,4.3466987263e+00,8.6323602468e-01,4.9526818941e-01,3.6796783527e-01,3.1084211797e+00
1.8374905421e+00,4.3492022336e+00,8.6385928892e-01,4.9574673210e-01,3.6811255682e-01,3.1136648435e+00
1.8382102799e+00,4.3517071828e+00,8.6448373782e-01,4.9622619811e-01,3.6825753972e-01,3.1189202502e+00
1.8389300177e+00,4.3542135748e+00,8.6510937326e-01,4.9670658878e-01,3.6840278449e-01,3.1241874264e+00
1.8396497555e+00,4.3567214103e+00,8.6573619709e-01,4.9718790545e-01,3.6854829164e-01,3.1294663991e+00
1.8403694932e+00,4.3592306902e+00,8.6636421117e-01,4.9767014948e-01,3.6869406169e-01,3.1347571952e+00
1.8410892310e+00,4.3617414154e+00,8.6699341736e-01,4.9815332221e-01,3.6884009515e-01,3.1400598417e+00
1.8418089688e+00,4.3642535866e+00,8.6762381753e-01,4.9863742498e-01,3.6898639255e-01,3.1453743655e+00
1.8425287066e+00,4.3667672047e+00,8.6825541355e-01,4.9912245916e-01,3.6913295439e-01,3.1507007940e+00
1.8432484443e+00,4.3692822706e+00,8.6888820730e-01,4.9960842609e-01,3.6927978120e-01,3.1560391541e+00
1.8439681821e+00,4.3717987850e+00,8.6952220065e-01,5.0009532714e-01,3.6942687350e-01,3.1613894732e+00
1.8446879199e+00,4.3743167488e+00,8.7015739547e-01,5.0058316366e-01,3.6957423181e-01,3.1667517786e+00
1.8454076577e+00,4.3768361629e+00,8.7079379366e-01,5.0107193702e-01,3.6972185665e-01,3.1721260976e+00
1.8461273955e+00,4.3793570280e+00,8.7143139710e-01,5.0156164857e-01,3.6986974853e-01,3.1775124577e+00
1.8468471332e+00,4.3818793451e+00,8.7207020768e-01,5.0205229969e-01,3.7001790798e-01,3.1829108864e+00
1.8475668710e+00,4.3844031149e+00,8.7271022728e-01,5.0254389175e-01,3.7016633553e-01,3.1883214111e+00
1.8482866088e+00,4.3869283382e+00,8.7335145780e-01,5.0303642611e-01,3.7031503169e-01,3.1937440597e+00
1.8490063466e+00,4.3894550160e+00,8.7399390114e-01,5.0352990415e-01,3.7046399700e-01,3.1991788596e+00
1.8497260843e+00,4.3919831491e+00,8.7463755921e-01,5.0402432724e-01,3.7061323196e-01,3.2046258388e+00
1.8504458221e+00,4.3945127382e+00,8.7528243389e-01,5.0451969677e-01,3.7076273712e-01,3.2100850250e+00
1.8511655599e+00,4.3970437843e+00,8.7592852711e-01,5.0501601411e-01,3.7091251299e-01,3.2155564460e+00
1.8518852977e+00,4.3995762881e+00,8.7657584076e-01,5.0551328065e-01,3.7106256011e-01,3.2210401299e+00
1.8526050354e+00,4.4021102505e+00,8.7722437677e-01,5.0601149778e-01,3.7121287899e-01,3.2265361046e+00
1.8533247732e+00,4.4046456724e+00,8.7787413705e-01,5.0651066687e-01,3.7136347018e-01,3.2320443983e+00
1.8540445110e+00,4.4071825546e+00,8.7852512351e-01,5.0701078932e-01,3.7151433419e-01,3.2375650390e+00
1.8547642488e+00,4.4097208980e+00,8.7917733808e-01,5.0751186653e-01,3.7166547155e-01,3.2430980550e+00
1.8554839865e+00,4.4122607033e+00,8.7983078269e-01,5.0801389989e-01,3.7181688280e-01,3.2486434745e+00
1.8562037243e+00,4.4148019714e+00,8.8048545926e-01,5.0851689079e-01,3.7196856847e-01,3.2542013259e+00
1.8569234621e+00,4.4173447031e+00,8.8114136972e-01,5.0902084063e-01,3.7212052909e-01,3.2597716375e+00
1.8576431999e+00,4.4198888994e+00,8.8179851601e-01,5.0952575083e-01,3.7227276519e-01,3.2653544380e+00
1.8583629376e+00,4.4224345610e+00,8.8245690007e-01,5.1003162277e-01,3.7242527730e-01,3.2709497556e+00
1.8590826754e+00,4.4249816888e+00,8.8311652383e-01,5.1053845787e-01,3.7257806596e-01,3.2765576192e+00
1.8598024132e+00,4.4275302837e+00,8.8377738924e-01,5.1104625755e-01,3.7273113170e-01,3.2821780574e+00
1.8605221510e+00,4.4300803464e+00,8.8443949825e-01,5.1155502320e-01,3.7288447506e-01,3.2878110988e+00
1.8612418887e+00,4.4326318778e+00,8.8510285281e-01,5.1206475624e-01,3.7303809656e-01,3.2934567723e+00
1.8619616265e+00,4.4351848789e+00,8.8576745486e-01,5.1257545810e-01,3.7319199676e-01,3.2991151067e+00
1.8626813643e+00,4.4377393503e+00,8.8643330637e-01,5.1308713019e-01,3.7334617619e-01,3.3047861311e+00
1.8634011021e+00,4.4402952930e+00,8.8710040930e-01,5.1359977392e-01,3.7350063538e-01,3.3104698743e+00
1.8641208399e+00,4.4428527078e+00,8.8776876560e-01,5.1411339074e-01,3.7365537487e-01,3.3161663655e+00
1.8648405776e+00,4.4454115955e+00,8.8843837725e-01,5.1462798205e-01,3.7381039520e-01,3.3218756338e+00
1.8655603154e+00,4.4479719571e+00,8.8910924621e-01,5.1514354930e-01,3.7396569691e-01,3.3275977083e+00
1.8662800532e+00,4.4505337933e+00,8.8978137445e-01,5.1566009390e-01,3.7412128055e-01,3.3333326185e+00
1.8669997910e+00,4.4530971051e+00,8.9045476395e-01,5.1617761730e-01,3.7427714665e-01,3.3390803935e+00
1.8677195287e+00,4.4556618932e+00,8.9112941669e-01,5.1669612093e-01,3.7443329576e-01,3.3448410629e+00
1.8684392665e+00,4.4582281584e+00,8.9180533465e-01,5.1721560623e-01,3.7458972842e-01,3.3506146561e+00
1.8691590043e+00,4.4607959018e+00,8.9248251981e-01,5.1773607465e-01,3.7474644517e-01,3.3564012026e+00
1.8698787421e+00,4.4633651240e+00,8.9316097417e-01,5.1825752761e-01,3.7490344655e-01,3.3622007321e+00
1.8705984798e+00,4.4659358261e+00,8.9384069970e-01,5.1877996658e-01,3.7506073312e-01,3.3680132742e+00
1.8713182176e+00,4.4685080087e+00,8.9452169842e-01,5.1930339299e-01,3.7521830542e-01,3.3738388586e+00
1.8720379554e+00,4.4710816728e+00,8.9520397230e-01,5.1982780831e-01,3.7537616399e-01,3.3796775153e+00
1.8727576932e+00,4.4736568192e+00,8.9588752336e-01,5.2035321397e-01,3.7553430939e-01,3.3855292741e+00
1.8734774309e+00,4.4762334487e+00,8.9657235360e-01,5.2087961145e-01,3.7569274215e-01,3.3913941649e+00
1.8741971687e+00,4.4788115623e+00,8.9725846503e-01,5.2140700219e-01,3.7585146284e-01,3.3972722178e+00
1.8749169065e+00,4.4813911608e+00,8.9794585965e-01,5.2193538766e-01,3.7601047199e-01,3.4031634629e+00
1.8756366443e+00,4.4839722450e+00,8.9863453948e-01,5.2246476932e-01,3.7616977016e-01,3.4090679303e+00
1.8763563820e+00,4.4865548159e+00,8.9932450653e-01,5.2299514864e-01,3.7632935790e-01,3.4149856503e+00
1.8770761198e+00,4.4891388741e+00,9.0001576284e-01,5.2352652708e-01,3.7648923576e-01,3.4209166532e+00
1.8777958576e+00,4.4917244207e+00,9.0070831041e-01,5.2405890612e-01,3.7664940429e-01,3.4268609693e+00
1.8785155954e+00,4.4943114564e+00,9.0140215128e-01,5.2459228722e-01,3.7680986405e-01,3.4328186292e+00
1.8792353331e+00,4.4968999821e+00,9.0209728747e-01,5.2512667187e-01,3.7697061560e-01,3.4387896633e+00
1.8799550709e+00,4.4994899987e+00,9.0279372102e-01,5.2566206155e-01,3.7713165947e-01,3.4447741022e+00
1.8806748087e+00,4.5020815071e+00,9.0349145397e-01,5.2619845773e-01,3.7729299624e-01,3.4507719766e+00
1.8813945465e+00,4.5046745080e+00,9.0419048834e-01,5.2673586189e-01,3.7745462645e-01,3.4567833172e+00
1.8821142843e+00,4.5072690024e+00,9.0489082620e-01,5.2727427553e-01,3.7761655067e-01,3.4628081549e+00
1.8828340220e+00,4.5098649911e+00,9.0559246958e-01,5.2781370013e-01,3.7777876945e-01,3.4688465204e+00
1.8835537598e+00,4.5124624750e+00,9.0629542053e-01,5.2835413718e-01,3.7794128335e-01,3.4748984447e+00
1.8842734976e+00,4.5150614550e+00,9.0699968111e-01,5.2889558818e-01,3.7810409293e-01,3.4809639590e+00
1.8849932354e+00,4.5176619318e+00,9.0770525336e-01,5.2943805462e-01,3.7826719875e-01,3.4870430941e+00
1.8857129731e+00,4.5202639064e+00,9.0841213936e-01,5.2998153800e-01,3.7843060136e-01,3.4931358814e+00
1.8864327109e+00,4.5228673796e+00,9.0912034116e-01,5.3052603982e-01,3.7859430134e-01,3.4992423520e+00
1.8871524487e+00,4.5254723523e+00,9.0982986083e-01,5.3107156159e-01,3.7875829924e-01,3.5053625373e+00
1.8878721865e+00,4.5280788253e+00,9.1054070043e-01,5.3161810480e-01,3.7892259563e-01,3.5114964685e+00
1.8885919242e+00,4.5306867996e+00,9.1125286204e-01,5.3216567098e-01,3.7908719106e-01,3.5176441773e+00
1.8893116620e+00,4.5332962759e+00,9.1196634774e-01,5.3271426163e-01,3.7925208611e-01,3.5238056951e+00
1.8900313998e+00,4.5359072552e+00,9.1268115961e-01,5.3326387826e-01,3.7941728134e-01,3.5299810534e+00
1.8907511376e+00,4.5385197383e+00,9.1339729972e-01,5.3381452240e-01,3.7958277732e-01,3.5361702841e+00
1.8914708753e+00,4.5411337260e+00,9.1411477016e-01,5.3436619556e-01,3.7974857460e-01,3.5423734187e+00
1.8921906131e+00,4.5437492194e+00,9.1483357302e-01,5.3491889925e-01,3.7991467377e-01,3.5485904892e+00
1.8929103509e+00,4.5463662191e+00,9.1555371040e-01,5.3547263502e-01,3.8008107538e-01,3.5548215275e+00
1.8936300887e+00,4.5489847261e+00,9.1627518439e-01,5.3602740438e-01,3.8024778002e-01,3.5610665654e+00
1.8943498264e+00,4.5516047412e+00,9.1699799709e-01,5.3658320886e-01,3.8041478823e-01,3.5673256351e+00
1.8950695642e+00,4.5542262653e+00,9.1772215060e-01,5.3714004999e-01,3.8058210061e-01,3.5735987686e+00
1.8957893020e+00,4.5568492994e+00,9.1844764703e-01,5.3769792932e-01,3.8074971771e-01,3.5798859982e+00
1.8965090398e+00,4.5594738442e+00,9.1917448848e-01,5.3825684836e-01,3.8091764012e-01,3.5861873560e+00
1.8972287775e+00,4.5620999006e+00,9.1990267708e-01,5.3881680868e-01,3.8108586840e-01,3.5925028746e+00
1.8979485153e+00,4.5647274695e+00,9.2063221493e-01,5.3937781180e-01,3.8125440313e-01,3.5988325861e+00
1.8986682531e+00,4.5673565517e+00,9.2136310415e-01,5.3993985928e-01,3.8142324487e-01,3.6051765233e+00
1.8993879909e+00,4.5699871482e+00,9.2209534687e-01,5.4050295265e-01,3.8159239422e-01,3.6115347185e+00
1.9001077287e+00,4.5726192598e+00,9.2282894522e-01,5.4106709348e-01,3.8176185174e-01,3.6179072045e+00
1.9008274664e+00,4.5752528874e+00,9.2356390132e-01,5.4163228331e-01,3.8193161801e-01,3.6242940139e+00
1.9015472042e+00,4.5778880319e+00,9.2430021731e-01,5.4219852370e-01,3.8210169361e-01,3.6306951797e+00
1.9022669420e+00,4.5805246941e+00,9.2503789532e-01,5.4276581621e-01,3.8227207911e-01,3.6371107345e+00
1.9029866798e+00,4.5831628748e+00,9.2577693749e-01,5.4333416239e-01,3.8244277510e-01,3.6435407114e+00
1.9037064175e+00,4.5858025751e+00,9.2651734597e-01,5.4390356382e-01,3.8261378215e-01,3.6499851435e+00
1.9044261553e+00,4.5884437957e+00,9.2725912291e-01,5.4447402205e-01,3.8278510085e-01,3.6564440637e+00
1.9051458931e+00,4.5910865375e+00,9.2800227044e-01,5.4504553866e-01,3.8295673178e-01,3.6629175052e+00
1.9058656309e+00,4.5937308014e+00,9.2874679074e-01,5.4561811521e-01,3.8312867552e-01,3.6694055014e+00
1.9065853686e+00,4.5963765883e+00,9.2949268594e-01,5.4619175329e-01,3.8330093265e-01,3.6759080855e+00
1.9073051064e+00,4.5990238991e+00,9.3023995823e-01,5.4676645446e-01,3.8347350376e-01,3.6824252910e+00
1.9080248442e+00,4.6016727346e+00,9.3098860975e-01,5.4734222031e-01,3.8364638944e-01,3.6889571513e+00
1.9087445820e+00,4.6043230957e+00,9.3173864268e-01,5.4791905242e-01,3.8381959025e-01,3.6955037000e+00
1.9094643197e+00,4.6069749833e+00,9.3249005918e-01,5.4849695238e-01,3.8399310681e-01,3.7020649707e+00
1.9101840575e+00,4.6096283983e+00,9.3324286144e-01,5.4907592176e-01,3.8416693968e-01,3.7086409972e+00
1.9109037953e+00,4.6122833415e+00,9.3399705163e-01,5.4965596216e-01,3.8434108947e-01,3.7152318132e+00
1.9116235331e+00,4.6149398139e+00,9.3475263192e-01,5.5023707518e-01,3.8451555675e-01,3.7218374526e+00
1.9123432708e+00,4.6175978162e+00,9.3550960452e-01,5.5081926240e-01,3.8469034212e-01,3.7284579494e+00
1.9130630086e+00,4.6202573495e+00,9.3626797160e-01,5.5140252543e-01,3.8486544616e-01,3.7350933376e+00
1.9137827464e+00,4.6229184145e+00,9.3702773535e-01,5.5198686587e-01,3.8504086948e-01,3.7417436513e+00
1.9145024842e+00,4.6255810122e+00,9.3778889798e-01,5.5257228532e-01,3.8521661266e-01,3.7484089246e+00
1.9152222219e+00,4.6282451434e+00,9.3855146167e-01,5.5315878538e-01,3.8539267629e-01,3.7550891919e+00
1.9159419597e+00,4.6309108091e+00,9.3931542864e-01,5.5374636767e-01,3.8556906097e-01,3.7617844876e+00
1.9166616975e+00,4.6335780101e+00,9.4008080109e-01,5.5433503380e-01,3.8574576729e-01,3.7684948459e+00
1.9173814353e+00,4.6362467472e+00,9.4084758123e-01,5.5492478538e-01,3.8592279585e-01,3.7752203015e+00
1.9181011731e+00,4.6389170214e+00,9.4161577127e-01,5.5551562403e-01,3.8610014724e-01,3.7819608889e+00
1.9188209108e+00,4.6415888336e+00,9.4238537342e-01,5.5610755136e-01,3.8627782206e-01,3.7887166428e+00
1.9195406486e+00,4.6442621846e+00,9.4315638992e-01,5.5670056900e-01,3.8645582091e-01,3.7954875980e+00
1.9202603864e+00,4.6469370754e+00,9.4392882298e-01,5.5729467858e-01,3.8663414439e-01,3.8022737892e+00
1.9209801242e+00,4.6496135068e+00,9.4470267482e-01,5.5788988173e-01,3.8681279310e-01,3.8090752514e+00
1.9216998619e+00,4.6522914797e+00,9.4547794769e-01,5.5848618006e-01,3.8699176763e-01,3.8158920195e+00
1.9224195997e+00,4.6549709950e+00,9.4625464381e-01,5.5908357523e-01,3.8717106858e-01,3.8227241287e+00
1.9231393375e+00,4.6576520535e+00,9.4703276543e-01,5.5968206886e-01,3.8735069657e-01,3.8295716141e+00
1.9238590753e+00,4.6603346563e+00,9.4781231478e-01,5.6028166259e-01,3.8753065219e-01,3.8364345108e+00
1.9245788130e+00,4.6630188041e+00,9.4859329410e-01,5.6088235806e-01,3.8771093605e-01,3.8433128544e+00
1.9252985508e+00,4.6657044978e+00,9.4937570566e-01,5.6148415692e-01,3.8789154874e-01,3.8502066800e+00
1.9260182886e+00,4.6683917384e+00,9.5015955170e-01,5.6208706082e-01,3.8807249088e-01,3.8571160232e+00
1.9267380264e+00,4.6710805267e+00,9.5094483447e-01,5.6269107140e-01,3.8825376307e-01,3.8640409197e+00
1.9274577641e+00,4.6737708637e+00,9.5173155624e-01,5.6329619032e-01,3.8843536592e-01,3.8709814049e+00
1.9281775019e+00,4.6764627501e+00,9.5251971927e-01,5.6390241923e-01,3.8861730004e-01,3.8779375147e+00
1.9288972397e+00,4.6791561870e+00,9.5330932583e-01,5.6450975980e-01,3.8879956603e-01,3.8849092848e+00
1.9296169775e+00,4.6818511752e+00,9.5410037818e-01,5.6511821367e-01,3.8898216450e-01,3.8918967511e+00
1.9303367152e+00,4.6845477156e+00,9.5489287860e-01,5.6572778253e-01,3.8916509607e-01,3.8988999497e+00
1.9310564530e+00,4.6872458090e+00,9.5568682937e-01,5.6633846802e-01,3.8934836135e-01,3.9059189166e+00
1.9317761908e+00,4.6899454565e+00,9.5648223277e-01,5.6695027183e-01,3.8953196094e-01,3.9129536878e+00
1.9324959286e+00,4.6926466588e+00,9.5727909109e-01,5.6756319563e-01,3.8971589546e-01,3.9200042997e+00
1.9332156663e+00,4.6953494169e+00,9.5807740661e-01,5.6817724108e-01,3.8990016553e-01,3.9270707886e+00
1.9339354041e+00,4.6980537316e+00,9.5887718162e-01,5.6879240987e-01,3.9008477175e-01,3.9341531908e+00
1.9346551419e+00,4.7007596040e+00,9.5967841843e-01,5.6940870368e-01,3.9026971475e-01,3.9412515429e+00
1.9353748797e+00,4.7034670347e+00,9.6048111933e-01,5.7002612419e-01,3.9045499514e-01,3.9483658813e+00
1.9360946175e+00,4.7061760249e+00,9.6128528662e-01,5.7064467309e-01,3.9064061353e-01,3.9554962428e+00
1.9368143552e+00,4.7088865753e+00,9.6209092261e-01,5.7126435206e-01,3.9082657055e-01,3.9626426640e+00
1.9375340930e+00,4.7115986869e+00,9.6289802962e-01,5.7188516280e-01,3.9101286682e-01,3.9698051819e+00
1.9382538308e+00,4.7143123605e+00,9.6370660996e-01,5.7250710701e-01,3.9119950295e-01,3.9769838332e+00
1.9389735686e+00,4.7170275971e+00,9.6451666594e-01,5.7313018638e-01,3.9138647956e-01,3.9841786550e+00
1.9396933063e+00,4.7197443975e+00,9.6532819989e-01,5.7375440261e-01,3.9157379727e-01,3.9913896844e+00
1.9404130441e+00,4.7224627627e+00,9.6614121413e-01,5.7437975741e-01,3.9176145672e-01,3.9986169585e+00
1.9411327819e+00,4.7251826936e+00,9.6695571099e-01,5.7500625247e-01,3.9194945852e-01,4.0058605146e+00
1.9418525197e+00,4.7279041910e+00,9.6777169281e-01,5.7563388952e-01,3.9213780329e-01,4.0131203899e+00
1.9425722574e+00,4.7306272559e+00,9.6858916192e-01,5.7626267026e-01,3.9232649166e-01,4.0203966220e+00
1.9432919952e+00,4.7333518891e+00,9.6940812066e-01,5.7689259641e-01,3.9251552425e-01,4.0276892484e+00
1.9440117330e+00,4.7360780916e+00,9.7022857138e-01,5.7752366968e-01,3.9270490170e-01,4.0349983065e+00
1.9447314708e+00,4.7388058643e+00,9.7105051642e-01,5.7815589179e-01,3.9289462463e-01,4.0423238341e+00
1.9454512085e+00,4.7415352081e+00,9.7187395814e-01,5.7878926448e-01,3.9308469367e-01,4.0496658691e+00
1.9461709463e+00,4.7442661238e+00,9.7269889890e-01,5.7942378946e-01,3.9327510944e-01,4.0570244491e+00
1.9468906841e+00,4.7469986125e+00,9.7352534104e-01,5.8005946846e-01,3.9346587258e-01,4.0643996122e+00
1.9476104219e+00,4.7497326749e+00,9.7435328694e-01,5.8069630322e-01,3.9365698372e-01,4.0717913964e+00
1.9483301596e+00,4.7524683120e+00,9.7518273896e-01,5.8133429547e-01,3.9384844349e-01,4.0791998399e+00
1.9490498974e+00,4.7552055248e+00,9.7601369947e-01,5.8197344695e-01,3.9404025252e-01,4.0866249808e+00
1.9497696352e+00,4.7579443140e+00,9.7684617085e-01,5.8261375939e-01,3.9423241145e-01,4.0940668574e+00
1.9504893730e+00,4.7606846807e+00,9.7768015547e-01,5.8325523455e-01,3.9442492091e-01,4.1015255081e+00
1.9512091107e+00,4.7634266257e+00,9.7851565572e-01,5.8389787417e-01,3.9461778154e-01,4.1090009714e+00
1.9519288485e+00,4.7661701499e+00,9.7935267398e-01,5.8454168000e-01,3.9481099397e-01,4.1164932859e+00
1.9526485863e+00,4.7689152543e+00,9.8019121264e-01,5.8518665379e-01,3.9500455885e-01,4.1240024902e+00
1.9533683241e+00,4.7716619398e+00,9.8103127410e-01,5.8583279730e-01,3.9519847680e-01,4.1315286230e+00
1.9540880619e+00,4.7744102072e+00,9.8187286075e-01,5.8648011229e-01,3.9539274846e-01,4.1390717232e+00
1.9548077996e+00,4.7771600575e+00,9.8271597500e-01,5.8712860050e-01,3.9558737449e-01,4.1466318297e+00
1.9555275374e+00,4.7799114916e+00,9.8356061924e-01,5.8777826372e-01,3.9578235552e-01,4.1542089815e+00
1.9562472752e+00,4.7826645104e+00,9.8440679589e-01,5.8842910371e-01,3.9597769218e-01,4.1618032178e+00
1.9569670130e+00,4.7854191148e+00,9.8525450737e-01,5.8908112224e-01,3.9617338513e-01,4.1694145776e+00
1.9576867507e+00,4.7881753057e+00,9.8610375608e-01,5.8973432107e-01,3.9636943500e-01,4.1770431004e+00
1.9584064885e+00,4.7909330841e+00,9.8695454444e-01,5.9038870200e-01,3.9656584245e-01,4.1846888254e+00
1.9591262263e+00,4.7936924509e+00,9.8780687489e-01,5.9104426678e-01,3.9676260811e-01,4.1923517922e+00
1.9598459641e+00,4.7964534069e+00,9.8866074985e-01,5.9170101722e-01,3.9695973263e-01,4.2000320403e+00
1.9605657018e+00,4.7992159531e+00,9.8951617175e-01,5.9235895509e-01,3.9715721666e-01,4.2077296094e+00
1.9612854396e+00,4.8019800904e+00,9.9037314303e-01,5.9301808218e-01,3.9735506086e-01,4.2154445391e+00
1.9620051774e+00,4.8047458198e+00,9.9123166613e-01,5.9367840027e-01,3.9755326585e-01,4.2231768694e+00
1.9627249152e+00,4.8075131420e+00,9.9209174349e-01,5.9433991118e-01,3.9775183231e-01,4.2309266401e+00
1.9634446529e+00,4.8102820582e+00,9.9295337755e-01,5.9500261668e-01,3.9795076087e-01,4.2386938913e+00
1.9641643907e+00,4.8130525691e+00,9.9381657078e-01,5.9566651859e-01,3.9815005219e-01,4.2464786631e+00
1.9648841285e+00,4.8158246757e+00,9.9468132563e-01,5.9633161870e-01,3.9834970692e-01,4.2542809957e+00
1.9656038663e+00,4.8185983789e+00,9.9554764455e-01,5.9699791882e-01,3.9854972572e-01,4.2621009294e+00
1.9663236040e+00,4.8213736796e+00,9.9641553001e-01,5.9766542076e-01,3.9875010924e-01,4.2699385045e+00
1.9670433418e+00,4.8241505788e+00,9.9728498447e-01,5.9833412633e-01,3.9895085814e-01,4.2777937617e+00
1.9677630796e+00,4.8269290774e+00,9.9815601041e-01,5.9900403735e-01,3.9915197306e-01,4.2856667413e+00
1.9684828174e+00,4.8297091763e+00,9.9902861031e-01,5.9967515563e-01,3.9935345468e-01,4.2935574842e+00
1.9692025551e+00,4.8324908763e+00,9.9990278664e-01,6.0034748299e-01,3.9955530364e-01,4.3014660311e+00
1.9699222929e+00,4.8352741785e+00,1.0007785419e+00,6.0102102126e-01,3.9975752061e-01,4.3093924229e+00
1.9706420307e+00,4.8380590838e+00,1.0016558785e+00,6.0169577227e-01,3.9996010625e-01,4.3173367004e+00
1.9713617685e+00,4.8408455931e+00,1.0025347991e+00,6.0237173784e-01,4.0016306121e-01,4.3252989049e+00
1.9720815063e+00,4.8436337072e+00,1.0034153060e+00,6.0304891981e-01,4.0036638617e-01,4.3332790773e+00
1.9728012440e+00,4.8464234272e+00,1.0042974018e+00,6.0372732002e-01,4.0057008178e-01,4.3412772590e+00
1.9735209818e+00,4.8492147540e+00,1.0051810890e+00,6.0440694029e-01,4.0077414870e-01,4.3492934912e+00
1.9742407196e+00,4.8520076884e+00,1.0060663701e+00,6.0508778249e-01,4.0097858761e-01,4.3573278155e+00
1.9749604574e+00,4.8548022314e+00,1.0069532476e+00,6.0576984844e-01,4.0118339916e-01,4.3653802734e+00
1.9756801951e+00,4.8575983840e+00,1.0078417240e+00,6.0645314000e-01,4.0138858402e-01,4.3734509064e+00
1.9763999329e+00,4.8603961470e+00,1.0087318019e+00,6.0713765903e-01,4.0159414287e-01,4.3815397563e+00
1.9771196707e+00,4.8631955215e+00,1.0096234837e+00,6.0782340737e-01,4.0180007637e-01,4.3896468650e+00
1.9778394085e+00,4.8659965082e+00,1.0105167721e+00,6.0851038688e-01,4.0200638519e-01,4.3977722742e+00
1.9785591462e+00,4.8687991082e+00,1.0114116694e+00,6.0919859942e-01,4.0221307000e-01,4.4059160262e+00
1.9792788840e+00,4.8716033223e+00,1.0123081783e+00,6.0988804686e-01,4.0242013146e-01,4.4140781629e+00
1.9799986218e+00,4.8744091516e+00,1.0132063013e+00,6.1057873107e-01,4.0262757027e-01,4.4222587265e+00
1.9807183596e+00,4.8772165969e+00,1.0141060410e+00,6.1127065391e-01,4.0283538708e-01,4.4304577595e+00
1.9814380973e+00,4.8800256591e+00,1.0150073998e+00,6.1196381725e-01,4.0304358257e-01,4.4386753041e+00
1.9821578351e+00,4.8828363393e+00,1.0159103804e+00,6.1265822298e-01,4.0325215742e-01,4.4469114029e+00
1.9828775729e+00,4.8856486383e+00,1.0168149853e+00,6.1335387298e-01,4.0346111230e-01,4.4551660985e+00
1.9835973107e+00,4.8884625570e+00,1.0177212170e+00,6.1405076911e-01,4.0367044789e-01,4.4634394335e+00
1.9843170484e+00,4.8912780965e+00,1.0186290782e+00,6.1474891328e-01,4.0388016488e-01,4.4717314509e+00
1.9850367862e+00,4.8940952575e+00,1.0195385713e+00,6.1544830736e-01,4.0409026392e-01,4.4800421934e+00
1.9857565240e+00,4.8969140412e+00,1.0204496990e+00,6.1614895326e-01,4.0430074572e-01,4.4883717041e+00
1.9864762618e+00,4.8997344483e+00,1.0213624638e+00,6.1685085286e-01,4.0451161095e-01,4.4967200261e+00
1.9871959995e+00,4.9025564798e+00,1.0222768684e+00,6.1755400807e-01,4.0472286028e-01,4.5050872025e+00
1.9879157373e+00,4.9053801367e+00,1.0231929152e+00,6.1825842078e-01,4.0493449441e-01,4.5134732767e+00
1.9886354751e+00,4.9082054200e+00,1.0241106069e+00,6.1896409290e-01,4.0514651402e-01,4.5218782921e+00
1.9893552129e+00,4.9110323304e+00,1.0250299461e+00,6.1967102634e-01,4.0535891979e-01,4.5303022922e+00
1.9900749507e+00,4.9138608691e+00,1.0259509354e+00,6.2037922300e-01,4.0557171241e-01,4.5387453205e+00
1.9907946884e+00,4.9166910368e+00,1.0268735774e+00,6.2108868481e-01,4.0578489257e-01,4.5472074208e+00
1.9915144262e+00,4.9195228346e+00,1.0277978746e+00,6.2179941367e-01,4.0599846095e-01,4.5556886368e+00
1.9922341640e+00,4.9223562634e+00,1.0287238298e+00,6.2251141152e-01,4.0621241824e-01,4.5641890125e+00
1.9929539018e+00,4.9251913241e+00,1.0296514454e+00,6.2322468026e-01,4.0642676514e-01,4.5727085919e+00
1.9936736395e+00,4.9280280177e+00,1.0305807242e+00,6.2393922184e-01,4.0664150233e-01,4.5812474190e+00
1.9943933773e+00,4.9308663451e+00,1.0315116687e+00,6.2465503817e-01,4.0685663050e-01,4.5898055382e+00
1.9951131151e+00,4.9337063073e+00,1.0324442815e+00,6.2537213119e-01,4.0707215035e-01,4.5983829936e+00
1.9958328529e+00,4.9365479051e+00,1.0333785654e+00,6.2609050284e-01,4.0728806258e-01,4.6069798297e+00
1.9965525906e+00,4.9393911396e+00,1.0343145229e+00,6.2681015506e-01,4.0750436787e-01,4.6155960911e+00
1.9972723284e+00,4.9422360117e+00,1.0352521567e+00,6.2753108979e-01,4.0772106692e-01,4.6242318223e+00
1.9979920662e+00,4.9450825222e+00,1.0361914694e+00,6.2825330898e-01,4.0793816043e-01,4.6328870681e+00
1.9987118040e+00,4.9479306723e+00,1.0371324637e+00,6.2897681456e-01,4.0815564910e-01,4.6415618733e+00
1.9994315417e+00,4.9507804627e+00,1.0380751421e+00,6.2970160851e-01,4.0837353363e-01,4.6502562828e+00
2.0001512795e+00,4.9536318946e+00,1.0390195075e+00,6.3042769277e-01,4.0859181471e-01,4.6589703416e+00
2.0008710173e+00,4.9564849687e+00,1.0399655623e+00,6.3115506930e-01,4.0881049305e-01,4.6677040950e+00
2.0015907551e+00,4.9593396860e+00,1.0409133094e+00,6.3188374006e-01,4.0902956935e-01,4.6764575881e+00
2.0023104928e+00,4.9621960476e+00,1.0418627513e+00,6.3261370702e-01,4.0924904431e-01,4.6852308663e+00
2.0030302306e+00,4.9650540542e+00,1.0428138908e+00,6.3334497214e-01,4.0946891864e-01,4.6940239751e+00
2.0037499684e+00,4.9679137070e+00,1.0437667304e+00,6.3407753741e-01,4.0968919304e-01,4.7028369600e+00
2.0044697062e+00,4.9707750068e+00,1.0447212730e+00,6.3481140478e-01,4.0990986821e-01,4.7116698666e+00
2.0051894439e+00,4.9736379546e+00,1.0456775211e+00,6.3554657625e-01,4.1013094486e-01,4.7205227408e+00
2.0059091817e+00,4.9765025513e+00,1.0466354775e+00,6.3628305380e-01,4.1035242371e-01,4.7293956284e+00
2.0066289195e+00,4.9793687979e+00,1.0475951449e+00,6.3702083940e-01,4.1057430546e-01,4.7382885754e+00
2.0073486573e+00,4.9822366954e+00,1.0485565259e+00,6.3775993504e-01,4.1079659082e-01,4.7472016279e+00
2.0080683951e+00,4.9851062446e+00,1.0495196232e+00,6.3850034273e-01,4.1101928050e-01,4.7561348321e+00
2.0087881328e+00,4.9879774465e+00,1.0504844397e+00,6.3924206445e-01,4.1124237521e-01,4.7650882342e+00
2.0095078706e+00,4.9908503022e+00,1.0514509779e+00,6.3998510219e-01,4.1146587567e-01,4.7740618808e+00
2.0102276084e+00,4.9937248124e+00,1.0524192406e+00,6.4072945797e-01,4.1168978259e-01,4.7830558183e+00
2.0109473462e+00,4.9966009783e+00,1.0533892305e+00,6.4147513378e-01,4.1191409668e-01,4.7920700933e+00
2.0116670839e+00,4.9994788007e+00,1.0543609503e+00,6.4222213164e-01,4.1213881867e-01,4.8011047527e+00
2.0123868217e+00,5.0023582806e+00,1.0553344028e+00,6.4297045355e-01,4.1236394926e-01,4.8101598431e+00
2.0131065595e+00,5.0052394190e+00,1.0563095907e+00,6.4372010153e-01,4.1258948919e-01,4.8192354116e+00
2.0138262973e+00,5.0081222168e+00,1.0572865168e+00,6.4447107760e-01,4.1281543915e-01,4.8283315052e+00
2.0145460350e+00,5.0110066749e+00,1.0582651837e+00,6.4522338378e-01,4.1304179989e-01,4.8374481712e+00
2.0152657728e+00,5.0138927944e+00,1.0592455942e+00,6.4597702209e-01,4.1326857211e-01,4.8465854567e+00
2.0159855106e+00,5.0167805761e+00,1.0602277511e+00,6.4673199456e-01,4.1349575655e-01,4.8557434092e+00
2.0167052484e+00,5.0196700211e+00,1.0612116571e+00,6.4748830322e-01,4.1372335391e-01,4.8649220762e+00
2.0174249861e+00,5.0225611303e+00,1.0621973151e+00,6.4824595011e-01,4.1395136494e-01,4.8741215052e+00
2.0181447239e+00,5.0254539046e+00,1.0631847276e+00,6.4900493727e-01,4.1417979035e-01,4.8833417440e+00
2.0188644617e+00,5.0283483450e+00,1.0641738976e+00,6.4976526673e-01,4.1440863087e-01,4.8925828404e+00
2.0195841995e+00,5.0312444525e+00,1.0651648278e+00,6.5052694054e-01,4.1463788722e-01,4.9018448424e+00
2.0203039372e+00,5.0341422280e+00,1.0661575209e+00,6.5128996075e-01,4.1486756015e-01,4.9111277980e+00
2.0210236750e+00,5.0370416725e+00,1.0671519798e+00,6.5205432941e-01,4.1509765037e-01,4.9204317554e+00
2.0217434128e+00,5.0399427870e+00,1.0681482072e+00,6.5282004857e-01,4.1532815862e-01,4.9297567627e+00
2.0224631506e+00,5.0428455724e+00,1.0691462059e+00,6.5358712030e-01,4.1555908562e-01,4.9391028686e+00
2.0231828883e+00,5.0457500297e+00,1.0701459788e+00,6.5435554665e-01,4.1579043212e-01,4.9484701213e+00
2.0239026261e+00,5.0486561598e+00,1.0711475285e+00,6.5512532969e-01,4.1602219884e-01,4.9578585696e+00
2.0246223639e+00,5.0515639637e+00,1.0721508580e+00,6.5589647149e-01,4.1625438653e-01,4.9672682621e+00
2.0253421017e+00,5.0544734424e+00,1.0731559700e+00,6.5666897411e-01,4.1648699591e-01,4.9766992477e+00
2.0260618395e+00,5.0573845968e+00,1.0741628674e+00,6.5744283964e-01,4.1672002773e-01,4.9861515754e+00
2.0267815772e+00,5.0602974279e+00,1.0751715529e+00,6.5821807016e-01,4.1695348272e-01,4.9956252942e+00
2.0275013150e+00,5.0632119366e+00,1.0761820294e+00,6.5899466774e-01,4.1718736162e-01,5.0051204532e+00
2.0282210528e+00,5.0661281240e+00,1.0771942996e+00,6.5977263447e-01,4.1742166517e-01,5.0146371018e+00
2.0289407906e+00,5.0690459910e+00,1.0782083666e+00,6.6055197244e-01,4.1765639411e-01,5.0241752893e+00
2.0296605283e+00,5.0719655386e+00,1.0792242329e+00,6.6133268374e-01,4.1789154919e-01,5.0337350654e+00
2.0303802661e+00,5.0748867677e+00,1.0802419016e+00,6.6211477047e-01,4.1812713116e-01,5.0433164795e+00
2.0311000039e+00,5.0778096792e+00,1.0812613755e+00,6.6289823473e-01,4.1836314074e-01,5.0529195816e+00
2.0318197417e+00,5.0807342743e+00,1.0822826573e+00,6.6368307861e-01,4.1859957870e-01,5.0625444213e+00
2.0325394794e+00,5.0836605538e+00,1.0833057500e+00,6.6446930424e-01,4.1883644577e-01,5.0721910487e+00
2.0332592172e+00,5.0865885187e+00,1.0843306564e+00,6.6525691370e-01,4.1907374271e-01,5.0818595140e+00
2.0339789550e+00,5.0895181700e+00,1.0853573794e+00,6.6604590913e-01,4.1931147026e-01,5.0915498673e+00
2.0346986928e+00,5.0924495086e+00,1.0863859218e+00,6.6683629263e-01,4.1954962917e-01,5.1012621588e+00
2.0354184305e+00,5.0953825355e+00,1.0874162865e+00,6.6762806633e-01,4.1978822020e-01,5.1109964392e+00
2.0361381683e+00,5.0983172518e+00,1.0884484764e+00,6.6842123234e-01,4.2002724410e-01,5.1207527589e+00
2.0368579061e+00,5.1012536583e+00,1.0894824944e+00,6.6921579280e-01,4.2026670162e-01,5.1305311686e+00
2.0375776439e+00,5.1041917560e+00,1.0905183434e+00,6.7001174984e-01,4.2050659352e-01,5.1403317192e+00
2.0382973816e+00,5.1071315460e+00,1.0915560261e+00,6.7080910558e-01,4.2074692054e-01,5.1501544614e+00
2.0390171194e+00,5.1100730292e+00,1.0925955456e+00,6.7160786218e-01,4.2098768346e-01,5.1599994464e+00
2.0397368572e+00,5.1130162065e+00,1.0936369048e+00,6.7240802176e-01,4.2122888302e-01,5.1698667253e+00
2.0404565950e+00,5.1159610790e+00,1.0946801065e+00,6.7320958648e-01,4.2147051998e-01,5.1797563494e+00
2.0411763327e+00,5.1189076475e+00,1.0957251536e+00,6.7401255847e-01,4.2171259511e-01,5.1896683700e+00
2.0418960705e+00,5.1218559132e+00,1.0967720491e+00,6.7481693991e-01,4.2195510917e-01,5.1996028387e+00
2.0426158083e+00,5.1248058770e+00,1.0978207958e+00,6.7562273292e-01,4.2219806291e-01,5.2095598070e+00
2.0433355461e+00,5.1277575398e+00,1.0988713968e+00,6.7642993969e-01,4.2244145710e-01,5.2195393268e+00
2.0440552839e+00,5.1307109026e+00,1.0999238549e+00,6.7723856237e-01,4.2268529251e-01,5.2295414499e+00
2.0447750216e+00,5.1336659664e+00,1.1009781730e+00,6.7804860312e-01,4.2292956990e-01,5.2395662282e+00
2.0454947594e+00,5.1366227322e+00,1.1020343542e+00,6.7886006411e-01,4.2317429004e-01,5.2496137139e+00
2.0462144972e+00,5.1395812010e+00,1.1030924012e+00,6.7967294752e-01,4.2341945370e-01,5.2596839592e+00
2.0469342350e+00,5.1425413737e+00,1.1041523172e+00,6.8048725553e-01,4.2366506164e-01,5.2697770165e+00
2.0476539727e+00,5.1455032514e+00,1.1052141049e+00,6.8130299031e-01,4.2391111464e-01,5.2798929381e+00
2.0483737105e+00,5.1484668350e+00,1.1062777675e+00,6.8212015405e-01,4.2415761346e-01,5.2900317768e+00
2.0490934483e+00,5.1514321254e+00,1.1073433078e+00,6.8293874893e-01,4.2440455888e-01,5.3001935852e+00
2.0498131861e+00,5.1543991238e+00,1.1084107288e+00,6.8375877715e-01,4.2465195167e-01,5.3103784161e+00
2.0505329238e+00,5.1573678310e+00,1.1094800335e+00,6.8458024090e-01,4.2489979261e-01,5.3205863225e+00
2.0512526616e+00,5.1603382480e+00,1.1105512249e+00,6.8540314238e-01,4.2514808247e-01,5.3308173575e+00
2.0519723994e+00,5.1633103759e+00,1.1116243058e+00,6.8622748378e-01,4.2539682204e-01,5.3410715743e+00
2.0526921372e+00,5.1662842156e+00,1.1126992794e+00,6.8705326733e-01,4.2564601207e-01,5.3513490261e+00
2.0534118749e+00,5.1692597681e+00,1.1137761486e+00,6.8788049521e-01,4.2589565337e-01,5.3616497665e+00
2.0541316127e+00,5.1722370344e+00,1.1148549164e+00,6.8870916965e-01,4.2614574670e-01,5.3719738490e+00
2.0548513505e+00,5.1752160154e+00,1.1159355857e+00,6.8953929287e-01,4.2639629285e-01,5.3823213274e+00
2.0555710883e+00,5.1781967123e+00,1.1170181597e+00,6.9037086708e-01,4.2664729260e-01,5.3926922553e+00
2.0562908260e+00,5.1811791258e+00,1.1181026412e+00,6.9120389450e-01,4.2689874674e-01,5.4030866869e+00
2.0570105638e+00,5.1841632571e+00,1.1191890334e+00,6.9203837737e-01,4.2715065604e-01,5.4135046760e+00
2.0577303016e+00,5.1871491072e+00,1.1202773392e+00,6.9287431791e-01,4.2740302130e-01,5.4239462771e+00
2.0584500394e+00,5.1901366769e+00,1.1213675617e+00,6.9371171836e-01,4.2765584330e-01,5.4344115442e+00
2.0591697771e+00,5.1931259674e+00,1.1224597038e+00,6.9455058095e-01,4.2790912284e-01,5.4449005320e+00
2.0598895149e+00,5.1961169795e+00,1.1235537686e+00,6.9539090793e-01,4.2816286069e-01,5.4554132950e+00
2.0606092527e+00,5.1991097144e+00,1.1246497592e+00,6.9623270155e-01,4.2841705765e-01,5.4659498878e+00
2.0613289905e+00,5.2021041729e+00,1.1257476786e+00,6.9707596405e-01,4.2867171452e-01,5.4765103653e+00
2.0620487283e+00,5.2051003562e+00,1.1268475298e+00,6.9792069768e-01,4.2892683208e-01,5.4870947825e+00
2.0627684660e+00,5.2080982650e+00,1.1279493158e+00,6.9876690470e-01,4.2918241114e-01,5.4977031944e+00
2.0634882038e+00,5.2110979006e+00,1.1290530399e+00,6.9961458738e-01,4.2943845248e-01,5.5083356562e+00
2.0642079416e+00,5.2140992638e+00,1.1301587049e+00,7.0046374797e-01,4.2969495690e-01,5.5189922233e+00
2.0649276794e+00,5.2171023557e+00,1.1312663139e+00,7.0131438874e-01,4.2995192520e-01,5.5296729512e+00
2.0656474171e+00,5.2201071772e+00,1.1323758701e+00,7.0216651197e-01,4.3020935818e-01,5.5403778953e+00
2.0663671549e+00,5.2231137293e+00,1.1334873766e+00,7.0302011993e-01,4.3046725663e-01,5.5511071116e+00
2.0670868927e+00,5.2261220131e+00,1.1346008363e+00,7.0387521489e-01,4.3072562137e-01,5.5618606557e+00
2.0678066305e+00,5.2291320295e+00,1.1357162523e+00,7.0473179915e-01,4.3098445319e-01,5.5726385836e+00
2.0685263682e+00,5.2321437796e+00,1.1368336279e+00,7.0558987498e-01,4.3124375289e-01,5.5834409516e+00
2.0692461060e+00,5.2351572643e+00,1.1379529660e+00,7.0644944468e-01,4.3150352129e-01,5.5942678157e+00
2.0699658438e+00,5.2381724847e+00,1.1390742697e+00,7.0731051054e-01,4.3176375918e-01,5.6051192325e+00
2.0706855816e+00,5.2411894416e+00,1.1401975422e+00,7.0817307485e-01,4.3202446737e-01,5.6159952583e+00
2.0714053193e+00,5.2442081362e+00,1.1413227866e+00,7.0903713993e-01,4.3228564667e-01,5.6268959499e+00
2.0721250571e+00,5.2472285695e+00,1.1424500060e+00,7.0990270807e-01,4.3254729790e-01,5.6378213639e+00
2.0728447949e+00,5.2502507424e+00,1.1435792034e+00,7.1076978158e-01,4.3280942186e-01,5.6487715573e+00
2.0735645327e+00,5.2532746559e+00,1.1447103821e+00,7.1163836278e-01,4.3307201936e-01,5.6597465871e+00
2.0742842704e+00,5.2563003111e+00,1.1458435452e+00,7.1250845397e-01,4.3333509122e-01,5.6707465104e+00
2.0750040082e+00,5.2593277089e+00,1.1469786957e+00,7.1338005749e-01,4.3359863824e-01,5.6817713846e+00
2.0757237460e+00,5.2623568503e+00,1.1481158369e+00,7.1425317566e-01,4.3386266126e-01,5.6928212670e+00
2.0764434838e+00,5.2653877364e+00,1.1492549719e+00,7.1512781080e-01,4.3412716108e-01,5.7038962153e+00
2.0771632215e+00,5.2684203682e+00,1.1503961038e+00,7.1600396524e-01,4.3439213852e-01,5.7149962870e+00
2.0778829593e+00,5.2714547466e+00,1.1515392357e+00,7.1688164132e-01,4.3465759439e-01,5.7261215401e+00
2.0786026971e+00,5.2744908727e+00,1.1526843709e+00,7.1776084138e-01,4.3492352953e-01,5.7372720324e+00
2.0793224349e+00,5.2775287475e+00,1.1538315125e+00,7.1864156776e-01,4.3518994476e-01,5.7484478221e+00
2.0800421727e+00,5.2805683719e+00,1.1549806637e+00,7.1952382282e-01,4.3545684088e-01,5.7596489674e+00
2.0807619104e+00,5.2836097471e+00,1.1561318276e+00,7.2040760889e-01,4.3572421874e-01,5.7708755266e+00
2.0814816482e+00,5.2866528739e+00,1.1572850075e+00,7.2129292833e-01,4.3599207914e-01,5.7821275583e+00
2.0822013860e+00,5.2896977535e+00,1.1584402064e+00,7.2217978351e-01,4.3626042293e-01,5.7934051210e+00
2.0829211238e+00,5.2927443867e+00,1.1595974277e+00,7.2306817678e-01,4.3652925093e-01,5.8047082736e+00
2.0836408615e+00,5.2957927747e+00,1.1607566745e+00,7.2395811051e-01,4.3679856396e-01,5.8160370749e+00
2.0843605993e+00,5.2988429184e+00,1.1619179499e+00,7.2484958707e-01,4.3706836286e-01,5.8273915840e+00
2.0850803371e+00,5.3018948189e+00,1.1630812573e+00,7.2574260884e-01,4.3733864846e-01,5.8387718600e+00
2.0858000749e+00,5.3049484772e+00,1.1642465998e+00,7.2663717819e-01,4.3760942158e-01,5.8501779623e+00
2.0865198126e+00,5.3080038942e+00,1.1654139806e+00,7.2753329750e-01,4.3788068307e-01,5.8616099503e+00
2.0872395504e+00,5.3110610710e+00,1.1665834029e+00,7.2843096915e-01,4.3815243377e-01,5.8730678836e+00
2.0879592882e+00,5.3141200086e+00,1.1677548700e+00,7.2933019555e-01,4.3842467449e-01,5.8845518219e+00
2.0886790260e+00,5.3171807080e+00,1.1689283852e+00,7.3023097908e-01,4.3869740609e-01,5.8960618251e+00
2.0893987637e+00,5.3202431702e+00,1.1701039515e+00,7.3113332214e-01,4.3897062940e-01,5.9075979532e+00
2.0901185015e+00,5.3233073963e+00,1.1712815724e+00,7.3203722712e-01,4.3924434526e-01,5.9191602663e+00
2.0908382393e+00,5.3263733872e+00,1.1724612510e+00,7.3294269644e-01,4.3951855452e-01,5.9307488247e+00
2.0915579771e+00,5.3294411440e+00,1.1736429905e+00,7.3384973250e-01,4.3979325801e-01,5.9423636888e+00
2.0922777148e+00,5.3325106677e+00,1.1748267943e+00,7.3475833772e-01,4.4006845658e-01,5.9540049192e+00
2.0929974526e+00,5.3355819594e+00,1.1760126656e+00,7.3566851452e-01,4.4034415107e-01,5.9656725766e+00
2.0937171904e+00,5.3386550199e+00,1.1772006076e+00,7.3658026530e-01,4.4062034233e-01,5.9773667218e+00
2.0944369282e+00,5.3417298504e+00,1.1783906237e+00,7.3749359250e-01,4.4089703121e-01,5.9890874158e+00
2.0951566659e+00,5.3448064519e+00,1.1795827171e+00,7.3840849856e-01,4.4117421856e-01,6.0008347197e+00
2.0958764037e+00,5.3478848253e+00,1.1807768911e+00,7.3932498589e-01,4.4145190522e-01,6.0126086949e+00
2.0965961415e+00,5.3509649718e+00,1.1819731490e+00,7.4024305693e-01,4.4173009205e-01,6.0244094026e+00
2.0973158793e+00,5.3540468923e+00,1.1831714940e+00,7.4116271413e-01,4.4200877990e-01,6.0362369044e+00
2.0980356171e+00,5.3571305878e+00,1.1843719296e+00,7.4208395994e-01,4.4228796962e-01,6.0480912621e+00
2.0987553548e+00,5.3602160594e+00,1.1855744589e+00,7.4300679679e-01,4.4256766208e-01,6.0599725374e+00
2.0994750926e+00,5.3633033081e+00,1.1867790853e+00,7.4393122715e-01,4.4284785811e-01,6.0718807924e+00
2.1001948304e+00,5.3663923350e+00,1.1879858121e+00,7.4485725346e-01,4.4312855859e-01,6.0838160891e+00
2.1009145682e+00,5.3694831409e+00,1.1891946426e+00,7.4578487819e-01,4.4340976437e-01,6.0957784899e+00
2.1016343059e+00,5.3725757271e+00,1.1904055801e+00,7.4671410381e-01,4.4369147632e-01,6.1077680570e+00
2.1023540437e+00,5.3756700944e+00,1.1916186281e+00,7.4764493278e-01,4.4397369528e-01,6.1197848532e+00
2.1030737815e+00,5.3787662439e+00,1.1928337897e+00,7.4857736757e-01,4.4425642213e-01,6.1318289410e+00
2.1037935193e+00,5.3818641767e+00,1.1940510684e+00,7.4951141066e-01,4.4453965773e-01,6.1439003834e+00
2.1045132570e+00,5.3849638938e+00,1.1952704675e+00,7.5044706454e-01,4.4482340295e-01,6.1559992433e+00
2.1052329948e+00,5.3880653962e+00,1.1964919903e+00,7.5138433168e-01,4.4510765865e-01,6.1681255838e+00
2.1059527326e+00,5.3911686849e+00,1.1977156403e+00,7.5232321458e-01,4.4539242569e-01,6.1802794682e+00
2.1066724704e+00,5.3942737609e+00,1.1989414207e+00,7.5326371573e-01,4.4567770496e-01,6.1924609600e+00
2.1073922081e+00,5.3973806254e+00,1.2001693349e+00,7.5420583762e-01,4.4596349731e-01,6.2046701227e+00
2.1081119459e+00,5.4004892792e+00,1.2013993864e+00,7.5514958276e-01,4.4624980363e-01,6.2169070200e+00
2.1088316837e+00,5.4035997236e+00,1.2026315784e+00,7.5609495364e-01,4.4653662478e-01,6.2291717159e+00
2.1095514215e+00,5.4067119593e+00,1.2038659144e+00,7.5704195279e-01,4.4682396163e-01,6.2414642743e+00
2.1102711592e+00,5.4098259876e+00,1.2051023978e+00,7.5799058271e-01,4.4711181507e-01,6.2537847594e+00
2.1109908970e+00,5.4129418095e+00,1.2063410319e+00,7.5894084592e-01,4.4740018597e-01,6.2661332354e+00
2.1117106348e+00,5.4160594259e+00,1.2075818202e+00,7.5989274495e-01,4.4768907521e-01,6.2785097670e+00
2.1124303726e+00,5.4191788379e+00,1.2088247660e+00,7.6084628231e-01,4.4797848367e-01,6.2909144186e+00
2.1131501103e+00,5.4223000466e+00,1.2100698728e+00,7.6180146054e-01,4.4826841223e-01,6.3033472550e+00
2.1138698481e+00,5.4254230530e+00,1.2113171439e+00,7.6275828216e-01,4.4855886177e-01,6.3158083412e+00
2.1145895859e+00,5.4285478580e+00,1.2125665829e+00,7.6371674973e-01,4.4884983317e-01,6.3282977422e+00
2.1153093237e+00,5.4316744629e+00,1.2138181931e+00,7.6467686578e-01,4.4914132732e-01,6.3408155233e+00
2.1160290615e+00,5.4348028685e+00,1.2150719780e+00,7.6563863285e-01,4.4943334511e-01,6.3533617497e+00
2.1167487992e+00,5.4379330759e+00,1.2163279409e+00,7.6660205350e-01,4.4972588743e-01,6.3659364870e+00
2.1174685370e+00,5.4410650862e+00,1.2175860854e+00,7.6756713028e-01,4.5001895515e-01,6.3785398008e+00
2.1181882748e+00,5.4441989004e+00,1.2188464149e+00,7.6853386575e-01,4.5031254918e-01,6.3911717571e+00
2.1189080126e+00,5.4473345195e+00,1.2201089329e+00,7.6950226247e-01,4.5060667040e-01,6.4038324217e+00
2.1196277503e+00,5.4504719446e+00,1.2213736427e+00,7.7047232301e-01,4.5090131970e-01,6.4165218607e+00
2.1203474881e+00,5.4536111767e+00,1.2226405479e+00,7.7144404994e-01,4.5119649799e-01,6.4292401405e+00
2.1210672259e+00,5.4567522169e+00,1.2239096520e+00,7.7241744584e-01,4.5149220616e-01,6.4419873275e+00
2.1217869637e+00,5.4598950662e+00,1.2251809584e+00,7.7339251328e-01,4.5178844509e-01,6.4547634882e+00
2.1225067014e+00,5.4630397256e+00,1.2264544705e+00,7.7436925485e-01,4.5208521570e-01,6.4675686894e+00
2.1232264392e+00,5.4661861963e+00,1.2277301920e+00,7.7534767314e-01,4.5238251888e-01,6.4804029981e+00
2.1239461770e+00,5.4693344791e+00,1.2290081263e+00,7.7632777073e-01,4.5268035553e-01,6.4932664811e+00
2.1246659148e+00,5.4724845752e+00,1.2302882768e+00,7.7730955023e-01,4.5297872655e-01,6.5061592058e+00
2.1253856525e+00,5.4756364857e+00,1.2315706471e+00,7.7829301424e-01,4.5327763285e-01,6.5190812395e+00
2.1261053903e+00,5.4787902115e+00,1.2328552407e+00,7.7927816535e-01,4.5357707533e-01,6.5320326496e+00
2.1268251281e+00,5.4819457537e+00,1.2341420611e+00,7.8026500619e-01,4.5387705490e-01,6.5450135040e+00
2.1275448659e+00,5.4851031133e+00,1.2354311118e+00,7.8125353935e-01,4.5417757246e-01,6.5580238704e+00
2.1282646036e+00,5.4882622915e+00,1.2367223964e+00,7.8224376747e-01,4.5447862893e-01,6.5710638167e+00
2.1289843414e+00,5.4914232892e+00,1.2380159184e+00,7.8323569316e-01,4.5478022522e-01,6.5841334112e+00
2.1297040792e+00,5.4945861075e+00,1.2393116813e+00,7.8422931904e-01,4.5508236223e-01,6.5972327221e+00
2.1304238170e+00,5.4977507474e+00,1.2406096886e+00,7.8522464775e-01,4.5538504088e-01,6.6103618178e+00
2.1311435547e+00,5.5009172101e+00,1.2419099440e+00,7.8622168193e-01,4.5568826208e-01,6.6235207671e+00
2.1318632925e+00,5.5040854964e+00,1.2432124510e+00,7.8722042420e-01,4.5599202676e-01,6.6367096386e+00
2.1325830303e+00,5.5072556076e+00,1.2445172130e+00,7.8822087722e-01,4.5629633582e-01,6.6499285014e+00
2.1333027681e+00,5.5104275446e+00,1.2458242338e+00,7.8922304363e-01,4.5660119019e-01,6.6631774244e+00
2.1340225059e+00,5.5136013086e+00,1.2471335169e+00,7.9022692608e-01,4.5690659078e-01,6.6764564770e+00
2.1347422436e+00,5.5167769004e+00,1.2484450657e+00,7.9123252723e-01,4.5721253852e-01,6.6897657286e+00
2.1354619814e+00,5.5199543213e+00,1.2497588841e+00,7.9223984974e-01,4.5751903433e-01,6.7031052486e+00
2.1361817192e+00,5.5231335722e+00,1.2510749754e+00,7.9324889628e-01,4.5782607913e-01,6.7164751070e+00
2.1369014570e+00,5.5263146542e+00,1.2523933434e+00,7.9425966950e-01,4.5813367385e-01,6.7298753735e+00
2.1376211947e+00,5.5294975684e+00,1.2537139915e+00,7.9527217210e-01,4.5844181941e-01,6.7433061183e+00
2.1383409325e+00,5.5326823158e+00,1.2550369235e+00,7.9628640673e-01,4.5875051675e-01,6.7567674115e+00
2.1390606703e+00,5.5358688975e+00,1.2563621429e+00,7.9730237610e-01,4.5905976679e-01,6.7702593235e+00
2.1397804081e+00,5.5390573145e+00,1.2576896533e+00,7.9832008287e-01,4.5936957047e-01,6.7837819249e+00
2.1405001458e+00,5.5422475679e+00,1.2590194585e+00,7.9933952975e-01,4.5967992872e-01,6.7973352863e+00
2.1412198836e+00,5.5454396588e+00,1.2603515619e+00,8.0036071943e-01,4.5999084246e-01,6.8109194788e+00
2.1419396214e+00,5.5486335881e+00,1.2616859672e+00,8.0138365460e-01,4.6030231264e-01,6.8245345732e+00
2.1426593592e+00,5.5518293571e+00,1.2630226782e+00,8.0240833797e-01,4.6061434019e-01,6.8381806408e+00
2.1433790969e+00,5.5550269666e+00,1.2643616983e+00,8.0343477226e-01,4.6092692606e-01,6.8518577530e+00
2.1440988347e+00,5.5582264178e+00,1.2657030313e+00,8.0446296016e-01,4.6124007117e-01,6.8655659813e+00
2.1448185725e+00,5.5614277118e+00,1.2670466809e+00,8.0549290441e-01,4.6155377648e-01,6.8793053974e+00
2.1455383103e+00,5.5646308496e+00,1.2683926506e+00,8.0652460771e-01,4.6186804291e-01,6.8930760731e+00
2.1462580480e+00,5.5678358322e+00,1.2697409442e+00,8.0755807281e-01,4.6218287143e-01,6.9068780805e+00
2.1469777858e+00,5.5710426608e+00,1.2710915654e+00,8.0859330241e-01,4.6249826296e-01,6.9207114917e+00
2.1476975236e+00,5.5742513363e+00,1.2724445177e+00,8.0963029927e-01,4.6281421847e-01,6.9345763793e+00
2.1484172614e+00,5.5774618599e+00,1.2737998050e+00,8.1066906612e-01,4.6313073889e-01,6.9484728156e+00
2.1491369991e+00,5.5806742327e+00,1.2751574309e+00,8.1170960571e-01,4.6344782517e-01,6.9624008733e+00
2.1498567369e+00,5.5838884556e+00,1.2765173990e+00,8.1275192077e-01,4.6376547827e-01,6.9763606254e+00
2.1505764747e+00,5.5871045298e+00,1.2778797132e+00,8.1379601408e-01,4.6408369914e-01,6.9903521449e+00
2.1512962125e+00,5.5903224562e+00,1.2792443771e+00,8.1484188837e-01,4.6440248874e-01,7.0043755049e+00
2.1520159503e+00,5.5935422361e+00,1.2806113944e+00,8.1588954641e-01,4.6472184801e-01,7.0184307789e+00
2.1527356880e+00,5.5967638704e+00,1.2819807689e+00,8.1693899098e-01,4.6504177791e-01,7.0325180404e+00
2.1534554258e+00,5.5999873603e+00,1.2833525042e+00,8.1799022483e-01,4.6536227941e-01,7.0466373632e+00
2.1541751636e+00,5.6032127067e+00,1.2847266042e+00,8.1904325075e-01,4.6568335346e-01,7.0607888210e+00
2.1548949014e+00,5.6064399108e+00,1.2861030725e+00,8.2009807151e-01,4.6600500102e-01,7.0749724879e+00
2.1556146391e+00,5.6096689736e+00,1.2874819130e+00,8.2115468990e-01,4.6632722305e-01,7.0891884383e+00
2.1563343769e+00,5.6128998962e+00,1.2888631292e+00,8.2221310871e-01,4.6665002052e-01,7.1034367464e+00
2.1570541147e+00,5.6161326797e+00,1.2902467251e+00,8.2327333072e-01,4.6697339440e-01,7.1177174869e+00
2.1577738525e+00,5.6193673251e+00,1.2916327044e+00,8.2433535875e-01,4.6729734565e-01,7.1320307344e+00
2.1584935902e+00,5.6226038336e+00,1.2930210708e+00,8.2539919558e-01,4.6762187523e-01,7.1463765640e+00
2.1592133280e+00,5.6258422061e+00,1.2944118281e+00,8.2646484402e-01,4.6794698412e-01,7.1607550507e+00
2.1599330658e+00,5.6290824438e+00,1.2958049802e+00,8.2753230689e-01,4.6827267330e-01,7.1751662697e+00
2.1606528036e+00,5.6323245477e+00,1.2972005307e+00,8.2860158700e-01,4.6859894372e-01,7.1896102966e+00
2.1613725413e+00,5.6355685189e+00,1.2985984835e+00,8.2967268718e-01,4.6892579637e-01,7.2040872068e+00
2.1620922791e+00,5.6388143585e+00,1.2999988425e+00,8.3074561024e-01,4.6925323222e-01,7.2185970763e+00
2.1628120169e+00,5.6420620676e+00,1.3014016113e+00,8.3182035902e-01,4.6958125225e-01,7.2331399810e+00
2.1635317547e+00,5.6453116472e+00,1.3028067938e+00,8.3289693635e-01,4.6990985743e-01,7.2477159969e+00
2.1642514924e+00,5.6485630985e+00,1.3042143938e+00,8.3397534506e-01,4.7023904875e-01,7.2623252005e+00
2.1649712302e+00,5.6518164224e+00,1.3056244152e+00,8.3505558801e-01,4.7056882719e-01,7.2769676682e+00
2.1656909680e+00,5.6550716201e+00,1.3070368618e+00,8.3613766804e-01,4.7089919373e-01,7.2916434767e+00
2.1664107058e+00,5.6583286926e+00,1.3084517374e+00,8.3722158800e-01,4.7123014935e-01,7.3063527028e+00
2.1671304435e+00,5.6615876411e+00,1.3098690458e+00,8.3830735075e-01,4.7156169504e-01,7.3210954236e+00
2.1678501813e+00,5.6648484666e+00,1.3112887909e+00,8.3939495915e-01,4.7189383180e-01,7.3358717163e+00
2.1685699191e+00,5.6681111701e+00,1.3127109767e+00,8.4048441607e-01,4.7222656059e-01,7.3506816582e+00
2.1692896569e+00,5.6713757529e+00,1.3141356068e+00,8.4157572437e-01,4.7255988243e-01,7.3655253269e+00
2.1700093947e+00,5.6746422159e+00,1.3155626852e+00,8.4266888694e-01,4.7289379829e-01,7.3804028001e+00
2.1707291324e+00,5.6779105602e+00,1.3169922158e+00,8.4376390665e-01,4.7322830918e-01,7.3953141558e+00
2.1714488702e+00,5.6811807870e+00,1.3184242025e+00,8.4486078639e-01,4.7356341608e-01,7.4102594721e+00
2.1721686080e+00,5.6844528973e+00,1.3198586490e+00,8.4595952905e-01,4.7389912000e-01,7.4252388272e+00
2.1728883458e+00,5.6877268921e+00,1.3212955594e+00,8.4706013752e-01,4.7423542193e-01,7.4402522997e+00
2.1736080835e+00,5.6910027727e+00,1.3227349376e+00,8.4816261470e-01,4.7457232287e-01,7.4552999681e+00
2.1743278213e+00,5.6942805400e+00,1.3241767873e+00,8.4926696349e-01,4.7490982382e-01,7.4703819113e+00
2.1750475591e+00,5.6975601952e+00,1.3256211126e+00,8.5037318681e-01,4.7524792578e-01,7.4854982083e+00
2.1757672969e+00,5.7008417392e+00,1.3270679173e+00,8.5148128757e-01,4.7558662976e-01,7.5006489382e+00
2.1764870346e+00,5.7041251734e+00,1.3285172054e+00,8.5259126867e-01,4.7592593676e-01,7.5158341805e+00
2.1772067724e+00,5.7074104986e+00,1.3299689809e+00,8.5370313306e-01,4.7626584780e-01,7.5310540148e+00
2.1779265102e+00,5.7106977160e+00,1.3314232475e+00,8.5481688365e-01,4.7660636387e-01,7.5463085207e+00
2.1786462480e+00,5.7139868268e+00,1.3328800094e+00,8.5593252337e-01,4.7694748599e-01,7.5615977782e+00
2.1793659857e+00,5.7172778319e+00,1.3343392703e+00,8.5705005516e-01,4.7728921516e-01,7.5769218673e+00
2.1800857235e+00,5.7205707324e+00,1.3358010344e+00,8.5816948197e-01,4.7763155242e-01,7.5922808685e+00
2.1808054613e+00,5.7238655296e+00,1.3372653055e+00,8.5929080674e-01,4.7797449875e-01,7.6076748622e+00
2.1815251991e+00,5.7271622244e+00,1.3387320876e+00,8.6041403242e-01,4.7831805520e-01,7.6231039290e+00
2.1822449368e+00,5.7304608180e+00,1.3402013847e+00,8.6153916196e-01,4.7866222276e-01,7.6385681499e+00
2.1829646746e+00,5.7337613114e+00,1.3416732008e+00,8.6266619833e-01,4.7900700246e-01,7.6540676057e+00
2.1836844124e+00,5.7370637057e+00,1.3431475398e+00,8.6379514449e-01,4.7935239532e-01,7.6696023779e+00
2.1844041502e+00,5.7403680021e+00,1.3446244058e+00,8.6492600342e-01,4.7969840237e-01,7.6851725478e+00
2.1851238880e+00,5.7436742016e+00,1.3461038027e+00,8.6605877808e-01,4.8004502462e-01,7.7007781970e+00
2.1858436257e+00,5.7469823053e+00,1.3475857346e+00,8.6719347146e-01,4.8039226311e-01,7.7164194073e+00
2.1865633635e+00,5.7502923144e+00,1.3490702054e+00,8.6833008653e-01,4.8074011886e-01,7.7320962607e+00
2.1872831013e+00,5.7536042299e+00,1.3505572192e+00,8.6946862630e-01,4.8108859289e-01,7.7478088393e+00
2.1880028391e+00,5.7569180529e+00,1.3520467800e+00,8.7060909376e-01,4.8143768624e-01,7.7635572256e+00
2.1887225768e+00,5.7602337845e+00,1.3535388918e+00,8.7175149189e-01,4.8178739994e-01,7.7793415021e+00
2.1894423146e+00,5.7635514258e+00,1.3550335587e+00,8.7289582372e-01,4.8213773502e-01,7.7951617516e+00
2.1901620524e+00,5.7668709779e+00,1.3565307848e+00,8.7404209224e-01,4.8248869252e-01,7.8110180569e+00
2.1908817902e+00,5.7701924420e+00,1.3580305739e+00,8.7519030047e-01,4.8284027347e-01,7.8269105012e+00
2.1916015279e+00,5.7735158191e+00,1.3595329303e+00,8.7634045143e-01,4.8319247892e-01,7.8428391679e+00
2.1923212657e+00,5.7768411102e+00,1.3610378580e+00,8.7749254814e-01,4.8354530990e-01,7.8588041404e+00
2.1930410035e+00,5.7801683167e+00,1.3625453611e+00,8.7864659363e-01,4.8389876744e-01,7.8748055025e+00
2.1937607413e+00,5.7834974394e+00,1.3640554435e+00,8.7980259093e-01,4.8425285261e-01,7.8908433381e+00
2.1944804790e+00,5.7868284796e+00,1.3655681095e+00,8.8096054309e-01,4.8460756643e-01,7.9069177312e+00
2.1952002168e+00,5.7901614383e+00,1.3670833631e+00,8.8212045313e-01,4.8496290995e-01,7.9230287662e+00
2.1959199546e+00,5.7934963166e+00,1.3686012084e+00,8.8328232412e-01,4.8531888423e-01,7.9391765275e+00
2.1966396924e+00,5.7968331157e+00,1.3701216494e+00,8.8444615911e-01,4.8567549031e-01,7.9553610998e+00
2.1973594301e+00,5.8001718366e+00,1.3716446904e+00,8.8561196115e-01,4.8603272924e-01,7.9715825681e+00
2.1980791679e+00,5.8035124805e+00,1.3731703354e+00,8.8677973330e-01,4.8639060208e-01,7.9878410173e+00
2.1987989057e+00,5.8068550484e+00,1.3746985885e+00,8.8794947863e-01,4.8674910987e-01,8.0041365328e+00
2.1995186435e+00,5.8101995416e+00,1.3762294539e+00,8.8912120022e-01,4.8710825367e-01,8.0204692000e+00
2.2002383812e+00,5.8135459610e+00,1.3777629357e+00,8.9029490114e-01,4.8746803455e-01,8.0368391047e+00
2.2009581190e+00,5.8168943078e+00,1.3792990380e+00,8.9147058448e-01,4.8782845355e-01,8.0532463325e+00
2.2016778568e+00,5.8202445830e+00,1.3808377651e+00,8.9264825332e-01,4.8818951174e-01,8.0696909697e+00
2.2023975946e+00,5.8235967879e+00,1.3823791209e+00,8.9382791075e-01,4.8855121019e-01,8.0861731025e+00
2.2031173324e+00,5.8269509236e+00,1.3839231098e+00,8.9500955988e-01,4.8891354994e-01,8.1026928173e+00
2.2038370701e+00,5.8303069910e+00,1.3854697359e+00,8.9619320380e-01,4.8927653208e-01,8.1192502008e+00
2.2045568079e+00,5.8336649914e+00,1.3870190033e+00,8.9737884562e-01,4.8964015766e-01,8.1358453399e+00
2.2052765457e+00,5.8370249259e+00,1.3885709162e+00,8.9856648846e-01,4.9000442776e-01,8.1524783217e+00
2.2059962835e+00,5.8403867956e+00,1.3901254789e+00,8.9975613543e-01,4.9036934343e-01,8.1691492334e+00
2.2067160212e+00,5.8437506015e+00,1.3916826954e+00,9.0094778965e-01,4.9073490577e-01,8.1858581624e+00
2.2074357590e+00,5.8471163448e+00,1.3932425701e+00,9.0214145426e-01,4.9110111583e-01,8.2026051965e+00
2.2081554968e+00,5.8504840267e+00,1.3948051071e+00,9.0333713239e-01,4.9146797470e-01,8.2193904235e+00
2.2088752346e+00,5.8538536482e+00,1.3963703106e+00,9.0453482716e-01,4.9183548344e-01,8.2362139315e+00
2.2095949723e+00,5.8572252104e+00,1.3979381849e+00,9.0573454173e-01,4.9220364315e-01,8.2530758087e+00
2.2103147101e+00,5.8605987145e+00,1.3995087341e+00,9.0693627925e-01,4.9257245489e-01,8.2699761438e+00
2.2110344479e+00,5.8639741617e+00,1.4010819626e+00,9.0814004286e-01,4.9294191975e-01,8.2869150253e+00
2.2117541857e+00,5.8673515529e+00,1.4026578745e+00,9.0934583572e-01,4.9331203881e-01,8.3038925421e+00
2.2124739234e+00,5.8707308893e+00,1.4042364742e+00,9.1055366101e-01,4.9368281316e-01,8.3209087834e+00
2.2131936612e+00,5.8741121721e+00,1.4058177658e+00,9.1176352188e-01,4.9405424388e-01,8.3379638385e+00
2.2139133990e+00,5.8774954024e+00,1.4074017536e+00,9.1297542150e-01,4.9442633207e-01,8.3550577968e+00
2.2146331368e+00,5.8808805812e+00,1.4089884419e+00,9.1418936307e-01,4.9479907880e-01,8.3721907481e+00
2.2153528745e+00,5.8842677098e+00,1.4105778349e+00,9.1540534975e-01,4.9517248518e-01,8.3893627823e+00
2.2160726123e+00,5.8876567892e+00,1.4121699370e+00,9.1662338475e-01,4.9554655229e-01,8.4065739896e+00
2.2167923501e+00,5.8910478206e+00,1.4137647525e+00,9.1784347125e-01,4.9592128123e-01,8.4238244603e+00
2.2175120879e+00,5.8944408051e+00,1.4153622855e+00,9.1906561245e-01,4.9629667309e-01,8.4411142850e+00
2.2182318256e+00,5.8978357437e+00,1.4169625405e+00,9.2028981156e-01,4.9667272898e-01,8.4584435543e+00
2.2189515634e+00,5.9012326377e+00,1.4185655218e+00,9.2151607178e-01,4.9704945000e-01,8.4758123594e+00
2.2196713012e+00,5.9046314882e+00,1.4201712336e+00,9.2274439634e-01,4.9742683724e-01,8.4932207914e+00
2.2203910390e+00,5.9080322962e+00,1.4217796802e+00,9.2397478844e-01,4.9780489180e-01,8.5106689416e+00
2.2211107768e+00,5.9114350630e+00,1.4233908661e+00,9.2520725132e-01,4.9818361480e-01,8.5281569017e+00
2.2218305145e+00,5.9148397896e+00,1.4250047955e+00,9.2644178821e-01,4.9856300734e-01,8.5456847635e+00
2.2225502523e+00,5.9182464772e+00,1.4266214729e+00,9.2767840234e-01,4.9894307052e-01,8.5632526190e+00
2.2232699901e+00,5.9216551269e+00,1.4282409024e+00,9.2891709694e-01,4.9932380547e-01,8.5808605605e+00
2.2239897279e+00,5.9250657398e+00,1.4298630886e+00,9.3015787528e-01,4.9970521328e-01,8.5985086805e+00
2.2247094656e+00,5.9284783171e+00,1.4314880357e+00,9.3140074059e-01,5.0008729507e-01,8.6161970715e+00
2.2254292034e+00,5.9318928598e+00,1.4331157481e+00,9.3264569614e-01,5.0047005195e-01,8.6339258266e+00
2.2261489412e+00,5.9353093693e+00,1.4347462302e+00,9.3389274518e-01,5.0085348505e-01,8.6516950387e+00
2.2268686790e+00,5.9387278464e+00,1.4363794865e+00,9.3514189098e-01,5.0123759549e-01,8.6695048012e+00
2.2275884167e+00,5.9421482925e+00,1.4380155212e+00,9.3639313682e-01,5.0162238437e-01,8.6873552077e+00
2.2283081545e+00,5.9455707085e+00,1.4396543388e+00,9.3764648597e-01,5.0200785282e-01,8.7052463519e+00
2.2290278923e+00,5.9489950958e+00,1.4412959437e+00,9.3890194171e-01,5.0239400197e-01,8.7231783277e+00
2.2297476301e+00,5.9524214553e+00,1.4429403403e+00,9.4015950734e-01,5.0278083295e-01,8.7411512294e+00
2.2304673678e+00,5.9558497883e+00,1.4445875330e+00,9.4141918614e-01,5.0316834687e-01,8.7591651513e+00
2.2311871056e+00,5.9592800958e+00,1.4462375263e+00,9.4268098141e-01,5.0355654486e-01,8.7772201881e+00
2.2319068434e+00,5.9627123791e+00,1.4478903245e+00,9.4394489647e-01,5.0394542807e-01,8.7953164346e+00
2.2326265812e+00,5.9661466392e+00,1.4495459322e+00,9.4521093460e-01,5.0433499761e-01,8.8134539858e+00
2.2333463189e+00,5.9695828772e+00,1.4512043538e+00,9.4647909914e-01,5.0472525463e-01,8.8316329371e+00
2.2340660567e+00,5.9730210944e+00,1.4528655937e+00,9.4774939340e-01,5.0511620025e-01,8.8498533839e+00
2.2347857945e+00,5.9764612919e+00,1.4545296563e+00,9.4902182071e-01,5.0550783562e-01,8.8681154220e+00
2.2355055323e+00,5.9799034707e+00,1.4561965463e+00,9.5029638439e-01,5.0590016187e-01,8.8864191472e+00
2.2362252700e+00,5.9833476321e+00,1.4578662679e+00,9.5157308779e-01,5.0629318015e-01,8.9047646559e+00
2.2369450078e+00,5.9867937772e+00,1.4595388258e+00,9.5285193423e-01,5.0668689160e-01,8.9231520442e+00
2.2376647456e+00,5.9902419071e+00,1.4612142244e+00,9.5413292708e-01,5.0708129736e-01,8.9415814089e+00
2.2383844834e+00,5.9936920230e+00,1.4628924683e+00,9.5541606968e-01,5.0747639857e-01,8.9600528468e+00
2.2391042212e+00,5.9971441260e+00,1.4645735618e+00,9.5670136539e-01,5.0787219639e-01,8.9785664550e+00
2.2398239589e+00,6.0005982173e+00,1.4662575095e+00,9.5798881757e-01,5.0826869197e-01,8.9971223306e+00
2.2405436967e+00,6.0040542980e+00,1.4679443160e+00,9.5927842959e-01,5.0866588645e-01,9.0157205713e+00
2.2412634345e+00,6.0075123692e+00,1.4696339858e+00,9.6057020483e-01,5.0906378099e-01,9.0343612748e+00
2.2419831723e+00,6.0109724321e+00,1.4713265234e+00,9.6186414666e-01,5.0946237674e-01,9.0530445389e+00
2.2427029100e+00,6.0144344879e+00,1.4730219333e+00,9.6316025847e-01,5.0986167487e-01,9.0717704620e+00
2.2434226478e+00,6.0178985376e+00,1.4747202202e+00,9.6445854364e-01,5.1026167652e-01,9.0905391423e+00
2.2441423856e+00,6.0213645825e+00,1.4764213884e+00,9.6575900558e-01,5.1066238286e-01,9.1093506787e+00
2.2448621234e+00,6.0248326237e+00,1.4781254427e+00,9.6706164768e-01,5.1106379505e-01,9.1282051698e+00
2.2455818611e+00,6.0283026623e+00,1.4798323876e+00,9.6836647335e-01,5.1146591426e-01,9.1471027148e+00
2.2463015989e+00,6.0317746995e+00,1.4815422277e+00,9.6967348601e-01,5.1186874164e-01,9.1660434131e+00
2.2470213367e+00,6.0352487364e+00,1.4832549674e+00,9.7098268906e-01,5.1227227837e-01,9.1850273642e+00
2.2477410745e+00,6.0387247743e+00,1.4849706116e+00,9.7229408594e-01,5.1267652562e-01,9.2040546679e+00
2.2484608122e+00,6.0422028142e+00,1.4866891646e+00,9.7360768007e-01,5.1308148455e-01,9.2231254241e+00
2.2491805500e+00,6.0456828573e+00,1.4884106312e+00,9.7492347488e-01,5.1348715635e-01,9.2422397332e+00
2.2499002878e+00,6.0491649047e+00,1.4901350160e+00,9.7624147382e-01,5.1389354217e-01,9.2613976956e+00
2.2506200256e+00,6.0526489576e+00,1.4918623235e+00,9.7756168033e-01,5.1430064321e-01,9.2805994121e+00
2.2513397633e+00,6.0561350172e+00,1.4935925585e+00,9.7888409786e-01,5.1470846063e-01,9.2998449835e+00
2.2520595011e+00,6.0596230847e+00,1.4953257255e+00,9.8020872986e-01,5.1511699562e-01,9.3191345111e+00
2.2527792389e+00,6.0631131610e+00,1.4970618292e+00,9.8153557980e-01,5.1552624936e-01,9.3384680963e+00
2.2534989767e+00,6.0666052476e+00,1.4988008742e+00,9.8286465114e-01,5.1593622303e-01,9.3578458407e+00
2.2542187144e+00,6.0700993454e+00,1.5005428652e+00,9.8419594737e-01,5.1634691781e-01,9.3772678462e+00
2.2549384522e+00,6.0735954556e+00,1.5022878068e+00,9.8552947194e-01,5.1675833491e-01,9.3967342149e+00
2.2556581900e+00,6.0770935795e+00,1.5040357039e+00,9.8686522836e-01,5.1717047549e-01,9.4162450492e+00
2.2563779278e+00,6.0805937181e+00,1.5057865609e+00,9.8820322011e-01,5.1758334076e-01,9.4358004516e+00
2.2570976656e+00,6.0840958727e+00,1.5075403826e+00,9.8954345068e-01,5.1799693190e-01,9.4554005251e+00
2.2578174033e+00,6.0876000443e+00,1.5092971737e+00,9.9088592358e-01,5.1841125012e-01,9.4750453726e+00
2.2585371411e+00,6.0911062342e+00,1.5110569389e+00,9.9223064231e-01,5.1882629660e-01,9.4947350974e+00
2.2592568789e+00,6.0946144435e+00,1.5128196829e+00,9.9357761039e-01,5.1924207255e-01,9.5144698032e+00
2.2599766167e+00,6.0981246734e+00,1.5145854105e+00,9.9492683132e-01,5.1965857916e-01,9.5342495937e+00
2.2606963544e+00,6.1016369250e+00,1.5163541263e+00,9.9627830864e-01,5.2007581764e-01,9.5540745729e+00
2.2614160922e+00,6.1051511995e+00,1.5181258351e+00,9.9763204588e-01,5.2049378919e-01,9.5739448451e+00
2.2621358300e+00,6.1086674981e+00,1.5199005416e+00,9.9898804656e-01,5.2091249502e-01,9.5938605148e+00
2.2628555678e+00,6.1121858219e+00,1.5216782506e+00,1.0003463142e+00,5.2133193632e-01,9.6138216867e+00
2.2635753055e+00,6.1157061722e+00,1.5234589668e+00,1.0017068524e+00,5.2175211432e-01,9.6338284658e+00
2.2642950433e+00,6.1192285499e+00,1.5252426950e+00,1.0030696647e+00,5.2217303022e-01,9.6538809574e+00
2.2650147811e+00,6.1227529565e+00,1.5270294399e+00,1.0044347547e+00,5.2259468524e-01,9.6739792669e+00
2.2657345189e+00,6.1262793929e+00,1.5288192064e+00,1.0058021258e+00,5.2301708058e-01,9.6941235001e+00
2.2664542566e+00,6.1298078604e+00,1.5306119992e+00,1.0071717818e+00,5.2344021748e-01,9.7143137629e+00
2.2671739944e+00,6.1333383601e+00,1.5324078232e+00,1.0085437260e+00,5.2386409713e-01,9.7345501615e+00
2.2678937322e+00,6.1368708933e+00,1.5342066830e+00,1.0099179623e+00,5.2428872078e-01,9.7548328025e+00
2.2686134700e+00,6.1404054610e+00,1.5360085836e+00,1.0112944940e+00,5.2471408963e-01,9.7751617924e+00
2.2693332077e+00,6.1439420645e+00,1.5378135297e+00,1.0126733248e+00,5.2514020491e-01,9.7955372382e+00
2.2700529455e+00,6.1474807049e+00,1.5396215262e+00,1.0140544584e+00,5.2556706785e-01,9.8159592472e+00
2.2707726833e+00,6.1510213834e+00,1.5414325779e+00,1.0154378982e+00,5.2599467967e-01,9.8364279268e+00
2.2714924211e+00,6.1545641012e+00,1.5432466896e+00,1.0168236480e+00,5.2642304161e-01,9.8569433846e+00
2.2722121588e+00,6.1581088595e+00,1.5450638662e+00,1.0182117113e+00,5.2685215489e-01,9.8775057286e+00
2.2729318966e+00,6.1616556593e+00,1.5468841126e+00,1.0196020918e+00,5.2728202076e-01,9.8981150671e+00
2.2736516344e+00,6.1652045020e+00,1.5487074335e+00,1.0209947931e+00,5.2771264044e-01,9.9187715084e+00
2.2743713722e+00,6.1687553887e+00,1.5505338339e+00,1.0223898188e+00,5.2814401517e-01,9.9394751612e+00
2.2750911100e+00,6.1723083205e+00,1.5523633187e+00,1.0237871725e+00,5.2857614619e-01,9.9602261345e+00
2.2758108477e+00,6.1758632986e+00,1.5541958927e+00,1.0251868579e+00,5.2900903475e-01,9.9810245375e+00
2.2765305855e+00,6.1794203242e+00,1.5560315608e+00,1.0265888787e+00,5.2944268208e-01,1.0001870480e+01
2.2772503233e+00,6.1829793986e+00,1.5578703279e+00,1.0279932385e+00,5.2987708944e-01,1.0022764071e+01
2.2779700611e+00,6.1865405228e+00,1.5597121990e+00,1.0293999410e+00,5.3031225806e-01,1.0043705420e+01
2.2786897988e+00,6.1901036980e+00,1.5615571790e+00,1.0308089898e+00,5.3074818919e-01,1.0064694639e+01
2.2794095366e+00,6.1936689255e+00,1.5634052727e+00,1.0322203886e+00,5.3118488410e-01,1.0085731837e+01
2.2801292744e+00,6.1972362064e+00,1.5652564851e+00,1.0336341411e+00,5.3162234402e-01,1.0106817126e+01
2.2808490122e+00,6.2008055419e+00,1.5671108211e+00,1.0350502509e+00,5.3206057022e-01,1.0127950615e+01
2.2815687499e+00,6.2043769332e+00,1.5689682858e+00,1.0364687219e+00,5.3249956395e-01,1.0149132417e+01
2.2822884877e+00,6.2079503814e+00,1.5708288840e+00,1.0378895576e+00,5.3293932646e-01,1.0170362643e+01
2.2830082255e+00,6.2115258878e+00,1.5726926208e+00,1.0393127617e+00,5.3337985903e-01,1.0191641404e+01
2.2837279633e+00,6.2151034536e+00,1.5745595010e+00,1.0407383381e+00,5.3382116290e-01,1.0212968813e+01
2.2844477010e+00,6.2186830798e+00,1.5764295297e+00,1.0421662903e+00,5.3426323936e-01,1.0234344982e+01
2.2851674388e+00,6.2222647678e+00,1.5783027118e+00,1.0435966222e+00,5.3470608965e-01,1.0255770024e+01
2.2858871766e+00,6.2258485186e+00,1.5801790524e+00,1.0450293373e+00,5.3514971505e-01,1.0277244051e+01
2.2866069144e+00,6.2294343335e+00,1.5820585564e+00,1.0464644396e+00,5.3559411684e-01,1.0298767176e+01
2.2873266521e+00,6.2330222138e+00,1.5839412289e+00,1.0479019327e+00,5.3603929627e-01,1.0320339512e+01
2.2880463899e+00,6.2366121604e+00,1.5858270749e+00,1.0493418203e+00,5.3648525463e-01,1.0341961174e+01
2.2887661277e+00,6.2402041747e+00,1.5877160994e+00,1.0507841062e+00,5.3693199319e-01,1.0363632274e+01
2.2894858655e+00,6.2437982579e+00,1.5896083075e+00,1.0522287942e+00,5.3737951324e-01,1.0385352928e+01
2.2902056032e+00,6.2473944111e+00,1.5915037041e+00,1.0536758881e+00,5.3782781604e-01,1.0407123249e+01
2.2909253410e+00,6.2509926355e+00,1.5934022944e+00,1.0551253915e+00,5.3827690288e-01,1.0428943352e+01
2.2916450788e+00,6.2545929323e+00,1.5953040834e+00,1.0565773083e+00,5.3872677505e-01,1.0450813353e+01
2.2923648166e+00,6.2581953028e+00,1.5972090761e+00,1.0580316423e+00,5.3917743383e-01,1.0472733365e+01
2.2930845544e+00,6.2617997481e+00,1.5991172777e+00,1.0594883972e+00,5.3962888051e-01,1.0494703505e+01
2.2938042921e+00,6.2654062693e+00,1.6010286932e+00,1.0609475768e+00,5.4008111638e-01,1.0516723888e+01
2.2945240299e+00,6.2690148678e+00,1.6029433277e+00,1.0624091850e+00,5.4053414272e-01,1.0538794630e+01
2.2952437677e+00,6.2726255446e+00,1.6048611863e+00,1.0638732255e+00,5.4098796084e-01,1.0560915848e+01
2.2959635055e+00,6.2762383011e+00,1.6067822742e+00,1.0653397022e+00,5.4144257204e-01,1.0583087657e+01
2.2966832432e+00,6.2798531383e+00,1.6087065964e+00,1.0668086188e+00,5.4189797760e-01,1.0605310175e+01
2.2974029810e+00,6.2834700575e+00,1.6106341580e+00,1.0682799792e+00,5.4235417882e-01,1.0627583519e+01
2.2981227188e+00,6.2870890599e+00,1.6125649643e+00,1.0697537873e+00,5.4281117702e-01,1.0649907806e+01
2.2988424566e+00,6.2907101467e+00,1.6144990203e+00,1.0712300468e+00,5.4326897349e-01,1.0672283154e+01
2.2995621943e+00,6.2943333191e+00,1.6164363312e+00,1.0727087616e+00,5.4372756953e-01,1.0694709680e+01
2.3002819321e+00,6.2979585783e+00,1.6183769021e+00,1.0741899356e+00,5.4418696647e-01,1.0717187502e+01
2.3010016699e+00,6.3015859254e+00,1.6203207382e+00,1.0756735726e+00,5.4464716560e-01,1.0739716740e+01
2.3017214077e+00,6.3052153618e+00,1.6222678447e+00,1.0771596765e+00,5.4510816823e-01,1.0762297511e+01
2.3024411454e+00,6.3088468885e+00,1.6242182268e+00,1.0786482511e+00,5.4556997569e-01,1.0784929935e+01
2.3031608832e+00,6.3124805068e+00,1.6261718896e+00,1.0801393003e+00,5.4603258929e-01,1.0807614130e+01
2.3038806210e+00,6.3161162180e+00,1.6281288383e+00,1.0816328280e+00,5.4649601034e-01,1.0830350217e+01
2.3046003588e+00,6.3197540231e+00,1.6300890782e+00,1.0831288380e+00,5.4696024017e-01,1.0853138314e+01
2.3053200965e+00,6.3233939235e+00,1.6320526145e+00,1.0846273344e+00,5.4742528010e-01,1.0875978543e+01
2.3060398343e+00,6.3270359203e+00,1.6340194523e+00,1.0861283209e+00,5.4789113145e-01,1.0898871023e+01
2.3067595721e+00,6.3306800147e+00,1.6359895970e+00,1.0876318015e+00,5.4835779555e-01,1.0921815876e+01
2.3074793099e+00,6.3343262080e+00,1.6379630537e+00,1.0891377800e+00,5.4882527372e-01,1.0944813221e+01
2.3081990476e+00,6.3379745013e+00,1.6399398278e+00,1.0906462605e+00,5.4929356730e-01,1.0967863180e+01
2.3089187854e+00,6.3416248959e+00,1.6419199244e+00,1.0921572468e+00,5.4976267761e-01,1.0990965875e+01
2.3096385232e+00,6.3452773929e+00,1.6439033488e+00,1.0936707428e+00,5.5023260600e-01,1.1014121427e+01
2.3103582610e+00,6.3489319936e+00,1.6458901063e+00,1.0951867525e+00,5.5070335380e-01,1.1037329958e+01
2.3110779988e+00,6.3525886992e+00,1.6478802022e+00,1.0967052799e+00,5.5117492235e-01,1.1060591590e+01
2.3117977365e+00,6.3562475109e+00,1.6498736418e+00,1.0982263288e+00,5.5164731298e-01,1.1083906447e+01
2.3125174743e+00,6.3599084300e+00,1.6518704303e+00,1.0997499033e+00,5.5212052705e-01,1.1107274651e+01
2.3132372121e+00,6.3635714575e+00,1.6538705731e+00,1.1012760072e+00,5.5259456589e-01,1.1130696325e+01
2.3139569499e+00,6.3672365948e+00,1.6558740755e+00,1.1028046447e+00,5.5306943085e-01,1.1154171592e+01
2.3146766876e+00,6.3709038430e+00,1.6578809428e+00,1.1043358195e+00,5.5354512328e-01,1.1177700576e+01
2.3153964254e+00,6.3745732035e+00,1.6598911804e+00,1.1058695358e+00,5.5402164454e-01,1.1201283402e+01
2.3161161632e+00,6.3782446773e+00,1.6619047935e+00,1.1074057975e+00,5.5449899597e-01,1.1224920193e+01
2.3168359010e+00,6.3819182657e+00,1.6639217876e+00,1.1089446086e+00,5.5497717893e-01,1.1248611074e+01
2.3175556387e+00,6.3855939699e+00,1.6659421679e+00,1.1104859731e+00,5.5545619477e-01,1.1272356170e+01
2.3182753765e+00,6.3892717912e+00,1.6679659399e+00,1.1120298950e+00,5.5593604486e-01,1.1296155606e+01
2.3189951143e+00,6.3929517308e+00,1.6699931089e+00,1.1135763783e+00,5.5641673056e-01,1.1320009508e+01
2.3197148521e+00,6.3966337898e+00,1.6720236803e+00,1.1151254271e+00,5.5689825323e-01,1.1343918000e+01
2.3204345898e+00,6.4003179695e+00,1.6740576595e+00,1.1166770453e+00,5.5738061424e-01,1.1367881210e+01
2.3211543276e+00,6.4040042712e+00,1.6760950520e+00,1.1182312370e+00,5.5786381495e-01,1.1391899264e+01
2.3218740654e+00,6.4076926960e+00,1.6781358630e+00,1.1197880063e+00,5.5834785673e-01,1.1415972287e+01
2.3225938032e+00,6.4113832452e+00,1.6801800980e+00,1.1213473571e+00,5.5883274096e-01,1.1440100408e+01
2.3233135409e+00,6.4150759200e+00,1.6822277625e+00,1.1229092935e+00,5.5931846901e-01,1.1464283753e+01
2.3240332787e+00,6.4187707216e+00,1.6842788619e+00,1.1244738197e+00,5.5980504226e-01,1.1488522449e+01
2.3247530165e+00,6.4224676512e+00,1.6863334016e+00,1.1260409396e+00,5.6029246208e-01,1.1512816625e+01
2.3254727543e+00,6.4261667101e+00,1.6883913871e+00,1.1276106573e+00,5.6078072985e-01,1.1537166409e+01
2.3261924920e+00,6.4298678995e+00,1.6904528238e+00,1.1291829769e+00,5.6126984697e-01,1.1561571928e+01
2.3269122298e+00,6.4335712206e+00,1.6925177173e+00,1.1307579025e+00,5.6175981480e-01,1.1586033312e+01
2.3276319676e+00,6.4372766747e+00,1.6945860729e+00,1.1323354381e+00,5.6225063474e-01,1.1610550689e+01
2.3283517054e+00,6.4409842630e+00,1.6966578961e+00,1.1339155880e+00,5.6274230819e-01,1.1635124189e+01
2.3290714432e+00,6.4446939866e+00,1.6987331926e+00,1.1354983561e+00,5.6323483652e-01,1.1659753942e+01
2.3297911809e+00,6.4484058469e+00,1.7008119677e+00,1.1370837466e+00,5.6372822113e-01,1.1684440077e+01
2.3305109187e+00,6.4521198451e+00,1.7028942270e+00,1.1386717636e+00,5.6422246342e-01,1.1709182724e+01
2.3312306565e+00,6.4558359823e+00,1.7049799760e+00,1.1402624112e+00,5.6471756479e-01,1.1733982013e+01
2.3319503943e+00,6.4595542599e+00,1.7070692202e+00,1.1418556935e+00,5.6521352663e-01,1.1758838077e+01
2.3326701320e+00,6.4632746791e+00,1.7091619652e+00,1.1434516148e+00,5.6571035035e-01,1.1783751045e+01
2.3333898698e+00,6.4669972411e+00,1.7112582165e+00,1.1450501791e+00,5.6620803735e-01,1.1808721048e+01
2.3341096076e+00,6.4707219470e+00,1.7133579796e+00,1.1466513906e+00,5.6670658904e-01,1.1833748220e+01
2.3348293454e+00,6.4744487983e+00,1.7154612602e+00,1.1482552534e+00,5.6720600683e-01,1.1858832691e+01
2.3355490831e+00,6.4781777961e+00,1.7175680638e+00,1.1498617717e+00,5.6770629212e-01,1.1883974594e+01
2.3362688209e+00,6.4819089416e+00,1.7196783961e+00,1.1514709497e+00,5.6820744633e-01,1.1909174062e+01
2.3369885587e+00,6.4856422360e+00,1.7217922625e+00,1.1530827916e+00,5.6870947088e-01,1.1934431227e+01
2.3377082965e+00,6.4893776807e+00,1.7239096686e+00,1.1546973015e+00,5.6921236718e-01,1.1959746222e+01
2.3384280342e+00,6.4931152769e+00,1.7260306202e+00,1.1563144836e+00,5.6971613665e-01,1.1985119182e+01
2.3391477720e+00,6.4968550257e+00,1.7281551228e+00,1.1579343421e+00,5.7022078071e-01,1.2010550240e+01
2.3398675098e+00,6.5005969285e+00,1.7302831820e+00,1.1595568812e+00,5.7072630079e-01,1.2036039529e+01
2.3405872476e+00,6.5043409864e+00,1.7324148035e+00,1.1611821052e+00,5.7123269832e-01,1.2061587185e+01
2.3413069853e+00,6.5080872007e+00,1.7345499930e+00,1.1628100183e+00,5.7173997471e-01,1.2087193342e+01
2.3420267231e+00,6.5118355727e+00,1.7366887560e+00,1.1644406246e+00,5.7224813141e-01,1.2112858136e+01
2.3427464609e+00,6.5155861036e+00,1.7388310982e+00,1.1660739284e+00,5.7275716984e-01,1.2138581701e+01
2.3434661987e+00,6.5193387947e+00,1.7409770254e+00,1.1677099339e+00,5.7326709144e-01,1.2164364173e+01
2.3441859364e+00,6.5230936471e+00,1.7431265431e+00,1.1693486454e+00,5.7377789765e-01,1.2190205689e+01
2.3449056742e+00,6.5268506622e+00,1.7452796571e+00,1.1709900672e+00,5.7428958990e-01,1.2216106384e+01
2.3456254120e+00,6.5306098411e+00,1.7474363731e+00,1.1726342035e+00,5.7480216964e-01,1.2242066396e+01
2.3463451498e+00,6.5343711851e+00,1.7495966968e+00,1.1742810585e+00,5.7531563831e-01,1.2268085861e+01
2.3470648876e+00,6.5381346956e+00,1.7517606339e+00,1.1759306366e+00,5.7582999736e-01,1.2294164916e+01
2.3477846253e+00,6.5419003736e+00,1.7539281902e+00,1.1775829419e+00,5.7634524824e-01,1.2320303700e+01
2.3485043631e+00,6.5456682205e+00,1.7560993713e+00,1.1792379789e+00,5.7686139239e-01,1.2346502349e+01
2.3492241009e+00,6.5494382375e+00,1.7582741830e+00,1.1808957517e+00,5.7737843127e-01,1.2372761002e+01
2.3499438387e+00,6.5532104259e+00,1.7604526310e+00,1.1825562647e+00,5.7789636633e-01,1.2399079798e+01
2.3506635764e+00,6.5569847869e+00,1.7626347213e+00,1.1842195222e+00,5.7841519904e-01,1.2425458876e+01
2.3513833142e+00,6.5607613217e+00,1.7648204594e+00,1.1858855285e+00,5.7893493085e-01,1.2451898374e+01
2.3521030520e+00,6.5645400317e+00,1.7670098512e+00,1.1875542879e+00,5.7945556322e-01,1.2478398433e+01
2.3528227898e+00,6.5683209181e+00,1.7692029024e+00,1.1892258048e+00,5.7997709762e-01,1.2504959192e+01
2.3535425275e+00,6.5721039820e+00,1.7713996190e+00,1.1909000834e+00,5.8049953551e-01,1.2531580790e+01
2.3542622653e+00,6.5758892249e+00,1.7736000066e+00,1.1925771282e+00,5.8102287836e-01,1.2558263370e+01
2.3549820031e+00,6.5796766479e+00,1.7758040711e+00,1.1942569434e+00,5.8154712765e-01,1.2585007071e+01
2.3557017409e+00,6.5834662523e+00,1.7780118183e+00,1.1959395335e+00,5.8207228484e-01,1.2611812034e+01
2.3564214786e+00,6.5872580393e+00,1.7802232541e+00,1.1976249027e+00,5.8259835141e-01,1.2638678401e+01
2.3571412164e+00,6.5910520102e+00,1.7824383843e+00,1.1993130555e+00,5.8312532885e-01,1.2665606315e+01
2.3578609542e+00,6.5948481663e+00,1.7846572148e+00,1.2010039962e+00,5.8365321862e-01,1.2692595916e+01
2.3585806920e+00,6.5986465088e+00,1.7868797514e+00,1.2026977292e+00,5.8418202222e-01,1.2719647347e+01
2.3593004297e+00,6.6024470390e+00,1.7891060000e+00,1.2043942589e+00,5.8471174112e-01,1.2746760751e+01
2.3600201675e+00,6.6062497581e+00,1.7913359665e+00,1.2060935897e+00,5.8524237682e-01,1.2773936272e+01
2.3607399053e+00,6.6100546674e+00,1.7935696568e+00,1.2077957260e+00,5.8577393080e-01,1.2801174052e+01
2.3614596431e+00,6.6138617682e+00,1.7958070767e+00,1.2095006722e+00,5.8630640455e-01,1.2828474235e+01
2.3621793808e+00,6.6176710617e+00,1.7980482323e+00,1.2112084327e+00,5.8683979958e-01,1.2855836966e+01
2.3628991186e+00,6.6214825492e+00,1.8002931293e+00,1.2129190120e+00,5.8737411737e-01,1.2883262388e+01
2.3636188564e+00,6.6252962319e+00,1.8025417738e+00,1.2146324144e+00,5.8790935942e-01,1.2910750647e+01
2.3643385942e+00,6.6291121111e+00,1.8047941717e+00,1.2163486444e+00,5.8844552724e-01,1.2938301888e+01
2.3650583320e+00,6.6329301882e+00,1.8070503289e+00,1.2180677065e+00,5.8898262232e-01,1.2965916256e+01
2.3657780697e+00,6.6367504642e+00,1.8093102513e+00,1.2197896052e+00,5.8952064618e-01,1.2993593896e+01
2.3664978075e+00,6.6405729406e+00,1.8115739451e+00,1.2215143447e+00,5.9005960032e-01,1.3021334956e+01
2.3672175453e+00,6.6443976186e+00,1.8138414160e+00,1.2232419298e+00,5.9059948625e-01,1.3049139581e+01
2.3679372831e+00,6.6482244994e+00,1.8161126702e+00,1.2249723647e+00,5.9114030549e-01,1.3077007918e+01
2.3686570208e+00,6.6520535843e+00,1.8183877136e+00,1.2267056541e+00,5.9168205955e-01,1.3104940114e+01
2.3693767586e+00,6.6558848746e+00,1.8206665522e+00,1.2284418023e+00,5.9222474994e-01,1.3132936317e+01
2.3700964964e+00,6.6597183716e+00,1.8229491921e+00,1.2301808139e+00,5.9276837819e-01,1.3160996674e+01
2.3708162342e+00,6.6635540765e+00,1.8252356392e+00,1.2319226934e+00,5.9331294582e-01,1.3189121334e+01
2.3715359719e+00,6.6673919905e+00,1.8275258996e+00,1.2336674452e+00,5.9385845435e-01,1.3217310445e+01
2.3722557097e+00,6.6712321151e+00,1.8298199793e+00,1.2354150740e+00,5.9440490531e-01,1.3245564155e+01
2.3729754475e+00,6.6750744514e+00,1.8321178845e+00,1.2371655842e+00,5.9495230023e-01,1.3273882615e+01
2.3736951853e+00,6.6789190007e+00,1.8344196211e+00,1.2389189804e+00,5.9550064063e-01,1.3302265973e+01
2.3744149230e+00,6.6827657643e+00,1.8367251952e+00,1.2406752671e+00,5.9604992807e-01,1.3330714380e+01
2.3751346608e+00,6.6866147435e+00,1.8390346129e+00,1.2424344488e+00,5.9660016406e-01,1.3359227986e+01
2.3758543986e+00,6.6904659395e+00,1.8413478803e+00,1.2441965302e+00,5.9715135016e-01,1.3387806940e+01
2.3765741364e+00,6.6943193536e+00,1.8436650035e+00,1.2459615157e+00,5.9770348789e-01,1.3416451395e+01
2.3772938741e+00,6.6981749872e+00,1.8459859887e+00,1.2477294099e+00,5.9825657881e-01,1.3445161500e+01
2.3780136119e+00,6.7020328414e+00,1.8483108419e+00,1.2495002174e+00,5.9881062445e-01,1.3473937409e+01
2.3787333497e+00,6.7058929175e+00,1.8506395692e+00,1.2512739428e+00,5.9936562638e-01,1.3502779273e+01
2.3794530875e+00,6.7097552169e+00,1.8529721769e+00,1.2530505907e+00,5.9992158613e-01,1.3531687243e+01
2.3801728252e+00,6.7136197408e+00,1.8553086710e+00,1.2548301657e+00,6.0047850527e-01,1.3560661474e+01
2.3808925630e+00,6.7174864905e+00,1.8576490577e+00,1.2566126724e+00,6.0103638534e-01,1.3589702117e+01
2.3816123008e+00,6.7213554673e+00,1.8599933433e+00,1.2583981153e+00,6.0159522791e-01,1.3618809326e+01
2.3823320386e+00,6.7252266724e+00,1.8623415337e+00,1.2601864992e+00,6.0215503454e-01,1.3647983255e+01
2.3830517764e+00,6.7291001072e+00,1.8646936354e+00,1.2619778286e+00,6.0271580678e-01,1.3677224058e+01
2.3837715141e+00,6.7329757730e+00,1.8670496544e+00,1.2637721082e+00,6.0327754621e-01,1.3706531889e+01
2.3844912519e+00,6.7368536709e+00,1.8694095970e+00,1.2655693426e+00,6.0384025439e-01,1.3735906904e+01
2.3852109897e+00,6.7407338023e+00,1.8717734693e+00,1.2673695364e+00,6.0440393289e-01,1.3765349256e+01
2.3859307275e+00,6.7446161685e+00,1.8741412777e+00,1.2691726944e+00,6.0496858328e-01,1.3794859102e+01
2.3866504652e+00,6.7485007708e+00,1.8765130283e+00,1.2709788212e+00,6.0553420714e-01,1.3824436598e+01
2.3873702030e+00,6.7523876104e+00,1.8788887275e+00,1.2727879214e+00,6.0610080605e-01,1.3854081900e+01
2.3880899408e+00,6.7562766887e+00,1.8812683813e+00,1.2745999998e+00,6.0666838159e-01,1.3883795164e+01
2.3888096786e+00,6.7601680070e+00,1.8836519963e+00,1.2764150609e+00,6.0723693534e-01,1.3913576547e+01
2.3895294163e+00,6.7640615664e+00,1.8860395785e+00,1.2782331096e+00,6.0780646888e-01,1.3943426207e+01
2.3902491541e+00,6.7679573684e+00,1.8884311343e+00,1.2800541505e+00,6.0837698380e-01,1.3973344301e+01
2.3909688919e+00,6.7718554142e+00,1.8908266700e+00,1.2818781884e+00,6.0894848169e-01,1.4003330987e+01
2.3916886297e+00,6.7757557051e+00,1.8932261920e+00,1.2837052278e+00,6.0952096414e-01,1.4033386424e+01
2.3924083674e+00,6.7796582424e+00,1.8956297064e+00,1.2855352737e+00,6.1009443275e-01,1.4063510771e+01
2.3931281052e+00,6.7835630273e+00,1.8980372197e+00,1.2873683306e+00,6.1066888912e-01,1.4093704186e+01
2.3938478430e+00,6.7874700613e+00,1.9004487382e+00,1.2892044034e+00,6.1124433484e-01,1.4123966829e+01
2.3945675808e+00,6.7913793455e+00,1.9028642682e+00,1.2910434967e+00,6.1182077152e-01,1.4154298860e+01
2.3952873185e+00,6.7952908814e+00,1.9052838162e+00,1.2928856154e+00,6.1239820076e-01,1.4184700440e+01
2.3960070563e+00,6.7992046701e+00,1.9077073884e+00,1.2947307642e+00,6.1297662417e-01,1.4215171727e+01
2.3967267941e+00,6.8031207129e+00,1.9101349912e+00,1.2965789478e+00,6.1355604336e-01,1.4245712885e+01
2.3974465319e+00,6.8070390112e+00,1.9125666311e+00,1.2984301711e+00,6.1413645994e-01,1.4276324074e+01
2.3981662696e+00,6.8109595663e+00,1.9150023144e+00,1.3002844389e+00,6.1471787552e-01,1.4307005456e+01
2.3988860074e+00,6.8148823795e+00,1.9174420475e+00,1.3021417558e+00,6.1530029173e-01,1.4337757192e+01
2.3996057452e+00,6.8188074520e+00,1.9198858370e+00,1.3040021268e+00,6.1588371018e-01,1.4368579446e+01
2.4003254830e+00,6.8227347852e+00,1.9223336891e+00,1.3058655566e+00,6.1646813249e-01,1.4399472380e+01
2.4010452208e+00,6.8266643804e+00,1.9247856103e+00,1.3077320500e+00,6.1705356030e-01,1.4430436158e+01
2.4017649585e+00,6.8305962388e+00,1.9272416072e+00,1.3096016119e+00,6.1763999522e-01,1.4461470942e+01
2.4024846963e+00,6.8345303619e+00,1.9297016860e+00,1.3114742472e+00,6.1822743889e-01,1.4492576898e+01
2.4032044341e+00,6.8384667508e+00,1.9321658534e+00,1.3133499605e+00,6.1881589293e-01,1.4523754189e+01
2.4039241719e+00,6.8424054069e+00,1.9346341158e+00,1.3152287568e+00,6.1940535899e-01,1.4555002980e+01
2.4046439096e+00,6.8463463315e+00,1.9371064797e+00,1.3171106410e+00,6.1999583871e-01,1.4586323436e+01
2.4053636474e+00,6.8502895258e+00,1.9395829516e+00,1.3189956179e+00,6.2058733371e-01,1.4617715723e+01
2.4060833852e+00,6.8542349913e+00,1.9420635379e+00,1.3208836923e+00,6.2117984565e-01,1.4649180007e+01
2.4068031230e+00,6.8581827292e+00,1.9445482453e+00,1.3227748692e+00,6.2177337616e-01,1.4680716453e+01
2.4075228607e+00,6.8621327409e+00,1.9470370803e+00,1.3246691534e+00,6.2236792691e-01,1.4712325229e+01
2.4082425985e+00,6.8660850275e+00,1.9495300494e+00,1.3265665498e+00,6.2296349953e-01,1.4744006502e+01
2.4089623363e+00,6.8700395905e+00,1.9520271591e+00,1.3284670634e+00,6.2356009568e-01,1.4775760438e+01
2.4096820741e+00,6.8739964312e+00,1.9545284160e+00,1.3303706990e+00,6.2415771702e-01,1.4807587206e+01
2.4104018118e+00,6.8779555508e+00,1.9570338267e+00,1.3322774615e+00,6.2475636521e-01,1.4839486975e+01
2.4111215496e+00,6.8819169507e+00,1.9595433978e+00,1.3341873559e+00,6.2535604189e-01,1.4871459911e+01
2.4118412874e+00,6.8858806322e+00,1.9620571359e+00,1.3361003871e+00,6.2595674875e-01,1.4903506186e+01
2.4125610252e+00,6.8898465966e+00,1.9645750475e+00,1.3380165601e+00,6.2655848744e-01,1.4935625967e+01
2.4132807629e+00,6.8938148452e+00,1.9670971394e+00,1.3399358798e+00,6.2716125963e-01,1.4967819425e+01
2.4140005007e+00,6.8977853794e+00,1.9696234180e+00,1.3418583511e+00,6.2776506699e-01,1.5000086730e+01
2.4147202385e+00,6.9017582004e+00,1.9721538902e+00,1.3437839790e+00,6.2836991120e-01,1.5032428052e+01
2.4154399763e+00,6.9057333096e+00,1.9746885624e+00,1.3457127685e+00,6.2897579393e-01,1.5064843562e+01
2.4161597140e+00,6.9097107083e+00,1.9772274414e+00,1.3476447245e+00,6.2958271687e-01,1.5097333432e+01
2.4168794518e+00,6.9136903977e+00,1.9797705338e+00,1.3495798522e+00,6.3019068169e-01,1.5129897834e+01
2.4175991896e+00,6.9176723793e+00,1.9823178464e+00,1.3515181563e+00,6.3079969007e-01,1.5162536938e+01
2.4183189274e+00,6.9216566544e+00,1.9848693857e+00,1.3534596420e+00,6.3140974371e-01,1.5195250919e+01
2.4190386652e+00,6.9256432242e+00,1.9874251586e+00,1.3554043143e+00,6.3202084429e-01,1.5228039949e+01
2.4197584029e+00,6.9296320901e+00,1.9899851717e+00,1.3573521782e+00,6.3263299351e-01,1.5260904201e+01
2.4204781407e+00,6.9336232534e+00,1.9925494317e+00,1.3593032386e+00,6.3324619306e-01,1.5293843849e+01
2.4211978785e+00,6.9376167155e+00,1.9951179454e+00,1.3612575007e+00,6.3386044463e-01,1.5326859067e+01
2.4219176163e+00,6.9416124776e+00,1.9976907195e+00,1.3632149695e+00,6.3447574994e-01,1.5359950030e+01
2.4226373540e+00,6.9456105411e+00,2.0002677607e+00,1.3651756500e+00,6.3509211067e-01,1.5393116912e+01
2.4233570918e+00,6.9496109073e+00,2.0028490759e+00,1.3671395474e+00,6.3570952854e-01,1.5426359889e+01
2.4240768296e+00,6.9536135775e+00,2.0054346718e+00,1.3691066666e+00,6.3632800525e-01,1.5459679137e+01
2.4247965674e+00,6.9576185531e+00,2.0080245552e+00,1.3710770127e+00,6.3694754251e-01,1.5493074832e+01
2.4255163051e+00,6.9616258354e+00,2.0106187329e+00,1.3730505909e+00,6.3756814204e-01,1.5526547149e+01
2.4262360429e+00,6.9656354257e+00,2.0132172117e+00,1.3750274062e+00,6.3818980555e-01,1.5560096268e+01
2.4269557807e+00,6.9696473254e+00,2.0158199984e+00,1.3770074637e+00,6.3881253477e-01,1.5593722363e+01
2.4276755185e+00,6.9736615357e+00,2.0184270999e+00,1.3789907685e+00,6.3943633140e-01,1.5627425615e+01
2.4283952562e+00,6.9776780580e+00,2.0210385230e+00,1.3809773258e+00,6.4006119719e-01,1.5661206200e+01
2.4291149940e+00,6.9816968937e+00,2.0236542745e+00,1.3829671406e+00,6.4068713384e-01,1.5695064297e+01
2.4298347318e+00,6.9857180441e+00,2.0262743613e+00,1.3849602182e+00,6.4131414310e-01,1.5729000085e+01
2.4305544696e+00,6.9897415104e+00,2.0288987903e+00,1.3869565636e+00,6.4194222669e-01,1.5763013744e+01
2.4312742073e+00,6.9937672941e+00,2.0315275683e+00,1.3889561819e+00,6.4257138635e-01,1.5797105454e+01
2.4319939451e+00,6.9977953965e+00,2.0341607023e+00,1.3909590785e+00,6.4320162382e-01,1.5831275394e+01
2.4327136829e+00,7.0018258189e+00,2.0367981991e+00,1.3929652583e+00,6.4383294084e-01,1.5865523746e+01
2.4334334207e+00,7.0058585626e+00,2.0394400658e+00,1.3949747266e+00,6.4446533914e-01,1.5899850691e+01
2.4341531584e+00,7.0098936290e+00,2.0420863091e+00,1.3969874886e+00,6.4509882048e-01,1.5934256410e+01
2.4348728962e+00,7.0139310195e+00,2.0447369361e+00,1.3990035495e+00,6.4573338661e-01,1.5968741084e+01
2.4355926340e+00,7.0179707353e+00,2.0473919537e+00,1.4010229144e+00,6.4636903927e-01,1.6003304897e+01
2.4363123718e+00,7.0220127778e+00,2.0500513688e+00,1.4030455886e+00,6.4700578021e-01,1.6037948031e+01
2.4370321096e+00,7.0260571483e+00,2.0527151885e+00,1.4050715773e+00,6.4764361121e-01,1.6072670670e+01
2.4377518473e+00,7.0301038482e+00,2.0553834197e+00,1.4071008857e+00,6.4828253400e-01,1.6107472996e+01
2.4384715851e+00,7.0341528788e+00,2.0580560694e+00,1.4091335190e+00,6.4892255037e-01,1.6142355195e+01
2.4391913229e+00,7.0382042415e+00,2.0607331446e+00,1.4111694825e+00,6.4956366206e-01,1.6177317450e+01
2.4399110607e+00,7.0422579376e+00,2.0634146523e+00,1.4132087814e+00,6.5020587086e-01,1.6212359947e+01
2.4406307984e+00,7.0463139685e+00,2.0661005996e+00,1.4152514210e+00,6.5084917852e-01,1.6247482870e+01
2.4413505362e+00,7.0503723354e+00,2.0687909934e+00,1.4172974066e+00,6.5149358682e-01,1.6282686405e+01
2.4420702740e+00,7.0544330398e+00,2.0714858409e+00,1.4193467434e+00,6.5213909755e-01,1.6317970740e+01
2.4427900118e+00,7.0584960830e+00,2.0741851492e+00,1.4213994367e+00,6.5278571247e-01,1.6353336059e+01
2.4435097495e+00,7.0625614663e+00,2.0768889251e+00,1.4234554918e+00,6.5343343336e-01,1.6388782551e+01
2.4442294873e+00,7.0666291911e+00,2.0795971760e+00,1.4255149140e+00,6.5408226202e-01,1.6424310403e+01
2.4449492251e+00,7.0706992587e+00,2.0823099088e+00,1.4275777086e+00,6.5473220023e-01,1.6459919803e+01
2.4456689629e+00,7.0747716705e+00,2.0850271307e+00,1.4296438809e+00,6.5538324978e-01,1.6495610938e+01
2.4463887006e+00,7.0788464279e+00,2.0877488487e+00,1.4317134363e+00,6.5603541246e-01,1.6531383999e+01
2.4471084384e+00,7.0829235321e+00,2.0904750701e+00,1.4337863800e+00,6.5668869007e-01,1.6567239173e+01
2.4478281762e+00,7.0870029845e+00,2.0932058019e+00,1.4358627175e+00,6.5734308440e-01,1.6603176652e+01
2.4485479140e+00,7.0910847865e+00,2.0959410513e+00,1.4379424540e+00,6.5799859726e-01,1.6639196624e+01
2.4492676517e+00,7.0951689395e+00,2.0986808254e+00,1.4400255950e+00,6.5865523045e-01,1.6675299280e+01
2.4499873895e+00,7.0992554448e+00,2.1014251315e+00,1.4421121458e+00,6.5931298577e-01,1.6711484812e+01
2.4507071273e+00,7.1033443037e+00,2.1041739767e+00,1.4442021117e+00,6.5997186505e-01,1.6747753410e+01
2.4514268651e+00,7.1074355176e+00,2.1069273683e+00,1.4462954982e+00,6.6063187008e-01,1.6784105268e+01
2.4521466028e+00,7.1115290879e+00,2.1096853133e+00,1.4483923106e+00,6.6129300268e-01,1.6820540576e+01
2.4528663406e+00,7.1156250159e+00,2.1124478191e+00,1.4504925545e+00,6.6195526467e-01,1.6857059527e+01
2.4535860784e+00,7.1197233029e+00,2.1152148929e+00,1.4525962350e+00,6.6261865788e-01,1.6893662316e+01
2.4543058162e+00,7.1238239504e+00,2.1179865419e+00,1.4547033578e+00,6.6328318412e-01,1.6930349135e+01
2.4550255540e+00,7.1279269597e+00,2.1207627734e+00,1.4568139281e+00,6.6394884523e-01,1.6967120179e+01
2.4557452917e+00,7.1320323321e+00,2.1235435946e+00,1.4589279515e+00,6.6461564303e-01,1.7003975641e+01
2.4564650295e+00,7.1361400691e+00,2.1263290128e+00,1.4610454334e+00,6.6528357935e-01,1.7040915718e+01
2.4571847673e+00,7.1402501719e+00,2.1291190353e+00,1.4631663793e+00,6.6595265603e-01,1.7077940604e+01
2.4579045051e+00,7.1443626420e+00,2.1319136694e+00,1.4652907945e+00,6.6662287491e-01,1.7115050496e+01
2.4586242428e+00,7.1484774807e+00,2.1347129225e+00,1.4674186847e+00,6.6729423782e-01,1.7152245590e+01
2.4593439806e+00,7.1525946893e+00,2.1375168018e+00,1.4695500551e+00,6.6796674662e-01,1.7189526082e+01
2.4600637184e+00,7.1567142693e+00,2.1403253146e+00,1.4716849115e+00,6.6864040315e-01,1.7226892170e+01
2.4607834562e+00,7.1608362219e+00,2.1431384684e+00,1.4738232592e+00,6.6931520925e-01,1.7264344051e+01
2.4615031939e+00,7.1649605487e+00,2.1459562705e+00,1.4759651037e+00,6.6999116678e-01,1.7301881924e+01
2.4622229317e+00,7.1690872508e+00,2.1487787282e+00,1.4781104506e+00,6.7066827760e-01,1.7339505988e+01
2.4629426695e+00,7.1732163298e+00,2.1516058489e+00,1.4802593054e+00,6.7134654357e-01,1.7377216441e+01
2.4636624073e+00,7.1773477869e+00,2.1544376401e+00,1.4824116736e+00,6.7202596653e-01,1.7415013482e+01
2.4643821450e+00,7.1814816236e+00,2.1572741091e+00,1.4845675607e+00,6.7270654837e-01,1.7452897313e+01
2.4651018828e+00,7.1856178412e+00,2.1601152634e+00,1.4867269724e+00,6.7338829094e-01,1.7490868133e+01
2.4658216206e+00,7.1897564410e+00,2.1629611103e+00,1.4888899142e+00,6.7407119612e-01,1.7528926143e+01
2.4665413584e+00,7.1938974245e+00,2.1658116573e+00,1.4910563916e+00,6.7475526577e-01,1.7567071545e+01
2.4672610961e+00,7.1980407930e+00,2.1686669119e+00,1.4932264102e+00,6.7544050178e-01,1.7605304541e+01
2.4679808339e+00,7.2021865480e+00,2.1715268816e+00,1.4953999756e+00,6.7612690602e-01,1.7643625332e+01
2.4687005717e+00,7.2063346907e+00,2.1743915737e+00,1.4975770934e+00,6.7681448038e-01,1.7682034122e+01
2.4694203095e+00,7.2104852225e+00,2.1772609959e+00,1.4997577692e+00,6.7750322673e-01,1.7720531114e+01
2.4701400472e+00,7.2146381449e+00,2.1801351556e+00,1.5019420086e+00,6.7819314698e-01,1.7759116512e+01
2.4708597850e+00,7.2187934592e+00,2.1830140602e+00,1.5041298172e+00,6.7888424299e-01,1.7797790520e+01
2.4715795228e+00,7.2229511667e+00,2.1858977174e+00,1.5063212007e+00,6.7957651668e-01,1.7836553342e+01
2.4722992606e+00,7.2271112689e+00,2.1887861347e+00,1.5085161648e+00,6.8026996994e-01,1.7875405183e+01
2.4730189984e+00,7.2312737671e+00,2.1916793196e+00,1.5107147149e+00,6.8096460466e-01,1.7914346250e+01
2.4737387361e+00,7.2354386628e+00,2.1945772797e+00,1.5129168569e+00,6.8166042274e-01,1.7953376749e+01
2.4744584739e+00,7.2396059573e+00,2.1974800225e+00,1.5151225964e+00,6.8235742610e-01,1.7992496885e+01
2.4751782117e+00,7.2437756519e+00,2.2003875556e+00,1.5173319390e+00,6.8305561665e-01,1.8031706867e+01
2.4758979495e+00,7.2479477481e+00,2.2032998867e+00,1.5195448904e+00,6.8375499628e-01,1.8071006901e+01
2.4766176872e+00,7.2521222472e+00,2.2062170233e+00,1.5217614564e+00,6.8445556692e-01,1.8110397195e+01
2.4773374250e+00,7.2562991507e+00,2.2091389731e+00,1.5239816426e+00,6.8515733049e-01,1.8149877959e+01
2.4780571628e+00,7.2604784599e+00,2.2120657436e+00,1.5262054547e+00,6.8586028890e-01,1.8189449400e+01
2.4787769006e+00,7.2646601761e+00,2.2149973426e+00,1.5284328985e+00,6.8656444408e-01,1.8229111729e+01
2.4794966383e+00,7.2688443009e+00,2.2179337777e+00,1.5306639797e+00,6.8726979795e-01,1.8268865156e+01
2.4802163761e+00,7.2730308355e+00,2.2208750565e+00,1.5328987041e+00,6.8797635245e-01,1.8308709890e+01
2.4809361139e+00,7.2772197814e+00,2.2238211868e+00,1.5351370773e+00,6.8868410950e-01,1.8348646143e+01
2.4816558517e+00,7.2814111400e+00,2.2267721762e+00,1.5373791051e+00,6.8939307105e-01,1.8388674126e+01
2.4823755894e+00,7.2856049125e+00,2.2297280324e+00,1.5396247934e+00,6.9010323902e-01,1.8428794051e+01
2.4830953272e+00,7.2898011005e+00,2.2326887632e+00,1.5418741478e+00,6.9081461536e-01,1.8469006130e+01
2.4838150650e+00,7.2939997054e+00,2.2356543762e+00,1.5441271742e+00,6.9152720202e-01,1.8509310577e+01
2.4845348028e+00,7.2982007284e+00,2.2386248793e+00,1.5463838784e+00,6.9224100094e-01,1.8549707605e+01
2.4852545405e+00,7.3024041711e+00,2.2416002802e+00,1.5486442661e+00,6.9295601408e-01,1.8590197426e+01
2.4859742783e+00,7.3066100347e+00,2.2445805866e+00,1.5509083432e+00,6.9367224338e-01,1.8630780257e+01
2.4866940161e+00,7.3108183207e+00,2.2475658063e+00,1.5531761155e+00,6.9438969080e-01,1.8671456311e+01
2.4874137539e+00,7.3150290306e+00,2.2505559472e+00,1.5554475889e+00,6.9510835831e-01,1.8712225805e+01
2.4881334916e+00,7.3192421656e+00,2.2535510169e+00,1.5577227691e+00,6.9582824786e-01,1.8753088953e+01
2.4888532294e+00,7.3234577271e+00,2.2565510234e+00,1.5600016620e+00,6.9654936143e-01,1.8794045972e+01
2.4895729672e+00,7.3276757167e+00,2.2595559745e+00,1.5622842735e+00,6.9727170098e-01,1.8835097079e+01
2.4902927050e+00,7.3318961356e+00,2.2625658779e+00,1.5645706094e+00,6.9799526848e-01,1.8876242492e+01
2.4910124428e+00,7.3361189854e+00,2.2655807416e+00,1.5668606757e+00,6.9872006590e-01,1.8917482427e+01
2.4917321805e+00,7.3403442673e+00,2.2686005734e+00,1.5691544782e+00,6.9944609524e-01,1.8958817105e+01
2.4924519183e+00,7.3445719827e+00,2.2716253812e+00,1.5714520228e+00,7.0017335846e-01,1.9000246742e+01
2.4931716561e+00,7.3488021332e+00,2.2746551729e+00,1.5737533154e+00,7.0090185755e-01,1.9041771560e+01
2.4938913939e+00,7.3530347200e+00,2.2776899564e+00,1.5760583619e+00,7.0163159450e-01,1.9083391777e+01
2.4946111316e+00,7.3572697446e+00,2.2807297396e+00,1.5783671683e+00,7.0236257131e-01,1.9125107613e+01
2.4953308694e+00,7.3615072084e+00,2.2837745305e+00,1.5806797405e+00,7.0309478995e-01,1.9166919291e+01
2.4960506072e+00,7.3657471128e+00,2.2868243369e+00,1.5829960844e+00,7.0382825244e-01,1.9208827031e+01
2.4967703450e+00,7.3699894592e+00,2.2898791668e+00,1.5853162060e+00,7.0456296077e-01,1.9250831055e+01
2.4974900827e+00,7.3742342490e+00,2.2929390282e+00,1.5876401113e+00,7.0529891694e-01,1.9292931585e+01
2.4982098205e+00,7.3784814836e+00,2.2960039291e+00,1.5899678062e+00,7.0603612296e-01,1.9335128845e+01
2.4989295583e+00,7.3827311644e+00,2.2990738775e+00,1.5922992967e+00,7.0677458085e-01,1.9377423058e+01
2.4996492961e+00,7.3869832929e+00,2.3021488813e+00,1.5946345887e+00,7.0751429260e-01,1.9419814447e+01
2.5003690338e+00,7.3912378704e+00,2.3052289487e+00,1.5969736884e+00,7.0825526025e-01,1.9462303238e+01
2.5010887716e+00,7.3954948983e+00,2.3083140875e+00,1.5993166017e+00,7.0899748580e-01,1.9504889655e+01
2.5018085094e+00,7.3997543781e+00,2.3114043059e+00,1.6016633346e+00,7.0974097128e-01,1.9547573924e+01
2.5025282472e+00,7.4040163112e+00,2.3144996119e+00,1.6040138932e+00,7.1048571871e-01,1.9590356271e+01
2.5032479849e+00,7.4082806990e+00,2.3176000136e+00,1.6063682834e+00,7.1123173013e-01,1.9633236922e+01
2.5039677227e+00,7.4125475428e+00,2.3207055190e+00,1.6087265114e+00,7.1197900756e-01,1.9676216105e+01
2.5046874605e+00,7.4168168442e+00,2.3238161363e+00,1.6110885833e+00,7.1272755304e-01,1.9719294047e+01
2.5054071983e+00,7.4210886045e+00,2.3269318735e+00,1.6134545049e+00,7.1347736861e-01,1.9762470976e+01
2.5061269360e+00,7.4253628252e+00,2.3300527389e+00,1.6158242826e+00,7.1422845631e-01,1.9805747121e+01
2.5068466738e+00,7.4296395076e+00,2.3331787404e+00,1.6181979222e+00,7.1498081818e-01,1.9849122711e+01
2.5075664116e+00,7.4339186532e+00,2.3363098863e+00,1.6205754300e+00,7.1573445627e-01,1.9892597975e+01
2.5082861494e+00,7.4382002634e+00,2.3394461847e+00,1.6229568121e+00,7.1648937263e-01,1.9936173145e+01
2.5090058872e+00,7.4424843396e+00,2.3425876438e+00,1.6253420745e+00,7.1724556932e-01,1.9979848451e+01
2.5097256249e+00,7.4467708833e+00,2.3457342717e+00,1.6277312234e+00,7.1800304839e-01,2.0023624124e+01
2.5104453627e+00,7.4510598958e+00,2.3488860768e+00,1.6301242649e+00,7.1876181190e-01,2.0067500395e+01
2.5111651005e+00,7.4553513786e+00,2.3520430671e+00,1.6325212051e+00,7.1952186192e-01,2.0111477499e+01
2.5118848383e+00,7.4596453331e+00,2.3552052508e+00,1.6349220503e+00,7.2028320051e-01,2.0155555666e+01
2.5126045760e+00,7.4639417607e+00,2.3583726364e+00,1.6373268066e+00,7.2104582975e-01,2.0199735131e+01
2.5133243138e+00,7.4682406629e+00,2.3615452319e+00,1.6397354801e+00,7.2180975171e-01,2.0244016128e+01
2.5140440516e+00,7.4725420411e+00,2.3647230456e+00,1.6421480771e+00,7.2257496846e-01,2.0288398891e+01
2.5147637894e+00,7.4768458967e+00,2.3679060858e+00,1.6445646038e+00,7.2334148208e-01,2.0332883656e+01
2.5154835271e+00,7.4811522311e+00,2.3710943609e+00,1.6469850662e+00,7.2410929466e-01,2.0377470658e+01
2.5162032649e+00,7.4854610457e+00,2.3742878791e+00,1.6494094708e+00,7.2487840828e-01,2.0422160132e+01
2.5169230027e+00,7.4897723421e+00,2.3774866487e+00,1.6518378236e+00,7.2564882504e-01,2.0466952317e+01
2.5176427405e+00,7.4940861215e+00,2.3806906780e+00,1.6542701310e+00,7.2642054703e-01,2.0511847449e+01
2.5183624782e+00,7.4984023856e+00,2.3838999754e+00,1.6567063991e+00,7.2719357634e-01,2.0556845766e+01
2.5190822160e+00,7.5027211355e+00,2.3871145493e+00,1.6591466343e+00,7.2796791507e-01,2.0601947506e+01
2.5198019538e+00,7.5070423730e+00,2.3903344080e+00,1.6615908427e+00,7.2874356532e-01,2.0647152908e+01
2.5205216916e+00,7.5113660992e+00,2.3935595599e+00,1.6640390307e+00,7.2952052921e-01,2.0692462212e+01
2.5212414293e+00,7.5156923157e+00,2.3967900133e+00,1.6664912045e+00,7.3029880884e-01,2.0737875658e+01
2.5219611671e+00,7.5200210240e+00,2.4000257768e+00,1.6689473705e+00,7.3107840632e-01,2.0783393486e+01
2.5226809049e+00,7.5243522253e+00,2.4032668587e+00,1.6714075349e+00,7.3185932377e-01,2.0829015938e+01
2.5234006427e+00,7.5286859213e+00,2.4065132674e+00,1.6738717041e+00,7.3264156331e-01,2.0874743255e+01
2.5241203804e+00,7.5330221133e+00,2.4097650114e+00,1.6763398844e+00,7.3342512707e-01,2.0920575679e+01
2.5248401182e+00,7.5373608027e+00,2.4130220992e+00,1.6788120820e+00,7.3421001716e-01,2.0966513453e+01
2.5255598560e+00,7.5417019910e+00,2.4162845392e+00,1.6812883035e+00,7.3499623572e-01,2.1012556820e+01
2.5262795938e+00,7.5460456797e+00,2.4195523399e+00,1.6837685551e+00,7.3578378488e-01,2.1058706026e+01
2.5269993316e+00,7.5503918701e+00,2.4228255099e+00,1.6862528431e+00,7.3657266678e-01,2.1104961313e+01
2.5277190693e+00,7.5547405638e+00,2.4261040576e+00,1.6887411740e+00,7.3736288356e-01,2.1151322927e+01
2.5284388071e+00,7.5590917621e+00,2.4293879915e+00,1.6912335542e+00,7.3815443735e-01,2.1197791114e+01
2.5291585449e+00,7.5634454665e+00,2.4326773203e+00,1.6937299900e+00,7.3894733031e-01,2.1244366119e+01
2.5298782827e+00,7.5678016784e+00,2.4359720524e+00,1.6962304878e+00,7.3974156459e-01,2.1291048190e+01
2.5305980204e+00,7.5721603994e+00,2.4392721964e+00,1.6987350541e+00,7.4053714233e-01,2.1337837574e+01
2.5313177582e+00,7.5765216307e+00,2.4425777610e+00,1.7012436953e+00,7.4133406570e-01,2.1384734519e+01
2.5320374960e+00,7.5808853740e+00,2.4458887547e+00,1.7037564178e+00,7.4213233685e-01,2.1431739273e+01
2.5327572338e+00,7.5852516305e+00,2.4492051860e+00,1.7062732281e+00,7.4293195795e-01,2.1478852086e+01
2.5334769715e+00,7.5896204019e+00,2.4525270638e+00,1.7087941326e+00,7.4373293117e-01,2.1526073206e+01
2.5341967093e+00,7.5939916894e+00,2.4558543965e+00,1.7113191378e+00,7.4453525867e-01,2.1573402885e+01
2.5349164471e+00,7.5983654947e+00,2.4591871928e+00,1.7138482502e+00,7.4533894262e-01,2.1620841373e+01
2.5356361849e+00,7.6027418190e+00,2.4625254614e+00,1.7163814762e+00,7.4614398521e-01,2.1668388921e+01
2.5363559226e+00,7.6071206639e+00,2.4658692110e+00,1.7189188224e+00,7.4695038862e-01,2.1716045781e+01
2.5370756604e+00,7.6115020309e+00,2.4692184503e+00,1.7214602953e+00,7.4775815502e-01,2.1763812206e+01
2.5377953982e+00,7.6158859213e+00,2.4725731879e+00,1.7240059013e+00,7.4856728660e-01,2.1811688449e+01
2.5385151360e+00,7.6202723366e+00,2.4759334327e+00,1.7265556471e+00,7.4937778556e-01,2.1859674763e+01
2.5392348737e+00,7.6246612784e+00,2.4792991932e+00,1.7291095391e+00,7.5018965410e-01,2.1907771403e+01
2.5399546115e+00,7.6290527479e+00,2.4826704783e+00,1.7316675839e+00,7.5100289439e-01,2.1955978624e+01
2.5406743493e+00,7.6334467468e+00,2.4860472968e+00,1.7342297881e+00,7.5181750866e-01,2.2004296681e+01
2.5413940871e+00,7.6378432764e+00,2.4894296574e+00,1.7367961583e+00,7.5263349909e-01,2.2052725831e+01
2.5421138248e+00,7.6422423382e+00,2.4928175688e+00,1.7393667009e+00,7.5345086791e-01,2.2101266329e+01
2.5428335626e+00,7.6466439337e+00,2.4962110400e+00,1.7419414227e+00,7.5426961732e-01,2.2149918433e+01
2.5435533004e+00,7.6510480643e+00,2.4996100797e+00,1.7445203301e+00,7.5508974953e-01,2.2198682401e+01
2.5442730382e+00,7.6554547315e+00,2.5030146967e+00,1.7471034299e+00,7.5591126676e-01,2.2247558492e+01
2.5449927760e+00,7.6598639367e+00,2.5064248999e+00,1.7496907287e+00,7.5673417124e-01,2.2296546964e+01
2.5457125137e+00,7.6642756814e+00,2.5098406982e+00,1.7522822330e+00,7.5755846519e-01,2.2345648076e+01
2.5464322515e+00,7.6686899672e+00,2.5132621004e+00,1.7548779495e+00,7.5838415084e-01,2.2394862090e+01
2.5471519893e+00,7.6731067953e+00,2.5166891154e+00,1.7574778850e+00,7.5921123042e-01,2.2444189266e+01
2.5478717271e+00,7.6775261674e+00,2.5201217521e+00,1.7600820460e+00,7.6003970617e-01,2.2493629866e+01
2.5485914648e+00,7.6819480848e+00,2.5235600195e+00,1.7626904392e+00,7.6086958032e-01,2.2543184150e+01
2.5493112026e+00,7.6863725490e+00,2.5270039264e+00,1.7653030713e+00,7.6170085512e-01,2.2592852383e+01
2.5500309404e+00,7.6907995616e+00,2.5304534818e+00,1.7679199490e+00,7.6253353282e-01,2.2642634827e+01
2.5507506782e+00,7.6952291239e+00,2.5339086947e+00,1.7705410791e+00,7.6336761566e-01,2.2692531747e+01
2.5514704159e+00,7.6996612374e+00,2.5373695740e+00,1.7731664681e+00,7.6420310589e-01,2.2742543406e+01
2.5521901537e+00,7.7040959036e+00,2.5408361288e+00,1.7757961230e+00,7.6504000579e-01,2.2792670069e+01
2.5529098915e+00,7.7085331241e+00,2.5443083679e+00,1.7784300503e+00,7.6587831759e-01,2.2842912003e+01
2.5536296293e+00,7.7129729001e+00,2.5477863005e+00,1.7810682570e+00,7.6671804358e-01,2.2893269474e+01
2.5543493670e+00,7.7174152333e+00,2.5512699356e+00,1.7837107496e+00,7.6755918601e-01,2.2943742748e+01
2.5550691048e+00,7.7218601250e+00,2.5547592822e+00,1.7863575350e+00,7.6840174715e-01,2.2994332093e+01
2.5557888426e+00,7.7263075769e+00,2.5582543493e+00,1.7890086200e+00,7.6924572929e-01,2.3045037777e+01
2.5565085804e+00,7.7307575902e+00,2.5617551461e+00,1.7916640114e+00,7.7009113470e-01,2.3095860070e+01
2.5572283181e+00,7.7352101666e+00,2.5652616816e+00,1.7943237160e+00,7.7093796566e-01,2.3146799239e+01
2.5579480559e+00,7.7396653075e+00,2.5687739650e+00,1.7969877405e+00,7.7178622446e-01,2.3197855557e+01
2.5586677937e+00,7.7441230143e+00,2.5722920052e+00,1.7996560919e+00,7.7263591338e-01,2.3249029292e+01
2.5593875315e+00,7.7485832886e+00,2.5758158116e+00,1.8023287769e+00,7.7348703473e-01,2.3300320716e+01
2.5601072692e+00,7.7530461317e+00,2.5793453932e+00,1.8050058024e+00,7.7433959078e-01,2.3351730101e+01
2.5608270070e+00,7.7575115453e+00,2.5828807591e+00,1.8076871753e+00,7.7519358385e-01,2.3403257721e+01
2.5615467448e+00,7.7619795308e+00,2.5864219186e+00,1.8103729024e+00,7.7604901624e-01,2.3454903847e+01
2.5622664826e+00,7.7664500896e+00,2.5899688809e+00,1.8130629906e+00,7.7690589025e-01,2.3506668753e+01
2.5629862204e+00,7.7709232233e+00,2.5935216551e+00,1.8157574469e+00,7.7776420820e-01,2.3558552714e+01
2.5637059581e+00,7.7753989333e+00,2.5970802504e+00,1.8184562780e+00,7.7862397240e-01,2.3610556006e+01
2.5644256959e+00,7.7798772212e+00,2.6006446762e+00,1.8211594910e+00,7.7948518516e-01,2.3662678903e+01
2.5651454337e+00,7.7843580883e+00,2.6042149416e+00,1.8238670927e+00,7.8034784881e-01,2.3714921682e+01
2.5658651715e+00,7.7888415362e+00,2.6077910558e+00,1.8265790902e+00,7.8121196568e-01,2.3767284620e+01
2.5665849092e+00,7.7933275663e+00,2.6113730283e+00,1.8292954902e+00,7.8207753809e-01,2.3819767995e+01
2.5673046470e+00,7.7978161803e+00,2.6149608682e+00,1.8320162999e+00,7.8294456838e-01,2.3872372084e+01
2.5680243848e+00,7.8023073794e+00,2.6185545849e+00,1.8347415261e+00,7.8381305887e-01,2.3925097167e+01
2.5687441226e+00,7.8068011653e+00,2.6221541877e+00,1.8374711758e+00,7.8468301192e-01,2.3977943523e+01
2.5694638603e+00,7.8112975395e+00,2.6257596860e+00,1.8402052561e+00,7.8555442986e-01,2.4030911432e+01
2.5701835981e+00,7.8157965033e+00,2.6293710890e+00,1.8429437739e+00,7.8642731504e-01,2.4084001176e+01
2.5709033359e+00,7.8202980584e+00,2.6329884061e+00,1.8456867363e+00,7.8730166982e-01,2.4137213035e+01
2.5716230737e+00,7.8248022061e+00,2.6366116468e+00,1.8484341502e+00,7.8817749655e-01,2.4190547292e+01
2.5723428114e+00,7.8293089480e+00,2.6402408204e+00,1.8511860228e+00,7.8905479758e-01,2.4244004229e+01
2.5730625492e+00,7.8338182857e+00,2.6438759363e+00,1.8539423610e+00,7.8993357527e-01,2.4297584130e+01
2.5737822870e+00,7.8383302205e+00,2.6475170040e+00,1.8567031720e+00,7.9081383200e-01,2.4351287279e+01
2.5745020248e+00,7.8428447539e+00,2.6511640328e+00,1.8594684627e+00,7.9169557014e-01,2.4405113961e+01
2.5752217625e+00,7.8473618876e+00,2.6548170323e+00,1.8622382403e+00,7.9257879205e-01,2.4459064461e+01
2.5759415003e+00,7.8518816229e+00,2.6584760119e+00,1.8650125118e+00,7.9346350011e-01,2.4513139065e+01
2.5766612381e+00,7.8564039614e+00,2.6621409812e+00,1.8677912845e+00,7.9434969671e-01,2.4567338059e+01
2.5773809759e+00,7.8609289045e+00,2.6658119495e+00,1.8705745653e+00,7.9523738422e-01,2.4621661732e+01
2.5781007136e+00,7.8654564539e+00,2.6694889264e+00,1.8733623614e+00,7.9612656504e-01,2.4676110371e+01
2.5788204514e+00,7.8699866109e+00,2.6731719215e+00,1.8761546799e+00,7.9701724156e-01,2.4730684266e+01
2.5795401892e+00,7.8745193770e+00,2.6768609443e+00,1.8789515281e+00,7.9790941617e-01,2.4785383704e+01
2.5802599270e+00,7.8790547539e+00,2.6805560043e+00,1.8817529130e+00,7.9880309128e-01,2.4840208977e+01
2.5809796648e+00,7.8835927429e+00,2.6842571111e+00,1.8845588418e+00,7.9969826928e-01,2.4895160374e+01
2.5816994025e+00,7.8881333456e+00,2.6879642744e+00,1.8873693218e+00,8.0059495258e-01,2.4950238188e+01
2.5824191403e+00,7.8926765635e+00,2.6916775036e+00,1.8901843600e+00,8.0149314360e-01,2.5005442711e+01
2.5831388781e+00,7.8972223980e+00,2.6953968085e+00,1.8930039638e+00,8.0239284474e-01,2.5060774234e+01
2.5838586159e+00,7.9017708508e+00,2.6991221987e+00,1.8958281403e+00,8.0329405844e-01,2.5116233053e+01
2.5845783536e+00,7.9063219233e+00,2.7028536838e+00,1.8986568967e+00,8.0419678710e-01,2.5171819460e+01
2.5852980914e+00,7.9108756170e+00,2.7065912735e+00,1.9014902404e+00,8.0510103316e-01,2.5227533750e+01
2.5860178292e+00,7.9154319335e+00,2.7103349775e+00,1.9043281785e+00,8.0600679904e-01,2.5283376219e+01
2.5867375670e+00,7.9199908741e+00,2.7140848054e+00,1.9071707183e+00,8.0691408718e-01,2.5339347163e+01
2.5874573047e+00,7.9245524405e+00,2.7178407671e+00,1.9100178671e+00,8.0782290002e-01,2.5395446879e+01
2.5881770425e+00,7.9291166342e+00,2.7216028721e+00,1.9128696321e+00,8.0873323999e-01,2.5451675664e+01
2.5888967803e+00,7.9336834567e+00,2.7253711303e+00,1.9157260208e+00,8.0964510954e-01,2.5508033817e+01
2.5896165181e+00,7.9382529094e+00,2.7291455514e+00,1.9185870403e+00,8.1055851113e-01,2.5564521636e+01
2.5903362558e+00,7.9428249940e+00,2.7329261452e+00,1.9214526980e+00,8.1147344720e-01,2.5621139421e+01
2.5910559936e+00,7.9473997118e+00,2.7367129215e+00,1.9243230013e+00,8.1238992021e-01,2.5677887472e+01
2.5917757314e+00,7.9519770646e+00,2.7405058901e+00,1.9271979575e+00,8.1330793263e-01,2.5734766090e+01
2.5924954692e+00,7.9565570536e+00,2.7443050608e+00,1.9300775739e+00,8.1422748690e-01,2.5791775577e+01
2.5932152069e+00,7.9611396805e+00,2.7481104434e+00,1.9329618579e+00,8.1514858552e-01,2.5848916234e+01
2.5939349447e+00,7.9657249469e+00,2.7519220478e+00,1.9358508169e+00,8.1607123093e-01,2.5906188366e+01
2.5946546825e+00,7.9703128541e+00,2.7557398839e+00,1.9387444583e+00,8.1699542563e-01,2.5963592276e+01
2.5953744203e+00,7.9749034038e+00,2.7595639616e+00,1.9416427895e+00,8.1792117210e-01,2.6021128268e+01
2.5960941580e+00,7.9794965974e+00,2.7633942906e+00,1.9445458178e+00,8.1884847281e-01,2.6078796647e+01
2.5968138958e+00,7.9840924365e+00,2.7672308811e+00,1.9474535508e+00,8.1977733025e-01,2.6136597720e+01
2.5975336336e+00,7.9886909226e+00,2.7710737428e+00,1.9503659959e+00,8.2070774692e-01,2.6194531792e+01
2.5982533714e+00,7.9932920572e+00,2.7749228858e+00,1.9532831605e+00,8.2163972531e-01,2.6252599172e+01
2.5989731092e+00,7.9978958419e+00,2.7787783200e+00,1.9562050521e+00,8.2257326792e-01,2.6310800167e+01
2.5996928469e+00,8.0025022782e+00,2.7826400553e+00,1.9591316781e+00,8.2350837725e-01,2.6369135085e+01
2.6004125847e+00,8.0071113675e+00,2.7865081019e+00,1.9620630460e+00,8.2444505582e-01,2.6427604236e+01
2.6011323225e+00,8.0117231115e+00,2.7903824696e+00,1.9649991634e+00,8.2538330613e-01,2.6486207931e+01
2.6018520603e+00,8.0163375117e+00,2.7942631685e+00,1.9679400378e+00,8.2632313069e-01,2.6544946480e+01
2.6025717980e+00,8.0209545695e+00,2.7981502087e+00,1.9708856766e+00,8.2726453204e-01,2.6603820194e+01
2.6032915358e+00,8.0255742866e+00,2.8020436001e+00,1.9738360875e+00,8.2820751269e-01,2.6662829386e+01
2.6040112736e+00,8.0301966644e+00,2.8059433530e+00,1.9767912778e+00,8.2915207516e-01,2.6721974369e+01
2.6047310114e+00,8.0348217045e+00,2.8098494773e+00,1.9797512553e+00,8.3009822200e-01,2.6781255457e+01
2.6054507491e+00,8.0394494084e+00,2.8137619832e+00,1.9827160275e+00,8.3104595572e-01,2.6840672964e+01
2.6061704869e+00,8.0440797777e+00,2.8176808809e+00,1.9856856020e+00,8.3199527889e-01,2.6900227205e+01
2.6068902247e+00,8.0487128139e+00,2.8216061803e+00,1.9886599863e+00,8.3294619403e-01,2.6959918495e+01
2.6076099625e+00,8.0533485185e+00,2.8255378917e+00,1.9916391880e+00,8.3389870369e-01,2.7019747153e+01
2.6083297002e+00,8.0579868931e+00,2.8294760253e+00,1.9946232149e+00,8.3485281043e-01,2.7079713495e+01
2.6090494380e+00,8.0626279391e+00,2.8334205913e+00,1.9976120745e+00,8.3580851680e-01,2.7139817838e+01
2.6097691758e+00,8.0672716582e+00,2.8373715997e+00,2.0006057744e+00,8.3676582536e-01,2.7200060503e+01
2.6104889136e+00,8.0719180519e+00,2.8413290610e+00,2.0036043223e+00,8.3772473867e-01,2.7260441808e+01
2.6112086513e+00,8.0765671217e+00,2.8452929852e+00,2.0066077259e+00,8.3868525931e-01,2.7320962074e+01
2.6119283891e+00,8.0812188691e+00,2.8492633827e+00,2.0096159929e+00,8.3964738983e-01,2.7381621622e+01
2.6126481269e+00,8.0858732958e+00,2.8532402638e+00,2.0126291309e+00,8.4061113282e-01,2.7442420774e+01
2.6133678647e+00,8.0905304032e+00,2.8572236386e+00,2.0156471477e+00,8.4157649086e-01,2.7503359851e+01
2.6140876024e+00,8.0951901929e+00,2.8612135175e+00,2.0186700510e+00,8.4254346653e-01,2.7564439178e+01
2.6148073402e+00,8.0998526664e+00,2.8652099108e+00,2.0216978484e+00,8.4351206242e-01,2.7625659079e+01
2.6155270780e+00,8.1045178253e+00,2.8692128289e+00,2.0247305478e+00,8.4448228112e-01,2.7687019878e+01
2.6162468158e+00,8.1091856711e+00,2.8732222821e+00,2.0277681569e+00,8.4545412522e-01,2.7748521900e+01
2.6169665536e+00,8.1138562054e+00,2.8772382807e+00,2.0308106834e+00,8.4642759733e-01,2.7810165472e+01
2.6176862913e+00,8.1185294298e+00,2.8812608352e+00,2.0338581352e+00,8.4740270004e-01,2.7871950921e+01
2.6184060291e+00,8.1232053457e+00,2.8852899560e+00,2.0369105200e+00,8.4837943598e-01,2.7933878575e+01
2.6191257669e+00,8.1278839547e+00,2.8893256533e+00,2.0399678456e+00,8.4935780774e-01,2.7995948763e+01
2.6198455047e+00,8.1325652584e+00,2.8933679378e+00,2.0430301199e+00,8.5033781795e-01,2.8058161812e+01
2.6205652424e+00,8.1372492583e+00,2.8974168198e+00,2.0460973506e+00,8.5131946922e-01,2.8120518055e+01
2.6212849802e+00,8.1419359560e+00,2.9014723098e+00,2.0491695457e+00,8.5230276419e-01,2.8183017821e+01
2.6220047180e+00,8.1466253530e+00,2.9055344183e+00,2.0522467129e+00,8.5328770547e-01,2.8245661442e+01
2.6227244558e+00,8.1513174509e+00,2.9096031558e+00,2.0553288601e+00,8.5427429571e-01,2.8308449250e+01
2.6234441935e+00,8.1560122513e+00,2.9136785328e+00,2.0584159952e+00,8.5526253753e-01,2.8371381578e+01
2.6241639313e+00,8.1607097556e+00,2.9177605598e+00,2.0615081262e+00,8.5625243359e-01,2.8434458762e+01
2.6248836691e+00,8.1654099655e+00,2.9218492473e+00,2.0646052608e+00,8.5724398652e-01,2.8497681134e+01
2.6256034069e+00,8.1701128826e+00,2.9259446060e+00,2.0677074070e+00,8.5823719897e-01,2.8561049030e+01
2.6263231446e+00,8.1748185083e+00,2.9300466464e+00,2.0708145728e+00,8.5923207360e-01,2.8624562787e+01
2.6270428824e+00,8.1795268442e+00,2.9341553791e+00,2.0739267661e+00,8.6022861307e-01,2.8688222742e+01
2.6277626202e+00,8.1842378919e+00,2.9382708148e+00,2.0770439947e+00,8.6122682004e-01,2.8752029232e+01
2.6284823580e+00,8.1889516530e+00,2.9423929640e+00,2.0801662668e+00,8.6222669717e-01,2.8815982596e+01
2.6292020957e+00,8.1936681290e+00,2.9465218374e+00,2.0832935903e+00,8.6322824714e-01,2.8880083173e+01
2.6299218335e+00,8.1983873215e+00,2.9506574457e+00,2.0864259731e+00,8.6423147261e-01,2.8944331304e+01
2.6306415713e+00,8.2031092320e+00,2.9547997996e+00,2.0895634233e+00,8.6523637627e-01,2.9008727329e+01
2.6313613091e+00,8.2078338622e+00,2.9589489097e+00,2.0927059489e+00,8.6624296080e-01,2.9073271589e+01
2.6320810468e+00,8.2125612135e+00,2.9631047867e+00,2.0958535578e+00,8.6725122889e-01,2.9137964428e+01
2.6328007846e+00,8.2172912875e+00,2.9672674415e+00,2.0990062583e+00,8.6826118324e-01,2.9202806189e+01
2.6335205224e+00,8.2220240859e+00,2.9714368847e+00,2.1021640582e+00,8.6927282652e-01,2.9267797215e+01
2.6342402602e+00,8.2267596102e+00,2.9756131272e+00,2.1053269657e+00,8.7028616145e-01,2.9332937852e+01
2.6349599980e+00,8.2314978619e+00,2.9797961797e+00,2.1084949889e+00,8.7130119073e-01,2.9398228445e+01
2.6356797357e+00,8.2362388427e+00,2.9839860529e+00,2.1116681359e+00,8.7231791707e-01,2.9463669340e+01
2.6363994735e+00,8.2409825540e+00,2.9881827578e+00,2.1148464146e+00,8.7333634318e-01,2.9529260886e+01
2.6371192113e+00,8.2457289975e+00,2.9923863052e+00,2.1180298334e+00,8.7435647177e-01,2.9595003429e+01
2.6378389491e+00,8.2504781748e+00,2.9965967058e+00,2.1212184003e+00,8.7537830558e-01,2.9660897319e+01
2.6385586868e+00,8.2552300873e+00,3.0008139707e+00,2.1244121234e+00,8.7640184732e-01,2.9726942905e+01
2.6392784246e+00,8.2599847368e+00,3.0050381106e+00,2.1276110109e+00,8.7742709972e-01,2.9793140538e+01
2.6399981624e+00,8.2647421247e+00,3.0092691365e+00,2.1308150710e+00,8.7845406553e-01,2.9859490570e+01
2.6407179002e+00,8.2695022527e+00,3.0135070593e+00,2.1340243118e+00,8.7948274747e-01,2.9925993351e+01
2.6414376379e+00,8.2742651223e+00,3.0177518899e+00,2.1372387417e+00,8.8051314829e-01,2.9992649236e+01
2.6421573757e+00,8.2790307351e+00,3.0220036394e+00,2.1404583686e+00,8.8154527073e-01,3.0059458577e+01
2.6428771135e+00,8.2837990927e+00,3.0262623186e+00,2.1436832010e+00,8.8257911756e-01,3.0126421730e+01
2.6435968513e+00,8.2885701967e+00,3.0305279385e+00,2.1469132470e+00,8.8361469152e-01,3.0193539049e+01
2.6443165890e+00,8.2933440486e+00,3.0348005102e+00,2.1501485149e+00,8.8465199537e-01,3.0260810892e+01
2.6450363268e+00,8.2981206500e+00,3.0390800448e+00,2.1533890129e+00,8.8569103188e-01,3.0328237614e+01
2.6457560646e+00,8.3029000025e+00,3.0433665531e+00,2.1566347493e+00,8.8673180383e-01,3.0395819574e+01
2.6464758024e+00,8.3076821078e+00,3.0476600464e+00,2.1598857324e+00,8.8777431397e-01,3.0463557130e+01
2.6471955401e+00,8.3124669673e+00,3.0519605356e+00,2.1631419705e+00,8.8881856509e-01,3.0531450641e+01
2.6479152779e+00,8.3172545827e+00,3.0562680319e+00,2.1664034720e+00,8.8986455997e-01,3.0599500469e+01
2.6486350157e+00,8.3220449555e+00,3.0605825464e+00,2.1696702450e+00,8.9091230140e-01,3.0667706974e+01
2.6493547535e+00,8.3268380874e+00,3.0649040902e+00,2.1729422981e+00,8.9196179216e-01,3.0736070519e+01
2.6500744912e+00,8.3316339800e+00,3.0692326745e+00,2.1762196395e+00,8.9301303506e-01,3.0804591465e+01
2.6507942290e+00,8.3364326347e+00,3.0735683105e+00,2.1795022776e+00,8.9406603289e-01,3.0873270177e+01
2.6515139668e+00,8.3412340533e+00,3.0779110092e+00,2.1827902208e+00,8.9512078846e-01,3.0942107019e+01
2.6522337046e+00,8.3460382372e+00,3.0822607820e+00,2.1860834774e+00,8.9617730458e-01,3.1011102356e+01
2.6529534424e+00,8.3508451882e+00,3.0866176400e+00,2.1893820560e+00,8.9723558405e-01,3.1080256555e+01
2.6536731801e+00,8.3556549077e+00,3.0909815945e+00,2.1926859648e+00,8.9829562969e-01,3.1149569983e+01
2.6543929179e+00,8.3604673975e+00,3.0953526568e+00,2.1959952124e+00,8.9935744433e-01,3.1219043007e+01
2.6551126557e+00,8.3652826590e+00,3.0997308380e+00,2.1993098072e+00,9.0042103080e-01,3.1288675996e+01
2.6558323935e+00,8.3701006939e+00,3.1041161496e+00,2.2026297577e+00,9.0148639192e-01,3.1358469321e+01
2.6565521312e+00,8.3749215038e+00,3.1085086028e+00,2.2059550722e+00,9.0255353052e-01,3.1428423350e+01
2.6572718690e+00,8.3797450903e+00,3.1129082089e+00,2.2092857594e+00,9.0362244946e-01,3.1498538456e+01
2.6579916068e+00,8.3845714549e+00,3.1173149793e+00,2.2126218277e+00,9.0469315156e-01,3.1568815010e+01
2.6587113446e+00,8.3894005993e+00,3.1217289253e+00,2.2159632857e+00,9.0576563969e-01,3.1639253386e+01
2.6594310823e+00,8.3942325251e+00,3.1261500584e+00,2.2193101417e+00,9.0683991669e-01,3.1709853957e+01
2.6601508201e+00,8.3990672338e+00,3.1305783900e+00,2.2226624045e+00,9.0791598542e-01,3.1780617099e+01
2.6608705579e+00,8.4039047272e+00,3.1350139313e+00,2.2260200826e+00,9.0899384875e-01,3.1851543186e+01
2.6615902957e+00,8.4087450067e+00,3.1394566940e+00,2.2293831845e+00,9.1007350953e-01,3.1922632595e+01
2.6623100334e+00,8.4135880740e+00,3.1439066894e+00,2.2327517187e+00,9.1115497065e-01,3.1993885704e+01
2.6630297712e+00,8.4184339307e+00,3.1483639290e+00,2.2361256940e+00,9.1223823497e-01,3.2065302891e+01
2.6637495090e+00,8.4232825784e+00,3.1528284243e+00,2.2395051189e+00,9.1332330538e-01,3.2136884535e+01
2.6644692468e+00,8.4281340187e+00,3.1573001868e+00,2.2428900021e+00,9.1441018475e-01,3.2208631015e+01
2.6651889845e+00,8.4329882532e+00,3.1617792281e+00,2.2462803521e+00,9.1549887599e-01,3.2280542712e+01
2.6659087223e+00,8.4378452836e+00,3.1662655596e+00,2.2496761776e+00,9.1658938198e-01,3.2352620009e+01
2.6666284601e+00,8.4427051113e+00,3.1707591930e+00,2.2530774874e+00,9.1768170563e-01,3.2424863288e+01
2.6673481979e+00,8.4475677382e+00,3.1752601398e+00,2.2564842900e+00,9.1877584983e-01,3.2497272932e+01
2.6680679356e+00,8.4524331657e+00,3.1797684117e+00,2.2598965942e+00,9.1987181749e-01,3.2569849326e+01
2.6687876734e+00,8.4573013954e+00,3.1842840202e+00,2.2633144087e+00,9.2096961152e-01,3.2642592854e+01
2.6695074112e+00,8.4621724291e+00,3.1888069770e+00,2.2667377421e+00,9.2206923485e-01,3.2715503904e+01
2.6702271490e+00,8.4670462682e+00,3.1933372937e+00,2.2701666033e+00,9.2317069039e-01,3.2788582861e+01
2.6709468868e+00,8.4719229145e+00,3.1978749820e+00,2.2736010009e+00,9.2427398107e-01,3.2861830115e+01
2.6716666245e+00,8.4768023695e+00,3.2024200536e+00,2.2770409438e+00,9.2537910982e-01,3.2935246053e+01
2.6723863623e+00,8.4816846349e+00,3.2069725203e+00,2.2804864407e+00,9.2648607957e-01,3.3008831066e+01
2.6731061001e+00,8.4865697122e+00,3.2115323937e+00,2.2839375004e+00,9.2759489326e-01,3.3082585543e+01
2.6738258379e+00,8.4914576031e+00,3.2160996856e+00,2.2873941318e+00,9.2870555384e-01,3.3156509878e+01
2.6745455756e+00,8.4963483092e+00,3.2206744078e+00,2.2908563435e+00,9.2981806426e-01,3.3230604461e+01
2.6752653134e+00,8.5012418322e+00,3.2252565720e+00,2.2943241445e+00,9.3093242747e-01,3.3304869687e+01
2.6759850512e+00,8.5061381736e+00,3.2298461900e+00,2.2977975436e+00,9.3204864643e-01,3.3379305949e+01
2.6767047890e+00,8.5110373351e+00,3.2344432737e+00,2.3012765496e+00,9.3316672410e-01,3.3453913643e+01
2.6774245267e+00,8.5159393183e+00,3.2390478350e+00,2.3047611715e+00,9.3428666345e-01,3.3528693164e+01
2.6781442645e+00,8.5208441248e+00,3.2436598856e+00,2.3082514182e+00,9.3540846745e-01,3.3603644911e+01
2.6788640023e+00,8.5257517562e+00,3.2482794375e+00,2.3117472984e+00,9.3653213908e-01,3.3678769280e+01
2.6795837401e+00,8.5306622143e+00,3.2529065025e+00,2.3152488212e+00,9.3765768132e-01,3.3754066670e+01
2.6803034778e+00,8.5355755005e+00,3.2575410926e+00,2.3187559955e+00,9.3878509716e-01,3.3829537482e+01
2.6810232156e+00,8.5404916166e+00,3.2621832197e+00,2.3222688302e+00,9.3991438958e-01,3.3905182115e+01
2.6817429534e+00,8.5454105642e+00,3.2668328958e+00,2.3257873342e+00,9.4104556159e-01,3.3981000972e+01
2.6824626912e+00,8.5503323448e+00,3.2714901328e+00,2.3293115166e+00,9.4217861619e-01,3.4056994454e+01
2.6831824289e+00,8.5552569602e+00,3.2761549428e+00,2.3328413864e+00,9.4331355637e-01,3.4133162966e+01
2.6839021667e+00,8.5601844120e+00,3.2808273377e+00,2.3363769525e+00,9.4445038516e-01,3.4209506912e+01
2.6846219045e+00,8.5651147017e+00,3.2855073295e+00,2.3399182240e+00,9.4558910556e-01,3.4286026697e+01
2.6853416423e+00,8.5700478311e+00,3.2901949304e+00,2.3434652098e+00,9.4672972059e-01,3.4362722726e+01
2.6860613800e+00,8.5749838017e+00,3.2948901524e+00,2.3470179191e+00,9.4787223328e-01,3.4439595409e+01
2.6867811178e+00,8.5799226153e+00,3.2995930075e+00,2.3505763608e+00,9.4901664666e-01,3.4516645151e+01
2.6875008556e+00,8.5848642734e+00,3.3043035079e+00,2.3541405442e+00,9.5016296376e-01,3.4593872364e+01
2.6882205934e+00,8.5898087776e+00,3.3090216658e+00,2.3577104782e+00,9.5131118763e-01,3.4671277455e+01
2.6889403312e+00,8.5947561297e+00,3.3137474932e+00,2.3612861719e+00,9.5246132129e-01,3.4748860838e+01
2.6896600689e+00,8.5997063312e+00,3.3184810023e+00,2.3648676345e+00,9.5361336781e-01,3.4826622923e+01
2.6903798067e+00,8.6046593838e+00,3.3232222054e+00,2.3684548751e+00,9.5476733023e-01,3.4904564123e+01
2.6910995445e+00,8.6096152892e+00,3.3279711145e+00,2.3720479029e+00,9.5592321162e-01,3.4982684852e+01
2.6918192823e+00,8.6145740490e+00,3.3327277420e+00,2.3756467270e+00,9.5708101503e-01,3.5060985525e+01
2.6925390200e+00,8.6195356648e+00,3.3374921001e+00,2.3792513565e+00,9.5824074354e-01,3.5139466558e+01
2.6932587578e+00,8.6245001382e+00,3.3422642010e+00,2.3828618008e+00,9.5940240021e-01,3.5218128367e+01
2.6939784956e+00,8.6294674710e+00,3.3470440570e+00,2.3864780689e+00,9.6056598812e-01,3.5296971369e+01
2.6946982334e+00,8.6344376647e+00,3.3518316805e+00,2.3901001701e+00,9.6173151036e-01,3.5375995985e+01
2.6954179711e+00,8.6394107211e+00,3.3566270837e+00,2.3937281137e+00,9.6289897001e-01,3.5455202632e+01
2.6961377089e+00,8.6443866417e+00,3.3614302790e+00,2.3973619088e+00,9.6406837017e-01,3.5534591732e+01
2.6968574467e+00,8.6493654282e+00,3.3662412787e+00,2.4010015648e+00,9.6523971393e-01,3.5614163706e+01
2.6975771845e+00,8.6543470823e+00,3.3710600952e+00,2.4046470909e+00,9.6641300438e-01,3.5693918977e+01
2.6982969222e+00,8.6593316056e+00,3.3758867410e+00,2.4082984964e+00,9.6758824465e-01,3.5773857968e+01
2.6990166600e+00,8.6643189998e+00,3.3807212284e+00,2.4119557906e+00,9.6876543784e-01,3.5853981103e+01
2.6997363978e+00,8.6693092664e+00,3.3855635699e+00,2.4156189829e+00,9.6994458706e-01,3.5934288808e+01
2.7004561356e+00,8.6743024073e+00,3.3904137780e+00,2.4192880825e+00,9.7112569544e-01,3.6014781510e+01
2.7011758733e+00,8.6792984240e+00,3.3952718650e+00,2.4229630989e+00,9.7230876611e-01,3.6095459635e+01
2.7018956111e+00,8.6842973182e+00,3.4001378436e+00,2.4266440414e+00,9.7349380219e-01,3.6176323613e+01
2.7026153489e+00,8.6892990915e+00,3.4050117261e+00,2.4303309193e+00,9.7468080682e-01,3.6257373872e+01
2.7033350867e+00,8.6943037456e+00,3.4098935253e+00,2.4340237422e+00,9.7586978314e-01,3.6338610843e+01
2.7040548244e+00,8.6993112822e+00,3.4147832536e+00,2.4377225193e+00,9.7706073431e-01,3.6420034957e+01
2.7047745622e+00,8.7043217029e+00,3.4196809236e+00,2.4414272601e+00,9.7825366346e-01,3.6501646647e+01
2.7054943000e+00,8.7093350094e+00,3.4245865478e+00,2.4451379741e+00,9.7944857375e-01,3.6583446345e+01
2.7062140378e+00,8.7143512033e+00,3.4295001390e+00,2.4488546707e+00,9.8064546835e-01,3.6665434487e+01
2.7069337756e+00,8.7193702863e+00,3.4344217098e+00,2.4525773593e+00,9.8184435042e-01,3.6747611508e+01
2.7076535133e+00,8.7243922601e+00,3.4393512727e+00,2.4563060496e+00,9.8304522314e-01,3.6829977843e+01
2.7083732511e+00,8.7294171264e+00,3.4442888405e+00,2.4600407509e+00,9.8424808967e-01,3.6912533931e+01
2.7090929889e+00,8.7344448867e+00,3.4492344260e+00,2.4637814727e+00,9.8545295321e-01,3.6995280210e+01
2.7098127267e+00,8.7394755428e+00,3.4541880417e+00,2.4675282247e+00,9.8665981692e-01,3.7078217119e+01
2.7105324644e+00,8.7445090964e+00,3.4591497004e+00,2.4712810164e+00,9.8786868402e-01,3.7161345098e+01
2.7112522022e+00,8.7495455490e+00,3.4641194150e+00,2.4750398573e+00,9.8907955768e-01,3.7244664589e+01
2.7119719400e+00,8.7545849025e+00,3.4690971981e+00,2.4788047570e+00,9.9029244112e-01,3.7328176035e+01
2.7126916778e+00,8.7596271583e+00,3.4740830626e+00,2.4825757251e+00,9.9150733754e-01,3.7411879878e+01
2.7134114155e+00,8.7646723183e+00,3.4790770213e+00,2.4863527711e+00,9.9272425014e-01,3.7495776564e+01
2.7141311533e+00,8.7697203841e+00,3.4840790870e+00,2.4901359048e+00,9.9394318216e-01,3.7579866537e+01
2.7148508911e+00,8.7747713574e+00,3.4890892726e+00,2.4939251358e+00,9.9516413680e-01,3.7664150246e+01
2.7155706289e+00,8.7798252397e+00,3.4941075910e+00,2.4977204737e+00,9.9638711730e-01,3.7748628136e+01
2.7162903666e+00,8.7848820329e+00,3.4991340550e+00,2.5015219281e+00,9.9761212688e-01,3.7833300656e+01
2.7170101044e+00,8.7899417386e+00,3.5041686776e+00,2.5053295089e+00,9.9883916878e-01,3.7918168257e+01
2.7177298422e+00,8.7950043585e+00,3.5092114718e+00,2.5091432255e+00,1.0000682462e+00,3.8003231389e+01
2.7184495800e+00,8.8000698942e+00,3.5142624504e+00,2.5129630879e+00,1.0012993625e+00,3.8088490503e+01
2.7191693177e+00,8.8051383474e+00,3.5193216266e+00,2.5167891057e+00,1.0025325209e+00,3.8173946053e+01
2.7198890555e+00,8.8102097199e+00,3.5243890132e+00,2.5206212886e+00,1.0037677245e+00,3.8259598492e+01
2.7206087933e+00,8.8152840132e+00,3.5294646233e+00,2.5244596465e+00,1.0050049768e+00,3.8345448276e+01
2.7213285311e+00,8.8203612291e+00,3.5345484699e+00,2.5283041891e+00,1.0062442809e+00,3.8431495859e+01
2.7220482688e+00,8.8254413692e+00,3.5396405662e+00,2.5321549261e+00,1.0074856401e+00,3.8517741699e+01
2.7227680066e+00,8.8305244353e+00,3.5447409251e+00,2.5360118674e+00,1.0087290577e+00,3.8604186254e+01
2.7234877444e+00,8.8356104290e+00,3.5498495599e+00,2.5398750229e+00,1.0099745370e+00,3.8690829984e+01
2.7242074822e+00,8.8406993520e+00,3.5549664835e+00,2.5437444023e+00,1.0112220812e+00,3.8777673347e+01
2.7249272200e+00,8.8457912061e+00,3.5600917093e+00,2.5476200155e+00,1.0124716938e+00,3.8864716806e+01
2.7256469577e+00,8.8508859927e+00,3.5652252503e+00,2.5515018724e+00,1.0137233778e+00,3.8951960823e+01
2.7263666955e+00,8.8559837138e+00,3.5703671197e+00,2.5553899829e+00,1.0149771368e+00,3.9039405861e+01
2.7270864333e+00,8.8610843709e+00,3.5755173308e+00,2.5592843568e+00,1.0162329739e+00,3.9127052384e+01
2.7278061711e+00,8.8661879658e+00,3.5806758967e+00,2.5631850042e+00,1.0174908925e+00,3.9214900858e+01
2.7285259088e+00,8.8712945002e+00,3.5858428308e+00,2.5670919348e+00,1.0187508960e+00,3.9302951750e+01
2.7292456466e+00,8.8764039756e+00,3.5910181463e+00,2.5710051587e+00,1.0200129875e+00,3.9391205527e+01
2.7299653844e+00,8.8815163939e+00,3.5962018564e+00,2.5749246859e+00,1.0212771705e+00,3.9479662657e+01
2.7306851222e+00,8.8866317568e+00,3.6013939746e+00,2.5788505263e+00,1.0225434484e+00,3.9568323611e+01
2.7314048599e+00,8.8917500658e+00,3.6065945142e+00,2.5827826898e+00,1.0238118243e+00,3.9657188860e+01
2.7321245977e+00,8.8968713228e+00,3.6118034884e+00,2.5867211866e+00,1.0250823017e+00,3.9746258875e+01
2.7328443355e+00,8.9019955294e+00,3.6170209107e+00,2.5906660267e+00,1.0263548840e+00,3.9835534130e+01
2.7335640733e+00,8.9071226873e+00,3.6222467945e+00,2.5946172201e+00,1.0276295745e+00,3.9925015099e+01
2.7342838110e+00,8.9122527982e+00,3.6274811532e+00,2.5985747768e+00,1.0289063765e+00,4.0014702256e+01
2.7350035488e+00,8.9173858639e+00,3.6327240003e+00,2.6025387069e+00,1.0301852934e+00,4.0104596079e+01
2.7357232866e+00,8.9225218860e+00,3.6379753492e+00,2.6065090206e+00,1.0314663286e+00,4.0194697044e+01
2.7364430244e+00,8.9276608662e+00,3.6432352134e+00,2.6104857278e+00,1.0327494855e+00,4.0285005631e+01
2.7371627621e+00,8.9328028062e+00,3.6485036064e+00,2.6144688389e+00,1.0340347675e+00,4.0375522319e+01
2.7378824999e+00,8.9379477077e+00,3.6537805417e+00,2.6184583638e+00,1.0353221778e+00,4.0466247588e+01
2.7386022377e+00,8.9430955725e+00,3.6590660329e+00,2.6224543128e+00,1.0366117200e+00,4.0557181921e+01
2.7393219755e+00,8.9482464022e+00,3.6643600936e+00,2.6264566961e+00,1.0379033975e+00,4.0648325801e+01
2.7400417132e+00,8.9534001986e+00,3.6696627373e+00,2.6304655237e+00,1.0391972136e+00,4.0739679711e+01
2.7407614510e+00,8.9585569634e+00,3.6749739776e+00,2.6344808060e+00,1.0404931717e+00,4.0831244137e+01
2.7414811888e+00,8.9637166982e+00,3.6802938283e+00,2.6385025531e+00,1.0417912753e+00,4.0923019565e+01
2.7422009266e+00,8.9688794048e+00,3.6856223030e+00,2.6425307752e+00,1.0430915277e+00,4.1015006483e+01
2.7429206644e+00,8.9740450849e+00,3.6909594152e+00,2.6465654827e+00,1.0443939325e+00,4.1107205380e+01
2.7436404021e+00,8.9792137401e+00,3.6963051788e+00,2.6506066858e+00,1.0456984930e+00,4.1199616744e+01
2.7443601399e+00,8.9843853723e+00,3.7016596075e+00,2.6546543948e+00,1.0470052127e+00,4.1292241067e+01
2.7450798777e+00,8.9895599832e+00,3.7070227150e+00,2.6587086200e+00,1.0483140950e+00,4.1385078841e+01
2.7457996155e+00,8.9947375744e+00,3.7123945150e+00,2.6627693717e+00,1.0496251433e+00,4.1478130559e+01
2.7465193532e+00,8.9999181476e+00,3.7177750214e+00,2.6668366602e+00,1.0509383612e+00,4.1571396715e+01
2.7472390910e+00,9.0051017047e+00,3.7231642480e+00,2.6709104960e+00,1.0522537520e+00,4.1664877804e+01
2.7479588288e+00,9.0102882472e+00,3.7285622086e+00,2.6749908893e+00,1.0535713193e+00,4.1758574324e+01
2.7486785666e+00,9.0154777770e+00,3.7339689170e+00,2.6790778505e+00,1.0548910665e+00,4.1852486772e+01
2.7493983043e+00,9.0206702957e+00,3.7393843872e+00,2.6831713901e+00,1.0562129971e+00,4.1946615646e+01
2.7501180421e+00,9.0258658050e+00,3.7448086330e+00,2.6872715185e+00,1.0575371145e+00,4.2040961447e+01
2.7508377799e+00,9.0310643068e+00,3.7502416683e+00,2.6913782460e+00,1.0588634223e+00,4.2135524676e+01
2.7515575177e+00,9.0362658026e+00,3.7556835072e+00,2.6954915832e+00,1.0601919239e+00,4.2230305835e+01
2.7522772554e+00,9.0414702943e+00,3.7611341635e+00,2.6996115406e+00,1.0615226229e+00,4.2325305427e+01
2.7529969932e+00,9.0466777835e+00,3.7665936512e+00,2.7037381285e+00,1.0628555227e+00,4.2420523958e+01
2.7537167310e+00,9.0518882721e+00,3.7720619844e+00,2.7078713575e+00,1.0641906268e+00,4.2515961933e+01
2.7544364688e+00,9.0571017616e+00,3.7775391770e+00,2.7120112382e+00,1.0655279389e+00,4.2611619858e+01
2.7551562065e+00,9.0623182539e+00,3.7830252432e+00,2.7161577810e+00,1.0668674622e+00,4.2707498243e+01
2.7558759443e+00,9.0675377506e+00,3.7885201970e+00,2.7203109965e+00,1.0682092005e+00,4.2803597596e+01
2.7565956821e+00,9.0727602536e+00,3.7940240525e+00,2.7244708953e+00,1.0695531573e+00,4.2899918428e+01
2.7573154199e+00,9.0779857645e+00,3.7995368239e+00,2.7286374879e+00,1.0708993359e+00,4.2996461251e+01
2.7580351576e+00,9.0832142850e+00,3.8050585252e+00,2.7328107850e+00,1.0722477401e+00,4.3093226577e+01
2.7587548954e+00,9.0884458170e+00,3.8105891706e+00,2.7369907972e+00,1.0735983734e+00,4.3190214920e+01
2.7594746332e+00,9.0936803621e+00,3.8161287744e+00,2.7411775351e+00,1.0749512393e+00,4.3287426796e+01
2.7601943710e+00,9.0989179220e+00,3.8216773507e+00,2.7453710094e+00,1.0763063413e+00,4.3384862721e+01
2.7609141088e+00,9.1041584986e+00,3.8272349137e+00,2.7495712307e+00,1.0776636831e+00,4.3482523213e+01
2.7616338465e+00,9.1094020934e+00,3.8328014778e+00,2.7537782097e+00,1.0790232681e+00,4.3580408790e+01
2.7623535843e+00,9.1146487084e+00,3.8383770572e+00,2.7579919571e+00,1.0803851001e+00,4.3678519973e+01
2.7630733221e+00,9.1198983452e+00,3.8439616661e+00,2.7622124837e+00,1.0817491825e+00,4.3776857282e+01
2.7637930599e+00,9.1251510056e+00,3.8495553190e+00,2.7664398001e+00,1.0831155189e+00,4.3875421241e+01
2.7645127976e+00,9.1304066912e+00,3.8551580302e+00,2.7706739172e+00,1.0844841130e+00,4.3974212371e+01
2.7652325354e+00,9.1356654039e+00,3.8607698140e+00,2.7749148456e+00,1.0858549683e+00,4.4073231200e+01
2.7659522732e+00,9.1409271454e+00,3.8663906848e+00,2.7791625963e+00,1.0872280885e+00,4.4172478251e+01
2.7666720110e+00,9.1461919174e+00,3.8720206570e+00,2.7834171799e+00,1.0886034771e+00,4.4271954054e+01
2.7673917487e+00,9.1514597217e+00,3.8776597451e+00,2.7876786074e+00,1.0899811377e+00,4.4371659136e+01
2.7681114865e+00,9.1567305600e+00,3.8833079635e+00,2.7919468895e+00,1.0913610740e+00,4.4471594026e+01
2.7688312243e+00,9.1620044341e+00,3.8889653268e+00,2.7962220371e+00,1.0927432897e+00,4.4571759256e+01
2.7695509621e+00,9.1672813457e+00,3.8946318494e+00,2.8005040612e+00,1.0941277882e+00,4.4672155358e+01
2.7702706998e+00,9.1725612966e+00,3.9003075458e+00,2.8047929725e+00,1.0955145734e+00,4.4772782866e+01
2.7709904376e+00,9.1778442885e+00,3.9059924307e+00,2.8090887819e+00,1.0969036487e+00,4.4873642313e+01
2.7717101754e+00,9.1831303232e+00,3.9116865185e+00,2.8133915005e+00,1.0982950180e+00,4.4974734235e+01
2.7724299132e+00,9.1884194023e+00,3.9173898238e+00,2.8177011391e+00,1.0996886847e+00,4.5076059171e+01
2.7731496509e+00,9.1937115278e+00,3.9231023614e+00,2.8220177088e+00,1.1010846526e+00,4.5177617657e+01
2.7738693887e+00,9.1990067013e+00,3.9288241458e+00,2.8263412204e+00,1.1024829254e+00,4.5279410234e+01
2.7745891265e+00,9.2043049246e+00,3.9345551918e+00,2.8306716850e+00,1.1038835067e+00,4.5381437442e+01
2.7753088643e+00,9.2096061994e+00,3.9402955139e+00,2.8350091137e+00,1.1052864002e+00,4.5483699824e+01
2.7760286020e+00,9.2149105276e+00,3.9460451269e+00,2.8393535173e+00,1.1066916096e+00,4.5586197922e+01
2.7767483398e+00,9.2202179107e+00,3.9518040456e+00,2.8437049070e+00,1.1080991386e+00,4.5688932282e+01
2.7774680776e+00,9.2255283508e+00,3.9575722847e+00,2.8480632939e+00,1.1095089908e+00,4.5791903448e+01
2.7781878154e+00,9.2308418493e+00,3.9633498590e+00,2.8524286890e+00,1.1109211700e+00,4.5895111969e+01
2.7789075532e+00,9.2361584083e+00,3.9691367833e+00,2.8568011034e+00,1.1123356799e+00,4.5998558392e+01
2.7796272909e+00,9.2414780293e+00,3.9749330724e+00,2.8611805483e+00,1.1137525241e+00,4.6102243267e+01
2.7803470287e+00,9.2468007142e+00,3.9807387412e+00,2.8655670347e+00,1.1151717065e+00,4.6206167145e+01
2.7810667665e+00,9.2521264648e+00,3.9865538046e+00,2.8699605739e+00,1.1165932307e+00,4.6310330578e+01
2.7817865043e+00,9.2574552827e+00,3.9923782774e+00,2.8743611770e+00,1.1180171005e+00,4.6414734119e+01
2.7825062420e+00,9.2627871698e+00,3.9982121746e+00,2.8787688551e+00,1.1194433195e+00,4.6519378324e+01
2.7832259798e+00,9.2681221278e+00,4.0040555112e+00,2.8831836196e+00,1.1208718916e+00,4.6624263747e+01
2.7839457176e+00,9.2734601585e+00,4.0099083021e+00,2.8876054816e+00,1.1223028205e+00,4.6729390947e+01
2.7846654554e+00,9.2788012638e+00,4.0157705623e+00,2.8920344523e+00,1.1237361100e+00,4.6834760482e+01
2.7853851931e+00,9.2841454452e+00,4.0216423068e+00,2.8964705431e+00,1.1251717637e+00,4.6940372911e+01
2.7861049309e+00,9.2894927047e+00,4.0275235507e+00,2.9009137652e+00,1.1266097856e+00,4.7046228796e+01
2.7868246687e+00,9.2948430439e+00,4.0334143091e+00,2.9053641298e+00,1.1280501792e+00,4.7152328700e+01
2.7875444065e+00,9.3001964647e+00,4.0393145969e+00,2.9098216484e+00,1.1294929485e+00,4.7258673185e+01
2.7882641442e+00,9.3055529688e+00,4.0452244295e+00,2.9142863323e+00,1.1309380972e+00,4.7365262818e+01
2.7889838820e+00,9.3109125581e+00,4.0511438218e+00,2.9187581927e+00,1.1323856291e+00,4.7472098163e+01
2.7897036198e+00,9.3162752342e+00,4.0570727891e+00,2.9232372411e+00,1.1338355480e+00,4.7579179790e+01
2.7904233576e+00,9.3216409990e+00,4.0630113465e+00,2.9277234888e+00,1.1352878577e+00,4.7686508267e+01
2.7911430953e+00,9.3270098543e+00,4.0689595092e+00,2.9322169473e+00,1.1367425620e+00,4.7794084163e+01
2.7918628331e+00,9.3323818018e+00,4.0749172926e+00,2.9367176279e+00,1.1381996647e+00,4.7901908052e+01
2.7925825709e+00,9.3377568432e+00,4.0808847118e+00,2.9412255422e+00,1.1396591696e+00,4.8009980505e+01
2.7933023087e+00,9.3431349805e+00,4.0868617821e+00,2.9457407015e+00,1.1411210806e+00,4.8118302097e+01
2.7940220465e+00,9.3485162153e+00,4.0928485189e+00,2.9502631174e+00,1.1425854015e+00,4.8226873403e+01
2.7947417842e+00,9.3539005495e+00,4.0988449375e+00,2.9547928014e+00,1.1440521361e+00,4.8335695001e+01
2.7954615220e+00,9.3592879849e+00,4.1048510532e+00,2.9593297649e+00,1.1455212883e+00,4.8444767468e+01
2.7961812598e+00,9.3646785231e+00,4.1108668814e+00,2.9638740194e+00,1.1469928620e+00,4.8554091384e+01
2.7969009976e+00,9.3700721661e+00,4.1168924375e+00,2.9684255767e+00,1.1484668609e+00,4.8663667330e+01
2.7976207353e+00,9.3754689155e+00,4.1229277370e+00,2.9729844481e+00,1.1499432889e+00,4.8773495888e+01
2.7983404731e+00,9.3808687733e+00,4.1289727953e+00,2.9775506453e+00,1.1514221500e+00,4.8883577642e+01
2.7990602109e+00,9.3862717411e+00,4.1350276279e+00,2.9821241799e+00,1.1529034480e+00,4.8993913177e+01
2.7997799487e+00,9.3916778209e+00,4.1410922503e+00,2.9867050635e+00,1.1543871867e+00,4.9104503078e+01
2.8004996864e+00,9.3970870142e+00,4.1471666779e+00,2.9912933078e+00,1.1558733701e+00,4.9215347934e+01
2.8012194242e+00,9.4024993231e+00,4.1532509265e+00,2.9958889244e+00,1.1573620021e+00,4.9326448333e+01
2.8019391620e+00,9.4079147492e+00,4.1593450115e+00,3.0004919250e+00,1.1588530865e+00,4.9437804867e+01
2.8026588998e+00,9.4133332943e+00,4.1654489486e+00,3.0051023213e+00,1.1603466273e+00,4.9549418125e+01
2.8033786375e+00,9.4187549603e+00,4.1715627533e+00,3.0097201250e+00,1.1618426283e+00,4.9661288702e+01
2.8040983753e+00,9.4241797489e+00,4.1776864414e+00,3.0143453479e+00,1.1633410935e+00,4.9773417193e+01
2.8048181131e+00,9.4296076619e+00,4.1838200285e+00,3.0189780016e+00,1.1648420268e+00,4.9885804192e+01
2.8055378509e+00,9.4350387012e+00,4.1899635303e+00,3.0236180981e+00,1.1663454322e+00,4.9998450297e+01
2.8062575886e+00,9.4404728686e+00,4.1961169625e+00,3.0282656490e+00,1.1678513135e+00,5.0111356107e+01
2.8069773264e+00,9.4459101658e+00,4.2022803409e+00,3.0329206661e+00,1.1693596748e+00,5.0224522221e+01
2.8076970642e+00,9.4513505946e+00,4.2084536813e+00,3.0375831614e+00,1.1708705199e+00,5.0337949241e+01
2.8084168020e+00,9.4567941569e+00,4.2146369995e+00,3.0422531466e+00,1.1723838529e+00,5.0451637770e+01
2.8091365397e+00,9.4622408544e+00,4.2208303112e+00,3.0469306336e+00,1.1738996776e+00,5.0565588411e+01
2.8098562775e+00,9.4676906890e+00,4.2270336324e+00,3.0516156343e+00,1.1754179981e+00,5.0679801771e+01
2.8105760153e+00,9.4731436624e+00,4.2332469790e+00,3.0563081606e+00,1.1769388184e+00,5.0794278455e+01
2.8112957531e+00,9.4785997765e+00,4.2394703667e+00,3.0610082244e+00,1.1784621423e+00,5.0909019074e+01
2.8120154909e+00,9.4840590331e+00,4.2457038116e+00,3.0657158377e+00,1.1799879739e+00,5.1024024235e+01
2.8127352286e+00,9.4895214340e+00,4.2519473296e+00,3.0704310124e+00,1.1815163172e+00,5.1139294550e+01
2.8134549664e+00,9.4949869810e+00,4.2582009367e+00,3.0751537605e+00,1.1830471762e+00,5.1254830633e+01
2.8141747042e+00,9.5004556759e+00,4.2644646489e+00,3.0798840940e+00,1.1845805549e+00,5.1370633096e+01
2.8148944420e+00,9.5059275206e+00,4.2707384822e+00,3.0846220249e+00,1.1861164573e+00,5.1486702555e+01
2.8156141797e+00,9.5114025167e+00,4.2770224527e+00,3.0893675653e+00,1.1876548874e+00,5.1603039627e+01
2.8163339175e+00,9.5168806663e+00,4.2833165764e+00,3.0941207271e+00,1.1891958493e+00,5.1719644930e+01
2.8170536553e+00,9.5223619710e+00,4.2896208695e+00,3.0988815226e+00,1.1907393469e+00,5.1836519084e+01
2.8177733931e+00,9.5278464327e+00,4.2959353481e+00,3.1036499637e+00,1.1922853844e+00,5.1953662710e+01
2.8184931308e+00,9.5333340532e+00,4.3022600283e+00,3.1084260626e+00,1.1938339657e+00,5.2071076430e+01
2.8192128686e+00,9.5388248343e+00,4.3085949263e+00,3.1132098314e+00,1.1953850949e+00,5.2188760868e+01
2.8199326064e+00,9.5443187779e+00,4.3149400583e+00,3.1180012822e+00,1.1969387761e+00,5.2306716650e+01
2.8206523442e+00,9.5498158858e+00,4.3212954407e+00,3.1228004274e+00,1.1984950133e+00,5.2424944403e+01
2.8213720819e+00,9.5553161597e+00,4.3276610895e+00,3.1276072789e+00,1.2000538106e+00,5.2543444754e+01
2.8220918197e+00,9.5608196016e+00,4.3340370212e+00,3.1324218491e+00,1.2016151721e+00,5.2662218334e+01
2.8228115575e+00,9.5663262132e+00,4.3404232520e+00,3.1372441501e+00,1.2031791018e+00,5.2781265773e+01
2.8235312953e+00,9.5718359964e+00,4.3468197982e+00,3.1420741943e+00,1.2047456039e+00,5.2900587705e+01
2.8242510330e+00,9.5773489529e+00,4.3532266763e+00,3.1469119938e+00,1.2063146824e+00,5.3020184763e+01
2.8249707708e+00,9.5828650847e+00,4.3596439025e+00,3.1517575610e+00,1.2078863415e+00,5.3140057583e+01
2.8256905086e+00,9.5883843935e+00,4.3660714934e+00,3.1566109082e+00,1.2094605852e+00,5.3260206802e+01
2.8264102464e+00,9.5939068812e+00,4.3725094653e+00,3.1614720477e+00,1.2110374177e+00,5.3380633058e+01
2.8271299841e+00,9.5994325497e+00,4.3789578348e+00,3.1663409918e+00,1.2126168430e+00,5.3501336992e+01
2.8278497219e+00,9.6049614006e+00,4.3854166183e+00,3.1712177529e+00,1.2141988654e+00,5.3622319245e+01
2.8285694597e+00,9.6104934360e+00,4.3918858323e+00,3.1761023434e+00,1.2157834889e+00,5.3743580460e+01
2.8292891975e+00,9.6160286575e+00,4.3983654935e+00,3.1809947757e+00,1.2173707177e+00,5.3865121281e+01
2.8300089353e+00,9.6215670671e+00,4.4048556182e+00,3.1858950623e+00,1.2189605559e+00,5.3986942354e+01
2.8307286730e+00,9.6271086666e+00,4.4113562233e+00,3.1908032155e+00,1.2205530078e+00,5.4109044327e+01
2.8314484108e+00,9.6326534578e+00,4.4178673252e+00,3.1957192478e+00,1.2221480773e+00,5.4231427848e+01
2.8321681486e+00,9.6382014425e+00,4.4243889406e+00,3.2006431718e+00,1.2237457688e+00,5.4354093568e+01
2.8328878864e+00,9.6437526227e+00,4.4309210862e+00,3.2055749998e+00,1.2253460864e+00,5.4477042139e+01
2.8336076241e+00,9.6493070000e+00,4.4374637788e+00,3.2105147445e+00,1.2269490342e+00,5.4600274214e+01
2.8343273619e+00,9.6548645765e+00,4.4440170349e+00,3.2154624184e+00,1.2285546165e+00,5.4723790448e+01
2.8350470997e+00,9.6604253539e+00,4.4505808715e+00,3.2204180340e+00,1.2301628375e+00,5.4847591498e+01
2.8357668375e+00,9.6659893340e+00,4.4571553052e+00,3.2253816040e+00,1.2317737012e+00,5.4971678021e+01
2.8364865752e+00,9.6715565187e+00,4.4637403530e+00,3.2303531409e+00,1.2333872121e+00,5.5096050677e+01
2.8372063130e+00,9.6771269099e+00,4.4703360315e+00,3.2353326573e+00,1.2350033742e+00,5.5220710127e+01
2.8379260508e+00,9.6827005094e+00,4.4769423577e+00,3.2403201659e+00,1.2366221918e+00,5.5345657033e+01
2.8386457886e+00,9.6882773191e+00,4.4835593485e+00,3.2453156794e+00,1.2382436691e+00,5.5470892060e+01
2.8393655263e+00,9.6938573407e+00,4.4901870208e+00,3.2503192104e+00,1.2398678104e+00,5.5596415873e+01
2.8400852641e+00,9.6994405762e+00,4.4968253916e+00,3.2553307717e+00,1.2414946198e+00,5.5722229138e+01
2.8408050019e+00,9.7050270274e+00,4.5034744777e+00,3.2603503759e+00,1.2431241017e+00,5.5848332526e+01
2.8415247397e+00,9.7106166961e+00,4.5101342962e+00,3.2653780359e+00,1.2447562603e+00,5.5974726706e+01
2.8422444774e+00,9.7162095843e+00,4.5168048641e+00,3.2704137643e+00,1.2463910998e+00,5.6101412349e+01
2.8429642152e+00,9.7218056937e+00,4.5234861985e+00,3.2754575740e+00,1.2480286246e+00,5.6228390129e+01
2.8436839530e+00,9.7274050262e+00,4.5301783165e+00,3.2805094777e+00,1.2496688388e+00,5.6355660721e+01
2.8444036908e+00,9.7330075837e+00,4.5368812351e+00,3.2855694883e+00,1.2513117468e+00,5.6483224801e+01
2.8451234285e+00,9.7386133680e+00,4.5435949715e+00,3.2906376186e+00,1.2529573529e+00,5.6611083048e+01
2.8458431663e+00,9.7442223810e+00,4.5503195428e+00,3.2957138816e+00,1.2546056613e+00,5.6739236140e+01
2.8465629041e+00,9.7498346245e+00,4.5570549663e+00,3.3007982900e+00,1.2562566763e+00,5.6867684759e+01
2.8472826419e+00,9.7554501005e+00,4.5638012591e+00,3.3058908568e+00,1.2579104023e+00,5.6996429588e+01
2.8480023797e+00,9.7610688107e+00,4.5705584386e+00,3.3109915949e+00,1.2595668436e+00,5.7125471310e+01
2.8487221174e+00,9.7666907570e+00,4.5773265218e+00,3.3161005173e+00,1.2612260045e+00,5.7254810612e+01
2.8494418552e+00,9.7723159414e+00,4.5841055262e+00,3.3212176369e+00,1.2628878893e+00,5.7384448181e+01
2.8501615930e+00,9.7779443656e+00,4.5908954691e+00,3.3263429667e+00,1.2645525024e+00,5.7514384706e+01
2.8508813308e+00,9.7835760315e+00,4.5976963678e+00,3.3314765198e+00,1.2662198480e+00,5.7644620877e+01
2.8516010685e+00,9.7892109410e+00,4.6045082397e+00,3.3366183091e+00,1.2678899306e+00,5.7775157388e+01
2.8523208063e+00,9.7948490960e+00,4.6113311023e+00,3.3417683477e+00,1.2695627546e+00,5.7905994931e+01
2.8530405441e+00,9.8004904983e+00,4.6181649728e+00,3.3469266487e+00,1.2712383241e+00,5.8037134202e+01
2.8537602819e+00,9.8061351498e+00,4.6250098689e+00,3.3520932251e+00,1.2729166437e+00,5.8168575897e+01
2.8544800196e+00,9.8117830523e+00,4.6318658079e+00,3.3572680902e+00,1.2745977178e+00,5.8300320717e+01
2.8551997574e+00,9.8174342078e+00,4.6387328075e+00,3.3624512569e+00,1.2762815506e+00,5.8432369360e+01
2.8559194952e+00,9.8230886182e+00,4.6456108851e+00,3.3676427385e+00,1.2779681466e+00,5.8564722529e+01
2.8566392330e+00,9.8287462852e+00,4.6525000583e+00,3.3728425482e+00,1.2796575102e+00,5.8697380927e+01
2.8573589707e+00,9.8344072108e+00,4.6594003448e+00,3.3780506991e+00,1.2813496457e+00,5.8830345259e+01
2.8580787085e+00,9.8400713968e+00,4.6663117621e+00,3.3832672044e+00,1.2830445577e+00,5.8963616232e+01
2.8587984463e+00,9.8457388452e+00,4.6732343279e+00,3.3884920774e+00,1.2847422505e+00,5.9097194554e+01
2.8595181841e+00,9.8514095577e+00,4.6801680599e+00,3.3937253314e+00,1.2864427285e+00,5.9231080935e+01
2.8602379218e+00,9.8570835364e+00,4.6871129758e+00,3.3989669796e+00,1.2881459962e+00,5.9365276087e+01
2.8609576596e+00,9.8627607830e+00,4.6940690934e+00,3.4042170354e+00,1.2898520580e+00,5.9499780723e+01
2.8616773974e+00,9.8684412994e+00,4.7010364303e+00,3.4094755120e+00,1.2915609183e+00,5.9634595558e+01
2.8623971352e+00,9.8741250876e+00,4.7080150045e+00,3.4147424228e+00,1.2932725817e+00,5.9769721309e+01
2.8631168729e+00,9.8798121494e+00,4.7150048336e+00,3.4200177811e+00,1.2949870525e+00,5.9905158693e+01
2.8638366107e+00,9.8855024867e+00,4.7220059357e+00,3.4253016004e+00,1.2967043353e+00,6.0040908431e+01
2.8645563485e+00,9.8911961013e+00,4.7290183285e+00,3.4305938941e+00,1.2984244345e+00,6.0176971244e+01
2.8652760863e+00,9.8968929953e+00,4.7360420300e+00,3.4358946755e+00,1.3001473545e+00,6.0313347855e+01
2.8659958241e+00,9.9025931704e+00,4.7430770582e+00,3.4412039582e+00,1.3018731000e+00,6.0450038990e+01
2.8667155618e+00,9.9082966285e+00,4.7501234308e+00,3.4465217556e+00,1.3036016753e+00,6.0587045374e+01
2.8674352996e+00,9.9140033716e+00,4.7571811661e+00,3.4518480811e+00,1.3053330850e+00,6.0724367736e+01
2.8681550374e+00,9.9197134015e+00,4.7642502819e+00,3.4571829484e+00,1.3070673336e+00,6.0862006806e+01
2.8688747752e+00,9.9254267202e+00,4.7713307964e+00,3.4625263709e+00,1.3088044255e+00,6.0999963315e+01
2.8695945129e+00,9.9311433294e+00,4.7784227277e+00,3.4678783622e+00,1.3105443655e+00,6.1138237997e+01
2.8703142507e+00,9.9368632312e+00,4.7855260937e+00,3.4732389359e+00,1.3122871578e+00,6.1276831587e+01
2.8710339885e+00,9.9425864274e+00,4.7926409128e+00,3.4786081056e+00,1.3140328072e+00,6.1415744821e+01
2.8717537263e+00,9.9483129199e+00,4.7997672029e+00,3.4839858848e+00,1.3157813181e+00,6.1554978438e+01
2.8724734640e+00,9.9540427106e+00,4.8069049824e+00,3.4893722873e+00,1.3175326951e+00,6.1694533178e+01
2.8731932018e+00,9.9597758014e+00,4.8140542695e+00,3.4947673267e+00,1.3192869428e+00,6.1834409782e+01
2.8739129396e+00,9.9655121943e+00,4.8212150824e+00,3.5001710167e+00,1.3210440656e+00,6.1974608994e+01
2.8746326774e+00,9.9712518910e+00,4.8283874393e+00,3.5055833710e+00,1.3228040683e+00,6.2115131560e+01
2.8753524151e+00,9.9769948936e+00,4.8355713587e+00,3.5110044033e+00,1.3245669554e+00,6.2255978225e+01
2.8760721529e+00,9.9827412038e+00,4.8427668588e+00,3.5164341274e+00,1.3263327314e+00,6.2397149740e+01
2.8767918907e+00,9.9884908237e+00,4.8499739580e+00,3.5218725571e+00,1.3281014009e+00,6.2538646854e+01
2.8775116285e+00,9.9942437551e+00,4.8571926748e+00,3.5273197061e+00,1.3298729687e+00,6.2680470319e+01
2.8782313662e+00,1.0000000000e+01,4.8644230275e+00,3.5327755883e+00,1.3316474392e+00,6.2822620889e+01
