tau=beta*t,lambda,sigma_total_over_mu,sigma_surviving_over_mu,sigma_recrosslinked_over_mu,sigma_elastic_over_mu
0.0000000000e+00,1.0000000000e+00,0.0000000000e+00,0.0000000000e+00,0.0000000000e+00,0.0000000000e+00
9.5965036801e-04,1.0005759560e+00,2.3007282973e-03,2.2996248793e-03,1.1034179309e-06,2.3018327744e-03
1.9193007360e-03,1.0011522438e+00,4.5965882290e-03,4.5921792202e-03,4.4090087923e-06,4.6010014568e-03
2.8789511040e-03,1.0017288634e+00,6.8875739901e-03,6.8776652673e-03,9.9087227448e-06,6.8974942590e-03
3.8386014720e-03,1.0023058152e+00,9.1736798363e-03,9.1560853195e-03,1.7594516762e-05,9.1912994253e-03
4.7982518400e-03,1.0028830993e+00,1.1454900085e-02,1.1427441730e-02,2.7458354678e-05,1.1482405232e-02
5.7579022080e-03,1.0034607158e+00,1.3731229114e-02,1.3691736907e-02,3.9492207239e-05,1.3770799990e-02
6.7175525760e-03,1.0040386651e+00,1.6002661366e-02,1.5948973314e-02,5.3688052148e-05,1.6056472040e-02
7.6772029440e-03,1.0046169472e+00,1.8269191341e-02,1.8199153467e-02,7.0037874114e-05,1.8339409761e-02
8.6368533121e-03,1.0051955624e+00,2.0530813606e-02,2.0442279941e-02,8.8533664904e-05,2.0619601563e-02
9.5965036801e-03,1.0057745108e+00,2.2787522787e-02,2.2678355364e-02,1.0916742339e-04,2.2897035890e-02
1.0556154048e-02,1.0063537927e+00,2.5039313574e-02,2.4907382419e-02,1.3193115559e-04,2.5171701225e-02
1.1515804416e-02,1.0069334082e+00,2.7286180720e-02,2.7129363845e-02,1.5681687474e-04,2.7443586082e-02
1.2475454784e-02,1.0075133576e+00,2.9528119040e-02,2.9344302439e-02,1.8381660132e-04,2.9712679012e-02
1.3435105152e-02,1.0080936409e+00,3.1765123414e-02,3.1552201051e-02,2.1292236310e-04,3.1978968604e-02
1.4394755520e-02,1.0086742585e+00,3.3997188784e-02,3.3753062589e-02,2.4412619523e-04,3.4242443481e-02
1.5354405888e-02,1.0092552106e+00,3.6224310155e-02,3.5946890015e-02,2.7742014023e-04,3.6503092305e-02
1.6314056256e-02,1.0098364972e+00,3.8446482598e-02,3.8133686350e-02,3.1279624809e-04,3.8760903774e-02
1.7273706624e-02,1.0104181186e+00,4.0663701247e-02,4.0313454671e-02,3.5024657630e-04,4.1015866623e-02
1.8233356992e-02,1.0110000750e+00,4.2875961299e-02,4.2486198109e-02,3.8976318988e-04,4.3267969627e-02
1.9193007360e-02,1.0115823666e+00,4.5083258017e-02,4.4651919855e-02,4.3133816148e-04,4.5517201599e-02
2.0152657728e-02,1.0121649935e+00,4.7285586727e-02,4.6810623156e-02,4.7496357138e-04,4.7763551390e-02
2.1112308096e-02,1.0127479560e+00,4.9482942822e-02,4.8962311314e-02,5.2063150757e-04,5.0007007890e-02
2.2071958464e-02,1.0133312543e+00,5.1675321757e-02,5.1106987691e-02,5.6833406579e-04,5.2247560029e-02
2.3031608832e-02,1.0139148885e+00,5.3862719054e-02,5.3244655704e-02,6.1806334957e-04,5.4485196778e-02
2.3991259200e-02,1.0144988589e+00,5.6045130300e-02,5.5375318829e-02,6.6981147031e-04,5.6719907147e-02
2.4950909568e-02,1.0150831657e+00,5.8222551146e-02,5.7498980599e-02,7.2357054731e-04,5.8951680188e-02
2.5910559936e-02,1.0156678089e+00,6.0394977311e-02,5.9615644603e-02,7.7933270780e-04,6.1180504992e-02
2.6870210304e-02,1.0162527889e+00,6.2562404576e-02,6.1725314489e-02,8.3709008705e-04,6.3406370694e-02
2.7829860672e-02,1.0168381058e+00,6.4724828792e-02,6.3827993964e-02,8.9683482835e-04,6.5629266468e-02
2.8789511040e-02,1.0174237598e+00,6.6882245873e-02,6.5923686790e-02,9.5855908312e-04,6.7849181533e-02
2.9749161408e-02,1.0180097512e+00,6.9034651800e-02,6.8012396789e-02,1.0222550109e-03,7.0066105149e-02
3.0708811776e-02,1.0185960800e+00,7.1182042620e-02,7.0094127841e-02,1.0879147795e-03,7.2280026618e-02
3.1668462144e-02,1.0191827466e+00,7.3324414447e-02,7.2168883882e-02,1.1555305650e-03,7.4490935287e-02
3.2628112512e-02,1.0197697510e+00,7.5461763461e-02,7.4236668909e-02,1.2250945516e-03,7.6698820546e-02
3.3587762880e-02,1.0203570935e+00,7.7594085907e-02,7.6297486975e-02,1.2965989322e-03,7.8903671829e-02
3.4547413248e-02,1.0209447743e+00,7.9721378101e-02,7.8351342193e-02,1.3700359077e-03,8.1105478613e-02
3.5507063616e-02,1.0215327936e+00,8.1843636421e-02,8.0398238734e-02,1.4453976878e-03,8.3304230422e-02
3.6466713984e-02,1.0221211516e+00,8.3960857316e-02,8.2438180825e-02,1.5226764905e-03,8.5499916823e-02
3.7426364352e-02,1.0227098484e+00,8.6073037299e-02,8.4471172756e-02,1.6018645426e-03,8.7692527429e-02
3.8386014720e-02,1.0232988843e+00,8.8180172952e-02,8.6497218872e-02,1.6829540792e-03,8.9882051899e-02
3.9345665088e-02,1.0238882595e+00,9.0282260923e-02,8.8516323578e-02,1.7659373444e-03,9.2068479938e-02
4.0305315456e-02,1.0244779741e+00,9.2379297929e-02,9.0528491338e-02,1.8508065908e-03,9.4251801295e-02
4.1264965824e-02,1.0250680283e+00,9.4471280753e-02,9.2533726674e-02,1.9375540797e-03,9.6432005770e-02
4.2224616192e-02,1.0256584224e+00,9.6558206247e-02,9.4532034166e-02,2.0261720815e-03,9.8609083206e-02
4.3184266560e-02,1.0262491566e+00,9.8640071330e-02,9.6523418455e-02,2.1166528753e-03,1.0078302350e-01
4.4143916928e-02,1.0268402310e+00,1.0071687299e-01,9.8507884239e-02,2.2089887491e-03,1.0295381658e-01
4.5103567296e-02,1.0274316458e+00,1.0278860828e-01,1.0048543628e-01,2.3031720000e-03,1.0512145244e-01
4.6063217664e-02,1.0280234012e+00,1.0485527432e-01,1.0245607938e-01,2.3991949339e-03,1.0728592112e-01
4.7022868032e-02,1.0286154975e+00,1.0691686830e-01,1.0441981843e-01,2.4970498660e-03,1.0944721270e-01
4.7982518400e-02,1.0292079348e+00,1.0897338749e-01,1.0637665837e-01,2.5967291205e-03,1.1160531731e-01
4.8942168768e-02,1.0298007133e+00,1.1102482920e-01,1.0832660417e-01,2.6982250310e-03,1.1376022514e-01
4.9901819136e-02,1.0303938332e+00,1.1307119084e-01,1.1026966090e-01,2.8015299400e-03,1.1591192642e-01
5.0861469504e-02,1.0309872947e+00,1.1511246986e-01,1.1220583366e-01,2.9066361995e-03,1.1806041142e-01
5.1821119872e-02,1.0315810981e+00,1.1714866381e-01,1.1413512764e-01,3.0135361708e-03,1.2020567049e-01
5.2780770240e-02,1.0321752434e+00,1.1917977027e-01,1.1605754804e-01,3.1222222245e-03,1.2234769400e-01
5.3740420608e-02,1.0327697309e+00,1.2120578692e-01,1.1797310018e-01,3.2326867408e-03,1.2448647239e-01
5.4700070976e-02,1.0333645609e+00,1.2322671150e-01,1.1988178939e-01,3.3449221092e-03,1.2662199614e-01
5.5659721344e-02,1.0339597334e+00,1.2524254180e-01,1.2178362107e-01,3.4589207290e-03,1.2875425578e-01
5.6619371712e-02,1.0345552488e+00,1.2725327571e-01,1.2367860070e-01,3.5746750087e-03,1.3088324191e-01
5.7579022080e-02,1.0351511071e+00,1.2925891117e-01,1.2556673381e-01,3.6921773668e-03,1.3300894516e-01
5.8538672448e-02,1.0357473086e+00,1.3125944619e-01,1.2744802596e-01,3.8114202313e-03,1.3513135622e-01
5.9498322816e-02,1.0363438535e+00,1.3325487885e-01,1.2932248281e-01,3.9323960401e-03,1.3725046584e-01
6.0457973184e-02,1.0369407420e+00,1.3524520730e-01,1.3119011006e-01,4.0550972407e-03,1.3936626481e-01
6.1417623552e-02,1.0375379742e+00,1.3723042976e-01,1.3305091347e-01,4.1795162906e-03,1.4147874398e-01
6.2377273920e-02,1.0381355505e+00,1.3921054451e-01,1.3490489885e-01,4.3056456571e-03,1.4358789425e-01
6.3336924288e-02,1.0387334709e+00,1.4118554991e-01,1.3675207210e-01,4.4334778175e-03,1.4569370658e-01
6.4296574656e-02,1.0393317357e+00,1.4315544439e-01,1.3859243913e-01,4.5630052591e-03,1.4779617198e-01
6.5256225024e-02,1.0399303451e+00,1.4512022644e-01,1.4042600596e-01,4.6942204792e-03,1.4989528152e-01
6.6215875392e-02,1.0405292992e+00,1.4707989462e-01,1.4225277863e-01,4.8271159852e-03,1.5199102630e-01
6.7175525760e-02,1.0411285983e+00,1.4903444755e-01,1.4407276326e-01,4.9616842948e-03,1.5408339751e-01
6.8135176128e-02,1.0417282426e+00,1.5098388396e-01,1.4588596602e-01,5.0979179357e-03,1.5617238637e-01
6.9094826496e-02,1.0423282323e+00,1.5292820259e-01,1.4769239314e-01,5.2358094459e-03,1.5825798417e-01
7.0054476864e-02,1.0429285675e+00,1.5486740229e-01,1.4949205092e-01,5.3753513738e-03,1.6034018223e-01
7.1014127232e-02,1.0435292485e+00,1.5680148197e-01,1.5128494569e-01,5.5165362781e-03,1.6241897196e-01
7.1973777600e-02,1.0441302754e+00,1.5873044060e-01,1.5307108387e-01,5.6593567279e-03,1.6449434481e-01
7.2933427968e-02,1.0447316485e+00,1.6065427722e-01,1.5485047192e-01,5.8038053026e-03,1.6656629227e-01
7.3893078336e-02,1.0453333680e+00,1.6257299095e-01,1.5662311636e-01,5.9498745924e-03,1.6863480592e-01
7.4852728704e-02,1.0459354341e+00,1.6448658098e-01,1.5838902378e-01,6.0975571979e-03,1.7069987737e-01
7.5812379072e-02,1.0465378469e+00,1.6639504655e-01,1.6014820082e-01,6.2468457302e-03,1.7276149829e-01
7.6772029440e-02,1.0471406066e+00,1.6829838698e-01,1.6190065417e-01,6.3977328111e-03,1.7481966042e-01
7.7731679809e-02,1.0477437136e+00,1.7019660166e-01,1.6364639059e-01,6.5502110733e-03,1.7687435554e-01
7.8691330177e-02,1.0483471679e+00,1.7208969005e-01,1.6538541689e-01,6.7042731600e-03,1.7892557551e-01
7.9650980545e-02,1.0489509697e+00,1.7397765167e-01,1.6711773994e-01,6.8599117253e-03,1.8097331223e-01
8.0610630913e-02,1.0495551194e+00,1.7586048612e-01,1.6884336669e-01,7.0171194342e-03,1.8301755766e-01
8.1570281281e-02,1.0501596170e+00,1.7773819306e-01,1.7056230410e-01,7.1758889624e-03,1.8505830382e-01
8.2529931649e-02,1.0507644627e+00,1.7961077223e-01,1.7227455923e-01,7.3362129969e-03,1.8709554278e-01
8.3489582017e-02,1.0513696568e+00,1.8147822341e-01,1.7398013918e-01,7.4980842354e-03,1.8912926670e-01
8.4449232385e-02,1.0519751995e+00,1.8334054649e-01,1.7567905111e-01,7.6614953867e-03,1.9115946776e-01
8.5408882753e-02,1.0525810910e+00,1.8519774140e-01,1.7737130223e-01,7.8264391707e-03,1.9318613821e-01
8.6368533121e-02,1.0531873314e+00,1.8704980814e-01,1.7905689982e-01,7.9929083185e-03,1.9520927038e-01
8.7328183489e-02,1.0537939210e+00,1.8889674679e-01,1.8073585122e-01,8.1608955724e-03,1.9722885663e-01
8.8287833857e-02,1.0544008599e+00,1.9073855749e-01,1.8240816380e-01,8.3303936858e-03,1.9924488940e-01
8.9247484225e-02,1.0550081484e+00,1.9257524044e-01,1.8407384502e-01,8.5013954235e-03,2.0125736119e-01
9.0207134593e-02,1.0556157867e+00,1.9440679594e-01,1.8573290238e-01,8.6738935618e-03,2.0326626453e-01
9.1166784961e-02,1.0562237750e+00,1.9623322431e-01,1.8738534343e-01,8.8478808879e-03,2.0527159205e-01
9.2126435329e-02,1.0568321134e+00,1.9805452599e-01,1.8903117579e-01,9.0233502010e-03,2.0727333643e-01
9.3086085697e-02,1.0574408023e+00,1.9987070144e-01,1.9067040713e-01,9.2002943113e-03,2.0927149038e-01
9.4045736065e-02,1.0580498417e+00,2.0168175122e-01,1.9230304518e-01,9.3787060408e-03,2.1126604671e-01
9.5005386433e-02,1.0586592318e+00,2.0348767594e-01,1.9392909772e-01,9.5585782231e-03,2.1325699827e-01
9.5965036801e-02,1.0592689730e+00,2.0528847630e-01,1.9554857259e-01,9.7399037032e-03,2.1524433797e-01
9.6924687169e-02,1.0598790653e+00,2.0708415303e-01,1.9716147769e-01,9.9226753379e-03,2.1722805880e-01
9.7884337537e-02,1.0604895091e+00,2.0887470697e-01,1.9876782097e-01,1.0106885996e-02,2.1920815379e-01
9.8843987905e-02,1.0611003044e+00,2.1066013899e-01,2.0036761044e-01,1.0292528557e-02,2.2118461604e-01
9.9803638273e-02,1.0617114515e+00,2.1244045006e-01,2.0196085415e-01,1.0479595914e-02,2.2315743871e-01
1.0076328864e-01,1.0623229506e+00,2.1421564119e-01,2.0354756022e-01,1.0668080970e-02,2.2512661502e-01
1.0172293901e-01,1.0629348019e+00,2.1598571347e-01,2.0512773683e-01,1.0857976641e-02,2.2709213827e-01
1.0268258938e-01,1.0635470056e+00,2.1775066805e-01,2.0670139220e-01,1.1049275856e-02,2.2905400178e-01
1.0364223974e-01,1.0641595619e+00,2.1951050617e-01,2.0826853462e-01,1.1241971553e-02,2.3101219898e-01
1.0460189011e-01,1.0647724710e+00,2.2126522910e-01,2.0982917241e-01,1.1436056684e-02,2.3296672334e-01
1.0556154048e-01,1.0653857331e+00,2.2301483820e-01,2.1138331398e-01,1.1631524214e-02,2.3491756838e-01
1.0652119085e-01,1.0659993484e+00,2.2475933489e-01,2.1293096777e-01,1.1828367118e-02,2.3686472771e-01
1.0748084122e-01,1.0666133172e+00,2.2649872065e-01,2.1447214227e-01,1.2026578385e-02,2.3880819498e-01
1.0844049158e-01,1.0672276395e+00,2.2823299705e-01,2.1600684604e-01,1.2226151015e-02,2.4074796392e-01
1.0940014195e-01,1.0678423157e+00,2.2996216571e-01,2.1753508769e-01,1.2427078020e-02,2.4268402830e-01
1.1035979232e-01,1.0684573459e+00,2.3168622830e-01,2.1905687587e-01,1.2629352426e-02,2.4461638198e-01
1.1131944269e-01,1.0690727304e+00,2.3340518657e-01,2.2057221930e-01,1.2832967270e-02,2.4654501887e-01
1.1227909306e-01,1.0696884692e+00,2.3511904235e-01,2.2208112675e-01,1.3037915601e-02,2.4846993294e-01
1.1323874342e-01,1.0703045627e+00,2.3682779752e-01,2.2358360704e-01,1.3244190482e-02,2.5039111822e-01
1.1419839379e-01,1.0709210111e+00,2.3853145402e-01,2.2507966904e-01,1.3451784987e-02,2.5230856883e-01
1.1515804416e-01,1.0715378145e+00,2.4023001387e-01,2.2656932167e-01,1.3660692203e-02,2.5422227892e-01
1.1611769453e-01,1.0721549732e+00,2.4192347914e-01,2.2805257391e-01,1.3870905231e-02,2.5613224272e-01
1.1707734490e-01,1.0727724873e+00,2.4361185198e-01,2.2952943480e-01,1.4082417182e-02,2.5803845453e-01
1.1803699526e-01,1.0733903570e+00,2.4529513459e-01,2.3099991341e-01,1.4295221181e-02,2.5994090870e-01
1.1899664563e-01,1.0740085827e+00,2.4697332925e-01,2.3246401888e-01,1.4509310366e-02,2.6183959965e-01
1.1995629600e-01,1.0746271644e+00,2.4864643829e-01,2.3392176040e-01,1.4724677888e-02,2.6373452186e-01
1.2091594637e-01,1.0752461024e+00,2.5031446410e-01,2.3537314719e-01,1.4941316909e-02,2.6562566988e-01
1.2187559674e-01,1.0758653968e+00,2.5197740916e-01,2.3681818856e-01,1.5159220606e-02,2.6751303834e-01
1.2283524710e-01,1.0764850480e+00,2.5363527600e-01,2.3825689383e-01,1.5378382167e-02,2.6939662189e-01
1.2379489747e-01,1.0771050560e+00,2.5528806720e-01,2.3968927240e-01,1.5598794795e-02,2.7127641529e-01
1.2475454784e-01,1.0777254212e+00,2.5693578542e-01,2.4111533371e-01,1.5820451703e-02,2.7315241333e-01
1.2571419821e-01,1.0783461436e+00,2.5857843338e-01,2.4253508726e-01,1.6043346120e-02,2.7502461090e-01
1.2667384858e-01,1.0789672236e+00,2.6021601385e-01,2.4394854257e-01,1.6267471287e-02,2.7689300292e-01
1.2763349894e-01,1.0795886612e+00,2.6184852970e-01,2.4535570924e-01,1.6492820456e-02,2.7875758439e-01
1.2859314931e-01,1.0802104568e+00,2.6347598381e-01,2.4675659691e-01,1.6719386896e-02,2.8061835038e-01
1.2955279968e-01,1.0808326105e+00,2.6509837917e-01,2.4815121528e-01,1.6947163885e-02,2.8247529603e-01
1.3051245005e-01,1.0814551226e+00,2.6671571880e-01,2.4953957408e-01,1.7176144718e-02,2.8432841651e-01
1.3147210042e-01,1.0820779932e+00,2.6832800580e-01,2.5092168310e-01,1.7406322701e-02,2.8617770709e-01
1.3243175078e-01,1.0827012225e+00,2.6993524332e-01,2.5229755217e-01,1.7637691153e-02,2.8802316310e-01
1.3339140115e-01,1.0833248108e+00,2.7153743460e-01,2.5366719119e-01,1.7870243408e-02,2.8986477992e-01
1.3435105152e-01,1.0839487582e+00,2.7313458289e-01,2.5503061008e-01,1.8103972812e-02,2.9170255301e-01
1.3531070189e-01,1.0845730651e+00,2.7472669155e-01,2.5638781883e-01,1.8338872724e-02,2.9353647788e-01
1.3627035226e-01,1.0851977314e+00,2.7631376399e-01,2.5773882747e-01,1.8574936519e-02,2.9536655013e-01
1.3723000262e-01,1.0858227576e+00,2.7789580365e-01,2.5908364607e-01,1.8812157582e-02,2.9719276539e-01
1.3818965299e-01,1.0864481438e+00,2.7947281408e-01,2.6042228476e-01,1.9050529313e-02,2.9901511939e-01
1.3914930336e-01,1.0870738901e+00,2.8104479884e-01,2.6175475372e-01,1.9290045127e-02,3.0083360790e-01
1.4010895373e-01,1.0876999969e+00,2.8261176160e-01,2.6308106315e-01,1.9530698451e-02,3.0264822677e-01
1.4106860410e-01,1.0883264642e+00,2.8417370605e-01,2.6440122332e-01,1.9772482725e-02,3.0445897191e-01
1.4202825446e-01,1.0889532924e+00,2.8573063596e-01,2.6571524456e-01,2.0015391404e-02,3.0626583929e-01
1.4298790483e-01,1.0895804816e+00,2.8728255516e-01,2.6702313720e-01,2.0259417957e-02,3.0806882496e-01
1.4394755520e-01,1.0902080320e+00,2.8882946753e-01,2.6832491166e-01,2.0504555864e-02,3.0986792501e-01
1.4490720557e-01,1.0908359439e+00,2.9037137701e-01,2.6962057839e-01,2.0750798622e-02,3.1166313563e-01
1.4586685594e-01,1.0914642175e+00,2.9190828762e-01,2.7091014787e-01,2.0998139741e-02,3.1345445305e-01
1.4682650630e-01,1.0920928528e+00,2.9344020340e-01,2.7219363066e-01,2.1246572743e-02,3.1524187356e-01
1.4778615667e-01,1.0927218503e+00,2.9496712849e-01,2.7347103732e-01,2.1496091165e-02,3.1702539354e-01
1.4874580704e-01,1.0933512100e+00,2.9648906706e-01,2.7474237850e-01,2.1746688560e-02,3.1880500942e-01
1.4970545741e-01,1.0939809322e+00,2.9800602334e-01,2.7600766485e-01,2.1998358490e-02,3.2058071770e-01
1.5066510778e-01,1.0946110171e+00,2.9951800165e-01,2.7726690711e-01,2.2251094537e-02,3.2235251494e-01
1.5162475814e-01,1.0952414649e+00,3.0102500632e-01,2.7852011602e-01,2.2504890292e-02,3.2412039776e-01
1.5258440851e-01,1.0958722759e+00,3.0252704176e-01,2.7976730240e-01,2.2759739362e-02,3.2588436287e-01
1.5354405888e-01,1.0965034501e+00,3.0402411245e-01,2.8100847709e-01,2.3015635369e-02,3.2764440701e-01
1.5450370925e-01,1.0971349879e+00,3.0551622292e-01,2.8224365097e-01,2.3272571947e-02,3.2940052702e-01
1.5546335962e-01,1.0977668894e+00,3.0700337773e-01,2.8347283498e-01,2.3530542747e-02,3.3115271978e-01
1.5642300999e-01,1.0983991548e+00,3.0848558153e-01,2.8469604010e-01,2.3789541430e-02,3.3290098224e-01
1.5738266035e-01,1.0990317844e+00,3.0996283901e-01,2.8591327734e-01,2.4049561676e-02,3.3464531144e-01
1.5834231072e-01,1.0996647784e+00,3.1143515493e-01,2.8712455775e-01,2.4310597175e-02,3.3638570444e-01
1.5930196109e-01,1.1002981369e+00,3.1290253408e-01,2.8832989245e-01,2.4572641634e-02,3.3812215840e-01
1.6026161146e-01,1.1009318603e+00,3.1436498133e-01,2.8952929256e-01,2.4835688773e-02,3.3985467054e-01
1.6122126183e-01,1.1015659486e+00,3.1582250160e-01,2.9072276927e-01,2.5099732327e-02,3.4158323813e-01
1.6218091219e-01,1.1022004021e+00,3.1727509985e-01,2.9191033381e-01,2.5364766045e-02,3.4330785851e-01
1.6314056256e-01,1.1028352211e+00,3.1872278112e-01,2.9309199743e-01,2.5630783690e-02,3.4502852911e-01
1.6410021293e-01,1.1034704057e+00,3.2016555047e-01,2.9426777143e-01,2.5897779041e-02,3.4674524738e-01
1.6505986330e-01,1.1041059561e+00,3.2160341305e-01,2.9543766716e-01,2.6165745889e-02,3.4845801088e-01
1.6601951367e-01,1.1047418726e+00,3.2303637405e-01,2.9660169601e-01,2.6434678042e-02,3.5016681720e-01
1.6697916403e-01,1.1053781553e+00,3.2446443870e-01,2.9775986938e-01,2.6704569320e-02,3.5187166401e-01
1.6793881440e-01,1.1060148045e+00,3.2588761230e-01,2.9891219874e-01,2.6975413560e-02,3.5357254905e-01
1.6889846477e-01,1.1066518204e+00,3.2730590020e-01,3.0005869559e-01,2.7247204612e-02,3.5526947011e-01
1.6985811514e-01,1.1072892032e+00,3.2871930780e-01,3.0119937146e-01,2.7519936341e-02,3.5696242505e-01
1.7081776551e-01,1.1079269531e+00,3.3012784056e-01,3.0233423793e-01,2.7793602626e-02,3.5865141181e-01
1.7177741587e-01,1.1085650702e+00,3.3153150397e-01,3.0346330661e-01,2.8068197361e-02,3.6033642836e-01
1.7273706624e-01,1.1092035550e+00,3.3293030360e-01,3.0458658915e-01,2.8343714456e-02,3.6201747277e-01
1.7369671661e-01,1.1098424074e+00,3.3432424506e-01,3.0570409723e-01,2.8620147835e-02,3.6369454316e-01
1.7465636698e-01,1.1104816279e+00,3.3571333400e-01,3.0681584257e-01,2.8897491434e-02,3.6536763770e-01
1.7561601735e-01,1.1111212164e+00,3.3709757615e-01,3.0792183694e-01,2.9175739209e-02,3.6703675465e-01
1.7657566771e-01,1.1117611734e+00,3.3847697725e-01,3.0902209213e-01,2.9454885125e-02,3.6870189231e-01
1.7753531808e-01,1.1124014989e+00,3.3985154313e-01,3.1011661997e-01,2.9734923167e-02,3.7036304907e-01
1.7849496845e-01,1.1130421933e+00,3.4122127965e-01,3.1120543232e-01,3.0015847331e-02,3.7202022335e-01
1.7945461882e-01,1.1136832566e+00,3.4258619273e-01,3.1228854110e-01,3.0297651631e-02,3.7367341367e-01
1.8041426919e-01,1.1143246892e+00,3.4394628832e-01,3.1336595822e-01,3.0580330092e-02,3.7532261859e-01
1.8137391955e-01,1.1149664912e+00,3.4530157243e-01,3.1443769568e-01,3.0863876757e-02,3.7696783674e-01
1.8233356992e-01,1.1156086629e+00,3.4665205114e-01,3.1550376546e-01,3.1148285684e-02,3.7860906680e-01
1.8329322029e-01,1.1162512044e+00,3.4799773055e-01,3.1656417961e-01,3.1433550945e-02,3.8024630755e-01
1.8425287066e-01,1.1168941160e+00,3.4933861683e-01,3.1761895020e-01,3.1719666625e-02,3.8187955778e-01
1.8521252103e-01,1.1175373979e+00,3.5067471617e-01,3.1866808934e-01,3.2006626828e-02,3.8350881640e-01
1.8617217139e-01,1.1181810503e+00,3.5200603484e-01,3.1971160916e-01,3.2294425671e-02,3.8513408234e-01
1.8713182176e-01,1.1188250734e+00,3.5333257913e-01,3.2074952185e-01,3.2583057284e-02,3.8675535462e-01
1.8809147213e-01,1.1194694674e+00,3.5465435540e-01,3.2178183959e-01,3.2872515817e-02,3.8837263229e-01
1.8905112250e-01,1.1201142326e+00,3.5597137005e-01,3.2280857462e-01,3.3162795430e-02,3.8998591450e-01
1.9001077287e-01,1.1207593691e+00,3.5728362953e-01,3.2382973922e-01,3.3453890301e-02,3.9159520045e-01
1.9097042323e-01,1.1214048772e+00,3.5859114031e-01,3.2484534569e-01,3.3745794624e-02,3.9320048938e-01
1.9193007360e-01,1.1220507571e+00,3.5989390894e-01,3.2585540634e-01,3.4038502604e-02,3.9480178062e-01
1.9288972397e-01,1.1226970090e+00,3.6119194201e-01,3.2685993355e-01,3.4332008465e-02,3.9639907356e-01
1.9384937434e-01,1.1233436331e+00,3.6248524614e-01,3.2785893969e-01,3.4626306446e-02,3.9799236764e-01
1.9480902471e-01,1.1239906296e+00,3.6377382801e-01,3.2885243721e-01,3.4921390799e-02,3.9958166236e-01
1.9576867507e-01,1.1246379988e+00,3.6505769432e-01,3.2984043853e-01,3.5217255793e-02,4.0116695729e-01
1.9672832544e-01,1.1252857408e+00,3.6633685186e-01,3.3082295615e-01,3.5513895712e-02,4.0274825206e-01
1.9768797581e-01,1.1259338559e+00,3.6761130743e-01,3.3180000258e-01,3.5811304854e-02,4.0432554637e-01
1.9864762618e-01,1.1265823443e+00,3.6888106787e-01,3.3277159034e-01,3.6109477534e-02,4.0589883997e-01
1.9960727655e-01,1.1272312062e+00,3.7014614009e-01,3.3373773201e-01,3.6408408082e-02,4.0746813266e-01
2.0056692691e-01,1.1278804418e+00,3.7140653103e-01,3.3469844019e-01,3.6708090842e-02,4.0903342433e-01
2.0152657728e-01,1.1285300513e+00,3.7266224766e-01,3.3565372748e-01,3.7008520174e-02,4.1059471491e-01
2.0248622765e-01,1.1291800350e+00,3.7391329701e-01,3.3660360655e-01,3.7309690456e-02,4.1215200439e-01
2.0344587802e-01,1.1298303930e+00,3.7515968615e-01,3.3754809008e-01,3.7611596077e-02,4.1370529284e-01
2.0440552839e-01,1.1304811257e+00,3.7640142220e-01,3.3848719075e-01,3.7914231444e-02,4.1525458037e-01
2.0536517875e-01,1.1311322331e+00,3.7763851229e-01,3.3942092131e-01,3.8217590978e-02,4.1679986715e-01
2.0632482912e-01,1.1317837155e+00,3.7887096363e-01,3.4034929452e-01,3.8521669118e-02,4.1834115344e-01
2.0728447949e-01,1.1324355731e+00,3.8009878346e-01,3.4127232314e-01,3.8826460316e-02,4.1987843951e-01
2.0824412986e-01,1.1330878062e+00,3.8132197904e-01,3.4219002000e-01,3.9131959041e-02,4.2141172573e-01
2.0920378023e-01,1.1337404150e+00,3.8254055769e-01,3.4310239791e-01,3.9438159775e-02,4.2294101253e-01
2.1016343059e-01,1.1343933996e+00,3.8375452677e-01,3.4400946975e-01,3.9745057018e-02,4.2446630036e-01
2.1112308096e-01,1.1350467603e+00,3.8496389368e-01,3.4491124839e-01,4.0052645285e-02,4.2598758978e-01
2.1208273133e-01,1.1357004973e+00,3.8616866585e-01,3.4580774674e-01,4.0360919107e-02,4.2750488136e-01
2.1304238170e-01,1.1363546108e+00,3.8736885076e-01,3.4669897773e-01,4.0669873028e-02,4.2901817578e-01
2.1400203207e-01,1.1370091011e+00,3.8856445593e-01,3.4758495431e-01,4.0979501611e-02,4.3052747374e-01
2.1496168243e-01,1.1376639684e+00,3.8975548890e-01,3.4846568947e-01,4.1289799432e-02,4.3203277601e-01
2.1592133280e-01,1.1383192128e+00,3.9094195727e-01,3.4934119619e-01,4.1600761084e-02,4.3353408342e-01
2.1688098317e-01,1.1389748346e+00,3.9212386867e-01,3.5021148750e-01,4.1912381174e-02,4.3503139686e-01
2.1784063354e-01,1.1396308340e+00,3.9330123077e-01,3.5107657645e-01,4.2224654328e-02,4.3652471727e-01
2.1880028391e-01,1.1402872112e+00,3.9447405128e-01,3.5193647610e-01,4.2537575183e-02,4.3801404566e-01
2.1975993427e-01,1.1409439665e+00,3.9564233793e-01,3.5279119954e-01,4.2851138395e-02,4.3949938309e-01
2.2071958464e-01,1.1416011001e+00,3.9680609851e-01,3.5364075987e-01,4.3165338635e-02,4.4098073068e-01
2.2167923501e-01,1.1422586121e+00,3.9796534083e-01,3.5448517024e-01,4.3480170589e-02,4.4245808961e-01
2.2263888538e-01,1.1429165028e+00,3.9912007274e-01,3.5532444379e-01,4.3795628958e-02,4.4393146110e-01
2.2359853575e-01,1.1435747724e+00,4.0027030214e-01,3.5615859368e-01,4.4111708461e-02,4.4540084646e-01
2.2455818611e-01,1.1442334212e+00,4.0141603695e-01,3.5698763312e-01,4.4428403830e-02,4.4686624702e-01
2.2551783648e-01,1.1448924493e+00,4.0255728512e-01,3.5781157530e-01,4.4745709815e-02,4.4832766418e-01
2.2647748685e-01,1.1455518570e+00,4.0369405464e-01,3.5863043346e-01,4.5063621180e-02,4.4978509942e-01
2.2743713722e-01,1.1462116445e+00,4.0482635356e-01,3.5944422085e-01,4.5382132706e-02,4.5123855425e-01
2.2839678759e-01,1.1468718120e+00,4.0595418993e-01,3.6025295074e-01,4.5701239189e-02,4.5268803023e-01
2.2935643795e-01,1.1475323597e+00,4.0707757184e-01,3.6105663640e-01,4.6020935441e-02,4.5413352899e-01
2.3031608832e-01,1.1481932879e+00,4.0819650743e-01,3.6185529115e-01,4.6341216289e-02,4.5557505223e-01
2.3127573869e-01,1.1488545968e+00,4.0931100487e-01,3.6264892829e-01,4.6662076576e-02,4.5701260167e-01
2.3223538906e-01,1.1495162865e+00,4.1042107234e-01,3.6343756118e-01,4.6983511162e-02,4.5844617911e-01
2.3319503943e-01,1.1501783573e+00,4.1152671808e-01,3.6422120315e-01,4.7305514922e-02,4.5987578640e-01
2.3415468979e-01,1.1508408095e+00,4.1262795034e-01,3.6499986760e-01,4.7628082746e-02,4.6130142545e-01
2.3511434016e-01,1.1515036431e+00,4.1372477743e-01,3.6577356789e-01,4.7951209541e-02,4.6272309821e-01
2.3607399053e-01,1.1521668586e+00,4.1481720767e-01,3.6654231744e-01,4.8274890229e-02,4.6414080669e-01
2.3703364090e-01,1.1528304560e+00,4.1590524941e-01,3.6730612967e-01,4.8599119748e-02,4.6555455296e-01
2.3799329127e-01,1.1534944357e+00,4.1698891105e-01,3.6806501800e-01,4.8923893051e-02,4.6696433914e-01
2.3895294163e-01,1.1541587977e+00,4.1806820100e-01,3.6881899589e-01,4.9249205109e-02,4.6837016741e-01
2.3991259200e-01,1.1548235424e+00,4.1914312770e-01,3.6956807680e-01,4.9575050906e-02,4.6977203999e-01
2.4087224237e-01,1.1554886700e+00,4.2021369965e-01,3.7031227420e-01,4.9901425444e-02,4.7116995916e-01
2.4183189274e-01,1.1561541807e+00,4.2127992534e-01,3.7105160160e-01,5.0228323740e-02,4.7256392725e-01
2.4279154311e-01,1.1568200746e+00,4.2234181332e-01,3.7178607250e-01,5.0555740826e-02,4.7395394666e-01
2.4375119347e-01,1.1574863521e+00,4.2339937216e-01,3.7251570040e-01,5.0883671752e-02,4.7534001982e-01
2.4471084384e-01,1.1581530134e+00,4.2445261044e-01,3.7324049886e-01,5.1212111582e-02,4.7672214922e-01
2.4567049421e-01,1.1588200586e+00,4.2550153680e-01,3.7396048140e-01,5.1541055395e-02,4.7810033740e-01
2.4663014458e-01,1.1594874879e+00,4.2654615989e-01,3.7467566160e-01,5.1870498289e-02,4.7947458697e-01
2.4758979495e-01,1.1601553017e+00,4.2758648838e-01,3.7538605301e-01,5.2200435376e-02,4.8084490056e-01
2.4854944531e-01,1.1608235002e+00,4.2862253099e-01,3.7609166921e-01,5.2530861782e-02,4.8221128088e-01
2.4950909568e-01,1.1614920835e+00,4.2965429646e-01,3.7679252381e-01,5.2861772652e-02,4.8357373067e-01
2.5046874605e-01,1.1621610518e+00,4.3068179354e-01,3.7748863039e-01,5.3193163145e-02,4.8493225274e-01
2.5142839642e-01,1.1628304055e+00,4.3170503102e-01,3.7818000258e-01,5.3525028437e-02,4.8628684994e-01
2.5238804679e-01,1.1635001446e+00,4.3272401772e-01,3.7886665400e-01,5.3857363718e-02,4.8763752516e-01
2.5334769715e-01,1.1641702695e+00,4.3373876248e-01,3.7954859828e-01,5.4190164196e-02,4.8898428136e-01
2.5430734752e-01,1.1648407804e+00,4.3474927417e-01,3.8022584907e-01,5.4523425094e-02,4.9032712155e-01
2.5526699789e-01,1.1655116775e+00,4.3575556167e-01,3.8089842002e-01,5.4857141650e-02,4.9166604876e-01
2.5622664826e-01,1.1661829609e+00,4.3675763391e-01,3.8156632480e-01,5.5191309118e-02,4.9300106612e-01
2.5718629863e-01,1.1668546310e+00,4.3775549983e-01,3.8222957706e-01,5.5525922770e-02,4.9433217675e-01
2.5814594899e-01,1.1675266880e+00,4.3874916840e-01,3.8288819050e-01,5.5860977892e-02,4.9565938387e-01
2.5910559936e-01,1.1681991320e+00,4.3973864859e-01,3.8354217881e-01,5.6196469785e-02,4.9698269072e-01
2.6006524973e-01,1.1688719633e+00,4.4072394943e-01,3.8419155567e-01,5.6532393767e-02,4.9830210060e-01
2.6102490010e-01,1.1695451822e+00,4.4170507996e-01,3.8483633479e-01,5.6868745173e-02,4.9961761686e-01
2.6198455047e-01,1.1702187888e+00,4.4268204923e-01,3.8547652988e-01,5.7205519351e-02,5.0092924288e-01
2.6294420083e-01,1.1708927833e+00,4.4365486633e-01,3.8611215466e-01,5.7542711668e-02,5.0223698211e-01
2.6390385120e-01,1.1715671661e+00,4.4462354036e-01,3.8674322286e-01,5.7880317504e-02,5.0354083804e-01
2.6486350157e-01,1.1722419372e+00,4.4558808046e-01,3.8736974820e-01,5.8218332257e-02,5.0484081420e-01
2.6582315194e-01,1.1729170970e+00,4.4654849576e-01,3.8799174442e-01,5.8556751339e-02,5.0613691418e-01
2.6678280231e-01,1.1735926457e+00,4.4750479544e-01,3.8860922527e-01,5.8895570179e-02,5.0742914161e-01
2.6774245267e-01,1.1742685835e+00,4.4845698870e-01,3.8922220448e-01,5.9234784222e-02,5.0871750015e-01
2.6870210304e-01,1.1749449105e+00,4.4940508475e-01,3.8983069582e-01,5.9574388928e-02,5.1000199354e-01
2.6966175341e-01,1.1756216271e+00,4.5034909281e-01,3.9043471304e-01,5.9914379774e-02,5.1128262555e-01
2.7062140378e-01,1.1762987335e+00,4.5128902215e-01,3.9103426990e-01,6.0254752251e-02,5.1255939999e-01
2.7158105415e-01,1.1769762298e+00,4.5222488203e-01,3.9162938016e-01,6.0595501866e-02,5.1383232072e-01
2.7254070451e-01,1.1776541163e+00,4.5315668176e-01,3.9222005761e-01,6.0936624145e-02,5.1510139164e-01
2.7350035488e-01,1.1783323933e+00,4.5408443064e-01,3.9280631601e-01,6.1278114625e-02,5.1636661671e-01
2.7446000525e-01,1.1790110610e+00,4.5500813800e-01,3.9338816914e-01,6.1619968863e-02,5.1762799992e-01
2.7541965562e-01,1.1796901195e+00,4.5592781321e-01,3.9396563078e-01,6.1962182428e-02,5.1888554531e-01
2.7637930599e-01,1.1803695691e+00,4.5684346561e-01,3.9453871470e-01,6.2304750909e-02,5.2013925697e-01
2.7733895635e-01,1.1810494101e+00,4.5775510461e-01,3.9510743471e-01,6.2647669906e-02,5.2138913903e-01
2.7829860672e-01,1.1817296426e+00,4.5866273961e-01,3.9567180457e-01,6.2990935039e-02,5.2263519565e-01
2.7925825709e-01,1.1824102669e+00,4.5956638003e-01,3.9623183809e-01,6.3334541941e-02,5.2387743106e-01
2.8021790746e-01,1.1830912832e+00,4.6046603531e-01,3.9678754905e-01,6.3678486263e-02,5.2511584950e-01
2.8117755783e-01,1.1837726917e+00,4.6136171491e-01,3.9733895124e-01,6.4022763669e-02,5.2635045530e-01
2.8213720819e-01,1.1844544927e+00,4.6225342829e-01,3.9788605845e-01,6.4367369840e-02,5.2758125278e-01
2.8309685856e-01,1.1851366864e+00,4.6314118496e-01,3.9842888449e-01,6.4712300474e-02,5.2880824634e-01
2.8405650893e-01,1.1858192730e+00,4.6402499441e-01,3.9896744313e-01,6.5057551284e-02,5.3003144041e-01
2.8501615930e-01,1.1865022528e+00,4.6490486617e-01,3.9950174817e-01,6.5403117996e-02,5.3125083946e-01
2.8597580967e-01,1.1871856259e+00,4.6578080977e-01,4.0003181341e-01,6.5748996356e-02,5.3246644800e-01
2.8693546003e-01,1.1878693926e+00,4.6665283477e-01,4.0055765264e-01,6.6095182124e-02,5.3367827058e-01
2.8789511040e-01,1.1885535531e+00,4.6752095072e-01,4.0107927965e-01,6.6441671073e-02,5.3488631181e-01
2.8885476077e-01,1.1892381077e+00,4.6838516722e-01,4.0159670823e-01,6.6788458996e-02,5.3609057632e-01
2.8981441114e-01,1.1899230566e+00,4.6924549386e-01,4.0210995216e-01,6.7135541700e-02,5.3729106879e-01
2.9077406151e-01,1.1906083999e+00,4.7010194025e-01,4.0261902524e-01,6.7482915005e-02,5.3848779393e-01
2.9173371187e-01,1.1912941380e+00,4.7095451600e-01,4.0312394125e-01,6.7830574751e-02,5.3968075650e-01
2.9269336224e-01,1.1919802710e+00,4.7180323077e-01,4.0362471398e-01,6.8178516791e-02,5.4086996131e-01
2.9365301261e-01,1.1926667992e+00,4.7264809419e-01,4.0412135719e-01,6.8526736994e-02,5.4205541318e-01
2.9461266298e-01,1.1933537229e+00,4.7348911593e-01,4.0461388468e-01,6.8875231244e-02,5.4323711700e-01
2.9557231335e-01,1.1940410421e+00,4.7432630566e-01,4.0510231021e-01,6.9223995443e-02,5.4441507769e-01
2.9653196371e-01,1.1947287572e+00,4.7515967307e-01,4.0558664756e-01,6.9573025506e-02,5.4558930019e-01
2.9749161408e-01,1.1954168685e+00,4.7598922786e-01,4.0606691050e-01,6.9922317364e-02,5.4675978950e-01
2.9845126445e-01,1.1961053760e+00,4.7681497974e-01,4.0654311277e-01,7.0271866964e-02,5.4792655065e-01
2.9941091482e-01,1.1967942801e+00,4.7763693843e-01,4.0701526816e-01,7.0621670270e-02,5.4908958871e-01
3.0037056519e-01,1.1974835810e+00,4.7845511366e-01,4.0748339040e-01,7.0971723259e-02,5.5024890879e-01
3.0133021555e-01,1.1981732788e+00,4.7926951518e-01,4.0794749326e-01,7.1322021924e-02,5.5140451603e-01
3.0228986592e-01,1.1988633740e+00,4.8008015274e-01,4.0840759047e-01,7.1672562276e-02,5.5255641562e-01
3.0324951629e-01,1.1995538665e+00,4.8088703611e-01,4.0886369577e-01,7.2023340338e-02,5.5370461277e-01
3.0420916666e-01,1.2002447568e+00,4.8169017505e-01,4.0931582290e-01,7.2374352150e-02,5.5484911275e-01
3.0516881703e-01,1.2009360450e+00,4.8248957936e-01,4.0976398560e-01,7.2725593768e-02,5.5598992083e-01
3.0612846739e-01,1.2016277313e+00,4.8328525883e-01,4.1020819757e-01,7.3077061262e-02,5.5712704236e-01
3.0708811776e-01,1.2023198161e+00,4.8407722325e-01,4.1064847253e-01,7.3428750720e-02,5.5826048269e-01
3.0804776813e-01,1.2030122994e+00,4.8486548245e-01,4.1108482420e-01,7.3780658243e-02,5.5939024722e-01
3.0900741850e-01,1.2037051816e+00,4.8565004623e-01,4.1151726628e-01,7.4132779948e-02,5.6051634139e-01
3.0996706887e-01,1.2043984628e+00,4.8643092443e-01,4.1194581246e-01,7.4485111967e-02,5.6163877066e-01
3.1092671923e-01,1.2050921434e+00,4.8720812688e-01,4.1237047643e-01,7.4837650448e-02,5.6275754056e-01
3.1188636960e-01,1.2057862234e+00,4.8798166343e-01,4.1279127187e-01,7.5190391556e-02,5.6387265660e-01
3.1284601997e-01,1.2064807033e+00,4.8875154393e-01,4.1320821246e-01,7.5543331467e-02,5.6498412437e-01
3.1380567034e-01,1.2071755831e+00,4.8951777823e-01,4.1362131185e-01,7.5896466377e-02,5.6609194947e-01
3.1476532071e-01,1.2078708631e+00,4.9028037621e-01,4.1403058371e-01,7.6249792494e-02,5.6719613754e-01
3.1572497107e-01,1.2085665436e+00,4.9103934772e-01,4.1443604168e-01,7.6603306042e-02,5.6829669427e-01
3.1668462144e-01,1.2092626248e+00,4.9179470266e-01,4.1483769940e-01,7.6957003262e-02,5.6939362535e-01
3.1764427181e-01,1.2099591069e+00,4.9254645091e-01,4.1523557050e-01,7.7310880408e-02,5.7048693653e-01
3.1860392218e-01,1.2106559901e+00,4.9329460235e-01,4.1562966860e-01,7.7664933751e-02,5.7157663357e-01
3.1956357255e-01,1.2113532747e+00,4.9403916688e-01,4.1602000730e-01,7.8019159576e-02,5.7266272230e-01
3.2052322291e-01,1.2120509609e+00,4.9478015441e-01,4.1640660022e-01,7.8373554183e-02,5.7374520854e-01
3.2148287328e-01,1.2127490490e+00,4.9551757483e-01,4.1678946094e-01,7.8728113888e-02,5.7482409816e-01
3.2244252365e-01,1.2134475391e+00,4.9625143806e-01,4.1716860304e-01,7.9082835023e-02,5.7589939707e-01
3.2340217402e-01,1.2141464315e+00,4.9698175402e-01,4.1754404009e-01,7.9437713933e-02,5.7697111119e-01
3.2436182439e-01,1.2148457265e+00,4.9770853263e-01,4.1791578565e-01,7.9792746979e-02,5.7803924650e-01
3.2532147475e-01,1.2155454242e+00,4.9843178381e-01,4.1828385327e-01,8.0147930538e-02,5.7910380898e-01
3.2628112512e-01,1.2162455249e+00,4.9915151748e-01,4.1864825648e-01,8.0503261000e-02,5.8016480465e-01
3.2724077549e-01,1.2169460288e+00,4.9986774358e-01,4.1900900881e-01,8.0858734773e-02,5.8122223959e-01
3.2820042586e-01,1.2176469362e+00,5.0058047205e-01,4.1936612377e-01,8.1214348278e-02,5.8227611986e-01
3.2916007623e-01,1.2183482473e+00,5.0128971281e-01,4.1971961486e-01,8.1570097951e-02,5.8332645159e-01
3.3011972659e-01,1.2190499623e+00,5.0199547582e-01,4.2006949558e-01,8.1925980244e-02,5.8437324092e-01
3.3107937696e-01,1.2197520815e+00,5.0269777101e-01,4.2041577939e-01,8.2281991622e-02,5.8541649401e-01
3.3203902733e-01,1.2204546050e+00,5.0339660834e-01,4.2075847977e-01,8.2638128568e-02,5.8645621708e-01
3.3299867770e-01,1.2211575332e+00,5.0409199774e-01,4.2109761016e-01,8.2994387578e-02,5.8749241636e-01
3.3395832807e-01,1.2218608662e+00,5.0478394916e-01,4.2143318400e-01,8.3350765163e-02,5.8852509810e-01
3.3491797843e-01,1.2225646043e+00,5.0547247257e-01,4.2176521472e-01,8.3707257849e-02,5.8955426859e-01
3.3587762880e-01,1.2232687478e+00,5.0615757790e-01,4.2209371572e-01,8.4063862177e-02,5.9057993414e-01
3.3683727917e-01,1.2239732968e+00,5.0683927512e-01,4.2241870041e-01,8.4420574703e-02,5.9160210110e-01
3.3779692954e-01,1.2246782516e+00,5.0751757417e-01,4.2274018217e-01,8.4777391998e-02,5.9262077585e-01
3.3875657991e-01,1.2253836124e+00,5.0819248502e-01,4.2305817437e-01,8.5134310647e-02,5.9363596476e-01
3.3971623027e-01,1.2260893795e+00,5.0886401761e-01,4.2337269036e-01,8.5491327251e-02,5.9464767428e-01
3.4067588064e-01,1.2267955530e+00,5.0953218190e-01,4.2368374348e-01,8.5848438423e-02,5.9565591084e-01
3.4163553101e-01,1.2275021333e+00,5.1019698785e-01,4.2399134706e-01,8.6205640795e-02,5.9666068093e-01
3.4259518138e-01,1.2282091205e+00,5.1085844542e-01,4.2429551440e-01,8.6562931011e-02,5.9766199104e-01
3.4355483175e-01,1.2289165150e+00,5.1151656455e-01,4.2459625882e-01,8.6920305730e-02,5.9865984771e-01
3.4451448211e-01,1.2296243168e+00,5.1217135519e-01,4.2489359357e-01,8.7277761625e-02,5.9965425750e-01
3.4547413248e-01,1.2303325264e+00,5.1282282732e-01,4.2518753193e-01,8.7635295386e-02,6.0064522696e-01
3.4643378285e-01,1.2310411438e+00,5.1347099086e-01,4.2547808715e-01,8.7992903715e-02,6.0163276273e-01
3.4739343322e-01,1.2317501694e+00,5.1411585578e-01,4.2576527245e-01,8.8350583330e-02,6.0261687141e-01
3.4835308359e-01,1.2324596033e+00,5.1475743202e-01,4.2604910106e-01,8.8708330963e-02,6.0359755967e-01
3.4931273395e-01,1.2331694458e+00,5.1539572953e-01,4.2632958617e-01,8.9066143362e-02,6.0457483417e-01
3.5027238432e-01,1.2338796972e+00,5.1603075826e-01,4.2660674097e-01,8.9424017287e-02,6.0554870163e-01
3.5123203469e-01,1.2345903576e+00,5.1666252813e-01,4.2688057862e-01,8.9781949515e-02,6.0651916876e-01
3.5219168506e-01,1.2353014274e+00,5.1729104910e-01,4.2715111227e-01,9.0139936836e-02,6.0748624232e-01
3.5315133543e-01,1.2360129067e+00,5.1791633110e-01,4.2741835505e-01,9.0497976054e-02,6.0844992908e-01
3.5411098579e-01,1.2367247957e+00,5.1853838407e-01,4.2768232008e-01,9.0856063989e-02,6.0941023582e-01
3.5507063616e-01,1.2374370948e+00,5.1915721792e-01,4.2794302045e-01,9.1214197475e-02,6.1036716937e-01
3.5603028653e-01,1.2381498042e+00,5.1977284260e-01,4.2820046924e-01,9.1572373360e-02,6.1132073656e-01
3.5698993690e-01,1.2388629240e+00,5.2038526802e-01,4.2845467952e-01,9.1930588505e-02,6.1227094426e-01
3.5794958727e-01,1.2395764546e+00,5.2099450411e-01,4.2870566432e-01,9.2288839788e-02,6.1321779935e-01
3.5890923763e-01,1.2402903961e+00,5.2160056078e-01,4.2895343668e-01,9.2647124100e-02,6.1416130874e-01
3.5986888800e-01,1.2410047488e+00,5.2220344793e-01,4.2919800959e-01,9.3005438346e-02,6.1510147934e-01
3.6082853837e-01,1.2417195129e+00,5.2280317548e-01,4.2943939604e-01,9.3363779446e-02,6.1603831811e-01
3.6178818874e-01,1.2424346888e+00,5.2339975334e-01,4.2967760900e-01,9.3722144332e-02,6.1697183201e-01
3.6274783911e-01,1.2431502765e+00,5.2399319138e-01,4.2991266143e-01,9.4080529954e-02,6.1790202804e-01
3.6370748947e-01,1.2438662764e+00,5.2458349952e-01,4.3014456625e-01,9.4438933274e-02,6.1882891320e-01
3.6466713984e-01,1.2445826887e+00,5.2517068763e-01,4.3037333637e-01,9.4797351267e-02,6.1975249452e-01
3.6562679021e-01,1.2452995136e+00,5.2575476560e-01,4.3059898468e-01,9.5155780924e-02,6.2067277905e-01
3.6658644058e-01,1.2460167513e+00,5.2633574330e-01,4.3082152405e-01,9.5514219249e-02,6.2158977385e-01
3.6754609095e-01,1.2467344022e+00,5.2691363060e-01,4.3104096734e-01,9.5872663262e-02,6.2250348603e-01
3.6850574131e-01,1.2474524663e+00,5.2748843737e-01,4.3125732738e-01,9.6231109994e-02,6.2341392267e-01
3.6946539168e-01,1.2481709441e+00,5.2806017346e-01,4.3147061697e-01,9.6589556493e-02,6.2432109092e-01
3.7042504205e-01,1.2488898357e+00,5.2862884873e-01,4.3168084891e-01,9.6947999818e-02,6.2522499790e-01
3.7138469242e-01,1.2496091413e+00,5.2919447302e-01,4.3188803597e-01,9.7306437045e-02,6.2612565079e-01
3.7234434279e-01,1.2503288612e+00,5.2975705616e-01,4.3209219090e-01,9.7664865262e-02,6.2702305677e-01
3.7330399315e-01,1.2510489956e+00,5.3031660799e-01,4.3229332642e-01,9.8023281570e-02,6.2791722303e-01
3.7426364352e-01,1.2517695448e+00,5.3087313833e-01,4.3249145524e-01,9.8381683087e-02,6.2880815680e-01
3.7522329389e-01,1.2524905090e+00,5.3142665700e-01,4.3268659005e-01,9.8740066942e-02,6.2969586529e-01
3.7618294426e-01,1.2532118885e+00,5.3197717380e-01,4.3287874352e-01,9.9098430280e-02,6.3058035577e-01
3.7714259463e-01,1.2539336834e+00,5.3252469854e-01,4.3306792828e-01,9.9456770258e-02,6.3146163551e-01
3.7810224499e-01,1.2546558941e+00,5.3306924101e-01,4.3325415696e-01,9.9815084046e-02,6.3233971178e-01
3.7906189536e-01,1.2553785207e+00,5.3361081099e-01,4.3343744216e-01,1.0017336883e-01,6.3321459189e-01
3.8002154573e-01,1.2561015635e+00,5.3414941826e-01,4.3361779645e-01,1.0053162181e-01,6.3408628316e-01
3.8098119610e-01,1.2568250228e+00,5.3468507259e-01,4.3379523239e-01,1.0088984020e-01,6.3495479292e-01
3.8194084647e-01,1.2575488987e+00,5.3521778374e-01,4.3396976252e-01,1.0124802122e-01,6.3582012851e-01
3.8290049683e-01,1.2582731916e+00,5.3574756146e-01,4.3414139934e-01,1.0160616212e-01,6.3668229730e-01
3.8386014720e-01,1.2589979016e+00,5.3627441549e-01,4.3431015534e-01,1.0196426014e-01,6.3754130667e-01
3.8481979757e-01,1.2597230290e+00,5.3679835555e-01,4.3447604300e-01,1.0232231256e-01,6.3839716402e-01
3.8577944794e-01,1.2604485741e+00,5.3731939139e-01,4.3463907474e-01,1.0268031665e-01,6.3924987676e-01
3.8673909831e-01,1.2611745370e+00,5.3783753270e-01,4.3479926299e-01,1.0303826971e-01,6.4009945230e-01
3.8769874867e-01,1.2619009181e+00,5.3835278919e-01,4.3495662015e-01,1.0339616904e-01,6.4094589809e-01
3.8865839904e-01,1.2626277175e+00,5.3886517056e-01,4.3511115859e-01,1.0375401197e-01,6.4178922157e-01
3.8961804941e-01,1.2633549355e+00,5.3937468650e-01,4.3526289066e-01,1.0411179583e-01,6.4262943023e-01
3.9057769978e-01,1.2640825724e+00,5.3988134666e-01,4.3541182869e-01,1.0446951797e-01,6.4346653152e-01
3.9153735015e-01,1.2648106284e+00,5.4038516073e-01,4.3555798497e-01,1.0482717575e-01,6.4430053295e-01
3.9249700051e-01,1.2655391037e+00,5.4088613834e-01,4.3570137180e-01,1.0518476654e-01,6.4513144203e-01
3.9345665088e-01,1.2662679985e+00,5.4138428915e-01,4.3584200142e-01,1.0554228773e-01,6.4595926627e-01
3.9441630125e-01,1.2669973132e+00,5.4187962279e-01,4.3597988606e-01,1.0589973673e-01,6.4678401320e-01
3.9537595162e-01,1.2677270479e+00,5.4237214887e-01,4.3611503793e-01,1.0625711094e-01,6.4760569037e-01
3.9633560199e-01,1.2684572030e+00,5.4286187700e-01,4.3624746922e-01,1.0661440779e-01,6.4842430534e-01
3.9729525235e-01,1.2691877785e+00,5.4334881679e-01,4.3637719207e-01,1.0697162472e-01,6.4923986567e-01
3.9825490272e-01,1.2699187749e+00,5.4383297783e-01,4.3650421863e-01,1.0732875919e-01,6.5005237895e-01
3.9921455309e-01,1.2706501922e+00,5.4431436967e-01,4.3662856101e-01,1.0768580866e-01,6.5086185276e-01
4.0017420346e-01,1.2713820309e+00,5.4479300190e-01,4.3675023128e-01,1.0804277062e-01,6.5166829471e-01
4.0113385383e-01,1.2721142910e+00,5.4526888406e-01,4.3686924152e-01,1.0839964255e-01,6.5247171242e-01
4.0209350419e-01,1.2728469729e+00,5.4574202570e-01,4.3698560374e-01,1.0875642196e-01,6.5327211351e-01
4.0305315456e-01,1.2735800768e+00,5.4621243633e-01,4.3709932996e-01,1.0911310637e-01,6.5406950561e-01
4.0401280493e-01,1.2743136029e+00,5.4668012548e-01,4.3721043217e-01,1.0946969331e-01,6.5486389638e-01
4.0497245530e-01,1.2750475515e+00,5.4714510264e-01,4.3731892232e-01,1.0982618033e-01,6.5565529347e-01
4.0593210567e-01,1.2757819228e+00,5.4760737732e-01,4.3742481234e-01,1.1018256497e-01,6.5644370455e-01
4.0689175603e-01,1.2765167171e+00,5.4806695897e-01,4.3752811415e-01,1.1053884482e-01,6.5722913729e-01
4.0785140640e-01,1.2772519345e+00,5.4852385708e-01,4.3762883962e-01,1.1089501746e-01,6.5801159939e-01
4.0881105677e-01,1.2779875755e+00,5.4897808109e-01,4.3772700062e-01,1.1125108048e-01,6.5879109853e-01
4.0977070714e-01,1.2787236401e+00,5.4942964045e-01,4.3782260896e-01,1.1160703148e-01,6.5956764242e-01
4.1073035751e-01,1.2794601287e+00,5.4987854457e-01,4.3791567647e-01,1.1196286810e-01,6.6034123878e-01
4.1169000787e-01,1.2801970415e+00,5.5032480286e-01,4.3800621490e-01,1.1231858796e-01,6.6111189533e-01
4.1264965824e-01,1.2809343787e+00,5.5076842474e-01,4.3809423602e-01,1.1267418872e-01,6.6187961981e-01
4.1360930861e-01,1.2816721405e+00,5.5120941957e-01,4.3817975155e-01,1.1302966802e-01,6.6264441994e-01
4.1456895898e-01,1.2824103273e+00,5.5164779674e-01,4.3826277319e-01,1.1338502355e-01,6.6340630349e-01
4.1552860935e-01,1.2831489393e+00,5.5208356560e-01,4.3834331262e-01,1.1374025298e-01,6.6416527820e-01
4.1648825971e-01,1.2838879766e+00,5.5251673549e-01,4.3842138147e-01,1.1409535402e-01,6.6492135185e-01
4.1744791008e-01,1.2846274396e+00,5.5294731574e-01,4.3849699137e-01,1.1445032437e-01,6.6567453219e-01
4.1840756045e-01,1.2853673285e+00,5.5337531567e-01,4.3857015392e-01,1.1480516175e-01,6.6642482702e-01
4.1936721082e-01,1.2861076436e+00,5.5380074457e-01,4.3864088067e-01,1.1515986390e-01,6.6717224412e-01
4.2032686119e-01,1.2868483850e+00,5.5422361173e-01,4.3870918317e-01,1.1551442857e-01,6.6791679128e-01
4.2128651155e-01,1.2875895531e+00,5.5464392643e-01,4.3877507292e-01,1.1586885351e-01,6.6865847630e-01
4.2224616192e-01,1.2883311480e+00,5.5506169791e-01,4.3883856142e-01,1.1622313649e-01,6.6939730698e-01
4.2320581229e-01,1.2890731701e+00,5.5547693543e-01,4.3889966013e-01,1.1657727530e-01,6.7013329115e-01
4.2416546266e-01,1.2898156196e+00,5.5588964820e-01,4.3895838046e-01,1.1693126774e-01,6.7086643661e-01
4.2512511303e-01,1.2905584966e+00,5.5629984544e-01,4.3901473383e-01,1.1728511161e-01,6.7159675120e-01
4.2608476339e-01,1.2913018016e+00,5.5670753634e-01,4.3906873161e-01,1.1763880474e-01,6.7232424274e-01
4.2704441376e-01,1.2920455346e+00,5.5711273009e-01,4.3912038514e-01,1.1799234494e-01,6.7304891908e-01
4.2800406413e-01,1.2927896960e+00,5.5751543584e-01,4.3916970576e-01,1.1834573008e-01,6.7377078804e-01
4.2896371450e-01,1.2935342860e+00,5.5791566275e-01,4.3921670475e-01,1.1869895800e-01,6.7448985749e-01
4.2992336487e-01,1.2942793049e+00,5.5831341995e-01,4.3926139337e-01,1.1905202658e-01,6.7520613527e-01
4.3088301523e-01,1.2950247529e+00,5.5870871657e-01,4.3930378287e-01,1.1940493369e-01,6.7591962924e-01
4.3184266560e-01,1.2957706302e+00,5.5910156169e-01,4.3934388446e-01,1.1975767723e-01,6.7663034726e-01
4.3280231597e-01,1.2965169370e+00,5.5949196441e-01,4.3938170931e-01,1.2011025510e-01,6.7733829719e-01
4.3376196634e-01,1.2972636738e+00,5.5987993380e-01,4.3941726857e-01,1.2046266522e-01,6.7804348691e-01
4.3472161671e-01,1.2980108406e+00,5.6026547891e-01,4.3945057339e-01,1.2081490552e-01,6.7874592429e-01
4.3568126707e-01,1.2987584378e+00,5.6064860878e-01,4.3948163484e-01,1.2116697394e-01,6.7944561721e-01
4.3664091744e-01,1.2995064655e+00,5.6102933243e-01,4.3951046401e-01,1.2151886842e-01,6.8014257355e-01
4.3760056781e-01,1.3002549241e+00,5.6140765886e-01,4.3953707192e-01,1.2187058694e-01,6.8083680119e-01
4.3856021818e-01,1.3010038137e+00,5.6178359707e-01,4.3956146960e-01,1.2222212746e-01,6.8152830803e-01
4.3951986855e-01,1.3017531347e+00,5.6215715602e-01,4.3958366803e-01,1.2257348799e-01,6.8221710195e-01
4.4047951891e-01,1.3025028873e+00,5.6252834466e-01,4.3960367816e-01,1.2292466650e-01,6.8290319086e-01
4.4143916928e-01,1.3032530716e+00,5.6289717194e-01,4.3962151092e-01,1.2327566102e-01,6.8358658264e-01
4.4239881965e-01,1.3040036881e+00,5.6326364678e-01,4.3963717721e-01,1.2362646957e-01,6.8426728520e-01
4.4335847002e-01,1.3047547369e+00,5.6362777808e-01,4.3965068789e-01,1.2397709019e-01,6.8494530645e-01
4.4431812039e-01,1.3055062182e+00,5.6398957472e-01,4.3966205381e-01,1.2432752090e-01,6.8562065428e-01
4.4527777075e-01,1.3062581324e+00,5.6434904557e-01,4.3967128579e-01,1.2467775979e-01,6.8629333660e-01
4.4623742112e-01,1.3070104796e+00,5.6470619949e-01,4.3967839459e-01,1.2502780490e-01,6.8696336133e-01
4.4719707149e-01,1.3077632602e+00,5.6506104531e-01,4.3968339099e-01,1.2537765433e-01,6.8763073637e-01
4.4815672186e-01,1.3085164743e+00,5.6541359185e-01,4.3968628570e-01,1.2572730615e-01,6.8829546964e-01
4.4911637223e-01,1.3092701222e+00,5.6576384790e-01,4.3968708941e-01,1.2607675849e-01,6.8895756904e-01
4.5007602259e-01,1.3100242042e+00,5.6611182225e-01,4.3968581281e-01,1.2642600944e-01,6.8961704250e-01
4.5103567296e-01,1.3107787206e+00,5.6645752366e-01,4.3968246652e-01,1.2677505714e-01,6.9027389793e-01
4.5199532333e-01,1.3115336715e+00,5.6680096088e-01,4.3967706116e-01,1.2712389972e-01,6.9092814325e-01
4.5295497370e-01,1.3122890572e+00,5.6714214263e-01,4.3966960730e-01,1.2747253533e-01,6.9157978638e-01
4.5391462407e-01,1.3130448780e+00,5.6748107763e-01,4.3966011550e-01,1.2782096213e-01,6.9222883523e-01
4.5487427443e-01,1.3138011341e+00,5.6781777456e-01,4.3964859627e-01,1.2816917828e-01,6.9287529772e-01
4.5583392480e-01,1.3145578257e+00,5.6815224210e-01,4.3963506012e-01,1.2851718198e-01,6.9351918178e-01
4.5679357517e-01,1.3153149532e+00,5.6848448890e-01,4.3961951750e-01,1.2886497140e-01,6.9416049531e-01
4.5775322554e-01,1.3160725168e+00,5.6881452361e-01,4.3960197884e-01,1.2921254477e-01,6.9479924625e-01
4.5871287591e-01,1.3168305167e+00,5.6914235484e-01,4.3958245456e-01,1.2955990028e-01,6.9543544251e-01
4.5967252627e-01,1.3175889531e+00,5.6946799118e-01,4.3956095502e-01,1.2990703616e-01,6.9606909200e-01
4.6063217664e-01,1.3183478264e+00,5.6979144123e-01,4.3953749057e-01,1.3025395066e-01,6.9670020265e-01
4.6159182701e-01,1.3191071368e+00,5.7011271354e-01,4.3951207153e-01,1.3060064201e-01,6.9732878238e-01
4.6255147738e-01,1.3198668845e+00,5.7043181667e-01,4.3948470818e-01,1.3094710848e-01,6.9795483909e-01
4.6351112775e-01,1.3206270698e+00,5.7074875912e-01,4.3945541078e-01,1.3129334834e-01,6.9857838071e-01
4.6447077811e-01,1.3213876929e+00,5.7106354942e-01,4.3942418956e-01,1.3163935986e-01,6.9919941515e-01
4.6543042848e-01,1.3221487541e+00,5.7137619605e-01,4.3939105471e-01,1.3198514134e-01,6.9981795032e-01
4.6639007885e-01,1.3229102536e+00,5.7168670747e-01,4.3935601640e-01,1.3233069108e-01,7.0043399414e-01
4.6734972922e-01,1.3236721917e+00,5.7199509215e-01,4.3931908476e-01,1.3267600738e-01,7.0104755451e-01
4.6830937959e-01,1.3244345687e+00,5.7230135850e-01,4.3928026992e-01,1.3302108858e-01,7.0165863934e-01
4.6926902996e-01,1.3251973848e+00,5.7260551495e-01,4.3923958194e-01,1.3336593301e-01,7.0226725654e-01
4.7022868032e-01,1.3259606402e+00,5.7290756988e-01,4.3919703087e-01,1.3371053900e-01,7.0287341402e-01
4.7118833069e-01,1.3267243352e+00,5.7320753166e-01,4.3915262674e-01,1.3405490492e-01,7.0347711967e-01
4.7214798106e-01,1.3274884701e+00,5.7350540866e-01,4.3910637953e-01,1.3439902913e-01,7.0407838139e-01
4.7310763143e-01,1.3282530450e+00,5.7380120920e-01,4.3905829919e-01,1.3474291001e-01,7.0467720709e-01
4.7406728180e-01,1.3290180604e+00,5.7409494161e-01,4.3900839567e-01,1.3508654594e-01,7.0527360465e-01
4.7502693216e-01,1.3297835163e+00,5.7438661417e-01,4.3895667886e-01,1.3542993531e-01,7.0586758197e-01
4.7598658253e-01,1.3305494131e+00,5.7467623517e-01,4.3890315862e-01,1.3577307655e-01,7.0645914694e-01
4.7694623290e-01,1.3313157511e+00,5.7496381285e-01,4.3884784480e-01,1.3611596805e-01,7.0704830744e-01
4.7790588327e-01,1.3320825304e+00,5.7524935546e-01,4.3879074721e-01,1.3645860826e-01,7.0763507135e-01
4.7886553364e-01,1.3328497514e+00,5.7553287122e-01,4.3873187562e-01,1.3680099560e-01,7.0821944656e-01
4.7982518400e-01,1.3336174142e+00,5.7581436832e-01,4.3867123979e-01,1.3714312853e-01,7.0880144094e-01
4.8078483437e-01,1.3343855192e+00,5.7609385494e-01,4.3860884944e-01,1.3748500551e-01,7.0938106237e-01
4.8174448474e-01,1.3351540665e+00,5.7637133924e-01,4.3854471424e-01,1.3782662500e-01,7.0995831871e-01
4.8270413511e-01,1.3359230566e+00,5.7664682936e-01,4.3847884388e-01,1.3816798548e-01,7.1053321782e-01
4.8366378548e-01,1.3366924895e+00,5.7692033341e-01,4.3841124796e-01,1.3850908545e-01,7.1110576757e-01
4.8462343584e-01,1.3374623656e+00,5.7719185950e-01,4.3834193610e-01,1.3884992340e-01,7.1167597581e-01
4.8558308621e-01,1.3382326851e+00,5.7746141569e-01,4.3827091786e-01,1.3919049784e-01,7.1224385040e-01
4.8654273658e-01,1.3390034482e+00,5.7772901006e-01,4.3819820278e-01,1.3953080729e-01,7.1280939918e-01
4.8750238695e-01,1.3397746553e+00,5.7799465064e-01,4.3812380037e-01,1.3987085027e-01,7.1337263001e-01
4.8846203732e-01,1.3405463066e+00,5.7825834544e-01,4.3804772010e-01,1.4021062534e-01,7.1393355070e-01
4.8942168768e-01,1.3413184023e+00,5.7852010247e-01,4.3796997144e-01,1.4055013103e-01,7.1449216911e-01
4.9038133805e-01,1.3420909427e+00,5.7877992970e-01,4.3789056379e-01,1.4088936591e-01,7.1504849305e-01
4.9134098842e-01,1.3428639281e+00,5.7903783509e-01,4.3780950655e-01,1.4122832854e-01,7.1560253036e-01
4.9230063879e-01,1.3436373587e+00,5.7929382657e-01,4.3772680906e-01,1.4156701751e-01,7.1615428885e-01
4.9326028916e-01,1.3444112347e+00,5.7954791208e-01,4.3764248068e-01,1.4190543140e-01,7.1670377634e-01
4.9421993952e-01,1.3451855564e+00,5.7980009949e-01,4.3755653068e-01,1.4224356881e-01,7.1725100063e-01
4.9517958989e-01,1.3459603242e+00,5.8005039668e-01,4.3746896834e-01,1.4258142835e-01,7.1779596953e-01
4.9613924026e-01,1.3467355381e+00,5.8029881152e-01,4.3737980289e-01,1.4291900863e-01,7.1833869083e-01
4.9709889063e-01,1.3475111985e+00,5.8054535184e-01,4.3728904355e-01,1.4325630828e-01,7.1887917232e-01
4.9805854100e-01,1.3482873057e+00,5.8079002545e-01,4.3719669950e-01,1.4359332595e-01,7.1941742180e-01
4.9901819136e-01,1.3490638599e+00,5.8103284014e-01,4.3710277987e-01,1.4393006027e-01,7.1995344703e-01
4.9997784173e-01,1.3498408614e+00,5.8127380370e-01,4.3700729379e-01,1.4426650990e-01,7.2048725580e-01
5.0093749210e-01,1.3506183103e+00,5.8151292386e-01,4.3691025035e-01,1.4460267351e-01,7.2101885587e-01
5.0189714247e-01,1.3513962071e+00,5.8175020838e-01,4.3681165860e-01,1.4493854977e-01,7.2154825501e-01
5.0285679284e-01,1.3521745519e+00,5.8198566495e-01,4.3671152757e-01,1.4527413737e-01,7.2207546095e-01
5.0381644320e-01,1.3529533449e+00,5.8221930126e-01,4.3660986626e-01,1.4560943500e-01,7.2260048147e-01
5.0477609357e-01,1.3537325866e+00,5.8245112500e-01,4.3650668364e-01,1.4594444136e-01,7.2312332428e-01
5.0573574394e-01,1.3545122770e+00,5.8268114381e-01,4.3640198864e-01,1.4627915517e-01,7.2364399714e-01
5.0669539431e-01,1.3552924165e+00,5.8290936531e-01,4.3629579016e-01,1.4661357515e-01,7.2416250777e-01
5.0765504468e-01,1.3560730053e+00,5.8313579712e-01,4.3618809710e-01,1.4694770002e-01,7.2467886388e-01
5.0861469504e-01,1.3568540437e+00,5.8336044682e-01,4.3607891829e-01,1.4728152853e-01,7.2519307320e-01
5.0957434541e-01,1.3576355320e+00,5.8358332198e-01,4.3596826255e-01,1.4761505943e-01,7.2570514342e-01
5.1053399578e-01,1.3584174703e+00,5.8380443014e-01,4.3585613867e-01,1.4794829148e-01,7.2621508225e-01
5.1149364615e-01,1.3591998591e+00,5.8402377884e-01,4.3574255540e-01,1.4828122344e-01,7.2672289738e-01
5.1245329652e-01,1.3599826984e+00,5.8424137557e-01,4.3562752148e-01,1.4861385409e-01,7.2722859649e-01
5.1341294688e-01,1.3607659886e+00,5.8445722782e-01,4.3551104559e-01,1.4894618222e-01,7.2773218726e-01
5.1437259725e-01,1.3615497300e+00,5.8467134305e-01,4.3539313642e-01,1.4927820663e-01,7.2823367736e-01
5.1533224762e-01,1.3623339228e+00,5.8488372869e-01,4.3527380259e-01,1.4960992610e-01,7.2873307445e-01
5.1629189799e-01,1.3631185672e+00,5.8509439218e-01,4.3515305271e-01,1.4994133947e-01,7.2923038618e-01
5.1725154836e-01,1.3639036635e+00,5.8530334091e-01,4.3503089537e-01,1.5027244555e-01,7.2972562020e-01
5.1821119872e-01,1.3646892121e+00,5.8551058226e-01,4.3490733910e-01,1.5060324317e-01,7.3021878414e-01
5.1917084909e-01,1.3654752130e+00,5.8571612359e-01,4.3478239242e-01,1.5093373117e-01,7.3070988564e-01
5.2013049946e-01,1.3662616667e+00,5.8591997223e-01,4.3465606383e-01,1.5126390840e-01,7.3119893231e-01
5.2109014983e-01,1.3670485733e+00,5.8612213550e-01,4.3452836178e-01,1.5159377371e-01,7.3168593177e-01
5.2204980020e-01,1.3678359332e+00,5.8632262069e-01,4.3439929471e-01,1.5192332598e-01,7.3217089162e-01
5.2300945056e-01,1.3686237465e+00,5.8652143507e-01,4.3426887100e-01,1.5225256408e-01,7.3265381945e-01
5.2396910093e-01,1.3694120136e+00,5.8671858591e-01,4.3413709903e-01,1.5258148688e-01,7.3313472285e-01
5.2492875130e-01,1.3702007347e+00,5.8691408042e-01,4.3400398713e-01,1.5291009329e-01,7.3361360940e-01
5.2588840167e-01,1.3709899101e+00,5.8710792583e-01,4.3386954363e-01,1.5323838220e-01,7.3409048667e-01
5.2684805204e-01,1.3717795399e+00,5.8730012931e-01,4.3373377679e-01,1.5356635253e-01,7.3456536222e-01
5.2780770240e-01,1.3725696246e+00,5.8749069805e-01,4.3359669487e-01,1.5389400318e-01,7.3503824359e-01
5.2876735277e-01,1.3733601644e+00,5.8767963917e-01,4.3345830608e-01,1.5422133309e-01,7.3550913834e-01
5.2972700314e-01,1.3741511594e+00,5.8786695982e-01,4.3331861863e-01,1.5454834119e-01,7.3597805399e-01
5.3068665351e-01,1.3749426101e+00,5.8805266709e-01,4.3317764066e-01,1.5487502643e-01,7.3644499806e-01
5.3164630388e-01,1.3757345165e+00,5.8823676807e-01,4.3303538032e-01,1.5520138775e-01,7.3690997808e-01
5.3260595424e-01,1.3765268791e+00,5.8841926982e-01,4.3289184571e-01,1.5552742411e-01,7.3737300153e-01
5.3356560461e-01,1.3773196980e+00,5.8860017938e-01,4.3274704489e-01,1.5585313450e-01,7.3783407593e-01
5.3452525498e-01,1.3781129736e+00,5.8877950378e-01,4.3260098591e-01,1.5617851787e-01,7.3829320875e-01
5.3548490535e-01,1.3789067061e+00,5.8895725001e-01,4.3245367679e-01,1.5650357322e-01,7.3875040748e-01
5.3644455572e-01,1.3797008957e+00,5.8913342505e-01,4.3230512551e-01,1.5682829954e-01,7.3920567957e-01
5.3740420608e-01,1.3804955427e+00,5.8930803586e-01,4.3215534003e-01,1.5715269583e-01,7.3965903248e-01
5.3836385645e-01,1.3812906475e+00,5.8948108937e-01,4.3200432827e-01,1.5747676110e-01,7.4011047366e-01
5.3932350682e-01,1.3820862101e+00,5.8965259249e-01,4.3185209812e-01,1.5780049437e-01,7.4056001054e-01
5.4028315719e-01,1.3828822310e+00,5.8982255213e-01,4.3169865747e-01,1.5812389467e-01,7.4100765055e-01
5.4124280756e-01,1.3836787103e+00,5.8999097516e-01,4.3154401414e-01,1.5844696102e-01,7.4145340111e-01
5.4220245792e-01,1.3844756484e+00,5.9015786842e-01,4.3138817594e-01,1.5876969247e-01,7.4189726962e-01
5.4316210829e-01,1.3852730455e+00,5.9032323874e-01,4.3123115066e-01,1.5909208808e-01,7.4233926348e-01
5.4412175866e-01,1.3860709019e+00,5.9048709294e-01,4.3107294605e-01,1.5941414689e-01,7.4277939007e-01
5.4508140903e-01,1.3868692177e+00,5.9064943781e-01,4.3091356982e-01,1.5973586798e-01,7.4321765676e-01
5.4604105940e-01,1.3876679934e+00,5.9081028010e-01,4.3075302968e-01,1.6005725042e-01,7.4365407093e-01
5.4700070976e-01,1.3884672291e+00,5.9096962657e-01,4.3059133328e-01,1.6037829330e-01,7.4408863992e-01
5.4796036013e-01,1.3892669252e+00,5.9112748395e-01,4.3042848826e-01,1.6069899569e-01,7.4452137107e-01
5.4892001050e-01,1.3900670818e+00,5.9128385892e-01,4.3026450222e-01,1.6101935670e-01,7.4495227173e-01
5.4987966087e-01,1.3908676994e+00,5.9143875819e-01,4.3009938275e-01,1.6133937544e-01,7.4538134920e-01
5.5083931124e-01,1.3916687780e+00,5.9159218840e-01,4.2993313739e-01,1.6165905101e-01,7.4580861080e-01
5.5179896160e-01,1.3924703180e+00,5.9174415621e-01,4.2976577367e-01,1.6197838254e-01,7.4623406383e-01
5.5275861197e-01,1.3932723196e+00,5.9189466822e-01,4.2959729906e-01,1.6229736916e-01,7.4665771558e-01
5.5371826234e-01,1.3940747832e+00,5.9204373105e-01,4.2942772104e-01,1.6261601001e-01,7.4707957332e-01
5.5467791271e-01,1.3948777090e+00,5.9219135126e-01,4.2925704704e-01,1.6293430422e-01,7.4749964432e-01
5.5563756308e-01,1.3956810972e+00,5.9233753541e-01,4.2908528445e-01,1.6325225095e-01,7.4791793584e-01
5.5659721344e-01,1.3964849481e+00,5.9248229004e-01,4.2891244067e-01,1.6356984936e-01,7.4833445511e-01
5.5755686381e-01,1.3972892620e+00,5.9262562166e-01,4.2873852304e-01,1.6388709862e-01,7.4874920938e-01
5.5851651418e-01,1.3980940392e+00,5.9276753676e-01,4.2856353887e-01,1.6420399789e-01,7.4916220586e-01
5.5947616455e-01,1.3988992799e+00,5.9290804183e-01,4.2838749546e-01,1.6452054637e-01,7.4957345176e-01
5.6043581492e-01,1.3997049843e+00,5.9304714331e-01,4.2821040007e-01,1.6483674324e-01,7.4998295428e-01
5.6139546528e-01,1.4005111529e+00,5.9318484762e-01,4.2803225993e-01,1.6515258769e-01,7.5039072061e-01
5.6235511565e-01,1.4013177857e+00,5.9332116119e-01,4.2785308225e-01,1.6546807894e-01,7.5079675792e-01
5.6331476602e-01,1.4021248831e+00,5.9345609040e-01,4.2767287421e-01,1.6578321619e-01,7.5120107337e-01
5.6427441639e-01,1.4029324454e+00,5.9358964161e-01,4.2749164296e-01,1.6609799866e-01,7.5160367412e-01
5.6523406676e-01,1.4037404728e+00,5.9372182119e-01,4.2730939561e-01,1.6641242558e-01,7.5200456731e-01
5.6619371712e-01,1.4045489655e+00,5.9385263544e-01,4.2712613926e-01,1.6672649618e-01,7.5240376006e-01
5.6715336749e-01,1.4053579240e+00,5.9398209067e-01,4.2694188098e-01,1.6704020970e-01,7.5280125949e-01
5.6811301786e-01,1.4061673483e+00,5.9411019318e-01,4.2675662780e-01,1.6735356538e-01,7.5319707270e-01
5.6907266823e-01,1.4069772389e+00,5.9423694923e-01,4.2657038673e-01,1.6766656250e-01,7.5359120678e-01
5.7003231860e-01,1.4077875959e+00,5.9436236505e-01,4.2638316476e-01,1.6797920029e-01,7.5398366883e-01
5.7099196896e-01,1.4085984196e+00,5.9448644687e-01,4.2619496883e-01,1.6829147805e-01,7.5437446589e-01
5.7195161933e-01,1.4094097104e+00,5.9460920090e-01,4.2600580587e-01,1.6860339503e-01,7.5476360504e-01
5.7291126970e-01,1.4102214684e+00,5.9473063331e-01,4.2581568278e-01,1.6891495053e-01,7.5515109331e-01
5.7387092007e-01,1.4110336939e+00,5.9485075026e-01,4.2562460643e-01,1.6922614383e-01,7.5553693773e-01
5.7483057044e-01,1.4118463873e+00,5.9496955789e-01,4.2543258366e-01,1.6953697423e-01,7.5592114533e-01
5.7579022080e-01,1.4126595487e+00,5.9508706233e-01,4.2523962129e-01,1.6984744104e-01,7.5630372310e-01
5.7674987117e-01,1.4134731785e+00,5.9520326966e-01,4.2504572609e-01,1.7015754357e-01,7.5668467805e-01
5.7770952154e-01,1.4142872768e+00,5.9531818597e-01,4.2485090484e-01,1.7046728113e-01,7.5706401715e-01
5.7866917191e-01,1.4151018441e+00,5.9543181732e-01,4.2465516426e-01,1.7077665305e-01,7.5744174739e-01
5.7962882228e-01,1.4159168805e+00,5.9554416973e-01,4.2445851107e-01,1.7108565866e-01,7.5781787570e-01
5.8058847264e-01,1.4167323864e+00,5.9565524923e-01,4.2426095192e-01,1.7139429731e-01,7.5819240904e-01
5.8154812301e-01,1.4175483619e+00,5.9576506181e-01,4.2406249349e-01,1.7170256833e-01,7.5856535433e-01
5.8250777338e-01,1.4183648075e+00,5.9587361345e-01,4.2386314238e-01,1.7201047107e-01,7.5893671851e-01
5.8346742375e-01,1.4191817232e+00,5.9598091010e-01,4.2366290519e-01,1.7231800490e-01,7.5930650847e-01
5.8442707412e-01,1.4199991095e+00,5.9608695769e-01,4.2346178850e-01,1.7262516919e-01,7.5967473110e-01
5.8538672448e-01,1.4208169665e+00,5.9619176214e-01,4.2325979884e-01,1.7293196330e-01,7.6004139329e-01
5.8634637485e-01,1.4216352946e+00,5.9629532934e-01,4.2305694273e-01,1.7323838661e-01,7.6040650191e-01
5.8730602522e-01,1.4224540940e+00,5.9639766516e-01,4.2285322666e-01,1.7354443850e-01,7.6077006381e-01
5.8826567559e-01,1.4232733650e+00,5.9649877546e-01,4.2264865708e-01,1.7385011838e-01,7.6113208584e-01
5.8922532596e-01,1.4240931078e+00,5.9659866607e-01,4.2244324043e-01,1.7415542564e-01,7.6149257481e-01
5.9018497632e-01,1.4249133228e+00,5.9669734279e-01,4.2223698312e-01,1.7446035967e-01,7.6185153756e-01
5.9114462669e-01,1.4257340102e+00,5.9679481143e-01,4.2202989152e-01,1.7476491991e-01,7.6220898088e-01
5.9210427706e-01,1.4265551703e+00,5.9689107774e-01,4.2182197199e-01,1.7506910575e-01,7.6256491156e-01
5.9306392743e-01,1.4273768034e+00,5.9698614749e-01,4.2161323086e-01,1.7537291663e-01,7.6291933638e-01
5.9402357780e-01,1.4281989096e+00,5.9708002641e-01,4.2140367443e-01,1.7567635198e-01,7.6327226211e-01
5.9498322816e-01,1.4290214894e+00,5.9717272020e-01,4.2119330897e-01,1.7597941123e-01,7.6362369549e-01
5.9594287853e-01,1.4298445429e+00,5.9726423455e-01,4.2098214072e-01,1.7628209383e-01,7.6397364326e-01
5.9690252890e-01,1.4306680705e+00,5.9735457514e-01,4.2077017591e-01,1.7658439922e-01,7.6432211215e-01
5.9786217927e-01,1.4314920724e+00,5.9744374761e-01,4.2055742074e-01,1.7688632687e-01,7.6466910888e-01
5.9882182964e-01,1.4323165489e+00,5.9753175760e-01,4.2034388137e-01,1.7718787624e-01,7.6501464013e-01
5.9978148000e-01,1.4331415002e+00,5.9761861072e-01,4.2012956394e-01,1.7748904678e-01,7.6535871259e-01
6.0074113037e-01,1.4339669267e+00,5.9770431255e-01,4.1991447456e-01,1.7778983799e-01,7.6570133293e-01
6.0170078074e-01,1.4347928286e+00,5.9778886867e-01,4.1969861934e-01,1.7809024933e-01,7.6604250782e-01
6.0266043111e-01,1.4356192061e+00,5.9787228463e-01,4.1948200433e-01,1.7839028030e-01,7.6638224390e-01
6.0362008148e-01,1.4364460596e+00,5.9795456596e-01,4.1926463557e-01,1.7868993039e-01,7.6672054779e-01
6.0457973184e-01,1.4372733894e+00,5.9803571817e-01,4.1904651908e-01,1.7898919909e-01,7.6705742612e-01
6.0553938221e-01,1.4381011957e+00,5.9811574675e-01,4.1882766083e-01,1.7928808592e-01,7.6739288549e-01
6.0649903258e-01,1.4389294787e+00,5.9819465717e-01,4.1860806679e-01,1.7958659038e-01,7.6772693250e-01
6.0745868295e-01,1.4397582388e+00,5.9827245488e-01,4.1838774289e-01,1.7988471199e-01,7.6805957371e-01
6.0841833332e-01,1.4405874762e+00,5.9834914532e-01,4.1816669505e-01,1.8018245027e-01,7.6839081570e-01
6.0937798368e-01,1.4414171913e+00,5.9842473390e-01,4.1794492914e-01,1.8047980476e-01,7.6872066501e-01
6.1033763405e-01,1.4422473842e+00,5.9849922600e-01,4.1772245102e-01,1.8077677498e-01,7.6904912818e-01
6.1129728442e-01,1.4430780552e+00,5.9857262701e-01,4.1749926653e-01,1.8107336048e-01,7.6937621173e-01
6.1225693479e-01,1.4439092047e+00,5.9864494228e-01,4.1727538147e-01,1.8136956081e-01,7.6970192218e-01
6.1321658516e-01,1.4447408329e+00,5.9871617714e-01,4.1705080163e-01,1.8166537551e-01,7.7002626602e-01
6.1417623552e-01,1.4455729401e+00,5.9878633690e-01,4.1682553275e-01,1.8196080415e-01,7.7034924972e-01
6.1513588589e-01,1.4464055265e+00,5.9885542687e-01,4.1659958058e-01,1.8225584629e-01,7.7067087977e-01
6.1609553626e-01,1.4472385925e+00,5.9892345230e-01,4.1637295081e-01,1.8255050150e-01,7.7099116261e-01
6.1705518663e-01,1.4480721383e+00,5.9899041847e-01,4.1614564913e-01,1.8284476935e-01,7.7131010469e-01
6.1801483700e-01,1.4489061641e+00,5.9905633061e-01,4.1591768119e-01,1.8313864942e-01,7.7162771243e-01
6.1897448736e-01,1.4497406704e+00,5.9912119394e-01,4.1568905263e-01,1.8343214131e-01,7.7194399225e-01
6.1993413773e-01,1.4505756572e+00,5.9918501365e-01,4.1545976905e-01,1.8372524460e-01,7.7225895054e-01
6.2089378810e-01,1.4514111250e+00,5.9924779492e-01,4.1522983603e-01,1.8401795889e-01,7.7257259370e-01
6.2185343847e-01,1.4522470740e+00,5.9930954292e-01,4.1499925912e-01,1.8431028379e-01,7.7288492809e-01
6.2281308884e-01,1.4530835044e+00,5.9937026278e-01,4.1476804387e-01,1.8460221891e-01,7.7319596007e-01
6.2377273920e-01,1.4539204166e+00,5.9942995962e-01,4.1453619577e-01,1.8489376385e-01,7.7350569599e-01
6.2473238957e-01,1.4547578108e+00,5.9948863855e-01,4.1430372031e-01,1.8518491824e-01,7.7381414218e-01
6.2569203994e-01,1.4555956874e+00,5.9954630466e-01,4.1407062295e-01,1.8547568171e-01,7.7412130495e-01
6.2665169031e-01,1.4564340465e+00,5.9960296300e-01,4.1383690911e-01,1.8576605389e-01,7.7442719060e-01
6.2761134068e-01,1.4572728884e+00,5.9965861862e-01,4.1360258422e-01,1.8605603440e-01,7.7473180543e-01
6.2857099104e-01,1.4581122135e+00,5.9971327655e-01,4.1336765364e-01,1.8634562290e-01,7.7503515572e-01
6.2953064141e-01,1.4589520220e+00,5.9976694179e-01,4.1313212276e-01,1.8663481903e-01,7.7533724771e-01
6.3049029178e-01,1.4597923142e+00,5.9981961934e-01,4.1289599689e-01,1.8692362245e-01,7.7563808766e-01
6.3144994215e-01,1.4606330904e+00,5.9987131416e-01,4.1265928135e-01,1.8721203281e-01,7.7593768180e-01
6.3240959252e-01,1.4614743508e+00,5.9992203121e-01,4.1242198143e-01,1.8750004977e-01,7.7623603635e-01
6.3336924288e-01,1.4623160958e+00,5.9997177541e-01,4.1218410240e-01,1.8778767301e-01,7.7653315751e-01
6.3432889325e-01,1.4631583255e+00,6.0002055169e-01,4.1194564950e-01,1.8807490219e-01,7.7682905148e-01
6.3528854362e-01,1.4640010404e+00,6.0006836493e-01,4.1170662793e-01,1.8836173700e-01,7.7712372444e-01
6.3624819399e-01,1.4648442406e+00,6.0011522001e-01,4.1146704290e-01,1.8864817711e-01,7.7741718254e-01
6.3720784436e-01,1.4656879264e+00,6.0016112180e-01,4.1122689957e-01,1.8893422223e-01,7.7770943193e-01
6.3816749472e-01,1.4665320982e+00,6.0020607513e-01,4.1098620309e-01,1.8921987204e-01,7.7800047875e-01
6.3912714509e-01,1.4673767562e+00,6.0025008482e-01,4.1074495858e-01,1.8950512624e-01,7.7829032912e-01
6.4008679546e-01,1.4682219007e+00,6.0029315567e-01,4.1050317114e-01,1.8978998454e-01,7.7857898915e-01
6.4104644583e-01,1.4690675319e+00,6.0033529248e-01,4.1026084584e-01,1.9007444664e-01,7.7886646493e-01
6.4200609620e-01,1.4699136502e+00,6.0037650000e-01,4.1001798774e-01,1.9035851226e-01,7.7915276253e-01
6.4296574656e-01,1.4707602558e+00,6.0041678298e-01,4.0977460185e-01,1.9064218112e-01,7.7943788803e-01
6.4392539693e-01,1.4716073491e+00,6.0045614615e-01,4.0953069320e-01,1.9092545295e-01,7.7972184747e-01
6.4488504730e-01,1.4724549302e+00,6.0049459422e-01,4.0928626675e-01,1.9120832747e-01,7.8000464689e-01
6.4584469767e-01,1.4733029994e+00,6.0053213189e-01,4.0904132747e-01,1.9149080442e-01,7.8028629231e-01
6.4680434804e-01,1.4741515572e+00,6.0056876383e-01,4.0879588029e-01,1.9177288354e-01,7.8056678974e-01
6.4776399840e-01,1.4750006036e+00,6.0060449470e-01,4.0854993013e-01,1.9205456456e-01,7.8084614518e-01
6.4872364877e-01,1.4758501391e+00,6.0063932913e-01,4.0830348187e-01,1.9233584725e-01,7.8112436459e-01
6.4968329914e-01,1.4767001639e+00,6.0067327174e-01,4.0805654039e-01,1.9261673135e-01,7.8140145396e-01
6.5064294951e-01,1.4775506782e+00,6.0070632715e-01,4.0780911052e-01,1.9289721663e-01,7.8167741923e-01
6.5160259988e-01,1.4784016825e+00,6.0073849993e-01,4.0756119709e-01,1.9317730284e-01,7.8195226633e-01
6.5256225024e-01,1.4792531768e+00,6.0076979465e-01,4.0731280489e-01,1.9345698975e-01,7.8222600120e-01
6.5352190061e-01,1.4801051616e+00,6.0080021585e-01,4.0706393871e-01,1.9373627714e-01,7.8249862974e-01
6.5448155098e-01,1.4809576370e+00,6.0082976808e-01,4.0681460329e-01,1.9401516479e-01,7.8277015785e-01
6.5544120135e-01,1.4818106035e+00,6.0085845584e-01,4.0656480337e-01,1.9429365247e-01,7.8304059140e-01
6.5640085172e-01,1.4826640613e+00,6.0088628363e-01,4.0631454366e-01,1.9457173998e-01,7.8330993627e-01
6.5736050208e-01,1.4835180105e+00,6.0091325593e-01,4.0606382884e-01,1.9484942710e-01,7.8357819831e-01
6.5832015245e-01,1.4843724517e+00,6.0093937720e-01,4.0581266357e-01,1.9512671363e-01,7.8384538335e-01
6.5927980282e-01,1.4852273849e+00,6.0096465188e-01,4.0556105251e-01,1.9540359937e-01,7.8411149723e-01
6.6023945319e-01,1.4860828106e+00,6.0098908439e-01,4.0530900026e-01,1.9568008413e-01,7.8437654575e-01
6.6119910356e-01,1.4869387289e+00,6.0101267915e-01,4.0505651143e-01,1.9595616772e-01,7.8464053470e-01
6.6215875392e-01,1.4877951402e+00,6.0103544055e-01,4.0480359060e-01,1.9623184995e-01,7.8490346988e-01
6.6311840429e-01,1.4886520448e+00,6.0105737295e-01,4.0455024231e-01,1.9650713064e-01,7.8516535704e-01
6.6407805466e-01,1.4895094429e+00,6.0107848071e-01,4.0429647111e-01,1.9678200961e-01,7.8542620195e-01
6.6503770503e-01,1.4903673348e+00,6.0109876818e-01,4.0404228149e-01,1.9705648669e-01,7.8568601034e-01
6.6599735540e-01,1.4912257209e+00,6.0111823968e-01,4.0378767796e-01,1.9733056171e-01,7.8594478794e-01
6.6695700576e-01,1.4920846013e+00,6.0113689950e-01,4.0353266498e-01,1.9760423452e-01,7.8620254046e-01
6.6791665613e-01,1.4929439764e+00,6.0115475193e-01,4.0327724699e-01,1.9787750494e-01,7.8645927360e-01
6.6887630650e-01,1.4938038465e+00,6.0117180125e-01,4.0302142842e-01,1.9815037283e-01,7.8671499304e-01
6.6983595687e-01,1.4946642118e+00,6.0118805171e-01,4.0276521368e-01,1.9842283803e-01,7.8696970445e-01
6.7079560724e-01,1.4955250726e+00,6.0120350754e-01,4.0250860713e-01,1.9869490040e-01,7.8722341349e-01
6.7175525760e-01,1.4963864293e+00,6.0121817296e-01,4.0225161316e-01,1.9896655980e-01,7.8747612580e-01
6.7271490797e-01,1.4972482821e+00,6.0123205217e-01,4.0199423608e-01,1.9923781609e-01,7.8772784701e-01
6.7367455834e-01,1.4981106312e+00,6.0124514936e-01,4.0173648023e-01,1.9950866913e-01,7.8797858272e-01
6.7463420871e-01,1.4989734771e+00,6.0125746870e-01,4.0147834990e-01,1.9977911880e-01,7.8822833854e-01
6.7559385908e-01,1.4998368199e+00,6.0126901434e-01,4.0121984937e-01,2.0004916497e-01,7.8847712006e-01
6.7655350944e-01,1.5007006599e+00,6.0127979041e-01,4.0096098289e-01,2.0031880752e-01,7.8872493284e-01
6.7751315981e-01,1.5015649975e+00,6.0128980103e-01,4.0070175469e-01,2.0058804634e-01,7.8897178245e-01
6.7847281018e-01,1.5024298329e+00,6.0129905030e-01,4.0044216900e-01,2.0085688130e-01,7.8921767442e-01
6.7943246055e-01,1.5032951664e+00,6.0130754231e-01,4.0018223000e-01,2.0112531231e-01,7.8946261428e-01
6.8039211092e-01,1.5041609983e+00,6.0131528112e-01,3.9992194186e-01,2.0139333926e-01,7.8970660756e-01
6.8135176128e-01,1.5050273289e+00,6.0132227079e-01,3.9966130875e-01,2.0166096204e-01,7.8994965974e-01
6.8231141165e-01,1.5058941584e+00,6.0132851535e-01,3.9940033478e-01,2.0192818057e-01,7.9019177633e-01
6.8327106202e-01,1.5067614873e+00,6.0133401882e-01,3.9913902407e-01,2.0219499475e-01,7.9043296278e-01
6.8423071239e-01,1.5076293156e+00,6.0133878520e-01,3.9887738072e-01,2.0246140448e-01,7.9067322457e-01
6.8519036276e-01,1.5084976438e+00,6.0134281848e-01,3.9861540879e-01,2.0272740970e-01,7.9091256713e-01
6.8615001312e-01,1.5093664721e+00,6.0134612263e-01,3.9835311232e-01,2.0299301031e-01,7.9115099590e-01
6.8710966349e-01,1.5102358008e+00,6.0134870160e-01,3.9809049537e-01,2.0325820623e-01,7.9138851629e-01
6.8806931386e-01,1.5111056302e+00,6.0135055933e-01,3.9782756192e-01,2.0352299741e-01,7.9162513371e-01
6.8902896423e-01,1.5119759606e+00,6.0135169974e-01,3.9756431597e-01,2.0378738376e-01,7.9186085356e-01
6.8998861460e-01,1.5128467922e+00,6.0135212673e-01,3.9730076150e-01,2.0405136523e-01,7.9209568119e-01
6.9094826496e-01,1.5137181254e+00,6.0135184420e-01,3.9703690245e-01,2.0431494175e-01,7.9232962198e-01
6.9190791533e-01,1.5145899605e+00,6.0135085602e-01,3.9677274275e-01,2.0457811327e-01,7.9256268128e-01
6.9286756570e-01,1.5154622977e+00,6.0134916604e-01,3.9650828631e-01,2.0484087972e-01,7.9279486441e-01
6.9382721607e-01,1.5163351373e+00,6.0134677810e-01,3.9624353703e-01,2.0510324107e-01,7.9302617670e-01
6.9478686644e-01,1.5172084797e+00,6.0134369604e-01,3.9597849878e-01,2.0536519726e-01,7.9325662346e-01
6.9574651680e-01,1.5180823251e+00,6.0133992366e-01,3.9571317540e-01,2.0562674826e-01,7.9348620997e-01
6.9670616717e-01,1.5189566737e+00,6.0133546476e-01,3.9544757073e-01,2.0588789403e-01,7.9371494152e-01
6.9766581754e-01,1.5198315259e+00,6.0133032311e-01,3.9518168858e-01,2.0614863452e-01,7.9394282337e-01
6.9862546791e-01,1.5207068821e+00,6.0132450247e-01,3.9491553276e-01,2.0640896972e-01,7.9416986078e-01
6.9958511828e-01,1.5215827423e+00,6.0131800660e-01,3.9464910702e-01,2.0666889958e-01,7.9439605897e-01
7.0054476864e-01,1.5224591071e+00,6.0131083922e-01,3.9438241512e-01,2.0692842410e-01,7.9462142318e-01
7.0150441901e-01,1.5233359766e+00,6.0130300405e-01,3.9411546082e-01,2.0718754324e-01,7.9484595862e-01
7.0246406938e-01,1.5242133511e+00,6.0129450480e-01,3.9384824780e-01,2.0744625699e-01,7.9506967047e-01
7.0342371975e-01,1.5250912310e+00,6.0128534514e-01,3.9358077979e-01,2.0770456535e-01,7.9529256393e-01
7.0438337012e-01,1.5259696164e+00,6.0127552874e-01,3.9331306046e-01,2.0796246829e-01,7.9551464417e-01
7.0534302048e-01,1.5268485078e+00,6.0126505927e-01,3.9304509346e-01,2.0821996581e-01,7.9573591633e-01
7.0630267085e-01,1.5277279054e+00,6.0125394035e-01,3.9277688244e-01,2.0847705792e-01,7.9595638556e-01
7.0726232122e-01,1.5286078095e+00,6.0124217562e-01,3.9250843102e-01,2.0873374460e-01,7.9617605699e-01
7.0822197159e-01,1.5294882204e+00,6.0122976868e-01,3.9223974280e-01,2.0899002587e-01,7.9639493573e-01
7.0918162196e-01,1.5303691383e+00,6.0121672312e-01,3.9197082138e-01,2.0924590174e-01,7.9661302689e-01
7.1014127232e-01,1.5312505636e+00,6.0120304253e-01,3.9170167032e-01,2.0950137221e-01,7.9683033555e-01
7.1110092269e-01,1.5321324966e+00,6.0118873047e-01,3.9143229316e-01,2.0975643730e-01,7.9704686678e-01
7.1206057306e-01,1.5330149375e+00,6.0117379048e-01,3.9116269344e-01,2.1001109703e-01,7.9726262565e-01
7.1302022343e-01,1.5338978867e+00,6.0115822610e-01,3.9089287468e-01,2.1026535142e-01,7.9747761721e-01
7.1397987380e-01,1.5347813444e+00,6.0114204084e-01,3.9062284035e-01,2.1051920049e-01,7.9769184647e-01
7.1493952416e-01,1.5356653110e+00,6.0112523822e-01,3.9035259395e-01,2.1077264428e-01,7.9790531848e-01
7.1589917453e-01,1.5365497867e+00,6.0110782172e-01,3.9008213892e-01,2.1102568281e-01,7.9811803822e-01
7.1685882490e-01,1.5374347718e+00,6.0108979482e-01,3.8981147870e-01,2.1127831611e-01,7.9833001071e-01
7.1781847527e-01,1.5383202666e+00,6.0107116097e-01,3.8954061673e-01,2.1153054424e-01,7.9854124090e-01
7.1877812564e-01,1.5392062714e+00,6.0105192362e-01,3.8926955639e-01,2.1178236722e-01,7.9875173378e-01
7.1973777600e-01,1.5400927865e+00,6.0103208619e-01,3.8899830109e-01,2.1203378511e-01,7.9896149429e-01
7.2069742637e-01,1.5409798122e+00,6.0101165212e-01,3.8872685417e-01,2.1228479795e-01,7.9917052737e-01
7.2165707674e-01,1.5418673488e+00,6.0099062479e-01,3.8845521901e-01,2.1253540578e-01,7.9937883795e-01
7.2261672711e-01,1.5427553966e+00,6.0096900760e-01,3.8818339892e-01,2.1278560868e-01,7.9958643095e-01
7.2357637748e-01,1.5436439559e+00,6.0094680391e-01,3.8791139723e-01,2.1303540668e-01,7.9979331126e-01
7.2453602784e-01,1.5445330269e+00,6.0092401708e-01,3.8763921722e-01,2.1328479986e-01,7.9999948376e-01
7.2549567821e-01,1.5454226100e+00,6.0090065047e-01,3.8736686219e-01,2.1353378828e-01,8.0020495333e-01
7.2645532858e-01,1.5463127055e+00,6.0087670739e-01,3.8709433539e-01,2.1378237200e-01,8.0040972484e-01
7.2741497895e-01,1.5472033136e+00,6.0085219116e-01,3.8682164007e-01,2.1403055109e-01,8.0061380312e-01
7.2837462932e-01,1.5480944346e+00,6.0082710509e-01,3.8654877946e-01,2.1427832563e-01,8.0081719301e-01
7.2933427968e-01,1.5489860689e+00,6.0080145246e-01,3.8627575677e-01,2.1452569569e-01,8.0101989933e-01
7.3029393005e-01,1.5498782168e+00,6.0077523654e-01,3.8600257519e-01,2.1477266135e-01,8.0122192689e-01
7.3125358042e-01,1.5507708785e+00,6.0074846060e-01,3.8572923791e-01,2.1501922269e-01,8.0142328048e-01
7.3221323079e-01,1.5516640543e+00,6.0072112787e-01,3.8545574807e-01,2.1526537980e-01,8.0162396489e-01
7.3317288116e-01,1.5525577446e+00,6.0069324159e-01,3.8518210882e-01,2.1551113277e-01,8.0182398487e-01
7.3413253152e-01,1.5534519495e+00,6.0066480498e-01,3.8490832330e-01,2.1575648168e-01,8.0202334519e-01
7.3509218189e-01,1.5543466695e+00,6.0063582123e-01,3.8463439460e-01,2.1600142663e-01,8.0222205058e-01
7.3605183226e-01,1.5552419049e+00,6.0060629354e-01,3.8436032583e-01,2.1624596772e-01,8.0242010578e-01
7.3701148263e-01,1.5561376558e+00,6.0057622509e-01,3.8408612005e-01,2.1649010504e-01,8.0261751550e-01
7.3797113300e-01,1.5570339226e+00,6.0054561903e-01,3.8381178033e-01,2.1673383870e-01,8.0281428444e-01
7.3893078336e-01,1.5579307057e+00,6.0051447852e-01,3.8353730971e-01,2.1697716881e-01,8.0301041729e-01
7.3989043373e-01,1.5588280053e+00,6.0048280669e-01,3.8326271122e-01,2.1722009546e-01,8.0320591874e-01
7.4085008410e-01,1.5597258216e+00,6.0045060665e-01,3.8298798787e-01,2.1746261878e-01,8.0340079344e-01
7.4180973447e-01,1.5606241551e+00,6.0041788153e-01,3.8271314265e-01,2.1770473888e-01,8.0359504604e-01
7.4276938484e-01,1.5615230060e+00,6.0038463441e-01,3.8243817853e-01,2.1794645587e-01,8.0378868119e-01
7.4372903520e-01,1.5624223746e+00,6.0035086837e-01,3.8216309849e-01,2.1818776987e-01,8.0398170351e-01
7.4468868557e-01,1.5633222611e+00,6.0031658648e-01,3.8188790546e-01,2.1842868101e-01,8.0417411761e-01
7.4564833594e-01,1.5642226660e+00,6.0028179179e-01,3.8161260238e-01,2.1866918941e-01,8.0436592809e-01
7.4660798631e-01,1.5651235895e+00,6.0024648735e-01,3.8133719216e-01,2.1890929519e-01,8.0455713954e-01
7.4756763668e-01,1.5660250318e+00,6.0021067619e-01,3.8106167769e-01,2.1914899850e-01,8.0474775654e-01
7.4852728704e-01,1.5669269934e+00,6.0017436131e-01,3.8078606186e-01,2.1938829945e-01,8.0493778364e-01
7.4948693741e-01,1.5678294744e+00,6.0013754572e-01,3.8051034753e-01,2.1962719819e-01,8.0512722539e-01
7.5044658778e-01,1.5687324752e+00,6.0010023240e-01,3.8023453755e-01,2.1986569486e-01,8.0531608634e-01
7.5140623815e-01,1.5696359961e+00,6.0006242434e-01,3.7995863476e-01,2.2010378959e-01,8.0550437100e-01
7.5236588852e-01,1.5705400374e+00,6.0002412450e-01,3.7968264197e-01,2.2034148253e-01,8.0569208389e-01
7.5332553888e-01,1.5714445994e+00,5.9998533582e-01,3.7940656199e-01,2.2057877382e-01,8.0587922950e-01
7.5428518925e-01,1.5723496824e+00,5.9994606123e-01,3.7913039761e-01,2.2081566362e-01,8.0606581232e-01
7.5524483962e-01,1.5732552867e+00,5.9990630368e-01,3.7885415159e-01,2.2105215208e-01,8.0625183683e-01
7.5620448999e-01,1.5741614125e+00,5.9986606605e-01,3.7857782670e-01,2.2128823935e-01,8.0643730749e-01
7.5716414036e-01,1.5750680603e+00,5.9982535126e-01,3.7830142568e-01,2.2152392558e-01,8.0662222874e-01
7.5812379072e-01,1.5759752302e+00,5.9978416219e-01,3.7802495124e-01,2.2175921095e-01,8.0680660503e-01
7.5908344109e-01,1.5768829226e+00,5.9974250171e-01,3.7774840611e-01,2.2199409559e-01,8.0699044077e-01
7.6004309146e-01,1.5777911378e+00,5.9970037267e-01,3.7747179298e-01,2.2222857969e-01,8.0717374038e-01
7.6100274183e-01,1.5786998761e+00,5.9965777794e-01,3.7719511453e-01,2.2246266341e-01,8.0735650826e-01
7.6196239220e-01,1.5796091378e+00,5.9961472034e-01,3.7691837342e-01,2.2269634692e-01,8.0753874879e-01
7.6292204256e-01,1.5805189232e+00,5.9957120269e-01,3.7664157230e-01,2.2292963038e-01,8.0772046636e-01
7.6388169293e-01,1.5814292326e+00,5.9952722780e-01,3.7636471382e-01,2.2316251398e-01,8.0790166531e-01
7.6484134330e-01,1.5823400663e+00,5.9948279848e-01,3.7608780060e-01,2.2339499789e-01,8.0808235001e-01
7.6580099367e-01,1.5832514246e+00,5.9943791751e-01,3.7581083523e-01,2.2362708228e-01,8.0826252479e-01
7.6676064404e-01,1.5841633078e+00,5.9939258766e-01,3.7553382031e-01,2.2385876735e-01,8.0844219397e-01
7.6772029440e-01,1.5850757162e+00,5.9934681169e-01,3.7525675842e-01,2.2409005327e-01,8.0862136187e-01
7.6867994477e-01,1.5859886501e+00,5.9930059234e-01,3.7497965212e-01,2.2432094022e-01,8.0880003280e-01
7.6963959514e-01,1.5869021098e+00,5.9925393237e-01,3.7470250396e-01,2.2455142841e-01,8.0897821104e-01
7.7059924551e-01,1.5878160956e+00,5.9920683448e-01,3.7442531647e-01,2.2478151801e-01,8.0915590087e-01
7.7155889588e-01,1.5887306078e+00,5.9915930140e-01,3.7414809218e-01,2.2501120922e-01,8.0933310655e-01
7.7251854624e-01,1.5896456468e+00,5.9911133581e-01,3.7387083357e-01,2.2524050224e-01,8.0950983234e-01
7.7347819661e-01,1.5905612128e+00,5.9906294042e-01,3.7359354316e-01,2.2546939726e-01,8.0968608248e-01
7.7443784698e-01,1.5914773061e+00,5.9901411789e-01,3.7331622341e-01,2.2569789448e-01,8.0986186120e-01
7.7539749735e-01,1.5923939270e+00,5.9896487090e-01,3.7303887678e-01,2.2592599411e-01,8.1003717272e-01
7.7635714772e-01,1.5933110759e+00,5.9891520208e-01,3.7276150573e-01,2.2615369635e-01,8.1021202125e-01
7.7731679809e-01,1.5942287530e+00,5.9886511409e-01,3.7248411269e-01,2.2638100141e-01,8.1038641097e-01
7.7827644845e-01,1.5951469586e+00,5.9881460955e-01,3.7220670007e-01,2.2660790948e-01,8.1056034606e-01
7.7923609882e-01,1.5960656931e+00,5.9876369108e-01,3.7192927028e-01,2.2683442080e-01,8.1073383071e-01
7.8019574919e-01,1.5969849568e+00,5.9871236129e-01,3.7165182573e-01,2.2706053556e-01,8.1090686907e-01
7.8115539956e-01,1.5979047499e+00,5.9866062276e-01,3.7137436877e-01,2.2728625399e-01,8.1107946529e-01
7.8211504993e-01,1.5988250727e+00,5.9860847809e-01,3.7109690179e-01,2.2751157630e-01,8.1125162349e-01
7.8307470029e-01,1.5997459257e+00,5.9855592983e-01,3.7081942713e-01,2.2773650270e-01,8.1142334781e-01
7.8403435066e-01,1.6006673090e+00,5.9850298056e-01,3.7054194712e-01,2.2796103344e-01,8.1159464236e-01
7.8499400103e-01,1.6015892229e+00,5.9844963281e-01,3.7026446410e-01,2.2818516871e-01,8.1176551123e-01
7.8595365140e-01,1.6025116679e+00,5.9839588913e-01,3.6998698037e-01,2.2840890876e-01,8.1193595852e-01
7.8691330177e-01,1.6034346441e+00,5.9834175204e-01,3.6970949823e-01,2.2863225381e-01,8.1210598830e-01
7.8787295213e-01,1.6043581520e+00,5.9828722405e-01,3.6943201996e-01,2.2885520409e-01,8.1227560463e-01
7.8883260250e-01,1.6052821917e+00,5.9823230767e-01,3.6915454784e-01,2.2907775983e-01,8.1244481158e-01
7.8979225287e-01,1.6062067636e+00,5.9817700538e-01,3.6887708412e-01,2.2929992126e-01,8.1261361319e-01
7.9075190324e-01,1.6071318681e+00,5.9812131967e-01,3.6859963104e-01,2.2952168863e-01,8.1278201348e-01
7.9171155361e-01,1.6080575054e+00,5.9806525301e-01,3.6832219084e-01,2.2974306217e-01,8.1295001648e-01
7.9267120397e-01,1.6089836758e+00,5.9800880784e-01,3.6804476573e-01,2.2996404212e-01,8.1311762619e-01
7.9363085434e-01,1.6099103796e+00,5.9795198663e-01,3.6776735792e-01,2.3018462872e-01,8.1328484661e-01
7.9459050471e-01,1.6108376172e+00,5.9789479181e-01,3.6748996959e-01,2.3040482221e-01,8.1345168173e-01
7.9555015508e-01,1.6117653888e+00,5.9783722579e-01,3.6721260294e-01,2.3062462285e-01,8.1361813553e-01
7.9650980545e-01,1.6126936948e+00,5.9777929100e-01,3.6693526011e-01,2.3084403088e-01,8.1378421196e-01
7.9746945581e-01,1.6136225354e+00,5.9772098983e-01,3.6665794328e-01,2.3106304655e-01,8.1394991497e-01
7.9842910618e-01,1.6145519110e+00,5.9766232468e-01,3.6638065457e-01,2.3128167012e-01,8.1411524851e-01
7.9938875655e-01,1.6154818219e+00,5.9760329794e-01,3.6610339611e-01,2.3149990182e-01,8.1428021652e-01
8.0034840692e-01,1.6164122684e+00,5.9754391196e-01,3.6582617003e-01,2.3171774193e-01,8.1444482290e-01
8.0130805729e-01,1.6173432508e+00,5.9748416911e-01,3.6554897841e-01,2.3193519070e-01,8.1460907156e-01
8.0226770765e-01,1.6182747694e+00,5.9742407175e-01,3.6527182336e-01,2.3215224839e-01,8.1477296640e-01
8.0322735802e-01,1.6192068245e+00,5.9736362220e-01,3.6499470694e-01,2.3236891525e-01,8.1493651131e-01
8.0418700839e-01,1.6201394164e+00,5.9730282279e-01,3.6471763123e-01,2.3258519156e-01,8.1509971016e-01
8.0514665876e-01,1.6210725454e+00,5.9724167585e-01,3.6444059827e-01,2.3280107758e-01,8.1526256682e-01
8.0610630913e-01,1.6220062119e+00,5.9718018368e-01,3.6416361011e-01,2.3301657357e-01,8.1542508513e-01
8.0706595949e-01,1.6229404162e+00,5.9711834858e-01,3.6388666878e-01,2.3323167980e-01,8.1558726894e-01
8.0802560986e-01,1.6238751585e+00,5.9705617282e-01,3.6360977628e-01,2.3344639654e-01,8.1574912208e-01
8.0898526023e-01,1.6248104391e+00,5.9699365870e-01,3.6333293462e-01,2.3366072407e-01,8.1591064836e-01
8.0994491060e-01,1.6257462585e+00,5.9693080846e-01,3.6305614580e-01,2.3387466266e-01,8.1607185161e-01
8.1090456097e-01,1.6266826168e+00,5.9686762438e-01,3.6277941179e-01,2.3408821258e-01,8.1623273561e-01
8.1186421133e-01,1.6276195145e+00,5.9680410869e-01,3.6250273457e-01,2.3430137412e-01,8.1639330416e-01
8.1282386170e-01,1.6285569517e+00,5.9674026362e-01,3.6222611608e-01,2.3451414754e-01,8.1655356103e-01
8.1378351207e-01,1.6294949289e+00,5.9667609140e-01,3.6194955827e-01,2.3472653313e-01,8.1671350998e-01
8.1474316244e-01,1.6304334463e+00,5.9661159425e-01,3.6167306307e-01,2.3493853118e-01,8.1687315478e-01
8.1570281281e-01,1.6313725043e+00,5.9654677437e-01,3.6139663241e-01,2.3515014197e-01,8.1703249917e-01
8.1666246317e-01,1.6323121031e+00,5.9648163396e-01,3.6112026818e-01,2.3536136577e-01,8.1719154688e-01
8.1762211354e-01,1.6332522431e+00,5.9641617519e-01,3.6084397230e-01,2.3557220289e-01,8.1735030163e-01
8.1858176391e-01,1.6341929245e+00,5.9635040024e-01,3.6056774663e-01,2.3578265361e-01,8.1750876715e-01
8.1954141428e-01,1.6351341478e+00,5.9628431128e-01,3.6029159306e-01,2.3599271822e-01,8.1766694713e-01
8.2050106465e-01,1.6360759132e+00,5.9621791046e-01,3.6001551345e-01,2.3620239701e-01,8.1782484526e-01
8.2146071501e-01,1.6370182209e+00,5.9615119992e-01,3.5973950964e-01,2.3641169028e-01,8.1798246523e-01
8.2242036538e-01,1.6379610714e+00,5.9608418180e-01,3.5946358348e-01,2.3662059832e-01,8.1813981070e-01
8.2338001575e-01,1.6389044650e+00,5.9601685822e-01,3.5918773680e-01,2.3682912142e-01,8.1829688535e-01
8.2433966612e-01,1.6398484019e+00,5.9594923131e-01,3.5891197141e-01,2.3703725990e-01,8.1845369282e-01
8.2529931649e-01,1.6407928824e+00,5.9588130316e-01,3.5863628911e-01,2.3724501404e-01,8.1861023674e-01
8.2625896685e-01,1.6417379070e+00,5.9581307586e-01,3.5836069170e-01,2.3745238416e-01,8.1876652076e-01
8.2721861722e-01,1.6426834758e+00,5.9574455152e-01,3.5808518097e-01,2.3765937055e-01,8.1892254849e-01
8.2817826759e-01,1.6436295892e+00,5.9567573220e-01,3.5780975868e-01,2.3786597351e-01,8.1907832354e-01
8.2913791796e-01,1.6445762476e+00,5.9560661996e-01,3.5753442660e-01,2.3807219336e-01,8.1923384952e-01
8.3009756833e-01,1.6455234512e+00,5.9553721688e-01,3.5725918647e-01,2.3827803040e-01,8.1938913000e-01
8.3105721869e-01,1.6464712003e+00,5.9546752499e-01,3.5698404004e-01,2.3848348495e-01,8.1954416857e-01
8.3201686906e-01,1.6474194953e+00,5.9539754634e-01,3.5670898903e-01,2.3868855731e-01,8.1969896880e-01
8.3297651943e-01,1.6483683365e+00,5.9532728295e-01,3.5643403516e-01,2.3889324779e-01,8.1985353426e-01
8.3393616980e-01,1.6493177241e+00,5.9525673684e-01,3.5615918013e-01,2.3909755671e-01,8.2000786848e-01
8.3489582017e-01,1.6502676586e+00,5.9518591003e-01,3.5588442565e-01,2.3930148438e-01,8.2016197500e-01
8.3585547053e-01,1.6512181402e+00,5.9511480451e-01,3.5560977338e-01,2.3950503113e-01,8.2031585737e-01
8.3681512090e-01,1.6521691692e+00,5.9504342229e-01,3.5533522502e-01,2.3970819727e-01,8.2046951909e-01
8.3777477127e-01,1.6531207460e+00,5.9497176534e-01,3.5506078223e-01,2.3991098311e-01,8.2062296368e-01
8.3873442164e-01,1.6540728709e+00,5.9489983563e-01,3.5478644665e-01,2.4011338898e-01,8.2077619464e-01
8.3969407201e-01,1.6550255441e+00,5.9482763513e-01,3.5451221992e-01,2.4031541521e-01,8.2092921545e-01
8.4065372237e-01,1.6559787660e+00,5.9475516580e-01,3.5423810369e-01,2.4051706211e-01,8.2108202960e-01
8.4161337274e-01,1.6569325370e+00,5.9468242959e-01,3.5396409958e-01,2.4071833001e-01,8.2123464055e-01
8.4257302311e-01,1.6578868572e+00,5.9460942842e-01,3.5369020918e-01,2.4091921924e-01,8.2138705178e-01
8.4353267348e-01,1.6588417271e+00,5.9453616424e-01,3.5341643411e-01,2.4111973013e-01,8.2153926672e-01
8.4449232385e-01,1.6597971470e+00,5.9446263896e-01,3.5314277596e-01,2.4131986299e-01,8.2169128883e-01
8.4545197421e-01,1.6607531172e+00,5.9438885448e-01,3.5286923631e-01,2.4151961818e-01,8.2184312153e-01
8.4641162458e-01,1.6617096379e+00,5.9431481273e-01,3.5259581672e-01,2.4171899601e-01,8.2199476825e-01
8.4737127495e-01,1.6626667096e+00,5.9424051558e-01,3.5232251876e-01,2.4191799682e-01,8.2214623239e-01
8.4833092532e-01,1.6636243325e+00,5.9416596492e-01,3.5204934397e-01,2.4211662095e-01,8.2229751736e-01
8.4929057569e-01,1.6645825069e+00,5.9409116263e-01,3.5177629391e-01,2.4231486872e-01,8.2244862656e-01
8.5025022605e-01,1.6655412333e+00,5.9401611058e-01,3.5150337009e-01,2.4251274048e-01,8.2259956338e-01
8.5120987642e-01,1.6665005118e+00,5.9394081062e-01,3.5123057405e-01,2.4271023657e-01,8.2275033117e-01
8.5216952679e-01,1.6674603428e+00,5.9386526461e-01,3.5095790728e-01,2.4290735732e-01,8.2290093332e-01
8.5312917716e-01,1.6684207266e+00,5.9378947438e-01,3.5068537130e-01,2.4310410308e-01,8.2305137317e-01
8.5408882753e-01,1.6693816635e+00,5.9371344177e-01,3.5041296758e-01,2.4330047419e-01,8.2320165408e-01
8.5504847789e-01,1.6703431540e+00,5.9363716861e-01,3.5014069762e-01,2.4349647098e-01,8.2335177937e-01
8.5600812826e-01,1.6713051982e+00,5.9356065670e-01,3.4986856288e-01,2.4369209382e-01,8.2350175239e-01
8.5696777863e-01,1.6722677964e+00,5.9348390787e-01,3.4959656483e-01,2.4388734303e-01,8.2365157645e-01
8.5792742900e-01,1.6732309492e+00,5.9340692390e-01,3.4932470492e-01,2.4408221897e-01,8.2380125486e-01
8.5888707937e-01,1.6741946566e+00,5.9332970658e-01,3.4905298459e-01,2.4427672199e-01,8.2395079091e-01
8.5984672973e-01,1.6751589191e+00,5.9325225771e-01,3.4878140528e-01,2.4447085244e-01,8.2410018791e-01
8.6080638010e-01,1.6761237369e+00,5.9317457906e-01,3.4850996840e-01,2.4466461066e-01,8.2424944913e-01
8.6176603047e-01,1.6770891105e+00,5.9309667238e-01,3.4823867538e-01,2.4485799700e-01,8.2439857785e-01
8.6272568084e-01,1.6780550401e+00,5.9301853945e-01,3.4796752761e-01,2.4505101183e-01,8.2454757734e-01
8.6368533121e-01,1.6790215260e+00,5.9294018200e-01,3.4769652650e-01,2.4524365549e-01,8.2469645084e-01
8.6464498157e-01,1.6799885685e+00,5.9286160178e-01,3.4742567344e-01,2.4543592834e-01,8.2484520160e-01
8.6560463194e-01,1.6809561681e+00,5.9278280053e-01,3.4715496979e-01,2.4562783074e-01,8.2499383287e-01
8.6656428231e-01,1.6819243249e+00,5.9270377996e-01,3.4688441692e-01,2.4581936304e-01,8.2514234787e-01
8.6752393268e-01,1.6828930393e+00,5.9262454180e-01,3.4661401620e-01,2.4601052560e-01,8.2529074983e-01
8.6848358305e-01,1.6838623117e+00,5.9254508776e-01,3.4634376898e-01,2.4620131878e-01,8.2543904194e-01
8.6944323341e-01,1.6848321423e+00,5.9246541954e-01,3.4607367660e-01,2.4639174294e-01,8.2558722742e-01
8.7040288378e-01,1.6858025315e+00,5.9238553882e-01,3.4580374038e-01,2.4658179844e-01,8.2573530946e-01
8.7136253415e-01,1.6867734797e+00,5.9230544731e-01,3.4553396165e-01,2.4677148565e-01,8.2588329124e-01
8.7232218452e-01,1.6877449870e+00,5.9222514666e-01,3.4526434173e-01,2.4696080493e-01,8.2603117594e-01
8.7328183489e-01,1.6887170539e+00,5.9214463856e-01,3.4499488192e-01,2.4714975664e-01,8.2617896673e-01
8.7424148525e-01,1.6896896806e+00,5.9206392467e-01,3.4472558352e-01,2.4733834115e-01,8.2632666677e-01
8.7520113562e-01,1.6906628676e+00,5.9198300664e-01,3.4445644781e-01,2.4752655883e-01,8.2647427920e-01
8.7616078599e-01,1.6916366150e+00,5.9190188612e-01,3.4418747608e-01,2.4771441004e-01,8.2662180718e-01
8.7712043636e-01,1.6926109233e+00,5.9182056474e-01,3.4391866958e-01,2.4790189515e-01,8.2676925382e-01
8.7808008673e-01,1.6935857928e+00,5.9173904414e-01,3.4365002960e-01,2.4808901454e-01,8.2691662226e-01
8.7903973709e-01,1.6945612237e+00,5.9165732594e-01,3.4338155737e-01,2.4827576857e-01,8.2706391561e-01
8.7999938746e-01,1.6955372165e+00,5.9157541176e-01,3.4311325414e-01,2.4846215762e-01,8.2721113699e-01
8.8095903783e-01,1.6965137713e+00,5.9149330321e-01,3.4284512116e-01,2.4864818205e-01,8.2735828948e-01
8.8191868820e-01,1.6974908886e+00,5.9141100188e-01,3.4257715964e-01,2.4883384225e-01,8.2750537619e-01
8.8287833857e-01,1.6984685687e+00,5.9132850938e-01,3.4230937080e-01,2.4901913858e-01,8.2765240019e-01
8.8383798893e-01,1.6994468119e+00,5.9124582728e-01,3.4204175585e-01,2.4920407143e-01,8.2779936456e-01
8.8479763930e-01,1.7004256186e+00,5.9116295717e-01,3.4177431601e-01,2.4938864116e-01,8.2794627236e-01
8.8575728967e-01,1.7014049889e+00,5.9107990062e-01,3.4150705245e-01,2.4957284816e-01,8.2809312666e-01
8.8671694004e-01,1.7023849234e+00,5.9099665919e-01,3.4123996638e-01,2.4975669281e-01,8.2823993050e-01
8.8767659041e-01,1.7033654222e+00,5.9091323444e-01,3.4097305895e-01,2.4994017549e-01,8.2838668692e-01
8.8863624077e-01,1.7043464858e+00,5.9082962791e-01,3.4070633135e-01,2.5012329656e-01,8.2853339897e-01
8.8959589114e-01,1.7053281144e+00,5.9074584116e-01,3.4043978473e-01,2.5030605643e-01,8.2868006965e-01
8.9055554151e-01,1.7063103084e+00,5.9066187571e-01,3.4017342025e-01,2.5048845546e-01,8.2882670200e-01
8.9151519188e-01,1.7072930681e+00,5.9057773309e-01,3.3990723905e-01,2.5067049404e-01,8.2897329901e-01
8.9247484225e-01,1.7082763938e+00,5.9049341483e-01,3.3964124227e-01,2.5085217256e-01,8.2911986370e-01
8.9343449261e-01,1.7092602859e+00,5.9040892244e-01,3.3937543104e-01,2.5103349140e-01,8.2926639905e-01
8.9439414298e-01,1.7102447446e+00,5.9032425742e-01,3.3910980647e-01,2.5121445094e-01,8.2941290805e-01
8.9535379335e-01,1.7112297704e+00,5.9023942127e-01,3.3884436969e-01,2.5139505158e-01,8.2955939368e-01
8.9631344372e-01,1.7122153635e+00,5.9015441549e-01,3.3857912179e-01,2.5157529370e-01,8.2970585890e-01
8.9727309409e-01,1.7132015242e+00,5.9006924155e-01,3.3831406387e-01,2.5175517768e-01,8.2985230669e-01
8.9823274445e-01,1.7141882530e+00,5.8998390095e-01,3.3804919703e-01,2.5193470392e-01,8.2999873998e-01
8.9919239482e-01,1.7151755500e+00,5.8989839515e-01,3.3778452235e-01,2.5211387280e-01,8.3014516174e-01
9.0015204519e-01,1.7161634157e+00,5.8981272561e-01,3.3752004089e-01,2.5229268473e-01,8.3029157489e-01
9.0111169556e-01,1.7171518503e+00,5.8972689380e-01,3.3725575372e-01,2.5247114008e-01,8.3043798237e-01
9.0207134593e-01,1.7181408543e+00,5.8964090116e-01,3.3699166192e-01,2.5264923925e-01,8.3058438710e-01
9.0303099629e-01,1.7191304278e+00,5.8955474914e-01,3.3672776651e-01,2.5282698263e-01,8.3073079199e-01
9.0399064666e-01,1.7201205714e+00,5.8946843918e-01,3.3646406856e-01,2.5300437062e-01,8.3087719996e-01
9.0495029703e-01,1.7211112852e+00,5.8938197270e-01,3.3620056908e-01,2.5318140361e-01,8.3102361390e-01
9.0590994740e-01,1.7221025696e+00,5.8929535113e-01,3.3593726913e-01,2.5335808200e-01,8.3117003671e-01
9.0686959777e-01,1.7230944249e+00,5.8920857589e-01,3.3567416970e-01,2.5353440618e-01,8.3131647127e-01
9.0782924813e-01,1.7240868515e+00,5.8912164838e-01,3.3541127183e-01,2.5371037655e-01,8.3146292045e-01
9.0878889850e-01,1.7250798497e+00,5.8903457002e-01,3.3514857651e-01,2.5388599351e-01,8.3160938714e-01
9.0974854887e-01,1.7260734198e+00,5.8894734219e-01,3.3488608474e-01,2.5406125745e-01,8.3175587419e-01
9.1070819924e-01,1.7270675622e+00,5.8885996630e-01,3.3462379752e-01,2.5423616878e-01,8.3190238445e-01
9.1166784961e-01,1.7280622772e+00,5.8877244372e-01,3.3436171583e-01,2.5441072789e-01,8.3204892078e-01
9.1262749997e-01,1.7290575650e+00,5.8868477583e-01,3.3409984065e-01,2.5458493518e-01,8.3219548601e-01
9.1358715034e-01,1.7300534262e+00,5.8859696401e-01,3.3383817294e-01,2.5475879106e-01,8.3234208299e-01
9.1454680071e-01,1.7310498608e+00,5.8850900961e-01,3.3357671368e-01,2.5493229593e-01,8.3248871452e-01
9.1550645108e-01,1.7320468694e+00,5.8842091400e-01,3.3331546381e-01,2.5510545019e-01,8.3263538344e-01
9.1646610145e-01,1.7330444523e+00,5.8833267852e-01,3.3305442429e-01,2.5527825424e-01,8.3278209255e-01
9.1742575181e-01,1.7340426096e+00,5.8824430454e-01,3.3279359605e-01,2.5545070848e-01,8.3292884466e-01
9.1838540218e-01,1.7350413419e+00,5.8815579337e-01,3.3253298004e-01,2.5562281333e-01,8.3307564257e-01
9.1934505255e-01,1.7360406494e+00,5.8806714636e-01,3.3227257718e-01,2.5579456918e-01,8.3322248907e-01
9.2030470292e-01,1.7370405325e+00,5.8797836484e-01,3.3201238839e-01,2.5596597645e-01,8.3336938693e-01
9.2126435329e-01,1.7380409914e+00,5.8788945012e-01,3.3175241459e-01,2.5613703553e-01,8.3351633894e-01
9.2222400365e-01,1.7390420266e+00,5.8780040352e-01,3.3149265667e-01,2.5630774684e-01,8.3366334786e-01
9.2318365402e-01,1.7400436383e+00,5.8771122634e-01,3.3123311556e-01,2.5647811078e-01,8.3381041646e-01
9.2414330439e-01,1.7410458269e+00,5.8762191989e-01,3.3097379213e-01,2.5664812777e-01,8.3395754748e-01
9.2510295476e-01,1.7420485928e+00,5.8753248547e-01,3.3071468727e-01,2.5681779820e-01,8.3410474369e-01
9.2606260513e-01,1.7430519361e+00,5.8744292437e-01,3.3045580187e-01,2.5698712250e-01,8.3425200782e-01
9.2702225549e-01,1.7440558574e+00,5.8735323786e-01,3.3019713679e-01,2.5715610107e-01,8.3439934260e-01
9.2798190586e-01,1.7450603569e+00,5.8726342723e-01,3.2993869292e-01,2.5732473431e-01,8.3454675076e-01
9.2894155623e-01,1.7460654349e+00,5.8717349375e-01,3.2968047109e-01,2.5749302265e-01,8.3469423503e-01
9.2990120660e-01,1.7470710918e+00,5.8708343868e-01,3.2942247218e-01,2.5766096650e-01,8.3484179811e-01
9.3086085697e-01,1.7480773279e+00,5.8699326328e-01,3.2916469702e-01,2.5782856626e-01,8.3498944272e-01
9.3182050733e-01,1.7490841436e+00,5.8690296881e-01,3.2890714646e-01,2.5799582235e-01,8.3513717155e-01
9.3278015770e-01,1.7500915391e+00,5.8681255652e-01,3.2864982133e-01,2.5816273519e-01,8.3528498730e-01
9.3373980807e-01,1.7510995149e+00,5.8672202765e-01,3.2839272247e-01,2.5832930518e-01,8.3543289265e-01
9.3469945844e-01,1.7521080712e+00,5.8663138343e-01,3.2813585068e-01,2.5849553275e-01,8.3558089029e-01
9.3565910881e-01,1.7531172083e+00,5.8654062510e-01,3.2787920679e-01,2.5866141831e-01,8.3572898289e-01
9.3661875917e-01,1.7541269268e+00,5.8644975388e-01,3.2762279161e-01,2.5882696227e-01,8.3587717311e-01
9.3757840954e-01,1.7551372267e+00,5.8635877098e-01,3.2736660593e-01,2.5899216505e-01,8.3602546363e-01
9.3853805991e-01,1.7561481086e+00,5.8626767763e-01,3.2711065056e-01,2.5915702707e-01,8.3617385708e-01
9.3949771028e-01,1.7571595726e+00,5.8617647503e-01,3.2685492628e-01,2.5932154875e-01,8.3632235613e-01
9.4045736065e-01,1.7581716193e+00,5.8608516438e-01,3.2659943388e-01,2.5948573050e-01,8.3647096340e-01
9.4141701101e-01,1.7591842488e+00,5.8599374688e-01,3.2634417414e-01,2.5964957274e-01,8.3661968154e-01
9.4237666138e-01,1.7601974616e+00,5.8590222371e-01,3.2608914783e-01,2.5981307589e-01,8.3676851318e-01
9.4333631175e-01,1.7612112579e+00,5.8581059607e-01,3.2583435570e-01,2.5997624037e-01,8.3691746094e-01
9.4429596212e-01,1.7622256381e+00,5.8571886514e-01,3.2557979854e-01,2.6013906660e-01,8.3706652743e-01
9.4525561249e-01,1.7632406026e+00,5.8562703208e-01,3.2532547708e-01,2.6030155500e-01,8.3721571526e-01
9.4621526285e-01,1.7642561516e+00,5.8553509807e-01,3.2507139207e-01,2.6046370600e-01,8.3736502704e-01
9.4717491322e-01,1.7652722856e+00,5.8544306426e-01,3.2481754426e-01,2.6062552000e-01,8.3751446537e-01
9.4813456359e-01,1.7662890048e+00,5.8535093183e-01,3.2456393438e-01,2.6078699745e-01,8.3766403283e-01
9.4909421396e-01,1.7673063096e+00,5.8525870191e-01,3.2431056316e-01,2.6094813875e-01,8.3781373201e-01
9.5005386433e-01,1.7683242003e+00,5.8516637566e-01,3.2405743133e-01,2.6110894433e-01,8.3796356549e-01
9.5101351469e-01,1.7693426772e+00,5.8507395421e-01,3.2380453960e-01,2.6126941461e-01,8.3811353584e-01
9.5197316506e-01,1.7703617408e+00,5.8498143870e-01,3.2355188868e-01,2.6142955002e-01,8.3826364563e-01
9.5293281543e-01,1.7713813913e+00,5.8488883027e-01,3.2329947929e-01,2.6158935098e-01,8.3841389742e-01
9.5389246580e-01,1.7724016291e+00,5.8479613004e-01,3.2304731212e-01,2.6174881792e-01,8.3856429377e-01
9.5485211617e-01,1.7734224545e+00,5.8470333913e-01,3.2279538787e-01,2.6190795126e-01,8.3871483721e-01
9.5581176653e-01,1.7744438678e+00,5.8461045864e-01,3.2254370722e-01,2.6206675142e-01,8.3886553031e-01
9.5677141690e-01,1.7754658694e+00,5.8451748970e-01,3.2229227087e-01,2.6222521884e-01,8.3901637558e-01
9.5773106727e-01,1.7764884597e+00,5.8442443341e-01,3.2204107948e-01,2.6238335393e-01,8.3916737557e-01
9.5869071764e-01,1.7775116389e+00,5.8433129087e-01,3.2179013373e-01,2.6254115713e-01,8.3931853280e-01
9.5965036801e-01,1.7785354074e+00,5.8423806316e-01,3.2153943430e-01,2.6269862887e-01,8.3946984979e-01
9.6061001837e-01,1.7795597656e+00,5.8414475139e-01,3.2128898183e-01,2.6285576956e-01,8.3962132904e-01
9.6156966874e-01,1.7805847138e+00,5.8405135662e-01,3.2103877699e-01,2.6301257964e-01,8.3977297308e-01
9.6252931911e-01,1.7816102523e+00,5.8395787995e-01,3.2078882042e-01,2.6316905953e-01,8.3992478440e-01
9.6348896948e-01,1.7826363814e+00,5.8386432245e-01,3.2053911278e-01,2.6332520967e-01,8.4007676549e-01
9.6444861985e-01,1.7836631016e+00,5.8377068517e-01,3.2028965470e-01,2.6348103048e-01,8.4022891885e-01
9.6540827021e-01,1.7846904131e+00,5.8367696920e-01,3.2004044681e-01,2.6363652239e-01,8.4038124697e-01
9.6636792058e-01,1.7857183162e+00,5.8358317558e-01,3.1979148975e-01,2.6379168583e-01,8.4053375231e-01
9.6732757095e-01,1.7867468115e+00,5.8348930537e-01,3.1954278413e-01,2.6394652124e-01,8.4068643736e-01
9.6828722132e-01,1.7877758990e+00,5.8339535962e-01,3.1929433059e-01,2.6410102904e-01,8.4083930459e-01
9.6924687169e-01,1.7888055793e+00,5.8330133938e-01,3.1904612972e-01,2.6425520966e-01,8.4099235645e-01
9.7020652205e-01,1.7898358527e+00,5.8320724567e-01,3.1879818214e-01,2.6440906353e-01,8.4114559540e-01
9.7116617242e-01,1.7908667194e+00,5.8311307954e-01,3.1855048845e-01,2.6456259109e-01,8.4129902390e-01
9.7212582279e-01,1.7918981799e+00,5.8301884202e-01,3.1830304925e-01,2.6471579277e-01,8.4145264439e-01
9.7308547316e-01,1.7929302344e+00,5.8292453412e-01,3.1805586512e-01,2.6486866900e-01,8.4160645932e-01
9.7404512353e-01,1.7939628834e+00,5.8283015687e-01,3.1780893667e-01,2.6502122020e-01,8.4176047111e-01
9.7500477389e-01,1.7949961271e+00,5.8273571129e-01,3.1756226447e-01,2.6517344683e-01,8.4191468220e-01
9.7596442426e-01,1.7960299659e+00,5.8264119838e-01,3.1731584909e-01,2.6532534929e-01,8.4206909501e-01
9.7692407463e-01,1.7970644002e+00,5.8254661915e-01,3.1706969111e-01,2.6547692804e-01,8.4222371196e-01
9.7788372500e-01,1.7980994303e+00,5.8245197460e-01,3.1682379110e-01,2.6562818351e-01,8.4237853547e-01
9.7884337537e-01,1.7991350565e+00,5.8235726573e-01,3.1657814962e-01,2.6577911611e-01,8.4253356794e-01
9.7980302573e-01,1.8001712791e+00,5.8226249352e-01,3.1633276722e-01,2.6592972631e-01,8.4268881178e-01
9.8076267610e-01,1.8012080986e+00,5.8216765897e-01,3.1608764446e-01,2.6608001451e-01,8.4284426939e-01
9.8172232647e-01,1.8022455152e+00,5.8207276306e-01,3.1584278189e-01,2.6622998117e-01,8.4299994316e-01
9.8268197684e-01,1.8032835294e+00,5.8197780676e-01,3.1559818004e-01,2.6637962672e-01,8.4315583548e-01
9.8364162721e-01,1.8043221414e+00,5.8188279105e-01,3.1535383946e-01,2.6652895158e-01,8.4331194872e-01
9.8460127757e-01,1.8053613516e+00,5.8178771689e-01,3.1510976069e-01,2.6667795620e-01,8.4346828528e-01
9.8556092794e-01,1.8064011603e+00,5.8169258525e-01,3.1486594423e-01,2.6682664102e-01,8.4362484752e-01
9.8652057831e-01,1.8074415680e+00,5.8159739709e-01,3.1462239063e-01,2.6697500646e-01,8.4378163782e-01
9.8748022868e-01,1.8084825748e+00,5.8150215337e-01,3.1437910040e-01,2.6712305297e-01,8.4393865852e-01
9.8843987905e-01,1.8095241812e+00,5.8140685503e-01,3.1413607406e-01,2.6727078098e-01,8.4409591200e-01
9.8939952941e-01,1.8105663876e+00,5.8131150302e-01,3.1389331210e-01,2.6741819092e-01,8.4425340060e-01
9.9035917978e-01,1.8116091942e+00,5.8121609829e-01,3.1365081505e-01,2.6756528324e-01,8.4441112668e-01
9.9131883015e-01,1.8126526014e+00,5.8112064176e-01,3.1340858339e-01,2.6771205838e-01,8.4456909257e-01
9.9227848052e-01,1.8136966096e+00,5.8102513438e-01,3.1316661763e-01,2.6785851676e-01,8.4472730061e-01
9.9323813089e-01,1.8147412191e+00,5.8092957707e-01,3.1292491825e-01,2.6800465883e-01,8.4488575315e-01
9.9419778125e-01,1.8157864302e+00,5.8083397076e-01,3.1268348574e-01,2.6815048502e-01,8.4504445250e-01
9.9515743162e-01,1.8168322433e+00,5.8073831636e-01,3.1244232058e-01,2.6829599578e-01,8.4520340100e-01
9.9611708199e-01,1.8178786588e+00,5.8064261480e-01,3.1220142326e-01,2.6844119154e-01,8.4536260096e-01
9.9707673236e-01,1.8189256770e+00,5.8054686698e-01,3.1196079424e-01,2.6858607273e-01,8.4552205469e-01
9.9803638273e-01,1.8199732982e+00,5.8045107380e-01,3.1172043399e-01,2.6873063981e-01,8.4568176451e-01
9.9899603309e-01,1.8210215227e+00,5.8035523619e-01,3.1148034298e-01,2.6887489321e-01,8.4584173272e-01
9.9995568346e-01,1.8220703510e+00,5.8025935502e-01,3.1124052167e-01,2.6901883336e-01,8.4600196162e-01
1.0009153338e+00,1.8231197834e+00,5.8016343121e-01,3.1100097050e-01,2.6916246070e-01,8.4616245351e-01
1.0018749842e+00,1.8241698202e+00,5.8006746563e-01,3.1076168994e-01,2.6930577569e-01,8.4632321068e-01
1.0028346346e+00,1.8252204618e+00,5.7997145918e-01,3.1052268044e-01,2.6944877874e-01,8.4648423542e-01
1.0037942849e+00,1.8262717085e+00,5.7987541273e-01,3.1028394242e-01,2.6959147031e-01,8.4664553001e-01
1.0047539353e+00,1.8273235607e+00,5.7977932717e-01,3.1004547633e-01,2.6973385084e-01,8.4680709672e-01
1.0057135857e+00,1.8283760187e+00,5.7968320337e-01,3.0980728261e-01,2.6987592076e-01,8.4696893784e-01
1.0066732360e+00,1.8294290829e+00,5.7958704220e-01,3.0956936168e-01,2.7001768052e-01,8.4713105563e-01
1.0076328864e+00,1.8304827536e+00,5.7949084452e-01,3.0933171397e-01,2.7015913055e-01,8.4729345235e-01
1.0085925368e+00,1.8315370312e+00,5.7939461120e-01,3.0909433991e-01,2.7030027129e-01,8.4745613027e-01
1.0095521871e+00,1.8325919159e+00,5.7929834310e-01,3.0885723990e-01,2.7044110320e-01,8.4761909165e-01
1.0105118375e+00,1.8336474083e+00,5.7920204107e-01,3.0862041437e-01,2.7058162670e-01,8.4778233872e-01
1.0114714879e+00,1.8347035085e+00,5.7910570596e-01,3.0838386372e-01,2.7072184224e-01,8.4794587375e-01
1.0124311382e+00,1.8357602171e+00,5.7900933862e-01,3.0814758836e-01,2.7086175026e-01,8.4810969897e-01
1.0133907886e+00,1.8368175342e+00,5.7891293988e-01,3.0791158868e-01,2.7100135121e-01,8.4827381663e-01
1.0143504390e+00,1.8378754603e+00,5.7881651060e-01,3.0767586509e-01,2.7114064551e-01,8.4843822895e-01
1.0153100894e+00,1.8389339958e+00,5.7872005160e-01,3.0744041798e-01,2.7127963362e-01,8.4860293818e-01
1.0162697397e+00,1.8399931409e+00,5.7862356371e-01,3.0720524773e-01,2.7141831597e-01,8.4876794652e-01
1.0172293901e+00,1.8410528960e+00,5.7852704776e-01,3.0697035474e-01,2.7155669302e-01,8.4893325622e-01
1.0181890405e+00,1.8421132615e+00,5.7843050457e-01,3.0673573938e-01,2.7169476519e-01,8.4909886948e-01
1.0191486908e+00,1.8431742377e+00,5.7833393497e-01,3.0650140203e-01,2.7183253294e-01,8.4926478853e-01
1.0201083412e+00,1.8442358250e+00,5.7823733976e-01,3.0626734307e-01,2.7196999669e-01,8.4943101556e-01
1.0210679916e+00,1.8452980237e+00,5.7814071977e-01,3.0603356286e-01,2.7210715691e-01,8.4959755279e-01
1.0220276419e+00,1.8463608343e+00,5.7804407580e-01,3.0580006178e-01,2.7224401402e-01,8.4976440241e-01
1.0229872923e+00,1.8474242569e+00,5.7794740865e-01,3.0556684017e-01,2.7238056848e-01,8.4993156664e-01
1.0239469427e+00,1.8484882920e+00,5.7785071912e-01,3.0533389841e-01,2.7251682071e-01,8.5009904765e-01
1.0249065930e+00,1.8495529400e+00,5.7775400802e-01,3.0510123684e-01,2.7265277118e-01,8.5026684765e-01
1.0258662434e+00,1.8506182011e+00,5.7765727613e-01,3.0486885582e-01,2.7278842031e-01,8.5043496881e-01
1.0268258938e+00,1.8516840758e+00,5.7756052424e-01,3.0463675569e-01,2.7292376855e-01,8.5060341332e-01
1.0277855441e+00,1.8527505644e+00,5.7746375315e-01,3.0440493679e-01,2.7305881635e-01,8.5077218336e-01
1.0287451945e+00,1.8538176672e+00,5.7736696362e-01,3.0417339948e-01,2.7319356415e-01,8.5094128111e-01
1.0297048449e+00,1.8548853847e+00,5.7727015646e-01,3.0394214407e-01,2.7332801238e-01,8.5111070872e-01
1.0306644952e+00,1.8559537171e+00,5.7717333241e-01,3.0371117091e-01,2.7346216150e-01,8.5128046838e-01
1.0316241456e+00,1.8570226648e+00,5.7707649227e-01,3.0348048033e-01,2.7359601194e-01,8.5145056225e-01
1.0325837960e+00,1.8580922282e+00,5.7697963680e-01,3.0325007264e-01,2.7372956416e-01,8.5162099247e-01
1.0335434463e+00,1.8591624076e+00,5.7688276676e-01,3.0301994818e-01,2.7386281859e-01,8.5179176122e-01
1.0345030967e+00,1.8602332034e+00,5.7678588292e-01,3.0279010725e-01,2.7399577567e-01,8.5196287065e-01
1.0354627471e+00,1.8613046159e+00,5.7668898603e-01,3.0256055017e-01,2.7412843585e-01,8.5213432289e-01
1.0364223974e+00,1.8623766455e+00,5.7659207684e-01,3.0233127726e-01,2.7426079958e-01,8.5230612011e-01
1.0373820478e+00,1.8634492925e+00,5.7649515612e-01,3.0210228883e-01,2.7439286729e-01,8.5247826443e-01
1.0383416982e+00,1.8645225574e+00,5.7639822460e-01,3.0187358516e-01,2.7452463943e-01,8.5265075800e-01
1.0393013486e+00,1.8655964404e+00,5.7630128303e-01,3.0164516658e-01,2.7465611645e-01,8.5282360295e-01
1.0402609989e+00,1.8666709419e+00,5.7620433215e-01,3.0141703337e-01,2.7478729878e-01,8.5299680142e-01
1.0412206493e+00,1.8677460622e+00,5.7610737270e-01,3.0118918583e-01,2.7491818687e-01,8.5317035553e-01
1.0421802997e+00,1.8688218018e+00,5.7601040541e-01,3.0096162425e-01,2.7504878116e-01,8.5334426740e-01
1.0431399500e+00,1.8698981610e+00,5.7591343102e-01,3.0073434891e-01,2.7517908211e-01,8.5351853916e-01
1.0440996004e+00,1.8709751401e+00,5.7581645025e-01,3.0050736011e-01,2.7530909014e-01,8.5369317292e-01
1.0450592508e+00,1.8720527395e+00,5.7571946382e-01,3.0028065811e-01,2.7543880571e-01,8.5386817079e-01
1.0460189011e+00,1.8731309595e+00,5.7562247246e-01,3.0005424321e-01,2.7556822926e-01,8.5404353490e-01
1.0469785515e+00,1.8742098006e+00,5.7552547689e-01,2.9982811566e-01,2.7569736122e-01,8.5421926734e-01
1.0479382019e+00,1.8752892630e+00,5.7542847781e-01,2.9960227575e-01,2.7582620206e-01,8.5439537022e-01
1.0488978522e+00,1.8763693471e+00,5.7533147594e-01,2.9937672374e-01,2.7595475220e-01,8.5457184564e-01
1.0498575026e+00,1.8774500533e+00,5.7523447199e-01,2.9915145990e-01,2.7608301210e-01,8.5474869570e-01
1.0508171530e+00,1.8785313820e+00,5.7513746667e-01,2.9892648448e-01,2.7621098219e-01,8.5492592249e-01
1.0517768033e+00,1.8796133335e+00,5.7504046067e-01,2.9870179775e-01,2.7633866292e-01,8.5510352811e-01
1.0527364537e+00,1.8806959081e+00,5.7494345469e-01,2.9847739995e-01,2.7646605474e-01,8.5528151463e-01
1.0536961041e+00,1.8817791062e+00,5.7484644943e-01,2.9825329135e-01,2.7659315808e-01,8.5545988415e-01
1.0546557544e+00,1.8828629282e+00,5.7474944559e-01,2.9802947219e-01,2.7671997340e-01,8.5563863875e-01
1.0556154048e+00,1.8839473745e+00,5.7465244384e-01,2.9780594271e-01,2.7684650113e-01,8.5581778050e-01
1.0565750552e+00,1.8850324453e+00,5.7455544488e-01,2.9758270316e-01,2.7697274172e-01,8.5599731148e-01
1.0575347055e+00,1.8861181411e+00,5.7445844938e-01,2.9735975378e-01,2.7709869561e-01,8.5617723377e-01
1.0584943559e+00,1.8872044622e+00,5.7436145804e-01,2.9713709480e-01,2.7722436324e-01,8.5635754943e-01
1.0594540063e+00,1.8882914089e+00,5.7426447152e-01,2.9691472646e-01,2.7734974506e-01,8.5653826053e-01
1.0604136566e+00,1.8893789817e+00,5.7416749051e-01,2.9669264899e-01,2.7747484152e-01,8.5671936913e-01
1.0613733070e+00,1.8904671809e+00,5.7407051566e-01,2.9647086261e-01,2.7759965305e-01,8.5690087730e-01
1.0623329574e+00,1.8915560069e+00,5.7397354765e-01,2.9624936755e-01,2.7772418010e-01,8.5708278709e-01
1.0632926078e+00,1.8926454600e+00,5.7387658715e-01,2.9602816403e-01,2.7784842312e-01,8.5726510055e-01
1.0642522581e+00,1.8937355405e+00,5.7377963481e-01,2.9580725227e-01,2.7797238254e-01,8.5744781974e-01
1.0652119085e+00,1.8948262489e+00,5.7368269129e-01,2.9558663249e-01,2.7809605880e-01,8.5763094671e-01
1.0661715589e+00,1.8959175855e+00,5.7358575726e-01,2.9536630489e-01,2.7821945237e-01,8.5781448350e-01
1.0671312092e+00,1.8970095506e+00,5.7348883336e-01,2.9514626970e-01,2.7834256366e-01,8.5799843216e-01
1.0680908596e+00,1.8981021447e+00,5.7339192024e-01,2.9492652711e-01,2.7846539314e-01,8.5818279472e-01
1.0690505100e+00,1.8991953681e+00,5.7329501856e-01,2.9470707733e-01,2.7858794123e-01,8.5836757322e-01
1.0700101603e+00,1.9002892211e+00,5.7319812895e-01,2.9448792056e-01,2.7871020839e-01,8.5855276971e-01
1.0709698107e+00,1.9013837041e+00,5.7310125205e-01,2.9426905700e-01,2.7883219506e-01,8.5873838621e-01
1.0719294611e+00,1.9024788175e+00,5.7300438852e-01,2.9405048684e-01,2.7895390168e-01,8.5892442474e-01
1.0728891114e+00,1.9035745616e+00,5.7290753897e-01,2.9383221029e-01,2.7907532869e-01,8.5911088735e-01
1.0738487618e+00,1.9046709368e+00,5.7281070405e-01,2.9361422752e-01,2.7919647653e-01,8.5929777605e-01
1.0748084122e+00,1.9057679435e+00,5.7271388439e-01,2.9339653873e-01,2.7931734566e-01,8.5948509286e-01
1.0757680625e+00,1.9068655820e+00,5.7261708061e-01,2.9317914410e-01,2.7943793650e-01,8.5967283981e-01
1.0767277129e+00,1.9079638527e+00,5.7252029334e-01,2.9296204382e-01,2.7955824951e-01,8.5986101890e-01
1.0776873633e+00,1.9090627560e+00,5.7242352319e-01,2.9274523807e-01,2.7967828513e-01,8.6004963216e-01
1.0786470136e+00,1.9101622922e+00,5.7232677080e-01,2.9252872701e-01,2.7979804379e-01,8.6023868160e-01
1.0796066640e+00,1.9112624617e+00,5.7223003677e-01,2.9231251083e-01,2.7991752594e-01,8.6042816922e-01
1.0805663144e+00,1.9123632648e+00,5.7213332172e-01,2.9209658969e-01,2.8003673203e-01,8.6061809703e-01
1.0815259647e+00,1.9134647019e+00,5.7203662627e-01,2.9188096378e-01,2.8015566249e-01,8.6080846704e-01
1.0824856151e+00,1.9145667734e+00,5.7193995101e-01,2.9166563324e-01,2.8027431777e-01,8.6099928124e-01
1.0834452655e+00,1.9156694797e+00,5.7184329656e-01,2.9145059826e-01,2.8039269830e-01,8.6119054164e-01
1.0844049158e+00,1.9167728211e+00,5.7174666352e-01,2.9123585898e-01,2.8051080454e-01,8.6138225023e-01
1.0853645662e+00,1.9178767979e+00,5.7165005248e-01,2.9102141557e-01,2.8062863692e-01,8.6157440901e-01
1.0863242166e+00,1.9189814106e+00,5.7155346406e-01,2.9080726818e-01,2.8074619588e-01,8.6176701998e-01
1.0872838670e+00,1.9200866595e+00,5.7145689884e-01,2.9059341697e-01,2.8086348186e-01,8.6196008511e-01
1.0882435173e+00,1.9211925450e+00,5.7136035741e-01,2.9037986210e-01,2.8098049531e-01,8.6215360640e-01
1.0892031677e+00,1.9222990674e+00,5.7126384037e-01,2.9016660369e-01,2.8109723667e-01,8.6234758583e-01
1.0901628181e+00,1.9234062271e+00,5.7116734830e-01,2.8995364192e-01,2.8121370638e-01,8.6254202539e-01
1.0911224684e+00,1.9245140245e+00,5.7107088179e-01,2.8974097691e-01,2.8132990488e-01,8.6273692705e-01
1.0920821188e+00,1.9256224599e+00,5.7097444142e-01,2.8952860882e-01,2.8144583260e-01,8.6293229281e-01
1.0930417692e+00,1.9267315338e+00,5.7087802777e-01,2.8931653777e-01,2.8156149000e-01,8.6312812462e-01
1.0940014195e+00,1.9278412464e+00,5.7078164142e-01,2.8910476391e-01,2.8167687751e-01,8.6332442447e-01
1.0949610699e+00,1.9289515982e+00,5.7068528295e-01,2.8889328737e-01,2.8179199558e-01,8.6352119433e-01
1.0959207203e+00,1.9300625895e+00,5.7058895292e-01,2.8868210829e-01,2.8190684463e-01,8.6371843618e-01
1.0968803706e+00,1.9311742206e+00,5.7049265191e-01,2.8847122679e-01,2.8202142512e-01,8.6391615197e-01
1.0978400210e+00,1.9322864920e+00,5.7039638048e-01,2.8826064299e-01,2.8213573749e-01,8.6411434367e-01
1.0987996714e+00,1.9333994041e+00,5.7030013920e-01,2.8805035704e-01,2.8224978216e-01,8.6431301325e-01
1.0997593217e+00,1.9345129571e+00,5.7020392863e-01,2.8784036904e-01,2.8236355959e-01,8.6451216268e-01
1.1007189721e+00,1.9356271515e+00,5.7010774934e-01,2.8763067913e-01,2.8247707021e-01,8.6471179390e-01
1.1016786225e+00,1.9367419876e+00,5.7001160187e-01,2.8742128741e-01,2.8259031447e-01,8.6491190888e-01
1.1026382728e+00,1.9378574658e+00,5.6991548680e-01,2.8721219401e-01,2.8270329279e-01,8.6511250958e-01
1.1035979232e+00,1.9389735865e+00,5.6981940466e-01,2.8700339903e-01,2.8281600563e-01,8.6531359794e-01
1.1045575736e+00,1.9400903500e+00,5.6972335601e-01,2.8679490259e-01,2.8292845342e-01,8.6551517593e-01
1.1055172239e+00,1.9412077567e+00,5.6962734140e-01,2.8658670480e-01,2.8304063659e-01,8.6571724549e-01
1.1064768743e+00,1.9423258070e+00,5.6953136137e-01,2.8637880577e-01,2.8315255560e-01,8.6591980857e-01
1.1074365247e+00,1.9434445012e+00,5.6943541648e-01,2.8617120560e-01,2.8326421087e-01,8.6612286712e-01
1.1083961750e+00,1.9445638398e+00,5.6933950725e-01,2.8596390440e-01,2.8337560285e-01,8.6632642308e-01
1.1093558254e+00,1.9456838230e+00,5.6924363423e-01,2.8575690226e-01,2.8348673197e-01,8.6653047840e-01
1.1103154758e+00,1.9468044513e+00,5.6914779796e-01,2.8555019928e-01,2.8359759868e-01,8.6673503501e-01
1.1112751262e+00,1.9479257251e+00,5.6905199897e-01,2.8534379557e-01,2.8370820340e-01,8.6694009487e-01
1.1122347765e+00,1.9490476446e+00,5.6895623779e-01,2.8513769121e-01,2.8381854659e-01,8.6714565989e-01
1.1131944269e+00,1.9501702104e+00,5.6886051496e-01,2.8493188629e-01,2.8392862867e-01,8.6735173203e-01
1.1141540773e+00,1.9512934226e+00,5.6876483100e-01,2.8472638092e-01,2.8403845008e-01,8.6755831322e-01
1.1151137276e+00,1.9524172818e+00,5.6866918644e-01,2.8452117517e-01,2.8414801127e-01,8.6776540539e-01
1.1160733780e+00,1.9535417883e+00,5.6857358180e-01,2.8431626913e-01,2.8425731266e-01,8.6797301046e-01
1.1170330284e+00,1.9546669425e+00,5.6847801760e-01,2.8411166289e-01,2.8436635470e-01,8.6818113038e-01
1.1179926787e+00,1.9557927447e+00,5.6838249436e-01,2.8390735653e-01,2.8447513782e-01,8.6838976707e-01
1.1189523291e+00,1.9569191953e+00,5.6828701260e-01,2.8370335013e-01,2.8458366247e-01,8.6859892245e-01
1.1199119795e+00,1.9580462947e+00,5.6819157283e-01,2.8349964376e-01,2.8469192906e-01,8.6880859846e-01
1.1208716298e+00,1.9591740432e+00,5.6809617557e-01,2.8329623751e-01,2.8479993806e-01,8.6901879701e-01
1.1218312802e+00,1.9603024413e+00,5.6800082132e-01,2.8309313145e-01,2.8490768987e-01,8.6922952002e-01
1.1227909306e+00,1.9614314893e+00,5.6790551060e-01,2.8289032565e-01,2.8501518496e-01,8.6944076943e-01
1.1237505809e+00,1.9625611876e+00,5.6781024392e-01,2.8268782017e-01,2.8512242374e-01,8.6965254714e-01
1.1247102313e+00,1.9636915365e+00,5.6771502176e-01,2.8248561510e-01,2.8522940666e-01,8.6986485507e-01
1.1256698817e+00,1.9648225364e+00,5.6761984465e-01,2.8228371049e-01,2.8533613416e-01,8.7007769515e-01
1.1266295320e+00,1.9659541878e+00,5.6752471307e-01,2.8208210641e-01,2.8544260666e-01,8.7029106928e-01
1.1275891824e+00,1.9670864910e+00,5.6742962753e-01,2.8188080293e-01,2.8554882460e-01,8.7050497938e-01
1.1285488328e+00,1.9682194463e+00,5.6733458852e-01,2.8167980010e-01,2.8565478842e-01,8.7071942737e-01
1.1295084831e+00,1.9693530541e+00,5.6723959653e-01,2.8147909798e-01,2.8576049855e-01,8.7093441515e-01
1.1304681335e+00,1.9704873149e+00,5.6714465206e-01,2.8127869663e-01,2.8586595543e-01,8.7114994463e-01
1.1314277839e+00,1.9716222289e+00,5.6704975560e-01,2.8107859612e-01,2.8597115949e-01,8.7136601772e-01
1.1323874342e+00,1.9727577966e+00,5.6695490764e-01,2.8087879648e-01,2.8607611116e-01,8.7158263633e-01
1.1333470846e+00,1.9738940183e+00,5.6686010865e-01,2.8067929777e-01,2.8618081089e-01,8.7179980236e-01
1.1343067350e+00,1.9750308944e+00,5.6676535913e-01,2.8048010004e-01,2.8628525909e-01,8.7201751772e-01
1.1352663854e+00,1.9761684254e+00,5.6667065956e-01,2.8028120335e-01,2.8638945621e-01,8.7223578432e-01
1.1362260357e+00,1.9773066115e+00,5.6657601041e-01,2.8008260773e-01,2.8649340269e-01,8.7245460404e-01
1.1371856861e+00,1.9784454531e+00,5.6648141217e-01,2.7988431323e-01,2.8659709894e-01,8.7267397881e-01
1.1381453365e+00,1.9795849507e+00,5.6638686531e-01,2.7968631990e-01,2.8670054541e-01,8.7289391051e-01
1.1391049868e+00,1.9807251046e+00,5.6629237030e-01,2.7948862777e-01,2.8680374253e-01,8.7311440104e-01
1.1400646372e+00,1.9818659151e+00,5.6619792762e-01,2.7929123689e-01,2.8690669073e-01,8.7333545231e-01
1.1410242876e+00,1.9830073827e+00,5.6610353774e-01,2.7909414729e-01,2.8700939044e-01,8.7355706621e-01
1.1419839379e+00,1.9841495078e+00,5.6600920112e-01,2.7889735902e-01,2.8711184210e-01,8.7377924463e-01
1.1429435883e+00,1.9852922906e+00,5.6591491823e-01,2.7870087210e-01,2.8721404614e-01,8.7400198947e-01
1.1439032387e+00,1.9864357317e+00,5.6582068955e-01,2.7850468656e-01,2.8731600298e-01,8.7422530263e-01
1.1448628890e+00,1.9875798313e+00,5.6572651552e-01,2.7830880245e-01,2.8741771307e-01,8.7444918599e-01
1.1458225394e+00,1.9887245898e+00,5.6563239661e-01,2.7811321978e-01,2.8751917683e-01,8.7467364145e-01
1.1467821898e+00,1.9898700077e+00,5.6553833328e-01,2.7791793859e-01,2.8762039469e-01,8.7489867090e-01
1.1477418401e+00,1.9910160854e+00,5.6544432599e-01,2.7772295891e-01,2.8772136708e-01,8.7512427622e-01
1.1487014905e+00,1.9921628231e+00,5.6535037519e-01,2.7752828075e-01,2.8782209444e-01,8.7535045932e-01
1.1496611409e+00,1.9933102212e+00,5.6525648133e-01,2.7733390414e-01,2.8792257719e-01,8.7557722207e-01
1.1506207912e+00,1.9944582802e+00,5.6516264487e-01,2.7713982911e-01,2.8802281577e-01,8.7580456636e-01
1.1515804416e+00,1.9956070005e+00,5.6506886626e-01,2.7694605567e-01,2.8812281060e-01,8.7603249408e-01
1.1525400920e+00,1.9967563824e+00,5.6497514595e-01,2.7675258384e-01,2.8822256211e-01,8.7626100712e-01
1.1534997423e+00,1.9979064262e+00,5.6488148438e-01,2.7655941364e-01,2.8832207074e-01,8.7649010735e-01
1.1544593927e+00,1.9990571325e+00,5.6478788200e-01,2.7636654509e-01,2.8842133691e-01,8.7671979668e-01
1.1554190431e+00,2.0002085014e+00,5.6469433924e-01,2.7617397819e-01,2.8852036105e-01,8.7695007696e-01
1.1563786934e+00,2.0013605336e+00,5.6460085656e-01,2.7598171296e-01,2.8861914360e-01,8.7718095010e-01
1.1573383438e+00,2.0025132292e+00,5.6450743439e-01,2.7578974942e-01,2.8871768497e-01,8.7741241797e-01
1.1582979942e+00,2.0036665888e+00,5.6441407317e-01,2.7559808757e-01,2.8881598560e-01,8.7764448245e-01
1.1592576446e+00,2.0048206126e+00,5.6432077333e-01,2.7540672742e-01,2.8891404591e-01,8.7787714542e-01
1.1602172949e+00,2.0059753011e+00,5.6422753531e-01,2.7521566897e-01,2.8901186634e-01,8.7811040877e-01
1.1611769453e+00,2.0071306547e+00,5.6413435954e-01,2.7502491224e-01,2.8910944730e-01,8.7834427437e-01
1.1621365957e+00,2.0082866736e+00,5.6404124646e-01,2.7483445722e-01,2.8920678924e-01,8.7857874409e-01
1.1630962460e+00,2.0094433584e+00,5.6394819649e-01,2.7464430392e-01,2.8930389257e-01,8.7881381983e-01
1.1640558964e+00,2.0106007094e+00,5.6385521006e-01,2.7445445234e-01,2.8940075772e-01,8.7904950345e-01
1.1650155468e+00,2.0117587270e+00,5.6376228759e-01,2.7426490247e-01,2.8949738512e-01,8.7928579684e-01
1.1659751971e+00,2.0129174116e+00,5.6366942952e-01,2.7407565432e-01,2.8959377519e-01,8.7952270186e-01
1.1669348475e+00,2.0140767635e+00,5.6357663625e-01,2.7388670789e-01,2.8968992836e-01,8.7976022040e-01
1.1678944979e+00,2.0152367831e+00,5.6348390823e-01,2.7369806316e-01,2.8978584507e-01,8.7999835432e-01
1.1688541482e+00,2.0163974709e+00,5.6339124585e-01,2.7350972014e-01,2.8988152572e-01,8.8023710552e-01
1.1698137986e+00,2.0175588271e+00,5.6329864955e-01,2.7332167881e-01,2.8997697075e-01,8.8047647585e-01
1.1707734490e+00,2.0187208523e+00,5.6320611974e-01,2.7313393916e-01,2.9007218058e-01,8.8071646719e-01
1.1717330993e+00,2.0198835467e+00,5.6311365683e-01,2.7294650119e-01,2.9016715564e-01,8.8095708142e-01
1.1726927497e+00,2.0210469108e+00,5.6302126124e-01,2.7275936489e-01,2.9026189635e-01,8.8119832041e-01
1.1736524001e+00,2.0222109449e+00,5.6292893337e-01,2.7257253024e-01,2.9035640313e-01,8.8144018603e-01
1.1746120504e+00,2.0233756495e+00,5.6283667365e-01,2.7238599723e-01,2.9045067642e-01,8.8168268015e-01
1.1755717008e+00,2.0245410249e+00,5.6274448246e-01,2.7219976583e-01,2.9054471663e-01,8.8192580465e-01
1.1765313512e+00,2.0257070715e+00,5.6265236024e-01,2.7201383605e-01,2.9063852419e-01,8.8216956140e-01
1.1774910015e+00,2.0268737896e+00,5.6256030737e-01,2.7182820786e-01,2.9073209952e-01,8.8241395227e-01
1.1784506519e+00,2.0280411798e+00,5.6246832427e-01,2.7164288123e-01,2.9082544304e-01,8.8265897912e-01
1.1794103023e+00,2.0292092423e+00,5.6237641133e-01,2.7145785615e-01,2.9091855517e-01,8.8290464384e-01
1.1803699526e+00,2.0303779776e+00,5.6228456896e-01,2.7127313261e-01,2.9101143635e-01,8.8315094829e-01
1.1813296030e+00,2.0315473860e+00,5.6219279755e-01,2.7108871056e-01,2.9110408699e-01,8.8339789435e-01
1.1822892534e+00,2.0327174680e+00,5.6210109751e-01,2.7090459000e-01,2.9119650751e-01,8.8364548387e-01
1.1832489038e+00,2.0338882238e+00,5.6200946923e-01,2.7072077090e-01,2.9128869833e-01,8.8389371874e-01
1.1842085541e+00,2.0350596540e+00,5.6191791311e-01,2.7053725322e-01,2.9138065988e-01,8.8414260082e-01
1.1851682045e+00,2.0362317589e+00,5.6182642953e-01,2.7035403695e-01,2.9147239258e-01,8.8439213199e-01
1.1861278549e+00,2.0374045388e+00,5.6173501890e-01,2.7017112205e-01,2.9156389685e-01,8.8464231410e-01
1.1870875052e+00,2.0385779942e+00,5.6164368159e-01,2.6998850849e-01,2.9165517310e-01,8.8489314904e-01
1.1880471556e+00,2.0397521255e+00,5.6155241802e-01,2.6980619625e-01,2.9174622177e-01,8.8514463867e-01
1.1890068060e+00,2.0409269330e+00,5.6146122855e-01,2.6962418528e-01,2.9183704326e-01,8.8539678485e-01
1.1899664563e+00,2.0421024171e+00,5.6137011357e-01,2.6944247557e-01,2.9192763800e-01,8.8564958947e-01
1.1909261067e+00,2.0432785783e+00,5.6127907348e-01,2.6926106706e-01,2.9201800641e-01,8.8590305439e-01
1.1918857571e+00,2.0444554169e+00,5.6118810865e-01,2.6907995974e-01,2.9210814891e-01,8.8615718147e-01
1.1928454074e+00,2.0456329333e+00,5.6109721947e-01,2.6889915355e-01,2.9219806592e-01,8.8641197259e-01
1.1938050578e+00,2.0468111279e+00,5.6100640632e-01,2.6871864847e-01,2.9228775785e-01,8.8666742962e-01
1.1947647082e+00,2.0479900011e+00,5.6091566957e-01,2.6853844445e-01,2.9237722512e-01,8.8692355442e-01
1.1957243585e+00,2.0491695533e+00,5.6082500961e-01,2.6835854146e-01,2.9246646815e-01,8.8718034887e-01
1.1966840089e+00,2.0503497848e+00,5.6073442681e-01,2.6817893944e-01,2.9255548737e-01,8.8743781484e-01
1.1976436593e+00,2.0515306961e+00,5.6064392155e-01,2.6799963837e-01,2.9264428318e-01,8.8769595418e-01
1.1986033096e+00,2.0527122876e+00,5.6055349421e-01,2.6782063820e-01,2.9273285601e-01,8.8795476879e-01
1.1995629600e+00,2.0538945596e+00,5.6046314515e-01,2.6764193888e-01,2.9282120627e-01,8.8821426052e-01
1.2005226104e+00,2.0550775125e+00,5.6037287474e-01,2.6746354037e-01,2.9290933437e-01,8.8847443124e-01
1.2014822607e+00,2.0562611468e+00,5.6028268336e-01,2.6728544262e-01,2.9299724074e-01,8.8873528283e-01
1.2024419111e+00,2.0574454628e+00,5.6019257138e-01,2.6710764559e-01,2.9308492580e-01,8.8899681715e-01
1.2034015615e+00,2.0586304609e+00,5.6010253916e-01,2.6693014922e-01,2.9317238994e-01,8.8925903608e-01
1.2043612118e+00,2.0598161415e+00,5.6001258707e-01,2.6675295347e-01,2.9325963361e-01,8.8952194148e-01
1.2053208622e+00,2.0610025050e+00,5.5992271548e-01,2.6657605829e-01,2.9334665719e-01,8.8978553524e-01
1.2062805126e+00,2.0621895518e+00,5.5983292474e-01,2.6639946362e-01,2.9343346113e-01,8.9004981921e-01
1.2072401630e+00,2.0633772823e+00,5.5974321523e-01,2.6622316942e-01,2.9352004581e-01,8.9031479528e-01
1.2081998133e+00,2.0645656968e+00,5.5965358730e-01,2.6604717562e-01,2.9360641167e-01,8.9058046531e-01
1.2091594637e+00,2.0657547959e+00,5.5956404131e-01,2.6587148219e-01,2.9369255912e-01,8.9084683117e-01
1.2101191141e+00,2.0669445798e+00,5.5947457762e-01,2.6569608905e-01,2.9377848857e-01,8.9111389475e-01
1.2110787644e+00,2.0681350490e+00,5.5938519659e-01,2.6552099616e-01,2.9386420043e-01,8.9138165790e-01
1.2120384148e+00,2.0693262038e+00,5.5929589857e-01,2.6534620346e-01,2.9394969511e-01,8.9165012252e-01
1.2129980652e+00,2.0705180447e+00,5.5920668393e-01,2.6517171089e-01,2.9403497304e-01,8.9191929046e-01
1.2139577155e+00,2.0717105720e+00,5.5911755301e-01,2.6499751839e-01,2.9412003461e-01,8.9218916360e-01
1.2149173659e+00,2.0729037862e+00,5.5902850616e-01,2.6482362591e-01,2.9420488026e-01,8.9245974383e-01
1.2158770163e+00,2.0740976876e+00,5.5893954375e-01,2.6465003337e-01,2.9428951038e-01,8.9273103301e-01
1.2168366666e+00,2.0752922766e+00,5.5885066611e-01,2.6447674073e-01,2.9437392538e-01,8.9300303302e-01
1.2177963170e+00,2.0764875537e+00,5.5876187360e-01,2.6430374791e-01,2.9445812569e-01,8.9327574573e-01
1.2187559674e+00,2.0776835192e+00,5.5867316657e-01,2.6413105486e-01,2.9454211171e-01,8.9354917303e-01
1.2197156177e+00,2.0788801736e+00,5.5858454536e-01,2.6395866151e-01,2.9462588385e-01,8.9382331679e-01
1.2206752681e+00,2.0800775171e+00,5.5849601031e-01,2.6378656779e-01,2.9470944253e-01,8.9409817889e-01
1.2216349185e+00,2.0812755503e+00,5.5840756178e-01,2.6361477364e-01,2.9479278814e-01,8.9437376120e-01
1.2225945688e+00,2.0824742735e+00,5.5831920011e-01,2.6344327900e-01,2.9487592111e-01,8.9465006561e-01
1.2235542192e+00,2.0836736871e+00,5.5823092563e-01,2.6327208379e-01,2.9495884184e-01,8.9492709400e-01
1.2245138696e+00,2.0848737915e+00,5.5814273870e-01,2.6310118795e-01,2.9504155075e-01,8.9520484824e-01
1.2254735199e+00,2.0860745871e+00,5.5805463964e-01,2.6293059140e-01,2.9512404824e-01,8.9548333022e-01
1.2264331703e+00,2.0872760743e+00,5.5796662880e-01,2.6276029409e-01,2.9520633471e-01,8.9576254182e-01
1.2273928207e+00,2.0884782535e+00,5.5787870652e-01,2.6259029593e-01,2.9528841059e-01,8.9604248492e-01
1.2283524710e+00,2.0896811251e+00,5.5779087313e-01,2.6242059686e-01,2.9537027627e-01,8.9632316141e-01
1.2293121214e+00,2.0908846896e+00,5.5770312896e-01,2.6225119680e-01,2.9545193216e-01,8.9660457316e-01
1.2302717718e+00,2.0920889472e+00,5.5761547437e-01,2.6208209568e-01,2.9553337868e-01,8.9688672206e-01
1.2312314222e+00,2.0932938984e+00,5.5752790966e-01,2.6191329343e-01,2.9561461623e-01,8.9716961001e-01
1.2321910725e+00,2.0944995436e+00,5.5744043519e-01,2.6174478997e-01,2.9569564522e-01,8.9745323887e-01
1.2331507229e+00,2.0957058832e+00,5.5735305127e-01,2.6157658523e-01,2.9577646604e-01,8.9773761055e-01
1.2341103733e+00,2.0969129177e+00,5.5726575825e-01,2.6140867913e-01,2.9585707912e-01,8.9802272693e-01
1.2350700236e+00,2.0981206473e+00,5.5717855644e-01,2.6124107159e-01,2.9593748485e-01,8.9830858989e-01
1.2360296740e+00,2.0993290725e+00,5.5709144618e-01,2.6107376253e-01,2.9601768365e-01,8.9859520133e-01
1.2369893244e+00,2.1005381937e+00,5.5700442780e-01,2.6090675189e-01,2.9609767591e-01,8.9888256314e-01
1.2379489747e+00,2.1017480113e+00,5.5691750162e-01,2.6074003957e-01,2.9617746204e-01,8.9917067720e-01
1.2389086251e+00,2.1029585258e+00,5.5683066796e-01,2.6057362550e-01,2.9625704245e-01,8.9945954541e-01
1.2398682755e+00,2.1041697374e+00,5.5674392715e-01,2.6040750961e-01,2.9633641754e-01,8.9974916967e-01
1.2408279258e+00,2.1053816466e+00,5.5665727951e-01,2.6024169179e-01,2.9641558772e-01,9.0003955186e-01
1.2417875762e+00,2.1065942538e+00,5.5657072537e-01,2.6007617199e-01,2.9649455339e-01,9.0033069388e-01
1.2427472266e+00,2.1078075595e+00,5.5648426505e-01,2.5991095010e-01,2.9657331495e-01,9.0062259764e-01
1.2437068769e+00,2.1090215639e+00,5.5639789886e-01,2.5974602606e-01,2.9665187280e-01,9.0091526501e-01
1.2446665273e+00,2.1102362676e+00,5.5631162712e-01,2.5958139977e-01,2.9673022736e-01,9.0120869791e-01
1.2456261777e+00,2.1114516709e+00,5.5622545016e-01,2.5941707115e-01,2.9680837901e-01,9.0150289822e-01
1.2465858280e+00,2.1126677742e+00,5.5613936829e-01,2.5925304012e-01,2.9688632817e-01,9.0179786786e-01
1.2475454784e+00,2.1138845779e+00,5.5605338182e-01,2.5908930659e-01,2.9696407524e-01,9.0209360872e-01
1.2485051288e+00,2.1151020824e+00,5.5596749108e-01,2.5892587047e-01,2.9704162061e-01,9.0239012270e-01
1.2494647791e+00,2.1163202882e+00,5.5588169637e-01,2.5876273167e-01,2.9711896470e-01,9.0268741171e-01
1.2504244295e+00,2.1175391956e+00,5.5579599801e-01,2.5859989012e-01,2.9719610789e-01,9.0298547765e-01
1.2513840799e+00,2.1187588051e+00,5.5571039631e-01,2.5843734572e-01,2.9727305060e-01,9.0328432242e-01
1.2523437302e+00,2.1199791170e+00,5.5562489159e-01,2.5827509837e-01,2.9734979321e-01,9.0358394794e-01
1.2533033806e+00,2.1212001317e+00,5.5553948414e-01,2.5811314800e-01,2.9742633614e-01,9.0388435611e-01
1.2542630310e+00,2.1224218497e+00,5.5545417429e-01,2.5795149451e-01,2.9750267978e-01,9.0418554884e-01
1.2552226814e+00,2.1236442713e+00,5.5536896235e-01,2.5779013781e-01,2.9757882453e-01,9.0448752804e-01
1.2561823317e+00,2.1248673970e+00,5.5528384861e-01,2.5762907781e-01,2.9765477079e-01,9.0479029561e-01
1.2571419821e+00,2.1260912272e+00,5.5519883338e-01,2.5746831442e-01,2.9773051896e-01,9.0509385349e-01
1.2581016325e+00,2.1273157622e+00,5.5511391698e-01,2.5730784754e-01,2.9780606944e-01,9.0539820356e-01
1.2590612828e+00,2.1285410026e+00,5.5502909971e-01,2.5714767709e-01,2.9788142262e-01,9.0570334777e-01
1.2600209332e+00,2.1297669486e+00,5.5494438187e-01,2.5698780296e-01,2.9795657891e-01,9.0600928801e-01
1.2609805836e+00,2.1309936007e+00,5.5485976376e-01,2.5682822506e-01,2.9803153870e-01,9.0631602620e-01
1.2619402339e+00,2.1322209593e+00,5.5477524569e-01,2.5666894330e-01,2.9810630238e-01,9.0662356427e-01
1.2628998843e+00,2.1334490247e+00,5.5469082796e-01,2.5650995759e-01,2.9818087037e-01,9.0693190414e-01
1.2638595347e+00,2.1346777976e+00,5.5460651086e-01,2.5635126782e-01,2.9825524304e-01,9.0724104772e-01
1.2648191850e+00,2.1359072781e+00,5.5452229471e-01,2.5619287391e-01,2.9832942080e-01,9.0755099695e-01
1.2657788354e+00,2.1371374667e+00,5.5443817980e-01,2.5603477575e-01,2.9840340405e-01,9.0786175374e-01
1.2667384858e+00,2.1383683639e+00,5.5435416642e-01,2.5587697324e-01,2.9847719318e-01,9.0817332002e-01
1.2676981361e+00,2.1395999701e+00,5.5427025488e-01,2.5571946630e-01,2.9855078858e-01,9.0848569772e-01
1.2686577865e+00,2.1408322855e+00,5.5418644546e-01,2.5556225481e-01,2.9862419065e-01,9.0879888877e-01
1.2696174369e+00,2.1420653108e+00,5.5410273847e-01,2.5540533869e-01,2.9869739979e-01,9.0911289510e-01
1.2705770872e+00,2.1432990462e+00,5.5401913421e-01,2.5524871783e-01,2.9877041638e-01,9.0942771863e-01
1.2715367376e+00,2.1445334922e+00,5.5393563296e-01,2.5509239212e-01,2.9884324083e-01,9.0974336131e-01
1.2724963880e+00,2.1457686492e+00,5.5385223502e-01,2.5493636149e-01,2.9891587353e-01,9.1005982507e-01
1.2734560383e+00,2.1470045175e+00,5.5376894068e-01,2.5478062581e-01,2.9898831487e-01,9.1037711184e-01
1.2744156887e+00,2.1482410977e+00,5.5368575023e-01,2.5462518499e-01,2.9906056524e-01,9.1069522356e-01
1.2753753391e+00,2.1494783901e+00,5.5360266396e-01,2.5447003892e-01,2.9913262504e-01,9.1101416218e-01
1.2763349894e+00,2.1507163951e+00,5.5351968217e-01,2.5431518751e-01,2.9920449466e-01,9.1133392962e-01
1.2772946398e+00,2.1519551132e+00,5.5343680514e-01,2.5416063066e-01,2.9927617448e-01,9.1165452784e-01
1.2782542902e+00,2.1531945447e+00,5.5335403317e-01,2.5400636825e-01,2.9934766492e-01,9.1197595878e-01
1.2792139406e+00,2.1544346900e+00,5.5327136653e-01,2.5385240019e-01,2.9941896634e-01,9.1229822439e-01
1.2801735909e+00,2.1556755497e+00,5.5318880552e-01,2.5369872637e-01,2.9949007915e-01,9.1262132661e-01
1.2811332413e+00,2.1569171240e+00,5.5310635042e-01,2.5354534668e-01,2.9956100374e-01,9.1294526739e-01
1.2820928917e+00,2.1581594134e+00,5.5302400152e-01,2.5339226103e-01,2.9963174049e-01,9.1327004869e-01
1.2830525420e+00,2.1594024183e+00,5.5294175911e-01,2.5323946931e-01,2.9970228980e-01,9.1359567245e-01
1.2840121924e+00,2.1606461391e+00,5.5285962346e-01,2.5308697140e-01,2.9977265206e-01,9.1392214063e-01
1.2849718428e+00,2.1618905763e+00,5.5277759486e-01,2.5293476721e-01,2.9984282765e-01,9.1424945519e-01
1.2859314931e+00,2.1631357301e+00,5.5269567359e-01,2.5278285662e-01,2.9991281697e-01,9.1457761808e-01
1.2868911435e+00,2.1643816012e+00,5.5261385994e-01,2.5263123954e-01,2.9998262040e-01,9.1490663127e-01
1.2878507939e+00,2.1656281898e+00,5.5253215419e-01,2.5247991585e-01,3.0005223834e-01,9.1523649671e-01
1.2888104442e+00,2.1668754964e+00,5.5245055661e-01,2.5232888545e-01,3.0012167116e-01,9.1556721638e-01
1.2897700946e+00,2.1681235214e+00,5.5236906749e-01,2.5217814822e-01,3.0019091927e-01,9.1589879222e-01
1.2907297450e+00,2.1693722652e+00,5.5228768710e-01,2.5202770406e-01,3.0025998304e-01,9.1623122622e-01
1.2916893953e+00,2.1706217282e+00,5.5220641573e-01,2.5187755286e-01,3.0032886286e-01,9.1656452034e-01
1.2926490457e+00,2.1718719108e+00,5.5212525364e-01,2.5172769452e-01,3.0039755913e-01,9.1689867655e-01
1.2936086961e+00,2.1731228135e+00,5.5204420113e-01,2.5157812891e-01,3.0046607222e-01,9.1723369682e-01
1.2945683464e+00,2.1743744367e+00,5.5196325846e-01,2.5142885594e-01,3.0053440252e-01,9.1756958313e-01
1.2955279968e+00,2.1756267808e+00,5.5188242591e-01,2.5127987548e-01,3.0060255043e-01,9.1790633746e-01
1.2964876472e+00,2.1768798461e+00,5.5180170376e-01,2.5113118744e-01,3.0067051632e-01,9.1824396178e-01
1.2974472975e+00,2.1781336331e+00,5.5172109227e-01,2.5098279169e-01,3.0073830058e-01,9.1858245807e-01
1.2984069479e+00,2.1793881423e+00,5.5164059173e-01,2.5083468814e-01,3.0080590359e-01,9.1892182831e-01
1.2993665983e+00,2.1806433740e+00,5.5156020240e-01,2.5068687665e-01,3.0087332574e-01,9.1926207450e-01
1.3003262486e+00,2.1818993287e+00,5.5147992456e-01,2.5053935714e-01,3.0094056742e-01,9.1960319862e-01
1.3012858990e+00,2.1831560068e+00,5.5139975848e-01,2.5039212947e-01,3.0100762901e-01,9.1994520265e-01
1.3022455494e+00,2.1844134086e+00,5.5131970443e-01,2.5024519355e-01,3.0107451088e-01,9.2028808858e-01
1.3032051998e+00,2.1856715347e+00,5.5123976268e-01,2.5009854925e-01,3.0114121343e-01,9.2063185841e-01
1.3041648501e+00,2.1869303853e+00,5.5115993350e-01,2.4995219646e-01,3.0120773704e-01,9.2097651414e-01
1.3051245005e+00,2.1881899611e+00,5.5108021716e-01,2.4980613507e-01,3.0127408209e-01,9.2132205775e-01
1.3060841509e+00,2.1894502623e+00,5.5100061393e-01,2.4966036497e-01,3.0134024896e-01,9.2166849126e-01
1.3070438012e+00,2.1907112893e+00,5.5092112408e-01,2.4951488604e-01,3.0140623803e-01,9.2201581665e-01
1.3080034516e+00,2.1919730427e+00,5.5084174786e-01,2.4936969817e-01,3.0147204970e-01,9.2236403594e-01
1.3089631020e+00,2.1932355227e+00,5.5076248556e-01,2.4922480124e-01,3.0153768432e-01,9.2271315112e-01
1.3099227523e+00,2.1944987299e+00,5.5068333744e-01,2.4908019514e-01,3.0160314230e-01,9.2306316421e-01
1.3108824027e+00,2.1957626647e+00,5.5060430375e-01,2.4893587975e-01,3.0166842401e-01,9.2341407722e-01
1.3118420531e+00,2.1970273274e+00,5.5052538477e-01,2.4879185495e-01,3.0173352982e-01,9.2376589215e-01
1.3128017034e+00,2.1982927185e+00,5.5044658076e-01,2.4864812064e-01,3.0179846012e-01,9.2411861102e-01
1.3137613538e+00,2.1995588385e+00,5.5036789199e-01,2.4850467669e-01,3.0186321530e-01,9.2447223585e-01
1.3147210042e+00,2.2008256876e+00,5.5028931871e-01,2.4836152299e-01,3.0192779572e-01,9.2482676866e-01
1.3156806545e+00,2.2020932664e+00,5.5021086119e-01,2.4821865943e-01,3.0199220177e-01,9.2518221146e-01
1.3166403049e+00,2.2033615753e+00,5.5013251970e-01,2.4807608588e-01,3.0205643382e-01,9.2553856629e-01
1.3175999553e+00,2.2046306146e+00,5.5005429448e-01,2.4793380222e-01,3.0212049226e-01,9.2589583516e-01
1.3185596056e+00,2.2059003849e+00,5.4997618581e-01,2.4779180835e-01,3.0218437746e-01,9.2625402011e-01
1.3195192560e+00,2.2071708865e+00,5.4989819394e-01,2.4765010415e-01,3.0224808980e-01,9.2661312316e-01
1.3204789064e+00,2.2084421199e+00,5.4982031914e-01,2.4750868949e-01,3.0231162966e-01,9.2697314635e-01
1.3214385567e+00,2.2097140854e+00,5.4974256166e-01,2.4736756425e-01,3.0237499741e-01,9.2733409171e-01
1.3223982071e+00,2.2109867835e+00,5.4966492176e-01,2.4722672833e-01,3.0243819343e-01,9.2769596128e-01
1.3233578575e+00,2.2122602147e+00,5.4958739970e-01,2.4708618160e-01,3.0250121810e-01,9.2805875710e-01
1.3243175078e+00,2.2135343793e+00,5.4950999574e-01,2.4694592394e-01,3.0256407179e-01,9.2842248121e-01
1.3252771582e+00,2.2148092777e+00,5.4943271013e-01,2.4680595524e-01,3.0262675488e-01,9.2878713566e-01
1.3262368086e+00,2.2160849105e+00,5.4935554313e-01,2.4666627538e-01,3.0268926775e-01,9.2915272249e-01
1.3271964590e+00,2.2173612779e+00,5.4927849499e-01,2.4652688423e-01,3.0275161077e-01,9.2951924376e-01
1.3281561093e+00,2.2186383805e+00,5.4920156598e-01,2.4638778168e-01,3.0281378431e-01,9.2988670151e-01
1.3291157597e+00,2.2199162186e+00,5.4912475635e-01,2.4624896760e-01,3.0287578874e-01,9.3025509781e-01
1.3300754101e+00,2.2211947927e+00,5.4904806634e-01,2.4611044189e-01,3.0293762445e-01,9.3062443470e-01
1.3310350604e+00,2.2224741032e+00,5.4897149622e-01,2.4597220441e-01,3.0299929181e-01,9.3099471425e-01
1.3319947108e+00,2.2237541506e+00,5.4889504624e-01,2.4583425505e-01,3.0306079119e-01,9.3136593853e-01
1.3329543612e+00,2.2250349352e+00,5.4881871665e-01,2.4569659369e-01,3.0312212296e-01,9.3173810958e-01
1.3339140115e+00,2.2263164574e+00,5.4874250770e-01,2.4555922021e-01,3.0318328749e-01,9.3211122950e-01
1.3348736619e+00,2.2275987178e+00,5.4866641965e-01,2.4542213448e-01,3.0324428516e-01,9.3248530033e-01
1.3358333123e+00,2.2288817167e+00,5.4859045274e-01,2.4528533640e-01,3.0330511634e-01,9.3286032416e-01
1.3367929626e+00,2.2301654545e+00,5.4851460723e-01,2.4514882582e-01,3.0336578141e-01,9.3323630307e-01
1.3377526130e+00,2.2314499318e+00,5.4843888337e-01,2.4501260265e-01,3.0342628072e-01,9.3361323912e-01
1.3387122634e+00,2.2327351488e+00,5.4836328140e-01,2.4487666674e-01,3.0348661466e-01,9.3399113441e-01
1.3396719137e+00,2.2340211060e+00,5.4828780159e-01,2.4474101799e-01,3.0354678360e-01,9.3436999101e-01
1.3406315641e+00,2.2353078039e+00,5.4821244417e-01,2.4460565627e-01,3.0360678790e-01,9.3474981101e-01
1.3415912145e+00,2.2365952429e+00,5.4813720940e-01,2.4447058146e-01,3.0366662793e-01,9.3513059650e-01
1.3425508648e+00,2.2378834234e+00,5.4806209751e-01,2.4433579344e-01,3.0372630407e-01,9.3551234958e-01
1.3435105152e+00,2.2391723458e+00,5.4798710877e-01,2.4420129209e-01,3.0378581668e-01,9.3589507233e-01
1.3444701656e+00,2.2404620106e+00,5.4791224342e-01,2.4406707728e-01,3.0384516614e-01,9.3627876685e-01
1.3454298159e+00,2.2417524182e+00,5.4783750170e-01,2.4393314889e-01,3.0390435281e-01,9.3666343525e-01
1.3463894663e+00,2.2430435690e+00,5.4776288387e-01,2.4379950681e-01,3.0396337706e-01,9.3704907963e-01
1.3473491167e+00,2.2443354635e+00,5.4768839016e-01,2.4366615090e-01,3.0402223926e-01,9.3743570209e-01
1.3483087670e+00,2.2456281020e+00,5.4761402082e-01,2.4353308104e-01,3.0408093978e-01,9.3782330475e-01
1.3492684174e+00,2.2469214850e+00,5.4753977610e-01,2.4340029713e-01,3.0413947898e-01,9.3821188970e-01
1.3502280678e+00,2.2482156130e+00,5.4746565625e-01,2.4326779902e-01,3.0419785723e-01,9.3860145908e-01
1.3511877182e+00,2.2495104863e+00,5.4739166150e-01,2.4313558660e-01,3.0425607490e-01,9.3899201499e-01
1.3521473685e+00,2.2508061054e+00,5.4731779210e-01,2.4300365975e-01,3.0431413235e-01,9.3938355956e-01
1.3531070189e+00,2.2521024707e+00,5.4724404829e-01,2.4287201834e-01,3.0437202995e-01,9.3977609490e-01
1.3540666693e+00,2.2533995827e+00,5.4717043032e-01,2.4274066225e-01,3.0442976807e-01,9.4016962315e-01
1.3550263196e+00,2.2546974417e+00,5.4709693843e-01,2.4260959136e-01,3.0448734707e-01,9.4056414644e-01
1.3559859700e+00,2.2559960483e+00,5.4702357286e-01,2.4247880554e-01,3.0454476732e-01,9.4095966689e-01
1.3569456204e+00,2.2572954028e+00,5.4695033385e-01,2.4234830467e-01,3.0460202918e-01,9.4135618665e-01
1.3579052707e+00,2.2585955057e+00,5.4687722165e-01,2.4221808863e-01,3.0465913302e-01,9.4175370784e-01
1.3588649211e+00,2.2598963574e+00,5.4680423649e-01,2.4208815730e-01,3.0471607919e-01,9.4215223262e-01
1.3598245715e+00,2.2611979583e+00,5.4673137862e-01,2.4195851055e-01,3.0477286808e-01,9.4255176312e-01
1.3607842218e+00,2.2625003088e+00,5.4665864828e-01,2.4182914825e-01,3.0482950002e-01,9.4295230150e-01
1.3617438722e+00,2.2638034095e+00,5.4658604570e-01,2.4170007029e-01,3.0488597540e-01,9.4335384989e-01
1.3627035226e+00,2.2651072607e+00,5.4651357112e-01,2.4157127655e-01,3.0494229458e-01,9.4375641047e-01
1.3636631729e+00,2.2664118629e+00,5.4644122479e-01,2.4144276689e-01,3.0499845790e-01,9.4415998538e-01
1.3646228233e+00,2.2677172164e+00,5.4636900694e-01,2.4131454119e-01,3.0505446575e-01,9.4456457678e-01
1.3655824737e+00,2.2690233218e+00,5.4629691782e-01,2.4118659934e-01,3.0511031848e-01,9.4497018684e-01
1.3665421240e+00,2.2703301795e+00,5.4622495765e-01,2.4105894120e-01,3.0516601645e-01,9.4537681772e-01
1.3675017744e+00,2.2716377898e+00,5.4615312668e-01,2.4093156666e-01,3.0522156002e-01,9.4578447160e-01
1.3684614248e+00,2.2729461533e+00,5.4608142514e-01,2.4080447559e-01,3.0527694956e-01,9.4619315064e-01
1.3694210751e+00,2.2742552703e+00,5.4600985328e-01,2.4067766786e-01,3.0533218542e-01,9.4660285701e-01
1.3703807255e+00,2.2755651413e+00,5.4593841132e-01,2.4055114336e-01,3.0538726797e-01,9.4701359291e-01
1.3713403759e+00,2.2768757667e+00,5.4586709951e-01,2.4042490195e-01,3.0544219756e-01,9.4742536051e-01
1.3723000262e+00,2.2781871470e+00,5.4579591807e-01,2.4029894352e-01,3.0549697455e-01,9.4783816200e-01
1.3732596766e+00,2.2794992826e+00,5.4572486725e-01,2.4017326794e-01,3.0555159931e-01,9.4825199956e-01
1.3742193270e+00,2.2808121740e+00,5.4565394728e-01,2.4004787509e-01,3.0560607219e-01,9.4866687539e-01
1.3751789774e+00,2.2821258215e+00,5.4558315840e-01,2.3992276485e-01,3.0566039355e-01,9.4908279168e-01
1.3761386277e+00,2.2834402256e+00,5.4551250084e-01,2.3979793708e-01,3.0571456375e-01,9.4949975063e-01
1.3770982781e+00,2.2847553867e+00,5.4544197482e-01,2.3967339167e-01,3.0576858315e-01,9.4991775445e-01
1.3780579285e+00,2.2860713053e+00,5.4537158060e-01,2.3954912850e-01,3.0582245210e-01,9.5033680534e-01
1.3790175788e+00,2.2873879819e+00,5.4530131840e-01,2.3942514743e-01,3.0587617097e-01,9.5075690551e-01
1.3799772292e+00,2.2887054167e+00,5.4523118845e-01,2.3930144835e-01,3.0592974010e-01,9.5117805716e-01
1.3809368796e+00,2.2900236104e+00,5.4516119099e-01,2.3917803113e-01,3.0598315986e-01,9.5160026253e-01
1.3818965299e+00,2.2913425633e+00,5.4509132625e-01,2.3905489564e-01,3.0603643061e-01,9.5202352381e-01
1.3828561803e+00,2.2926622758e+00,5.4502159446e-01,2.3893204178e-01,3.0608955269e-01,9.5244784325e-01
1.3838158307e+00,2.2939827485e+00,5.4495199586e-01,2.3880946940e-01,3.0614252646e-01,9.5287322306e-01
1.3847754810e+00,2.2953039817e+00,5.4488253067e-01,2.3868717838e-01,3.0619535228e-01,9.5329966547e-01
1.3857351314e+00,2.2966259758e+00,5.4481319913e-01,2.3856516862e-01,3.0624803051e-01,9.5372717272e-01
1.3866947818e+00,2.2979487314e+00,5.4474400147e-01,2.3844343997e-01,3.0630056150e-01,9.5415574705e-01
1.3876544321e+00,2.2992722488e+00,5.4467493791e-01,2.3832199231e-01,3.0635294560e-01,9.5458539068e-01
1.3886140825e+00,2.3005965285e+00,5.4460600870e-01,2.3820082553e-01,3.0640518317e-01,9.5501610588e-01
1.3895737329e+00,2.3019215709e+00,5.4453721406e-01,2.3807993950e-01,3.0645727456e-01,9.5544789487e-01
1.3905333832e+00,2.3032473765e+00,5.4446855421e-01,2.3795933409e-01,3.0650922012e-01,9.5588075992e-01
1.3914930336e+00,2.3045739456e+00,5.4440002940e-01,2.3783900919e-01,3.0656102021e-01,9.5631470329e-01
1.3924526840e+00,2.3059012789e+00,5.4433163985e-01,2.3771896466e-01,3.0661267518e-01,9.5674972721e-01
1.3934123343e+00,2.3072293766e+00,5.4426338578e-01,2.3759920039e-01,3.0666418539e-01,9.5718583397e-01
1.3943719847e+00,2.3085582393e+00,5.4419526743e-01,2.3747971625e-01,3.0671555118e-01,9.5762302582e-01
1.3953316351e+00,2.3098878673e+00,5.4412728503e-01,2.3736051213e-01,3.0676677290e-01,9.5806130503e-01
1.3962912854e+00,2.3112182611e+00,5.4405943880e-01,2.3724158788e-01,3.0681785092e-01,9.5850067388e-01
1.3972509358e+00,2.3125494212e+00,5.4399172898e-01,2.3712294340e-01,3.0686878558e-01,9.5894113464e-01
1.3982105862e+00,2.3138813479e+00,5.4392415578e-01,2.3700457856e-01,3.0691957722e-01,9.5938268959e-01
1.3991702366e+00,2.3152140418e+00,5.4385671944e-01,2.3688649324e-01,3.0697022621e-01,9.5982534102e-01
1.4001298869e+00,2.3165475033e+00,5.4378942019e-01,2.3676868731e-01,3.0702073289e-01,9.6026909121e-01
1.4010895373e+00,2.3178817328e+00,5.4372225825e-01,2.3665116065e-01,3.0707109760e-01,9.6071394246e-01
1.4020491877e+00,2.3192167307e+00,5.4365523385e-01,2.3653391314e-01,3.0712132071e-01,9.6115989706e-01
1.4030088380e+00,2.3205524975e+00,5.4358834722e-01,2.3641694465e-01,3.0717140256e-01,9.6160695730e-01
1.4039684884e+00,2.3218890337e+00,5.4352159858e-01,2.3630025507e-01,3.0722134350e-01,9.6205512550e-01
1.4049281388e+00,2.3232263397e+00,5.4345498815e-01,2.3618384427e-01,3.0727114388e-01,9.6250440395e-01
1.4058877891e+00,2.3245644159e+00,5.4338851617e-01,2.3606771213e-01,3.0732080404e-01,9.6295479497e-01
1.4068474395e+00,2.3259032627e+00,5.4332218286e-01,2.3595185853e-01,3.0737032434e-01,9.6340630087e-01
1.4078070899e+00,2.3272428807e+00,5.4325598845e-01,2.3583628334e-01,3.0741970511e-01,9.6385892398e-01
1.4087667402e+00,2.3285832703e+00,5.4318993316e-01,2.3572098644e-01,3.0746894672e-01,9.6431266660e-01
1.4097263906e+00,2.3299244318e+00,5.4312401721e-01,2.3560596771e-01,3.0751804950e-01,9.6476753108e-01
1.4106860410e+00,2.3312663658e+00,5.4305824083e-01,2.3549122702e-01,3.0756701381e-01,9.6522351973e-01
1.4116456913e+00,2.3326090727e+00,5.4299260425e-01,2.3537676427e-01,3.0761583998e-01,9.6568063490e-01
1.4126053417e+00,2.3339525530e+00,5.4292710769e-01,2.3526257932e-01,3.0766452837e-01,9.6613887891e-01
1.4135649921e+00,2.3352968070e+00,5.4286175137e-01,2.3514867205e-01,3.0771307932e-01,9.6659825412e-01
1.4145246424e+00,2.3366418352e+00,5.4279653552e-01,2.3503504234e-01,3.0776149318e-01,9.6705876287e-01
1.4154842928e+00,2.3379876382e+00,5.4273146036e-01,2.3492169008e-01,3.0780977029e-01,9.6752040750e-01
1.4164439432e+00,2.3393342162e+00,5.4266652612e-01,2.3480861513e-01,3.0785791099e-01,9.6798319037e-01
1.4174035935e+00,2.3406815699e+00,5.4260173301e-01,2.3469581738e-01,3.0790591563e-01,9.6844711385e-01
1.4183632439e+00,2.3420296995e+00,5.4253708127e-01,2.3458329671e-01,3.0795378457e-01,9.6891218028e-01
1.4193228943e+00,2.3433786056e+00,5.4247257111e-01,2.3447105299e-01,3.0800151812e-01,9.6937839204e-01
1.4202825446e+00,2.3447282886e+00,5.4240820276e-01,2.3435908611e-01,3.0804911666e-01,9.6984575150e-01
1.4212421950e+00,2.3460787490e+00,5.4234397644e-01,2.3424739594e-01,3.0809658050e-01,9.7031426103e-01
1.4222018454e+00,2.3474299872e+00,5.4227989237e-01,2.3413598236e-01,3.0814391001e-01,9.7078392302e-01
1.4231614958e+00,2.3487820036e+00,5.4221595078e-01,2.3402484526e-01,3.0819110552e-01,9.7125473983e-01
1.4241211461e+00,2.3501347987e+00,5.4215215188e-01,2.3391398451e-01,3.0823816737e-01,9.7172671386e-01
1.4250807965e+00,2.3514883730e+00,5.4208849590e-01,2.3380340000e-01,3.0828509590e-01,9.7219984751e-01
1.4260404469e+00,2.3528427269e+00,5.4202498307e-01,2.3369309160e-01,3.0833189147e-01,9.7267414316e-01
1.4270000972e+00,2.3541978608e+00,5.4196161359e-01,2.3358305919e-01,3.0837855440e-01,9.7314960321e-01
1.4279597476e+00,2.3555537753e+00,5.4189838770e-01,2.3347330265e-01,3.0842508504e-01,9.7362623007e-01
1.4289193980e+00,2.3569104706e+00,5.4183530561e-01,2.3336382187e-01,3.0847148374e-01,9.7410402615e-01
1.4298790483e+00,2.3582679474e+00,5.4177236755e-01,2.3325461673e-01,3.0851775082e-01,9.7458299386e-01
1.4308386987e+00,2.3596262060e+00,5.4170957373e-01,2.3314568710e-01,3.0856388664e-01,9.7506313561e-01
1.4317983491e+00,2.3609852469e+00,5.4164692439e-01,2.3303703286e-01,3.0860989152e-01,9.7554445383e-01
1.4327579994e+00,2.3623450706e+00,5.4158441973e-01,2.3292865391e-01,3.0865576582e-01,9.7602695093e-01
1.4337176498e+00,2.3637056775e+00,5.4152205997e-01,2.3282055011e-01,3.0870150987e-01,9.7651062936e-01
1.4346773002e+00,2.3650670680e+00,5.4145984535e-01,2.3271272135e-01,3.0874712400e-01,9.7699549154e-01
1.4356369505e+00,2.3664292426e+00,5.4139777608e-01,2.3260516751e-01,3.0879260856e-01,9.7748153991e-01
1.4365966009e+00,2.3677922018e+00,5.4133585237e-01,2.3249788848e-01,3.0883796389e-01,9.7796877692e-01
1.4375562513e+00,2.3691559459e+00,5.4127407445e-01,2.3239088413e-01,3.0888319032e-01,9.7845720500e-01
1.4385159016e+00,2.3705204756e+00,5.4121244255e-01,2.3228415435e-01,3.0892828819e-01,9.7894682662e-01
1.4394755520e+00,2.3718857911e+00,5.4115095687e-01,2.3217769902e-01,3.0897325785e-01,9.7943764423e-01
1.4404352024e+00,2.3732518930e+00,5.4108961763e-01,2.3207151802e-01,3.0901809961e-01,9.7992966028e-01
1.4413948527e+00,2.3746187817e+00,5.4102842507e-01,2.3196561124e-01,3.0906281383e-01,9.8042287725e-01
1.4423545031e+00,2.3759864577e+00,5.4096737938e-01,2.3185997855e-01,3.0910740084e-01,9.8091729760e-01
1.4433141535e+00,2.3773549214e+00,5.4090648081e-01,2.3175461984e-01,3.0915186097e-01,9.8141292380e-01
1.4442738038e+00,2.3787241733e+00,5.4084572956e-01,2.3164953499e-01,3.0919619456e-01,9.8190975834e-01
1.4452334542e+00,2.3800942138e+00,5.4078512585e-01,2.3154472390e-01,3.0924040195e-01,9.8240780370e-01
1.4461931046e+00,2.3814650434e+00,5.4072466990e-01,2.3144018643e-01,3.0928448347e-01,9.8290706235e-01
1.4471527550e+00,2.3828366625e+00,5.4066436193e-01,2.3133592247e-01,3.0932843946e-01,9.8340753681e-01
1.4481124053e+00,2.3842090716e+00,5.4060420216e-01,2.3123193192e-01,3.0937227024e-01,9.8390922955e-01
1.4490720557e+00,2.3855822712e+00,5.4054419081e-01,2.3112821464e-01,3.0941597617e-01,9.8441214309e-01
1.4500317061e+00,2.3869562617e+00,5.4048432809e-01,2.3102477053e-01,3.0945955756e-01,9.8491627993e-01
1.4509913564e+00,2.3883310435e+00,5.4042461422e-01,2.3092159947e-01,3.0950301475e-01,9.8542164257e-01
1.4519510068e+00,2.3897066171e+00,5.4036504943e-01,2.3081870134e-01,3.0954634808e-01,9.8592823354e-01
1.4529106572e+00,2.3910829831e+00,5.4030563392e-01,2.3071607604e-01,3.0958955788e-01,9.8643605536e-01
1.4538703075e+00,2.3924601417e+00,5.4024636792e-01,2.3061372344e-01,3.0963264449e-01,9.8694511054e-01
1.4548299579e+00,2.3938380935e+00,5.4018725165e-01,2.3051164343e-01,3.0967560822e-01,9.8745540162e-01
1.4557896083e+00,2.3952168390e+00,5.4012828532e-01,2.3040983589e-01,3.0971844943e-01,9.8796693113e-01
1.4567492586e+00,2.3965963785e+00,5.4006946914e-01,2.3030830071e-01,3.0976116843e-01,9.8847970161e-01
1.4577089090e+00,2.3979767126e+00,5.4001080335e-01,2.3020703779e-01,3.0980376556e-01,9.8899371560e-01
1.4586685594e+00,2.3993578418e+00,5.3995228815e-01,2.3010604699e-01,3.0984624116e-01,9.8950897565e-01
1.4596282097e+00,2.4007397664e+00,5.3989392376e-01,2.3000532821e-01,3.0988859554e-01,9.9002548431e-01
1.4605878601e+00,2.4021224869e+00,5.3983571039e-01,2.2990488134e-01,3.0993082905e-01,9.9054324415e-01
1.4615475105e+00,2.4035060038e+00,5.3977764828e-01,2.2980470626e-01,3.0997294202e-01,9.9106225772e-01
1.4625071608e+00,2.4048903175e+00,5.3971973763e-01,2.2970480286e-01,3.1001493477e-01,9.9158252759e-01
1.4634668112e+00,2.4062754286e+00,5.3966197865e-01,2.2960517102e-01,3.1005680763e-01,9.9210405634e-01
1.4644264616e+00,2.4076613374e+00,5.3960437158e-01,2.2950581064e-01,3.1009856093e-01,9.9262684653e-01
1.4653861119e+00,2.4090480445e+00,5.3954691661e-01,2.2940672160e-01,3.1014019501e-01,9.9315090076e-01
1.4663457623e+00,2.4104355502e+00,5.3948961398e-01,2.2930790379e-01,3.1018171019e-01,9.9367622161e-01
1.4673054127e+00,2.4118238550e+00,5.3943246389e-01,2.2920935710e-01,3.1022310679e-01,9.9420281167e-01
1.4682650630e+00,2.4132129595e+00,5.3937546657e-01,2.2911108141e-01,3.1026438516e-01,9.9473067354e-01
1.4692247134e+00,2.4146028640e+00,5.3931862222e-01,2.2901307662e-01,3.1030554561e-01,9.9525980982e-01
1.4701843638e+00,2.4159935691e+00,5.3926193108e-01,2.2891534260e-01,3.1034658847e-01,9.9579022311e-01
1.4711440142e+00,2.4173850751e+00,5.3920539334e-01,2.2881787926e-01,3.1038751408e-01,9.9632191603e-01
1.4721036645e+00,2.4187773826e+00,5.3914900923e-01,2.2872068648e-01,3.1042832275e-01,9.9685489120e-01
1.4730633149e+00,2.4201704920e+00,5.3909277897e-01,2.2862376415e-01,3.1046901482e-01,9.9738915124e-01
1.4740229653e+00,2.4215644038e+00,5.3903670277e-01,2.2852711216e-01,3.1050959061e-01,9.9792469877e-01
1.4749826156e+00,2.4229591184e+00,5.3898078085e-01,2.2843073040e-01,3.1055005045e-01,9.9846153642e-01
1.4759422660e+00,2.4243546363e+00,5.3892501342e-01,2.2833461876e-01,3.1059039466e-01,9.9899966684e-01
1.4769019164e+00,2.4257509579e+00,5.3886940070e-01,2.2823877712e-01,3.1063062358e-01,9.9953909267e-01
1.4778615667e+00,2.4271480838e+00,5.3881394290e-01,2.2814320539e-01,3.1067073751e-01,1.0000798165e+00
1.4788212171e+00,2.4285460143e+00,5.3875864025e-01,2.2804790345e-01,3.1071073680e-01,1.0006218411e+00
1.4797808675e+00,2.4299447500e+00,5.3870349296e-01,2.2795287120e-01,3.1075062176e-01,1.0011651691e+00
1.4807405178e+00,2.4313442913e+00,5.3864850123e-01,2.2785810851e-01,3.1079039272e-01,1.0017098030e+00
1.4817001682e+00,2.4327446387e+00,5.3859366530e-01,2.2776361530e-01,3.1083005000e-01,1.0022557457e+00
1.4826598186e+00,2.4341457926e+00,5.3853898537e-01,2.2766939144e-01,3.1086959393e-01,1.0028029997e+00
1.4836194689e+00,2.4355477536e+00,5.3848446166e-01,2.2757543683e-01,3.1090902484e-01,1.0033515678e+00
1.4845791193e+00,2.4369505219e+00,5.3843009439e-01,2.2748175136e-01,3.1094834303e-01,1.0039014526e+00
1.4855387697e+00,2.4383540983e+00,5.3837588377e-01,2.2738833493e-01,3.1098754884e-01,1.0044526568e+00
1.4864984200e+00,2.4397584830e+00,5.3832183002e-01,2.2729518742e-01,3.1102664260e-01,1.0050051832e+00
1.4874580704e+00,2.4411636766e+00,5.3826793335e-01,2.2720230874e-01,3.1106562461e-01,1.0055590343e+00
1.4884177208e+00,2.4425696795e+00,5.3821419398e-01,2.2710969877e-01,3.1110449521e-01,1.0061142130e+00
1.4893773711e+00,2.4439764922e+00,5.3816061212e-01,2.2701735741e-01,3.1114325472e-01,1.0066707219e+00
1.4903370215e+00,2.4453841152e+00,5.3810718800e-01,2.2692528455e-01,3.1118190345e-01,1.0072285637e+00
1.4912966719e+00,2.4467925489e+00,5.3805392182e-01,2.2683348009e-01,3.1122044173e-01,1.0077877412e+00
1.4922563222e+00,2.4482017938e+00,5.3800081380e-01,2.2674194391e-01,3.1125886989e-01,1.0083482571e+00
1.4932159726e+00,2.4496118503e+00,5.3794786416e-01,2.2665067593e-01,3.1129718823e-01,1.0089101141e+00
1.4941756230e+00,2.4510227190e+00,5.3789507311e-01,2.2655967602e-01,3.1133539709e-01,1.0094733150e+00
1.4951352734e+00,2.4524344003e+00,5.3784244087e-01,2.2646894409e-01,3.1137349677e-01,1.0100378624e+00
1.4960949237e+00,2.4538468947e+00,5.3778996765e-01,2.2637848004e-01,3.1141148761e-01,1.0106037593e+00
1.4970545741e+00,2.4552602026e+00,5.3773765367e-01,2.2628828375e-01,3.1144936992e-01,1.0111710082e+00
1.4980142245e+00,2.4566743245e+00,5.3768549914e-01,2.2619835512e-01,3.1148714402e-01,1.0117396120e+00
1.4989738748e+00,2.4580892608e+00,5.3763350429e-01,2.2610869405e-01,3.1152481024e-01,1.0123095734e+00
1.4999335252e+00,2.4595050121e+00,5.3758166932e-01,2.2601930044e-01,3.1156236887e-01,1.0128808952e+00
1.5008931756e+00,2.4609215788e+00,5.3752999445e-01,2.2593017419e-01,3.1159982026e-01,1.0134535802e+00
1.5018528259e+00,2.4623389614e+00,5.3747847989e-01,2.2584131518e-01,3.1163716471e-01,1.0140276311e+00
1.5028124763e+00,2.4637571604e+00,5.3742712587e-01,2.2575272333e-01,3.1167440254e-01,1.0146030508e+00
1.5037721267e+00,2.4651761762e+00,5.3737593259e-01,2.2566439852e-01,3.1171153408e-01,1.0151798420e+00
1.5047317770e+00,2.4665960092e+00,5.3732490028e-01,2.2557634065e-01,3.1174855963e-01,1.0157580075e+00
1.5056914274e+00,2.4680166600e+00,5.3727402914e-01,2.2548854963e-01,3.1178547951e-01,1.0163375502e+00
1.5066510778e+00,2.4694381291e+00,5.3722331940e-01,2.2540102535e-01,3.1182229405e-01,1.0169184728e+00
1.5076107281e+00,2.4708604168e+00,5.3717277127e-01,2.2531376772e-01,3.1185900355e-01,1.0175007781e+00
1.5085703785e+00,2.4722835238e+00,5.3712238496e-01,2.2522677662e-01,3.1189560834e-01,1.0180844691e+00
1.5095300289e+00,2.4737074504e+00,5.3707216069e-01,2.2514005196e-01,3.1193210873e-01,1.0186695484e+00
1.5104896792e+00,2.4751321971e+00,5.3702209868e-01,2.2505359364e-01,3.1196850504e-01,1.0192560190e+00
1.5114493296e+00,2.4765577643e+00,5.3697219914e-01,2.2496740156e-01,3.1200479758e-01,1.0198438837e+00
1.5124089800e+00,2.4779841527e+00,5.3692246229e-01,2.2488147563e-01,3.1204098666e-01,1.0204331453e+00
1.5133686303e+00,2.4794113626e+00,5.3687288834e-01,2.2479581573e-01,3.1207707261e-01,1.0210238067e+00
1.5143282807e+00,2.4808393945e+00,5.3682347750e-01,2.2471042178e-01,3.1211305573e-01,1.0216158706e+00
1.5152879311e+00,2.4822682489e+00,5.3677423000e-01,2.2462529367e-01,3.1214893634e-01,1.0222093401e+00
1.5162475814e+00,2.4836979262e+00,5.3672514605e-01,2.2454043130e-01,3.1218471475e-01,1.0228042179e+00
1.5172072318e+00,2.4851284270e+00,5.3667622587e-01,2.2445583459e-01,3.1222039128e-01,1.0234005070e+00
1.5181668822e+00,2.4865597517e+00,5.3662746967e-01,2.2437150342e-01,3.1225596625e-01,1.0239982101e+00
1.5191265326e+00,2.4879919007e+00,5.3657887766e-01,2.2428743771e-01,3.1229143995e-01,1.0245973302e+00
1.5200861829e+00,2.4894248746e+00,5.3653045007e-01,2.2420363735e-01,3.1232681272e-01,1.0251978703e+00
1.5210458333e+00,2.4908586739e+00,5.3648218710e-01,2.2412010225e-01,3.1236208485e-01,1.0257998331e+00
1.5220054837e+00,2.4922932989e+00,5.3643408898e-01,2.2403683231e-01,3.1239725667e-01,1.0264032215e+00
1.5229651340e+00,2.4937287502e+00,5.3638615592e-01,2.2395382744e-01,3.1243232848e-01,1.0270080386e+00
1.5239247844e+00,2.4951650283e+00,5.3633838814e-01,2.2387108754e-01,3.1246730060e-01,1.0276142871e+00
1.5248844348e+00,2.4966021337e+00,5.3629078585e-01,2.2378861251e-01,3.1250217334e-01,1.0282219701e+00
1.5258440851e+00,2.4980400667e+00,5.3624334927e-01,2.2370640227e-01,3.1253694700e-01,1.0288310904e+00
1.5268037355e+00,2.4994788279e+00,5.3619607862e-01,2.2362445671e-01,3.1257162191e-01,1.0294416510e+00
1.5277633859e+00,2.5009184178e+00,5.3614897410e-01,2.2354277574e-01,3.1260619836e-01,1.0300536548e+00
1.5287230362e+00,2.5023588368e+00,5.3610203594e-01,2.2346135926e-01,3.1264067668e-01,1.0306671048e+00
1.5296826866e+00,2.5038000854e+00,5.3605526436e-01,2.2338020719e-01,3.1267505717e-01,1.0312820039e+00
1.5306423370e+00,2.5052421642e+00,5.3600865957e-01,2.2329931943e-01,3.1270934014e-01,1.0318983551e+00
1.5316019873e+00,2.5066850735e+00,5.3596222178e-01,2.2321869588e-01,3.1274352590e-01,1.0325161613e+00
1.5325616377e+00,2.5081288138e+00,5.3591595122e-01,2.2313833646e-01,3.1277761476e-01,1.0331354254e+00
1.5335212881e+00,2.5095733857e+00,5.3586984810e-01,2.2305824106e-01,3.1281160703e-01,1.0337561506e+00
1.5344809384e+00,2.5110187896e+00,5.3582391263e-01,2.2297840961e-01,3.1284550302e-01,1.0343783397e+00
1.5354405888e+00,2.5124650260e+00,5.3577814503e-01,2.2289884200e-01,3.1287930304e-01,1.0350019958e+00
1.5364002392e+00,2.5139120954e+00,5.3573254553e-01,2.2281953814e-01,3.1291300739e-01,1.0356271218e+00
1.5373598895e+00,2.5153599982e+00,5.3568711433e-01,2.2274049795e-01,3.1294661638e-01,1.0362537208e+00
1.5383195399e+00,2.5168087349e+00,5.3564185165e-01,2.2266172132e-01,3.1298013033e-01,1.0368817957e+00
1.5392791903e+00,2.5182583060e+00,5.3559675772e-01,2.2258320818e-01,3.1301354953e-01,1.0375113495e+00
1.5402388406e+00,2.5197087121e+00,5.3555183274e-01,2.2250495843e-01,3.1304687430e-01,1.0381423854e+00
1.5411984910e+00,2.5211599535e+00,5.3550707693e-01,2.2242697199e-01,3.1308010495e-01,1.0387749062e+00
1.5421581414e+00,2.5226120307e+00,5.3546249052e-01,2.2234924875e-01,3.1311324177e-01,1.0394089151e+00
1.5431177918e+00,2.5240649443e+00,5.3541807372e-01,2.2227178864e-01,3.1314628508e-01,1.0400444150e+00
1.5440774421e+00,2.5255186947e+00,5.3537382674e-01,2.2219459156e-01,3.1317923518e-01,1.0406814091e+00
1.5450370925e+00,2.5269732824e+00,5.3532974980e-01,2.2211765742e-01,3.1321209238e-01,1.0413199003e+00
1.5459967429e+00,2.5284287079e+00,5.3528584313e-01,2.2204098614e-01,3.1324485699e-01,1.0419598917e+00
1.5469563932e+00,2.5298849716e+00,5.3524210693e-01,2.2196457763e-01,3.1327752930e-01,1.0426013865e+00
1.5479160436e+00,2.5313420741e+00,5.3519854143e-01,2.2188843180e-01,3.1331010963e-01,1.0432443875e+00
1.5488756940e+00,2.5328000158e+00,5.3515514684e-01,2.2181254856e-01,3.1334259828e-01,1.0438888981e+00
1.5498353443e+00,2.5342587972e+00,5.3511192339e-01,2.2173692783e-01,3.1337499555e-01,1.0445349211e+00
1.5507949947e+00,2.5357184188e+00,5.3506887128e-01,2.2166156953e-01,3.1340730175e-01,1.0451824598e+00
1.5517546451e+00,2.5371788811e+00,5.3502599074e-01,2.2158647355e-01,3.1343951719e-01,1.0458315171e+00
1.5527142954e+00,2.5386401845e+00,5.3498328199e-01,2.2151163983e-01,3.1347164216e-01,1.0464820963e+00
1.5536739458e+00,2.5401023296e+00,5.3494074523e-01,2.2143706826e-01,3.1350367697e-01,1.0471342003e+00
1.5546335962e+00,2.5415653169e+00,5.3489838070e-01,2.2136275878e-01,3.1353562193e-01,1.0477878324e+00
1.5555932465e+00,2.5430291467e+00,5.3485618861e-01,2.2128871129e-01,3.1356747733e-01,1.0484429957e+00
1.5565528969e+00,2.5444938197e+00,5.3481416918e-01,2.2121492570e-01,3.1359924348e-01,1.0490996932e+00
1.5575125473e+00,2.5459593362e+00,5.3477232263e-01,2.2114140194e-01,3.1363092068e-01,1.0497579282e+00
1.5584721976e+00,2.5474256968e+00,5.3473064917e-01,2.2106813993e-01,3.1366250924e-01,1.0504177037e+00
1.5594318480e+00,2.5488929020e+00,5.3468914902e-01,2.2099513956e-01,3.1369400946e-01,1.0510790229e+00
1.5603914984e+00,2.5503609522e+00,5.3464782241e-01,2.2092240078e-01,3.1372542163e-01,1.0517418890e+00
1.5613511487e+00,2.5518298479e+00,5.3460666955e-01,2.2084992348e-01,3.1375674606e-01,1.0524063051e+00
1.5623107991e+00,2.5532995897e+00,5.3456569066e-01,2.2077770760e-01,3.1378798306e-01,1.0530722744e+00
1.5632704495e+00,2.5547701780e+00,5.3452488596e-01,2.2070575304e-01,3.1381913292e-01,1.0537398001e+00
1.5642300999e+00,2.5562416132e+00,5.3448425567e-01,2.2063405973e-01,3.1385019594e-01,1.0544088853e+00
1.5651897502e+00,2.5577138960e+00,5.3444380000e-01,2.2056262758e-01,3.1388117242e-01,1.0550795333e+00
1.5661494006e+00,2.5591870267e+00,5.3440351919e-01,2.2049145652e-01,3.1391206267e-01,1.0557517472e+00
1.5671090510e+00,2.5606610059e+00,5.3436341344e-01,2.2042054645e-01,3.1394286699e-01,1.0564255303e+00
1.5680687013e+00,2.5621358340e+00,5.3432348298e-01,2.2034989732e-01,3.1397358567e-01,1.0571008857e+00
1.5690283517e+00,2.5636115115e+00,5.3428372803e-01,2.2027950902e-01,3.1400421901e-01,1.0577778167e+00
1.5699880021e+00,2.5650880390e+00,5.3424414880e-01,2.2020938149e-01,3.1403476731e-01,1.0584563264e+00
1.5709476524e+00,2.5665654169e+00,5.3420474553e-01,2.2013951465e-01,3.1406523088e-01,1.0591364182e+00
1.5719073028e+00,2.5680436457e+00,5.3416551841e-01,2.2006990841e-01,3.1409561001e-01,1.0598180953e+00
1.5728669532e+00,2.5695227259e+00,5.3412646769e-01,2.2000056270e-01,3.1412590500e-01,1.0605013609e+00
1.5738266035e+00,2.5710026580e+00,5.3408759358e-01,2.1993147743e-01,3.1415611614e-01,1.0611862182e+00
1.5747862539e+00,2.5724834424e+00,5.3404889629e-01,2.1986265255e-01,3.1418624374e-01,1.0618726705e+00
1.5757459043e+00,2.5739650798e+00,5.3401037605e-01,2.1979408795e-01,3.1421628810e-01,1.0625607211e+00
1.5767055546e+00,2.5754475705e+00,5.3397203308e-01,2.1972578358e-01,3.1424624951e-01,1.0632503733e+00
1.5776652050e+00,2.5769309150e+00,5.3393386760e-01,2.1965773934e-01,3.1427612826e-01,1.0639416303e+00
1.5786248554e+00,2.5784151139e+00,5.3389587984e-01,2.1958995517e-01,3.1430592466e-01,1.0646344955e+00
1.5795845057e+00,2.5799001676e+00,5.3385807000e-01,2.1952243099e-01,3.1433563901e-01,1.0653289720e+00
1.5805441561e+00,2.5813860766e+00,5.3382043832e-01,2.1945516673e-01,3.1436527159e-01,1.0660250633e+00
1.5815038065e+00,2.5828728414e+00,5.3378298502e-01,2.1938816231e-01,3.1439482271e-01,1.0667227726e+00
1.5824634568e+00,2.5843604626e+00,5.3374571031e-01,2.1932141765e-01,3.1442429266e-01,1.0674221032e+00
1.5834231072e+00,2.5858489406e+00,5.3370861442e-01,2.1925493268e-01,3.1445368174e-01,1.0681230585e+00
1.5843827576e+00,2.5873382758e+00,5.3367169758e-01,2.1918870733e-01,3.1448299025e-01,1.0688256418e+00
1.5853424079e+00,2.5888284689e+00,5.3363495999e-01,2.1912274152e-01,3.1451221847e-01,1.0695298564e+00
1.5863020583e+00,2.5903195202e+00,5.3359840189e-01,2.1905703518e-01,3.1454136671e-01,1.0702357056e+00
1.5872617087e+00,2.5918114304e+00,5.3356202350e-01,2.1899158824e-01,3.1457043525e-01,1.0709431930e+00
1.5882213591e+00,2.5933041998e+00,5.3352582503e-01,2.1892640063e-01,3.1459942440e-01,1.0716523216e+00
1.5891810094e+00,2.5947978289e+00,5.3348980672e-01,2.1886147227e-01,3.1462833445e-01,1.0723630951e+00
1.5901406598e+00,2.5962923183e+00,5.3345396878e-01,2.1879680309e-01,3.1465716569e-01,1.0730755166e+00
1.5911003102e+00,2.5977876685e+00,5.3341831144e-01,2.1873239302e-01,3.1468591842e-01,1.0737895897e+00
1.5920599605e+00,2.5992838800e+00,5.3338283492e-01,2.1866824199e-01,3.1471459292e-01,1.0745053176e+00
1.5930196109e+00,2.6007809532e+00,5.3334753944e-01,2.1860434994e-01,3.1474318950e-01,1.0752227039e+00
1.5939792613e+00,2.6022788886e+00,5.3331242523e-01,2.1854071678e-01,3.1477170845e-01,1.0759417518e+00
1.5949389116e+00,2.6037776868e+00,5.3327749251e-01,2.1847734245e-01,3.1480015006e-01,1.0766624648e+00
1.5958985620e+00,2.6052773483e+00,5.3324274150e-01,2.1841422688e-01,3.1482851462e-01,1.0773848464e+00
1.5968582124e+00,2.6067778734e+00,5.3320817243e-01,2.1835137000e-01,3.1485680242e-01,1.0781088998e+00
1.5978178627e+00,2.6082792628e+00,5.3317378552e-01,2.1828877175e-01,3.1488501377e-01,1.0788346287e+00
1.5987775131e+00,2.6097815170e+00,5.3313958099e-01,2.1822643205e-01,3.1491314894e-01,1.0795620363e+00
1.5997371635e+00,2.6112846363e+00,5.3310555907e-01,2.1816435084e-01,3.1494120823e-01,1.0802911263e+00
1.6006968138e+00,2.6127886215e+00,5.3307171999e-01,2.1810252805e-01,3.1496919194e-01,1.0810219019e+00
1.6016564642e+00,2.6142934728e+00,5.3303806397e-01,2.1804096361e-01,3.1499710035e-01,1.0817543667e+00
1.6026161146e+00,2.6157991909e+00,5.3300459123e-01,2.1797965746e-01,3.1502493376e-01,1.0824885242e+00
1.6035757649e+00,2.6173057761e+00,5.3297130199e-01,2.1791860953e-01,3.1505269246e-01,1.0832243778e+00
1.6045354153e+00,2.6188132292e+00,5.3293819649e-01,2.1785781976e-01,3.1508037673e-01,1.0839619310e+00
1.6054950657e+00,2.6203215504e+00,5.3290527494e-01,2.1779728807e-01,3.1510798687e-01,1.0847011873e+00
1.6064547160e+00,2.6218307404e+00,5.3287253758e-01,2.1773701441e-01,3.1513552317e-01,1.0854421502e+00
1.6074143664e+00,2.6233407996e+00,5.3283998463e-01,2.1767699871e-01,3.1516298591e-01,1.0861848233e+00
1.6083740168e+00,2.6248517285e+00,5.3280761631e-01,2.1761724091e-01,3.1519037540e-01,1.0869292099e+00
1.6093336671e+00,2.6263635277e+00,5.3277543285e-01,2.1755774093e-01,3.1521769191e-01,1.0876753137e+00
1.6102933175e+00,2.6278761975e+00,5.3274343447e-01,2.1749849873e-01,3.1524493574e-01,1.0884231382e+00
1.6112529679e+00,2.6293897387e+00,5.3271162141e-01,2.1743951423e-01,3.1527210718e-01,1.0891726870e+00
1.6122126183e+00,2.6309041515e+00,5.3267999388e-01,2.1738078738e-01,3.1529920651e-01,1.0899239635e+00
1.6131722686e+00,2.6324194366e+00,5.3264855212e-01,2.1732231810e-01,3.1532623402e-01,1.0906769713e+00
1.6141319190e+00,2.6339355944e+00,5.3261729635e-01,2.1726410635e-01,3.1535319001e-01,1.0914317140e+00
1.6150915694e+00,2.6354526255e+00,5.3258622680e-01,2.1720615205e-01,3.1538007475e-01,1.0921881952e+00
1.6160512197e+00,2.6369705303e+00,5.3255534370e-01,2.1714845515e-01,3.1540688855e-01,1.0929464184e+00
1.6170108701e+00,2.6384893093e+00,5.3252464726e-01,2.1709101559e-01,3.1543363168e-01,1.0937063872e+00
1.6179705205e+00,2.6400089631e+00,5.3249413773e-01,2.1703383330e-01,3.1546030443e-01,1.0944681053e+00
1.6189301708e+00,2.6415294922e+00,5.3246381532e-01,2.1697690823e-01,3.1548690709e-01,1.0952315762e+00
1.6198898212e+00,2.6430508970e+00,5.3243368027e-01,2.1692024031e-01,3.1551343995e-01,1.0959968035e+00
1.6208494716e+00,2.6445731781e+00,5.3240373280e-01,2.1686382950e-01,3.1553990330e-01,1.0967637909e+00
1.6218091219e+00,2.6460963359e+00,5.3237397314e-01,2.1680767572e-01,3.1556629742e-01,1.0975325419e+00
1.6227687723e+00,2.6476203710e+00,5.3234440152e-01,2.1675177892e-01,3.1559262259e-01,1.0983030603e+00
1.6237284227e+00,2.6491452839e+00,5.3231501817e-01,2.1669613905e-01,3.1561887911e-01,1.0990753496e+00
1.6246880730e+00,2.6506710751e+00,5.3228582331e-01,2.1664075605e-01,3.1564506726e-01,1.0998494135e+00
1.6256477234e+00,2.6521977450e+00,5.3225681718e-01,2.1658562985e-01,3.1567118733e-01,1.1006252557e+00
1.6266073738e+00,2.6537252943e+00,5.3222800000e-01,2.1653076041e-01,3.1569723959e-01,1.1014028798e+00
1.6275670241e+00,2.6552537234e+00,5.3219937201e-01,2.1647614766e-01,3.1572322435e-01,1.1021822896e+00
1.6285266745e+00,2.6567830327e+00,5.3217093343e-01,2.1642179156e-01,3.1574914187e-01,1.1029634886e+00
1.6294863249e+00,2.6583132229e+00,5.3214268449e-01,2.1636769204e-01,3.1577499245e-01,1.1037464806e+00
1.6304459752e+00,2.6598442944e+00,5.3211462542e-01,2.1631384905e-01,3.1580077637e-01,1.1045312692e+00
1.6314056256e+00,2.6613762477e+00,5.3208675646e-01,2.1626026254e-01,3.1582649392e-01,1.1053178583e+00
1.6323652760e+00,2.6629090834e+00,5.3205907783e-01,2.1620693245e-01,3.1585214538e-01,1.1061062514e+00
1.6333249263e+00,2.6644428019e+00,5.3203158976e-01,2.1615385873e-01,3.1587773103e-01,1.1068964524e+00
1.6342845767e+00,2.6659774038e+00,5.3200429248e-01,2.1610104133e-01,3.1590325116e-01,1.1076884649e+00
1.6352442271e+00,2.6675128895e+00,5.3197718623e-01,2.1604848018e-01,3.1592870605e-01,1.1084822928e+00
1.6362038775e+00,2.6690492596e+00,5.3195027124e-01,2.1599617525e-01,3.1595409598e-01,1.1092779396e+00
1.6371635278e+00,2.6705865146e+00,5.3192354773e-01,2.1594412648e-01,3.1597942125e-01,1.1100754093e+00
1.6381231782e+00,2.6721246550e+00,5.3189701593e-01,2.1589233381e-01,3.1600468212e-01,1.1108747056e+00
1.6390828286e+00,2.6736636813e+00,5.3187067609e-01,2.1584079720e-01,3.1602987889e-01,1.1116758322e+00
1.6400424789e+00,2.6752035940e+00,5.3184452843e-01,2.1578951660e-01,3.1605501183e-01,1.1124787929e+00
1.6410021293e+00,2.6767443936e+00,5.3181857318e-01,2.1573849194e-01,3.1608008123e-01,1.1132835916e+00
1.6419617797e+00,2.6782860806e+00,5.3179281057e-01,2.1568772320e-01,3.1610508738e-01,1.1140902319e+00
1.6429214300e+00,2.6798286556e+00,5.3176724085e-01,2.1563721031e-01,3.1613003054e-01,1.1148987178e+00
1.6438810804e+00,2.6813721191e+00,5.3174186423e-01,2.1558695322e-01,3.1615491101e-01,1.1157090530e+00
1.6448407308e+00,2.6829164715e+00,5.3171668096e-01,2.1553695189e-01,3.1617972906e-01,1.1165212414e+00
1.6458003811e+00,2.6844617134e+00,5.3169169126e-01,2.1548720627e-01,3.1620448498e-01,1.1173352868e+00
1.6467600315e+00,2.6860078453e+00,5.3166689537e-01,2.1543771632e-01,3.1622917905e-01,1.1181511930e+00
1.6477196819e+00,2.6875548677e+00,5.3164229352e-01,2.1538848197e-01,3.1625381155e-01,1.1189689640e+00
1.6486793322e+00,2.6891027811e+00,5.3161788596e-01,2.1533950320e-01,3.1627838276e-01,1.1197886035e+00
1.6496389826e+00,2.6906515860e+00,5.3159367290e-01,2.1529077994e-01,3.1630289295e-01,1.1206101154e+00
1.6505986330e+00,2.6922012830e+00,5.3156965458e-01,2.1524231216e-01,3.1632734242e-01,1.1214335036e+00
1.6515582833e+00,2.6937518725e+00,5.3154583125e-01,2.1519409981e-01,3.1635173144e-01,1.1222587719e+00
1.6525179337e+00,2.6953033551e+00,5.3152220313e-01,2.1514614284e-01,3.1637606029e-01,1.1230859244e+00
1.6534775841e+00,2.6968557313e+00,5.3149877045e-01,2.1509844121e-01,3.1640032924e-01,1.1239149648e+00
1.6544372344e+00,2.6984090016e+00,5.3147553346e-01,2.1505099487e-01,3.1642453859e-01,1.1247458971e+00
1.6553968848e+00,2.6999631665e+00,5.3145249239e-01,2.1500380379e-01,3.1644868860e-01,1.1255787253e+00
1.6563565352e+00,2.7015182266e+00,5.3142964747e-01,2.1495686791e-01,3.1647277956e-01,1.1264134531e+00
1.6573161855e+00,2.7030741822e+00,5.3140699894e-01,2.1491018719e-01,3.1649681175e-01,1.1272500847e+00
1.6582758359e+00,2.7046310341e+00,5.3138454704e-01,2.1486376160e-01,3.1652078544e-01,1.1280886238e+00
1.6592354863e+00,2.7061887826e+00,5.3136229200e-01,2.1481759108e-01,3.1654470092e-01,1.1289290746e+00
1.6601951367e+00,2.7077474283e+00,5.3134023405e-01,2.1477167560e-01,3.1656855845e-01,1.1297714409e+00
1.6611547870e+00,2.7093069718e+00,5.3131837344e-01,2.1472601511e-01,3.1659235833e-01,1.1306157267e+00
1.6621144374e+00,2.7108674134e+00,5.3129671040e-01,2.1468060958e-01,3.1661610082e-01,1.1314619360e+00
1.6630740878e+00,2.7124287538e+00,5.3127524517e-01,2.1463545897e-01,3.1663978621e-01,1.1323100728e+00
1.6640337381e+00,2.7139909935e+00,5.3125397799e-01,2.1459056322e-01,3.1666341476e-01,1.1331601411e+00
1.6649933885e+00,2.7155541330e+00,5.3123290908e-01,2.1454592231e-01,3.1668698677e-01,1.1340121448e+00
1.6659530389e+00,2.7171181727e+00,5.3121203870e-01,2.1450153619e-01,3.1671050251e-01,1.1348660881e+00
1.6669126892e+00,2.7186831133e+00,5.3119136708e-01,2.1445740483e-01,3.1673396225e-01,1.1357219750e+00
1.6678723396e+00,2.7202489552e+00,5.3117089445e-01,2.1441352819e-01,3.1675736626e-01,1.1365798094e+00
1.6688319900e+00,2.7218156989e+00,5.3115062106e-01,2.1436990622e-01,3.1678071484e-01,1.1374395955e+00
1.6697916403e+00,2.7233833451e+00,5.3113054714e-01,2.1432653890e-01,3.1680400824e-01,1.1383013372e+00
1.6707512907e+00,2.7249518941e+00,5.3111067293e-01,2.1428342618e-01,3.1682724676e-01,1.1391650387e+00
1.6717109411e+00,2.7265213466e+00,5.3109099868e-01,2.1424056802e-01,3.1685043066e-01,1.1400307040e+00
1.6726705914e+00,2.7280917029e+00,5.3107152462e-01,2.1419796440e-01,3.1687356021e-01,1.1408983372e+00
1.6736302418e+00,2.7296629638e+00,5.3105225098e-01,2.1415561528e-01,3.1689663571e-01,1.1417679424e+00
1.6745898922e+00,2.7312351296e+00,5.3103317802e-01,2.1411352061e-01,3.1691965741e-01,1.1426395237e+00
1.6755495425e+00,2.7328082009e+00,5.3101430597e-01,2.1407168037e-01,3.1694262560e-01,1.1435130851e+00
1.6765091929e+00,2.7343821782e+00,5.3099563507e-01,2.1403009452e-01,3.1696554055e-01,1.1443886310e+00
1.6774688433e+00,2.7359570621e+00,5.3097716556e-01,2.1398876302e-01,3.1698840254e-01,1.1452661652e+00
1.6784284936e+00,2.7375328531e+00,5.3095889768e-01,2.1394768585e-01,3.1701121183e-01,1.1461456921e+00
1.6793881440e+00,2.7391095516e+00,5.3094083168e-01,2.1390686297e-01,3.1703396871e-01,1.1470272156e+00
1.6803477944e+00,2.7406871582e+00,5.3092296779e-01,2.1386629434e-01,3.1705667345e-01,1.1479107401e+00
1.6813074447e+00,2.7422656735e+00,5.3090530626e-01,2.1382597994e-01,3.1707932632e-01,1.1487962696e+00
1.6822670951e+00,2.7438450979e+00,5.3088784733e-01,2.1378591973e-01,3.1710192760e-01,1.1496838084e+00
1.6832267455e+00,2.7454254320e+00,5.3087059123e-01,2.1374611368e-01,3.1712447755e-01,1.1505733606e+00
1.6841863959e+00,2.7470066763e+00,5.3085353822e-01,2.1370656176e-01,3.1714697646e-01,1.1514649304e+00
1.6851460462e+00,2.7485888313e+00,5.3083668854e-01,2.1366726394e-01,3.1716942460e-01,1.1523585220e+00
1.6861056966e+00,2.7501718976e+00,5.3082004242e-01,2.1362822019e-01,3.1719182223e-01,1.1532541396e+00
1.6870653470e+00,2.7517558757e+00,5.3080360011e-01,2.1358943048e-01,3.1721416963e-01,1.1541517875e+00
1.6880249973e+00,2.7533407660e+00,5.3078736186e-01,2.1355089477e-01,3.1723646708e-01,1.1550514698e+00
1.6889846477e+00,2.7549265692e+00,5.3077132790e-01,2.1351261305e-01,3.1725871485e-01,1.1559531909e+00
1.6899442981e+00,2.7565132858e+00,5.3075549849e-01,2.1347458528e-01,3.1728091320e-01,1.1568569550e+00
1.6909039484e+00,2.7581009162e+00,5.3073987386e-01,2.1343681144e-01,3.1730306242e-01,1.1577627663e+00
1.6918635988e+00,2.7596894610e+00,5.3072445426e-01,2.1339929149e-01,3.1732516277e-01,1.1586706291e+00
1.6928232492e+00,2.7612789208e+00,5.3070923993e-01,2.1336202542e-01,3.1734721452e-01,1.1595805478e+00
1.6937828995e+00,2.7628692960e+00,5.3069423113e-01,2.1332501318e-01,3.1736921795e-01,1.1604925264e+00
1.6947425499e+00,2.7644605872e+00,5.3067942809e-01,2.1328825477e-01,3.1739117332e-01,1.1614065695e+00
1.6957022003e+00,2.7660527949e+00,5.3066483106e-01,2.1325175014e-01,3.1741308092e-01,1.1623226813e+00
1.6966618506e+00,2.7676459197e+00,5.3065044029e-01,2.1321549928e-01,3.1743494101e-01,1.1632408661e+00
1.6976215010e+00,2.7692399620e+00,5.3063625601e-01,2.1317950216e-01,3.1745675385e-01,1.1641611282e+00
1.6985811514e+00,2.7708349224e+00,5.3062227849e-01,2.1314375876e-01,3.1747851973e-01,1.1650834720e+00
1.6995408017e+00,2.7724308015e+00,5.3060850796e-01,2.1310826905e-01,3.1750023891e-01,1.1660079018e+00
1.7005004521e+00,2.7740275997e+00,5.3059494467e-01,2.1307303301e-01,3.1752191165e-01,1.1669344220e+00
1.7014601025e+00,2.7756253176e+00,5.3058158887e-01,2.1303805062e-01,3.1754353825e-01,1.1678630370e+00
1.7024197528e+00,2.7772239557e+00,5.3056844080e-01,2.1300332185e-01,3.1756511895e-01,1.1687937511e+00
1.7033794032e+00,2.7788235146e+00,5.3055550072e-01,2.1296884668e-01,3.1758665403e-01,1.1697265687e+00
1.7043390536e+00,2.7804239947e+00,5.3054276886e-01,2.1293462509e-01,3.1760814377e-01,1.1706614943e+00
1.7052987039e+00,2.7820253966e+00,5.3053024549e-01,2.1290065706e-01,3.1762958843e-01,1.1715985321e+00
1.7062583543e+00,2.7836277209e+00,5.3051793084e-01,2.1286694257e-01,3.1765098827e-01,1.1725376868e+00
1.7072180047e+00,2.7852309680e+00,5.3050582517e-01,2.1283348159e-01,3.1767234358e-01,1.1734789626e+00
1.7081776551e+00,2.7868351386e+00,5.3049392872e-01,2.1280027411e-01,3.1769365461e-01,1.1744223640e+00
1.7091373054e+00,2.7884402331e+00,5.3048224174e-01,2.1276732011e-01,3.1771492163e-01,1.1753678956e+00
1.7100969558e+00,2.7900462520e+00,5.3047076449e-01,2.1273461956e-01,3.1773614493e-01,1.1763155616e+00
1.7110566062e+00,2.7916531959e+00,5.3045949721e-01,2.1270217246e-01,3.1775732475e-01,1.1772653666e+00
1.7120162565e+00,2.7932610654e+00,5.3044844015e-01,2.1266997877e-01,3.1777846138e-01,1.1782173151e+00
1.7129759069e+00,2.7948698609e+00,5.3043759357e-01,2.1263803849e-01,3.1779955507e-01,1.1791714116e+00
1.7139355573e+00,2.7964795830e+00,5.3042695771e-01,2.1260635160e-01,3.1782060610e-01,1.1801276606e+00
1.7148952076e+00,2.7980902323e+00,5.3041653282e-01,2.1257491808e-01,3.1784161474e-01,1.1810860665e+00
1.7158548580e+00,2.7997018092e+00,5.3040631916e-01,2.1254373791e-01,3.1786258125e-01,1.1820466340e+00
1.7168145084e+00,2.8013143143e+00,5.3039631697e-01,2.1251281107e-01,3.1788350590e-01,1.1830093674e+00
1.7177741587e+00,2.8029277482e+00,5.3038652651e-01,2.1248213756e-01,3.1790438895e-01,1.1839742715e+00
1.7187338091e+00,2.8045421113e+00,5.3037694803e-01,2.1245171736e-01,3.1792523068e-01,1.1849413506e+00
1.7196934595e+00,2.8061574042e+00,5.3036758179e-01,2.1242155044e-01,3.1794603135e-01,1.1859106095e+00
1.7206531098e+00,2.8077736274e+00,5.3035842803e-01,2.1239163681e-01,3.1796679122e-01,1.1868820526e+00
1.7216127602e+00,2.8093907816e+00,5.3034948701e-01,2.1236197644e-01,3.1798751057e-01,1.1878556846e+00
1.7225724106e+00,2.8110088671e+00,5.3034075897e-01,2.1233256932e-01,3.1800818966e-01,1.1888315099e+00
1.7235320609e+00,2.8126278846e+00,5.3033224419e-01,2.1230341544e-01,3.1802882875e-01,1.1898095334e+00
1.7244917113e+00,2.8142478345e+00,5.3032394290e-01,2.1227451478e-01,3.1804942811e-01,1.1907897595e+00
1.7254513617e+00,2.8158687175e+00,5.3031585536e-01,2.1224586734e-01,3.1806998801e-01,1.1917721928e+00
1.7264110120e+00,2.8174905340e+00,5.3030798182e-01,2.1221747310e-01,3.1809050872e-01,1.1927568381e+00
1.7273706624e+00,2.8191132847e+00,5.3030032255e-01,2.1218933206e-01,3.1811099049e-01,1.1937437000e+00
1.7283303128e+00,2.8207369699e+00,5.3029287779e-01,2.1216144419e-01,3.1813143360e-01,1.1947327830e+00
1.7292899631e+00,2.8223615904e+00,5.3028564781e-01,2.1213380950e-01,3.1815183831e-01,1.1957240920e+00
1.7302496135e+00,2.8239871465e+00,5.3027863285e-01,2.1210642797e-01,3.1817220488e-01,1.1967176315e+00
1.7312092639e+00,2.8256136389e+00,5.3027183317e-01,2.1207929959e-01,3.1819253358e-01,1.1977134063e+00
1.7321689143e+00,2.8272410681e+00,5.3026524902e-01,2.1205242435e-01,3.1821282467e-01,1.1987114211e+00
1.7331285646e+00,2.8288694346e+00,5.3025888067e-01,2.1202580225e-01,3.1823307842e-01,1.1997116805e+00
1.7340882150e+00,2.8304987390e+00,5.3025272838e-01,2.1199943328e-01,3.1825329510e-01,1.2007141893e+00
1.7350478654e+00,2.8321289818e+00,5.3024679238e-01,2.1197331743e-01,3.1827347495e-01,1.2017189522e+00
1.7360075157e+00,2.8337601635e+00,5.3024107296e-01,2.1194745469e-01,3.1829361827e-01,1.2027259739e+00
1.7369671661e+00,2.8353922848e+00,5.3023557035e-01,2.1192184506e-01,3.1831372529e-01,1.2037352593e+00
1.7379268165e+00,2.8370253460e+00,5.3023028482e-01,2.1189648853e-01,3.1833379629e-01,1.2047468131e+00
1.7388864668e+00,2.8386593478e+00,5.3022521664e-01,2.1187138510e-01,3.1835383154e-01,1.2057606400e+00
1.7398461172e+00,2.8402942908e+00,5.3022036604e-01,2.1184653475e-01,3.1837383129e-01,1.2067767449e+00
1.7408057676e+00,2.8419301754e+00,5.3021573330e-01,2.1182193750e-01,3.1839379581e-01,1.2077951325e+00
1.7417654179e+00,2.8435670022e+00,5.3021131868e-01,2.1179759332e-01,3.1841372535e-01,1.2088158077e+00
1.7427250683e+00,2.8452047717e+00,5.3020712243e-01,2.1177350223e-01,3.1843362020e-01,1.2098387753e+00
1.7436847187e+00,2.8468434845e+00,5.3020314481e-01,2.1174966421e-01,3.1845348060e-01,1.2108640400e+00
1.7446443690e+00,2.8484831412e+00,5.3019938608e-01,2.1172607926e-01,3.1847330682e-01,1.2118916068e+00
1.7456040194e+00,2.8501237422e+00,5.3019584651e-01,2.1170274738e-01,3.1849309912e-01,1.2129214805e+00
1.7465636698e+00,2.8517652881e+00,5.3019252634e-01,2.1167966857e-01,3.1851285777e-01,1.2139536659e+00
1.7475233201e+00,2.8534077795e+00,5.3018942586e-01,2.1165684283e-01,3.1853258302e-01,1.2149881680e+00
1.7484829705e+00,2.8550512169e+00,5.3018654530e-01,2.1163427016e-01,3.1855227515e-01,1.2160249916e+00
1.7494426209e+00,2.8566956008e+00,5.3018388495e-01,2.1161195055e-01,3.1857193440e-01,1.2170641417e+00
1.7504022712e+00,2.8583409318e+00,5.3018144505e-01,2.1158988400e-01,3.1859156104e-01,1.2181056230e+00
1.7513619216e+00,2.8599872105e+00,5.3017922587e-01,2.1156807052e-01,3.1861115534e-01,1.2191494406e+00
1.7523215720e+00,2.8616344373e+00,5.3017722767e-01,2.1154651011e-01,3.1863071756e-01,1.2201955994e+00
1.7532812223e+00,2.8632826129e+00,5.3017545072e-01,2.1152520277e-01,3.1865024795e-01,1.2212441043e+00
1.7542408727e+00,2.8649317378e+00,5.3017389528e-01,2.1150414850e-01,3.1866974678e-01,1.2222949603e+00
1.7552005231e+00,2.8665818125e+00,5.3017256161e-01,2.1148334730e-01,3.1868921430e-01,1.2233481724e+00
1.7561601735e+00,2.8682328375e+00,5.3017144997e-01,2.1146279918e-01,3.1870865079e-01,1.2244037454e+00
1.7571198238e+00,2.8698848135e+00,5.3017056063e-01,2.1144250414e-01,3.1872805650e-01,1.2254616845e+00
1.7580794742e+00,2.8715377409e+00,5.3016989386e-01,2.1142246218e-01,3.1874743168e-01,1.2265219946e+00
1.7590391246e+00,2.8731916204e+00,5.3016944991e-01,2.1140267330e-01,3.1876677661e-01,1.2275846807e+00
1.7599987749e+00,2.8748464524e+00,5.3016922906e-01,2.1138313752e-01,3.1878609154e-01,1.2286497479e+00
1.7609584253e+00,2.8765022375e+00,5.3016923156e-01,2.1136385484e-01,3.1880537673e-01,1.2297172011e+00
1.7619180757e+00,2.8781589763e+00,5.3016945769e-01,2.1134482525e-01,3.1882463244e-01,1.2307870455e+00
1.7628777260e+00,2.8798166693e+00,5.3016990771e-01,2.1132604878e-01,3.1884385893e-01,1.2318592861e+00
1.7638373764e+00,2.8814753170e+00,5.3017058188e-01,2.1130752542e-01,3.1886305646e-01,1.2329339279e+00
1.7647970268e+00,2.8831349201e+00,5.3017148048e-01,2.1128925518e-01,3.1888222529e-01,1.2340109760e+00
1.7657566771e+00,2.8847954790e+00,5.3017260376e-01,2.1127123807e-01,3.1890136569e-01,1.2350904356e+00
1.7667163275e+00,2.8864569943e+00,5.3017395200e-01,2.1125347410e-01,3.1892047790e-01,1.2361723117e+00
1.7676759779e+00,2.8881194666e+00,5.3017552546e-01,2.1123596328e-01,3.1893956218e-01,1.2372566094e+00
1.7686356282e+00,2.8897828964e+00,5.3017732441e-01,2.1121870560e-01,3.1895861881e-01,1.2383433340e+00
1.7695952786e+00,2.8914472842e+00,5.3017934913e-01,2.1120170110e-01,3.1897764803e-01,1.2394324904e+00
1.7705549290e+00,2.8931126307e+00,5.3018159987e-01,2.1118494976e-01,3.1899665010e-01,1.2405240840e+00
1.7715145793e+00,2.8947789363e+00,5.3018407690e-01,2.1116845161e-01,3.1901562529e-01,1.2416181197e+00
1.7724742297e+00,2.8964462017e+00,5.3018678050e-01,2.1115220665e-01,3.1903457385e-01,1.2427146029e+00
1.7734338801e+00,2.8981144273e+00,5.3018971094e-01,2.1113621490e-01,3.1905349604e-01,1.2438135387e+00
1.7743935304e+00,2.8997836138e+00,5.3019286848e-01,2.1112047637e-01,3.1907239211e-01,1.2449149322e+00
1.7753531808e+00,2.9014537616e+00,5.3019625340e-01,2.1110499107e-01,3.1909126233e-01,1.2460187888e+00
1.7763128312e+00,2.9031248714e+00,5.3019986596e-01,2.1108975901e-01,3.1911010695e-01,1.2471251136e+00
1.7772724815e+00,2.9047969436e+00,5.3020370644e-01,2.1107478020e-01,3.1912892624e-01,1.2482339119e+00
1.7782321319e+00,2.9064699789e+00,5.3020777510e-01,2.1106005466e-01,3.1914772044e-01,1.2493451889e+00
1.7791917823e+00,2.9081439778e+00,5.3021207222e-01,2.1104558240e-01,3.1916648982e-01,1.2504589498e+00
1.7801514327e+00,2.9098189408e+00,5.3021659807e-01,2.1103136345e-01,3.1918523463e-01,1.2515752001e+00
1.7811110830e+00,2.9114948685e+00,5.3022135293e-01,2.1101739780e-01,3.1920395513e-01,1.2526939448e+00
1.7820707334e+00,2.9131717615e+00,5.3022633706e-01,2.1100368548e-01,3.1922265158e-01,1.2538151894e+00
1.7830303838e+00,2.9148496203e+00,5.3023155073e-01,2.1099022650e-01,3.1924132423e-01,1.2549389391e+00
1.7839900341e+00,2.9165284455e+00,5.3023699423e-01,2.1097702089e-01,3.1925997334e-01,1.2560651992e+00
1.7849496845e+00,2.9182082376e+00,5.3024266782e-01,2.1096406864e-01,3.1927859918e-01,1.2571939752e+00
1.7859093349e+00,2.9198889972e+00,5.3024857178e-01,2.1095136980e-01,3.1929720198e-01,1.2583252723e+00
1.7868689852e+00,2.9215707249e+00,5.3025470638e-01,2.1093892436e-01,3.1931578202e-01,1.2594590959e+00
1.7878286356e+00,2.9232534211e+00,5.3026107189e-01,2.1092673235e-01,3.1933433954e-01,1.2605954513e+00
1.7887882860e+00,2.9249370865e+00,5.3026766860e-01,2.1091479380e-01,3.1935287481e-01,1.2617343440e+00
1.7897479363e+00,2.9266217217e+00,5.3027449677e-01,2.1090310871e-01,3.1937138807e-01,1.2628757794e+00
1.7907075867e+00,2.9283073271e+00,5.3028155669e-01,2.1089167710e-01,3.1938987959e-01,1.2640197628e+00
1.7916672371e+00,2.9299939033e+00,5.3028884862e-01,2.1088049900e-01,3.1940834962e-01,1.2651662996e+00
1.7926268874e+00,2.9316814509e+00,5.3029637285e-01,2.1086957444e-01,3.1942679841e-01,1.2663153954e+00
1.7935865378e+00,2.9333699705e+00,5.3030412964e-01,2.1085890342e-01,3.1944522623e-01,1.2674670555e+00
1.7945461882e+00,2.9350594626e+00,5.3031211928e-01,2.1084848596e-01,3.1946363332e-01,1.2686212854e+00
1.7955058385e+00,2.9367499278e+00,5.3032034205e-01,2.1083832211e-01,3.1948201994e-01,1.2697780906e+00
1.7964654889e+00,2.9384413666e+00,5.3032879822e-01,2.1082841186e-01,3.1950038636e-01,1.2709374765e+00
1.7974251393e+00,2.9401337796e+00,5.3033748807e-01,2.1081875526e-01,3.1951873281e-01,1.2720994487e+00
1.7983847896e+00,2.9418271673e+00,5.3034641187e-01,2.1080935231e-01,3.1953705956e-01,1.2732640127e+00
1.7993444400e+00,2.9435215304e+00,5.3035556991e-01,2.1080020305e-01,3.1955536686e-01,1.2744311739e+00
1.8003040904e+00,2.9452168693e+00,5.3036496247e-01,2.1079130750e-01,3.1957365497e-01,1.2756009380e+00
1.8012637407e+00,2.9469131847e+00,5.3037458982e-01,2.1078266569e-01,3.1959192414e-01,1.2767733104e+00
1.8022233911e+00,2.9486104771e+00,5.3038445225e-01,2.1077427763e-01,3.1961017462e-01,1.2779482967e+00
1.8031830415e+00,2.9503087470e+00,5.3039455003e-01,2.1076614336e-01,3.1962840667e-01,1.2791259025e+00
1.8041426919e+00,2.9520079951e+00,5.3040488344e-01,2.1075826290e-01,3.1964662055e-01,1.2803061334e+00
1.8051023422e+00,2.9537082219e+00,5.3041545277e-01,2.1075063627e-01,3.1966481650e-01,1.2814889950e+00
1.8060619926e+00,2.9554094279e+00,5.3042625830e-01,2.1074326352e-01,3.1968299478e-01,1.2826744929e+00
1.8070216430e+00,2.9571116138e+00,5.3043730030e-01,2.1073614465e-01,3.1970115565e-01,1.2838626327e+00
1.8079812933e+00,2.9588147800e+00,5.3044857907e-01,2.1072927971e-01,3.1971929936e-01,1.2850534200e+00
1.8089409437e+00,2.9605189272e+00,5.3046009487e-01,2.1072266872e-01,3.1973742616e-01,1.2862468605e+00
1.8099005941e+00,2.9622240559e+00,5.3047184800e-01,2.1071631170e-01,3.1975553630e-01,1.2874429599e+00
1.8108602444e+00,2.9639301667e+00,5.3048383874e-01,2.1071020870e-01,3.1977363004e-01,1.2886417239e+00
1.8118198948e+00,2.9656372601e+00,5.3049606736e-01,2.1070435973e-01,3.1979170764e-01,1.2898431580e+00
1.8127795452e+00,2.9673453367e+00,5.3050853416e-01,2.1069876483e-01,3.1980976933e-01,1.2910472681e+00
1.8137391955e+00,2.9690543971e+00,5.3052123942e-01,2.1069342403e-01,3.1982781539e-01,1.2922540598e+00
1.8146988459e+00,2.9707644419e+00,5.3053418342e-01,2.1068833737e-01,3.1984584606e-01,1.2934635390e+00
1.8156584963e+00,2.9724754716e+00,5.3054736645e-01,2.1068350486e-01,3.1986386158e-01,1.2946757112e+00
1.8166181466e+00,2.9741874867e+00,5.3056078879e-01,2.1067892656e-01,3.1988186223e-01,1.2958905823e+00
1.8175777970e+00,2.9759004879e+00,5.3057445072e-01,2.1067460248e-01,3.1989984824e-01,1.2971081580e+00
1.8185374474e+00,2.9776144757e+00,5.3058835254e-01,2.1067053266e-01,3.1991781988e-01,1.2983284442e+00
1.8194970977e+00,2.9793294507e+00,5.3060249453e-01,2.1066671714e-01,3.1993577738e-01,1.2995514466e+00
1.8204567481e+00,2.9810454134e+00,5.3061687697e-01,2.1066315595e-01,3.1995372101e-01,1.3007771710e+00
1.8214163985e+00,2.9827623645e+00,5.3063150015e-01,2.1065984913e-01,3.1997165102e-01,1.3020056233e+00
1.8223760488e+00,2.9844803044e+00,5.3064636436e-01,2.1065679671e-01,3.1998956766e-01,1.3032368092e+00
1.8233356992e+00,2.9861992338e+00,5.3066146989e-01,2.1065399872e-01,3.2000747117e-01,1.3044707347e+00
1.8242953496e+00,2.9879191532e+00,5.3067681703e-01,2.1065145521e-01,3.2002536182e-01,1.3057074056e+00
1.8252549999e+00,2.9896400632e+00,5.3069240606e-01,2.1064916620e-01,3.2004323985e-01,1.3069468278e+00
1.8262146503e+00,2.9913619644e+00,5.3070823727e-01,2.1064713175e-01,3.2006110552e-01,1.3081890071e+00
1.8271743007e+00,2.9930848574e+00,5.3072431095e-01,2.1064535187e-01,3.2007895907e-01,1.3094339495e+00
1.8281339511e+00,2.9948087426e+00,5.3074062739e-01,2.1064382662e-01,3.2009680077e-01,1.3106816609e+00
1.8290936014e+00,2.9965336207e+00,5.3075718688e-01,2.1064255603e-01,3.2011463085e-01,1.3119321473e+00
1.8300532518e+00,2.9982594923e+00,5.3077398971e-01,2.1064154014e-01,3.2013244957e-01,1.3131854144e+00
1.8310129022e+00,2.9999863579e+00,5.3079103617e-01,2.1064077899e-01,3.2015025718e-01,1.3144414684e+00
1.8319725525e+00,3.0017142181e+00,5.3080832655e-01,2.1064027262e-01,3.2016805393e-01,1.3157003153e+00
1.8329322029e+00,3.0034430735e+00,5.3082586115e-01,2.1064002108e-01,3.2018584007e-01,1.3169619608e+00
1.8338918533e+00,3.0051729246e+00,5.3084364025e-01,2.1064002439e-01,3.2020361586e-01,1.3182264112e+00
1.8348515036e+00,3.0069037720e+00,5.3086166415e-01,2.1064028261e-01,3.2022138154e-01,1.3194936724e+00
1.8358111540e+00,3.0086356164e+00,5.3087993313e-01,2.1064079577e-01,3.2023913737e-01,1.3207637504e+00
1.8367708044e+00,3.0103684582e+00,5.3089844750e-01,2.1064156392e-01,3.2025688358e-01,1.3220366513e+00
1.8377304547e+00,3.0121022980e+00,5.3091720755e-01,2.1064258710e-01,3.2027462045e-01,1.3233123811e+00
1.8386901051e+00,3.0138371364e+00,5.3093621356e-01,2.1064386536e-01,3.2029234820e-01,1.3245909459e+00
1.8396497555e+00,3.0155729741e+00,5.3095546583e-01,2.1064539873e-01,3.2031006710e-01,1.3258723517e+00
1.8406094058e+00,3.0173098115e+00,5.3097496466e-01,2.1064718727e-01,3.2032777740e-01,1.3271566048e+00
1.8415690562e+00,3.0190476492e+00,5.3099471035e-01,2.1064923101e-01,3.2034547934e-01,1.3284437111e+00
1.8425287066e+00,3.0207864879e+00,5.3101470318e-01,2.1065153001e-01,3.2036317317e-01,1.3297336769e+00
1.8434883569e+00,3.0225263281e+00,5.3103494345e-01,2.1065408430e-01,3.2038085915e-01,1.3310265082e+00
1.8444480073e+00,3.0242671703e+00,5.3105543146e-01,2.1065689394e-01,3.2039853751e-01,1.3323222113e+00
1.8454076577e+00,3.0260090152e+00,5.3107616750e-01,2.1065995898e-01,3.2041620852e-01,1.3336207922e+00
1.8463673080e+00,3.0277518633e+00,5.3109715187e-01,2.1066327945e-01,3.2043387242e-01,1.3349222572e+00
1.8473269584e+00,3.0294957152e+00,5.3111838488e-01,2.1066685541e-01,3.2045152947e-01,1.3362266125e+00
1.8482866088e+00,3.0312405715e+00,5.3113986680e-01,2.1067068691e-01,3.2046917990e-01,1.3375338642e+00
1.8492462591e+00,3.0329864328e+00,5.3116159795e-01,2.1067477399e-01,3.2048682397e-01,1.3388440187e+00
1.8502059095e+00,3.0347332996e+00,5.3118357862e-01,2.1067911670e-01,3.2050446192e-01,1.3401570821e+00
1.8511655599e+00,3.0364811725e+00,5.3120580911e-01,2.1068371510e-01,3.2052209402e-01,1.3414730607e+00
1.8521252103e+00,3.0382300521e+00,5.3122828972e-01,2.1068856923e-01,3.2053972049e-01,1.3427919608e+00
1.8530848606e+00,3.0399799390e+00,5.3125102075e-01,2.1069367914e-01,3.2055734161e-01,1.3441137886e+00
1.8540445110e+00,3.0417308337e+00,5.3127400249e-01,2.1069904490e-01,3.2057495760e-01,1.3454385506e+00
1.8550041614e+00,3.0434827369e+00,5.3129723526e-01,2.1070466653e-01,3.2059256872e-01,1.3467662528e+00
1.8559638117e+00,3.0452356491e+00,5.3132071934e-01,2.1071054411e-01,3.2061017522e-01,1.3480969018e+00
1.8569234621e+00,3.0469895709e+00,5.3134445504e-01,2.1071667768e-01,3.2062777735e-01,1.3494305039e+00
1.8578831125e+00,3.0487445029e+00,5.3136844266e-01,2.1072306730e-01,3.2064537536e-01,1.3507670653e+00
1.8588427628e+00,3.0505004456e+00,5.3139268250e-01,2.1072971301e-01,3.2066296948e-01,1.3521065926e+00
1.8598024132e+00,3.0522573997e+00,5.3141717486e-01,2.1073661488e-01,3.2068055998e-01,1.3534490920e+00
1.8607620636e+00,3.0540153658e+00,5.3144192006e-01,2.1074377296e-01,3.2069814710e-01,1.3547945700e+00
1.8617217139e+00,3.0557743443e+00,5.3146691838e-01,2.1075118729e-01,3.2071573108e-01,1.3561430329e+00
1.8626813643e+00,3.0575343359e+00,5.3149217013e-01,2.1075885795e-01,3.2073331218e-01,1.3574944873e+00
1.8636410147e+00,3.0592953412e+00,5.3151767562e-01,2.1076678498e-01,3.2075089064e-01,1.3588489396e+00
1.8646006650e+00,3.0610573608e+00,5.3154343515e-01,2.1077496844e-01,3.2076846671e-01,1.3602063962e+00
1.8655603154e+00,3.0628203952e+00,5.3156944903e-01,2.1078340839e-01,3.2078604064e-01,1.3615668636e+00
1.8665199658e+00,3.0645844451e+00,5.3159571756e-01,2.1079210489e-01,3.2080361267e-01,1.3629303483e+00
1.8674796161e+00,3.0663495109e+00,5.3162224104e-01,2.1080105799e-01,3.2082118305e-01,1.3642968568e+00
1.8684392665e+00,3.0681155934e+00,5.3164901978e-01,2.1081026775e-01,3.2083875203e-01,1.3656663957e+00
1.8693989169e+00,3.0698826930e+00,5.3167605409e-01,2.1081973423e-01,3.2085631986e-01,1.3670389714e+00
1.8703585672e+00,3.0716508104e+00,5.3170334427e-01,2.1082945749e-01,3.2087388677e-01,1.3684145906e+00
1.8713182176e+00,3.0734199462e+00,5.3173089063e-01,2.1083943760e-01,3.2089145303e-01,1.3697932598e+00
1.8722778680e+00,3.0751901009e+00,5.3175869348e-01,2.1084967460e-01,3.2090901888e-01,1.3711749855e+00
1.8732375183e+00,3.0769612752e+00,5.3178675312e-01,2.1086016857e-01,3.2092658456e-01,1.3725597744e+00
1.8741971687e+00,3.0787334695e+00,5.3181506987e-01,2.1087091956e-01,3.2094415031e-01,1.3739476331e+00
1.8751568191e+00,3.0805066846e+00,5.3184364403e-01,2.1088192763e-01,3.2096171640e-01,1.3753385683e+00
1.8761164695e+00,3.0822809210e+00,5.3187247591e-01,2.1089319286e-01,3.2097928305e-01,1.3767325865e+00
1.8770761198e+00,3.0840561792e+00,5.3190156582e-01,2.1090471529e-01,3.2099685053e-01,1.3781296944e+00
1.8780357702e+00,3.0858324600e+00,5.3193091407e-01,2.1091649500e-01,3.2101441907e-01,1.3795298987e+00
1.8789954206e+00,3.0876097637e+00,5.3196052097e-01,2.1092853204e-01,3.2103198892e-01,1.3809332062e+00
1.8799550709e+00,3.0893880912e+00,5.3199038683e-01,2.1094082649e-01,3.2104956033e-01,1.3823396234e+00
1.8809147213e+00,3.0911674428e+00,5.3202051196e-01,2.1095337841e-01,3.2106713355e-01,1.3837491572e+00
1.8818743717e+00,3.0929478193e+00,5.3205089667e-01,2.1096618785e-01,3.2108470881e-01,1.3851618142e+00
1.8828340220e+00,3.0947292213e+00,5.3208154127e-01,2.1097925490e-01,3.2110228637e-01,1.3865776013e+00
1.8837936724e+00,3.0965116492e+00,5.3211244609e-01,2.1099257961e-01,3.2111986648e-01,1.3879965251e+00
1.8847533228e+00,3.0982951037e+00,5.3214361142e-01,2.1100616205e-01,3.2113744937e-01,1.3894185925e+00
1.8857129731e+00,3.1000795854e+00,5.3217503758e-01,2.1102000229e-01,3.2115503529e-01,1.3908438103e+00
1.8866726235e+00,3.1018650949e+00,5.3220672489e-01,2.1103410040e-01,3.2117262449e-01,1.3922721853e+00
1.8876322739e+00,3.1036516328e+00,5.3223867366e-01,2.1104845644e-01,3.2119021722e-01,1.3937037243e+00
1.8885919242e+00,3.1054391996e+00,5.3227088421e-01,2.1106307049e-01,3.2120781371e-01,1.3951384342e+00
1.8895515746e+00,3.1072277960e+00,5.3230335684e-01,2.1107794261e-01,3.2122541423e-01,1.3965763218e+00
1.8905112250e+00,3.1090174226e+00,5.3233609187e-01,2.1109307287e-01,3.2124301900e-01,1.3980173941e+00
1.8914708753e+00,3.1108080799e+00,5.3236908962e-01,2.1110846135e-01,3.2126062828e-01,1.3994616579e+00
1.8924305257e+00,3.1125997685e+00,5.3240235041e-01,2.1112410811e-01,3.2127824230e-01,1.4009091201e+00
1.8933901761e+00,3.1143924891e+00,5.3243587455e-01,2.1114001322e-01,3.2129586133e-01,1.4023597877e+00
1.8943498264e+00,3.1161862422e+00,5.3246966236e-01,2.1115617676e-01,3.2131348559e-01,1.4038136676e+00
1.8953094768e+00,3.1179810284e+00,5.3250371415e-01,2.1117259880e-01,3.2133111535e-01,1.4052707667e+00
1.8962691272e+00,3.1197768484e+00,5.3253803024e-01,2.1118927942e-01,3.2134875083e-01,1.4067310921e+00
1.8972287775e+00,3.1215737026e+00,5.3257261096e-01,2.1120621867e-01,3.2136639229e-01,1.4081946507e+00
1.8981884279e+00,3.1233715918e+00,5.3260745661e-01,2.1122341665e-01,3.2138403996e-01,1.4096614496e+00
1.8991480783e+00,3.1251705165e+00,5.3264256753e-01,2.1124087342e-01,3.2140169411e-01,1.4111314958e+00
1.9001077287e+00,3.1269704772e+00,5.3267794402e-01,2.1125858905e-01,3.2141935496e-01,1.4126047963e+00
1.9010673790e+00,3.1287714747e+00,5.3271358640e-01,2.1127656363e-01,3.2143702277e-01,1.4140813581e+00
1.9020270294e+00,3.1305735095e+00,5.3274949501e-01,2.1129479723e-01,3.2145469777e-01,1.4155611884e+00
1.9029866798e+00,3.1323765821e+00,5.3278567015e-01,2.1131328992e-01,3.2147238022e-01,1.4170442943e+00
1.9039463301e+00,3.1341806933e+00,5.3282211215e-01,2.1133204179e-01,3.2149007036e-01,1.4185306828e+00
1.9049059805e+00,3.1359858435e+00,5.3285882133e-01,2.1135105290e-01,3.2150776843e-01,1.4200203611e+00
1.9058656309e+00,3.1377920334e+00,5.3289579801e-01,2.1137032334e-01,3.2152547467e-01,1.4215133363e+00
1.9068252812e+00,3.1395992637e+00,5.3293304252e-01,2.1138985318e-01,3.2154318933e-01,1.4230096156e+00
1.9077849316e+00,3.1414075348e+00,5.3297055517e-01,2.1140964251e-01,3.2156091266e-01,1.4245092061e+00
1.9087445820e+00,3.1432168473e+00,5.3300833629e-01,2.1142969140e-01,3.2157864490e-01,1.4260121151e+00
1.9097042323e+00,3.1450272020e+00,5.3304638621e-01,2.1144999993e-01,3.2159638628e-01,1.4275183498e+00
1.9106638827e+00,3.1468385993e+00,5.3308470525e-01,2.1147056818e-01,3.2161413706e-01,1.4290279173e+00
1.9116235331e+00,3.1486510400e+00,5.3312329373e-01,2.1149139624e-01,3.2163189749e-01,1.4305408249e+00
1.9125831834e+00,3.1504645245e+00,5.3316215197e-01,2.1151248418e-01,3.2164966779e-01,1.4320570800e+00
1.9135428338e+00,3.1522790535e+00,5.3320128031e-01,2.1153383208e-01,3.2166744823e-01,1.4335766896e+00
1.9145024842e+00,3.1540946276e+00,5.3324067906e-01,2.1155544004e-01,3.2168523903e-01,1.4350996613e+00
1.9154621345e+00,3.1559112474e+00,5.3328034856e-01,2.1157730812e-01,3.2170304045e-01,1.4366260021e+00
1.9164217849e+00,3.1577289135e+00,5.3332028914e-01,2.1159943642e-01,3.2172085272e-01,1.4381557196e+00
1.9173814353e+00,3.1595476265e+00,5.3336050110e-01,2.1162182501e-01,3.2173867610e-01,1.4396888210e+00
1.9183410856e+00,3.1613673869e+00,5.3340098480e-01,2.1164447398e-01,3.2175651082e-01,1.4412253137e+00
1.9193007360e+00,3.1631881955e+00,5.3344174055e-01,2.1166738342e-01,3.2177435712e-01,1.4427652051e+00
1.9202603864e+00,3.1650100528e+00,5.3348276868e-01,2.1169055341e-01,3.2179221526e-01,1.4443085025e+00
1.9212200367e+00,3.1668329594e+00,5.3352406952e-01,2.1171398404e-01,3.2181008548e-01,1.4458552134e+00
1.9221796871e+00,3.1686569159e+00,5.3356564340e-01,2.1173767539e-01,3.2182796801e-01,1.4474053452e+00
1.9231393375e+00,3.1704819229e+00,5.3360749065e-01,2.1176162755e-01,3.2184586310e-01,1.4489589053e+00
1.9240989879e+00,3.1723079811e+00,5.3364961160e-01,2.1178584061e-01,3.2186377099e-01,1.4505159013e+00
1.9250586382e+00,3.1741350909e+00,5.3369200658e-01,2.1181031465e-01,3.2188169193e-01,1.4520763405e+00
1.9260182886e+00,3.1759632532e+00,5.3373467592e-01,2.1183504976e-01,3.2189962616e-01,1.4536402306e+00
1.9269779390e+00,3.1777924683e+00,5.3377761995e-01,2.1186004603e-01,3.2191757392e-01,1.4552075790e+00
1.9279375893e+00,3.1796227370e+00,5.3382083901e-01,2.1188530355e-01,3.2193553546e-01,1.4567783932e+00
1.9288972397e+00,3.1814540599e+00,5.3386433343e-01,2.1191082241e-01,3.2195351101e-01,1.4583526808e+00
1.9298568901e+00,3.1832864375e+00,5.3390810353e-01,2.1193660270e-01,3.2197150083e-01,1.4599304494e+00
1.9308165404e+00,3.1851198705e+00,5.3395214966e-01,2.1196264451e-01,3.2198950515e-01,1.4615117065e+00
1.9317761908e+00,3.1869543594e+00,5.3399647215e-01,2.1198894794e-01,3.2200752421e-01,1.4630964598e+00
1.9327358412e+00,3.1887899050e+00,5.3404107132e-01,2.1201551306e-01,3.2202555826e-01,1.4646847169e+00
1.9336954915e+00,3.1906265077e+00,5.3408594753e-01,2.1204233998e-01,3.2204360755e-01,1.4662764854e+00
1.9346551419e+00,3.1924641683e+00,5.3413110109e-01,2.1206942879e-01,3.2206167230e-01,1.4678717730e+00
1.9356147923e+00,3.1943028872e+00,5.3417653235e-01,2.1209677958e-01,3.2207975277e-01,1.4694705873e+00
1.9365744426e+00,3.1961426652e+00,5.3422224164e-01,2.1212439244e-01,3.2209784920e-01,1.4710729361e+00
1.9375340930e+00,3.1979835028e+00,5.3426822930e-01,2.1215226747e-01,3.2211596183e-01,1.4726788270e+00
1.9384937434e+00,3.1998254007e+00,5.3431449566e-01,2.1218040476e-01,3.2213409090e-01,1.4742882678e+00
1.9394533937e+00,3.2016683594e+00,5.3436104107e-01,2.1220880441e-01,3.2215223666e-01,1.4759012663e+00
1.9404130441e+00,3.2035123795e+00,5.3440786586e-01,2.1223746652e-01,3.2217039934e-01,1.4775178301e+00
1.9413726945e+00,3.2053574618e+00,5.3445497036e-01,2.1226639117e-01,3.2218857919e-01,1.4791379672e+00
1.9423323448e+00,3.2072036067e+00,5.3450235493e-01,2.1229557847e-01,3.2220677646e-01,1.4807616852e+00
1.9432919952e+00,3.2090508149e+00,5.3455001988e-01,2.1232502851e-01,3.2222499137e-01,1.4823889920e+00
1.9442516456e+00,3.2108990871e+00,5.3459796558e-01,2.1235474140e-01,3.2224322418e-01,1.4840198955e+00
1.9452112959e+00,3.2127484237e+00,5.3464619235e-01,2.1238471722e-01,3.2226147513e-01,1.4856544035e+00
1.9461709463e+00,3.2145988255e+00,5.3469470054e-01,2.1241495609e-01,3.2227974445e-01,1.4872925238e+00
1.9471305967e+00,3.2164502930e+00,5.3474349048e-01,2.1244545808e-01,3.2229803240e-01,1.4889342645e+00
1.9480902471e+00,3.2183028270e+00,5.3479256253e-01,2.1247622332e-01,3.2231633921e-01,1.4905796333e+00
1.9490498974e+00,3.2201564278e+00,5.3484191701e-01,2.1250725189e-01,3.2233466512e-01,1.4922286382e+00
1.9500095478e+00,3.2220110963e+00,5.3489155428e-01,2.1253854390e-01,3.2235301037e-01,1.4938812871e+00
1.9509691982e+00,3.2238668330e+00,5.3494147467e-01,2.1257009945e-01,3.2237137522e-01,1.4955375881e+00
1.9519288485e+00,3.2257236385e+00,5.3499167853e-01,2.1260191864e-01,3.2238975989e-01,1.4971975491e+00
1.9528884989e+00,3.2275815135e+00,5.3504216620e-01,2.1263400157e-01,3.2240816463e-01,1.4988611781e+00
1.9538481493e+00,3.2294404585e+00,5.3509293803e-01,2.1266634834e-01,3.2242658969e-01,1.5005284831e+00
1.9548077996e+00,3.2313004741e+00,5.3514399437e-01,2.1269895907e-01,3.2244503530e-01,1.5021994722e+00
1.9557674500e+00,3.2331615611e+00,5.3519533555e-01,2.1273183384e-01,3.2246350170e-01,1.5038741535e+00
1.9567271004e+00,3.2350237200e+00,5.3524696192e-01,2.1276497277e-01,3.2248198914e-01,1.5055525349e+00
1.9576867507e+00,3.2368869514e+00,5.3529887383e-01,2.1279837597e-01,3.2250049786e-01,1.5072346247e+00
1.9586464011e+00,3.2387512559e+00,5.3535107162e-01,2.1283204352e-01,3.2251902810e-01,1.5089204309e+00
1.9596060515e+00,3.2406166342e+00,5.3540355565e-01,2.1286597555e-01,3.2253758009e-01,1.5106099617e+00
1.9605657018e+00,3.2424830868e+00,5.3545632625e-01,2.1290017216e-01,3.2255615409e-01,1.5123032252e+00
1.9615253522e+00,3.2443506145e+00,5.3550938378e-01,2.1293463345e-01,3.2257475033e-01,1.5140002295e+00
1.9624850026e+00,3.2462192177e+00,5.3556272859e-01,2.1296935953e-01,3.2259336906e-01,1.5157009830e+00
1.9634446529e+00,3.2480888972e+00,5.3561636102e-01,2.1300435051e-01,3.2261201051e-01,1.5174054937e+00
1.9644043033e+00,3.2499596536e+00,5.3567028142e-01,2.1303960650e-01,3.2263067492e-01,1.5191137700e+00
1.9653639537e+00,3.2518314874e+00,5.3572449015e-01,2.1307512761e-01,3.2264936255e-01,1.5208258200e+00
1.9663236040e+00,3.2537043993e+00,5.3577898755e-01,2.1311091394e-01,3.2266807362e-01,1.5225416521e+00
1.9672832544e+00,3.2555783900e+00,5.3583377398e-01,2.1314696560e-01,3.2268680838e-01,1.5242612746e+00
1.9682429048e+00,3.2574534599e+00,5.3588884978e-01,2.1318328271e-01,3.2270556707e-01,1.5259846956e+00
1.9692025551e+00,3.2593296099e+00,5.3594421531e-01,2.1321986538e-01,3.2272434993e-01,1.5277119236e+00
1.9701622055e+00,3.2612068404e+00,5.3599987092e-01,2.1325671371e-01,3.2274315721e-01,1.5294429670e+00
1.9711218559e+00,3.2630851521e+00,5.3605581696e-01,2.1329382783e-01,3.2276198913e-01,1.5311778340e+00
1.9720815063e+00,3.2649645456e+00,5.3611205379e-01,2.1333120783e-01,3.2278084595e-01,1.5329165331e+00
1.9730411566e+00,3.2668450216e+00,5.3616858175e-01,2.1336885384e-01,3.2279972791e-01,1.5346590726e+00
1.9740008070e+00,3.2687265807e+00,5.3622540121e-01,2.1340676597e-01,3.2281863524e-01,1.5364054611e+00
1.9749604574e+00,3.2706092234e+00,5.3628251251e-01,2.1344494433e-01,3.2283756819e-01,1.5381557068e+00
1.9759201077e+00,3.2724929505e+00,5.3633991602e-01,2.1348338903e-01,3.2285652699e-01,1.5399098184e+00
1.9768797581e+00,3.2743777625e+00,5.3639761208e-01,2.1352210019e-01,3.2287551189e-01,1.5416678043e+00
1.9778394085e+00,3.2762636601e+00,5.3645560106e-01,2.1356107793e-01,3.2289452313e-01,1.5434296729e+00
1.9787990588e+00,3.2781506439e+00,5.3651388331e-01,2.1360032236e-01,3.2291356095e-01,1.5451954329e+00
1.9797587092e+00,3.2800387145e+00,5.3657245919e-01,2.1363983360e-01,3.2293262559e-01,1.5469650927e+00
1.9807183596e+00,3.2819278725e+00,5.3663132905e-01,2.1367961176e-01,3.2295171728e-01,1.5487386609e+00
1.9816780099e+00,3.2838181186e+00,5.3669049325e-01,2.1371965697e-01,3.2297083628e-01,1.5505161461e+00
1.9826376603e+00,3.2857094534e+00,5.3674995216e-01,2.1375996933e-01,3.2298998282e-01,1.5522975569e+00
1.9835973107e+00,3.2876018776e+00,5.3680970612e-01,2.1380054898e-01,3.2300915714e-01,1.5540829020e+00
1.9845569610e+00,3.2894953917e+00,5.3686975551e-01,2.1384139602e-01,3.2302835949e-01,1.5558721899e+00
1.9855166114e+00,3.2913899963e+00,5.3693010067e-01,2.1388251058e-01,3.2304759009e-01,1.5576654293e+00
1.9864762618e+00,3.2932856922e+00,5.3699074197e-01,2.1392389277e-01,3.2306684920e-01,1.5594626290e+00
1.9874359121e+00,3.2951824799e+00,5.3705167978e-01,2.1396554272e-01,3.2308613706e-01,1.5612637975e+00
1.9883955625e+00,3.2970803601e+00,5.3711291444e-01,2.1400746055e-01,3.2310545389e-01,1.5630689437e+00
1.9893552129e+00,3.2989793334e+00,5.3717444633e-01,2.1404964638e-01,3.2312479995e-01,1.5648780763e+00
1.9903148632e+00,3.3008794004e+00,5.3723627581e-01,2.1409210033e-01,3.2314417548e-01,1.5666912040e+00
1.9912745136e+00,3.3027805618e+00,5.3729840323e-01,2.1413482252e-01,3.2316358071e-01,1.5685083357e+00
1.9922341640e+00,3.3046828181e+00,5.3736082896e-01,2.1417781308e-01,3.2318301588e-01,1.5703294801e+00
1.9931938143e+00,3.3065861701e+00,5.3742355338e-01,2.1422107213e-01,3.2320248125e-01,1.5721546460e+00
1.9941534647e+00,3.3084906183e+00,5.3748657683e-01,2.1426459980e-01,3.2322197703e-01,1.5739838424e+00
1.9951131151e+00,3.3103961634e+00,5.3754989968e-01,2.1430839620e-01,3.2324150348e-01,1.5758170780e+00
1.9960727655e+00,3.3123028060e+00,5.3761352231e-01,2.1435246147e-01,3.2326106084e-01,1.5776543618e+00
1.9970324158e+00,3.3142105467e+00,5.3767744507e-01,2.1439679572e-01,3.2328064935e-01,1.5794957027e+00
1.9979920662e+00,3.3161193862e+00,5.3774166834e-01,2.1444139909e-01,3.2330026924e-01,1.5813411096e+00
1.9989517166e+00,3.3180293252e+00,5.3780619247e-01,2.1448627171e-01,3.2331992076e-01,1.5831905914e+00
1.9999113669e+00,3.3199403641e+00,5.3787101784e-01,2.1453141369e-01,3.2333960415e-01,1.5850441572e+00
2.0008710173e+00,3.3218525038e+00,5.3793614481e-01,2.1457682517e-01,3.2335931964e-01,1.5869018158e+00
2.0018306677e+00,3.3237657447e+00,5.3800157376e-01,2.1462250628e-01,3.2337906748e-01,1.5887635764e+00
2.0027903180e+00,3.3256800876e+00,5.3806730504e-01,2.1466845713e-01,3.2339884791e-01,1.5906294480e+00
2.0037499684e+00,3.3275955331e+00,5.3813333904e-01,2.1471467787e-01,3.2341866116e-01,1.5924994396e+00
2.0047096188e+00,3.3295120817e+00,5.3819967611e-01,2.1476116863e-01,3.2343850748e-01,1.5943735602e+00
2.0056692691e+00,3.3314297343e+00,5.3826631664e-01,2.1480792952e-01,3.2345838712e-01,1.5962518191e+00
2.0066289195e+00,3.3333484913e+00,5.3833326098e-01,2.1485496069e-01,3.2347830029e-01,1.5981342252e+00
2.0075885699e+00,3.3352683534e+00,5.3840050952e-01,2.1490226226e-01,3.2349824726e-01,1.6000207878e+00
2.0085482202e+00,3.3371893213e+00,5.3846806263e-01,2.1494983437e-01,3.2351822825e-01,1.6019115160e+00
2.0095078706e+00,3.3391113956e+00,5.3853592066e-01,2.1499767715e-01,3.2353824351e-01,1.6038064190e+00
2.0104675210e+00,3.3410345769e+00,5.3860408401e-01,2.1504579073e-01,3.2355829328e-01,1.6057055060e+00
2.0114271713e+00,3.3429588659e+00,5.3867255304e-01,2.1509417524e-01,3.2357837780e-01,1.6076087862e+00
2.0123868217e+00,3.3448842631e+00,5.3874132813e-01,2.1514283082e-01,3.2359849730e-01,1.6095162688e+00
2.0133464721e+00,3.3468107694e+00,5.3881040964e-01,2.1519175761e-01,3.2361865204e-01,1.6114279632e+00
2.0143061224e+00,3.3487383852e+00,5.3887979797e-01,2.1524095573e-01,3.2363884224e-01,1.6133438786e+00
2.0152657728e+00,3.3506671112e+00,5.3894949347e-01,2.1529042532e-01,3.2365906814e-01,1.6152640244e+00
2.0162254232e+00,3.3525969481e+00,5.3901949652e-01,2.1534016653e-01,3.2367933000e-01,1.6171884098e+00
2.0171850735e+00,3.3545278965e+00,5.3908980751e-01,2.1539017947e-01,3.2369962804e-01,1.6191170442e+00
2.0181447239e+00,3.3564599570e+00,5.3916042681e-01,2.1544046430e-01,3.2371996251e-01,1.6210499370e+00
2.0191043743e+00,3.3583931304e+00,5.3923135480e-01,2.1549102115e-01,3.2374033365e-01,1.6229870976e+00
2.0200640247e+00,3.3603274171e+00,5.3930259185e-01,2.1554185015e-01,3.2376074170e-01,1.6249285354e+00
2.0210236750e+00,3.3622628179e+00,5.3937413834e-01,2.1559295146e-01,3.2378118689e-01,1.6268742599e+00
2.0219833254e+00,3.3641993334e+00,5.3944599466e-01,2.1564432519e-01,3.2380166947e-01,1.6288242805e+00
2.0229429758e+00,3.3661369643e+00,5.3951816118e-01,2.1569597150e-01,3.2382218968e-01,1.6307786067e+00
2.0239026261e+00,3.3680757111e+00,5.3959063828e-01,2.1574789053e-01,3.2384274775e-01,1.6327372480e+00
2.0248622765e+00,3.3700155746e+00,5.3966342633e-01,2.1580008240e-01,3.2386334393e-01,1.6347002140e+00
2.0258219269e+00,3.3719565554e+00,5.3973652574e-01,2.1585254728e-01,3.2388397846e-01,1.6366675142e+00
2.0267815772e+00,3.3738986540e+00,5.3980993686e-01,2.1590528529e-01,3.2390465157e-01,1.6386391581e+00
2.0277412276e+00,3.3758418713e+00,5.3988366010e-01,2.1595829658e-01,3.2392536352e-01,1.6406151554e+00
2.0287008780e+00,3.3777862077e+00,5.3995769582e-01,2.1601158129e-01,3.2394611452e-01,1.6425955157e+00
2.0296605283e+00,3.3797316640e+00,5.4003204441e-01,2.1606513957e-01,3.2396690484e-01,1.6445802486e+00
2.0306201787e+00,3.3816782408e+00,5.4010670626e-01,2.1611897156e-01,3.2398773470e-01,1.6465693639e+00
2.0315798291e+00,3.3836259388e+00,5.4018168174e-01,2.1617307740e-01,3.2400860435e-01,1.6485628711e+00
2.0325394794e+00,3.3855747585e+00,5.4025697125e-01,2.1622745724e-01,3.2402951402e-01,1.6505607800e+00
2.0334991298e+00,3.3875247006e+00,5.4033257517e-01,2.1628211122e-01,3.2405046396e-01,1.6525631003e+00
2.0344587802e+00,3.3894757659e+00,5.4040849389e-01,2.1633703948e-01,3.2407145440e-01,1.6545698418e+00
2.0354184305e+00,3.3914279549e+00,5.4048472778e-01,2.1639224219e-01,3.2409248559e-01,1.6565810143e+00
2.0363780809e+00,3.3933812682e+00,5.4056127724e-01,2.1644771947e-01,3.2411355777e-01,1.6585966275e+00
2.0373377313e+00,3.3953357066e+00,5.4063814266e-01,2.1650347149e-01,3.2413467117e-01,1.6606166914e+00
2.0382973816e+00,3.3972912706e+00,5.4071532442e-01,2.1655949838e-01,3.2415582604e-01,1.6626412156e+00
2.0392570320e+00,3.3992479610e+00,5.4079282291e-01,2.1661580030e-01,3.2417702261e-01,1.6646702101e+00
2.0402166824e+00,3.4012057783e+00,5.4087063852e-01,2.1667237739e-01,3.2419826113e-01,1.6667036849e+00
2.0411763327e+00,3.4031647232e+00,5.4094877164e-01,2.1672922980e-01,3.2421954184e-01,1.6687416497e+00
2.0421359831e+00,3.4051247965e+00,5.4102722265e-01,2.1678635769e-01,3.2424086497e-01,1.6707841146e+00
2.0430956335e+00,3.4070859986e+00,5.4110599196e-01,2.1684376120e-01,3.2426223076e-01,1.6728310895e+00
2.0440552839e+00,3.4090483303e+00,5.4118507995e-01,2.1690144049e-01,3.2428363946e-01,1.6748825844e+00
2.0450149342e+00,3.4110117922e+00,5.4126448700e-01,2.1695939570e-01,3.2430509130e-01,1.6769386092e+00
2.0459745846e+00,3.4129763850e+00,5.4134421352e-01,2.1701762699e-01,3.2432658653e-01,1.6789991741e+00
2.0469342350e+00,3.4149421092e+00,5.4142425990e-01,2.1707613451e-01,3.2434812539e-01,1.6810642891e+00
2.0478938853e+00,3.4169089657e+00,5.4150462653e-01,2.1713491842e-01,3.2436970811e-01,1.6831339643e+00
2.0488535357e+00,3.4188769550e+00,5.4158531379e-01,2.1719397886e-01,3.2439133493e-01,1.6852082097e+00
2.0498131861e+00,3.4208460778e+00,5.4166632210e-01,2.1725331600e-01,3.2441300610e-01,1.6872870355e+00
2.0507728364e+00,3.4228163347e+00,5.4174765183e-01,2.1731292998e-01,3.2443472185e-01,1.6893704518e+00
2.0517324868e+00,3.4247877263e+00,5.4182930340e-01,2.1737282096e-01,3.2445648243e-01,1.6914584689e+00
2.0526921372e+00,3.4267602534e+00,5.4191127718e-01,2.1743298910e-01,3.2447828808e-01,1.6935510969e+00
2.0536517875e+00,3.4287339166e+00,5.4199357358e-01,2.1749343456e-01,3.2450013903e-01,1.6956483460e+00
2.0546114379e+00,3.4307087166e+00,5.4207619300e-01,2.1755415748e-01,3.2452203552e-01,1.6977502264e+00
2.0555710883e+00,3.4326846539e+00,5.4215913583e-01,2.1761515803e-01,3.2454397780e-01,1.6998567485e+00
2.0565307386e+00,3.4346617293e+00,5.4224240248e-01,2.1767643637e-01,3.2456596610e-01,1.7019679225e+00
2.0574903890e+00,3.4366399434e+00,5.4232599333e-01,2.1773799265e-01,3.2458800067e-01,1.7040837588e+00
2.0584500394e+00,3.4386192969e+00,5.4240990879e-01,2.1779982704e-01,3.2461008175e-01,1.7062042677e+00
2.0594096897e+00,3.4405997903e+00,5.4249414925e-01,2.1786193968e-01,3.2463220957e-01,1.7083294595e+00
2.0603693401e+00,3.4425814245e+00,5.4257871513e-01,2.1792433075e-01,3.2465438437e-01,1.7104593446e+00
2.0613289905e+00,3.4445642000e+00,5.4266360681e-01,2.1798700040e-01,3.2467660640e-01,1.7125939335e+00
2.0622886408e+00,3.4465481175e+00,5.4274882470e-01,2.1804994880e-01,3.2469887590e-01,1.7147332366e+00
2.0632482912e+00,3.4485331776e+00,5.4283436920e-01,2.1811317610e-01,3.2472119310e-01,1.7168772643e+00
2.0642079416e+00,3.4505193811e+00,5.4292024072e-01,2.1817668246e-01,3.2474355825e-01,1.7190260271e+00
2.0651675919e+00,3.4525067285e+00,5.4300643965e-01,2.1824046806e-01,3.2476597159e-01,1.7211795356e+00
2.0661272423e+00,3.4544952205e+00,5.4309296640e-01,2.1830453305e-01,3.2478843335e-01,1.7233378003e+00
2.0670868927e+00,3.4564848578e+00,5.4317982137e-01,2.1836887759e-01,3.2481094378e-01,1.7255008317e+00
2.0680465431e+00,3.4584756411e+00,5.4326700498e-01,2.1843350186e-01,3.2483350312e-01,1.7276686404e+00
2.0690061934e+00,3.4604675710e+00,5.4335451761e-01,2.1849840601e-01,3.2485611160e-01,1.7298412370e+00
2.0699658438e+00,3.4624606481e+00,5.4344235968e-01,2.1856359021e-01,3.2487876947e-01,1.7320186322e+00
2.0709254942e+00,3.4644548731e+00,5.4353053160e-01,2.1862905463e-01,3.2490147697e-01,1.7342008366e+00
2.0718851445e+00,3.4664502468e+00,5.4361903377e-01,2.1869479943e-01,3.2492423434e-01,1.7363878609e+00
2.0728447949e+00,3.4684467697e+00,5.4370786660e-01,2.1876082478e-01,3.2494704182e-01,1.7385797158e+00
2.0738044453e+00,3.4704444425e+00,5.4379703049e-01,2.1882713085e-01,3.2496989964e-01,1.7407764120e+00
2.0747640956e+00,3.4724432658e+00,5.4388652586e-01,2.1889371780e-01,3.2499280806e-01,1.7429779604e+00
2.0757237460e+00,3.4744432404e+00,5.4397635311e-01,2.1896058580e-01,3.2501576730e-01,1.7451843716e+00
2.0766833964e+00,3.4764443669e+00,5.4406651265e-01,2.1902773503e-01,3.2503877762e-01,1.7473956564e+00
2.0776430467e+00,3.4784466460e+00,5.4415700489e-01,2.1909516564e-01,3.2506183925e-01,1.7496118258e+00
2.0786026971e+00,3.4804500783e+00,5.4424783025e-01,2.1916287782e-01,3.2508495243e-01,1.7518328906e+00
2.0795623475e+00,3.4824546644e+00,5.4433898913e-01,2.1923087174e-01,3.2510811740e-01,1.7540588616e+00
2.0805219978e+00,3.4844604052e+00,5.4443048195e-01,2.1929914755e-01,3.2513133440e-01,1.7562897497e+00
2.0814816482e+00,3.4864673011e+00,5.4452230912e-01,2.1936770544e-01,3.2515460368e-01,1.7585255660e+00
2.0824412986e+00,3.4884753530e+00,5.4461447104e-01,2.1943654558e-01,3.2517792547e-01,1.7607663213e+00
2.0834009489e+00,3.4904845613e+00,5.4470696814e-01,2.1950566813e-01,3.2520130001e-01,1.7630120266e+00
2.0843605993e+00,3.4924949269e+00,5.4479980083e-01,2.1957507328e-01,3.2522472755e-01,1.7652626930e+00
2.0853202497e+00,3.4945064504e+00,5.4489296952e-01,2.1964476120e-01,3.2524820832e-01,1.7675183315e+00
2.0862799000e+00,3.4965191324e+00,5.4498647463e-01,2.1971473206e-01,3.2527174258e-01,1.7697789531e+00
2.0872395504e+00,3.4985329737e+00,5.4508031658e-01,2.1978498603e-01,3.2529533054e-01,1.7720445690e+00
2.0881992008e+00,3.5005479748e+00,5.4517449577e-01,2.1985552330e-01,3.2531897247e-01,1.7743151902e+00
2.0891588511e+00,3.5025641365e+00,5.4526901262e-01,2.1992634403e-01,3.2534266860e-01,1.7765908279e+00
2.0901185015e+00,3.5045814594e+00,5.4536386756e-01,2.1999744840e-01,3.2536641916e-01,1.7788714932e+00
2.0910781519e+00,3.5065999442e+00,5.4545906101e-01,2.2006883660e-01,3.2539022441e-01,1.7811571974e+00
2.0920378023e+00,3.5086195915e+00,5.4555459337e-01,2.2014050879e-01,3.2541408457e-01,1.7834479516e+00
2.0929974526e+00,3.5106404021e+00,5.4565046507e-01,2.2021246517e-01,3.2543799990e-01,1.7857437671e+00
2.0939571030e+00,3.5126623766e+00,5.4574667653e-01,2.2028470589e-01,3.2546197064e-01,1.7880446552e+00
2.0949167534e+00,3.5146855156e+00,5.4584322816e-01,2.2035723115e-01,3.2548599701e-01,1.7903506272e+00
2.0958764037e+00,3.5167098199e+00,5.4594012040e-01,2.2043004113e-01,3.2551007927e-01,1.7926616944e+00
2.0968360541e+00,3.5187352901e+00,5.4603735365e-01,2.2050313599e-01,3.2553421766e-01,1.7949778680e+00
2.0977957045e+00,3.5207619268e+00,5.4613492835e-01,2.2057651594e-01,3.2555841242e-01,1.7972991597e+00
2.0987553548e+00,3.5227897309e+00,5.4623284492e-01,2.2065018113e-01,3.2558266378e-01,1.7996255806e+00
2.0997150052e+00,3.5248187028e+00,5.4633110377e-01,2.2072413177e-01,3.2560697200e-01,1.8019571422e+00
2.1006746556e+00,3.5268488434e+00,5.4642970533e-01,2.2079836803e-01,3.2563133730e-01,1.8042938561e+00
2.1016343059e+00,3.5288801532e+00,5.4652865003e-01,2.2087289009e-01,3.2565575994e-01,1.8066357336e+00
2.1025939563e+00,3.5309126330e+00,5.4662793828e-01,2.2094769813e-01,3.2568024015e-01,1.8089827863e+00
2.1035536067e+00,3.5329462834e+00,5.4672757053e-01,2.2102279235e-01,3.2570477818e-01,1.8113350258e+00
2.1045132570e+00,3.5349811050e+00,5.4682754718e-01,2.2109817292e-01,3.2572937426e-01,1.8136924635e+00
2.1054729074e+00,3.5370170987e+00,5.4692786867e-01,2.2117384003e-01,3.2575402864e-01,1.8160551111e+00
2.1064325578e+00,3.5390542650e+00,5.4702853543e-01,2.2124979387e-01,3.2577874156e-01,1.8184229801e+00
2.1073922081e+00,3.5410926046e+00,5.4712954788e-01,2.2132603462e-01,3.2580351325e-01,1.8207960823e+00
2.1083518585e+00,3.5431321182e+00,5.4723090645e-01,2.2140256247e-01,3.2582834398e-01,1.8231744293e+00
2.1093115089e+00,3.5451728065e+00,5.4733261157e-01,2.2147937761e-01,3.2585323396e-01,1.8255580328e+00
2.1102711592e+00,3.5472146701e+00,5.4743466367e-01,2.2155648022e-01,3.2587818345e-01,1.8279469045e+00
2.1112308096e+00,3.5492577097e+00,5.4753706318e-01,2.2163387049e-01,3.2590319269e-01,1.8303410562e+00
2.1121904600e+00,3.5513019261e+00,5.4763981052e-01,2.2171154861e-01,3.2592826191e-01,1.8327404996e+00
2.1131501103e+00,3.5533473198e+00,5.4774290614e-01,2.2178951478e-01,3.2595339136e-01,1.8351452466e+00
2.1141097607e+00,3.5553938916e+00,5.4784635046e-01,2.2186776917e-01,3.2597858129e-01,1.8375553090e+00
2.1150694111e+00,3.5574416421e+00,5.4795014392e-01,2.2194631199e-01,3.2600383193e-01,1.8399706986e+00
2.1160290615e+00,3.5594905720e+00,5.4805428694e-01,2.2202514341e-01,3.2602914353e-01,1.8423914274e+00
2.1169887118e+00,3.5615406820e+00,5.4815877996e-01,2.2210426364e-01,3.2605451632e-01,1.8448175072e+00
2.1179483622e+00,3.5635919728e+00,5.4826362342e-01,2.2218367287e-01,3.2607995055e-01,1.8472489500e+00
2.1189080126e+00,3.5656444451e+00,5.4836881775e-01,2.2226337129e-01,3.2610544647e-01,1.8496857678e+00
2.1198676629e+00,3.5676980995e+00,5.4847436339e-01,2.2234335908e-01,3.2613100431e-01,1.8521279726e+00
2.1208273133e+00,3.5697529366e+00,5.4858026076e-01,2.2242363646e-01,3.2615662431e-01,1.8545755763e+00
2.1217869637e+00,3.5718089573e+00,5.4868651032e-01,2.2250420360e-01,3.2618230672e-01,1.8570285912e+00
2.1227466140e+00,3.5738661622e+00,5.4879311248e-01,2.2258506071e-01,3.2620805178e-01,1.8594870291e+00
2.1237062644e+00,3.5759245519e+00,5.4890006770e-01,2.2266620797e-01,3.2623385973e-01,1.8619509024e+00
2.1246659148e+00,3.5779841272e+00,5.4900737641e-01,2.2274764560e-01,3.2625973082e-01,1.8644202230e+00
2.1256255651e+00,3.5800448887e+00,5.4911503905e-01,2.2282937377e-01,3.2628566528e-01,1.8668950032e+00
2.1265852155e+00,3.5821068371e+00,5.4922305606e-01,2.2291139270e-01,3.2631166336e-01,1.8693752551e+00
2.1275448659e+00,3.5841699731e+00,5.4933142788e-01,2.2299370258e-01,3.2633772531e-01,1.8718609910e+00
2.1285045162e+00,3.5862342974e+00,5.4944015495e-01,2.2307630360e-01,3.2636385135e-01,1.8743522232e+00
2.1294641666e+00,3.5882998106e+00,5.4954923771e-01,2.2315919596e-01,3.2639004175e-01,1.8768489639e+00
2.1304238170e+00,3.5903665135e+00,5.4965867660e-01,2.2324237987e-01,3.2641629673e-01,1.8793512254e+00
2.1313834673e+00,3.5924344067e+00,5.4976847206e-01,2.2332585552e-01,3.2644261654e-01,1.8818590202e+00
2.1323431177e+00,3.5945034909e+00,5.4987862454e-01,2.2340962312e-01,3.2646900143e-01,1.8843723604e+00
2.1333027681e+00,3.5965737668e+00,5.4998913449e-01,2.2349368286e-01,3.2649545163e-01,1.8868912586e+00
2.1342624184e+00,3.5986452352e+00,5.5010000234e-01,2.2357803494e-01,3.2652196740e-01,1.8894157272e+00
2.1352220688e+00,3.6007178965e+00,5.5021122854e-01,2.2366267958e-01,3.2654854896e-01,1.8919457786e+00
2.1361817192e+00,3.6027917517e+00,5.5032281354e-01,2.2374761696e-01,3.2657519658e-01,1.8944814252e+00
2.1371413695e+00,3.6048668013e+00,5.5043475778e-01,2.2383284730e-01,3.2660191048e-01,1.8970226798e+00
2.1381010199e+00,3.6069430460e+00,5.5054706171e-01,2.2391837080e-01,3.2662869091e-01,1.8995695546e+00
2.1390606703e+00,3.6090204866e+00,5.5065972578e-01,2.2400418766e-01,3.2665553811e-01,1.9021220624e+00
2.1400203207e+00,3.6110991237e+00,5.5077275043e-01,2.2409029809e-01,3.2668245234e-01,1.9046802158e+00
2.1409799710e+00,3.6131789579e+00,5.5088613611e-01,2.2417670229e-01,3.2670943382e-01,1.9072440273e+00
2.1419396214e+00,3.6152599901e+00,5.5099988327e-01,2.2426340046e-01,3.2673648281e-01,1.9098135097e+00
2.1428992718e+00,3.6173422209e+00,5.5111399237e-01,2.2435039282e-01,3.2676359954e-01,1.9123886755e+00
2.1438589221e+00,3.6194256509e+00,5.5122846385e-01,2.2443767958e-01,3.2679078427e-01,1.9149695376e+00
2.1448185725e+00,3.6215102809e+00,5.5134329816e-01,2.2452526093e-01,3.2681803723e-01,1.9175561087e+00
2.1457782229e+00,3.6235961115e+00,5.5145849575e-01,2.2461313709e-01,3.2684535866e-01,1.9201484015e+00
2.1467378732e+00,3.6256831435e+00,5.5157405708e-01,2.2470130826e-01,3.2687274882e-01,1.9227464289e+00
2.1476975236e+00,3.6277713776e+00,5.5168998260e-01,2.2478977466e-01,3.2690020794e-01,1.9253502037e+00
2.1486571740e+00,3.6298608143e+00,5.5180627277e-01,2.2487853650e-01,3.2692773627e-01,1.9279597388e+00
2.1496168243e+00,3.6319514545e+00,5.5192292803e-01,2.2496759397e-01,3.2695533405e-01,1.9305750471e+00
2.1505764747e+00,3.6340432988e+00,5.5203994884e-01,2.2505694731e-01,3.2698300153e-01,1.9331961415e+00
2.1515361251e+00,3.6361363479e+00,5.5215733566e-01,2.2514659671e-01,3.2701073895e-01,1.9358230349e+00
2.1524957754e+00,3.6382306025e+00,5.5227508894e-01,2.2523654239e-01,3.2703854654e-01,1.9384557404e+00
2.1534554258e+00,3.6403260634e+00,5.5239320914e-01,2.2532678457e-01,3.2706642457e-01,1.9410942709e+00
2.1544150762e+00,3.6424227311e+00,5.5251169672e-01,2.2541732345e-01,3.2709437327e-01,1.9437386395e+00
2.1553747265e+00,3.6445206064e+00,5.5263055213e-01,2.2550815925e-01,3.2712239288e-01,1.9463888594e+00
2.1563343769e+00,3.6466196900e+00,5.5274977583e-01,2.2559929218e-01,3.2715048365e-01,1.9490449435e+00
2.1572940273e+00,3.6487199825e+00,5.5286936828e-01,2.2569072246e-01,3.2717864583e-01,1.9517069051e+00
2.1582536776e+00,3.6508214848e+00,5.5298932995e-01,2.2578245030e-01,3.2720687965e-01,1.9543747573e+00
2.1592133280e+00,3.6529241974e+00,5.5310966128e-01,2.2587447592e-01,3.2723518536e-01,1.9570485133e+00
2.1601729784e+00,3.6550281210e+00,5.5323036275e-01,2.2596679954e-01,3.2726356322e-01,1.9597281863e+00
2.1611326287e+00,3.6571332565e+00,5.5335143481e-01,2.2605942137e-01,3.2729201345e-01,1.9624137897e+00
2.1620922791e+00,3.6592396044e+00,5.5347287793e-01,2.2615234163e-01,3.2732053631e-01,1.9651053366e+00
2.1630519295e+00,3.6613471655e+00,5.5359469257e-01,2.2624556053e-01,3.2734913204e-01,1.9678028405e+00
2.1640115799e+00,3.6634559404e+00,5.5371687919e-01,2.2633907831e-01,3.2737780088e-01,1.9705063147e+00
2.1649712302e+00,3.6655659299e+00,5.5383943825e-01,2.2643289517e-01,3.2740654308e-01,1.9732157725e+00
2.1659308806e+00,3.6676771347e+00,5.5396237022e-01,2.2652701134e-01,3.2743535889e-01,1.9759312274e+00
2.1668905310e+00,3.6697895554e+00,5.5408567557e-01,2.2662142703e-01,3.2746424854e-01,1.9786526928e+00
2.1678501813e+00,3.6719031928e+00,5.5420935477e-01,2.2671614247e-01,3.2749321229e-01,1.9813801823e+00
2.1688098317e+00,3.6740180476e+00,5.5433340827e-01,2.2681115788e-01,3.2752225038e-01,1.9841137093e+00
2.1697694821e+00,3.6761341204e+00,5.5445783654e-01,2.2690647348e-01,3.2755136306e-01,1.9868532873e+00
2.1707291324e+00,3.6782514119e+00,5.5458264006e-01,2.2700208950e-01,3.2758055056e-01,1.9895989300e+00
2.1716887828e+00,3.6803699230e+00,5.5470781929e-01,2.2709800615e-01,3.2760981314e-01,1.9923506510e+00
2.1726484332e+00,3.6824896542e+00,5.5483337470e-01,2.2719422366e-01,3.2763915104e-01,1.9951084638e+00
2.1736080835e+00,3.6846106063e+00,5.5495930676e-01,2.2729074226e-01,3.2766856450e-01,1.9978723822e+00
2.1745677339e+00,3.6867327799e+00,5.5508561595e-01,2.2738756217e-01,3.2769805378e-01,2.0006424199e+00
2.1755273843e+00,3.6888561759e+00,5.5521230272e-01,2.2748468361e-01,3.2772761911e-01,2.0034185905e+00
2.1764870346e+00,3.6909807948e+00,5.5533936756e-01,2.2758210682e-01,3.2775726074e-01,2.0062009079e+00
2.1774466850e+00,3.6931066374e+00,5.5546681093e-01,2.2767983201e-01,3.2778697892e-01,2.0089893859e+00
2.1784063354e+00,3.6952337044e+00,5.5559463332e-01,2.2777785942e-01,3.2781677390e-01,2.0117840382e+00
2.1793659857e+00,3.6973619965e+00,5.5572283518e-01,2.2787618927e-01,3.2784664591e-01,2.0145848788e+00
2.1803256361e+00,3.6994915144e+00,5.5585141700e-01,2.2797482179e-01,3.2787659521e-01,2.0173919216e+00
2.1812852865e+00,3.7016222588e+00,5.5598037926e-01,2.2807375722e-01,3.2790662204e-01,2.0202051804e+00
2.1822449368e+00,3.7037542304e+00,5.5610972242e-01,2.2817299577e-01,3.2793672665e-01,2.0230246692e+00
2.1832045872e+00,3.7058874300e+00,5.5623944696e-01,2.2827253768e-01,3.2796690928e-01,2.0258504021e+00
2.1841642376e+00,3.7080218582e+00,5.5636955337e-01,2.2837238318e-01,3.2799717018e-01,2.0286823930e+00
2.1851238880e+00,3.7101575157e+00,5.5650004211e-01,2.2847253251e-01,3.2802750960e-01,2.0315206560e+00
2.1860835383e+00,3.7122944032e+00,5.5663091366e-01,2.2857298588e-01,3.2805792778e-01,2.0343652052e+00
2.1870431887e+00,3.7144325215e+00,5.5676216851e-01,2.2867374355e-01,3.2808842497e-01,2.0372160546e+00
2.1880028391e+00,3.7165718713e+00,5.5689380714e-01,2.2877480573e-01,3.2811900141e-01,2.0400732186e+00
2.1889624894e+00,3.7187124532e+00,5.5702583002e-01,2.2887617266e-01,3.2814965736e-01,2.0429367112e+00
2.1899221398e+00,3.7208542681e+00,5.5715823763e-01,2.2897784458e-01,3.2818039305e-01,2.0458065467e+00
2.1908817902e+00,3.7229973165e+00,5.5729103046e-01,2.2907982172e-01,3.2821120874e-01,2.0486827393e+00
2.1918414405e+00,3.7251415992e+00,5.5742420898e-01,2.2918210431e-01,3.2824210468e-01,2.0515653034e+00
2.1928010909e+00,3.7272871169e+00,5.5755777369e-01,2.2928469259e-01,3.2827308110e-01,2.0544542531e+00
2.1937607413e+00,3.7294338704e+00,5.5769172506e-01,2.2938758680e-01,3.2830413826e-01,2.0573496030e+00
2.1947203916e+00,3.7315818603e+00,5.5782606358e-01,2.2949078718e-01,3.2833527640e-01,2.0602513673e+00
2.1956800420e+00,3.7337310873e+00,5.5796078973e-01,2.2959429396e-01,3.2836649577e-01,2.0631595606e+00
2.1966396924e+00,3.7358815522e+00,5.5809590400e-01,2.2969810737e-01,3.2839779663e-01,2.0660741972e+00
2.1975993427e+00,3.7380332557e+00,5.5823140687e-01,2.2980222767e-01,3.2842917920e-01,2.0689952916e+00
2.1985589931e+00,3.7401861984e+00,5.5836729884e-01,2.2990665508e-01,3.2846064376e-01,2.0719228584e+00
2.1995186435e+00,3.7423403812e+00,5.5850358038e-01,2.3001138985e-01,3.2849219053e-01,2.0748569121e+00
2.2004782938e+00,3.7444958046e+00,5.5864025198e-01,2.3011643222e-01,3.2852381977e-01,2.0777974673e+00
2.2014379442e+00,3.7466524695e+00,5.5877731414e-01,2.3022178242e-01,3.2855553172e-01,2.0807445386e+00
2.2023975946e+00,3.7488103766e+00,5.5891476735e-01,2.3032744071e-01,3.2858732664e-01,2.0836981408e+00
2.2033572449e+00,3.7509695265e+00,5.5905261209e-01,2.3043340731e-01,3.2861920477e-01,2.0866582884e+00
2.2043168953e+00,3.7531299200e+00,5.5919084885e-01,2.3053968248e-01,3.2865116637e-01,2.0896249962e+00
2.2052765457e+00,3.7552915577e+00,5.5932947813e-01,2.3064626646e-01,3.2868321166e-01,2.0925982790e+00
2.2062361960e+00,3.7574544405e+00,5.5946850041e-01,2.3075315949e-01,3.2871534092e-01,2.0955781515e+00
2.2071958464e+00,3.7596185690e+00,5.5960791619e-01,2.3086036181e-01,3.2874755438e-01,2.0985646287e+00
2.2081554968e+00,3.7617839440e+00,5.5974772597e-01,2.3096787368e-01,3.2877985229e-01,2.1015577252e+00
2.2091151472e+00,3.7639505661e+00,5.5988793024e-01,2.3107569533e-01,3.2881223491e-01,2.1045574562e+00
2.2100747975e+00,3.7661184361e+00,5.6002852948e-01,2.3118382701e-01,3.2884470247e-01,2.1075638364e+00
2.2110344479e+00,3.7682875547e+00,5.6016952421e-01,2.3129226898e-01,3.2887725523e-01,2.1105768808e+00
2.2119940983e+00,3.7704579226e+00,5.6031091491e-01,2.3140102146e-01,3.2890989344e-01,2.1135966045e+00
2.2129537486e+00,3.7726295405e+00,5.6045270207e-01,2.3151008472e-01,3.2894261735e-01,2.1166230225e+00
2.2139133990e+00,3.7748024092e+00,5.6059488621e-01,2.3161945901e-01,3.2897542720e-01,2.1196561499e+00
2.2148730494e+00,3.7769765294e+00,5.6073746781e-01,2.3172914456e-01,3.2900832324e-01,2.1226960017e+00
2.2158326997e+00,3.7791519017e+00,5.6088044737e-01,2.3183914164e-01,3.2904130573e-01,2.1257425931e+00
2.2167923501e+00,3.7813285270e+00,5.6102382539e-01,2.3194945048e-01,3.2907437491e-01,2.1287959393e+00
2.2177520005e+00,3.7835064059e+00,5.6116760238e-01,2.3206007135e-01,3.2910753104e-01,2.1318560555e+00
2.2187116508e+00,3.7856855392e+00,5.6131177884e-01,2.3217100449e-01,3.2914077435e-01,2.1349229570e+00
2.2196713012e+00,3.7878659276e+00,5.6145635525e-01,2.3228225015e-01,3.2917410510e-01,2.1379966590e+00
2.2206309516e+00,3.7900475718e+00,5.6160133214e-01,2.3239380859e-01,3.2920752355e-01,2.1410771768e+00
2.2215906019e+00,3.7922304725e+00,5.6174671000e-01,2.3250568006e-01,3.2924102993e-01,2.1441645258e+00
2.2225502523e+00,3.7944146305e+00,5.6189248932e-01,2.3261786482e-01,3.2927462451e-01,2.1472587215e+00
2.2235099027e+00,3.7966000464e+00,5.6203867063e-01,2.3273036311e-01,3.2930830752e-01,2.1503597791e+00
2.2244695530e+00,3.7987867211e+00,5.6218525442e-01,2.3284317520e-01,3.2934207922e-01,2.1534677143e+00
2.2254292034e+00,3.8009746552e+00,5.6233224120e-01,2.3295630133e-01,3.2937593987e-01,2.1565825424e+00
2.2263888538e+00,3.8031638494e+00,5.6247963147e-01,2.3306974177e-01,3.2940988970e-01,2.1597042790e+00
2.2273485041e+00,3.8053543045e+00,5.6262742574e-01,2.3318349677e-01,3.2944392897e-01,2.1628329397e+00
2.2283081545e+00,3.8075460212e+00,5.6277562452e-01,2.3329756658e-01,3.2947805794e-01,2.1659685402e+00
2.2292678049e+00,3.8097390003e+00,5.6292422832e-01,2.3341195147e-01,3.2951227685e-01,2.1691110959e+00
2.2302274552e+00,3.8119332424e+00,5.6307323764e-01,2.3352665170e-01,3.2954658594e-01,2.1722606227e+00
2.2311871056e+00,3.8141287483e+00,5.6322265300e-01,2.3364166752e-01,3.2958098548e-01,2.1754171362e+00
2.2321467560e+00,3.8163255187e+00,5.6337247491e-01,2.3375699919e-01,3.2961547572e-01,2.1785806522e+00
2.2331064064e+00,3.8185235544e+00,5.6352270387e-01,2.3387264697e-01,3.2965005690e-01,2.1817511864e+00
2.2340660567e+00,3.8207228560e+00,5.6367334040e-01,2.3398861112e-01,3.2968472927e-01,2.1849287548e+00
2.2350257071e+00,3.8229234243e+00,5.6382438501e-01,2.3410489191e-01,3.2971949309e-01,2.1881133731e+00
2.2359853575e+00,3.8251252601e+00,5.6397583821e-01,2.3422148960e-01,3.2975434861e-01,2.1913050573e+00
2.2369450078e+00,3.8273283640e+00,5.6412770052e-01,2.3433840444e-01,3.2978929608e-01,2.1945038232e+00
2.2379046582e+00,3.8295327368e+00,5.6427997246e-01,2.3445563671e-01,3.2982433575e-01,2.1977096870e+00
2.2388643086e+00,3.8317383792e+00,5.6443265453e-01,2.3457318666e-01,3.2985946787e-01,2.2009226645e+00
2.2398239589e+00,3.8339452920e+00,5.6458574726e-01,2.3469105456e-01,3.2989469270e-01,2.2041427719e+00
2.2407836093e+00,3.8361534759e+00,5.6473925115e-01,2.3480924067e-01,3.2993001048e-01,2.2073700251e+00
2.2417432597e+00,3.8383629316e+00,5.6489316673e-01,2.3492774527e-01,3.2996542147e-01,2.2106044404e+00
2.2427029100e+00,3.8405736598e+00,5.6504749452e-01,2.3504656860e-01,3.3000092592e-01,2.2138460339e+00
2.2436625604e+00,3.8427856613e+00,5.6520223503e-01,2.3516571095e-01,3.3003652408e-01,2.2170948218e+00
2.2446222108e+00,3.8449989369e+00,5.6535738879e-01,2.3528517258e-01,3.3007221620e-01,2.2203508204e+00
2.2455818611e+00,3.8472134872e+00,5.6551295631e-01,2.3540495376e-01,3.3010800254e-01,2.2236140458e+00
2.2465415115e+00,3.8494293129e+00,5.6566893811e-01,2.3552505475e-01,3.3014388335e-01,2.2268845145e+00
2.2475011619e+00,3.8516464149e+00,5.6582533472e-01,2.3564547583e-01,3.3017985889e-01,2.2301622427e+00
2.2484608122e+00,3.8538647938e+00,5.6598214665e-01,2.3576621726e-01,3.3021592939e-01,2.2334472469e+00
2.2494204626e+00,3.8560844505e+00,5.6613937444e-01,2.3588727932e-01,3.3025209512e-01,2.2367395434e+00
2.2503801130e+00,3.8583053855e+00,5.6629701860e-01,2.3600866226e-01,3.3028835634e-01,2.2400391488e+00
2.2513397633e+00,3.8605275997e+00,5.6645507966e-01,2.3613036638e-01,3.3032471328e-01,2.2433460795e+00
2.2522994137e+00,3.8627510938e+00,5.6661355815e-01,2.3625239193e-01,3.3036116621e-01,2.2466603521e+00
2.2532590641e+00,3.8649758686e+00,5.6677245458e-01,2.3637473920e-01,3.3039771539e-01,2.2499819832e+00
2.2542187144e+00,3.8672019247e+00,5.6693176949e-01,2.3649740844e-01,3.3043436105e-01,2.2533109894e+00
2.2551783648e+00,3.8694292629e+00,5.6709150341e-01,2.3662039995e-01,3.3047110346e-01,2.2566473873e+00
2.2561380152e+00,3.8716578840e+00,5.6725165685e-01,2.3674371399e-01,3.3050794287e-01,2.2599911936e+00
2.2570976656e+00,3.8738877887e+00,5.6741223036e-01,2.3686735083e-01,3.3054487953e-01,2.2633424251e+00
2.2580573159e+00,3.8761189777e+00,5.6757322446e-01,2.3699131075e-01,3.3058191370e-01,2.2667010985e+00
2.2590169663e+00,3.8783514517e+00,5.6773463967e-01,2.3711559404e-01,3.3061904564e-01,2.2700672307e+00
2.2599766167e+00,3.8805852116e+00,5.6789647654e-01,2.3724020096e-01,3.3065627558e-01,2.2734408384e+00
2.2609362670e+00,3.8828202580e+00,5.6805873559e-01,2.3736513179e-01,3.3069360380e-01,2.2768219387e+00
2.2618959174e+00,3.8850565917e+00,5.6822141735e-01,2.3749038681e-01,3.3073103054e-01,2.2802105483e+00
2.2628555678e+00,3.8872942134e+00,5.6838452236e-01,2.3761596630e-01,3.3076855606e-01,2.2836066844e+00
2.2638152181e+00,3.8895331239e+00,5.6854805115e-01,2.3774187054e-01,3.3080618061e-01,2.2870103638e+00
2.2647748685e+00,3.8917733240e+00,5.6871200426e-01,2.3786809980e-01,3.3084390445e-01,2.2904216037e+00
2.2657345189e+00,3.8940148142e+00,5.6887638221e-01,2.3799465438e-01,3.3088172784e-01,2.2938404211e+00
2.2666941692e+00,3.8962575955e+00,5.6904118555e-01,2.3812153454e-01,3.3091965102e-01,2.2972668332e+00
2.2676538196e+00,3.8985016685e+00,5.6920641482e-01,2.3824874057e-01,3.3095767425e-01,2.3007008571e+00
2.2686134700e+00,3.9007470340e+00,5.6937207055e-01,2.3837627276e-01,3.3099579779e-01,2.3041425100e+00
2.2695731203e+00,3.9029936928e+00,5.6953815327e-01,2.3850413138e-01,3.3103402189e-01,2.3075918091e+00
2.2705327707e+00,3.9052416455e+00,5.6970466353e-01,2.3863231672e-01,3.3107234681e-01,2.3110487719e+00
2.2714924211e+00,3.9074908929e+00,5.6987160187e-01,2.3876082906e-01,3.3111077281e-01,2.3145134155e+00
2.2724520714e+00,3.9097414358e+00,5.7003896882e-01,2.3888966869e-01,3.3114930013e-01,2.3179857574e+00
2.2734117218e+00,3.9119932749e+00,5.7020676494e-01,2.3901883590e-01,3.3118792904e-01,2.3214658149e+00
2.2743713722e+00,3.9142464110e+00,5.7037499075e-01,2.3914833096e-01,3.3122665979e-01,2.3249536055e+00
2.2753310225e+00,3.9165008448e+00,5.7054364680e-01,2.3927815416e-01,3.3126549264e-01,2.3284491468e+00
2.2762906729e+00,3.9187565770e+00,5.7071273364e-01,2.3940830580e-01,3.3130442784e-01,2.3319524562e+00
2.2772503233e+00,3.9210136085e+00,5.7088225181e-01,2.3953878616e-01,3.3134346565e-01,2.3354635512e+00
2.2782099736e+00,3.9232719399e+00,5.7105220185e-01,2.3966959552e-01,3.3138260633e-01,2.3389824496e+00
2.2791696240e+00,3.9255315720e+00,5.7122258431e-01,2.3980073419e-01,3.3142185013e-01,2.3425091689e+00
2.2801292744e+00,3.9277925055e+00,5.7139339974e-01,2.3993220243e-01,3.3146119731e-01,2.3460437269e+00
2.2810889248e+00,3.9300547412e+00,5.7156464868e-01,2.4006400056e-01,3.3150064813e-01,2.3495861413e+00
2.2820485751e+00,3.9323182799e+00,5.7173633168e-01,2.4019612885e-01,3.3154020283e-01,2.3531364298e+00
2.2830082255e+00,3.9345831223e+00,5.7190844929e-01,2.4032858759e-01,3.3157986169e-01,2.3566946103e+00
2.2839678759e+00,3.9368492691e+00,5.7208100205e-01,2.4046137709e-01,3.3161962496e-01,2.3602607006e+00
2.2849275262e+00,3.9391167212e+00,5.7225399052e-01,2.4059449763e-01,3.3165949289e-01,2.3638347187e+00
2.2858871766e+00,3.9413854792e+00,5.7242741525e-01,2.4072794950e-01,3.3169946575e-01,2.3674166824e+00
2.2868468270e+00,3.9436555439e+00,5.7260127679e-01,2.4086173301e-01,3.3173954378e-01,2.3710066098e+00
2.2878064773e+00,3.9459269160e+00,5.7277557569e-01,2.4099584844e-01,3.3177972726e-01,2.3746045189e+00
2.2887661277e+00,3.9481995964e+00,5.7295031251e-01,2.4113029608e-01,3.3182001643e-01,2.3782104278e+00
2.2897257781e+00,3.9504735857e+00,5.7312548779e-01,2.4126507624e-01,3.3186041155e-01,2.3818243545e+00
2.2906854284e+00,3.9527488847e+00,5.7330110209e-01,2.4140018921e-01,3.3190091288e-01,2.3854463172e+00
2.2916450788e+00,3.9550254942e+00,5.7347715597e-01,2.4153563529e-01,3.3194152069e-01,2.3890763341e+00
2.2926047292e+00,3.9573034150e+00,5.7365364999e-01,2.4167141477e-01,3.3198223522e-01,2.3927144234e+00
2.2935643795e+00,3.9595826477e+00,5.7383058469e-01,2.4180752795e-01,3.3202305674e-01,2.3963606035e+00
2.2945240299e+00,3.9618631932e+00,5.7400796064e-01,2.4194397514e-01,3.3206398550e-01,2.4000148926e+00
2.2954836803e+00,3.9641450521e+00,5.7418577840e-01,2.4208075662e-01,3.3210502177e-01,2.4036773091e+00
2.2964433306e+00,3.9664282253e+00,5.7436403852e-01,2.4221787271e-01,3.3214616581e-01,2.4073478714e+00
2.2974029810e+00,3.9687127136e+00,5.7454274156e-01,2.4235532370e-01,3.3218741787e-01,2.4110265979e+00
2.2983626314e+00,3.9709985175e+00,5.7472188809e-01,2.4249310988e-01,3.3222877820e-01,2.4147135072e+00
2.2993222817e+00,3.9732856380e+00,5.7490147866e-01,2.4263123158e-01,3.3227024708e-01,2.4184086178e+00
2.3002819321e+00,3.9755740758e+00,5.7508151384e-01,2.4276968907e-01,3.3231182477e-01,2.4221119482e+00
2.3012415825e+00,3.9778638316e+00,5.7526199419e-01,2.4290848268e-01,3.3235351151e-01,2.4258235171e+00
2.3022012328e+00,3.9801549063e+00,5.7544292027e-01,2.4304761270e-01,3.3239530757e-01,2.4295433431e+00
2.3031608832e+00,3.9824473004e+00,5.7562429265e-01,2.4318707944e-01,3.3243721321e-01,2.4332714450e+00
2.3041205336e+00,3.9847410149e+00,5.7580611190e-01,2.4332688320e-01,3.3247922870e-01,2.4370078415e+00
2.3050801840e+00,3.9870360505e+00,5.7598837857e-01,2.4346702428e-01,3.3252135428e-01,2.4407525513e+00
2.3060398343e+00,3.9893324079e+00,5.7617109323e-01,2.4360750300e-01,3.3256359023e-01,2.4445055934e+00
2.3069994847e+00,3.9916300879e+00,5.7635425646e-01,2.4374831966e-01,3.3260593680e-01,2.4482669866e+00
2.3079591351e+00,3.9939290913e+00,5.7653786881e-01,2.4388947457e-01,3.3264839425e-01,2.4520367498e+00
2.3089187854e+00,3.9962294188e+00,5.7672193087e-01,2.4403096803e-01,3.3269096284e-01,2.4558149021e+00
2.3098784358e+00,3.9985310712e+00,5.7690644319e-01,2.4417280036e-01,3.3273364284e-01,2.4596014623e+00
2.3108380862e+00,4.0008340492e+00,5.7709140635e-01,2.4431497185e-01,3.3277643450e-01,2.4633964496e+00
2.3117977365e+00,4.0031383537e+00,5.7727682093e-01,2.4445748284e-01,3.3281933809e-01,2.4671998831e+00
2.3127573869e+00,4.0054439853e+00,5.7746268748e-01,2.4460033361e-01,3.3286235387e-01,2.4710117819e+00
2.3137170373e+00,4.0077509449e+00,5.7764900659e-01,2.4474352449e-01,3.3290548209e-01,2.4748321653e+00
2.3146766876e+00,4.0100592332e+00,5.7783577882e-01,2.4488705579e-01,3.3294872303e-01,2.4786610523e+00
2.3156363380e+00,4.0123688509e+00,5.7802300476e-01,2.4503092782e-01,3.3299207694e-01,2.4824984624e+00
2.3165959884e+00,4.0146797989e+00,5.7821068498e-01,2.4517514088e-01,3.3303554409e-01,2.4863444149e+00
2.3175556387e+00,4.0169920779e+00,5.7839882004e-01,2.4531969531e-01,3.3307912474e-01,2.4901989291e+00
2.3185152891e+00,4.0193056887e+00,5.7858741054e-01,2.4546459140e-01,3.3312281914e-01,2.4940620244e+00
2.3194749395e+00,4.0216206320e+00,5.7877645704e-01,2.4560982948e-01,3.3316662757e-01,2.4979337203e+00
2.3204345898e+00,4.0239369086e+00,5.7896596013e-01,2.4575540985e-01,3.3321055028e-01,2.5018140364e+00
2.3213942402e+00,4.0262545193e+00,5.7915592038e-01,2.4590133285e-01,3.3325458753e-01,2.5057029921e+00
2.3223538906e+00,4.0285734648e+00,5.7934633838e-01,2.4604759878e-01,3.3329873960e-01,2.5096006070e+00
2.3233135409e+00,4.0308937460e+00,5.7953721470e-01,2.4619420795e-01,3.3334300674e-01,2.5135069008e+00
2.3242731913e+00,4.0332153635e+00,5.7972854992e-01,2.4634116070e-01,3.3338738922e-01,2.5174218932e+00
2.3252328417e+00,4.0355383182e+00,5.7992034463e-01,2.4648845733e-01,3.3343188730e-01,2.5213456040e+00
2.3261924920e+00,4.0378626108e+00,5.8011259941e-01,2.4663609817e-01,3.3347650124e-01,2.5252780528e+00
2.3271521424e+00,4.0401882420e+00,5.8030531485e-01,2.4678408354e-01,3.3352123131e-01,2.5292192595e+00
2.3281117928e+00,4.0425152128e+00,5.8049849152e-01,2.4693241375e-01,3.3356607777e-01,2.5331692440e+00
2.3290714432e+00,4.0448435237e+00,5.8069213002e-01,2.4708108913e-01,3.3361104089e-01,2.5371280263e+00
2.3300310935e+00,4.0471731757e+00,5.8088623092e-01,2.4723011000e-01,3.3365612092e-01,2.5410956262e+00
2.3309907439e+00,4.0495041695e+00,5.8108079483e-01,2.4737947668e-01,3.3370131814e-01,2.5450720637e+00
2.3319503943e+00,4.0518365058e+00,5.8127582231e-01,2.4752918950e-01,3.3374663281e-01,2.5490573591e+00
2.3329100446e+00,4.0541701854e+00,5.8147131397e-01,2.4767924878e-01,3.3379206519e-01,2.5530515322e+00
2.3338696950e+00,4.0565052091e+00,5.8166727039e-01,2.4782965484e-01,3.3383761554e-01,2.5570546033e+00
2.3348293454e+00,4.0588415777e+00,5.8186369216e-01,2.4798040802e-01,3.3388328414e-01,2.5610665927e+00
2.3357889957e+00,4.0611792920e+00,5.8206057987e-01,2.4813150862e-01,3.3392907125e-01,2.5650875204e+00
2.3367486461e+00,4.0635183526e+00,5.8225793412e-01,2.4828295699e-01,3.3397497713e-01,2.5691174069e+00
2.3377082965e+00,4.0658587605e+00,5.8245575549e-01,2.4843475344e-01,3.3402100204e-01,2.5731562724e+00
2.3386679468e+00,4.0682005163e+00,5.8265404458e-01,2.4858689832e-01,3.3406714626e-01,2.5772041374e+00
2.3396275972e+00,4.0705436209e+00,5.8285280198e-01,2.4873939193e-01,3.3411341005e-01,2.5812610222e+00
2.3405872476e+00,4.0728880750e+00,5.8305202830e-01,2.4889223462e-01,3.3415979368e-01,2.5853269474e+00
2.3415468979e+00,4.0752338794e+00,5.8325172411e-01,2.4904542671e-01,3.3420629741e-01,2.5894019335e+00
2.3425065483e+00,4.0775810349e+00,5.8345189003e-01,2.4919896853e-01,3.3425292150e-01,2.5934860011e+00
2.3434661987e+00,4.0799295422e+00,5.8365252664e-01,2.4935286041e-01,3.3429966623e-01,2.5975791707e+00
2.3444258490e+00,4.0822794022e+00,5.8385363455e-01,2.4950710269e-01,3.3434653186e-01,2.6016814630e+00
2.3453854994e+00,4.0846306156e+00,5.8405521435e-01,2.4966169570e-01,3.3439351866e-01,2.6057928989e+00
2.3463451498e+00,4.0869831832e+00,5.8425726665e-01,2.4981663977e-01,3.3444062689e-01,2.6099134989e+00
2.3473048001e+00,4.0893371058e+00,5.8445979204e-01,2.4997193522e-01,3.3448785682e-01,2.6140432841e+00
2.3482644505e+00,4.0916923841e+00,5.8466279113e-01,2.5012758241e-01,3.3453520872e-01,2.6181822751e+00
2.3492241009e+00,4.0940490189e+00,5.8486626451e-01,2.5028358166e-01,3.3458268286e-01,2.6223304930e+00
2.3501837512e+00,4.0964070111e+00,5.8507021280e-01,2.5043993330e-01,3.3463027950e-01,2.6264879586e+00
2.3511434016e+00,4.0987663614e+00,5.8527463659e-01,2.5059663768e-01,3.3467799891e-01,2.6306546930e+00
2.3521030520e+00,4.1011270706e+00,5.8547953649e-01,2.5075369513e-01,3.3472584136e-01,2.6348307173e+00
2.3530627024e+00,4.1034891394e+00,5.8568491310e-01,2.5091110598e-01,3.3477380711e-01,2.6390160526e+00
2.3540223527e+00,4.1058525686e+00,5.8589076703e-01,2.5106887058e-01,3.3482189645e-01,2.6432107200e+00
2.3549820031e+00,4.1082173592e+00,5.8609709889e-01,2.5122698926e-01,3.3487010962e-01,2.6474147407e+00
2.3559416535e+00,4.1105835117e+00,5.8630390928e-01,2.5138546237e-01,3.3491844691e-01,2.6516281360e+00
2.3569013038e+00,4.1129510270e+00,5.8651119882e-01,2.5154429024e-01,3.3496690858e-01,2.6558509271e+00
2.3578609542e+00,4.1153199059e+00,5.8671896811e-01,2.5170347321e-01,3.3501549490e-01,2.6600831355e+00
2.3588206046e+00,4.1176901492e+00,5.8692721777e-01,2.5186301163e-01,3.3506420614e-01,2.6643247826e+00
2.3597802549e+00,4.1200617576e+00,5.8713594840e-01,2.5202290583e-01,3.3511304257e-01,2.6685758897e+00
2.3607399053e+00,4.1224347320e+00,5.8734516061e-01,2.5218315616e-01,3.3516200445e-01,2.6728364784e+00
2.3616995557e+00,4.1248090731e+00,5.8755485503e-01,2.5234376296e-01,3.3521109207e-01,2.6771065703e+00
2.3626592060e+00,4.1271847817e+00,5.8776503226e-01,2.5250472658e-01,3.3526030568e-01,2.6813861869e+00
2.3636188564e+00,4.1295618586e+00,5.8797569291e-01,2.5266604736e-01,3.3530964555e-01,2.6856753499e+00
2.3645785068e+00,4.1319403046e+00,5.8818683761e-01,2.5282772565e-01,3.3535911197e-01,2.6899740811e+00
2.3655381571e+00,4.1343201205e+00,5.8839846697e-01,2.5298976178e-01,3.3540870519e-01,2.6942824020e+00
2.3664978075e+00,4.1367013071e+00,5.8861058160e-01,2.5315215611e-01,3.3545842549e-01,2.6986003347e+00
2.3674574579e+00,4.1390838651e+00,5.8882318213e-01,2.5331490899e-01,3.3550827314e-01,2.7029279009e+00
2.3684171082e+00,4.1414677954e+00,5.8903626917e-01,2.5347802076e-01,3.3555824841e-01,2.7072651225e+00
2.3693767586e+00,4.1438530987e+00,5.8924984334e-01,2.5364149177e-01,3.3560835157e-01,2.7116120214e+00
2.3703364090e+00,4.1462397758e+00,5.8946390526e-01,2.5380532237e-01,3.3565858289e-01,2.7159686198e+00
2.3712960593e+00,4.1486278276e+00,5.8967845556e-01,2.5396951292e-01,3.3570894264e-01,2.7203349396e+00
2.3722557097e+00,4.1510172547e+00,5.8989349485e-01,2.5413406375e-01,3.3575943110e-01,2.7247110030e+00
2.3732153601e+00,4.1534080581e+00,5.9010902375e-01,2.5429897522e-01,3.3581004853e-01,2.7290968320e+00
2.3741750104e+00,4.1558002385e+00,5.9032504290e-01,2.5446424768e-01,3.3586079522e-01,2.7334924490e+00
2.3751346608e+00,4.1581937966e+00,5.9054155292e-01,2.5462988149e-01,3.3591167142e-01,2.7378978762e+00
2.3760943112e+00,4.1605887334e+00,5.9075855442e-01,2.5479587700e-01,3.3596267742e-01,2.7423131360e+00
2.3770539616e+00,4.1629850495e+00,5.9097604804e-01,2.5496223456e-01,3.3601381348e-01,2.7467382506e+00
2.3780136119e+00,4.1653827458e+00,5.9119403441e-01,2.5512895453e-01,3.3606507988e-01,2.7511732424e+00
2.3789732623e+00,4.1677818231e+00,5.9141251415e-01,2.5529603726e-01,3.3611647689e-01,2.7556181341e+00
2.3799329127e+00,4.1701822821e+00,5.9163148789e-01,2.5546348311e-01,3.3616800479e-01,2.7600729481e+00
2.3808925630e+00,4.1725841237e+00,5.9185095626e-01,2.5563129242e-01,3.3621966384e-01,2.7645377069e+00
2.3818522134e+00,4.1749873487e+00,5.9207091989e-01,2.5579946557e-01,3.3627145432e-01,2.7690124332e+00
2.3828118638e+00,4.1773919577e+00,5.9229137942e-01,2.5596800291e-01,3.3632337650e-01,2.7734971497e+00
2.3837715141e+00,4.1797979518e+00,5.9251233546e-01,2.5613690480e-01,3.3637543067e-01,2.7779918791e+00
2.3847311645e+00,4.1822053316e+00,5.9273378867e-01,2.5630617159e-01,3.3642761708e-01,2.7824966442e+00
2.3856908149e+00,4.1846140979e+00,5.9295573967e-01,2.5647580364e-01,3.3647993602e-01,2.7870114679e+00
2.3866504652e+00,4.1870242516e+00,5.9317818909e-01,2.5664580133e-01,3.3653238776e-01,2.7915363730e+00
2.3876101156e+00,4.1894357934e+00,5.9340113757e-01,2.5681616500e-01,3.3658497258e-01,2.7960713825e+00
2.3885697660e+00,4.1918487242e+00,5.9362458575e-01,2.5698689501e-01,3.3663769074e-01,2.8006165193e+00
2.3895294163e+00,4.1942630447e+00,5.9384853427e-01,2.5715799174e-01,3.3669054253e-01,2.8051718066e+00
2.3904890667e+00,4.1966787557e+00,5.9407298376e-01,2.5732945555e-01,3.3674352821e-01,2.8097372674e+00
2.3914487171e+00,4.1990958581e+00,5.9429793486e-01,2.5750128679e-01,3.3679664808e-01,2.8143129250e+00
2.3924083674e+00,4.2015143527e+00,5.9452338822e-01,2.5767348583e-01,3.3684990239e-01,2.8188988024e+00
2.3933680178e+00,4.2039342402e+00,5.9474934446e-01,2.5784605304e-01,3.3690329142e-01,2.8234949230e+00
2.3943276682e+00,4.2063555214e+00,5.9497580424e-01,2.5801898878e-01,3.3695681546e-01,2.8281013101e+00
2.3952873185e+00,4.2087781972e+00,5.9520276820e-01,2.5819229343e-01,3.3701047478e-01,2.8327179871e+00
2.3962469689e+00,4.2112022683e+00,5.9543023698e-01,2.5836596733e-01,3.3706426965e-01,2.8373449774e+00
2.3972066193e+00,4.2136277356e+00,5.9565821122e-01,2.5854001088e-01,3.3711820034e-01,2.8419823045e+00
2.3981662696e+00,4.2160545999e+00,5.9588669158e-01,2.5871442443e-01,3.3717226715e-01,2.8466299919e+00
2.3991259200e+00,4.2184828619e+00,5.9611567868e-01,2.5888920835e-01,3.3722647034e-01,2.8512880633e+00
2.4000855704e+00,4.2209125225e+00,5.9634517319e-01,2.5906436301e-01,3.3728081019e-01,2.8559565422e+00
2.4010452208e+00,4.2233435825e+00,5.9657517575e-01,2.5923988878e-01,3.3733528697e-01,2.8606354524e+00
2.4020048711e+00,4.2257760426e+00,5.9680568701e-01,2.5941578604e-01,3.3738990098e-01,2.8653248176e+00
2.4029645215e+00,4.2282099038e+00,5.9703670762e-01,2.5959205515e-01,3.3744465247e-01,2.8700246617e+00
2.4039241719e+00,4.2306451667e+00,5.9726823823e-01,2.5976869649e-01,3.3749954174e-01,2.8747350085e+00
2.4048838222e+00,4.2330818323e+00,5.9750027948e-01,2.5994571043e-01,3.3755456905e-01,2.8794558820e+00
2.4058434726e+00,4.2355199012e+00,5.9773283204e-01,2.6012309735e-01,3.3760973469e-01,2.8841873060e+00
2.4068031230e+00,4.2379593744e+00,5.9796589655e-01,2.6030085762e-01,3.3766503893e-01,2.8889293048e+00
2.4077627733e+00,4.2404002526e+00,5.9819947367e-01,2.6047899161e-01,3.3772048206e-01,2.8936819022e+00
2.4087224237e+00,4.2428425367e+00,5.9843356405e-01,2.6065749970e-01,3.3777606435e-01,2.8984451226e+00
2.4096820741e+00,4.2452862274e+00,5.9866816836e-01,2.6083638227e-01,3.3783178608e-01,2.9032189901e+00
2.4106417244e+00,4.2477313256e+00,5.9890328723e-01,2.6101563970e-01,3.3788764753e-01,2.9080035289e+00
2.4116013748e+00,4.2501778320e+00,5.9913892134e-01,2.6119527236e-01,3.3794364898e-01,2.9127987634e+00
2.4125610252e+00,4.2526257475e+00,5.9937507134e-01,2.6137528063e-01,3.3799979072e-01,2.9176047180e+00
2.4135206755e+00,4.2550750729e+00,5.9961173790e-01,2.6155566489e-01,3.3805607301e-01,2.9224214171e+00
2.4144803259e+00,4.2575258090e+00,5.9984892166e-01,2.6173642552e-01,3.3811249613e-01,2.9272488851e+00
2.4154399763e+00,4.2599779566e+00,6.0008662329e-01,2.6191756291e-01,3.3816906038e-01,2.9320871466e+00
2.4163996266e+00,4.2624315166e+00,6.0032484346e-01,2.6209907743e-01,3.3822576603e-01,2.9369362262e+00
2.4173592770e+00,4.2648864896e+00,6.0056358282e-01,2.6228096946e-01,3.3828261336e-01,2.9417961486e+00
2.4183189274e+00,4.2673428767e+00,6.0080284204e-01,2.6246323939e-01,3.3833960265e-01,2.9466669384e+00
2.4192785777e+00,4.2698006785e+00,6.0104262179e-01,2.6264588761e-01,3.3839673418e-01,2.9515486206e+00
2.4202382281e+00,4.2722598959e+00,6.0128292272e-01,2.6282891449e-01,3.3845400824e-01,2.9564412197e+00
2.4211978785e+00,4.2747205297e+00,6.0152374552e-01,2.6301232042e-01,3.3851142510e-01,2.9613447609e+00
2.4221575288e+00,4.2771825807e+00,6.0176509083e-01,2.6319610579e-01,3.3856898504e-01,2.9662592690e+00
2.4231171792e+00,4.2796460498e+00,6.0200695934e-01,2.6338027098e-01,3.3862668836e-01,2.9711847689e+00
2.4240768296e+00,4.2821109377e+00,6.0224935170e-01,2.6356481638e-01,3.3868453532e-01,2.9761212859e+00
2.4250364800e+00,4.2845772453e+00,6.0249226860e-01,2.6374974238e-01,3.3874252622e-01,2.9810688449e+00
2.4259961303e+00,4.2870449733e+00,6.0273571070e-01,2.6393504937e-01,3.3880066133e-01,2.9860274712e+00
2.4269557807e+00,4.2895141227e+00,6.0297967867e-01,2.6412073773e-01,3.3885894094e-01,2.9909971900e+00
2.4279154311e+00,4.2919846942e+00,6.0322417318e-01,2.6430680785e-01,3.3891736533e-01,2.9959780267e+00
2.4288750814e+00,4.2944566886e+00,6.0346919492e-01,2.6449326013e-01,3.3897593479e-01,3.0009700064e+00
2.4298347318e+00,4.2969301068e+00,6.0371474455e-01,2.6468009496e-01,3.3903464959e-01,3.0059731547e+00
2.4307943822e+00,4.2994049495e+00,6.0396082275e-01,2.6486731273e-01,3.3909351002e-01,3.0109874971e+00
2.4317540325e+00,4.3018812177e+00,6.0420743019e-01,2.6505491382e-01,3.3915251637e-01,3.0160130590e+00
2.4327136829e+00,4.3043589121e+00,6.0445456756e-01,2.6524289864e-01,3.3921166891e-01,3.0210498660e+00
2.4336733333e+00,4.3068380335e+00,6.0470223552e-01,2.6543126758e-01,3.3927096794e-01,3.0260979439e+00
2.4346329836e+00,4.3093185828e+00,6.0495043477e-01,2.6562002104e-01,3.3933041373e-01,3.0311573183e+00
2.4355926340e+00,4.3118005608e+00,6.0519916598e-01,2.6580915940e-01,3.3939000658e-01,3.0362280149e+00
2.4365522844e+00,4.3142839683e+00,6.0544842982e-01,2.6599868306e-01,3.3944974676e-01,3.0413100596e+00
2.4375119347e+00,4.3167688061e+00,6.0569822699e-01,2.6618859243e-01,3.3950963456e-01,3.0464034784e+00
2.4384715851e+00,4.3192550751e+00,6.0594855817e-01,2.6637888789e-01,3.3956967027e-01,3.0515082970e+00
2.4394312355e+00,4.3217427760e+00,6.0619942403e-01,2.6656956986e-01,3.3962985417e-01,3.0566245416e+00
2.4403908858e+00,4.3242319098e+00,6.0645082527e-01,2.6676063871e-01,3.3969018655e-01,3.0617522383e+00
2.4413505362e+00,4.3267224772e+00,6.0670276256e-01,2.6695209487e-01,3.3975066770e-01,3.0668914130e+00
2.4423101866e+00,4.3292144791e+00,6.0695523661e-01,2.6714393872e-01,3.3981129789e-01,3.0720420921e+00
2.4432698369e+00,4.3317079162e+00,6.0720824808e-01,2.6733617066e-01,3.3987207742e-01,3.0772043018e+00
2.4442294873e+00,4.3342027895e+00,6.0746179768e-01,2.6752879111e-01,3.3993300657e-01,3.0823780683e+00
2.4451891377e+00,4.3366990996e+00,6.0771588608e-01,2.6772180045e-01,3.3999408563e-01,3.0875634182e+00
2.4461487880e+00,4.3391968476e+00,6.0797051399e-01,2.6791519910e-01,3.4005531489e-01,3.0927603777e+00
2.4471084384e+00,4.3416960341e+00,6.0822568209e-01,2.6810898746e-01,3.4011669463e-01,3.0979689734e+00
2.4480680888e+00,4.3441966601e+00,6.0848139107e-01,2.6830316593e-01,3.4017822514e-01,3.1031892319e+00
2.4490277392e+00,4.3466987263e+00,6.0873764162e-01,2.6849773492e-01,3.4023990671e-01,3.1084211797e+00
2.4499873895e+00,4.3492022336e+00,6.0899443445e-01,2.6869269483e-01,3.4030173962e-01,3.1136648435e+00
2.4509470399e+00,4.3517071828e+00,6.0925177025e-01,2.6888804607e-01,3.4036372418e-01,3.1189202502e+00
2.4519066903e+00,4.3542135748e+00,6.0950964970e-01,2.6908378905e-01,3.4042586065e-01,3.1241874264e+00
2.4528663406e+00,4.3567214103e+00,6.0976807351e-01,2.6927992418e-01,3.4048814934e-01,3.1294663991e+00
2.4538259910e+00,4.3592306902e+00,6.1002704238e-01,2.6947645186e-01,3.4055059052e-01,3.1347571952e+00
2.4547856414e+00,4.3617414154e+00,6.1028655700e-01,2.6967337250e-01,3.4061318450e-01,3.1400598417e+00
2.4557452917e+00,4.3642535866e+00,6.1054661808e-01,2.6987068652e-01,3.4067593155e-01,3.1453743655e+00
2.4567049421e+00,4.3667672047e+00,6.1080722631e-01,2.7006839433e-01,3.4073883198e-01,3.1507007940e+00
2.4576645925e+00,4.3692822706e+00,6.1106838239e-01,2.7026649633e-01,3.4080188606e-01,3.1560391541e+00
2.4586242428e+00,4.3717987850e+00,6.1133008703e-01,2.7046499295e-01,3.4086509409e-01,3.1613894732e+00
2.4595838932e+00,4.3743167488e+00,6.1159234094e-01,2.7066388458e-01,3.4092845635e-01,3.1667517786e+00
2.4605435436e+00,4.3768361629e+00,6.1185514481e-01,2.7086317166e-01,3.4099197315e-01,3.1721260976e+00
2.4615031939e+00,4.3793570280e+00,6.1211849935e-01,2.7106285458e-01,3.4105564476e-01,3.1775124577e+00
2.4624628443e+00,4.3818793451e+00,6.1238240526e-01,2.7126293378e-01,3.4111947149e-01,3.1829108864e+00
2.4634224947e+00,4.3844031149e+00,6.1264686326e-01,2.7146340965e-01,3.4118345361e-01,3.1883214111e+00
2.4643821450e+00,4.3869283382e+00,6.1291187405e-01,2.7166428263e-01,3.4124759143e-01,3.1937440597e+00
2.4653417954e+00,4.3894550160e+00,6.1317743835e-01,2.7186555312e-01,3.4131188523e-01,3.1991788596e+00
2.4663014458e+00,4.3919831491e+00,6.1344355685e-01,2.7206722155e-01,3.4137633530e-01,3.2046258388e+00
2.4672610961e+00,4.3945127382e+00,6.1371023028e-01,2.7226928833e-01,3.4144094195e-01,3.2100850250e+00
2.4682207465e+00,4.3970437843e+00,6.1397745934e-01,2.7247175388e-01,3.4150570545e-01,3.2155564460e+00
2.4691803969e+00,4.3995762881e+00,6.1424524474e-01,2.7267461864e-01,3.4157062611e-01,3.2210401299e+00
2.4701400472e+00,4.4021102505e+00,6.1451358721e-01,2.7287788300e-01,3.4163570421e-01,3.2265361046e+00
2.4710996976e+00,4.4046456724e+00,6.1478248745e-01,2.7308154740e-01,3.4170094005e-01,3.2320443983e+00
2.4720593480e+00,4.4071825546e+00,6.1505194619e-01,2.7328561227e-01,3.4176633392e-01,3.2375650390e+00
2.4730189984e+00,4.4097208980e+00,6.1532196413e-01,2.7349007802e-01,3.4183188611e-01,3.2430980550e+00
2.4739786487e+00,4.4122607033e+00,6.1559254200e-01,2.7369494507e-01,3.4189759693e-01,3.2486434745e+00
2.4749382991e+00,4.4148019714e+00,6.1586368051e-01,2.7390021386e-01,3.4196346665e-01,3.2542013259e+00
2.4758979495e+00,4.4173447031e+00,6.1613538038e-01,2.7410588480e-01,3.4202949558e-01,3.2597716375e+00
2.4768575998e+00,4.4198888994e+00,6.1640764234e-01,2.7431195833e-01,3.4209568402e-01,3.2653544380e+00
2.4778172502e+00,4.4224345610e+00,6.1668046711e-01,2.7451843487e-01,3.4216203224e-01,3.2709497556e+00
2.4787769006e+00,4.4249816888e+00,6.1695385541e-01,2.7472531484e-01,3.4222854056e-01,3.2765576192e+00
2.4797365509e+00,4.4275302837e+00,6.1722780795e-01,2.7493259869e-01,3.4229520926e-01,3.2821780574e+00
2.4806962013e+00,4.4300803464e+00,6.1750232548e-01,2.7514028683e-01,3.4236203865e-01,3.2878110988e+00
2.4816558517e+00,4.4326318778e+00,6.1777740870e-01,2.7534837970e-01,3.4242902901e-01,3.2934567723e+00
2.4826155020e+00,4.4351848789e+00,6.1805305836e-01,2.7555687772e-01,3.4249618064e-01,3.2991151067e+00
2.4835751524e+00,4.4377393503e+00,6.1832927517e-01,2.7576578133e-01,3.4256349384e-01,3.3047861311e+00
2.4845348028e+00,4.4402952930e+00,6.1860605987e-01,2.7597509096e-01,3.4263096890e-01,3.3104698743e+00
2.4854944531e+00,4.4428527078e+00,6.1888341318e-01,2.7618480705e-01,3.4269860613e-01,3.3161663655e+00
2.4864541035e+00,4.4454115955e+00,6.1916133583e-01,2.7639493002e-01,3.4276640581e-01,3.3218756338e+00
2.4874137539e+00,4.4479719571e+00,6.1943982856e-01,2.7660546031e-01,3.4283436825e-01,3.3275977083e+00
2.4883734042e+00,4.4505337933e+00,6.1971889210e-01,2.7681639836e-01,3.4290249374e-01,3.3333326185e+00
2.4893330546e+00,4.4530971051e+00,6.1999852718e-01,2.7702774460e-01,3.4297078258e-01,3.3390803935e+00
2.4902927050e+00,4.4556618932e+00,6.2027873454e-01,2.7723949947e-01,3.4303923507e-01,3.3448410629e+00
2.4912523553e+00,4.4582281584e+00,6.2055951490e-01,2.7745166340e-01,3.4310785150e-01,3.3506146561e+00
2.4922120057e+00,4.4607959018e+00,6.2084086902e-01,2.7766423684e-01,3.4317663218e-01,3.3564012026e+00
2.4931716561e+00,4.4633651240e+00,6.2112279762e-01,2.7787722022e-01,3.4324557740e-01,3.3622007321e+00
2.4941313064e+00,4.4659358261e+00,6.2140530144e-01,2.7809061398e-01,3.4331468746e-01,3.3680132742e+00
2.4950909568e+00,4.4685080087e+00,6.2168838123e-01,2.7830441857e-01,3.4338396266e-01,3.3738388586e+00
2.4960506072e+00,4.4710816728e+00,6.2197203771e-01,2.7851863442e-01,3.4345340330e-01,3.3796775153e+00
2.4970102576e+00,4.4736568192e+00,6.2225627165e-01,2.7873326197e-01,3.4352300968e-01,3.3855292741e+00
2.4979699079e+00,4.4762334487e+00,6.2254108377e-01,2.7894830168e-01,3.4359278209e-01,3.3913941649e+00
2.4989295583e+00,4.4788115623e+00,6.2282647482e-01,2.7916375397e-01,3.4366272085e-01,3.3972722178e+00
2.4998892087e+00,4.4813911608e+00,6.2311244554e-01,2.7937961930e-01,3.4373282624e-01,3.4031634629e+00
2.5008488590e+00,4.4839722450e+00,6.2339899668e-01,2.7959589811e-01,3.4380309858e-01,3.4090679303e+00
2.5018085094e+00,4.4865548159e+00,6.2368612899e-01,2.7981259084e-01,3.4387353815e-01,3.4149856503e+00
2.5027681598e+00,4.4891388741e+00,6.2397384322e-01,2.8002969794e-01,3.4394414527e-01,3.4209166532e+00
2.5037278101e+00,4.4917244207e+00,6.2426214010e-01,2.8024721987e-01,3.4401492023e-01,3.4268609693e+00
2.5046874605e+00,4.4943114564e+00,6.2455102039e-01,2.8046515706e-01,3.4408586333e-01,3.4328186292e+00
2.5056471109e+00,4.4968999821e+00,6.2484048485e-01,2.8068350997e-01,3.4415697488e-01,3.4387896633e+00
2.5066067612e+00,4.4994899987e+00,6.2513053422e-01,2.8090227904e-01,3.4422825518e-01,3.4447741022e+00
2.5075664116e+00,4.5020815071e+00,6.2542116925e-01,2.8112146472e-01,3.4429970453e-01,3.4507719766e+00
2.5085260620e+00,4.5046745080e+00,6.2571239071e-01,2.8134106747e-01,3.4437132323e-01,3.4567833172e+00
2.5094857123e+00,4.5072690024e+00,6.2600419933e-01,2.8156108774e-01,3.4444311159e-01,3.4628081549e+00
2.5104453627e+00,4.5098649911e+00,6.2629659589e-01,2.8178152598e-01,3.4451506991e-01,3.4688465204e+00
2.5114050131e+00,4.5124624750e+00,6.2658958113e-01,2.8200238264e-01,3.4458719849e-01,3.4748984447e+00
2.5123646634e+00,4.5150614550e+00,6.2688315581e-01,2.8222365817e-01,3.4465949764e-01,3.4809639590e+00
2.5133243138e+00,4.5176619318e+00,6.2717732069e-01,2.8244535304e-01,3.4473196765e-01,3.4870430941e+00
2.5142839642e+00,4.5202639064e+00,6.2747207653e-01,2.8266746769e-01,3.4480460884e-01,3.4931358814e+00
2.5152436145e+00,4.5228673796e+00,6.2776742410e-01,2.8289000259e-01,3.4487742151e-01,3.4992423520e+00
2.5162032649e+00,4.5254723523e+00,6.2806336414e-01,2.8311295818e-01,3.4495040596e-01,3.5053625373e+00
2.5171629153e+00,4.5280788253e+00,6.2835989744e-01,2.8333633493e-01,3.4502356251e-01,3.5114964685e+00
2.5181225656e+00,4.5306867996e+00,6.2865702474e-01,2.8356013330e-01,3.4509689144e-01,3.5176441773e+00
2.5190822160e+00,4.5332962759e+00,6.2895474681e-01,2.8378435374e-01,3.4517039307e-01,3.5238056951e+00
2.5200418664e+00,4.5359072552e+00,6.2925306443e-01,2.8400899671e-01,3.4524406771e-01,3.5299810534e+00
2.5210015168e+00,4.5385197383e+00,6.2955197834e-01,2.8423406269e-01,3.4531791566e-01,3.5361702841e+00
2.5219611671e+00,4.5411337260e+00,6.2985148934e-01,2.8445955211e-01,3.4539193723e-01,3.5423734187e+00
2.5229208175e+00,4.5437492194e+00,6.3015159817e-01,2.8468546546e-01,3.4546613271e-01,3.5485904892e+00
2.5238804679e+00,4.5463662191e+00,6.3045230562e-01,2.8491180319e-01,3.4554050243e-01,3.5548215275e+00
2.5248401182e+00,4.5489847261e+00,6.3075361246e-01,2.8513856576e-01,3.4561504669e-01,3.5610665654e+00
2.5257997686e+00,4.5516047412e+00,6.3105551944e-01,2.8536575365e-01,3.4568976579e-01,3.5673256351e+00
2.5267594190e+00,4.5542262653e+00,6.3135802736e-01,2.8559336731e-01,3.4576466005e-01,3.5735987686e+00
2.5277190693e+00,4.5568492994e+00,6.3166113698e-01,2.8582140721e-01,3.4583972976e-01,3.5798859982e+00
2.5286787197e+00,4.5594738442e+00,6.3196484907e-01,2.8604987383e-01,3.4591497524e-01,3.5861873560e+00
2.5296383701e+00,4.5620999006e+00,6.3226916442e-01,2.8627876762e-01,3.4599039680e-01,3.5925028746e+00
2.5305980204e+00,4.5647274695e+00,6.3257408380e-01,2.8650808905e-01,3.4606599475e-01,3.5988325861e+00
2.5315576708e+00,4.5673565517e+00,6.3287960799e-01,2.8673783860e-01,3.4614176939e-01,3.6051765233e+00
2.5325173212e+00,4.5699871482e+00,6.3318573776e-01,2.8696801673e-01,3.4621772103e-01,3.6115347185e+00
2.5334769715e+00,4.5726192598e+00,6.3349247391e-01,2.8719862392e-01,3.4629384999e-01,3.6179072045e+00
2.5344366219e+00,4.5752528874e+00,6.3379981720e-01,2.8742966064e-01,3.4637015657e-01,3.6242940139e+00
2.5353962723e+00,4.5778880319e+00,6.3410776843e-01,2.8766112735e-01,3.4644664108e-01,3.6306951797e+00
2.5363559226e+00,4.5805246941e+00,6.3441632837e-01,2.8789302453e-01,3.4652330383e-01,3.6371107345e+00
2.5373155730e+00,4.5831628748e+00,6.3472549781e-01,2.8812535267e-01,3.4660014514e-01,3.6435407114e+00
2.5382752234e+00,4.5858025751e+00,6.3503527754e-01,2.8835811222e-01,3.4667716532e-01,3.6499851435e+00
2.5392348737e+00,4.5884437957e+00,6.3534566834e-01,2.8859130367e-01,3.4675436467e-01,3.6564440637e+00
2.5401945241e+00,4.5910865375e+00,6.3565667100e-01,2.8882492749e-01,3.4683174351e-01,3.6629175052e+00
2.5411541745e+00,4.5937308014e+00,6.3596828630e-01,2.8905898416e-01,3.4690930214e-01,3.6694055014e+00
2.5421138248e+00,4.5963765883e+00,6.3628051505e-01,2.8929347416e-01,3.4698704089e-01,3.6759080855e+00
2.5430734752e+00,4.5990238991e+00,6.3659335803e-01,2.8952839796e-01,3.4706496006e-01,3.6824252910e+00
2.5440331256e+00,4.6016727346e+00,6.3690681602e-01,2.8976375605e-01,3.4714305997e-01,3.6889571513e+00
2.5449927760e+00,4.6043230957e+00,6.3722088984e-01,2.8999954891e-01,3.4722134093e-01,3.6955037000e+00
2.5459524263e+00,4.6069749833e+00,6.3753558026e-01,2.9023577701e-01,3.4729980325e-01,3.7020649707e+00
2.5469120767e+00,4.6096283983e+00,6.3785088808e-01,2.9047244084e-01,3.4737844724e-01,3.7086409972e+00
2.5478717271e+00,4.6122833415e+00,6.3816681410e-01,2.9070954088e-01,3.4745727322e-01,3.7152318132e+00
2.5488313774e+00,4.6149398139e+00,6.3848335913e-01,2.9094707762e-01,3.4753628151e-01,3.7218374526e+00
2.5497910278e+00,4.6175978162e+00,6.3880052394e-01,2.9118505153e-01,3.4761547241e-01,3.7284579494e+00
2.5507506782e+00,4.6202573495e+00,6.3911830936e-01,2.9142346311e-01,3.4769484625e-01,3.7350933376e+00
2.5517103285e+00,4.6229184145e+00,6.3943671616e-01,2.9166231283e-01,3.4777440333e-01,3.7417436513e+00
2.5526699789e+00,4.6255810122e+00,6.3975574517e-01,2.9190160119e-01,3.4785414397e-01,3.7484089246e+00
2.5536296293e+00,4.6282451434e+00,6.4007539717e-01,2.9214132868e-01,3.4793406849e-01,3.7550891919e+00
2.5545892796e+00,4.6309108091e+00,6.4039567298e-01,2.9238149577e-01,3.4801417721e-01,3.7617844876e+00
2.5555489300e+00,4.6335780101e+00,6.4071657340e-01,2.9262210297e-01,3.4809447043e-01,3.7684948459e+00
2.5565085804e+00,4.6362467472e+00,6.4103809923e-01,2.9286315075e-01,3.4817494848e-01,3.7752203015e+00
2.5574682307e+00,4.6389170214e+00,6.4136025128e-01,2.9310463962e-01,3.4825561167e-01,3.7819608889e+00
2.5584278811e+00,4.6415888336e+00,6.4168303037e-01,2.9334657005e-01,3.4833646031e-01,3.7887166428e+00
2.5593875315e+00,4.6442621846e+00,6.4200643729e-01,2.9358894255e-01,3.4841749474e-01,3.7954875980e+00
2.5603471818e+00,4.6469370754e+00,6.4233047286e-01,2.9383175761e-01,3.4849871525e-01,3.8022737892e+00
2.5613068322e+00,4.6496135068e+00,6.4265513789e-01,2.9407501571e-01,3.4858012218e-01,3.8090752514e+00
2.5622664826e+00,4.6522914797e+00,6.4298043320e-01,2.9431871736e-01,3.4866171583e-01,3.8158920195e+00
2.5632261329e+00,4.6549709950e+00,6.4330635959e-01,2.9456286305e-01,3.4874349653e-01,3.8227241287e+00
2.5641857833e+00,4.6576520535e+00,6.4363291788e-01,2.9480745328e-01,3.4882546460e-01,3.8295716141e+00
2.5651454337e+00,4.6603346563e+00,6.4396010889e-01,2.9505248854e-01,3.4890762035e-01,3.8364345108e+00
2.5661050840e+00,4.6630188041e+00,6.4428793343e-01,2.9529796933e-01,3.4898996410e-01,3.8433128544e+00
2.5670647344e+00,4.6657044978e+00,6.4461639233e-01,2.9554389615e-01,3.4907249618e-01,3.8502066800e+00
2.5680243848e+00,4.6683917384e+00,6.4494548640e-01,2.9579026950e-01,3.4915521690e-01,3.8571160232e+00
2.5689840352e+00,4.6710805267e+00,6.4527521646e-01,2.9603708987e-01,3.4923812658e-01,3.8640409197e+00
2.5699436855e+00,4.6737708637e+00,6.4560558333e-01,2.9628435778e-01,3.4932122555e-01,3.8709814049e+00
2.5709033359e+00,4.6764627501e+00,6.4593658784e-01,2.9653207372e-01,3.4940451412e-01,3.8779375147e+00
2.5718629863e+00,4.6791561870e+00,6.4626823080e-01,2.9678023819e-01,3.4948799261e-01,3.8849092848e+00
2.5728226366e+00,4.6818511752e+00,6.4660051305e-01,2.9702885170e-01,3.4957166135e-01,3.8918967511e+00
2.5737822870e+00,4.6845477156e+00,6.4693343541e-01,2.9727791475e-01,3.4965552066e-01,3.8988999497e+00
2.5747419374e+00,4.6872458090e+00,6.4726699870e-01,2.9752742784e-01,3.4973957085e-01,3.9059189166e+00
2.5757015877e+00,4.6899454565e+00,6.4760120376e-01,2.9777739149e-01,3.4982381226e-01,3.9129536878e+00
2.5766612381e+00,4.6926466588e+00,6.4793605141e-01,2.9802780620e-01,3.4990824520e-01,3.9200042997e+00
2.5776208885e+00,4.6953494169e+00,6.4827154248e-01,2.9827867248e-01,3.4999287000e-01,3.9270707886e+00
2.5785805388e+00,4.6980537316e+00,6.4860767781e-01,2.9852999083e-01,3.5007768698e-01,3.9341531908e+00
2.5795401892e+00,4.7007596040e+00,6.4894445822e-01,2.9878176177e-01,3.5016269646e-01,3.9412515429e+00
2.5804998396e+00,4.7034670347e+00,6.4928188456e-01,2.9903398579e-01,3.5024789876e-01,3.9483658813e+00
2.5814594899e+00,4.7061760249e+00,6.4961995765e-01,2.9928666343e-01,3.5033329422e-01,3.9554962428e+00
2.5824191403e+00,4.7088865753e+00,6.4995867833e-01,2.9953979518e-01,3.5041888315e-01,3.9626426640e+00
2.5833787907e+00,4.7115986869e+00,6.5029804744e-01,2.9979338156e-01,3.5050466588e-01,3.9698051819e+00
2.5843384410e+00,4.7143123605e+00,6.5063806581e-01,3.0004742308e-01,3.5059064273e-01,3.9769838332e+00
2.5852980914e+00,4.7170275971e+00,6.5097873429e-01,3.0030192025e-01,3.5067681404e-01,3.9841786550e+00
2.5862577418e+00,4.7197443975e+00,6.5132005371e-01,3.0055687360e-01,3.5076318011e-01,3.9913896844e+00
2.5872173921e+00,4.7224627627e+00,6.5166202493e-01,3.0081228363e-01,3.5084974129e-01,3.9986169585e+00
2.5881770425e+00,4.7251826936e+00,6.5200464877e-01,3.0106815087e-01,3.5093649790e-01,4.0058605146e+00
2.5891366929e+00,4.7279041910e+00,6.5234792608e-01,3.0132447583e-01,3.5102345025e-01,4.0131203899e+00
2.5900963432e+00,4.7306272559e+00,6.5269185772e-01,3.0158125903e-01,3.5111059869e-01,4.0203966220e+00
2.5910559936e+00,4.7333518891e+00,6.5303644451e-01,3.0183850098e-01,3.5119794353e-01,4.0276892484e+00
2.5920156440e+00,4.7360780916e+00,6.5338168732e-01,3.0209620221e-01,3.5128548511e-01,4.0349983065e+00
2.5929752944e+00,4.7388058643e+00,6.5372758699e-01,3.0235436324e-01,3.5137322375e-01,4.0423238341e+00
2.5939349447e+00,4.7415352081e+00,6.5407414437e-01,3.0261298459e-01,3.5146115978e-01,4.0496658691e+00
2.5948945951e+00,4.7442661238e+00,6.5442136030e-01,3.0287206678e-01,3.5154929352e-01,4.0570244491e+00
2.5958542455e+00,4.7469986125e+00,6.5476923565e-01,3.0313161034e-01,3.5163762531e-01,4.0643996122e+00
2.5968138958e+00,4.7497326749e+00,6.5511777126e-01,3.0339161578e-01,3.5172615548e-01,4.0717913964e+00
2.5977735462e+00,4.7524683120e+00,6.5546696799e-01,3.0365208364e-01,3.5181488435e-01,4.0791998399e+00
2.5987331966e+00,4.7552055248e+00,6.5581682669e-01,3.0391301444e-01,3.5190381226e-01,4.0866249808e+00
2.5996928469e+00,4.7579443140e+00,6.5616734823e-01,3.0417440870e-01,3.5199293952e-01,4.0940668574e+00
2.6006524973e+00,4.7606846807e+00,6.5651853345e-01,3.0443626696e-01,3.5208226649e-01,4.1015255081e+00
2.6016121477e+00,4.7634266257e+00,6.5687038321e-01,3.0469858974e-01,3.5217179347e-01,4.1090009714e+00
2.6025717980e+00,4.7661701499e+00,6.5722289839e-01,3.0496137757e-01,3.5226152081e-01,4.1164932859e+00
2.6035314484e+00,4.7689152543e+00,6.5757607982e-01,3.0522463098e-01,3.5235144884e-01,4.1240024902e+00
2.6044910988e+00,4.7716619398e+00,6.5792992839e-01,3.0548835051e-01,3.5244157789e-01,4.1315286230e+00
2.6054507491e+00,4.7744102072e+00,6.5828444495e-01,3.0575253667e-01,3.5253190828e-01,4.1390717232e+00
2.6064103995e+00,4.7771600575e+00,6.5863963037e-01,3.0601719001e-01,3.5262244035e-01,4.1466318297e+00
2.6073700499e+00,4.7799114916e+00,6.5899548550e-01,3.0628231106e-01,3.5271317444e-01,4.1542089815e+00
2.6083297002e+00,4.7826645104e+00,6.5935201123e-01,3.0654790035e-01,3.5280411088e-01,4.1618032178e+00
2.6092893506e+00,4.7854191148e+00,6.5970920841e-01,3.0681395842e-01,3.5289524999e-01,4.1694145776e+00
2.6102490010e+00,4.7881753057e+00,6.6006707792e-01,3.0708048581e-01,3.5298659212e-01,4.1770431004e+00
2.6112086513e+00,4.7909330841e+00,6.6042562063e-01,3.0734748304e-01,3.5307813759e-01,4.1846888254e+00
2.6121683017e+00,4.7936924509e+00,6.6078483740e-01,3.0761495066e-01,3.5316988674e-01,4.1923517922e+00
2.6131279521e+00,4.7964534069e+00,6.6114472911e-01,3.0788288920e-01,3.5326183991e-01,4.2000320403e+00
2.6140876024e+00,4.7992159531e+00,6.6150529664e-01,3.0815129921e-01,3.5335399742e-01,4.2077296094e+00
2.6150472528e+00,4.8019800904e+00,6.6186654085e-01,3.0842018123e-01,3.5344635962e-01,4.2154445391e+00
2.6160069032e+00,4.8047458198e+00,6.6222846263e-01,3.0868953579e-01,3.5353892684e-01,4.2231768694e+00
2.6169665536e+00,4.8075131420e+00,6.6259106286e-01,3.0895936344e-01,3.5363169942e-01,4.2309266401e+00
2.6179262039e+00,4.8102820582e+00,6.6295434240e-01,3.0922966472e-01,3.5372467768e-01,4.2386938913e+00
2.6188858543e+00,4.8130525691e+00,6.6331830215e-01,3.0950044017e-01,3.5381786197e-01,4.2464786631e+00
2.6198455047e+00,4.8158246757e+00,6.6368294297e-01,3.0977169034e-01,3.5391125263e-01,4.2542809957e+00
2.6208051550e+00,4.8185983789e+00,6.6404826576e-01,3.1004341578e-01,3.5400484999e-01,4.2621009294e+00
2.6217648054e+00,4.8213736796e+00,6.6441427140e-01,3.1031561702e-01,3.5409865438e-01,4.2699385045e+00
2.6227244558e+00,4.8241505788e+00,6.6478096077e-01,3.1058829462e-01,3.5419266615e-01,4.2777937617e+00
2.6236841061e+00,4.8269290774e+00,6.6514833476e-01,3.1086144913e-01,3.5428688563e-01,4.2856667413e+00
2.6246437565e+00,4.8297091763e+00,6.6551639425e-01,3.1113508108e-01,3.5438131316e-01,4.2935574842e+00
2.6256034069e+00,4.8324908763e+00,6.6588514013e-01,3.1140919104e-01,3.5447594909e-01,4.3014660311e+00
2.6265630572e+00,4.8352741785e+00,6.6625457329e-01,3.1168377955e-01,3.5457079374e-01,4.3093924229e+00
2.6275227076e+00,4.8380590838e+00,6.6662469462e-01,3.1195884716e-01,3.5466584746e-01,4.3173367004e+00
2.6284823580e+00,4.8408455931e+00,6.6699550502e-01,3.1223439443e-01,3.5476111059e-01,4.3252989049e+00
2.6294420083e+00,4.8436337072e+00,6.6736700538e-01,3.1251042191e-01,3.5485658347e-01,4.3332790773e+00
2.6304016587e+00,4.8464234272e+00,6.6773919658e-01,3.1278693015e-01,3.5495226643e-01,4.3412772590e+00
2.6313613091e+00,4.8492147540e+00,6.6811207953e-01,3.1306391971e-01,3.5504815982e-01,4.3492934912e+00
2.6323209594e+00,4.8520076884e+00,6.6848565512e-01,3.1334139114e-01,3.5514426398e-01,4.3573278155e+00
2.6332806098e+00,4.8548022314e+00,6.6885992425e-01,3.1361934500e-01,3.5524057925e-01,4.3653802734e+00
2.6342402602e+00,4.8575983840e+00,6.6923488782e-01,3.1389778184e-01,3.5533710598e-01,4.3734509064e+00
2.6351999105e+00,4.8603961470e+00,6.6961054673e-01,3.1417670223e-01,3.5543384450e-01,4.3815397563e+00
2.6361595609e+00,4.8631955215e+00,6.6998690187e-01,3.1445610672e-01,3.5553079515e-01,4.3896468650e+00
2.6371192113e+00,4.8659965082e+00,6.7036395416e-01,3.1473599588e-01,3.5562795828e-01,4.3977722742e+00
2.6380788616e+00,4.8687991082e+00,6.7074170450e-01,3.1501637026e-01,3.5572533424e-01,4.4059160262e+00
2.6390385120e+00,4.8716033223e+00,6.7112015379e-01,3.1529723043e-01,3.5582292336e-01,4.4140781629e+00
2.6399981624e+00,4.8744091516e+00,6.7149930293e-01,3.1557857694e-01,3.5592072599e-01,4.4222587265e+00
2.6409578128e+00,4.8772165969e+00,6.7187915284e-01,3.1586041037e-01,3.5601874247e-01,4.4304577595e+00
2.6419174631e+00,4.8800256591e+00,6.7225970442e-01,3.1614273127e-01,3.5611697314e-01,4.4386753041e+00
2.6428771135e+00,4.8828363393e+00,6.7264095858e-01,3.1642554022e-01,3.5621541836e-01,4.4469114029e+00
2.6438367639e+00,4.8856486383e+00,6.7302291624e-01,3.1670883777e-01,3.5631407847e-01,4.4551660985e+00
2.6447964142e+00,4.8884625570e+00,6.7340557830e-01,3.1699262449e-01,3.5641295381e-01,4.4634394335e+00
2.6457560646e+00,4.8912780965e+00,6.7378894568e-01,3.1727690096e-01,3.5651204472e-01,4.4717314509e+00
2.6467157150e+00,4.8940952575e+00,6.7417301930e-01,3.1756166774e-01,3.5661135156e-01,4.4800421934e+00
2.6476753653e+00,4.8969140412e+00,6.7455780007e-01,3.1784692540e-01,3.5671087467e-01,4.4883717041e+00
2.6486350157e+00,4.8997344483e+00,6.7494328891e-01,3.1813267451e-01,3.5681061440e-01,4.4967200261e+00
2.6495946661e+00,4.9025564798e+00,6.7532948673e-01,3.1841891564e-01,3.5691057109e-01,4.5050872025e+00
2.6505543164e+00,4.9053801367e+00,6.7571639445e-01,3.1870564937e-01,3.5701074509e-01,4.5134732767e+00
2.6515139668e+00,4.9082054200e+00,6.7610401301e-01,3.1899287626e-01,3.5711113675e-01,4.5218782921e+00
2.6524736172e+00,4.9110323304e+00,6.7649234331e-01,3.1928059690e-01,3.5721174641e-01,4.5303022922e+00
2.6534332675e+00,4.9138608691e+00,6.7688138629e-01,3.1956881185e-01,3.5731257444e-01,4.5387453205e+00
2.6543929179e+00,4.9166910368e+00,6.7727114286e-01,3.1985752169e-01,3.5741362116e-01,4.5472074208e+00
2.6553525683e+00,4.9195228346e+00,6.7766161395e-01,3.2014672701e-01,3.5751488694e-01,4.5556886368e+00
2.6563122186e+00,4.9223562634e+00,6.7805280050e-01,3.2043642837e-01,3.5761637213e-01,4.5641890125e+00
2.6572718690e+00,4.9251913241e+00,6.7844470342e-01,3.2072662636e-01,3.5771807706e-01,4.5727085919e+00
2.6582315194e+00,4.9280280177e+00,6.7883732365e-01,3.2101732155e-01,3.5782000210e-01,4.5812474190e+00
2.6591911697e+00,4.9308663451e+00,6.7923066212e-01,3.2130851452e-01,3.5792214760e-01,4.5898055382e+00
2.6601508201e+00,4.9337063073e+00,6.7962471976e-01,3.2160020586e-01,3.5802451389e-01,4.5983829936e+00
2.6611104705e+00,4.9365479051e+00,6.8001949750e-01,3.2189239616e-01,3.5812710135e-01,4.6069798297e+00
2.6620701208e+00,4.9393911396e+00,6.8041499629e-01,3.2218508598e-01,3.5822991031e-01,4.6155960911e+00
2.6630297712e+00,4.9422360117e+00,6.8081121704e-01,3.2247827591e-01,3.5833294113e-01,4.6242318223e+00
2.6639894216e+00,4.9450825222e+00,6.8120816071e-01,3.2277196655e-01,3.5843619416e-01,4.6328870681e+00
2.6649490720e+00,4.9479306723e+00,6.8160582824e-01,3.2306615847e-01,3.5853966976e-01,4.6415618733e+00
2.6659087223e+00,4.9507804627e+00,6.8200422055e-01,3.2336085227e-01,3.5864336828e-01,4.6502562828e+00
2.6668683727e+00,4.9536318946e+00,6.8240333859e-01,3.2365604852e-01,3.5874729006e-01,4.6589703416e+00
2.6678280231e+00,4.9564849687e+00,6.8280318330e-01,3.2395174783e-01,3.5885143548e-01,4.6677040950e+00
2.6687876734e+00,4.9593396860e+00,6.8320375564e-01,3.2424795077e-01,3.5895580487e-01,4.6764575881e+00
2.6697473238e+00,4.9621960476e+00,6.8360505653e-01,3.2454465794e-01,3.5906039859e-01,4.6852308663e+00
2.6707069742e+00,4.9650540542e+00,6.8400708693e-01,3.2484186992e-01,3.5916521701e-01,4.6940239751e+00
2.6716666245e+00,4.9679137070e+00,6.8440984779e-01,3.2513958732e-01,3.5927026047e-01,4.7028369600e+00
2.6726262749e+00,4.9707750068e+00,6.8481334005e-01,3.2543781073e-01,3.5937552932e-01,4.7116698666e+00
2.6735859253e+00,4.9736379546e+00,6.8521756466e-01,3.2573654073e-01,3.5948102394e-01,4.7205227408e+00
2.6745455756e+00,4.9765025513e+00,6.8562252258e-01,3.2603577792e-01,3.5958674466e-01,4.7293956284e+00
2.6755052260e+00,4.9793687979e+00,6.8602821476e-01,3.2633552290e-01,3.5969269186e-01,4.7382885754e+00
2.6764648764e+00,4.9822366954e+00,6.8643464214e-01,3.2663577627e-01,3.5979886588e-01,4.7472016279e+00
2.6774245267e+00,4.9851062446e+00,6.8684180570e-01,3.2693653862e-01,3.5990526708e-01,4.7561348321e+00
2.6783841771e+00,4.9879774465e+00,6.8724970637e-01,3.2723781055e-01,3.6001189582e-01,4.7650882342e+00
2.6793438275e+00,4.9908503022e+00,6.8765834513e-01,3.2753959266e-01,3.6011875246e-01,4.7740618808e+00
2.6803034778e+00,4.9937248124e+00,6.8806772292e-01,3.2784188555e-01,3.6022583737e-01,4.7830558183e+00
2.6812631282e+00,4.9966009783e+00,6.8847784071e-01,3.2814468983e-01,3.6033315088e-01,4.7920700933e+00
2.6822227786e+00,4.9994788007e+00,6.8888869946e-01,3.2844800609e-01,3.6044069338e-01,4.8011047527e+00
2.6831824289e+00,5.0023582806e+00,6.8930030014e-01,3.2875183493e-01,3.6054846521e-01,4.8101598431e+00
2.6841420793e+00,5.0052394190e+00,6.8971264370e-01,3.2905617697e-01,3.6065646673e-01,4.8192354116e+00
2.6851017297e+00,5.0081222168e+00,6.9012573111e-01,3.2936103280e-01,3.6076469831e-01,4.8283315052e+00
2.6860613800e+00,5.0110066749e+00,6.9053956334e-01,3.2966640304e-01,3.6087316031e-01,4.8374481712e+00
2.6870210304e+00,5.0138927944e+00,6.9095414136e-01,3.2997228828e-01,3.6098185308e-01,4.8465854567e+00
2.6879806808e+00,5.0167805761e+00,6.9136946614e-01,3.3027868914e-01,3.6109077700e-01,4.8557434092e+00
2.6889403312e+00,5.0196700211e+00,6.9178553864e-01,3.3058560623e-01,3.6119993242e-01,4.8649220762e+00
2.6898999815e+00,5.0225611303e+00,6.9220235984e-01,3.3089304015e-01,3.6130931970e-01,4.8741215052e+00
2.6908596319e+00,5.0254539046e+00,6.9261993072e-01,3.3120099151e-01,3.6141893920e-01,4.8833417440e+00
2.6918192823e+00,5.0283483450e+00,6.9303825224e-01,3.3150946094e-01,3.6152879130e-01,4.8925828404e+00
2.6927789326e+00,5.0312444525e+00,6.9345732538e-01,3.3181844903e-01,3.6163887635e-01,4.9018448424e+00
2.6937385830e+00,5.0341422280e+00,6.9387715112e-01,3.3212795640e-01,3.6174919472e-01,4.9111277980e+00
2.6946982334e+00,5.0370416725e+00,6.9429773043e-01,3.3243798367e-01,3.6185974676e-01,4.9204317554e+00
2.6956578837e+00,5.0399427870e+00,6.9471906431e-01,3.3274853145e-01,3.6197053285e-01,4.9297567627e+00
2.6966175341e+00,5.0428455724e+00,6.9514115372e-01,3.3305960036e-01,3.6208155336e-01,4.9391028686e+00
2.6975771845e+00,5.0457500297e+00,6.9556399966e-01,3.3337119102e-01,3.6219280864e-01,4.9484701213e+00
2.6985368348e+00,5.0486561598e+00,6.9598760309e-01,3.3368330404e-01,3.6230429906e-01,4.9578585696e+00
2.6994964852e+00,5.0515639637e+00,6.9641196502e-01,3.3399594004e-01,3.6241602498e-01,4.9672682621e+00
2.7004561356e+00,5.0544734424e+00,6.9683708643e-01,3.3430909964e-01,3.6252798678e-01,4.9766992477e+00
2.7014157859e+00,5.0573845968e+00,6.9726296829e-01,3.3462278347e-01,3.6264018483e-01,4.9861515754e+00
2.7023754363e+00,5.0602974279e+00,6.9768961161e-01,3.3493699214e-01,3.6275261948e-01,4.9956252942e+00
2.7033350867e+00,5.0632119366e+00,6.9811701738e-01,3.3525172627e-01,3.6286529110e-01,5.0051204532e+00
2.7042947370e+00,5.0661281240e+00,6.9854518657e-01,3.3556698650e-01,3.6297820007e-01,5.0146371018e+00
2.7052543874e+00,5.0690459910e+00,6.9897412020e-01,3.3588277344e-01,3.6309134675e-01,5.0241752893e+00
2.7062140378e+00,5.0719655386e+00,6.9940381924e-01,3.3619908773e-01,3.6320473152e-01,5.0337350654e+00
2.7071736881e+00,5.0748867677e+00,6.9983428471e-01,3.3651592998e-01,3.6331835473e-01,5.0433164795e+00
2.7081333385e+00,5.0778096792e+00,7.0026551759e-01,3.3683330082e-01,3.6343221676e-01,5.0529195816e+00
2.7090929889e+00,5.0807342743e+00,7.0069751888e-01,3.3715120089e-01,3.6354631798e-01,5.0625444213e+00
2.7100526392e+00,5.0836605538e+00,7.0113028958e-01,3.3746963082e-01,3.6366065876e-01,5.0721910487e+00
2.7110122896e+00,5.0865885187e+00,7.0156383070e-01,3.3778859122e-01,3.6377523948e-01,5.0818595140e+00
2.7119719400e+00,5.0895181700e+00,7.0199814323e-01,3.3810808274e-01,3.6389006049e-01,5.0915498673e+00
2.7129315904e+00,5.0924495086e+00,7.0243322819e-01,3.3842810601e-01,3.6400512218e-01,5.1012621588e+00
2.7138912407e+00,5.0953825355e+00,7.0286908657e-01,3.3874866166e-01,3.6412042491e-01,5.1109964392e+00
2.7148508911e+00,5.0983172518e+00,7.0330571938e-01,3.3906975032e-01,3.6423596906e-01,5.1207527589e+00
2.7158105415e+00,5.1012536583e+00,7.0374312763e-01,3.3939137263e-01,3.6435175500e-01,5.1305311686e+00
2.7167701918e+00,5.1041917560e+00,7.0418131233e-01,3.3971352922e-01,3.6446778310e-01,5.1403317192e+00
2.7177298422e+00,5.1071315460e+00,7.0462027448e-01,3.4003622074e-01,3.6458405374e-01,5.1501544614e+00
2.7186894926e+00,5.1100730292e+00,7.0506001511e-01,3.4035944782e-01,3.6470056730e-01,5.1599994464e+00
2.7196491429e+00,5.1130162065e+00,7.0550053523e-01,3.4068321109e-01,3.6481732413e-01,5.1698667253e+00
2.7206087933e+00,5.1159610790e+00,7.0594183584e-01,3.4100751121e-01,3.6493432463e-01,5.1797563494e+00
2.7215684437e+00,5.1189076475e+00,7.0638391796e-01,3.4133234881e-01,3.6505156916e-01,5.1896683700e+00
2.7225280940e+00,5.1218559132e+00,7.0682678262e-01,3.4165772453e-01,3.6516905810e-01,5.1996028387e+00
2.7234877444e+00,5.1248058770e+00,7.0727043083e-01,3.4198363901e-01,3.6528679182e-01,5.2095598070e+00
2.7244473948e+00,5.1277575398e+00,7.0771486361e-01,3.4231009290e-01,3.6540477071e-01,5.2195393268e+00
2.7254070451e+00,5.1307109026e+00,7.0816008199e-01,3.4263708685e-01,3.6552299514e-01,5.2295414499e+00
2.7263666955e+00,5.1336659664e+00,7.0860608698e-01,3.4296462149e-01,3.6564146548e-01,5.2395662282e+00
2.7273263459e+00,5.1366227322e+00,7.0905287960e-01,3.4329269748e-01,3.6576018212e-01,5.2496137139e+00
2.7282859962e+00,5.1395812010e+00,7.0950046090e-01,3.4362131547e-01,3.6587914543e-01,5.2596839592e+00
2.7292456466e+00,5.1425413737e+00,7.0994883188e-01,3.4395047609e-01,3.6599835579e-01,5.2697770165e+00
2.7302052970e+00,5.1455032514e+00,7.1039799359e-01,3.4428018001e-01,3.6611781358e-01,5.2798929381e+00
2.7311649473e+00,5.1484668350e+00,7.1084794705e-01,3.4461042788e-01,3.6623751917e-01,5.2900317768e+00
2.7321245977e+00,5.1514321254e+00,7.1129869328e-01,3.4494122033e-01,3.6635747295e-01,5.3001935852e+00
2.7330842481e+00,5.1543991238e+00,7.1175023334e-01,3.4527255803e-01,3.6647767530e-01,5.3103784161e+00
2.7340438984e+00,5.1573678310e+00,7.1220256824e-01,3.4560444164e-01,3.6659812660e-01,5.3205863225e+00
2.7350035488e+00,5.1603382480e+00,7.1265569902e-01,3.4593687180e-01,3.6671882722e-01,5.3308173575e+00
2.7359631992e+00,5.1633103759e+00,7.1310962672e-01,3.4626984917e-01,3.6683977755e-01,5.3410715743e+00
2.7369228496e+00,5.1662842156e+00,7.1356435238e-01,3.4660337440e-01,3.6696097798e-01,5.3513490261e+00
2.7378824999e+00,5.1692597681e+00,7.1401987704e-01,3.4693744817e-01,3.6708242888e-01,5.3616497665e+00
2.7388421503e+00,5.1722370344e+00,7.1447620174e-01,3.4727207111e-01,3.6720413063e-01,5.3719738490e+00
2.7398018007e+00,5.1752160154e+00,7.1493332752e-01,3.4760724390e-01,3.6732608362e-01,5.3823213274e+00
2.7407614510e+00,5.1781967123e+00,7.1539125542e-01,3.4794296719e-01,3.6744828823e-01,5.3926922553e+00
2.7417211014e+00,5.1811791258e+00,7.1584998649e-01,3.4827924165e-01,3.6757074485e-01,5.4030866869e+00
2.7426807518e+00,5.1841632571e+00,7.1630952178e-01,3.4861606793e-01,3.6769345385e-01,5.4135046760e+00
2.7436404021e+00,5.1871491072e+00,7.1676986233e-01,3.4895344670e-01,3.6781641563e-01,5.4239462771e+00
2.7446000525e+00,5.1901366769e+00,7.1723100920e-01,3.4929137863e-01,3.6793963057e-01,5.4344115442e+00
2.7455597029e+00,5.1931259674e+00,7.1769296343e-01,3.4962986438e-01,3.6806309905e-01,5.4449005320e+00
2.7465193532e+00,5.1961169795e+00,7.1815572607e-01,3.4996890462e-01,3.6818682145e-01,5.4554132950e+00
2.7474790036e+00,5.1991097144e+00,7.1861929819e-01,3.5030850001e-01,3.6831079818e-01,5.4659498878e+00
2.7484386540e+00,5.2021041729e+00,7.1908368083e-01,3.5064865123e-01,3.6843502960e-01,5.4765103653e+00
2.7493983043e+00,5.2051003562e+00,7.1954887505e-01,3.5098935894e-01,3.6855951612e-01,5.4870947825e+00
2.7503579547e+00,5.2080982650e+00,7.2001488191e-01,3.5133062381e-01,3.6868425811e-01,5.4977031944e+00
2.7513176051e+00,5.2110979006e+00,7.2048170247e-01,3.5167244651e-01,3.6880925596e-01,5.5083356562e+00
2.7522772554e+00,5.2140992638e+00,7.2094933779e-01,3.5201482772e-01,3.6893451007e-01,5.5189922233e+00
2.7532369058e+00,5.2171023557e+00,7.2141778893e-01,3.5235776812e-01,3.6906002081e-01,5.5296729512e+00
2.7541965562e+00,5.2201071772e+00,7.2188705696e-01,3.5270126836e-01,3.6918578859e-01,5.5403778953e+00
2.7551562065e+00,5.2231137293e+00,7.2235714293e-01,3.5304532914e-01,3.6931181379e-01,5.5511071116e+00
2.7561158569e+00,5.2261220131e+00,7.2282804792e-01,3.5338995113e-01,3.6943809679e-01,5.5618606557e+00
2.7570755073e+00,5.2291320295e+00,7.2329977299e-01,3.5373513500e-01,3.6956463800e-01,5.5726385836e+00
2.7580351576e+00,5.2321437796e+00,7.2377231922e-01,3.5408088143e-01,3.6969143779e-01,5.5834409516e+00
2.7589948080e+00,5.2351572643e+00,7.2424568767e-01,3.5442719111e-01,3.6981849657e-01,5.5942678157e+00
2.7599544584e+00,5.2381724847e+00,7.2471987942e-01,3.5477406471e-01,3.6994581471e-01,5.6051192325e+00
2.7609141088e+00,5.2411894416e+00,7.2519489554e-01,3.5512150291e-01,3.7007339263e-01,5.6159952583e+00
2.7618737591e+00,5.2442081362e+00,7.2567073710e-01,3.5546950640e-01,3.7020123070e-01,5.6268959499e+00
2.7628334095e+00,5.2472285695e+00,7.2614740519e-01,3.5581807586e-01,3.7032932932e-01,5.6378213639e+00
2.7637930599e+00,5.2502507424e+00,7.2662490087e-01,3.5616721198e-01,3.7045768889e-01,5.6487715573e+00
2.7647527102e+00,5.2532746559e+00,7.2710322523e-01,3.5651691544e-01,3.7058630979e-01,5.6597465871e+00
2.7657123606e+00,5.2563003111e+00,7.2758237935e-01,3.5686718693e-01,3.7071519242e-01,5.6707465104e+00
2.7666720110e+00,5.2593277089e+00,7.2806236432e-01,3.5721802713e-01,3.7084433719e-01,5.6817713846e+00
2.7676316613e+00,5.2623568503e+00,7.2854318121e-01,3.5756943674e-01,3.7097374447e-01,5.6928212670e+00
2.7685913117e+00,5.2653877364e+00,7.2902483111e-01,3.5792141644e-01,3.7110341467e-01,5.7038962153e+00
2.7695509621e+00,5.2684203682e+00,7.2950731510e-01,3.5827396693e-01,3.7123334818e-01,5.7149962870e+00
2.7705106124e+00,5.2714547466e+00,7.2999063429e-01,3.5862708889e-01,3.7136354540e-01,5.7261215401e+00
2.7714702628e+00,5.2744908727e+00,7.3047478975e-01,3.5898078302e-01,3.7149400673e-01,5.7372720324e+00
2.7724299132e+00,5.2775287475e+00,7.3095978257e-01,3.5933505002e-01,3.7162473256e-01,5.7484478221e+00
2.7733895635e+00,5.2805683719e+00,7.3144561386e-01,3.5968989057e-01,3.7175572329e-01,5.7596489674e+00
2.7743492139e+00,5.2836097471e+00,7.3193228469e-01,3.6004530538e-01,3.7188697932e-01,5.7708755266e+00
2.7753088643e+00,5.2866528739e+00,7.3241979618e-01,3.6040129514e-01,3.7201850104e-01,5.7821275583e+00
2.7762685146e+00,5.2896977535e+00,7.3290814941e-01,3.6075786054e-01,3.7215028887e-01,5.7934051210e+00
2.7772281650e+00,5.2927443867e+00,7.3339734549e-01,3.6111500230e-01,3.7228234319e-01,5.8047082736e+00
2.7781878154e+00,5.2957927747e+00,7.3388738551e-01,3.6147272110e-01,3.7241466440e-01,5.8160370749e+00
2.7791474657e+00,5.2988429184e+00,7.3437827057e-01,3.6183101766e-01,3.7254725292e-01,5.8273915840e+00
2.7801071161e+00,5.3018948189e+00,7.3487000179e-01,3.6218989266e-01,3.7268010912e-01,5.8387718600e+00
2.7810667665e+00,5.3049484772e+00,7.3536258025e-01,3.6254934682e-01,3.7281323343e-01,5.8501779623e+00
2.7820264168e+00,5.3080038942e+00,7.3585600708e-01,3.6290938084e-01,3.7294662624e-01,5.8616099503e+00
2.7829860672e+00,5.3110610710e+00,7.3635028337e-01,3.6326999542e-01,3.7308028794e-01,5.8730678836e+00
2.7839457176e+00,5.3141200086e+00,7.3684541023e-01,3.6363119127e-01,3.7321421896e-01,5.8845518219e+00
2.7849053680e+00,5.3171807080e+00,7.3734138878e-01,3.6399296910e-01,3.7334841968e-01,5.8960618251e+00
2.7858650183e+00,5.3202431702e+00,7.3783822013e-01,3.6435532962e-01,3.7348289050e-01,5.9075979532e+00
2.7868246687e+00,5.3233073963e+00,7.3833590538e-01,3.6471827353e-01,3.7361763185e-01,5.9191602663e+00
2.7877843191e+00,5.3263733872e+00,7.3883444567e-01,3.6508180155e-01,3.7375264411e-01,5.9307488247e+00
2.7887439694e+00,5.3294411440e+00,7.3933384209e-01,3.6544591439e-01,3.7388792770e-01,5.9423636888e+00
2.7897036198e+00,5.3325106677e+00,7.3983409577e-01,3.6581061275e-01,3.7402348302e-01,5.9540049192e+00
2.7906632702e+00,5.3355819594e+00,7.4033520783e-01,3.6617589737e-01,3.7415931047e-01,5.9656725766e+00
2.7916229205e+00,5.3386550199e+00,7.4083717939e-01,3.6654176893e-01,3.7429541046e-01,5.9773667218e+00
2.7925825709e+00,5.3417298504e+00,7.4134001157e-01,3.6690822818e-01,3.7443178340e-01,5.9890874158e+00
2.7935422213e+00,5.3448064519e+00,7.4184370550e-01,3.6727527581e-01,3.7456842969e-01,6.0008347197e+00
2.7945018716e+00,5.3478848253e+00,7.4234826230e-01,3.6764291256e-01,3.7470534974e-01,6.0126086949e+00
2.7954615220e+00,5.3509649718e+00,7.4285368309e-01,3.6801113913e-01,3.7484254397e-01,6.0244094026e+00
2.7964211724e+00,5.3540468923e+00,7.4335996902e-01,3.6837995625e-01,3.7498001277e-01,6.0362369044e+00
2.7973808227e+00,5.3571305878e+00,7.4386712119e-01,3.6874936464e-01,3.7511775656e-01,6.0480912621e+00
2.7983404731e+00,5.3602160594e+00,7.4437514076e-01,3.6911936502e-01,3.7525577574e-01,6.0599725374e+00
2.7993001235e+00,5.3633033081e+00,7.4488402885e-01,3.6948995811e-01,3.7539407073e-01,6.0718807924e+00
2.8002597738e+00,5.3663923350e+00,7.4539378659e-01,3.6986114465e-01,3.7553264194e-01,6.0838160891e+00
2.8012194242e+00,5.3694831409e+00,7.4590441512e-01,3.7023292535e-01,3.7567148977e-01,6.0957784899e+00
2.8021790746e+00,5.3725757271e+00,7.4641591558e-01,3.7060530093e-01,3.7581061465e-01,6.1077680570e+00
2.8031387249e+00,5.3756700944e+00,7.4692828911e-01,3.7097827214e-01,3.7595001697e-01,6.1197848532e+00
2.8040983753e+00,5.3787662439e+00,7.4744153685e-01,3.7135183969e-01,3.7608969715e-01,6.1318289410e+00
2.8050580257e+00,5.3818641767e+00,7.4795565993e-01,3.7172600432e-01,3.7622965561e-01,6.1439003834e+00
2.8060176761e+00,5.3849638938e+00,7.4847065952e-01,3.7210076676e-01,3.7636989276e-01,6.1559992433e+00
2.8069773264e+00,5.3880653962e+00,7.4898653674e-01,3.7247612774e-01,3.7651040900e-01,6.1681255838e+00
2.8079369768e+00,5.3911686849e+00,7.4950329274e-01,3.7285208798e-01,3.7665120476e-01,6.1802794682e+00
2.8088966272e+00,5.3942737609e+00,7.5002092869e-01,3.7322864824e-01,3.7679228045e-01,6.1924609600e+00
2.8098562775e+00,5.3973806254e+00,7.5053944571e-01,3.7360580923e-01,3.7693363648e-01,6.2046701227e+00
2.8108159279e+00,5.4004892792e+00,7.5105884497e-01,3.7398357170e-01,3.7707527328e-01,6.2169070200e+00
2.8117755783e+00,5.4035997236e+00,7.5157912762e-01,3.7436193638e-01,3.7721719124e-01,6.2291717159e+00
2.8127352286e+00,5.4067119593e+00,7.5210029482e-01,3.7474090402e-01,3.7735939080e-01,6.2414642743e+00
2.8136948790e+00,5.4098259876e+00,7.5262234771e-01,3.7512047534e-01,3.7750187237e-01,6.2537847594e+00
2.8146545294e+00,5.4129418095e+00,7.5314528746e-01,3.7550065110e-01,3.7764463636e-01,6.2661332354e+00
2.8156141797e+00,5.4160594259e+00,7.5366911522e-01,3.7588143203e-01,3.7778768319e-01,6.2785097670e+00
2.8165738301e+00,5.4191788379e+00,7.5419383217e-01,3.7626281888e-01,3.7793101329e-01,6.2909144186e+00
2.8175334805e+00,5.4223000466e+00,7.5471943945e-01,3.7664481239e-01,3.7807462706e-01,6.3033472550e+00
2.8184931308e+00,5.4254230530e+00,7.5524593823e-01,3.7702741330e-01,3.7821852493e-01,6.3158083412e+00
2.8194527812e+00,5.4285478580e+00,7.5577332968e-01,3.7741062236e-01,3.7836270732e-01,6.3282977422e+00
2.8204124316e+00,5.4316744629e+00,7.5630161497e-01,3.7779444032e-01,3.7850717465e-01,6.3408155233e+00
2.8213720819e+00,5.4348028685e+00,7.5683079526e-01,3.7817886792e-01,3.7865192734e-01,6.3533617497e+00
2.8223317323e+00,5.4379330759e+00,7.5736087173e-01,3.7856390592e-01,3.7879696581e-01,6.3659364870e+00
2.8232913827e+00,5.4410650862e+00,7.5789184554e-01,3.7894955506e-01,3.7894229048e-01,6.3785398008e+00
2.8242510330e+00,5.4441989004e+00,7.5842371787e-01,3.7933581610e-01,3.7908790177e-01,6.3911717571e+00
2.8252106834e+00,5.4473345195e+00,7.5895648989e-01,3.7972268979e-01,3.7923380010e-01,6.4038324217e+00
2.8261703338e+00,5.4504719446e+00,7.5949016279e-01,3.8011017688e-01,3.7937998591e-01,6.4165218607e+00
2.8271299841e+00,5.4536111767e+00,7.6002473773e-01,3.8049827813e-01,3.7952645961e-01,6.4292401405e+00
2.8280896345e+00,5.4567522169e+00,7.6056021590e-01,3.8088699428e-01,3.7967322162e-01,6.4419873275e+00
2.8290492849e+00,5.4598950662e+00,7.6109659848e-01,3.8127632611e-01,3.7982027237e-01,6.4547634882e+00
2.8300089353e+00,5.4630397256e+00,7.6163388666e-01,3.8166627437e-01,3.7996761229e-01,6.4675686894e+00
2.8309685856e+00,5.4661861963e+00,7.6217208160e-01,3.8205683981e-01,3.8011524179e-01,6.4804029981e+00
2.8319282360e+00,5.4693344791e+00,7.6271118451e-01,3.8244802320e-01,3.8026316132e-01,6.4932664811e+00
2.8328878864e+00,5.4724845752e+00,7.6325119658e-01,3.8283982530e-01,3.8041137128e-01,6.5061592058e+00
2.8338475367e+00,5.4756364857e+00,7.6379211898e-01,3.8323224686e-01,3.8055987211e-01,6.5190812395e+00
2.8348071871e+00,5.4787902115e+00,7.6433395291e-01,3.8362528866e-01,3.8070866424e-01,6.5320326496e+00
2.8357668375e+00,5.4819457537e+00,7.6487669956e-01,3.8401895146e-01,3.8085774809e-01,6.5450135040e+00
2.8367264878e+00,5.4851031133e+00,7.6542036013e-01,3.8441323603e-01,3.8100712410e-01,6.5580238704e+00
2.8376861382e+00,5.4882622915e+00,7.6596493581e-01,3.8480814312e-01,3.8115679269e-01,6.5710638167e+00
2.8386457886e+00,5.4914232892e+00,7.6651042780e-01,3.8520367352e-01,3.8130675428e-01,6.5841334112e+00
2.8396054389e+00,5.4945861075e+00,7.6705683729e-01,3.8559982798e-01,3.8145700932e-01,6.5972327221e+00
2.8405650893e+00,5.4977507474e+00,7.6760416550e-01,3.8599660728e-01,3.8160755822e-01,6.6103618178e+00
2.8415247397e+00,5.5009172101e+00,7.6815241362e-01,3.8639401219e-01,3.8175840142e-01,6.6235207671e+00
2.8424843900e+00,5.5040854964e+00,7.6870158285e-01,3.8679204349e-01,3.8190953936e-01,6.6367096386e+00
2.8434440404e+00,5.5072556076e+00,7.6925167440e-01,3.8719070194e-01,3.8206097246e-01,6.6499285014e+00
2.8444036908e+00,5.5104275446e+00,7.6980268947e-01,3.8758998832e-01,3.8221270116e-01,6.6631774244e+00
2.8453633411e+00,5.5136013086e+00,7.7035462928e-01,3.8798990340e-01,3.8236472588e-01,6.6764564770e+00
2.8463229915e+00,5.5167769004e+00,7.7090749504e-01,3.8839044798e-01,3.8251704706e-01,6.6897657286e+00
2.8472826419e+00,5.5199543213e+00,7.7146128795e-01,3.8879162281e-01,3.8266966514e-01,6.7031052486e+00
2.8482422922e+00,5.5231335722e+00,7.7201600923e-01,3.8919342868e-01,3.8282258055e-01,6.7164751070e+00
2.8492019426e+00,5.5263146542e+00,7.7257166010e-01,3.8959586638e-01,3.8297579372e-01,6.7298753735e+00
2.8501615930e+00,5.5294975684e+00,7.7312824177e-01,3.8999893668e-01,3.8312930509e-01,6.7433061183e+00
2.8511212433e+00,5.5326823158e+00,7.7368575546e-01,3.9040264037e-01,3.8328311509e-01,6.7567674115e+00
2.8520808937e+00,5.5358688975e+00,7.7424420239e-01,3.9080697822e-01,3.8343722417e-01,6.7702593235e+00
2.8530405441e+00,5.5390573145e+00,7.7480358378e-01,3.9121195103e-01,3.8359163275e-01,6.7837819249e+00
2.8540001945e+00,5.5422475679e+00,7.7536390086e-01,3.9161755958e-01,3.8374634127e-01,6.7973352863e+00
2.8549598448e+00,5.5454396588e+00,7.7592515484e-01,3.9202380466e-01,3.8390135018e-01,6.8109194788e+00
2.8559194952e+00,5.5486335881e+00,7.7648734696e-01,3.9243068706e-01,3.8405665991e-01,6.8245345732e+00
2.8568791456e+00,5.5518293571e+00,7.7705047845e-01,3.9283820756e-01,3.8421227089e-01,6.8381806408e+00
2.8578387959e+00,5.5550269666e+00,7.7761455053e-01,3.9324636696e-01,3.8436818358e-01,6.8518577530e+00
2.8587984463e+00,5.5582264178e+00,7.7817956444e-01,3.9365516604e-01,3.8452439840e-01,6.8655659813e+00
2.8597580967e+00,5.5614277118e+00,7.7874552141e-01,3.9406460561e-01,3.8468091580e-01,6.8793053974e+00
2.8607177470e+00,5.5646308496e+00,7.7931242267e-01,3.9447468645e-01,3.8483773621e-01,6.8930760731e+00
2.8616773974e+00,5.5678358322e+00,7.7988026946e-01,3.9488540937e-01,3.8499486009e-01,6.9068780805e+00
2.8626370478e+00,5.5710426608e+00,7.8044906302e-01,3.9529677515e-01,3.8515228786e-01,6.9207114917e+00
2.8635966981e+00,5.5742513363e+00,7.8101880458e-01,3.9570878460e-01,3.8531001998e-01,6.9345763793e+00
2.8645563485e+00,5.5774618599e+00,7.8158949540e-01,3.9612143851e-01,3.8546805689e-01,6.9484728156e+00
2.8655159989e+00,5.5806742327e+00,7.8216113671e-01,3.9653473768e-01,3.8562639903e-01,6.9624008733e+00
2.8664756492e+00,5.5838884556e+00,7.8273372976e-01,3.9694868292e-01,3.8578504683e-01,6.9763606254e+00
2.8674352996e+00,5.5871045298e+00,7.8330727579e-01,3.9736327503e-01,3.8594400076e-01,6.9903521449e+00
2.8683949500e+00,5.5903224562e+00,7.8388177605e-01,3.9777851481e-01,3.8610326125e-01,7.0043755049e+00
2.8693546003e+00,5.5935422361e+00,7.8445723180e-01,3.9819440306e-01,3.8626282874e-01,7.0184307789e+00
2.8703142507e+00,5.5967638704e+00,7.8503364428e-01,3.9861094059e-01,3.8642270369e-01,7.0325180404e+00
2.8712739011e+00,5.5999873603e+00,7.8561101475e-01,3.9902812821e-01,3.8658288654e-01,7.0466373632e+00
2.8722335514e+00,5.6032127067e+00,7.8618934446e-01,3.9944596673e-01,3.8674337773e-01,7.0607888210e+00
2.8731932018e+00,5.6064399108e+00,7.8676863467e-01,3.9986445695e-01,3.8690417772e-01,7.0749724879e+00
2.8741528522e+00,5.6096689736e+00,7.8734888663e-01,4.0028359969e-01,3.8706528694e-01,7.0891884383e+00
2.8751125025e+00,5.6128998962e+00,7.8793010161e-01,4.0070339575e-01,3.8722670586e-01,7.1034367464e+00
2.8760721529e+00,5.6161326797e+00,7.8851228087e-01,4.0112384596e-01,3.8738843492e-01,7.1177174869e+00
2.8770318033e+00,5.6193673251e+00,7.8909542568e-01,4.0154495111e-01,3.8755047456e-01,7.1320307344e+00
2.8779914537e+00,5.6226038336e+00,7.8967953729e-01,4.0196671204e-01,3.8771282525e-01,7.1463765640e+00
2.8789511040e+00,5.6258422061e+00,7.9026461697e-01,4.0238912955e-01,3.8787548742e-01,7.1607550507e+00
2.8799107544e+00,5.6290824438e+00,7.9085066599e-01,4.0281220446e-01,3.8803846153e-01,7.1751662697e+00
2.8808704048e+00,5.6323245477e+00,7.9143768563e-01,4.0323593760e-01,3.8820174803e-01,7.1896102966e+00
2.8818300551e+00,5.6355685189e+00,7.9202567715e-01,4.0366032978e-01,3.8836534738e-01,7.2040872068e+00
2.8827897055e+00,5.6388143585e+00,7.9261464183e-01,4.0408538181e-01,3.8852926002e-01,7.2185970763e+00
2.8837493559e+00,5.6420620676e+00,7.9320458094e-01,4.0451109454e-01,3.8869348641e-01,7.2331399810e+00
2.8847090062e+00,5.6453116472e+00,7.9379549577e-01,4.0493746877e-01,3.8885802700e-01,7.2477159969e+00
2.8856686566e+00,5.6485630985e+00,7.9438738758e-01,4.0536450533e-01,3.8902288225e-01,7.2623252005e+00
2.8866283070e+00,5.6518164224e+00,7.9498025766e-01,4.0579220505e-01,3.8918805261e-01,7.2769676682e+00
2.8875879573e+00,5.6550716201e+00,7.9557410729e-01,4.0622056876e-01,3.8935353853e-01,7.2916434767e+00
2.8885476077e+00,5.6583286926e+00,7.9616893776e-01,4.0664959728e-01,3.8951934048e-01,7.3063527028e+00
2.8895072581e+00,5.6615876411e+00,7.9676475035e-01,4.0707929144e-01,3.8968545891e-01,7.3210954236e+00
2.8904669084e+00,5.6648484666e+00,7.9736154635e-01,4.0750965207e-01,3.8985189427e-01,7.3358717163e+00
2.8914265588e+00,5.6681111701e+00,7.9795932704e-01,4.0794068001e-01,3.9001864703e-01,7.3506816582e+00
2.8923862092e+00,5.6713757529e+00,7.9855809373e-01,4.0837237609e-01,3.9018571764e-01,7.3655253269e+00
2.8933458595e+00,5.6746422159e+00,7.9915784769e-01,4.0880474114e-01,3.9035310655e-01,7.3804028001e+00
2.8943055099e+00,5.6779105602e+00,7.9975859023e-01,4.0923777600e-01,3.9052081423e-01,7.3953141558e+00
2.8952651603e+00,5.6811807870e+00,8.0036032265e-01,4.0967148150e-01,3.9068884115e-01,7.4102594721e+00
2.8962248106e+00,5.6844528973e+00,8.0096304623e-01,4.1010585848e-01,3.9085718774e-01,7.4252388272e+00
2.8971844610e+00,5.6877268921e+00,8.0156676228e-01,4.1054090779e-01,3.9102585449e-01,7.4402522997e+00
2.8981441114e+00,5.6910027727e+00,8.0217147210e-01,4.1097663025e-01,3.9119484185e-01,7.4552999681e+00
2.8991037617e+00,5.6942805400e+00,8.0277717699e-01,4.1141302672e-01,3.9136415028e-01,7.4703819113e+00
2.9000634121e+00,5.6975601952e+00,8.0338387827e-01,4.1185009803e-01,3.9153378024e-01,7.4854982083e+00
2.9010230625e+00,5.7008417392e+00,8.0399157722e-01,4.1228784503e-01,3.9170373219e-01,7.5006489382e+00
2.9019827129e+00,5.7041251734e+00,8.0460027518e-01,4.1272626857e-01,3.9187400661e-01,7.5158341805e+00
2.9029423632e+00,5.7074104986e+00,8.0520997343e-01,4.1316536948e-01,3.9204460395e-01,7.5310540148e+00
2.9039020136e+00,5.7106977160e+00,8.0582067330e-01,4.1360514862e-01,3.9221552468e-01,7.5463085207e+00
2.9048616640e+00,5.7139868268e+00,8.0643237609e-01,4.1404560684e-01,3.9238676925e-01,7.5615977782e+00
2.9058213143e+00,5.7172778319e+00,8.0704508313e-01,4.1448674498e-01,3.9255833815e-01,7.5769218673e+00
2.9067809647e+00,5.7205707324e+00,8.0765879574e-01,4.1492856390e-01,3.9273023183e-01,7.5922808685e+00
2.9077406151e+00,5.7238655296e+00,8.0827351522e-01,4.1537106445e-01,3.9290245076e-01,7.6076748622e+00
2.9087002654e+00,5.7271622244e+00,8.0888924290e-01,4.1581424749e-01,3.9307499541e-01,7.6231039290e+00
2.9096599158e+00,5.7304608180e+00,8.0950598011e-01,4.1625811386e-01,3.9324786625e-01,7.6385681499e+00
2.9106195662e+00,5.7337613114e+00,8.1012372816e-01,4.1670266443e-01,3.9342106374e-01,7.6540676057e+00
2.9115792165e+00,5.7370637057e+00,8.1074248839e-01,4.1714790004e-01,3.9359458835e-01,7.6696023779e+00
2.9125388669e+00,5.7403680021e+00,8.1136226212e-01,4.1759382157e-01,3.9376844055e-01,7.6851725478e+00
2.9134985173e+00,5.7436742016e+00,8.1198305068e-01,4.1804042986e-01,3.9394262081e-01,7.7007781970e+00
2.9144581676e+00,5.7469823053e+00,8.1260485540e-01,4.1848772579e-01,3.9411712961e-01,7.7164194073e+00
2.9154178180e+00,5.7502923144e+00,8.1322767761e-01,4.1893571021e-01,3.9429196740e-01,7.7320962607e+00
2.9163774684e+00,5.7536042299e+00,8.1385151866e-01,4.1938438398e-01,3.9446713468e-01,7.7478088393e+00
2.9173371187e+00,5.7569180529e+00,8.1447637988e-01,4.1983374798e-01,3.9464263190e-01,7.7635572256e+00
2.9182967691e+00,5.7602337845e+00,8.1510226260e-01,4.2028380306e-01,3.9481845954e-01,7.7793415021e+00
2.9192564195e+00,5.7635514258e+00,8.1572916816e-01,4.2073455010e-01,3.9499461807e-01,7.7951617516e+00
2.9202160698e+00,5.7668709779e+00,8.1635709792e-01,4.2118598996e-01,3.9517110797e-01,7.8110180569e+00
2.9211757202e+00,5.7701924420e+00,8.1698605321e-01,4.2163812351e-01,3.9534792970e-01,7.8269105012e+00
2.9221353706e+00,5.7735158191e+00,8.1761603538e-01,4.2209095162e-01,3.9552508376e-01,7.8428391679e+00
2.9230950209e+00,5.7768411102e+00,8.1824704577e-01,4.2254447516e-01,3.9570257060e-01,7.8588041404e+00
2.9240546713e+00,5.7801683167e+00,8.1887908573e-01,4.2299869502e-01,3.9588039071e-01,7.8748055025e+00
2.9250143217e+00,5.7834974394e+00,8.1951215663e-01,4.2345361206e-01,3.9605854457e-01,7.8908433381e+00
2.9259739721e+00,5.7868284796e+00,8.2014625980e-01,4.2390922715e-01,3.9623703265e-01,7.9069177312e+00
2.9269336224e+00,5.7901614383e+00,8.2078139661e-01,4.2436554119e-01,3.9641585542e-01,7.9230287662e+00
2.9278932728e+00,5.7934963166e+00,8.2141756841e-01,4.2482255503e-01,3.9659501338e-01,7.9391765275e+00
2.9288529232e+00,5.7968331157e+00,8.2205477656e-01,4.2528026958e-01,3.9677450698e-01,7.9553610998e+00
2.9298125735e+00,5.8001718366e+00,8.2269302242e-01,4.2573868569e-01,3.9695433673e-01,7.9715825681e+00
2.9307722239e+00,5.8035124805e+00,8.2333230735e-01,4.2619780426e-01,3.9713450309e-01,7.9878410173e+00
2.9317318743e+00,5.8068550484e+00,8.2397263272e-01,4.2665762618e-01,3.9731500654e-01,8.0041365328e+00
2.9326915246e+00,5.8101995416e+00,8.2461399989e-01,4.2711815232e-01,3.9749584757e-01,8.0204692000e+00
2.9336511750e+00,5.8135459610e+00,8.2525641023e-01,4.2757938357e-01,3.9767702666e-01,8.0368391047e+00
2.9346108254e+00,5.8168943078e+00,8.2589986511e-01,4.2804132081e-01,3.9785854429e-01,8.0532463325e+00
2.9355704757e+00,5.8202445830e+00,8.2654436590e-01,4.2850396495e-01,3.9804040095e-01,8.0696909697e+00
2.9365301261e+00,5.8235967879e+00,8.2718991397e-01,4.2896731686e-01,3.9822259711e-01,8.0861731025e+00
2.9374897765e+00,5.8269509236e+00,8.2783651070e-01,4.2943137744e-01,3.9840513326e-01,8.1026928173e+00
2.9384494268e+00,5.8303069910e+00,8.2848415747e-01,4.2989614758e-01,3.9858800989e-01,8.1192502008e+00
2.9394090772e+00,5.8336649914e+00,8.2913285565e-01,4.3036162817e-01,3.9877122748e-01,8.1358453399e+00
2.9403687276e+00,5.8370249259e+00,8.2978260663e-01,4.3082782011e-01,3.9895478652e-01,8.1524783217e+00
2.9413283779e+00,5.8403867956e+00,8.3043341179e-01,4.3129472430e-01,3.9913868749e-01,8.1691492334e+00
2.9422880283e+00,5.8437506015e+00,8.3108527251e-01,4.3176234163e-01,3.9932293088e-01,8.1858581624e+00
2.9432476787e+00,5.8471163448e+00,8.3173819018e-01,4.3223067300e-01,3.9950751718e-01,8.2026051965e+00
2.9442073290e+00,5.8504840267e+00,8.3239216618e-01,4.3269971931e-01,3.9969244687e-01,8.2193904235e+00
2.9451669794e+00,5.8538536482e+00,8.3304720191e-01,4.3316948146e-01,3.9987772045e-01,8.2362139315e+00
2.9461266298e+00,5.8572252104e+00,8.3370329876e-01,4.3363996036e-01,4.0006333840e-01,8.2530758087e+00
2.9470862801e+00,5.8605987145e+00,8.3436045812e-01,4.3411115690e-01,4.0024930122e-01,8.2699761438e+00
2.9480459305e+00,5.8639741617e+00,8.3501868139e-01,4.3458307200e-01,4.0043560939e-01,8.2869150253e+00
2.9490055809e+00,5.8673515529e+00,8.3567796996e-01,4.3505570656e-01,4.0062226340e-01,8.3038925421e+00
2.9499652313e+00,5.8707308893e+00,8.3633832524e-01,4.3552906149e-01,4.0080926375e-01,8.3209087834e+00
2.9509248816e+00,5.8741121721e+00,8.3699974862e-01,4.3600313769e-01,4.0099661093e-01,8.3379638385e+00
2.9518845320e+00,5.8774954024e+00,8.3766224151e-01,4.3647793608e-01,4.0118430543e-01,8.3550577968e+00
2.9528441824e+00,5.8808805812e+00,8.3832580532e-01,4.3695345757e-01,4.0137234775e-01,8.3721907481e+00
2.9538038327e+00,5.8842677098e+00,8.3899044144e-01,4.3742970307e-01,4.0156073837e-01,8.3893627823e+00
2.9547634831e+00,5.8876567892e+00,8.3965615129e-01,4.3790667350e-01,4.0174947780e-01,8.4065739896e+00
2.9557231335e+00,5.8910478206e+00,8.4032293629e-01,4.3838436977e-01,4.0193856652e-01,8.4238244603e+00
2.9566827838e+00,5.8944408051e+00,8.4099079784e-01,4.3886279279e-01,4.0212800504e-01,8.4411142850e+00
2.9576424342e+00,5.8978357437e+00,8.4165973735e-01,4.3934194350e-01,4.0231779385e-01,8.4584435543e+00
2.9586020846e+00,5.9012326377e+00,8.4232975624e-01,4.3982182280e-01,4.0250793345e-01,8.4758123594e+00
2.9595617349e+00,5.9046314882e+00,8.4300085594e-01,4.4030243161e-01,4.0269842433e-01,8.4932207914e+00
2.9605213853e+00,5.9080322962e+00,8.4367303786e-01,4.4078377087e-01,4.0288926699e-01,8.5106689416e+00
2.9614810357e+00,5.9114350630e+00,8.4434630343e-01,4.4126584148e-01,4.0308046194e-01,8.5281569017e+00
2.9624406860e+00,5.9148397896e+00,8.4502065406e-01,4.4174864439e-01,4.0327200967e-01,8.5456847635e+00
2.9634003364e+00,5.9182464772e+00,8.4569609118e-01,4.4223218050e-01,4.0346391068e-01,8.5632526190e+00
2.9643599868e+00,5.9216551269e+00,8.4637261623e-01,4.4271645076e-01,4.0365616547e-01,8.5808605605e+00
2.9653196371e+00,5.9250657398e+00,8.4705023062e-01,4.4320145608e-01,4.0384877454e-01,8.5985086805e+00
2.9662792875e+00,5.9284783171e+00,8.4772893580e-01,4.4368719741e-01,4.0404173840e-01,8.6161970715e+00
2.9672389379e+00,5.9318928598e+00,8.4840873320e-01,4.4417367566e-01,4.0423505754e-01,8.6339258266e+00
2.9681985882e+00,5.9353093693e+00,8.4908962425e-01,4.4466089178e-01,4.0442873247e-01,8.6516950387e+00
2.9691582386e+00,5.9387278464e+00,8.4977161039e-01,4.4514884669e-01,4.0462276370e-01,8.6695048012e+00
2.9701178890e+00,5.9421482925e+00,8.5045469305e-01,4.4563754133e-01,4.0481715172e-01,8.6873552077e+00
2.9710775393e+00,5.9455707085e+00,8.5113887369e-01,4.4612697665e-01,4.0501189704e-01,8.7052463519e+00
2.9720371897e+00,5.9489950958e+00,8.5182415374e-01,4.4661715357e-01,4.0520700018e-01,8.7231783277e+00
2.9729968401e+00,5.9524214553e+00,8.5251053465e-01,4.4710807303e-01,4.0540246162e-01,8.7411512294e+00
2.9739564905e+00,5.9558497883e+00,8.5319801786e-01,4.4759973598e-01,4.0559828189e-01,8.7591651513e+00
2.9749161408e+00,5.9592800958e+00,8.5388660483e-01,4.4809214336e-01,4.0579446148e-01,8.7772201881e+00
2.9758757912e+00,5.9627123791e+00,8.5457629701e-01,4.4858529611e-01,4.0599100090e-01,8.7953164346e+00
2.9768354416e+00,5.9661466392e+00,8.5526709585e-01,4.4907919517e-01,4.0618790067e-01,8.8134539858e+00
2.9777950919e+00,5.9695828772e+00,8.5595900279e-01,4.4957384150e-01,4.0638516130e-01,8.8316329371e+00
2.9787547423e+00,5.9730210944e+00,8.5665201931e-01,4.5006923604e-01,4.0658278328e-01,8.8498533839e+00
2.9797143927e+00,5.9764612919e+00,8.5734614686e-01,4.5056537973e-01,4.0678076714e-01,8.8681154220e+00
2.9806740430e+00,5.9799034707e+00,8.5804138690e-01,4.5106227353e-01,4.0697911337e-01,8.8864191472e+00
2.9816336934e+00,5.9833476321e+00,8.5873774090e-01,4.5155991839e-01,4.0717782251e-01,8.9047646559e+00
2.9825933438e+00,5.9867937772e+00,8.5943521031e-01,4.5205831526e-01,4.0737689505e-01,8.9231520442e+00
2.9835529941e+00,5.9902419071e+00,8.6013379661e-01,4.5255746510e-01,4.0757633151e-01,8.9415814089e+00
2.9845126445e+00,5.9936920230e+00,8.6083350126e-01,4.5305736886e-01,4.0777613240e-01,8.9600528468e+00
2.9854722949e+00,5.9971441260e+00,8.6153432573e-01,4.5355802749e-01,4.0797629824e-01,8.9785664550e+00
2.9864319452e+00,6.0005982173e+00,8.6223627151e-01,4.5405944197e-01,4.0817682954e-01,8.9971223306e+00
2.9873915956e+00,6.0040542980e+00,8.6293934005e-01,4.5456161323e-01,4.0837772682e-01,9.0157205713e+00
2.9883512460e+00,6.0075123692e+00,8.6364353284e-01,4.5506454226e-01,4.0857899059e-01,9.0343612748e+00
2.9893108963e+00,6.0109724321e+00,8.6434885136e-01,4.5556823000e-01,4.0878062136e-01,9.0530445389e+00
2.9902705467e+00,6.0144344879e+00,8.6505529709e-01,4.5607267742e-01,4.0898261967e-01,9.0717704620e+00
2.9912301971e+00,6.0178985376e+00,8.6576287151e-01,4.5657788549e-01,4.0918498601e-01,9.0905391423e+00
2.9921898474e+00,6.0213645825e+00,8.6647157610e-01,4.5708385518e-01,4.0938772092e-01,9.1093506787e+00
2.9931494978e+00,6.0248326237e+00,8.6718141235e-01,4.5759058744e-01,4.0959082491e-01,9.1282051698e+00
2.9941091482e+00,6.0283026623e+00,8.6789238176e-01,4.5809808325e-01,4.0979429851e-01,9.1471027148e+00
2.9950687985e+00,6.0317746995e+00,8.6860448580e-01,4.5860634359e-01,4.0999814222e-01,9.1660434131e+00
2.9960284489e+00,6.0352487364e+00,8.6931772598e-01,4.5911536941e-01,4.1020235657e-01,9.1850273642e+00
2.9969880993e+00,6.0387247743e+00,8.7003210379e-01,4.5962516170e-01,4.1040694209e-01,9.2040546679e+00
2.9979477497e+00,6.0422028142e+00,8.7074762072e-01,4.6013572143e-01,4.1061189929e-01,9.2231254241e+00
2.9989074000e+00,6.0456828573e+00,8.7146427827e-01,4.6064704957e-01,4.1081722870e-01,9.2422397332e+00
2.9998670504e+00,6.0491649047e+00,8.7218207795e-01,4.6115914711e-01,4.1102293084e-01,9.2613976956e+00
3.0008267008e+00,6.0526489576e+00,8.7290102126e-01,4.6167201502e-01,4.1122900624e-01,9.2805994121e+00
3.0017863511e+00,6.0561350172e+00,8.7362110969e-01,4.6218565427e-01,4.1143545542e-01,9.2998449835e+00
3.0027460015e+00,6.0596230847e+00,8.7434234477e-01,4.6270006587e-01,4.1164227890e-01,9.3191345111e+00
3.0037056519e+00,6.0631131610e+00,8.7506472799e-01,4.6321525077e-01,4.1184947721e-01,9.3384680963e+00
3.0046653022e+00,6.0666052476e+00,8.7578826086e-01,4.6373120998e-01,4.1205705089e-01,9.3578458407e+00
3.0056249526e+00,6.0700993454e+00,8.7651294491e-01,4.6424794447e-01,4.1226500045e-01,9.3772678462e+00
3.0065846030e+00,6.0735954556e+00,8.7723878165e-01,4.6476545523e-01,4.1247332642e-01,9.3967342149e+00
3.0075442533e+00,6.0770935795e+00,8.7796577258e-01,4.6528374325e-01,4.1268202933e-01,9.4162450492e+00
3.0085039037e+00,6.0805937181e+00,8.7869391924e-01,4.6580280952e-01,4.1289110972e-01,9.4358004516e+00
3.0094635541e+00,6.0840958727e+00,8.7942322314e-01,4.6632265504e-01,4.1310056810e-01,9.4554005251e+00
3.0104232044e+00,6.0876000443e+00,8.8015368580e-01,4.6684328079e-01,4.1331040502e-01,9.4750453726e+00
3.0113828548e+00,6.0911062342e+00,8.8088530876e-01,4.6736468776e-01,4.1352062100e-01,9.4947350974e+00
3.0123425052e+00,6.0946144435e+00,8.8161809353e-01,4.6788687696e-01,4.1373121657e-01,9.5144698032e+00
3.0133021555e+00,6.0981246734e+00,8.8235204165e-01,4.6840984938e-01,4.1394219227e-01,9.5342495937e+00
3.0142618059e+00,6.1016369250e+00,8.8308715465e-01,4.6893360601e-01,4.1415354863e-01,9.5540745729e+00
3.0152214563e+00,6.1051511995e+00,8.8382343405e-01,4.6945814787e-01,4.1436528619e-01,9.5739448451e+00
3.0161811066e+00,6.1086674981e+00,8.8456088141e-01,4.6998347594e-01,4.1457740547e-01,9.5938605148e+00
3.0171407570e+00,6.1121858219e+00,8.8529949825e-01,4.7050959123e-01,4.1478990701e-01,9.6138216867e+00
3.0181004074e+00,6.1157061722e+00,8.8603928611e-01,4.7103649475e-01,4.1500279135e-01,9.6338284658e+00
3.0190600577e+00,6.1192285499e+00,8.8678024653e-01,4.7156418750e-01,4.1521605903e-01,9.6538809574e+00
3.0200197081e+00,6.1227529565e+00,8.8752238107e-01,4.7209267049e-01,4.1542971058e-01,9.6739792669e+00
3.0209793585e+00,6.1262793929e+00,8.8826569126e-01,4.7262194472e-01,4.1564374654e-01,9.6941235001e+00
3.0219390089e+00,6.1298078604e+00,8.8901017865e-01,4.7315201120e-01,4.1585816745e-01,9.7143137629e+00
3.0228986592e+00,6.1333383601e+00,8.8975584479e-01,4.7368287095e-01,4.1607297384e-01,9.7345501615e+00
3.0238583096e+00,6.1368708933e+00,8.9050269124e-01,4.7421452498e-01,4.1628816626e-01,9.7548328025e+00
3.0248179600e+00,6.1404054610e+00,8.9125071954e-01,4.7474697429e-01,4.1650374525e-01,9.7751617924e+00
3.0257776103e+00,6.1439420645e+00,8.9199993126e-01,4.7528021992e-01,4.1671971134e-01,9.7955372382e+00
3.0267372607e+00,6.1474807049e+00,8.9275032795e-01,4.7581426287e-01,4.1693606509e-01,9.8159592472e+00
3.0276969111e+00,6.1510213834e+00,8.9350191118e-01,4.7634910416e-01,4.1715280702e-01,9.8364279268e+00
3.0286565614e+00,6.1545641012e+00,8.9425468250e-01,4.7688474480e-01,4.1736993769e-01,9.8569433846e+00
3.0296162118e+00,6.1581088595e+00,8.9500864348e-01,4.7742118584e-01,4.1758745764e-01,9.8775057286e+00
3.0305758622e+00,6.1616556593e+00,8.9576379568e-01,4.7795842827e-01,4.1780536741e-01,9.8981150671e+00
3.0315355125e+00,6.1652045020e+00,8.9652014068e-01,4.7849647313e-01,4.1802366755e-01,9.9187715084e+00
3.0324951629e+00,6.1687553887e+00,8.9727768005e-01,4.7903532145e-01,4.1824235860e-01,9.9394751612e+00
3.0334548133e+00,6.1723083205e+00,8.9803641535e-01,4.7957497425e-01,4.1846144111e-01,9.9602261345e+00
3.0344144636e+00,6.1758632986e+00,8.9879634817e-01,4.8011543255e-01,4.1868091563e-01,9.9810245375e+00
3.0353741140e+00,6.1794203242e+00,8.9955748009e-01,4.8065669739e-01,4.1890078270e-01,1.0001870480e+01
3.0363337644e+00,6.1829793986e+00,9.0031981267e-01,4.8119876980e-01,4.1912104287e-01,1.0022764071e+01
3.0372934147e+00,6.1865405228e+00,9.0108334750e-01,4.8174165081e-01,4.1934169669e-01,1.0043705420e+01
3.0382530651e+00,6.1901036980e+00,9.0184808617e-01,4.8228534146e-01,4.1956274471e-01,1.0064694639e+01
3.0392127155e+00,6.1936689255e+00,9.0261403026e-01,4.8282984277e-01,4.1978418749e-01,1.0085731837e+01
3.0401723658e+00,6.1972362064e+00,9.0338118136e-01,4.8337515579e-01,4.2000602557e-01,1.0106817126e+01
3.0411320162e+00,6.2008055419e+00,9.0414954106e-01,4.8392128156e-01,4.2022825950e-01,1.0127950615e+01
3.0420916666e+00,6.2043769332e+00,9.0491911095e-01,4.8446822112e-01,4.2045088983e-01,1.0149132417e+01
3.0430513169e+00,6.2079503814e+00,9.0568989263e-01,4.8501597550e-01,4.2067391713e-01,1.0170362643e+01
3.0440109673e+00,6.2115258878e+00,9.0646188769e-01,4.8556454575e-01,4.2089734194e-01,1.0191641404e+01
3.0449706177e+00,6.2151034536e+00,9.0723509772e-01,4.8611393291e-01,4.2112116482e-01,1.0212968813e+01
3.0459302681e+00,6.2186830798e+00,9.0800952435e-01,4.8666413803e-01,4.2134538632e-01,1.0234344982e+01
3.0468899184e+00,6.2222647678e+00,9.0878516915e-01,4.8721516216e-01,4.2157000699e-01,1.0255770024e+01
3.0478495688e+00,6.2258485186e+00,9.0956203374e-01,4.8776700634e-01,4.2179502740e-01,1.0277244051e+01
3.0488092192e+00,6.2294343335e+00,9.1034011973e-01,4.8831967163e-01,4.2202044811e-01,1.0298767176e+01
3.0497688695e+00,6.2330222138e+00,9.1111942873e-01,4.8887315907e-01,4.2224626966e-01,1.0320339512e+01
3.0507285199e+00,6.2366121604e+00,9.1189996234e-01,4.8942746972e-01,4.2247249262e-01,1.0341961174e+01
3.0516881703e+00,6.2402041747e+00,9.1268172219e-01,4.8998260464e-01,4.2269911755e-01,1.0363632274e+01
3.0526478206e+00,6.2437982579e+00,9.1346470988e-01,4.9053856487e-01,4.2292614501e-01,1.0385352928e+01
3.0536074710e+00,6.2473944111e+00,9.1424892703e-01,4.9109535149e-01,4.2315357555e-01,1.0407123249e+01
3.0545671214e+00,6.2509926355e+00,9.1503437528e-01,4.9165296553e-01,4.2338140974e-01,1.0428943352e+01
3.0555267717e+00,6.2545929323e+00,9.1582105622e-01,4.9221140808e-01,4.2360964815e-01,1.0450813353e+01
3.0564864221e+00,6.2581953028e+00,9.1660897150e-01,4.9277068018e-01,4.2383829132e-01,1.0472733365e+01
3.0574460725e+00,6.2617997481e+00,9.1739812274e-01,4.9333078291e-01,4.2406733984e-01,1.0494703505e+01
3.0584057228e+00,6.2654062693e+00,9.1818851157e-01,4.9389171732e-01,4.2429679425e-01,1.0516723888e+01
3.0593653732e+00,6.2690148678e+00,9.1898013962e-01,4.9445348448e-01,4.2452665514e-01,1.0538794630e+01
3.0603250236e+00,6.2726255446e+00,9.1977300851e-01,4.9501608546e-01,4.2475692305e-01,1.0560915848e+01
3.0612846739e+00,6.2762383011e+00,9.2056711990e-01,4.9557952134e-01,4.2498759856e-01,1.0583087657e+01
3.0622443243e+00,6.2798531383e+00,9.2136247541e-01,4.9614379318e-01,4.2521868224e-01,1.0605310175e+01
3.0632039747e+00,6.2834700575e+00,9.2215907669e-01,4.9670890204e-01,4.2545017464e-01,1.0627583519e+01
3.0641636250e+00,6.2870890599e+00,9.2295692537e-01,4.9727484902e-01,4.2568207635e-01,1.0649907806e+01
3.0651232754e+00,6.2907101467e+00,9.2375602311e-01,4.9784163518e-01,4.2591438793e-01,1.0672283154e+01
3.0660829258e+00,6.2943333191e+00,9.2455637154e-01,4.9840926160e-01,4.2614710995e-01,1.0694709680e+01
3.0670425761e+00,6.2979585783e+00,9.2535797232e-01,4.9897772935e-01,4.2638024297e-01,1.0717187502e+01
3.0680022265e+00,6.3015859254e+00,9.2616082710e-01,4.9954703953e-01,4.2661378758e-01,1.0739716740e+01
3.0689618769e+00,6.3052153618e+00,9.2696493753e-01,5.0011719320e-01,4.2684774433e-01,1.0762297511e+01
3.0699215273e+00,6.3088468885e+00,9.2777030527e-01,5.0068819146e-01,4.2708211382e-01,1.0784929935e+01
3.0708811776e+00,6.3124805068e+00,9.2857693197e-01,5.0126003538e-01,4.2731689660e-01,1.0807614130e+01
3.0718408280e+00,6.3161162180e+00,9.2938481930e-01,5.0183272605e-01,4.2755209325e-01,1.0830350217e+01
3.0728004784e+00,6.3197540231e+00,9.3019396891e-01,5.0240626457e-01,4.2778770435e-01,1.0853138314e+01
3.0737601287e+00,6.3233939235e+00,9.3100438248e-01,5.0298065201e-01,4.2802373047e-01,1.0875978543e+01
3.0747197791e+00,6.3270359203e+00,9.3181606166e-01,5.0355588947e-01,4.2826017219e-01,1.0898871023e+01
3.0756794295e+00,6.3306800147e+00,9.3262900813e-01,5.0413197805e-01,4.2849703008e-01,1.0921815876e+01
3.0766390798e+00,6.3343262080e+00,9.3344322355e-01,5.0470891883e-01,4.2873430473e-01,1.0944813221e+01
3.0775987302e+00,6.3379745013e+00,9.3425870961e-01,5.0528671291e-01,4.2897199670e-01,1.0967863180e+01
3.0785583806e+00,6.3416248959e+00,9.3507546797e-01,5.0586536138e-01,4.2921010659e-01,1.0990965875e+01
3.0795180309e+00,6.3452773929e+00,9.3589350032e-01,5.0644486536e-01,4.2944863496e-01,1.1014121427e+01
3.0804776813e+00,6.3489319936e+00,9.3671280833e-01,5.0702522592e-01,4.2968758241e-01,1.1037329958e+01
3.0814373317e+00,6.3525886992e+00,9.3753339369e-01,5.0760644419e-01,4.2992694950e-01,1.1060591590e+01
3.0823969820e+00,6.3562475109e+00,9.3835525808e-01,5.0818852125e-01,4.3016673683e-01,1.1083906447e+01
3.0833566324e+00,6.3599084300e+00,9.3917840319e-01,5.0877145822e-01,4.3040694497e-01,1.1107274651e+01
3.0843162828e+00,6.3635714575e+00,9.4000283070e-01,5.0935525619e-01,4.3064757451e-01,1.1130696325e+01
3.0852759331e+00,6.3672365948e+00,9.4082854231e-01,5.0993991628e-01,4.3088862603e-01,1.1154171592e+01
3.0862355835e+00,6.3709038430e+00,9.4165553972e-01,5.1052543960e-01,4.3113010012e-01,1.1177700576e+01
3.0871952339e+00,6.3745732035e+00,9.4248382462e-01,5.1111182725e-01,4.3137199736e-01,1.1201283402e+01
3.0881548842e+00,6.3782446773e+00,9.4331339870e-01,5.1169908036e-01,4.3161431834e-01,1.1224920193e+01
3.0891145346e+00,6.3819182657e+00,9.4414426367e-01,5.1228720002e-01,4.3185706365e-01,1.1248611074e+01
3.0900741850e+00,6.3855939699e+00,9.4497642123e-01,5.1287618736e-01,4.3210023386e-01,1.1272356170e+01
3.0910338353e+00,6.3892717912e+00,9.4580987308e-01,5.1346604350e-01,4.3234382958e-01,1.1296155606e+01
3.0919934857e+00,6.3929517308e+00,9.4664462094e-01,5.1405676955e-01,4.3258785139e-01,1.1320009508e+01
3.0929531361e+00,6.3966337898e+00,9.4748066651e-01,5.1464836663e-01,4.3283229988e-01,1.1343918000e+01
3.0939127865e+00,6.4003179695e+00,9.4831801150e-01,5.1524083586e-01,4.3307717564e-01,1.1367881210e+01
3.0948724368e+00,6.4040042712e+00,9.4915665764e-01,5.1583417837e-01,4.3332247927e-01,1.1391899264e+01
3.0958320872e+00,6.4076926960e+00,9.4999660662e-01,5.1642839528e-01,4.3356821134e-01,1.1415972287e+01
3.0967917376e+00,6.4113832452e+00,9.5083786019e-01,5.1702348772e-01,4.3381437247e-01,1.1440100408e+01
3.0977513879e+00,6.4150759200e+00,9.5168042005e-01,5.1761945682e-01,4.3406096323e-01,1.1464283753e+01
3.0987110383e+00,6.4187707216e+00,9.5252428793e-01,5.1821630369e-01,4.3430798423e-01,1.1488522449e+01
3.0996706887e+00,6.4224676512e+00,9.5336946555e-01,5.1881402949e-01,4.3455543606e-01,1.1512816625e+01
3.1006303390e+00,6.4261667101e+00,9.5421595465e-01,5.1941263533e-01,4.3480331932e-01,1.1537166409e+01
3.1015899894e+00,6.4298678995e+00,9.5506375695e-01,5.2001212235e-01,4.3505163459e-01,1.1561571928e+01
3.1025496398e+00,6.4335712206e+00,9.5591287419e-01,5.2061249170e-01,4.3530038249e-01,1.1586033312e+01
3.1035092901e+00,6.4372766747e+00,9.5676330810e-01,5.2121374449e-01,4.3554956360e-01,1.1610550689e+01
3.1044689405e+00,6.4409842630e+00,9.5761506042e-01,5.2181588188e-01,4.3579917853e-01,1.1635124189e+01
3.1054285909e+00,6.4446939866e+00,9.5846813289e-01,5.2241890501e-01,4.3604922788e-01,1.1659753942e+01
3.1063882412e+00,6.4484058469e+00,9.5932252725e-01,5.2302281501e-01,4.3629971224e-01,1.1684440077e+01
3.1073478916e+00,6.4521198451e+00,9.6017824525e-01,5.2362761303e-01,4.3655063222e-01,1.1709182724e+01
3.1083075420e+00,6.4558359823e+00,9.6103528863e-01,5.2423330021e-01,4.3680198842e-01,1.1733982013e+01
3.1092671923e+00,6.4595542599e+00,9.6189365914e-01,5.2483987770e-01,4.3705378144e-01,1.1758838077e+01
3.1102268427e+00,6.4632746791e+00,9.6275335854e-01,5.2544734666e-01,4.3730601188e-01,1.1783751045e+01
3.1111864931e+00,6.4669972411e+00,9.6361438857e-01,5.2605570822e-01,4.3755868035e-01,1.1808721048e+01
3.1121461434e+00,6.4707219470e+00,9.6447675100e-01,5.2666496355e-01,4.3781178745e-01,1.1833748220e+01
3.1131057938e+00,6.4744487983e+00,9.6534044759e-01,5.2727511379e-01,4.3806533379e-01,1.1858832691e+01
3.1140654442e+00,6.4781777961e+00,9.6620548008e-01,5.2788616010e-01,4.3831931998e-01,1.1883974594e+01
3.1150250945e+00,6.4819089416e+00,9.6707185026e-01,5.2849810364e-01,4.3857374662e-01,1.1909174062e+01
3.1159847449e+00,6.4856422360e+00,9.6793955988e-01,5.2911094556e-01,4.3882861432e-01,1.1934431227e+01
3.1169443953e+00,6.4893776807e+00,9.6880861071e-01,5.2972468702e-01,4.3908392369e-01,1.1959746222e+01
3.1179040457e+00,6.4931152769e+00,9.6967900452e-01,5.3033932919e-01,4.3933967533e-01,1.1985119182e+01
3.1188636960e+00,6.4968550257e+00,9.7055074309e-01,5.3095487322e-01,4.3959586986e-01,1.2010550240e+01
3.1198233464e+00,6.5005969285e+00,9.7142382818e-01,5.3157132029e-01,4.3985250789e-01,1.2036039529e+01
3.1207829968e+00,6.5043409864e+00,9.7229826159e-01,5.3218867156e-01,4.4010959003e-01,1.2061587185e+01
3.1217426471e+00,6.5080872007e+00,9.7317404508e-01,5.3280692819e-01,4.4036711690e-01,1.2087193342e+01
3.1227022975e+00,6.5118355727e+00,9.7405118045e-01,5.3342609135e-01,4.4062508910e-01,1.2112858136e+01
3.1236619479e+00,6.5155861036e+00,9.7492966947e-01,5.3404616222e-01,4.4088350724e-01,1.2138581701e+01
3.1246215982e+00,6.5193387947e+00,9.7580951393e-01,5.3466714197e-01,4.4114237196e-01,1.2164364173e+01
3.1255812486e+00,6.5230936471e+00,9.7669071563e-01,5.3528903178e-01,4.4140168385e-01,1.2190205689e+01
3.1265408990e+00,6.5268506622e+00,9.7757327635e-01,5.3591183281e-01,4.4166144354e-01,1.2216106384e+01
3.1275005493e+00,6.5306098411e+00,9.7845719789e-01,5.3653554625e-01,4.4192165164e-01,1.2242066396e+01
3.1284601997e+00,6.5343711851e+00,9.7934248205e-01,5.3716017327e-01,4.4218230877e-01,1.2268085861e+01
3.1294198501e+00,6.5381346956e+00,9.8022913062e-01,5.3778571506e-01,4.4244341555e-01,1.2294164916e+01
3.1303795004e+00,6.5419003736e+00,9.8111714541e-01,5.3841217280e-01,4.4270497260e-01,1.2320303700e+01
3.1313391508e+00,6.5456682205e+00,9.8200652822e-01,5.3903954768e-01,4.4296698054e-01,1.2346502349e+01
3.1322988012e+00,6.5494382375e+00,9.8289728086e-01,5.3966784087e-01,4.4322943999e-01,1.2372761002e+01
3.1332584515e+00,6.5532104259e+00,9.8378940513e-01,5.4029705356e-01,4.4349235157e-01,1.2399079798e+01
3.1342181019e+00,6.5569847869e+00,9.8468290286e-01,5.4092718695e-01,4.4375571591e-01,1.2425458876e+01
3.1351777523e+00,6.5607613217e+00,9.8557777585e-01,5.4155824223e-01,4.4401953362e-01,1.2451898374e+01
3.1361374026e+00,6.5645400317e+00,9.8647402592e-01,5.4219022059e-01,4.4428380533e-01,1.2478398433e+01
3.1370970530e+00,6.5683209181e+00,9.8737165488e-01,5.4282312321e-01,4.4454853167e-01,1.2504959192e+01
3.1380567034e+00,6.5721039820e+00,9.8827066456e-01,5.4345695131e-01,4.4481371326e-01,1.2531580790e+01
3.1390163537e+00,6.5758892249e+00,9.8917105679e-01,5.4409170607e-01,4.4507935072e-01,1.2558263370e+01
3.1399760041e+00,6.5796766479e+00,9.9007283339e-01,5.4472738869e-01,4.4534544470e-01,1.2585007071e+01
3.1409356545e+00,6.5834662523e+00,9.9097599618e-01,5.4536400038e-01,4.4561199580e-01,1.2611812034e+01
3.1418953049e+00,6.5872580393e+00,9.9188054701e-01,5.4600154234e-01,4.4587900467e-01,1.2638678401e+01
3.1428549552e+00,6.5910520102e+00,9.9278648769e-01,5.4664001576e-01,4.4614647193e-01,1.2665606315e+01
3.1438146056e+00,6.5948481663e+00,9.9369382007e-01,5.4727942186e-01,4.4641439821e-01,1.2692595916e+01
3.1447742560e+00,6.5986465088e+00,9.9460254599e-01,5.4791976185e-01,4.4668278414e-01,1.2719647347e+01
3.1457339063e+00,6.6024470390e+00,9.9551266729e-01,5.4856103693e-01,4.4695163036e-01,1.2746760751e+01
3.1466935567e+00,6.6062497581e+00,9.9642418581e-01,5.4920324832e-01,4.4722093750e-01,1.2773936272e+01
3.1476532071e+00,6.6100546674e+00,9.9733710340e-01,5.4984639722e-01,4.4749070618e-01,1.2801174052e+01
3.1486128574e+00,6.6138617682e+00,9.9825142190e-01,5.5049048485e-01,4.4776093706e-01,1.2828474235e+01
3.1495725078e+00,6.6176710617e+00,9.9916714317e-01,5.5113551242e-01,4.4803163075e-01,1.2855836966e+01
3.1505321582e+00,6.6214825492e+00,1.0000842691e+00,5.5178148116e-01,4.4830278790e-01,1.2883262388e+01
3.1514918085e+00,6.6252962319e+00,1.0010028014e+00,5.5242839228e-01,4.4857440914e-01,1.2910750647e+01
3.1524514589e+00,6.6291121111e+00,1.0019227421e+00,5.5307624701e-01,4.4884649511e-01,1.2938301888e+01
3.1534111093e+00,6.6329301882e+00,1.0028440930e+00,5.5372504656e-01,4.4911904646e-01,1.2965916256e+01
3.1543707596e+00,6.6367504642e+00,1.0037668560e+00,5.5437479216e-01,4.4939206381e-01,1.2993593896e+01
3.1553304100e+00,6.6405729406e+00,1.0046910328e+00,5.5502548504e-01,4.4966554781e-01,1.3021334956e+01
3.1562900604e+00,6.6443976186e+00,1.0056166255e+00,5.5567712642e-01,4.4993949909e-01,1.3049139581e+01
3.1572497107e+00,6.6482244994e+00,1.0065436358e+00,5.5632971753e-01,4.5021391831e-01,1.3077007918e+01
3.1582093611e+00,6.6520535843e+00,1.0074720657e+00,5.5698325961e-01,4.5048880610e-01,1.3104940114e+01
3.1591690115e+00,6.6558848746e+00,1.0084019170e+00,5.5763775389e-01,4.5076416311e-01,1.3132936317e+01
3.1601286618e+00,6.6597183716e+00,1.0093331916e+00,5.5829320159e-01,4.5103998998e-01,1.3160996674e+01
3.1610883122e+00,6.6635540765e+00,1.0102658913e+00,5.5894960397e-01,4.5131628735e-01,1.3189121334e+01
3.1620479626e+00,6.6673919905e+00,1.0112000181e+00,5.5960696224e-01,4.5159305587e-01,1.3217310445e+01
3.1630076129e+00,6.6712321151e+00,1.0121355739e+00,5.6026527767e-01,4.5187029619e-01,1.3245564155e+01
3.1639672633e+00,6.6750744514e+00,1.0130725604e+00,5.6092455148e-01,4.5214800896e-01,1.3273882615e+01
3.1649269137e+00,6.6789190007e+00,1.0140109797e+00,5.6158478492e-01,4.5242619482e-01,1.3302265973e+01
3.1658865641e+00,6.6827657643e+00,1.0149508336e+00,5.6224597923e-01,4.5270485441e-01,1.3330714380e+01
3.1668462144e+00,6.6866147435e+00,1.0158921241e+00,5.6290813566e-01,4.5298398840e-01,1.3359227986e+01
3.1678058648e+00,6.6904659395e+00,1.0168348529e+00,5.6357125547e-01,4.5326359743e-01,1.3387806940e+01
3.1687655152e+00,6.6943193536e+00,1.0177790220e+00,5.6423533989e-01,4.5354368216e-01,1.3416451395e+01
3.1697251655e+00,6.6981749872e+00,1.0187246334e+00,5.6490039018e-01,4.5382424323e-01,1.3445161500e+01
3.1706848159e+00,6.7020328414e+00,1.0196716889e+00,5.6556640760e-01,4.5410528130e-01,1.3473937409e+01
3.1716444663e+00,6.7058929175e+00,1.0206201904e+00,5.6623339339e-01,4.5438679702e-01,1.3502779273e+01
3.1726041166e+00,6.7097552169e+00,1.0215701399e+00,5.6690134882e-01,4.5466879104e-01,1.3531687243e+01
3.1735637670e+00,6.7136197408e+00,1.0225215392e+00,5.6757027515e-01,4.5495126403e-01,1.3560661474e+01
3.1745234174e+00,6.7174864905e+00,1.0234743903e+00,5.6824017362e-01,4.5523421664e-01,1.3589702117e+01
3.1754830677e+00,6.7213554673e+00,1.0244286950e+00,5.6891104552e-01,4.5551764952e-01,1.3618809326e+01
3.1764427181e+00,6.7252266724e+00,1.0253844554e+00,5.6958289210e-01,4.5580156334e-01,1.3647983255e+01
3.1774023685e+00,6.7291001072e+00,1.0263416734e+00,5.7025571462e-01,4.5608595875e-01,1.3677224058e+01
3.1783620188e+00,6.7329757730e+00,1.0273003508e+00,5.7092951436e-01,4.5637083642e-01,1.3706531889e+01
3.1793216692e+00,6.7368536709e+00,1.0282604896e+00,5.7160429258e-01,4.5665619699e-01,1.3735906904e+01
3.1802813196e+00,6.7407338023e+00,1.0292220917e+00,5.7228005056e-01,4.5694204114e-01,1.3765349256e+01
3.1812409699e+00,6.7446161685e+00,1.0301851591e+00,5.7295678956e-01,4.5722836953e-01,1.3794859102e+01
3.1822006203e+00,6.7485007708e+00,1.0311496937e+00,5.7363451086e-01,4.5751518282e-01,1.3824436598e+01
3.1831602707e+00,6.7523876104e+00,1.0321156974e+00,5.7431321575e-01,4.5780248167e-01,1.3854081900e+01
3.1841199210e+00,6.7562766887e+00,1.0330831722e+00,5.7499290548e-01,4.5809026674e-01,1.3883795164e+01
3.1850795714e+00,6.7601680070e+00,1.0340521201e+00,5.7567358135e-01,4.5837853872e-01,1.3913576547e+01
3.1860392218e+00,6.7640615664e+00,1.0350225429e+00,5.7635524464e-01,4.5866729825e-01,1.3943426207e+01
3.1869988721e+00,6.7679573684e+00,1.0359944426e+00,5.7703789663e-01,4.5895654601e-01,1.3973344301e+01
3.1879585225e+00,6.7718554142e+00,1.0369678213e+00,5.7772153860e-01,4.5924628266e-01,1.4003330987e+01
3.1889181729e+00,6.7757557051e+00,1.0379426807e+00,5.7840617184e-01,4.5953650888e-01,1.4033386424e+01
3.1898778233e+00,6.7796582424e+00,1.0389190230e+00,5.7909179764e-01,4.5982722534e-01,1.4063510771e+01
3.1908374736e+00,6.7835630273e+00,1.0398968500e+00,5.7977841730e-01,4.6011843270e-01,1.4093704186e+01
3.1917971240e+00,6.7874700613e+00,1.0408761637e+00,5.8046603210e-01,4.6041013163e-01,1.4123966829e+01
3.1927567744e+00,6.7913793455e+00,1.0418569661e+00,5.8115464333e-01,4.6070232282e-01,1.4154298860e+01
3.1937164247e+00,6.7952908814e+00,1.0428392592e+00,5.8184425230e-01,4.6099500693e-01,1.4184700440e+01
3.1946760751e+00,6.7992046701e+00,1.0438230449e+00,5.8253486029e-01,4.6128818463e-01,1.4215171727e+01
3.1956357255e+00,6.8031207129e+00,1.0448083252e+00,5.8322646862e-01,4.6158185660e-01,1.4245712885e+01
3.1965953758e+00,6.8070390112e+00,1.0457951021e+00,5.8391907857e-01,4.6187602353e-01,1.4276324074e+01
3.1975550262e+00,6.8109595663e+00,1.0467833775e+00,5.8461269146e-01,4.6217068607e-01,1.4307005456e+01
3.1985146766e+00,6.8148823795e+00,1.0477731535e+00,5.8530730859e-01,4.6246584492e-01,1.4337757192e+01
3.1994743269e+00,6.8188074520e+00,1.0487644320e+00,5.8600293127e-01,4.6276150074e-01,1.4368579446e+01
3.2004339773e+00,6.8227347852e+00,1.0497572150e+00,5.8669956079e-01,4.6305765423e-01,1.4399472380e+01
3.2013936277e+00,6.8266643804e+00,1.0507515045e+00,5.8739719848e-01,4.6335430605e-01,1.4430436158e+01
3.2023532780e+00,6.8305962388e+00,1.0517473025e+00,5.8809584565e-01,4.6365145690e-01,1.4461470942e+01
3.2033129284e+00,6.8345303619e+00,1.0527446110e+00,5.8879550360e-01,4.6394910744e-01,1.4492576898e+01
3.2042725788e+00,6.8384667508e+00,1.0537434320e+00,5.8949617366e-01,4.6424725837e-01,1.4523754189e+01
3.2052322291e+00,6.8424054069e+00,1.0547437675e+00,5.9019785714e-01,4.6454591037e-01,1.4555002980e+01
3.2061918795e+00,6.8463463315e+00,1.0557456195e+00,5.9090055536e-01,4.6484506412e-01,1.4586323436e+01
3.2071515299e+00,6.8502895258e+00,1.0567489900e+00,5.9160426965e-01,4.6514472031e-01,1.4617715723e+01
3.2081111802e+00,6.8542349913e+00,1.0577538809e+00,5.9230900132e-01,4.6544487962e-01,1.4649180007e+01
3.2090708306e+00,6.8581827292e+00,1.0587602944e+00,5.9301475170e-01,4.6574554274e-01,1.4680716453e+01
3.2100304810e+00,6.8621327409e+00,1.0597682325e+00,5.9372152211e-01,4.6604671036e-01,1.4712325229e+01
3.2109901313e+00,6.8660850275e+00,1.0607776971e+00,5.9442931389e-01,4.6634838318e-01,1.4744006502e+01
3.2119497817e+00,6.8700395905e+00,1.0617886902e+00,5.9513812837e-01,4.6665056186e-01,1.4775760438e+01
3.2129094321e+00,6.8739964312e+00,1.0628012140e+00,5.9584796688e-01,4.6695324712e-01,1.4807587206e+01
3.2138690825e+00,6.8779555508e+00,1.0638152704e+00,5.9655883074e-01,4.6725643964e-01,1.4839486975e+01
3.2148287328e+00,6.8819169507e+00,1.0648308614e+00,5.9727072130e-01,4.6756014010e-01,1.4871459911e+01
3.2157883832e+00,6.8858806322e+00,1.0658479891e+00,5.9798363990e-01,4.6786434922e-01,1.4903506186e+01
3.2167480336e+00,6.8898465966e+00,1.0668666555e+00,5.9869758787e-01,4.6816906767e-01,1.4935625967e+01
3.2177076839e+00,6.8938148452e+00,1.0678868627e+00,5.9941256656e-01,4.6847429616e-01,1.4967819425e+01
3.2186673343e+00,6.8977853794e+00,1.0689086127e+00,6.0012857730e-01,4.6878003537e-01,1.5000086730e+01
3.2196269847e+00,6.9017582004e+00,1.0699319075e+00,6.0084562145e-01,4.6908628602e-01,1.5032428052e+01
3.2205866350e+00,6.9057333096e+00,1.0709567491e+00,6.0156370035e-01,4.6939304879e-01,1.5064843562e+01
3.2215462854e+00,6.9097107083e+00,1.0719831397e+00,6.0228281534e-01,4.6970032438e-01,1.5097333432e+01
3.2225059358e+00,6.9136903977e+00,1.0730110813e+00,6.0300296779e-01,4.7000811349e-01,1.5129897834e+01
3.2234655861e+00,6.9176723793e+00,1.0740405759e+00,6.0372415904e-01,4.7031641683e-01,1.5162536938e+01
3.2244252365e+00,6.9216566544e+00,1.0750716255e+00,6.0444639044e-01,4.7062523509e-01,1.5195250919e+01
3.2253848869e+00,6.9256432242e+00,1.0761042323e+00,6.0516966336e-01,4.7093456898e-01,1.5228039949e+01
3.2263445372e+00,6.9296320901e+00,1.0771383984e+00,6.0589397915e-01,4.7124441920e-01,1.5260904201e+01
3.2273041876e+00,6.9336232534e+00,1.0781741256e+00,6.0661933917e-01,4.7155478645e-01,1.5293843849e+01
3.2282638380e+00,6.9376167155e+00,1.0792114162e+00,6.0734574478e-01,4.7186567145e-01,1.5326859067e+01
3.2292234883e+00,6.9416124776e+00,1.0802502722e+00,6.0807319734e-01,4.7217707488e-01,1.5359950030e+01
3.2301831387e+00,6.9456105411e+00,1.0812906957e+00,6.0880169823e-01,4.7248899747e-01,1.5393116912e+01
3.2311427891e+00,6.9496109073e+00,1.0823326887e+00,6.0953124881e-01,4.7280143991e-01,1.5426359889e+01
3.2321024394e+00,6.9536135775e+00,1.0833762534e+00,6.1026185044e-01,4.7311440292e-01,1.5459679137e+01
3.2330620898e+00,6.9576185531e+00,1.0844213917e+00,6.1099350451e-01,4.7342788721e-01,1.5493074832e+01
3.2340217402e+00,6.9616258354e+00,1.0854681059e+00,6.1172621237e-01,4.7374189348e-01,1.5526547149e+01
3.2349813905e+00,6.9656354257e+00,1.0865163979e+00,6.1245997542e-01,4.7405642245e-01,1.5560096268e+01
3.2359410409e+00,6.9696473254e+00,1.0875662698e+00,6.1319479502e-01,4.7437147483e-01,1.5593722363e+01
3.2369006913e+00,6.9736615357e+00,1.0886177239e+00,6.1393067255e-01,4.7468705134e-01,1.5627425615e+01
3.2378603417e+00,6.9776780580e+00,1.0896707621e+00,6.1466760939e-01,4.7500315268e-01,1.5661206200e+01
3.2388199920e+00,6.9816968937e+00,1.0907253865e+00,6.1540560694e-01,4.7531977957e-01,1.5695064297e+01
3.2397796424e+00,6.9857180441e+00,1.0917815993e+00,6.1614466656e-01,4.7563693273e-01,1.5729000085e+01
3.2407392928e+00,6.9897415104e+00,1.0928394025e+00,6.1688478965e-01,4.7595461287e-01,1.5763013744e+01
3.2416989431e+00,6.9937672941e+00,1.0938987983e+00,6.1762597759e-01,4.7627282071e-01,1.5797105454e+01
3.2426585935e+00,6.9977953965e+00,1.0949597888e+00,6.1836823179e-01,4.7659155698e-01,1.5831275394e+01
3.2436182439e+00,7.0018258189e+00,1.0960223760e+00,6.1911155362e-01,4.7691082238e-01,1.5865523746e+01
3.2445778942e+00,7.0058585626e+00,1.0970865621e+00,6.1985594448e-01,4.7723061764e-01,1.5899850691e+01
3.2455375446e+00,7.0098936290e+00,1.0981523493e+00,6.2060140577e-01,4.7755094349e-01,1.5934256410e+01
3.2464971950e+00,7.0139310195e+00,1.0992197395e+00,6.2134793889e-01,4.7787180063e-01,1.5968741084e+01
3.2474568453e+00,7.0179707353e+00,1.1002887350e+00,6.2209554523e-01,4.7819318981e-01,1.6003304897e+01
3.2484164957e+00,7.0220127778e+00,1.1013593379e+00,6.2284422620e-01,4.7851511173e-01,1.6037948031e+01
3.2493761461e+00,7.0260571483e+00,1.1024315503e+00,6.2359398320e-01,4.7883756713e-01,1.6072670670e+01
3.2503357964e+00,7.0301038482e+00,1.1035053744e+00,6.2434481764e-01,4.7916055673e-01,1.6107472996e+01
3.2512954468e+00,7.0341528788e+00,1.1045808122e+00,6.2509673092e-01,4.7948408126e-01,1.6142355195e+01
3.2522550972e+00,7.0382042415e+00,1.1056578659e+00,6.2584972446e-01,4.7980814144e-01,1.6177317450e+01
3.2532147475e+00,7.0422579376e+00,1.1067365377e+00,6.2660379966e-01,4.8013273801e-01,1.6212359947e+01
3.2541743979e+00,7.0463139685e+00,1.1078168296e+00,6.2735895795e-01,4.8045787170e-01,1.6247482870e+01
3.2551340483e+00,7.0503723354e+00,1.1088987439e+00,6.2811520072e-01,4.8078354322e-01,1.6282686405e+01
3.2560936986e+00,7.0544330398e+00,1.1099822827e+00,6.2887252941e-01,4.8110975333e-01,1.6317970740e+01
3.2570533490e+00,7.0584960830e+00,1.1110674482e+00,6.2963094543e-01,4.8143650274e-01,1.6353336059e+01
3.2580129994e+00,7.0625614663e+00,1.1121542424e+00,6.3039045020e-01,4.8176379220e-01,1.6388782551e+01
3.2589726497e+00,7.0666291911e+00,1.1132426676e+00,6.3115104515e-01,4.8209162243e-01,1.6424310403e+01
3.2599323001e+00,7.0706992587e+00,1.1143327259e+00,6.3191273169e-01,4.8241999417e-01,1.6459919803e+01
3.2608919505e+00,7.0747716705e+00,1.1154244194e+00,6.3267551127e-01,4.8274890816e-01,1.6495610938e+01
3.2618516009e+00,7.0788464279e+00,1.1165177504e+00,6.3343938530e-01,4.8307836514e-01,1.6531383999e+01
3.2628112512e+00,7.0829235321e+00,1.1176127211e+00,6.3420435522e-01,4.8340836584e-01,1.6567239173e+01
3.2637709016e+00,7.0870029845e+00,1.1187093335e+00,6.3497042246e-01,4.8373891100e-01,1.6603176652e+01
3.2647305520e+00,7.0910847865e+00,1.1198075898e+00,6.3573758845e-01,4.8407000137e-01,1.6639196624e+01
3.2656902023e+00,7.0951689395e+00,1.1209074923e+00,6.3650585464e-01,4.8440163768e-01,1.6675299280e+01
3.2666498527e+00,7.0992554448e+00,1.1220090431e+00,6.3727522245e-01,4.8473382067e-01,1.6711484812e+01
3.2676095031e+00,7.1033443037e+00,1.1231122444e+00,6.3804569334e-01,4.8506655109e-01,1.6747753410e+01
3.2685691534e+00,7.1074355176e+00,1.1242170984e+00,6.3881726875e-01,4.8539982969e-01,1.6784105268e+01
3.2695288038e+00,7.1115290879e+00,1.1253236073e+00,6.3958995011e-01,4.8573365720e-01,1.6820540576e+01
3.2704884542e+00,7.1156250159e+00,1.1264317733e+00,6.4036373889e-01,4.8606803437e-01,1.6857059527e+01
3.2714481045e+00,7.1197233029e+00,1.1275415985e+00,6.4113863651e-01,4.8640296196e-01,1.6893662316e+01
3.2724077549e+00,7.1238239504e+00,1.1286530851e+00,6.4191464445e-01,4.8673844070e-01,1.6930349135e+01
3.2733674053e+00,7.1279269597e+00,1.1297662355e+00,6.4269176414e-01,4.8707447134e-01,1.6967120179e+01
3.2743270556e+00,7.1320323321e+00,1.1308810517e+00,6.4346999705e-01,4.8741105464e-01,1.7003975641e+01
3.2752867060e+00,7.1361400691e+00,1.1319975360e+00,6.4424934462e-01,4.8774819135e-01,1.7040915718e+01
3.2762463564e+00,7.1402501719e+00,1.1331156905e+00,6.4502980833e-01,4.8808588221e-01,1.7077940604e+01
3.2772060067e+00,7.1443626420e+00,1.1342355176e+00,6.4581138963e-01,4.8842412799e-01,1.7115050496e+01
3.2781656571e+00,7.1484774807e+00,1.1353570194e+00,6.4659408998e-01,4.8876292942e-01,1.7152245590e+01
3.2791253075e+00,7.1525946893e+00,1.1364801981e+00,6.4737791085e-01,4.8910228728e-01,1.7189526082e+01
3.2800849578e+00,7.1567142693e+00,1.1376050560e+00,6.4816285370e-01,4.8944220231e-01,1.7226892170e+01
3.2810446082e+00,7.1608362219e+00,1.1387315953e+00,6.4894892001e-01,4.8978267526e-01,1.7264344051e+01
3.2820042586e+00,7.1649605487e+00,1.1398598181e+00,6.4973611124e-01,4.9012370691e-01,1.7301881924e+01
3.2829639089e+00,7.1690872508e+00,1.1409897269e+00,6.5052442887e-01,4.9046529800e-01,1.7339505988e+01
3.2839235593e+00,7.1732163298e+00,1.1421213237e+00,6.5131387437e-01,4.9080744929e-01,1.7377216441e+01
3.2848832097e+00,7.1773477869e+00,1.1432546108e+00,6.5210444923e-01,4.9115016155e-01,1.7415013482e+01
3.2858428601e+00,7.1814816236e+00,1.1443895904e+00,6.5289615491e-01,4.9149343554e-01,1.7452897313e+01
3.2868025104e+00,7.1856178412e+00,1.1455262649e+00,6.5368899290e-01,4.9183727201e-01,1.7490868133e+01
3.2877621608e+00,7.1897564410e+00,1.1466646364e+00,6.5448296468e-01,4.9218167174e-01,1.7528926143e+01
3.2887218112e+00,7.1938974245e+00,1.1478047072e+00,6.5527807174e-01,4.9252663548e-01,1.7567071545e+01
3.2896814615e+00,7.1980407930e+00,1.1489464796e+00,6.5607431557e-01,4.9287216400e-01,1.7605304541e+01
3.2906411119e+00,7.2021865480e+00,1.1500899557e+00,6.5687169765e-01,4.9321825807e-01,1.7643625332e+01
3.2916007623e+00,7.2063346907e+00,1.1512351379e+00,6.5767021947e-01,4.9356491845e-01,1.7682034122e+01
3.2925604126e+00,7.2104852225e+00,1.1523820285e+00,6.5846988254e-01,4.9391214592e-01,1.7720531114e+01
3.2935200630e+00,7.2146381449e+00,1.1535306296e+00,6.5927068834e-01,4.9425994124e-01,1.7759116512e+01
3.2944797134e+00,7.2187934592e+00,1.1546809435e+00,6.6007263837e-01,4.9460830518e-01,1.7797790520e+01
3.2954393637e+00,7.2229511667e+00,1.1558329726e+00,6.6087573413e-01,4.9495723851e-01,1.7836553342e+01
3.2963990141e+00,7.2271112689e+00,1.1569867191e+00,6.6167997712e-01,4.9530674201e-01,1.7875405183e+01
3.2973586645e+00,7.2312737671e+00,1.1581421853e+00,6.6248536885e-01,4.9565681645e-01,1.7914346250e+01
3.2983183148e+00,7.2354386628e+00,1.1592993734e+00,6.6329191082e-01,4.9600746260e-01,1.7953376749e+01
3.2992779652e+00,7.2396059573e+00,1.1604582858e+00,6.6409960454e-01,4.9635868123e-01,1.7992496885e+01
3.3002376156e+00,7.2437756519e+00,1.1616189247e+00,6.6490845152e-01,4.9671047313e-01,1.8031706867e+01
3.3011972659e+00,7.2479477481e+00,1.1627812923e+00,6.6571845327e-01,4.9706283908e-01,1.8071006901e+01
3.3021569163e+00,7.2521222472e+00,1.1639453911e+00,6.6652961130e-01,4.9741577984e-01,1.8110397195e+01
3.3031165667e+00,7.2562991507e+00,1.1651112233e+00,6.6734192714e-01,4.9776929620e-01,1.8149877959e+01
3.3040762170e+00,7.2604784599e+00,1.1662787912e+00,6.6815540229e-01,4.9812338893e-01,1.8189449400e+01
3.3050358674e+00,7.2646601761e+00,1.1674480971e+00,6.6897003828e-01,4.9847805883e-01,1.8229111729e+01
3.3059955178e+00,7.2688443009e+00,1.1686191433e+00,6.6978583664e-01,4.9883330667e-01,1.8268865156e+01
3.3069551681e+00,7.2730308355e+00,1.1697919321e+00,6.7060279888e-01,4.9918913323e-01,1.8308709890e+01
3.3079148185e+00,7.2772197814e+00,1.1709664658e+00,6.7142092653e-01,4.9954553931e-01,1.8348646143e+01
3.3088744689e+00,7.2814111400e+00,1.1721427468e+00,6.7224022112e-01,4.9990252567e-01,1.8388674126e+01
3.3098341193e+00,7.2856049125e+00,1.1733207773e+00,6.7306068419e-01,5.0026009312e-01,1.8428794051e+01
3.3107937696e+00,7.2898011005e+00,1.1745005597e+00,6.7388231725e-01,5.0061824244e-01,1.8469006130e+01
3.3117534200e+00,7.2939997054e+00,1.1756820963e+00,6.7470512186e-01,5.0097697441e-01,1.8509310577e+01
3.3127130704e+00,7.2982007284e+00,1.1768653894e+00,6.7552909954e-01,5.0133628983e-01,1.8549707605e+01
3.3136727207e+00,7.3024041711e+00,1.1780504413e+00,6.7635425184e-01,5.0169618948e-01,1.8590197426e+01
3.3146323711e+00,7.3066100347e+00,1.1792372545e+00,6.7718058029e-01,5.0205667416e-01,1.8630780257e+01
3.3155920215e+00,7.3108183207e+00,1.1804258311e+00,6.7800808645e-01,5.0241774466e-01,1.8671456311e+01
3.3165516718e+00,7.3150290306e+00,1.1816161736e+00,6.7883677184e-01,5.0277940177e-01,1.8712225805e+01
3.3175113222e+00,7.3192421656e+00,1.1828082843e+00,6.7966663803e-01,5.0314164629e-01,1.8753088953e+01
3.3184709726e+00,7.3234577271e+00,1.1840021656e+00,6.8049768656e-01,5.0350447902e-01,1.8794045972e+01
3.3194306229e+00,7.3276757167e+00,1.1851978197e+00,6.8132991899e-01,5.0386790074e-01,1.8835097079e+01
3.3203902733e+00,7.3318961356e+00,1.1863952491e+00,6.8216333686e-01,5.0423191226e-01,1.8876242492e+01
3.3213499237e+00,7.3361189854e+00,1.1875944561e+00,6.8299794173e-01,5.0459651437e-01,1.8917482427e+01
3.3223095740e+00,7.3403442673e+00,1.1887954430e+00,6.8383373517e-01,5.0496170788e-01,1.8958817105e+01
3.3232692244e+00,7.3445719827e+00,1.1899982123e+00,6.8467071873e-01,5.0532749358e-01,1.9000246742e+01
3.3242288748e+00,7.3488021332e+00,1.1912027663e+00,6.8550889397e-01,5.0569387228e-01,1.9041771560e+01
3.3251885251e+00,7.3530347200e+00,1.1924091072e+00,6.8634826246e-01,5.0606084479e-01,1.9083391777e+01
3.3261481755e+00,7.3572697446e+00,1.1936172377e+00,6.8718882577e-01,5.0642841189e-01,1.9125107613e+01
3.3271078259e+00,7.3615072084e+00,1.1948271599e+00,6.8803058546e-01,5.0679657440e-01,1.9166919291e+01
3.3280674762e+00,7.3657471128e+00,1.1960388762e+00,6.8887354310e-01,5.0716533313e-01,1.9208827031e+01
3.3290271266e+00,7.3699894592e+00,1.1972523892e+00,6.8971770028e-01,5.0753468887e-01,1.9250831055e+01
3.3299867770e+00,7.3742342490e+00,1.1984677010e+00,6.9056305855e-01,5.0790464245e-01,1.9292931585e+01
3.3309464273e+00,7.3784814836e+00,1.1996848142e+00,6.9140961951e-01,5.0827519466e-01,1.9335128845e+01
3.3319060777e+00,7.3827311644e+00,1.2009037311e+00,6.9225738473e-01,5.0864634632e-01,1.9377423058e+01
3.3328657281e+00,7.3869832929e+00,1.2021244540e+00,6.9310635580e-01,5.0901809824e-01,1.9419814447e+01
3.3338253785e+00,7.3912378704e+00,1.2033469855e+00,6.9395653429e-01,5.0939045123e-01,1.9462303238e+01
3.3347850288e+00,7.3954948983e+00,1.2045713279e+00,6.9480792179e-01,5.0976340611e-01,1.9504889655e+01
3.3357446792e+00,7.3997543781e+00,1.2057974836e+00,6.9566051990e-01,5.1013696368e-01,1.9547573924e+01
3.3367043296e+00,7.4040163112e+00,1.2070254550e+00,6.9651433019e-01,5.1051112477e-01,1.9590356271e+01
3.3376639799e+00,7.4082806990e+00,1.2082552445e+00,6.9736935427e-01,5.1088589018e-01,1.9633236922e+01
3.3386236303e+00,7.4125475428e+00,1.2094868545e+00,6.9822559373e-01,5.1126126074e-01,1.9676216105e+01
3.3395832807e+00,7.4168168442e+00,1.2107202874e+00,6.9908305017e-01,5.1163723727e-01,1.9719294047e+01
3.3405429310e+00,7.4210886045e+00,1.2119555458e+00,6.9994172518e-01,5.1201382058e-01,1.9762470976e+01
3.3415025814e+00,7.4253628252e+00,1.2131926319e+00,7.0080162037e-01,5.1239101150e-01,1.9805747121e+01
3.3424622318e+00,7.4296395076e+00,1.2144315482e+00,7.0166273733e-01,5.1276881085e-01,1.9849122711e+01
3.3434218821e+00,7.4339186532e+00,1.2156722971e+00,7.0252507769e-01,5.1314721944e-01,1.9892597975e+01
3.3443815325e+00,7.4382002634e+00,1.2169148811e+00,7.0338864304e-01,5.1352623811e-01,1.9936173145e+01
3.3453411829e+00,7.4424843396e+00,1.2181593027e+00,7.0425343499e-01,5.1390586768e-01,1.9979848451e+01
3.3463008332e+00,7.4467708833e+00,1.2194055641e+00,7.0511945516e-01,5.1428610897e-01,2.0023624124e+01
3.3472604836e+00,7.4510598958e+00,1.2206536680e+00,7.0598670517e-01,5.1466696281e-01,2.0067500395e+01
3.3482201340e+00,7.4553513786e+00,1.2219036167e+00,7.0685518662e-01,5.1504843003e-01,2.0111477499e+01
3.3491797843e+00,7.4596453331e+00,1.2231554126e+00,7.0772490113e-01,5.1543051147e-01,2.0155555666e+01
3.3501394347e+00,7.4639417607e+00,1.2244090583e+00,7.0859585034e-01,5.1581320793e-01,2.0199735131e+01
3.3510990851e+00,7.4682406629e+00,1.2256645561e+00,7.0946803586e-01,5.1619652027e-01,2.0244016128e+01
3.3520587354e+00,7.4725420411e+00,1.2269219086e+00,7.1034145932e-01,5.1658044932e-01,2.0288398891e+01
3.3530183858e+00,7.4768458967e+00,1.2281811182e+00,7.1121612234e-01,5.1696499589e-01,2.0332883656e+01
3.3539780362e+00,7.4811522311e+00,1.2294421874e+00,7.1209202656e-01,5.1735016084e-01,2.0377470658e+01
3.3549376865e+00,7.4854610457e+00,1.2307051186e+00,7.1296917361e-01,5.1773594499e-01,2.0422160132e+01
3.3558973369e+00,7.4897723421e+00,1.2319699143e+00,7.1384756512e-01,5.1812234919e-01,2.0466952317e+01
3.3568569873e+00,7.4940861215e+00,1.2332365770e+00,7.1472720273e-01,5.1850937426e-01,2.0511847449e+01
3.3578166377e+00,7.4984023856e+00,1.2345051091e+00,7.1560808808e-01,5.1889702106e-01,2.0556845766e+01
3.3587762880e+00,7.5027211355e+00,1.2357755132e+00,7.1649022281e-01,5.1928529041e-01,2.0601947506e+01
3.3597359384e+00,7.5070423730e+00,1.2370477917e+00,7.1737360856e-01,5.1967418317e-01,2.0647152908e+01
3.3606955888e+00,7.5113660992e+00,1.2383219472e+00,7.1825824699e-01,5.2006370017e-01,2.0692462212e+01
3.3616552391e+00,7.5156923157e+00,1.2395979820e+00,7.1914413973e-01,5.2045384225e-01,2.0737875658e+01
3.3626148895e+00,7.5200210240e+00,1.2408758987e+00,7.2003128844e-01,5.2084461026e-01,2.0783393486e+01
3.3635745399e+00,7.5243522253e+00,1.2421556998e+00,7.2091969477e-01,5.2123600505e-01,2.0829015938e+01
3.3645341902e+00,7.5286859213e+00,1.2434373878e+00,7.2180936038e-01,5.2162802746e-01,2.0874743255e+01
3.3654938406e+00,7.5330221133e+00,1.2447209653e+00,7.2270028692e-01,5.2202067834e-01,2.0920575679e+01
3.3664534910e+00,7.5373608027e+00,1.2460064346e+00,7.2359247605e-01,5.2241395854e-01,2.0966513453e+01
3.3674131413e+00,7.5417019910e+00,1.2472937983e+00,7.2448592944e-01,5.2280786890e-01,2.1012556820e+01
3.3683727917e+00,7.5460456797e+00,1.2485830590e+00,7.2538064874e-01,5.2320241029e-01,2.1058706026e+01
3.3693324421e+00,7.5503918701e+00,1.2498742192e+00,7.2627663563e-01,5.2359758354e-01,2.1104961313e+01
3.3702920924e+00,7.5547405638e+00,1.2511672813e+00,7.2717389177e-01,5.2399338952e-01,2.1151322927e+01
3.3712517428e+00,7.5590917621e+00,1.2524622479e+00,7.2807241883e-01,5.2438982908e-01,2.1197791114e+01
3.3722113932e+00,7.5634454665e+00,1.2537591216e+00,7.2897221850e-01,5.2478690307e-01,2.1244366119e+01
3.3731710435e+00,7.5678016784e+00,1.2550579048e+00,7.2987329243e-01,5.2518461236e-01,2.1291048190e+01
3.3741306939e+00,7.5721603994e+00,1.2563586001e+00,7.3077564231e-01,5.2558295779e-01,2.1337837574e+01
3.3750903443e+00,7.5765216307e+00,1.2576612100e+00,7.3167926982e-01,5.2598194023e-01,2.1384734519e+01
3.3760499946e+00,7.5808853740e+00,1.2589657372e+00,7.3258417665e-01,5.2638156053e-01,2.1431739273e+01
3.3770096450e+00,7.5852516305e+00,1.2602721840e+00,7.3349036447e-01,5.2678181956e-01,2.1478852086e+01
3.3779692954e+00,7.5896204019e+00,1.2615805532e+00,7.3439783497e-01,5.2718271819e-01,2.1526073206e+01
3.3789289457e+00,7.5939916894e+00,1.2628908471e+00,7.3530658985e-01,5.2758425726e-01,2.1573402885e+01
3.3798885961e+00,7.5983654947e+00,1.2642030684e+00,7.3621663078e-01,5.2798643765e-01,2.1620841373e+01
3.3808482465e+00,7.6027418190e+00,1.2655172197e+00,7.3712795948e-01,5.2838926023e-01,2.1668388921e+01
3.3818078969e+00,7.6071206639e+00,1.2668333035e+00,7.3804057763e-01,5.2879272585e-01,2.1716045781e+01
3.3827675472e+00,7.6115020309e+00,1.2681513223e+00,7.3895448693e-01,5.2919683540e-01,2.1763812206e+01
3.3837271976e+00,7.6158859213e+00,1.2694712788e+00,7.3986968909e-01,5.2960158972e-01,2.1811688449e+01
3.3846868480e+00,7.6202723366e+00,1.2707931755e+00,7.4078618580e-01,5.3000698971e-01,2.1859674763e+01
3.3856464983e+00,7.6246612784e+00,1.2721170150e+00,7.4170397877e-01,5.3041303622e-01,2.1907771403e+01
3.3866061487e+00,7.6290527479e+00,1.2734427998e+00,7.4262306971e-01,5.3081973013e-01,2.1955978624e+01
3.3875657991e+00,7.6334467468e+00,1.2747705326e+00,7.4354346033e-01,5.3122707231e-01,2.2004296681e+01
3.3885254494e+00,7.6378432764e+00,1.2761002160e+00,7.4446515235e-01,5.3163506364e-01,2.2052725831e+01
3.3894850998e+00,7.6422423382e+00,1.2774318525e+00,7.4538814746e-01,5.3204370499e-01,2.2101266329e+01
3.3904447502e+00,7.6466439337e+00,1.2787654447e+00,7.4631244740e-01,5.3245299725e-01,2.2149918433e+01
3.3914044005e+00,7.6510480643e+00,1.2801009952e+00,7.4723805389e-01,5.3286294128e-01,2.2198682401e+01
3.3923640509e+00,7.6554547315e+00,1.2814385066e+00,7.4816496864e-01,5.3327353796e-01,2.2247558492e+01
3.3933237013e+00,7.6598639367e+00,1.2827779816e+00,7.4909319337e-01,5.3368478819e-01,2.2296546964e+01
3.3942833516e+00,7.6642756814e+00,1.2841194227e+00,7.5002272982e-01,5.3409669283e-01,2.2345648076e+01
3.3952430020e+00,7.6686899672e+00,1.2854628325e+00,7.5095357972e-01,5.3450925278e-01,2.2394862090e+01
3.3962026524e+00,7.6731067953e+00,1.2868082137e+00,7.5188574479e-01,5.3492246891e-01,2.2444189266e+01
3.3971623027e+00,7.6775261674e+00,1.2881555689e+00,7.5281922676e-01,5.3533634210e-01,2.2493629866e+01
3.3981219531e+00,7.6819480848e+00,1.2895049006e+00,7.5375402739e-01,5.3575087326e-01,2.2543184150e+01
3.3990816035e+00,7.6863725490e+00,1.2908562116e+00,7.5469014839e-01,5.3616606326e-01,2.2592852383e+01
3.4000412538e+00,7.6907995616e+00,1.2922095045e+00,7.5562759152e-01,5.3658191299e-01,2.2642634827e+01
3.4010009042e+00,7.6952291239e+00,1.2935647819e+00,7.5656635852e-01,5.3699842333e-01,2.2692531747e+01
3.4019605546e+00,7.6996612374e+00,1.2949220463e+00,7.5750645112e-01,5.3741559519e-01,2.2742543406e+01
3.4029202049e+00,7.7040959036e+00,1.2962813005e+00,7.5844787109e-01,5.3783342946e-01,2.2792670069e+01
3.4038798553e+00,7.7085331241e+00,1.2976425472e+00,7.5939062017e-01,5.3825192702e-01,2.2842912003e+01
3.4048395057e+00,7.7129729001e+00,1.2990057889e+00,7.6033470011e-01,5.3867108877e-01,2.2893269474e+01
3.4057991561e+00,7.7174152333e+00,1.3003710283e+00,7.6128011266e-01,5.3909091560e-01,2.2943742748e+01
3.4067588064e+00,7.7218601250e+00,1.3017382680e+00,7.6222685959e-01,5.3951140842e-01,2.2994332093e+01
3.4077184568e+00,7.7263075769e+00,1.3031075108e+00,7.6317494266e-01,5.3993256812e-01,2.3045037777e+01
3.4086781072e+00,7.7307575902e+00,1.3044787592e+00,7.6412436362e-01,5.4035439559e-01,2.3095860070e+01
3.4096377575e+00,7.7352101666e+00,1.3058520160e+00,7.6507512425e-01,5.4077689175e-01,2.3146799239e+01
3.4105974079e+00,7.7396653075e+00,1.3072272838e+00,7.6602722630e-01,5.4120005748e-01,2.3197855557e+01
3.4115570583e+00,7.7441230143e+00,1.3086045652e+00,7.6698067155e-01,5.4162389370e-01,2.3249029292e+01
3.4125167086e+00,7.7485832886e+00,1.3099838631e+00,7.6793546177e-01,5.4204840130e-01,2.3300320716e+01
3.4134763590e+00,7.7530461317e+00,1.3113651799e+00,7.6889159874e-01,5.4247358119e-01,2.3351730101e+01
3.4144360094e+00,7.7575115453e+00,1.3127485185e+00,7.6984908422e-01,5.4289943428e-01,2.3403257721e+01
3.4153956597e+00,7.7619795308e+00,1.3141338815e+00,7.7080792000e-01,5.4332596147e-01,2.3454903847e+01
3.4163553101e+00,7.7664500896e+00,1.3155212715e+00,7.7176810787e-01,5.4375316367e-01,2.3506668753e+01
3.4173149605e+00,7.7709232233e+00,1.3169106914e+00,7.7272964960e-01,5.4418104180e-01,2.3558552714e+01
3.4182746108e+00,7.7753989333e+00,1.3183021437e+00,7.7369254698e-01,5.4460959675e-01,2.3610556006e+01
3.4192342612e+00,7.7798772212e+00,1.3196956313e+00,7.7465680181e-01,5.4503882945e-01,2.3662678903e+01
3.4201939116e+00,7.7843580883e+00,1.3210911567e+00,7.7562241586e-01,5.4546874081e-01,2.3714921682e+01
3.4211535619e+00,7.7888415362e+00,1.3224887227e+00,7.7658939094e-01,5.4589933173e-01,2.3767284620e+01
3.4221132123e+00,7.7933275663e+00,1.3238883320e+00,7.7755772884e-01,5.4633060315e-01,2.3819767995e+01
3.4230728627e+00,7.7978161803e+00,1.3252899873e+00,7.7852743136e-01,5.4676255596e-01,2.3872372084e+01
3.4240325130e+00,7.8023073794e+00,1.3266936914e+00,7.7949850030e-01,5.4719519110e-01,2.3925097167e+01
3.4249921634e+00,7.8068011653e+00,1.3280994469e+00,7.8047093747e-01,5.4762850947e-01,2.3977943523e+01
3.4259518138e+00,7.8112975395e+00,1.3295072567e+00,7.8144474467e-01,5.4806251201e-01,2.4030911432e+01
3.4269114642e+00,7.8157965033e+00,1.3309171233e+00,7.8241992370e-01,5.4849719962e-01,2.4084001176e+01
3.4278711145e+00,7.8202980584e+00,1.3323290496e+00,7.8339647639e-01,5.4893257325e-01,2.4137213035e+01
3.4288307649e+00,7.8248022061e+00,1.3337430383e+00,7.8437440454e-01,5.4936863379e-01,2.4190547292e+01
3.4297904153e+00,7.8293089480e+00,1.3351590922e+00,7.8535370997e-01,5.4980538219e-01,2.4244004229e+01
3.4307500656e+00,7.8338182857e+00,1.3365772139e+00,7.8633439450e-01,5.5024281937e-01,2.4297584130e+01
3.4317097160e+00,7.8383302205e+00,1.3379974062e+00,7.8731645994e-01,5.5068094626e-01,2.4351287279e+01
3.4326693664e+00,7.8428447539e+00,1.3394196719e+00,7.8829990813e-01,5.5111976378e-01,2.4405113961e+01
3.4336290167e+00,7.8473618876e+00,1.3408440138e+00,7.8928474089e-01,5.5155927287e-01,2.4459064461e+01
3.4345886671e+00,7.8518816229e+00,1.3422704345e+00,7.9027096004e-01,5.5199947445e-01,2.4513139065e+01
3.4355483175e+00,7.8564039614e+00,1.3436989369e+00,7.9125856741e-01,5.5244036946e-01,2.4567338059e+01
3.4365079678e+00,7.8609289045e+00,1.3451295237e+00,7.9224756485e-01,5.5288195883e-01,2.4621661732e+01
3.4374676182e+00,7.8654564539e+00,1.3465621977e+00,7.9323795418e-01,5.5332424350e-01,2.4676110371e+01
3.4384272686e+00,7.8699866109e+00,1.3479969617e+00,7.9422973725e-01,5.5376722441e-01,2.4730684266e+01
3.4393869189e+00,7.8745193770e+00,1.3494338184e+00,7.9522291589e-01,5.5421090248e-01,2.4785383704e+01
3.4403465693e+00,7.8790547539e+00,1.3508727706e+00,7.9621749195e-01,5.5465527866e-01,2.4840208977e+01
3.4413062197e+00,7.8835927429e+00,1.3523138212e+00,7.9721346727e-01,5.5510035389e-01,2.4895160374e+01
3.4422658700e+00,7.8881333456e+00,1.3537569728e+00,7.9821084371e-01,5.5554612911e-01,2.4950238188e+01
3.4432255204e+00,7.8926765635e+00,1.3552022284e+00,7.9920962310e-01,5.5599260526e-01,2.5005442711e+01
3.4441851708e+00,7.8972223980e+00,1.3566495906e+00,8.0020980732e-01,5.5643978328e-01,2.5060774234e+01
3.4451448211e+00,7.9017708508e+00,1.3580990623e+00,8.0121139820e-01,5.5688766412e-01,2.5116233053e+01
3.4461044715e+00,7.9063219233e+00,1.3595506464e+00,8.0221439762e-01,5.5733624873e-01,2.5171819460e+01
3.4470641219e+00,7.9108756170e+00,1.3610043455e+00,8.0321880743e-01,5.5778553805e-01,2.5227533750e+01
3.4480237722e+00,7.9154319335e+00,1.3624601625e+00,8.0422462949e-01,5.5823553304e-01,2.5283376219e+01
3.4489834226e+00,7.9199908741e+00,1.3639181003e+00,8.0523186567e-01,5.5868623463e-01,2.5339347163e+01
3.4499430730e+00,7.9245524405e+00,1.3653781616e+00,8.0624051785e-01,5.5913764378e-01,2.5395446879e+01
3.4509027234e+00,7.9291166342e+00,1.3668403493e+00,8.0725058788e-01,5.5958976144e-01,2.5451675664e+01
3.4518623737e+00,7.9336834567e+00,1.3683046662e+00,8.0826207765e-01,5.6004258858e-01,2.5508033817e+01
3.4528220241e+00,7.9382529094e+00,1.3697711152e+00,8.0927498903e-01,5.6049612613e-01,2.5564521636e+01
3.4537816745e+00,7.9428249940e+00,1.3712396990e+00,8.1028932390e-01,5.6095037506e-01,2.5621139421e+01
3.4547413248e+00,7.9473997118e+00,1.3727104205e+00,8.1130508414e-01,5.6140533632e-01,2.5677887472e+01
3.4557009752e+00,7.9519770646e+00,1.3741832825e+00,8.1232227163e-01,5.6186101088e-01,2.5734766090e+01
3.4566606256e+00,7.9565570536e+00,1.3756582879e+00,8.1334088827e-01,5.6231739968e-01,2.5791775577e+01
3.4576202759e+00,7.9611396805e+00,1.3771354396e+00,8.1436093593e-01,5.6277450370e-01,2.5848916234e+01
3.4585799263e+00,7.9657249469e+00,1.3786147404e+00,8.1538241652e-01,5.6323232390e-01,2.5906188366e+01
3.4595395767e+00,7.9703128541e+00,1.3800961932e+00,8.1640533192e-01,5.6369086123e-01,2.5963592276e+01
3.4604992270e+00,7.9749034038e+00,1.3815798007e+00,8.1742968404e-01,5.6415011666e-01,2.6021128268e+01
3.4614588774e+00,7.9794965974e+00,1.3830655659e+00,8.1845547477e-01,5.6461009117e-01,2.6078796647e+01
3.4624185278e+00,7.9840924365e+00,1.3845534917e+00,8.1948270601e-01,5.6507078571e-01,2.6136597720e+01
3.4633781781e+00,7.9886909226e+00,1.3860435809e+00,8.2051137967e-01,5.6553220125e-01,2.6194531792e+01
3.4643378285e+00,7.9932920572e+00,1.3875358364e+00,8.2154149765e-01,5.6599433877e-01,2.6252599172e+01
3.4652974789e+00,7.9978958419e+00,1.3890302611e+00,8.2257306188e-01,5.6645719923e-01,2.6310800167e+01
3.4662571292e+00,8.0025022782e+00,1.3905268579e+00,8.2360607424e-01,5.6692078361e-01,2.6369135085e+01
3.4672167796e+00,8.0071113675e+00,1.3920256296e+00,8.2464053668e-01,5.6738509288e-01,2.6427604236e+01
3.4681764300e+00,8.0117231115e+00,1.3935265791e+00,8.2567645109e-01,5.6785012801e-01,2.6486207931e+01
3.4691360803e+00,8.0163375117e+00,1.3950297094e+00,8.2671381940e-01,5.6831588999e-01,2.6544946480e+01
3.4700957307e+00,8.0209545695e+00,1.3965350233e+00,8.2775264354e-01,5.6878237978e-01,2.6603820194e+01
3.4710553811e+00,8.0255742866e+00,1.3980425238e+00,8.2879292542e-01,5.6924959838e-01,2.6662829386e+01
3.4720150314e+00,8.0301966644e+00,1.3995522137e+00,8.2983466698e-01,5.6971754675e-01,2.6721974369e+01
3.4729746818e+00,8.0348217045e+00,1.4010640960e+00,8.3087787015e-01,5.7018622588e-01,2.6781255457e+01
3.4739343322e+00,8.0394494084e+00,1.4025781736e+00,8.3192253686e-01,5.7065563675e-01,2.6840672964e+01
3.4748939826e+00,8.0440797777e+00,1.4040944494e+00,8.3296866905e-01,5.7112578034e-01,2.6900227205e+01
3.4758536329e+00,8.0487128139e+00,1.4056129263e+00,8.3401626865e-01,5.7159665765e-01,2.6959918495e+01
3.4768132833e+00,8.0533485185e+00,1.4071336073e+00,8.3506533760e-01,5.7206826965e-01,2.7019747153e+01
3.4777729337e+00,8.0579868931e+00,1.4086564952e+00,8.3611587786e-01,5.7254061734e-01,2.7079713495e+01
3.4787325840e+00,8.0626279391e+00,1.4101815931e+00,8.3716789136e-01,5.7301370170e-01,2.7139817838e+01
3.4796922344e+00,8.0672716582e+00,1.4117089038e+00,8.3822138006e-01,5.7348752372e-01,2.7200060503e+01
3.4806518848e+00,8.0719180519e+00,1.4132384303e+00,8.3927634590e-01,5.7396208440e-01,2.7260441808e+01
3.4816115351e+00,8.0765671217e+00,1.4147701756e+00,8.4033279085e-01,5.7443738473e-01,2.7320962074e+01
3.4825711855e+00,8.0812188691e+00,1.4163041426e+00,8.4139071686e-01,5.7491342569e-01,2.7381621622e+01
3.4835308359e+00,8.0858732958e+00,1.4178403342e+00,8.4245012588e-01,5.7539020830e-01,2.7442420774e+01
3.4844904862e+00,8.0905304032e+00,1.4193787534e+00,8.4351101989e-01,5.7586773354e-01,2.7503359851e+01
3.4854501366e+00,8.0951901929e+00,1.4209194033e+00,8.4457340084e-01,5.7634600241e-01,2.7564439178e+01
3.4864097870e+00,8.0998526664e+00,1.4224622866e+00,8.4563727070e-01,5.7682501592e-01,2.7625659079e+01
3.4873694373e+00,8.1045178253e+00,1.4240074065e+00,8.4670263145e-01,5.7730477506e-01,2.7687019878e+01
3.4883290877e+00,8.1091856711e+00,1.4255547659e+00,8.4776948506e-01,5.7778528083e-01,2.7748521900e+01
3.4892887381e+00,8.1138562054e+00,1.4271043677e+00,8.4883783350e-01,5.7826653424e-01,2.7810165472e+01
3.4902483884e+00,8.1185294298e+00,1.4286562150e+00,8.4990767875e-01,5.7874853629e-01,2.7871950921e+01
3.4912080388e+00,8.1232053457e+00,1.4302103108e+00,8.5097902280e-01,5.7923128800e-01,2.7933878575e+01
3.4921676892e+00,8.1278839547e+00,1.4317666580e+00,8.5205186762e-01,5.7971479035e-01,2.7995948763e+01
3.4931273395e+00,8.1325652584e+00,1.4333252596e+00,8.5312621520e-01,5.8019904438e-01,2.8058161812e+01
3.4940869899e+00,8.1372492583e+00,1.4348861186e+00,8.5420206754e-01,5.8068405108e-01,2.8120518055e+01
3.4950466403e+00,8.1419359560e+00,1.4364492381e+00,8.5527942662e-01,5.8116981146e-01,2.8183017821e+01
3.4960062906e+00,8.1466253530e+00,1.4380146210e+00,8.5635829444e-01,5.8165632654e-01,2.8245661442e+01
3.4969659410e+00,8.1513174509e+00,1.4395822703e+00,8.5743867300e-01,5.8214359734e-01,2.8308449250e+01
3.4979255914e+00,8.1560122513e+00,1.4411521892e+00,8.5852056430e-01,5.8263162486e-01,2.8371381578e+01
3.4988852418e+00,8.1607097556e+00,1.4427243805e+00,8.5960397033e-01,5.8312041013e-01,2.8434458762e+01
3.4998448921e+00,8.1654099655e+00,1.4442988473e+00,8.6068889312e-01,5.8360995417e-01,2.8497681134e+01
3.5008045425e+00,8.1701128826e+00,1.4458755926e+00,8.6177533465e-01,5.8410025798e-01,2.8561049030e+01
3.5017641929e+00,8.1748185083e+00,1.4474546195e+00,8.6286329695e-01,5.8459132260e-01,2.8624562787e+01
3.5027238432e+00,8.1795268442e+00,1.4490359311e+00,8.6395278203e-01,5.8508314904e-01,2.8688222742e+01
3.5036834936e+00,8.1842378919e+00,1.4506195302e+00,8.6504379190e-01,5.8557573833e-01,2.8752029232e+01
3.5046431440e+00,8.1889516530e+00,1.4522054201e+00,8.6613632859e-01,5.8606909149e-01,2.8815982596e+01
3.5056027943e+00,8.1936681290e+00,1.4537936037e+00,8.6723039411e-01,5.8656320955e-01,2.8880083173e+01
3.5065624447e+00,8.1983873215e+00,1.4553840840e+00,8.6832599050e-01,5.8705809354e-01,2.8944331304e+01
3.5075220951e+00,8.2031092320e+00,1.4569768643e+00,8.6942311977e-01,5.8755374448e-01,2.9008727329e+01
3.5084817454e+00,8.2078338622e+00,1.4585719474e+00,8.7052178397e-01,5.8805016341e-01,2.9073271589e+01
3.5094413958e+00,8.2125612135e+00,1.4601693365e+00,8.7162198511e-01,5.8854735135e-01,2.9137964428e+01
3.5104010462e+00,8.2172912875e+00,1.4617690346e+00,8.7272372525e-01,5.8904530935e-01,2.9202806189e+01
3.5113606965e+00,8.2220240859e+00,1.4633710448e+00,8.7382700641e-01,5.8954403842e-01,2.9267797215e+01
3.5123203469e+00,8.2267596102e+00,1.4649753703e+00,8.7493183063e-01,5.9004353962e-01,2.9332937852e+01
3.5132799973e+00,8.2314978619e+00,1.4665820139e+00,8.7603819997e-01,5.9054381397e-01,2.9398228445e+01
3.5142396476e+00,8.2362388427e+00,1.4681909790e+00,8.7714611647e-01,5.9104486252e-01,2.9463669340e+01
3.5151992980e+00,8.2409825540e+00,1.4698022685e+00,8.7825558218e-01,5.9154668630e-01,2.9529260886e+01
3.5161589484e+00,8.2457289975e+00,1.4714158855e+00,8.7936659915e-01,5.9204928636e-01,2.9595003429e+01
3.5171185987e+00,8.2504781748e+00,1.4730318332e+00,8.8047916943e-01,5.9255266373e-01,2.9660897319e+01
3.5180782491e+00,8.2552300873e+00,1.4746501146e+00,8.8159329509e-01,5.9305681947e-01,2.9726942905e+01
3.5190378995e+00,8.2599847368e+00,1.4762707328e+00,8.8270897818e-01,5.9356175461e-01,2.9793140538e+01
3.5199975498e+00,8.2647421247e+00,1.4778936910e+00,8.8382622077e-01,5.9406747020e-01,2.9859490570e+01
3.5209572002e+00,8.2695022527e+00,1.4795189922e+00,8.8494502493e-01,5.9457396730e-01,2.9925993351e+01
3.5219168506e+00,8.2742651223e+00,1.4811466397e+00,8.8606539272e-01,5.9508124694e-01,2.9992649236e+01
3.5228765010e+00,8.2790307351e+00,1.4827766364e+00,8.8718732622e-01,5.9558931019e-01,3.0059458577e+01
3.5238361513e+00,8.2837990927e+00,1.4844089856e+00,8.8831082750e-01,5.9609815808e-01,3.0126421730e+01
3.5247958017e+00,8.2885701967e+00,1.4860436903e+00,8.8943589864e-01,5.9660779169e-01,3.0193539049e+01
3.5257554521e+00,8.2933440486e+00,1.4876807538e+00,8.9056254172e-01,5.9711821205e-01,3.0260810892e+01
3.5267151024e+00,8.2981206500e+00,1.4893201791e+00,8.9169075883e-01,5.9762942023e-01,3.0328237614e+01
3.5276747528e+00,8.3029000025e+00,1.4909619693e+00,8.9282055204e-01,5.9814141729e-01,3.0395819574e+01
3.5286344032e+00,8.3076821078e+00,1.4926061277e+00,8.9395192345e-01,5.9865420428e-01,3.0463557130e+01
3.5295940535e+00,8.3124669673e+00,1.4942526574e+00,8.9508487515e-01,5.9916778227e-01,3.0531450641e+01
3.5305537039e+00,8.3172545827e+00,1.4959015615e+00,8.9621940924e-01,5.9968215231e-01,3.0599500469e+01
3.5315133543e+00,8.3220449555e+00,1.4975528433e+00,8.9735552781e-01,6.0019731546e-01,3.0667706974e+01
3.5324730046e+00,8.3268380874e+00,1.4992065058e+00,8.9849323296e-01,6.0071327281e-01,3.0736070519e+01
3.5334326550e+00,8.3316339800e+00,1.5008625522e+00,8.9963252680e-01,6.0123002540e-01,3.0804591465e+01
3.5343923054e+00,8.3364326347e+00,1.5025209857e+00,9.0077341143e-01,6.0174757431e-01,3.0873270177e+01
3.5353519557e+00,8.3412340533e+00,1.5041818096e+00,9.0191588896e-01,6.0226592060e-01,3.0942107019e+01
3.5363116061e+00,8.3460382372e+00,1.5058450269e+00,9.0305996151e-01,6.0278506535e-01,3.1011102356e+01
3.5372712565e+00,8.3508451882e+00,1.5075106408e+00,9.0420563119e-01,6.0330500963e-01,3.1080256555e+01
3.5382309068e+00,8.3556549077e+00,1.5091786546e+00,9.0535290011e-01,6.0382575451e-01,3.1149569983e+01
3.5391905572e+00,8.3604673975e+00,1.5108490715e+00,9.0650177039e-01,6.0434730106e-01,3.1219043007e+01
3.5401502076e+00,8.3652826590e+00,1.5125218945e+00,9.0765224417e-01,6.0486965037e-01,3.1288675996e+01
3.5411098579e+00,8.3701006939e+00,1.5141971271e+00,9.0880432356e-01,6.0539280350e-01,3.1358469321e+01
3.5420695083e+00,8.3749215038e+00,1.5158747722e+00,9.0995801070e-01,6.0591676154e-01,3.1428423350e+01
3.5430291587e+00,8.3797450903e+00,1.5175548333e+00,9.1111330772e-01,6.0644152557e-01,3.1498538456e+01
3.5439888090e+00,8.3845714549e+00,1.5192373134e+00,9.1227021675e-01,6.0696709666e-01,3.1568815010e+01
3.5449484594e+00,8.3894005993e+00,1.5209222158e+00,9.1342873992e-01,6.0749347591e-01,3.1639253386e+01
3.5459081098e+00,8.3942325251e+00,1.5226095438e+00,9.1458887939e-01,6.0802066439e-01,3.1709853957e+01
3.5468677602e+00,8.3990672338e+00,1.5242993005e+00,9.1575063729e-01,6.0854866320e-01,3.1780617099e+01
3.5478274105e+00,8.4039047272e+00,1.5259914892e+00,9.1691401578e-01,6.0907747341e-01,3.1851543186e+01
3.5487870609e+00,8.4087450067e+00,1.5276861131e+00,9.1807901699e-01,6.0960709612e-01,3.1922632595e+01
3.5497467113e+00,8.4135880740e+00,1.5293831755e+00,9.1924564309e-01,6.1013753242e-01,3.1993885704e+01
3.5507063616e+00,8.4184339307e+00,1.5310826796e+00,9.2041389622e-01,6.1066878340e-01,3.2065302891e+01
3.5516660120e+00,8.4232825784e+00,1.5327846287e+00,9.2158377856e-01,6.1120085015e-01,3.2136884535e+01
3.5526256624e+00,8.4281340187e+00,1.5344890260e+00,9.2275529225e-01,6.1173373377e-01,3.2208631015e+01
3.5535853127e+00,8.4329882532e+00,1.5361958748e+00,9.2392843946e-01,6.1226743535e-01,3.2280542712e+01
3.5545449631e+00,8.4378452836e+00,1.5379051783e+00,9.2510322236e-01,6.1280195599e-01,3.2352620009e+01
3.5555046135e+00,8.4427051113e+00,1.5396169399e+00,9.2627964311e-01,6.1333729679e-01,3.2424863288e+01
3.5564642638e+00,8.4475677382e+00,1.5413311628e+00,9.2745770390e-01,6.1387345885e-01,3.2497272932e+01
3.5574239142e+00,8.4524331657e+00,1.5430478502e+00,9.2863740690e-01,6.1441044328e-01,3.2569849326e+01
3.5583835646e+00,8.4573013954e+00,1.5447670054e+00,9.2981875429e-01,6.1494825116e-01,3.2642592854e+01
3.5593432149e+00,8.4621724291e+00,1.5464886319e+00,9.3100174824e-01,6.1548688362e-01,3.2715503904e+01
3.5603028653e+00,8.4670462682e+00,1.5482127327e+00,9.3218639095e-01,6.1602634174e-01,3.2788582861e+01
3.5612625157e+00,8.4719229145e+00,1.5499393112e+00,9.3337268459e-01,6.1656662666e-01,3.2861830115e+01
3.5622221660e+00,8.4768023695e+00,1.5516683708e+00,9.3456063137e-01,6.1710773946e-01,3.2935246053e+01
3.5631818164e+00,8.4816846349e+00,1.5533999147e+00,9.3575023347e-01,6.1764968126e-01,3.3008831066e+01
3.5641414668e+00,8.4865697122e+00,1.5551339463e+00,9.3694149310e-01,6.1819245318e-01,3.3082585543e+01
3.5651011171e+00,8.4914576031e+00,1.5568704688e+00,9.3813441245e-01,6.1873605633e-01,3.3156509878e+01
3.5660607675e+00,8.4963483092e+00,1.5586094855e+00,9.3932899372e-01,6.1928049182e-01,3.3230604461e+01
3.5670204179e+00,8.5012418322e+00,1.5603509999e+00,9.4052523912e-01,6.1982576076e-01,3.3304869687e+01
3.5679800682e+00,8.5061381736e+00,1.5620950151e+00,9.4172315086e-01,6.2037186429e-01,3.3379305949e+01
3.5689397186e+00,8.5110373351e+00,1.5638415347e+00,9.4292273115e-01,6.2091880351e-01,3.3453913643e+01
3.5698993690e+00,8.5159393183e+00,1.5655905617e+00,9.4412398220e-01,6.2146657954e-01,3.3528693164e+01
3.5708590194e+00,8.5208441248e+00,1.5673420998e+00,9.4532690624e-01,6.2201519352e-01,3.3603644911e+01
3.5718186697e+00,8.5257517562e+00,1.5690961520e+00,9.4653150548e-01,6.2256464655e-01,3.3678769280e+01
3.5727783201e+00,8.5306622143e+00,1.5708527219e+00,9.4773778215e-01,6.2311493978e-01,3.3754066670e+01
3.5737379705e+00,8.5355755005e+00,1.5726118128e+00,9.4894573847e-01,6.2366607431e-01,3.3829537482e+01
3.5746976208e+00,8.5404916166e+00,1.5743734280e+00,9.5015537667e-01,6.2421805130e-01,3.3905182115e+01
3.5756572712e+00,8.5454105642e+00,1.5761375708e+00,9.5136669899e-01,6.2477087185e-01,3.3981000972e+01
3.5766169216e+00,8.5503323448e+00,1.5779042448e+00,9.5257970766e-01,6.2532453711e-01,3.4056994454e+01
3.5775765719e+00,8.5552569602e+00,1.5796734531e+00,9.5379440493e-01,6.2587904820e-01,3.4133162966e+01
3.5785362223e+00,8.5601844120e+00,1.5814451993e+00,9.5501079302e-01,6.2643440626e-01,3.4209506912e+01
3.5794958727e+00,8.5651147017e+00,1.5832194866e+00,9.5622887419e-01,6.2699061243e-01,3.4286026697e+01
3.5804555230e+00,8.5700478311e+00,1.5849963185e+00,9.5744865069e-01,6.2754766784e-01,3.4362722726e+01
3.5814151734e+00,8.5749838017e+00,1.5867756984e+00,9.5867012476e-01,6.2810557364e-01,3.4439595409e+01
3.5823748238e+00,8.5799226153e+00,1.5885576296e+00,9.5989329866e-01,6.2866433095e-01,3.4516645151e+01
3.5833344741e+00,8.5848642734e+00,1.5903421156e+00,9.6111817465e-01,6.2922394093e-01,3.4593872364e+01
3.5842941245e+00,8.5898087776e+00,1.5921291597e+00,9.6234475498e-01,6.2978440472e-01,3.4671277455e+01
3.5852537749e+00,8.5947561297e+00,1.5939187654e+00,9.6357304193e-01,6.3034572346e-01,3.4748860838e+01
3.5862134252e+00,8.5997063312e+00,1.5957109361e+00,9.6480303776e-01,6.3090789830e-01,3.4826622923e+01
3.5871730756e+00,8.6046593838e+00,1.5975056751e+00,9.6603474473e-01,6.3147093038e-01,3.4904564123e+01
3.5881327260e+00,8.6096152892e+00,1.5993029860e+00,9.6726816511e-01,6.3203482085e-01,3.4982684852e+01
3.5890923763e+00,8.6145740490e+00,1.6011028721e+00,9.6850330120e-01,6.3259957088e-01,3.5060985525e+01
3.5900520267e+00,8.6195356648e+00,1.6029053369e+00,9.6974015525e-01,6.3316518160e-01,3.5139466558e+01
3.5910116771e+00,8.6245001382e+00,1.6047103837e+00,9.7097872956e-01,6.3373165417e-01,3.5218128367e+01
3.5919713274e+00,8.6294674710e+00,1.6065180162e+00,9.7221902641e-01,6.3429898975e-01,3.5296971369e+01
3.5929309778e+00,8.6344376647e+00,1.6083282376e+00,9.7346104809e-01,6.3486718950e-01,3.5375995985e+01
3.5938906282e+00,8.6394107211e+00,1.6101410514e+00,9.7470479688e-01,6.3543625456e-01,3.5455202632e+01
3.5948502786e+00,8.6443866417e+00,1.6119564612e+00,9.7595027509e-01,6.3600618611e-01,3.5534591732e+01
3.5958099289e+00,8.6493654282e+00,1.6137744703e+00,9.7719748501e-01,6.3657698530e-01,3.5614163706e+01
3.5967695793e+00,8.6543470823e+00,1.6155950822e+00,9.7844642893e-01,6.3714865330e-01,3.5693918977e+01
3.5977292297e+00,8.6593316056e+00,1.6174183004e+00,9.7969710917e-01,6.3772119128e-01,3.5773857968e+01
3.5986888800e+00,8.6643189998e+00,1.6192441284e+00,9.8094952803e-01,6.3829460039e-01,3.5853981103e+01
3.5996485304e+00,8.6693092664e+00,1.6210725696e+00,9.8220368782e-01,6.3886888180e-01,3.5934288808e+01
3.6006081808e+00,8.6743024073e+00,1.6229036275e+00,9.8345959086e-01,6.3944403669e-01,3.6014781510e+01
3.6015678311e+00,8.6792984240e+00,1.6247373057e+00,9.8471723945e-01,6.4002006622e-01,3.6095459635e+01
3.6025274815e+00,8.6842973182e+00,1.6265736075e+00,9.8597663592e-01,6.4059697158e-01,3.6176323613e+01
3.6034871319e+00,8.6892990915e+00,1.6284125365e+00,9.8723778258e-01,6.4117475392e-01,3.6257373872e+01
3.6044467822e+00,8.6943037456e+00,1.6302540962e+00,9.8850068178e-01,6.4175341443e-01,3.6338610843e+01
3.6054064326e+00,8.6993112822e+00,1.6320982901e+00,9.8976533583e-01,6.4233295428e-01,3.6420034957e+01
3.6063660830e+00,8.7043217029e+00,1.6339451217e+00,9.9103174706e-01,6.4291337466e-01,3.6501646647e+01
3.6073257333e+00,8.7093350094e+00,1.6357945946e+00,9.9229991781e-01,6.4349467674e-01,3.6583446345e+01
3.6082853837e+00,8.7143512033e+00,1.6376467121e+00,9.9356985043e-01,6.4407686170e-01,3.6665434487e+01
3.6092450341e+00,8.7193702863e+00,1.6395014780e+00,9.9484154724e-01,6.4465993073e-01,3.6747611508e+01
3.6102046844e+00,8.7243922601e+00,1.6413588956e+00,9.9611501060e-01,6.4524388501e-01,3.6829977843e+01
3.6111643348e+00,8.7294171264e+00,1.6432189686e+00,9.9739024285e-01,6.4582872573e-01,3.6912533931e+01
3.6121239852e+00,8.7344448867e+00,1.6450817004e+00,9.9866724634e-01,6.4641445408e-01,3.6995280210e+01
3.6130836355e+00,8.7394755428e+00,1.6469470947e+00,9.9994602343e-01,6.4700107124e-01,3.7078217119e+01
3.6140432859e+00,8.7445090964e+00,1.6488151549e+00,1.0012265765e+00,6.4758857841e-01,3.7161345098e+01
3.6150029363e+00,8.7495455490e+00,1.6506858846e+00,1.0025089078e+00,6.4817697677e-01,3.7244664589e+01
3.6159625866e+00,8.7545849025e+00,1.6525592874e+00,1.0037930199e+00,6.4876626753e-01,3.7328176035e+01
3.6169222370e+00,8.7596271583e+00,1.6544353668e+00,1.0050789149e+00,6.4935645188e-01,3.7411879878e+01
3.6178818874e+00,8.7646723183e+00,1.6563141265e+00,1.0063665954e+00,6.4994753102e-01,3.7495776564e+01
3.6188415378e+00,8.7697203841e+00,1.6581955699e+00,1.0076560637e+00,6.5053950614e-01,3.7579866537e+01
3.6198011881e+00,8.7747713574e+00,1.6600797006e+00,1.0089473222e+00,6.5113237845e-01,3.7664150246e+01
3.6207608385e+00,8.7798252397e+00,1.6619665223e+00,1.0102403732e+00,6.5172614915e-01,3.7748628136e+01
3.6217204889e+00,8.7848820329e+00,1.6638560385e+00,1.0115352191e+00,6.5232081944e-01,3.7833300656e+01
3.6226801392e+00,8.7899417386e+00,1.6657482528e+00,1.0128318623e+00,6.5291639052e-01,3.7918168257e+01
3.6236397896e+00,8.7950043585e+00,1.6676431689e+00,1.0141303052e+00,6.5351286361e-01,3.8003231389e+01
3.6245994400e+00,8.8000698942e+00,1.6695407902e+00,1.0154305503e+00,6.5411023992e-01,3.8088490503e+01
3.6255590903e+00,8.8051383474e+00,1.6714411204e+00,1.0167325998e+00,6.5470852064e-01,3.8173946053e+01
3.6265187407e+00,8.8102097199e+00,1.6733441632e+00,1.0180364562e+00,6.5530770700e-01,3.8259598492e+01
3.6274783911e+00,8.8152840132e+00,1.6752499221e+00,1.0193421219e+00,6.5590780021e-01,3.8345448276e+01
3.6284380414e+00,8.8203612291e+00,1.6771584008e+00,1.0206495993e+00,6.5650880148e-01,3.8431495859e+01
3.6293976918e+00,8.8254413692e+00,1.6790696028e+00,1.0219588908e+00,6.5711071204e-01,3.8517741699e+01
3.6303573422e+00,8.8305244353e+00,1.6809835319e+00,1.0232699988e+00,6.5771353308e-01,3.8604186254e+01
3.6313169925e+00,8.8356104290e+00,1.6829001916e+00,1.0245829258e+00,6.5831726585e-01,3.8690829984e+01
3.6322766429e+00,8.8406993520e+00,1.6848195856e+00,1.0258976741e+00,6.5892191156e-01,3.8777673347e+01
3.6332362933e+00,8.8457912061e+00,1.6867417176e+00,1.0272142462e+00,6.5952747142e-01,3.8864716806e+01
3.6341959436e+00,8.8508859927e+00,1.6886665911e+00,1.0285326444e+00,6.6013394667e-01,3.8951960823e+01
3.6351555940e+00,8.8559837138e+00,1.6905942099e+00,1.0298528714e+00,6.6074133854e-01,3.9039405861e+01
3.6361152444e+00,8.8610843709e+00,1.6925245776e+00,1.0311749293e+00,6.6134964825e-01,3.9127052384e+01
3.6370748947e+00,8.8661879658e+00,1.6944576978e+00,1.0324988208e+00,6.6195887702e-01,3.9214900858e+01
3.6380345451e+00,8.8712945002e+00,1.6963935743e+00,1.0338245482e+00,6.6256902610e-01,3.9302951750e+01
3.6389941955e+00,8.8764039756e+00,1.6983322107e+00,1.0351521140e+00,6.6318009671e-01,3.9391205527e+01
3.6399538458e+00,8.8815163939e+00,1.7002736106e+00,1.0364815205e+00,6.6379209009e-01,3.9479662657e+01
3.6409134962e+00,8.8866317568e+00,1.7022177779e+00,1.0378127704e+00,6.6440500748e-01,3.9568323611e+01
3.6418731466e+00,8.8917500658e+00,1.7041647161e+00,1.0391458660e+00,6.6501885010e-01,3.9657188860e+01
3.6428327970e+00,8.8968713228e+00,1.7061144290e+00,1.0404808097e+00,6.6563361921e-01,3.9746258875e+01
3.6437924473e+00,8.9019955294e+00,1.7080669202e+00,1.0418176041e+00,6.6624931604e-01,3.9835534130e+01
3.6447520977e+00,8.9071226873e+00,1.7100221935e+00,1.0431562516e+00,6.6686594184e-01,3.9925015099e+01
3.6457117481e+00,8.9122527982e+00,1.7119802525e+00,1.0444967547e+00,6.6748349784e-01,4.0014702256e+01
3.6466713984e+00,8.9173858639e+00,1.7139411010e+00,1.0458391157e+00,6.6810198530e-01,4.0104596079e+01
3.6476310488e+00,8.9225218860e+00,1.7159047428e+00,1.0471833373e+00,6.6872140546e-01,4.0194697044e+01
3.6485906992e+00,8.9276608662e+00,1.7178711814e+00,1.0485294218e+00,6.6934175958e-01,4.0285005631e+01
3.6495503495e+00,8.9328028062e+00,1.7198404207e+00,1.0498773718e+00,6.6996304889e-01,4.0375522319e+01
3.6505099999e+00,8.9379477077e+00,1.7218124644e+00,1.0512271898e+00,6.7058527467e-01,4.0466247588e+01
3.6514696503e+00,8.9430955725e+00,1.7237873163e+00,1.0525788781e+00,6.7120843815e-01,4.0557181921e+01
3.6524293006e+00,8.9482464022e+00,1.7257649800e+00,1.0539324394e+00,6.7183254059e-01,4.0648325801e+01
3.6533889510e+00,8.9534001986e+00,1.7277454593e+00,1.0552878760e+00,6.7245758327e-01,4.0739679711e+01
3.6543486014e+00,8.9585569634e+00,1.7297287580e+00,1.0566451906e+00,6.7308356742e-01,4.0831244137e+01
3.6553082517e+00,8.9637166982e+00,1.7317148798e+00,1.0580043855e+00,6.7371049431e-01,4.0923019565e+01
3.6562679021e+00,8.9688794048e+00,1.7337038286e+00,1.0593654634e+00,6.7433836521e-01,4.1015006483e+01
3.6572275525e+00,8.9740450849e+00,1.7356956080e+00,1.0607284266e+00,6.7496718138e-01,4.1107205380e+01
3.6581872028e+00,8.9792137401e+00,1.7376902219e+00,1.0620932778e+00,6.7559694409e-01,4.1199616744e+01
3.6591468532e+00,8.9843853723e+00,1.7396876739e+00,1.0634600193e+00,6.7622765460e-01,4.1292241067e+01
3.6601065036e+00,8.9895599832e+00,1.7416879680e+00,1.0648286539e+00,6.7685931418e-01,4.1385078841e+01
3.6610661539e+00,8.9947375744e+00,1.7436911079e+00,1.0661991838e+00,6.7749192411e-01,4.1478130559e+01
3.6620258043e+00,8.9999181476e+00,1.7456970974e+00,1.0675716118e+00,6.7812548565e-01,4.1571396715e+01
3.6629854547e+00,9.0051017047e+00,1.7477059403e+00,1.0689459402e+00,6.7876000008e-01,4.1664877804e+01
3.6639451050e+00,9.0102882472e+00,1.7497176404e+00,1.0703221717e+00,6.7939546868e-01,4.1758574324e+01
3.6649047554e+00,9.0154777770e+00,1.7517322015e+00,1.0717003087e+00,6.8003189272e-01,4.1852486772e+01
3.6658644058e+00,9.0206702957e+00,1.7537496274e+00,1.0730803539e+00,6.8066927348e-01,4.1946615646e+01
3.6668240562e+00,9.0258658050e+00,1.7557699219e+00,1.0744623097e+00,6.8130761225e-01,4.2040961447e+01
3.6677837065e+00,9.0310643068e+00,1.7577930890e+00,1.0758461787e+00,6.8194691031e-01,4.2135524676e+01
3.6687433569e+00,9.0362658026e+00,1.7598191323e+00,1.0772319634e+00,6.8258716894e-01,4.2230305835e+01
3.6697030073e+00,9.0414702943e+00,1.7618480558e+00,1.0786196664e+00,6.8322838943e-01,4.2325305427e+01
3.6706626576e+00,9.0466777835e+00,1.7638798632e+00,1.0800092902e+00,6.8387057306e-01,4.2420523958e+01
3.6716223080e+00,9.0518882721e+00,1.7659145585e+00,1.0814008374e+00,6.8451372113e-01,4.2515961933e+01
3.6725819584e+00,9.0571017616e+00,1.7679521455e+00,1.0827943105e+00,6.8515783492e-01,4.2611619858e+01
3.6735416087e+00,9.0623182539e+00,1.7699926279e+00,1.0841897122e+00,6.8580291573e-01,4.2707498243e+01
3.6745012591e+00,9.0675377506e+00,1.7720360098e+00,1.0855870450e+00,6.8644896486e-01,4.2803597596e+01
3.6754609095e+00,9.0727602536e+00,1.7740822950e+00,1.0869863114e+00,6.8709598360e-01,4.2899918428e+01
3.6764205598e+00,9.0779857645e+00,1.7761314873e+00,1.0883875140e+00,6.8774397325e-01,4.2996461251e+01
3.6773802102e+00,9.0832142850e+00,1.7781835906e+00,1.0897906554e+00,6.8839293511e-01,4.3093226577e+01
3.6783398606e+00,9.0884458170e+00,1.7802386087e+00,1.0911957383e+00,6.8904287048e-01,4.3190214920e+01
3.6792995109e+00,9.0936803621e+00,1.7822965457e+00,1.0926027651e+00,6.8969378066e-01,4.3287426796e+01
3.6802591613e+00,9.0989179220e+00,1.7843574054e+00,1.0940117384e+00,6.9034566697e-01,4.3384862721e+01
3.6812188117e+00,9.1041584986e+00,1.7864211916e+00,1.0954226609e+00,6.9099853070e-01,4.3482523213e+01
3.6821784620e+00,9.1094020934e+00,1.7884879083e+00,1.0968355351e+00,6.9165237316e-01,4.3580408790e+01
3.6831381124e+00,9.1146487084e+00,1.7905575594e+00,1.0982503637e+00,6.9230719567e-01,4.3678519973e+01
3.6840977628e+00,9.1198983452e+00,1.7926301488e+00,1.0996671492e+00,6.9296299954e-01,4.3776857282e+01
3.6850574131e+00,9.1251510056e+00,1.7947056804e+00,1.1010858943e+00,6.9361978607e-01,4.3875421241e+01
3.6860170635e+00,9.1304066912e+00,1.7967841581e+00,1.1025066016e+00,6.9427755660e-01,4.3974212371e+01
3.6869767139e+00,9.1356654039e+00,1.7988655860e+00,1.1039292736e+00,6.9493631242e-01,4.4073231200e+01
3.6879363642e+00,9.1409271454e+00,1.8009499678e+00,1.1053539130e+00,6.9559605487e-01,4.4172478251e+01
3.6888960146e+00,9.1461919174e+00,1.8030373076e+00,1.1067805224e+00,6.9625678527e-01,4.4271954054e+01
3.6898556650e+00,9.1514597217e+00,1.8051276093e+00,1.1082091044e+00,6.9691850493e-01,4.4371659136e+01
3.6908153154e+00,9.1567305600e+00,1.8072208769e+00,1.1096396617e+00,6.9758121518e-01,4.4471594026e+01
3.6917749657e+00,9.1620044341e+00,1.8093171142e+00,1.1110721969e+00,6.9824491734e-01,4.4571759256e+01
3.6927346161e+00,9.1672813457e+00,1.8114163253e+00,1.1125067126e+00,6.9890961275e-01,4.4672155358e+01
3.6936942665e+00,9.1725612966e+00,1.8135185142e+00,1.1139432114e+00,6.9957530274e-01,4.4772782866e+01
3.6946539168e+00,9.1778442885e+00,1.8156236847e+00,1.1153816961e+00,7.0024198863e-01,4.4873642313e+01
3.6956135672e+00,9.1831303232e+00,1.8177318409e+00,1.1168221692e+00,7.0090967176e-01,4.4974734235e+01
3.6965732176e+00,9.1884194023e+00,1.8198429868e+00,1.1182646334e+00,7.0157835346e-01,4.5076059171e+01
3.6975328679e+00,9.1937115278e+00,1.8219571264e+00,1.1197090913e+00,7.0224803507e-01,4.5177617657e+01
3.6984925183e+00,9.1990067013e+00,1.8240742636e+00,1.1211555457e+00,7.0291871793e-01,4.5279410234e+01
3.6994521687e+00,9.2043049246e+00,1.8261944025e+00,1.1226039991e+00,7.0359040338e-01,4.5381437442e+01
3.7004118190e+00,9.2096061994e+00,1.8283175470e+00,1.1240544542e+00,7.0426309276e-01,4.5483699824e+01
3.7013714694e+00,9.2149105276e+00,1.8304437012e+00,1.1255069137e+00,7.0493678741e-01,4.5586197922e+01
3.7023311198e+00,9.2202179107e+00,1.8325728690e+00,1.1269613803e+00,7.0561148869e-01,4.5688932282e+01
3.7032907701e+00,9.2255283508e+00,1.8347050546e+00,1.1284178566e+00,7.0628719793e-01,4.5791903448e+01
3.7042504205e+00,9.2308418493e+00,1.8368402618e+00,1.1298763454e+00,7.0696391649e-01,4.5895111969e+01
3.7052100709e+00,9.2361584083e+00,1.8389784949e+00,1.1313368492e+00,7.0764164571e-01,4.5998558392e+01
3.7061697212e+00,9.2414780293e+00,1.8411197577e+00,1.1327993707e+00,7.0832038696e-01,4.6102243267e+01
3.7071293716e+00,9.2468007142e+00,1.8432640544e+00,1.1342639128e+00,7.0900014158e-01,4.6206167145e+01
3.7080890220e+00,9.2521264648e+00,1.8454113889e+00,1.1357304780e+00,7.0968091093e-01,4.6310330578e+01
3.7090486723e+00,9.2574552827e+00,1.8475617654e+00,1.1371990690e+00,7.1036269637e-01,4.6414734119e+01
3.7100083227e+00,9.2627871698e+00,1.8497151879e+00,1.1386696886e+00,7.1104549926e-01,4.6519378324e+01
3.7109679731e+00,9.2681221278e+00,1.8518716605e+00,1.1401423395e+00,7.1172932097e-01,4.6624263747e+01
3.7119276234e+00,9.2734601585e+00,1.8540311871e+00,1.1416170243e+00,7.1241416284e-01,4.6729390947e+01
3.7128872738e+00,9.2788012638e+00,1.8561937720e+00,1.1430937458e+00,7.1310002626e-01,4.6834760482e+01
3.7138469242e+00,9.2841454452e+00,1.8583594192e+00,1.1445725066e+00,7.1378691258e-01,4.6940372911e+01
3.7148065746e+00,9.2894927047e+00,1.8605281327e+00,1.1460533096e+00,7.1447482318e-01,4.7046228796e+01
3.7157662249e+00,9.2948430439e+00,1.8626999168e+00,1.1475361573e+00,7.1516375943e-01,4.7152328700e+01
3.7167258753e+00,9.3001964647e+00,1.8648747753e+00,1.1490210526e+00,7.1585372269e-01,4.7258673185e+01
3.7176855257e+00,9.3055529688e+00,1.8670527126e+00,1.1505079982e+00,7.1654471435e-01,4.7365262818e+01
3.7186451760e+00,9.3109125581e+00,1.8692337326e+00,1.1519969968e+00,7.1723673578e-01,4.7472098163e+01
3.7196048264e+00,9.3162752342e+00,1.8714178395e+00,1.1534880511e+00,7.1792978836e-01,4.7579179790e+01
3.7205644768e+00,9.3216409990e+00,1.8736050374e+00,1.1549811639e+00,7.1862387347e-01,4.7686508267e+01
3.7215241271e+00,9.3270098543e+00,1.8757953305e+00,1.1564763380e+00,7.1931899249e-01,4.7794084163e+01
3.7224837775e+00,9.3323818018e+00,1.8779887228e+00,1.1579735760e+00,7.2001514681e-01,4.7901908052e+01
3.7234434279e+00,9.3377568432e+00,1.8801852185e+00,1.1594728807e+00,7.2071233780e-01,4.8009980505e+01
3.7244030782e+00,9.3431349805e+00,1.8823848217e+00,1.1609742548e+00,7.2141056686e-01,4.8118302097e+01
3.7253627286e+00,9.3485162153e+00,1.8845875366e+00,1.1624777013e+00,7.2210983537e-01,4.8226873403e+01
3.7263223790e+00,9.3539005495e+00,1.8867933674e+00,1.1639832227e+00,7.2281014474e-01,4.8335695001e+01
3.7272820293e+00,9.3592879849e+00,1.8890023182e+00,1.1654908218e+00,7.2351149634e-01,4.8444767468e+01
3.7282416797e+00,9.3646785231e+00,1.8912143931e+00,1.1670005015e+00,7.2421389158e-01,4.8554091384e+01
3.7292013301e+00,9.3700721661e+00,1.8934295963e+00,1.1685122645e+00,7.2491733185e-01,4.8663667330e+01
3.7301609804e+00,9.3754689155e+00,1.8956479321e+00,1.1700261136e+00,7.2562181855e-01,4.8773495888e+01
3.7311206308e+00,9.3808687733e+00,1.8978694046e+00,1.1715420515e+00,7.2632735308e-01,4.8883577642e+01
3.7320802812e+00,9.3862717411e+00,1.9000940179e+00,1.1730600810e+00,7.2703393684e-01,4.8993913177e+01
3.7330399315e+00,9.3916778209e+00,1.9023217763e+00,1.1745802050e+00,7.2774157124e-01,4.9104503078e+01
3.7339995819e+00,9.3970870142e+00,1.9045526839e+00,1.1761024262e+00,7.2845025768e-01,4.9215347934e+01
3.7349592323e+00,9.4024993231e+00,1.9067867450e+00,1.1776267475e+00,7.2915999757e-01,4.9326448333e+01
3.7359188826e+00,9.4079147492e+00,1.9090239638e+00,1.1791531715e+00,7.2987079232e-01,4.9437804867e+01
3.7368785330e+00,9.4133332943e+00,1.9112643445e+00,1.1806817012e+00,7.3058264334e-01,4.9549418125e+01
3.7378381834e+00,9.4187549603e+00,1.9135078913e+00,1.1822123392e+00,7.3129555205e-01,4.9661288702e+01
3.7387978338e+00,9.4241797489e+00,1.9157546084e+00,1.1837450886e+00,7.3200951985e-01,4.9773417193e+01
3.7397574841e+00,9.4296076619e+00,1.9180045001e+00,1.1852799519e+00,7.3272454818e-01,4.9885804192e+01
3.7407171345e+00,9.4350387012e+00,1.9202575706e+00,1.1868169322e+00,7.3344063844e-01,4.9998450297e+01
3.7416767849e+00,9.4404728686e+00,1.9225138241e+00,1.1883560321e+00,7.3415779205e-01,5.0111356107e+01
3.7426364352e+00,9.4459101658e+00,1.9247732650e+00,1.1898972545e+00,7.3487601045e-01,5.0224522221e+01
3.7435960856e+00,9.4513505946e+00,1.9270358974e+00,1.1914406023e+00,7.3559529505e-01,5.0337949241e+01
3.7445557360e+00,9.4567941569e+00,1.9293017256e+00,1.1929860783e+00,7.3631564728e-01,5.0451637770e+01
3.7455153863e+00,9.4622408544e+00,1.9315707538e+00,1.1945336853e+00,7.3703706858e-01,5.0565588411e+01
3.7464750367e+00,9.4676906890e+00,1.9338429865e+00,1.1960834261e+00,7.3775956036e-01,5.0679801771e+01
3.7474346871e+00,9.4731436624e+00,1.9361184277e+00,1.1976353036e+00,7.3848312406e-01,5.0794278455e+01
3.7483943374e+00,9.4785997765e+00,1.9383970819e+00,1.1991893207e+00,7.3920776113e-01,5.0909019074e+01
3.7493539878e+00,9.4840590331e+00,1.9406789532e+00,1.2007454802e+00,7.3993347298e-01,5.1024024235e+01
3.7503136382e+00,9.4895214340e+00,1.9429640461e+00,1.2023037850e+00,7.4066026107e-01,5.1139294550e+01
3.7512732885e+00,9.4949869810e+00,1.9452523647e+00,1.2038642379e+00,7.4138812683e-01,5.1254830633e+01
3.7522329389e+00,9.5004556759e+00,1.9475439134e+00,1.2054268417e+00,7.4211707170e-01,5.1370633096e+01
3.7531925893e+00,9.5059275206e+00,1.9498386966e+00,1.2069915995e+00,7.4284709712e-01,5.1486702555e+01
3.7541522396e+00,9.5114025167e+00,1.9521367185e+00,1.2085585139e+00,7.4357820455e-01,5.1603039627e+01
3.7551118900e+00,9.5168806663e+00,1.9544379834e+00,1.2101275880e+00,7.4431039543e-01,5.1719644930e+01
3.7560715404e+00,9.5223619710e+00,1.9567424957e+00,1.2116988245e+00,7.4504367121e-01,5.1836519084e+01
3.7570311907e+00,9.5278464327e+00,1.9590502597e+00,1.2132722264e+00,7.4577803334e-01,5.1953662710e+01
3.7579908411e+00,9.5333340532e+00,1.9613612798e+00,1.2148477965e+00,7.4651348328e-01,5.2071076430e+01
3.7589504915e+00,9.5388248343e+00,1.9636755603e+00,1.2164255378e+00,7.4725002247e-01,5.2188760868e+01
3.7599101418e+00,9.5443187779e+00,1.9659931055e+00,1.2180054532e+00,7.4798765239e-01,5.2306716650e+01
3.7608697922e+00,9.5498158858e+00,1.9683139199e+00,1.2195875454e+00,7.4872637448e-01,5.2424944403e+01
3.7618294426e+00,9.5553161597e+00,1.9706380077e+00,1.2211718175e+00,7.4946619020e-01,5.2543444754e+01
3.7627890930e+00,9.5608196016e+00,1.9729653734e+00,1.2227582724e+00,7.5020710103e-01,5.2662218334e+01
3.7637487433e+00,9.5663262132e+00,1.9752960214e+00,1.2243469129e+00,7.5094910843e-01,5.2781265773e+01
3.7647083937e+00,9.5718359964e+00,1.9776299559e+00,1.2259377420e+00,7.5169221385e-01,5.2900587705e+01
3.7656680441e+00,9.5773489529e+00,1.9799671814e+00,1.2275307626e+00,7.5243641878e-01,5.3020184763e+01
3.7666276944e+00,9.5828650847e+00,1.9823077023e+00,1.2291259776e+00,7.5318172469e-01,5.3140057583e+01
3.7675873448e+00,9.5883843935e+00,1.9846515230e+00,1.2307233900e+00,7.5392813304e-01,5.3260206802e+01
3.7685469952e+00,9.5939068812e+00,1.9869986479e+00,1.2323230026e+00,7.5467564531e-01,5.3380633058e+01
3.7695066455e+00,9.5994325497e+00,1.9893490815e+00,1.2339248185e+00,7.5542426297e-01,5.3501336992e+01
3.7704662959e+00,9.6049614006e+00,1.9917028280e+00,1.2355288405e+00,7.5617398752e-01,5.3622319245e+01
3.7714259463e+00,9.6104934360e+00,1.9940598920e+00,1.2371350716e+00,7.5692482042e-01,5.3743580460e+01
3.7723855966e+00,9.6160286575e+00,1.9964202778e+00,1.2387435147e+00,7.5767676316e-01,5.3865121281e+01
3.7733452470e+00,9.6215670671e+00,1.9987839900e+00,1.2403541728e+00,7.5842981723e-01,5.3986942354e+01
3.7743048974e+00,9.6271086666e+00,2.0011510330e+00,1.2419670489e+00,7.5918398411e-01,5.4109044327e+01
3.7752645477e+00,9.6326534578e+00,2.0035214111e+00,1.2435821458e+00,7.5993926529e-01,5.4231427848e+01
3.7762241981e+00,9.6382014425e+00,2.0058951289e+00,1.2451994667e+00,7.6069566226e-01,5.4354093568e+01
3.7771838485e+00,9.6437526227e+00,2.0082721908e+00,1.2468190143e+00,7.6145317651e-01,5.4477042139e+01
3.7781434988e+00,9.6493070000e+00,2.0106526013e+00,1.2484407918e+00,7.6221180955e-01,5.4600274214e+01
3.7791031492e+00,9.6548645765e+00,2.0130363649e+00,1.2500648020e+00,7.6297156285e-01,5.4723790448e+01
3.7800627996e+00,9.6604253539e+00,2.0154234860e+00,1.2516910480e+00,7.6373243793e-01,5.4847591498e+01
3.7810224499e+00,9.6659893340e+00,2.0178139691e+00,1.2533195328e+00,7.6449443629e-01,5.4971678021e+01
3.7819821003e+00,9.6715565187e+00,2.0202078187e+00,1.2549502592e+00,7.6525755942e-01,5.5096050677e+01
3.7829417507e+00,9.6771269099e+00,2.0226050393e+00,1.2565832304e+00,7.6602180884e-01,5.5220710127e+01
3.7839014010e+00,9.6827005094e+00,2.0250056354e+00,1.2582184493e+00,7.6678718604e-01,5.5345657033e+01
3.7848610514e+00,9.6882773191e+00,2.0274096115e+00,1.2598559189e+00,7.6755369254e-01,5.5470892060e+01
3.7858207018e+00,9.6938573407e+00,2.0298169721e+00,1.2614956422e+00,7.6832132984e-01,5.5596415873e+01
3.7867803522e+00,9.6994405762e+00,2.0322277218e+00,1.2631376223e+00,7.6909009947e-01,5.5722229138e+01
3.7877400025e+00,9.7050270274e+00,2.0346418650e+00,1.2647818621e+00,7.6986000293e-01,5.5848332526e+01
3.7886996529e+00,9.7106166961e+00,2.0370594063e+00,1.2664283646e+00,7.7063104174e-01,5.5974726706e+01
3.7896593033e+00,9.7162095843e+00,2.0394803503e+00,1.2680771329e+00,7.7140321743e-01,5.6101412349e+01
3.7906189536e+00,9.7218056937e+00,2.0419047015e+00,1.2697281700e+00,7.7217653150e-01,5.6228390129e+01
3.7915786040e+00,9.7274050262e+00,2.0443324644e+00,1.2713814789e+00,7.7295098549e-01,5.6355660721e+01
3.7925382544e+00,9.7330075837e+00,2.0467636435e+00,1.2730370626e+00,7.7372658092e-01,5.6483224801e+01
3.7934979047e+00,9.7386133680e+00,2.0491982436e+00,1.2746949242e+00,7.7450331931e-01,5.6611083048e+01
3.7944575551e+00,9.7442223810e+00,2.0516362690e+00,1.2763550668e+00,7.7528120220e-01,5.6739236140e+01
3.7954172055e+00,9.7498346245e+00,2.0540777244e+00,1.2780174933e+00,7.7606023111e-01,5.6867684759e+01
3.7963768558e+00,9.7554501005e+00,2.0565226145e+00,1.2796822069e+00,7.7684040758e-01,5.6996429588e+01
3.7973365062e+00,9.7610688107e+00,2.0589709436e+00,1.2813492105e+00,7.7762173314e-01,5.7125471310e+01
3.7982961566e+00,9.7666907570e+00,2.0614227166e+00,1.2830185072e+00,7.7840420934e-01,5.7254810612e+01
3.7992558069e+00,9.7723159414e+00,2.0638779379e+00,1.2846901002e+00,7.7918783770e-01,5.7384448181e+01
3.8002154573e+00,9.7779443656e+00,2.0663366121e+00,1.2863639923e+00,7.7997261978e-01,5.7514384706e+01
3.8011751077e+00,9.7835760315e+00,2.0687987439e+00,1.2880401868e+00,7.8075855711e-01,5.7644620877e+01
3.8021347580e+00,9.7892109410e+00,2.0712643379e+00,1.2897186867e+00,7.8154565123e-01,5.7775157388e+01
3.8030944084e+00,9.7948490960e+00,2.0737333988e+00,1.2913994950e+00,7.8233390371e-01,5.7905994931e+01
3.8040540588e+00,9.8004904983e+00,2.0762059310e+00,1.2930826150e+00,7.8312331608e-01,5.8037134202e+01
3.8050137091e+00,9.8061351498e+00,2.0786819394e+00,1.2947680495e+00,7.8391388989e-01,5.8168575897e+01
3.8059733595e+00,9.8117830523e+00,2.0811614285e+00,1.2964558017e+00,7.8470562671e-01,5.8300320717e+01
3.8069330099e+00,9.8174342078e+00,2.0836444029e+00,1.2981458748e+00,7.8549852809e-01,5.8432369360e+01
3.8078926602e+00,9.8230886182e+00,2.0861308674e+00,1.2998382718e+00,7.8629259557e-01,5.8564722529e+01
3.8088523106e+00,9.8287462852e+00,2.0886208266e+00,1.3015329958e+00,7.8708783074e-01,5.8697380927e+01
3.8098119610e+00,9.8344072108e+00,2.0911142851e+00,1.3032300500e+00,7.8788423513e-01,5.8830345259e+01
3.8107716114e+00,9.8400713968e+00,2.0936112476e+00,1.3049294373e+00,7.8868181033e-01,5.8963616232e+01
3.8117312617e+00,9.8457388452e+00,2.0961117189e+00,1.3066311610e+00,7.8948055790e-01,5.9097194554e+01
3.8126909121e+00,9.8514095577e+00,2.0986157036e+00,1.3083352242e+00,7.9028047939e-01,5.9231080935e+01
3.8136505625e+00,9.8570835364e+00,2.1011232064e+00,1.3100416300e+00,7.9108157639e-01,5.9365276087e+01
3.8146102128e+00,9.8627607830e+00,2.1036342319e+00,1.3117503815e+00,7.9188385047e-01,5.9499780723e+01
3.8155698632e+00,9.8684412994e+00,2.1061487850e+00,1.3134614818e+00,7.9268730320e-01,5.9634595558e+01
3.8165295136e+00,9.8741250876e+00,2.1086668703e+00,1.3151749341e+00,7.9349193615e-01,5.9769721309e+01
3.8174891639e+00,9.8798121494e+00,2.1111884925e+00,1.3168907416e+00,7.9429775091e-01,5.9905158693e+01
3.8184488143e+00,9.8855024867e+00,2.1137136563e+00,1.3186089073e+00,7.9510474906e-01,6.0040908431e+01
3.8194084647e+00,9.8911961013e+00,2.1162423666e+00,1.3203294344e+00,7.9591293217e-01,6.0176971244e+01
3.8203681150e+00,9.8968929953e+00,2.1187746280e+00,1.3220523261e+00,7.9672230184e-01,6.0313347855e+01
3.8213277654e+00,9.9025931704e+00,2.1213104452e+00,1.3237775855e+00,7.9753285965e-01,6.0450038990e+01
3.8222874158e+00,9.9082966285e+00,2.1238498230e+00,1.3255052158e+00,7.9834460719e-01,6.0587045374e+01
3.8232470661e+00,9.9140033716e+00,2.1263927663e+00,1.3272352202e+00,7.9915754605e-01,6.0724367736e+01
3.8242067165e+00,9.9197134015e+00,2.1289392796e+00,1.3289676018e+00,7.9997167782e-01,6.0862006806e+01
3.8251663669e+00,9.9254267202e+00,2.1314893679e+00,1.3307023638e+00,8.0078700411e-01,6.0999963315e+01
3.8261260172e+00,9.9311433294e+00,2.1340430358e+00,1.3324395093e+00,8.0160352650e-01,6.1138237997e+01
3.8270856676e+00,9.9368632312e+00,2.1366002883e+00,1.3341790417e+00,8.0242124660e-01,6.1276831587e+01
3.8280453180e+00,9.9425864274e+00,2.1391611299e+00,1.3359209639e+00,8.0324016601e-01,6.1415744821e+01
3.8290049683e+00,9.9483129199e+00,2.1417255656e+00,1.3376652793e+00,8.0406028634e-01,6.1554978438e+01
3.8299646187e+00,9.9540427106e+00,2.1442936002e+00,1.3394119910e+00,8.0488160918e-01,6.1694533178e+01
3.8309242691e+00,9.9597758014e+00,2.1468652384e+00,1.3411611023e+00,8.0570413615e-01,6.1834409782e+01
3.8318839194e+00,9.9655121943e+00,2.1494404851e+00,1.3429126163e+00,8.0652786886e-01,6.1974608994e+01
3.8328435698e+00,9.9712518910e+00,2.1520193451e+00,1.3446665362e+00,8.0735280892e-01,6.2115131560e+01
3.8338032202e+00,9.9769948936e+00,2.1546018232e+00,1.3464228653e+00,8.0817895795e-01,6.2255978225e+01
3.8347628706e+00,9.9827412038e+00,2.1571879243e+00,1.3481816068e+00,8.0900631756e-01,6.2397149740e+01
3.8357225209e+00,9.9884908237e+00,2.1597776532e+00,1.3499427638e+00,8.0983488937e-01,6.2538646854e+01
3.8366821713e+00,9.9942437551e+00,2.1623710147e+00,1.3517063397e+00,8.1066467500e-01,6.2680470319e+01
3.8376418217e+00,1.0000000000e+01,2.1649680137e+00,1.3534723376e+00,8.1149567608e-01,6.2822620889e+01
