tau=beta*t,lambda,sigma_total_over_mu,sigma_surviving_over_mu,sigma_recrosslinked_over_mu,sigma_elastic_over_mu
0.0000000000e+00,1.0000000000e+00,0.0000000000e+00,0.0000000000e+00,0.0000000000e+00,0.0000000000e+00
1.4394755520e-03,1.0005759560e+00,2.3001760590e-03,2.2985217261e-03,1.6543329152e-06,2.3018327744e-03
2.8789511040e-03,1.0011522438e+00,4.5943832035e-03,4.5877744476e-03,6.6087558591e-06,4.6010014568e-03
4.3184266560e-03,1.0017288634e+00,6.8826201991e-03,6.8677721585e-03,1.4848040626e-05,6.8974942590e-03
5.7579022080e-03,1.0023058152e+00,9.1648858796e-03,9.1385288916e-03,2.6356987941e-05,9.1912994253e-03
7.1973777600e-03,1.0028830993e+00,1.1441179147e-02,1.1400058719e-02,4.1120427502e-05,1.1482405232e-02
8.6368533121e-03,1.0034607158e+00,1.3711498971e-02,1.3652375753e-02,5.9123218018e-05,1.3770799990e-02
1.0076328864e-02,1.0040386651e+00,1.5975844390e-02,1.5895494143e-02,8.0350247249e-05,1.6056472040e-02
1.1515804416e-02,1.0046169472e+00,1.8234214512e-02,1.8129428080e-02,1.0478643205e-04,1.8339409761e-02
1.2955279968e-02,1.0051955624e+00,2.0486608511e-02,2.0354191793e-02,1.3241671839e-04,2.0619601563e-02
1.4394755520e-02,1.0057745108e+00,2.2733025632e-02,2.2569799551e-02,1.6322608144e-04,2.2897035890e-02
1.5834231072e-02,1.0063537927e+00,2.4973465188e-02,2.4776265662e-02,1.9719952555e-04,2.5171701225e-02
1.7273706624e-02,1.0069334082e+00,2.7207926560e-02,2.6973604475e-02,2.3432208434e-04,2.7443586082e-02
1.8713182176e-02,1.0075133576e+00,2.9436409198e-02,2.9161830377e-02,2.7457882072e-04,2.9712679012e-02
2.0152657728e-02,1.0080936409e+00,3.1658912622e-02,3.1340957795e-02,3.1795482692e-04,3.1978968604e-02
2.1592133280e-02,1.0086742585e+00,3.3875436420e-02,3.3511001195e-02,3.6443522455e-04,3.4242443481e-02
2.3031608832e-02,1.0092552106e+00,3.6085980249e-02,3.5671975084e-02,4.1400516463e-04,3.6503092305e-02
2.4471084384e-02,1.0098364972e+00,3.8290543836e-02,3.7823894008e-02,4.6664982764e-04,3.8760903774e-02
2.5910559936e-02,1.0104181186e+00,4.0489126976e-02,3.9966772553e-02,5.2235442352e-04,4.1015866623e-02
2.7350035488e-02,1.0110000750e+00,4.2681729534e-02,4.2100625342e-02,5.8110419179e-04,4.3267969627e-02
2.8789511040e-02,1.0115823666e+00,4.4868351444e-02,4.4225467043e-02,6.4288440150e-04,4.5517201599e-02
3.0228986592e-02,1.0121649935e+00,4.7048992710e-02,4.6341312358e-02,7.0768035133e-04,4.7763551390e-02
3.1668462144e-02,1.0127479560e+00,4.9223653403e-02,4.8448176033e-02,7.7547736961e-04,5.0007007890e-02
3.3107937696e-02,1.0133312543e+00,5.1392333666e-02,5.0546072851e-02,8.4626081436e-04,5.2247560029e-02
3.4547413248e-02,1.0139148885e+00,5.3555033710e-02,5.2635017637e-02,9.2001607334e-04,5.4485196778e-02
3.5986888800e-02,1.0144988589e+00,5.5711753816e-02,5.4715025252e-02,9.9672856406e-04,5.6719907147e-02
3.7426364352e-02,1.0150831657e+00,5.7862494334e-02,5.6786110601e-02,1.0763837339e-03,5.8951680188e-02
3.8865839904e-02,1.0156678089e+00,6.0007255685e-02,5.8848288625e-02,1.1589670600e-03,6.1180504992e-02
4.0305315456e-02,1.0162527889e+00,6.2146038356e-02,6.0901574307e-02,1.2444640494e-03,6.3406370694e-02
4.1744791008e-02,1.0168381058e+00,6.4278842908e-02,6.2945982669e-02,1.3328602392e-03,6.5629266468e-02
4.3184266560e-02,1.0174237598e+00,6.6405669968e-02,6.4981528771e-02,1.4241411963e-03,6.7849181533e-02
4.4623742112e-02,1.0180097512e+00,6.8526520234e-02,6.7008227716e-02,1.5182925178e-03,7.0066105149e-02
4.6063217664e-02,1.0185960800e+00,7.0641394473e-02,6.9026094642e-02,1.6152998307e-03,7.2280026618e-02
4.7502693216e-02,1.0191827466e+00,7.2750293522e-02,7.1035144730e-02,1.7151487921e-03,7.4490935287e-02
4.8942168768e-02,1.0197697510e+00,7.4853218288e-02,7.3035393199e-02,1.8178250892e-03,7.6698820546e-02
5.0381644320e-02,1.0203570935e+00,7.6950169746e-02,7.5026855307e-02,1.9233144396e-03,7.8903671829e-02
5.1821119872e-02,1.0209447743e+00,7.9041148943e-02,7.7009546352e-02,2.0316025908e-03,8.1105478613e-02
5.3260595424e-02,1.0215327936e+00,8.1126156992e-02,7.8983481672e-02,2.1426753207e-03,8.3304230422e-02
5.4700070976e-02,1.0221211516e+00,8.3205195079e-02,8.0948676641e-02,2.2565184375e-03,8.5499916823e-02
5.6139546528e-02,1.0227098484e+00,8.5278264457e-02,8.2905146677e-02,2.3731177797e-03,8.7692527429e-02
5.7579022080e-02,1.0232988843e+00,8.7345366449e-02,8.4852907233e-02,2.4924592161e-03,8.9882051899e-02
5.9018497632e-02,1.0238882595e+00,8.9406502448e-02,8.6791973802e-02,2.6145286460e-03,9.2068479938e-02
6.0457973184e-02,1.0244779741e+00,9.1461673917e-02,8.8722361918e-02,2.7393119992e-03,9.4251801295e-02
6.1897448736e-02,1.0250680283e+00,9.3510882387e-02,9.0644087151e-02,2.8667952357e-03,9.6432005770e-02
6.3336924288e-02,1.0256584224e+00,9.5554129458e-02,9.2557165112e-02,2.9969643463e-03,9.8609083206e-02
6.4776399840e-02,1.0262491566e+00,9.7591416801e-02,9.4461611449e-02,3.1298053522e-03,1.0078302350e-01
6.6215875392e-02,1.0268402310e+00,9.9622746155e-02,9.6357441850e-02,3.2653043054e-03,1.0295381658e-01
6.7655350944e-02,1.0274316458e+00,1.0164811933e-01,9.8244672040e-02,3.4034472882e-03,1.0512145244e-01
6.9094826496e-02,1.0280234012e+00,1.0366753820e-01,1.0012331778e-01,3.5442204137e-03,1.0728592112e-01
7.0534302048e-02,1.0286154975e+00,1.0568100471e-01,1.0199339489e-01,3.6876098260e-03,1.0944721270e-01
7.1973777600e-02,1.0292079348e+00,1.0768852088e-01,1.0385491919e-01,3.8336016995e-03,1.1160531731e-01
7.3413253152e-02,1.0298007133e+00,1.0969008880e-01,1.0570790656e-01,3.9821822397e-03,1.1376022514e-01
7.4852728704e-02,1.0303938332e+00,1.1168571062e-01,1.0755237293e-01,4.1333376827e-03,1.1591192642e-01
7.6292204256e-02,1.0309872947e+00,1.1367538855e-01,1.0938833425e-01,4.2870542957e-03,1.1806041142e-01
7.7731679809e-02,1.0315810981e+00,1.1565912489e-01,1.1121580652e-01,4.4433183765e-03,1.2020567049e-01
7.9171155361e-02,1.0321752434e+00,1.1763692201e-01,1.1303480575e-01,4.6021162540e-03,1.2234769400e-01
8.0610630913e-02,1.0327697309e+00,1.1960878232e-01,1.1484534803e-01,4.7634342881e-03,1.2448647239e-01
8.2050106465e-02,1.0333645609e+00,1.2157470833e-01,1.1664744946e-01,4.9272588696e-03,1.2662199614e-01
8.3489582017e-02,1.0339597334e+00,1.2353470260e-01,1.1844112618e-01,5.0935764205e-03,1.2875425578e-01
8.4929057569e-02,1.0345552488e+00,1.2548876776e-01,1.2022639437e-01,5.2623733936e-03,1.3088324191e-01
8.6368533121e-02,1.0351511071e+00,1.2743690652e-01,1.2200327025e-01,5.4336362731e-03,1.3300894516e-01
8.7808008673e-02,1.0357473086e+00,1.2937912164e-01,1.2377177007e-01,5.6073515741e-03,1.3513135622e-01
8.9247484225e-02,1.0363438535e+00,1.3131541597e-01,1.2553191013e-01,5.7835058431e-03,1.3725046584e-01
9.0686959777e-02,1.0369407420e+00,1.3324579241e-01,1.2728370675e-01,5.9620856577e-03,1.3936626481e-01
9.2126435329e-02,1.0375379742e+00,1.3517025393e-01,1.2902717631e-01,6.1430776267e-03,1.4147874398e-01
9.3565910881e-02,1.0381355505e+00,1.3708880358e-01,1.3076233519e-01,6.3264683902e-03,1.4358789425e-01
9.5005386433e-02,1.0387334709e+00,1.3900144446e-01,1.3248919984e-01,6.5122446198e-03,1.4569370658e-01
9.6444861985e-02,1.0393317357e+00,1.4090817975e-01,1.3420778674e-01,6.7003930182e-03,1.4779617198e-01
9.7884337537e-02,1.0399303451e+00,1.4280901270e-01,1.3591811238e-01,6.8909003197e-03,1.4989528152e-01
9.9323813089e-02,1.0405292992e+00,1.4470394661e-01,1.3762019332e-01,7.0837532898e-03,1.5199102630e-01
1.0076328864e-01,1.0411285983e+00,1.4659298487e-01,1.3931404615e-01,7.2789387258e-03,1.5408339751e-01
1.0220276419e-01,1.0417282426e+00,1.4847613092e-01,1.4099968746e-01,7.4764434560e-03,1.5617238637e-01
1.0364223974e-01,1.0423282323e+00,1.5035338827e-01,1.4267713393e-01,7.6762543406e-03,1.5825798417e-01
1.0508171530e-01,1.0429285675e+00,1.5222476050e-01,1.4434640223e-01,7.8783582713e-03,1.6034018223e-01
1.0652119085e-01,1.0435292485e+00,1.5409025126e-01,1.4600750909e-01,8.0827421712e-03,1.6241897196e-01
1.0796066640e-01,1.0441302754e+00,1.5594986425e-01,1.4766047126e-01,8.2893929953e-03,1.6449434481e-01
1.0940014195e-01,1.0447316485e+00,1.5780360327e-01,1.4930530554e-01,8.4982977299e-03,1.6656629227e-01
1.1083961750e-01,1.0453333680e+00,1.5965147215e-01,1.5094202875e-01,8.7094433933e-03,1.6863480592e-01
1.1227909306e-01,1.0459354341e+00,1.6149347480e-01,1.5257065776e-01,8.9228170353e-03,1.7069987737e-01
1.1371856861e-01,1.0465378469e+00,1.6332961520e-01,1.5419120946e-01,9.1384057376e-03,1.7276149829e-01
1.1515804416e-01,1.0471406066e+00,1.6515989739e-01,1.5580370077e-01,9.3561966135e-03,1.7481966042e-01
1.1659751971e-01,1.0477437136e+00,1.6698432548e-01,1.5740814867e-01,9.5761768083e-03,1.7687435554e-01
1.1803699526e-01,1.0483471679e+00,1.6880290364e-01,1.5900457014e-01,9.7983334990e-03,1.7892557551e-01
1.1947647082e-01,1.0489509697e+00,1.7061563612e-01,1.6059298223e-01,1.0022653895e-02,1.8097331223e-01
1.2091594637e-01,1.0495551194e+00,1.7242252721e-01,1.6217340198e-01,1.0249125236e-02,1.8301755766e-01
1.2235542192e-01,1.0501596170e+00,1.7422358129e-01,1.6374584649e-01,1.0477734795e-02,1.8505830382e-01
1.2379489747e-01,1.0507644627e+00,1.7601880278e-01,1.6531033290e-01,1.0708469877e-02,1.8709554278e-01
1.2523437302e-01,1.0513696568e+00,1.7780819619e-01,1.6686687837e-01,1.0941317819e-02,1.8912926670e-01
1.2667384858e-01,1.0519751995e+00,1.7959176608e-01,1.6841550009e-01,1.1176265990e-02,1.9115946776e-01
1.2811332413e-01,1.0525810910e+00,1.8136951707e-01,1.6995621528e-01,1.1413301789e-02,1.9318613821e-01
1.2955279968e-01,1.0531873314e+00,1.8314145385e-01,1.7148904120e-01,1.1652412650e-02,1.9520927038e-01
1.3099227523e-01,1.0537939210e+00,1.8490758119e-01,1.7301399515e-01,1.1893586037e-02,1.9722885663e-01
1.3243175078e-01,1.0544008599e+00,1.8666790389e-01,1.7453109444e-01,1.2136809448e-02,1.9924488940e-01
1.3387122634e-01,1.0550081484e+00,1.8842242684e-01,1.7604035642e-01,1.2382070412e-02,2.0125736119e-01
1.3531070189e-01,1.0556157867e+00,1.9017115498e-01,1.7754179849e-01,1.2629356489e-02,2.0326626453e-01
1.3675017744e-01,1.0562237750e+00,1.9191409332e-01,1.7903543805e-01,1.2878655275e-02,2.0527159205e-01
1.3818965299e-01,1.0568321134e+00,1.9365124694e-01,1.8052129254e-01,1.3129954393e-02,2.0727333643e-01
1.3962912854e-01,1.0574408023e+00,1.9538262096e-01,1.8199937945e-01,1.3383241502e-02,2.0927149038e-01
1.4106860410e-01,1.0580498417e+00,1.9710822058e-01,1.8346971628e-01,1.3638504292e-02,2.1126604671e-01
1.4250807965e-01,1.0586592318e+00,1.9882805105e-01,1.8493232057e-01,1.3895730487e-02,2.1325699827e-01
1.4394755520e-01,1.0592689730e+00,2.0054211771e-01,1.8638720987e-01,1.4154907840e-02,2.1524433797e-01
1.4538703075e-01,1.0598790653e+00,2.0225042593e-01,1.8783440179e-01,1.4416024139e-02,2.1722805880e-01
1.4682650630e-01,1.0604895091e+00,2.0395298115e-01,1.8927391395e-01,1.4679067203e-02,2.1920815379e-01
1.4826598186e-01,1.0611003044e+00,2.0564978888e-01,1.9070576400e-01,1.4944024885e-02,2.2118461604e-01
1.4970545741e-01,1.0617114515e+00,2.0734085469e-01,1.9212996962e-01,1.5210885069e-02,2.2315743871e-01
1.5114493296e-01,1.0623229506e+00,2.0902618420e-01,1.9354654853e-01,1.5479635671e-02,2.2512661502e-01
1.5258440851e-01,1.0629348019e+00,2.1070578310e-01,1.9495551846e-01,1.5750264642e-02,2.2709213827e-01
1.5402388406e-01,1.0635470056e+00,2.1237965713e-01,1.9635689717e-01,1.6022759962e-02,2.2905400178e-01
1.5546335962e-01,1.0641595619e+00,2.1404781212e-01,1.9775070247e-01,1.6297109646e-02,2.3101219898e-01
1.5690283517e-01,1.0647724710e+00,2.1571025392e-01,1.9913695218e-01,1.6573301740e-02,2.3296672334e-01
1.5834231072e-01,1.0653857331e+00,2.1736698846e-01,2.0051566413e-01,1.6851324325e-02,2.3491756838e-01
1.5978178627e-01,1.0659993484e+00,2.1901802173e-01,2.0188685622e-01,1.7131165512e-02,2.3686472771e-01
1.6122126183e-01,1.0666133172e+00,2.2066335979e-01,2.0325054634e-01,1.7412813445e-02,2.3880819498e-01
1.6266073738e-01,1.0672276395e+00,2.2230300872e-01,2.0460675242e-01,1.7696256302e-02,2.4074796392e-01
1.6410021293e-01,1.0678423157e+00,2.2393697471e-01,2.0595549242e-01,1.7981482292e-02,2.4268402830e-01
1.6553968848e-01,1.0684573459e+00,2.2556526398e-01,2.0729678432e-01,1.8268479658e-02,2.4461638198e-01
1.6697916403e-01,1.0690727304e+00,2.2718788279e-01,2.0863064612e-01,1.8557236675e-02,2.4654501887e-01
1.6841863959e-01,1.0696884692e+00,2.2880483751e-01,2.0995709586e-01,1.8847741650e-02,2.4846993294e-01
1.6985811514e-01,1.0703045627e+00,2.3041613452e-01,2.1127615159e-01,1.9139982924e-02,2.5039111822e-01
1.7129759069e-01,1.0709210111e+00,2.3202178028e-01,2.1258783141e-01,1.9433948871e-02,2.5230856883e-01
1.7273706624e-01,1.0715378145e+00,2.3362178130e-01,2.1389215341e-01,1.9729627895e-02,2.5422227892e-01
1.7417654179e-01,1.0721549732e+00,2.3521614416e-01,2.1518913572e-01,2.0027008435e-02,2.5613224272e-01
1.7561601735e-01,1.0727724873e+00,2.3680487547e-01,2.1647879651e-01,2.0326078964e-02,2.5803845453e-01
1.7705549290e-01,1.0733903570e+00,2.3838798193e-01,2.1776115394e-01,2.0626827984e-02,2.5994090870e-01
1.7849496845e-01,1.0740085827e+00,2.3996547027e-01,2.1903622624e-01,2.0929244034e-02,2.6183959965e-01
1.7993444400e-01,1.0746271644e+00,2.4153734729e-01,2.2030403161e-01,2.1233315682e-02,2.6373452186e-01
1.8137391955e-01,1.0752461024e+00,2.4310361984e-01,2.2156458831e-01,2.1539031532e-02,2.6562566988e-01
1.8281339511e-01,1.0758653968e+00,2.4466429482e-01,2.2281791460e-01,2.1846380219e-02,2.6751303834e-01
1.8425287066e-01,1.0764850480e+00,2.4621937921e-01,2.2406402880e-01,2.2155350410e-02,2.6939662189e-01
1.8569234621e-01,1.0771050560e+00,2.4776888001e-01,2.2530294920e-01,2.2465930808e-02,2.7127641529e-01
1.8713182176e-01,1.0777254212e+00,2.4931280429e-01,2.2653469415e-01,2.2778110146e-02,2.7315241333e-01
1.8857129731e-01,1.0783461436e+00,2.5085115919e-01,2.2775928200e-01,2.3091877191e-02,2.7502461090e-01
1.9001077287e-01,1.0789672236e+00,2.5238395188e-01,2.2897673114e-01,2.3407220743e-02,2.7689300292e-01
1.9145024842e-01,1.0795886612e+00,2.5391118960e-01,2.3018705997e-01,2.3724129635e-02,2.7875758439e-01
1.9288972397e-01,1.0802104568e+00,2.5543287963e-01,2.3139028690e-01,2.4042592732e-02,2.8061835038e-01
1.9432919952e-01,1.0808326105e+00,2.5694902932e-01,2.3258643039e-01,2.4362598932e-02,2.8247529603e-01
1.9576867507e-01,1.0814551226e+00,2.5845964605e-01,2.3377550888e-01,2.4684137169e-02,2.8432841651e-01
1.9720815063e-01,1.0820779932e+00,2.5996473728e-01,2.3495754088e-01,2.5007196405e-02,2.8617770709e-01
1.9864762618e-01,1.0827012225e+00,2.6146431050e-01,2.3613254486e-01,2.5331765638e-02,2.8802316310e-01
2.0008710173e-01,1.0833248108e+00,2.6295837327e-01,2.3730053937e-01,2.5657833899e-02,2.8986477992e-01
2.0152657728e-01,1.0839487582e+00,2.6444693318e-01,2.3846154292e-01,2.5985390252e-02,2.9170255301e-01
2.0296605283e-01,1.0845730651e+00,2.6592999788e-01,2.3961557409e-01,2.6314423791e-02,2.9353647788e-01
2.0440552839e-01,1.0851977314e+00,2.6740757509e-01,2.4076265145e-01,2.6644923648e-02,2.9536655013e-01
2.0584500394e-01,1.0858227576e+00,2.6887967257e-01,2.4190279358e-01,2.6976878984e-02,2.9719276539e-01
2.0728447949e-01,1.0864481438e+00,2.7034629810e-01,2.4303601911e-01,2.7310278994e-02,2.9901511939e-01
2.0872395504e-01,1.0870738901e+00,2.7180745956e-01,2.4416234666e-01,2.7645112908e-02,3.0083360790e-01
2.1016343059e-01,1.0876999969e+00,2.7326316485e-01,2.4528179487e-01,2.7981369986e-02,3.0264822677e-01
2.1160290615e-01,1.0883264642e+00,2.7471342193e-01,2.4639438240e-01,2.8319039522e-02,3.0445897191e-01
2.1304238170e-01,1.0889532924e+00,2.7615823879e-01,2.4750012795e-01,2.8658110845e-02,3.0626583929e-01
2.1448185725e-01,1.0895804816e+00,2.7759762350e-01,2.4859905019e-01,2.8998573315e-02,3.0806882496e-01
2.1592133280e-01,1.0902080320e+00,2.7903158416e-01,2.4969116783e-01,2.9340416326e-02,3.0986792501e-01
2.1736080835e-01,1.0908359439e+00,2.8046012892e-01,2.5077649962e-01,2.9683629303e-02,3.1166313563e-01
2.1880028391e-01,1.0914642175e+00,2.8188326598e-01,2.5185506427e-01,3.0028201706e-02,3.1345445305e-01
2.2023975946e-01,1.0920928528e+00,2.8330100359e-01,2.5292688056e-01,3.0374123029e-02,3.1524187356e-01
2.2167923501e-01,1.0927218503e+00,2.8471335004e-01,2.5399196724e-01,3.0721382797e-02,3.1702539354e-01
2.2311871056e-01,1.0933512100e+00,2.8612031367e-01,2.5505034310e-01,3.1069970569e-02,3.1880500942e-01
2.2455818611e-01,1.0939809322e+00,2.8752190288e-01,2.5610202695e-01,3.1419875936e-02,3.2058071770e-01
2.2599766167e-01,1.0946110171e+00,2.8891812610e-01,2.5714703758e-01,3.1771088524e-02,3.2235251494e-01
2.2743713722e-01,1.0952414649e+00,2.9030899181e-01,2.5818539382e-01,3.2123597990e-02,3.2412039776e-01
2.2887661277e-01,1.0958722759e+00,2.9169450854e-01,2.5921711452e-01,3.2477394025e-02,3.2588436287e-01
2.3031608832e-01,1.0965034501e+00,2.9307468487e-01,2.6024221851e-01,3.2832466353e-02,3.2764440701e-01
2.3175556387e-01,1.0971349879e+00,2.9444952940e-01,2.6126072467e-01,3.3188804732e-02,3.2940052702e-01
2.3319503943e-01,1.0977668894e+00,2.9581905081e-01,2.6227265186e-01,3.3546398952e-02,3.3115271978e-01
2.3463451498e-01,1.0983991548e+00,2.9718325780e-01,2.6327801896e-01,3.3905238835e-02,3.3290098224e-01
2.3607399053e-01,1.0990317844e+00,2.9854215912e-01,2.6427684489e-01,3.4265314238e-02,3.3464531144e-01
2.3751346608e-01,1.0996647784e+00,2.9989576358e-01,2.6526914853e-01,3.4626615050e-02,3.3638570444e-01
2.3895294163e-01,1.1002981369e+00,3.0124408001e-01,2.6625494881e-01,3.4989131194e-02,3.3812215840e-01
2.4039241719e-01,1.1009318603e+00,3.0258711728e-01,2.6723426466e-01,3.5352852624e-02,3.3985467054e-01
2.4183189274e-01,1.1015659486e+00,3.0392488434e-01,2.6820711501e-01,3.5717769329e-02,3.4158323813e-01
2.4327136829e-01,1.1022004021e+00,3.0525739015e-01,2.6917351882e-01,3.6083871331e-02,3.4330785851e-01
2.4471084384e-01,1.1028352211e+00,3.0658464371e-01,2.7013349503e-01,3.6451148684e-02,3.4502852911e-01
2.4615031939e-01,1.1034704057e+00,3.0790665409e-01,2.7108706261e-01,3.6819591475e-02,3.4674524738e-01
2.4758979495e-01,1.1041059561e+00,3.0922343037e-01,2.7203424054e-01,3.7189189824e-02,3.4845801088e-01
2.4902927050e-01,1.1047418726e+00,3.1053498169e-01,2.7297504780e-01,3.7559933885e-02,3.5016681720e-01
2.5046874605e-01,1.1053781553e+00,3.1184131722e-01,2.7390950338e-01,3.7931813845e-02,3.5187166401e-01
2.5190822160e-01,1.1060148045e+00,3.1314244620e-01,2.7483762627e-01,3.8304819923e-02,3.5357254905e-01
2.5334769715e-01,1.1066518204e+00,3.1443837786e-01,2.7575943549e-01,3.8678942370e-02,3.5526947011e-01
2.5478717271e-01,1.1072892032e+00,3.1572912151e-01,2.7667495004e-01,3.9054171473e-02,3.5696242505e-01
2.5622664826e-01,1.1079269531e+00,3.1701468649e-01,2.7758418894e-01,3.9430497550e-02,3.5865141181e-01
2.5766612381e-01,1.1085650702e+00,3.1829508217e-01,2.7848717122e-01,3.9807910951e-02,3.6033642836e-01
2.5910559936e-01,1.1092035550e+00,3.1957031797e-01,2.7938391591e-01,4.0186402062e-02,3.6201747277e-01
2.6054507491e-01,1.1098424074e+00,3.2084040334e-01,2.8027444204e-01,4.0565961298e-02,3.6369454316e-01
2.6198455047e-01,1.1104816279e+00,3.2210534776e-01,2.8115876865e-01,4.0946579111e-02,3.6536763770e-01
2.6342402602e-01,1.1111212164e+00,3.2336516078e-01,2.8203691480e-01,4.1328245982e-02,3.6703675465e-01
2.6486350157e-01,1.1117611734e+00,3.2461985196e-01,2.8290889953e-01,4.1710952428e-02,3.6870189231e-01
2.6630297712e-01,1.1124014989e+00,3.2586943090e-01,2.8377474191e-01,4.2094688998e-02,3.7036304907e-01
2.6774245267e-01,1.1130421933e+00,3.2711390725e-01,2.8463446098e-01,4.2479446272e-02,3.7202022335e-01
2.6918192823e-01,1.1136832566e+00,3.2835329068e-01,2.8548807581e-01,4.2865214866e-02,3.7367341367e-01
2.7062140378e-01,1.1143246892e+00,3.2958759090e-01,2.8633560547e-01,4.3251985426e-02,3.7532261859e-01
2.7206087933e-01,1.1149664912e+00,3.3081681766e-01,2.8717706903e-01,4.3639748632e-02,3.7696783674e-01
2.7350035488e-01,1.1156086629e+00,3.3204098076e-01,2.8801248556e-01,4.4028495198e-02,3.7860906680e-01
2.7493983043e-01,1.1162512044e+00,3.3326009001e-01,2.8884187414e-01,4.4418215869e-02,3.8024630755e-01
2.7637930599e-01,1.1168941160e+00,3.3447415526e-01,2.8966525384e-01,4.4808901423e-02,3.8187955778e-01
2.7781878154e-01,1.1175373979e+00,3.3568318640e-01,2.9048264373e-01,4.5200542672e-02,3.8350881640e-01
2.7925825709e-01,1.1181810503e+00,3.3688719337e-01,2.9129406291e-01,4.5593130459e-02,3.8513408234e-01
2.8069773264e-01,1.1188250734e+00,3.3808618611e-01,2.9209953044e-01,4.5986655662e-02,3.8675535462e-01
2.8213720819e-01,1.1194694674e+00,3.3928017461e-01,2.9289906542e-01,4.6381109189e-02,3.8837263229e-01
2.8357668375e-01,1.1201142326e+00,3.4046916890e-01,2.9369268692e-01,4.6776481982e-02,3.8998591450e-01
2.8501615930e-01,1.1207593691e+00,3.4165317904e-01,2.9448041402e-01,4.7172765017e-02,3.9159520045e-01
2.8645563485e-01,1.1214048772e+00,3.4283221511e-01,2.9526226581e-01,4.7569949300e-02,3.9320048938e-01
2.8789511040e-01,1.1220507571e+00,3.4400628724e-01,2.9603826137e-01,4.7968025872e-02,3.9480178062e-01
2.8933458595e-01,1.1226970090e+00,3.4517540557e-01,2.9680841976e-01,4.8366985805e-02,3.9639907356e-01
2.9077406151e-01,1.1233436331e+00,3.4633958029e-01,2.9757276009e-01,4.8766820205e-02,3.9799236764e-01
2.9221353706e-01,1.1239906296e+00,3.4749882162e-01,2.9833130141e-01,4.9167520209e-02,3.9958166236e-01
2.9365301261e-01,1.1246379988e+00,3.4865313980e-01,2.9908406281e-01,4.9569076988e-02,4.0116695729e-01
2.9509248816e-01,1.1252857408e+00,3.4980254510e-01,2.9983106335e-01,4.9971481745e-02,4.0274825206e-01
2.9653196371e-01,1.1259338559e+00,3.5094704783e-01,3.0057232211e-01,5.0374725714e-02,4.0432554637e-01
2.9797143927e-01,1.1265823443e+00,3.5208665832e-01,3.0130785816e-01,5.0778800164e-02,4.0589883997e-01
2.9941091482e-01,1.1272312062e+00,3.5322138695e-01,3.0203769055e-01,5.1183696395e-02,4.0746813266e-01
3.0085039037e-01,1.1278804418e+00,3.5435124410e-01,3.0276183836e-01,5.1589405740e-02,4.0903342433e-01
3.0228986592e-01,1.1285300513e+00,3.5547624019e-01,3.0348032062e-01,5.1995919565e-02,4.1059471491e-01
3.0372934147e-01,1.1291800350e+00,3.5659638567e-01,3.0419315640e-01,5.2403229266e-02,4.1215200439e-01
3.0516881703e-01,1.1298303930e+00,3.5771169102e-01,3.0490036475e-01,5.2811326273e-02,4.1370529284e-01
3.0660829258e-01,1.1304811257e+00,3.5882216674e-01,3.0560196469e-01,5.3220202050e-02,4.1525458037e-01
3.0804776813e-01,1.1311322331e+00,3.5992782337e-01,3.0629797529e-01,5.3629848090e-02,4.1679986715e-01
3.0948724368e-01,1.1317837155e+00,3.6102867147e-01,3.0698841555e-01,5.4040255920e-02,4.1834115344e-01
3.1092671923e-01,1.1324355731e+00,3.6212472162e-01,3.0767330452e-01,5.4451417100e-02,4.1987843951e-01
3.1236619479e-01,1.1330878062e+00,3.6321598442e-01,3.0835266120e-01,5.4863323221e-02,4.2141172573e-01
3.1380567034e-01,1.1337404150e+00,3.6430247053e-01,3.0902650462e-01,5.5275965906e-02,4.2294101253e-01
3.1524514589e-01,1.1343933996e+00,3.6538419059e-01,3.0969485378e-01,5.5689336812e-02,4.2446630036e-01
3.1668462144e-01,1.1350467603e+00,3.6646115530e-01,3.1035772768e-01,5.6103427626e-02,4.2598758978e-01
3.1812409699e-01,1.1357004973e+00,3.6753337537e-01,3.1101514530e-01,5.6518230068e-02,4.2750488136e-01
3.1956357255e-01,1.1363546108e+00,3.6860086153e-01,3.1166712564e-01,5.6933735891e-02,4.2901817578e-01
3.2100304810e-01,1.1370091011e+00,3.6966362455e-01,3.1231368768e-01,5.7349936878e-02,4.3052747374e-01
3.2244252365e-01,1.1376639684e+00,3.7072167521e-01,3.1295485037e-01,5.7766824846e-02,4.3203277601e-01
3.2388199920e-01,1.1383192128e+00,3.7177502432e-01,3.1359063267e-01,5.8184391643e-02,4.3353408342e-01
3.2532147475e-01,1.1389748346e+00,3.7282368270e-01,3.1422105355e-01,5.8602629149e-02,4.3503139686e-01
3.2676095031e-01,1.1396308340e+00,3.7386766121e-01,3.1484613193e-01,5.9021529276e-02,4.3652471727e-01
3.2820042586e-01,1.1402872112e+00,3.7490697072e-01,3.1546588675e-01,5.9441083969e-02,4.3801404566e-01
3.2963990141e-01,1.1409439665e+00,3.7594162213e-01,3.1608033693e-01,5.9861285203e-02,4.3949938309e-01
3.3107937696e-01,1.1416011001e+00,3.7697162636e-01,3.1668950138e-01,6.0282124986e-02,4.4098073068e-01
3.3251885251e-01,1.1422586121e+00,3.7799699435e-01,3.1729339900e-01,6.0703595358e-02,4.4245808961e-01
3.3395832807e-01,1.1429165028e+00,3.7901773706e-01,3.1789204867e-01,6.1125688389e-02,4.4393146110e-01
3.3539780362e-01,1.1435747724e+00,3.8003386547e-01,3.1848546929e-01,6.1548396183e-02,4.4540084646e-01
3.3683727917e-01,1.1442334212e+00,3.8104539058e-01,3.1907367971e-01,6.1971710875e-02,4.4686624702e-01
3.3827675472e-01,1.1448924493e+00,3.8205232342e-01,3.1965669879e-01,6.2395624631e-02,4.4832766418e-01
3.3971623027e-01,1.1455518570e+00,3.8305467502e-01,3.2023454537e-01,6.2820129650e-02,4.4978509942e-01
3.4115570583e-01,1.1462116445e+00,3.8405245644e-01,3.2080723828e-01,6.3245218160e-02,4.5123855425e-01
3.4259518138e-01,1.1468718120e+00,3.8504567876e-01,3.2137479634e-01,6.3670882423e-02,4.5268803023e-01
3.4403465693e-01,1.1475323597e+00,3.8603435308e-01,3.2193723835e-01,6.4097114732e-02,4.5413352899e-01
3.4547413248e-01,1.1481932879e+00,3.8701849052e-01,3.2249458311e-01,6.4523907411e-02,4.5557505223e-01
3.4691360803e-01,1.1488545968e+00,3.8799810220e-01,3.2304684939e-01,6.4951252816e-02,4.5701260167e-01
3.4835308359e-01,1.1495162865e+00,3.8897319929e-01,3.2359405595e-01,6.5379143334e-02,4.5844617911e-01
3.4979255914e-01,1.1501783573e+00,3.8994379294e-01,3.2413622155e-01,6.5807571383e-02,4.5987578640e-01
3.5123203469e-01,1.1508408095e+00,3.9090989434e-01,3.2467336492e-01,6.6236529413e-02,4.6130142545e-01
3.5267151024e-01,1.1515036431e+00,3.9187151469e-01,3.2520550478e-01,6.6666009906e-02,4.6272309821e-01
3.5411098579e-01,1.1521668586e+00,3.9282866521e-01,3.2573265984e-01,6.7096005373e-02,4.6414080669e-01
3.5555046135e-01,1.1528304560e+00,3.9378135714e-01,3.2625484878e-01,6.7526508358e-02,4.6555455296e-01
3.5698993690e-01,1.1534944357e+00,3.9472960171e-01,3.2677209028e-01,6.7957511436e-02,4.6696433914e-01
3.5842941245e-01,1.1541587977e+00,3.9567341021e-01,3.2728440299e-01,6.8389007213e-02,4.6837016741e-01
3.5986888800e-01,1.1548235424e+00,3.9661279390e-01,3.2779180557e-01,6.8820988326e-02,4.6977203999e-01
3.6130836355e-01,1.1554886700e+00,3.9754776407e-01,3.2829431663e-01,6.9253447443e-02,4.7116995916e-01
3.6274783911e-01,1.1561541807e+00,3.9847833204e-01,3.2879195478e-01,6.9686377262e-02,4.7256392725e-01
3.6418731466e-01,1.1568200746e+00,3.9940450913e-01,3.2928473861e-01,7.0119770515e-02,4.7395394666e-01
3.6562679021e-01,1.1574863521e+00,4.0032630666e-01,3.2977268670e-01,7.0553619962e-02,4.7534001982e-01
3.6706626576e-01,1.1581530134e+00,4.0124373600e-01,3.3025581761e-01,7.0987918394e-02,4.7672214922e-01
3.6850574131e-01,1.1588200586e+00,4.0215680849e-01,3.3073414986e-01,7.1422658634e-02,4.7810033740e-01
3.6994521687e-01,1.1594874879e+00,4.0306553552e-01,3.3120770199e-01,7.1857833537e-02,4.7947458697e-01
3.7138469242e-01,1.1601553017e+00,4.0396992847e-01,3.3167649248e-01,7.2293435985e-02,4.8084490056e-01
3.7282416797e-01,1.1608235002e+00,4.0486999873e-01,3.3214053984e-01,7.2729458895e-02,4.8221128088e-01
3.7426364352e-01,1.1614920835e+00,4.0576575772e-01,3.3259986251e-01,7.3165895211e-02,4.8357373067e-01
3.7570311907e-01,1.1621610518e+00,4.0665721686e-01,3.3305447895e-01,7.3602737910e-02,4.8493225274e-01
3.7714259463e-01,1.1628304055e+00,4.0754438757e-01,3.3350440757e-01,7.4039979998e-02,4.8628684994e-01
3.7858207018e-01,1.1635001446e+00,4.0842728130e-01,3.3394966678e-01,7.4477614513e-02,4.8763752516e-01
3.8002154573e-01,1.1641702695e+00,4.0930590950e-01,3.3439027498e-01,7.4915634523e-02,4.8898428136e-01
3.8146102128e-01,1.1648407804e+00,4.1018028363e-01,3.3482625051e-01,7.5354033126e-02,4.9032712155e-01
3.8290049683e-01,1.1655116775e+00,4.1105041517e-01,3.3525761172e-01,7.5792803450e-02,4.9166604876e-01
3.8433997239e-01,1.1661829609e+00,4.1191631560e-01,3.3568437694e-01,7.6231938654e-02,4.9300106612e-01
3.8577944794e-01,1.1668546310e+00,4.1277799640e-01,3.3610656447e-01,7.6671431928e-02,4.9433217675e-01
3.8721892349e-01,1.1675266880e+00,4.1363546908e-01,3.3652419259e-01,7.7111276492e-02,4.9565938387e-01
3.8865839904e-01,1.1681991320e+00,4.1448874514e-01,3.3693727955e-01,7.7551465593e-02,4.9698269072e-01
3.9009787459e-01,1.1688719633e+00,4.1533783610e-01,3.3734584359e-01,7.7991992514e-02,4.9830210060e-01
3.9153735015e-01,1.1695451822e+00,4.1618275348e-01,3.3774990292e-01,7.8432850562e-02,4.9961761686e-01
3.9297682570e-01,1.1702187888e+00,4.1702350882e-01,3.3814947574e-01,7.8874033079e-02,5.0092924288e-01
3.9441630125e-01,1.1708927833e+00,4.1786011364e-01,3.3854458021e-01,7.9315533435e-02,5.0223698211e-01
3.9585577680e-01,1.1715671661e+00,4.1869257951e-01,3.3893523448e-01,7.9757345028e-02,5.0354083804e-01
3.9729525235e-01,1.1722419372e+00,4.1952091796e-01,3.3932145667e-01,8.0199461289e-02,5.0484081420e-01
3.9873472791e-01,1.1729170970e+00,4.2034514055e-01,3.3970326487e-01,8.0641875678e-02,5.0613691418e-01
4.0017420346e-01,1.1735926457e+00,4.2116525885e-01,3.4008067717e-01,8.1084581684e-02,5.0742914161e-01
4.0161367901e-01,1.1742685835e+00,4.2198128444e-01,3.4045371161e-01,8.1527572826e-02,5.0871750015e-01
4.0305315456e-01,1.1749449105e+00,4.2279322887e-01,3.4082238622e-01,8.1970842653e-02,5.1000199354e-01
4.0449263011e-01,1.1756216271e+00,4.2360110374e-01,3.4118671900e-01,8.2414384743e-02,5.1128262555e-01
4.0593210567e-01,1.1762987335e+00,4.2440492063e-01,3.4154672792e-01,8.2858192705e-02,5.1255939999e-01
4.0737158122e-01,1.1769762298e+00,4.2520469112e-01,3.4190243095e-01,8.3302260175e-02,5.1383232072e-01
4.0881105677e-01,1.1776541163e+00,4.2600042681e-01,3.4225384599e-01,8.3746580822e-02,5.1510139164e-01
4.1025053232e-01,1.1783323933e+00,4.2679213931e-01,3.4260099096e-01,8.4191148342e-02,5.1636661671e-01
4.1169000787e-01,1.1790110610e+00,4.2757984020e-01,3.4294388374e-01,8.4635956460e-02,5.1762799992e-01
4.1312948343e-01,1.1796901195e+00,4.2836354109e-01,3.4328254216e-01,8.5080998931e-02,5.1888554531e-01
4.1456895898e-01,1.1803695691e+00,4.2914325359e-01,3.4361698405e-01,8.5526269541e-02,5.2013925697e-01
4.1600843453e-01,1.1810494101e+00,4.2991898932e-01,3.4394722721e-01,8.5971762102e-02,5.2138913903e-01
4.1744791008e-01,1.1817296426e+00,4.3069075987e-01,3.4427328941e-01,8.6417470458e-02,5.2263519565e-01
4.1888738563e-01,1.1824102669e+00,4.3145857687e-01,3.4459518839e-01,8.6863388480e-02,5.2387743106e-01
4.2032686119e-01,1.1830912832e+00,4.3222245194e-01,3.4491294187e-01,8.7309510070e-02,5.2511584950e-01
4.2176633674e-01,1.1837726917e+00,4.3298239669e-01,3.4522656753e-01,8.7755829156e-02,5.2635045530e-01
4.2320581229e-01,1.1844544927e+00,4.3373842274e-01,3.4553608304e-01,8.8202339699e-02,5.2758125278e-01
4.2464528784e-01,1.1851366864e+00,4.3449054171e-01,3.4584150602e-01,8.8649035686e-02,5.2880824634e-01
4.2608476339e-01,1.1858192730e+00,4.3523876522e-01,3.4614285408e-01,8.9095911133e-02,5.3003144041e-01
4.2752423895e-01,1.1865022528e+00,4.3598310489e-01,3.4644014481e-01,8.9542960086e-02,5.3125083946e-01
4.2896371450e-01,1.1871856259e+00,4.3672357235e-01,3.4673339574e-01,8.9990176619e-02,5.3246644800e-01
4.3040319005e-01,1.1878693926e+00,4.3746017922e-01,3.4702262439e-01,9.0437554833e-02,5.3367827058e-01
4.3184266560e-01,1.1885535531e+00,4.3819293712e-01,3.4730784826e-01,9.0885088861e-02,5.3488631181e-01
4.3328214115e-01,1.1892381077e+00,4.3892185767e-01,3.4758908481e-01,9.1332772863e-02,5.3609057632e-01
4.3472161671e-01,1.1899230566e+00,4.3964695249e-01,3.4786635146e-01,9.1780601026e-02,5.3729106879e-01
4.3616109226e-01,1.1906083999e+00,4.4036823320e-01,3.4813966563e-01,9.2228567567e-02,5.3848779393e-01
4.3760056781e-01,1.1912941380e+00,4.4108571141e-01,3.4840904468e-01,9.2676666731e-02,5.3968075650e-01
4.3904004336e-01,1.1919802710e+00,4.4179939875e-01,3.4867450595e-01,9.3124892791e-02,5.4086996131e-01
4.4047951891e-01,1.1926667992e+00,4.4250930682e-01,3.4893606677e-01,9.3573240050e-02,5.4205541318e-01
4.4191899447e-01,1.1933537229e+00,4.4321544724e-01,3.4919374440e-01,9.4021702835e-02,5.4323711700e-01
4.4335847002e-01,1.1940410421e+00,4.4391783161e-01,3.4944755610e-01,9.4470275506e-02,5.4441507769e-01
4.4479794557e-01,1.1947287572e+00,4.4461647155e-01,3.4969751910e-01,9.4918952449e-02,5.4558930019e-01
4.4623742112e-01,1.1954168685e+00,4.4531137865e-01,3.4994365057e-01,9.5367728076e-02,5.4675978950e-01
4.4767689667e-01,1.1961053760e+00,4.4600256452e-01,3.5018596769e-01,9.5816596829e-02,5.4792655065e-01
4.4911637223e-01,1.1967942801e+00,4.4669004075e-01,3.5042448757e-01,9.6265553179e-02,5.4908958871e-01
4.5055584778e-01,1.1974835810e+00,4.4737381893e-01,3.5065922731e-01,9.6714591623e-02,5.5024890879e-01
4.5199532333e-01,1.1981732788e+00,4.4805391066e-01,3.5089020398e-01,9.7163706686e-02,5.5140451603e-01
4.5343479888e-01,1.1988633740e+00,4.4873032752e-01,3.5111743460e-01,9.7612892921e-02,5.5255641562e-01
4.5487427443e-01,1.1995538665e+00,4.4940308109e-01,3.5134093618e-01,9.8062144907e-02,5.5370461277e-01
4.5631374999e-01,1.2002447568e+00,4.5007218294e-01,3.5156072568e-01,9.8511457254e-02,5.5484911275e-01
4.5775322554e-01,1.2009360450e+00,4.5073764464e-01,3.5177682004e-01,9.8960824597e-02,5.5598992083e-01
4.5919270109e-01,1.2016277313e+00,4.5139947776e-01,3.5198923617e-01,9.9410241599e-02,5.5712704236e-01
4.6063217664e-01,1.2023198161e+00,4.5205769387e-01,3.5219799092e-01,9.9859702950e-02,5.5826048269e-01
4.6207165219e-01,1.2030122994e+00,4.5271230450e-01,3.5240310113e-01,1.0030920337e-01,5.5939024722e-01
4.6351112775e-01,1.2037051816e+00,4.5336332121e-01,3.5260458362e-01,1.0075873760e-01,5.6051634139e-01
4.6495060330e-01,1.2043984628e+00,4.5401075555e-01,3.5280245514e-01,1.0120830041e-01,5.6163877066e-01
4.6639007885e-01,1.2050921434e+00,4.5465461904e-01,3.5299673243e-01,1.0165788661e-01,5.6275754056e-01
4.6782955440e-01,1.2057862234e+00,4.5529492321e-01,3.5318743220e-01,1.0210749101e-01,5.6387265660e-01
4.6926902996e-01,1.2064807033e+00,4.5593167959e-01,3.5337457111e-01,1.0255710848e-01,5.6498412437e-01
4.7070850551e-01,1.2071755831e+00,4.5656489970e-01,3.5355816581e-01,1.0300673389e-01,5.6609194947e-01
4.7214798106e-01,1.2078708631e+00,4.5719459502e-01,3.5373823287e-01,1.0345636215e-01,5.6719613754e-01
4.7358745661e-01,1.2085665436e+00,4.5782077708e-01,3.5391478889e-01,1.0390598819e-01,5.6829669427e-01
4.7502693216e-01,1.2092626248e+00,4.5844345735e-01,3.5408785037e-01,1.0435560698e-01,5.6939362535e-01
4.7646640772e-01,1.2099591069e+00,4.5906264732e-01,3.5425743382e-01,1.0480521350e-01,5.7048693653e-01
4.7790588327e-01,1.2106559901e+00,4.5967835847e-01,3.5442355571e-01,1.0525480276e-01,5.7157663357e-01
4.7934535882e-01,1.2113532747e+00,4.6029060226e-01,3.5458623245e-01,1.0570436981e-01,5.7266272230e-01
4.8078483437e-01,1.2120509609e+00,4.6089939016e-01,3.5474548044e-01,1.0615390971e-01,5.7374520854e-01
4.8222430992e-01,1.2127490490e+00,4.6150473360e-01,3.5490131603e-01,1.0660341756e-01,5.7482409816e-01
4.8366378548e-01,1.2134475391e+00,4.6210664402e-01,3.5505375555e-01,1.0705288847e-01,5.7589939707e-01
4.8510326103e-01,1.2141464315e+00,4.6270513287e-01,3.5520281527e-01,1.0750231760e-01,5.7697111119e-01
4.8654273658e-01,1.2148457265e+00,4.6330021155e-01,3.5534851145e-01,1.0795170010e-01,5.7803924650e-01
4.8798221213e-01,1.2155454242e+00,4.6389189149e-01,3.5549086030e-01,1.0840103119e-01,5.7910380898e-01
4.8942168768e-01,1.2162455249e+00,4.6448018407e-01,3.5562987799e-01,1.0885030608e-01,5.8016480465e-01
4.9086116324e-01,1.2169460288e+00,4.6506510069e-01,3.5576558066e-01,1.0929952003e-01,5.8122223959e-01
4.9230063879e-01,1.2176469362e+00,4.6564665273e-01,3.5589798443e-01,1.0974866830e-01,5.8227611986e-01
4.9374011434e-01,1.2183482473e+00,4.6622485156e-01,3.5602710535e-01,1.1019774622e-01,5.8332645159e-01
4.9517958989e-01,1.2190499623e+00,4.6679970854e-01,3.5615295945e-01,1.1064674909e-01,5.8437324092e-01
4.9661906544e-01,1.2197520815e+00,4.6737123501e-01,3.5627556273e-01,1.1109567228e-01,5.8541649401e-01
4.9805854100e-01,1.2204546050e+00,4.6793944231e-01,3.5639493115e-01,1.1154451116e-01,5.8645621708e-01
4.9949801655e-01,1.2211575332e+00,4.6850434177e-01,3.5651108062e-01,1.1199326114e-01,5.8749241636e-01
5.0093749210e-01,1.2218608662e+00,4.6906594469e-01,3.5662402703e-01,1.1244191765e-01,5.8852509810e-01
5.0237696765e-01,1.2225646043e+00,4.6962426237e-01,3.5673378623e-01,1.1289047615e-01,5.8955426859e-01
5.0381644320e-01,1.2232687478e+00,4.7017930612e-01,3.5684037401e-01,1.1333893211e-01,5.9057993414e-01
5.0525591876e-01,1.2239732968e+00,4.7073108719e-01,3.5694380615e-01,1.1378728105e-01,5.9160210110e-01
5.0669539431e-01,1.2246782516e+00,4.7127961686e-01,3.5704409838e-01,1.1423551849e-01,5.9262077585e-01
5.0813486986e-01,1.2253836124e+00,4.7182490638e-01,3.5714126639e-01,1.1468363999e-01,5.9363596476e-01
5.0957434541e-01,1.2260893795e+00,4.7236696699e-01,3.5723532585e-01,1.1513164113e-01,5.9464767428e-01
5.1101382096e-01,1.2267955530e+00,4.7290580990e-01,3.5732629237e-01,1.1557951753e-01,5.9565591084e-01
5.1245329652e-01,1.2275021333e+00,4.7344144633e-01,3.5741418152e-01,1.1602726481e-01,5.9666068093e-01
5.1389277207e-01,1.2282091205e+00,4.7397388749e-01,3.5749900886e-01,1.1647487863e-01,5.9766199104e-01
5.1533224762e-01,1.2289165150e+00,4.7450314455e-01,3.5758078988e-01,1.1692235467e-01,5.9865984771e-01
5.1677172317e-01,1.2296243168e+00,4.7502922868e-01,3.5765954005e-01,1.1736968864e-01,5.9965425750e-01
5.1821119872e-01,1.2303325264e+00,4.7555215105e-01,3.5773527479e-01,1.1781687627e-01,6.0064522696e-01
5.1965067428e-01,1.2310411438e+00,4.7607192280e-01,3.5780800949e-01,1.1826391331e-01,6.0163276273e-01
5.2109014983e-01,1.2317501694e+00,4.7658855505e-01,3.5787775950e-01,1.1871079555e-01,6.0261687141e-01
5.2252962538e-01,1.2324596033e+00,4.7710205891e-01,3.5794454012e-01,1.1915751879e-01,6.0359755967e-01
5.2396910093e-01,1.2331694458e+00,4.7761244550e-01,3.5800836664e-01,1.1960407886e-01,6.0457483417e-01
5.2540857648e-01,1.2338796972e+00,4.7811972588e-01,3.5806925427e-01,1.2005047162e-01,6.0554870163e-01
5.2684805204e-01,1.2345903576e+00,4.7862391114e-01,3.5812721821e-01,1.2049669294e-01,6.0651916876e-01
5.2828752759e-01,1.2353014274e+00,4.7912501233e-01,3.5818227361e-01,1.2094273872e-01,6.0748624232e-01
5.2972700314e-01,1.2360129067e+00,4.7962304047e-01,3.5823443558e-01,1.2138860489e-01,6.0844992908e-01
5.3116647869e-01,1.2367247957e+00,4.8011800661e-01,3.5828371920e-01,1.2183428740e-01,6.0941023582e-01
5.3260595424e-01,1.2374370948e+00,4.8060992174e-01,3.5833013950e-01,1.2227978223e-01,6.1036716937e-01
5.3404542980e-01,1.2381498042e+00,4.8109879685e-01,3.5837371148e-01,1.2272508538e-01,6.1132073656e-01
5.3548490535e-01,1.2388629240e+00,4.8158464293e-01,3.5841445008e-01,1.2317019286e-01,6.1227094426e-01
5.3692438090e-01,1.2395764546e+00,4.8206747093e-01,3.5845237021e-01,1.2361510072e-01,6.1321779935e-01
5.3836385645e-01,1.2402903961e+00,4.8254729179e-01,3.5848748676e-01,1.2405980503e-01,6.1416130874e-01
5.3980333200e-01,1.2410047488e+00,4.8302411645e-01,3.5851981456e-01,1.2450430189e-01,6.1510147934e-01
5.4124280756e-01,1.2417195129e+00,4.8349795580e-01,3.5854936839e-01,1.2494858741e-01,6.1603831811e-01
5.4268228311e-01,1.2424346888e+00,4.8396882075e-01,3.5857616302e-01,1.2539265773e-01,6.1697183201e-01
5.4412175866e-01,1.2431502765e+00,4.8443672216e-01,3.5860021314e-01,1.2583650902e-01,6.1790202804e-01
5.4556123421e-01,1.2438662764e+00,4.8490167091e-01,3.5862153345e-01,1.2628013746e-01,6.1882891320e-01
5.4700070976e-01,1.2445826887e+00,4.8536367782e-01,3.5864013856e-01,1.2672353927e-01,6.1975249452e-01
5.4844018532e-01,1.2452995136e+00,4.8582275373e-01,3.5865604306e-01,1.2716671067e-01,6.2067277905e-01
5.4987966087e-01,1.2460167513e+00,4.8627890944e-01,3.5866926151e-01,1.2760964792e-01,6.2158977385e-01
5.5131913642e-01,1.2467344022e+00,4.8673215573e-01,3.5867980842e-01,1.2805234731e-01,6.2250348603e-01
5.5275861197e-01,1.2474524663e+00,4.8718250339e-01,3.5868769824e-01,1.2849480514e-01,6.2341392267e-01
5.5419808752e-01,1.2481709441e+00,4.8762996315e-01,3.5869294542e-01,1.2893701773e-01,6.2432109092e-01
5.5563756308e-01,1.2488898357e+00,4.8807454577e-01,3.5869556434e-01,1.2937898143e-01,6.2522499790e-01
5.5707703863e-01,1.2496091413e+00,4.8851626195e-01,3.5869556933e-01,1.2982069261e-01,6.2612565079e-01
5.5851651418e-01,1.2503288612e+00,4.8895512239e-01,3.5869297471e-01,1.3026214767e-01,6.2702305677e-01
5.5995598973e-01,1.2510489956e+00,4.8939113777e-01,3.5868779474e-01,1.3070334302e-01,6.2791722303e-01
5.6139546528e-01,1.2517695448e+00,4.8982431875e-01,3.5868004364e-01,1.3114427511e-01,6.2880815680e-01
5.6283494084e-01,1.2524905090e+00,4.9025467597e-01,3.5866973559e-01,1.3158494039e-01,6.2969586529e-01
5.6427441639e-01,1.2532118885e+00,4.9068222006e-01,3.5865688472e-01,1.3202533534e-01,6.3058035577e-01
5.6571389194e-01,1.2539336834e+00,4.9110696162e-01,3.5864150514e-01,1.3246545648e-01,6.3146163551e-01
5.6715336749e-01,1.2546558941e+00,4.9152891124e-01,3.5862361090e-01,1.3290530034e-01,6.3233971178e-01
5.6859284304e-01,1.2553785207e+00,4.9194807947e-01,3.5860321601e-01,1.3334486346e-01,6.3321459189e-01
5.7003231860e-01,1.2561015635e+00,4.9236447687e-01,3.5858033446e-01,1.3378414241e-01,6.3408628316e-01
5.7147179415e-01,1.2568250228e+00,4.9277811396e-01,3.5855498016e-01,1.3422313380e-01,6.3495479292e-01
5.7291126970e-01,1.2575488987e+00,4.9318900125e-01,3.5852716701e-01,1.3466183424e-01,6.3582012851e-01
5.7435074525e-01,1.2582731916e+00,4.9359714922e-01,3.5849690885e-01,1.3510024037e-01,6.3668229730e-01
5.7579022080e-01,1.2589979016e+00,4.9400256834e-01,3.5846421950e-01,1.3553834884e-01,6.3754130667e-01
5.7722969636e-01,1.2597230290e+00,4.9440526906e-01,3.5842911271e-01,1.3597615635e-01,6.3839716402e-01
5.7866917191e-01,1.2604485741e+00,4.9480526180e-01,3.5839160220e-01,1.3641365960e-01,6.3924987676e-01
5.8010864746e-01,1.2611745370e+00,4.9520255697e-01,3.5835170166e-01,1.3685085531e-01,6.4009945230e-01
5.8154812301e-01,1.2619009181e+00,4.9559716496e-01,3.5830942473e-01,1.3728774022e-01,6.4094589809e-01
5.8298759856e-01,1.2626277175e+00,4.9598909612e-01,3.5826478500e-01,1.3772431112e-01,6.4178922157e-01
5.8442707412e-01,1.2633549355e+00,4.9637836080e-01,3.5821779602e-01,1.3816056479e-01,6.4262943023e-01
5.8586654967e-01,1.2640825724e+00,4.9676496934e-01,3.5816847131e-01,1.3859649803e-01,6.4346653152e-01
5.8730602522e-01,1.2648106284e+00,4.9714893202e-01,3.5811682433e-01,1.3903210769e-01,6.4430053295e-01
5.8874550077e-01,1.2655391037e+00,4.9753025913e-01,3.5806286851e-01,1.3946739062e-01,6.4513144203e-01
5.9018497632e-01,1.2662679985e+00,4.9790896093e-01,3.5800661725e-01,1.3990234369e-01,6.4595926627e-01
5.9162445188e-01,1.2669973132e+00,4.9828504766e-01,3.5794808387e-01,1.4033696379e-01,6.4678401320e-01
5.9306392743e-01,1.2677270479e+00,4.9865852954e-01,3.5788728169e-01,1.4077124786e-01,6.4760569037e-01
5.9450340298e-01,1.2684572030e+00,4.9902941677e-01,3.5782422395e-01,1.4120519282e-01,6.4842430534e-01
5.9594287853e-01,1.2691877785e+00,4.9939771951e-01,3.5775892389e-01,1.4163879563e-01,6.4923986567e-01
5.9738235408e-01,1.2699187749e+00,4.9976344793e-01,3.5769139466e-01,1.4207205327e-01,6.5005237895e-01
5.9882182964e-01,1.2706501922e+00,5.0012661215e-01,3.5762164941e-01,1.4250496275e-01,6.5086185276e-01
6.0026130519e-01,1.2713820309e+00,5.0048722229e-01,3.5754970121e-01,1.4293752108e-01,6.5166829471e-01
6.0170078074e-01,1.2721142910e+00,5.0084528843e-01,3.5747556313e-01,1.4336972530e-01,6.5247171242e-01
6.0314025629e-01,1.2728469729e+00,5.0120082063e-01,3.5739924815e-01,1.4380157248e-01,6.5327211351e-01
6.0457973184e-01,1.2735800768e+00,5.0155382895e-01,3.5732076925e-01,1.4423305970e-01,6.5406950561e-01
6.0601920740e-01,1.2743136029e+00,5.0190432340e-01,3.5724013934e-01,1.4466418406e-01,6.5486389638e-01
6.0745868295e-01,1.2750475515e+00,5.0225231399e-01,3.5715737130e-01,1.4509494269e-01,6.5565529347e-01
6.0889815850e-01,1.2757819228e+00,5.0259781068e-01,3.5707247797e-01,1.4552533272e-01,6.5644370455e-01
6.1033763405e-01,1.2765167171e+00,5.0294082345e-01,3.5698547213e-01,1.4595535132e-01,6.5722913729e-01
6.1177710960e-01,1.2772519345e+00,5.0328136220e-01,3.5689636653e-01,1.4638499567e-01,6.5801159939e-01
6.1321658516e-01,1.2779875755e+00,5.0361943687e-01,3.5680517389e-01,1.4681426298e-01,6.5879109853e-01
6.1465606071e-01,1.2787236401e+00,5.0395505733e-01,3.5671190686e-01,1.4724315047e-01,6.5956764242e-01
6.1609553626e-01,1.2794601287e+00,5.0428823345e-01,3.5661657807e-01,1.4767165538e-01,6.6034123878e-01
6.1753501181e-01,1.2801970415e+00,5.0461897507e-01,3.5651920009e-01,1.4809977497e-01,6.6111189533e-01
6.1897448736e-01,1.2809343787e+00,5.0494729200e-01,3.5641978547e-01,1.4852750653e-01,6.6187961981e-01
6.2041396292e-01,1.2816721405e+00,5.0527319405e-01,3.5631834669e-01,1.4895484735e-01,6.6264441994e-01
6.2185343847e-01,1.2824103273e+00,5.0559669098e-01,3.5621489622e-01,1.4938179477e-01,6.6340630349e-01
6.2329291402e-01,1.2831489393e+00,5.0591779255e-01,3.5610944645e-01,1.4980834611e-01,6.6416527820e-01
6.2473238957e-01,1.2838879766e+00,5.0623650848e-01,3.5600200975e-01,1.5023449873e-01,6.6492135185e-01
6.2617186512e-01,1.2846274396e+00,5.0655284847e-01,3.5589259844e-01,1.5066025003e-01,6.6567453219e-01
6.2761134068e-01,1.2853673285e+00,5.0686682221e-01,3.5578122482e-01,1.5108559739e-01,6.6642482702e-01
6.2905081623e-01,1.2861076436e+00,5.0717843934e-01,3.5566790111e-01,1.5151053823e-01,6.6717224412e-01
6.3049029178e-01,1.2868483850e+00,5.0748770950e-01,3.5555263951e-01,1.5193506999e-01,6.6791679128e-01
6.3192976733e-01,1.2875895531e+00,5.0779464231e-01,3.5543545218e-01,1.5235919013e-01,6.6865847630e-01
6.3336924288e-01,1.2883311480e+00,5.0809924734e-01,3.5531635122e-01,1.5278289612e-01,6.6939730698e-01
6.3480871844e-01,1.2890731701e+00,5.0840153415e-01,3.5519534871e-01,1.5320618544e-01,6.7013329115e-01
6.3624819399e-01,1.2898156196e+00,5.0870151229e-01,3.5507245666e-01,1.5362905563e-01,6.7086643661e-01
6.3768766954e-01,1.2905584966e+00,5.0899919126e-01,3.5494768707e-01,1.5405150419e-01,6.7159675120e-01
6.3912714509e-01,1.2913018016e+00,5.0929458056e-01,3.5482105187e-01,1.5447352869e-01,6.7232424274e-01
6.4056662064e-01,1.2920455346e+00,5.0958768966e-01,3.5469256296e-01,1.5489512670e-01,6.7304891908e-01
6.4200609620e-01,1.2927896960e+00,5.0987852799e-01,3.5456223220e-01,1.5531629579e-01,6.7377078804e-01
6.4344557175e-01,1.2935342860e+00,5.1016710498e-01,3.5443007140e-01,1.5573703358e-01,6.7448985749e-01
6.4488504730e-01,1.2942793049e+00,5.1045343001e-01,3.5429609233e-01,1.5615733768e-01,6.7520613527e-01
6.4632452285e-01,1.2950247529e+00,5.1073751246e-01,3.5416030672e-01,1.5657720574e-01,6.7591962924e-01
6.4776399840e-01,1.2957706302e+00,5.1101936167e-01,3.5402272625e-01,1.5699663542e-01,6.7663034726e-01
6.4920347396e-01,1.2965169370e+00,5.1129898697e-01,3.5388336257e-01,1.5741562440e-01,6.7733829719e-01
6.5064294951e-01,1.2972636738e+00,5.1157639764e-01,3.5374222728e-01,1.5783417036e-01,6.7804348691e-01
6.5208242506e-01,1.2980108406e+00,5.1185160297e-01,3.5359933194e-01,1.5825227104e-01,6.7874592429e-01
6.5352190061e-01,1.2987584378e+00,5.1212461220e-01,3.5345468806e-01,1.5866992415e-01,6.7944561721e-01
6.5496137616e-01,1.2995064655e+00,5.1239543456e-01,3.5330830712e-01,1.5908712744e-01,6.8014257355e-01
6.5640085172e-01,1.3002549241e+00,5.1266407924e-01,3.5316020054e-01,1.5950387869e-01,6.8083680119e-01
6.5784032727e-01,1.3010038137e+00,5.1293055542e-01,3.5301037973e-01,1.5992017569e-01,6.8152830803e-01
6.5927980282e-01,1.3017531347e+00,5.1319487224e-01,3.5285885602e-01,1.6033601622e-01,6.8221710195e-01
6.6071927837e-01,1.3025028873e+00,5.1345703884e-01,3.5270564072e-01,1.6075139812e-01,6.8290319086e-01
6.6215875392e-01,1.3032530716e+00,5.1371706431e-01,3.5255074510e-01,1.6116631921e-01,6.8358658264e-01
6.6359822948e-01,1.3040036881e+00,5.1397495774e-01,3.5239418037e-01,1.6158077736e-01,6.8426728520e-01
6.6503770503e-01,1.3047547369e+00,5.1423072816e-01,3.5223595772e-01,1.6199477044e-01,6.8494530645e-01
6.6647718058e-01,1.3055062182e+00,5.1448438461e-01,3.5207608827e-01,1.6240829634e-01,6.8562065428e-01
6.6791665613e-01,1.3062581324e+00,5.1473593609e-01,3.5191458312e-01,1.6282135297e-01,6.8629333660e-01
6.6935613168e-01,1.3070104796e+00,5.1498539157e-01,3.5175145334e-01,1.6323393824e-01,6.8696336133e-01
6.7079560724e-01,1.3077632602e+00,5.1523276002e-01,3.5158670991e-01,1.6364605010e-01,6.8763073637e-01
6.7223508279e-01,1.3085164743e+00,5.1547805034e-01,3.5142036383e-01,1.6405768651e-01,6.8829546964e-01
6.7367455834e-01,1.3092701222e+00,5.1572127145e-01,3.5125242600e-01,1.6446884545e-01,6.8895756904e-01
6.7511403389e-01,1.3100242042e+00,5.1596243222e-01,3.5108290732e-01,1.6487952490e-01,6.8961704250e-01
6.7655350944e-01,1.3107787206e+00,5.1620154150e-01,3.5091181862e-01,1.6528972288e-01,6.9027389793e-01
6.7799298500e-01,1.3115336715e+00,5.1643860813e-01,3.5073917072e-01,1.6569943741e-01,6.9092814325e-01
6.7943246055e-01,1.3122890572e+00,5.1667364089e-01,3.5056497436e-01,1.6610866653e-01,6.9157978638e-01
6.8087193610e-01,1.3130448780e+00,5.1690664858e-01,3.5038924027e-01,1.6651740831e-01,6.9222883523e-01
6.8231141165e-01,1.3138011341e+00,5.1713763993e-01,3.5021197912e-01,1.6692566081e-01,6.9287529772e-01
6.8375088720e-01,1.3145578257e+00,5.1736662367e-01,3.5003320155e-01,1.6733342212e-01,6.9351918178e-01
6.8519036276e-01,1.3153149532e+00,5.1759360851e-01,3.4985291814e-01,1.6774069037e-01,6.9416049531e-01
6.8662983831e-01,1.3160725168e+00,5.1781860312e-01,3.4967113945e-01,1.6814746367e-01,6.9479924625e-01
6.8806931386e-01,1.3168305167e+00,5.1804161615e-01,3.4948787599e-01,1.6855374016e-01,6.9543544251e-01
6.8950878941e-01,1.3175889531e+00,5.1826265623e-01,3.4930313823e-01,1.6895951800e-01,6.9606909200e-01
6.9094826496e-01,1.3183478264e+00,5.1848173195e-01,3.4911693659e-01,1.6936479536e-01,6.9670020265e-01
6.9238774052e-01,1.3191071368e+00,5.1869885189e-01,3.4892928146e-01,1.6976957043e-01,6.9732878238e-01
6.9382721607e-01,1.3198668845e+00,5.1891402459e-01,3.4874018318e-01,1.7017384141e-01,6.9795483909e-01
6.9526669162e-01,1.3206270698e+00,5.1912725860e-01,3.4854965206e-01,1.7057760653e-01,6.9857838071e-01
6.9670616717e-01,1.3213876929e+00,5.1933856239e-01,3.4835769835e-01,1.7098086403e-01,6.9919941515e-01
6.9814564272e-01,1.3221487541e+00,5.1954794444e-01,3.4816433229e-01,1.7138361215e-01,6.9981795032e-01
6.9958511828e-01,1.3229102536e+00,5.1975541320e-01,3.4796956403e-01,1.7178584917e-01,7.0043399414e-01
7.0102459383e-01,1.3236721917e+00,5.1996097710e-01,3.4777340374e-01,1.7218757336e-01,7.0104755451e-01
7.0246406938e-01,1.3244345687e+00,5.2016464452e-01,3.4757586149e-01,1.7258878303e-01,7.0165863934e-01
7.0390354493e-01,1.3251973848e+00,5.2036642384e-01,3.4737694736e-01,1.7298947649e-01,7.0226725654e-01
7.0534302048e-01,1.3259606402e+00,5.2056632341e-01,3.4717667135e-01,1.7338965207e-01,7.0287341402e-01
7.0678249604e-01,1.3267243352e+00,5.2076435155e-01,3.4697504343e-01,1.7378930811e-01,7.0347711967e-01
7.0822197159e-01,1.3274884701e+00,5.2096051654e-01,3.4677207355e-01,1.7418844299e-01,7.0407838139e-01
7.0966144714e-01,1.3282530450e+00,5.2115482666e-01,3.4656777160e-01,1.7458705507e-01,7.0467720709e-01
7.1110092269e-01,1.3290180604e+00,5.2134729016e-01,3.4636214742e-01,1.7498514274e-01,7.0527360465e-01
7.1254039824e-01,1.3297835163e+00,5.2153791525e-01,3.4615521084e-01,1.7538270441e-01,7.0586758197e-01
7.1397987380e-01,1.3305494131e+00,5.2172671012e-01,3.4594697161e-01,1.7577973851e-01,7.0645914694e-01
7.1541934935e-01,1.3313157511e+00,5.2191368294e-01,3.4573743948e-01,1.7617624346e-01,7.0704830744e-01
7.1685882490e-01,1.3320825304e+00,5.2209884186e-01,3.4552662414e-01,1.7657221772e-01,7.0763507135e-01
7.1829830045e-01,1.3328497514e+00,5.2228219498e-01,3.4531453522e-01,1.7696765976e-01,7.0821944656e-01
7.1973777600e-01,1.3336174142e+00,5.2246375040e-01,3.4510118235e-01,1.7736256805e-01,7.0880144094e-01
7.2117725156e-01,1.3343855192e+00,5.2264351619e-01,3.4488657510e-01,1.7775694109e-01,7.0938106237e-01
7.2261672711e-01,1.3351540665e+00,5.2282150038e-01,3.4467072299e-01,1.7815077739e-01,7.0995831871e-01
7.2405620266e-01,1.3359230566e+00,5.2299771099e-01,3.4445363551e-01,1.7854407548e-01,7.1053321782e-01
7.2549567821e-01,1.3366924895e+00,5.2317215601e-01,3.4423532211e-01,1.7893683389e-01,7.1110576757e-01
7.2693515376e-01,1.3374623656e+00,5.2334484339e-01,3.4401579221e-01,1.7932905118e-01,7.1167597581e-01
7.2837462932e-01,1.3382326851e+00,5.2351578108e-01,3.4379505517e-01,1.7972072591e-01,7.1224385040e-01
7.2981410487e-01,1.3390034482e+00,5.2368497699e-01,3.4357312032e-01,1.8011185667e-01,7.1280939918e-01
7.3125358042e-01,1.3397746553e+00,5.2385243900e-01,3.4334999696e-01,1.8050244205e-01,7.1337263001e-01
7.3269305597e-01,1.3405463066e+00,5.2401817498e-01,3.4312569432e-01,1.8089248066e-01,7.1393355070e-01
7.3413253152e-01,1.3413184023e+00,5.2418219277e-01,3.4290022164e-01,1.8128197113e-01,7.1449216911e-01
7.3557200708e-01,1.3420909427e+00,5.2434450016e-01,3.4267358806e-01,1.8167091210e-01,7.1504849305e-01
7.3701148263e-01,1.3428639281e+00,5.2450510495e-01,3.4244580274e-01,1.8205930221e-01,7.1560253036e-01
7.3845095818e-01,1.3436373587e+00,5.2466401489e-01,3.4221687475e-01,1.8244714013e-01,7.1615428885e-01
7.3989043373e-01,1.3444112347e+00,5.2482123772e-01,3.4198681316e-01,1.8283442455e-01,7.1670377634e-01
7.4132990928e-01,1.3451855564e+00,5.2497678114e-01,3.4175562698e-01,1.8322115416e-01,7.1725100063e-01
7.4276938484e-01,1.3459603242e+00,5.2513065284e-01,3.4152332518e-01,1.8360732766e-01,7.1779596953e-01
7.4420886039e-01,1.3467355381e+00,5.2528286048e-01,3.4128991670e-01,1.8399294378e-01,7.1833869083e-01
7.4564833594e-01,1.3475111985e+00,5.2543341169e-01,3.4105541044e-01,1.8437800125e-01,7.1887917232e-01
7.4708781149e-01,1.3482873057e+00,5.2558231406e-01,3.4081981525e-01,1.8476249882e-01,7.1941742180e-01
7.4852728704e-01,1.3490638599e+00,5.2572957519e-01,3.4058313995e-01,1.8514643524e-01,7.1995344703e-01
7.4996676260e-01,1.3498408614e+00,5.2587520263e-01,3.4034539333e-01,1.8552980931e-01,7.2048725580e-01
7.5140623815e-01,1.3506183103e+00,5.2601920391e-01,3.4010658412e-01,1.8591261979e-01,7.2101885587e-01
7.5284571370e-01,1.3513962071e+00,5.2616158653e-01,3.3986672103e-01,1.8629486551e-01,7.2154825501e-01
7.5428518925e-01,1.3521745519e+00,5.2630235798e-01,3.3962581272e-01,1.8667654526e-01,7.2207546095e-01
7.5572466480e-01,1.3529533449e+00,5.2644152570e-01,3.3938386782e-01,1.8705765788e-01,7.2260048147e-01
7.5716414036e-01,1.3537325866e+00,5.2657909713e-01,3.3914089492e-01,1.8743820221e-01,7.2312332428e-01
7.5860361591e-01,1.3545122770e+00,5.2671507966e-01,3.3889690256e-01,1.8781817710e-01,7.2364399714e-01
7.6004309146e-01,1.3552924165e+00,5.2684948069e-01,3.3865189926e-01,1.8819758142e-01,7.2416250777e-01
7.6148256701e-01,1.3560730053e+00,5.2698230755e-01,3.3840589349e-01,1.8857641405e-01,7.2467886388e-01
7.6292204256e-01,1.3568540437e+00,5.2711356758e-01,3.3815889369e-01,1.8895467389e-01,7.2519307320e-01
7.6436151812e-01,1.3576355320e+00,5.2724326807e-01,3.3791090825e-01,1.8933235983e-01,7.2570514342e-01
7.6580099367e-01,1.3584174703e+00,5.2737141632e-01,3.3766194553e-01,1.8970947079e-01,7.2621508225e-01
7.6724046922e-01,1.3591998591e+00,5.2749801956e-01,3.3741201385e-01,1.9008600571e-01,7.2672289738e-01
7.6867994477e-01,1.3599826984e+00,5.2762308503e-01,3.3716112150e-01,1.9046196353e-01,7.2722859649e-01
7.7011942032e-01,1.3607659886e+00,5.2774661992e-01,3.3690927671e-01,1.9083734321e-01,7.2773218726e-01
7.7155889588e-01,1.3615497300e+00,5.2786863142e-01,3.3665648772e-01,1.9121214370e-01,7.2823367736e-01
7.7299837143e-01,1.3623339228e+00,5.2798912667e-01,3.3640276267e-01,1.9158636400e-01,7.2873307445e-01
7.7443784698e-01,1.3631185672e+00,5.2810811280e-01,3.3614810970e-01,1.9196000310e-01,7.2923038618e-01
7.7587732253e-01,1.3639036635e+00,5.2822559692e-01,3.3589253692e-01,1.9233306000e-01,7.2972562020e-01
7.7731679809e-01,1.3646892121e+00,5.2834158609e-01,3.3563605238e-01,1.9270553371e-01,7.3021878414e-01
7.7875627364e-01,1.3654752130e+00,5.2845608737e-01,3.3537866410e-01,1.9307742327e-01,7.3070988564e-01
7.8019574919e-01,1.3662616667e+00,5.2856910779e-01,3.3512038007e-01,1.9344872772e-01,7.3119893231e-01
7.8163522474e-01,1.3670485733e+00,5.2868065435e-01,3.3486120823e-01,1.9381944612e-01,7.3168593177e-01
7.8307470029e-01,1.3678359332e+00,5.2879073402e-01,3.3460115650e-01,1.9418957752e-01,7.3217089162e-01
7.8451417585e-01,1.3686237465e+00,5.2889935376e-01,3.3434023275e-01,1.9455912101e-01,7.3265381945e-01
7.8595365140e-01,1.3694120136e+00,5.2900652049e-01,3.3407844482e-01,1.9492807567e-01,7.3313472285e-01
7.8739312695e-01,1.3702007347e+00,5.2911224111e-01,3.3381580050e-01,1.9529644061e-01,7.3361360940e-01
7.8883260250e-01,1.3709899101e+00,5.2921652251e-01,3.3355230758e-01,1.9566421493e-01,7.3409048667e-01
7.9027207805e-01,1.3717795399e+00,5.2931937153e-01,3.3328797376e-01,1.9603139777e-01,7.3456536222e-01
7.9171155361e-01,1.3725696246e+00,5.2942079500e-01,3.3302280674e-01,1.9639798826e-01,7.3503824359e-01
7.9315102916e-01,1.3733601644e+00,5.2952079973e-01,3.3275681419e-01,1.9676398554e-01,7.3550913834e-01
7.9459050471e-01,1.3741511594e+00,5.2961939249e-01,3.3249000371e-01,1.9712938877e-01,7.3597805399e-01
7.9602998026e-01,1.3749426101e+00,5.2971658004e-01,3.3222238290e-01,1.9749419714e-01,7.3644499806e-01
7.9746945581e-01,1.3757345165e+00,5.2981236910e-01,3.3195395930e-01,1.9785840980e-01,7.3690997808e-01
7.9890893137e-01,1.3765268791e+00,5.2990676639e-01,3.3168474041e-01,1.9822202597e-01,7.3737300153e-01
8.0034840692e-01,1.3773196980e+00,5.2999977857e-01,3.3141473373e-01,1.9858504485e-01,7.3783407593e-01
8.0178788247e-01,1.3781129736e+00,5.3009141231e-01,3.3114394668e-01,1.9894746564e-01,7.3829320875e-01
8.0322735802e-01,1.3789067061e+00,5.3018167425e-01,3.3087238667e-01,1.9930928758e-01,7.3875040748e-01
8.0466683357e-01,1.3797008957e+00,5.3027057097e-01,3.3060006107e-01,1.9967050990e-01,7.3920567957e-01
8.0610630913e-01,1.3804955427e+00,5.3035810907e-01,3.3032697722e-01,2.0003113185e-01,7.3965903248e-01
8.0754578468e-01,1.3812906475e+00,5.3044429511e-01,3.3005314241e-01,2.0039115270e-01,7.4011047366e-01
8.0898526023e-01,1.3820862101e+00,5.3052913562e-01,3.2977856391e-01,2.0075057171e-01,7.4056001054e-01
8.1042473578e-01,1.3828822310e+00,5.3061263710e-01,3.2950324894e-01,2.0110938816e-01,7.4100765055e-01
8.1186421133e-01,1.3836787103e+00,5.3069480605e-01,3.2922720469e-01,2.0146760136e-01,7.4145340111e-01
8.1330368689e-01,1.3844756484e+00,5.3077564892e-01,3.2895043833e-01,2.0182521059e-01,7.4189726962e-01
8.1474316244e-01,1.3852730455e+00,5.3085517215e-01,3.2867295698e-01,2.0218221517e-01,7.4233926348e-01
8.1618263799e-01,1.3860709019e+00,5.3093338216e-01,3.2839476773e-01,2.0253861443e-01,7.4277939007e-01
8.1762211354e-01,1.3868692177e+00,5.3101028533e-01,3.2811587762e-01,2.0289440770e-01,7.4321765676e-01
8.1906158909e-01,1.3876679934e+00,5.3108588802e-01,3.2783629369e-01,2.0324959433e-01,7.4365407093e-01
8.2050106465e-01,1.3884672291e+00,5.3116019659e-01,3.2755602291e-01,2.0360417368e-01,7.4408863992e-01
8.2194054020e-01,1.3892669252e+00,5.3123321733e-01,3.2727507224e-01,2.0395814510e-01,7.4452137107e-01
8.2338001575e-01,1.3900670818e+00,5.3130495656e-01,3.2699344858e-01,2.0431150798e-01,7.4495227173e-01
8.2481949130e-01,1.3908676994e+00,5.3137542053e-01,3.2671115883e-01,2.0466426170e-01,7.4538134920e-01
8.2625896685e-01,1.3916687780e+00,5.3144461549e-01,3.2642820984e-01,2.0501640566e-01,7.4580861080e-01
8.2769844241e-01,1.3924703180e+00,5.3151254767e-01,3.2614460840e-01,2.0536793926e-01,7.4623406383e-01
8.2913791796e-01,1.3932723196e+00,5.3157922325e-01,3.2586036132e-01,2.0571886194e-01,7.4665771558e-01
8.3057739351e-01,1.3940747832e+00,5.3164464842e-01,3.2557547532e-01,2.0606917310e-01,7.4707957332e-01
8.3201686906e-01,1.3948777090e+00,5.3170882932e-01,3.2528995714e-01,2.0641887219e-01,7.4749964432e-01
8.3345634461e-01,1.3956810972e+00,5.3177177209e-01,3.2500381343e-01,2.0676795866e-01,7.4791793584e-01
8.3489582017e-01,1.3964849481e+00,5.3183348282e-01,3.2471705086e-01,2.0711643196e-01,7.4833445511e-01
8.3633529572e-01,1.3972892620e+00,5.3189396759e-01,3.2442967603e-01,2.0746429156e-01,7.4874920938e-01
8.3777477127e-01,1.3980940392e+00,5.3195323246e-01,3.2414169552e-01,2.0781153694e-01,7.4916220586e-01
8.3921424682e-01,1.3988992799e+00,5.3201128346e-01,3.2385311588e-01,2.0815816758e-01,7.4957345176e-01
8.4065372237e-01,1.3997049843e+00,5.3206812660e-01,3.2356394361e-01,2.0850418299e-01,7.4998295428e-01
8.4209319793e-01,1.4005111529e+00,5.3212376787e-01,3.2327418521e-01,2.0884958266e-01,7.5039072061e-01
8.4353267348e-01,1.4013177857e+00,5.3217821323e-01,3.2298384712e-01,2.0919436611e-01,7.5079675792e-01
8.4497214903e-01,1.4021248831e+00,5.3223146862e-01,3.2269293575e-01,2.0953853287e-01,7.5120107337e-01
8.4641162458e-01,1.4029324454e+00,5.3228353996e-01,3.2240145748e-01,2.0988208248e-01,7.5160367412e-01
8.4785110013e-01,1.4037404728e+00,5.3233443313e-01,3.2210941867e-01,2.1022501446e-01,7.5200456731e-01
8.4929057569e-01,1.4045489655e+00,5.3238415401e-01,3.2181682562e-01,2.1056732839e-01,7.5240376006e-01
8.5073005124e-01,1.4053579240e+00,5.3243270845e-01,3.2152368463e-01,2.1090902382e-01,7.5280125949e-01
8.5216952679e-01,1.4061673483e+00,5.3248010227e-01,3.2123000194e-01,2.1125010033e-01,7.5319707270e-01
8.5360900234e-01,1.4069772389e+00,5.3252634126e-01,3.2093578378e-01,2.1159055748e-01,7.5359120678e-01
8.5504847789e-01,1.4077875959e+00,5.3257143121e-01,3.2064103632e-01,2.1193039489e-01,7.5398366883e-01
8.5648795345e-01,1.4085984196e+00,5.3261537788e-01,3.2034576574e-01,2.1226961214e-01,7.5437446589e-01
8.5792742900e-01,1.4094097104e+00,5.3265818699e-01,3.2004997815e-01,2.1260820884e-01,7.5476360504e-01
8.5936690455e-01,1.4102214684e+00,5.3269986426e-01,3.1975367964e-01,2.1294618462e-01,7.5515109331e-01
8.6080638010e-01,1.4110336939e+00,5.3274041537e-01,3.1945687628e-01,2.1328353909e-01,7.5553693773e-01
8.6224585565e-01,1.4118463873e+00,5.3277984598e-01,3.1915957409e-01,2.1362027190e-01,7.5592114533e-01
8.6368533121e-01,1.4126595487e+00,5.3281816175e-01,3.1886177907e-01,2.1395638268e-01,7.5630372310e-01
8.6512480676e-01,1.4134731785e+00,5.3285536828e-01,3.1856349718e-01,2.1429187109e-01,7.5668467805e-01
8.6656428231e-01,1.4142872768e+00,5.3289147117e-01,3.1826473437e-01,2.1462673680e-01,7.5706401715e-01
8.6800375786e-01,1.4151018441e+00,5.3292647600e-01,3.1796549653e-01,2.1496097947e-01,7.5744174739e-01
8.6944323341e-01,1.4159168805e+00,5.3296038832e-01,3.1766578954e-01,2.1529459878e-01,7.5781787570e-01
8.7088270897e-01,1.4167323864e+00,5.3299321366e-01,3.1736561924e-01,2.1562759442e-01,7.5819240904e-01
8.7232218452e-01,1.4175483619e+00,5.3302495753e-01,3.1706499143e-01,2.1595996609e-01,7.5856535433e-01
8.7376166007e-01,1.4183648075e+00,5.3305562541e-01,3.1676391191e-01,2.1629171349e-01,7.5893671851e-01
8.7520113562e-01,1.4191817232e+00,5.3308522276e-01,3.1646238641e-01,2.1662283634e-01,7.5930650847e-01
8.7664061117e-01,1.4199991095e+00,5.3311375502e-01,3.1616042066e-01,2.1695333436e-01,7.5967473110e-01
8.7808008673e-01,1.4208169665e+00,5.3314122762e-01,3.1585802035e-01,2.1728320727e-01,7.6004139329e-01
8.7951956228e-01,1.4216352946e+00,5.3316764594e-01,3.1555519113e-01,2.1761245481e-01,7.6040650191e-01
8.8095903783e-01,1.4224540940e+00,5.3319301537e-01,3.1525193863e-01,2.1794107674e-01,7.6077006381e-01
8.8239851338e-01,1.4232733650e+00,5.3321734126e-01,3.1494826845e-01,2.1826907281e-01,7.6113208584e-01
8.8383798893e-01,1.4240931078e+00,5.3324062893e-01,3.1464418615e-01,2.1859644278e-01,7.6149257481e-01
8.8527746449e-01,1.4249133228e+00,5.3326288370e-01,3.1433969728e-01,2.1892318642e-01,7.6185153756e-01
8.8671694004e-01,1.4257340102e+00,5.3328411085e-01,3.1403480734e-01,2.1924930351e-01,7.6220898088e-01
8.8815641559e-01,1.4265551703e+00,5.3330431565e-01,3.1372952181e-01,2.1957479384e-01,7.6256491156e-01
8.8959589114e-01,1.4273768034e+00,5.3332350334e-01,3.1342384613e-01,2.1989965720e-01,7.6291933638e-01
8.9103536669e-01,1.4281989096e+00,5.3334167914e-01,3.1311778574e-01,2.2022389341e-01,7.6327226211e-01
8.9247484225e-01,1.4290214894e+00,5.3335884826e-01,3.1281134600e-01,2.2054750226e-01,7.6362369549e-01
8.9391431780e-01,1.4298445429e+00,5.3337501587e-01,3.1250453230e-01,2.2087048358e-01,7.6397364326e-01
8.9535379335e-01,1.4306680705e+00,5.3339018714e-01,3.1219734995e-01,2.2119283719e-01,7.6432211215e-01
8.9679326890e-01,1.4314920724e+00,5.3340436719e-01,3.1188980426e-01,2.2151456294e-01,7.6466910888e-01
8.9823274445e-01,1.4323165489e+00,5.3341756115e-01,3.1158190050e-01,2.2183566065e-01,7.6501464013e-01
8.9967222001e-01,1.4331415002e+00,5.3342977410e-01,3.1127364391e-01,2.2215613019e-01,7.6535871259e-01
9.0111169556e-01,1.4339669267e+00,5.3344101112e-01,3.1096503971e-01,2.2247597141e-01,7.6570133293e-01
9.0255117111e-01,1.4347928286e+00,5.3345127727e-01,3.1065609309e-01,2.2279518417e-01,7.6604250782e-01
9.0399064666e-01,1.4356192061e+00,5.3346057756e-01,3.1034680921e-01,2.2311376835e-01,7.6638224390e-01
9.0543012221e-01,1.4364460596e+00,5.3346891701e-01,3.1003719318e-01,2.2343172383e-01,7.6672054779e-01
9.0686959777e-01,1.4372733894e+00,5.3347630062e-01,3.0972725012e-01,2.2374905049e-01,7.6705742612e-01
9.0830907332e-01,1.4381011957e+00,5.3348273334e-01,3.0941698510e-01,2.2406574824e-01,7.6739288549e-01
9.0974854887e-01,1.4389294787e+00,5.3348822012e-01,3.0910640316e-01,2.2438181696e-01,7.6772693250e-01
9.1118802442e-01,1.4397582388e+00,5.3349276589e-01,3.0879550931e-01,2.2469725658e-01,7.6805957371e-01
9.1262749997e-01,1.4405874762e+00,5.3349637555e-01,3.0848430855e-01,2.2501206701e-01,7.6839081570e-01
9.1406697553e-01,1.4414171913e+00,5.3349905400e-01,3.0817280583e-01,2.2532624817e-01,7.6872066501e-01
9.1550645108e-01,1.4422473842e+00,5.3350080608e-01,3.0786100609e-01,2.2563979999e-01,7.6904912818e-01
9.1694592663e-01,1.4430780552e+00,5.3350163665e-01,3.0754891423e-01,2.2595272242e-01,7.6937621173e-01
9.1838540218e-01,1.4439092047e+00,5.3350155052e-01,3.0723653513e-01,2.2626501539e-01,7.6970192218e-01
9.1982487773e-01,1.4447408329e+00,5.3350055251e-01,3.0692387364e-01,2.2657667887e-01,7.7002626602e-01
9.2126435329e-01,1.4455729401e+00,5.3349864739e-01,3.0661093458e-01,2.2688771281e-01,7.7034924972e-01
9.2270382884e-01,1.4464055265e+00,5.3349583992e-01,3.0629772275e-01,2.2719811717e-01,7.7067087977e-01
9.2414330439e-01,1.4472385925e+00,5.3349213484e-01,3.0598424291e-01,2.2750789193e-01,7.7099116261e-01
9.2558277994e-01,1.4480721383e+00,5.3348753688e-01,3.0567049981e-01,2.2781703707e-01,7.7131010469e-01
9.2702225549e-01,1.4489061641e+00,5.3348205073e-01,3.0535649815e-01,2.2812555258e-01,7.7162771243e-01
9.2846173105e-01,1.4497406704e+00,5.3347568108e-01,3.0504224263e-01,2.2843343845e-01,7.7194399225e-01
9.2990120660e-01,1.4505756572e+00,5.3346843259e-01,3.0472773791e-01,2.2874069468e-01,7.7225895054e-01
9.3134068215e-01,1.4514111250e+00,5.3346030989e-01,3.0441298861e-01,2.2904732128e-01,7.7257259370e-01
9.3278015770e-01,1.4522470740e+00,5.3345131761e-01,3.0409799935e-01,2.2935331826e-01,7.7288492809e-01
9.3421963325e-01,1.4530835044e+00,5.3344146036e-01,3.0378277471e-01,2.2965868564e-01,7.7319596007e-01
9.3565910881e-01,1.4539204166e+00,5.3343074270e-01,3.0346731924e-01,2.2996342346e-01,7.7350569599e-01
9.3709858436e-01,1.4547578108e+00,5.3341916920e-01,3.0315163747e-01,2.3026753173e-01,7.7381414218e-01
9.3853805991e-01,1.4555956874e+00,5.3340674440e-01,3.0283573389e-01,2.3057101051e-01,7.7412130495e-01
9.3997753546e-01,1.4564340465e+00,5.3339347283e-01,3.0251961299e-01,2.3087385984e-01,7.7442719060e-01
9.4141701101e-01,1.4572728884e+00,5.3337935899e-01,3.0220327922e-01,2.3117607977e-01,7.7473180543e-01
9.4285648657e-01,1.4581122135e+00,5.3336440735e-01,3.0188673700e-01,2.3147767036e-01,7.7503515572e-01
9.4429596212e-01,1.4589520220e+00,5.3334862239e-01,3.0156999072e-01,2.3177863167e-01,7.7533724771e-01
9.4573543767e-01,1.4597923142e+00,5.3333200855e-01,3.0125304476e-01,2.3207896379e-01,7.7563808766e-01
9.4717491322e-01,1.4606330904e+00,5.3331457025e-01,3.0093590347e-01,2.3237866678e-01,7.7593768180e-01
9.4861438877e-01,1.4614743508e+00,5.3329631189e-01,3.0061857116e-01,2.3267774073e-01,7.7623603635e-01
9.5005386433e-01,1.4623160958e+00,5.3327723787e-01,3.0030105213e-01,2.3297618574e-01,7.7653315751e-01
9.5149333988e-01,1.4631583255e+00,5.3325735255e-01,2.9998335066e-01,2.3327400188e-01,7.7682905148e-01
9.5293281543e-01,1.4640010404e+00,5.3323666027e-01,2.9966547099e-01,2.3357118928e-01,7.7712372444e-01
9.5437229098e-01,1.4648442406e+00,5.3321516538e-01,2.9934741734e-01,2.3386774804e-01,7.7741718254e-01
9.5581176653e-01,1.4656879264e+00,5.3319287217e-01,2.9902919390e-01,2.3416367827e-01,7.7770943193e-01
9.5725124209e-01,1.4665320982e+00,5.3316978494e-01,2.9871080484e-01,2.3445898009e-01,7.7800047875e-01
9.5869071764e-01,1.4673767562e+00,5.3314590795e-01,2.9839225432e-01,2.3475365364e-01,7.7829032912e-01
9.6013019319e-01,1.4682219007e+00,5.3312124547e-01,2.9807354644e-01,2.3504769903e-01,7.7857898915e-01
9.6156966874e-01,1.4690675319e+00,5.3309580173e-01,2.9775468532e-01,2.3534111642e-01,7.7886646493e-01
9.6300914429e-01,1.4699136502e+00,5.3306958095e-01,2.9743567501e-01,2.3563390593e-01,7.7915276253e-01
9.6444861985e-01,1.4707602558e+00,5.3304258731e-01,2.9711651958e-01,2.3592606773e-01,7.7943788803e-01
9.6588809540e-01,1.4716073491e+00,5.3301482500e-01,2.9679722303e-01,2.3621760197e-01,7.7972184747e-01
9.6732757095e-01,1.4724549302e+00,5.3298629819e-01,2.9647778937e-01,2.3650850881e-01,7.8000464689e-01
9.6876704650e-01,1.4733029994e+00,5.3295701100e-01,2.9615822258e-01,2.3679878842e-01,7.8028629231e-01
9.7020652205e-01,1.4741515572e+00,5.3292696757e-01,2.9583852661e-01,2.3708844097e-01,7.8056678974e-01
9.7164599761e-01,1.4750006036e+00,5.3289617200e-01,2.9551870538e-01,2.3737746663e-01,7.8084614518e-01
9.7308547316e-01,1.4758501391e+00,5.3286462838e-01,2.9519876279e-01,2.3766586559e-01,7.8112436459e-01
9.7452494871e-01,1.4767001639e+00,5.3283234078e-01,2.9487870274e-01,2.3795363804e-01,7.8140145396e-01
9.7596442426e-01,1.4775506782e+00,5.3279931324e-01,2.9455852906e-01,2.3824078417e-01,7.8167741923e-01
9.7740389981e-01,1.4784016825e+00,5.3276554979e-01,2.9423824560e-01,2.3852730419e-01,7.8195226633e-01
9.7884337537e-01,1.4792531768e+00,5.3273105447e-01,2.9391785617e-01,2.3881319830e-01,7.8222600120e-01
9.8028285092e-01,1.4801051616e+00,5.3269583125e-01,2.9359736455e-01,2.3909846670e-01,7.8249862974e-01
9.8172232647e-01,1.4809576370e+00,5.3265988412e-01,2.9327677450e-01,2.3938310962e-01,7.8277015785e-01
9.8316180202e-01,1.4818106035e+00,5.3262321704e-01,2.9295608976e-01,2.3966712727e-01,7.8304059140e-01
9.8460127757e-01,1.4826640613e+00,5.3258583395e-01,2.9263531406e-01,2.3995051989e-01,7.8330993627e-01
9.8604075313e-01,1.4835180105e+00,5.3254773877e-01,2.9231445107e-01,2.4023328770e-01,7.8357819831e-01
9.8748022868e-01,1.4843724517e+00,5.3250893543e-01,2.9199350449e-01,2.4051543094e-01,7.8384538335e-01
9.8891970423e-01,1.4852273849e+00,5.3246942779e-01,2.9167247794e-01,2.4079694985e-01,7.8411149723e-01
9.9035917978e-01,1.4860828106e+00,5.3242921975e-01,2.9135137506e-01,2.4107784468e-01,7.8437654575e-01
9.9179865533e-01,1.4869387289e+00,5.3238831514e-01,2.9103019946e-01,2.4135811569e-01,7.8464053470e-01
9.9323813089e-01,1.4877951402e+00,5.3234671782e-01,2.9070895470e-01,2.4163776312e-01,7.8490346988e-01
9.9467760644e-01,1.4886520448e+00,5.3230443160e-01,2.9038764436e-01,2.4191678724e-01,7.8516535704e-01
9.9611708199e-01,1.4895094429e+00,5.3226146028e-01,2.9006627196e-01,2.4219518831e-01,7.8542620195e-01
9.9755655754e-01,1.4903673348e+00,5.3221780764e-01,2.8974484102e-01,2.4247296662e-01,7.8568601034e-01
9.9899603309e-01,1.4912257209e+00,5.3217347747e-01,2.8942335504e-01,2.4275012243e-01,7.8594478794e-01
1.0004355086e+00,1.4920846013e+00,5.3212847350e-01,2.8910181747e-01,2.4302665603e-01,7.8620254046e-01
1.0018749842e+00,1.4929439764e+00,5.3208279948e-01,2.8878023177e-01,2.4330256770e-01,7.8645927360e-01
1.0033144598e+00,1.4938038465e+00,5.3203645912e-01,2.8845860137e-01,2.4357785774e-01,7.8671499304e-01
1.0047539353e+00,1.4946642118e+00,5.3198945611e-01,2.8813692967e-01,2.4385252644e-01,7.8696970445e-01
1.0061934109e+00,1.4955250726e+00,5.3194179415e-01,2.8781522005e-01,2.4412657410e-01,7.8722341349e-01
1.0076328864e+00,1.4963864293e+00,5.3189347691e-01,2.8749347588e-01,2.4440000103e-01,7.8747612580e-01
1.0090723620e+00,1.4972482821e+00,5.3184450802e-01,2.8717170049e-01,2.4467280753e-01,7.8772784701e-01
1.0105118375e+00,1.4981106312e+00,5.3179489113e-01,2.8684989721e-01,2.4494499392e-01,7.8797858272e-01
1.0119513131e+00,1.4989734771e+00,5.3174462985e-01,2.8652806932e-01,2.4521656053e-01,7.8822833854e-01
1.0133907886e+00,1.4998368199e+00,5.3169372778e-01,2.8620622011e-01,2.4548750767e-01,7.8847712006e-01
1.0148302642e+00,1.5007006599e+00,5.3164218850e-01,2.8588435283e-01,2.4575783567e-01,7.8872493284e-01
1.0162697397e+00,1.5015649975e+00,5.3159001559e-01,2.8556247072e-01,2.4602754487e-01,7.8897178245e-01
1.0177092153e+00,1.5024298329e+00,5.3153721259e-01,2.8524057699e-01,2.4629663559e-01,7.8921767442e-01
1.0191486908e+00,1.5032951664e+00,5.3148378303e-01,2.8491867483e-01,2.4656510820e-01,7.8946261428e-01
1.0205881664e+00,1.5041609983e+00,5.3142973044e-01,2.8459676742e-01,2.4683296302e-01,7.8970660756e-01
1.0220276419e+00,1.5050273289e+00,5.3137505832e-01,2.8427485790e-01,2.4710020041e-01,7.8994965974e-01
1.0234671175e+00,1.5058941584e+00,5.3131977015e-01,2.8395294942e-01,2.4736682073e-01,7.9019177633e-01
1.0249065930e+00,1.5067614873e+00,5.3126386940e-01,2.8363104507e-01,2.4763282433e-01,7.9043296278e-01
1.0263460686e+00,1.5076293156e+00,5.3120735952e-01,2.8330914794e-01,2.4789821158e-01,7.9067322457e-01
1.0277855441e+00,1.5084976438e+00,5.3115024396e-01,2.8298726112e-01,2.4816298284e-01,7.9091256713e-01
1.0292250197e+00,1.5093664721e+00,5.3109252614e-01,2.8266538765e-01,2.4842713849e-01,7.9115099590e-01
1.0306644952e+00,1.5102358008e+00,5.3103420945e-01,2.8234353055e-01,2.4869067890e-01,7.9138851629e-01
1.0321039708e+00,1.5111056302e+00,5.3097529730e-01,2.8202169284e-01,2.4895360446e-01,7.9162513371e-01
1.0335434463e+00,1.5119759606e+00,5.3091579305e-01,2.8169987752e-01,2.4921591553e-01,7.9186085356e-01
1.0349829219e+00,1.5128467922e+00,5.3085570006e-01,2.8137808754e-01,2.4947761252e-01,7.9209568119e-01
1.0364223974e+00,1.5137181254e+00,5.3079502168e-01,2.8105632586e-01,2.4973869582e-01,7.9232962198e-01
1.0378618730e+00,1.5145899605e+00,5.3073376124e-01,2.8073459542e-01,2.4999916582e-01,7.9256268128e-01
1.0393013486e+00,1.5154622977e+00,5.3067192204e-01,2.8041289912e-01,2.5025902292e-01,7.9279486441e-01
1.0407408241e+00,1.5163351373e+00,5.3060950738e-01,2.8009123985e-01,2.5051826753e-01,7.9302617670e-01
1.0421802997e+00,1.5172084797e+00,5.3054652054e-01,2.7976962049e-01,2.5077690005e-01,7.9325662346e-01
1.0436197752e+00,1.5180823251e+00,5.3048296479e-01,2.7944804390e-01,2.5103492089e-01,7.9348620997e-01
1.0450592508e+00,1.5189566737e+00,5.3041884338e-01,2.7912651290e-01,2.5129233048e-01,7.9371494152e-01
1.0464987263e+00,1.5198315259e+00,5.3035415955e-01,2.7880503032e-01,2.5154912923e-01,7.9394282337e-01
1.0479382019e+00,1.5207068821e+00,5.3028891651e-01,2.7848359895e-01,2.5180531756e-01,7.9416986078e-01
1.0493776774e+00,1.5215827423e+00,5.3022311746e-01,2.7816222156e-01,2.5206089590e-01,7.9439605897e-01
1.0508171530e+00,1.5224591071e+00,5.3015676561e-01,2.7784090092e-01,2.5231586469e-01,7.9462142318e-01
1.0522566285e+00,1.5233359766e+00,5.3008986412e-01,2.7751963977e-01,2.5257022435e-01,7.9484595862e-01
1.0536961041e+00,1.5242133511e+00,5.3002241615e-01,2.7719844082e-01,2.5282397533e-01,7.9506967047e-01
1.0551355796e+00,1.5250912310e+00,5.2995442485e-01,2.7687730679e-01,2.5307711806e-01,7.9529256393e-01
1.0565750552e+00,1.5259696164e+00,5.2988589335e-01,2.7655624035e-01,2.5332965299e-01,7.9551464417e-01
1.0580145307e+00,1.5268485078e+00,5.2981682476e-01,2.7623524418e-01,2.5358158058e-01,7.9573591633e-01
1.0594540063e+00,1.5277279054e+00,5.2974722218e-01,2.7591432091e-01,2.5383290127e-01,7.9595638556e-01
1.0608934818e+00,1.5286078095e+00,5.2967708871e-01,2.7559347319e-01,2.5408361552e-01,7.9617605699e-01
1.0623329574e+00,1.5294882204e+00,5.2960642741e-01,2.7527270362e-01,2.5433372379e-01,7.9639493573e-01
1.0637724329e+00,1.5303691383e+00,5.2953524133e-01,2.7495201480e-01,2.5458322654e-01,7.9661302689e-01
1.0652119085e+00,1.5312505636e+00,5.2946353353e-01,2.7463140929e-01,2.5483212424e-01,7.9683033555e-01
1.0666513840e+00,1.5321324966e+00,5.2939130703e-01,2.7431088967e-01,2.5508041736e-01,7.9704686678e-01
1.0680908596e+00,1.5330149375e+00,5.2931856484e-01,2.7399045847e-01,2.5532810637e-01,7.9726262565e-01
1.0695303351e+00,1.5338978867e+00,5.2924530996e-01,2.7367011821e-01,2.5557519175e-01,7.9747761721e-01
1.0709698107e+00,1.5347813444e+00,5.2917154538e-01,2.7334987140e-01,2.5582167398e-01,7.9769184647e-01
1.0724092862e+00,1.5356653110e+00,5.2909727407e-01,2.7302972052e-01,2.5606755355e-01,7.9790531848e-01
1.0738487618e+00,1.5365497867e+00,5.2902249898e-01,2.7270966805e-01,2.5631283093e-01,7.9811803822e-01
1.0752882374e+00,1.5374347718e+00,5.2894722306e-01,2.7238971644e-01,2.5655750663e-01,7.9833001071e-01
1.0767277129e+00,1.5383202666e+00,5.2887144924e-01,2.7206986812e-01,2.5680158112e-01,7.9854124090e-01
1.0781671885e+00,1.5392062714e+00,5.2879518043e-01,2.7175012551e-01,2.5704505492e-01,7.9875173378e-01
1.0796066640e+00,1.5400927865e+00,5.2871841952e-01,2.7143049101e-01,2.5728792851e-01,7.9896149429e-01
1.0810461396e+00,1.5409798122e+00,5.2864116942e-01,2.7111096701e-01,2.5753020241e-01,7.9917052737e-01
1.0824856151e+00,1.5418673488e+00,5.2856343299e-01,2.7079155587e-01,2.5777187712e-01,7.9937883795e-01
1.0839250907e+00,1.5427553966e+00,5.2848521309e-01,2.7047225995e-01,2.5801295314e-01,7.9958643095e-01
1.0853645662e+00,1.5436439559e+00,5.2840651257e-01,2.7015308158e-01,2.5825343099e-01,7.9979331126e-01
1.0868040418e+00,1.5445330269e+00,5.2832733426e-01,2.6983402307e-01,2.5849331119e-01,7.9999948376e-01
1.0882435173e+00,1.5454226100e+00,5.2824768097e-01,2.6951508672e-01,2.5873259424e-01,8.0020495333e-01
1.0896829929e+00,1.5463127055e+00,5.2816755551e-01,2.6919627483e-01,2.5897128069e-01,8.0040972484e-01
1.0911224684e+00,1.5472033136e+00,5.2808696068e-01,2.6887758965e-01,2.5920937103e-01,8.0061380312e-01
1.0925619440e+00,1.5480944346e+00,5.2800589925e-01,2.6855903343e-01,2.5944686582e-01,8.0081719301e-01
1.0940014195e+00,1.5489860689e+00,5.2792437398e-01,2.6824060842e-01,2.5968376557e-01,8.0101989933e-01
1.0954408951e+00,1.5498782168e+00,5.2784238764e-01,2.6792231683e-01,2.5992007081e-01,8.0122192689e-01
1.0968803706e+00,1.5507708785e+00,5.2775994294e-01,2.6760416085e-01,2.6015578209e-01,8.0142328048e-01
1.0983198462e+00,1.5516640543e+00,5.2767704263e-01,2.6728614269e-01,2.6039089994e-01,8.0162396489e-01
1.0997593217e+00,1.5525577446e+00,5.2759368941e-01,2.6696826451e-01,2.6062542491e-01,8.0182398487e-01
1.1011987973e+00,1.5534519495e+00,5.2750988598e-01,2.6665052845e-01,2.6085935753e-01,8.0202334519e-01
1.1026382728e+00,1.5543466695e+00,5.2742563503e-01,2.6633293667e-01,2.6109269836e-01,8.0222205058e-01
1.1040777484e+00,1.5552419049e+00,5.2734093922e-01,2.6601549128e-01,2.6132544794e-01,8.0242010578e-01
1.1055172239e+00,1.5561376558e+00,5.2725580122e-01,2.6569819440e-01,2.6155760683e-01,8.0261751550e-01
1.1069566995e+00,1.5570339226e+00,5.2717022368e-01,2.6538104810e-01,2.6178917558e-01,8.0281428444e-01
1.1083961750e+00,1.5579307057e+00,5.2708420923e-01,2.6506405448e-01,2.6202015475e-01,8.0301041729e-01
1.1098356506e+00,1.5588280053e+00,5.2699776048e-01,2.6474721558e-01,2.6225054490e-01,8.0320591874e-01
1.1112751262e+00,1.5597258216e+00,5.2691088006e-01,2.6443053346e-01,2.6248034660e-01,8.0340079344e-01
1.1127146017e+00,1.5606241551e+00,5.2682357055e-01,2.6411401014e-01,2.6270956041e-01,8.0359504604e-01
1.1141540773e+00,1.5615230060e+00,5.2673583453e-01,2.6379764764e-01,2.6293818689e-01,8.0378868119e-01
1.1155935528e+00,1.5624223746e+00,5.2664767459e-01,2.6348144796e-01,2.6316622663e-01,8.0398170351e-01
1.1170330284e+00,1.5633222611e+00,5.2655909327e-01,2.6316541309e-01,2.6339368018e-01,8.0417411761e-01
1.1184725039e+00,1.5642226660e+00,5.2647009312e-01,2.6284954498e-01,2.6362054814e-01,8.0436592809e-01
1.1199119795e+00,1.5651235895e+00,5.2638067668e-01,2.6253384561e-01,2.6384683107e-01,8.0455713954e-01
1.1213514550e+00,1.5660250318e+00,5.2629084646e-01,2.6221831690e-01,2.6407252956e-01,8.0474775654e-01
1.1227909306e+00,1.5669269934e+00,5.2620060497e-01,2.6190296078e-01,2.6429764419e-01,8.0493778364e-01
1.1242304061e+00,1.5678294744e+00,5.2610995472e-01,2.6158777917e-01,2.6452217555e-01,8.0512722539e-01
1.1256698817e+00,1.5687324752e+00,5.2601889818e-01,2.6127277396e-01,2.6474612423e-01,8.0531608634e-01
1.1271093572e+00,1.5696359961e+00,5.2592743783e-01,2.6095794702e-01,2.6496949081e-01,8.0550437100e-01
1.1285488328e+00,1.5705400374e+00,5.2583557613e-01,2.6064330024e-01,2.6519227589e-01,8.0569208389e-01
1.1299883083e+00,1.5714445994e+00,5.2574331551e-01,2.6032883545e-01,2.6541448006e-01,8.0587922950e-01
1.1314277839e+00,1.5723496824e+00,5.2565065843e-01,2.6001455450e-01,2.6563610393e-01,8.0606581232e-01
1.1328672594e+00,1.5732552867e+00,5.2555760731e-01,2.5970045922e-01,2.6585714809e-01,8.0625183683e-01
1.1343067350e+00,1.5741614125e+00,5.2546416454e-01,2.5938655140e-01,2.6607761314e-01,8.0643730749e-01
1.1357462105e+00,1.5750680603e+00,5.2537033255e-01,2.5907283285e-01,2.6629749969e-01,8.0662222874e-01
1.1371856861e+00,1.5759752302e+00,5.2527611371e-01,2.5875930536e-01,2.6651680835e-01,8.0680660503e-01
1.1386251616e+00,1.5768829226e+00,5.2518151040e-01,2.5844597067e-01,2.6673553972e-01,8.0699044077e-01
1.1400646372e+00,1.5777911378e+00,5.2508652498e-01,2.5813283056e-01,2.6695369442e-01,8.0717374038e-01
1.1415041127e+00,1.5786998761e+00,5.2499115982e-01,2.5781988677e-01,2.6717127305e-01,8.0735650826e-01
1.1429435883e+00,1.5796091378e+00,5.2489541724e-01,2.5750714100e-01,2.6738827624e-01,8.0753874879e-01
1.1443830638e+00,1.5805189232e+00,5.2479929959e-01,2.5719459499e-01,2.6760470460e-01,8.0772046636e-01
1.1458225394e+00,1.5814292326e+00,5.2470280918e-01,2.5688225043e-01,2.6782055875e-01,8.0790166531e-01
1.1472620150e+00,1.5823400663e+00,5.2460594831e-01,2.5657010900e-01,2.6803583931e-01,8.0808235001e-01
1.1487014905e+00,1.5832514246e+00,5.2450871929e-01,2.5625817238e-01,2.6825054691e-01,8.0826252479e-01
1.1501409661e+00,1.5841633078e+00,5.2441112439e-01,2.5594644222e-01,2.6846468217e-01,8.0844219397e-01
1.1515804416e+00,1.5850757162e+00,5.2431316590e-01,2.5563492018e-01,2.6867824572e-01,8.0862136187e-01
1.1530199172e+00,1.5859886501e+00,5.2421484607e-01,2.5532360788e-01,2.6889123819e-01,8.0880003280e-01
1.1544593927e+00,1.5869021098e+00,5.2411616715e-01,2.5501250694e-01,2.6910366021e-01,8.0897821104e-01
1.1558988683e+00,1.5878160956e+00,5.2401713138e-01,2.5470161897e-01,2.6931551241e-01,8.0915590087e-01
1.1573383438e+00,1.5887306078e+00,5.2391774100e-01,2.5439094556e-01,2.6952679543e-01,8.0933310655e-01
1.1587778194e+00,1.5896456468e+00,5.2381799821e-01,2.5408048829e-01,2.6973750992e-01,8.0950983234e-01
1.1602172949e+00,1.5905612128e+00,5.2371790523e-01,2.5377024873e-01,2.6994765650e-01,8.0968608248e-01
1.1616567705e+00,1.5914773061e+00,5.2361746425e-01,2.5346022844e-01,2.7015723581e-01,8.0986186120e-01
1.1630962460e+00,1.5923939270e+00,5.2351667746e-01,2.5315042894e-01,2.7036624851e-01,8.1003717272e-01
1.1645357216e+00,1.5933110759e+00,5.2341554702e-01,2.5284085178e-01,2.7057469524e-01,8.1021202125e-01
1.1659751971e+00,1.5942287530e+00,5.2331407511e-01,2.5253149847e-01,2.7078257664e-01,8.1038641097e-01
1.1674146727e+00,1.5951469586e+00,5.2321226388e-01,2.5222237051e-01,2.7098989336e-01,8.1056034606e-01
1.1688541482e+00,1.5960656931e+00,5.2311011546e-01,2.5191346940e-01,2.7119664606e-01,8.1073383071e-01
1.1702936238e+00,1.5969849568e+00,5.2300763198e-01,2.5160479661e-01,2.7140283538e-01,8.1090686907e-01
1.1717330993e+00,1.5979047499e+00,5.2290481558e-01,2.5129635360e-01,2.7160846198e-01,8.1107946529e-01
1.1731725749e+00,1.5988250727e+00,5.2280166835e-01,2.5098814184e-01,2.7181352651e-01,8.1125162349e-01
1.1746120504e+00,1.5997459257e+00,5.2269819240e-01,2.5068016276e-01,2.7201802963e-01,8.1142334781e-01
1.1760515260e+00,1.6006673090e+00,5.2259438981e-01,2.5037241780e-01,2.7222197201e-01,8.1159464236e-01
1.1774910015e+00,1.6015892229e+00,5.2249026266e-01,2.5006490837e-01,2.7242535429e-01,8.1176551123e-01
1.1789304771e+00,1.6025116679e+00,5.2238581303e-01,2.4975763587e-01,2.7262817715e-01,8.1193595852e-01
1.1803699526e+00,1.6034346441e+00,5.2228104296e-01,2.4945060171e-01,2.7283044125e-01,8.1210598830e-01
1.1818094282e+00,1.6043581520e+00,5.2217595451e-01,2.4914380726e-01,2.7303214725e-01,8.1227560463e-01
1.1832489038e+00,1.6052821917e+00,5.2207054972e-01,2.4883725389e-01,2.7323329583e-01,8.1244481158e-01
1.1846883793e+00,1.6062067636e+00,5.2196483060e-01,2.4853094296e-01,2.7343388764e-01,8.1261361319e-01
1.1861278549e+00,1.6071318681e+00,5.2185879918e-01,2.4822487582e-01,2.7363392336e-01,8.1278201348e-01
1.1875673304e+00,1.6080575054e+00,5.2175245746e-01,2.4791905380e-01,2.7383340366e-01,8.1295001648e-01
1.1890068060e+00,1.6089836758e+00,5.2164580744e-01,2.4761347822e-01,2.7403232922e-01,8.1311762619e-01
1.1904462815e+00,1.6099103796e+00,5.2153885110e-01,2.4730815040e-01,2.7423070071e-01,8.1328484661e-01
1.1918857571e+00,1.6108376172e+00,5.2143159043e-01,2.4700307163e-01,2.7442851880e-01,8.1345168173e-01
1.1933252326e+00,1.6117653888e+00,5.2132402739e-01,2.4669824321e-01,2.7462578418e-01,8.1361813553e-01
1.1947647082e+00,1.6126936948e+00,5.2121616393e-01,2.4639366641e-01,2.7482249752e-01,8.1378421196e-01
1.1962041837e+00,1.6136225354e+00,5.2110800200e-01,2.4608934249e-01,2.7501865951e-01,8.1394991497e-01
1.1976436593e+00,1.6145519110e+00,5.2099954355e-01,2.4578527272e-01,2.7521427082e-01,8.1411524851e-01
1.1990831348e+00,1.6154818219e+00,5.2089079049e-01,2.4548145834e-01,2.7540933214e-01,8.1428021652e-01
1.2005226104e+00,1.6164122684e+00,5.2078174474e-01,2.4517790058e-01,2.7560384416e-01,8.1444482290e-01
1.2019620859e+00,1.6173432508e+00,5.2067240821e-01,2.4487460065e-01,2.7579780756e-01,8.1460907156e-01
1.2034015615e+00,1.6182747694e+00,5.2056278281e-01,2.4457155978e-01,2.7599122303e-01,8.1477296640e-01
1.2048410370e+00,1.6192068245e+00,5.2045287041e-01,2.4426877916e-01,2.7618409126e-01,8.1493651131e-01
1.2062805126e+00,1.6201394164e+00,5.2034267291e-01,2.4396625997e-01,2.7637641293e-01,8.1509971016e-01
1.2077199881e+00,1.6210725454e+00,5.2023219216e-01,2.4366400341e-01,2.7656818875e-01,8.1526256682e-01
1.2091594637e+00,1.6220062119e+00,5.2012143003e-01,2.4336201063e-01,2.7675941940e-01,8.1542508513e-01
1.2105989392e+00,1.6229404162e+00,5.2001038836e-01,2.4306028279e-01,2.7695010558e-01,8.1558726894e-01
1.2120384148e+00,1.6238751585e+00,5.1989906901e-01,2.4275882104e-01,2.7714024798e-01,8.1574912208e-01
1.2134778903e+00,1.6248104391e+00,5.1978747381e-01,2.4245762651e-01,2.7732984729e-01,8.1591064836e-01
1.2149173659e+00,1.6257462585e+00,5.1967560456e-01,2.4215670033e-01,2.7751890423e-01,8.1607185161e-01
1.2163568414e+00,1.6266826168e+00,5.1956346310e-01,2.4185604362e-01,2.7770741949e-01,8.1623273561e-01
1.2177963170e+00,1.6276195145e+00,5.1945105122e-01,2.4155565747e-01,2.7789539376e-01,8.1639330416e-01
1.2192357926e+00,1.6285569517e+00,5.1933837073e-01,2.4125554298e-01,2.7808282775e-01,8.1655356103e-01
1.2206752681e+00,1.6294949289e+00,5.1922542339e-01,2.4095570123e-01,2.7826972216e-01,8.1671350998e-01
1.2221147437e+00,1.6304334463e+00,5.1911221101e-01,2.4065613331e-01,2.7845607770e-01,8.1687315478e-01
1.2235542192e+00,1.6313725043e+00,5.1899873533e-01,2.4035684026e-01,2.7864189507e-01,8.1703249917e-01
1.2249936948e+00,1.6323121031e+00,5.1888499812e-01,2.4005782315e-01,2.7882717497e-01,8.1719154688e-01
1.2264331703e+00,1.6332522431e+00,5.1877100114e-01,2.3975908302e-01,2.7901191812e-01,8.1735030163e-01
1.2278726459e+00,1.6341929245e+00,5.1865674612e-01,2.3946062090e-01,2.7919612522e-01,8.1750876715e-01
1.2293121214e+00,1.6351341478e+00,5.1854223479e-01,2.3916243781e-01,2.7937979698e-01,8.1766694713e-01
1.2307515970e+00,1.6360759132e+00,5.1842746888e-01,2.3886453477e-01,2.7956293411e-01,8.1782484526e-01
1.2321910725e+00,1.6370182209e+00,5.1831245011e-01,2.3856691278e-01,2.7974553733e-01,8.1798246523e-01
1.2336305481e+00,1.6379610714e+00,5.1819718018e-01,2.3826957283e-01,2.7992760734e-01,8.1813981070e-01
1.2350700236e+00,1.6389044650e+00,5.1808166078e-01,2.3797251592e-01,2.8010914487e-01,8.1829688535e-01
1.2365094992e+00,1.6398484019e+00,5.1796589361e-01,2.3767574300e-01,2.8029015061e-01,8.1845369282e-01
1.2379489747e+00,1.6407928824e+00,5.1784988035e-01,2.3737925506e-01,2.8047062530e-01,8.1861023674e-01
1.2393884503e+00,1.6417379070e+00,5.1773362267e-01,2.3708305304e-01,2.8065056964e-01,8.1876652076e-01
1.2408279258e+00,1.6426834758e+00,5.1761712224e-01,2.3678713788e-01,2.8082998435e-01,8.1892254849e-01
1.2422674014e+00,1.6436295892e+00,5.1750038070e-01,2.3649151054e-01,2.8100887016e-01,8.1907832354e-01
1.2437068769e+00,1.6445762476e+00,5.1738339970e-01,2.3619617192e-01,2.8118722778e-01,8.1923384952e-01
1.2451463525e+00,1.6455234512e+00,5.1726618088e-01,2.3590112296e-01,2.8136505792e-01,8.1938913000e-01
1.2465858280e+00,1.6464712003e+00,5.1714872588e-01,2.3560636456e-01,2.8154236132e-01,8.1954416857e-01
1.2480253036e+00,1.6474194953e+00,5.1703103631e-01,2.3531189761e-01,2.8171913870e-01,8.1969896880e-01
1.2494647791e+00,1.6483683365e+00,5.1691311379e-01,2.3501772302e-01,2.8189539077e-01,8.1985353426e-01
1.2509042547e+00,1.6493177241e+00,5.1679495991e-01,2.3472384165e-01,2.8207111826e-01,8.2000786848e-01
1.2523437302e+00,1.6502676586e+00,5.1667657629e-01,2.3443025439e-01,2.8224632190e-01,8.2016197500e-01
1.2537832058e+00,1.6512181402e+00,5.1655796450e-01,2.3413696209e-01,2.8242100241e-01,8.2031585737e-01
1.2552226814e+00,1.6521691692e+00,5.1643912612e-01,2.3384396561e-01,2.8259516051e-01,8.2046951909e-01
1.2566621569e+00,1.6531207460e+00,5.1632006273e-01,2.3355126579e-01,2.8276879694e-01,8.2062296368e-01
1.2581016325e+00,1.6540728709e+00,5.1620077590e-01,2.3325886348e-01,2.8294191242e-01,8.2077619464e-01
1.2595411080e+00,1.6550255441e+00,5.1608126717e-01,2.3296675949e-01,2.8311450768e-01,8.2092921545e-01
1.2609805836e+00,1.6559787660e+00,5.1596153810e-01,2.3267495465e-01,2.8328658346e-01,8.2108202960e-01
1.2624200591e+00,1.6569325370e+00,5.1584159023e-01,2.3238344976e-01,2.8345814047e-01,8.2123464055e-01
1.2638595347e+00,1.6578868572e+00,5.1572142508e-01,2.3209224563e-01,2.8362917945e-01,8.2138705178e-01
1.2652990102e+00,1.6588417271e+00,5.1560104419e-01,2.3180134306e-01,2.8379970113e-01,8.2153926672e-01
1.2667384858e+00,1.6597971470e+00,5.1548044907e-01,2.3151074282e-01,2.8396970625e-01,8.2169128883e-01
1.2681779613e+00,1.6607531172e+00,5.1535964123e-01,2.3122044569e-01,2.8413919554e-01,8.2184312153e-01
1.2696174369e+00,1.6617096379e+00,5.1523862216e-01,2.3093045244e-01,2.8430816972e-01,8.2199476825e-01
1.2710569124e+00,1.6626667096e+00,5.1511739337e-01,2.3064076383e-01,2.8447662955e-01,8.2214623239e-01
1.2724963880e+00,1.6636243325e+00,5.1499595634e-01,2.3035138060e-01,2.8464457574e-01,8.2229751736e-01
1.2739358635e+00,1.6645825069e+00,5.1487431255e-01,2.3006230351e-01,2.8481200904e-01,8.2244862656e-01
1.2753753391e+00,1.6655412333e+00,5.1475246346e-01,2.2977353328e-01,2.8497893018e-01,8.2259956338e-01
1.2768148146e+00,1.6665005118e+00,5.1463041054e-01,2.2948507064e-01,2.8514533990e-01,8.2275033117e-01
1.2782542902e+00,1.6674603428e+00,5.1450815525e-01,2.2919691631e-01,2.8531123894e-01,8.2290093332e-01
1.2796937657e+00,1.6684207266e+00,5.1438569903e-01,2.2890907100e-01,2.8547662803e-01,8.2305137317e-01
1.2811332413e+00,1.6693816635e+00,5.1426304333e-01,2.2862153541e-01,2.8564150792e-01,8.2320165408e-01
1.2825727168e+00,1.6703431540e+00,5.1414018957e-01,2.2833431023e-01,2.8580587934e-01,8.2335177937e-01
1.2840121924e+00,1.6713051982e+00,5.1401713918e-01,2.2804739615e-01,2.8596974303e-01,8.2350175239e-01
1.2854516679e+00,1.6722677964e+00,5.1389389359e-01,2.2776079385e-01,2.8613309974e-01,8.2365157645e-01
1.2868911435e+00,1.6732309492e+00,5.1377045420e-01,2.2747450399e-01,2.8629595020e-01,8.2380125486e-01
1.2883306190e+00,1.6741946566e+00,5.1364682241e-01,2.2718852725e-01,2.8645829516e-01,8.2395079091e-01
1.2897700946e+00,1.6751589191e+00,5.1352299962e-01,2.2690286427e-01,2.8662013536e-01,8.2410018791e-01
1.2912095702e+00,1.6761237369e+00,5.1339898723e-01,2.2661751570e-01,2.8678147153e-01,8.2424944913e-01
1.2926490457e+00,1.6770891105e+00,5.1327478661e-01,2.2633248217e-01,2.8694230443e-01,8.2439857785e-01
1.2940885213e+00,1.6780550401e+00,5.1315039913e-01,2.2604776433e-01,2.8710263480e-01,8.2454757734e-01
1.2955279968e+00,1.6790215260e+00,5.1302582617e-01,2.2576336280e-01,2.8726246338e-01,8.2469645084e-01
1.2969674724e+00,1.6799885685e+00,5.1290106909e-01,2.2547927818e-01,2.8742179091e-01,8.2484520160e-01
1.2984069479e+00,1.6809561681e+00,5.1277612924e-01,2.2519551109e-01,2.8758061814e-01,8.2499383287e-01
1.2998464235e+00,1.6819243249e+00,5.1265100796e-01,2.2491206214e-01,2.8773894583e-01,8.2514234787e-01
1.3012858990e+00,1.6828930393e+00,5.1252570660e-01,2.2462893191e-01,2.8789677470e-01,8.2529074983e-01
1.3027253746e+00,1.6838623117e+00,5.1240022649e-01,2.2434612099e-01,2.8805410551e-01,8.2543904194e-01
1.3041648501e+00,1.6848321423e+00,5.1227456896e-01,2.2406362996e-01,2.8821093900e-01,8.2558722742e-01
1.3056043257e+00,1.6858025315e+00,5.1214873532e-01,2.2378145939e-01,2.8836727593e-01,8.2573530946e-01
1.3070438012e+00,1.6867734797e+00,5.1202272688e-01,2.2349960985e-01,2.8852311703e-01,8.2588329124e-01
1.3084832768e+00,1.6877449870e+00,5.1189654496e-01,2.2321808190e-01,2.8867846306e-01,8.2603117594e-01
1.3099227523e+00,1.6887170539e+00,5.1177019085e-01,2.2293687608e-01,2.8883331477e-01,8.2617896673e-01
1.3113622279e+00,1.6896896806e+00,5.1164366584e-01,2.2265599294e-01,2.8898767290e-01,8.2632666677e-01
1.3128017034e+00,1.6906628676e+00,5.1151697121e-01,2.2237543301e-01,2.8914153820e-01,8.2647427920e-01
1.3142411790e+00,1.6916366150e+00,5.1139010826e-01,2.2209519683e-01,2.8929491143e-01,8.2662180718e-01
1.3156806545e+00,1.6926109233e+00,5.1126307824e-01,2.2181528492e-01,2.8944779332e-01,8.2676925382e-01
1.3171201301e+00,1.6935857928e+00,5.1113588243e-01,2.2153569779e-01,2.8960018464e-01,8.2691662226e-01
1.3185596056e+00,1.6945612237e+00,5.1100852207e-01,2.2125643595e-01,2.8975208612e-01,8.2706391561e-01
1.3199990812e+00,1.6955372165e+00,5.1088099843e-01,2.2097749990e-01,2.8990349853e-01,8.2721113699e-01
1.3214385567e+00,1.6965137713e+00,5.1075331276e-01,2.2069889015e-01,2.9005442261e-01,8.2735828948e-01
1.3228780323e+00,1.6974908886e+00,5.1062546628e-01,2.2042060716e-01,2.9020485911e-01,8.2750537619e-01
1.3243175078e+00,1.6984685687e+00,5.1049746023e-01,2.2014265144e-01,2.9035480879e-01,8.2765240019e-01
1.3257569834e+00,1.6994468119e+00,5.1036929584e-01,2.1986502345e-01,2.9050427239e-01,8.2779936456e-01
1.3271964590e+00,1.7004256186e+00,5.1024097433e-01,2.1958772366e-01,2.9065325067e-01,8.2794627236e-01
1.3286359345e+00,1.7014049889e+00,5.1011249691e-01,2.1931075253e-01,2.9080174438e-01,8.2809312666e-01
1.3300754101e+00,1.7023849234e+00,5.0998386480e-01,2.1903411052e-01,2.9094975428e-01,8.2823993050e-01
1.3315148856e+00,1.7033654222e+00,5.0985507918e-01,2.1875779808e-01,2.9109728110e-01,8.2838668692e-01
1.3329543612e+00,1.7043464858e+00,5.0972614126e-01,2.1848181564e-01,2.9124432562e-01,8.2853339897e-01
1.3343938367e+00,1.7053281144e+00,5.0959705222e-01,2.1820616365e-01,2.9139088857e-01,8.2868006965e-01
1.3358333123e+00,1.7063103084e+00,5.0946781325e-01,2.1793084254e-01,2.9153697072e-01,8.2882670200e-01
1.3372727878e+00,1.7072930681e+00,5.0933842552e-01,2.1765585272e-01,2.9168257281e-01,8.2897329901e-01
1.3387122634e+00,1.7082763938e+00,5.0920889021e-01,2.1738119461e-01,2.9182769560e-01,8.2911986370e-01
1.3401517389e+00,1.7092602859e+00,5.0907920847e-01,2.1710686863e-01,2.9197233984e-01,8.2926639905e-01
1.3415912145e+00,1.7102447446e+00,5.0894938147e-01,2.1683287518e-01,2.9211650629e-01,8.2941290805e-01
1.3430306900e+00,1.7112297704e+00,5.0881941036e-01,2.1655921465e-01,2.9226019571e-01,8.2955939368e-01
1.3444701656e+00,1.7122153635e+00,5.0868929628e-01,2.1628588744e-01,2.9240340883e-01,8.2970585890e-01
1.3459096411e+00,1.7132015242e+00,5.0855904037e-01,2.1601289394e-01,2.9254614643e-01,8.2985230669e-01
1.3473491167e+00,1.7141882530e+00,5.0842864377e-01,2.1574023452e-01,2.9268840924e-01,8.2999873998e-01
1.3487885922e+00,1.7151755500e+00,5.0829810761e-01,2.1546790957e-01,2.9283019804e-01,8.3014516174e-01
1.3502280678e+00,1.7161634157e+00,5.0816743300e-01,2.1519591943e-01,2.9297151357e-01,8.3029157489e-01
1.3516675433e+00,1.7171518503e+00,5.0803662107e-01,2.1492426449e-01,2.9311235658e-01,8.3043798237e-01
1.3531070189e+00,1.7181408543e+00,5.0790567292e-01,2.1465294509e-01,2.9325272783e-01,8.3058438710e-01
1.3545464944e+00,1.7191304278e+00,5.0777458966e-01,2.1438196158e-01,2.9339262808e-01,8.3073079199e-01
1.3559859700e+00,1.7201205714e+00,5.0764337239e-01,2.1411131431e-01,2.9353205808e-01,8.3087719996e-01
1.3574254455e+00,1.7211112852e+00,5.0751202220e-01,2.1384100362e-01,2.9367101858e-01,8.3102361390e-01
1.3588649211e+00,1.7221025696e+00,5.0738054019e-01,2.1357102984e-01,2.9380951035e-01,8.3117003671e-01
1.3603043966e+00,1.7230944249e+00,5.0724892742e-01,2.1330139330e-01,2.9394753412e-01,8.3131647127e-01
1.3617438722e+00,1.7240868515e+00,5.0711718498e-01,2.1303209431e-01,2.9408509067e-01,8.3146292045e-01
1.3631833478e+00,1.7250798497e+00,5.0698531394e-01,2.1276313320e-01,2.9422218074e-01,8.3160938714e-01
1.3646228233e+00,1.7260734198e+00,5.0685331537e-01,2.1249451027e-01,2.9435880510e-01,8.3175587419e-01
1.3660622989e+00,1.7270675622e+00,5.0672119031e-01,2.1222622583e-01,2.9449496448e-01,8.3190238445e-01
1.3675017744e+00,1.7280622772e+00,5.0658893984e-01,2.1195828018e-01,2.9463065966e-01,8.3204892078e-01
1.3689412500e+00,1.7290575650e+00,5.0645656498e-01,2.1169067361e-01,2.9476589138e-01,8.3219548601e-01
1.3703807255e+00,1.7300534262e+00,5.0632406680e-01,2.1142340641e-01,2.9490066040e-01,8.3234208299e-01
1.3718202011e+00,1.7310498608e+00,5.0619144632e-01,2.1115647885e-01,2.9503496747e-01,8.3248871452e-01
1.3732596766e+00,1.7320468694e+00,5.0605870458e-01,2.1088989123e-01,2.9516881335e-01,8.3263538344e-01
1.3746991522e+00,1.7330444523e+00,5.0592584261e-01,2.1062364381e-01,2.9530219880e-01,8.3278209255e-01
1.3761386277e+00,1.7340426096e+00,5.0579286142e-01,2.1035773686e-01,2.9543512456e-01,8.3292884466e-01
1.3775781033e+00,1.7350413419e+00,5.0565976203e-01,2.1009217063e-01,2.9556759140e-01,8.3307564257e-01
1.3790175788e+00,1.7360406494e+00,5.0552654546e-01,2.0982694539e-01,2.9569960007e-01,8.3322248907e-01
1.3804570544e+00,1.7370405325e+00,5.0539321270e-01,2.0956206138e-01,2.9583115132e-01,8.3336938693e-01
1.3818965299e+00,1.7380409914e+00,5.0525976476e-01,2.0929751885e-01,2.9596224591e-01,8.3351633894e-01
1.3833360055e+00,1.7390420266e+00,5.0512620263e-01,2.0903331805e-01,2.9609288459e-01,8.3366334786e-01
1.3847754810e+00,1.7400436383e+00,5.0499252731e-01,2.0876945919e-01,2.9622306811e-01,8.3381041646e-01
1.3862149566e+00,1.7410458269e+00,5.0485873977e-01,2.0850594253e-01,2.9635279724e-01,8.3395754748e-01
1.3876544321e+00,1.7420485928e+00,5.0472484100e-01,2.0824276828e-01,2.9648207272e-01,8.3410474369e-01
1.3890939077e+00,1.7430519361e+00,5.0459083196e-01,2.0797993666e-01,2.9661089531e-01,8.3425200782e-01
1.3905333832e+00,1.7440558574e+00,5.0445671364e-01,2.0771744788e-01,2.9673926576e-01,8.3439934260e-01
1.3919728588e+00,1.7450603569e+00,5.0432248699e-01,2.0745530217e-01,2.9686718482e-01,8.3454675076e-01
1.3934123343e+00,1.7460654349e+00,5.0418815298e-01,2.0719349971e-01,2.9699465326e-01,8.3469423503e-01
1.3948518099e+00,1.7470710918e+00,5.0405371254e-01,2.0693204072e-01,2.9712167182e-01,8.3484179811e-01
1.3962912854e+00,1.7480773279e+00,5.0391916665e-01,2.0667092539e-01,2.9724824126e-01,8.3498944272e-01
1.3977307610e+00,1.7490841436e+00,5.0378451623e-01,2.0641015390e-01,2.9737436233e-01,8.3513717155e-01
1.3991702366e+00,1.7500915391e+00,5.0364976223e-01,2.0614972645e-01,2.9750003578e-01,8.3528498730e-01
1.4006097121e+00,1.7510995149e+00,5.0351490559e-01,2.0588964322e-01,2.9762526237e-01,8.3543289265e-01
1.4020491877e+00,1.7521080712e+00,5.0337994722e-01,2.0562990438e-01,2.9775004284e-01,8.3558089029e-01
1.4034886632e+00,1.7531172083e+00,5.0324488806e-01,2.0537051010e-01,2.9787437796e-01,8.3572898289e-01
1.4049281388e+00,1.7541269268e+00,5.0310972903e-01,2.0511146056e-01,2.9799826847e-01,8.3587717311e-01
1.4063676143e+00,1.7551372267e+00,5.0297447103e-01,2.0485275591e-01,2.9812171513e-01,8.3602546363e-01
1.4078070899e+00,1.7561481086e+00,5.0283911499e-01,2.0459439631e-01,2.9824471868e-01,8.3617385708e-01
1.4092465654e+00,1.7571595726e+00,5.0270366180e-01,2.0433638191e-01,2.9836727988e-01,8.3632235613e-01
1.4106860410e+00,1.7581716193e+00,5.0256811236e-01,2.0407871287e-01,2.9848939949e-01,8.3647096340e-01
1.4121255165e+00,1.7591842488e+00,5.0243246757e-01,2.0382138933e-01,2.9861107824e-01,8.3661968154e-01
1.4135649921e+00,1.7601974616e+00,5.0229672833e-01,2.0356441143e-01,2.9873231690e-01,8.3676851318e-01
1.4150044676e+00,1.7612112579e+00,5.0216089551e-01,2.0330777930e-01,2.9885311621e-01,8.3691746094e-01
1.4164439432e+00,1.7622256381e+00,5.0202497001e-01,2.0305149307e-01,2.9897347693e-01,8.3706652743e-01
1.4178834187e+00,1.7632406026e+00,5.0188895268e-01,2.0279555288e-01,2.9909339980e-01,8.3721571526e-01
1.4193228943e+00,1.7642561516e+00,5.0175284442e-01,2.0253995884e-01,2.9921288558e-01,8.3736502704e-01
1.4207623698e+00,1.7652722856e+00,5.0161664609e-01,2.0228471107e-01,2.9933193501e-01,8.3751446537e-01
1.4222018454e+00,1.7662890048e+00,5.0148035854e-01,2.0202980969e-01,2.9945054885e-01,8.3766403283e-01
1.4236413209e+00,1.7673063096e+00,5.0134398264e-01,2.0177525480e-01,2.9956872784e-01,8.3781373201e-01
1.4250807965e+00,1.7683242003e+00,5.0120751924e-01,2.0152104651e-01,2.9968647273e-01,8.3796356549e-01
1.4265202720e+00,1.7693426772e+00,5.0107096920e-01,2.0126718492e-01,2.9980378428e-01,8.3811353584e-01
1.4279597476e+00,1.7703617408e+00,5.0093433335e-01,2.0101367013e-01,2.9992066322e-01,8.3826364563e-01
1.4293992231e+00,1.7713813913e+00,5.0079761254e-01,2.0076050223e-01,3.0003711031e-01,8.3841389742e-01
1.4308386987e+00,1.7724016291e+00,5.0066080760e-01,2.0050768130e-01,3.0015312630e-01,8.3856429377e-01
1.4322781742e+00,1.7734224545e+00,5.0052391938e-01,2.0025520744e-01,3.0026871193e-01,8.3871483721e-01
1.4337176498e+00,1.7744438678e+00,5.0038694868e-01,2.0000308072e-01,3.0038386796e-01,8.3886553031e-01
1.4351571254e+00,1.7754658694e+00,5.0024989634e-01,1.9975130123e-01,3.0049859511e-01,8.3901637558e-01
1.4365966009e+00,1.7764884597e+00,5.0011276318e-01,1.9949986902e-01,3.0061289416e-01,8.3916737557e-01
1.4380360765e+00,1.7775116389e+00,4.9997555001e-01,1.9924878418e-01,3.0072676583e-01,8.3931853280e-01
1.4394755520e+00,1.7785354074e+00,4.9983825764e-01,1.9899804676e-01,3.0084021088e-01,8.3946984979e-01
1.4409150276e+00,1.7795597656e+00,4.9970088687e-01,1.9874765682e-01,3.0095323005e-01,8.3962132904e-01
1.4423545031e+00,1.7805847138e+00,4.9956343852e-01,1.9849761443e-01,3.0106582409e-01,8.3977297308e-01
1.4437939787e+00,1.7816102523e+00,4.9942591337e-01,1.9824791963e-01,3.0117799374e-01,8.3992478440e-01
1.4452334542e+00,1.7826363814e+00,4.9928831222e-01,1.9799857247e-01,3.0128973975e-01,8.4007676549e-01
1.4466729298e+00,1.7836631016e+00,4.9915063587e-01,1.9774957301e-01,3.0140106286e-01,8.4022891885e-01
1.4481124053e+00,1.7846904131e+00,4.9901288508e-01,1.9750092127e-01,3.0151196381e-01,8.4038124697e-01
1.4495518809e+00,1.7857183162e+00,4.9887506065e-01,1.9725261730e-01,3.0162244335e-01,8.4053375231e-01
1.4509913564e+00,1.7867468115e+00,4.9873716336e-01,1.9700466113e-01,3.0173250222e-01,8.4068643736e-01
1.4524308320e+00,1.7877758990e+00,4.9859919397e-01,1.9675705280e-01,3.0184214117e-01,8.4083930459e-01
1.4538703075e+00,1.7888055793e+00,4.9846115325e-01,1.9650979232e-01,3.0195136093e-01,8.4099235645e-01
1.4553097831e+00,1.7898358527e+00,4.9832304197e-01,1.9626287972e-01,3.0206016225e-01,8.4114559540e-01
1.4567492586e+00,1.7908667194e+00,4.9818486089e-01,1.9601631503e-01,3.0216854587e-01,8.4129902390e-01
1.4581887342e+00,1.7918981799e+00,4.9804661077e-01,1.9577009825e-01,3.0227651253e-01,8.4145264439e-01
1.4596282097e+00,1.7929302344e+00,4.9790829236e-01,1.9552422939e-01,3.0238406297e-01,8.4160645932e-01
1.4610676853e+00,1.7939628834e+00,4.9776990640e-01,1.9527870848e-01,3.0249119793e-01,8.4176047111e-01
1.4625071608e+00,1.7949961271e+00,4.9763145365e-01,1.9503353550e-01,3.0259791815e-01,8.4191468220e-01
1.4639466364e+00,1.7960299659e+00,4.9749293484e-01,1.9478871047e-01,3.0270422437e-01,8.4206909501e-01
1.4653861119e+00,1.7970644002e+00,4.9735435071e-01,1.9454423338e-01,3.0281011734e-01,8.4222371196e-01
1.4668255875e+00,1.7980994303e+00,4.9721570200e-01,1.9430010422e-01,3.0291559778e-01,8.4237853547e-01
1.4682650630e+00,1.7991350565e+00,4.9707698943e-01,1.9405632299e-01,3.0302066644e-01,8.4253356794e-01
1.4697045386e+00,1.8001712791e+00,4.9693821373e-01,1.9381288968e-01,3.0312532405e-01,8.4268881178e-01
1.4711440142e+00,1.8012080986e+00,4.9679937561e-01,1.9356980426e-01,3.0322957135e-01,8.4284426939e-01
1.4725834897e+00,1.8022455152e+00,4.9666047581e-01,1.9332706673e-01,3.0333340908e-01,8.4299994316e-01
1.4740229653e+00,1.8032835294e+00,4.9652151503e-01,1.9308467705e-01,3.0343683798e-01,8.4315583548e-01
1.4754624408e+00,1.8043221414e+00,4.9638249398e-01,1.9284263520e-01,3.0353985878e-01,8.4331194872e-01
1.4769019164e+00,1.8053613516e+00,4.9624341337e-01,1.9260094116e-01,3.0364247221e-01,8.4346828528e-01
1.4783413919e+00,1.8064011603e+00,4.9610427390e-01,1.9235959489e-01,3.0374467901e-01,8.4362484752e-01
1.4797808675e+00,1.8074415680e+00,4.9596507628e-01,1.9211859636e-01,3.0384647992e-01,8.4378163782e-01
1.4812203430e+00,1.8084825748e+00,4.9582582119e-01,1.9187794552e-01,3.0394787567e-01,8.4393865852e-01
1.4826598186e+00,1.8095241812e+00,4.9568650933e-01,1.9163764234e-01,3.0404886699e-01,8.4409591200e-01
1.4840992941e+00,1.8105663876e+00,4.9554714139e-01,1.9139768677e-01,3.0414945462e-01,8.4425340060e-01
1.4855387697e+00,1.8116091942e+00,4.9540771805e-01,1.9115807876e-01,3.0424963929e-01,8.4441112668e-01
1.4869782452e+00,1.8126526014e+00,4.9526823999e-01,1.9091881827e-01,3.0434942173e-01,8.4456909257e-01
1.4884177208e+00,1.8136966096e+00,4.9512870790e-01,1.9067990523e-01,3.0444880267e-01,8.4472730061e-01
1.4898571963e+00,1.8147412191e+00,4.9498912243e-01,1.9044133960e-01,3.0454778284e-01,8.4488575315e-01
1.4912966719e+00,1.8157864302e+00,4.9484948428e-01,1.9020312130e-01,3.0464636298e-01,8.4504445250e-01
1.4927361474e+00,1.8168322433e+00,4.9470979409e-01,1.8996525029e-01,3.0474454381e-01,8.4520340100e-01
1.4941756230e+00,1.8178786588e+00,4.9457005254e-01,1.8972772648e-01,3.0484232606e-01,8.4536260096e-01
1.4956150985e+00,1.8189256770e+00,4.9443026029e-01,1.8949054982e-01,3.0493971047e-01,8.4552205469e-01
1.4970545741e+00,1.8199732982e+00,4.9429041799e-01,1.8925372023e-01,3.0503669776e-01,8.4568176451e-01
1.4984940496e+00,1.8210215227e+00,4.9415052629e-01,1.8901723763e-01,3.0513328866e-01,8.4584173272e-01
1.4999335252e+00,1.8220703510e+00,4.9401058584e-01,1.8878110195e-01,3.0522948389e-01,8.4600196162e-01
1.5013730007e+00,1.8231197834e+00,4.9387059730e-01,1.8854531311e-01,3.0532528419e-01,8.4616245351e-01
1.5028124763e+00,1.8241698202e+00,4.9373056130e-01,1.8830987102e-01,3.0542069028e-01,8.4632321068e-01
1.5042519518e+00,1.8252204618e+00,4.9359047848e-01,1.8807477560e-01,3.0551570288e-01,8.4648423542e-01
1.5056914274e+00,1.8262717085e+00,4.9345034948e-01,1.8784002675e-01,3.0561032273e-01,8.4664553001e-01
1.5071309030e+00,1.8273235607e+00,4.9331017494e-01,1.8760562440e-01,3.0570455054e-01,8.4680709672e-01
1.5085703785e+00,1.8283760187e+00,4.9316995547e-01,1.8737156843e-01,3.0579838704e-01,8.4696893784e-01
1.5100098541e+00,1.8294290829e+00,4.9302969171e-01,1.8713785875e-01,3.0589183296e-01,8.4713105563e-01
1.5114493296e+00,1.8304827536e+00,4.9288938428e-01,1.8690449527e-01,3.0598488901e-01,8.4729345235e-01
1.5128888052e+00,1.8315370312e+00,4.9274903380e-01,1.8667147788e-01,3.0607755592e-01,8.4745613027e-01
1.5143282807e+00,1.8325919159e+00,4.9260864088e-01,1.8643880647e-01,3.0616983441e-01,8.4761909165e-01
1.5157677563e+00,1.8336474083e+00,4.9246820614e-01,1.8620648093e-01,3.0626172521e-01,8.4778233872e-01
1.5172072318e+00,1.8347035085e+00,4.9232773020e-01,1.8597450117e-01,3.0635322903e-01,8.4794587375e-01
1.5186467074e+00,1.8357602171e+00,4.9218721364e-01,1.8574286705e-01,3.0644434659e-01,8.4810969897e-01
1.5200861829e+00,1.8368175342e+00,4.9204665709e-01,1.8551157847e-01,3.0653507862e-01,8.4827381663e-01
1.5215256585e+00,1.8378754603e+00,4.9190606113e-01,1.8528063530e-01,3.0662542583e-01,8.4843822895e-01
1.5229651340e+00,1.8389339958e+00,4.9176542637e-01,1.8505003743e-01,3.0671538894e-01,8.4860293818e-01
1.5244046096e+00,1.8399931409e+00,4.9162475340e-01,1.8481978473e-01,3.0680496867e-01,8.4876794652e-01
1.5258440851e+00,1.8410528960e+00,4.9148404281e-01,1.8458987708e-01,3.0689416573e-01,8.4893325622e-01
1.5272835607e+00,1.8421132615e+00,4.9134329519e-01,1.8436031434e-01,3.0698298085e-01,8.4909886948e-01
1.5287230362e+00,1.8431742377e+00,4.9120251113e-01,1.8413109639e-01,3.0707141474e-01,8.4926478853e-01
1.5301625118e+00,1.8442358250e+00,4.9106169120e-01,1.8390222309e-01,3.0715946811e-01,8.4943101556e-01
1.5316019873e+00,1.8452980237e+00,4.9092083598e-01,1.8367369430e-01,3.0724714168e-01,8.4959755279e-01
1.5330414629e+00,1.8463608343e+00,4.9077994606e-01,1.8344550989e-01,3.0733443617e-01,8.4976440241e-01
1.5344809384e+00,1.8474242569e+00,4.9063902199e-01,1.8321766971e-01,3.0742135228e-01,8.4993156664e-01
1.5359204140e+00,1.8484882920e+00,4.9049806436e-01,1.8299017362e-01,3.0750789074e-01,8.5009904765e-01
1.5373598895e+00,1.8495529400e+00,4.9035707373e-01,1.8276302148e-01,3.0759405224e-01,8.5026684765e-01
1.5387993651e+00,1.8506182011e+00,4.9021605066e-01,1.8253621314e-01,3.0767983752e-01,8.5043496881e-01
1.5402388406e+00,1.8516840758e+00,4.9007499571e-01,1.8230974845e-01,3.0776524727e-01,8.5060341332e-01
1.5416783162e+00,1.8527505644e+00,4.8993390945e-01,1.8208362725e-01,3.0785028220e-01,8.5077218336e-01
1.5431177918e+00,1.8538176672e+00,4.8979279242e-01,1.8185784938e-01,3.0793494303e-01,8.5094128111e-01
1.5445572673e+00,1.8548853847e+00,4.8965164517e-01,1.8163241471e-01,3.0801923047e-01,8.5111070872e-01
1.5459967429e+00,1.8559537171e+00,4.8951046827e-01,1.8140732305e-01,3.0810314522e-01,8.5128046838e-01
1.5474362184e+00,1.8570226648e+00,4.8936926225e-01,1.8118257425e-01,3.0818668800e-01,8.5145056225e-01
1.5488756940e+00,1.8580922282e+00,4.8922802766e-01,1.8095816815e-01,3.0826985950e-01,8.5162099247e-01
1.5503151695e+00,1.8591624076e+00,4.8908676503e-01,1.8073410459e-01,3.0835266044e-01,8.5179176122e-01
1.5517546451e+00,1.8602332034e+00,4.8894547491e-01,1.8051038338e-01,3.0843509153e-01,8.5196287065e-01
1.5531941206e+00,1.8613046159e+00,4.8880415783e-01,1.8028700436e-01,3.0851715346e-01,8.5213432289e-01
1.5546335962e+00,1.8623766455e+00,4.8866281432e-01,1.8006396737e-01,3.0859884695e-01,8.5230612011e-01
1.5560730717e+00,1.8634492925e+00,4.8852144491e-01,1.7984127222e-01,3.0868017269e-01,8.5247826443e-01
1.5575125473e+00,1.8645225574e+00,4.8838005013e-01,1.7961891873e-01,3.0876113140e-01,8.5265075800e-01
1.5589520228e+00,1.8655964404e+00,4.8823863050e-01,1.7939690674e-01,3.0884172377e-01,8.5282360295e-01
1.5603914984e+00,1.8666709419e+00,4.8809718655e-01,1.7917523605e-01,3.0892195050e-01,8.5299680142e-01
1.5618309739e+00,1.8677460622e+00,4.8795571879e-01,1.7895390649e-01,3.0900181230e-01,8.5317035553e-01
1.5632704495e+00,1.8688218018e+00,4.8781422773e-01,1.7873291786e-01,3.0908130987e-01,8.5334426740e-01
1.5647099250e+00,1.8698981610e+00,4.8767271390e-01,1.7851226999e-01,3.0916044391e-01,8.5351853916e-01
1.5661494006e+00,1.8709751401e+00,4.8753117780e-01,1.7829196268e-01,3.0923921512e-01,8.5369317292e-01
1.5675888761e+00,1.8720527395e+00,4.8738961993e-01,1.7807199574e-01,3.0931762419e-01,8.5386817079e-01
1.5690283517e+00,1.8731309595e+00,4.8724804081e-01,1.7785236898e-01,3.0939567183e-01,8.5404353490e-01
1.5704678272e+00,1.8742098006e+00,4.8710644094e-01,1.7763308221e-01,3.0947335873e-01,8.5421926734e-01
1.5719073028e+00,1.8752892630e+00,4.8696482081e-01,1.7741413522e-01,3.0955068559e-01,8.5439537022e-01
1.5733467783e+00,1.8763693471e+00,4.8682318092e-01,1.7719552782e-01,3.0962765310e-01,8.5457184564e-01
1.5747862539e+00,1.8774500533e+00,4.8668152177e-01,1.7697725981e-01,3.0970426196e-01,8.5474869570e-01
1.5762257295e+00,1.8785313820e+00,4.8653984386e-01,1.7675933098e-01,3.0978051287e-01,8.5492592249e-01
1.5776652050e+00,1.8796133335e+00,4.8639814766e-01,1.7654174114e-01,3.0985640652e-01,8.5510352811e-01
1.5791046806e+00,1.8806959081e+00,4.8625643367e-01,1.7632449006e-01,3.0993194360e-01,8.5528151463e-01
1.5805441561e+00,1.8817791062e+00,4.8611470236e-01,1.7610757756e-01,3.1000712481e-01,8.5545988415e-01
1.5819836317e+00,1.8828629282e+00,4.8597295423e-01,1.7589100340e-01,3.1008195083e-01,8.5563863875e-01
1.5834231072e+00,1.8839473745e+00,4.8583118976e-01,1.7567476740e-01,3.1015642236e-01,8.5581778050e-01
1.5848625828e+00,1.8850324453e+00,4.8568940941e-01,1.7545886932e-01,3.1023054009e-01,8.5599731148e-01
1.5863020583e+00,1.8861181411e+00,4.8554761367e-01,1.7524330896e-01,3.1030430471e-01,8.5617723377e-01
1.5877415339e+00,1.8872044622e+00,4.8540580300e-01,1.7502808609e-01,3.1037771691e-01,8.5635754943e-01
1.5891810094e+00,1.8882914089e+00,4.8526397787e-01,1.7481320051e-01,3.1045077737e-01,8.5653826053e-01
1.5906204850e+00,1.8893789817e+00,4.8512213876e-01,1.7459865198e-01,3.1052348678e-01,8.5671936913e-01
1.5920599605e+00,1.8904671809e+00,4.8498028613e-01,1.7438444029e-01,3.1059584584e-01,8.5690087730e-01
1.5934994361e+00,1.8915560069e+00,4.8483842043e-01,1.7417056521e-01,3.1066785522e-01,8.5708278709e-01
1.5949389116e+00,1.8926454600e+00,4.8469654214e-01,1.7395702652e-01,3.1073951562e-01,8.5726510055e-01
1.5963783872e+00,1.8937355405e+00,4.8455465170e-01,1.7374382398e-01,3.1081082771e-01,8.5744781974e-01
1.5978178627e+00,1.8948262489e+00,4.8441274957e-01,1.7353095738e-01,3.1088179219e-01,8.5763094671e-01
1.5992573383e+00,1.8959175855e+00,4.8427083621e-01,1.7331842648e-01,3.1095240973e-01,8.5781448350e-01
1.6006968138e+00,1.8970095506e+00,4.8412891206e-01,1.7310623105e-01,3.1102268101e-01,8.5799843216e-01
1.6021362894e+00,1.8981021447e+00,4.8398697757e-01,1.7289437084e-01,3.1109260673e-01,8.5818279472e-01
1.6035757649e+00,1.8991953681e+00,4.8384503319e-01,1.7268284564e-01,3.1116218755e-01,8.5836757322e-01
1.6050152405e+00,1.9002892211e+00,4.8370307937e-01,1.7247165520e-01,3.1123142417e-01,8.5855276971e-01
1.6064547160e+00,1.9013837041e+00,4.8356111654e-01,1.7226079928e-01,3.1130031726e-01,8.5873838621e-01
1.6078941916e+00,1.9024788175e+00,4.8341914514e-01,1.7205027765e-01,3.1136886749e-01,8.5892442474e-01
1.6093336671e+00,1.9035745616e+00,4.8327716561e-01,1.7184009006e-01,3.1143707556e-01,8.5911088735e-01
1.6107731427e+00,1.9046709368e+00,4.8313517839e-01,1.7163023626e-01,3.1150494213e-01,8.5929777605e-01
1.6122126183e+00,1.9057679435e+00,4.8299318390e-01,1.7142071602e-01,3.1157246788e-01,8.5948509286e-01
1.6136520938e+00,1.9068655820e+00,4.8285118257e-01,1.7121152909e-01,3.1163965349e-01,8.5967283981e-01
1.6150915694e+00,1.9079638527e+00,4.8270917484e-01,1.7100267521e-01,3.1170649963e-01,8.5986101890e-01
1.6165310449e+00,1.9090627560e+00,4.8256716113e-01,1.7079415415e-01,3.1177300698e-01,8.6004963216e-01
1.6179705205e+00,1.9101622922e+00,4.8242514186e-01,1.7058596565e-01,3.1183917621e-01,8.6023868160e-01
1.6194099960e+00,1.9112624617e+00,4.8228311746e-01,1.7037810946e-01,3.1190500800e-01,8.6042816922e-01
1.6208494716e+00,1.9123632648e+00,4.8214108833e-01,1.7017058532e-01,3.1197050301e-01,8.6061809703e-01
1.6222889471e+00,1.9134647019e+00,4.8199905491e-01,1.6996339299e-01,3.1203566192e-01,8.6080846704e-01
1.6237284227e+00,1.9145667734e+00,4.8185701760e-01,1.6975653219e-01,3.1210048540e-01,8.6099928124e-01
1.6251678982e+00,1.9156694797e+00,4.8171497681e-01,1.6955000269e-01,3.1216497412e-01,8.6119054164e-01
1.6266073738e+00,1.9167728211e+00,4.8157293296e-01,1.6934380422e-01,3.1222912875e-01,8.6138225023e-01
1.6280468493e+00,1.9178767979e+00,4.8143088646e-01,1.6913793651e-01,3.1229294995e-01,8.6157440901e-01
1.6294863249e+00,1.9189814106e+00,4.8128883771e-01,1.6893239931e-01,3.1235643840e-01,8.6176701998e-01
1.6309258004e+00,1.9200866595e+00,4.8114678712e-01,1.6872719235e-01,3.1241959476e-01,8.6196008511e-01
1.6323652760e+00,1.9211925450e+00,4.8100473508e-01,1.6852231538e-01,3.1248241970e-01,8.6215360640e-01
1.6338047515e+00,1.9222990674e+00,4.8086268200e-01,1.6831776811e-01,3.1254491388e-01,8.6234758583e-01
1.6352442271e+00,1.9234062271e+00,4.8072062827e-01,1.6811355030e-01,3.1260707797e-01,8.6254202539e-01
1.6366837026e+00,1.9245140245e+00,4.8057857430e-01,1.6790966166e-01,3.1266891264e-01,8.6273692705e-01
1.6381231782e+00,1.9256224599e+00,4.8043652047e-01,1.6770610194e-01,3.1273041853e-01,8.6293229281e-01
1.6395626537e+00,1.9267315338e+00,4.8029446718e-01,1.6750287085e-01,3.1279159633e-01,8.6312812462e-01
1.6410021293e+00,1.9278412464e+00,4.8015241482e-01,1.6729996814e-01,3.1285244668e-01,8.6332442447e-01
1.6424416048e+00,1.9289515982e+00,4.8001036377e-01,1.6709739352e-01,3.1291297025e-01,8.6352119433e-01
1.6438810804e+00,1.9300625895e+00,4.7986831442e-01,1.6689514671e-01,3.1297316770e-01,8.6371843618e-01
1.6453205559e+00,1.9311742206e+00,4.7972626716e-01,1.6669322746e-01,3.1303303970e-01,8.6391615197e-01
1.6467600315e+00,1.9322864920e+00,4.7958422236e-01,1.6649163547e-01,3.1309258689e-01,8.6411434367e-01
1.6481995071e+00,1.9333994041e+00,4.7944218041e-01,1.6629037048e-01,3.1315180993e-01,8.6431301325e-01
1.6496389826e+00,1.9345129571e+00,4.7930014168e-01,1.6608943220e-01,3.1321070949e-01,8.6451216268e-01
1.6510784582e+00,1.9356271515e+00,4.7915810656e-01,1.6588882035e-01,3.1326928621e-01,8.6471179390e-01
1.6525179337e+00,1.9367419876e+00,4.7901607541e-01,1.6568853465e-01,3.1332754076e-01,8.6491190888e-01
1.6539574093e+00,1.9378574658e+00,4.7887404860e-01,1.6548857482e-01,3.1338547379e-01,8.6511250958e-01
1.6553968848e+00,1.9389735865e+00,4.7873202652e-01,1.6528894057e-01,3.1344308595e-01,8.6531359794e-01
1.6568363604e+00,1.9400903500e+00,4.7859000952e-01,1.6508963163e-01,3.1350037789e-01,8.6551517593e-01
1.6582758359e+00,1.9412077567e+00,4.7844799797e-01,1.6489064770e-01,3.1355735027e-01,8.6571724549e-01
1.6597153115e+00,1.9423258070e+00,4.7830599224e-01,1.6469198850e-01,3.1361400374e-01,8.6591980857e-01
1.6611547870e+00,1.9434445012e+00,4.7816399270e-01,1.6449365374e-01,3.1367033896e-01,8.6612286712e-01
1.6625942626e+00,1.9445638398e+00,4.7802199969e-01,1.6429564313e-01,3.1372635656e-01,8.6632642308e-01
1.6640337381e+00,1.9456838230e+00,4.7788001358e-01,1.6409795639e-01,3.1378205720e-01,8.6653047840e-01
1.6654732137e+00,1.9468044513e+00,4.7773803473e-01,1.6390059321e-01,3.1383744152e-01,8.6673503501e-01
1.6669126892e+00,1.9479257251e+00,4.7759606350e-01,1.6370355332e-01,3.1389251018e-01,8.6694009487e-01
1.6683521648e+00,1.9490476446e+00,4.7745410023e-01,1.6350683641e-01,3.1394726382e-01,8.6714565989e-01
1.6697916403e+00,1.9501702104e+00,4.7731214529e-01,1.6331044220e-01,3.1400170309e-01,8.6735173203e-01
1.6712311159e+00,1.9512934226e+00,4.7717019901e-01,1.6311437038e-01,3.1405582863e-01,8.6755831322e-01
1.6726705914e+00,1.9524172818e+00,4.7702826175e-01,1.6291862066e-01,3.1410964109e-01,8.6776540539e-01
1.6741100670e+00,1.9535417883e+00,4.7688633386e-01,1.6272319275e-01,3.1416314111e-01,8.6797301046e-01
1.6755495425e+00,1.9546669425e+00,4.7674441567e-01,1.6252808635e-01,3.1421632933e-01,8.6818113038e-01
1.6769890181e+00,1.9557927447e+00,4.7660250754e-01,1.6233330115e-01,3.1426920639e-01,8.6838976707e-01
1.6784284936e+00,1.9569191953e+00,4.7646060981e-01,1.6213883687e-01,3.1432177294e-01,8.6859892245e-01
1.6798679692e+00,1.9580462947e+00,4.7631872281e-01,1.6194469319e-01,3.1437402962e-01,8.6880859846e-01
1.6813074447e+00,1.9591740432e+00,4.7617684688e-01,1.6175086982e-01,3.1442597706e-01,8.6901879701e-01
1.6827469203e+00,1.9603024413e+00,4.7603498235e-01,1.6155736645e-01,3.1447761591e-01,8.6922952002e-01
1.6841863959e+00,1.9614314893e+00,4.7589312958e-01,1.6136418278e-01,3.1452894679e-01,8.6944076943e-01
1.6856258714e+00,1.9625611876e+00,4.7575128887e-01,1.6117131851e-01,3.1457997036e-01,8.6965254714e-01
1.6870653470e+00,1.9636915365e+00,4.7560946058e-01,1.6097877333e-01,3.1463068725e-01,8.6986485507e-01
1.6885048225e+00,1.9648225364e+00,4.7546764502e-01,1.6078654694e-01,3.1468109808e-01,8.7007769515e-01
1.6899442981e+00,1.9659541878e+00,4.7532584253e-01,1.6059463902e-01,3.1473120350e-01,8.7029106928e-01
1.6913837736e+00,1.9670864910e+00,4.7518405342e-01,1.6040304928e-01,3.1478100414e-01,8.7050497938e-01
1.6928232492e+00,1.9682194463e+00,4.7504227804e-01,1.6021177740e-01,3.1483050064e-01,8.7071942737e-01
1.6942627247e+00,1.9693530541e+00,4.7490051669e-01,1.6002082307e-01,3.1487969362e-01,8.7093441515e-01
1.6957022003e+00,1.9704873149e+00,4.7475876970e-01,1.5983018599e-01,3.1492858371e-01,8.7114994463e-01
1.6971416758e+00,1.9716222289e+00,4.7461703739e-01,1.5963986584e-01,3.1497717156e-01,8.7136601772e-01
1.6985811514e+00,1.9727577966e+00,4.7447532008e-01,1.5944986230e-01,3.1502545778e-01,8.7158263633e-01
1.7000206269e+00,1.9738940183e+00,4.7433361809e-01,1.5926017508e-01,3.1507344300e-01,8.7179980236e-01
1.7014601025e+00,1.9750308944e+00,4.7419193172e-01,1.5907080385e-01,3.1512112786e-01,8.7201751772e-01
1.7028995780e+00,1.9761684254e+00,4.7405026130e-01,1.5888174831e-01,3.1516851299e-01,8.7223578432e-01
1.7043390536e+00,1.9773066115e+00,4.7390860713e-01,1.5869300813e-01,3.1521559900e-01,8.7245460404e-01
1.7057785291e+00,1.9784454531e+00,4.7376696952e-01,1.5850458300e-01,3.1526238652e-01,8.7267397881e-01
1.7072180047e+00,1.9795849507e+00,4.7362534879e-01,1.5831647260e-01,3.1530887619e-01,8.7289391051e-01
1.7086574802e+00,1.9807251046e+00,4.7348374524e-01,1.5812867663e-01,3.1535506862e-01,8.7311440104e-01
1.7100969558e+00,1.9818659151e+00,4.7334215918e-01,1.5794119475e-01,3.1540096443e-01,8.7333545231e-01
1.7115364313e+00,1.9830073827e+00,4.7320059091e-01,1.5775402665e-01,3.1544656426e-01,8.7355706621e-01
1.7129759069e+00,1.9841495078e+00,4.7305904073e-01,1.5756717202e-01,3.1549186871e-01,8.7377924463e-01
1.7144153824e+00,1.9852922906e+00,4.7291750894e-01,1.5738063053e-01,3.1553687842e-01,8.7400198947e-01
1.7158548580e+00,1.9864357317e+00,4.7277599585e-01,1.5719440186e-01,3.1558159399e-01,8.7422530263e-01
1.7172943335e+00,1.9875798313e+00,4.7263450175e-01,1.5700848569e-01,3.1562601606e-01,8.7444918599e-01
1.7187338091e+00,1.9887245898e+00,4.7249302694e-01,1.5682288170e-01,3.1567014524e-01,8.7467364145e-01
1.7201732847e+00,1.9898700077e+00,4.7235157172e-01,1.5663758957e-01,3.1571398215e-01,8.7489867090e-01
1.7216127602e+00,1.9910160854e+00,4.7221013637e-01,1.5645260897e-01,3.1575752740e-01,8.7512427622e-01
1.7230522358e+00,1.9921628231e+00,4.7206872119e-01,1.5626793958e-01,3.1580078161e-01,8.7535045932e-01
1.7244917113e+00,1.9933102212e+00,4.7192732647e-01,1.5608358108e-01,3.1584374539e-01,8.7557722207e-01
1.7259311869e+00,1.9944582802e+00,4.7178595250e-01,1.5589953314e-01,3.1588641937e-01,8.7580456636e-01
1.7273706624e+00,1.9956070005e+00,4.7164459957e-01,1.5571579543e-01,3.1592880414e-01,8.7603249408e-01
1.7288101380e+00,1.9967563824e+00,4.7150326797e-01,1.5553236763e-01,3.1597090034e-01,8.7626100712e-01
1.7302496135e+00,1.9979064262e+00,4.7136195797e-01,1.5534924941e-01,3.1601270856e-01,8.7649010735e-01
1.7316890891e+00,1.9990571325e+00,4.7122066987e-01,1.5516644045e-01,3.1605422942e-01,8.7671979668e-01
1.7331285646e+00,2.0002085014e+00,4.7107940394e-01,1.5498394042e-01,3.1609546352e-01,8.7695007696e-01
1.7345680402e+00,2.0013605336e+00,4.7093816047e-01,1.5480174898e-01,3.1613641149e-01,8.7718095010e-01
1.7360075157e+00,2.0025132292e+00,4.7079693973e-01,1.5461986581e-01,3.1617707392e-01,8.7741241797e-01
1.7374469913e+00,2.0036665888e+00,4.7065574201e-01,1.5443829059e-01,3.1621745142e-01,8.7764448245e-01
1.7388864668e+00,2.0048206126e+00,4.7051456758e-01,1.5425702297e-01,3.1625754461e-01,8.7787714542e-01
1.7403259424e+00,2.0059753011e+00,4.7037341672e-01,1.5407606263e-01,3.1629735409e-01,8.7811040877e-01
1.7417654179e+00,2.0071306547e+00,4.7023228969e-01,1.5389540924e-01,3.1633688045e-01,8.7834427437e-01
1.7432048935e+00,2.0082866736e+00,4.7009118678e-01,1.5371506246e-01,3.1637612432e-01,8.7857874409e-01
1.7446443690e+00,2.0094433584e+00,4.6995010825e-01,1.5353502197e-01,3.1641508628e-01,8.7881381983e-01
1.7460838446e+00,2.0106007094e+00,4.6980905438e-01,1.5335528743e-01,3.1645376695e-01,8.7904950345e-01
1.7475233201e+00,2.0117587270e+00,4.6966802543e-01,1.5317585850e-01,3.1649216692e-01,8.7928579684e-01
1.7489627957e+00,2.0129174116e+00,4.6952702167e-01,1.5299673486e-01,3.1653028680e-01,8.7952270186e-01
1.7504022712e+00,2.0140767635e+00,4.6938604336e-01,1.5281791617e-01,3.1656812719e-01,8.7976022040e-01
1.7518417468e+00,2.0152367831e+00,4.6924509078e-01,1.5263940209e-01,3.1660568868e-01,8.7999835432e-01
1.7532812223e+00,2.0163974709e+00,4.6910416418e-01,1.5246119230e-01,3.1664297188e-01,8.8023710552e-01
1.7547206979e+00,2.0175588271e+00,4.6896326383e-01,1.5228328644e-01,3.1667997738e-01,8.8047647585e-01
1.7561601735e+00,2.0187208523e+00,4.6882238998e-01,1.5210568420e-01,3.1671670578e-01,8.8071646719e-01
1.7575996490e+00,2.0198835467e+00,4.6868154291e-01,1.5192838523e-01,3.1675315768e-01,8.8095708142e-01
1.7590391246e+00,2.0210469108e+00,4.6854072286e-01,1.5175138919e-01,3.1678933367e-01,8.8119832041e-01
1.7604786001e+00,2.0222109449e+00,4.6839993009e-01,1.5157469574e-01,3.1682523434e-01,8.8144018603e-01
1.7619180757e+00,2.0233756495e+00,4.6825916486e-01,1.5139830456e-01,3.1686086030e-01,8.8168268015e-01
1.7633575512e+00,2.0245410249e+00,4.6811842742e-01,1.5122221530e-01,3.1689621212e-01,8.8192580465e-01
1.7647970268e+00,2.0257070715e+00,4.6797771804e-01,1.5104642762e-01,3.1693129041e-01,8.8216956140e-01
1.7662365023e+00,2.0268737896e+00,4.6783703695e-01,1.5087094119e-01,3.1696609576e-01,8.8241395227e-01
1.7676759779e+00,2.0280411798e+00,4.6769638441e-01,1.5069575565e-01,3.1700062875e-01,8.8265897912e-01
1.7691154534e+00,2.0292092423e+00,4.6755576067e-01,1.5052087069e-01,3.1703488998e-01,8.8290464384e-01
1.7705549290e+00,2.0303779776e+00,4.6741516598e-01,1.5034628594e-01,3.1706888003e-01,8.8315094829e-01
1.7719944045e+00,2.0315473860e+00,4.6727460058e-01,1.5017200108e-01,3.1710259950e-01,8.8339789435e-01
1.7734338801e+00,2.0327174680e+00,4.6713406473e-01,1.4999801577e-01,3.1713604896e-01,8.8364548387e-01
1.7748733556e+00,2.0338882238e+00,4.6699355866e-01,1.4982432965e-01,3.1716922901e-01,8.8389371874e-01
1.7763128312e+00,2.0350596540e+00,4.6685308262e-01,1.4965094239e-01,3.1720214023e-01,8.8414260082e-01
1.7777523067e+00,2.0362317589e+00,4.6671263686e-01,1.4947785365e-01,3.1723478321e-01,8.8439213199e-01
1.7791917823e+00,2.0374045388e+00,4.6657222161e-01,1.4930506309e-01,3.1726715852e-01,8.8464231410e-01
1.7806312578e+00,2.0385779942e+00,4.6643183712e-01,1.4913257036e-01,3.1729926676e-01,8.8489314904e-01
1.7820707334e+00,2.0397521255e+00,4.6629148362e-01,1.4896037512e-01,3.1733110850e-01,8.8514463867e-01
1.7835102089e+00,2.0409269330e+00,4.6615116135e-01,1.4878847703e-01,3.1736268433e-01,8.8539678485e-01
1.7849496845e+00,2.0421024171e+00,4.6601087055e-01,1.4861687573e-01,3.1739399482e-01,8.8564958947e-01
1.7863891600e+00,2.0432785783e+00,4.6587061146e-01,1.4844557090e-01,3.1742504056e-01,8.8590305439e-01
1.7878286356e+00,2.0444554169e+00,4.6573038430e-01,1.4827456218e-01,3.1745582212e-01,8.8615718147e-01
1.7892681111e+00,2.0456329333e+00,4.6559018932e-01,1.4810384924e-01,3.1748634008e-01,8.8641197259e-01
1.7907075867e+00,2.0468111279e+00,4.6545002674e-01,1.4793343172e-01,3.1751659503e-01,8.8666742962e-01
1.7921470623e+00,2.0479900011e+00,4.6530989680e-01,1.4776330928e-01,3.1754658753e-01,8.8692355442e-01
1.7935865378e+00,2.0491695533e+00,4.6516979973e-01,1.4759348157e-01,3.1757631816e-01,8.8718034887e-01
1.7950260134e+00,2.0503497848e+00,4.6502973575e-01,1.4742394825e-01,3.1760578749e-01,8.8743781484e-01
1.7964654889e+00,2.0515306961e+00,4.6488970509e-01,1.4725470898e-01,3.1763499611e-01,8.8769595418e-01
1.7979049645e+00,2.0527122876e+00,4.6474970798e-01,1.4708576341e-01,3.1766394458e-01,8.8795476879e-01
1.7993444400e+00,2.0538945596e+00,4.6460974465e-01,1.4691711118e-01,3.1769263347e-01,8.8821426052e-01
1.8007839156e+00,2.0550775125e+00,4.6446981532e-01,1.4674875196e-01,3.1772106336e-01,8.8847443124e-01
1.8022233911e+00,2.0562611468e+00,4.6432992022e-01,1.4658068540e-01,3.1774923481e-01,8.8873528283e-01
1.8036628667e+00,2.0574454628e+00,4.6419005956e-01,1.4641291115e-01,3.1777714841e-01,8.8899681715e-01
1.8051023422e+00,2.0586304609e+00,4.6405023357e-01,1.4624542887e-01,3.1780480470e-01,8.8925903608e-01
1.8065418178e+00,2.0598161415e+00,4.6391044247e-01,1.4607823820e-01,3.1783220427e-01,8.8952194148e-01
1.8079812933e+00,2.0610025050e+00,4.6377068648e-01,1.4591133880e-01,3.1785934768e-01,8.8978553524e-01
1.8094207689e+00,2.0621895518e+00,4.6363096581e-01,1.4574473031e-01,3.1788623550e-01,8.9004981921e-01
1.8108602444e+00,2.0633772823e+00,4.6349128069e-01,1.4557841240e-01,3.1791286829e-01,8.9031479528e-01
1.8122997200e+00,2.0645656968e+00,4.6335163133e-01,1.4541238472e-01,3.1793924661e-01,8.9058046531e-01
1.8137391955e+00,2.0657547959e+00,4.6321201795e-01,1.4524664691e-01,3.1796537104e-01,8.9084683117e-01
1.8151786711e+00,2.0669445798e+00,4.6307244075e-01,1.4508119863e-01,3.1799124213e-01,8.9111389475e-01
1.8166181466e+00,2.0681350490e+00,4.6293289996e-01,1.4491603952e-01,3.1801686044e-01,8.9138165790e-01
1.8180576222e+00,2.0693262038e+00,4.6279339579e-01,1.4475116925e-01,3.1804222654e-01,8.9165012252e-01
1.8194970977e+00,2.0705180447e+00,4.6265392844e-01,1.4458658745e-01,3.1806734099e-01,8.9191929046e-01
1.8209365733e+00,2.0717105720e+00,4.6251449814e-01,1.4442229378e-01,3.1809220435e-01,8.9218916360e-01
1.8223760488e+00,2.0729037862e+00,4.6237510507e-01,1.4425828790e-01,3.1811681718e-01,8.9245974383e-01
1.8238155244e+00,2.0740976876e+00,4.6223574947e-01,1.4409456944e-01,3.1814118003e-01,8.9273103301e-01
1.8252549999e+00,2.0752922766e+00,4.6209643153e-01,1.4393113807e-01,3.1816529346e-01,8.9300303302e-01
1.8266944755e+00,2.0764875537e+00,4.6195715145e-01,1.4376799343e-01,3.1818915803e-01,8.9327574573e-01
1.8281339511e+00,2.0776835192e+00,4.6181790946e-01,1.4360513517e-01,3.1821277429e-01,8.9354917303e-01
1.8295734266e+00,2.0788801736e+00,4.6167870574e-01,1.4344256294e-01,3.1823614280e-01,8.9382331679e-01
1.8310129022e+00,2.0800775171e+00,4.6153954051e-01,1.4328027639e-01,3.1825926412e-01,8.9409817889e-01
1.8324523777e+00,2.0812755503e+00,4.6140041396e-01,1.4311827517e-01,3.1828213879e-01,8.9437376120e-01
1.8338918533e+00,2.0824742735e+00,4.6126132630e-01,1.4295655893e-01,3.1830476736e-01,8.9465006561e-01
1.8353313288e+00,2.0836736871e+00,4.6112227773e-01,1.4279512732e-01,3.1832715040e-01,8.9492709400e-01
1.8367708044e+00,2.0848737915e+00,4.6098326844e-01,1.4263397999e-01,3.1834928845e-01,8.9520484824e-01
1.8382102799e+00,2.0860745871e+00,4.6084429865e-01,1.4247311658e-01,3.1837118206e-01,8.9548333022e-01
1.8396497555e+00,2.0872760743e+00,4.6070536853e-01,1.4231253676e-01,3.1839283178e-01,8.9576254182e-01
1.8410892310e+00,2.0884782535e+00,4.6056647831e-01,1.4215224015e-01,3.1841423816e-01,8.9604248492e-01
1.8425287066e+00,2.0896811251e+00,4.6042762816e-01,1.4199222642e-01,3.1843540174e-01,8.9632316141e-01
1.8439681821e+00,2.0908846896e+00,4.6028881828e-01,1.4183249521e-01,3.1845632307e-01,8.9660457316e-01
1.8454076577e+00,2.0920889472e+00,4.6015004888e-01,1.4167304618e-01,3.1847700270e-01,8.9688672206e-01
1.8468471332e+00,2.0932938984e+00,4.6001132013e-01,1.4151387896e-01,3.1849744117e-01,8.9716961001e-01
1.8482866088e+00,2.0944995436e+00,4.5987263224e-01,1.4135499321e-01,3.1851763903e-01,8.9745323887e-01
1.8497260843e+00,2.0957058832e+00,4.5973398540e-01,1.4119638858e-01,3.1853759682e-01,8.9773761055e-01
1.8511655599e+00,2.0969129177e+00,4.5959537979e-01,1.4103806472e-01,3.1855731508e-01,8.9802272693e-01
1.8526050354e+00,2.0981206473e+00,4.5945681562e-01,1.4088002127e-01,3.1857679435e-01,8.9830858989e-01
1.8540445110e+00,2.0993290725e+00,4.5931829306e-01,1.4072225788e-01,3.1859603518e-01,8.9859520133e-01
1.8554839865e+00,2.1005381937e+00,4.5917981230e-01,1.4056477420e-01,3.1861503810e-01,8.9888256314e-01
1.8569234621e+00,2.1017480113e+00,4.5904137354e-01,1.4040756988e-01,3.1863380366e-01,8.9917067720e-01
1.8583629376e+00,2.1029585258e+00,4.5890297695e-01,1.4025064456e-01,3.1865233239e-01,8.9945954541e-01
1.8598024132e+00,2.1041697374e+00,4.5876462273e-01,1.4009399790e-01,3.1867062483e-01,8.9974916967e-01
1.8612418887e+00,2.1053816466e+00,4.5862631106e-01,1.3993762955e-01,3.1868868151e-01,9.0003955186e-01
1.8626813643e+00,2.1065942538e+00,4.5848804213e-01,1.3978153915e-01,3.1870650298e-01,9.0033069388e-01
1.8641208399e+00,2.1078075595e+00,4.5834981611e-01,1.3962572634e-01,3.1872408977e-01,9.0062259764e-01
1.8655603154e+00,2.1090215639e+00,4.5821163319e-01,1.3947019078e-01,3.1874144240e-01,9.0091526501e-01
1.8669997910e+00,2.1102362676e+00,4.5807349355e-01,1.3931493212e-01,3.1875856143e-01,9.0120869791e-01
1.8684392665e+00,2.1114516709e+00,4.5793539737e-01,1.3915995000e-01,3.1877544737e-01,9.0150289822e-01
1.8698787421e+00,2.1126677742e+00,4.5779734484e-01,1.3900524408e-01,3.1879210076e-01,9.0179786786e-01
1.8713182176e+00,2.1138845779e+00,4.5765933613e-01,1.3885081399e-01,3.1880852213e-01,9.0209360872e-01
1.8727576932e+00,2.1151020824e+00,4.5752137141e-01,1.3869665940e-01,3.1882471202e-01,9.0239012270e-01
1.8741971687e+00,2.1163202882e+00,4.5738345088e-01,1.3854277994e-01,3.1884067094e-01,9.0268741171e-01
1.8756366443e+00,2.1175391956e+00,4.5724557470e-01,1.3838917526e-01,3.1885639944e-01,9.0298547765e-01
1.8770761198e+00,2.1187588051e+00,4.5710774304e-01,1.3823584502e-01,3.1887189803e-01,9.0328432242e-01
1.8785155954e+00,2.1199791170e+00,4.5696995610e-01,1.3808278885e-01,3.1888716724e-01,9.0358394794e-01
1.8799550709e+00,2.1212001317e+00,4.5683221403e-01,1.3793000642e-01,3.1890220761e-01,9.0388435611e-01
1.8813945465e+00,2.1224218497e+00,4.5669451702e-01,1.3777749736e-01,3.1891701965e-01,9.0418554884e-01
1.8828340220e+00,2.1236442713e+00,4.5655686523e-01,1.3762526133e-01,3.1893160390e-01,9.0448752804e-01
1.8842734976e+00,2.1248673970e+00,4.5641925884e-01,1.3747329798e-01,3.1894596086e-01,9.0479029561e-01
1.8857129731e+00,2.1260912272e+00,4.5628169802e-01,1.3732160694e-01,3.1896009108e-01,9.0509385349e-01
1.8871524487e+00,2.1273157622e+00,4.5614418294e-01,1.3717018788e-01,3.1897399506e-01,9.0539820356e-01
1.8885919242e+00,2.1285410026e+00,4.5600671377e-01,1.3701904044e-01,3.1898767333e-01,9.0570334777e-01
1.8900313998e+00,2.1297669486e+00,4.5586929068e-01,1.3686816426e-01,3.1900112642e-01,9.0600928801e-01
1.8914708753e+00,2.1309936007e+00,4.5573191384e-01,1.3671755900e-01,3.1901435484e-01,9.0631602620e-01
1.8929103509e+00,2.1322209593e+00,4.5559458341e-01,1.3656722431e-01,3.1902735910e-01,9.0662356427e-01
1.8943498264e+00,2.1334490247e+00,4.5545729957e-01,1.3641715983e-01,3.1904013974e-01,9.0693190414e-01
1.8957893020e+00,2.1346777976e+00,4.5532006247e-01,1.3626736522e-01,3.1905269726e-01,9.0724104772e-01
1.8972287775e+00,2.1359072781e+00,4.5518287229e-01,1.3611784011e-01,3.1906503218e-01,9.0755099695e-01
1.8986682531e+00,2.1371374667e+00,4.5504572919e-01,1.3596858417e-01,3.1907714502e-01,9.0786175374e-01
1.9001077287e+00,2.1383683639e+00,4.5490863333e-01,1.3581959704e-01,3.1908903629e-01,9.0817332002e-01
1.9015472042e+00,2.1395999701e+00,4.5477158488e-01,1.3567087837e-01,3.1910070651e-01,9.0848569772e-01
1.9029866798e+00,2.1408322855e+00,4.5463458399e-01,1.3552242780e-01,3.1911215619e-01,9.0879888877e-01
1.9044261553e+00,2.1420653108e+00,4.5449763084e-01,1.3537424500e-01,3.1912338584e-01,9.0911289510e-01
1.9058656309e+00,2.1432990462e+00,4.5436072557e-01,1.3522632960e-01,3.1913439597e-01,9.0942771863e-01
1.9073051064e+00,2.1445334922e+00,4.5422386836e-01,1.3507868126e-01,3.1914518711e-01,9.0974336131e-01
1.9087445820e+00,2.1457686492e+00,4.5408705936e-01,1.3493129962e-01,3.1915575974e-01,9.1005982507e-01
1.9101840575e+00,2.1470045175e+00,4.5395029874e-01,1.3478418434e-01,3.1916611439e-01,9.1037711184e-01
1.9116235331e+00,2.1482410977e+00,4.5381358664e-01,1.3463733507e-01,3.1917625157e-01,9.1069522356e-01
1.9130630086e+00,2.1494783901e+00,4.5367692323e-01,1.3449075146e-01,3.1918617177e-01,9.1101416218e-01
1.9145024842e+00,2.1507163951e+00,4.5354030866e-01,1.3434443315e-01,3.1919587551e-01,9.1133392962e-01
1.9159419597e+00,2.1519551132e+00,4.5340374309e-01,1.3419837979e-01,3.1920536330e-01,9.1165452784e-01
1.9173814353e+00,2.1531945447e+00,4.5326722669e-01,1.3405259105e-01,3.1921463564e-01,9.1197595878e-01
1.9188209108e+00,2.1544346900e+00,4.5313075959e-01,1.3390706656e-01,3.1922369303e-01,9.1229822439e-01
1.9202603864e+00,2.1556755497e+00,4.5299434196e-01,1.3376180598e-01,3.1923253597e-01,9.1262132661e-01
1.9216998619e+00,2.1569171240e+00,4.5285797394e-01,1.3361680896e-01,3.1924116498e-01,9.1294526739e-01
1.9231393375e+00,2.1581594134e+00,4.5272165570e-01,1.3347207515e-01,3.1924958055e-01,9.1327004869e-01
1.9245788130e+00,2.1594024183e+00,4.5258538739e-01,1.3332760420e-01,3.1925778319e-01,9.1359567245e-01
1.9260182886e+00,2.1606461391e+00,4.5244916915e-01,1.3318339577e-01,3.1926577339e-01,9.1392214063e-01
1.9274577641e+00,2.1618905763e+00,4.5231300115e-01,1.3303944949e-01,3.1927355165e-01,9.1424945519e-01
1.9288972397e+00,2.1631357301e+00,4.5217688352e-01,1.3289576504e-01,3.1928111848e-01,9.1457761808e-01
1.9303367152e+00,2.1643816012e+00,4.5204081642e-01,1.3275234205e-01,3.1928847437e-01,9.1490663127e-01
1.9317761908e+00,2.1656281898e+00,4.5190479999e-01,1.3260918017e-01,3.1929561982e-01,9.1523649671e-01
1.9332156663e+00,2.1668754964e+00,4.5176883440e-01,1.3246627907e-01,3.1930255532e-01,9.1556721638e-01
1.9346551419e+00,2.1681235214e+00,4.5163291977e-01,1.3232363839e-01,3.1930928138e-01,9.1589879222e-01
1.9360946175e+00,2.1693722652e+00,4.5149705627e-01,1.3218125779e-01,3.1931579848e-01,9.1623122622e-01
1.9375340930e+00,2.1706217282e+00,4.5136124404e-01,1.3203913692e-01,3.1932210713e-01,9.1656452034e-01
1.9389735686e+00,2.1718719108e+00,4.5122548323e-01,1.3189727542e-01,3.1932820781e-01,9.1689867655e-01
1.9404130441e+00,2.1731228135e+00,4.5108977397e-01,1.3175567296e-01,3.1933410101e-01,9.1723369682e-01
1.9418525197e+00,2.1743744367e+00,4.5095411642e-01,1.3161432918e-01,3.1933978724e-01,9.1756958313e-01
1.9432919952e+00,2.1756267808e+00,4.5081851072e-01,1.3147324374e-01,3.1934526698e-01,9.1790633746e-01
1.9447314708e+00,2.1768798461e+00,4.5068295701e-01,1.3133241630e-01,3.1935054071e-01,9.1824396178e-01
1.9461709463e+00,2.1781336331e+00,4.5054745544e-01,1.3119184650e-01,3.1935560894e-01,9.1858245807e-01
1.9476104219e+00,2.1793881423e+00,4.5041200615e-01,1.3105153400e-01,3.1936047215e-01,9.1892182831e-01
1.9490498974e+00,2.1806433740e+00,4.5027660928e-01,1.3091147846e-01,3.1936513082e-01,9.1926207450e-01
1.9504893730e+00,2.1818993287e+00,4.5014126497e-01,1.3077167952e-01,3.1936958545e-01,9.1960319862e-01
1.9519288485e+00,2.1831560068e+00,4.5000597337e-01,1.3063213685e-01,3.1937383652e-01,9.1994520265e-01
1.9533683241e+00,2.1844134086e+00,4.4987073461e-01,1.3049285009e-01,3.1937788452e-01,9.2028808858e-01
1.9548077996e+00,2.1856715347e+00,4.4973554883e-01,1.3035381891e-01,3.1938172992e-01,9.2063185841e-01
1.9562472752e+00,2.1869303853e+00,4.4960041618e-01,1.3021504295e-01,3.1938537323e-01,9.2097651414e-01
1.9576867507e+00,2.1881899611e+00,4.4946533678e-01,1.3007652187e-01,3.1938881491e-01,9.2132205775e-01
1.9591262263e+00,2.1894502623e+00,4.4933031079e-01,1.2993825534e-01,3.1939205545e-01,9.2166849126e-01
1.9605657018e+00,2.1907112893e+00,4.4919533833e-01,1.2980024299e-01,3.1939509534e-01,9.2201581665e-01
1.9620051774e+00,2.1919730427e+00,4.4906041955e-01,1.2966248449e-01,3.1939793506e-01,9.2236403594e-01
1.9634446529e+00,2.1932355227e+00,4.4892555457e-01,1.2952497950e-01,3.1940057507e-01,9.2271315112e-01
1.9648841285e+00,2.1944987299e+00,4.4879074354e-01,1.2938772766e-01,3.1940301588e-01,9.2306316421e-01
1.9663236040e+00,2.1957626647e+00,4.4865598659e-01,1.2925072865e-01,3.1940525794e-01,9.2341407722e-01
1.9677630796e+00,2.1970273274e+00,4.4852128386e-01,1.2911398211e-01,3.1940730175e-01,9.2376589215e-01
1.9692025551e+00,2.1982927185e+00,4.4838663547e-01,1.2897748770e-01,3.1940914777e-01,9.2411861102e-01
1.9706420307e+00,2.1995588385e+00,4.4825204157e-01,1.2884124507e-01,3.1941079649e-01,9.2447223585e-01
1.9720815063e+00,2.2008256876e+00,4.4811750228e-01,1.2870525390e-01,3.1941224838e-01,9.2482676866e-01
1.9735209818e+00,2.2020932664e+00,4.4798301774e-01,1.2856951382e-01,3.1941350392e-01,9.2518221146e-01
1.9749604574e+00,2.2033615753e+00,4.4784858808e-01,1.2843402451e-01,3.1941456357e-01,9.2553856629e-01
1.9763999329e+00,2.2046306146e+00,4.4771421344e-01,1.2829878562e-01,3.1941542782e-01,9.2589583516e-01
1.9778394085e+00,2.2059003849e+00,4.4757989393e-01,1.2816379680e-01,3.1941609714e-01,9.2625402011e-01
1.9792788840e+00,2.2071708865e+00,4.4744562970e-01,1.2802905772e-01,3.1941657199e-01,9.2661312316e-01
1.9807183596e+00,2.2084421199e+00,4.4731142088e-01,1.2789456803e-01,3.1941685285e-01,9.2697314635e-01
1.9821578351e+00,2.2097140854e+00,4.4717726758e-01,1.2776032740e-01,3.1941694018e-01,9.2733409171e-01
1.9835973107e+00,2.2109867835e+00,4.4704316995e-01,1.2762633548e-01,3.1941683447e-01,9.2769596128e-01
1.9850367862e+00,2.2122602147e+00,4.4690912810e-01,1.2749259193e-01,3.1941653617e-01,9.2805875710e-01
1.9864762618e+00,2.2135343793e+00,4.4677514218e-01,1.2735909641e-01,3.1941604576e-01,9.2842248121e-01
1.9879157373e+00,2.2148092777e+00,4.4664121229e-01,1.2722584859e-01,3.1941536370e-01,9.2878713566e-01
1.9893552129e+00,2.2160849105e+00,4.4650733858e-01,1.2709284812e-01,3.1941449046e-01,9.2915272249e-01
1.9907946884e+00,2.2173612779e+00,4.4637352117e-01,1.2696009467e-01,3.1941342650e-01,9.2951924376e-01
1.9922341640e+00,2.2186383805e+00,4.4623976018e-01,1.2682758789e-01,3.1941217230e-01,9.2988670151e-01
1.9936736395e+00,2.2199162186e+00,4.4610605575e-01,1.2669532744e-01,3.1941072830e-01,9.3025509781e-01
1.9951131151e+00,2.2211947927e+00,4.4597240798e-01,1.2656331299e-01,3.1940909499e-01,9.3062443470e-01
1.9965525906e+00,2.2224741032e+00,4.4583881702e-01,1.2643154420e-01,3.1940727281e-01,9.3099471425e-01
1.9979920662e+00,2.2237541506e+00,4.4570528297e-01,1.2630002073e-01,3.1940526224e-01,9.3136593853e-01
1.9994315417e+00,2.2250349352e+00,4.4557180598e-01,1.2616874225e-01,3.1940306373e-01,9.3173810958e-01
2.0008710173e+00,2.2263164574e+00,4.4543838615e-01,1.2603770840e-01,3.1940067775e-01,9.3211122950e-01
2.0023104928e+00,2.2275987178e+00,4.4530502361e-01,1.2590691887e-01,3.1939810474e-01,9.3248530033e-01
2.0037499684e+00,2.2288817167e+00,4.4517171849e-01,1.2577637331e-01,3.1939534518e-01,9.3286032416e-01
2.0051894439e+00,2.2301654545e+00,4.4503847091e-01,1.2564607138e-01,3.1939239952e-01,9.3323630307e-01
2.0066289195e+00,2.2314499318e+00,4.4490528098e-01,1.2551601275e-01,3.1938926822e-01,9.3361323912e-01
2.0080683951e+00,2.2327351488e+00,4.4477214883e-01,1.2538619709e-01,3.1938595174e-01,9.3399113441e-01
2.0095078706e+00,2.2340211060e+00,4.4463907457e-01,1.2525662405e-01,3.1938245052e-01,9.3436999101e-01
2.0109473462e+00,2.2353078039e+00,4.4450605833e-01,1.2512729330e-01,3.1937876504e-01,9.3474981101e-01
2.0123868217e+00,2.2365952429e+00,4.4437310023e-01,1.2499820450e-01,3.1937489573e-01,9.3513059650e-01
2.0138262973e+00,2.2378834234e+00,4.4424020038e-01,1.2486935733e-01,3.1937084305e-01,9.3551234958e-01
2.0152657728e+00,2.2391723458e+00,4.4410735891e-01,1.2474075144e-01,3.1936660747e-01,9.3589507233e-01
2.0167052484e+00,2.2404620106e+00,4.4397457593e-01,1.2461238651e-01,3.1936218942e-01,9.3627876685e-01
2.0181447239e+00,2.2417524182e+00,4.4384185156e-01,1.2448426219e-01,3.1935758937e-01,9.3666343525e-01
2.0195841995e+00,2.2430435690e+00,4.4370918592e-01,1.2435637816e-01,3.1935280775e-01,9.3704907963e-01
2.0210236750e+00,2.2443354635e+00,4.4357657911e-01,1.2422873408e-01,3.1934784503e-01,9.3743570209e-01
2.0224631506e+00,2.2456281020e+00,4.4344403127e-01,1.2410132962e-01,3.1934270166e-01,9.3782330475e-01
2.0239026261e+00,2.2469214850e+00,4.4331154250e-01,1.2397416444e-01,3.1933737807e-01,9.3821188970e-01
2.0253421017e+00,2.2482156130e+00,4.4317911292e-01,1.2384723821e-01,3.1933187472e-01,9.3860145908e-01
2.0267815772e+00,2.2495104863e+00,4.4304674265e-01,1.2372055060e-01,3.1932619205e-01,9.3899201499e-01
2.0282210528e+00,2.2508061054e+00,4.4291443180e-01,1.2359410129e-01,3.1932033051e-01,9.3938355956e-01
2.0296605283e+00,2.2521024707e+00,4.4278218048e-01,1.2346788992e-01,3.1931429056e-01,9.3977609490e-01
2.0311000039e+00,2.2533995827e+00,4.4264998881e-01,1.2334191619e-01,3.1930807262e-01,9.4016962315e-01
2.0325394794e+00,2.2546974417e+00,4.4251785690e-01,1.2321617975e-01,3.1930167715e-01,9.4056414644e-01
2.0339789550e+00,2.2559960483e+00,4.4238578486e-01,1.2309068027e-01,3.1929510459e-01,9.4095966689e-01
2.0354184305e+00,2.2572954028e+00,4.4225377281e-01,1.2296541743e-01,3.1928835538e-01,9.4135618665e-01
2.0368579061e+00,2.2585955057e+00,4.4212182086e-01,1.2284039089e-01,3.1928142997e-01,9.4175370784e-01
2.0382973816e+00,2.2598963574e+00,4.4198992911e-01,1.2271560032e-01,3.1927432879e-01,9.4215223262e-01
2.0397368572e+00,2.2611979583e+00,4.4185809769e-01,1.2259104540e-01,3.1926705229e-01,9.4255176312e-01
2.0411763327e+00,2.2625003088e+00,4.4172632670e-01,1.2246672580e-01,3.1925960090e-01,9.4295230150e-01
2.0426158083e+00,2.2638034095e+00,4.4159461625e-01,1.2234264118e-01,3.1925197507e-01,9.4335384989e-01
2.0440552839e+00,2.2651072607e+00,4.4146296645e-01,1.2221879122e-01,3.1924417523e-01,9.4375641047e-01
2.0454947594e+00,2.2664118629e+00,4.4133137742e-01,1.2209517559e-01,3.1923620182e-01,9.4415998538e-01
2.0469342350e+00,2.2677172164e+00,4.4119984925e-01,1.2197179397e-01,3.1922805528e-01,9.4456457678e-01
2.0483737105e+00,2.2690233218e+00,4.4106838207e-01,1.2184864602e-01,3.1921973605e-01,9.4497018684e-01
2.0498131861e+00,2.2703301795e+00,4.4093697597e-01,1.2172573142e-01,3.1921124455e-01,9.4537681772e-01
2.0512526616e+00,2.2716377898e+00,4.4080563107e-01,1.2160304985e-01,3.1920258122e-01,9.4578447160e-01
2.0526921372e+00,2.2729461533e+00,4.4067434747e-01,1.2148060096e-01,3.1919374651e-01,9.4619315064e-01
2.0541316127e+00,2.2742552703e+00,4.4054312529e-01,1.2135838445e-01,3.1918474084e-01,9.4660285701e-01
2.0555710883e+00,2.2755651413e+00,4.4041196462e-01,1.2123639999e-01,3.1917556463e-01,9.4701359291e-01
2.0570105638e+00,2.2768757667e+00,4.4028086558e-01,1.2111464724e-01,3.1916621834e-01,9.4742536051e-01
2.0584500394e+00,2.2781871470e+00,4.4014982827e-01,1.2099312588e-01,3.1915670238e-01,9.4783816200e-01
2.0598895149e+00,2.2794992826e+00,4.4001885279e-01,1.2087183560e-01,3.1914701719e-01,9.4825199956e-01
2.0613289905e+00,2.2808121740e+00,4.3988793926e-01,1.2075077606e-01,3.1913716320e-01,9.4866687539e-01
2.0627684660e+00,2.2821258215e+00,4.3975708777e-01,1.2062994694e-01,3.1912714083e-01,9.4908279168e-01
2.0642079416e+00,2.2834402256e+00,4.3962629844e-01,1.2050934792e-01,3.1911695052e-01,9.4949975063e-01
2.0656474171e+00,2.2847553867e+00,4.3949557136e-01,1.2038897868e-01,3.1910659269e-01,9.4991775445e-01
2.0670868927e+00,2.2860713053e+00,4.3936490665e-01,1.2026883888e-01,3.1909606776e-01,9.5033680534e-01
2.0685263682e+00,2.2873879819e+00,4.3923430439e-01,1.2014892822e-01,3.1908537618e-01,9.5075690551e-01
2.0699658438e+00,2.2887054167e+00,4.3910376471e-01,1.2002924636e-01,3.1907451835e-01,9.5117805716e-01
2.0714053193e+00,2.2900236104e+00,4.3897328769e-01,1.1990979298e-01,3.1906349471e-01,9.5160026253e-01
2.0728447949e+00,2.2913425633e+00,4.3884287345e-01,1.1979056777e-01,3.1905230567e-01,9.5202352381e-01
2.0742842704e+00,2.2926622758e+00,4.3871252208e-01,1.1967157041e-01,3.1904095167e-01,9.5244784325e-01
2.0757237460e+00,2.2939827485e+00,4.3858223368e-01,1.1955280056e-01,3.1902943312e-01,9.5287322306e-01
2.0771632215e+00,2.2953039817e+00,4.3845200837e-01,1.1943425792e-01,3.1901775045e-01,9.5329966547e-01
2.0786026971e+00,2.2966259758e+00,4.3832184624e-01,1.1931594215e-01,3.1900590408e-01,9.5372717272e-01
2.0800421727e+00,2.2979487314e+00,4.3819174738e-01,1.1919785295e-01,3.1899389443e-01,9.5415574705e-01
2.0814816482e+00,2.2992722488e+00,4.3806171191e-01,1.1907998999e-01,3.1898172191e-01,9.5458539068e-01
2.0829211238e+00,2.3005965285e+00,4.3793173991e-01,1.1896235296e-01,3.1896938696e-01,9.5501610588e-01
2.0843605993e+00,2.3019215709e+00,4.3780183150e-01,1.1884494153e-01,3.1895688997e-01,9.5544789487e-01
2.0858000749e+00,2.3032473765e+00,4.3767198677e-01,1.1872775539e-01,3.1894423138e-01,9.5588075992e-01
2.0872395504e+00,2.3045739456e+00,4.3754220582e-01,1.1861079421e-01,3.1893141161e-01,9.5631470329e-01
2.0886790260e+00,2.3059012789e+00,4.3741248874e-01,1.1849405769e-01,3.1891843106e-01,9.5674972721e-01
2.0901185015e+00,2.3072293766e+00,4.3728283565e-01,1.1837754550e-01,3.1890529015e-01,9.5718583397e-01
2.0915579771e+00,2.3085582393e+00,4.3715324662e-01,1.1826125733e-01,3.1889198930e-01,9.5762302582e-01
2.0929974526e+00,2.3098878673e+00,4.3702372177e-01,1.1814519286e-01,3.1887852892e-01,9.5806130503e-01
2.0944369282e+00,2.3112182611e+00,4.3689426119e-01,1.1802935177e-01,3.1886490942e-01,9.5850067388e-01
2.0958764037e+00,2.3125494212e+00,4.3676486498e-01,1.1791373376e-01,3.1885113122e-01,9.5894113464e-01
2.0973158793e+00,2.3138813479e+00,4.3663553323e-01,1.1779833850e-01,3.1883719474e-01,9.5938268959e-01
2.0987553548e+00,2.3152140418e+00,4.3650626605e-01,1.1768316568e-01,3.1882310037e-01,9.5982534102e-01
2.1001948304e+00,2.3165475033e+00,4.3637706352e-01,1.1756821498e-01,3.1880884854e-01,9.6026909121e-01
2.1016343059e+00,2.3178817328e+00,4.3624792574e-01,1.1745348610e-01,3.1879443965e-01,9.6071394246e-01
2.1030737815e+00,2.3192167307e+00,4.3611885281e-01,1.1733897871e-01,3.1877987411e-01,9.6115989706e-01
2.1045132570e+00,2.3205524975e+00,4.3598984483e-01,1.1722469250e-01,3.1876515233e-01,9.6160695730e-01
2.1059527326e+00,2.3218890337e+00,4.3586090189e-01,1.1711062717e-01,3.1875027472e-01,9.6205512550e-01
2.1073922081e+00,2.3232263397e+00,4.3573202408e-01,1.1699678240e-01,3.1873524168e-01,9.6250440395e-01
2.1088316837e+00,2.3245644159e+00,4.3560321150e-01,1.1688315787e-01,3.1872005363e-01,9.6295479497e-01
2.1102711592e+00,2.3259032627e+00,4.3547446424e-01,1.1676975328e-01,3.1870471096e-01,9.6340630087e-01
2.1117106348e+00,2.3272428807e+00,4.3534578240e-01,1.1665656830e-01,3.1868921409e-01,9.6385892398e-01
2.1131501103e+00,2.3285832703e+00,4.3521716606e-01,1.1654360265e-01,3.1867356342e-01,9.6431266660e-01
2.1145895859e+00,2.3299244318e+00,4.3508861534e-01,1.1643085599e-01,3.1865775935e-01,9.6476753108e-01
2.1160290615e+00,2.3312663658e+00,4.3496013030e-01,1.1631832802e-01,3.1864180228e-01,9.6522351973e-01
2.1174685370e+00,2.3326090727e+00,4.3483171106e-01,1.1620601844e-01,3.1862569262e-01,9.6568063490e-01
2.1189080126e+00,2.3339525530e+00,4.3470335770e-01,1.1609392692e-01,3.1860943077e-01,9.6613887891e-01
2.1203474881e+00,2.3352968070e+00,4.3457507031e-01,1.1598205317e-01,3.1859301714e-01,9.6659825412e-01
2.1217869637e+00,2.3366418352e+00,4.3444684898e-01,1.1587039687e-01,3.1857645211e-01,9.6705876287e-01
2.1232264392e+00,2.3379876382e+00,4.3431869382e-01,1.1575895772e-01,3.1855973610e-01,9.6752040750e-01
2.1246659148e+00,2.3393342162e+00,4.3419060490e-01,1.1564773541e-01,3.1854286949e-01,9.6798319037e-01
2.1261053903e+00,2.3406815699e+00,4.3406258232e-01,1.1553672962e-01,3.1852585270e-01,9.6844711385e-01
2.1275448659e+00,2.3420296995e+00,4.3393462617e-01,1.1542594006e-01,3.1850868611e-01,9.6891218028e-01
2.1289843414e+00,2.3433786056e+00,4.3380673654e-01,1.1531536641e-01,3.1849137012e-01,9.6937839204e-01
2.1304238170e+00,2.3447282886e+00,4.3367891352e-01,1.1520500838e-01,3.1847390514e-01,9.6984575150e-01
2.1318632925e+00,2.3460787490e+00,4.3355115720e-01,1.1509486564e-01,3.1845629155e-01,9.7031426103e-01
2.1333027681e+00,2.3474299872e+00,4.3342346766e-01,1.1498493791e-01,3.1843852975e-01,9.7078392302e-01
2.1347422436e+00,2.3487820036e+00,4.3329584501e-01,1.1487522487e-01,3.1842062014e-01,9.7125473983e-01
2.1361817192e+00,2.3501347987e+00,4.3316828933e-01,1.1476572621e-01,3.1840256311e-01,9.7172671386e-01
2.1376211947e+00,2.3514883730e+00,4.3304080070e-01,1.1465644164e-01,3.1838435906e-01,9.7219984751e-01
2.1390606703e+00,2.3528427269e+00,4.3291337922e-01,1.1454737085e-01,3.1836600836e-01,9.7267414316e-01
2.1405001458e+00,2.3541978608e+00,4.3278602497e-01,1.1443851354e-01,3.1834751143e-01,9.7314960321e-01
2.1419396214e+00,2.3555537753e+00,4.3265873804e-01,1.1432986940e-01,3.1832886864e-01,9.7362623007e-01
2.1433790969e+00,2.3569104706e+00,4.3253151852e-01,1.1422143813e-01,3.1831008039e-01,9.7410402615e-01
2.1448185725e+00,2.3582679474e+00,4.3240436650e-01,1.1411321943e-01,3.1829114707e-01,9.7458299386e-01
2.1462580480e+00,2.3596262060e+00,4.3227728206e-01,1.1400521299e-01,3.1827206907e-01,9.7506313561e-01
2.1476975236e+00,2.3609852469e+00,4.3215026529e-01,1.1389741852e-01,3.1825284678e-01,9.7554445383e-01
2.1491369991e+00,2.3623450706e+00,4.3202331628e-01,1.1378983571e-01,3.1823348058e-01,9.7602695093e-01
2.1505764747e+00,2.3637056775e+00,4.3189643512e-01,1.1368246426e-01,3.1821397086e-01,9.7651062936e-01
2.1520159503e+00,2.3650670680e+00,4.3176962188e-01,1.1357530387e-01,3.1819431801e-01,9.7699549154e-01
2.1534554258e+00,2.3664292426e+00,4.3164287666e-01,1.1346835425e-01,3.1817452241e-01,9.7748153991e-01
2.1548949014e+00,2.3677922018e+00,4.3151619954e-01,1.1336161509e-01,3.1815458445e-01,9.7796877692e-01
2.1563343769e+00,2.3691559459e+00,4.3138959061e-01,1.1325508609e-01,3.1813450452e-01,9.7845720500e-01
2.1577738525e+00,2.3705204756e+00,4.3126304995e-01,1.1314876696e-01,3.1811428299e-01,9.7894682662e-01
2.1592133280e+00,2.3718857911e+00,4.3113657765e-01,1.1304265739e-01,3.1809392026e-01,9.7943764423e-01
2.1606528036e+00,2.3732518930e+00,4.3101017379e-01,1.1293675709e-01,3.1807341669e-01,9.7992966028e-01
2.1620922791e+00,2.3746187817e+00,4.3088383845e-01,1.1283106577e-01,3.1805277269e-01,9.8042287725e-01
2.1635317547e+00,2.3759864577e+00,4.3075757173e-01,1.1272558311e-01,3.1803198862e-01,9.8091729760e-01
2.1649712302e+00,2.3773549214e+00,4.3063137370e-01,1.1262030883e-01,3.1801106487e-01,9.8141292380e-01
2.1664107058e+00,2.3787241733e+00,4.3050524445e-01,1.1251524264e-01,3.1799000182e-01,9.8190975834e-01
2.1678501813e+00,2.3800942138e+00,4.3037918407e-01,1.1241038423e-01,3.1796879984e-01,9.8240780370e-01
2.1692896569e+00,2.3814650434e+00,4.3025319262e-01,1.1230573330e-01,3.1794745932e-01,9.8290706235e-01
2.1707291324e+00,2.3828366625e+00,4.3012727021e-01,1.1220128957e-01,3.1792598064e-01,9.8340753681e-01
2.1721686080e+00,2.3842090716e+00,4.3000141691e-01,1.1209705274e-01,3.1790436416e-01,9.8390922955e-01
2.1736080835e+00,2.3855822712e+00,4.2987563280e-01,1.1199302252e-01,3.1788261028e-01,9.8441214309e-01
2.1750475591e+00,2.3869562617e+00,4.2974991796e-01,1.1188919861e-01,3.1786071936e-01,9.8491627993e-01
2.1764870346e+00,2.3883310435e+00,4.2962427249e-01,1.1178558071e-01,3.1783869178e-01,9.8542164257e-01
2.1779265102e+00,2.3897066171e+00,4.2949869645e-01,1.1168216854e-01,3.1781652791e-01,9.8592823354e-01
2.1793659857e+00,2.3910829831e+00,4.2937318994e-01,1.1157896181e-01,3.1779422813e-01,9.8643605536e-01
2.1808054613e+00,2.3924601417e+00,4.2924775303e-01,1.1147596021e-01,3.1777179282e-01,9.8694511054e-01
2.1822449368e+00,2.3938380935e+00,4.2912238581e-01,1.1137316346e-01,3.1774922235e-01,9.8745540162e-01
2.1836844124e+00,2.3952168390e+00,4.2899708835e-01,1.1127057127e-01,3.1772651708e-01,9.8796693113e-01
2.1851238880e+00,2.3965963785e+00,4.2887186074e-01,1.1116818335e-01,3.1770367739e-01,9.8847970161e-01
2.1865633635e+00,2.3979767126e+00,4.2874670305e-01,1.1106599940e-01,3.1768070365e-01,9.8899371560e-01
2.1880028391e+00,2.3993578418e+00,4.2862161538e-01,1.1096401914e-01,3.1765759624e-01,9.8950897565e-01
2.1894423146e+00,2.4007397664e+00,4.2849659779e-01,1.1086224227e-01,3.1763435552e-01,9.9002548431e-01
2.1908817902e+00,2.4021224869e+00,4.2837165036e-01,1.1076066851e-01,3.1761098186e-01,9.9054324415e-01
2.1923212657e+00,2.4035060038e+00,4.2824677319e-01,1.1065929757e-01,3.1758747562e-01,9.9106225772e-01
2.1937607413e+00,2.4048903175e+00,4.2812196634e-01,1.1055812915e-01,3.1756383719e-01,9.9158252759e-01
2.1952002168e+00,2.4062754286e+00,4.2799722990e-01,1.1045716298e-01,3.1754006692e-01,9.9210405634e-01
2.1966396924e+00,2.4076613374e+00,4.2787256394e-01,1.1035639876e-01,3.1751616518e-01,9.9262684653e-01
2.1980791679e+00,2.4090480445e+00,4.2774796855e-01,1.1025583621e-01,3.1749213234e-01,9.9315090076e-01
2.1995186435e+00,2.4104355502e+00,4.2762344380e-01,1.1015547504e-01,3.1746796876e-01,9.9367622161e-01
2.2009581190e+00,2.4118238550e+00,4.2749898978e-01,1.1005531496e-01,3.1744367481e-01,9.9420281167e-01
2.2023975946e+00,2.4132129595e+00,4.2737460655e-01,1.0995535569e-01,3.1741925086e-01,9.9473067354e-01
2.2038370701e+00,2.4146028640e+00,4.2725029420e-01,1.0985559695e-01,3.1739469726e-01,9.9525980982e-01
2.2052765457e+00,2.4159935691e+00,4.2712605281e-01,1.0975603844e-01,3.1737001437e-01,9.9579022311e-01
2.2067160212e+00,2.4173850751e+00,4.2700188245e-01,1.0965667988e-01,3.1734520257e-01,9.9632191603e-01
2.2081554968e+00,2.4187773826e+00,4.2687778320e-01,1.0955752099e-01,3.1732026221e-01,9.9685489120e-01
2.2095949723e+00,2.4201704920e+00,4.2675375514e-01,1.0945856148e-01,3.1729519366e-01,9.9738915124e-01
2.2110344479e+00,2.4215644038e+00,4.2662979835e-01,1.0935980108e-01,3.1726999727e-01,9.9792469877e-01
2.2124739234e+00,2.4229591184e+00,4.2650591290e-01,1.0926123949e-01,3.1724467341e-01,9.9846153642e-01
2.2139133990e+00,2.4243546363e+00,4.2638209886e-01,1.0916287644e-01,3.1721922242e-01,9.9899966684e-01
2.2153528745e+00,2.4257509579e+00,4.2625835633e-01,1.0906471164e-01,3.1719364469e-01,9.9953909267e-01
2.2167923501e+00,2.4271480838e+00,4.2613468536e-01,1.0896674482e-01,3.1716794055e-01,1.0000798165e+00
2.2182318256e+00,2.4285460143e+00,4.2601108605e-01,1.0886897568e-01,3.1714211037e-01,1.0006218411e+00
2.2196713012e+00,2.4299447500e+00,4.2588755846e-01,1.0877140395e-01,3.1711615450e-01,1.0011651691e+00
2.2211107768e+00,2.4313442913e+00,4.2576410266e-01,1.0867402936e-01,3.1709007331e-01,1.0017098030e+00
2.2225502523e+00,2.4327446387e+00,4.2564071875e-01,1.0857685161e-01,3.1706386714e-01,1.0022557457e+00
2.2239897279e+00,2.4341457926e+00,4.2551740678e-01,1.0847987043e-01,3.1703753635e-01,1.0028029997e+00
2.2254292034e+00,2.4355477536e+00,4.2539416685e-01,1.0838308554e-01,3.1701108130e-01,1.0033515678e+00
2.2268686790e+00,2.4369505219e+00,4.2527099901e-01,1.0828649667e-01,3.1698450234e-01,1.0039014526e+00
2.2283081545e+00,2.4383540983e+00,4.2514790335e-01,1.0819010352e-01,3.1695779983e-01,1.0044526568e+00
2.2297476301e+00,2.4397584830e+00,4.2502487994e-01,1.0809390584e-01,3.1693097410e-01,1.0050051832e+00
2.2311871056e+00,2.4411636766e+00,4.2490192886e-01,1.0799790333e-01,3.1690402553e-01,1.0055590343e+00
2.2326265812e+00,2.4425696795e+00,4.2477905017e-01,1.0790209572e-01,3.1687695446e-01,1.0061142130e+00
2.2340660567e+00,2.4439764922e+00,4.2465624396e-01,1.0780648273e-01,3.1684976123e-01,1.0066707219e+00
2.2355055323e+00,2.4453841152e+00,4.2453351030e-01,1.0771106410e-01,3.1682244621e-01,1.0072285637e+00
2.2369450078e+00,2.4467925489e+00,4.2441084926e-01,1.0761583953e-01,3.1679500973e-01,1.0077877412e+00
2.2383844834e+00,2.4482017938e+00,4.2428826092e-01,1.0752080877e-01,3.1676745215e-01,1.0083482571e+00
2.2398239589e+00,2.4496118503e+00,4.2416574534e-01,1.0742597152e-01,3.1673977382e-01,1.0089101141e+00
2.2412634345e+00,2.4510227190e+00,4.2404330261e-01,1.0733132752e-01,3.1671197509e-01,1.0094733150e+00
2.2427029100e+00,2.4524344003e+00,4.2392093279e-01,1.0723687650e-01,3.1668405630e-01,1.0100378624e+00
2.2441423856e+00,2.4538468947e+00,4.2379863597e-01,1.0714261817e-01,3.1665601779e-01,1.0106037593e+00
2.2455818611e+00,2.4552602026e+00,4.2367641220e-01,1.0704855228e-01,3.1662785992e-01,1.0111710082e+00
2.2470213367e+00,2.4566743245e+00,4.2355426157e-01,1.0695467853e-01,3.1659958303e-01,1.0117396120e+00
2.2484608122e+00,2.4580892608e+00,4.2343218414e-01,1.0686099667e-01,3.1657118747e-01,1.0123095734e+00
2.2499002878e+00,2.4595050121e+00,4.2331017999e-01,1.0676750642e-01,3.1654267357e-01,1.0128808952e+00
2.2513397633e+00,2.4609215788e+00,4.2318824919e-01,1.0667420750e-01,3.1651404169e-01,1.0134535802e+00
2.2527792389e+00,2.4623389614e+00,4.2306639182e-01,1.0658109966e-01,3.1648529216e-01,1.0140276311e+00
2.2542187144e+00,2.4637571604e+00,4.2294460794e-01,1.0648818261e-01,3.1645642533e-01,1.0146030508e+00
2.2556581900e+00,2.4651761762e+00,4.2282289762e-01,1.0639545608e-01,3.1642744154e-01,1.0151798420e+00
2.2570976656e+00,2.4665960092e+00,4.2270126095e-01,1.0630291981e-01,3.1639834114e-01,1.0157580075e+00
2.2585371411e+00,2.4680166600e+00,4.2257969798e-01,1.0621057353e-01,3.1636912445e-01,1.0163375502e+00
2.2599766167e+00,2.4694381291e+00,4.2245820880e-01,1.0611841696e-01,3.1633979183e-01,1.0169184728e+00
2.2614160922e+00,2.4708604168e+00,4.2233679346e-01,1.0602644985e-01,3.1631034361e-01,1.0175007781e+00
2.2628555678e+00,2.4722835238e+00,4.2221545205e-01,1.0593467192e-01,3.1628078013e-01,1.0180844691e+00
2.2642950433e+00,2.4737074504e+00,4.2209418463e-01,1.0584308290e-01,3.1625110173e-01,1.0186695484e+00
2.2657345189e+00,2.4751321971e+00,4.2197299127e-01,1.0575168252e-01,3.1622130875e-01,1.0192560190e+00
2.2671739944e+00,2.4765577643e+00,4.2185187205e-01,1.0566047053e-01,3.1619140152e-01,1.0198438837e+00
2.2686134700e+00,2.4779841527e+00,4.2173082703e-01,1.0556944665e-01,3.1616138039e-01,1.0204331453e+00
2.2700529455e+00,2.4794113626e+00,4.2160985629e-01,1.0547861061e-01,3.1613124568e-01,1.0210238067e+00
2.2714924211e+00,2.4808393945e+00,4.2148895989e-01,1.0538796216e-01,3.1610099773e-01,1.0216158706e+00
2.2729318966e+00,2.4822682489e+00,4.2136813791e-01,1.0529750103e-01,3.1607063688e-01,1.0222093401e+00
2.2743713722e+00,2.4836979262e+00,4.2124739041e-01,1.0520722694e-01,3.1604016346e-01,1.0228042179e+00
2.2758108477e+00,2.4851284270e+00,4.2112671746e-01,1.0511713965e-01,3.1600957781e-01,1.0234005070e+00
2.2772503233e+00,2.4865597517e+00,4.2100611913e-01,1.0502723888e-01,3.1597888026e-01,1.0239982101e+00
2.2786897988e+00,2.4879919007e+00,4.2088559550e-01,1.0493752436e-01,3.1594807114e-01,1.0245973302e+00
2.2801292744e+00,2.4894248746e+00,4.2076514663e-01,1.0484799585e-01,3.1591715078e-01,1.0251978703e+00
2.2815687499e+00,2.4908586739e+00,4.2064477259e-01,1.0475865307e-01,3.1588611952e-01,1.0257998331e+00
2.2830082255e+00,2.4922932989e+00,4.2052447344e-01,1.0466949576e-01,3.1585497768e-01,1.0264032215e+00
2.2844477010e+00,2.4937287502e+00,4.2040424927e-01,1.0458052367e-01,3.1582372560e-01,1.0270080386e+00
2.2858871766e+00,2.4951650283e+00,4.2028410013e-01,1.0449173652e-01,3.1579236361e-01,1.0276142871e+00
2.2873266521e+00,2.4966021337e+00,4.2016402609e-01,1.0440313407e-01,3.1576089203e-01,1.0282219701e+00
2.2887661277e+00,2.4980400667e+00,4.2004402723e-01,1.0431471604e-01,3.1572931119e-01,1.0288310904e+00
2.2902056032e+00,2.4994788279e+00,4.1992410361e-01,1.0422648218e-01,3.1569762143e-01,1.0294416510e+00
2.2916450788e+00,2.5009184178e+00,4.1980425530e-01,1.0413843223e-01,3.1566582307e-01,1.0300536548e+00
2.2930845544e+00,2.5023588368e+00,4.1968448236e-01,1.0405056592e-01,3.1563391644e-01,1.0306671048e+00
2.2945240299e+00,2.5038000854e+00,4.1956478487e-01,1.0396288301e-01,3.1560190185e-01,1.0312820039e+00
2.2959635055e+00,2.5052421642e+00,4.1944516289e-01,1.0387538324e-01,3.1556977965e-01,1.0318983551e+00
2.2974029810e+00,2.5066850735e+00,4.1932561649e-01,1.0378806633e-01,3.1553755015e-01,1.0325161613e+00
2.2988424566e+00,2.5081288138e+00,4.1920614573e-01,1.0370093205e-01,3.1550521368e-01,1.0331354254e+00
2.3002819321e+00,2.5095733857e+00,4.1908675069e-01,1.0361398013e-01,3.1547277057e-01,1.0337561506e+00
2.3017214077e+00,2.5110187896e+00,4.1896743144e-01,1.0352721030e-01,3.1544022113e-01,1.0343783397e+00
2.3031608832e+00,2.5124650260e+00,4.1884818802e-01,1.0344062233e-01,3.1540756569e-01,1.0350019958e+00
2.3046003588e+00,2.5139120954e+00,4.1872902053e-01,1.0335421595e-01,3.1537480458e-01,1.0356271218e+00
2.3060398343e+00,2.5153599982e+00,4.1860992901e-01,1.0326799091e-01,3.1534193810e-01,1.0362537208e+00
2.3074793099e+00,2.5168087349e+00,4.1849091354e-01,1.0318194695e-01,3.1530896660e-01,1.0368817957e+00
2.3089187854e+00,2.5182583060e+00,4.1837197419e-01,1.0309608381e-01,3.1527589038e-01,1.0375113495e+00
2.3103582610e+00,2.5197087121e+00,4.1825311102e-01,1.0301040125e-01,3.1524270977e-01,1.0381423854e+00
2.3117977365e+00,2.5211599535e+00,4.1813432409e-01,1.0292489901e-01,3.1520942508e-01,1.0387749062e+00
2.3132372121e+00,2.5226120307e+00,4.1801561348e-01,1.0283957683e-01,3.1517603665e-01,1.0394089151e+00
2.3146766876e+00,2.5240649443e+00,4.1789697924e-01,1.0275443447e-01,3.1514254477e-01,1.0400444150e+00
2.3161161632e+00,2.5255186947e+00,4.1777842145e-01,1.0266947167e-01,3.1510894978e-01,1.0406814091e+00
2.3175556387e+00,2.5269732824e+00,4.1765994017e-01,1.0258468818e-01,3.1507525199e-01,1.0413199003e+00
2.3189951143e+00,2.5284287079e+00,4.1754153547e-01,1.0250008375e-01,3.1504145172e-01,1.0419598917e+00
2.3204345898e+00,2.5298849716e+00,4.1742320740e-01,1.0241565813e-01,3.1500754928e-01,1.0426013865e+00
2.3218740654e+00,2.5313420741e+00,4.1730495605e-01,1.0233141106e-01,3.1497354499e-01,1.0432443875e+00
2.3233135409e+00,2.5328000158e+00,4.1718678146e-01,1.0224734230e-01,3.1493943917e-01,1.0438888981e+00
2.3247530165e+00,2.5342587972e+00,4.1706868371e-01,1.0216345159e-01,3.1490523212e-01,1.0445349211e+00
2.3261924920e+00,2.5357184188e+00,4.1695066287e-01,1.0207973869e-01,3.1487092417e-01,1.0451824598e+00
2.3276319676e+00,2.5371788811e+00,4.1683271899e-01,1.0199620335e-01,3.1483651563e-01,1.0458315171e+00
2.3290714432e+00,2.5386401845e+00,4.1671485214e-01,1.0191284532e-01,3.1480200681e-01,1.0464820963e+00
2.3305109187e+00,2.5401023296e+00,4.1659706238e-01,1.0182966435e-01,3.1476739803e-01,1.0471342003e+00
2.3319503943e+00,2.5415653169e+00,4.1647934979e-01,1.0174666020e-01,3.1473268959e-01,1.0477878324e+00
2.3333898698e+00,2.5430291467e+00,4.1636171442e-01,1.0166383261e-01,3.1469788181e-01,1.0484429957e+00
2.3348293454e+00,2.5444938197e+00,4.1624415634e-01,1.0158118134e-01,3.1466297500e-01,1.0490996932e+00
2.3362688209e+00,2.5459593362e+00,4.1612667562e-01,1.0149870615e-01,3.1462796947e-01,1.0497579282e+00
2.3377082965e+00,2.5474256968e+00,4.1600927231e-01,1.0141640678e-01,3.1459286553e-01,1.0504177037e+00
2.3391477720e+00,2.5488929020e+00,4.1589194648e-01,1.0133428299e-01,3.1455766348e-01,1.0510790229e+00
2.3405872476e+00,2.5503609522e+00,4.1577469820e-01,1.0125233455e-01,3.1452236365e-01,1.0517418890e+00
2.3420267231e+00,2.5518298479e+00,4.1565752752e-01,1.0117056119e-01,3.1448696633e-01,1.0524063051e+00
2.3434661987e+00,2.5532995897e+00,4.1554043452e-01,1.0108896268e-01,3.1445147184e-01,1.0530722744e+00
2.3449056742e+00,2.5547701780e+00,4.1542341926e-01,1.0100753878e-01,3.1441588048e-01,1.0537398001e+00
2.3463451498e+00,2.5562416132e+00,4.1530648179e-01,1.0092628923e-01,3.1438019256e-01,1.0544088853e+00
2.3477846253e+00,2.5577138960e+00,4.1518962219e-01,1.0084521381e-01,3.1434440838e-01,1.0550795333e+00
2.3492241009e+00,2.5591870267e+00,4.1507284051e-01,1.0076431226e-01,3.1430852825e-01,1.0557517472e+00
2.3506635764e+00,2.5606610059e+00,4.1495613682e-01,1.0068358434e-01,3.1427255248e-01,1.0564255303e+00
2.3521030520e+00,2.5621358340e+00,4.1483951118e-01,1.0060302981e-01,3.1423648137e-01,1.0571008857e+00
2.3535425275e+00,2.5636115115e+00,4.1472296366e-01,1.0052264843e-01,3.1420031523e-01,1.0577778167e+00
2.3549820031e+00,2.5650880390e+00,4.1460649432e-01,1.0044243997e-01,3.1416405435e-01,1.0584563264e+00
2.3564214786e+00,2.5665654169e+00,4.1449010322e-01,1.0036240417e-01,3.1412769905e-01,1.0591364182e+00
2.3578609542e+00,2.5680436457e+00,4.1437379041e-01,1.0028254079e-01,3.1409124962e-01,1.0598180953e+00
2.3593004297e+00,2.5695227259e+00,4.1425755598e-01,1.0020284961e-01,3.1405470637e-01,1.0605013609e+00
2.3607399053e+00,2.5710026580e+00,4.1414139997e-01,1.0012333038e-01,3.1401806960e-01,1.0611862182e+00
2.3621793808e+00,2.5724834424e+00,4.1402532246e-01,1.0004398285e-01,3.1398133960e-01,1.0618726705e+00
2.3636188564e+00,2.5739650798e+00,4.1390932349e-01,9.9964806803e-02,3.1394451669e-01,1.0625607211e+00
2.3650583320e+00,2.5754475705e+00,4.1379340314e-01,9.9885801986e-02,3.1390760115e-01,1.0632503733e+00
2.3664978075e+00,2.5769309150e+00,4.1367756147e-01,9.9806968166e-02,3.1387059330e-01,1.0639416303e+00
2.3679372831e+00,2.5784151139e+00,4.1356179853e-01,9.9728305105e-02,3.1383349343e-01,1.0646344955e+00
2.3693767586e+00,2.5799001676e+00,4.1344611440e-01,9.9649812567e-02,3.1379630183e-01,1.0653289720e+00
2.3708162342e+00,2.5813860766e+00,4.1333050912e-01,9.9571490315e-02,3.1375901881e-01,1.0660250633e+00
2.3722557097e+00,2.5828728414e+00,4.1321498277e-01,9.9493338114e-02,3.1372164466e-01,1.0667227726e+00
2.3736951853e+00,2.5843604626e+00,4.1309953541e-01,9.9415355729e-02,3.1368417968e-01,1.0674221032e+00
2.3751346608e+00,2.5858489406e+00,4.1298416709e-01,9.9337542923e-02,3.1364662416e-01,1.0681230585e+00
2.3765741364e+00,2.5873382758e+00,4.1286887788e-01,9.9259899463e-02,3.1360897841e-01,1.0688256418e+00
2.3780136119e+00,2.5888284689e+00,4.1275366784e-01,9.9182425114e-02,3.1357124272e-01,1.0695298564e+00
2.3794530875e+00,2.5903195202e+00,4.1263853702e-01,9.9105119642e-02,3.1353341738e-01,1.0702357056e+00
2.3808925630e+00,2.5918114304e+00,4.1252348550e-01,9.9027982815e-02,3.1349550269e-01,1.0709431930e+00
2.3823320386e+00,2.5933041998e+00,4.1240851334e-01,9.8951014398e-02,3.1345749894e-01,1.0716523216e+00
2.3837715141e+00,2.5947978289e+00,4.1229362058e-01,9.8874214161e-02,3.1341940642e-01,1.0723630951e+00
2.3852109897e+00,2.5962923183e+00,4.1217880730e-01,9.8797581869e-02,3.1338122543e-01,1.0730755166e+00
2.3866504652e+00,2.5977876685e+00,4.1206407355e-01,9.8721117292e-02,3.1334295626e-01,1.0737895897e+00
2.3880899408e+00,2.5992838800e+00,4.1194941940e-01,9.8644820199e-02,3.1330459921e-01,1.0745053176e+00
2.3895294163e+00,2.6007809532e+00,4.1183484491e-01,9.8568690357e-02,3.1326615455e-01,1.0752227039e+00
2.3909688919e+00,2.6022788886e+00,4.1172035013e-01,9.8492727538e-02,3.1322762259e-01,1.0759417518e+00
2.3924083674e+00,2.6037776868e+00,4.1160593513e-01,9.8416931511e-02,3.1318900362e-01,1.0766624648e+00
2.3938478430e+00,2.6052773483e+00,4.1149159996e-01,9.8341302046e-02,3.1315029792e-01,1.0773848464e+00
2.3952873185e+00,2.6067778734e+00,4.1137734470e-01,9.8265838914e-02,3.1311150578e-01,1.0781088998e+00
2.3967267941e+00,2.6082792628e+00,4.1126316939e-01,9.8190541886e-02,3.1307262750e-01,1.0788346287e+00
2.3981662696e+00,2.6097815170e+00,4.1114907409e-01,9.8115410734e-02,3.1303366336e-01,1.0795620363e+00
2.3996057452e+00,2.6112846363e+00,4.1103505888e-01,9.8040445230e-02,3.1299461365e-01,1.0802911263e+00
2.4010452208e+00,2.6127886215e+00,4.1092112380e-01,9.7965645146e-02,3.1295547866e-01,1.0810219019e+00
2.4024846963e+00,2.6142934728e+00,4.1080726892e-01,9.7891010254e-02,3.1291625867e-01,1.0817543667e+00
2.4039241719e+00,2.6157991909e+00,4.1069349430e-01,9.7816540329e-02,3.1287695397e-01,1.0824885242e+00
2.4053636474e+00,2.6173057761e+00,4.1057979999e-01,9.7742235144e-02,3.1283756484e-01,1.0832243778e+00
2.4068031230e+00,2.6188132292e+00,4.1046618606e-01,9.7668094473e-02,3.1279809158e-01,1.0839619310e+00
2.4082425985e+00,2.6203215504e+00,4.1035265256e-01,9.7594118090e-02,3.1275853447e-01,1.0847011873e+00
2.4096820741e+00,2.6218307404e+00,4.1023919956e-01,9.7520305770e-02,3.1271889379e-01,1.0854421502e+00
2.4111215496e+00,2.6233407996e+00,4.1012582711e-01,9.7446657289e-02,3.1267916982e-01,1.0861848233e+00
2.4125610252e+00,2.6248517285e+00,4.1001253528e-01,9.7373172422e-02,3.1263936285e-01,1.0869292099e+00
2.4140005007e+00,2.6263635277e+00,4.0989932411e-01,9.7299850945e-02,3.1259947317e-01,1.0876753137e+00
2.4154399763e+00,2.6278761975e+00,4.0978619368e-01,9.7226692635e-02,3.1255950105e-01,1.0884231382e+00
2.4168794518e+00,2.6293897387e+00,4.0967314404e-01,9.7153697269e-02,3.1251944677e-01,1.0891726870e+00
2.4183189274e+00,2.6309041515e+00,4.0956017525e-01,9.7080864624e-02,3.1247931063e-01,1.0899239635e+00
2.4197584029e+00,2.6324194366e+00,4.0944728737e-01,9.7008194478e-02,3.1243909290e-01,1.0906769713e+00
2.4211978785e+00,2.6339355944e+00,4.0933448046e-01,9.6935686608e-02,3.1239879385e-01,1.0914317140e+00
2.4226373540e+00,2.6354526255e+00,4.0922175457e-01,9.6863340794e-02,3.1235841378e-01,1.0921881952e+00
2.4240768296e+00,2.6369705303e+00,4.0910910977e-01,9.6791156814e-02,3.1231795295e-01,1.0929464184e+00
2.4255163051e+00,2.6384893093e+00,4.0899654611e-01,9.6719134449e-02,3.1227741166e-01,1.0937063872e+00
2.4269557807e+00,2.6400089631e+00,4.0888406365e-01,9.6647273476e-02,3.1223679017e-01,1.0944681053e+00
2.4283952562e+00,2.6415294922e+00,4.0877166245e-01,9.6575573678e-02,3.1219608877e-01,1.0952315762e+00
2.4298347318e+00,2.6430508970e+00,4.0865934257e-01,9.6504034833e-02,3.1215530773e-01,1.0959968035e+00
2.4312742073e+00,2.6445731781e+00,4.0854710406e-01,9.6432656724e-02,3.1211444734e-01,1.0967637909e+00
2.4327136829e+00,2.6460963359e+00,4.0843494700e-01,9.6361439132e-02,3.1207350786e-01,1.0975325419e+00
2.4341531584e+00,2.6476203710e+00,4.0832287142e-01,9.6290381838e-02,3.1203248958e-01,1.0983030603e+00
2.4355926340e+00,2.6491452839e+00,4.0821087740e-01,9.6219484625e-02,3.1199139277e-01,1.0990753496e+00
2.4370321096e+00,2.6506710751e+00,4.0809896498e-01,9.6148747274e-02,3.1195021771e-01,1.0998494135e+00
2.4384715851e+00,2.6521977450e+00,4.0798713423e-01,9.6078169571e-02,3.1190896466e-01,1.1006252557e+00
2.4399110607e+00,2.6537252943e+00,4.0787538521e-01,9.6007751296e-02,3.1186763391e-01,1.1014028798e+00
2.4413505362e+00,2.6552537234e+00,4.0776371797e-01,9.5937492236e-02,3.1182622573e-01,1.1021822896e+00
2.4427900118e+00,2.6567830327e+00,4.0765213257e-01,9.5867392172e-02,3.1178474040e-01,1.1029634886e+00
2.4442294873e+00,2.6583132229e+00,4.0754062907e-01,9.5797450892e-02,3.1174317818e-01,1.1037464806e+00
2.4456689629e+00,2.6598442944e+00,4.0742920752e-01,9.5727668178e-02,3.1170153934e-01,1.1045312692e+00
2.4471084384e+00,2.6613762477e+00,4.0731786799e-01,9.5658043817e-02,3.1165982417e-01,1.1053178583e+00
2.4485479140e+00,2.6629090834e+00,4.0720661053e-01,9.5588577595e-02,3.1161803293e-01,1.1061062514e+00
2.4499873895e+00,2.6644428019e+00,4.0709543520e-01,9.5519269297e-02,3.1157616590e-01,1.1068964524e+00
2.4514268651e+00,2.6659774038e+00,4.0698434205e-01,9.5450118711e-02,3.1153422334e-01,1.1076884649e+00
2.4528663406e+00,2.6675128895e+00,4.0687333114e-01,9.5381125623e-02,3.1149220552e-01,1.1084822928e+00
2.4543058162e+00,2.6690492596e+00,4.0676240254e-01,9.5312289820e-02,3.1145011272e-01,1.1092779396e+00
2.4557452917e+00,2.6705865146e+00,4.0665155629e-01,9.5243611092e-02,3.1140794520e-01,1.1100754093e+00
2.4571847673e+00,2.6721246550e+00,4.0654079246e-01,9.5175089225e-02,3.1136570323e-01,1.1108747056e+00
2.4586242428e+00,2.6736636813e+00,4.0643011110e-01,9.5106724008e-02,3.1132338709e-01,1.1116758322e+00
2.4600637184e+00,2.6752035940e+00,4.0631951227e-01,9.5038515231e-02,3.1128099703e-01,1.1124787929e+00
2.4615031939e+00,2.6767443936e+00,4.0620899602e-01,9.4970462682e-02,3.1123853334e-01,1.1132835916e+00
2.4629426695e+00,2.6782860806e+00,4.0609856241e-01,9.4902566153e-02,3.1119599626e-01,1.1140902319e+00
2.4643821450e+00,2.6798286556e+00,4.0598821151e-01,9.4834825432e-02,3.1115338608e-01,1.1148987178e+00
2.4658216206e+00,2.6813721191e+00,4.0587794336e-01,9.4767240310e-02,3.1111070305e-01,1.1157090530e+00
2.4672610961e+00,2.6829164715e+00,4.0576775802e-01,9.4699810578e-02,3.1106794744e-01,1.1165212414e+00
2.4687005717e+00,2.6844617134e+00,4.0565765555e-01,9.4632536029e-02,3.1102511952e-01,1.1173352868e+00
2.4701400472e+00,2.6860078453e+00,4.0554763601e-01,9.4565416453e-02,3.1098221955e-01,1.1181511930e+00
2.4715795228e+00,2.6875548677e+00,4.0543769945e-01,9.4498451642e-02,3.1093924780e-01,1.1189689640e+00
2.4730189984e+00,2.6891027811e+00,4.0532784592e-01,9.4431641390e-02,3.1089620453e-01,1.1197886035e+00
2.4744584739e+00,2.6906515860e+00,4.0521807550e-01,9.4364985489e-02,3.1085309001e-01,1.1206101154e+00
2.4758979495e+00,2.6922012830e+00,4.0510838822e-01,9.4298483733e-02,3.1080990449e-01,1.1214335036e+00
2.4773374250e+00,2.6937518725e+00,4.0499878415e-01,9.4232135915e-02,3.1076664824e-01,1.1222587719e+00
2.4787769006e+00,2.6953033551e+00,4.0488926335e-01,9.4165941829e-02,3.1072332152e-01,1.1230859244e+00
2.4802163761e+00,2.6968557313e+00,4.0477982586e-01,9.4099901271e-02,3.1067992459e-01,1.1239149648e+00
2.4816558517e+00,2.6984090016e+00,4.0467047176e-01,9.4034014034e-02,3.1063645772e-01,1.1247458971e+00
2.4830953272e+00,2.6999631665e+00,4.0456120108e-01,9.3968279914e-02,3.1059292117e-01,1.1255787253e+00
2.4845348028e+00,2.7015182266e+00,4.0445201389e-01,9.3902698708e-02,3.1054931518e-01,1.1264134531e+00
2.4859742783e+00,2.7030741822e+00,4.0434291025e-01,9.3837270210e-02,3.1050564004e-01,1.1272500847e+00
2.4874137539e+00,2.7046310341e+00,4.0423389021e-01,9.3771994218e-02,3.1046189599e-01,1.1280886238e+00
2.4888532294e+00,2.7061887826e+00,4.0412495382e-01,9.3706870528e-02,3.1041808329e-01,1.1289290746e+00
2.4902927050e+00,2.7077474283e+00,4.0401610114e-01,9.3641898938e-02,3.1037420220e-01,1.1297714409e+00
2.4917321805e+00,2.7093069718e+00,4.0390733223e-01,9.3577079246e-02,3.1033025299e-01,1.1306157267e+00
2.4931716561e+00,2.7108674134e+00,4.0379864715e-01,9.3512411248e-02,3.1028623590e-01,1.1314619360e+00
2.4946111316e+00,2.7124287538e+00,4.0369004594e-01,9.3447894745e-02,3.1024215120e-01,1.1323100728e+00
2.4960506072e+00,2.7139909935e+00,4.0358152867e-01,9.3383529533e-02,3.1019799914e-01,1.1331601411e+00
2.4974900827e+00,2.7155541330e+00,4.0347309539e-01,9.3319315414e-02,3.1015377998e-01,1.1340121448e+00
2.4989295583e+00,2.7171181727e+00,4.0336474616e-01,9.3255252186e-02,3.1010949397e-01,1.1348660881e+00
2.5003690338e+00,2.7186831133e+00,4.0325648102e-01,9.3191339650e-02,3.1006514137e-01,1.1357219750e+00
2.5018085094e+00,2.7202489552e+00,4.0314830004e-01,9.3127577605e-02,3.1002072244e-01,1.1365798094e+00
2.5032479849e+00,2.7218156989e+00,4.0304020328e-01,9.3063965852e-02,3.0997623742e-01,1.1374395955e+00
2.5046874605e+00,2.7233833451e+00,4.0293219078e-01,9.3000504193e-02,3.0993168658e-01,1.1383013372e+00
2.5061269360e+00,2.7249518941e+00,4.0282426260e-01,9.2937192430e-02,3.0988707017e-01,1.1391650387e+00
2.5075664116e+00,2.7265213466e+00,4.0271641880e-01,9.2874030363e-02,3.0984238844e-01,1.1400307040e+00
2.5090058872e+00,2.7280917029e+00,4.0260865943e-01,9.2811017796e-02,3.0979764164e-01,1.1408983372e+00
2.5104453627e+00,2.7296629638e+00,4.0250098456e-01,9.2748154530e-02,3.0975283002e-01,1.1417679424e+00
2.5118848383e+00,2.7312351296e+00,4.0239339422e-01,9.2685440370e-02,3.0970795385e-01,1.1426395237e+00
2.5133243138e+00,2.7328082009e+00,4.0228588848e-01,9.2622875118e-02,3.0966301336e-01,1.1435130851e+00
2.5147637894e+00,2.7343821782e+00,4.0217846740e-01,9.2560458578e-02,3.0961800882e-01,1.1443886310e+00
2.5162032649e+00,2.7359570621e+00,4.0207113102e-01,9.2498190555e-02,3.0957294046e-01,1.1452661652e+00
2.5176427405e+00,2.7375328531e+00,4.0196387940e-01,9.2436070853e-02,3.0952780855e-01,1.1461456921e+00
2.5190822160e+00,2.7391095516e+00,4.0185671261e-01,9.2374099277e-02,3.0948261333e-01,1.1470272156e+00
2.5205216916e+00,2.7406871582e+00,4.0174963068e-01,9.2312275633e-02,3.0943735505e-01,1.1479107401e+00
2.5219611671e+00,2.7422656735e+00,4.0164263369e-01,9.2250599725e-02,3.0939203396e-01,1.1487962696e+00
2.5234006427e+00,2.7438450979e+00,4.0153572167e-01,9.2189071361e-02,3.0934665031e-01,1.1496838084e+00
2.5248401182e+00,2.7454254320e+00,4.0142889469e-01,9.2127690346e-02,3.0930120435e-01,1.1505733606e+00
2.5262795938e+00,2.7470066763e+00,4.0132215280e-01,9.2066456488e-02,3.0925569632e-01,1.1514649304e+00
2.5277190693e+00,2.7485888313e+00,4.0121549606e-01,9.2005369593e-02,3.0921012647e-01,1.1523585220e+00
2.5291585449e+00,2.7501718976e+00,4.0110892452e-01,9.1944429470e-02,3.0916449505e-01,1.1532541396e+00
2.5305980204e+00,2.7517558757e+00,4.0100243823e-01,9.1883635927e-02,3.0911880231e-01,1.1541517875e+00
2.5320374960e+00,2.7533407660e+00,4.0089603726e-01,9.1822988771e-02,3.0907304849e-01,1.1550514698e+00
2.5334769715e+00,2.7549265692e+00,4.0078972164e-01,9.1762487811e-02,3.0902723383e-01,1.1559531909e+00
2.5349164471e+00,2.7565132858e+00,4.0068349145e-01,9.1702132858e-02,3.0898135859e-01,1.1568569550e+00
2.5363559226e+00,2.7581009162e+00,4.0057734673e-01,9.1641923719e-02,3.0893542301e-01,1.1577627663e+00
2.5377953982e+00,2.7596894610e+00,4.0047128753e-01,9.1581860205e-02,3.0888942732e-01,1.1586706291e+00
2.5392348737e+00,2.7612789208e+00,4.0036531391e-01,9.1521942127e-02,3.0884337179e-01,1.1595805478e+00
2.5406743493e+00,2.7628692960e+00,4.0025942594e-01,9.1462169294e-02,3.0879725664e-01,1.1604925264e+00
2.5421138248e+00,2.7644605872e+00,4.0015362365e-01,9.1402541518e-02,3.0875108213e-01,1.1614065695e+00
2.5435533004e+00,2.7660527949e+00,4.0004790710e-01,9.1343058611e-02,3.0870484849e-01,1.1623226813e+00
2.5449927760e+00,2.7676459197e+00,3.9994227635e-01,9.1283720383e-02,3.0865855597e-01,1.1632408661e+00
2.5464322515e+00,2.7692399620e+00,3.9983673145e-01,9.1224526648e-02,3.0861220481e-01,1.1641611282e+00
2.5478717271e+00,2.7708349224e+00,3.9973127246e-01,9.1165477217e-02,3.0856579525e-01,1.1650834720e+00
2.5493112026e+00,2.7724308015e+00,3.9962589943e-01,9.1106571904e-02,3.0851932753e-01,1.1660079018e+00
2.5507506782e+00,2.7740275997e+00,3.9952061241e-01,9.1047810521e-02,3.0847280189e-01,1.1669344220e+00
2.5521901537e+00,2.7756253176e+00,3.9941541146e-01,9.0989192882e-02,3.0842621858e-01,1.1678630370e+00
2.5536296293e+00,2.7772239557e+00,3.9931029664e-01,9.0930718802e-02,3.0837957784e-01,1.1687937511e+00
2.5550691048e+00,2.7788235146e+00,3.9920526798e-01,9.0872388094e-02,3.0833287989e-01,1.1697265687e+00
2.5565085804e+00,2.7804239947e+00,3.9910032556e-01,9.0814200574e-02,3.0828612499e-01,1.1706614943e+00
2.5579480559e+00,2.7820253966e+00,3.9899546942e-01,9.0756156055e-02,3.0823931337e-01,1.1715985321e+00
2.5593875315e+00,2.7836277209e+00,3.9889069962e-01,9.0698254355e-02,3.0819244526e-01,1.1725376868e+00
2.5608270070e+00,2.7852309680e+00,3.9878601621e-01,9.0640495288e-02,3.0814552092e-01,1.1734789626e+00
2.5622664826e+00,2.7868351386e+00,3.9868141924e-01,9.0582878671e-02,3.0809854057e-01,1.1744223640e+00
2.5637059581e+00,2.7884402331e+00,3.9857690877e-01,9.0525404321e-02,3.0805150445e-01,1.1753678956e+00
2.5651454337e+00,2.7900462520e+00,3.9847248485e-01,9.0468072054e-02,3.0800441280e-01,1.1763155616e+00
2.5665849092e+00,2.7916531959e+00,3.9836814754e-01,9.0410881687e-02,3.0795726585e-01,1.1772653666e+00
2.5680243848e+00,2.7932610654e+00,3.9826389688e-01,9.0353833038e-02,3.0791006384e-01,1.1782173151e+00
2.5694638603e+00,2.7948698609e+00,3.9815973294e-01,9.0296925926e-02,3.0786280701e-01,1.1791714116e+00
2.5709033359e+00,2.7964795830e+00,3.9805565576e-01,9.0240160168e-02,3.0781549560e-01,1.1801276606e+00
2.5723428114e+00,2.7980902323e+00,3.9795166541e-01,9.0183535584e-02,3.0776812982e-01,1.1810860665e+00
2.5737822870e+00,2.7997018092e+00,3.9784776192e-01,9.0127051992e-02,3.0772070993e-01,1.1820466340e+00
2.5752217625e+00,2.8013143143e+00,3.9774394536e-01,9.0070709211e-02,3.0767323615e-01,1.1830093674e+00
2.5766612381e+00,2.8029277482e+00,3.9764021578e-01,9.0014507063e-02,3.0762570872e-01,1.1839742715e+00
2.5781007136e+00,2.8045421113e+00,3.9753657324e-01,8.9958445367e-02,3.0757812787e-01,1.1849413506e+00
2.5795401892e+00,2.8061574042e+00,3.9743301777e-01,8.9902523943e-02,3.0753049383e-01,1.1859106095e+00
2.5809796648e+00,2.8077736274e+00,3.9732954945e-01,8.9846742612e-02,3.0748280684e-01,1.1868820526e+00
2.5824191403e+00,2.8093907816e+00,3.9722616832e-01,8.9791101196e-02,3.0743506713e-01,1.1878556846e+00
2.5838586159e+00,2.8110088671e+00,3.9712287444e-01,8.9735599517e-02,3.0738727492e-01,1.1888315099e+00
2.5852980914e+00,2.8126278846e+00,3.9701966785e-01,8.9680237396e-02,3.0733943046e-01,1.1898095334e+00
2.5867375670e+00,2.8142478345e+00,3.9691654862e-01,8.9625014655e-02,3.0729153397e-01,1.1907897595e+00
2.5881770425e+00,2.8158687175e+00,3.9681351679e-01,8.9569931118e-02,3.0724358567e-01,1.1917721928e+00
2.5896165181e+00,2.8174905340e+00,3.9671057242e-01,8.9514986607e-02,3.0719558582e-01,1.1927568381e+00
2.5910559936e+00,2.8191132847e+00,3.9660771556e-01,8.9460180947e-02,3.0714753462e-01,1.1937437000e+00
2.5924954692e+00,2.8207369699e+00,3.9650494627e-01,8.9405513960e-02,3.0709943231e-01,1.1947327830e+00
2.5939349447e+00,2.8223615904e+00,3.9640226459e-01,8.9350985471e-02,3.0705127912e-01,1.1957240920e+00
2.5953744203e+00,2.8239871465e+00,3.9629967059e-01,8.9296595304e-02,3.0700307528e-01,1.1967176315e+00
2.5968138958e+00,2.8256136389e+00,3.9619716430e-01,8.9242343285e-02,3.0695482102e-01,1.1977134063e+00
2.5982533714e+00,2.8272410681e+00,3.9609474580e-01,8.9188229238e-02,3.0690651656e-01,1.1987114211e+00
2.5996928469e+00,2.8288694346e+00,3.9599241512e-01,8.9134252989e-02,3.0685816213e-01,1.1997116805e+00
2.6011323225e+00,2.8304987390e+00,3.9589017232e-01,8.9080414364e-02,3.0680975796e-01,1.2007141893e+00
2.6025717980e+00,2.8321289818e+00,3.9578801746e-01,8.9026713189e-02,3.0676130427e-01,1.2017189522e+00
2.6040112736e+00,2.8337601635e+00,3.9568595058e-01,8.8973149291e-02,3.0671280129e-01,1.2027259739e+00
2.6054507491e+00,2.8353922848e+00,3.9558397175e-01,8.8919722497e-02,3.0666424925e-01,1.2037352593e+00
2.6068902247e+00,2.8370253460e+00,3.9548208101e-01,8.8866432635e-02,3.0661564837e-01,1.2047468131e+00
2.6083297002e+00,2.8386593478e+00,3.9538027842e-01,8.8813279531e-02,3.0656699888e-01,1.2057606400e+00
2.6097691758e+00,2.8402942908e+00,3.9527856402e-01,8.8760263015e-02,3.0651830100e-01,1.2067767449e+00
2.6112086513e+00,2.8419301754e+00,3.9517693787e-01,8.8707382913e-02,3.0646955496e-01,1.2077951325e+00
2.6126481269e+00,2.8435670022e+00,3.9507540003e-01,8.8654639056e-02,3.0642076098e-01,1.2088158077e+00
2.6140876024e+00,2.8452047717e+00,3.9497395055e-01,8.8602031273e-02,3.0637191928e-01,1.2098387753e+00
2.6155270780e+00,2.8468434845e+00,3.9487258947e-01,8.8549559392e-02,3.0632303008e-01,1.2108640400e+00
2.6169665536e+00,2.8484831412e+00,3.9477131686e-01,8.8497223243e-02,3.0627409362e-01,1.2118916068e+00
2.6184060291e+00,2.8501237422e+00,3.9467013276e-01,8.8445022658e-02,3.0622511010e-01,1.2129214805e+00
2.6198455047e+00,2.8517652881e+00,3.9456903723e-01,8.8392957465e-02,3.0617607976e-01,1.2139536659e+00
2.6212849802e+00,2.8534077795e+00,3.9446803032e-01,8.8341027497e-02,3.0612700282e-01,1.2149881680e+00
2.6227244558e+00,2.8550512169e+00,3.9436711208e-01,8.8289232583e-02,3.0607787949e-01,1.2160249916e+00
2.6241639313e+00,2.8566956008e+00,3.9426628256e-01,8.8237572557e-02,3.0602871000e-01,1.2170641417e+00
2.6256034069e+00,2.8583409318e+00,3.9416554182e-01,8.8186047249e-02,3.0597949457e-01,1.2181056230e+00
2.6270428824e+00,2.8599872105e+00,3.9406488991e-01,8.8134656493e-02,3.0593023342e-01,1.2191494406e+00
2.6284823580e+00,2.8616344373e+00,3.9396432688e-01,8.8083400120e-02,3.0588092676e-01,1.2201955994e+00
2.6299218335e+00,2.8632826129e+00,3.9386385279e-01,8.8032277963e-02,3.0583157482e-01,1.2212441043e+00
2.6313613091e+00,2.8649317378e+00,3.9376346768e-01,8.7981289856e-02,3.0578217782e-01,1.2222949603e+00
2.6328007846e+00,2.8665818125e+00,3.9366317161e-01,8.7930435633e-02,3.0573273598e-01,1.2233481724e+00
2.6342402602e+00,2.8682328375e+00,3.9356296463e-01,8.7879715127e-02,3.0568324951e-01,1.2244037454e+00
2.6356797357e+00,2.8698848135e+00,3.9346284680e-01,8.7829128172e-02,3.0563371863e-01,1.2254616845e+00
2.6371192113e+00,2.8715377409e+00,3.9336281816e-01,8.7778674605e-02,3.0558414356e-01,1.2265219946e+00
2.6385586868e+00,2.8731916204e+00,3.9326287877e-01,8.7728354258e-02,3.0553452451e-01,1.2275846807e+00
2.6399981624e+00,2.8748464524e+00,3.9316302868e-01,8.7678166968e-02,3.0548486171e-01,1.2286497479e+00
2.6414376379e+00,2.8765022375e+00,3.9306326795e-01,8.7628112570e-02,3.0543515538e-01,1.2297172011e+00
2.6428771135e+00,2.8781589763e+00,3.9296359661e-01,8.7578190901e-02,3.0538540571e-01,1.2307870455e+00
2.6443165890e+00,2.8798166693e+00,3.9286401474e-01,8.7528401797e-02,3.0533561294e-01,1.2318592861e+00
2.6457560646e+00,2.8814753170e+00,3.9276452237e-01,8.7478745094e-02,3.0528577728e-01,1.2329339279e+00
2.6471955401e+00,2.8831349201e+00,3.9266511957e-01,8.7429220630e-02,3.0523589894e-01,1.2340109760e+00
2.6486350157e+00,2.8847954790e+00,3.9256580638e-01,8.7379828242e-02,3.0518597813e-01,1.2350904356e+00
2.6500744912e+00,2.8864569943e+00,3.9246658285e-01,8.7330567767e-02,3.0513601508e-01,1.2361723117e+00
2.6515139668e+00,2.8881194666e+00,3.9236744904e-01,8.7281439044e-02,3.0508601000e-01,1.2372566094e+00
2.6529534424e+00,2.8897828964e+00,3.9226840500e-01,8.7232441911e-02,3.0503596309e-01,1.2383433340e+00
2.6543929179e+00,2.8914472842e+00,3.9216945079e-01,8.7183576207e-02,3.0498587458e-01,1.2394324904e+00
2.6558323935e+00,2.8931126307e+00,3.9207058644e-01,8.7134841771e-02,3.0493574467e-01,1.2405240840e+00
2.6572718690e+00,2.8947789363e+00,3.9197181203e-01,8.7086238443e-02,3.0488557359e-01,1.2416181197e+00
2.6587113446e+00,2.8964462017e+00,3.9187312759e-01,8.7037766061e-02,3.0483536153e-01,1.2427146029e+00
2.6601508201e+00,2.8981144273e+00,3.9177453318e-01,8.6989424467e-02,3.0478510871e-01,1.2438135387e+00
2.6615902957e+00,2.8997836138e+00,3.9167602885e-01,8.6941213500e-02,3.0473481535e-01,1.2449149322e+00
2.6630297712e+00,2.9014537616e+00,3.9157761466e-01,8.6893133002e-02,3.0468448166e-01,1.2460187888e+00
2.6644692468e+00,2.9031248714e+00,3.9147929065e-01,8.6845182814e-02,3.0463410784e-01,1.2471251136e+00
2.6659087223e+00,2.9047969436e+00,3.9138105688e-01,8.6797362776e-02,3.0458369411e-01,1.2482339119e+00
2.6673481979e+00,2.9064699789e+00,3.9128291340e-01,8.6749672731e-02,3.0453324067e-01,1.2493451889e+00
2.6687876734e+00,2.9081439778e+00,3.9118486026e-01,8.6702112521e-02,3.0448274774e-01,1.2504589498e+00
2.6702271490e+00,2.9098189408e+00,3.9108689752e-01,8.6654681987e-02,3.0443221553e-01,1.2515752001e+00
2.6716666245e+00,2.9114948685e+00,3.9098902522e-01,8.6607380974e-02,3.0438164425e-01,1.2526939448e+00
2.6731061001e+00,2.9131717615e+00,3.9089124342e-01,8.6560209324e-02,3.0433103409e-01,1.2538151894e+00
2.6745455756e+00,2.9148496203e+00,3.9079355216e-01,8.6513166881e-02,3.0428038528e-01,1.2549389391e+00
2.6759850512e+00,2.9165284455e+00,3.9069595151e-01,8.6466253488e-02,3.0422969802e-01,1.2560651992e+00
2.6774245267e+00,2.9182082376e+00,3.9059844151e-01,8.6419468989e-02,3.0417897252e-01,1.2571939752e+00
2.6788640023e+00,2.9198889972e+00,3.9050102222e-01,8.6372813229e-02,3.0412820899e-01,1.2583252723e+00
2.6803034778e+00,2.9215707249e+00,3.9040369368e-01,8.6326286052e-02,3.0407740763e-01,1.2594590959e+00
2.6817429534e+00,2.9232534211e+00,3.9030645595e-01,8.6279887304e-02,3.0402656864e-01,1.2605954513e+00
2.6831824289e+00,2.9249370865e+00,3.9020930908e-01,8.6233616830e-02,3.0397569225e-01,1.2617343440e+00
2.6846219045e+00,2.9266217217e+00,3.9011225312e-01,8.6187474475e-02,3.0392477864e-01,1.2628757794e+00
2.6860613800e+00,2.9283073271e+00,3.9001528812e-01,8.6141460086e-02,3.0387382803e-01,1.2640197628e+00
2.6875008556e+00,2.9299939033e+00,3.8991841414e-01,8.6095573510e-02,3.0382284063e-01,1.2651662996e+00
2.6889403312e+00,2.9316814509e+00,3.8982163122e-01,8.6049814592e-02,3.0377181663e-01,1.2663153954e+00
2.6903798067e+00,2.9333699705e+00,3.8972493943e-01,8.6004183180e-02,3.0372075625e-01,1.2674670555e+00
2.6918192823e+00,2.9350594626e+00,3.8962833880e-01,8.5958679121e-02,3.0366965968e-01,1.2686212854e+00
2.6932587578e+00,2.9367499278e+00,3.8953182940e-01,8.5913302264e-02,3.0361852713e-01,1.2697780906e+00
2.6946982334e+00,2.9384413666e+00,3.8943541127e-01,8.5868052455e-02,3.0356735881e-01,1.2709374765e+00
2.6961377089e+00,2.9401337796e+00,3.8933908446e-01,8.5822929543e-02,3.0351615492e-01,1.2720994487e+00
2.6975771845e+00,2.9418271673e+00,3.8924284903e-01,8.5777933377e-02,3.0346491565e-01,1.2732640127e+00
2.6990166600e+00,2.9435215304e+00,3.8914670503e-01,8.5733063807e-02,3.0341364122e-01,1.2744311739e+00
2.7004561356e+00,2.9452168693e+00,3.8905065251e-01,8.5688320680e-02,3.0336233183e-01,1.2756009380e+00
2.7018956111e+00,2.9469131847e+00,3.8895469152e-01,8.5643703847e-02,3.0331098767e-01,1.2767733104e+00
2.7033350867e+00,2.9486104771e+00,3.8885882212e-01,8.5599213158e-02,3.0325960896e-01,1.2779482967e+00
2.7047745622e+00,2.9503087470e+00,3.8876304434e-01,8.5554848463e-02,3.0320819588e-01,1.2791259025e+00
2.7062140378e+00,2.9520079951e+00,3.8866735826e-01,8.5510609613e-02,3.0315674865e-01,1.2803061334e+00
2.7076535133e+00,2.9537082219e+00,3.8857176391e-01,8.5466496458e-02,3.0310526745e-01,1.2814889950e+00
2.7090929889e+00,2.9554094279e+00,3.8847626135e-01,8.5422508850e-02,3.0305375250e-01,1.2826744929e+00
2.7105324644e+00,2.9571116138e+00,3.8838085064e-01,8.5378646641e-02,3.0300220400e-01,1.2838626327e+00
2.7119719400e+00,2.9588147800e+00,3.8828553181e-01,8.5334909681e-02,3.0295062213e-01,1.2850534200e+00
2.7134114155e+00,2.9605189272e+00,3.8819030493e-01,8.5291297824e-02,3.0289900711e-01,1.2862468605e+00
2.7148508911e+00,2.9622240559e+00,3.8809517005e-01,8.5247810922e-02,3.0284735913e-01,1.2874429599e+00
2.7162903666e+00,2.9639301667e+00,3.8800012721e-01,8.5204448828e-02,3.0279567838e-01,1.2886417239e+00
2.7177298422e+00,2.9656372601e+00,3.8790517647e-01,8.5161211394e-02,3.0274396508e-01,1.2898431580e+00
2.7191693177e+00,2.9673453367e+00,3.8781031788e-01,8.5118098475e-02,3.0269221941e-01,1.2910472681e+00
2.7206087933e+00,2.9690543971e+00,3.8771555150e-01,8.5075109923e-02,3.0264044157e-01,1.2922540598e+00
2.7220482688e+00,2.9707644419e+00,3.8762087736e-01,8.5032245594e-02,3.0258863177e-01,1.2934635390e+00
2.7234877444e+00,2.9724754716e+00,3.8752629553e-01,8.4989505342e-02,3.0253679019e-01,1.2946757112e+00
2.7249272200e+00,2.9741874867e+00,3.8743180606e-01,8.4946889021e-02,3.0248491704e-01,1.2958905823e+00
2.7263666955e+00,2.9759004879e+00,3.8733740899e-01,8.4904396486e-02,3.0243301251e-01,1.2971081580e+00
2.7278061711e+00,2.9776144757e+00,3.8724310438e-01,8.4862027593e-02,3.0238107679e-01,1.2983284442e+00
2.7292456466e+00,2.9793294507e+00,3.8714889229e-01,8.4819782197e-02,3.0232911009e-01,1.2995514466e+00
2.7306851222e+00,2.9810454134e+00,3.8705477275e-01,8.4777660154e-02,3.0227711260e-01,1.3007771710e+00
2.7321245977e+00,2.9827623645e+00,3.8696074583e-01,8.4735661321e-02,3.0222508451e-01,1.3020056233e+00
2.7335640733e+00,2.9844803044e+00,3.8686681157e-01,8.4693785554e-02,3.0217302602e-01,1.3032368092e+00
2.7350035488e+00,2.9861992338e+00,3.8677297003e-01,8.4652032711e-02,3.0212093732e-01,1.3044707347e+00
2.7364430244e+00,2.9879191532e+00,3.8667922125e-01,8.4610402647e-02,3.0206881861e-01,1.3057074056e+00
2.7378824999e+00,2.9896400632e+00,3.8658556530e-01,8.4568895222e-02,3.0201667008e-01,1.3069468278e+00
2.7393219755e+00,2.9913619644e+00,3.8649200221e-01,8.4527510292e-02,3.0196449192e-01,1.3081890071e+00
2.7407614510e+00,2.9930848574e+00,3.8639853205e-01,8.4486247716e-02,3.0191228433e-01,1.3094339495e+00
2.7422009266e+00,2.9948087426e+00,3.8630515486e-01,8.4445107352e-02,3.0186004750e-01,1.3106816609e+00
2.7436404021e+00,2.9965336207e+00,3.8621187069e-01,8.4404089060e-02,3.0180778163e-01,1.3119321473e+00
2.7450798777e+00,2.9982594923e+00,3.8611867960e-01,8.4363192697e-02,3.0175548690e-01,1.3131854144e+00
2.7465193532e+00,2.9999863579e+00,3.8602558163e-01,8.4322418124e-02,3.0170316351e-01,1.3144414684e+00
2.7479588288e+00,3.0017142181e+00,3.8593257684e-01,8.4281765201e-02,3.0165081164e-01,1.3157003153e+00
2.7493983043e+00,3.0034430735e+00,3.8583966529e-01,8.4241233786e-02,3.0159843150e-01,1.3169619608e+00
2.7508377799e+00,3.0051729246e+00,3.8574684701e-01,8.4200823741e-02,3.0154602327e-01,1.3182264112e+00
2.7522772554e+00,3.0069037720e+00,3.8565412207e-01,8.4160534926e-02,3.0149358714e-01,1.3194936724e+00
2.7537167310e+00,3.0086356164e+00,3.8556149051e-01,8.4120367202e-02,3.0144112330e-01,1.3207637504e+00
2.7551562065e+00,3.0103684582e+00,3.8546895238e-01,8.4080320431e-02,3.0138863195e-01,1.3220366513e+00
2.7565956821e+00,3.0121022980e+00,3.8537650774e-01,8.4040394473e-02,3.0133611327e-01,1.3233123811e+00
2.7580351576e+00,3.0138371364e+00,3.8528415664e-01,8.4000589191e-02,3.0128356745e-01,1.3245909459e+00
2.7594746332e+00,3.0155729741e+00,3.8519189913e-01,8.3960904447e-02,3.0123099468e-01,1.3258723517e+00
2.7609141088e+00,3.0173098115e+00,3.8509973526e-01,8.3921340103e-02,3.0117839515e-01,1.3271566048e+00
2.7623535843e+00,3.0190476492e+00,3.8500766508e-01,8.3881896022e-02,3.0112576906e-01,1.3284437111e+00
2.7637930599e+00,3.0207864879e+00,3.8491568864e-01,8.3842572066e-02,3.0107311657e-01,1.3297336769e+00
2.7652325354e+00,3.0225263281e+00,3.8482380600e-01,8.3803368101e-02,3.0102043790e-01,1.3310265082e+00
2.7666720110e+00,3.0242671703e+00,3.8473201720e-01,8.3764283988e-02,3.0096773321e-01,1.3323222113e+00
2.7681114865e+00,3.0260090152e+00,3.8464032230e-01,8.3725319592e-02,3.0091500271e-01,1.3336207922e+00
2.7695509621e+00,3.0277518633e+00,3.8454872134e-01,8.3686474777e-02,3.0086224657e-01,1.3349222572e+00
2.7709904376e+00,3.0294957152e+00,3.8445721439e-01,8.3647749408e-02,3.0080946498e-01,1.3362266125e+00
2.7724299132e+00,3.0312405715e+00,3.8436580149e-01,8.3609143350e-02,3.0075665814e-01,1.3375338642e+00
2.7738693887e+00,3.0329864328e+00,3.8427448269e-01,8.3570656467e-02,3.0070382622e-01,1.3388440187e+00
2.7753088643e+00,3.0347332996e+00,3.8418325804e-01,8.3532288625e-02,3.0065096941e-01,1.3401570821e+00
2.7767483398e+00,3.0364811725e+00,3.8409212759e-01,8.3494039691e-02,3.0059808790e-01,1.3414730607e+00
2.7781878154e+00,3.0382300521e+00,3.8400109141e-01,8.3455909529e-02,3.0054518188e-01,1.3427919608e+00
2.7796272909e+00,3.0399799390e+00,3.8391014953e-01,8.3417898007e-02,3.0049225152e-01,1.3441137886e+00
2.7810667665e+00,3.0417308337e+00,3.8381930200e-01,8.3380004990e-02,3.0043929701e-01,1.3454385506e+00
2.7825062420e+00,3.0434827369e+00,3.8372854889e-01,8.3342230347e-02,3.0038631854e-01,1.3467662528e+00
2.7839457176e+00,3.0452356491e+00,3.8363789024e-01,8.3304573943e-02,3.0033331630e-01,1.3480969018e+00
2.7853851931e+00,3.0469895709e+00,3.8354732610e-01,8.3267035647e-02,3.0028029045e-01,1.3494305039e+00
2.7868246687e+00,3.0487445029e+00,3.8345685652e-01,8.3229615326e-02,3.0022724120e-01,1.3507670653e+00
2.7882641442e+00,3.0505004456e+00,3.8336648156e-01,8.3192312849e-02,3.0017416871e-01,1.3521065926e+00
2.7897036198e+00,3.0522573997e+00,3.8327620127e-01,8.3155128084e-02,3.0012107318e-01,1.3534490920e+00
2.7911430953e+00,3.0540153658e+00,3.8318601569e-01,8.3118060900e-02,3.0006795479e-01,1.3547945700e+00
2.7925825709e+00,3.0557743443e+00,3.8309592488e-01,8.3081111165e-02,3.0001481371e-01,1.3561430329e+00
2.7940220465e+00,3.0575343359e+00,3.8300592889e-01,8.3044278749e-02,2.9996165014e-01,1.3574944873e+00
2.7954615220e+00,3.0592953412e+00,3.8291602777e-01,8.3007563522e-02,2.9990846425e-01,1.3588489396e+00
2.7969009976e+00,3.0610573608e+00,3.8282622157e-01,8.2970965353e-02,2.9985525622e-01,1.3602063962e+00
2.7983404731e+00,3.0628203952e+00,3.8273651035e-01,8.2934484112e-02,2.9980202623e-01,1.3615668636e+00
2.7997799487e+00,3.0645844451e+00,3.8264689415e-01,8.2898119671e-02,2.9974877448e-01,1.3629303483e+00
2.8012194242e+00,3.0663495109e+00,3.8255737303e-01,8.2861871899e-02,2.9969550113e-01,1.3642968568e+00
2.8026588998e+00,3.0681155934e+00,3.8246794703e-01,8.2825740668e-02,2.9964220636e-01,1.3656663957e+00
2.8040983753e+00,3.0698826930e+00,3.8237861621e-01,8.2789725849e-02,2.9958889036e-01,1.3670389714e+00
2.8055378509e+00,3.0716508104e+00,3.8228938063e-01,8.2753827314e-02,2.9953555331e-01,1.3684145906e+00
2.8069773264e+00,3.0734199462e+00,3.8220024032e-01,8.2718044934e-02,2.9948219539e-01,1.3697932598e+00
2.8084168020e+00,3.0751901009e+00,3.8211119535e-01,8.2682378582e-02,2.9942881676e-01,1.3711749855e+00
2.8098562775e+00,3.0769612752e+00,3.8202224576e-01,8.2646828131e-02,2.9937541763e-01,1.3725597744e+00
2.8112957531e+00,3.0787334695e+00,3.8193339160e-01,8.2611393452e-02,2.9932199815e-01,1.3739476331e+00
2.8127352286e+00,3.0805066846e+00,3.8184463293e-01,8.2576074420e-02,2.9926855851e-01,1.3753385683e+00
2.8141747042e+00,3.0822809210e+00,3.8175596980e-01,8.2540870907e-02,2.9921509890e-01,1.3767325865e+00
2.8156141797e+00,3.0840561792e+00,3.8166740226e-01,8.2505782787e-02,2.9916161947e-01,1.3781296944e+00
2.8170536553e+00,3.0858324600e+00,3.8157893036e-01,8.2470809934e-02,2.9910812042e-01,1.3795298987e+00
2.8184931308e+00,3.0876097637e+00,3.8149055415e-01,8.2435952222e-02,2.9905460192e-01,1.3809332062e+00
2.8199326064e+00,3.0893880912e+00,3.8140227368e-01,8.2401209525e-02,2.9900106415e-01,1.3823396234e+00
2.8213720819e+00,3.0911674428e+00,3.8131408900e-01,8.2366581719e-02,2.9894750728e-01,1.3837491572e+00
2.8228115575e+00,3.0929478193e+00,3.8122600017e-01,8.2332068679e-02,2.9889393149e-01,1.3851618142e+00
2.8242510330e+00,3.0947292213e+00,3.8113800724e-01,8.2297670279e-02,2.9884033696e-01,1.3865776013e+00
2.8256905086e+00,3.0965116492e+00,3.8105011026e-01,8.2263386396e-02,2.9878672386e-01,1.3879965251e+00
2.8271299841e+00,3.0982951037e+00,3.8096230927e-01,8.2229216905e-02,2.9873309236e-01,1.3894185925e+00
2.8285694597e+00,3.1000795854e+00,3.8087460433e-01,8.2195161683e-02,2.9867944265e-01,1.3908438103e+00
2.8300089353e+00,3.1018650949e+00,3.8078699550e-01,8.2161220605e-02,2.9862577489e-01,1.3922721853e+00
2.8314484108e+00,3.1036516328e+00,3.8069948282e-01,8.2127393549e-02,2.9857208927e-01,1.3937037243e+00
2.8328878864e+00,3.1054391996e+00,3.8061206634e-01,8.2093680392e-02,2.9851838595e-01,1.3951384342e+00
2.8343273619e+00,3.1072277960e+00,3.8052474612e-01,8.2060081010e-02,2.9846466511e-01,1.3965763218e+00
2.8357668375e+00,3.1090174226e+00,3.8043752220e-01,8.2026595283e-02,2.9841092692e-01,1.3980173941e+00
2.8372063130e+00,3.1108080799e+00,3.8035039465e-01,8.1993223086e-02,2.9835717156e-01,1.3994616579e+00
2.8386457886e+00,3.1125997685e+00,3.8026336350e-01,8.1959964300e-02,2.9830339920e-01,1.4009091201e+00
2.8400852641e+00,3.1143924891e+00,3.8017642881e-01,8.1926818801e-02,2.9824961001e-01,1.4023597877e+00
2.8415247397e+00,3.1161862422e+00,3.8008959064e-01,8.1893786469e-02,2.9819580417e-01,1.4038136676e+00
2.8429642152e+00,3.1179810284e+00,3.8000284903e-01,8.1860867183e-02,2.9814198184e-01,1.4052707667e+00
2.8444036908e+00,3.1197768484e+00,3.7991620403e-01,8.1828060822e-02,2.9808814321e-01,1.4067310921e+00
2.8458431663e+00,3.1215737026e+00,3.7982965570e-01,8.1795367265e-02,2.9803428844e-01,1.4081946507e+00
2.8472826419e+00,3.1233715918e+00,3.7974320409e-01,8.1762786392e-02,2.9798041770e-01,1.4096614496e+00
2.8487221174e+00,3.1251705165e+00,3.7965684925e-01,8.1730318084e-02,2.9792653116e-01,1.4111314958e+00
2.8501615930e+00,3.1269704772e+00,3.7957059122e-01,8.1697962220e-02,2.9787262900e-01,1.4126047963e+00
2.8516010685e+00,3.1287714747e+00,3.7948443007e-01,8.1665718682e-02,2.9781871139e-01,1.4140813581e+00
2.8530405441e+00,3.1305735095e+00,3.7939836584e-01,8.1633587350e-02,2.9776477849e-01,1.4155611884e+00
2.8544800196e+00,3.1323765821e+00,3.7931239859e-01,8.1601568105e-02,2.9771083048e-01,1.4170442943e+00
2.8559194952e+00,3.1341806933e+00,3.7922652836e-01,8.1569660830e-02,2.9765686753e-01,1.4185306828e+00
2.8573589707e+00,3.1359858435e+00,3.7914075520e-01,8.1537865405e-02,2.9760288980e-01,1.4200203611e+00
2.8587984463e+00,3.1377920334e+00,3.7905507918e-01,8.1506181712e-02,2.9754889747e-01,1.4215133363e+00
2.8602379218e+00,3.1395992637e+00,3.7896950034e-01,8.1474609635e-02,2.9749489070e-01,1.4230096156e+00
2.8616773974e+00,3.1414075348e+00,3.7888401872e-01,8.1443149055e-02,2.9744086967e-01,1.4245092061e+00
2.8631168729e+00,3.1432168473e+00,3.7879863439e-01,8.1411799855e-02,2.9738683454e-01,1.4260121151e+00
2.8645563485e+00,3.1450272020e+00,3.7871334740e-01,8.1380561919e-02,2.9733278548e-01,1.4275183498e+00
2.8659958241e+00,3.1468385993e+00,3.7862815779e-01,8.1349435129e-02,2.9727872266e-01,1.4290279173e+00
2.8674352996e+00,3.1486510400e+00,3.7854306561e-01,8.1318419369e-02,2.9722464624e-01,1.4305408249e+00
2.8688747752e+00,3.1504645245e+00,3.7845807093e-01,8.1287514524e-02,2.9717055640e-01,1.4320570800e+00
2.8703142507e+00,3.1522790535e+00,3.7837317378e-01,8.1256720478e-02,2.9711645330e-01,1.4335766896e+00
2.8717537263e+00,3.1540946276e+00,3.7828837422e-01,8.1226037114e-02,2.9706233711e-01,1.4350996613e+00
2.8731932018e+00,3.1559112474e+00,3.7820367231e-01,8.1195464318e-02,2.9700820799e-01,1.4366260021e+00
2.8746326774e+00,3.1577289135e+00,3.7811906809e-01,8.1165001974e-02,2.9695406612e-01,1.4381557196e+00
2.8760721529e+00,3.1595476265e+00,3.7803456162e-01,8.1134649968e-02,2.9689991165e-01,1.4396888210e+00
2.8775116285e+00,3.1613673869e+00,3.7795015294e-01,8.1104408185e-02,2.9684574476e-01,1.4412253137e+00
2.8789511040e+00,3.1631881955e+00,3.7786584211e-01,8.1074276512e-02,2.9679156560e-01,1.4427652051e+00
2.8803905796e+00,3.1650100528e+00,3.7778162918e-01,8.1044254833e-02,2.9673737435e-01,1.4443085025e+00
2.8818300551e+00,3.1668329594e+00,3.7769751421e-01,8.1014343036e-02,2.9668317117e-01,1.4458552134e+00
2.8832695307e+00,3.1686569159e+00,3.7761349723e-01,8.0984541007e-02,2.9662895623e-01,1.4474053452e+00
2.8847090062e+00,3.1704819229e+00,3.7752957831e-01,8.0954848633e-02,2.9657472968e-01,1.4489589053e+00
2.8861484818e+00,3.1723079811e+00,3.7744575750e-01,8.0925265801e-02,2.9652049170e-01,1.4505159013e+00
2.8875879573e+00,3.1741350909e+00,3.7736203484e-01,8.0895792398e-02,2.9646624244e-01,1.4520763405e+00
2.8890274329e+00,3.1759632532e+00,3.7727841039e-01,8.0866428313e-02,2.9641198208e-01,1.4536402306e+00
2.8904669084e+00,3.1777924683e+00,3.7719488421e-01,8.0837173432e-02,2.9635771077e-01,1.4552075790e+00
2.8919063840e+00,3.1796227370e+00,3.7711145633e-01,8.0808027644e-02,2.9630342869e-01,1.4567783932e+00
2.8933458595e+00,3.1814540599e+00,3.7702812682e-01,8.0778990838e-02,2.9624913598e-01,1.4583526808e+00
2.8947853351e+00,3.1832864375e+00,3.7694489572e-01,8.0750062901e-02,2.9619483282e-01,1.4599304494e+00
2.8962248106e+00,3.1851198705e+00,3.7686176309e-01,8.0721243724e-02,2.9614051937e-01,1.4615117065e+00
2.8976642862e+00,3.1869543594e+00,3.7677872898e-01,8.0692533196e-02,2.9608619578e-01,1.4630964598e+00
2.8991037617e+00,3.1887899050e+00,3.7669579343e-01,8.0663931205e-02,2.9603186223e-01,1.4646847169e+00
2.9005432373e+00,3.1906265077e+00,3.7661295651e-01,8.0635437641e-02,2.9597751887e-01,1.4662764854e+00
2.9019827129e+00,3.1924641683e+00,3.7653021826e-01,8.0607052395e-02,2.9592316587e-01,1.4678717730e+00
2.9034221884e+00,3.1943028872e+00,3.7644757874e-01,8.0578775357e-02,2.9586880338e-01,1.4694705873e+00
2.9048616640e+00,3.1961426652e+00,3.7636503799e-01,8.0550606418e-02,2.9581443157e-01,1.4710729361e+00
2.9063011395e+00,3.1979835028e+00,3.7628259607e-01,8.0522545467e-02,2.9576005060e-01,1.4726788270e+00
2.9077406151e+00,3.1998254007e+00,3.7620025303e-01,8.0494592396e-02,2.9570566063e-01,1.4742882678e+00
2.9091800906e+00,3.2016683594e+00,3.7611800892e-01,8.0466747097e-02,2.9565126182e-01,1.4759012663e+00
2.9106195662e+00,3.2035123795e+00,3.7603586379e-01,8.0439009461e-02,2.9559685433e-01,1.4775178301e+00
2.9120590417e+00,3.2053574618e+00,3.7595381770e-01,8.0411379379e-02,2.9554243832e-01,1.4791379672e+00
2.9134985173e+00,3.2072036067e+00,3.7587187069e-01,8.0383856745e-02,2.9548801395e-01,1.4807616852e+00
2.9149379928e+00,3.2090508149e+00,3.7579002282e-01,8.0356441449e-02,2.9543358137e-01,1.4823889920e+00
2.9163774684e+00,3.2108990871e+00,3.7570827414e-01,8.0329133385e-02,2.9537914076e-01,1.4840198955e+00
2.9178169439e+00,3.2127484237e+00,3.7562662470e-01,8.0301932446e-02,2.9532469226e-01,1.4856544035e+00
2.9192564195e+00,3.2145988255e+00,3.7554507456e-01,8.0274838525e-02,2.9527023603e-01,1.4872925238e+00
2.9206958950e+00,3.2164502930e+00,3.7546362375e-01,8.0247851514e-02,2.9521577224e-01,1.4889342645e+00
2.9221353706e+00,3.2183028270e+00,3.7538227235e-01,8.0220971308e-02,2.9516130104e-01,1.4905796333e+00
2.9235748461e+00,3.2201564278e+00,3.7530102039e-01,8.0194197800e-02,2.9510682259e-01,1.4922286382e+00
2.9250143217e+00,3.2220110963e+00,3.7521986793e-01,8.0167530885e-02,2.9505233705e-01,1.4938812871e+00
2.9264537972e+00,3.2238668330e+00,3.7513881502e-01,8.0140970457e-02,2.9499784457e-01,1.4955375881e+00
2.9278932728e+00,3.2257236385e+00,3.7505786172e-01,8.0114516410e-02,2.9494334531e-01,1.4971975491e+00
2.9293327483e+00,3.2275815135e+00,3.7497700807e-01,8.0088168639e-02,2.9488883943e-01,1.4988611781e+00
2.9307722239e+00,3.2294404585e+00,3.7489625413e-01,8.0061927041e-02,2.9483432709e-01,1.5005284831e+00
2.9322116994e+00,3.2313004741e+00,3.7481559994e-01,8.0035791508e-02,2.9477980844e-01,1.5021994722e+00
2.9336511750e+00,3.2331615611e+00,3.7473504557e-01,8.0009761939e-02,2.9472528363e-01,1.5038741535e+00
2.9350906505e+00,3.2350237200e+00,3.7465459106e-01,7.9983838228e-02,2.9467075283e-01,1.5055525349e+00
2.9365301261e+00,3.2368869514e+00,3.7457423646e-01,7.9958020271e-02,2.9461621619e-01,1.5072346247e+00
2.9379696017e+00,3.2387512559e+00,3.7449398183e-01,7.9932307965e-02,2.9456167387e-01,1.5089204309e+00
2.9394090772e+00,3.2406166342e+00,3.7441382722e-01,7.9906701206e-02,2.9450712601e-01,1.5106099617e+00
2.9408485528e+00,3.2424830868e+00,3.7433377268e-01,7.9881199892e-02,2.9445257278e-01,1.5123032252e+00
2.9422880283e+00,3.2443506145e+00,3.7425381825e-01,7.9855803919e-02,2.9439801433e-01,1.5140002295e+00
2.9437275039e+00,3.2462192177e+00,3.7417396400e-01,7.9830513185e-02,2.9434345082e-01,1.5157009830e+00
2.9451669794e+00,3.2480888972e+00,3.7409420998e-01,7.9805327587e-02,2.9428888239e-01,1.5174054937e+00
2.9466064550e+00,3.2499596536e+00,3.7401455623e-01,7.9780247024e-02,2.9423430921e-01,1.5191137700e+00
2.9480459305e+00,3.2518314874e+00,3.7393500282e-01,7.9755271393e-02,2.9417973142e-01,1.5208258200e+00
2.9494854061e+00,3.2537043993e+00,3.7385554978e-01,7.9730400593e-02,2.9412514919e-01,1.5225416521e+00
2.9509248816e+00,3.2555783900e+00,3.7377619718e-01,7.9705634522e-02,2.9407056265e-01,1.5242612746e+00
2.9523643572e+00,3.2574534599e+00,3.7369694506e-01,7.9680973079e-02,2.9401597198e-01,1.5259846956e+00
2.9538038327e+00,3.2593296099e+00,3.7361779348e-01,7.9656416164e-02,2.9396137731e-01,1.5277119236e+00
2.9552433083e+00,3.2612068404e+00,3.7353874248e-01,7.9631963675e-02,2.9390677881e-01,1.5294429670e+00
2.9566827838e+00,3.2630851521e+00,3.7345979213e-01,7.9607615512e-02,2.9385217662e-01,1.5311778340e+00
2.9581222594e+00,3.2649645456e+00,3.7338094247e-01,7.9583371576e-02,2.9379757090e-01,1.5329165331e+00
2.9595617349e+00,3.2668450216e+00,3.7330219356e-01,7.9559231765e-02,2.9374296179e-01,1.5346590726e+00
2.9610012105e+00,3.2687265807e+00,3.7322354544e-01,7.9535195981e-02,2.9368834946e-01,1.5364054611e+00
2.9624406860e+00,3.2706092234e+00,3.7314499817e-01,7.9511264125e-02,2.9363373405e-01,1.5381557068e+00
2.9638801616e+00,3.2724929505e+00,3.7306655181e-01,7.9487436095e-02,2.9357911571e-01,1.5399098184e+00
2.9653196371e+00,3.2743777625e+00,3.7298820639e-01,7.9463711795e-02,2.9352449460e-01,1.5416678043e+00
2.9667591127e+00,3.2762636601e+00,3.7290996199e-01,7.9440091125e-02,2.9346987086e-01,1.5434296729e+00
2.9681985882e+00,3.2781506439e+00,3.7283181864e-01,7.9416573987e-02,2.9341524465e-01,1.5451954329e+00
2.9696380638e+00,3.2800387145e+00,3.7275377639e-01,7.9393160282e-02,2.9336061611e-01,1.5469650927e+00
2.9710775393e+00,3.2819278725e+00,3.7267583531e-01,7.9369849912e-02,2.9330598540e-01,1.5487386609e+00
2.9725170149e+00,3.2838181186e+00,3.7259799545e-01,7.9346642781e-02,2.9325135267e-01,1.5505161461e+00
2.9739564905e+00,3.2857094534e+00,3.7252025685e-01,7.9323538789e-02,2.9319671806e-01,1.5522975569e+00
2.9753959660e+00,3.2876018776e+00,3.7244261957e-01,7.9300537841e-02,2.9314208173e-01,1.5540829020e+00
2.9768354416e+00,3.2894953917e+00,3.7236508365e-01,7.9277639838e-02,2.9308744382e-01,1.5558721899e+00
2.9782749171e+00,3.2913899963e+00,3.7228764917e-01,7.9254844685e-02,2.9303280448e-01,1.5576654293e+00
2.9797143927e+00,3.2932856922e+00,3.7221031615e-01,7.9232152284e-02,2.9297816387e-01,1.5594626290e+00
2.9811538682e+00,3.2951824799e+00,3.7213308466e-01,7.9209562539e-02,2.9292352212e-01,1.5612637975e+00
2.9825933438e+00,3.2970803601e+00,3.7205595475e-01,7.9187075355e-02,2.9286887940e-01,1.5630689437e+00
2.9840328193e+00,3.2989793334e+00,3.7197892648e-01,7.9164690635e-02,2.9281423584e-01,1.5648780763e+00
2.9854722949e+00,3.3008794004e+00,3.7190199988e-01,7.9142408284e-02,2.9275959160e-01,1.5666912040e+00
2.9869117704e+00,3.3027805618e+00,3.7182517503e-01,7.9120228207e-02,2.9270494682e-01,1.5685083357e+00
2.9883512460e+00,3.3046828181e+00,3.7174845196e-01,7.9098150307e-02,2.9265030165e-01,1.5703294801e+00
2.9897907215e+00,3.3065861701e+00,3.7167183073e-01,7.9076174491e-02,2.9259565624e-01,1.5721546460e+00
2.9912301971e+00,3.3084906183e+00,3.7159531139e-01,7.9054300664e-02,2.9254101073e-01,1.5739838424e+00
2.9926696726e+00,3.3103961634e+00,3.7151889400e-01,7.9032528732e-02,2.9248636527e-01,1.5758170780e+00
2.9941091482e+00,3.3123028060e+00,3.7144257861e-01,7.9010858599e-02,2.9243172001e-01,1.5776543618e+00
2.9955486237e+00,3.3142105467e+00,3.7136636527e-01,7.8989290173e-02,2.9237707509e-01,1.5794957027e+00
2.9969880993e+00,3.3161193862e+00,3.7129025403e-01,7.8967823360e-02,2.9232243067e-01,1.5813411096e+00
2.9984275748e+00,3.3180293252e+00,3.7121424494e-01,7.8946458065e-02,2.9226778688e-01,1.5831905914e+00
2.9998670504e+00,3.3199403641e+00,3.7113833806e-01,7.8925194196e-02,2.9221314387e-01,1.5850441572e+00
3.0013065259e+00,3.3218525038e+00,3.7106253344e-01,7.8904031660e-02,2.9215850178e-01,1.5869018158e+00
3.0027460015e+00,3.3237657447e+00,3.7098683114e-01,7.8882970364e-02,2.9210386077e-01,1.5887635764e+00
3.0041854770e+00,3.3256800876e+00,3.7091123119e-01,7.8862010216e-02,2.9204922098e-01,1.5906294480e+00
3.0056249526e+00,3.3275955331e+00,3.7083573367e-01,7.8841151123e-02,2.9199458254e-01,1.5924994396e+00
3.0070644281e+00,3.3295120817e+00,3.7076033861e-01,7.8820392993e-02,2.9193994562e-01,1.5943735602e+00
3.0085039037e+00,3.3314297343e+00,3.7068504608e-01,7.8799735734e-02,2.9188531034e-01,1.5962518191e+00
3.0099433793e+00,3.3333484913e+00,3.7060985612e-01,7.8779179255e-02,2.9183067686e-01,1.5981342252e+00
3.0113828548e+00,3.3352683534e+00,3.7053476879e-01,7.8758723464e-02,2.9177604532e-01,1.6000207878e+00
3.0128223304e+00,3.3371893213e+00,3.7045978413e-01,7.8738368270e-02,2.9172141586e-01,1.6019115160e+00
3.0142618059e+00,3.3391113956e+00,3.7038490221e-01,7.8718113582e-02,2.9166678863e-01,1.6038064190e+00
3.0157012815e+00,3.3410345769e+00,3.7031012308e-01,7.8697959310e-02,2.9161216377e-01,1.6057055060e+00
3.0171407570e+00,3.3429588659e+00,3.7023544678e-01,7.8677905363e-02,2.9155754141e-01,1.6076087862e+00
3.0185802326e+00,3.3448842631e+00,3.7016087337e-01,7.8657951651e-02,2.9150292172e-01,1.6095162688e+00
3.0200197081e+00,3.3468107694e+00,3.7008640290e-01,7.8638098083e-02,2.9144830482e-01,1.6114279632e+00
3.0214591837e+00,3.3487383852e+00,3.7001203543e-01,7.8618344570e-02,2.9139369086e-01,1.6133438786e+00
3.0228986592e+00,3.3506671112e+00,3.6993777101e-01,7.8598691023e-02,2.9133907999e-01,1.6152640244e+00
3.0243381348e+00,3.3525969481e+00,3.6986360969e-01,7.8579137352e-02,2.9128447234e-01,1.6171884098e+00
3.0257776103e+00,3.3545278965e+00,3.6978955152e-01,7.8559683468e-02,2.9122986805e-01,1.6191170442e+00
3.0272170859e+00,3.3564599570e+00,3.6971559656e-01,7.8540329281e-02,2.9117526728e-01,1.6210499370e+00
3.0286565614e+00,3.3583931304e+00,3.6964174485e-01,7.8521074705e-02,2.9112067015e-01,1.6229870976e+00
3.0300960370e+00,3.3603274171e+00,3.6956799646e-01,7.8501919649e-02,2.9106607681e-01,1.6249285354e+00
3.0315355125e+00,3.3622628179e+00,3.6949435143e-01,7.8482864026e-02,2.9101148741e-01,1.6268742599e+00
3.0329749881e+00,3.3641993334e+00,3.6942080982e-01,7.8463907748e-02,2.9095690207e-01,1.6288242805e+00
3.0344144636e+00,3.3661369643e+00,3.6934737168e-01,7.8445050727e-02,2.9090232096e-01,1.6307786067e+00
3.0358539392e+00,3.3680757111e+00,3.6927403706e-01,7.8426292876e-02,2.9084774419e-01,1.6327372480e+00
3.0372934147e+00,3.3700155746e+00,3.6920080602e-01,7.8407634107e-02,2.9079317192e-01,1.6347002140e+00
3.0387328903e+00,3.3719565554e+00,3.6912767861e-01,7.8389074333e-02,2.9073860428e-01,1.6366675142e+00
3.0401723658e+00,3.3738986540e+00,3.6905465488e-01,7.8370613468e-02,2.9068404141e-01,1.6386391581e+00
3.0416118414e+00,3.3758418713e+00,3.6898173488e-01,7.8352251424e-02,2.9062948345e-01,1.6406151554e+00
3.0430513169e+00,3.3777862077e+00,3.6890891867e-01,7.8333988115e-02,2.9057493055e-01,1.6425955157e+00
3.0444907925e+00,3.3797316640e+00,3.6883620630e-01,7.8315823456e-02,2.9052038284e-01,1.6445802486e+00
3.0459302681e+00,3.3816782408e+00,3.6876359782e-01,7.8297757360e-02,2.9046584046e-01,1.6465693639e+00
3.0473697436e+00,3.3836259388e+00,3.6869109329e-01,7.8279789741e-02,2.9041130355e-01,1.6485628711e+00
3.0488092192e+00,3.3855747585e+00,3.6861869275e-01,7.8261920514e-02,2.9035677224e-01,1.6505607800e+00
3.0502486947e+00,3.3875247006e+00,3.6854639627e-01,7.8244149594e-02,2.9030224668e-01,1.6525631003e+00
3.0516881703e+00,3.3894757659e+00,3.6847420390e-01,7.8226476895e-02,2.9024772700e-01,1.6545698418e+00
3.0531276458e+00,3.3914279549e+00,3.6840211568e-01,7.8208902333e-02,2.9019321335e-01,1.6565810143e+00
3.0545671214e+00,3.3933812682e+00,3.6833013167e-01,7.8191425823e-02,2.9013870585e-01,1.6585966275e+00
3.0560065969e+00,3.3953357066e+00,3.6825825193e-01,7.8174047281e-02,2.9008420465e-01,1.6606166914e+00
3.0574460725e+00,3.3972912706e+00,3.6818647650e-01,7.8156766622e-02,2.9002970988e-01,1.6626412156e+00
3.0588855480e+00,3.3992479610e+00,3.6811480545e-01,7.8139583762e-02,2.8997522169e-01,1.6646702101e+00
3.0603250236e+00,3.4012057783e+00,3.6804323882e-01,7.8122498618e-02,2.8992074020e-01,1.6667036849e+00
3.0617644991e+00,3.4031647232e+00,3.6797177666e-01,7.8105511106e-02,2.8986626556e-01,1.6687416497e+00
3.0632039747e+00,3.4051247965e+00,3.6790041904e-01,7.8088621143e-02,2.8981179790e-01,1.6707841146e+00
3.0646434502e+00,3.4070859986e+00,3.6782916600e-01,7.8071828645e-02,2.8975733735e-01,1.6728310895e+00
3.0660829258e+00,3.4090483303e+00,3.6775801759e-01,7.8055133531e-02,2.8970288406e-01,1.6748825844e+00
3.0675224013e+00,3.4110117922e+00,3.6768697388e-01,7.8038535716e-02,2.8964843816e-01,1.6769386092e+00
3.0689618769e+00,3.4129763850e+00,3.6761603490e-01,7.8022035119e-02,2.8959399978e-01,1.6789991741e+00
3.0704013524e+00,3.4149421092e+00,3.6754520073e-01,7.8005631657e-02,2.8953956907e-01,1.6810642891e+00
3.0718408280e+00,3.4169089657e+00,3.6747447140e-01,7.7989325249e-02,2.8948514615e-01,1.6831339643e+00
3.0732803035e+00,3.4188769550e+00,3.6740384697e-01,7.7973115812e-02,2.8943073116e-01,1.6852082097e+00
3.0747197791e+00,3.4208460778e+00,3.6733332750e-01,7.7957003265e-02,2.8937632424e-01,1.6872870355e+00
3.0761592546e+00,3.4228163347e+00,3.6726291304e-01,7.7940987527e-02,2.8932192552e-01,1.6893704518e+00
3.0775987302e+00,3.4247877263e+00,3.6719260364e-01,7.7925068515e-02,2.8926753513e-01,1.6914584689e+00
3.0790382057e+00,3.4267602534e+00,3.6712239936e-01,7.7909246151e-02,2.8921315321e-01,1.6935510969e+00
3.0804776813e+00,3.4287339166e+00,3.6705230025e-01,7.7893520352e-02,2.8915877990e-01,1.6956483460e+00
3.0819171569e+00,3.4307087166e+00,3.6698230636e-01,7.7877891038e-02,2.8910441532e-01,1.6977502264e+00
3.0833566324e+00,3.4326846539e+00,3.6691241775e-01,7.7862358129e-02,2.8905005962e-01,1.6998567485e+00
3.0847961080e+00,3.4346617293e+00,3.6684263446e-01,7.7846921545e-02,2.8899571292e-01,1.7019679225e+00
3.0862355835e+00,3.4366399434e+00,3.6677295656e-01,7.7831581205e-02,2.8894137536e-01,1.7040837588e+00
3.0876750591e+00,3.4386192969e+00,3.6670338410e-01,7.7816337031e-02,2.8888704707e-01,1.7062042677e+00
3.0891145346e+00,3.4405997903e+00,3.6663391712e-01,7.7801188942e-02,2.8883272818e-01,1.7083294595e+00
3.0905540102e+00,3.4425814245e+00,3.6656455569e-01,7.7786136860e-02,2.8877841883e-01,1.7104593446e+00
3.0919934857e+00,3.4445642000e+00,3.6649529986e-01,7.7771180705e-02,2.8872411916e-01,1.7125939335e+00
3.0934329613e+00,3.4465481175e+00,3.6642614968e-01,7.7756320398e-02,2.8866982928e-01,1.7147332366e+00
3.0948724368e+00,3.4485331776e+00,3.6635710520e-01,7.7741555861e-02,2.8861554934e-01,1.7168772643e+00
3.0963119124e+00,3.4505193811e+00,3.6628816648e-01,7.7726887016e-02,2.8856127947e-01,1.7190260271e+00
3.0977513879e+00,3.4525067285e+00,3.6621933358e-01,7.7712313784e-02,2.8850701979e-01,1.7211795356e+00
3.0991908635e+00,3.4544952205e+00,3.6615060653e-01,7.7697836088e-02,2.8845277045e-01,1.7233378003e+00
3.1006303390e+00,3.4564848578e+00,3.6608198541e-01,7.7683453848e-02,2.8839853156e-01,1.7255008317e+00
3.1020698146e+00,3.4584756411e+00,3.6601347026e-01,7.7669166989e-02,2.8834430327e-01,1.7276686404e+00
3.1035092901e+00,3.4604675710e+00,3.6594506114e-01,7.7654975432e-02,2.8829008571e-01,1.7298412370e+00
3.1049487657e+00,3.4624606481e+00,3.6587675809e-01,7.7640879101e-02,2.8823587899e-01,1.7320186322e+00
3.1063882412e+00,3.4644548731e+00,3.6580856119e-01,7.7626877917e-02,2.8818168327e-01,1.7342008366e+00
3.1078277168e+00,3.4664502468e+00,3.6574047046e-01,7.7612971806e-02,2.8812749866e-01,1.7363878609e+00
3.1092671923e+00,3.4684467697e+00,3.6567248598e-01,7.7599160689e-02,2.8807332530e-01,1.7385797158e+00
3.1107066679e+00,3.4704444425e+00,3.6560460780e-01,7.7585444492e-02,2.8801916331e-01,1.7407764120e+00
3.1121461434e+00,3.4724432658e+00,3.6553683597e-01,7.7571823136e-02,2.8796501283e-01,1.7429779604e+00
3.1135856190e+00,3.4744432404e+00,3.6546917053e-01,7.7558296548e-02,2.8791087399e-01,1.7451843716e+00
3.1150250945e+00,3.4764443669e+00,3.6540161156e-01,7.7544864650e-02,2.8785674691e-01,1.7473956564e+00
3.1164645701e+00,3.4784466460e+00,3.6533415910e-01,7.7531527368e-02,2.8780263173e-01,1.7496118258e+00
3.1179040457e+00,3.4804500783e+00,3.6526681320e-01,7.7518284626e-02,2.8774852857e-01,1.7518328906e+00
3.1193435212e+00,3.4824546644e+00,3.6519957392e-01,7.7505136349e-02,2.8769443757e-01,1.7540588616e+00
3.1207829968e+00,3.4844604052e+00,3.6513244131e-01,7.7492082462e-02,2.8764035885e-01,1.7562897497e+00
3.1222224723e+00,3.4864673011e+00,3.6506541543e-01,7.7479122891e-02,2.8758629254e-01,1.7585255660e+00
3.1236619479e+00,3.4884753530e+00,3.6499849634e-01,7.7466257560e-02,2.8753223878e-01,1.7607663213e+00
3.1251014234e+00,3.4904845613e+00,3.6493168407e-01,7.7453486396e-02,2.8747819768e-01,1.7630120266e+00
3.1265408990e+00,3.4924949269e+00,3.6486497870e-01,7.7440809324e-02,2.8742416937e-01,1.7652626930e+00
3.1279803745e+00,3.4945064504e+00,3.6479838027e-01,7.7428226272e-02,2.8737015400e-01,1.7675183315e+00
3.1294198501e+00,3.4965191324e+00,3.6473188883e-01,7.7415737164e-02,2.8731615167e-01,1.7697789531e+00
3.1308593256e+00,3.4985329737e+00,3.6466550445e-01,7.7403341927e-02,2.8726216252e-01,1.7720445690e+00
3.1322988012e+00,3.5005479748e+00,3.6459922718e-01,7.7391040489e-02,2.8720818669e-01,1.7743151902e+00
3.1337382767e+00,3.5025641365e+00,3.6453305706e-01,7.7378832776e-02,2.8715422428e-01,1.7765908279e+00
3.1351777523e+00,3.5045814594e+00,3.6446699416e-01,7.7366718715e-02,2.8710027544e-01,1.7788714932e+00
3.1366172278e+00,3.5065999442e+00,3.6440103852e-01,7.7354698234e-02,2.8704634029e-01,1.7811571974e+00
3.1380567034e+00,3.5086195915e+00,3.6433519021e-01,7.7342771259e-02,2.8699241895e-01,1.7834479516e+00
3.1394961789e+00,3.5106404021e+00,3.6426944928e-01,7.7330937720e-02,2.8693851156e-01,1.7857437671e+00
3.1409356545e+00,3.5126623766e+00,3.6420381577e-01,7.7319197543e-02,2.8688461823e-01,1.7880446552e+00
3.1423751300e+00,3.5146855156e+00,3.6413828976e-01,7.7307550657e-02,2.8683073910e-01,1.7903506272e+00
3.1438146056e+00,3.5167098199e+00,3.6407287128e-01,7.7295996990e-02,2.8677687429e-01,1.7926616944e+00
3.1452540811e+00,3.5187352901e+00,3.6400756039e-01,7.7284536471e-02,2.8672302392e-01,1.7949778680e+00
3.1466935567e+00,3.5207619268e+00,3.6394235716e-01,7.7273169028e-02,2.8666918813e-01,1.7972991597e+00
3.1481330322e+00,3.5227897309e+00,3.6387726162e-01,7.7261894591e-02,2.8661536703e-01,1.7996255806e+00
3.1495725078e+00,3.5248187028e+00,3.6381227385e-01,7.7250713088e-02,2.8656156076e-01,1.8019571422e+00
3.1510119833e+00,3.5268488434e+00,3.6374739389e-01,7.7239624448e-02,2.8650776944e-01,1.8042938561e+00
3.1524514589e+00,3.5288801532e+00,3.6368262179e-01,7.7228628602e-02,2.8645399319e-01,1.8066357336e+00
3.1538909345e+00,3.5309126330e+00,3.6361795761e-01,7.7217725479e-02,2.8640023213e-01,1.8089827863e+00
3.1553304100e+00,3.5329462834e+00,3.6355340141e-01,7.7206915009e-02,2.8634648640e-01,1.8113350258e+00
3.1567698856e+00,3.5349811050e+00,3.6348895324e-01,7.7196197121e-02,2.8629275612e-01,1.8136924635e+00
3.1582093611e+00,3.5370170987e+00,3.6342461316e-01,7.7185571747e-02,2.8623904141e-01,1.8160551111e+00
3.1596488367e+00,3.5390542650e+00,3.6336038121e-01,7.7175038816e-02,2.8618534239e-01,1.8184229801e+00
3.1610883122e+00,3.5410926046e+00,3.6329625746e-01,7.7164598260e-02,2.8613165920e-01,1.8207960823e+00
3.1625277878e+00,3.5431321182e+00,3.6323224195e-01,7.7154250010e-02,2.8607799194e-01,1.8231744293e+00
3.1639672633e+00,3.5451728065e+00,3.6316833475e-01,7.7143993995e-02,2.8602434076e-01,1.8255580328e+00
3.1654067389e+00,3.5472146701e+00,3.6310453591e-01,7.7133830148e-02,2.8597070576e-01,1.8279469045e+00
3.1668462144e+00,3.5492577097e+00,3.6304084548e-01,7.7123758400e-02,2.8591708708e-01,1.8303410562e+00
3.1682856900e+00,3.5513019261e+00,3.6297726351e-01,7.7113778683e-02,2.8586348483e-01,1.8327404996e+00
3.1697251655e+00,3.5533473198e+00,3.6291379007e-01,7.7103890929e-02,2.8580989914e-01,1.8351452466e+00
3.1711646411e+00,3.5553938916e+00,3.6285042521e-01,7.7094095069e-02,2.8575633014e-01,1.8375553090e+00
3.1726041166e+00,3.5574416421e+00,3.6278716897e-01,7.7084391036e-02,2.8570277794e-01,1.8399706986e+00
3.1740435922e+00,3.5594905720e+00,3.6272402143e-01,7.7074778762e-02,2.8564924267e-01,1.8423914274e+00
3.1754830677e+00,3.5615406820e+00,3.6266098262e-01,7.7065258181e-02,2.8559572444e-01,1.8448175072e+00
3.1769225433e+00,3.5635919728e+00,3.6259805262e-01,7.7055829223e-02,2.8554222339e-01,1.8472489500e+00
3.1783620188e+00,3.5656444451e+00,3.6253523146e-01,7.7046491824e-02,2.8548873963e-01,1.8496857678e+00
3.1798014944e+00,3.5676980995e+00,3.6247251921e-01,7.7037245916e-02,2.8543527329e-01,1.8521279726e+00
3.1812409699e+00,3.5697529366e+00,3.6240991592e-01,7.7028091431e-02,2.8538182449e-01,1.8545755763e+00
3.1826804455e+00,3.5718089573e+00,3.6234742164e-01,7.7019028305e-02,2.8532839334e-01,1.8570285912e+00
3.1841199210e+00,3.5738661622e+00,3.6228503644e-01,7.7010056471e-02,2.8527497997e-01,1.8594870291e+00
3.1855593966e+00,3.5759245519e+00,3.6222276037e-01,7.7001175862e-02,2.8522158450e-01,1.8619509024e+00
3.1869988721e+00,3.5779841272e+00,3.6216059347e-01,7.6992386412e-02,2.8516820706e-01,1.8644202230e+00
3.1884383477e+00,3.5800448887e+00,3.6209853581e-01,7.6983688057e-02,2.8511484776e-01,1.8668950032e+00
3.1898778233e+00,3.5821068371e+00,3.6203658745e-01,7.6975080731e-02,2.8506150672e-01,1.8693752551e+00
3.1913172988e+00,3.5841699731e+00,3.6197474843e-01,7.6966564367e-02,2.8500818406e-01,1.8718609910e+00
3.1927567744e+00,3.5862342974e+00,3.6191301881e-01,7.6958138903e-02,2.8495487991e-01,1.8743522232e+00
3.1941962499e+00,3.5882998106e+00,3.6185139865e-01,7.6949804271e-02,2.8490159438e-01,1.8768489639e+00
3.1956357255e+00,3.5903665135e+00,3.6178988800e-01,7.6941560408e-02,2.8484832759e-01,1.8793512254e+00
3.1970752010e+00,3.5924344067e+00,3.6172848692e-01,7.6933407249e-02,2.8479507967e-01,1.8818590202e+00
3.1985146766e+00,3.5945034909e+00,3.6166719546e-01,7.6925344730e-02,2.8474185073e-01,1.8843723604e+00
3.1999541521e+00,3.5965737668e+00,3.6160601368e-01,7.6917372786e-02,2.8468864090e-01,1.8868912586e+00
3.2013936277e+00,3.5986452352e+00,3.6154494164e-01,7.6909491354e-02,2.8463545028e-01,1.8894157272e+00
3.2028331032e+00,3.6007178965e+00,3.6148397938e-01,7.6901700370e-02,2.8458227901e-01,1.8919457786e+00
3.2042725788e+00,3.6027917517e+00,3.6142312697e-01,7.6893999770e-02,2.8452912720e-01,1.8944814252e+00
3.2057120543e+00,3.6048668013e+00,3.6136238445e-01,7.6886389491e-02,2.8447599496e-01,1.8970226798e+00
3.2071515299e+00,3.6069430460e+00,3.6130175189e-01,7.6878869469e-02,2.8442288243e-01,1.8995695546e+00
3.2085910054e+00,3.6090204866e+00,3.6124122935e-01,7.6871439642e-02,2.8436978970e-01,1.9021220624e+00
3.2100304810e+00,3.6110991237e+00,3.6118081687e-01,7.6864099947e-02,2.8431671692e-01,1.9046802158e+00
3.2114699565e+00,3.6131789579e+00,3.6112051451e-01,7.6856850321e-02,2.8426366418e-01,1.9072440273e+00
3.2129094321e+00,3.6152599901e+00,3.6106032232e-01,7.6849690701e-02,2.8421063162e-01,1.9098135097e+00
3.2143489076e+00,3.6173422209e+00,3.6100024037e-01,7.6842621025e-02,2.8415761935e-01,1.9123886755e+00
3.2157883832e+00,3.6194256509e+00,3.6094026871e-01,7.6835641232e-02,2.8410462748e-01,1.9149695376e+00
3.2172278587e+00,3.6215102809e+00,3.6088040739e-01,7.6828751259e-02,2.8405165613e-01,1.9175561087e+00
3.2186673343e+00,3.6235961115e+00,3.6082065647e-01,7.6821951044e-02,2.8399870543e-01,1.9201484015e+00
3.2201068098e+00,3.6256831435e+00,3.6076101601e-01,7.6815240526e-02,2.8394577548e-01,1.9227464289e+00
3.2215462854e+00,3.6277713776e+00,3.6070148606e-01,7.6808619644e-02,2.8389286641e-01,1.9253502037e+00
3.2229857609e+00,3.6298608143e+00,3.6064206667e-01,7.6802088336e-02,2.8383997834e-01,1.9279597388e+00
3.2244252365e+00,3.6319514545e+00,3.6058275791e-01,7.6795646541e-02,2.8378711137e-01,1.9305750471e+00
3.2258647121e+00,3.6340432988e+00,3.6052355983e-01,7.6789294199e-02,2.8373426563e-01,1.9331961415e+00
3.2273041876e+00,3.6361363479e+00,3.6046447247e-01,7.6783031248e-02,2.8368144123e-01,1.9358230349e+00
3.2287436632e+00,3.6382306025e+00,3.6040549591e-01,7.6776857629e-02,2.8362863828e-01,1.9384557404e+00
3.2301831387e+00,3.6403260634e+00,3.6034663020e-01,7.6770773281e-02,2.8357585692e-01,1.9410942709e+00
3.2316226143e+00,3.6424227311e+00,3.6028787538e-01,7.6764778144e-02,2.8352309724e-01,1.9437386395e+00
3.2330620898e+00,3.6445206064e+00,3.6022923153e-01,7.6758872157e-02,2.8347035937e-01,1.9463888594e+00
3.2345015654e+00,3.6466196900e+00,3.6017069869e-01,7.6753055262e-02,2.8341764342e-01,1.9490449435e+00
3.2359410409e+00,3.6487199825e+00,3.6011227691e-01,7.6747327399e-02,2.8336494951e-01,1.9517069051e+00
3.2373805165e+00,3.6508214848e+00,3.6005396626e-01,7.6741688508e-02,2.8331227776e-01,1.9543747573e+00
3.2388199920e+00,3.6529241974e+00,3.5999576680e-01,7.6736138530e-02,2.8325962827e-01,1.9570485133e+00
3.2402594676e+00,3.6550281210e+00,3.5993767857e-01,7.6730677406e-02,2.8320700116e-01,1.9597281863e+00
3.2416989431e+00,3.6571332565e+00,3.5987970163e-01,7.6725305077e-02,2.8315439656e-01,1.9624137897e+00
3.2431384187e+00,3.6592396044e+00,3.5982183605e-01,7.6720021484e-02,2.8310181456e-01,1.9651053366e+00
3.2445778942e+00,3.6613471655e+00,3.5976408187e-01,7.6714826570e-02,2.8304925530e-01,1.9678028405e+00
3.2460173698e+00,3.6634559404e+00,3.5970643915e-01,7.6709720275e-02,2.8299671888e-01,1.9705063147e+00
3.2474568453e+00,3.6655659299e+00,3.5964890795e-01,7.6704702542e-02,2.8294420541e-01,1.9732157725e+00
3.2488963209e+00,3.6676771347e+00,3.5959148833e-01,7.6699773313e-02,2.8289171502e-01,1.9759312274e+00
3.2503357964e+00,3.6697895554e+00,3.5953418034e-01,7.6694932529e-02,2.8283924781e-01,1.9786526928e+00
3.2517752720e+00,3.6719031928e+00,3.5947698403e-01,7.6690180134e-02,2.8278680389e-01,1.9813801823e+00
3.2532147475e+00,3.6740180476e+00,3.5941989947e-01,7.6685516069e-02,2.8273438340e-01,1.9841137093e+00
3.2546542231e+00,3.6761341204e+00,3.5936292670e-01,7.6680940278e-02,2.8268198642e-01,1.9868532873e+00
3.2560936986e+00,3.6782514119e+00,3.5930606579e-01,7.6676452703e-02,2.8262961309e-01,1.9895989300e+00
3.2575331742e+00,3.6803699230e+00,3.5924931680e-01,7.6672053288e-02,2.8257726351e-01,1.9923506510e+00
3.2589726497e+00,3.6824896542e+00,3.5919267977e-01,7.6667741976e-02,2.8252493780e-01,1.9951084638e+00
3.2604121253e+00,3.6846106063e+00,3.5913615477e-01,7.6663518709e-02,2.8247263606e-01,1.9978723822e+00
3.2618516009e+00,3.6867327799e+00,3.5907974185e-01,7.6659383433e-02,2.8242035842e-01,2.0006424199e+00
3.2632910764e+00,3.6888561759e+00,3.5902344107e-01,7.6655336091e-02,2.8236810498e-01,2.0034185905e+00
3.2647305520e+00,3.6909807948e+00,3.5896725249e-01,7.6651376626e-02,2.8231587586e-01,2.0062009079e+00
3.2661700275e+00,3.6931066374e+00,3.5891117615e-01,7.6647504983e-02,2.8226367117e-01,2.0089893859e+00
3.2676095031e+00,3.6952337044e+00,3.5885521213e-01,7.6643721106e-02,2.8221149102e-01,2.0117840382e+00
3.2690489786e+00,3.6973619965e+00,3.5879936046e-01,7.6640024940e-02,2.8215933552e-01,2.0145848788e+00
3.2704884542e+00,3.6994915144e+00,3.5874362122e-01,7.6636416429e-02,2.8210720480e-01,2.0173919216e+00
3.2719279297e+00,3.7016222588e+00,3.5868799446e-01,7.6632895518e-02,2.8205509894e-01,2.0202051804e+00
3.2733674053e+00,3.7037542304e+00,3.5863248024e-01,7.6629462153e-02,2.8200301808e-01,2.0230246692e+00
3.2748068808e+00,3.7058874300e+00,3.5857707860e-01,7.6626116277e-02,2.8195096232e-01,2.0258504021e+00
3.2762463564e+00,3.7080218582e+00,3.5852178961e-01,7.6622857838e-02,2.8189893177e-01,2.0286823930e+00
3.2776858319e+00,3.7101575157e+00,3.5846661333e-01,7.6619686780e-02,2.8184692655e-01,2.0315206560e+00
3.2791253075e+00,3.7122944032e+00,3.5841154981e-01,7.6616603048e-02,2.8179494676e-01,2.0343652052e+00
3.2805647830e+00,3.7144325215e+00,3.5835659911e-01,7.6613606590e-02,2.8174299252e-01,2.0372160546e+00
3.2820042586e+00,3.7165718713e+00,3.5830176128e-01,7.6610697350e-02,2.8169106393e-01,2.0400732186e+00
3.2834437341e+00,3.7187124532e+00,3.5824703639e-01,7.6607875276e-02,2.8163916111e-01,2.0429367112e+00
3.2848832097e+00,3.7208542681e+00,3.5819242449e-01,7.6605140313e-02,2.8158728417e-01,2.0458065467e+00
3.2863226852e+00,3.7229973165e+00,3.5813792563e-01,7.6602492408e-02,2.8153543322e-01,2.0486827393e+00
3.2877621608e+00,3.7251415992e+00,3.5808353988e-01,7.6599931508e-02,2.8148360837e-01,2.0515653034e+00
3.2892016363e+00,3.7272871169e+00,3.5802926728e-01,7.6597457560e-02,2.8143180972e-01,2.0544542531e+00
3.2906411119e+00,3.7294338704e+00,3.5797510791e-01,7.6595070510e-02,2.8138003740e-01,2.0573496030e+00
3.2920805874e+00,3.7315818603e+00,3.5792106181e-01,7.6592770307e-02,2.8132829150e-01,2.0602513673e+00
3.2935200630e+00,3.7337310873e+00,3.5786712904e-01,7.6590556896e-02,2.8127657214e-01,2.0631595606e+00
3.2949595385e+00,3.7358815522e+00,3.5781330966e-01,7.6588430227e-02,2.8122487943e-01,2.0660741972e+00
3.2963990141e+00,3.7380332557e+00,3.5775960373e-01,7.6586390247e-02,2.8117321348e-01,2.0689952916e+00
3.2978384897e+00,3.7401861984e+00,3.5770601130e-01,7.6584436903e-02,2.8112157439e-01,2.0719228584e+00
3.2992779652e+00,3.7423403812e+00,3.5765253243e-01,7.6582570145e-02,2.8106996229e-01,2.0748569121e+00
3.3007174408e+00,3.7444958046e+00,3.5759916718e-01,7.6580789919e-02,2.8101837726e-01,2.0777974673e+00
3.3021569163e+00,3.7466524695e+00,3.5754591561e-01,7.6579096174e-02,2.8096681943e-01,2.0807445386e+00
3.3035963919e+00,3.7488103766e+00,3.5749277776e-01,7.6577488860e-02,2.8091528890e-01,2.0836981408e+00
3.3050358674e+00,3.7509695265e+00,3.5743975371e-01,7.6575967925e-02,2.8086378579e-01,2.0866582884e+00
3.3064753430e+00,3.7531299200e+00,3.5738684351e-01,7.6574533317e-02,2.8081231019e-01,2.0896249962e+00
3.3079148185e+00,3.7552915577e+00,3.5733404721e-01,7.6573184986e-02,2.8076086222e-01,2.0925982790e+00
3.3093542941e+00,3.7574544405e+00,3.5728136487e-01,7.6571922881e-02,2.8070944199e-01,2.0955781515e+00
3.3107937696e+00,3.7596185690e+00,3.5722879656e-01,7.6570746952e-02,2.8065804960e-01,2.0985646287e+00
3.3122332452e+00,3.7617839440e+00,3.5717634232e-01,7.6569657147e-02,2.8060668517e-01,2.1015577252e+00
3.3136727207e+00,3.7639505661e+00,3.5712400221e-01,7.6568653418e-02,2.8055534879e-01,2.1045574562e+00
3.3151121963e+00,3.7661184361e+00,3.5707177630e-01,7.6567735713e-02,2.8050404059e-01,2.1075638364e+00
3.3165516718e+00,3.7682875547e+00,3.5701966464e-01,7.6566903984e-02,2.8045276066e-01,2.1105768808e+00
3.3179911474e+00,3.7704579226e+00,3.5696766729e-01,7.6566158179e-02,2.8040150911e-01,2.1135966045e+00
3.3194306229e+00,3.7726295405e+00,3.5691578430e-01,7.6565498250e-02,2.8035028605e-01,2.1166230225e+00
3.3208700985e+00,3.7748024092e+00,3.5686401574e-01,7.6564924147e-02,2.8029909159e-01,2.1196561499e+00
3.3223095740e+00,3.7769765294e+00,3.5681236166e-01,7.6564435821e-02,2.8024792583e-01,2.1226960017e+00
3.3237490496e+00,3.7791519017e+00,3.5676082211e-01,7.6564033223e-02,2.8019678889e-01,2.1257425931e+00
3.3251885251e+00,3.7813285270e+00,3.5670939717e-01,7.6563716303e-02,2.8014568086e-01,2.1287959393e+00
3.3266280007e+00,3.7835064059e+00,3.5665808687e-01,7.6563485014e-02,2.8009460186e-01,2.1318560555e+00
3.3280674762e+00,3.7856855392e+00,3.5660689130e-01,7.6563339306e-02,2.8004355199e-01,2.1349229570e+00
3.3295069518e+00,3.7878659276e+00,3.5655581049e-01,7.6563279131e-02,2.7999253136e-01,2.1379966590e+00
3.3309464273e+00,3.7900475718e+00,3.5650484451e-01,7.6563304441e-02,2.7994154007e-01,2.1410771768e+00
3.3323859029e+00,3.7922304725e+00,3.5645399341e-01,7.6563415188e-02,2.7989057823e-01,2.1441645258e+00
3.3338253785e+00,3.7944146305e+00,3.5640325726e-01,7.6563611324e-02,2.7983964594e-01,2.1472587215e+00
3.3352648540e+00,3.7966000464e+00,3.5635263612e-01,7.6563892800e-02,2.7978874332e-01,2.1503597791e+00
3.3367043296e+00,3.7987867211e+00,3.5630213003e-01,7.6564259570e-02,2.7973787046e-01,2.1534677143e+00
3.3381438051e+00,3.8009746552e+00,3.5625173906e-01,7.6564711585e-02,2.7968702748e-01,2.1565825424e+00
3.3395832807e+00,3.8031638494e+00,3.5620146327e-01,7.6565248800e-02,2.7963621447e-01,2.1597042790e+00
3.3410227562e+00,3.8053543045e+00,3.5615130272e-01,7.6565871165e-02,2.7958543155e-01,2.1628329397e+00
3.3424622318e+00,3.8075460212e+00,3.5610125746e-01,7.6566578636e-02,2.7953467882e-01,2.1659685402e+00
3.3439017073e+00,3.8097390003e+00,3.5605132754e-01,7.6567371163e-02,2.7948395638e-01,2.1691110959e+00
3.3453411829e+00,3.8119332424e+00,3.5600151304e-01,7.6568248702e-02,2.7943326434e-01,2.1722606227e+00
3.3467806584e+00,3.8141287483e+00,3.5595181401e-01,7.6569211206e-02,2.7938260281e-01,2.1754171362e+00
3.3482201340e+00,3.8163255187e+00,3.5590223050e-01,7.6570258627e-02,2.7933197188e-01,2.1785806522e+00
3.3496596095e+00,3.8185235544e+00,3.5585276258e-01,7.6571390921e-02,2.7928137166e-01,2.1817511864e+00
3.3510990851e+00,3.8207228560e+00,3.5580341030e-01,7.6572608040e-02,2.7923080226e-01,2.1849287548e+00
3.3525385606e+00,3.8229234243e+00,3.5575417373e-01,7.6573909940e-02,2.7918026379e-01,2.1881133731e+00
3.3539780362e+00,3.8251252601e+00,3.5570505291e-01,7.6575296574e-02,2.7912975634e-01,2.1913050573e+00
3.3554175117e+00,3.8273283640e+00,3.5565604791e-01,7.6576767897e-02,2.7907928002e-01,2.1945038232e+00
3.3568569873e+00,3.8295327368e+00,3.5560715879e-01,7.6578323863e-02,2.7902883493e-01,2.1977096870e+00
3.3582964628e+00,3.8317383792e+00,3.5555838561e-01,7.6579964428e-02,2.7897842118e-01,2.2009226645e+00
3.3597359384e+00,3.8339452920e+00,3.5550972841e-01,7.6581689546e-02,2.7892803887e-01,2.2041427719e+00
3.3611754139e+00,3.8361534759e+00,3.5546118728e-01,7.6583499172e-02,2.7887768810e-01,2.2073700251e+00
3.3626148895e+00,3.8383629316e+00,3.5541276225e-01,7.6585393262e-02,2.7882736899e-01,2.2106044404e+00
3.3640543650e+00,3.8405736598e+00,3.5536445339e-01,7.6587371771e-02,2.7877708162e-01,2.2138460339e+00
3.3654938406e+00,3.8427856613e+00,3.5531626077e-01,7.6589434654e-02,2.7872682611e-01,2.2170948218e+00
3.3669333161e+00,3.8449989369e+00,3.5526818443e-01,7.6591581868e-02,2.7867660256e-01,2.2203508204e+00
3.3683727917e+00,3.8472134872e+00,3.5522022444e-01,7.6593813368e-02,2.7862641107e-01,2.2236140458e+00
3.3698122673e+00,3.8494293129e+00,3.5517238085e-01,7.6596129110e-02,2.7857625174e-01,2.2268845145e+00
3.3712517428e+00,3.8516464149e+00,3.5512465373e-01,7.6598529051e-02,2.7852612468e-01,2.2301622427e+00
3.3726912184e+00,3.8538647938e+00,3.5507704313e-01,7.6601013146e-02,2.7847602998e-01,2.2334472469e+00
3.3741306939e+00,3.8560844505e+00,3.5502954911e-01,7.6603581352e-02,2.7842596776e-01,2.2367395434e+00
3.3755701695e+00,3.8583053855e+00,3.5498217174e-01,7.6606233627e-02,2.7837593811e-01,2.2400391488e+00
3.3770096450e+00,3.8605275997e+00,3.5493491106e-01,7.6608969926e-02,2.7832594114e-01,2.2433460795e+00
3.3784491206e+00,3.8627510938e+00,3.5488776715e-01,7.6611790207e-02,2.7827597694e-01,2.2466603521e+00
3.3798885961e+00,3.8649758686e+00,3.5484074005e-01,7.6614694426e-02,2.7822604562e-01,2.2499819832e+00
3.3813280717e+00,3.8672019247e+00,3.5479382983e-01,7.6617682542e-02,2.7817614729e-01,2.2533109894e+00
3.3827675472e+00,3.8694292629e+00,3.5474703655e-01,7.6620754512e-02,2.7812628204e-01,2.2566473873e+00
3.3842070228e+00,3.8716578840e+00,3.5470036026e-01,7.6623910292e-02,2.7807644997e-01,2.2599911936e+00
3.3856464983e+00,3.8738877887e+00,3.5465380103e-01,7.6627149842e-02,2.7802665119e-01,2.2633424251e+00
3.3870859739e+00,3.8761189777e+00,3.5460735891e-01,7.6630473118e-02,2.7797688579e-01,2.2667010985e+00
3.3885254494e+00,3.8783514517e+00,3.5456103397e-01,7.6633880079e-02,2.7792715389e-01,2.2700672307e+00
3.3899649250e+00,3.8805852116e+00,3.5451482626e-01,7.6637370683e-02,2.7787745557e-01,2.2734408384e+00
3.3914044005e+00,3.8828202580e+00,3.5446873584e-01,7.6640944888e-02,2.7782779095e-01,2.2768219387e+00
3.3928438761e+00,3.8850565917e+00,3.5442276277e-01,7.6644602654e-02,2.7777816012e-01,2.2802105483e+00
3.3942833516e+00,3.8872942134e+00,3.5437690711e-01,7.6648343938e-02,2.7772856318e-01,2.2836066844e+00
3.3957228272e+00,3.8895331239e+00,3.5433116893e-01,7.6652168699e-02,2.7767900023e-01,2.2870103638e+00
3.3971623027e+00,3.8917733240e+00,3.5428554827e-01,7.6656076897e-02,2.7762947138e-01,2.2904216037e+00
3.3986017783e+00,3.8940148142e+00,3.5424004521e-01,7.6660068491e-02,2.7757997672e-01,2.2938404211e+00
3.4000412538e+00,3.8962575955e+00,3.5419465979e-01,7.6664143439e-02,2.7753051635e-01,2.2972668332e+00
3.4014807294e+00,3.8985016685e+00,3.5414939209e-01,7.6668301701e-02,2.7748109038e-01,2.3007008571e+00
3.4029202049e+00,3.9007470340e+00,3.5410424215e-01,7.6672543237e-02,2.7743169891e-01,2.3041425100e+00
3.4043596805e+00,3.9029936928e+00,3.5405921004e-01,7.6676868007e-02,2.7738234203e-01,2.3075918091e+00
3.4057991561e+00,3.9052416455e+00,3.5401429581e-01,7.6681275970e-02,2.7733301984e-01,2.3110487719e+00
3.4072386316e+00,3.9074908929e+00,3.5396949954e-01,7.6685767086e-02,2.7728373245e-01,2.3145134155e+00
3.4086781072e+00,3.9097414358e+00,3.5392482127e-01,7.6690341316e-02,2.7723447996e-01,2.3179857574e+00
3.4101175827e+00,3.9119932749e+00,3.5388026107e-01,7.6694998620e-02,2.7718526245e-01,2.3214658149e+00
3.4115570583e+00,3.9142464110e+00,3.5383581900e-01,7.6699738958e-02,2.7713608004e-01,2.3249536055e+00
3.4129965338e+00,3.9165008448e+00,3.5379149511e-01,7.6704562292e-02,2.7708693282e-01,2.3284491468e+00
3.4144360094e+00,3.9187565770e+00,3.5374728947e-01,7.6709468581e-02,2.7703782089e-01,2.3319524562e+00
3.4158754849e+00,3.9210136085e+00,3.5370320214e-01,7.6714457787e-02,2.7698874435e-01,2.3354635512e+00
3.4173149605e+00,3.9232719399e+00,3.5365923318e-01,7.6719529871e-02,2.7693970330e-01,2.3389824496e+00
3.4187544360e+00,3.9255315720e+00,3.5361538264e-01,7.6724684794e-02,2.7689069784e-01,2.3425091689e+00
3.4201939116e+00,3.9277925055e+00,3.5357165059e-01,7.6729922517e-02,2.7684172807e-01,2.3460437269e+00
3.4216333871e+00,3.9300547412e+00,3.5352803708e-01,7.6735243003e-02,2.7679279408e-01,2.3495861413e+00
3.4230728627e+00,3.9323182799e+00,3.5348454218e-01,7.6740646212e-02,2.7674389597e-01,2.3531364298e+00
3.4245123382e+00,3.9345831223e+00,3.5344116596e-01,7.6746132106e-02,2.7669503385e-01,2.3566946103e+00
3.4259518138e+00,3.9368492691e+00,3.5339790845e-01,7.6751700648e-02,2.7664620781e-01,2.3602607006e+00
3.4273912893e+00,3.9391167212e+00,3.5335476974e-01,7.6757351799e-02,2.7659741794e-01,2.3638347187e+00
3.4288307649e+00,3.9413854792e+00,3.5331174987e-01,7.6763085523e-02,2.7654866435e-01,2.3674166824e+00
3.4302702404e+00,3.9436555439e+00,3.5326884892e-01,7.6768901780e-02,2.7649994714e-01,2.3710066098e+00
3.4317097160e+00,3.9459269160e+00,3.5322606693e-01,7.6774800534e-02,2.7645126640e-01,2.3746045189e+00
3.4331491915e+00,3.9481995964e+00,3.5318340397e-01,7.6780781748e-02,2.7640262222e-01,2.3782104278e+00
3.4345886671e+00,3.9504735857e+00,3.5314086010e-01,7.6786845384e-02,2.7635401472e-01,2.3818243545e+00
3.4360281426e+00,3.9527488847e+00,3.5309843538e-01,7.6792991406e-02,2.7630544398e-01,2.3854463172e+00
3.4374676182e+00,3.9550254942e+00,3.5305612988e-01,7.6799219776e-02,2.7625691010e-01,2.3890763341e+00
3.4389070938e+00,3.9573034150e+00,3.5301394364e-01,7.6805530458e-02,2.7620841318e-01,2.3927144234e+00
3.4403465693e+00,3.9595826477e+00,3.5297187674e-01,7.6811923415e-02,2.7615995332e-01,2.3963606035e+00
3.4417860449e+00,3.9618631932e+00,3.5292992922e-01,7.6818398611e-02,2.7611153061e-01,2.4000148926e+00
3.4432255204e+00,3.9641450521e+00,3.5288810117e-01,7.6824956010e-02,2.7606314516e-01,2.4036773091e+00
3.4446649960e+00,3.9664282253e+00,3.5284639262e-01,7.6831595575e-02,2.7601479705e-01,2.4073478714e+00
3.4461044715e+00,3.9687127136e+00,3.5280480365e-01,7.6838317270e-02,2.7596648638e-01,2.4110265979e+00
3.4475439471e+00,3.9709985175e+00,3.5276333432e-01,7.6845121060e-02,2.7591821326e-01,2.4147135072e+00
3.4489834226e+00,3.9732856380e+00,3.5272198468e-01,7.6852006909e-02,2.7586997777e-01,2.4184086178e+00
3.4504228982e+00,3.9755740758e+00,3.5268075480e-01,7.6858974782e-02,2.7582178002e-01,2.4221119482e+00
3.4518623737e+00,3.9778638316e+00,3.5263964473e-01,7.6866024642e-02,2.7577362009e-01,2.4258235171e+00
3.4533018493e+00,3.9801549063e+00,3.5259865455e-01,7.6873156455e-02,2.7572549809e-01,2.4295433431e+00
3.4547413248e+00,3.9824473004e+00,3.5255778431e-01,7.6880370186e-02,2.7567741412e-01,2.4332714450e+00
3.4561808004e+00,3.9847410149e+00,3.5251703406e-01,7.6887665799e-02,2.7562936826e-01,2.4370078415e+00
3.4576202759e+00,3.9870360505e+00,3.5247640388e-01,7.6895043261e-02,2.7558136062e-01,2.4407525513e+00
3.4590597515e+00,3.9893324079e+00,3.5243589382e-01,7.6902502535e-02,2.7553339129e-01,2.4445055934e+00
3.4604992270e+00,3.9916300879e+00,3.5239550395e-01,7.6910043588e-02,2.7548546036e-01,2.4482669866e+00
3.4619387026e+00,3.9939290913e+00,3.5235523432e-01,7.6917666385e-02,2.7543756793e-01,2.4520367498e+00
3.4633781781e+00,3.9962294188e+00,3.5231508500e-01,7.6925370893e-02,2.7538971410e-01,2.4558149021e+00
3.4648176537e+00,3.9985310712e+00,3.5227505604e-01,7.6933157076e-02,2.7534189897e-01,2.4596014623e+00
3.4662571292e+00,4.0008340492e+00,3.5223514752e-01,7.6941024901e-02,2.7529412262e-01,2.4633964496e+00
3.4676966048e+00,4.0031383537e+00,3.5219535948e-01,7.6948974334e-02,2.7524638515e-01,2.4671998831e+00
3.4691360803e+00,4.0054439853e+00,3.5215569200e-01,7.6957005341e-02,2.7519868666e-01,2.4710117819e+00
3.4705755559e+00,4.0077509449e+00,3.5211614513e-01,7.6965117890e-02,2.7515102724e-01,2.4748321653e+00
3.4720150314e+00,4.0100592332e+00,3.5207671893e-01,7.6973311946e-02,2.7510340698e-01,2.4786610523e+00
3.4734545070e+00,4.0123688509e+00,3.5203741347e-01,7.6981587475e-02,2.7505582599e-01,2.4824984624e+00
3.4748939826e+00,4.0146797989e+00,3.5199822881e-01,7.6989944446e-02,2.7500828436e-01,2.4863444149e+00
3.4763334581e+00,4.0169920779e+00,3.5195916500e-01,7.6998382826e-02,2.7496078218e-01,2.4901989291e+00
3.4777729337e+00,4.0193056887e+00,3.5192022212e-01,7.7006902580e-02,2.7491331954e-01,2.4940620244e+00
3.4792124092e+00,4.0216206320e+00,3.5188140022e-01,7.7015503677e-02,2.7486589654e-01,2.4979337203e+00
3.4806518848e+00,4.0239369086e+00,3.5184269936e-01,7.7024186084e-02,2.7481851328e-01,2.5018140364e+00
3.4820913603e+00,4.0262545193e+00,3.5180411961e-01,7.7032949768e-02,2.7477116984e-01,2.5057029921e+00
3.4835308359e+00,4.0285734648e+00,3.5176566103e-01,7.7041794698e-02,2.7472386633e-01,2.5096006070e+00
3.4849703114e+00,4.0308937460e+00,3.5172732367e-01,7.7050720841e-02,2.7467660283e-01,2.5135069008e+00
3.4864097870e+00,4.0332153635e+00,3.5168910761e-01,7.7059728165e-02,2.7462937944e-01,2.5174218932e+00
3.4878492625e+00,4.0355383182e+00,3.5165101290e-01,7.7068816639e-02,2.7458219626e-01,2.5213456040e+00
3.4892887381e+00,4.0378626108e+00,3.5161303960e-01,7.7077986230e-02,2.7453505337e-01,2.5252780528e+00
3.4907282136e+00,4.0401882420e+00,3.5157518778e-01,7.7087236907e-02,2.7448795087e-01,2.5292192595e+00
3.4921676892e+00,4.0425152128e+00,3.5153745750e-01,7.7096568639e-02,2.7444088886e-01,2.5331692440e+00
3.4936071647e+00,4.0448435237e+00,3.5149984882e-01,7.7105981394e-02,2.7439386742e-01,2.5371280263e+00
3.4950466403e+00,4.0471731757e+00,3.5146236180e-01,7.7115475141e-02,2.7434688666e-01,2.5410956262e+00
3.4964861158e+00,4.0495041695e+00,3.5142499650e-01,7.7125049849e-02,2.7429994666e-01,2.5450720637e+00
3.4979255914e+00,4.0518365058e+00,3.5138775300e-01,7.7134705487e-02,2.7425304751e-01,2.5490573591e+00
3.4993650669e+00,4.0541701854e+00,3.5135063134e-01,7.7144442025e-02,2.7420618931e-01,2.5530515322e+00
3.5008045425e+00,4.0565052091e+00,3.5131363159e-01,7.7154259432e-02,2.7415937216e-01,2.5570546033e+00
3.5022440180e+00,4.0588415777e+00,3.5127675382e-01,7.7164157677e-02,2.7411259614e-01,2.5610665927e+00
3.5036834936e+00,4.0611792920e+00,3.5123999808e-01,7.7174136731e-02,2.7406586135e-01,2.5650875204e+00
3.5051229691e+00,4.0635183526e+00,3.5120336444e-01,7.7184196562e-02,2.7401916788e-01,2.5691174069e+00
3.5065624447e+00,4.0658587605e+00,3.5116685297e-01,7.7194337141e-02,2.7397251583e-01,2.5731562724e+00
3.5080019202e+00,4.0682005163e+00,3.5113046371e-01,7.7204558437e-02,2.7392590527e-01,2.5772041374e+00
3.5094413958e+00,4.0705436209e+00,3.5109419674e-01,7.7214860422e-02,2.7387933632e-01,2.5812610222e+00
3.5108808714e+00,4.0728880750e+00,3.5105805212e-01,7.7225243065e-02,2.7383280905e-01,2.5853269474e+00
3.5123203469e+00,4.0752338794e+00,3.5102202991e-01,7.7235706338e-02,2.7378632357e-01,2.5894019335e+00
3.5137598225e+00,4.0775810349e+00,3.5098613017e-01,7.7246250209e-02,2.7373987996e-01,2.5934860011e+00
3.5151992980e+00,4.0799295422e+00,3.5095035297e-01,7.7256874651e-02,2.7369347831e-01,2.5975791707e+00
3.5166387736e+00,4.0822794022e+00,3.5091469836e-01,7.7267579635e-02,2.7364711873e-01,2.6016814630e+00
3.5180782491e+00,4.0846306156e+00,3.5087916642e-01,7.7278365130e-02,2.7360080129e-01,2.6057928989e+00
3.5195177247e+00,4.0869831832e+00,3.5084375720e-01,7.7289231109e-02,2.7355452609e-01,2.6099134989e+00
3.5209572002e+00,4.0893371058e+00,3.5080847076e-01,7.7300177542e-02,2.7350829322e-01,2.6140432841e+00
3.5223966758e+00,4.0916923841e+00,3.5077330718e-01,7.7311204402e-02,2.7346210278e-01,2.6181822751e+00
3.5238361513e+00,4.0940490189e+00,3.5073826651e-01,7.7322311659e-02,2.7341595485e-01,2.6223304930e+00
3.5252756269e+00,4.0964070111e+00,3.5070334881e-01,7.7333499286e-02,2.7336984952e-01,2.6264879586e+00
3.5267151024e+00,4.0987663614e+00,3.5066855415e-01,7.7344767254e-02,2.7332378690e-01,2.6306546930e+00
3.5281545780e+00,4.1011270706e+00,3.5063388259e-01,7.7356115535e-02,2.7327776706e-01,2.6348307173e+00
3.5295940535e+00,4.1034891394e+00,3.5059933420e-01,7.7367544101e-02,2.7323179010e-01,2.6390160526e+00
3.5310335291e+00,4.1058525686e+00,3.5056490903e-01,7.7379052925e-02,2.7318585611e-01,2.6432107200e+00
3.5324730046e+00,4.1082173592e+00,3.5053060716e-01,7.7390641979e-02,2.7313996518e-01,2.6474147407e+00
3.5339124802e+00,4.1105835117e+00,3.5049642864e-01,7.7402311235e-02,2.7309411740e-01,2.6516281360e+00
3.5353519557e+00,4.1129510270e+00,3.5046237353e-01,7.7414060666e-02,2.7304831286e-01,2.6558509271e+00
3.5367914313e+00,4.1153199059e+00,3.5042844190e-01,7.7425890246e-02,2.7300255166e-01,2.6600831355e+00
3.5382309068e+00,4.1176901492e+00,3.5039463382e-01,7.7437799945e-02,2.7295683387e-01,2.6643247826e+00
3.5396703824e+00,4.1200617576e+00,3.5036094934e-01,7.7449789739e-02,2.7291115960e-01,2.6685758897e+00
3.5411098579e+00,4.1224347320e+00,3.5032738854e-01,7.7461859600e-02,2.7286552894e-01,2.6728364784e+00
3.5425493335e+00,4.1248090731e+00,3.5029395146e-01,7.7474009501e-02,2.7281994196e-01,2.6771065703e+00
3.5439888090e+00,4.1271847817e+00,3.5026063819e-01,7.7486239415e-02,2.7277439877e-01,2.6813861869e+00
3.5454282846e+00,4.1295618586e+00,3.5022744877e-01,7.7498549317e-02,2.7272889945e-01,2.6856753499e+00
3.5468677602e+00,4.1319403046e+00,3.5019438328e-01,7.7510939180e-02,2.7268344410e-01,2.6899740811e+00
3.5483072357e+00,4.1343201205e+00,3.5016144177e-01,7.7523408977e-02,2.7263803280e-01,2.6942824020e+00
3.5497467113e+00,4.1367013071e+00,3.5012862432e-01,7.7535958684e-02,2.7259266563e-01,2.6986003347e+00
3.5511861868e+00,4.1390838651e+00,3.5009593098e-01,7.7548588273e-02,2.7254734271e-01,2.7029279009e+00
3.5526256624e+00,4.1414677954e+00,3.5006336182e-01,7.7561297719e-02,2.7250206410e-01,2.7072651225e+00
3.5540651379e+00,4.1438530987e+00,3.5003091690e-01,7.7574086997e-02,2.7245682990e-01,2.7116120214e+00
3.5555046135e+00,4.1462397758e+00,3.4999859628e-01,7.7586956081e-02,2.7241164020e-01,2.7159686198e+00
3.5569440890e+00,4.1486278276e+00,3.4996640004e-01,7.7599904945e-02,2.7236649510e-01,2.7203349396e+00
3.5583835646e+00,4.1510172547e+00,3.4993432823e-01,7.7612933564e-02,2.7232139467e-01,2.7247110030e+00
3.5598230401e+00,4.1534080581e+00,3.4990238092e-01,7.7626041914e-02,2.7227633900e-01,2.7290968320e+00
3.5612625157e+00,4.1558002385e+00,3.4987055817e-01,7.7639229969e-02,2.7223132820e-01,2.7334924490e+00
3.5627019912e+00,4.1581937966e+00,3.4983886004e-01,7.7652497704e-02,2.7218636234e-01,2.7378978762e+00
3.5641414668e+00,4.1605887334e+00,3.4980728660e-01,7.7665845095e-02,2.7214144151e-01,2.7423131360e+00
3.5655809423e+00,4.1629850495e+00,3.4977583792e-01,7.7679272117e-02,2.7209656580e-01,2.7467382506e+00
3.5670204179e+00,4.1653827458e+00,3.4974451405e-01,7.7692778745e-02,2.7205173531e-01,2.7511732424e+00
3.5684598934e+00,4.1677818231e+00,3.4971331507e-01,7.7706364956e-02,2.7200695011e-01,2.7556181341e+00
3.5698993690e+00,4.1701822821e+00,3.4968224103e-01,7.7720030725e-02,2.7196221031e-01,2.7600729481e+00
3.5713388445e+00,4.1725841237e+00,3.4965129201e-01,7.7733776027e-02,2.7191751598e-01,2.7645377069e+00
3.5727783201e+00,4.1749873487e+00,3.4962046805e-01,7.7747600840e-02,2.7187286721e-01,2.7690124332e+00
3.5742177956e+00,4.1773919577e+00,3.4958976924e-01,7.7761505138e-02,2.7182826410e-01,2.7734971497e+00
3.5756572712e+00,4.1797979518e+00,3.4955919563e-01,7.7775488899e-02,2.7178370673e-01,2.7779918791e+00
3.5770967467e+00,4.1822053316e+00,3.4952874729e-01,7.7789552099e-02,2.7173919519e-01,2.7824966442e+00
3.5785362223e+00,4.1846140979e+00,3.4949842428e-01,7.7803694715e-02,2.7169472956e-01,2.7870114679e+00
3.5799756978e+00,4.1870242516e+00,3.4946822667e-01,7.7817916722e-02,2.7165030994e-01,2.7915363730e+00
3.5814151734e+00,4.1894357934e+00,3.4943815451e-01,7.7832218098e-02,2.7160593642e-01,2.7960713825e+00
3.5828546490e+00,4.1918487242e+00,3.4940820789e-01,7.7846598821e-02,2.7156160907e-01,2.8006165193e+00
3.5842941245e+00,4.1942630447e+00,3.4937838685e-01,7.7861058866e-02,2.7151732799e-01,2.8051718066e+00
3.5857336001e+00,4.1966787557e+00,3.4934869148e-01,7.7875598211e-02,2.7147309326e-01,2.8097372674e+00
3.5871730756e+00,4.1990958581e+00,3.4931912182e-01,7.7890216834e-02,2.7142890498e-01,2.8143129250e+00
3.5886125512e+00,4.2015143527e+00,3.4928967794e-01,7.7904914712e-02,2.7138476323e-01,2.8188988024e+00
3.5900520267e+00,4.2039342402e+00,3.4926035992e-01,7.7919691823e-02,2.7134066810e-01,2.8234949230e+00
3.5914915023e+00,4.2063555214e+00,3.4923116781e-01,7.7934548143e-02,2.7129661966e-01,2.8281013101e+00
3.5929309778e+00,4.2087781972e+00,3.4920210168e-01,7.7949483652e-02,2.7125261803e-01,2.8327179871e+00
3.5943704534e+00,4.2112022683e+00,3.4917316159e-01,7.7964498327e-02,2.7120866327e-01,2.8373449774e+00
3.5958099289e+00,4.2136277356e+00,3.4914434762e-01,7.7979592145e-02,2.7116475547e-01,2.8419823045e+00
3.5972494045e+00,4.2160545999e+00,3.4911565981e-01,7.7994765087e-02,2.7112089473e-01,2.8466299919e+00
3.5986888800e+00,4.2184828619e+00,3.4908709825e-01,7.8010017128e-02,2.7107708112e-01,2.8512880633e+00
3.6001283556e+00,4.2209125225e+00,3.4905866300e-01,7.8025348249e-02,2.7103331475e-01,2.8559565422e+00
3.6015678311e+00,4.2233435825e+00,3.4903035411e-01,7.8040758428e-02,2.7098959568e-01,2.8606354524e+00
3.6030073067e+00,4.2257760426e+00,3.4900217166e-01,7.8056247643e-02,2.7094592401e-01,2.8653248176e+00
3.6044467822e+00,4.2282099038e+00,3.4897411571e-01,7.8071815874e-02,2.7090229983e-01,2.8700246617e+00
3.6058862578e+00,4.2306451667e+00,3.4894618632e-01,7.8087463098e-02,2.7085872322e-01,2.8747350085e+00
3.6073257333e+00,4.2330818323e+00,3.4891838357e-01,7.8103189296e-02,2.7081519427e-01,2.8794558820e+00
3.6087652089e+00,4.2355199012e+00,3.4889070751e-01,7.8118994447e-02,2.7077171306e-01,2.8841873060e+00
3.6102046844e+00,4.2379593744e+00,3.4886315821e-01,7.8134878530e-02,2.7072827969e-01,2.8889293048e+00
3.6116441600e+00,4.2404002526e+00,3.4883573575e-01,7.8150841524e-02,2.7068489422e-01,2.8936819022e+00
3.6130836355e+00,4.2428425367e+00,3.4880844017e-01,7.8166883408e-02,2.7064155676e-01,2.8984451226e+00
3.6145231111e+00,4.2452862274e+00,3.4878127156e-01,7.8183004164e-02,2.7059826739e-01,2.9032189901e+00
3.6159625866e+00,4.2477313256e+00,3.4875422997e-01,7.8199203770e-02,2.7055502620e-01,2.9080035289e+00
3.6174020622e+00,4.2501778320e+00,3.4872731547e-01,7.8215482207e-02,2.7051183326e-01,2.9127987634e+00
3.6188415378e+00,4.2526257475e+00,3.4870052812e-01,7.8231839454e-02,2.7046868867e-01,2.9176047180e+00
3.6202810133e+00,4.2550750729e+00,3.4867386800e-01,7.8248275492e-02,2.7042559251e-01,2.9224214171e+00
3.6217204889e+00,4.2575258090e+00,3.4864733516e-01,7.8264790301e-02,2.7038254486e-01,2.9272488851e+00
3.6231599644e+00,4.2599779566e+00,3.4862092968e-01,7.8281383862e-02,2.7033954582e-01,2.9320871466e+00
3.6245994400e+00,4.2624315166e+00,3.4859465162e-01,7.8298056155e-02,2.7029659546e-01,2.9369362262e+00
3.6260389155e+00,4.2648864896e+00,3.4856850104e-01,7.8314807160e-02,2.7025369388e-01,2.9417961486e+00
3.6274783911e+00,4.2673428767e+00,3.4854247801e-01,7.8331636860e-02,2.7021084115e-01,2.9466669384e+00
3.6289178666e+00,4.2698006785e+00,3.4851658260e-01,7.8348545234e-02,2.7016803737e-01,2.9515486206e+00
3.6303573422e+00,4.2722598959e+00,3.4849081488e-01,7.8365532264e-02,2.7012528261e-01,2.9564412197e+00
3.6317968177e+00,4.2747205297e+00,3.4846517490e-01,7.8382597931e-02,2.7008257697e-01,2.9613447609e+00
3.6332362933e+00,4.2771825807e+00,3.4843966274e-01,7.8399742216e-02,2.7003992053e-01,2.9662592690e+00
3.6346757688e+00,4.2796460498e+00,3.4841427846e-01,7.8416965100e-02,2.6999731336e-01,2.9711847689e+00
3.6361152444e+00,4.2821109377e+00,3.4838902213e-01,7.8434266566e-02,2.6995475557e-01,2.9761212859e+00
3.6375547199e+00,4.2845772453e+00,3.4836389382e-01,7.8451646595e-02,2.6991224722e-01,2.9810688449e+00
3.6389941955e+00,4.2870449733e+00,3.4833889358e-01,7.8469105169e-02,2.6986978841e-01,2.9860274712e+00
3.6404336710e+00,4.2895141227e+00,3.4831402150e-01,7.8486642269e-02,2.6982737923e-01,2.9909971900e+00
3.6418731466e+00,4.2919846942e+00,3.4828927762e-01,7.8504257878e-02,2.6978501975e-01,2.9959780267e+00
3.6433126221e+00,4.2944566886e+00,3.4826466203e-01,7.8521951978e-02,2.6974271005e-01,3.0009700064e+00
3.6447520977e+00,4.2969301068e+00,3.4824017479e-01,7.8539724551e-02,2.6970045023e-01,3.0059731547e+00
3.6461915732e+00,4.2994049495e+00,3.4821581595e-01,7.8557575579e-02,2.6965824037e-01,3.0109874971e+00
3.6476310488e+00,4.3018812177e+00,3.4819158560e-01,7.8575505046e-02,2.6961608056e-01,3.0160130590e+00
3.6490705243e+00,4.3043589121e+00,3.4816748380e-01,7.8593512933e-02,2.6957397086e-01,3.0210498660e+00
3.6505099999e+00,4.3068380335e+00,3.4814351061e-01,7.8611599225e-02,2.6953191138e-01,3.0260979439e+00
3.6519494754e+00,4.3093185828e+00,3.4811966610e-01,7.8629763902e-02,2.6948990220e-01,3.0311573183e+00
3.6533889510e+00,4.3118005608e+00,3.4809595033e-01,7.8648006949e-02,2.6944794339e-01,3.0362280149e+00
3.6548284266e+00,4.3142839683e+00,3.4807236339e-01,7.8666328348e-02,2.6940603504e-01,3.0413100596e+00
3.6562679021e+00,4.3167688061e+00,3.4804890532e-01,7.8684728084e-02,2.6936417724e-01,3.0464034784e+00
3.6577073777e+00,4.3192550751e+00,3.4802557620e-01,7.8703206138e-02,2.6932237006e-01,3.0515082970e+00
3.6591468532e+00,4.3217427760e+00,3.4800237610e-01,7.8721762496e-02,2.6928061360e-01,3.0566245416e+00
3.6605863288e+00,4.3242319098e+00,3.4797930508e-01,7.8740397139e-02,2.6923890794e-01,3.0617522383e+00
3.6620258043e+00,4.3267224772e+00,3.4795636321e-01,7.8759110053e-02,2.6919725315e-01,3.0668914130e+00
3.6634652799e+00,4.3292144791e+00,3.4793355055e-01,7.8777901221e-02,2.6915564933e-01,3.0720420921e+00
3.6649047554e+00,4.3317079162e+00,3.4791086718e-01,7.8796770626e-02,2.6911409656e-01,3.0772043018e+00
3.6663442310e+00,4.3342027895e+00,3.4788831316e-01,7.8815718254e-02,2.6907259491e-01,3.0823780683e+00
3.6677837065e+00,4.3366990996e+00,3.4786588856e-01,7.8834744087e-02,2.6903114447e-01,3.0875634182e+00
3.6692231821e+00,4.3391968476e+00,3.4784359345e-01,7.8853848112e-02,2.6898974534e-01,3.0927603777e+00
3.6706626576e+00,4.3416960341e+00,3.4782142789e-01,7.8873030311e-02,2.6894839758e-01,3.0979689734e+00
3.6721021332e+00,4.3441966601e+00,3.4779939195e-01,7.8892290670e-02,2.6890710128e-01,3.1031892319e+00
3.6735416087e+00,4.3466987263e+00,3.4777748570e-01,7.8911629172e-02,2.6886585652e-01,3.1084211797e+00
3.6749810843e+00,4.3492022336e+00,3.4775570920e-01,7.8931045804e-02,2.6882466340e-01,3.1136648435e+00
3.6764205598e+00,4.3517071828e+00,3.4773406253e-01,7.8950540550e-02,2.6878352198e-01,3.1189202502e+00
3.6778600354e+00,4.3542135748e+00,3.4771254575e-01,7.8970113395e-02,2.6874243235e-01,3.1241874264e+00
3.6792995109e+00,4.3567214103e+00,3.4769115893e-01,7.8989764324e-02,2.6870139460e-01,3.1294663991e+00
3.6807389865e+00,4.3592306902e+00,3.4766990213e-01,7.9009493323e-02,2.6866040881e-01,3.1347571952e+00
3.6821784620e+00,4.3617414154e+00,3.4764877543e-01,7.9029300376e-02,2.6861947506e-01,3.1400598417e+00
3.6836179376e+00,4.3642535866e+00,3.4762777889e-01,7.9049185469e-02,2.6857859342e-01,3.1453743655e+00
3.6850574131e+00,4.3667672047e+00,3.4760691259e-01,7.9069148589e-02,2.6853776400e-01,3.1507007940e+00
3.6864968887e+00,4.3692822706e+00,3.4758617658e-01,7.9089189720e-02,2.6849698686e-01,3.1560391541e+00
3.6879363642e+00,4.3717987850e+00,3.4756557094e-01,7.9109308848e-02,2.6845626209e-01,3.1613894732e+00
3.6893758398e+00,4.3743167488e+00,3.4754509573e-01,7.9129505961e-02,2.6841558977e-01,3.1667517786e+00
3.6908153154e+00,4.3768361629e+00,3.4752475102e-01,7.9149781042e-02,2.6837496998e-01,3.1721260976e+00
3.6922547909e+00,4.3793570280e+00,3.4750453689e-01,7.9170134080e-02,2.6833440281e-01,3.1775124577e+00
3.6936942665e+00,4.3818793451e+00,3.4748445339e-01,7.9190565060e-02,2.6829388833e-01,3.1829108864e+00
3.6951337420e+00,4.3844031149e+00,3.4746450060e-01,7.9211073968e-02,2.6825342664e-01,3.1883214111e+00
3.6965732176e+00,4.3869283382e+00,3.4744467859e-01,7.9231660791e-02,2.6821301780e-01,3.1937440597e+00
3.6980126931e+00,4.3894550160e+00,3.4742498742e-01,7.9252325517e-02,2.6817266191e-01,3.1991788596e+00
3.6994521687e+00,4.3919831491e+00,3.4740542717e-01,7.9273068130e-02,2.6813235904e-01,3.2046258388e+00
3.7008916442e+00,4.3945127382e+00,3.4738599789e-01,7.9293888620e-02,2.6809210927e-01,3.2100850250e+00
3.7023311198e+00,4.3970437843e+00,3.4736669966e-01,7.9314786972e-02,2.6805191269e-01,3.2155564460e+00
3.7037705953e+00,4.3995762881e+00,3.4734753256e-01,7.9335763173e-02,2.6801176938e-01,3.2210401299e+00
3.7052100709e+00,4.4021102505e+00,3.4732849663e-01,7.9356817212e-02,2.6797167942e-01,3.2265361046e+00
3.7066495464e+00,4.4046456724e+00,3.4730959197e-01,7.9377949074e-02,2.6793164289e-01,3.2320443983e+00
3.7080890220e+00,4.4071825546e+00,3.4729081862e-01,7.9399158749e-02,2.6789165987e-01,3.2375650390e+00
3.7095284975e+00,4.4097208980e+00,3.4727217667e-01,7.9420446223e-02,2.6785173045e-01,3.2430980550e+00
3.7109679731e+00,4.4122607033e+00,3.4725366618e-01,7.9441811484e-02,2.6781185470e-01,3.2486434745e+00
3.7124074486e+00,4.4148019714e+00,3.4723528722e-01,7.9463254519e-02,2.6777203270e-01,3.2542013259e+00
3.7138469242e+00,4.4173447031e+00,3.4721703986e-01,7.9484775318e-02,2.6773226455e-01,3.2597716375e+00
3.7152863997e+00,4.4198888994e+00,3.4719892417e-01,7.9506373868e-02,2.6769255030e-01,3.2653544380e+00
3.7167258753e+00,4.4224345610e+00,3.4718094022e-01,7.9528050156e-02,2.6765289006e-01,3.2709497556e+00
3.7181653508e+00,4.4249816888e+00,3.4716308807e-01,7.9549804172e-02,2.6761328390e-01,3.2765576192e+00
3.7196048264e+00,4.4275302837e+00,3.4714536780e-01,7.9571635904e-02,2.6757373189e-01,3.2821780574e+00
3.7210443019e+00,4.4300803464e+00,3.4712777947e-01,7.9593545340e-02,2.6753423413e-01,3.2878110988e+00
3.7224837775e+00,4.4326318778e+00,3.4711032315e-01,7.9615532469e-02,2.6749479068e-01,3.2934567723e+00
3.7239232530e+00,4.4351848789e+00,3.4709299892e-01,7.9637597279e-02,2.6745540164e-01,3.2991151067e+00
3.7253627286e+00,4.4377393503e+00,3.4707580684e-01,7.9659739760e-02,2.6741606708e-01,3.3047861311e+00
3.7268022042e+00,4.4402952930e+00,3.4705874698e-01,7.9681959901e-02,2.6737678708e-01,3.3104698743e+00
3.7282416797e+00,4.4428527078e+00,3.4704181942e-01,7.9704257690e-02,2.6733756173e-01,3.3161663655e+00
3.7296811553e+00,4.4454115955e+00,3.4702502421e-01,7.9726633116e-02,2.6729839109e-01,3.3218756338e+00
3.7311206308e+00,4.4479719571e+00,3.4700836143e-01,7.9749086170e-02,2.6725927526e-01,3.3275977083e+00
3.7325601064e+00,4.4505337933e+00,3.4699183116e-01,7.9771616840e-02,2.6722021432e-01,3.3333326185e+00
3.7339995819e+00,4.4530971051e+00,3.4697543345e-01,7.9794225116e-02,2.6718120833e-01,3.3390803935e+00
3.7354390575e+00,4.4556618932e+00,3.4695916838e-01,7.9816910988e-02,2.6714225739e-01,3.3448410629e+00
3.7368785330e+00,4.4582281584e+00,3.4694303602e-01,7.9839674445e-02,2.6710336158e-01,3.3506146561e+00
3.7383180086e+00,4.4607959018e+00,3.4692703644e-01,7.9862515477e-02,2.6706452096e-01,3.3564012026e+00
3.7397574841e+00,4.4633651240e+00,3.4691116971e-01,7.9885434075e-02,2.6702573563e-01,3.3622007321e+00
3.7411969597e+00,4.4659358261e+00,3.4689543589e-01,7.9908430228e-02,2.6698700566e-01,3.3680132742e+00
3.7426364352e+00,4.4685080087e+00,3.4687983507e-01,7.9931503926e-02,2.6694833114e-01,3.3738388586e+00
3.7440759108e+00,4.4710816728e+00,3.4686436730e-01,7.9954655160e-02,2.6690971214e-01,3.3796775153e+00
3.7455153863e+00,4.4736568192e+00,3.4684903266e-01,7.9977883921e-02,2.6687114874e-01,3.3855292741e+00
3.7469548619e+00,4.4762334487e+00,3.4683383121e-01,8.0001190198e-02,2.6683264102e-01,3.3913941649e+00
3.7483943374e+00,4.4788115623e+00,3.4681876304e-01,8.0024573982e-02,2.6679418906e-01,3.3972722178e+00
3.7498338130e+00,4.4813911608e+00,3.4680382821e-01,8.0048035265e-02,2.6675579294e-01,3.4031634629e+00
3.7512732885e+00,4.4839722450e+00,3.4678902678e-01,8.0071574037e-02,2.6671745274e-01,3.4090679303e+00
3.7527127641e+00,4.4865548159e+00,3.4677435883e-01,8.0095190289e-02,2.6667916854e-01,3.4149856503e+00
3.7541522396e+00,4.4891388741e+00,3.4675982443e-01,8.0118884013e-02,2.6664094042e-01,3.4209166532e+00
3.7555917152e+00,4.4917244207e+00,3.4674542366e-01,8.0142655198e-02,2.6660276846e-01,3.4268609693e+00
3.7570311907e+00,4.4943114564e+00,3.4673115657e-01,8.0166503838e-02,2.6656465273e-01,3.4328186292e+00
3.7584706663e+00,4.4968999821e+00,3.4671702324e-01,8.0190429922e-02,2.6652659332e-01,3.4387896633e+00
3.7599101418e+00,4.4994899987e+00,3.4670302375e-01,8.0214433443e-02,2.6648859030e-01,3.4447741022e+00
3.7613496174e+00,4.5020815071e+00,3.4668915815e-01,8.0238514393e-02,2.6645064376e-01,3.4507719766e+00
3.7627890930e+00,4.5046745080e+00,3.4667542653e-01,8.0262672762e-02,2.6641275377e-01,3.4567833172e+00
3.7642285685e+00,4.5072690024e+00,3.4666182896e-01,8.0286908544e-02,2.6637492041e-01,3.4628081549e+00
3.7656680441e+00,4.5098649911e+00,3.4664836549e-01,8.0311221729e-02,2.6633714376e-01,3.4688465204e+00
3.7671075196e+00,4.5124624750e+00,3.4663503622e-01,8.0335612311e-02,2.6629942391e-01,3.4748984447e+00
3.7685469952e+00,4.5150614550e+00,3.4662184119e-01,8.0360080280e-02,2.6626176091e-01,3.4809639590e+00
3.7699864707e+00,4.5176619318e+00,3.4660878050e-01,8.0384625630e-02,2.6622415487e-01,3.4870430941e+00
3.7714259463e+00,4.5202639064e+00,3.4659585420e-01,8.0409248353e-02,2.6618660585e-01,3.4931358814e+00
3.7728654218e+00,4.5228673796e+00,3.4658306237e-01,8.0433948442e-02,2.6614911393e-01,3.4992423520e+00
3.7743048974e+00,4.5254723523e+00,3.4657040509e-01,8.0458725889e-02,2.6611167920e-01,3.5053625373e+00
3.7757443729e+00,4.5280788253e+00,3.4655788241e-01,8.0483580686e-02,2.6607430172e-01,3.5114964685e+00
3.7771838485e+00,4.5306867996e+00,3.4654549441e-01,8.0508512828e-02,2.6603698159e-01,3.5176441773e+00
3.7786233240e+00,4.5332962759e+00,3.4653324117e-01,8.0533522306e-02,2.6599971887e-01,3.5238056951e+00
3.7800627996e+00,4.5359072552e+00,3.4652112276e-01,8.0558609114e-02,2.6596251364e-01,3.5299810534e+00
3.7815022751e+00,4.5385197383e+00,3.4650913924e-01,8.0583773244e-02,2.6592536599e-01,3.5361702841e+00
3.7829417507e+00,4.5411337260e+00,3.4649729069e-01,8.0609014691e-02,2.6588827599e-01,3.5423734187e+00
3.7843812262e+00,4.5437492194e+00,3.4648557717e-01,8.0634333448e-02,2.6585124373e-01,3.5485904892e+00
3.7858207018e+00,4.5463662191e+00,3.4647399877e-01,8.0659729508e-02,2.6581426926e-01,3.5548215275e+00
3.7872601773e+00,4.5489847261e+00,3.4646255555e-01,8.0685202864e-02,2.6577735269e-01,3.5610665654e+00
3.7886996529e+00,4.5516047412e+00,3.4645124759e-01,8.0710753511e-02,2.6574049407e-01,3.5673256351e+00
3.7901391284e+00,4.5542262653e+00,3.4644007495e-01,8.0736381443e-02,2.6570369350e-01,3.5735987686e+00
3.7915786040e+00,4.5568492994e+00,3.4642903770e-01,8.0762086652e-02,2.6566695105e-01,3.5798859982e+00
3.7930180795e+00,4.5594738442e+00,3.4641813593e-01,8.0787869134e-02,2.6563026679e-01,3.5861873560e+00
3.7944575551e+00,4.5620999006e+00,3.4640736970e-01,8.0813728883e-02,2.6559364081e-01,3.5925028746e+00
3.7958970306e+00,4.5647274695e+00,3.4639673908e-01,8.0839665892e-02,2.6555707318e-01,3.5988325861e+00
3.7973365062e+00,4.5673565517e+00,3.4638624414e-01,8.0865680157e-02,2.6552056398e-01,3.6051765233e+00
3.7987759818e+00,4.5699871482e+00,3.4637588496e-01,8.0891771670e-02,2.6548411329e-01,3.6115347185e+00
3.8002154573e+00,4.5726192598e+00,3.4636566161e-01,8.0917940429e-02,2.6544772119e-01,3.6179072045e+00
3.8016549329e+00,4.5752528874e+00,3.4635557417e-01,8.0944186426e-02,2.6541138774e-01,3.6242940139e+00
3.8030944084e+00,4.5778880319e+00,3.4634562269e-01,8.0970509656e-02,2.6537511304e-01,3.6306951797e+00
3.8045338840e+00,4.5805246941e+00,3.4633580726e-01,8.0996910116e-02,2.6533889715e-01,3.6371107345e+00
3.8059733595e+00,4.5831628748e+00,3.4632612795e-01,8.1023387799e-02,2.6530274015e-01,3.6435407114e+00
3.8074128351e+00,4.5858025751e+00,3.4631658483e-01,8.1049942701e-02,2.6526664213e-01,3.6499851435e+00
3.8088523106e+00,4.5884437957e+00,3.4630717797e-01,8.1076574816e-02,2.6523060316e-01,3.6564440637e+00
3.8102917862e+00,4.5910865375e+00,3.4629790745e-01,8.1103284141e-02,2.6519462331e-01,3.6629175052e+00
3.8117312617e+00,4.5937308014e+00,3.4628877333e-01,8.1130070671e-02,2.6515870266e-01,3.6694055014e+00
3.8131707373e+00,4.5963765883e+00,3.4627977570e-01,8.1156934401e-02,2.6512284130e-01,3.6759080855e+00
3.8146102128e+00,4.5990238991e+00,3.4627091461e-01,8.1183875327e-02,2.6508703929e-01,3.6824252910e+00
3.8160496884e+00,4.6016727346e+00,3.4626219016e-01,8.1210893445e-02,2.6505129671e-01,3.6889571513e+00
3.8174891639e+00,4.6043230957e+00,3.4625360240e-01,8.1237988750e-02,2.6501561365e-01,3.6955037000e+00
3.8189286395e+00,4.6069749833e+00,3.4624515141e-01,8.1265161239e-02,2.6497999017e-01,3.7020649707e+00
3.8203681150e+00,4.6096283983e+00,3.4623683726e-01,8.1292410908e-02,2.6494442636e-01,3.7086409972e+00
3.8218075906e+00,4.6122833415e+00,3.4622866004e-01,8.1319737752e-02,2.6490892228e-01,3.7152318132e+00
3.8232470661e+00,4.6149398139e+00,3.4622061980e-01,8.1347141769e-02,2.6487347803e-01,3.7218374526e+00
3.8246865417e+00,4.6175978162e+00,3.4621271662e-01,8.1374622954e-02,2.6483809367e-01,3.7284579494e+00
3.8261260172e+00,4.6202573495e+00,3.4620495058e-01,8.1402181304e-02,2.6480276928e-01,3.7350933376e+00
3.8275654928e+00,4.6229184145e+00,3.4619732175e-01,8.1429816816e-02,2.6476750494e-01,3.7417436513e+00
3.8290049683e+00,4.6255810122e+00,3.4618983020e-01,8.1457529486e-02,2.6473230072e-01,3.7484089246e+00
3.8304444439e+00,4.6282451434e+00,3.4618247601e-01,8.1485319311e-02,2.6469715670e-01,3.7550891919e+00
3.8318839194e+00,4.6309108091e+00,3.4617525925e-01,8.1513186288e-02,2.6466207296e-01,3.7617844876e+00
3.8333233950e+00,4.6335780101e+00,3.4616817998e-01,8.1541130415e-02,2.6462704957e-01,3.7684948459e+00
3.8347628706e+00,4.6362467472e+00,3.4616123830e-01,8.1569151687e-02,2.6459208661e-01,3.7752203015e+00
3.8362023461e+00,4.6389170214e+00,3.4615443426e-01,8.1597250104e-02,2.6455718415e-01,3.7819608889e+00
3.8376418217e+00,4.6415888336e+00,3.4614776794e-01,8.1625425661e-02,2.6452234228e-01,3.7887166428e+00
3.8390812972e+00,4.6442621846e+00,3.4614123942e-01,8.1653678356e-02,2.6448756107e-01,3.7954875980e+00
3.8405207728e+00,4.6469370754e+00,3.4613484877e-01,8.1682008187e-02,2.6445284059e-01,3.8022737892e+00
3.8419602483e+00,4.6496135068e+00,3.4612859607e-01,8.1710415152e-02,2.6441818091e-01,3.8090752514e+00
3.8433997239e+00,4.6522914797e+00,3.4612248138e-01,8.1738899247e-02,2.6438358213e-01,3.8158920195e+00
3.8448391994e+00,4.6549709950e+00,3.4611650478e-01,8.1767460472e-02,2.6434904430e-01,3.8227241287e+00
3.8462786750e+00,4.6576520535e+00,3.4611066634e-01,8.1796098824e-02,2.6431456752e-01,3.8295716141e+00
3.8477181505e+00,4.6603346563e+00,3.4610496615e-01,8.1824814301e-02,2.6428015184e-01,3.8364345108e+00
3.8491576261e+00,4.6630188041e+00,3.4609940426e-01,8.1853606902e-02,2.6424579736e-01,3.8433128544e+00
3.8505971016e+00,4.6657044978e+00,3.4609398077e-01,8.1882476624e-02,2.6421150414e-01,3.8502066800e+00
3.8520365772e+00,4.6683917384e+00,3.4608869573e-01,8.1911423466e-02,2.6417727227e-01,3.8571160232e+00
3.8534760527e+00,4.6710805267e+00,3.4608354923e-01,8.1940447427e-02,2.6414310180e-01,3.8640409197e+00
3.8549155283e+00,4.6737708637e+00,3.4607854134e-01,8.1969548504e-02,2.6410899284e-01,3.8709814049e+00
3.8563550038e+00,4.6764627501e+00,3.4607367213e-01,8.1998726698e-02,2.6407494543e-01,3.8779375147e+00
3.8577944794e+00,4.6791561870e+00,3.4606894168e-01,8.2027982005e-02,2.6404095968e-01,3.8849092848e+00
3.8592339549e+00,4.6818511752e+00,3.4606435006e-01,8.2057314427e-02,2.6400703564e-01,3.8918967511e+00
3.8606734305e+00,4.6845477156e+00,3.4605989735e-01,8.2086723961e-02,2.6397317339e-01,3.8988999497e+00
3.8621129060e+00,4.6872458090e+00,3.4605558362e-01,8.2116210606e-02,2.6393937302e-01,3.9059189166e+00
3.8635523816e+00,4.6899454565e+00,3.4605140895e-01,8.2145774362e-02,2.6390563459e-01,3.9129536878e+00
3.8649918571e+00,4.6926466588e+00,3.4604737340e-01,8.2175415228e-02,2.6387195817e-01,3.9200042997e+00
3.8664313327e+00,4.6953494169e+00,3.4604347706e-01,8.2205133204e-02,2.6383834386e-01,3.9270707886e+00
3.8678708082e+00,4.6980537316e+00,3.4603972000e-01,8.2234928289e-02,2.6380479172e-01,3.9341531908e+00
3.8693102838e+00,4.7007596040e+00,3.4603610230e-01,8.2264800482e-02,2.6377130182e-01,3.9412515429e+00
3.8707497594e+00,4.7034670347e+00,3.4603262402e-01,8.2294749784e-02,2.6373787424e-01,3.9483658813e+00
3.8721892349e+00,4.7061760249e+00,3.4602928525e-01,8.2324776193e-02,2.6370450906e-01,3.9554962428e+00
3.8736287105e+00,4.7088865753e+00,3.4602608606e-01,8.2354879711e-02,2.6367120635e-01,3.9626426640e+00
3.8750681860e+00,4.7115986869e+00,3.4602302652e-01,8.2385060337e-02,2.6363796618e-01,3.9698051819e+00
3.8765076616e+00,4.7143123605e+00,3.4602010671e-01,8.2415318072e-02,2.6360478864e-01,3.9769838332e+00
3.8779471371e+00,4.7170275971e+00,3.4601732671e-01,8.2445652914e-02,2.6357167379e-01,3.9841786550e+00
3.8793866127e+00,4.7197443975e+00,3.4601468659e-01,8.2476064866e-02,2.6353862172e-01,3.9913896844e+00
3.8808260882e+00,4.7224627627e+00,3.4601218642e-01,8.2506553927e-02,2.6350563249e-01,3.9986169585e+00
3.8822655638e+00,4.7251826936e+00,3.4600982628e-01,8.2537120097e-02,2.6347270618e-01,4.0058605146e+00
3.8837050393e+00,4.7279041910e+00,3.4600760624e-01,8.2567763378e-02,2.6343984287e-01,4.0131203899e+00
3.8851445149e+00,4.7306272559e+00,3.4600552639e-01,8.2598483771e-02,2.6340704262e-01,4.0203966220e+00
3.8865839904e+00,4.7333518891e+00,3.4600358680e-01,8.2629281275e-02,2.6337430552e-01,4.0276892484e+00
3.8880234660e+00,4.7360780916e+00,3.4600178753e-01,8.2660155892e-02,2.6334163164e-01,4.0349983065e+00
3.8894629415e+00,4.7388058643e+00,3.4600012868e-01,8.2691107623e-02,2.6330902105e-01,4.0423238341e+00
3.8909024171e+00,4.7415352081e+00,3.4599861031e-01,8.2722136469e-02,2.6327647384e-01,4.0496658691e+00
3.8923418926e+00,4.7442661238e+00,3.4599723249e-01,8.2753242432e-02,2.6324399006e-01,4.0570244491e+00
3.8937813682e+00,4.7469986125e+00,3.4599599532e-01,8.2784425512e-02,2.6321156980e-01,4.0643996122e+00
3.8952208437e+00,4.7497326749e+00,3.4599489885e-01,8.2815685712e-02,2.6317921314e-01,4.0717913964e+00
3.8966603193e+00,4.7524683120e+00,3.4599394317e-01,8.2847023032e-02,2.6314692014e-01,4.0791998399e+00
3.8980997948e+00,4.7552055248e+00,3.4599312835e-01,8.2878437474e-02,2.6311469088e-01,4.0866249808e+00
3.8995392704e+00,4.7579443140e+00,3.4599245447e-01,8.2909929041e-02,2.6308252543e-01,4.0940668574e+00
3.9009787459e+00,4.7606846807e+00,3.4599192161e-01,8.2941497734e-02,2.6305042388e-01,4.1015255081e+00
3.9024182215e+00,4.7634266257e+00,3.4599152984e-01,8.2973143554e-02,2.6301838628e-01,4.1090009714e+00
3.9038576970e+00,4.7661701499e+00,3.4599127923e-01,8.3004866505e-02,2.6298641273e-01,4.1164932859e+00
3.9052971726e+00,4.7689152543e+00,3.4599116987e-01,8.3036666587e-02,2.6295450329e-01,4.1240024902e+00
3.9067366482e+00,4.7716619398e+00,3.4599120183e-01,8.3068543804e-02,2.6292265803e-01,4.1315286230e+00
3.9081761237e+00,4.7744102072e+00,3.4599137519e-01,8.3100498158e-02,2.6289087703e-01,4.1390717232e+00
3.9096155993e+00,4.7771600575e+00,3.4599169002e-01,8.3132529650e-02,2.6285916036e-01,4.1466318297e+00
3.9110550748e+00,4.7799114916e+00,3.4599214639e-01,8.3164638285e-02,2.6282750811e-01,4.1542089815e+00
3.9124945504e+00,4.7826645104e+00,3.4599274440e-01,8.3196824064e-02,2.6279592033e-01,4.1618032178e+00
3.9139340259e+00,4.7854191148e+00,3.4599348410e-01,8.3229086989e-02,2.6276439711e-01,4.1694145776e+00
3.9153735015e+00,4.7881753057e+00,3.4599436559e-01,8.3261427065e-02,2.6273293852e-01,4.1770431004e+00
3.9168129770e+00,4.7909330841e+00,3.4599538893e-01,8.3293844294e-02,2.6270154464e-01,4.1846888254e+00
3.9182524526e+00,4.7936924509e+00,3.4599655420e-01,8.3326338678e-02,2.6267021553e-01,4.1923517922e+00
3.9196919281e+00,4.7964534069e+00,3.4599786149e-01,8.3358910222e-02,2.6263895127e-01,4.2000320403e+00
3.9211314037e+00,4.7992159531e+00,3.4599931086e-01,8.3391558928e-02,2.6260775193e-01,4.2077296094e+00
3.9225708792e+00,4.8019800904e+00,3.4600090239e-01,8.3424284800e-02,2.6257661759e-01,4.2154445391e+00
3.9240103548e+00,4.8047458198e+00,3.4600263617e-01,8.3457087841e-02,2.6254554833e-01,4.2231768694e+00
3.9254498303e+00,4.8075131420e+00,3.4600451226e-01,8.3489968054e-02,2.6251454421e-01,4.2309266401e+00
3.9268893059e+00,4.8102820582e+00,3.4600653075e-01,8.3522925444e-02,2.6248360531e-01,4.2386938913e+00
3.9283287814e+00,4.8130525691e+00,3.4600869171e-01,8.3555960013e-02,2.6245273170e-01,4.2464786631e+00
3.9297682570e+00,4.8158246757e+00,3.4601099523e-01,8.3589071767e-02,2.6242192346e-01,4.2542809957e+00
3.9312077325e+00,4.8185983789e+00,3.4601344136e-01,8.3622260708e-02,2.6239118066e-01,4.2621009294e+00
3.9326472081e+00,4.8213736796e+00,3.4601603021e-01,8.3655526841e-02,2.6236050337e-01,4.2699385045e+00
3.9340866836e+00,4.8241505788e+00,3.4601876183e-01,8.3688870171e-02,2.6232989166e-01,4.2777937617e+00
3.9355261592e+00,4.8269290774e+00,3.4602163632e-01,8.3722290700e-02,2.6229934562e-01,4.2856667413e+00
3.9369656347e+00,4.8297091763e+00,3.4602465374e-01,8.3755788434e-02,2.6226886531e-01,4.2935574842e+00
3.9384051103e+00,4.8324908763e+00,3.4602781418e-01,8.3789363377e-02,2.6223845080e-01,4.3014660311e+00
3.9398445858e+00,4.8352741785e+00,3.4603111771e-01,8.3823015533e-02,2.6220810217e-01,4.3093924229e+00
3.9412840614e+00,4.8380590838e+00,3.4603456441e-01,8.3856744907e-02,2.6217781950e-01,4.3173367004e+00
3.9427235370e+00,4.8408455931e+00,3.4603815436e-01,8.3890551505e-02,2.6214760285e-01,4.3252989049e+00
3.9441630125e+00,4.8436337072e+00,3.4604188763e-01,8.3924435329e-02,2.6211745230e-01,4.3332790773e+00
3.9456024881e+00,4.8464234272e+00,3.4604576431e-01,8.3958396387e-02,2.6208736793e-01,4.3412772590e+00
3.9470419636e+00,4.8492147540e+00,3.4604978447e-01,8.3992434682e-02,2.6205734979e-01,4.3492934912e+00
3.9484814392e+00,4.8520076884e+00,3.4605394820e-01,8.4026550219e-02,2.6202739798e-01,4.3573278155e+00
3.9499209147e+00,4.8548022314e+00,3.4605825556e-01,8.4060743005e-02,2.6199751255e-01,4.3653802734e+00
3.9513603903e+00,4.8575983840e+00,3.4606270664e-01,8.4095013044e-02,2.6196769359e-01,4.3734509064e+00
3.9527998658e+00,4.8603961470e+00,3.4606730151e-01,8.4129360341e-02,2.6193794117e-01,4.3815397563e+00
3.9542393414e+00,4.8631955215e+00,3.4607204026e-01,8.4163784903e-02,2.6190825536e-01,4.3896468650e+00
3.9556788169e+00,4.8659965082e+00,3.4607692296e-01,8.4198286734e-02,2.6187863623e-01,4.3977722742e+00
3.9571182925e+00,4.8687991082e+00,3.4608194969e-01,8.4232865840e-02,2.6184908385e-01,4.4059160262e+00
3.9585577680e+00,4.8716033223e+00,3.4608712053e-01,8.4267522228e-02,2.6181959831e-01,4.4140781629e+00
3.9599972436e+00,4.8744091516e+00,3.4609243556e-01,8.4302255903e-02,2.6179017966e-01,4.4222587265e+00
3.9614367191e+00,4.8772165969e+00,3.4609789486e-01,8.4337066871e-02,2.6176082799e-01,4.4304577595e+00
3.9628761947e+00,4.8800256591e+00,3.4610349850e-01,8.4371955138e-02,2.6173154336e-01,4.4386753041e+00
3.9643156702e+00,4.8828363393e+00,3.4610924656e-01,8.4406920711e-02,2.6170232585e-01,4.4469114029e+00
3.9657551458e+00,4.8856486383e+00,3.4611513913e-01,8.4441963595e-02,2.6167317554e-01,4.4551660985e+00
3.9671946213e+00,4.8884625570e+00,3.4612117628e-01,8.4477083797e-02,2.6164409249e-01,4.4634394335e+00
3.9686340969e+00,4.8912780965e+00,3.4612735809e-01,8.4512281323e-02,2.6161507677e-01,4.4717314509e+00
3.9700735724e+00,4.8940952575e+00,3.4613368465e-01,8.4547556181e-02,2.6158612846e-01,4.4800421934e+00
3.9715130480e+00,4.8969140412e+00,3.4614015602e-01,8.4582908376e-02,2.6155724764e-01,4.4883717041e+00
3.9729525235e+00,4.8997344483e+00,3.4614677229e-01,8.4618337916e-02,2.6152843437e-01,4.4967200261e+00
3.9743919991e+00,4.9025564798e+00,3.4615353353e-01,8.4653844807e-02,2.6149968873e-01,4.5050872025e+00
3.9758314746e+00,4.9053801367e+00,3.4616043984e-01,8.4689429056e-02,2.6147101078e-01,4.5134732767e+00
3.9772709502e+00,4.9082054200e+00,3.4616749128e-01,8.4725090670e-02,2.6144240061e-01,4.5218782921e+00
3.9787104258e+00,4.9110323304e+00,3.4617468794e-01,8.4760829657e-02,2.6141385828e-01,4.5303022922e+00
3.9801499013e+00,4.9138608691e+00,3.4618202989e-01,8.4796646024e-02,2.6138538387e-01,4.5387453205e+00
3.9815893769e+00,4.9166910368e+00,3.4618951722e-01,8.4832539777e-02,2.6135697744e-01,4.5472074208e+00
3.9830288524e+00,4.9195228346e+00,3.4619715000e-01,8.4868510925e-02,2.6132863908e-01,4.5556886368e+00
3.9844683280e+00,4.9223562634e+00,3.4620492832e-01,8.4904559475e-02,2.6130036884e-01,4.5641890125e+00
3.9859078035e+00,4.9251913241e+00,3.4621285225e-01,8.4940685435e-02,2.6127216682e-01,4.5727085919e+00
3.9873472791e+00,4.9280280177e+00,3.4622092188e-01,8.4976888812e-02,2.6124403307e-01,4.5812474190e+00
3.9887867546e+00,4.9308663451e+00,3.4622913728e-01,8.5013169614e-02,2.6121596767e-01,4.5898055382e+00
3.9902262302e+00,4.9337063073e+00,3.4623749853e-01,8.5049527849e-02,2.6118797069e-01,4.5983829936e+00
3.9916657057e+00,4.9365479051e+00,3.4624600572e-01,8.5085963525e-02,2.6116004220e-01,4.6069798297e+00
3.9931051813e+00,4.9393911396e+00,3.4625465893e-01,8.5122476650e-02,2.6113218228e-01,4.6155960911e+00
3.9945446568e+00,4.9422360117e+00,3.4626345822e-01,8.5159067233e-02,2.6110439099e-01,4.6242318223e+00
3.9959841324e+00,4.9450825222e+00,3.4627240370e-01,8.5195735281e-02,2.6107666842e-01,4.6328870681e+00
3.9974236079e+00,4.9479306723e+00,3.4628149543e-01,8.5232480803e-02,2.6104901462e-01,4.6415618733e+00
3.9988630835e+00,4.9507804627e+00,3.4629073349e-01,8.5269303808e-02,2.6102142968e-01,4.6502562828e+00
4.0003025590e+00,4.9536318946e+00,3.4630011797e-01,8.5306204303e-02,2.6099391366e-01,4.6589703416e+00
4.0017420346e+00,4.9564849687e+00,3.4630964894e-01,8.5343182299e-02,2.6096646665e-01,4.6677040950e+00
4.0031815101e+00,4.9593396860e+00,3.4631932650e-01,8.5380237802e-02,2.6093908869e-01,4.6764575881e+00
4.0046209857e+00,4.9621960476e+00,3.4632915071e-01,8.5417370824e-02,2.6091177988e-01,4.6852308663e+00
4.0060604612e+00,4.9650540542e+00,3.4633912166e-01,8.5454581371e-02,2.6088454029e-01,4.6940239751e+00
4.0074999368e+00,4.9679137070e+00,3.4634923942e-01,8.5491869454e-02,2.6085736997e-01,4.7028369600e+00
4.0089394123e+00,4.9707750068e+00,3.4635950409e-01,8.5529235081e-02,2.6083026901e-01,4.7116698666e+00
4.0103788879e+00,4.9736379546e+00,3.4636991574e-01,8.5566678262e-02,2.6080323748e-01,4.7205227408e+00
4.0118183634e+00,4.9765025513e+00,3.4638047445e-01,8.5604199006e-02,2.6077627545e-01,4.7293956284e+00
4.0132578390e+00,4.9793687979e+00,3.4639118031e-01,8.5641797322e-02,2.6074938298e-01,4.7382885754e+00
4.0146973146e+00,4.9822366954e+00,3.4640203338e-01,8.5679473220e-02,2.6072256016e-01,4.7472016279e+00
4.0161367901e+00,4.9851062446e+00,3.4641303377e-01,8.5717226710e-02,2.6069580706e-01,4.7561348321e+00
4.0175762657e+00,4.9879774465e+00,3.4642418154e-01,8.5755057801e-02,2.6066912374e-01,4.7650882342e+00
4.0190157412e+00,4.9908503022e+00,3.4643547677e-01,8.5792966504e-02,2.6064251027e-01,4.7740618808e+00
4.0204552168e+00,4.9937248124e+00,3.4644691956e-01,8.5830952827e-02,2.6061596673e-01,4.7830558183e+00
4.0218946923e+00,4.9966009783e+00,3.4645850998e-01,8.5869016781e-02,2.6058949320e-01,4.7920700933e+00
4.0233341679e+00,4.9994788007e+00,3.4647024811e-01,8.5907158376e-02,2.6056308973e-01,4.8011047527e+00
4.0247736434e+00,5.0023582806e+00,3.4648213403e-01,8.5945377623e-02,2.6053675641e-01,4.8101598431e+00
4.0262131190e+00,5.0052394190e+00,3.4649416783e-01,8.5983674531e-02,2.6051049330e-01,4.8192354116e+00
4.0276525945e+00,5.0081222168e+00,3.4650634958e-01,8.6022049110e-02,2.6048430047e-01,4.8283315052e+00
4.0290920701e+00,5.0110066749e+00,3.4651867938e-01,8.6060501372e-02,2.6045817800e-01,4.8374481712e+00
4.0305315456e+00,5.0138927944e+00,3.4653115729e-01,8.6099031327e-02,2.6043212596e-01,4.8465854567e+00
4.0319710212e+00,5.0167805761e+00,3.4654378341e-01,8.6137638986e-02,2.6040614442e-01,4.8557434092e+00
4.0334104967e+00,5.0196700211e+00,3.4655655781e-01,8.6176324358e-02,2.6038023345e-01,4.8649220762e+00
4.0348499723e+00,5.0225611303e+00,3.4656948058e-01,8.6215087456e-02,2.6035439312e-01,4.8741215052e+00
4.0362894478e+00,5.0254539046e+00,3.4658255180e-01,8.6253928290e-02,2.6032862351e-01,4.8833417440e+00
4.0377289234e+00,5.0283483450e+00,3.4659577154e-01,8.6292846870e-02,2.6030292467e-01,4.8925828404e+00
4.0391683989e+00,5.0312444525e+00,3.4660913990e-01,8.6331843209e-02,2.6027729670e-01,4.9018448424e+00
4.0406078745e+00,5.0341422280e+00,3.4662265696e-01,8.6370917317e-02,2.6025173964e-01,4.9111277980e+00
4.0420473500e+00,5.0370416725e+00,3.4663632280e-01,8.6410069205e-02,2.6022625359e-01,4.9204317554e+00
4.0434868256e+00,5.0399427870e+00,3.4665013749e-01,8.6449298886e-02,2.6020083860e-01,4.9297567627e+00
4.0449263011e+00,5.0428455724e+00,3.4666410113e-01,8.6488606370e-02,2.6017549476e-01,4.9391028686e+00
4.0463657767e+00,5.0457500297e+00,3.4667821379e-01,8.6527991668e-02,2.6015022212e-01,4.9484701213e+00
4.0478052523e+00,5.0486561598e+00,3.4669247556e-01,8.6567454794e-02,2.6012502077e-01,4.9578585696e+00
4.0492447278e+00,5.0515639637e+00,3.4670688652e-01,8.6606995758e-02,2.6009989077e-01,4.9672682621e+00
4.0506842034e+00,5.0544734424e+00,3.4672144676e-01,8.6646614572e-02,2.6007483219e-01,4.9766992477e+00
4.0521236789e+00,5.0573845968e+00,3.4673615635e-01,8.6686311249e-02,2.6004984510e-01,4.9861515754e+00
4.0535631545e+00,5.0602974279e+00,3.4675101538e-01,8.6726085799e-02,2.6002492958e-01,4.9956252942e+00
4.0550026300e+00,5.0632119366e+00,3.4676602394e-01,8.6765938237e-02,2.6000008570e-01,5.0051204532e+00
4.0564421056e+00,5.0661281240e+00,3.4678118210e-01,8.6805868572e-02,2.5997531352e-01,5.0146371018e+00
4.0578815811e+00,5.0690459910e+00,3.4679648994e-01,8.6845876819e-02,2.5995061313e-01,5.0241752893e+00
4.0593210567e+00,5.0719655386e+00,3.4681194756e-01,8.6885962989e-02,2.5992598458e-01,5.0337350654e+00
4.0607605322e+00,5.0748867677e+00,3.4682755504e-01,8.6926127094e-02,2.5990142794e-01,5.0433164795e+00
4.0622000078e+00,5.0778096792e+00,3.4684331245e-01,8.6966369148e-02,2.5987694330e-01,5.0529195816e+00
4.0636394833e+00,5.0807342743e+00,3.4685921989e-01,8.7006689163e-02,2.5985253072e-01,5.0625444213e+00
4.0650789589e+00,5.0836605538e+00,3.4687527743e-01,8.7047087152e-02,2.5982819028e-01,5.0721910487e+00
4.0665184344e+00,5.0865885187e+00,3.4689148516e-01,8.7087563127e-02,2.5980392203e-01,5.0818595140e+00
4.0679579100e+00,5.0895181700e+00,3.4690784316e-01,8.7128117103e-02,2.5977972606e-01,5.0915498673e+00
4.0693973855e+00,5.0924495086e+00,3.4692435152e-01,8.7168749090e-02,2.5975560243e-01,5.1012621588e+00
4.0708368611e+00,5.0953825355e+00,3.4694101032e-01,8.7209459104e-02,2.5973155121e-01,5.1109964392e+00
4.0722763366e+00,5.0983172518e+00,3.4695781964e-01,8.7250247157e-02,2.5970757248e-01,5.1207527589e+00
4.0737158122e+00,5.1012536583e+00,3.4697477957e-01,8.7291113262e-02,2.5968366631e-01,5.1305311686e+00
4.0751552877e+00,5.1041917560e+00,3.4699189019e-01,8.7332057432e-02,2.5965983276e-01,5.1403317192e+00
4.0765947633e+00,5.1071315460e+00,3.4700915159e-01,8.7373079682e-02,2.5963607191e-01,5.1501544614e+00
4.0780342388e+00,5.1100730292e+00,3.4702656385e-01,8.7414180025e-02,2.5961238382e-01,5.1599994464e+00
4.0794737144e+00,5.1130162065e+00,3.4704412705e-01,8.7455358474e-02,2.5958876857e-01,5.1698667253e+00
4.0809131899e+00,5.1159610790e+00,3.4706184128e-01,8.7496615044e-02,2.5956522623e-01,5.1797563494e+00
4.0823526655e+00,5.1189076475e+00,3.4707970662e-01,8.7537949748e-02,2.5954175687e-01,5.1896683700e+00
4.0837921411e+00,5.1218559132e+00,3.4709772316e-01,8.7579362600e-02,2.5951836056e-01,5.1996028387e+00
4.0852316166e+00,5.1248058770e+00,3.4711589098e-01,8.7620853614e-02,2.5949503737e-01,5.2095598070e+00
4.0866710922e+00,5.1277575398e+00,3.4713421017e-01,8.7662422804e-02,2.5947178736e-01,5.2195393268e+00
4.0881105677e+00,5.1307109026e+00,3.4715268081e-01,8.7704070185e-02,2.5944861062e-01,5.2295414499e+00
4.0895500433e+00,5.1336659664e+00,3.4717130298e-01,8.7745795771e-02,2.5942550721e-01,5.2395662282e+00
4.0909895188e+00,5.1366227322e+00,3.4719007677e-01,8.7787599576e-02,2.5940247720e-01,5.2496137139e+00
4.0924289944e+00,5.1395812010e+00,3.4720900227e-01,8.7829481615e-02,2.5937952066e-01,5.2596839592e+00
4.0938684699e+00,5.1425413737e+00,3.4722807956e-01,8.7871441902e-02,2.5935663766e-01,5.2697770165e+00
4.0953079455e+00,5.1455032514e+00,3.4724730872e-01,8.7913480452e-02,2.5933382827e-01,5.2798929381e+00
4.0967474210e+00,5.1484668350e+00,3.4726668985e-01,8.7955597280e-02,2.5931109257e-01,5.2900317768e+00
4.0981868966e+00,5.1514321254e+00,3.4728622301e-01,8.7997792401e-02,2.5928843061e-01,5.3001935852e+00
4.0996263721e+00,5.1543991238e+00,3.4730590831e-01,8.8040065829e-02,2.5926584248e-01,5.3103784161e+00
4.1010658477e+00,5.1573678310e+00,3.4732574583e-01,8.8082417580e-02,2.5924332825e-01,5.3205863225e+00
4.1025053232e+00,5.1603382480e+00,3.4734573564e-01,8.8124847669e-02,2.5922088797e-01,5.3308173575e+00
4.1039447988e+00,5.1633103759e+00,3.4736587784e-01,8.8167356111e-02,2.5919852173e-01,5.3410715743e+00
4.1053842743e+00,5.1662842156e+00,3.4738617251e-01,8.8209942921e-02,2.5917622959e-01,5.3513490261e+00
4.1068237499e+00,5.1692597681e+00,3.4740661974e-01,8.8252608115e-02,2.5915401163e-01,5.3616497665e+00
4.1082632254e+00,5.1722370344e+00,3.4742721961e-01,8.8295351708e-02,2.5913186790e-01,5.3719738490e+00
4.1097027010e+00,5.1752160154e+00,3.4744797221e-01,8.8338173716e-02,2.5910979850e-01,5.3823213274e+00
4.1111421765e+00,5.1781967123e+00,3.4746887763e-01,8.8381074154e-02,2.5908780347e-01,5.3926922553e+00
4.1125816521e+00,5.1811791258e+00,3.4748993594e-01,8.8424053039e-02,2.5906588290e-01,5.4030866869e+00
4.1140211276e+00,5.1841632571e+00,3.4751114724e-01,8.8467110386e-02,2.5904403685e-01,5.4135046760e+00
4.1154606032e+00,5.1871491072e+00,3.4753251161e-01,8.8510246211e-02,2.5902226540e-01,5.4239462771e+00
4.1169000787e+00,5.1901366769e+00,3.4755402914e-01,8.8553460530e-02,2.5900056861e-01,5.4344115442e+00
4.1183395543e+00,5.1931259674e+00,3.4757569992e-01,8.8596753359e-02,2.5897894656e-01,5.4449005320e+00
4.1197790299e+00,5.1961169795e+00,3.4759752402e-01,8.8640124715e-02,2.5895739930e-01,5.4554132950e+00
4.1212185054e+00,5.1991097144e+00,3.4761950154e-01,8.8683574613e-02,2.5893592693e-01,5.4659498878e+00
4.1226579810e+00,5.2021041729e+00,3.4764163256e-01,8.8727103071e-02,2.5891452949e-01,5.4765103653e+00
4.1240974565e+00,5.2051003562e+00,3.4766391717e-01,8.8770710104e-02,2.5889320707e-01,5.4870947825e+00
4.1255369321e+00,5.2080982650e+00,3.4768635546e-01,8.8814395729e-02,2.5887195973e-01,5.4977031944e+00
4.1269764076e+00,5.2110979006e+00,3.4770894751e-01,8.8858159963e-02,2.5885078755e-01,5.5083356562e+00
4.1284158832e+00,5.2140992638e+00,3.4773169341e-01,8.8902002823e-02,2.5882969059e-01,5.5189922233e+00
4.1298553587e+00,5.2171023557e+00,3.4775459325e-01,8.8945924325e-02,2.5880866892e-01,5.5296729512e+00
4.1312948343e+00,5.2201071772e+00,3.4777764710e-01,8.8989924486e-02,2.5878772262e-01,5.5403778953e+00
4.1327343098e+00,5.2231137293e+00,3.4780085507e-01,8.9034003324e-02,2.5876685174e-01,5.5511071116e+00
4.1341737854e+00,5.2261220131e+00,3.4782421723e-01,8.9078160855e-02,2.5874605637e-01,5.5618606557e+00
4.1356132609e+00,5.2291320295e+00,3.4784773367e-01,8.9122397097e-02,2.5872533658e-01,5.5726385836e+00
4.1370527365e+00,5.2321437796e+00,3.4787140449e-01,8.9166712067e-02,2.5870469242e-01,5.5834409516e+00
4.1384922120e+00,5.2351572643e+00,3.4789522976e-01,8.9211105783e-02,2.5868412398e-01,5.5942678157e+00
4.1399316876e+00,5.2381724847e+00,3.4791920958e-01,8.9255578261e-02,2.5866363132e-01,5.6051192325e+00
4.1413711631e+00,5.2411894416e+00,3.4794334403e-01,8.9300129519e-02,2.5864321451e-01,5.6159952583e+00
4.1428106387e+00,5.2442081362e+00,3.4796763319e-01,8.9344759575e-02,2.5862287362e-01,5.6268959499e+00
4.1442501142e+00,5.2472285695e+00,3.4799207717e-01,8.9389468447e-02,2.5860260872e-01,5.6378213639e+00
4.1456895898e+00,5.2502507424e+00,3.4801667603e-01,8.9434256153e-02,2.5858241988e-01,5.6487715573e+00
4.1471290653e+00,5.2532746559e+00,3.4804142988e-01,8.9479122710e-02,2.5856230717e-01,5.6597465871e+00
4.1485685409e+00,5.2563003111e+00,3.4806633880e-01,8.9524068136e-02,2.5854227067e-01,5.6707465104e+00
4.1500080164e+00,5.2593277089e+00,3.4809140288e-01,8.9569092450e-02,2.5852231043e-01,5.6817713846e+00
4.1514474920e+00,5.2623568503e+00,3.4811662220e-01,8.9614195670e-02,2.5850242653e-01,5.6928212670e+00
4.1528869675e+00,5.2653877364e+00,3.4814199685e-01,8.9659377813e-02,2.5848261904e-01,5.7038962153e+00
4.1543264431e+00,5.2684203682e+00,3.4816752693e-01,8.9704638899e-02,2.5846288803e-01,5.7149962870e+00
4.1557659187e+00,5.2714547466e+00,3.4819321251e-01,8.9749978946e-02,2.5844323356e-01,5.7261215401e+00
4.1572053942e+00,5.2744908727e+00,3.4821905369e-01,8.9795397972e-02,2.5842365572e-01,5.7372720324e+00
4.1586448698e+00,5.2775287475e+00,3.4824505055e-01,8.9840895995e-02,2.5840415456e-01,5.7484478221e+00
4.1600843453e+00,5.2805683719e+00,3.4827120319e-01,8.9886473035e-02,2.5838473016e-01,5.7596489674e+00
4.1615238209e+00,5.2836097471e+00,3.4829751169e-01,8.9932129111e-02,2.5836538258e-01,5.7708755266e+00
4.1629632964e+00,5.2866528739e+00,3.4832397614e-01,8.9977864241e-02,2.5834611190e-01,5.7821275583e+00
4.1644027720e+00,5.2896977535e+00,3.4835059663e-01,9.0023678443e-02,2.5832691818e-01,5.7934051210e+00
4.1658422475e+00,5.2927443867e+00,3.4837737324e-01,9.0069571739e-02,2.5830780150e-01,5.8047082736e+00
4.1672817231e+00,5.2957927747e+00,3.4840430607e-01,9.0115544145e-02,2.5828876193e-01,5.8160370749e+00
4.1687211986e+00,5.2988429184e+00,3.4843139520e-01,9.0161595682e-02,2.5826979952e-01,5.8273915840e+00
4.1701606742e+00,5.3018948189e+00,3.4845864073e-01,9.0207726369e-02,2.5825091436e-01,5.8387718600e+00
4.1716001497e+00,5.3049484772e+00,3.4848604274e-01,9.0253936226e-02,2.5823210652e-01,5.8501779623e+00
4.1730396253e+00,5.3080038942e+00,3.4851360132e-01,9.0300225271e-02,2.5821337605e-01,5.8616099503e+00
4.1744791008e+00,5.3110610710e+00,3.4854131656e-01,9.0346593524e-02,2.5819472304e-01,5.8730678836e+00
4.1759185764e+00,5.3141200086e+00,3.4856918855e-01,9.0393041006e-02,2.5817614755e-01,5.8845518219e+00
4.1773580519e+00,5.3171807080e+00,3.4859721738e-01,9.0439567736e-02,2.5815764964e-01,5.8960618251e+00
4.1787975275e+00,5.3202431702e+00,3.4862540313e-01,9.0486173733e-02,2.5813922940e-01,5.9075979532e+00
4.1802370030e+00,5.3233073963e+00,3.4865374591e-01,9.0532859018e-02,2.5812088689e-01,5.9191602663e+00
4.1816764786e+00,5.3263733872e+00,3.4868224578e-01,9.0579623610e-02,2.5810262217e-01,5.9307488247e+00
4.1831159541e+00,5.3294411440e+00,3.4871090286e-01,9.0626467530e-02,2.5808443533e-01,5.9423636888e+00
4.1845554297e+00,5.3325106677e+00,3.4873971721e-01,9.0673390798e-02,2.5806632642e-01,5.9540049192e+00
4.1859949052e+00,5.3355819594e+00,3.4876868895e-01,9.0720393434e-02,2.5804829551e-01,5.9656725766e+00
4.1874343808e+00,5.3386550199e+00,3.4879781814e-01,9.0767475459e-02,2.5803034268e-01,5.9773667218e+00
4.1888738563e+00,5.3417298504e+00,3.4882710490e-01,9.0814636893e-02,2.5801246800e-01,5.9890874158e+00
4.1903133319e+00,5.3448064519e+00,3.4885654929e-01,9.0861877756e-02,2.5799467153e-01,6.0008347197e+00
4.1917528075e+00,5.3478848253e+00,3.4888615142e-01,9.0909198069e-02,2.5797695335e-01,6.0126086949e+00
4.1931922830e+00,5.3509649718e+00,3.4891591137e-01,9.0956597854e-02,2.5795931352e-01,6.0244094026e+00
4.1946317586e+00,5.3540468923e+00,3.4894582924e-01,9.1004077130e-02,2.5794175211e-01,6.0362369044e+00
4.1960712341e+00,5.3571305878e+00,3.4897590511e-01,9.1051635919e-02,2.5792426919e-01,6.0480912621e+00
4.1975107097e+00,5.3602160594e+00,3.4900613908e-01,9.1099274241e-02,2.5790686484e-01,6.0599725374e+00
4.1989501852e+00,5.3633033081e+00,3.4903653123e-01,9.1146992118e-02,2.5788953911e-01,6.0718807924e+00
4.2003896608e+00,5.3663923350e+00,3.4906708165e-01,9.1194789570e-02,2.5787229208e-01,6.0838160891e+00
4.2018291363e+00,5.3694831409e+00,3.4909779045e-01,9.1242666620e-02,2.5785512383e-01,6.0957784899e+00
4.2032686119e+00,5.3725757271e+00,3.4912865769e-01,9.1290623288e-02,2.5783803440e-01,6.1077680570e+00
4.2047080874e+00,5.3756700944e+00,3.4915968349e-01,9.1338659596e-02,2.5782102389e-01,6.1197848532e+00
4.2061475630e+00,5.3787662439e+00,3.4919086792e-01,9.1386775565e-02,2.5780409235e-01,6.1318289410e+00
4.2075870385e+00,5.3818641767e+00,3.4922221108e-01,9.1434971217e-02,2.5778723986e-01,6.1439003834e+00
4.2090265141e+00,5.3849638938e+00,3.4925371306e-01,9.1483246573e-02,2.5777046648e-01,6.1559992433e+00
4.2104659896e+00,5.3880653962e+00,3.4928537395e-01,9.1531601656e-02,2.5775377229e-01,6.1681255838e+00
4.2119054652e+00,5.3911686849e+00,3.4931719384e-01,9.1580036487e-02,2.5773715735e-01,6.1802794682e+00
4.2133449407e+00,5.3942737609e+00,3.4934917282e-01,9.1628551088e-02,2.5772062173e-01,6.1924609600e+00
4.2147844163e+00,5.3973806254e+00,3.4938131098e-01,9.1677145481e-02,2.5770416550e-01,6.2046701227e+00
4.2162238918e+00,5.4004892792e+00,3.4941360842e-01,9.1725819688e-02,2.5768778874e-01,6.2169070200e+00
4.2176633674e+00,5.4035997236e+00,3.4944606523e-01,9.1774573731e-02,2.5767149150e-01,6.2291717159e+00
4.2191028429e+00,5.4067119593e+00,3.4947868149e-01,9.1823407633e-02,2.5765527386e-01,6.2414642743e+00
4.2205423185e+00,5.4098259876e+00,3.4951145731e-01,9.1872321417e-02,2.5763913589e-01,6.2537847594e+00
4.2219817940e+00,5.4129418095e+00,3.4954439276e-01,9.1921315103e-02,2.5762307765e-01,6.2661332354e+00
4.2234212696e+00,5.4160594259e+00,3.4957748794e-01,9.1970388716e-02,2.5760709923e-01,6.2785097670e+00
4.2248607451e+00,5.4191788379e+00,3.4961074295e-01,9.2019542277e-02,2.5759120067e-01,6.2909144186e+00
4.2263002207e+00,5.4223000466e+00,3.4964415787e-01,9.2068775809e-02,2.5757538206e-01,6.3033472550e+00
4.2277396963e+00,5.4254230530e+00,3.4967773280e-01,9.2118089336e-02,2.5755964347e-01,6.3158083412e+00
4.2291791718e+00,5.4285478580e+00,3.4971146783e-01,9.2167482880e-02,2.5754398495e-01,6.3282977422e+00
4.2306186474e+00,5.4316744629e+00,3.4974536305e-01,9.2216956463e-02,2.5752840659e-01,6.3408155233e+00
4.2320581229e+00,5.4348028685e+00,3.4977941856e-01,9.2266510110e-02,2.5751290845e-01,6.3533617497e+00
4.2334975985e+00,5.4379330759e+00,3.4981363444e-01,9.2316143843e-02,2.5749749060e-01,6.3659364870e+00
4.2349370740e+00,5.4410650862e+00,3.4984801079e-01,9.2365857685e-02,2.5748215310e-01,6.3785398008e+00
4.2363765496e+00,5.4441989004e+00,3.4988254770e-01,9.2415651660e-02,2.5746689604e-01,6.3911717571e+00
4.2378160251e+00,5.4473345195e+00,3.4991724526e-01,9.2465525791e-02,2.5745171947e-01,6.4038324217e+00
4.2392555007e+00,5.4504719446e+00,3.4995210356e-01,9.2515480101e-02,2.5743662346e-01,6.4165218607e+00
4.2406949762e+00,5.4536111767e+00,3.4998712271e-01,9.2565514615e-02,2.5742160809e-01,6.4292401405e+00
4.2421344518e+00,5.4567522169e+00,3.5002230278e-01,9.2615629356e-02,2.5740667343e-01,6.4419873275e+00
4.2435739273e+00,5.4598950662e+00,3.5005764388e-01,9.2665824347e-02,2.5739181953e-01,6.4547634882e+00
4.2450134029e+00,5.4630397256e+00,3.5009314610e-01,9.2716099612e-02,2.5737704648e-01,6.4675686894e+00
4.2464528784e+00,5.4661861963e+00,3.5012880952e-01,9.2766455176e-02,2.5736235434e-01,6.4804029981e+00
4.2478923540e+00,5.4693344791e+00,3.5016463424e-01,9.2816891062e-02,2.5734774318e-01,6.4932664811e+00
4.2493318295e+00,5.4724845752e+00,3.5020062036e-01,9.2867407294e-02,2.5733321307e-01,6.5061592058e+00
4.2507713051e+00,5.4756364857e+00,3.5023676797e-01,9.2918003897e-02,2.5731876407e-01,6.5190812395e+00
4.2522107806e+00,5.4787902115e+00,3.5027307716e-01,9.2968680894e-02,2.5730439627e-01,6.5320326496e+00
4.2536502562e+00,5.4819457537e+00,3.5030954803e-01,9.3019438311e-02,2.5729010971e-01,6.5450135040e+00
4.2550897317e+00,5.4851031133e+00,3.5034618066e-01,9.3070276171e-02,2.5727590449e-01,6.5580238704e+00
4.2565292073e+00,5.4882622915e+00,3.5038297515e-01,9.3121194500e-02,2.5726178065e-01,6.5710638167e+00
4.2579686828e+00,5.4914232892e+00,3.5041993160e-01,9.3172193320e-02,2.5724773828e-01,6.5841334112e+00
4.2594081584e+00,5.4945861075e+00,3.5045705010e-01,9.3223272659e-02,2.5723377744e-01,6.5972327221e+00
4.2608476339e+00,5.4977507474e+00,3.5049433074e-01,9.3274432539e-02,2.5721989820e-01,6.6103618178e+00
4.2622871095e+00,5.5009172101e+00,3.5053177362e-01,9.3325672986e-02,2.5720610063e-01,6.6235207671e+00
4.2637265851e+00,5.5040854964e+00,3.5056937883e-01,9.3376994026e-02,2.5719238480e-01,6.6367096386e+00
4.2651660606e+00,5.5072556076e+00,3.5060714646e-01,9.3428395682e-02,2.5717875078e-01,6.6499285014e+00
4.2666055362e+00,5.5104275446e+00,3.5064507661e-01,9.3479877980e-02,2.5716519863e-01,6.6631774244e+00
4.2680450117e+00,5.5136013086e+00,3.5068316937e-01,9.3531440945e-02,2.5715172843e-01,6.6764564770e+00
4.2694844873e+00,5.5167769004e+00,3.5072142484e-01,9.3583084603e-02,2.5713834024e-01,6.6897657286e+00
4.2709239628e+00,5.5199543213e+00,3.5075984311e-01,9.3634808978e-02,2.5712503413e-01,6.7031052486e+00
4.2723634384e+00,5.5231335722e+00,3.5079842427e-01,9.3686614097e-02,2.5711181018e-01,6.7164751070e+00
4.2738029139e+00,5.5263146542e+00,3.5083716843e-01,9.3738499985e-02,2.5709866844e-01,6.7298753735e+00
4.2752423895e+00,5.5294975684e+00,3.5087607567e-01,9.3790466667e-02,2.5708560900e-01,6.7433061183e+00
4.2766818650e+00,5.5326823158e+00,3.5091514609e-01,9.3842514170e-02,2.5707263192e-01,6.7567674115e+00
4.2781213406e+00,5.5358688975e+00,3.5095437978e-01,9.3894642518e-02,2.5705973726e-01,6.7702593235e+00
4.2795608161e+00,5.5390573145e+00,3.5099377684e-01,9.3946851738e-02,2.5704692510e-01,6.7837819249e+00
4.2810002917e+00,5.5422475679e+00,3.5103333736e-01,9.3999141856e-02,2.5703419550e-01,6.7973352863e+00
4.2824397672e+00,5.5454396588e+00,3.5107306144e-01,9.4051512897e-02,2.5702154854e-01,6.8109194788e+00
4.2838792428e+00,5.5486335881e+00,3.5111294918e-01,9.4103964889e-02,2.5700898429e-01,6.8245345732e+00
4.2853187183e+00,5.5518293571e+00,3.5115300066e-01,9.4156497856e-02,2.5699650280e-01,6.8381806408e+00
4.2867581939e+00,5.5550269666e+00,3.5119321599e-01,9.4209111826e-02,2.5698410416e-01,6.8518577530e+00
4.2881976694e+00,5.5582264178e+00,3.5123359525e-01,9.4261806825e-02,2.5697178843e-01,6.8655659813e+00
4.2896371450e+00,5.5614277118e+00,3.5127413855e-01,9.4314582879e-02,2.5695955567e-01,6.8793053974e+00
4.2910766205e+00,5.5646308496e+00,3.5131484598e-01,9.4367440015e-02,2.5694740596e-01,6.8930760731e+00
4.2925160961e+00,5.5678358322e+00,3.5135571763e-01,9.4420378260e-02,2.5693533937e-01,6.9068780805e+00
4.2939555716e+00,5.5710426608e+00,3.5139675361e-01,9.4473397640e-02,2.5692335597e-01,6.9207114917e+00
4.2953950472e+00,5.5742513363e+00,3.5143795400e-01,9.4526498181e-02,2.5691145582e-01,6.9345763793e+00
4.2968345227e+00,5.5774618599e+00,3.5147931890e-01,9.4579679912e-02,2.5689963899e-01,6.9484728156e+00
4.2982739983e+00,5.5806742327e+00,3.5152084842e-01,9.4632942858e-02,2.5688790556e-01,6.9624008733e+00
4.2997134739e+00,5.5838884556e+00,3.5156254263e-01,9.4686287047e-02,2.5687625559e-01,6.9763606254e+00
4.3011529494e+00,5.5871045298e+00,3.5160440165e-01,9.4739712506e-02,2.5686468914e-01,6.9903521449e+00
4.3025924250e+00,5.5903224562e+00,3.5164642556e-01,9.4793219263e-02,2.5685320630e-01,7.0043755049e+00
4.3040319005e+00,5.5935422361e+00,3.5168861447e-01,9.4846807344e-02,2.5684180712e-01,7.0184307789e+00
4.3054713761e+00,5.5967638704e+00,3.5173096846e-01,9.4900476777e-02,2.5683049168e-01,7.0325180404e+00
4.3069108516e+00,5.5999873603e+00,3.5177348764e-01,9.4954227590e-02,2.5681926005e-01,7.0466373632e+00
4.3083503272e+00,5.6032127067e+00,3.5181617210e-01,9.5008059809e-02,2.5680811229e-01,7.0607888210e+00
4.3097898027e+00,5.6064399108e+00,3.5185902193e-01,9.5061973463e-02,2.5679704847e-01,7.0749724879e+00
4.3112292783e+00,5.6096689736e+00,3.5190203725e-01,9.5115968580e-02,2.5678606867e-01,7.0891884383e+00
4.3126687538e+00,5.6128998962e+00,3.5194521813e-01,9.5170045187e-02,2.5677517295e-01,7.1034367464e+00
4.3141082294e+00,5.6161326797e+00,3.5198856468e-01,9.5224203311e-02,2.5676436137e-01,7.1177174869e+00
4.3155477049e+00,5.6193673251e+00,3.5203207700e-01,9.5278442982e-02,2.5675363402e-01,7.1320307344e+00
4.3169871805e+00,5.6226038336e+00,3.5207575518e-01,9.5332764228e-02,2.5674299095e-01,7.1463765640e+00
4.3184266560e+00,5.6258422061e+00,3.5211959932e-01,9.5387167075e-02,2.5673243224e-01,7.1607550507e+00
4.3198661316e+00,5.6290824438e+00,3.5216360951e-01,9.5441651553e-02,2.5672195796e-01,7.1751662697e+00
4.3213056071e+00,5.6323245477e+00,3.5220778586e-01,9.5496217690e-02,2.5671156817e-01,7.1896102966e+00
4.3227450827e+00,5.6355685189e+00,3.5225212846e-01,9.5550865514e-02,2.5670126295e-01,7.2040872068e+00
4.3241845582e+00,5.6388143585e+00,3.5229663741e-01,9.5605595054e-02,2.5669104235e-01,7.2185970763e+00
4.3256240338e+00,5.6420620676e+00,3.5234131280e-01,9.5660406338e-02,2.5668090646e-01,7.2331399810e+00
4.3270635093e+00,5.6453116472e+00,3.5238615473e-01,9.5715299395e-02,2.5667085534e-01,7.2477159969e+00
4.3285029849e+00,5.6485630985e+00,3.5243116331e-01,9.5770274254e-02,2.5666088906e-01,7.2623252005e+00
4.3299424604e+00,5.6518164224e+00,3.5247633862e-01,9.5825330943e-02,2.5665100768e-01,7.2769676682e+00
4.3313819360e+00,5.6550716201e+00,3.5252168078e-01,9.5880469492e-02,2.5664121128e-01,7.2916434767e+00
4.3328214115e+00,5.6583286926e+00,3.5256718986e-01,9.5935689930e-02,2.5663149993e-01,7.3063527028e+00
4.3342608871e+00,5.6615876411e+00,3.5261286598e-01,9.5990992284e-02,2.5662187369e-01,7.3210954236e+00
4.3357003627e+00,5.6648484666e+00,3.5265870922e-01,9.6046376586e-02,2.5661233264e-01,7.3358717163e+00
4.3371398382e+00,5.6681111701e+00,3.5270471970e-01,9.6101842863e-02,2.5660287684e-01,7.3506816582e+00
4.3385793138e+00,5.6713757529e+00,3.5275089750e-01,9.6157391146e-02,2.5659350636e-01,7.3655253269e+00
4.3400187893e+00,5.6746422159e+00,3.5279724273e-01,9.6213021463e-02,2.5658422127e-01,7.3804028001e+00
4.3414582649e+00,5.6779105602e+00,3.5284375548e-01,9.6268733845e-02,2.5657502164e-01,7.3953141558e+00
4.3428977404e+00,5.6811807870e+00,3.5289043585e-01,9.6324528320e-02,2.5656590753e-01,7.4102594721e+00
4.3443372160e+00,5.6844528973e+00,3.5293728395e-01,9.6380404919e-02,2.5655687903e-01,7.4252388272e+00
4.3457766915e+00,5.6877268921e+00,3.5298429986e-01,9.6436363670e-02,2.5654793619e-01,7.4402522997e+00
4.3472161671e+00,5.6910027727e+00,3.5303148369e-01,9.6492404605e-02,2.5653907908e-01,7.4552999681e+00
4.3486556426e+00,5.6942805400e+00,3.5307883554e-01,9.6548527752e-02,2.5653030778e-01,7.4703819113e+00
4.3500951182e+00,5.6975601952e+00,3.5312635550e-01,9.6604733143e-02,2.5652162236e-01,7.4854982083e+00
4.3515345937e+00,5.7008417392e+00,3.5317404367e-01,9.6661020806e-02,2.5651302287e-01,7.5006489382e+00
4.3529740693e+00,5.7041251734e+00,3.5322190017e-01,9.6717390772e-02,2.5650450939e-01,7.5158341805e+00
4.3544135448e+00,5.7074104986e+00,3.5326992507e-01,9.6773843072e-02,2.5649608200e-01,7.5310540148e+00
4.3558530204e+00,5.7106977160e+00,3.5331811849e-01,9.6830377736e-02,2.5648774075e-01,7.5463085207e+00
4.3572924959e+00,5.7139868268e+00,3.5336648051e-01,9.6886994793e-02,2.5647948572e-01,7.5615977782e+00
4.3587319715e+00,5.7172778319e+00,3.5341501125e-01,9.6943694275e-02,2.5647131698e-01,7.5769218673e+00
4.3601714470e+00,5.7205707324e+00,3.5346371080e-01,9.7000476212e-02,2.5646323459e-01,7.5922808685e+00
4.3616109226e+00,5.7238655296e+00,3.5351257926e-01,9.7057340636e-02,2.5645523863e-01,7.6076748622e+00
4.3630503981e+00,5.7271622244e+00,3.5356161673e-01,9.7114287575e-02,2.5644732916e-01,7.6231039290e+00
4.3644898737e+00,5.7304608180e+00,3.5361082331e-01,9.7171317062e-02,2.5643950625e-01,7.6385681499e+00
4.3659293492e+00,5.7337613114e+00,3.5366019910e-01,9.7228429127e-02,2.5643176997e-01,7.6540676057e+00
4.3673688248e+00,5.7370637057e+00,3.5370974420e-01,9.7285623802e-02,2.5642412040e-01,7.6696023779e+00
4.3688083003e+00,5.7403680021e+00,3.5375945871e-01,9.7342901117e-02,2.5641655759e-01,7.6851725478e+00
4.3702477759e+00,5.7436742016e+00,3.5380934273e-01,9.7400261103e-02,2.5640908163e-01,7.7007781970e+00
4.3716872515e+00,5.7469823053e+00,3.5385939636e-01,9.7457703793e-02,2.5640169257e-01,7.7164194073e+00
4.3731267270e+00,5.7502923144e+00,3.5390961970e-01,9.7515229216e-02,2.5639439048e-01,7.7320962607e+00
4.3745662026e+00,5.7536042299e+00,3.5396001285e-01,9.7572837405e-02,2.5638717544e-01,7.7478088393e+00
4.3760056781e+00,5.7569180529e+00,3.5401057591e-01,9.7630528391e-02,2.5638004752e-01,7.7635572256e+00
4.3774451537e+00,5.7602337845e+00,3.5406130898e-01,9.7688302205e-02,2.5637300678e-01,7.7793415021e+00
4.3788846292e+00,5.7635514258e+00,3.5411221217e-01,9.7746158880e-02,2.5636605329e-01,7.7951617516e+00
4.3803241048e+00,5.7668709779e+00,3.5416328557e-01,9.7804098447e-02,2.5635918712e-01,7.8110180569e+00
4.3817635803e+00,5.7701924420e+00,3.5421452929e-01,9.7862120937e-02,2.5635240835e-01,7.8269105012e+00
4.3832030559e+00,5.7735158191e+00,3.5426594342e-01,9.7920226383e-02,2.5634571703e-01,7.8428391679e+00
4.3846425314e+00,5.7768411102e+00,3.5431752806e-01,9.7978414817e-02,2.5633911325e-01,7.8588041404e+00
4.3860820070e+00,5.7801683167e+00,3.5436928333e-01,9.8036686271e-02,2.5633259706e-01,7.8748055025e+00
4.3875214825e+00,5.7834974394e+00,3.5442120931e-01,9.8095040777e-02,2.5632616853e-01,7.8908433381e+00
4.3889609581e+00,5.7868284796e+00,3.5447330611e-01,9.8153478367e-02,2.5631982775e-01,7.9069177312e+00
4.3904004336e+00,5.7901614383e+00,3.5452557384e-01,9.8211999073e-02,2.5631357476e-01,7.9230287662e+00
4.3918399092e+00,5.7934963166e+00,3.5457801259e-01,9.8270602928e-02,2.5630740966e-01,7.9391765275e+00
4.3932793847e+00,5.7968331157e+00,3.5463062246e-01,9.8329289965e-02,2.5630133249e-01,7.9553610998e+00
4.3947188603e+00,5.8001718366e+00,3.5468340356e-01,9.8388060215e-02,2.5629534334e-01,7.9715825681e+00
4.3961583358e+00,5.8035124805e+00,3.5473635598e-01,9.8446913713e-02,2.5628944227e-01,7.9878410173e+00
4.3975978114e+00,5.8068550484e+00,3.5478947984e-01,9.8505850489e-02,2.5628362935e-01,8.0041365328e+00
4.3990372869e+00,5.8101995416e+00,3.5484277523e-01,9.8564870578e-02,2.5627790465e-01,8.0204692000e+00
4.4004767625e+00,5.8135459610e+00,3.5489624225e-01,9.8623974012e-02,2.5627226824e-01,8.0368391047e+00
4.4019162380e+00,5.8168943078e+00,3.5494988101e-01,9.8683160824e-02,2.5626672018e-01,8.0532463325e+00
4.4033557136e+00,5.8202445830e+00,3.5500369160e-01,9.8742431047e-02,2.5626126056e-01,8.0696909697e+00
4.4047951891e+00,5.8235967879e+00,3.5505767414e-01,9.8801784714e-02,2.5625588943e-01,8.0861731025e+00
4.4062346647e+00,5.8269509236e+00,3.5511182872e-01,9.8861221859e-02,2.5625060686e-01,8.1026928173e+00
4.4076741403e+00,5.8303069910e+00,3.5516615544e-01,9.8920742515e-02,2.5624541293e-01,8.1192502008e+00
4.4091136158e+00,5.8336649914e+00,3.5522065442e-01,9.8980346715e-02,2.5624030770e-01,8.1358453399e+00
4.4105530914e+00,5.8370249259e+00,3.5527532574e-01,9.9040034492e-02,2.5623529125e-01,8.1524783217e+00
4.4119925669e+00,5.8403867956e+00,3.5533016952e-01,9.9099805881e-02,2.5623036364e-01,8.1691492334e+00
4.4134320425e+00,5.8437506015e+00,3.5538518585e-01,9.9159660915e-02,2.5622552494e-01,8.1858581624e+00
4.4148715180e+00,5.8471163448e+00,3.5544037484e-01,9.9219599628e-02,2.5622077522e-01,8.2026051965e+00
4.4163109936e+00,5.8504840267e+00,3.5549573660e-01,9.9279622053e-02,2.5621611455e-01,8.2193904235e+00
4.4177504691e+00,5.8538536482e+00,3.5555127122e-01,9.9339728224e-02,2.5621154300e-01,8.2362139315e+00
4.4191899447e+00,5.8572252104e+00,3.5560697881e-01,9.9399918176e-02,2.5620706063e-01,8.2530758087e+00
4.4206294202e+00,5.8605987145e+00,3.5566285947e-01,9.9460191942e-02,2.5620266753e-01,8.2699761438e+00
4.4220688958e+00,5.8639741617e+00,3.5571891331e-01,9.9520549556e-02,2.5619836375e-01,8.2869150253e+00
4.4235083713e+00,5.8673515529e+00,3.5577514042e-01,9.9580991054e-02,2.5619414937e-01,8.3038925421e+00
4.4249478469e+00,5.8707308893e+00,3.5583154092e-01,9.9641516468e-02,2.5619002445e-01,8.3209087834e+00
4.4263873224e+00,5.8741121721e+00,3.5588811490e-01,9.9702125834e-02,2.5618598907e-01,8.3379638385e+00
4.4278267980e+00,5.8774954024e+00,3.5594486247e-01,9.9762819186e-02,2.5618204329e-01,8.3550577968e+00
4.4292662735e+00,5.8808805812e+00,3.5600178374e-01,9.9823596558e-02,2.5617818718e-01,8.3721907481e+00
4.4307057491e+00,5.8842677098e+00,3.5605887881e-01,9.9884457986e-02,2.5617442082e-01,8.3893627823e+00
4.4321452246e+00,5.8876567892e+00,3.5611614777e-01,9.9945403503e-02,2.5617074427e-01,8.4065739896e+00
4.4335847002e+00,5.8910478206e+00,3.5617359074e-01,1.0000643314e-01,2.5616715760e-01,8.4238244603e+00
4.4350241757e+00,5.8944408051e+00,3.5623120783e-01,1.0006754695e-01,2.5616366088e-01,8.4411142850e+00
4.4364636513e+00,5.8978357437e+00,3.5628899912e-01,1.0012874494e-01,2.5616025418e-01,8.4584435543e+00
4.4379031268e+00,5.9012326377e+00,3.5634696474e-01,1.0019002717e-01,2.5615693757e-01,8.4758123594e+00
4.4393426024e+00,5.9046314882e+00,3.5640510478e-01,1.0025139366e-01,2.5615371112e-01,8.4932207914e+00
4.4407820779e+00,5.9080322962e+00,3.5646341934e-01,1.0031284445e-01,2.5615057489e-01,8.5106689416e+00
4.4422215535e+00,5.9114350630e+00,3.5652190854e-01,1.0037437957e-01,2.5614752897e-01,8.5281569017e+00
4.4436610291e+00,5.9148397896e+00,3.5658057248e-01,1.0043599907e-01,2.5614457341e-01,8.5456847635e+00
4.4451005046e+00,5.9182464772e+00,3.5663941126e-01,1.0049770297e-01,2.5614170829e-01,8.5632526190e+00
4.4465399802e+00,5.9216551269e+00,3.5669842498e-01,1.0055949131e-01,2.5613893367e-01,8.5808605605e+00
4.4479794557e+00,5.9250657398e+00,3.5675761376e-01,1.0062136413e-01,2.5613624963e-01,8.5985086805e+00
4.4494189313e+00,5.9284783171e+00,3.5681697770e-01,1.0068332147e-01,2.5613365623e-01,8.6161970715e+00
4.4508584068e+00,5.9318928598e+00,3.5687651689e-01,1.0074536335e-01,2.5613115355e-01,8.6339258266e+00
4.4522978824e+00,5.9353093693e+00,3.5693623146e-01,1.0080748981e-01,2.5612874165e-01,8.6516950387e+00
4.4537373579e+00,5.9387278464e+00,3.5699612150e-01,1.0086970090e-01,2.5612642060e-01,8.6695048012e+00
4.4551768335e+00,5.9421482925e+00,3.5705618712e-01,1.0093199665e-01,2.5612419048e-01,8.6873552077e+00
4.4566163090e+00,5.9455707085e+00,3.5711642842e-01,1.0099437708e-01,2.5612205134e-01,8.7052463519e+00
4.4580557846e+00,5.9489950958e+00,3.5717684552e-01,1.0105684225e-01,2.5612000327e-01,8.7231783277e+00
4.4594952601e+00,5.9524214553e+00,3.5723743851e-01,1.0111939218e-01,2.5611804633e-01,8.7411512294e+00
4.4609347357e+00,5.9558497883e+00,3.5729820750e-01,1.0118202691e-01,2.5611618059e-01,8.7591651513e+00
4.4623742112e+00,5.9592800958e+00,3.5735915260e-01,1.0124474648e-01,2.5611440613e-01,8.7772201881e+00
4.4638136868e+00,5.9627123791e+00,3.5742027392e-01,1.0130755092e-01,2.5611272300e-01,8.7953164346e+00
4.4652531623e+00,5.9661466392e+00,3.5748157155e-01,1.0137044028e-01,2.5611113128e-01,8.8134539858e+00
4.4666926379e+00,5.9695828772e+00,3.5754304562e-01,1.0143341458e-01,2.5610963104e-01,8.8316329371e+00
4.4681321134e+00,5.9730210944e+00,3.5760469621e-01,1.0149647387e-01,2.5610822235e-01,8.8498533839e+00
4.4695715890e+00,5.9764612919e+00,3.5766652345e-01,1.0155961817e-01,2.5610690527e-01,8.8681154220e+00
4.4710110645e+00,5.9799034707e+00,3.5772852743e-01,1.0162284754e-01,2.5610567989e-01,8.8864191472e+00
4.4724505401e+00,5.9833476321e+00,3.5779070826e-01,1.0168616200e-01,2.5610454626e-01,8.9047646559e+00
4.4738900156e+00,5.9867937772e+00,3.5785306606e-01,1.0174956160e-01,2.5610350446e-01,8.9231520442e+00
4.4753294912e+00,5.9902419071e+00,3.5791560092e-01,1.0181304636e-01,2.5610255455e-01,8.9415814089e+00
4.4767689667e+00,5.9936920230e+00,3.5797831295e-01,1.0187661633e-01,2.5610169662e-01,8.9600528468e+00
4.4782084423e+00,5.9971441260e+00,3.5804120226e-01,1.0194027155e-01,2.5610093072e-01,8.9785664550e+00
4.4796479179e+00,6.0005982173e+00,3.5810426897e-01,1.0200401205e-01,2.5610025692e-01,8.9971223306e+00
4.4810873934e+00,6.0040542980e+00,3.5816751316e-01,1.0206783786e-01,2.5609967530e-01,9.0157205713e+00
4.4825268690e+00,6.0075123692e+00,3.5823093496e-01,1.0213174904e-01,2.5609918593e-01,9.0343612748e+00
4.4839663445e+00,6.0109724321e+00,3.5829453447e-01,1.0219574560e-01,2.5609878887e-01,9.0530445389e+00
4.4854058201e+00,6.0144344879e+00,3.5835831180e-01,1.0225982760e-01,2.5609848420e-01,9.0717704620e+00
4.4868452956e+00,6.0178985376e+00,3.5842226705e-01,1.0232399507e-01,2.5609827198e-01,9.0905391423e+00
4.4882847712e+00,6.0213645825e+00,3.5848640033e-01,1.0238824805e-01,2.5609815228e-01,9.1093506787e+00
4.4897242467e+00,6.0248326237e+00,3.5855071176e-01,1.0245258657e-01,2.5609812518e-01,9.1282051698e+00
4.4911637223e+00,6.0283026623e+00,3.5861520143e-01,1.0251701068e-01,2.5609819075e-01,9.1471027148e+00
4.4926031978e+00,6.0317746995e+00,3.5867986946e-01,1.0258152041e-01,2.5609834905e-01,9.1660434131e+00
4.4940426734e+00,6.0352487364e+00,3.5874471595e-01,1.0264611580e-01,2.5609860015e-01,9.1850273642e+00
4.4954821489e+00,6.0387247743e+00,3.5880974102e-01,1.0271079689e-01,2.5609894412e-01,9.2040546679e+00
4.4969216245e+00,6.0422028142e+00,3.5887494476e-01,1.0277556372e-01,2.5609938105e-01,9.2231254241e+00
4.4983611000e+00,6.0456828573e+00,3.5894032730e-01,1.0284041632e-01,2.5609991098e-01,9.2422397332e+00
4.4998005756e+00,6.0491649047e+00,3.5900588873e-01,1.0290535473e-01,2.5610053400e-01,9.2613976956e+00
4.5012400511e+00,6.0526489576e+00,3.5907162917e-01,1.0297037900e-01,2.5610125017e-01,9.2805994121e+00
4.5026795267e+00,6.0561350172e+00,3.5913754873e-01,1.0303548916e-01,2.5610205956e-01,9.2998449835e+00
4.5041190022e+00,6.0596230847e+00,3.5920364751e-01,1.0310068526e-01,2.5610296225e-01,9.3191345111e+00
4.5055584778e+00,6.0631131610e+00,3.5926992562e-01,1.0316596732e-01,2.5610395830e-01,9.3384680963e+00
4.5069979533e+00,6.0666052476e+00,3.5933638317e-01,1.0323133539e-01,2.5610504779e-01,9.3578458407e+00
4.5084374289e+00,6.0700993454e+00,3.5940302028e-01,1.0329678950e-01,2.5610623078e-01,9.3772678462e+00
4.5098769044e+00,6.0735954556e+00,3.5946983704e-01,1.0336232971e-01,2.5610750734e-01,9.3967342149e+00
4.5113163800e+00,6.0770935795e+00,3.5953683358e-01,1.0342795603e-01,2.5610887754e-01,9.4162450492e+00
4.5127558555e+00,6.0805937181e+00,3.5960400999e-01,1.0349366853e-01,2.5611034146e-01,9.4358004516e+00
4.5141953311e+00,6.0840958727e+00,3.5967136639e-01,1.0355946723e-01,2.5611189916e-01,9.4554005251e+00
4.5156348067e+00,6.0876000443e+00,3.5973890289e-01,1.0362535217e-01,2.5611355072e-01,9.4750453726e+00
4.5170742822e+00,6.0911062342e+00,3.5980661960e-01,1.0369132340e-01,2.5611529620e-01,9.4947350974e+00
4.5185137578e+00,6.0946144435e+00,3.5987451662e-01,1.0375738094e-01,2.5611713567e-01,9.5144698032e+00
4.5199532333e+00,6.0981246734e+00,3.5994259407e-01,1.0382352486e-01,2.5611906921e-01,9.5342495937e+00
4.5213927089e+00,6.1016369250e+00,3.6001085206e-01,1.0388975517e-01,2.5612109689e-01,9.5540745729e+00
4.5228321844e+00,6.1051511995e+00,3.6007929069e-01,1.0395607193e-01,2.5612321876e-01,9.5739448451e+00
4.5242716600e+00,6.1086674981e+00,3.6014791009e-01,1.0402247517e-01,2.5612543492e-01,9.5938605148e+00
4.5257111355e+00,6.1121858219e+00,3.6021671034e-01,1.0408896493e-01,2.5612774541e-01,9.6138216867e+00
4.5271506111e+00,6.1157061722e+00,3.6028569158e-01,1.0415554126e-01,2.5613015032e-01,9.6338284658e+00
4.5285900866e+00,6.1192285499e+00,3.6035485391e-01,1.0422220419e-01,2.5613264972e-01,9.6538809574e+00
4.5300295622e+00,6.1227529565e+00,3.6042419743e-01,1.0428895376e-01,2.5613524368e-01,9.6739792669e+00
4.5314690377e+00,6.1262793929e+00,3.6049372227e-01,1.0435579001e-01,2.5613793225e-01,9.6941235001e+00
4.5329085133e+00,6.1298078604e+00,3.6056342852e-01,1.0442271299e-01,2.5614071553e-01,9.7143137629e+00
4.5343479888e+00,6.1333383601e+00,3.6063331631e-01,1.0448972274e-01,2.5614359357e-01,9.7345501615e+00
4.5357874644e+00,6.1368708933e+00,3.6070338574e-01,1.0455681928e-01,2.5614656645e-01,9.7548328025e+00
4.5372269399e+00,6.1404054610e+00,3.6077363692e-01,1.0462400268e-01,2.5614963424e-01,9.7751617924e+00
4.5386664155e+00,6.1439420645e+00,3.6084406996e-01,1.0469127296e-01,2.5615279700e-01,9.7955372382e+00
4.5401058910e+00,6.1474807049e+00,3.6091468498e-01,1.0475863017e-01,2.5615605481e-01,9.8159592472e+00
4.5415453666e+00,6.1510213834e+00,3.6098548209e-01,1.0482607435e-01,2.5615940774e-01,9.8364279268e+00
4.5429848421e+00,6.1545641012e+00,3.6105646140e-01,1.0489360554e-01,2.5616285586e-01,9.8569433846e+00
4.5444243177e+00,6.1581088595e+00,3.6112762302e-01,1.0496122377e-01,2.5616639924e-01,9.8775057286e+00
4.5458637932e+00,6.1616556593e+00,3.6119896705e-01,1.0502892910e-01,2.5617003795e-01,9.8981150671e+00
4.5473032688e+00,6.1652045020e+00,3.6127049363e-01,1.0509672157e-01,2.5617377206e-01,9.9187715084e+00
4.5487427443e+00,6.1687553887e+00,3.6134220284e-01,1.0516460120e-01,2.5617760164e-01,9.9394751612e+00
4.5501822199e+00,6.1723083205e+00,3.6141409482e-01,1.0523256806e-01,2.5618152676e-01,9.9602261345e+00
4.5516216955e+00,6.1758632986e+00,3.6148616966e-01,1.0530062217e-01,2.5618554749e-01,9.9810245375e+00
4.5530611710e+00,6.1794203242e+00,3.6155842749e-01,1.0536876358e-01,2.5618966391e-01,1.0001870480e+01
4.5545006466e+00,6.1829793986e+00,3.6163086841e-01,1.0543699233e-01,2.5619387608e-01,1.0022764071e+01
4.5559401221e+00,6.1865405228e+00,3.6170349253e-01,1.0550530846e-01,2.5619818407e-01,1.0043705420e+01
4.5573795977e+00,6.1901036980e+00,3.6177629997e-01,1.0557371202e-01,2.5620258796e-01,1.0064694639e+01
4.5588190732e+00,6.1936689255e+00,3.6184929085e-01,1.0564220304e-01,2.5620708781e-01,1.0085731837e+01
4.5602585488e+00,6.1972362064e+00,3.6192246527e-01,1.0571078157e-01,2.5621168369e-01,1.0106817126e+01
4.5616980243e+00,6.2008055419e+00,3.6199582334e-01,1.0577944765e-01,2.5621637569e-01,1.0127950615e+01
4.5631374999e+00,6.2043769332e+00,3.6206936518e-01,1.0584820133e-01,2.5622116386e-01,1.0149132417e+01
4.5645769754e+00,6.2079503814e+00,3.6214309091e-01,1.0591704264e-01,2.5622604827e-01,1.0170362643e+01
4.5660164510e+00,6.2115258878e+00,3.6221700063e-01,1.0598597162e-01,2.5623102901e-01,1.0191641404e+01
4.5674559265e+00,6.2151034536e+00,3.6229109446e-01,1.0605498833e-01,2.5623610613e-01,1.0212968813e+01
4.5688954021e+00,6.2186830798e+00,3.6236537252e-01,1.0612409280e-01,2.5624127972e-01,1.0234344982e+01
4.5703348776e+00,6.2222647678e+00,3.6243983490e-01,1.0619328507e-01,2.5624654983e-01,1.0255770024e+01
4.5717743532e+00,6.2258485186e+00,3.6251448174e-01,1.0626256519e-01,2.5625191655e-01,1.0277244051e+01
4.5732138287e+00,6.2294343335e+00,3.6258931314e-01,1.0633193320e-01,2.5625737994e-01,1.0298767176e+01
4.5746533043e+00,6.2330222138e+00,3.6266432921e-01,1.0640138914e-01,2.5626294007e-01,1.0320339512e+01
4.5760927798e+00,6.2366121604e+00,3.6273953008e-01,1.0647093306e-01,2.5626859702e-01,1.0341961174e+01
4.5775322554e+00,6.2402041747e+00,3.6281491585e-01,1.0654056500e-01,2.5627435085e-01,1.0363632274e+01
4.5789717309e+00,6.2437982579e+00,3.6289048663e-01,1.0661028499e-01,2.5628020164e-01,1.0385352928e+01
4.5804112065e+00,6.2473944111e+00,3.6296624255e-01,1.0668009310e-01,2.5628614945e-01,1.0407123249e+01
4.5818506820e+00,6.2509926355e+00,3.6304218371e-01,1.0674998935e-01,2.5629219437e-01,1.0428943352e+01
4.5832901576e+00,6.2545929323e+00,3.6311831024e-01,1.0681997379e-01,2.5629833645e-01,1.0450813353e+01
4.5847296331e+00,6.2581953028e+00,3.6319462224e-01,1.0689004647e-01,2.5630457577e-01,1.0472733365e+01
4.5861691087e+00,6.2617997481e+00,3.6327111983e-01,1.0696020742e-01,2.5631091240e-01,1.0494703505e+01
4.5876085843e+00,6.2654062693e+00,3.6334780312e-01,1.0703045670e-01,2.5631734642e-01,1.0516723888e+01
4.5890480598e+00,6.2690148678e+00,3.6342467223e-01,1.0710079434e-01,2.5632387788e-01,1.0538794630e+01
4.5904875354e+00,6.2726255446e+00,3.6350172727e-01,1.0717122040e-01,2.5633050687e-01,1.0560915848e+01
4.5919270109e+00,6.2762383011e+00,3.6357896836e-01,1.0724173490e-01,2.5633723346e-01,1.0583087657e+01
4.5933664865e+00,6.2798531383e+00,3.6365639562e-01,1.0731233790e-01,2.5634405771e-01,1.0605310175e+01
4.5948059620e+00,6.2834700575e+00,3.6373400915e-01,1.0738302945e-01,2.5635097970e-01,1.0627583519e+01
4.5962454376e+00,6.2870890599e+00,3.6381180908e-01,1.0745380957e-01,2.5635799950e-01,1.0649907806e+01
4.5976849131e+00,6.2907101467e+00,3.6388979551e-01,1.0752467833e-01,2.5636511718e-01,1.0672283154e+01
4.5991243887e+00,6.2943333191e+00,3.6396796857e-01,1.0759563576e-01,2.5637233281e-01,1.0694709680e+01
4.6005638642e+00,6.2979585783e+00,3.6404632838e-01,1.0766668191e-01,2.5637964647e-01,1.0717187502e+01
4.6020033398e+00,6.3015859254e+00,3.6412487503e-01,1.0773781682e-01,2.5638705821e-01,1.0739716740e+01
4.6034428153e+00,6.3052153618e+00,3.6420360866e-01,1.0780904053e-01,2.5639456812e-01,1.0762297511e+01
4.6048822909e+00,6.3088468885e+00,3.6428252937e-01,1.0788035310e-01,2.5640217627e-01,1.0784929935e+01
4.6063217664e+00,6.3124805068e+00,3.6436163729e-01,1.0795175456e-01,2.5640988273e-01,1.0807614130e+01
4.6077612420e+00,6.3161162180e+00,3.6444093253e-01,1.0802324497e-01,2.5641768756e-01,1.0830350217e+01
4.6092007175e+00,6.3197540231e+00,3.6452041520e-01,1.0809482435e-01,2.5642559085e-01,1.0853138314e+01
4.6106401931e+00,6.3233939235e+00,3.6460008543e-01,1.0816649277e-01,2.5643359266e-01,1.0875978543e+01
4.6120796686e+00,6.3270359203e+00,3.6467994332e-01,1.0823825026e-01,2.5644169306e-01,1.0898871023e+01
4.6135191442e+00,6.3306800147e+00,3.6475998900e-01,1.0831009687e-01,2.5644989212e-01,1.0921815876e+01
4.6149586197e+00,6.3343262080e+00,3.6484022257e-01,1.0838203265e-01,2.5645818992e-01,1.0944813221e+01
4.6163980953e+00,6.3379745013e+00,3.6492064417e-01,1.0845405764e-01,2.5646658653e-01,1.0967863180e+01
4.6178375708e+00,6.3416248959e+00,3.6500125390e-01,1.0852617188e-01,2.5647508202e-01,1.0990965875e+01
4.6192770464e+00,6.3452773929e+00,3.6508205188e-01,1.0859837542e-01,2.5648367646e-01,1.1014121427e+01
4.6207165219e+00,6.3489319936e+00,3.6516303823e-01,1.0867066831e-01,2.5649236992e-01,1.1037329958e+01
4.6221559975e+00,6.3525886992e+00,3.6524421307e-01,1.0874305059e-01,2.5650116248e-01,1.1060591590e+01
4.6235954731e+00,6.3562475109e+00,3.6532557651e-01,1.0881552231e-01,2.5651005420e-01,1.1083906447e+01
4.6250349486e+00,6.3599084300e+00,3.6540712867e-01,1.0888808351e-01,2.5651904516e-01,1.1107274651e+01
4.6264744242e+00,6.3635714575e+00,3.6548886967e-01,1.0896073424e-01,2.5652813543e-01,1.1130696325e+01
4.6279138997e+00,6.3672365948e+00,3.6557079962e-01,1.0903347454e-01,2.5653732507e-01,1.1154171592e+01
4.6293533753e+00,6.3709038430e+00,3.6565291865e-01,1.0910630447e-01,2.5654661418e-01,1.1177700576e+01
4.6307928508e+00,6.3745732035e+00,3.6573522686e-01,1.0917922406e-01,2.5655600280e-01,1.1201283402e+01
4.6322323264e+00,6.3782446773e+00,3.6581772439e-01,1.0925223336e-01,2.5656549102e-01,1.1224920193e+01
4.6336718019e+00,6.3819182657e+00,3.6590041134e-01,1.0932533243e-01,2.5657507891e-01,1.1248611074e+01
4.6351112775e+00,6.3855939699e+00,3.6598328783e-01,1.0939852129e-01,2.5658476654e-01,1.1272356170e+01
4.6365507530e+00,6.3892717912e+00,3.6606635399e-01,1.0947180001e-01,2.5659455398e-01,1.1296155606e+01
4.6379902286e+00,6.3929517308e+00,3.6614960993e-01,1.0954516863e-01,2.5660444131e-01,1.1320009508e+01
4.6394297041e+00,6.3966337898e+00,3.6623305577e-01,1.0961862719e-01,2.5661442858e-01,1.1343918000e+01
4.6408691797e+00,6.4003179695e+00,3.6631669163e-01,1.0969217574e-01,2.5662451589e-01,1.1367881210e+01
4.6423086552e+00,6.4040042712e+00,3.6640051762e-01,1.0976581433e-01,2.5663470330e-01,1.1391899264e+01
4.6437481308e+00,6.4076926960e+00,3.6648453387e-01,1.0983954300e-01,2.5664499087e-01,1.1415972287e+01
4.6451876063e+00,6.4113832452e+00,3.6656874050e-01,1.0991336180e-01,2.5665537869e-01,1.1440100408e+01
4.6466270819e+00,6.4150759200e+00,3.6665313761e-01,1.0998727079e-01,2.5666586683e-01,1.1464283753e+01
4.6480665574e+00,6.4187707216e+00,3.6673772534e-01,1.1006126999e-01,2.5667645535e-01,1.1488522449e+01
4.6495060330e+00,6.4224676512e+00,3.6682250380e-01,1.1013535947e-01,2.5668714433e-01,1.1512816625e+01
4.6509455085e+00,6.4261667101e+00,3.6690747311e-01,1.1020953927e-01,2.5669793384e-01,1.1537166409e+01
4.6523849841e+00,6.4298678995e+00,3.6699263339e-01,1.1028380943e-01,2.5670882396e-01,1.1561571928e+01
4.6538244596e+00,6.4335712206e+00,3.6707798476e-01,1.1035817001e-01,2.5671981475e-01,1.1586033312e+01
4.6552639352e+00,6.4372766747e+00,3.6716352734e-01,1.1043262105e-01,2.5673090629e-01,1.1610550689e+01
4.6567034108e+00,6.4409842630e+00,3.6724926125e-01,1.1050716259e-01,2.5674209865e-01,1.1635124189e+01
4.6581428863e+00,6.4446939866e+00,3.6733518660e-01,1.1058179470e-01,2.5675339191e-01,1.1659753942e+01
4.6595823619e+00,6.4484058469e+00,3.6742130353e-01,1.1065651740e-01,2.5676478613e-01,1.1684440077e+01
4.6610218374e+00,6.4521198451e+00,3.6750761214e-01,1.1073133076e-01,2.5677628138e-01,1.1709182724e+01
4.6624613130e+00,6.4558359823e+00,3.6759411256e-01,1.1080623482e-01,2.5678787774e-01,1.1733982013e+01
4.6639007885e+00,6.4595542599e+00,3.6768080491e-01,1.1088122962e-01,2.5679957529e-01,1.1758838077e+01
4.6653402641e+00,6.4632746791e+00,3.6776768931e-01,1.1095631522e-01,2.5681137409e-01,1.1783751045e+01
4.6667797396e+00,6.4669972411e+00,3.6785476588e-01,1.1103149166e-01,2.5682327422e-01,1.1808721048e+01
4.6682192152e+00,6.4707219470e+00,3.6794203474e-01,1.1110675900e-01,2.5683527574e-01,1.1833748220e+01
4.6696586907e+00,6.4744487983e+00,3.6802949601e-01,1.1118211727e-01,2.5684737874e-01,1.1858832691e+01
4.6710981663e+00,6.4781777961e+00,3.6811714981e-01,1.1125756653e-01,2.5685958328e-01,1.1883974594e+01
4.6725376418e+00,6.4819089416e+00,3.6820499626e-01,1.1133310683e-01,2.5687188944e-01,1.1909174062e+01
4.6739771174e+00,6.4856422360e+00,3.6829303549e-01,1.1140873821e-01,2.5688429728e-01,1.1934431227e+01
4.6754165929e+00,6.4893776807e+00,3.6838126761e-01,1.1148446072e-01,2.5689680689e-01,1.1959746222e+01
4.6768560685e+00,6.4931152769e+00,3.6846969275e-01,1.1156027442e-01,2.5690941833e-01,1.1985119182e+01
4.6782955440e+00,6.4968550257e+00,3.6855831103e-01,1.1163617935e-01,2.5692213168e-01,1.2010550240e+01
4.6797350196e+00,6.5005969285e+00,3.6864712256e-01,1.1171217555e-01,2.5693494701e-01,1.2036039529e+01
4.6811744951e+00,6.5043409864e+00,3.6873612747e-01,1.1178826309e-01,2.5694786439e-01,1.2061587185e+01
4.6826139707e+00,6.5080872007e+00,3.6882532589e-01,1.1186444200e-01,2.5696088389e-01,1.2087193342e+01
4.6840534462e+00,6.5118355727e+00,3.6891471793e-01,1.1194071233e-01,2.5697400559e-01,1.2112858136e+01
4.6854929218e+00,6.5155861036e+00,3.6900430371e-01,1.1201707415e-01,2.5698722956e-01,1.2138581701e+01
4.6869323973e+00,6.5193387947e+00,3.6909408336e-01,1.1209352748e-01,2.5700055588e-01,1.2164364173e+01
4.6883718729e+00,6.5230936471e+00,3.6918405700e-01,1.1217007239e-01,2.5701398461e-01,1.2190205689e+01
4.6898113484e+00,6.5268506622e+00,3.6927422476e-01,1.1224670892e-01,2.5702751583e-01,1.2216106384e+01
4.6912508240e+00,6.5306098411e+00,3.6936458674e-01,1.1232343713e-01,2.5704114962e-01,1.2242066396e+01
4.6926902996e+00,6.5343711851e+00,3.6945514309e-01,1.1240025706e-01,2.5705488603e-01,1.2268085861e+01
4.6941297751e+00,6.5381346956e+00,3.6954589391e-01,1.1247716875e-01,2.5706872516e-01,1.2294164916e+01
4.6955692507e+00,6.5419003736e+00,3.6963683934e-01,1.1255417227e-01,2.5708266706e-01,1.2320303700e+01
4.6970087262e+00,6.5456682205e+00,3.6972797949e-01,1.1263126767e-01,2.5709671182e-01,1.2346502349e+01
4.6984482018e+00,6.5494382375e+00,3.6981931448e-01,1.1270845498e-01,2.5711085951e-01,1.2372761002e+01
4.6998876773e+00,6.5532104259e+00,3.6991084445e-01,1.1278573426e-01,2.5712511019e-01,1.2399079798e+01
4.7013271529e+00,6.5569847869e+00,3.7000256951e-01,1.1286310556e-01,2.5713946395e-01,1.2425458876e+01
4.7027666284e+00,6.5607613217e+00,3.7009448979e-01,1.1294056894e-01,2.5715392085e-01,1.2451898374e+01
4.7042061040e+00,6.5645400317e+00,3.7018660541e-01,1.1301812443e-01,2.5716848098e-01,1.2478398433e+01
4.7056455795e+00,6.5683209181e+00,3.7027891649e-01,1.1309577210e-01,2.5718314439e-01,1.2504959192e+01
4.7070850551e+00,6.5721039820e+00,3.7037142315e-01,1.1317351198e-01,2.5719791117e-01,1.2531580790e+01
4.7085245306e+00,6.5758892249e+00,3.7046412553e-01,1.1325134414e-01,2.5721278139e-01,1.2558263370e+01
4.7099640062e+00,6.5796766479e+00,3.7055702375e-01,1.1332926863e-01,2.5722775512e-01,1.2585007071e+01
4.7114034817e+00,6.5834662523e+00,3.7065011792e-01,1.1340728548e-01,2.5724283244e-01,1.2611812034e+01
4.7128429573e+00,6.5872580393e+00,3.7074340817e-01,1.1348539476e-01,2.5725801341e-01,1.2638678401e+01
4.7142824328e+00,6.5910520102e+00,3.7083689464e-01,1.1356359651e-01,2.5727329812e-01,1.2665606315e+01
4.7157219084e+00,6.5948481663e+00,3.7093057743e-01,1.1364189079e-01,2.5728868664e-01,1.2692595916e+01
4.7171613839e+00,6.5986465088e+00,3.7102445667e-01,1.1372027765e-01,2.5730417903e-01,1.2719647347e+01
4.7186008595e+00,6.6024470390e+00,3.7111853250e-01,1.1379875713e-01,2.5731977537e-01,1.2746760751e+01
4.7200403350e+00,6.6062497581e+00,3.7121280503e-01,1.1387732929e-01,2.5733547574e-01,1.2773936272e+01
4.7214798106e+00,6.6100546674e+00,3.7130727439e-01,1.1395599418e-01,2.5735128021e-01,1.2801174052e+01
4.7229192861e+00,6.6138617682e+00,3.7140194070e-01,1.1403475185e-01,2.5736718885e-01,1.2828474235e+01
4.7243587617e+00,6.6176710617e+00,3.7149680410e-01,1.1411360235e-01,2.5738320174e-01,1.2855836966e+01
4.7257982372e+00,6.6214825492e+00,3.7159186469e-01,1.1419254574e-01,2.5739931895e-01,1.2883262388e+01
4.7272377128e+00,6.6252962319e+00,3.7168712262e-01,1.1427158206e-01,2.5741554055e-01,1.2910750647e+01
4.7286771884e+00,6.6291121111e+00,3.7178257799e-01,1.1435071137e-01,2.5743186663e-01,1.2938301888e+01
4.7301166639e+00,6.6329301882e+00,3.7187823095e-01,1.1442993371e-01,2.5744829724e-01,1.2965916256e+01
4.7315561395e+00,6.6367504642e+00,3.7197408161e-01,1.1450924915e-01,2.5746483246e-01,1.2993593896e+01
4.7329956150e+00,6.6405729406e+00,3.7207013011e-01,1.1458865773e-01,2.5748147238e-01,1.3021334956e+01
4.7344350906e+00,6.6443976186e+00,3.7216637656e-01,1.1466815950e-01,2.5749821706e-01,1.3049139581e+01
4.7358745661e+00,6.6482244994e+00,3.7226282109e-01,1.1474775452e-01,2.5751506657e-01,1.3077007918e+01
4.7373140417e+00,6.6520535843e+00,3.7235946383e-01,1.1482744283e-01,2.5753202099e-01,1.3104940114e+01
4.7387535172e+00,6.6558848746e+00,3.7245630490e-01,1.1490722449e-01,2.5754908040e-01,1.3132936317e+01
4.7401929928e+00,6.6597183716e+00,3.7255334443e-01,1.1498709956e-01,2.5756624487e-01,1.3160996674e+01
4.7416324683e+00,6.6635540765e+00,3.7265058255e-01,1.1506706808e-01,2.5758351447e-01,1.3189121334e+01
4.7430719439e+00,6.6673919905e+00,3.7274801938e-01,1.1514713011e-01,2.5760088927e-01,1.3217310445e+01
4.7445114194e+00,6.6712321151e+00,3.7284565505e-01,1.1522728570e-01,2.5761836936e-01,1.3245564155e+01
4.7459508950e+00,6.6750744514e+00,3.7294348969e-01,1.1530753489e-01,2.5763595480e-01,1.3273882615e+01
4.7473903705e+00,6.6789190007e+00,3.7304152342e-01,1.1538787776e-01,2.5765364567e-01,1.3302265973e+01
4.7488298461e+00,6.6827657643e+00,3.7313975637e-01,1.1546831434e-01,2.5767144204e-01,1.3330714380e+01
4.7502693216e+00,6.6866147435e+00,3.7323818867e-01,1.1554884469e-01,2.5768934398e-01,1.3359227986e+01
4.7517087972e+00,6.6904659395e+00,3.7333682044e-01,1.1562946886e-01,2.5770735158e-01,1.3387806940e+01
4.7531482727e+00,6.6943193536e+00,3.7343565181e-01,1.1571018691e-01,2.5772546490e-01,1.3416451395e+01
4.7545877483e+00,6.6981749872e+00,3.7353468291e-01,1.1579099888e-01,2.5774368402e-01,1.3445161500e+01
4.7560272238e+00,6.7020328414e+00,3.7363391386e-01,1.1587190484e-01,2.5776200902e-01,1.3473937409e+01
4.7574666994e+00,6.7058929175e+00,3.7373334480e-01,1.1595290484e-01,2.5778043996e-01,1.3502779273e+01
4.7589061749e+00,6.7097552169e+00,3.7383297585e-01,1.1603399892e-01,2.5779897693e-01,1.3531687243e+01
4.7603456505e+00,6.7136197408e+00,3.7393280714e-01,1.1611518715e-01,2.5781761999e-01,1.3560661474e+01
4.7617851260e+00,6.7174864905e+00,3.7403283879e-01,1.1619646957e-01,2.5783636923e-01,1.3589702117e+01
4.7632246016e+00,6.7213554673e+00,3.7413307094e-01,1.1627784623e-01,2.5785522471e-01,1.3618809326e+01
4.7646640772e+00,6.7252266724e+00,3.7423350371e-01,1.1635931721e-01,2.5787418651e-01,1.3647983255e+01
4.7661035527e+00,6.7291001072e+00,3.7433413723e-01,1.1644088253e-01,2.5789325470e-01,1.3677224058e+01
4.7675430283e+00,6.7329757730e+00,3.7443497163e-01,1.1652254227e-01,2.5791242936e-01,1.3706531889e+01
4.7689825038e+00,6.7368536709e+00,3.7453600704e-01,1.1660429647e-01,2.5793171057e-01,1.3735906904e+01
4.7704219794e+00,6.7407338023e+00,3.7463724359e-01,1.1668614519e-01,2.5795109840e-01,1.3765349256e+01
4.7718614549e+00,6.7446161685e+00,3.7473868140e-01,1.1676808848e-01,2.5797059292e-01,1.3794859102e+01
4.7733009305e+00,6.7485007708e+00,3.7484032060e-01,1.1685012640e-01,2.5799019421e-01,1.3824436598e+01
4.7747404060e+00,6.7523876104e+00,3.7494216133e-01,1.1693225900e-01,2.5800990234e-01,1.3854081900e+01
4.7761798816e+00,6.7562766887e+00,3.7504420371e-01,1.1701448633e-01,2.5802971738e-01,1.3883795164e+01
4.7776193571e+00,6.7601680070e+00,3.7514644787e-01,1.1709680845e-01,2.5804963942e-01,1.3913576547e+01
4.7790588327e+00,6.7640615664e+00,3.7524889395e-01,1.1717922541e-01,2.5806966853e-01,1.3943426207e+01
4.7804983082e+00,6.7679573684e+00,3.7535154206e-01,1.1726173727e-01,2.5808980478e-01,1.3973344301e+01
4.7819377838e+00,6.7718554142e+00,3.7545439234e-01,1.1734434409e-01,2.5811004825e-01,1.4003330987e+01
4.7833772593e+00,6.7757557051e+00,3.7555744492e-01,1.1742704591e-01,2.5813039901e-01,1.4033386424e+01
4.7848167349e+00,6.7796582424e+00,3.7566069993e-01,1.1750984279e-01,2.5815085713e-01,1.4063510771e+01
4.7862562104e+00,6.7835630273e+00,3.7576415750e-01,1.1759273479e-01,2.5817142270e-01,1.4093704186e+01
4.7876956860e+00,6.7874700613e+00,3.7586781775e-01,1.1767572197e-01,2.5819209579e-01,1.4123966829e+01
4.7891351615e+00,6.7913793455e+00,3.7597168083e-01,1.1775880436e-01,2.5821287646e-01,1.4154298860e+01
4.7905746371e+00,6.7952908814e+00,3.7607574685e-01,1.1784198205e-01,2.5823376481e-01,1.4184700440e+01
4.7920141126e+00,6.7992046701e+00,3.7618001596e-01,1.1792525506e-01,2.5825476090e-01,1.4215171727e+01
4.7934535882e+00,6.8031207129e+00,3.7628448827e-01,1.1800862347e-01,2.5827586480e-01,1.4245712885e+01
4.7948930637e+00,6.8070390112e+00,3.7638916393e-01,1.1809208733e-01,2.5829707660e-01,1.4276324074e+01
4.7963325393e+00,6.8109595663e+00,3.7649404306e-01,1.1817564669e-01,2.5831839636e-01,1.4307005456e+01
4.7977720148e+00,6.8148823795e+00,3.7659912579e-01,1.1825930161e-01,2.5833982417e-01,1.4337757192e+01
4.7992114904e+00,6.8188074520e+00,3.7670441225e-01,1.1834305215e-01,2.5836136010e-01,1.4368579446e+01
4.8006509660e+00,6.8227347852e+00,3.7680990258e-01,1.1842689835e-01,2.5838300423e-01,1.4399472380e+01
4.8020904415e+00,6.8266643804e+00,3.7691559690e-01,1.1851084028e-01,2.5840475662e-01,1.4430436158e+01
4.8035299171e+00,6.8305962388e+00,3.7702149535e-01,1.1859487799e-01,2.5842661736e-01,1.4461470942e+01
4.8049693926e+00,6.8345303619e+00,3.7712759806e-01,1.1867901154e-01,2.5844858652e-01,1.4492576898e+01
4.8064088682e+00,6.8384667508e+00,3.7723390516e-01,1.1876324099e-01,2.5847066417e-01,1.4523754189e+01
4.8078483437e+00,6.8424054069e+00,3.7734041678e-01,1.1884756638e-01,2.5849285040e-01,1.4555002980e+01
4.8092878193e+00,6.8463463315e+00,3.7744713305e-01,1.1893198778e-01,2.5851514528e-01,1.4586323436e+01
4.8107272948e+00,6.8502895258e+00,3.7755405411e-01,1.1901650524e-01,2.5853754887e-01,1.4617715723e+01
4.8121667704e+00,6.8542349913e+00,3.7766118009e-01,1.1910111882e-01,2.5856006127e-01,1.4649180007e+01
4.8136062459e+00,6.8581827292e+00,3.7776851112e-01,1.1918582857e-01,2.5858268254e-01,1.4680716453e+01
4.8150457215e+00,6.8621327409e+00,3.7787604733e-01,1.1927063456e-01,2.5860541277e-01,1.4712325229e+01
4.8164851970e+00,6.8660850275e+00,3.7798378885e-01,1.1935553684e-01,2.5862825201e-01,1.4744006502e+01
4.8179246726e+00,6.8700395905e+00,3.7809173582e-01,1.1944053546e-01,2.5865120036e-01,1.4775760438e+01
4.8193641481e+00,6.8739964312e+00,3.7819988837e-01,1.1952563048e-01,2.5867425789e-01,1.4807587206e+01
4.8208036237e+00,6.8779555508e+00,3.7830824663e-01,1.1961082196e-01,2.5869742468e-01,1.4839486975e+01
4.8222430992e+00,6.8819169507e+00,3.7841681074e-01,1.1969610995e-01,2.5872070079e-01,1.4871459911e+01
4.8236825748e+00,6.8858806322e+00,3.7852558082e-01,1.1978149452e-01,2.5874408631e-01,1.4903506186e+01
4.8251220503e+00,6.8898465966e+00,3.7863455702e-01,1.1986697572e-01,2.5876758131e-01,1.4935625967e+01
4.8265615259e+00,6.8938148452e+00,3.7874373946e-01,1.1995255360e-01,2.5879118586e-01,1.4967819425e+01
4.8280010014e+00,6.8977853794e+00,3.7885312828e-01,1.2003822823e-01,2.5881490006e-01,1.5000086730e+01
4.8294404770e+00,6.9017582004e+00,3.7896272362e-01,1.2012399966e-01,2.5883872396e-01,1.5032428052e+01
4.8308799525e+00,6.9057333096e+00,3.7907252559e-01,1.2020986795e-01,2.5886265765e-01,1.5064843562e+01
4.8323194281e+00,6.9097107083e+00,3.7918253435e-01,1.2029583315e-01,2.5888670120e-01,1.5097333432e+01
4.8337589036e+00,6.9136903977e+00,3.7929275002e-01,1.2038189533e-01,2.5891085469e-01,1.5129897834e+01
4.8351983792e+00,6.9176723793e+00,3.7940317273e-01,1.2046805454e-01,2.5893511820e-01,1.5162536938e+01
4.8366378548e+00,6.9216566544e+00,3.7951380263e-01,1.2055431084e-01,2.5895949179e-01,1.5195250919e+01
4.8380773303e+00,6.9256432242e+00,3.7962463984e-01,1.2064066429e-01,2.5898397556e-01,1.5228039949e+01
4.8395168059e+00,6.9296320901e+00,3.7973568451e-01,1.2072711494e-01,2.5900856957e-01,1.5260904201e+01
4.8409562814e+00,6.9336232534e+00,3.7984693675e-01,1.2081366285e-01,2.5903327390e-01,1.5293843849e+01
4.8423957570e+00,6.9376167155e+00,3.7995839672e-01,1.2090030809e-01,2.5905808863e-01,1.5326859067e+01
4.8438352325e+00,6.9416124776e+00,3.8007006454e-01,1.2098705071e-01,2.5908301383e-01,1.5359950030e+01
4.8452747081e+00,6.9456105411e+00,3.8018194034e-01,1.2107389076e-01,2.5910804958e-01,1.5393116912e+01
4.8467141836e+00,6.9496109073e+00,3.8029402427e-01,1.2116082831e-01,2.5913319596e-01,1.5426359889e+01
4.8481536592e+00,6.9536135775e+00,3.8040631646e-01,1.2124786342e-01,2.5915845304e-01,1.5459679137e+01
4.8495931347e+00,6.9576185531e+00,3.8051881704e-01,1.2133499614e-01,2.5918382091e-01,1.5493074832e+01
4.8510326103e+00,6.9616258354e+00,3.8063152615e-01,1.2142222653e-01,2.5920929963e-01,1.5526547149e+01
4.8524720858e+00,6.9656354257e+00,3.8074444393e-01,1.2150955465e-01,2.5923488928e-01,1.5560096268e+01
4.8539115614e+00,6.9696473254e+00,3.8085757051e-01,1.2159698056e-01,2.5926058995e-01,1.5593722363e+01
4.8553510369e+00,6.9736615357e+00,3.8097090602e-01,1.2168450431e-01,2.5928640170e-01,1.5627425615e+01
4.8567905125e+00,6.9776780580e+00,3.8108445060e-01,1.2177212598e-01,2.5931232462e-01,1.5661206200e+01
4.8582299880e+00,6.9816968937e+00,3.8119820439e-01,1.2185984561e-01,2.5933835878e-01,1.5695064297e+01
4.8596694636e+00,6.9857180441e+00,3.8131216753e-01,1.2194766327e-01,2.5936450426e-01,1.5729000085e+01
4.8611089391e+00,6.9897415104e+00,3.8142634014e-01,1.2203557901e-01,2.5939076113e-01,1.5763013744e+01
4.8625484147e+00,6.9937672941e+00,3.8154072237e-01,1.2212359289e-01,2.5941712948e-01,1.5797105454e+01
4.8639878902e+00,6.9977953965e+00,3.8165531436e-01,1.2221170498e-01,2.5944360938e-01,1.5831275394e+01
4.8654273658e+00,7.0018258189e+00,3.8177011623e-01,1.2229991533e-01,2.5947020090e-01,1.5865523746e+01
4.8668668413e+00,7.0058585626e+00,3.8188512813e-01,1.2238822400e-01,2.5949690413e-01,1.5899850691e+01
4.8683063169e+00,7.0098936290e+00,3.8200035019e-01,1.2247663106e-01,2.5952371914e-01,1.5934256410e+01
4.8697457924e+00,7.0139310195e+00,3.8211578256e-01,1.2256513655e-01,2.5955064601e-01,1.5968741084e+01
4.8711852680e+00,7.0179707353e+00,3.8223142536e-01,1.2265374055e-01,2.5957768481e-01,1.6003304897e+01
4.8726247436e+00,7.0220127778e+00,3.8234727873e-01,1.2274244310e-01,2.5960483563e-01,1.6037948031e+01
4.8740642191e+00,7.0260571483e+00,3.8246334282e-01,1.2283124428e-01,2.5963209853e-01,1.6072670670e+01
4.8755036947e+00,7.0301038482e+00,3.8257961775e-01,1.2292014414e-01,2.5965947361e-01,1.6107472996e+01
4.8769431702e+00,7.0341528788e+00,3.8269610367e-01,1.2300914274e-01,2.5968696093e-01,1.6142355195e+01
4.8783826458e+00,7.0382042415e+00,3.8281280072e-01,1.2309824014e-01,2.5971456058e-01,1.6177317450e+01
4.8798221213e+00,7.0422579376e+00,3.8292970903e-01,1.2318743641e-01,2.5974227262e-01,1.6212359947e+01
4.8812615969e+00,7.0463139685e+00,3.8304682873e-01,1.2327673159e-01,2.5977009714e-01,1.6247482870e+01
4.8827010724e+00,7.0503723354e+00,3.8316415998e-01,1.2336612576e-01,2.5979803422e-01,1.6282686405e+01
4.8841405480e+00,7.0544330398e+00,3.8328170291e-01,1.2345561897e-01,2.5982608394e-01,1.6317970740e+01
4.8855800235e+00,7.0584960830e+00,3.8339945764e-01,1.2354521128e-01,2.5985424636e-01,1.6353336059e+01
4.8870194991e+00,7.0625614663e+00,3.8351742434e-01,1.2363490276e-01,2.5988252158e-01,1.6388782551e+01
4.8884589746e+00,7.0666291911e+00,3.8363560312e-01,1.2372469346e-01,2.5991090966e-01,1.6424310403e+01
4.8898984502e+00,7.0706992587e+00,3.8375399414e-01,1.2381458345e-01,2.5993941068e-01,1.6459919803e+01
4.8913379257e+00,7.0747716705e+00,3.8387259752e-01,1.2390457279e-01,2.5996802473e-01,1.6495610938e+01
4.8927774013e+00,7.0788464279e+00,3.8399141341e-01,1.2399466153e-01,2.5999675188e-01,1.6531383999e+01
4.8942168768e+00,7.0829235321e+00,3.8411044196e-01,1.2408484974e-01,2.6002559221e-01,1.6567239173e+01
4.8956563524e+00,7.0870029845e+00,3.8422968328e-01,1.2417513749e-01,2.6005454580e-01,1.6603176652e+01
4.8970958279e+00,7.0910847865e+00,3.8434913754e-01,1.2426552482e-01,2.6008361272e-01,1.6639196624e+01
4.8985353035e+00,7.0951689395e+00,3.8446880486e-01,1.2435601181e-01,2.6011279305e-01,1.6675299280e+01
4.8999747790e+00,7.0992554448e+00,3.8458868539e-01,1.2444659851e-01,2.6014208687e-01,1.6711484812e+01
4.9014142546e+00,7.1033443037e+00,3.8470877926e-01,1.2453728499e-01,2.6017149427e-01,1.6747753410e+01
4.9028537301e+00,7.1074355176e+00,3.8482908662e-01,1.2462807131e-01,2.6020101531e-01,1.6784105268e+01
4.9042932057e+00,7.1115290879e+00,3.8494960760e-01,1.2471895752e-01,2.6023065008e-01,1.6820540576e+01
4.9057326812e+00,7.1156250159e+00,3.8507034235e-01,1.2480994370e-01,2.6026039865e-01,1.6857059527e+01
4.9071721568e+00,7.1197233029e+00,3.8519129100e-01,1.2490102990e-01,2.6029026110e-01,1.6893662316e+01
4.9086116324e+00,7.1238239504e+00,3.8531245370e-01,1.2499221618e-01,2.6032023752e-01,1.6930349135e+01
4.9100511079e+00,7.1279269597e+00,3.8543383058e-01,1.2508350261e-01,2.6035032797e-01,1.6967120179e+01
4.9114905835e+00,7.1320323321e+00,3.8555542180e-01,1.2517488925e-01,2.6038053254e-01,1.7003975641e+01
4.9129300590e+00,7.1361400691e+00,3.8567722748e-01,1.2526637617e-01,2.6041085131e-01,1.7040915718e+01
4.9143695346e+00,7.1402501719e+00,3.8579924777e-01,1.2535796341e-01,2.6044128436e-01,1.7077940604e+01
4.9158090101e+00,7.1443626420e+00,3.8592148281e-01,1.2544965105e-01,2.6047183176e-01,1.7115050496e+01
4.9172484857e+00,7.1484774807e+00,3.8604393274e-01,1.2554143916e-01,2.6050249359e-01,1.7152245590e+01
4.9186879612e+00,7.1525946893e+00,3.8616659771e-01,1.2563332778e-01,2.6053326993e-01,1.7189526082e+01
4.9201274368e+00,7.1567142693e+00,3.8628947785e-01,1.2572531698e-01,2.6056416086e-01,1.7226892170e+01
4.9215669123e+00,7.1608362219e+00,3.8641257330e-01,1.2581740683e-01,2.6059516647e-01,1.7264344051e+01
4.9230063879e+00,7.1649605487e+00,3.8653588421e-01,1.2590959740e-01,2.6062628681e-01,1.7301881924e+01
4.9244458634e+00,7.1690872508e+00,3.8665941072e-01,1.2600188873e-01,2.6065752199e-01,1.7339505988e+01
4.9258853390e+00,7.1732163298e+00,3.8678315297e-01,1.2609428090e-01,2.6068887207e-01,1.7377216441e+01
4.9273248145e+00,7.1773477869e+00,3.8690711111e-01,1.2618677397e-01,2.6072033714e-01,1.7415013482e+01
4.9287642901e+00,7.1814816236e+00,3.8703128527e-01,1.2627936800e-01,2.6075191727e-01,1.7452897313e+01
4.9302037656e+00,7.1856178412e+00,3.8715567559e-01,1.2637206305e-01,2.6078361254e-01,1.7490868133e+01
4.9316432412e+00,7.1897564410e+00,3.8728028223e-01,1.2646485919e-01,2.6081542304e-01,1.7528926143e+01
4.9330827167e+00,7.1938974245e+00,3.8740510532e-01,1.2655775649e-01,2.6084734884e-01,1.7567071545e+01
4.9345221923e+00,7.1980407930e+00,3.8753014501e-01,1.2665075499e-01,2.6087939001e-01,1.7605304541e+01
4.9359616678e+00,7.2021865480e+00,3.8765540143e-01,1.2674385478e-01,2.6091154665e-01,1.7643625332e+01
4.9374011434e+00,7.2063346907e+00,3.8778087474e-01,1.2683705591e-01,2.6094381883e-01,1.7682034122e+01
4.9388406189e+00,7.2104852225e+00,3.8790656507e-01,1.2693035845e-01,2.6097620662e-01,1.7720531114e+01
4.9402800945e+00,7.2146381449e+00,3.8803247256e-01,1.2702376245e-01,2.6100871011e-01,1.7759116512e+01
4.9417195700e+00,7.2187934592e+00,3.8815859737e-01,1.2711726799e-01,2.6104132938e-01,1.7797790520e+01
4.9431590456e+00,7.2229511667e+00,3.8828493964e-01,1.2721087513e-01,2.6107406451e-01,1.7836553342e+01
4.9445985212e+00,7.2271112689e+00,3.8841149950e-01,1.2730458393e-01,2.6110691557e-01,1.7875405183e+01
4.9460379967e+00,7.2312737671e+00,3.8853827710e-01,1.2739839445e-01,2.6113988265e-01,1.7914346250e+01
4.9474774723e+00,7.2354386628e+00,3.8866527259e-01,1.2749230677e-01,2.6117296583e-01,1.7953376749e+01
4.9489169478e+00,7.2396059573e+00,3.8879248611e-01,1.2758632093e-01,2.6120616518e-01,1.7992496885e+01
4.9503564234e+00,7.2437756519e+00,3.8891991781e-01,1.2768043702e-01,2.6123948078e-01,1.8031706867e+01
4.9517958989e+00,7.2479477481e+00,3.8904756782e-01,1.2777465510e-01,2.6127291272e-01,1.8071006901e+01
4.9532353745e+00,7.2521222472e+00,3.8917543630e-01,1.2786897522e-01,2.6130646108e-01,1.8110397195e+01
4.9546748500e+00,7.2562991507e+00,3.8930352338e-01,1.2796339745e-01,2.6134012593e-01,1.8149877959e+01
4.9561143256e+00,7.2604784599e+00,3.8943182922e-01,1.2805792186e-01,2.6137390735e-01,1.8189449400e+01
4.9575538011e+00,7.2646601761e+00,3.8956035395e-01,1.2815254852e-01,2.6140780543e-01,1.8229111729e+01
4.9589932767e+00,7.2688443009e+00,3.8968909772e-01,1.2824727748e-01,2.6144182025e-01,1.8268865156e+01
4.9604327522e+00,7.2730308355e+00,3.8981806069e-01,1.2834210881e-01,2.6147595187e-01,1.8308709890e+01
4.9618722278e+00,7.2772197814e+00,3.8994724298e-01,1.2843704258e-01,2.6151020040e-01,1.8348646143e+01
4.9633117033e+00,7.2814111400e+00,3.9007664475e-01,1.2853207886e-01,2.6154456589e-01,1.8388674126e+01
4.9647511789e+00,7.2856049125e+00,3.9020626615e-01,1.2862721770e-01,2.6157904845e-01,1.8428794051e+01
4.9661906544e+00,7.2898011005e+00,3.9033610732e-01,1.2872245918e-01,2.6161364814e-01,1.8469006130e+01
4.9676301300e+00,7.2939997054e+00,3.9046616840e-01,1.2881780336e-01,2.6164836504e-01,1.8509310577e+01
4.9690696055e+00,7.2982007284e+00,3.9059644954e-01,1.2891325030e-01,2.6168319924e-01,1.8549707605e+01
4.9705090811e+00,7.3024041711e+00,3.9072695089e-01,1.2900880007e-01,2.6171815082e-01,1.8590197426e+01
4.9719485566e+00,7.3066100347e+00,3.9085767259e-01,1.2910445273e-01,2.6175321985e-01,1.8630780257e+01
4.9733880322e+00,7.3108183207e+00,3.9098861479e-01,1.2920020836e-01,2.6178840643e-01,1.8671456311e+01
4.9748275077e+00,7.3150290306e+00,3.9111977763e-01,1.2929606702e-01,2.6182371062e-01,1.8712225805e+01
4.9762669833e+00,7.3192421656e+00,3.9125116127e-01,1.2939202877e-01,2.6185913251e-01,1.8753088953e+01
4.9777064588e+00,7.3234577271e+00,3.9138276585e-01,1.2948809368e-01,2.6189467217e-01,1.8794045972e+01
4.9791459344e+00,7.3276757167e+00,3.9151459151e-01,1.2958426181e-01,2.6193032970e-01,1.8835097079e+01
4.9805854100e+00,7.3318961356e+00,3.9164663841e-01,1.2968053324e-01,2.6196610517e-01,1.8876242492e+01
4.9820248855e+00,7.3361189854e+00,3.9177890669e-01,1.2977690802e-01,2.6200199866e-01,1.8917482427e+01
4.9834643611e+00,7.3403442673e+00,3.9191139649e-01,1.2987338623e-01,2.6203801026e-01,1.8958817105e+01
4.9849038366e+00,7.3445719827e+00,3.9204410797e-01,1.2996996794e-01,2.6207414003e-01,1.9000246742e+01
4.9863433122e+00,7.3488021332e+00,3.9217704127e-01,1.3006665320e-01,2.6211038807e-01,1.9041771560e+01
4.9877827877e+00,7.3530347200e+00,3.9231019654e-01,1.3016344208e-01,2.6214675446e-01,1.9083391777e+01
4.9892222633e+00,7.3572697446e+00,3.9244357393e-01,1.3026033466e-01,2.6218323927e-01,1.9125107613e+01
4.9906617388e+00,7.3615072084e+00,3.9257717358e-01,1.3035733099e-01,2.6221984259e-01,1.9166919291e+01
4.9921012144e+00,7.3657471128e+00,3.9271099565e-01,1.3045443115e-01,2.6225656450e-01,1.9208827031e+01
4.9935406899e+00,7.3699894592e+00,3.9284504028e-01,1.3055163520e-01,2.6229340508e-01,1.9250831055e+01
4.9949801655e+00,7.3742342490e+00,3.9297930762e-01,1.3064894321e-01,2.6233036441e-01,1.9292931585e+01
4.9964196410e+00,7.3784814836e+00,3.9311379782e-01,1.3074635525e-01,2.6236744257e-01,1.9335128845e+01
4.9978591166e+00,7.3827311644e+00,3.9324851102e-01,1.3084387138e-01,2.6240463965e-01,1.9377423058e+01
4.9992985921e+00,7.3869832929e+00,3.9338344739e-01,1.3094149167e-01,2.6244195572e-01,1.9419814447e+01
5.0007380677e+00,7.3912378704e+00,3.9351860705e-01,1.3103921619e-01,2.6247939087e-01,1.9462303238e+01
5.0021775432e+00,7.3954948983e+00,3.9365399017e-01,1.3113704500e-01,2.6251694517e-01,1.9504889655e+01
5.0036170188e+00,7.3997543781e+00,3.9378959690e-01,1.3123497818e-01,2.6255461872e-01,1.9547573924e+01
5.0050564943e+00,7.4040163112e+00,3.9392542737e-01,1.3133301579e-01,2.6259241158e-01,1.9590356271e+01
5.0064959699e+00,7.4082806990e+00,3.9406148175e-01,1.3143115790e-01,2.6263032385e-01,1.9633236922e+01
5.0079354454e+00,7.4125475428e+00,3.9419776018e-01,1.3152940458e-01,2.6266835560e-01,1.9676216105e+01
5.0093749210e+00,7.4168168442e+00,3.9433426282e-01,1.3162775589e-01,2.6270650692e-01,1.9719294047e+01
5.0108143965e+00,7.4210886045e+00,3.9447098980e-01,1.3172621190e-01,2.6274477789e-01,1.9762470976e+01
5.0122538721e+00,7.4253628252e+00,3.9460794128e-01,1.3182477269e-01,2.6278316859e-01,1.9805747121e+01
5.0136933476e+00,7.4296395076e+00,3.9474511742e-01,1.3192343832e-01,2.6282167910e-01,1.9849122711e+01
5.0151328232e+00,7.4339186532e+00,3.9488251835e-01,1.3202220885e-01,2.6286030950e-01,1.9892597975e+01
5.0165722988e+00,7.4382002634e+00,3.9502014424e-01,1.3212108436e-01,2.6289905988e-01,1.9936173145e+01
5.0180117743e+00,7.4424843396e+00,3.9515799523e-01,1.3222006491e-01,2.6293793032e-01,1.9979848451e+01
5.0194512499e+00,7.4467708833e+00,3.9529607147e-01,1.3231915058e-01,2.6297692090e-01,2.0023624124e+01
5.0208907254e+00,7.4510598958e+00,3.9543437312e-01,1.3241834142e-01,2.6301603170e-01,2.0067500395e+01
5.0223302010e+00,7.4553513786e+00,3.9557290032e-01,1.3251763752e-01,2.6305526280e-01,2.0111477499e+01
5.0237696765e+00,7.4596453331e+00,3.9571165323e-01,1.3261703894e-01,2.6309461429e-01,2.0155555666e+01
5.0252091521e+00,7.4639417607e+00,3.9585063200e-01,1.3271654575e-01,2.6313408625e-01,2.0199735131e+01
5.0266486276e+00,7.4682406629e+00,3.9598983677e-01,1.3281615801e-01,2.6317367876e-01,2.0244016128e+01
5.0280881032e+00,7.4725420411e+00,3.9612926770e-01,1.3291587580e-01,2.6321339190e-01,2.0288398891e+01
5.0295275787e+00,7.4768458967e+00,3.9626892495e-01,1.3301569919e-01,2.6325322576e-01,2.0332883656e+01
5.0309670543e+00,7.4811522311e+00,3.9640880866e-01,1.3311562824e-01,2.6329318042e-01,2.0377470658e+01
5.0324065298e+00,7.4854610457e+00,3.9654891898e-01,1.3321566302e-01,2.6333325596e-01,2.0422160132e+01
5.0338460054e+00,7.4897723421e+00,3.9668925608e-01,1.3331580361e-01,2.6337345247e-01,2.0466952317e+01
5.0352854809e+00,7.4940861215e+00,3.9682982009e-01,1.3341605007e-01,2.6341377002e-01,2.0511847449e+01
5.0367249565e+00,7.4984023856e+00,3.9697061117e-01,1.3351640247e-01,2.6345420870e-01,2.0556845766e+01
5.0381644320e+00,7.5027211355e+00,3.9711162948e-01,1.3361686089e-01,2.6349476859e-01,2.0601947506e+01
5.0396039076e+00,7.5070423730e+00,3.9725287516e-01,1.3371742539e-01,2.6353544978e-01,2.0647152908e+01
5.0410433831e+00,7.5113660992e+00,3.9739434838e-01,1.3381809604e-01,2.6357625234e-01,2.0692462212e+01
5.0424828587e+00,7.5156923157e+00,3.9753604928e-01,1.3391887291e-01,2.6361717637e-01,2.0737875658e+01
5.0439223342e+00,7.5200210240e+00,3.9767797801e-01,1.3401975608e-01,2.6365822194e-01,2.0783393486e+01
5.0453618098e+00,7.5243522253e+00,3.9782013473e-01,1.3412074560e-01,2.6369938913e-01,2.0829015938e+01
5.0468012853e+00,7.5286859213e+00,3.9796251960e-01,1.3422184156e-01,2.6374067804e-01,2.0874743255e+01
5.0482407609e+00,7.5330221133e+00,3.9810513276e-01,1.3432304403e-01,2.6378208874e-01,2.0920575679e+01
5.0496802364e+00,7.5373608027e+00,3.9824797437e-01,1.3442435306e-01,2.6382362131e-01,2.0966513453e+01
5.0511197120e+00,7.5417019910e+00,3.9839104459e-01,1.3452576874e-01,2.6386527585e-01,2.1012556820e+01
5.0525591876e+00,7.5460456797e+00,3.9853434356e-01,1.3462729113e-01,2.6390705242e-01,2.1058706026e+01
5.0539986631e+00,7.5503918701e+00,3.9867787144e-01,1.3472892031e-01,2.6394895113e-01,2.1104961313e+01
5.0554381387e+00,7.5547405638e+00,3.9882162839e-01,1.3483065635e-01,2.6399097204e-01,2.1151322927e+01
5.0568776142e+00,7.5590917621e+00,3.9896561455e-01,1.3493249931e-01,2.6403311524e-01,2.1197791114e+01
5.0583170898e+00,7.5634454665e+00,3.9910983009e-01,1.3503444927e-01,2.6407538083e-01,2.1244366119e+01
5.0597565653e+00,7.5678016784e+00,3.9925427516e-01,1.3513650629e-01,2.6411776887e-01,2.1291048190e+01
5.0611960409e+00,7.5721603994e+00,3.9939894992e-01,1.3523867046e-01,2.6416027946e-01,2.1337837574e+01
5.0626355164e+00,7.5765216307e+00,3.9954385451e-01,1.3534094184e-01,2.6420291267e-01,2.1384734519e+01
5.0640749920e+00,7.5808853740e+00,3.9968898909e-01,1.3544332050e-01,2.6424566860e-01,2.1431739273e+01
5.0655144675e+00,7.5852516305e+00,3.9983435383e-01,1.3554580651e-01,2.6428854732e-01,2.1478852086e+01
5.0669539431e+00,7.5896204019e+00,3.9997994886e-01,1.3564839995e-01,2.6433154892e-01,2.1526073206e+01
5.0683934186e+00,7.5939916894e+00,4.0012577436e-01,1.3575110088e-01,2.6437467348e-01,2.1573402885e+01
5.0698328942e+00,7.5983654947e+00,4.0027183047e-01,1.3585390938e-01,2.6441792109e-01,2.1620841373e+01
5.0712723697e+00,7.6027418190e+00,4.0041811735e-01,1.3595682553e-01,2.6446129183e-01,2.1668388921e+01
5.0727118453e+00,7.6071206639e+00,4.0056463516e-01,1.3605984938e-01,2.6450478578e-01,2.1716045781e+01
5.0741513208e+00,7.6115020309e+00,4.0071138405e-01,1.3616298102e-01,2.6454840304e-01,2.1763812206e+01
5.0755907964e+00,7.6158859213e+00,4.0085836418e-01,1.3626622051e-01,2.6459214367e-01,2.1811688449e+01
5.0770302719e+00,7.6202723366e+00,4.0100557571e-01,1.3636956793e-01,2.6463600778e-01,2.1859674763e+01
5.0784697475e+00,7.6246612784e+00,4.0115301879e-01,1.3647302335e-01,2.6467999544e-01,2.1907771403e+01
5.0799092230e+00,7.6290527479e+00,4.0130069357e-01,1.3657658684e-01,2.6472410673e-01,2.1955978624e+01
5.0813486986e+00,7.6334467468e+00,4.0144860022e-01,1.3668025848e-01,2.6476834174e-01,2.2004296681e+01
5.0827881741e+00,7.6378432764e+00,4.0159673889e-01,1.3678403833e-01,2.6481270056e-01,2.2052725831e+01
5.0842276497e+00,7.6422423382e+00,4.0174510974e-01,1.3688792648e-01,2.6485718327e-01,2.2101266329e+01
5.0856671252e+00,7.6466439337e+00,4.0189371293e-01,1.3699192298e-01,2.6490178995e-01,2.2149918433e+01
5.0871066008e+00,7.6510480643e+00,4.0204254861e-01,1.3709602792e-01,2.6494652069e-01,2.2198682401e+01
5.0885460764e+00,7.6554547315e+00,4.0219161694e-01,1.3720024137e-01,2.6499137557e-01,2.2247558492e+01
5.0899855519e+00,7.6598639367e+00,4.0234091807e-01,1.3730456339e-01,2.6503635468e-01,2.2296546964e+01
5.0914250275e+00,7.6642756814e+00,4.0249045218e-01,1.3740899407e-01,2.6508145811e-01,2.2345648076e+01
5.0928645030e+00,7.6686899672e+00,4.0264021941e-01,1.3751353348e-01,2.6512668593e-01,2.2394862090e+01
5.0943039786e+00,7.6731067953e+00,4.0279021992e-01,1.3761818168e-01,2.6517203823e-01,2.2444189266e+01
5.0957434541e+00,7.6775261674e+00,4.0294045387e-01,1.3772293876e-01,2.6521751511e-01,2.2493629866e+01
5.0971829297e+00,7.6819480848e+00,4.0309092142e-01,1.3782780479e-01,2.6526311663e-01,2.2543184150e+01
5.0986224052e+00,7.6863725490e+00,4.0324162272e-01,1.3793277983e-01,2.6530884290e-01,2.2592852383e+01
5.1000618808e+00,7.6907995616e+00,4.0339255795e-01,1.3803786396e-01,2.6535469398e-01,2.2642634827e+01
5.1015013563e+00,7.6952291239e+00,4.0354372724e-01,1.3814305727e-01,2.6540066997e-01,2.2692531747e+01
5.1029408319e+00,7.6996612374e+00,4.0369513077e-01,1.3824835981e-01,2.6544677096e-01,2.2742543406e+01
5.1043803074e+00,7.7040959036e+00,4.0384676869e-01,1.3835377167e-01,2.6549299703e-01,2.2792670069e+01
5.1058197830e+00,7.7085331241e+00,4.0399864117e-01,1.3845929291e-01,2.6553934826e-01,2.2842912003e+01
5.1072592585e+00,7.7129729001e+00,4.0415074835e-01,1.3856492362e-01,2.6558582474e-01,2.2893269474e+01
5.1086987341e+00,7.7174152333e+00,4.0430309041e-01,1.3867066386e-01,2.6563242655e-01,2.2943742748e+01
5.1101382096e+00,7.7218601250e+00,4.0445566750e-01,1.3877651371e-01,2.6567915379e-01,2.2994332093e+01
5.1115776852e+00,7.7263075769e+00,4.0460847977e-01,1.3888247324e-01,2.6572600653e-01,2.3045037777e+01
5.1130171607e+00,7.7307575902e+00,4.0476152740e-01,1.3898854254e-01,2.6577298486e-01,2.3095860070e+01
5.1144566363e+00,7.7352101666e+00,4.0491481053e-01,1.3909472166e-01,2.6582008887e-01,2.3146799239e+01
5.1158961118e+00,7.7396653075e+00,4.0506832934e-01,1.3920101070e-01,2.6586731864e-01,2.3197855557e+01
5.1173355874e+00,7.7441230143e+00,4.0522208398e-01,1.3930740971e-01,2.6591467426e-01,2.3249029292e+01
5.1187750629e+00,7.7485832886e+00,4.0537607460e-01,1.3941391878e-01,2.6596215582e-01,2.3300320716e+01
5.1202145385e+00,7.7530461317e+00,4.0553030138e-01,1.3952053799e-01,2.6600976340e-01,2.3351730101e+01
5.1216540140e+00,7.7575115453e+00,4.0568476448e-01,1.3962726740e-01,2.6605749708e-01,2.3403257721e+01
5.1230934896e+00,7.7619795308e+00,4.0583946404e-01,1.3973410708e-01,2.6610535696e-01,2.3454903847e+01
5.1245329652e+00,7.7664500896e+00,4.0599440024e-01,1.3984105713e-01,2.6615334312e-01,2.3506668753e+01
5.1259724407e+00,7.7709232233e+00,4.0614957324e-01,1.3994811761e-01,2.6620145564e-01,2.3558552714e+01
5.1274119163e+00,7.7753989333e+00,4.0630498320e-01,1.4005528859e-01,2.6624969461e-01,2.3610556006e+01
5.1288513918e+00,7.7798772212e+00,4.0646063027e-01,1.4016257015e-01,2.6629806012e-01,2.3662678903e+01
5.1302908674e+00,7.7843580883e+00,4.0661651463e-01,1.4026996237e-01,2.6634655225e-01,2.3714921682e+01
5.1317303429e+00,7.7888415362e+00,4.0677263642e-01,1.4037746532e-01,2.6639517110e-01,2.3767284620e+01
5.1331698185e+00,7.7933275663e+00,4.0692899583e-01,1.4048507909e-01,2.6644391674e-01,2.3819767995e+01
5.1346092940e+00,7.7978161803e+00,4.0708559299e-01,1.4059280373e-01,2.6649278926e-01,2.3872372084e+01
5.1360487696e+00,7.8023073794e+00,4.0724242809e-01,1.4070063933e-01,2.6654178876e-01,2.3925097167e+01
5.1374882451e+00,7.8068011653e+00,4.0739950128e-01,1.4080858597e-01,2.6659091531e-01,2.3977943523e+01
5.1389277207e+00,7.8112975395e+00,4.0755681273e-01,1.4091664372e-01,2.6664016901e-01,2.4030911432e+01
5.1403671962e+00,7.8157965033e+00,4.0771436259e-01,1.4102481266e-01,2.6668954993e-01,2.4084001176e+01
5.1418066718e+00,7.8202980584e+00,4.0787215103e-01,1.4113309285e-01,2.6673905817e-01,2.4137213035e+01
5.1432461473e+00,7.8248022061e+00,4.0803017821e-01,1.4124148439e-01,2.6678869382e-01,2.4190547292e+01
5.1446856229e+00,7.8293089480e+00,4.0818844430e-01,1.4134998735e-01,2.6683845696e-01,2.4244004229e+01
5.1461250984e+00,7.8338182857e+00,4.0834694946e-01,1.4145860179e-01,2.6688834767e-01,2.4297584130e+01
5.1475645740e+00,7.8383302205e+00,4.0850569386e-01,1.4156732781e-01,2.6693836605e-01,2.4351287279e+01
5.1490040495e+00,7.8428447539e+00,4.0866467765e-01,1.4167616546e-01,2.6698851218e-01,2.4405113961e+01
5.1504435251e+00,7.8473618876e+00,4.0882390100e-01,1.4178511484e-01,2.6703878615e-01,2.4459064461e+01
5.1518830006e+00,7.8518816229e+00,4.0898336407e-01,1.4189417602e-01,2.6708918805e-01,2.4513139065e+01
5.1533224762e+00,7.8564039614e+00,4.0914306703e-01,1.4200334908e-01,2.6713971796e-01,2.4567338059e+01
5.1547619517e+00,7.8609289045e+00,4.0930301005e-01,1.4211263408e-01,2.6719037597e-01,2.4621661732e+01
5.1562014273e+00,7.8654564539e+00,4.0946319328e-01,1.4222203111e-01,2.6724116217e-01,2.4676110371e+01
5.1576409028e+00,7.8699866109e+00,4.0962361690e-01,1.4233154025e-01,2.6729207665e-01,2.4730684266e+01
5.1590803784e+00,7.8745193770e+00,4.0978428106e-01,1.4244116158e-01,2.6734311948e-01,2.4785383704e+01
5.1605198540e+00,7.8790547539e+00,4.0994518594e-01,1.4255089516e-01,2.6739429077e-01,2.4840208977e+01
5.1619593295e+00,7.8835927429e+00,4.1010633169e-01,1.4266074108e-01,2.6744559060e-01,2.4895160374e+01
5.1633988051e+00,7.8881333456e+00,4.1026771848e-01,1.4277069942e-01,2.6749701906e-01,2.4950238188e+01
5.1648382806e+00,7.8926765635e+00,4.1042934648e-01,1.4288077025e-01,2.6754857623e-01,2.5005442711e+01
5.1662777562e+00,7.8972223980e+00,4.1059121585e-01,1.4299095365e-01,2.6760026220e-01,2.5060774234e+01
5.1677172317e+00,7.9017708508e+00,4.1075332676e-01,1.4310124969e-01,2.6765207706e-01,2.5116233053e+01
5.1691567073e+00,7.9063219233e+00,4.1091567937e-01,1.4321165847e-01,2.6770402090e-01,2.5171819460e+01
5.1705961828e+00,7.9108756170e+00,4.1107827385e-01,1.4332218004e-01,2.6775609381e-01,2.5227533750e+01
5.1720356584e+00,7.9154319335e+00,4.1124111037e-01,1.4343281450e-01,2.6780829587e-01,2.5283376219e+01
5.1734751339e+00,7.9199908741e+00,4.1140418909e-01,1.4354356192e-01,2.6786062717e-01,2.5339347163e+01
5.1749146095e+00,7.9245524405e+00,4.1156751018e-01,1.4365442238e-01,2.6791308780e-01,2.5395446879e+01
5.1763540850e+00,7.9291166342e+00,4.1173107381e-01,1.4376539595e-01,2.6796567786e-01,2.5451675664e+01
5.1777935606e+00,7.9336834567e+00,4.1189488013e-01,1.4387648272e-01,2.6801839741e-01,2.5508033817e+01
5.1792330361e+00,7.9382529094e+00,4.1205892933e-01,1.4398768276e-01,2.6807124657e-01,2.5564521636e+01
5.1806725117e+00,7.9428249940e+00,4.1222322156e-01,1.4409899615e-01,2.6812422541e-01,2.5621139421e+01
5.1821119872e+00,7.9473997118e+00,4.1238775699e-01,1.4421042298e-01,2.6817733402e-01,2.5677887472e+01
5.1835514628e+00,7.9519770646e+00,4.1255253580e-01,1.4432196331e-01,2.6823057249e-01,2.5734766090e+01
5.1849909383e+00,7.9565570536e+00,4.1271755814e-01,1.4443361723e-01,2.6828394091e-01,2.5791775577e+01
5.1864304139e+00,7.9611396805e+00,4.1288282419e-01,1.4454538481e-01,2.6833743937e-01,2.5848916234e+01
5.1878698894e+00,7.9657249469e+00,4.1304833411e-01,1.4465726615e-01,2.6839106796e-01,2.5906188366e+01
5.1893093650e+00,7.9703128541e+00,4.1321408807e-01,1.4476926130e-01,2.6844482676e-01,2.5963592276e+01
5.1907488405e+00,7.9749034038e+00,4.1338008624e-01,1.4488137036e-01,2.6849871587e-01,2.6021128268e+01
5.1921883161e+00,7.9794965974e+00,4.1354632878e-01,1.4499359341e-01,2.6855273537e-01,2.6078796647e+01
5.1936277916e+00,7.9840924365e+00,4.1371281587e-01,1.4510593052e-01,2.6860688536e-01,2.6136597720e+01
5.1950672672e+00,7.9886909226e+00,4.1387954768e-01,1.4521838176e-01,2.6866116592e-01,2.6194531792e+01
5.1965067428e+00,7.9932920572e+00,4.1404652437e-01,1.4533094724e-01,2.6871557714e-01,2.6252599172e+01
5.1979462183e+00,7.9978958419e+00,4.1421374611e-01,1.4544362701e-01,2.6877011910e-01,2.6310800167e+01
5.1993856939e+00,8.0025022782e+00,4.1438121307e-01,1.4555642116e-01,2.6882479191e-01,2.6369135085e+01
5.2008251694e+00,8.0071113675e+00,4.1454892543e-01,1.4566932977e-01,2.6887959565e-01,2.6427604236e+01
5.2022646450e+00,8.0117231115e+00,4.1471688334e-01,1.4578235293e-01,2.6893453041e-01,2.6486207931e+01
5.2037041205e+00,8.0163375117e+00,4.1488508698e-01,1.4589549070e-01,2.6898959627e-01,2.6544946480e+01
5.2051435961e+00,8.0209545695e+00,4.1505353651e-01,1.4600874318e-01,2.6904479333e-01,2.6603820194e+01
5.2065830716e+00,8.0255742866e+00,4.1522223212e-01,1.4612211044e-01,2.6910012168e-01,2.6662829386e+01
5.2080225472e+00,8.0301966644e+00,4.1539117396e-01,1.4623559256e-01,2.6915558141e-01,2.6721974369e+01
5.2094620227e+00,8.0348217045e+00,4.1556036222e-01,1.4634918962e-01,2.6921117260e-01,2.6781255457e+01
5.2109014983e+00,8.0394494084e+00,4.1572979705e-01,1.4646290170e-01,2.6926689535e-01,2.6840672964e+01
5.2123409738e+00,8.0440797777e+00,4.1589947863e-01,1.4657672888e-01,2.6932274974e-01,2.6900227205e+01
5.2137804494e+00,8.0487128139e+00,4.1606940713e-01,1.4669067125e-01,2.6937873587e-01,2.6959918495e+01
5.2152199249e+00,8.0533485185e+00,4.1623958272e-01,1.4680472888e-01,2.6943485383e-01,2.7019747153e+01
5.2166594005e+00,8.0579868931e+00,4.1641000557e-01,1.4691890186e-01,2.6949110370e-01,2.7079713495e+01
5.2180988760e+00,8.0626279391e+00,4.1658067585e-01,1.4703319027e-01,2.6954748558e-01,2.7139817838e+01
5.2195383516e+00,8.0672716582e+00,4.1675159373e-01,1.4714759418e-01,2.6960399956e-01,2.7200060503e+01
5.2209778271e+00,8.0719180519e+00,4.1692275939e-01,1.4726211367e-01,2.6966064572e-01,2.7260441808e+01
5.2224173027e+00,8.0765671217e+00,4.1709417300e-01,1.4737674884e-01,2.6971742416e-01,2.7320962074e+01
5.2238567782e+00,8.0812188691e+00,4.1726583472e-01,1.4749149976e-01,2.6977433496e-01,2.7381621622e+01
5.2252962538e+00,8.0858732958e+00,4.1743774474e-01,1.4760636651e-01,2.6983137823e-01,2.7442420774e+01
5.2267357293e+00,8.0905304032e+00,4.1760990321e-01,1.4772134917e-01,2.6988855404e-01,2.7503359851e+01
5.2281752049e+00,8.0951901929e+00,4.1778231032e-01,1.4783644783e-01,2.6994586249e-01,2.7564439178e+01
5.2296146804e+00,8.0998526664e+00,4.1795496624e-01,1.4795166257e-01,2.7000330367e-01,2.7625659079e+01
5.2310541560e+00,8.1045178253e+00,4.1812787113e-01,1.4806699346e-01,2.7006087767e-01,2.7687019878e+01
5.2324936316e+00,8.1091856711e+00,4.1830102518e-01,1.4818244060e-01,2.7011858458e-01,2.7748521900e+01
5.2339331071e+00,8.1138562054e+00,4.1847442855e-01,1.4829800405e-01,2.7017642449e-01,2.7810165472e+01
5.2353725827e+00,8.1185294298e+00,4.1864808141e-01,1.4841368391e-01,2.7023439750e-01,2.7871950921e+01
5.2368120582e+00,8.1232053457e+00,4.1882198395e-01,1.4852948026e-01,2.7029250369e-01,2.7933878575e+01
5.2382515338e+00,8.1278839547e+00,4.1899613633e-01,1.4864539317e-01,2.7035074315e-01,2.7995948763e+01
5.2396910093e+00,8.1325652584e+00,4.1917053872e-01,1.4876142274e-01,2.7040911598e-01,2.8058161812e+01
5.2411304849e+00,8.1372492583e+00,4.1934519131e-01,1.4887756904e-01,2.7046762227e-01,2.8120518055e+01
5.2425699604e+00,8.1419359560e+00,4.1952009426e-01,1.4899383216e-01,2.7052626210e-01,2.8183017821e+01
5.2440094360e+00,8.1466253530e+00,4.1969524775e-01,1.4911021217e-01,2.7058503558e-01,2.8245661442e+01
5.2454489115e+00,8.1513174509e+00,4.1987065195e-01,1.4922670917e-01,2.7064394278e-01,2.8308449250e+01
5.2468883871e+00,8.1560122513e+00,4.2004630703e-01,1.4934332323e-01,2.7070298381e-01,2.8371381578e+01
5.2483278626e+00,8.1607097556e+00,4.2022221318e-01,1.4946005443e-01,2.7076215875e-01,2.8434458762e+01
5.2497673382e+00,8.1654099655e+00,4.2039837056e-01,1.4957690287e-01,2.7082146769e-01,2.8497681134e+01
5.2512068137e+00,8.1701128826e+00,4.2057477935e-01,1.4969386862e-01,2.7088091073e-01,2.8561049030e+01
5.2526462893e+00,8.1748185083e+00,4.2075143973e-01,1.4981095176e-01,2.7094048796e-01,2.8624562787e+01
5.2540857648e+00,8.1795268442e+00,4.2092835186e-01,1.4992815239e-01,2.7100019947e-01,2.8688222742e+01
5.2555252404e+00,8.1842378919e+00,4.2110551593e-01,1.5004547058e-01,2.7106004536e-01,2.8752029232e+01
5.2569647159e+00,8.1889516530e+00,4.2128293211e-01,1.5016290641e-01,2.7112002570e-01,2.8815982596e+01
5.2584041915e+00,8.1936681290e+00,4.2146060058e-01,1.5028045997e-01,2.7118014061e-01,2.8880083173e+01
5.2598436670e+00,8.1983873215e+00,4.2163852151e-01,1.5039813135e-01,2.7124039016e-01,2.8944331304e+01
5.2612831426e+00,8.2031092320e+00,4.2181669507e-01,1.5051592062e-01,2.7130077445e-01,2.9008727329e+01
5.2627226181e+00,8.2078338622e+00,4.2199512145e-01,1.5063382788e-01,2.7136129357e-01,2.9073271589e+01
5.2641620937e+00,8.2125612135e+00,4.2217380082e-01,1.5075185320e-01,2.7142194762e-01,2.9137964428e+01
5.2656015692e+00,8.2172912875e+00,4.2235273335e-01,1.5086999666e-01,2.7148273668e-01,2.9202806189e+01
5.2670410448e+00,8.2220240859e+00,4.2253191922e-01,1.5098825837e-01,2.7154366086e-01,2.9267797215e+01
5.2684805204e+00,8.2267596102e+00,4.2271135861e-01,1.5110663838e-01,2.7160472023e-01,2.9332937852e+01
5.2699199959e+00,8.2314978619e+00,4.2289105170e-01,1.5122513680e-01,2.7166591490e-01,2.9398228445e+01
5.2713594715e+00,8.2362388427e+00,4.2307099866e-01,1.5134375371e-01,2.7172724496e-01,2.9463669340e+01
5.2727989470e+00,8.2409825540e+00,4.2325119967e-01,1.5146248918e-01,2.7178871049e-01,2.9529260886e+01
5.2742384226e+00,8.2457289975e+00,4.2343165491e-01,1.5158134331e-01,2.7185031160e-01,2.9595003429e+01
5.2756778981e+00,8.2504781748e+00,4.2361236455e-01,1.5170031618e-01,2.7191204837e-01,2.9660897319e+01
5.2771173737e+00,8.2552300873e+00,4.2379332878e-01,1.5181940788e-01,2.7197392090e-01,2.9726942905e+01
5.2785568492e+00,8.2599847368e+00,4.2397454776e-01,1.5193861848e-01,2.7203592928e-01,2.9793140538e+01
5.2799963248e+00,8.2647421247e+00,4.2415602168e-01,1.5205794808e-01,2.7209807360e-01,2.9859490570e+01
5.2814358003e+00,8.2695022527e+00,4.2433775071e-01,1.5217739676e-01,2.7216035396e-01,2.9925993351e+01
5.2828752759e+00,8.2742651223e+00,4.2451973504e-01,1.5229696460e-01,2.7222277045e-01,2.9992649236e+01
5.2843147514e+00,8.2790307351e+00,4.2470197485e-01,1.5241665169e-01,2.7228532316e-01,3.0059458577e+01
5.2857542270e+00,8.2837990927e+00,4.2488447030e-01,1.5253645811e-01,2.7234801219e-01,3.0126421730e+01
5.2871937025e+00,8.2885701967e+00,4.2506722158e-01,1.5265638396e-01,2.7241083763e-01,3.0193539049e+01
5.2886331781e+00,8.2933440486e+00,4.2525022887e-01,1.5277642931e-01,2.7247379957e-01,3.0260810892e+01
5.2900726536e+00,8.2981206500e+00,4.2543349235e-01,1.5289659425e-01,2.7253689810e-01,3.0328237614e+01
5.2915121292e+00,8.3029000025e+00,4.2561701220e-01,1.5301687887e-01,2.7260013333e-01,3.0395819574e+01
5.2929516047e+00,8.3076821078e+00,4.2580078859e-01,1.5313728325e-01,2.7266350534e-01,3.0463557130e+01
5.2943910803e+00,8.3124669673e+00,4.2598482171e-01,1.5325780748e-01,2.7272701422e-01,3.0531450641e+01
5.2958305558e+00,8.3172545827e+00,4.2616911173e-01,1.5337845165e-01,2.7279066008e-01,3.0599500469e+01
5.2972700314e+00,8.3220449555e+00,4.2635365884e-01,1.5349921584e-01,2.7285444300e-01,3.0667706974e+01
5.2987095069e+00,8.3268380874e+00,4.2653846322e-01,1.5362010013e-01,2.7291836309e-01,3.0736070519e+01
5.3001489825e+00,8.3316339800e+00,4.2672352504e-01,1.5374110462e-01,2.7298242042e-01,3.0804591465e+01
5.3015884581e+00,8.3364326347e+00,4.2690884449e-01,1.5386222939e-01,2.7304661510e-01,3.0873270177e+01
5.3030279336e+00,8.3412340533e+00,4.2709442174e-01,1.5398347452e-01,2.7311094722e-01,3.0942107019e+01
5.3044674092e+00,8.3460382372e+00,4.2728025698e-01,1.5410484011e-01,2.7317541687e-01,3.1011102356e+01
5.3059068847e+00,8.3508451882e+00,4.2746635039e-01,1.5422632624e-01,2.7324002416e-01,3.1080256555e+01
5.3073463603e+00,8.3556549077e+00,4.2765270215e-01,1.5434793299e-01,2.7330476916e-01,3.1149569983e+01
5.3087858358e+00,8.3604673975e+00,4.2783931244e-01,1.5446966045e-01,2.7336965199e-01,3.1219043007e+01
5.3102253114e+00,8.3652826590e+00,4.2802618144e-01,1.5459150872e-01,2.7343467272e-01,3.1288675996e+01
5.3116647869e+00,8.3701006939e+00,4.2821330934e-01,1.5471347787e-01,2.7349983147e-01,3.1358469321e+01
5.3131042625e+00,8.3749215038e+00,4.2840069631e-01,1.5483556800e-01,2.7356512831e-01,3.1428423350e+01
5.3145437380e+00,8.3797450903e+00,4.2858834254e-01,1.5495777919e-01,2.7363056335e-01,3.1498538456e+01
5.3159832136e+00,8.3845714549e+00,4.2877624821e-01,1.5508011153e-01,2.7369613668e-01,3.1568815010e+01
5.3174226891e+00,8.3894005993e+00,4.2896441350e-01,1.5520256510e-01,2.7376184840e-01,3.1639253386e+01
5.3188621647e+00,8.3942325251e+00,4.2915283859e-01,1.5532514000e-01,2.7382769860e-01,3.1709853957e+01
5.3203016402e+00,8.3990672338e+00,4.2934152368e-01,1.5544783631e-01,2.7389368737e-01,3.1780617099e+01
5.3217411158e+00,8.4039047272e+00,4.2953046893e-01,1.5557065412e-01,2.7395981481e-01,3.1851543186e+01
5.3231805913e+00,8.4087450067e+00,4.2971967453e-01,1.5569359351e-01,2.7402608102e-01,3.1922632595e+01
5.3246200669e+00,8.4135880740e+00,4.2990914067e-01,1.5581665458e-01,2.7409248608e-01,3.1993885704e+01
5.3260595424e+00,8.4184339307e+00,4.3009886752e-01,1.5593983741e-01,2.7415903011e-01,3.2065302891e+01
5.3274990180e+00,8.4232825784e+00,4.3028885528e-01,1.5606314210e-01,2.7422571318e-01,3.2136884535e+01
5.3289384935e+00,8.4281340187e+00,4.3047910412e-01,1.5618656872e-01,2.7429253540e-01,3.2208631015e+01
5.3303779691e+00,8.4329882532e+00,4.3066961424e-01,1.5631011737e-01,2.7435949687e-01,3.2280542712e+01
5.3318174446e+00,8.4378452836e+00,4.3086038580e-01,1.5643378814e-01,2.7442659767e-01,3.2352620009e+01
5.3332569202e+00,8.4427051113e+00,4.3105141901e-01,1.5655758111e-01,2.7449383790e-01,3.2424863288e+01
5.3346963957e+00,8.4475677382e+00,4.3124271403e-01,1.5668149637e-01,2.7456121766e-01,3.2497272932e+01
5.3361358713e+00,8.4524331657e+00,4.3143427106e-01,1.5680553402e-01,2.7462873704e-01,3.2569849326e+01
5.3375753469e+00,8.4573013954e+00,4.3162609029e-01,1.5692969414e-01,2.7469639615e-01,3.2642592854e+01
5.3390148224e+00,8.4621724291e+00,4.3181817188e-01,1.5705397681e-01,2.7476419507e-01,3.2715503904e+01
5.3404542980e+00,8.4670462682e+00,4.3201051604e-01,1.5717838214e-01,2.7483213391e-01,3.2788582861e+01
5.3418937735e+00,8.4719229145e+00,4.3220312294e-01,1.5730291020e-01,2.7490021275e-01,3.2861830115e+01
5.3433332491e+00,8.4768023695e+00,4.3239599278e-01,1.5742756109e-01,2.7496843169e-01,3.2935246053e+01
5.3447727246e+00,8.4816846349e+00,4.3258912573e-01,1.5755233489e-01,2.7503679084e-01,3.3008831066e+01
5.3462122002e+00,8.4865697122e+00,4.3278252198e-01,1.5767723170e-01,2.7510529028e-01,3.3082585543e+01
5.3476516757e+00,8.4914576031e+00,4.3297618172e-01,1.5780225160e-01,2.7517393012e-01,3.3156509878e+01
5.3490911513e+00,8.4963483092e+00,4.3317010513e-01,1.5792739469e-01,2.7524271044e-01,3.3230604461e+01
5.3505306268e+00,8.5012418322e+00,4.3336429240e-01,1.5805266105e-01,2.7531163135e-01,3.3304869687e+01
5.3519701024e+00,8.5061381736e+00,4.3355874372e-01,1.5817805078e-01,2.7538069294e-01,3.3379305949e+01
5.3534095779e+00,8.5110373351e+00,4.3375345927e-01,1.5830356396e-01,2.7544989531e-01,3.3453913643e+01
5.3548490535e+00,8.5159393183e+00,4.3394843924e-01,1.5842920068e-01,2.7551923856e-01,3.3528693164e+01
5.3562885290e+00,8.5208441248e+00,4.3414368381e-01,1.5855496103e-01,2.7558872278e-01,3.3603644911e+01
5.3577280046e+00,8.5257517562e+00,4.3433919318e-01,1.5868084511e-01,2.7565834807e-01,3.3678769280e+01
5.3591674801e+00,8.5306622143e+00,4.3453496753e-01,1.5880685301e-01,2.7572811452e-01,3.3754066670e+01
5.3606069557e+00,8.5355755005e+00,4.3473100704e-01,1.5893298481e-01,2.7579802224e-01,3.3829537482e+01
5.3620464312e+00,8.5404916166e+00,4.3492731191e-01,1.5905924060e-01,2.7586807131e-01,3.3905182115e+01
5.3634859068e+00,8.5454105642e+00,4.3512388232e-01,1.5918562047e-01,2.7593826185e-01,3.3981000972e+01
5.3649253823e+00,8.5503323448e+00,4.3532071846e-01,1.5931212453e-01,2.7600859393e-01,3.4056994454e+01
5.3663648579e+00,8.5552569602e+00,4.3551782052e-01,1.5943875285e-01,2.7607906767e-01,3.4133162966e+01
5.3678043334e+00,8.5601844120e+00,4.3571518869e-01,1.5956550552e-01,2.7614968316e-01,3.4209506912e+01
5.3692438090e+00,8.5651147017e+00,4.3591282315e-01,1.5969238265e-01,2.7622044050e-01,3.4286026697e+01
5.3706832845e+00,8.5700478311e+00,4.3611072409e-01,1.5981938432e-01,2.7629133978e-01,3.4362722726e+01
5.3721227601e+00,8.5749838017e+00,4.3630889171e-01,1.5994651061e-01,2.7636238110e-01,3.4439595409e+01
5.3735622357e+00,8.5799226153e+00,4.3650732619e-01,1.6007376163e-01,2.7643356456e-01,3.4516645151e+01
5.3750017112e+00,8.5848642734e+00,4.3670602771e-01,1.6020113746e-01,2.7650489026e-01,3.4593872364e+01
5.3764411868e+00,8.5898087776e+00,4.3690499648e-01,1.6032863819e-01,2.7657635829e-01,3.4671277455e+01
5.3778806623e+00,8.5947561297e+00,4.3710423267e-01,1.6045626392e-01,2.7664796875e-01,3.4748860838e+01
5.3793201379e+00,8.5997063312e+00,4.3730373649e-01,1.6058401474e-01,2.7671972175e-01,3.4826622923e+01
5.3807596134e+00,8.6046593838e+00,4.3750350811e-01,1.6071189074e-01,2.7679161737e-01,3.4904564123e+01
5.3821990890e+00,8.6096152892e+00,4.3770354772e-01,1.6083989200e-01,2.7686365572e-01,3.4982684852e+01
5.3836385645e+00,8.6145740490e+00,4.3790385553e-01,1.6096801864e-01,2.7693583689e-01,3.5060985525e+01
5.3850780401e+00,8.6195356648e+00,4.3810443171e-01,1.6109627072e-01,2.7700816099e-01,3.5139466558e+01
5.3865175156e+00,8.6245001382e+00,4.3830527647e-01,1.6122464835e-01,2.7708062811e-01,3.5218128367e+01
5.3879569912e+00,8.6294674710e+00,4.3850638998e-01,1.6135315163e-01,2.7715323835e-01,3.5296971369e+01
5.3893964667e+00,8.6344376647e+00,4.3870777244e-01,1.6148178063e-01,2.7722599181e-01,3.5375995985e+01
5.3908359423e+00,8.6394107211e+00,4.3890942404e-01,1.6161053546e-01,2.7729888858e-01,3.5455202632e+01
5.3922754178e+00,8.6443866417e+00,4.3911134498e-01,1.6173941620e-01,2.7737192877e-01,3.5534591732e+01
5.3937148934e+00,8.6493654282e+00,4.3931353543e-01,1.6186842296e-01,2.7744511248e-01,3.5614163706e+01
5.3951543689e+00,8.6543470823e+00,4.3951599561e-01,1.6199755581e-01,2.7751843979e-01,3.5693918977e+01
5.3965938445e+00,8.6593316056e+00,4.3971872569e-01,1.6212681486e-01,2.7759191082e-01,3.5773857968e+01
5.3980333200e+00,8.6643189998e+00,4.3992172586e-01,1.6225620020e-01,2.7766552566e-01,3.5853981103e+01
5.3994727956e+00,8.6693092664e+00,4.4012499633e-01,1.6238571192e-01,2.7773928441e-01,3.5934288808e+01
5.4009122711e+00,8.6743024073e+00,4.4032853728e-01,1.6251535011e-01,2.7781318717e-01,3.6014781510e+01
5.4023517467e+00,8.6792984240e+00,4.4053234891e-01,1.6264511487e-01,2.7788723404e-01,3.6095459635e+01
5.4037912222e+00,8.6842973182e+00,4.4073643140e-01,1.6277500629e-01,2.7796142511e-01,3.6176323613e+01
5.4052306978e+00,8.6892990915e+00,4.4094078495e-01,1.6290502446e-01,2.7803576050e-01,3.6257373872e+01
5.4066701733e+00,8.6943037456e+00,4.4114540976e-01,1.6303516948e-01,2.7811024028e-01,3.6338610843e+01
5.4081096489e+00,8.6993112822e+00,4.4135030601e-01,1.6316544144e-01,2.7818486458e-01,3.6420034957e+01
5.4095491245e+00,8.7043217029e+00,4.4155547391e-01,1.6329584043e-01,2.7825963347e-01,3.6501646647e+01
5.4109886000e+00,8.7093350094e+00,4.4176091363e-01,1.6342636655e-01,2.7833454708e-01,3.6583446345e+01
5.4124280756e+00,8.7143512033e+00,4.4196662538e-01,1.6355701990e-01,2.7840960548e-01,3.6665434487e+01
5.4138675511e+00,8.7193702863e+00,4.4217260935e-01,1.6368780056e-01,2.7848480880e-01,3.6747611508e+01
5.4153070267e+00,8.7243922601e+00,4.4237886574e-01,1.6381870863e-01,2.7856015711e-01,3.6829977843e+01
5.4167465022e+00,8.7294171264e+00,4.4258539474e-01,1.6394974420e-01,2.7863565053e-01,3.6912533931e+01
5.4181859778e+00,8.7344448867e+00,4.4279219653e-01,1.6408090738e-01,2.7871128916e-01,3.6995280210e+01
5.4196254533e+00,8.7394755428e+00,4.4299927133e-01,1.6421219824e-01,2.7878707309e-01,3.7078217119e+01
5.4210649289e+00,8.7445090964e+00,4.4320661931e-01,1.6434361689e-01,2.7886300242e-01,3.7161345098e+01
5.4225044044e+00,8.7495455490e+00,4.4341424069e-01,1.6447516343e-01,2.7893907726e-01,3.7244664589e+01
5.4239438800e+00,8.7545849025e+00,4.4362213564e-01,1.6460683794e-01,2.7901529770e-01,3.7328176035e+01
5.4253833555e+00,8.7596271583e+00,4.4383030438e-01,1.6473864053e-01,2.7909166385e-01,3.7411879878e+01
5.4268228311e+00,8.7646723183e+00,4.4403874708e-01,1.6487057128e-01,2.7916817580e-01,3.7495776564e+01
5.4282623066e+00,8.7697203841e+00,4.4424746395e-01,1.6500263029e-01,2.7924483367e-01,3.7579866537e+01
5.4297017822e+00,8.7747713574e+00,4.4445645519e-01,1.6513481766e-01,2.7932163753e-01,3.7664150246e+01
5.4311412577e+00,8.7798252397e+00,4.4466572099e-01,1.6526713348e-01,2.7939858751e-01,3.7748628136e+01
5.4325807333e+00,8.7848820329e+00,4.4487526154e-01,1.6539957784e-01,2.7947568370e-01,3.7833300656e+01
5.4340202088e+00,8.7899417386e+00,4.4508507704e-01,1.6553215085e-01,2.7955292619e-01,3.7918168257e+01
5.4354596844e+00,8.7950043585e+00,4.4529516769e-01,1.6566485260e-01,2.7963031510e-01,3.8003231389e+01
5.4368991599e+00,8.8000698942e+00,4.4550553369e-01,1.6579768318e-01,2.7970785051e-01,3.8088490503e+01
5.4383386355e+00,8.8051383474e+00,4.4571617523e-01,1.6593064269e-01,2.7978553254e-01,3.8173946053e+01
5.4397781110e+00,8.8102097199e+00,4.4592709251e-01,1.6606373122e-01,2.7986336129e-01,3.8259598492e+01
5.4412175866e+00,8.8152840132e+00,4.4613828573e-01,1.6619694888e-01,2.7994133685e-01,3.8345448276e+01
5.4426570621e+00,8.8203612291e+00,4.4634975508e-01,1.6633029575e-01,2.8001945932e-01,3.8431495859e+01
5.4440965377e+00,8.8254413692e+00,4.4656150076e-01,1.6646377194e-01,2.8009772882e-01,3.8517741699e+01
5.4455360133e+00,8.8305244353e+00,4.4677352297e-01,1.6659737753e-01,2.8017614543e-01,3.8604186254e+01
5.4469754888e+00,8.8356104290e+00,4.4698582190e-01,1.6673111263e-01,2.8025470927e-01,3.8690829984e+01
5.4484149644e+00,8.8406993520e+00,4.4719839776e-01,1.6686497734e-01,2.8033342043e-01,3.8777673347e+01
5.4498544399e+00,8.8457912061e+00,4.4741125075e-01,1.6699897174e-01,2.8041227901e-01,3.8864716806e+01
5.4512939155e+00,8.8508859927e+00,4.4762438105e-01,1.6713309593e-01,2.8049128512e-01,3.8951960823e+01
5.4527333910e+00,8.8559837138e+00,4.4783778888e-01,1.6726735002e-01,2.8057043886e-01,3.9039405861e+01
5.4541728666e+00,8.8610843709e+00,4.4805147442e-01,1.6740173410e-01,2.8064974033e-01,3.9127052384e+01
5.4556123421e+00,8.8661879658e+00,4.4826543789e-01,1.6753624826e-01,2.8072918963e-01,3.9214900858e+01
5.4570518177e+00,8.8712945002e+00,4.4847967947e-01,1.6767089260e-01,2.8080878687e-01,3.9302951750e+01
5.4584912932e+00,8.8764039756e+00,4.4869419937e-01,1.6780566723e-01,2.8088853214e-01,3.9391205527e+01
5.4599307688e+00,8.8815163939e+00,4.4890899778e-01,1.6794057223e-01,2.8096842555e-01,3.9479662657e+01
5.4613702443e+00,8.8866317568e+00,4.4912407491e-01,1.6807560770e-01,2.8104846721e-01,3.9568323611e+01
5.4628097199e+00,8.8917500658e+00,4.4933943096e-01,1.6821077375e-01,2.8112865721e-01,3.9657188860e+01
5.4642491954e+00,8.8968713228e+00,4.4955506612e-01,1.6834607047e-01,2.8120899565e-01,3.9746258875e+01
5.4656886710e+00,8.9019955294e+00,4.4977098060e-01,1.6848149795e-01,2.8128948265e-01,3.9835534130e+01
5.4671281465e+00,8.9071226873e+00,4.4998717460e-01,1.6861705630e-01,2.8137011830e-01,3.9925015099e+01
5.4685676221e+00,8.9122527982e+00,4.5020364831e-01,1.6875274561e-01,2.8145090270e-01,4.0014702256e+01
5.4700070976e+00,8.9173858639e+00,4.5042040194e-01,1.6888856598e-01,2.8153183596e-01,4.0104596079e+01
5.4714465732e+00,8.9225218860e+00,4.5063743569e-01,1.6902451751e-01,2.8161291819e-01,4.0194697044e+01
5.4728860487e+00,8.9276608662e+00,4.5085474976e-01,1.6916060029e-01,2.8169414947e-01,4.0285005631e+01
5.4743255243e+00,8.9328028062e+00,4.5107234436e-01,1.6929681443e-01,2.8177552993e-01,4.0375522319e+01
5.4757649998e+00,8.9379477077e+00,4.5129021968e-01,1.6943316002e-01,2.8185705965e-01,4.0466247588e+01
5.4772044754e+00,8.9430955725e+00,4.5150837592e-01,1.6956963717e-01,2.8193873875e-01,4.0557181921e+01
5.4786439509e+00,8.9482464022e+00,4.5172681329e-01,1.6970624596e-01,2.8202056733e-01,4.0648325801e+01
5.4800834265e+00,8.9534001986e+00,4.5194553199e-01,1.6984298651e-01,2.8210254548e-01,4.0739679711e+01
5.4815229021e+00,8.9585569634e+00,4.5216453222e-01,1.6997985890e-01,2.8218467332e-01,4.0831244137e+01
5.4829623776e+00,8.9637166982e+00,4.5238381419e-01,1.7011686323e-01,2.8226695095e-01,4.0923019565e+01
5.4844018532e+00,8.9688794048e+00,4.5260337809e-01,1.7025399962e-01,2.8234937847e-01,4.1015006483e+01
5.4858413287e+00,8.9740450849e+00,4.5282322413e-01,1.7039126814e-01,2.8243195599e-01,4.1107205380e+01
5.4872808043e+00,8.9792137401e+00,4.5304335252e-01,1.7052866891e-01,2.8251468360e-01,4.1199616744e+01
5.4887202798e+00,8.9843853723e+00,4.5326376345e-01,1.7066620203e-01,2.8259756142e-01,4.1292241067e+01
5.4901597554e+00,8.9895599832e+00,4.5348445713e-01,1.7080386758e-01,2.8268058955e-01,4.1385078841e+01
5.4915992309e+00,8.9947375744e+00,4.5370543376e-01,1.7094166568e-01,2.8276376808e-01,4.1478130559e+01
5.4930387065e+00,8.9999181476e+00,4.5392669355e-01,1.7107959642e-01,2.8284709714e-01,4.1571396715e+01
5.4944781820e+00,9.0051017047e+00,4.5414823671e-01,1.7121765990e-01,2.8293057681e-01,4.1664877804e+01
5.4959176576e+00,9.0102882472e+00,4.5437006342e-01,1.7135585622e-01,2.8301420721e-01,4.1758574324e+01
5.4973571331e+00,9.0154777770e+00,4.5459217391e-01,1.7149418548e-01,2.8309798844e-01,4.1852486772e+01
5.4987966087e+00,9.0206702957e+00,4.5481456837e-01,1.7163264778e-01,2.8318192060e-01,4.1946615646e+01
5.5002360842e+00,9.0258658050e+00,4.5503724701e-01,1.7177124322e-01,2.8326600379e-01,4.2040961447e+01
5.5016755598e+00,9.0310643068e+00,4.5526021004e-01,1.7190997190e-01,2.8335023813e-01,4.2135524676e+01
5.5031150353e+00,9.0362658026e+00,4.5548345765e-01,1.7204883393e-01,2.8343462372e-01,4.2230305835e+01
5.5045545109e+00,9.0414702943e+00,4.5570699006e-01,1.7218782939e-01,2.8351916067e-01,4.2325305427e+01
5.5059939864e+00,9.0466777835e+00,4.5593080746e-01,1.7232695840e-01,2.8360384906e-01,4.2420523958e+01
5.5074334620e+00,9.0518882721e+00,4.5615491008e-01,1.7246622105e-01,2.8368868903e-01,4.2515961933e+01
5.5088729375e+00,9.0571017616e+00,4.5637929810e-01,1.7260561744e-01,2.8377368066e-01,4.2611619858e+01
5.5103124131e+00,9.0623182539e+00,4.5660397174e-01,1.7274514768e-01,2.8385882406e-01,4.2707498243e+01
5.5117518886e+00,9.0675377506e+00,4.5682893121e-01,1.7288481187e-01,2.8394411934e-01,4.2803597596e+01
5.5131913642e+00,9.0727602536e+00,4.5705417670e-01,1.7302461010e-01,2.8402956660e-01,4.2899918428e+01
5.5146308397e+00,9.0779857645e+00,4.5727970843e-01,1.7316454248e-01,2.8411516596e-01,4.2996461251e+01
5.5160703153e+00,9.0832142850e+00,4.5750552661e-01,1.7330460910e-01,2.8420091751e-01,4.3093226577e+01
5.5175097909e+00,9.0884458170e+00,4.5773163143e-01,1.7344481008e-01,2.8428682135e-01,4.3190214920e+01
5.5189492664e+00,9.0936803621e+00,4.5795802312e-01,1.7358514551e-01,2.8437287761e-01,4.3287426796e+01
5.5203887420e+00,9.0989179220e+00,4.5818470186e-01,1.7372561549e-01,2.8445908638e-01,4.3384862721e+01
5.5218282175e+00,9.1041584986e+00,4.5841166788e-01,1.7386622012e-01,2.8454544776e-01,4.3482523213e+01
5.5232676931e+00,9.1094020934e+00,4.5863892139e-01,1.7400695951e-01,2.8463196187e-01,4.3580408790e+01
5.5247071686e+00,9.1146487084e+00,4.5886646258e-01,1.7414783377e-01,2.8471862881e-01,4.3678519973e+01
5.5261466442e+00,9.1198983452e+00,4.5909429166e-01,1.7428884298e-01,2.8480544869e-01,4.3776857282e+01
5.5275861197e+00,9.1251510056e+00,4.5932240885e-01,1.7442998725e-01,2.8489242160e-01,4.3875421241e+01
5.5290255953e+00,9.1304066912e+00,4.5955081436e-01,1.7457126669e-01,2.8497954767e-01,4.3974212371e+01
5.5304650708e+00,9.1356654039e+00,4.5977950838e-01,1.7471268139e-01,2.8506682699e-01,4.4073231200e+01
5.5319045464e+00,9.1409271454e+00,4.6000849114e-01,1.7485423147e-01,2.8515425968e-01,4.4172478251e+01
5.5333440219e+00,9.1461919174e+00,4.6023776284e-01,1.7499591701e-01,2.8524184583e-01,4.4271954054e+01
5.5347834975e+00,9.1514597217e+00,4.6046732369e-01,1.7513773813e-01,2.8532958555e-01,4.4371659136e+01
5.5362229730e+00,9.1567305600e+00,4.6069717389e-01,1.7527969493e-01,2.8541747896e-01,4.4471594026e+01
5.5376624486e+00,9.1620044341e+00,4.6092731367e-01,1.7542178751e-01,2.8550552616e-01,4.4571759256e+01
5.5391019241e+00,9.1672813457e+00,4.6115774322e-01,1.7556401597e-01,2.8559372725e-01,4.4672155358e+01
5.5405413997e+00,9.1725612966e+00,4.6138846276e-01,1.7570638041e-01,2.8568208235e-01,4.4772782866e+01
5.5419808752e+00,9.1778442885e+00,4.6161947250e-01,1.7584888095e-01,2.8577059155e-01,4.4873642313e+01
5.5434203508e+00,9.1831303232e+00,4.6185077265e-01,1.7599151768e-01,2.8585925498e-01,4.4974734235e+01
5.5448598263e+00,9.1884194023e+00,4.6208236342e-01,1.7613429070e-01,2.8594807272e-01,4.5076059171e+01
5.5462993019e+00,9.1937115278e+00,4.6231424502e-01,1.7627720012e-01,2.8603704490e-01,4.5177617657e+01
5.5477387774e+00,9.1990067013e+00,4.6254641766e-01,1.7642024604e-01,2.8612617162e-01,4.5279410234e+01
5.5491782530e+00,9.2043049246e+00,4.6277888156e-01,1.7656342858e-01,2.8621545298e-01,4.5381437442e+01
5.5506177285e+00,9.2096061994e+00,4.6301163692e-01,1.7670674782e-01,2.8630488910e-01,4.5483699824e+01
5.5520572041e+00,9.2149105276e+00,4.6324468395e-01,1.7685020387e-01,2.8639448008e-01,4.5586197922e+01
5.5534966797e+00,9.2202179107e+00,4.6347802288e-01,1.7699379684e-01,2.8648422603e-01,4.5688932282e+01
5.5549361552e+00,9.2255283508e+00,4.6371165390e-01,1.7713752684e-01,2.8657412706e-01,4.5791903448e+01
5.5563756308e+00,9.2308418493e+00,4.6394557723e-01,1.7728139396e-01,2.8666418327e-01,4.5895111969e+01
5.5578151063e+00,9.2361584083e+00,4.6417979309e-01,1.7742539831e-01,2.8675439478e-01,4.5998558392e+01
5.5592545819e+00,9.2414780293e+00,4.6441430169e-01,1.7756954000e-01,2.8684476169e-01,4.6102243267e+01
5.5606940574e+00,9.2468007142e+00,4.6464910323e-01,1.7771381912e-01,2.8693528411e-01,4.6206167145e+01
5.5621335330e+00,9.2521264648e+00,4.6488419794e-01,1.7785823579e-01,2.8702596215e-01,4.6310330578e+01
5.5635730085e+00,9.2574552827e+00,4.6511958603e-01,1.7800279011e-01,2.8711679591e-01,4.6414734119e+01
5.5650124841e+00,9.2627871698e+00,4.6535526770e-01,1.7814748219e-01,2.8720778551e-01,4.6519378324e+01
5.5664519596e+00,9.2681221278e+00,4.6559124318e-01,1.7829231212e-01,2.8729893106e-01,4.6624263747e+01
5.5678914352e+00,9.2734601585e+00,4.6582751267e-01,1.7843728001e-01,2.8739023266e-01,4.6729390947e+01
5.5693309107e+00,9.2788012638e+00,4.6606407639e-01,1.7858238597e-01,2.8748169042e-01,4.6834760482e+01
5.5707703863e+00,9.2841454452e+00,4.6630093456e-01,1.7872763011e-01,2.8757330444e-01,4.6940372911e+01
5.5722098618e+00,9.2894927047e+00,4.6653808738e-01,1.7887301253e-01,2.8766507485e-01,4.7046228796e+01
5.5736493374e+00,9.2948430439e+00,4.6677553508e-01,1.7901853333e-01,2.8775700175e-01,4.7152328700e+01
5.5750888129e+00,9.3001964647e+00,4.6701327787e-01,1.7916419262e-01,2.8784908525e-01,4.7258673185e+01
5.5765282885e+00,9.3055529688e+00,4.6725131596e-01,1.7930999051e-01,2.8794132545e-01,4.7365262818e+01
5.5779677640e+00,9.3109125581e+00,4.6748964957e-01,1.7945592710e-01,2.8803372247e-01,4.7472098163e+01
5.5794072396e+00,9.3162752342e+00,4.6772827891e-01,1.7960200250e-01,2.8812627641e-01,4.7579179790e+01
5.5808467151e+00,9.3216409990e+00,4.6796720420e-01,1.7974821681e-01,2.8821898739e-01,4.7686508267e+01
5.5822861907e+00,9.3270098543e+00,4.6820642566e-01,1.7989457014e-01,2.8831185552e-01,4.7794084163e+01
5.5837256662e+00,9.3323818018e+00,4.6844594349e-01,1.8004106260e-01,2.8840488089e-01,4.7901908052e+01
5.5851651418e+00,9.3377568432e+00,4.6868575793e-01,1.8018769429e-01,2.8849806364e-01,4.8009980505e+01
5.5866046173e+00,9.3431349805e+00,4.6892586917e-01,1.8033446532e-01,2.8859140385e-01,4.8118302097e+01
5.5880440929e+00,9.3485162153e+00,4.6916627745e-01,1.8048137580e-01,2.8868490165e-01,4.8226873403e+01
5.5894835685e+00,9.3539005495e+00,4.6940698297e-01,1.8062842582e-01,2.8877855715e-01,4.8335695001e+01
5.5909230440e+00,9.3592879849e+00,4.6964798595e-01,1.8077561551e-01,2.8887237045e-01,4.8444767468e+01
5.5923625196e+00,9.3646785231e+00,4.6988928662e-01,1.8092294496e-01,2.8896634166e-01,4.8554091384e+01
5.5938019951e+00,9.3700721661e+00,4.7013088518e-01,1.8107041429e-01,2.8906047090e-01,4.8663667330e+01
5.5952414707e+00,9.3754689155e+00,4.7037278186e-01,1.8121802359e-01,2.8915475827e-01,4.8773495888e+01
5.5966809462e+00,9.3808687733e+00,4.7061497687e-01,1.8136577298e-01,2.8924920389e-01,4.8883577642e+01
5.5981204218e+00,9.3862717411e+00,4.7085747043e-01,1.8151366257e-01,2.8934380786e-01,4.8993913177e+01
5.5995598973e+00,9.3916778209e+00,4.7110026276e-01,1.8166169246e-01,2.8943857030e-01,4.9104503078e+01
5.6009993729e+00,9.3970870142e+00,4.7134335407e-01,1.8180986275e-01,2.8953349132e-01,4.9215347934e+01
5.6024388484e+00,9.4024993231e+00,4.7158674460e-01,1.8195817357e-01,2.8962857103e-01,4.9326448333e+01
5.6038783240e+00,9.4079147492e+00,4.7183043454e-01,1.8210662501e-01,2.8972380953e-01,4.9437804867e+01
5.6053177995e+00,9.4133332943e+00,4.7207442413e-01,1.8225521718e-01,2.8981920695e-01,4.9549418125e+01
5.6067572751e+00,9.4187549603e+00,4.7231871358e-01,1.8240395019e-01,2.8991476339e-01,4.9661288702e+01
5.6081967506e+00,9.4241797489e+00,4.7256330311e-01,1.8255282415e-01,2.9001047896e-01,4.9773417193e+01
5.6096362262e+00,9.4296076619e+00,4.7280819294e-01,1.8270183917e-01,2.9010635377e-01,4.9885804192e+01
5.6110757017e+00,9.4350387012e+00,4.7305338330e-01,1.8285099535e-01,2.9020238794e-01,4.9998450297e+01
5.6125151773e+00,9.4404728686e+00,4.7329887439e-01,1.8300029281e-01,2.9029858158e-01,5.0111356107e+01
5.6139546528e+00,9.4459101658e+00,4.7354466645e-01,1.8314973165e-01,2.9039493480e-01,5.0224522221e+01
5.6153941284e+00,9.4513505946e+00,4.7379075968e-01,1.8329931198e-01,2.9049144770e-01,5.0337949241e+01
5.6168336039e+00,9.4567941569e+00,4.7403715432e-01,1.8344903391e-01,2.9058812041e-01,5.0451637770e+01
5.6182730795e+00,9.4622408544e+00,4.7428385058e-01,1.8359889754e-01,2.9068495303e-01,5.0565588411e+01
5.6197125550e+00,9.4676906890e+00,4.7453084868e-01,1.8374890300e-01,2.9078194568e-01,5.0679801771e+01
5.6211520306e+00,9.4731436624e+00,4.7477814884e-01,1.8389905038e-01,2.9087909847e-01,5.0794278455e+01
5.6225915061e+00,9.4785997765e+00,4.7502575129e-01,1.8404933979e-01,2.9097641150e-01,5.0909019074e+01
5.6240309817e+00,9.4840590331e+00,4.7527365625e-01,1.8419977135e-01,2.9107388490e-01,5.1024024235e+01
5.6254704573e+00,9.4895214340e+00,4.7552186394e-01,1.8435034517e-01,2.9117151877e-01,5.1139294550e+01
5.6269099328e+00,9.4949869810e+00,4.7577037457e-01,1.8450106134e-01,2.9126931323e-01,5.1254830633e+01
5.6283494084e+00,9.5004556759e+00,4.7601918838e-01,1.8465191999e-01,2.9136726839e-01,5.1370633096e+01
5.6297888839e+00,9.5059275206e+00,4.7626830559e-01,1.8480292123e-01,2.9146538436e-01,5.1486702555e+01
5.6312283595e+00,9.5114025167e+00,4.7651772641e-01,1.8495406515e-01,2.9156366126e-01,5.1603039627e+01
5.6326678350e+00,9.5168806663e+00,4.7676745107e-01,1.8510535188e-01,2.9166209919e-01,5.1719644930e+01
5.6341073106e+00,9.5223619710e+00,4.7701747979e-01,1.8525678152e-01,2.9176069827e-01,5.1836519084e+01
5.6355467861e+00,9.5278464327e+00,4.7726781281e-01,1.8540835419e-01,2.9185945862e-01,5.1953662710e+01
5.6369862617e+00,9.5333340532e+00,4.7751845033e-01,1.8556006998e-01,2.9195838034e-01,5.2071076430e+01
5.6384257372e+00,9.5388248343e+00,4.7776939258e-01,1.8571192902e-01,2.9205746356e-01,5.2188760868e+01
5.6398652128e+00,9.5443187779e+00,4.7802063979e-01,1.8586393142e-01,2.9215670837e-01,5.2306716650e+01
5.6413046883e+00,9.5498158858e+00,4.7827219218e-01,1.8601607727e-01,2.9225611490e-01,5.2424944403e+01
5.6427441639e+00,9.5553161597e+00,4.7852404997e-01,1.8616836671e-01,2.9235568327e-01,5.2543444754e+01
5.6441836394e+00,9.5608196016e+00,4.7877621340e-01,1.8632079983e-01,2.9245541357e-01,5.2662218334e+01
5.6456231150e+00,9.5663262132e+00,4.7902868268e-01,1.8647337674e-01,2.9255530593e-01,5.2781265773e+01
5.6470625905e+00,9.5718359964e+00,4.7928145803e-01,1.8662609757e-01,2.9265536047e-01,5.2900587705e+01
5.6485020661e+00,9.5773489529e+00,4.7953453969e-01,1.8677896241e-01,2.9275557728e-01,5.3020184763e+01
5.6499415416e+00,9.5828650847e+00,4.7978792788e-01,1.8693197138e-01,2.9285595650e-01,5.3140057583e+01
5.6513810172e+00,9.5883843935e+00,4.8004162283e-01,1.8708512460e-01,2.9295649823e-01,5.3260206802e+01
5.6528204927e+00,9.5939068812e+00,4.8029562475e-01,1.8723842217e-01,2.9305720258e-01,5.3380633058e+01
5.6542599683e+00,9.5994325497e+00,4.8054993388e-01,1.8739186420e-01,2.9315806968e-01,5.3501336992e+01
5.6556994438e+00,9.6049614006e+00,4.8080455044e-01,1.8754545081e-01,2.9325909963e-01,5.3622319245e+01
5.6571389194e+00,9.6104934360e+00,4.8105947466e-01,1.8769918211e-01,2.9336029255e-01,5.3743580460e+01
5.6585783949e+00,9.6160286575e+00,4.8131470676e-01,1.8785305821e-01,2.9346164855e-01,5.3865121281e+01
5.6600178705e+00,9.6215670671e+00,4.8157024697e-01,1.8800707922e-01,2.9356316775e-01,5.3986942354e+01
5.6614573461e+00,9.6271086666e+00,4.8182609552e-01,1.8816124525e-01,2.9366485027e-01,5.4109044327e+01
5.6628968216e+00,9.6326534578e+00,4.8208225263e-01,1.8831555643e-01,2.9376669621e-01,5.4231427848e+01
5.6643362972e+00,9.6382014425e+00,4.8233871854e-01,1.8847001285e-01,2.9386870569e-01,5.4354093568e+01
5.6657757727e+00,9.6437526227e+00,4.8259549347e-01,1.8862461463e-01,2.9397087884e-01,5.4477042139e+01
5.6672152483e+00,9.6493070000e+00,4.8285257764e-01,1.8877936189e-01,2.9407321575e-01,5.4600274214e+01
5.6686547238e+00,9.6548645765e+00,4.8310997129e-01,1.8893425473e-01,2.9417571656e-01,5.4723790448e+01
5.6700941994e+00,9.6604253539e+00,4.8336767464e-01,1.8908929327e-01,2.9427838136e-01,5.4847591498e+01
5.6715336749e+00,9.6659893340e+00,4.8362568792e-01,1.8924447763e-01,2.9438121029e-01,5.4971678021e+01
5.6729731505e+00,9.6715565187e+00,4.8388401136e-01,1.8939980791e-01,2.9448420345e-01,5.5096050677e+01
5.6744126260e+00,9.6771269099e+00,4.8414264519e-01,1.8955528423e-01,2.9458736096e-01,5.5220710127e+01
5.6758521016e+00,9.6827005094e+00,4.8440158963e-01,1.8971090670e-01,2.9469068293e-01,5.5345657033e+01
5.6772915771e+00,9.6882773191e+00,4.8466084493e-01,1.8986667544e-01,2.9479416949e-01,5.5470892060e+01
5.6787310527e+00,9.6938573407e+00,4.8492041130e-01,1.9002259056e-01,2.9489782074e-01,5.5596415873e+01
5.6801705282e+00,9.6994405762e+00,4.8518028897e-01,1.9017865217e-01,2.9500163680e-01,5.5722229138e+01
5.6816100038e+00,9.7050270274e+00,4.8544047818e-01,1.9033486038e-01,2.9510561780e-01,5.5848332526e+01
5.6830494793e+00,9.7106166961e+00,4.8570097915e-01,1.9049121532e-01,2.9520976383e-01,5.5974726706e+01
5.6844889549e+00,9.7162095843e+00,4.8596179212e-01,1.9064771709e-01,2.9531407503e-01,5.6101412349e+01
5.6859284304e+00,9.7218056937e+00,4.8622291732e-01,1.9080436581e-01,2.9541855151e-01,5.6228390129e+01
5.6873679060e+00,9.7274050262e+00,4.8648435497e-01,1.9096116159e-01,2.9552319338e-01,5.6355660721e+01
5.6888073815e+00,9.7330075837e+00,4.8674610530e-01,1.9111810454e-01,2.9562800076e-01,5.6483224801e+01
5.6902468571e+00,9.7386133680e+00,4.8700816856e-01,1.9127519479e-01,2.9573297377e-01,5.6611083048e+01
5.6916863326e+00,9.7442223810e+00,4.8727054496e-01,1.9143243244e-01,2.9583811252e-01,5.6739236140e+01
5.6931258082e+00,9.7498346245e+00,4.8753323475e-01,1.9158981762e-01,2.9594341713e-01,5.6867684759e+01
5.6945652837e+00,9.7554501005e+00,4.8779623814e-01,1.9174735043e-01,2.9604888772e-01,5.6996429588e+01
5.6960047593e+00,9.7610688107e+00,4.8805955538e-01,1.9190503098e-01,2.9615452440e-01,5.7125471310e+01
5.6974442349e+00,9.7666907570e+00,4.8832318670e-01,1.9206285941e-01,2.9626032729e-01,5.7254810612e+01
5.6988837104e+00,9.7723159414e+00,4.8858713232e-01,1.9222083581e-01,2.9636629652e-01,5.7384448181e+01
5.7003231860e+00,9.7779443656e+00,4.8885139249e-01,1.9237896031e-01,2.9647243218e-01,5.7514384706e+01
5.7017626615e+00,9.7835760315e+00,4.8911596743e-01,1.9253723302e-01,2.9657873441e-01,5.7644620877e+01
5.7032021371e+00,9.7892109410e+00,4.8938085738e-01,1.9269565405e-01,2.9668520333e-01,5.7775157388e+01
5.7046416126e+00,9.7948490960e+00,4.8964606256e-01,1.9285422352e-01,2.9679183904e-01,5.7905994931e+01
5.7060810882e+00,9.8004904983e+00,4.8991158322e-01,1.9301294156e-01,2.9689864166e-01,5.8037134202e+01
5.7075205637e+00,9.8061351498e+00,4.9017741958e-01,1.9317180826e-01,2.9700561132e-01,5.8168575897e+01
5.7089600393e+00,9.8117830523e+00,4.9044357189e-01,1.9333082375e-01,2.9711274814e-01,5.8300320717e+01
5.7103995148e+00,9.8174342078e+00,4.9071004037e-01,1.9348998815e-01,2.9722005222e-01,5.8432369360e+01
5.7118389904e+00,9.8230886182e+00,4.9097682525e-01,1.9364930157e-01,2.9732752369e-01,5.8564722529e+01
5.7132784659e+00,9.8287462852e+00,4.9124392678e-01,1.9380876412e-01,2.9743516266e-01,5.8697380927e+01
5.7147179415e+00,9.8344072108e+00,4.9151134519e-01,1.9396837593e-01,2.9754296926e-01,5.8830345259e+01
5.7161574170e+00,9.8400713968e+00,4.9177908071e-01,1.9412813711e-01,2.9765094360e-01,5.8963616232e+01
5.7175968926e+00,9.8457388452e+00,4.9204713358e-01,1.9428804777e-01,2.9775908580e-01,5.9097194554e+01
5.7190363681e+00,9.8514095577e+00,4.9231550403e-01,1.9444810804e-01,2.9786739599e-01,5.9231080935e+01
5.7204758437e+00,9.8570835364e+00,4.9258419230e-01,1.9460831803e-01,2.9797587427e-01,5.9365276087e+01
5.7219153192e+00,9.8627607830e+00,4.9285319862e-01,1.9476867785e-01,2.9808452077e-01,5.9499780723e+01
5.7233547948e+00,9.8684412994e+00,4.9312252323e-01,1.9492918763e-01,2.9819333560e-01,5.9634595558e+01
5.7247942703e+00,9.8741250876e+00,4.9339216636e-01,1.9508984748e-01,2.9830231889e-01,5.9769721309e+01
5.7262337459e+00,9.8798121494e+00,4.9366212826e-01,1.9525065751e-01,2.9841147075e-01,5.9905158693e+01
5.7276732214e+00,9.8855024867e+00,4.9393240916e-01,1.9541161785e-01,2.9852079131e-01,6.0040908431e+01
5.7291126970e+00,9.8911961013e+00,4.9420300929e-01,1.9557272862e-01,2.9863028067e-01,6.0176971244e+01
5.7305521725e+00,9.8968929953e+00,4.9447392890e-01,1.9573398992e-01,2.9873993897e-01,6.0313347855e+01
5.7319916481e+00,9.9025931704e+00,4.9474516821e-01,1.9589540189e-01,2.9884976633e-01,6.0450038990e+01
5.7334311237e+00,9.9082966285e+00,4.9501672747e-01,1.9605696462e-01,2.9895976285e-01,6.0587045374e+01
5.7348705992e+00,9.9140033716e+00,4.9528860692e-01,1.9621867826e-01,2.9906992866e-01,6.0724367736e+01
5.7363100748e+00,9.9197134015e+00,4.9556080679e-01,1.9638054290e-01,2.9918026389e-01,6.0862006806e+01
5.7377495503e+00,9.9254267202e+00,4.9583332732e-01,1.9654255868e-01,2.9929076864e-01,6.0999963315e+01
5.7391890259e+00,9.9311433294e+00,4.9610616874e-01,1.9670472570e-01,2.9940144304e-01,6.1138237997e+01
5.7406285014e+00,9.9368632312e+00,4.9637933131e-01,1.9686704409e-01,2.9951228722e-01,6.1276831587e+01
5.7420679770e+00,9.9425864274e+00,4.9665281525e-01,1.9702951397e-01,2.9962330128e-01,6.1415744821e+01
5.7435074525e+00,9.9483129199e+00,4.9692662081e-01,1.9719213545e-01,2.9973448536e-01,6.1554978438e+01
5.7449469281e+00,9.9540427106e+00,4.9720074822e-01,1.9735490865e-01,2.9984583956e-01,6.1694533178e+01
5.7463864036e+00,9.9597758014e+00,4.9747519772e-01,1.9751783370e-01,2.9995736402e-01,6.1834409782e+01
5.7478258792e+00,9.9655121943e+00,4.9774996955e-01,1.9768091070e-01,3.0006905885e-01,6.1974608994e+01
5.7492653547e+00,9.9712518910e+00,4.9802506396e-01,1.9784413979e-01,3.0018092418e-01,6.2115131560e+01
5.7507048303e+00,9.9769948936e+00,4.9830048119e-01,1.9800752107e-01,3.0029296011e-01,6.2255978225e+01
5.7521443058e+00,9.9827412038e+00,4.9857622146e-01,1.9817105468e-01,3.0040516679e-01,6.2397149740e+01
5.7535837814e+00,9.9884908237e+00,4.9885228503e-01,1.9833474072e-01,3.0051754431e-01,6.2538646854e+01
5.7550232569e+00,9.9942437551e+00,4.9912867213e-01,1.9849857932e-01,3.0063009282e-01,6.2680470319e+01
5.7564627325e+00,1.0000000000e+01,4.9940538301e-01,1.9866257059e-01,3.0074281242e-01,6.2822620889e+01
