tau=beta*t,lambda,sigma_total_over_mu,sigma_surviving_over_mu,sigma_recrosslinked_over_mu,sigma_elastic_over_mu
0.0000000000e+00,1.0000000000e+00,0.0000000000e+00,0.0000000000e+00,0.0000000000e+00,0.0000000000e+00
2.8789511040e-03,1.0005759560e+00,2.2985193470e-03,2.2952154405e-03,3.3039065132e-06,2.3018327744e-03
5.7579022080e-03,1.0011522438e+00,4.5877744770e-03,4.5745854636e-03,1.3189013343e-05,4.6010014568e-03
8.6368533121e-03,1.0017288634e+00,6.8677841590e-03,6.8381781339e-03,2.9606025114e-05,6.8974942590e-03
1.1515804416e-02,1.0023058152e+00,9.1385672029e-03,9.0860613324e-03,5.2505870461e-05,9.1912994253e-03
1.4394755520e-02,1.0028830993e+00,1.1400142459e-02,1.1318302757e-02,8.1839701371e-05,1.1482405232e-02
1.7273706624e-02,1.0034607158e+00,1.3652528817e-02,1.3534969924e-02,1.1755889253e-04,1.3770799990e-02
2.0152657728e-02,1.0040386651e+00,1.5895745207e-02,1.5736130167e-02,1.5961504068e-04,1.6056472040e-02
2.3031608832e-02,1.0046169472e+00,1.8129810600e-02,1.7921850636e-02,2.0795996393e-04,1.8339409761e-02
2.5910559936e-02,1.0051955624e+00,2.0354744005e-02,2.0092198303e-02,2.6254570117e-04,2.0619601563e-02
2.8789511040e-02,1.0057745108e+00,2.2570564468e-02,2.2247239957e-02,3.2332451135e-04,2.2897035890e-02
3.1668462144e-02,1.0063537927e+00,2.4777291079e-02,2.4387042206e-02,3.9024887290e-04,2.5171701225e-02
3.4547413248e-02,1.0069334082e+00,2.6974942961e-02,2.6511671478e-02,4.6327148303e-04,2.7443586082e-02
3.7426364352e-02,1.0075133576e+00,2.9163539280e-02,2.8621194023e-02,5.4234525712e-04,2.9712679012e-02
4.0305315456e-02,1.0080936409e+00,3.1343099235e-02,3.0715675907e-02,6.2742332806e-04,3.1978968604e-02
4.3184266560e-02,1.0086742585e+00,3.3513642068e-02,3.2795183022e-02,7.1845904562e-04,3.4242443481e-02
4.6063217664e-02,1.0092552106e+00,3.5675187053e-02,3.4859781078e-02,8.1540597579e-04,3.6503092305e-02
4.8942168768e-02,1.0098364972e+00,3.7827753506e-02,3.6909535606e-02,9.1821790018e-04,3.8760903774e-02
5.1821119872e-02,1.0104181186e+00,3.9971360776e-02,3.8944511960e-02,1.0268488153e-03,4.1015866623e-02
5.4700070976e-02,1.0110000750e+00,4.2106028249e-02,4.0964775317e-02,1.1412529321e-03,4.3267969627e-02
5.7579022080e-02,1.0115823666e+00,4.4231775350e-02,4.2970390675e-02,1.2613846751e-03,4.5517201599e-02
6.0457973184e-02,1.0121649935e+00,4.6348621537e-02,4.4961422855e-02,1.3871986818e-03,4.7763551390e-02
6.3336924288e-02,1.0127479560e+00,4.8456586304e-02,4.6937936501e-02,1.5186498024e-03,5.0007007890e-02
6.6215875392e-02,1.0133312543e+00,5.0555689180e-02,4.8899996082e-02,1.6556930987e-03,5.2247560029e-02
6.9094826496e-02,1.0139148885e+00,5.2645949731e-02,5.0847665888e-02,1.7982838435e-03,5.4485196778e-02
7.1973777600e-02,1.0144988589e+00,5.4727387555e-02,5.2781010035e-02,1.9463775206e-03,5.6719907147e-02
7.4852728704e-02,1.0150831657e+00,5.6800022286e-02,5.4700092463e-02,2.0999298231e-03,5.8951680188e-02
7.7731679809e-02,1.0156678089e+00,5.8863873591e-02,5.6604976937e-02,2.2588966540e-03,6.1180504992e-02
8.0610630913e-02,1.0162527889e+00,6.0918961170e-02,5.8495727046e-02,2.4232341244e-03,6.3406370694e-02
8.3489582017e-02,1.0168381058e+00,6.2965304758e-02,6.0372406205e-02,2.5928985538e-03,6.5629266468e-02
8.6368533121e-02,1.0174237598e+00,6.5002924123e-02,6.2235077654e-02,2.7678464690e-03,6.7849181533e-02
8.9247484225e-02,1.0180097512e+00,6.7031839063e-02,6.4083804460e-02,2.9480346036e-03,7.0066105149e-02
9.2126435329e-02,1.0185960800e+00,6.9052069412e-02,6.5918649515e-02,3.1334198972e-03,7.2280026618e-02
9.5005386433e-02,1.0191827466e+00,7.1063635032e-02,6.7739675537e-02,3.3239594952e-03,7.4490935287e-02
9.7884337537e-02,1.0197697510e+00,7.3066555821e-02,6.9546945073e-02,3.5196107478e-03,7.6698820546e-02
1.0076328864e-01,1.0203570935e+00,7.5060851705e-02,7.1340520495e-02,3.7203312095e-03,7.8903671829e-02
1.0364223974e-01,1.0209447743e+00,7.7046542641e-02,7.3120464003e-02,3.9260786386e-03,8.1105478613e-02
1.0652119085e-01,1.0215327936e+00,7.9023648620e-02,7.4886837623e-02,4.1368109964e-03,8.3304230422e-02
1.0940014195e-01,1.0221211516e+00,8.0992189659e-02,7.6639703212e-02,4.3524864467e-03,8.5499916823e-02
1.1227909306e-01,1.0227098484e+00,8.2952185807e-02,7.8379122452e-02,4.5730633551e-03,8.7692527429e-02
1.1515804416e-01,1.0232988843e+00,8.4903657144e-02,8.0105156855e-02,4.7985002886e-03,8.9882051899e-02
1.1803699526e-01,1.0238882595e+00,8.6846623776e-02,8.1817867761e-02,5.0287560146e-03,9.2068479938e-02
1.2091594637e-01,1.0244779741e+00,8.8781105840e-02,8.3517316339e-02,5.2637895009e-03,9.4251801295e-02
1.2379489747e-01,1.0250680283e+00,9.0707123502e-02,8.5203563587e-02,5.5035599143e-03,9.6432005770e-02
1.2667384858e-01,1.0256584224e+00,9.2624696954e-02,8.6876670333e-02,5.7480266207e-03,9.8609083206e-02
1.2955279968e-01,1.0262491566e+00,9.4533846418e-02,8.8536697233e-02,5.9971491842e-03,1.0078302350e-01
1.3243175078e-01,1.0268402310e+00,9.6434592142e-02,9.0183704775e-02,6.2508873663e-03,1.0295381658e-01
1.3531070189e-01,1.0274316458e+00,9.8326954402e-02,9.1817753276e-02,6.5092011258e-03,1.0512145244e-01
1.3818965299e-01,1.0280234012e+00,1.0021095350e-01,9.3438902882e-02,6.7720506177e-03,1.0728592112e-01
1.4106860410e-01,1.0286154975e+00,1.0208660977e-01,9.5047213573e-02,7.0393961928e-03,1.0944721270e-01
1.4394755520e-01,1.0292079348e+00,1.0395394355e-01,9.6642745155e-02,7.3111983973e-03,1.1160531731e-01
1.4682650630e-01,1.0298007133e+00,1.0581297524e-01,9.8225557270e-02,7.5874179718e-03,1.1376022514e-01
1.4970545741e-01,1.0303938332e+00,1.0766372524e-01,9.9795709389e-02,7.8680158509e-03,1.1591192642e-01
1.5258440851e-01,1.0309872947e+00,1.0950621398e-01,1.0135326081e-01,8.1529531628e-03,1.1806041142e-01
1.5546335962e-01,1.0315810981e+00,1.1134046191e-01,1.0289827068e-01,8.4421912283e-03,1.2020567049e-01
1.5834231072e-01,1.0321752434e+00,1.1316648951e-01,1.0443079795e-01,8.7356915606e-03,1.2234769400e-01
1.6122126183e-01,1.0327697309e+00,1.1498431729e-01,1.0595090142e-01,9.0334158644e-03,1.2448647239e-01
1.6410021293e-01,1.0333645609e+00,1.1679396577e-01,1.0745863973e-01,9.3353260354e-03,1.2662199614e-01
1.6697916403e-01,1.0339597334e+00,1.1859545550e-01,1.0895407134e-01,9.6413841600e-03,1.2875425578e-01
1.6985811514e-01,1.0345552488e+00,1.2038880706e-01,1.1043725455e-01,9.9515525141e-03,1.3088324191e-01
1.7273706624e-01,1.0351511071e+00,1.2217404104e-01,1.1190824747e-01,1.0265793563e-02,1.3300894516e-01
1.7561601735e-01,1.0357473086e+00,1.2395117805e-01,1.1336710809e-01,1.0584069961e-02,1.3513135622e-01
1.7849496845e-01,1.0363438535e+00,1.2572023873e-01,1.1481389418e-01,1.0906344549e-02,1.3725046584e-01
1.8137391955e-01,1.0369407420e+00,1.2748124375e-01,1.1624866339e-01,1.1232580359e-02,1.3936626481e-01
1.8425287066e-01,1.0375379742e+00,1.2923421377e-01,1.1767147317e-01,1.1562740605e-02,1.4147874398e-01
1.8713182176e-01,1.0381355505e+00,1.3097916951e-01,1.1908238082e-01,1.1896788690e-02,1.4358789425e-01
1.9001077287e-01,1.0387334709e+00,1.3271613168e-01,1.2048144348e-01,1.2234688204e-02,1.4569370658e-01
1.9288972397e-01,1.0393317357e+00,1.3444512103e-01,1.2186871811e-01,1.2576402920e-02,1.4779617198e-01
1.9576867507e-01,1.0399303451e+00,1.3616615830e-01,1.2324426150e-01,1.2921896796e-02,1.4989528152e-01
1.9864762618e-01,1.0405292992e+00,1.3787926428e-01,1.2460813030e-01,1.3271133975e-02,1.5199102630e-01
2.0152657728e-01,1.0411285983e+00,1.3958445976e-01,1.2596038098e-01,1.3624078781e-02,1.5408339751e-01
2.0440552839e-01,1.0417282426e+00,1.4128176556e-01,1.2730106984e-01,1.3980695724e-02,1.5617238637e-01
2.0728447949e-01,1.0423282323e+00,1.4297120252e-01,1.2863025302e-01,1.4340949494e-02,1.5825798417e-01
2.1016343059e-01,1.0429285675e+00,1.4465279147e-01,1.2994798650e-01,1.4704804964e-02,1.6034018223e-01
2.1304238170e-01,1.0435292485e+00,1.4632655328e-01,1.3125432609e-01,1.5072227187e-02,1.6241897196e-01
2.1592133280e-01,1.0441302754e+00,1.4799250884e-01,1.3254932744e-01,1.5443181397e-02,1.6449434481e-01
2.1880028391e-01,1.0447316485e+00,1.4965067905e-01,1.3383304604e-01,1.5817633007e-02,1.6656629227e-01
2.2167923501e-01,1.0453333680e+00,1.5130108481e-01,1.3510553720e-01,1.6195547612e-02,1.6863480592e-01
2.2455818611e-01,1.0459354341e+00,1.5294374706e-01,1.3636685608e-01,1.6576890984e-02,1.7069987737e-01
2.2743713722e-01,1.0465378469e+00,1.5457868675e-01,1.3761705768e-01,1.6961629072e-02,1.7276149829e-01
2.3031608832e-01,1.0471406066e+00,1.5620592482e-01,1.3885619682e-01,1.7349728004e-02,1.7481966042e-01
2.3319503943e-01,1.0477437136e+00,1.5782548226e-01,1.4008432818e-01,1.7741154086e-02,1.7687435554e-01
2.3607399053e-01,1.0483471679e+00,1.5943738005e-01,1.4130150625e-01,1.8135873799e-02,1.7892557551e-01
2.3895294163e-01,1.0489509697e+00,1.6104163919e-01,1.4250778539e-01,1.8533853801e-02,1.8097331223e-01
2.4183189274e-01,1.0495551194e+00,1.6263828069e-01,1.4370321976e-01,1.8935060924e-02,1.8301755766e-01
2.4471084384e-01,1.0501596170e+00,1.6422732557e-01,1.4488786340e-01,1.9339462176e-02,1.8505830382e-01
2.4758979495e-01,1.0507644627e+00,1.6580879488e-01,1.4606177014e-01,1.9747024739e-02,1.8709554278e-01
2.5046874605e-01,1.0513696568e+00,1.6738270966e-01,1.4722499370e-01,2.0157715968e-02,1.8912926670e-01
2.5334769715e-01,1.0519751995e+00,1.6894909098e-01,1.4837758758e-01,2.0571503391e-02,1.9115946776e-01
2.5622664826e-01,1.0525810910e+00,1.7050795989e-01,1.4951960518e-01,2.0988354711e-02,1.9318613821e-01
2.5910559936e-01,1.0531873314e+00,1.7205933749e-01,1.5065109969e-01,2.1408237800e-02,1.9520927038e-01
2.6198455047e-01,1.0537939210e+00,1.7360324486e-01,1.5177212416e-01,2.1831120702e-02,1.9722885663e-01
2.6486350157e-01,1.0544008599e+00,1.7513970312e-01,1.5288273148e-01,2.2256971633e-02,1.9924488940e-01
2.6774245267e-01,1.0550081484e+00,1.7666873335e-01,1.5398297437e-01,2.2685758978e-02,2.0125736119e-01
2.7062140378e-01,1.0556157867e+00,1.7819035669e-01,1.5507290540e-01,2.3117451293e-02,2.0326626453e-01
2.7350035488e-01,1.0562237750e+00,1.7970459427e-01,1.5615257696e-01,2.3552017302e-02,2.0527159205e-01
2.7637930599e-01,1.0568321134e+00,1.8121146721e-01,1.5722204131e-01,2.3989425898e-02,2.0727333643e-01
2.7925825709e-01,1.0574408023e+00,1.8271099666e-01,1.5828135052e-01,2.4429646142e-02,2.0927149038e-01
2.8213720819e-01,1.0580498417e+00,1.8420320377e-01,1.5933055651e-01,2.4872647264e-02,2.1126604671e-01
2.8501615930e-01,1.0586592318e+00,1.8568810970e-01,1.6036971105e-01,2.5318398657e-02,2.1325699827e-01
2.8789511040e-01,1.0592689730e+00,1.8716573562e-01,1.6139886573e-01,2.5766869885e-02,2.1524433797e-01
2.9077406151e-01,1.0598790653e+00,1.8863610268e-01,1.6241807201e-01,2.6218030674e-02,2.1722805880e-01
2.9365301261e-01,1.0604895091e+00,1.9009923207e-01,1.6342738116e-01,2.6671850918e-02,2.1920815379e-01
2.9653196371e-01,1.0611003044e+00,1.9155514497e-01,1.6442684430e-01,2.7128300674e-02,2.2118461604e-01
2.9941091482e-01,1.0617114515e+00,1.9300386256e-01,1.6541651240e-01,2.7587350164e-02,2.2315743871e-01
3.0228986592e-01,1.0623229506e+00,1.9444540603e-01,1.6639643626e-01,2.8048969774e-02,2.2512661502e-01
3.0516881703e-01,1.0629348019e+00,1.9587979658e-01,1.6736666653e-01,2.8513130051e-02,2.2709213827e-01
3.0804776813e-01,1.0635470056e+00,1.9730705540e-01,1.6832725369e-01,2.8979801707e-02,2.2905400178e-01
3.1092671923e-01,1.0641595619e+00,1.9872720369e-01,1.6927824808e-01,2.9448955614e-02,2.3101219898e-01
3.1380567034e-01,1.0647724710e+00,2.0014026266e-01,1.7021969985e-01,2.9920562806e-02,2.3296672334e-01
3.1668462144e-01,1.0653857331e+00,2.0154625351e-01,1.7115165903e-01,3.0394594479e-02,2.3491756838e-01
3.1956357255e-01,1.0659993484e+00,2.0294519744e-01,1.7207417545e-01,3.0871021988e-02,2.3686472771e-01
3.2244252365e-01,1.0666133172e+00,2.0433711568e-01,1.7298729883e-01,3.1349816848e-02,2.3880819498e-01
3.2532147475e-01,1.0672276395e+00,2.0572202942e-01,1.7389107869e-01,3.1830950733e-02,2.4074796392e-01
3.2820042586e-01,1.0678423157e+00,2.0709995988e-01,1.7478556440e-01,3.2314395476e-02,2.4268402830e-01
3.3107937696e-01,1.0684573459e+00,2.0847092827e-01,1.7567080520e-01,3.2800123068e-02,2.4461638198e-01
3.3395832807e-01,1.0690727304e+00,2.0983495580e-01,1.7654685015e-01,3.3288105658e-02,2.4654501887e-01
3.3683727917e-01,1.0696884692e+00,2.1119206369e-01,1.7741374814e-01,3.3778315550e-02,2.4846993294e-01
3.3971623027e-01,1.0703045627e+00,2.1254227313e-01,1.7827154793e-01,3.4270725208e-02,2.5039111822e-01
3.4259518138e-01,1.0709210111e+00,2.1388560535e-01,1.7912029810e-01,3.4765307249e-02,2.5230856883e-01
3.4547413248e-01,1.0715378145e+00,2.1522208155e-01,1.7996004710e-01,3.5262034446e-02,2.5422227892e-01
3.4835308359e-01,1.0721549732e+00,2.1655172293e-01,1.8079084320e-01,3.5760879728e-02,2.5613224272e-01
3.5123203469e-01,1.0727724873e+00,2.1787455069e-01,1.8161273452e-01,3.6261816178e-02,2.5803845453e-01
3.5411098579e-01,1.0733903570e+00,2.1919058604e-01,1.8242576901e-01,3.6764817030e-02,2.5994090870e-01
3.5698993690e-01,1.0740085827e+00,2.2049985018e-01,1.8322999450e-01,3.7269855676e-02,2.6183959965e-01
3.5986888800e-01,1.0746271644e+00,2.2180236429e-01,1.8402545863e-01,3.7776905657e-02,2.6373452186e-01
3.6274783911e-01,1.0752461024e+00,2.2309814956e-01,1.8481220890e-01,3.8285940667e-02,2.6562566988e-01
3.6562679021e-01,1.0758653968e+00,2.2438722719e-01,1.8559029264e-01,3.8796934553e-02,2.6751303834e-01
3.6850574131e-01,1.0764850480e+00,2.2566961834e-01,1.8635975703e-01,3.9309861311e-02,2.6939662189e-01
3.7138469242e-01,1.0771050560e+00,2.2694534420e-01,1.8712064911e-01,3.9824695088e-02,2.7127641529e-01
3.7426364352e-01,1.0777254212e+00,2.2821442593e-01,1.8787301575e-01,4.0341410184e-02,2.7315241333e-01
3.7714259463e-01,1.0783461436e+00,2.2947688470e-01,1.8861690366e-01,4.0859981044e-02,2.7502461090e-01
3.8002154573e-01,1.0789672236e+00,2.3073274166e-01,1.8935235940e-01,4.1380382264e-02,2.7689300292e-01
3.8290049683e-01,1.0795886612e+00,2.3198201797e-01,1.9007942938e-01,4.1902588590e-02,2.7875758439e-01
3.8577944794e-01,1.0802104568e+00,2.3322473476e-01,1.9079815984e-01,4.2426574913e-02,2.8061835038e-01
3.8865839904e-01,1.0808326105e+00,2.3446091317e-01,1.9150859690e-01,4.2952316272e-02,2.8247529603e-01
3.9153735015e-01,1.0814551226e+00,2.3569057433e-01,1.9221078647e-01,4.3479787855e-02,2.8432841651e-01
3.9441630125e-01,1.0820779932e+00,2.3691373936e-01,1.9290477437e-01,4.4008964993e-02,2.8617770709e-01
3.9729525235e-01,1.0827012225e+00,2.3813042937e-01,1.9359060620e-01,4.4539823167e-02,2.8802316310e-01
4.0017420346e-01,1.0833248108e+00,2.3934066546e-01,1.9426832746e-01,4.5072337998e-02,2.8986477992e-01
4.0305315456e-01,1.0839487582e+00,2.4054446872e-01,1.9493798346e-01,4.5606485255e-02,2.9170255301e-01
4.0593210567e-01,1.0845730651e+00,2.4174186023e-01,1.9559961938e-01,4.6142240852e-02,2.9353647788e-01
4.0881105677e-01,1.0851977314e+00,2.4293286107e-01,1.9625328023e-01,4.6679580844e-02,2.9536655013e-01
4.1169000787e-01,1.0858227576e+00,2.4411749230e-01,1.9689901087e-01,4.7218481431e-02,2.9719276539e-01
4.1456895898e-01,1.0864481438e+00,2.4529577497e-01,1.9753685601e-01,4.7758918954e-02,2.9901511939e-01
4.1744791008e-01,1.0870738901e+00,2.4646773011e-01,1.9816686021e-01,4.8300869897e-02,3.0083360790e-01
4.2032686119e-01,1.0876999969e+00,2.4763337876e-01,1.9878906787e-01,4.8844310887e-02,3.0264822677e-01
4.2320581229e-01,1.0883264642e+00,2.4879274193e-01,1.9940352324e-01,4.9389218690e-02,3.0445897191e-01
4.2608476339e-01,1.0889532924e+00,2.4994584062e-01,2.0001027041e-01,4.9935570212e-02,3.0626583929e-01
4.2896371450e-01,1.0895804816e+00,2.5109269582e-01,2.0060935332e-01,5.0483342501e-02,3.0806882496e-01
4.3184266560e-01,1.0902080320e+00,2.5223332852e-01,2.0120081577e-01,5.1032512744e-02,3.0986792501e-01
4.3472161671e-01,1.0908359439e+00,2.5336775966e-01,2.0178470140e-01,5.1583058265e-02,3.1166313563e-01
4.3760056781e-01,1.0914642175e+00,2.5449601021e-01,2.0236105368e-01,5.2134956529e-02,3.1345445305e-01
4.4047951891e-01,1.0920928528e+00,2.5561810110e-01,2.0292991596e-01,5.2688185138e-02,3.1524187356e-01
4.4335847002e-01,1.0927218503e+00,2.5673405324e-01,2.0349133141e-01,5.3242721831e-02,3.1702539354e-01
4.4623742112e-01,1.0933512100e+00,2.5784388754e-01,2.0404534306e-01,5.3798544484e-02,3.1880500942e-01
4.4911637223e-01,1.0939809322e+00,2.5894762490e-01,2.0459199379e-01,5.4355631109e-02,3.2058071770e-01
4.5199532333e-01,1.0946110171e+00,2.6004528619e-01,2.0513132633e-01,5.4913959855e-02,3.2235251494e-01
4.5487427443e-01,1.0952414649e+00,2.6113689225e-01,2.0566338325e-01,5.5473509005e-02,3.2412039776e-01
4.5775322554e-01,1.0958722759e+00,2.6222246395e-01,2.0618820697e-01,5.6034256978e-02,3.2588436287e-01
4.6063217664e-01,1.0965034501e+00,2.6330202210e-01,2.0670583977e-01,5.6596182326e-02,3.2764440701e-01
4.6351112775e-01,1.0971349879e+00,2.6437558750e-01,2.0721632376e-01,5.7159263737e-02,3.2940052702e-01
4.6639007885e-01,1.0977668894e+00,2.6544318095e-01,2.0771970092e-01,5.7723480029e-02,3.3115271978e-01
4.6926902996e-01,1.0983991548e+00,2.6650482323e-01,2.0821601307e-01,5.8288810156e-02,3.3290098224e-01
4.7214798106e-01,1.0990317844e+00,2.6756053507e-01,2.0870530187e-01,5.8855233203e-02,3.3464531144e-01
4.7502693216e-01,1.0996647784e+00,2.6861033723e-01,2.0918760885e-01,5.9422728385e-02,3.3638570444e-01
4.7790588327e-01,1.1002981369e+00,2.6965425042e-01,2.0966297536e-01,5.9991275051e-02,3.3812215840e-01
4.8078483437e-01,1.1009318603e+00,2.7069229532e-01,2.1013144264e-01,6.0560852680e-02,3.3985467054e-01
4.8366378548e-01,1.1015659486e+00,2.7172449263e-01,2.1059305175e-01,6.1131440880e-02,3.4158323813e-01
4.8654273658e-01,1.1022004021e+00,2.7275086299e-01,2.1104784361e-01,6.1703019389e-02,3.4330785851e-01
4.8942168768e-01,1.1028352211e+00,2.7377142705e-01,2.1149585898e-01,6.2275568076e-02,3.4502852911e-01
4.9230063879e-01,1.1034704057e+00,2.7478620543e-01,2.1193713849e-01,6.2849066937e-02,3.4674524738e-01
4.9517958989e-01,1.1041059561e+00,2.7579521870e-01,2.1237172261e-01,6.3423496097e-02,3.4845801088e-01
4.9805854100e-01,1.1047418726e+00,2.7679848746e-01,2.1279965166e-01,6.3998835808e-02,3.5016681720e-01
5.0093749210e-01,1.1053781553e+00,2.7779603226e-01,2.1322096581e-01,6.4575066449e-02,3.5187166401e-01
5.0381644320e-01,1.1060148045e+00,2.7878787362e-01,2.1363570509e-01,6.5152168527e-02,3.5357254905e-01
5.0669539431e-01,1.1066518204e+00,2.7977403205e-01,2.1404390937e-01,6.5730122675e-02,3.5526947011e-01
5.0957434541e-01,1.1072892032e+00,2.8075452803e-01,2.1444561838e-01,6.6308909650e-02,3.5696242505e-01
5.1245329652e-01,1.1079269531e+00,2.8172938204e-01,2.1484087171e-01,6.6888510336e-02,3.5865141181e-01
5.1533224762e-01,1.1085650702e+00,2.8269861451e-01,2.1522970877e-01,6.7468905742e-02,3.6033642836e-01
5.1821119872e-01,1.1092035550e+00,2.8366224585e-01,2.1561216886e-01,6.8050076998e-02,3.6201747277e-01
5.2109014983e-01,1.1098424074e+00,2.8462029646e-01,2.1598829110e-01,6.8632005362e-02,3.6369454316e-01
5.2396910093e-01,1.1104816279e+00,2.8557278671e-01,2.1635811450e-01,6.9214672213e-02,3.6536763770e-01
5.2684805204e-01,1.1111212164e+00,2.8651973693e-01,2.1672167788e-01,6.9798059052e-02,3.6703675465e-01
5.2972700314e-01,1.1117611734e+00,2.8746116745e-01,2.1707901995e-01,7.0382147505e-02,3.6870189231e-01
5.3260595424e-01,1.1124014989e+00,2.8839709856e-01,2.1743017924e-01,7.0966919315e-02,3.7036304907e-01
5.3548490535e-01,1.1130421933e+00,2.8932755052e-01,2.1777519417e-01,7.1552356352e-02,3.7202022335e-01
5.3836385645e-01,1.1136832566e+00,2.9025254358e-01,2.1811410298e-01,7.2138440602e-02,3.7367341367e-01
5.4124280756e-01,1.1143246892e+00,2.9117209795e-01,2.1844694377e-01,7.2725154175e-02,3.7532261859e-01
5.4412175866e-01,1.1149664912e+00,2.9208623382e-01,2.1877375452e-01,7.3312479297e-02,3.7696783674e-01
5.4700070976e-01,1.1156086629e+00,2.9299497135e-01,2.1909457304e-01,7.3900398316e-02,3.7860906680e-01
5.4987966087e-01,1.1162512044e+00,2.9389833069e-01,2.1940943699e-01,7.4488893698e-02,3.8024630755e-01
5.5275861197e-01,1.1168941160e+00,2.9479633192e-01,2.1971838390e-01,7.5077948027e-02,3.8187955778e-01
5.5563756308e-01,1.1175373979e+00,2.9568899515e-01,2.2002145114e-01,7.5667544005e-02,3.8350881640e-01
5.5851651418e-01,1.1181810503e+00,2.9657634040e-01,2.2031867595e-01,7.6257664453e-02,3.8513408234e-01
5.6139546528e-01,1.1188250734e+00,2.9745838772e-01,2.2061009542e-01,7.6848292305e-02,3.8675535462e-01
5.6427441639e-01,1.1194694674e+00,2.9833515710e-01,2.2089574649e-01,7.7439410615e-02,3.8837263229e-01
5.6715336749e-01,1.1201142326e+00,2.9920666850e-01,2.2117566595e-01,7.8031002551e-02,3.8998591450e-01
5.7003231860e-01,1.1207593691e+00,3.0007294186e-01,2.2144989046e-01,7.8623051396e-02,3.9159520045e-01
5.7291126970e-01,1.1214048772e+00,3.0093399708e-01,2.2171845653e-01,7.9215540551e-02,3.9320048938e-01
5.7579022080e-01,1.1220507571e+00,3.0178985405e-01,2.2198140052e-01,7.9808453528e-02,3.9480178062e-01
5.7866917191e-01,1.1226970090e+00,3.0264053261e-01,2.2223875866e-01,8.0401773953e-02,3.9639907356e-01
5.8154812301e-01,1.1233436331e+00,3.0348605259e-01,2.2249056702e-01,8.0995485569e-02,3.9799236764e-01
5.8442707412e-01,1.1239906296e+00,3.0432643376e-01,2.2273686154e-01,8.1589572227e-02,3.9958166236e-01
5.8730602522e-01,1.1246379988e+00,3.0516169589e-01,2.2297767800e-01,8.2184017895e-02,4.0116695729e-01
5.9018497632e-01,1.1252857408e+00,3.0599185870e-01,2.2321305205e-01,8.2778806651e-02,4.0274825206e-01
5.9306392743e-01,1.1259338559e+00,3.0681694188e-01,2.2344301920e-01,8.3373922684e-02,4.0432554637e-01
5.9594287853e-01,1.1265823443e+00,3.0763696510e-01,2.2366761481e-01,8.3969350295e-02,4.0589883997e-01
5.9882182964e-01,1.1272312062e+00,3.0845194799e-01,2.2388687410e-01,8.4565073896e-02,4.0746813266e-01
6.0170078074e-01,1.1278804418e+00,3.0926191015e-01,2.2410083214e-01,8.5161078007e-02,4.0903342433e-01
6.0457973184e-01,1.1285300513e+00,3.1006687113e-01,2.2430952387e-01,8.5757347261e-02,4.1059471491e-01
6.0745868295e-01,1.1291800350e+00,3.1086685048e-01,2.2451298408e-01,8.6353866397e-02,4.1215200439e-01
6.1033763405e-01,1.1298303930e+00,3.1166186769e-01,2.2471124743e-01,8.6950620265e-02,4.1370529284e-01
6.1321658516e-01,1.1304811257e+00,3.1245194224e-01,2.2490434842e-01,8.7547593822e-02,4.1525458037e-01
6.1609553626e-01,1.1311322331e+00,3.1323709355e-01,2.2509232142e-01,8.8144772133e-02,4.1679986715e-01
6.1897448736e-01,1.1317837155e+00,3.1401734102e-01,2.2527520065e-01,8.8742140370e-02,4.1834115344e-01
6.2185343847e-01,1.1324355731e+00,3.1479270403e-01,2.2545302022e-01,8.9339683813e-02,4.1987843951e-01
6.2473238957e-01,1.1330878062e+00,3.1556320190e-01,2.2562581405e-01,8.9937387848e-02,4.2141172573e-01
6.2761134068e-01,1.1337404150e+00,3.1632885393e-01,2.2579361596e-01,9.0535237966e-02,4.2294101253e-01
6.3049029178e-01,1.1343933996e+00,3.1708967938e-01,2.2595645962e-01,9.1133219763e-02,4.2446630036e-01
6.3336924288e-01,1.1350467603e+00,3.1784569748e-01,2.2611437854e-01,9.1731318943e-02,4.2598758978e-01
6.3624819399e-01,1.1357004973e+00,3.1859692742e-01,2.2626740611e-01,9.2329521311e-02,4.2750488136e-01
6.3912714509e-01,1.1363546108e+00,3.1934338837e-01,2.2641557559e-01,9.2927812778e-02,4.2901817578e-01
6.4200609620e-01,1.1370091011e+00,3.2008509943e-01,2.2655892007e-01,9.3526179359e-02,4.3052747374e-01
6.4488504730e-01,1.1376639684e+00,3.2082207969e-01,2.2669747252e-01,9.4124607170e-02,4.3203277601e-01
6.4776399840e-01,1.1383192128e+00,3.2155434821e-01,2.2683126578e-01,9.4723082431e-02,4.3353408342e-01
6.5064294951e-01,1.1389748346e+00,3.2228192400e-01,2.2696033253e-01,9.5321591465e-02,4.3503139686e-01
6.5352190061e-01,1.1396308340e+00,3.2300482603e-01,2.2708470533e-01,9.5920120696e-02,4.3652471727e-01
6.5640085172e-01,1.1402872112e+00,3.2372307324e-01,2.2720441659e-01,9.6518656648e-02,4.3801404566e-01
6.5927980282e-01,1.1409439665e+00,3.2443668453e-01,2.2731949858e-01,9.7117185949e-02,4.3949938309e-01
6.6215875392e-01,1.1416011001e+00,3.2514567878e-01,2.2742998345e-01,9.7715695324e-02,4.4098073068e-01
6.6503770503e-01,1.1422586121e+00,3.2585007480e-01,2.2753590320e-01,9.8314171600e-02,4.4245808961e-01
6.6791665613e-01,1.1429165028e+00,3.2654989138e-01,2.2763728968e-01,9.8912601703e-02,4.4393146110e-01
6.7079560724e-01,1.1435747724e+00,3.2724514729e-01,2.2773417463e-01,9.9510972658e-02,4.4540084646e-01
6.7367455834e-01,1.1442334212e+00,3.2793586123e-01,2.2782658964e-01,1.0010927159e-01,4.4686624702e-01
6.7655350944e-01,1.1448924493e+00,3.2862205187e-01,2.2791456616e-01,1.0070748572e-01,4.4832766418e-01
6.7943246055e-01,1.1455518570e+00,3.2930373786e-01,2.2799813550e-01,1.0130560236e-01,4.4978509942e-01
6.8231141165e-01,1.1462116445e+00,3.2998093780e-01,2.2807732886e-01,1.0190360894e-01,4.5123855425e-01
6.8519036276e-01,1.1468718120e+00,3.3065367023e-01,2.2815217727e-01,1.0250149296e-01,4.5268803023e-01
6.8806931386e-01,1.1475323597e+00,3.3132195369e-01,2.2822271165e-01,1.0309924204e-01,4.5413352899e-01
6.9094826496e-01,1.1481932879e+00,3.3198580664e-01,2.2828896276e-01,1.0369684388e-01,4.5557505223e-01
6.9382721607e-01,1.1488545968e+00,3.3264524755e-01,2.2835096126e-01,1.0429428629e-01,4.5701260167e-01
6.9670616717e-01,1.1495162865e+00,3.3330029479e-01,2.2840873764e-01,1.0489155715e-01,4.5844617911e-01
6.9958511828e-01,1.1501783573e+00,3.3395096674e-01,2.2846232228e-01,1.0548864446e-01,4.5987578640e-01
7.0246406938e-01,1.1508408095e+00,3.3459728172e-01,2.2851174541e-01,1.0608553631e-01,4.6130142545e-01
7.0534302048e-01,1.1515036431e+00,3.3523925801e-01,2.2855703714e-01,1.0668222087e-01,4.6272309821e-01
7.0822197159e-01,1.1521668586e+00,3.3587691385e-01,2.2859822743e-01,1.0727868642e-01,4.6414080669e-01
7.1110092269e-01,1.1528304560e+00,3.3651026743e-01,2.2863534612e-01,1.0787492132e-01,4.6555455296e-01
7.1397987380e-01,1.1534944357e+00,3.3713933693e-01,2.2866842291e-01,1.0847091402e-01,4.6696433914e-01
7.1685882490e-01,1.1541587977e+00,3.3776414044e-01,2.2869748737e-01,1.0906665308e-01,4.6837016741e-01
7.1973777600e-01,1.1548235424e+00,3.3838469606e-01,2.2872256893e-01,1.0966212713e-01,4.6977203999e-01
7.2261672711e-01,1.1554886700e+00,3.3900102182e-01,2.2874369691e-01,1.1025732491e-01,4.7116995916e-01
7.2549567821e-01,1.1561541807e+00,3.3961313571e-01,2.2876090047e-01,1.1085223524e-01,4.7256392725e-01
7.2837462932e-01,1.1568200746e+00,3.4022105568e-01,2.2877420865e-01,1.1144684703e-01,4.7395394666e-01
7.3125358042e-01,1.1574863521e+00,3.4082479965e-01,2.2878365036e-01,1.1204114929e-01,4.7534001982e-01
7.3413253152e-01,1.1581530134e+00,3.4142438547e-01,2.2878925437e-01,1.1263513110e-01,4.7672214922e-01
7.3701148263e-01,1.1588200586e+00,3.4201983099e-01,2.2879104934e-01,1.1322878165e-01,4.7810033740e-01
7.3989043373e-01,1.1594874879e+00,3.4261115397e-01,2.2878906377e-01,1.1382209020e-01,4.7947458697e-01
7.4276938484e-01,1.1601553017e+00,3.4319837217e-01,2.2878332605e-01,1.1441504611e-01,4.8084490056e-01
7.4564833594e-01,1.1608235002e+00,3.4378150327e-01,2.2877386444e-01,1.1500763883e-01,4.8221128088e-01
7.4852728704e-01,1.1614920835e+00,3.4436056494e-01,2.2876070706e-01,1.1559985789e-01,4.8357373067e-01
7.5140623815e-01,1.1621610518e+00,3.4493557479e-01,2.2874388189e-01,1.1619169290e-01,4.8493225274e-01
7.5428518925e-01,1.1628304055e+00,3.4550655038e-01,2.2872341681e-01,1.1678313357e-01,4.8628684994e-01
7.5716414036e-01,1.1635001446e+00,3.4607350925e-01,2.2869933955e-01,1.1737416969e-01,4.8763752516e-01
7.6004309146e-01,1.1641702695e+00,3.4663646887e-01,2.2867167772e-01,1.1796479115e-01,4.8898428136e-01
7.6292204256e-01,1.1648407804e+00,3.4719544668e-01,2.2864045879e-01,1.1855498789e-01,4.9032712155e-01
7.6580099367e-01,1.1655116775e+00,3.4775046008e-01,2.2860571012e-01,1.1914474996e-01,4.9166604876e-01
7.6867994477e-01,1.1661829609e+00,3.4830152642e-01,2.2856745891e-01,1.1973406751e-01,4.9300106612e-01
7.7155889588e-01,1.1668546310e+00,3.4884866301e-01,2.2852573228e-01,1.2032293073e-01,4.9433217675e-01
7.7443784698e-01,1.1675266880e+00,3.4939188710e-01,2.2848055718e-01,1.2091132993e-01,4.9565938387e-01
7.7731679809e-01,1.1681991320e+00,3.4993121593e-01,2.2843196044e-01,1.2149925549e-01,4.9698269072e-01
7.8019574919e-01,1.1688719633e+00,3.5046666666e-01,2.2837996879e-01,1.2208669786e-01,4.9830210060e-01
7.8307470029e-01,1.1695451822e+00,3.5099825642e-01,2.2832460881e-01,1.2267364761e-01,4.9961761686e-01
7.8595365140e-01,1.1702187888e+00,3.5152600230e-01,2.2826590695e-01,1.2326009535e-01,5.0092924288e-01
7.8883260250e-01,1.1708927833e+00,3.5204992133e-01,2.2820388954e-01,1.2384603179e-01,5.0223698211e-01
7.9171155361e-01,1.1715671661e+00,3.5257003053e-01,2.2813858280e-01,1.2443144773e-01,5.0354083804e-01
7.9459050471e-01,1.1722419372e+00,3.5308634682e-01,2.2807001279e-01,1.2501633403e-01,5.0484081420e-01
7.9746945581e-01,1.1729170970e+00,3.5359888712e-01,2.2799820549e-01,1.2560068164e-01,5.0613691418e-01
8.0034840692e-01,1.1735926457e+00,3.5410766830e-01,2.2792318671e-01,1.2618448159e-01,5.0742914161e-01
8.0322735802e-01,1.1742685835e+00,3.5461270715e-01,2.2784498216e-01,1.2676772499e-01,5.0871750015e-01
8.0610630913e-01,1.1749449105e+00,3.5511402046e-01,2.2776361743e-01,1.2735040303e-01,5.1000199354e-01
8.0898526023e-01,1.1756216271e+00,3.5561162495e-01,2.2767911797e-01,1.2793250698e-01,5.1128262555e-01
8.1186421133e-01,1.1762987335e+00,3.5610553729e-01,2.2759150911e-01,1.2851402818e-01,5.1255939999e-01
8.1474316244e-01,1.1769762298e+00,3.5659577412e-01,2.2750081607e-01,1.2909495805e-01,5.1383232072e-01
8.1762211354e-01,1.1776541163e+00,3.5708235202e-01,2.2740706393e-01,1.2967528810e-01,5.1510139164e-01
8.2050106465e-01,1.1783323933e+00,3.5756528754e-01,2.2731027764e-01,1.3025500989e-01,5.1636661671e-01
8.2338001575e-01,1.1790110610e+00,3.5804459716e-01,2.2721048207e-01,1.3083411509e-01,5.1762799992e-01
8.2625896685e-01,1.1796901195e+00,3.5852029734e-01,2.2710770191e-01,1.3141259543e-01,5.1888554531e-01
8.2913791796e-01,1.1803695691e+00,3.5899240447e-01,2.2700196178e-01,1.3199044270e-01,5.2013925697e-01
8.3201686906e-01,1.1810494101e+00,3.5946093492e-01,2.2689328613e-01,1.3256764879e-01,5.2138913903e-01
8.3489582017e-01,1.1817296426e+00,3.5992590499e-01,2.2678169934e-01,1.3314420565e-01,5.2263519565e-01
8.3777477127e-01,1.1824102669e+00,3.6038733094e-01,2.2666722562e-01,1.3372010531e-01,5.2387743106e-01
8.4065372237e-01,1.1830912832e+00,3.6084522899e-01,2.2654988910e-01,1.3429533989e-01,5.2511584950e-01
8.4353267348e-01,1.1837726917e+00,3.6129961530e-01,2.2642971376e-01,1.3486990155e-01,5.2635045530e-01
8.4641162458e-01,1.1844544927e+00,3.6175050601e-01,2.2630672347e-01,1.3544378254e-01,5.2758125278e-01
8.4929057569e-01,1.1851366864e+00,3.6219791718e-01,2.2618094198e-01,1.3601697520e-01,5.2880824634e-01
8.5216952679e-01,1.1858192730e+00,3.6264186485e-01,2.2605239293e-01,1.3658947192e-01,5.3003144041e-01
8.5504847789e-01,1.1865022528e+00,3.6308236498e-01,2.2592109983e-01,1.3716126516e-01,5.3125083946e-01
8.5792742900e-01,1.1871856259e+00,3.6351943353e-01,2.2578708606e-01,1.3773234747e-01,5.3246644800e-01
8.6080638010e-01,1.1878693926e+00,3.6395308637e-01,2.2565037491e-01,1.3830271146e-01,5.3367827058e-01
8.6368533121e-01,1.1885535531e+00,3.6438333934e-01,2.2551098953e-01,1.3887234981e-01,5.3488631181e-01
8.6656428231e-01,1.1892381077e+00,3.6481020824e-01,2.2536895296e-01,1.3944125528e-01,5.3609057632e-01
8.6944323341e-01,1.1899230566e+00,3.6523370882e-01,2.2522428812e-01,1.4000942070e-01,5.3729106879e-01
8.7232218452e-01,1.1906083999e+00,3.6565385676e-01,2.2507701781e-01,1.4057683895e-01,5.3848779393e-01
8.7520113562e-01,1.1912941380e+00,3.6607066772e-01,2.2492716472e-01,1.4114350300e-01,5.3968075650e-01
8.7808008673e-01,1.1919802710e+00,3.6648415730e-01,2.2477475142e-01,1.4170940588e-01,5.4086996131e-01
8.8095903783e-01,1.1926667992e+00,3.6689434106e-01,2.2461980036e-01,1.4227454070e-01,5.4205541318e-01
8.8383798893e-01,1.1933537229e+00,3.6730123449e-01,2.2446233387e-01,1.4283890062e-01,5.4323711700e-01
8.8671694004e-01,1.1940410421e+00,3.6770485308e-01,2.2430237418e-01,1.4340247889e-01,5.4441507769e-01
8.8959589114e-01,1.1947287572e+00,3.6810521221e-01,2.2413994340e-01,1.4396526881e-01,5.4558930019e-01
8.9247484225e-01,1.1954168685e+00,3.6850232726e-01,2.2397506351e-01,1.4452726375e-01,5.4675978950e-01
8.9535379335e-01,1.1961053760e+00,3.6889621354e-01,2.2380775639e-01,1.4508845716e-01,5.4792655065e-01
8.9823274445e-01,1.1967942801e+00,3.6928688633e-01,2.2363804379e-01,1.4564884253e-01,5.4908958871e-01
9.0111169556e-01,1.1974835810e+00,3.6967436083e-01,2.2346594738e-01,1.4620841345e-01,5.5024890879e-01
9.0399064666e-01,1.1981732788e+00,3.7005865222e-01,2.2329148867e-01,1.4676716355e-01,5.5140451603e-01
9.0686959777e-01,1.1988633740e+00,3.7043977564e-01,2.2311468910e-01,1.4732508654e-01,5.5255641562e-01
9.0974854887e-01,1.1995538665e+00,3.7081774614e-01,2.2293556995e-01,1.4788217618e-01,5.5370461277e-01
9.1262749997e-01,1.2002447568e+00,3.7119257876e-01,2.2275415244e-01,1.4843842632e-01,5.5484911275e-01
9.1550645108e-01,1.2009360450e+00,3.7156428847e-01,2.2257045764e-01,1.4899383084e-01,5.5598992083e-01
9.1838540218e-01,1.2016277313e+00,3.7193289022e-01,2.2238450651e-01,1.4954838371e-01,5.5712704236e-01
9.2126435329e-01,1.2023198161e+00,3.7229839888e-01,2.2219631991e-01,1.5010207896e-01,5.5826048269e-01
9.2414330439e-01,1.2030122994e+00,3.7266082928e-01,2.2200591860e-01,1.5065491068e-01,5.5939024722e-01
9.2702225549e-01,1.2037051816e+00,3.7302019622e-01,2.2181332319e-01,1.5120687302e-01,5.6051634139e-01
9.2990120660e-01,1.2043984628e+00,3.7337651442e-01,2.2161855422e-01,1.5175796020e-01,5.6163877066e-01
9.3278015770e-01,1.2050921434e+00,3.7372979858e-01,2.2142163210e-01,1.5230816648e-01,5.6275754056e-01
9.3565910881e-01,1.2057862234e+00,3.7408006335e-01,2.2122257713e-01,1.5285748622e-01,5.6387265660e-01
9.3853805991e-01,1.2064807033e+00,3.7442732331e-01,2.2102140950e-01,1.5340591381e-01,5.6498412437e-01
9.4141701101e-01,1.2071755831e+00,3.7477159300e-01,2.2081814929e-01,1.5395344372e-01,5.6609194947e-01
9.4429596212e-01,1.2078708631e+00,3.7511288693e-01,2.2061281647e-01,1.5450007046e-01,5.6719613754e-01
9.4717491322e-01,1.2085665436e+00,3.7545121954e-01,2.2040543092e-01,1.5504578862e-01,5.6829669427e-01
9.5005386433e-01,1.2092626248e+00,3.7578660523e-01,2.2019601239e-01,1.5559059285e-01,5.6939362535e-01
9.5293281543e-01,1.2099591069e+00,3.7611905835e-01,2.1998458051e-01,1.5613447784e-01,5.7048693653e-01
9.5581176653e-01,1.2106559901e+00,3.7644859321e-01,2.1977115484e-01,1.5667743836e-01,5.7157663357e-01
9.5869071764e-01,1.2113532747e+00,3.7677522404e-01,2.1955575481e-01,1.5721946924e-01,5.7266272230e-01
9.6156966874e-01,1.2120509609e+00,3.7709896507e-01,2.1933839973e-01,1.5776056534e-01,5.7374520854e-01
9.6444861985e-01,1.2127490490e+00,3.7741983045e-01,2.1911910883e-01,1.5830072162e-01,5.7482409816e-01
9.6732757095e-01,1.2134475391e+00,3.7773783428e-01,2.1889790122e-01,1.5883993306e-01,5.7589939707e-01
9.7020652205e-01,1.2141464315e+00,3.7805299063e-01,2.1867479590e-01,1.5937819473e-01,5.7697111119e-01
9.7308547316e-01,1.2148457265e+00,3.7836531350e-01,2.1844981177e-01,1.5991550173e-01,5.7803924650e-01
9.7596442426e-01,1.2155454242e+00,3.7867481686e-01,2.1822296762e-01,1.6045184924e-01,5.7910380898e-01
9.7884337537e-01,1.2162455249e+00,3.7898151462e-01,2.1799428215e-01,1.6098723247e-01,5.8016480465e-01
9.8172232647e-01,1.2169460288e+00,3.7928542065e-01,2.1776377393e-01,1.6152164672e-01,5.8122223959e-01
9.8460127757e-01,1.2176469362e+00,3.7958654876e-01,2.1753146145e-01,1.6205508731e-01,5.8227611986e-01
9.8748022868e-01,1.2183482473e+00,3.7988491273e-01,2.1729736307e-01,1.6258754965e-01,5.8332645159e-01
9.9035917978e-01,1.2190499623e+00,3.8018052626e-01,2.1706149708e-01,1.6311902919e-01,5.8437324092e-01
9.9323813089e-01,1.2197520815e+00,3.8047340304e-01,2.1682388163e-01,1.6364952142e-01,5.8541649401e-01
9.9611708199e-01,1.2204546050e+00,3.8076355669e-01,2.1658453479e-01,1.6417902191e-01,5.8645621708e-01
9.9899603309e-01,1.2211575332e+00,3.8105100078e-01,2.1634347452e-01,1.6470752626e-01,5.8749241636e-01
1.0018749842e+00,1.2218608662e+00,3.8133574884e-01,2.1610071868e-01,1.6523503016e-01,5.8852509810e-01
1.0047539353e+00,1.2225646043e+00,3.8161781434e-01,2.1585628502e-01,1.6576152932e-01,5.8955426859e-01
1.0076328864e+00,1.2232687478e+00,3.8189721071e-01,2.1561019120e-01,1.6628701951e-01,5.9057993414e-01
1.0105118375e+00,1.2239732968e+00,3.8217395134e-01,2.1536245478e-01,1.6681149656e-01,5.9160210110e-01
1.0133907886e+00,1.2246782516e+00,3.8244804956e-01,2.1511309320e-01,1.6733495636e-01,5.9262077585e-01
1.0162697397e+00,1.2253836124e+00,3.8271951865e-01,2.1486212381e-01,1.6785739483e-01,5.9363596476e-01
1.0191486908e+00,1.2260893795e+00,3.8298837184e-01,2.1460956388e-01,1.6837880797e-01,5.9464767428e-01
1.0220276419e+00,1.2267955530e+00,3.8325462233e-01,2.1435543053e-01,1.6889919180e-01,5.9565591084e-01
1.0249065930e+00,1.2275021333e+00,3.8351828325e-01,2.1409974084e-01,1.6941854242e-01,5.9666068093e-01
1.0277855441e+00,1.2282091205e+00,3.8377936770e-01,2.1384251174e-01,1.6993685596e-01,5.9766199104e-01
1.0306644952e+00,1.2289165150e+00,3.8403788872e-01,2.1358376009e-01,1.7045412863e-01,5.9865984771e-01
1.0335434463e+00,1.2296243168e+00,3.8429385930e-01,2.1332350265e-01,1.7097035665e-01,5.9965425750e-01
1.0364223974e+00,1.2303325264e+00,3.8454729238e-01,2.1306175606e-01,1.7148553632e-01,6.0064522696e-01
1.0393013486e+00,1.2310411438e+00,3.8479820088e-01,2.1279853689e-01,1.7199966399e-01,6.0163276273e-01
1.0421802997e+00,1.2317501694e+00,3.8504659763e-01,2.1253386159e-01,1.7251273603e-01,6.0261687141e-01
1.0450592508e+00,1.2324596033e+00,3.8529249544e-01,2.1226774653e-01,1.7302474890e-01,6.0359755967e-01
1.0479382019e+00,1.2331694458e+00,3.8553590706e-01,2.1200020798e-01,1.7353569909e-01,6.0457483417e-01
1.0508171530e+00,1.2338796972e+00,3.8577684520e-01,2.1173126209e-01,1.7404558312e-01,6.0554870163e-01
1.0536961041e+00,1.2345903576e+00,3.8601532252e-01,2.1146092494e-01,1.7455439758e-01,6.0651916876e-01
1.0565750552e+00,1.2353014274e+00,3.8625135163e-01,2.1118921251e-01,1.7506213912e-01,6.0748624232e-01
1.0594540063e+00,1.2360129067e+00,3.8648494509e-01,2.1091614068e-01,1.7556880442e-01,6.0844992908e-01
1.0623329574e+00,1.2367247957e+00,3.8671611542e-01,2.1064172523e-01,1.7607439019e-01,6.0941023582e-01
1.0652119085e+00,1.2374370948e+00,3.8694487508e-01,2.1036598186e-01,1.7657889322e-01,6.1036716937e-01
1.0680908596e+00,1.2381498042e+00,3.8717123649e-01,2.1008892615e-01,1.7708231034e-01,6.1132073656e-01
1.0709698107e+00,1.2388629240e+00,3.8739521203e-01,2.0981057361e-01,1.7758463841e-01,6.1227094426e-01
1.0738487618e+00,1.2395764546e+00,3.8761681401e-01,2.0953093965e-01,1.7808587435e-01,6.1321779935e-01
1.0767277129e+00,1.2402903961e+00,3.8783605472e-01,2.0925003959e-01,1.7858601513e-01,6.1416130874e-01
1.0796066640e+00,1.2410047488e+00,3.8805294638e-01,2.0896788863e-01,1.7908505775e-01,6.1510147934e-01
1.0824856151e+00,1.2417195129e+00,3.8826750117e-01,2.0868450191e-01,1.7958299926e-01,6.1603831811e-01
1.0853645662e+00,1.2424346888e+00,3.8847973123e-01,2.0839989447e-01,1.8007983676e-01,6.1697183201e-01
1.0882435173e+00,1.2431502765e+00,3.8868964865e-01,2.0811408125e-01,1.8057556740e-01,6.1790202804e-01
1.0911224684e+00,1.2438662764e+00,3.8889726547e-01,2.0782707710e-01,1.8107018837e-01,6.1882891320e-01
1.0940014195e+00,1.2445826887e+00,3.8910259367e-01,2.0753889677e-01,1.8156369690e-01,6.1975249452e-01
1.0968803706e+00,1.2452995136e+00,3.8930564520e-01,2.0724955494e-01,1.8205609026e-01,6.2067277905e-01
1.0997593217e+00,1.2460167513e+00,3.8950643196e-01,2.0695906619e-01,1.8254736577e-01,6.2158977385e-01
1.1026382728e+00,1.2467344022e+00,3.8970496581e-01,2.0666744501e-01,1.8303752080e-01,6.2250348603e-01
1.1055172239e+00,1.2474524663e+00,3.8990125854e-01,2.0637470578e-01,1.8352655276e-01,6.2341392267e-01
1.1083961750e+00,1.2481709441e+00,3.9009532191e-01,2.0608086283e-01,1.8401445908e-01,6.2432109092e-01
1.1112751262e+00,1.2488898357e+00,3.9028716763e-01,2.0578593036e-01,1.8450123728e-01,6.2522499790e-01
1.1141540773e+00,1.2496091413e+00,3.9047680737e-01,2.0548992250e-01,1.8498688487e-01,6.2612565079e-01
1.1170330284e+00,1.2503288612e+00,3.9066425274e-01,2.0519285331e-01,1.8547139944e-01,6.2702305677e-01
1.1199119795e+00,1.2510489956e+00,3.9084951532e-01,2.0489473672e-01,1.8595477859e-01,6.2791722303e-01
1.1227909306e+00,1.2517695448e+00,3.9103260662e-01,2.0459558661e-01,1.8643702001e-01,6.2880815680e-01
1.1256698817e+00,1.2524905090e+00,3.9121353812e-01,2.0429541675e-01,1.8691812137e-01,6.2969586529e-01
1.1285488328e+00,1.2532118885e+00,3.9139232125e-01,2.0399424083e-01,1.8739808042e-01,6.3058035577e-01
1.1314277839e+00,1.2539336834e+00,3.9156896740e-01,2.0369207245e-01,1.8787689495e-01,6.3146163551e-01
1.1343067350e+00,1.2546558941e+00,3.9174348790e-01,2.0338892513e-01,1.8835456277e-01,6.3233971178e-01
1.1371856861e+00,1.2553785207e+00,3.9191589405e-01,2.0308481229e-01,1.8883108175e-01,6.3321459189e-01
1.1400646372e+00,1.2561015635e+00,3.9208619709e-01,2.0277974729e-01,1.8930644980e-01,6.3408628316e-01
1.1429435883e+00,1.2568250228e+00,3.9225440821e-01,2.0247374338e-01,1.8978066484e-01,6.3495479292e-01
1.1458225394e+00,1.2575488987e+00,3.9242053859e-01,2.0216681373e-01,1.9025372486e-01,6.3582012851e-01
1.1487014905e+00,1.2582731916e+00,3.9258459931e-01,2.0185897142e-01,1.9072562788e-01,6.3668229730e-01
1.1515804416e+00,1.2589979016e+00,3.9274660144e-01,2.0155022947e-01,1.9119637196e-01,6.3754130667e-01
1.1544593927e+00,1.2597230290e+00,3.9290655600e-01,2.0124060080e-01,1.9166595520e-01,6.3839716402e-01
1.1573383438e+00,1.2604485741e+00,3.9306447395e-01,2.0093009823e-01,1.9213437572e-01,6.3924987676e-01
1.1602172949e+00,1.2611745370e+00,3.9322036623e-01,2.0061873452e-01,1.9260163171e-01,6.4009945230e-01
1.1630962460e+00,1.2619009181e+00,3.9337424370e-01,2.0030652234e-01,1.9306772137e-01,6.4094589809e-01
1.1659751971e+00,1.2626277175e+00,3.9352611721e-01,1.9999347427e-01,1.9353264295e-01,6.4178922157e-01
1.1688541482e+00,1.2633549355e+00,3.9367599754e-01,1.9967960282e-01,1.9399639473e-01,6.4262943023e-01
1.1717330993e+00,1.2640825724e+00,3.9382389543e-01,1.9936492040e-01,1.9445897503e-01,6.4346653152e-01
1.1746120504e+00,1.2648106284e+00,3.9396982159e-01,1.9904943936e-01,1.9492038222e-01,6.4430053295e-01
1.1774910015e+00,1.2655391037e+00,3.9411378665e-01,1.9873317196e-01,1.9538061469e-01,6.4513144203e-01
1.1803699526e+00,1.2662679985e+00,3.9425580124e-01,1.9841613037e-01,1.9583967087e-01,6.4595926627e-01
1.1832489038e+00,1.2669973132e+00,3.9439587591e-01,1.9809832669e-01,1.9629754922e-01,6.4678401320e-01
1.1861278549e+00,1.2677270479e+00,3.9453402118e-01,1.9777977293e-01,1.9675424824e-01,6.4760569037e-01
1.1890068060e+00,1.2684572030e+00,3.9467024752e-01,1.9746048104e-01,1.9720976648e-01,6.4842430534e-01
1.1918857571e+00,1.2691877785e+00,3.9480456536e-01,1.9714046285e-01,1.9766410251e-01,6.4923986567e-01
1.1947647082e+00,1.2699187749e+00,3.9493698509e-01,1.9681973016e-01,1.9811725493e-01,6.5005237895e-01
1.1976436593e+00,1.2706501922e+00,3.9506751704e-01,1.9649829466e-01,1.9856922238e-01,6.5086185276e-01
1.2005226104e+00,1.2713820309e+00,3.9519617151e-01,1.9617616796e-01,1.9902000355e-01,6.5166829471e-01
1.2034015615e+00,1.2721142910e+00,3.9532295874e-01,1.9585336161e-01,1.9946959713e-01,6.5247171242e-01
1.2062805126e+00,1.2728469729e+00,3.9544788895e-01,1.9552988707e-01,1.9991800188e-01,6.5327211351e-01
1.2091594637e+00,1.2735800768e+00,3.9557097230e-01,1.9520575572e-01,2.0036521657e-01,6.5406950561e-01
1.2120384148e+00,1.2743136029e+00,3.9569221889e-01,1.9488097887e-01,2.0081124002e-01,6.5486389638e-01
1.2149173659e+00,1.2750475515e+00,3.9581163882e-01,1.9455556776e-01,2.0125607106e-01,6.5565529347e-01
1.2177963170e+00,1.2757819228e+00,3.9592924211e-01,1.9422953353e-01,2.0169970858e-01,6.5644370455e-01
1.2206752681e+00,1.2765167171e+00,3.9604503874e-01,1.9390288726e-01,2.0214215148e-01,6.5722913729e-01
1.2235542192e+00,1.2772519345e+00,3.9615903866e-01,1.9357563995e-01,2.0258339871e-01,6.5801159939e-01
1.2264331703e+00,1.2779875755e+00,3.9627125176e-01,1.9324780253e-01,2.0302344924e-01,6.5879109853e-01
1.2293121214e+00,1.2787236401e+00,3.9638168791e-01,1.9291938584e-01,2.0346230207e-01,6.5956764242e-01
1.2321910725e+00,1.2794601287e+00,3.9649035691e-01,1.9259040067e-01,2.0389995625e-01,6.6034123878e-01
1.2350700236e+00,1.2801970415e+00,3.9659726854e-01,1.9226085770e-01,2.0433641084e-01,6.6111189533e-01
1.2379489747e+00,1.2809343787e+00,3.9670243252e-01,1.9193076758e-01,2.0477166494e-01,6.6187961981e-01
1.2408279258e+00,1.2816721405e+00,3.9680585854e-01,1.9160014085e-01,2.0520571769e-01,6.6264441994e-01
1.2437068769e+00,1.2824103273e+00,3.9690755622e-01,1.9126898798e-01,2.0563856825e-01,6.6340630349e-01
1.2465858280e+00,1.2831489393e+00,3.9700753519e-01,1.9093731938e-01,2.0607021580e-01,6.6416527820e-01
1.2494647791e+00,1.2838879766e+00,3.9710580497e-01,1.9060514539e-01,2.0650065958e-01,6.6492135185e-01
1.2523437302e+00,1.2846274396e+00,3.9720237510e-01,1.9027247626e-01,2.0692989883e-01,6.6567453219e-01
1.2552226814e+00,1.2853673285e+00,3.9729725503e-01,1.8993932219e-01,2.0735793285e-01,6.6642482702e-01
1.2581016325e+00,1.2861076436e+00,3.9739045420e-01,1.8960569327e-01,2.0778476093e-01,6.6717224412e-01
1.2609805836e+00,1.2868483850e+00,3.9748198200e-01,1.8927159957e-01,2.0821038243e-01,6.6791679128e-01
1.2638595347e+00,1.2875895531e+00,3.9757184775e-01,1.8893705104e-01,2.0863479671e-01,6.6865847630e-01
1.2667384858e+00,1.2883311480e+00,3.9766006077e-01,1.8860205759e-01,2.0905800318e-01,6.6939730698e-01
1.2696174369e+00,1.2890731701e+00,3.9774663031e-01,1.8826662906e-01,2.0948000126e-01,6.7013329115e-01
1.2724963880e+00,1.2898156196e+00,3.9783156559e-01,1.8793077519e-01,2.0990079041e-01,6.7086643661e-01
1.2753753391e+00,1.2905584966e+00,3.9791487579e-01,1.8759450568e-01,2.1032037011e-01,6.7159675120e-01
1.2782542902e+00,1.2913018016e+00,3.9799657004e-01,1.8725783015e-01,2.1073873989e-01,6.7232424274e-01
1.2811332413e+00,1.2920455346e+00,3.9807665742e-01,1.8692075814e-01,2.1115589928e-01,6.7304891908e-01
1.2840121924e+00,1.2927896960e+00,3.9815514700e-01,1.8658329915e-01,2.1157184785e-01,6.7377078804e-01
1.2868911435e+00,1.2935342860e+00,3.9823204778e-01,1.8624546258e-01,2.1198658520e-01,6.7448985749e-01
1.2897700946e+00,1.2942793049e+00,3.9830736873e-01,1.8590725777e-01,2.1240011095e-01,6.7520613527e-01
1.2926490457e+00,1.2950247529e+00,3.9838111877e-01,1.8556869401e-01,2.1281242476e-01,6.7591962924e-01
1.2955279968e+00,1.2957706302e+00,3.9845330679e-01,1.8522978050e-01,2.1322352629e-01,6.7663034726e-01
1.2984069479e+00,1.2965169370e+00,3.9852394164e-01,1.8489052638e-01,2.1363341526e-01,6.7733829719e-01
1.3012858990e+00,1.2972636738e+00,3.9859303212e-01,1.8455094072e-01,2.1404209140e-01,6.7804348691e-01
1.3041648501e+00,1.2980108406e+00,3.9866058699e-01,1.8421103254e-01,2.1444955446e-01,6.7874592429e-01
1.3070438012e+00,1.2987584378e+00,3.9872661499e-01,1.8387081077e-01,2.1485580422e-01,6.7944561721e-01
1.3099227523e+00,1.2995064655e+00,3.9879112478e-01,1.8353028428e-01,2.1526084050e-01,6.8014257355e-01
1.3128017034e+00,1.3002549241e+00,3.9885412502e-01,1.8318946189e-01,2.1566466312e-01,6.8083680119e-01
1.3156806545e+00,1.3010038137e+00,3.9891562430e-01,1.8284835234e-01,2.1606727196e-01,6.8152830803e-01
1.3185596056e+00,1.3017531347e+00,3.9897563118e-01,1.8250696430e-01,2.1646866688e-01,6.8221710195e-01
1.3214385567e+00,1.3025028873e+00,3.9903415420e-01,1.8216530639e-01,2.1686884781e-01,6.8290319086e-01
1.3243175078e+00,1.3032530716e+00,3.9909120183e-01,1.8182338716e-01,2.1726781467e-01,6.8358658264e-01
1.3271964590e+00,1.3040036881e+00,3.9914678252e-01,1.8148121508e-01,2.1766556744e-01,6.8426728520e-01
1.3300754101e+00,1.3047547369e+00,3.9920090466e-01,1.8113879859e-01,2.1806210607e-01,6.8494530645e-01
1.3329543612e+00,1.3055062182e+00,3.9925357663e-01,1.8079614603e-01,2.1845743060e-01,6.8562065428e-01
1.3358333123e+00,1.3062581324e+00,3.9930480674e-01,1.8045326570e-01,2.1885154104e-01,6.8629333660e-01
1.3387122634e+00,1.3070104796e+00,3.9935460328e-01,1.8011016582e-01,2.1924443746e-01,6.8696336133e-01
1.3415912145e+00,1.3077632602e+00,3.9940297450e-01,1.7976685458e-01,2.1963611993e-01,6.8763073637e-01
1.3444701656e+00,1.3085164743e+00,3.9944992861e-01,1.7942334006e-01,2.2002658855e-01,6.8829546964e-01
1.3473491167e+00,1.3092701222e+00,3.9949547377e-01,1.7907963032e-01,2.2041584345e-01,6.8895756904e-01
1.3502280678e+00,1.3100242042e+00,3.9953961811e-01,1.7873573333e-01,2.2080388477e-01,6.8961704250e-01
1.3531070189e+00,1.3107787206e+00,3.9958236972e-01,1.7839165702e-01,2.2119071270e-01,6.9027389793e-01
1.3559859700e+00,1.3115336715e+00,3.9962373665e-01,1.7804740924e-01,2.2157632741e-01,6.9092814325e-01
1.3588649211e+00,1.3122890572e+00,3.9966372693e-01,1.7770299779e-01,2.2196072914e-01,6.9157978638e-01
1.3617438722e+00,1.3130448780e+00,3.9970234851e-01,1.7735843040e-01,2.2234391811e-01,6.9222883523e-01
1.3646228233e+00,1.3138011341e+00,3.9973960935e-01,1.7701371477e-01,2.2272589459e-01,6.9287529772e-01
1.3675017744e+00,1.3145578257e+00,3.9977551734e-01,1.7666885849e-01,2.2310665885e-01,6.9351918178e-01
1.3703807255e+00,1.3153149532e+00,3.9981008034e-01,1.7632386913e-01,2.2348621121e-01,6.9416049531e-01
1.3732596766e+00,1.3160725168e+00,3.9984330617e-01,1.7597875419e-01,2.2386455199e-01,6.9479924625e-01
1.3761386277e+00,1.3168305167e+00,3.9987520263e-01,1.7563352110e-01,2.2424168153e-01,6.9543544251e-01
1.3790175788e+00,1.3175889531e+00,3.9990577745e-01,1.7528817725e-01,2.2461760020e-01,6.9606909200e-01
1.3818965299e+00,1.3183478264e+00,3.9993503836e-01,1.7494272996e-01,2.2499230840e-01,6.9670020265e-01
1.3847754810e+00,1.3191071368e+00,3.9996299301e-01,1.7459718649e-01,2.2536580652e-01,6.9732878238e-01
1.3876544321e+00,1.3198668845e+00,3.9998964906e-01,1.7425155405e-01,2.2573809501e-01,6.9795483909e-01
1.3905333832e+00,1.3206270698e+00,4.0001501409e-01,1.7390583978e-01,2.2610917431e-01,6.9857838071e-01
1.3934123343e+00,1.3213876929e+00,4.0003909567e-01,1.7356005079e-01,2.2647904489e-01,6.9919941515e-01
1.3962912854e+00,1.3221487541e+00,4.0006190133e-01,1.7321419409e-01,2.2684770724e-01,6.9981795032e-01
1.3991702366e+00,1.3229102536e+00,4.0008343855e-01,1.7286827668e-01,2.2721516187e-01,7.0043399414e-01
1.4020491877e+00,1.3236721917e+00,4.0010371479e-01,1.7252230547e-01,2.2758140932e-01,7.0104755451e-01
1.4049281388e+00,1.3244345687e+00,4.0012273746e-01,1.7217628733e-01,2.2794645014e-01,7.0165863934e-01
1.4078070899e+00,1.3251973848e+00,4.0014051395e-01,1.7183022906e-01,2.2831028489e-01,7.0226725654e-01
1.4106860410e+00,1.3259606402e+00,4.0015705159e-01,1.7148413743e-01,2.2867291415e-01,7.0287341402e-01
1.4135649921e+00,1.3267243352e+00,4.0017235768e-01,1.7113801913e-01,2.2903433855e-01,7.0347711967e-01
1.4164439432e+00,1.3274884701e+00,4.0018643952e-01,1.7079188081e-01,2.2939455871e-01,7.0407838139e-01
1.4193228943e+00,1.3282530450e+00,4.0019930432e-01,1.7044572905e-01,2.2975357526e-01,7.0467720709e-01
1.4222018454e+00,1.3290180604e+00,4.0021095928e-01,1.7009957040e-01,2.3011138888e-01,7.0527360465e-01
1.4250807965e+00,1.3297835163e+00,4.0022141158e-01,1.6975341133e-01,2.3046800024e-01,7.0586758197e-01
1.4279597476e+00,1.3305494131e+00,4.0023066833e-01,1.6940725828e-01,2.3082341005e-01,7.0645914694e-01
1.4308386987e+00,1.3313157511e+00,4.0023873664e-01,1.6906111761e-01,2.3117761903e-01,7.0704830744e-01
1.4337176498e+00,1.3320825304e+00,4.0024562356e-01,1.6871499565e-01,2.3153062790e-01,7.0763507135e-01
1.4365966009e+00,1.3328497514e+00,4.0025133611e-01,1.6836889867e-01,2.3188243743e-01,7.0821944656e-01
1.4394755520e+00,1.3336174142e+00,4.0025588128e-01,1.6802283289e-01,2.3223304839e-01,7.0880144094e-01
1.4423545031e+00,1.3343855192e+00,4.0025926602e-01,1.6767680446e-01,2.3258246156e-01,7.0938106237e-01
1.4452334542e+00,1.3351540665e+00,4.0026149725e-01,1.6733081951e-01,2.3293067775e-01,7.0995831871e-01
1.4481124053e+00,1.3359230566e+00,4.0026258186e-01,1.6698488408e-01,2.3327769778e-01,7.1053321782e-01
1.4509913564e+00,1.3366924895e+00,4.0026252669e-01,1.6663900420e-01,2.3362352249e-01,7.1110576757e-01
1.4538703075e+00,1.3374623656e+00,4.0026133856e-01,1.6629318582e-01,2.3396815274e-01,7.1167597581e-01
1.4567492586e+00,1.3382326851e+00,4.0025902425e-01,1.6594743485e-01,2.3431158940e-01,7.1224385040e-01
1.4596282097e+00,1.3390034482e+00,4.0025559050e-01,1.6560175714e-01,2.3465383337e-01,7.1280939918e-01
1.4625071608e+00,1.3397746553e+00,4.0025104403e-01,1.6525615849e-01,2.3499488554e-01,7.1337263001e-01
1.4653861119e+00,1.3405463066e+00,4.0024539152e-01,1.6491064468e-01,2.3533474684e-01,7.1393355070e-01
1.4682650630e+00,1.3413184023e+00,4.0023863961e-01,1.6456522140e-01,2.3567341821e-01,7.1449216911e-01
1.4711440142e+00,1.3420909427e+00,4.0023079490e-01,1.6421989431e-01,2.3601090059e-01,7.1504849305e-01
1.4740229653e+00,1.3428639281e+00,4.0022186399e-01,1.6387466902e-01,2.3634719497e-01,7.1560253036e-01
1.4769019164e+00,1.3436373587e+00,4.0021185341e-01,1.6352955109e-01,2.3668230232e-01,7.1615428885e-01
1.4797808675e+00,1.3444112347e+00,4.0020076968e-01,1.6318454603e-01,2.3701622365e-01,7.1670377634e-01
1.4826598186e+00,1.3451855564e+00,4.0018861927e-01,1.6283965930e-01,2.3734895997e-01,7.1725100063e-01
1.4855387697e+00,1.3459603242e+00,4.0017540862e-01,1.6249489632e-01,2.3768051230e-01,7.1779596953e-01
1.4884177208e+00,1.3467355381e+00,4.0016114415e-01,1.6215026245e-01,2.3801088171e-01,7.1833869083e-01
1.4912966719e+00,1.3475111985e+00,4.0014583225e-01,1.6180576301e-01,2.3834006924e-01,7.1887917232e-01
1.4941756230e+00,1.3482873057e+00,4.0012947925e-01,1.6146140328e-01,2.3866807597e-01,7.1941742180e-01
1.4970545741e+00,1.3490638599e+00,4.0011209147e-01,1.6111718847e-01,2.3899490299e-01,7.1995344703e-01
1.4999335252e+00,1.3498408614e+00,4.0009367519e-01,1.6077312378e-01,2.3932055141e-01,7.2048725580e-01
1.5028124763e+00,1.3506183103e+00,4.0007423666e-01,1.6042921432e-01,2.3964502233e-01,7.2101885587e-01
1.5056914274e+00,1.3513962071e+00,4.0005378210e-01,1.6008546519e-01,2.3996831691e-01,7.2154825501e-01
1.5085703785e+00,1.3521745519e+00,4.0003231769e-01,1.5974188143e-01,2.4029043627e-01,7.2207546095e-01
1.5114493296e+00,1.3529533449e+00,4.0000984960e-01,1.5939846802e-01,2.4061138158e-01,7.2260048147e-01
1.5143282807e+00,1.3537325866e+00,3.9998638393e-01,1.5905522992e-01,2.4093115401e-01,7.2312332428e-01
1.5172072318e+00,1.3545122770e+00,3.9996192679e-01,1.5871217203e-01,2.4124975475e-01,7.2364399714e-01
1.5200861829e+00,1.3552924165e+00,3.9993648422e-01,1.5836929922e-01,2.4156718500e-01,7.2416250777e-01
1.5229651340e+00,1.3560730053e+00,3.9991006226e-01,1.5802661628e-01,2.4188344598e-01,7.2467886388e-01
1.5258440851e+00,1.3568540437e+00,3.9988266690e-01,1.5768412800e-01,2.4219853890e-01,7.2519307320e-01
1.5287230362e+00,1.3576355320e+00,3.9985430412e-01,1.5734183910e-01,2.4251246501e-01,7.2570514342e-01
1.5316019873e+00,1.3584174703e+00,3.9982497983e-01,1.5699975426e-01,2.4282522557e-01,7.2621508225e-01
1.5344809384e+00,1.3591998591e+00,3.9979469995e-01,1.5665787813e-01,2.4313682182e-01,7.2672289738e-01
1.5373598895e+00,1.3599826984e+00,3.9976347035e-01,1.5631621528e-01,2.4344725507e-01,7.2722859649e-01
1.5402388406e+00,1.3607659886e+00,3.9973129686e-01,1.5597477028e-01,2.4375652658e-01,7.2773218726e-01
1.5431177918e+00,1.3615497300e+00,3.9969818531e-01,1.5563354764e-01,2.4406463767e-01,7.2823367736e-01
1.5459967429e+00,1.3623339228e+00,3.9966414147e-01,1.5529255182e-01,2.4437158965e-01,7.2873307445e-01
1.5488756940e+00,1.3631185672e+00,3.9962917110e-01,1.5495178725e-01,2.4467738385e-01,7.2923038618e-01
1.5517546451e+00,1.3639036635e+00,3.9959327990e-01,1.5461125831e-01,2.4498202160e-01,7.2972562020e-01
1.5546335962e+00,1.3646892121e+00,3.9955647359e-01,1.5427096934e-01,2.4528550425e-01,7.3021878414e-01
1.5575125473e+00,1.3654752130e+00,3.9951875780e-01,1.5393092463e-01,2.4558783317e-01,7.3070988564e-01
1.5603914984e+00,1.3662616667e+00,3.9948013818e-01,1.5359112845e-01,2.4588900973e-01,7.3119893231e-01
1.5632704495e+00,1.3670485733e+00,3.9944062033e-01,1.5325158502e-01,2.4618903532e-01,7.3168593177e-01
1.5661494006e+00,1.3678359332e+00,3.9940020982e-01,1.5291229850e-01,2.4648791132e-01,7.3217089162e-01
1.5690283517e+00,1.3686237465e+00,3.9935891219e-01,1.5257327304e-01,2.4678563915e-01,7.3265381945e-01
1.5719073028e+00,1.3694120136e+00,3.9931673295e-01,1.5223451272e-01,2.4708222023e-01,7.3313472285e-01
1.5747862539e+00,1.3702007347e+00,3.9927367759e-01,1.5189602161e-01,2.4737765598e-01,7.3361360940e-01
1.5776652050e+00,1.3709899101e+00,3.9922975156e-01,1.5155780372e-01,2.4767194785e-01,7.3409048667e-01
1.5805441561e+00,1.3717795399e+00,3.9918496029e-01,1.5121986302e-01,2.4796509728e-01,7.3456536222e-01
1.5834231072e+00,1.3725696246e+00,3.9913930918e-01,1.5088220345e-01,2.4825710574e-01,7.3503824359e-01
1.5863020583e+00,1.3733601644e+00,3.9909280359e-01,1.5054482890e-01,2.4854797469e-01,7.3550913834e-01
1.5891810094e+00,1.3741511594e+00,3.9904544887e-01,1.5020774325e-01,2.4883770562e-01,7.3597805399e-01
1.5920599605e+00,1.3749426101e+00,3.9899725032e-01,1.4987095029e-01,2.4912630003e-01,7.3644499806e-01
1.5949389116e+00,1.3757345165e+00,3.9894821323e-01,1.4953445383e-01,2.4941375941e-01,7.3690997808e-01
1.5978178627e+00,1.3765268791e+00,3.9889834286e-01,1.4919825759e-01,2.4970008527e-01,7.3737300153e-01
1.6006968138e+00,1.3773196980e+00,3.9884764443e-01,1.4886236528e-01,2.4998527914e-01,7.3783407593e-01
1.6035757649e+00,1.3781129736e+00,3.9879612313e-01,1.4852678058e-01,2.5026934255e-01,7.3829320875e-01
1.6064547160e+00,1.3789067061e+00,3.9874378415e-01,1.4819150711e-01,2.5055227704e-01,7.3875040748e-01
1.6093336671e+00,1.3797008957e+00,3.9869063262e-01,1.4785654846e-01,2.5083408416e-01,7.3920567957e-01
1.6122126183e+00,1.3804955427e+00,3.9863667367e-01,1.4752190819e-01,2.5111476548e-01,7.3965903248e-01
1.6150915694e+00,1.3812906475e+00,3.9858191237e-01,1.4718758982e-01,2.5139432255e-01,7.4011047366e-01
1.6179705205e+00,1.3820862101e+00,3.9852635379e-01,1.4685359682e-01,2.5167275696e-01,7.4056001054e-01
1.6208494716e+00,1.3828822310e+00,3.9847000296e-01,1.4651993266e-01,2.5195007030e-01,7.4100765055e-01
1.6237284227e+00,1.3836787103e+00,3.9841286490e-01,1.4618660073e-01,2.5222626417e-01,7.4145340111e-01
1.6266073738e+00,1.3844756484e+00,3.9835494457e-01,1.4585360441e-01,2.5250134016e-01,7.4189726962e-01
1.6294863249e+00,1.3852730455e+00,3.9829624694e-01,1.4552094705e-01,2.5277529989e-01,7.4233926348e-01
1.6323652760e+00,1.3860709019e+00,3.9823677693e-01,1.4518863193e-01,2.5304814499e-01,7.4277939007e-01
1.6352442271e+00,1.3868692177e+00,3.9817653943e-01,1.4485666234e-01,2.5331987709e-01,7.4321765676e-01
1.6381231782e+00,1.3876679934e+00,3.9811553933e-01,1.4452504150e-01,2.5359049783e-01,7.4365407093e-01
1.6410021293e+00,1.3884672291e+00,3.9805378146e-01,1.4419377261e-01,2.5386000885e-01,7.4408863992e-01
1.6438810804e+00,1.3892669252e+00,3.9799127065e-01,1.4386285884e-01,2.5412841181e-01,7.4452137107e-01
1.6467600315e+00,1.3900670818e+00,3.9792801169e-01,1.4353230331e-01,2.5439570838e-01,7.4495227173e-01
1.6496389826e+00,1.3908676994e+00,3.9786400935e-01,1.4320210912e-01,2.5466190023e-01,7.4538134920e-01
1.6525179337e+00,1.3916687780e+00,3.9779926838e-01,1.4287227934e-01,2.5492698904e-01,7.4580861080e-01
1.6553968848e+00,1.3924703180e+00,3.9773379348e-01,1.4254281699e-01,2.5519097649e-01,7.4623406383e-01
1.6582758359e+00,1.3932723196e+00,3.9766758935e-01,1.4221372506e-01,2.5545386429e-01,7.4665771558e-01
1.6611547870e+00,1.3940747832e+00,3.9760066065e-01,1.4188500652e-01,2.5571565413e-01,7.4707957332e-01
1.6640337381e+00,1.3948777090e+00,3.9753301202e-01,1.4155666430e-01,2.5597634772e-01,7.4749964432e-01
1.6669126892e+00,1.3956810972e+00,3.9746464808e-01,1.4122870128e-01,2.5623594680e-01,7.4791793584e-01
1.6697916403e+00,1.3964849481e+00,3.9739557342e-01,1.4090112034e-01,2.5649445307e-01,7.4833445511e-01
1.6726705914e+00,1.3972892620e+00,3.9732579259e-01,1.4057392431e-01,2.5675186828e-01,7.4874920938e-01
1.6755495425e+00,1.3980940392e+00,3.9725531014e-01,1.4024711598e-01,2.5700819416e-01,7.4916220586e-01
1.6784284936e+00,1.3988992799e+00,3.9718413058e-01,1.3992069812e-01,2.5726343246e-01,7.4957345176e-01
1.6813074447e+00,1.3997049843e+00,3.9711225840e-01,1.3959467346e-01,2.5751758494e-01,7.4998295428e-01
1.6841863959e+00,1.4005111529e+00,3.9703969806e-01,1.3926904472e-01,2.5777065335e-01,7.5039072061e-01
1.6870653470e+00,1.4013177857e+00,3.9696645401e-01,1.3894381456e-01,2.5802263946e-01,7.5079675792e-01
1.6899442981e+00,1.4021248831e+00,3.9689253066e-01,1.3861898561e-01,2.5827354504e-01,7.5120107337e-01
1.6928232492e+00,1.4029324454e+00,3.9681793239e-01,1.3829456050e-01,2.5852337189e-01,7.5160367412e-01
1.6957022003e+00,1.4037404728e+00,3.9674266358e-01,1.3797054181e-01,2.5877212178e-01,7.5200456731e-01
1.6985811514e+00,1.4045489655e+00,3.9666672857e-01,1.3764693207e-01,2.5901979650e-01,7.5240376006e-01
1.7014601025e+00,1.4053579240e+00,3.9659013168e-01,1.3732373382e-01,2.5926639786e-01,7.5280125949e-01
1.7043390536e+00,1.4061673483e+00,3.9651287720e-01,1.3700094953e-01,2.5951192766e-01,7.5319707270e-01
1.7072180047e+00,1.4069772389e+00,3.9643496939e-01,1.3667858168e-01,2.5975638772e-01,7.5359120678e-01
1.7100969558e+00,1.4077875959e+00,3.9635641252e-01,1.3635663268e-01,2.5999977984e-01,7.5398366883e-01
1.7129759069e+00,1.4085984196e+00,3.9627721080e-01,1.3603510493e-01,2.6024210587e-01,7.5437446589e-01
1.7158548580e+00,1.4094097104e+00,3.9619736844e-01,1.3571400082e-01,2.6048336761e-01,7.5476360504e-01
1.7187338091e+00,1.4102214684e+00,3.9611688960e-01,1.3539332267e-01,2.6072356692e-01,7.5515109331e-01
1.7216127602e+00,1.4110336939e+00,3.9603577844e-01,1.3507307281e-01,2.6096270563e-01,7.5553693773e-01
1.7244917113e+00,1.4118463873e+00,3.9595403910e-01,1.3475325351e-01,2.6120078559e-01,7.5592114533e-01
1.7273706624e+00,1.4126595487e+00,3.9587167568e-01,1.3443386704e-01,2.6143780864e-01,7.5630372310e-01
1.7302496135e+00,1.4134731785e+00,3.9578869226e-01,1.3411491561e-01,2.6167377665e-01,7.5668467805e-01
1.7331285646e+00,1.4142872768e+00,3.9570509291e-01,1.3379640143e-01,2.6190869148e-01,7.5706401715e-01
1.7360075157e+00,1.4151018441e+00,3.9562088166e-01,1.3347832666e-01,2.6214255500e-01,7.5744174739e-01
1.7388864668e+00,1.4159168805e+00,3.9553606254e-01,1.3316069346e-01,2.6237536908e-01,7.5781787570e-01
1.7417654179e+00,1.4167323864e+00,3.9545063953e-01,1.3284350394e-01,2.6260713559e-01,7.5819240904e-01
1.7446443690e+00,1.4175483619e+00,3.9536461661e-01,1.3252676018e-01,2.6283785643e-01,7.5856535433e-01
1.7475233201e+00,1.4183648075e+00,3.9527799772e-01,1.3221046425e-01,2.6306753348e-01,7.5893671851e-01
1.7504022712e+00,1.4191817232e+00,3.9519078680e-01,1.3189461818e-01,2.6329616862e-01,7.5930650847e-01
1.7532812223e+00,1.4199991095e+00,3.9510298775e-01,1.3157922398e-01,2.6352376377e-01,7.5967473110e-01
1.7561601735e+00,1.4208169665e+00,3.9501460444e-01,1.3126428363e-01,2.6375032081e-01,7.6004139329e-01
1.7590391246e+00,1.4216352946e+00,3.9492564075e-01,1.3094979909e-01,2.6397584167e-01,7.6040650191e-01
1.7619180757e+00,1.4224540940e+00,3.9483610051e-01,1.3063577228e-01,2.6420032824e-01,7.6077006381e-01
1.7647970268e+00,1.4232733650e+00,3.9474598755e-01,1.3032220510e-01,2.6442378245e-01,7.6113208584e-01
1.7676759779e+00,1.4240931078e+00,3.9465530564e-01,1.3000909944e-01,2.6464620621e-01,7.6149257481e-01
1.7705549290e+00,1.4249133228e+00,3.9456405858e-01,1.2969645714e-01,2.6486760144e-01,7.6185153756e-01
1.7734338801e+00,1.4257340102e+00,3.9447225012e-01,1.2938428003e-01,2.6508797009e-01,7.6220898088e-01
1.7763128312e+00,1.4265551703e+00,3.9437988398e-01,1.2907256991e-01,2.6530731407e-01,7.6256491156e-01
1.7791917823e+00,1.4273768034e+00,3.9428696387e-01,1.2876132855e-01,2.6552563533e-01,7.6291933638e-01
1.7820707334e+00,1.4281989096e+00,3.9419349350e-01,1.2845055770e-01,2.6574293580e-01,7.6327226211e-01
1.7849496845e+00,1.4290214894e+00,3.9409947653e-01,1.2814025909e-01,2.6595921743e-01,7.6362369549e-01
1.7878286356e+00,1.4298445429e+00,3.9400491660e-01,1.2783043442e-01,2.6617448218e-01,7.6397364326e-01
1.7907075867e+00,1.4306680705e+00,3.9390981735e-01,1.2752108537e-01,2.6638873198e-01,7.6432211215e-01
1.7935865378e+00,1.4314920724e+00,3.9381418238e-01,1.2721221358e-01,2.6660196879e-01,7.6466910888e-01
1.7964654889e+00,1.4323165489e+00,3.9371801527e-01,1.2690382069e-01,2.6681419458e-01,7.6501464013e-01
1.7993444400e+00,1.4331415002e+00,3.9362131961e-01,1.2659590830e-01,2.6702541131e-01,7.6535871259e-01
1.8022233911e+00,1.4339669267e+00,3.9352409892e-01,1.2628847798e-01,2.6723562094e-01,7.6570133293e-01
1.8051023422e+00,1.4347928286e+00,3.9342635674e-01,1.2598153130e-01,2.6744482544e-01,7.6604250782e-01
1.8079812933e+00,1.4356192061e+00,3.9332809657e-01,1.2567506979e-01,2.6765302679e-01,7.6638224390e-01
1.8108602444e+00,1.4364460596e+00,3.9322932191e-01,1.2536909495e-01,2.6786022695e-01,7.6672054779e-01
1.8137391955e+00,1.4372733894e+00,3.9313003620e-01,1.2506360828e-01,2.6806642792e-01,7.6705742612e-01
1.8166181466e+00,1.4381011957e+00,3.9303024291e-01,1.2475861124e-01,2.6827163167e-01,7.6739288549e-01
1.8194970977e+00,1.4389294787e+00,3.9292994546e-01,1.2445410527e-01,2.6847584019e-01,7.6772693250e-01
1.8223760488e+00,1.4397582388e+00,3.9282914725e-01,1.2415009178e-01,2.6867905546e-01,7.6805957371e-01
1.8252549999e+00,1.4405874762e+00,3.9272785167e-01,1.2384657218e-01,2.6888127949e-01,7.6839081570e-01
1.8281339511e+00,1.4414171913e+00,3.9262606209e-01,1.2354354784e-01,2.6908251425e-01,7.6872066501e-01
1.8310129022e+00,1.4422473842e+00,3.9252378186e-01,1.2324102011e-01,2.6928276175e-01,7.6904912818e-01
1.8338918533e+00,1.4430780552e+00,3.9242101430e-01,1.2293899032e-01,2.6948202399e-01,7.6937621173e-01
1.8367708044e+00,1.4439092047e+00,3.9231776274e-01,1.2263745977e-01,2.6968030296e-01,7.6970192218e-01
1.8396497555e+00,1.4447408329e+00,3.9221403045e-01,1.2233642977e-01,2.6987760069e-01,7.7002626602e-01
1.8425287066e+00,1.4455729401e+00,3.9210982072e-01,1.2203590156e-01,2.7007391916e-01,7.7034924972e-01
1.8454076577e+00,1.4464055265e+00,3.9200513679e-01,1.2173587639e-01,2.7026926040e-01,7.7067087977e-01
1.8482866088e+00,1.4472385925e+00,3.9189998190e-01,1.2143635550e-01,2.7046362640e-01,7.7099116261e-01
1.8511655599e+00,1.4480721383e+00,3.9179435927e-01,1.2113734007e-01,2.7065701920e-01,7.7131010469e-01
1.8540445110e+00,1.4489061641e+00,3.9168827210e-01,1.2083883129e-01,2.7084944080e-01,7.7162771243e-01
1.8569234621e+00,1.4497406704e+00,3.9158172355e-01,1.2054083032e-01,2.7104089323e-01,7.7194399225e-01
1.8598024132e+00,1.4505756572e+00,3.9147471680e-01,1.2024333831e-01,2.7123137850e-01,7.7225895054e-01
1.8626813643e+00,1.4514111250e+00,3.9136725499e-01,1.1994635636e-01,2.7142089863e-01,7.7257259370e-01
1.8655603154e+00,1.4522470740e+00,3.9125934124e-01,1.1964988558e-01,2.7160945567e-01,7.7288492809e-01
1.8684392665e+00,1.4530835044e+00,3.9115097866e-01,1.1935392705e-01,2.7179705162e-01,7.7319596007e-01
1.8713182176e+00,1.4539204166e+00,3.9104217034e-01,1.1905848182e-01,2.7198368851e-01,7.7350569599e-01
1.8741971687e+00,1.4547578108e+00,3.9093291934e-01,1.1876355095e-01,2.7216936839e-01,7.7381414218e-01
1.8770761198e+00,1.4555956874e+00,3.9082322873e-01,1.1846913544e-01,2.7235409329e-01,7.7412130495e-01
1.8799550709e+00,1.4564340465e+00,3.9071310153e-01,1.1817523630e-01,2.7253786523e-01,7.7442719060e-01
1.8828340220e+00,1.4572728884e+00,3.9060254076e-01,1.1788185451e-01,2.7272068625e-01,7.7473180543e-01
1.8857129731e+00,1.4581122135e+00,3.9049154943e-01,1.1758899103e-01,2.7290255839e-01,7.7503515572e-01
1.8885919242e+00,1.4589520220e+00,3.9038013051e-01,1.1729664681e-01,2.7308348370e-01,7.7533724771e-01
1.8914708753e+00,1.4597923142e+00,3.9026828697e-01,1.1700482277e-01,2.7326346420e-01,7.7563808766e-01
1.8943498264e+00,1.4606330904e+00,3.9015602176e-01,1.1671351981e-01,2.7344250195e-01,7.7593768180e-01
1.8972287775e+00,1.4614743508e+00,3.9004333781e-01,1.1642273882e-01,2.7362059899e-01,7.7623603635e-01
1.9001077287e+00,1.4623160958e+00,3.8993023804e-01,1.1613248068e-01,2.7379775736e-01,7.7653315751e-01
1.9029866798e+00,1.4631583255e+00,3.8981672534e-01,1.1584274623e-01,2.7397397911e-01,7.7682905148e-01
1.9058656309e+00,1.4640010404e+00,3.8970280258e-01,1.1555353630e-01,2.7414926628e-01,7.7712372444e-01
1.9087445820e+00,1.4648442406e+00,3.8958847264e-01,1.1526485171e-01,2.7432362093e-01,7.7741718254e-01
1.9116235331e+00,1.4656879264e+00,3.8947373836e-01,1.1497669326e-01,2.7449704510e-01,7.7770943193e-01
1.9145024842e+00,1.4665320982e+00,3.8935860258e-01,1.1468906172e-01,2.7466954085e-01,7.7800047875e-01
1.9173814353e+00,1.4673767562e+00,3.8924306809e-01,1.1440195786e-01,2.7484111023e-01,7.7829032912e-01
1.9202603864e+00,1.4682219007e+00,3.8912713771e-01,1.1411538242e-01,2.7501175529e-01,7.7857898915e-01
1.9231393375e+00,1.4690675319e+00,3.8901081420e-01,1.1382933612e-01,2.7518147808e-01,7.7886646493e-01
1.9260182886e+00,1.4699136502e+00,3.8889410034e-01,1.1354381968e-01,2.7535028067e-01,7.7915276253e-01
1.9288972397e+00,1.4707602558e+00,3.8877699888e-01,1.1325883378e-01,2.7551816510e-01,7.7943788803e-01
1.9317761908e+00,1.4716073491e+00,3.8865951254e-01,1.1297437911e-01,2.7568513343e-01,7.7972184747e-01
1.9346551419e+00,1.4724549302e+00,3.8854164404e-01,1.1269045632e-01,2.7585118772e-01,7.8000464689e-01
1.9375340930e+00,1.4733029994e+00,3.8842339608e-01,1.1240706606e-01,2.7601633002e-01,7.8028629231e-01
1.9404130441e+00,1.4741515572e+00,3.8830477135e-01,1.1212420894e-01,2.7618056241e-01,7.8056678974e-01
1.9432919952e+00,1.4750006036e+00,3.8818577251e-01,1.1184188558e-01,2.7634388692e-01,7.8084614518e-01
1.9461709463e+00,1.4758501391e+00,3.8806640222e-01,1.1156009658e-01,2.7650630564e-01,7.8112436459e-01
1.9490498974e+00,1.4767001639e+00,3.8794666311e-01,1.1127884250e-01,2.7666782060e-01,7.8140145396e-01
1.9519288485e+00,1.4775506782e+00,3.8782655780e-01,1.1099812392e-01,2.7682843388e-01,7.8167741923e-01
1.9548077996e+00,1.4784016825e+00,3.8770608891e-01,1.1071794137e-01,2.7698814754e-01,7.8195226633e-01
1.9576867507e+00,1.4792531768e+00,3.8758525902e-01,1.1043829538e-01,2.7714696364e-01,7.8222600120e-01
1.9605657018e+00,1.4801051616e+00,3.8746407071e-01,1.1015918647e-01,2.7730488423e-01,7.8249862974e-01
1.9634446529e+00,1.4809576370e+00,3.8734252653e-01,1.0988061514e-01,2.7746191139e-01,7.8277015785e-01
1.9663236040e+00,1.4818106035e+00,3.8722062904e-01,1.0960258187e-01,2.7761804717e-01,7.8304059140e-01
1.9692025551e+00,1.4826640613e+00,3.8709838076e-01,1.0932508713e-01,2.7777329363e-01,7.8330993627e-01
1.9720815063e+00,1.4835180105e+00,3.8697578422e-01,1.0904813137e-01,2.7792765285e-01,7.8357819831e-01
1.9749604574e+00,1.4843724517e+00,3.8685284190e-01,1.0877171503e-01,2.7808112687e-01,7.8384538335e-01
1.9778394085e+00,1.4852273849e+00,3.8672955629e-01,1.0849583852e-01,2.7823371777e-01,7.8411149723e-01
1.9807183596e+00,1.4860828106e+00,3.8660592988e-01,1.0822050227e-01,2.7838542760e-01,7.8437654575e-01
1.9835973107e+00,1.4869387289e+00,3.8648196510e-01,1.0794570667e-01,2.7853625844e-01,7.8464053470e-01
1.9864762618e+00,1.4877951402e+00,3.8635766441e-01,1.0767145208e-01,2.7868621233e-01,7.8490346988e-01
1.9893552129e+00,1.4886520448e+00,3.8623303023e-01,1.0739773888e-01,2.7883529135e-01,7.8516535704e-01
1.9922341640e+00,1.4895094429e+00,3.8610806498e-01,1.0712456743e-01,2.7898349755e-01,7.8542620195e-01
1.9951131151e+00,1.4903673348e+00,3.8598277105e-01,1.0685193804e-01,2.7913083301e-01,7.8568601034e-01
1.9979920662e+00,1.4912257209e+00,3.8585715083e-01,1.0657985106e-01,2.7927729977e-01,7.8594478794e-01
2.0008710173e+00,1.4920846013e+00,3.8573120669e-01,1.0630830678e-01,2.7942289991e-01,7.8620254046e-01
2.0037499684e+00,1.4929439764e+00,3.8560494098e-01,1.0603730551e-01,2.7956763547e-01,7.8645927360e-01
2.0066289195e+00,1.4938038465e+00,3.8547835605e-01,1.0576684751e-01,2.7971150853e-01,7.8671499304e-01
2.0095078706e+00,1.4946642118e+00,3.8535145422e-01,1.0549693307e-01,2.7985452115e-01,7.8696970445e-01
2.0123868217e+00,1.4955250726e+00,3.8522423782e-01,1.0522756244e-01,2.7999667538e-01,7.8722341349e-01
2.0152657728e+00,1.4963864293e+00,3.8509670913e-01,1.0495873585e-01,2.8013797329e-01,7.8747612580e-01
2.0181447239e+00,1.4972482821e+00,3.8496887046e-01,1.0469045353e-01,2.8027841692e-01,7.8772784701e-01
2.0210236750e+00,1.4981106312e+00,3.8484072406e-01,1.0442271571e-01,2.8041800835e-01,7.8797858272e-01
2.0239026261e+00,1.4989734771e+00,3.8471227220e-01,1.0415552257e-01,2.8055674963e-01,7.8822833854e-01
2.0267815772e+00,1.4998368199e+00,3.8458351713e-01,1.0388887432e-01,2.8069464282e-01,7.8847712006e-01
2.0296605283e+00,1.5007006599e+00,3.8445446109e-01,1.0362277112e-01,2.8083168996e-01,7.8872493284e-01
2.0325394794e+00,1.5015649975e+00,3.8432510628e-01,1.0335721315e-01,2.8096789313e-01,7.8897178245e-01
2.0354184305e+00,1.5024298329e+00,3.8419545492e-01,1.0309220054e-01,2.8110325438e-01,7.8921767442e-01
2.0382973816e+00,1.5032951664e+00,3.8406550920e-01,1.0282773345e-01,2.8123777575e-01,7.8946261428e-01
2.0411763327e+00,1.5041609983e+00,3.8393527130e-01,1.0256381199e-01,2.8137145930e-01,7.8970660756e-01
2.0440552839e+00,1.5050273289e+00,3.8380474338e-01,1.0230043629e-01,2.8150430710e-01,7.8994965974e-01
2.0469342350e+00,1.5058941584e+00,3.8367392761e-01,1.0203760644e-01,2.8163632117e-01,7.9019177633e-01
2.0498131861e+00,1.5067614873e+00,3.8354282612e-01,1.0177532253e-01,2.8176750359e-01,7.9043296278e-01
2.0526921372e+00,1.5076293156e+00,3.8341144104e-01,1.0151358464e-01,2.8189785640e-01,7.9067322457e-01
2.0555710883e+00,1.5084976438e+00,3.8327977449e-01,1.0125239285e-01,2.8202738164e-01,7.9091256713e-01
2.0584500394e+00,1.5093664721e+00,3.8314782857e-01,1.0099174720e-01,2.8215608138e-01,7.9115099590e-01
2.0613289905e+00,1.5102358008e+00,3.8301560537e-01,1.0073164773e-01,2.8228395764e-01,7.9138851629e-01
2.0642079416e+00,1.5111056302e+00,3.8288310697e-01,1.0047209449e-01,2.8241101248e-01,7.9162513371e-01
2.0670868927e+00,1.5119759606e+00,3.8275033544e-01,1.0021308748e-01,2.8253724795e-01,7.9186085356e-01
2.0699658438e+00,1.5128467922e+00,3.8261729282e-01,9.9954626729e-02,2.8266266609e-01,7.9209568119e-01
2.0728447949e+00,1.5137181254e+00,3.8248398116e-01,9.9696712221e-02,2.8278726894e-01,7.9232962198e-01
2.0757237460e+00,1.5145899605e+00,3.8235040249e-01,9.9439343948e-02,2.8291105854e-01,7.9256268128e-01
2.0786026971e+00,1.5154622977e+00,3.8221655882e-01,9.9182521886e-02,2.8303403693e-01,7.9279486441e-01
2.0814816482e+00,1.5163351373e+00,3.8208245215e-01,9.8926246000e-02,2.8315620615e-01,7.9302617670e-01
2.0843605993e+00,1.5172084797e+00,3.8194808449e-01,9.8670516245e-02,2.8327756825e-01,7.9325662346e-01
2.0872395504e+00,1.5180823251e+00,3.8181345781e-01,9.8415332564e-02,2.8339812524e-01,7.9348620997e-01
2.0901185015e+00,1.5189566737e+00,3.8167857407e-01,9.8160694892e-02,2.8351787918e-01,7.9371494152e-01
2.0929974526e+00,1.5198315259e+00,3.8154343525e-01,9.7906603150e-02,2.8363683210e-01,7.9394282337e-01
2.0958764037e+00,1.5207068821e+00,3.8140804327e-01,9.7653057251e-02,2.8375498602e-01,7.9416986078e-01
2.0987553548e+00,1.5215827423e+00,3.8127240007e-01,9.7400057099e-02,2.8387234297e-01,7.9439605897e-01
2.1016343059e+00,1.5224591071e+00,3.8113650758e-01,9.7147602584e-02,2.8398890500e-01,7.9462142318e-01
2.1045132570e+00,1.5233359766e+00,3.8100036770e-01,9.6895693588e-02,2.8410467411e-01,7.9484595862e-01
2.1073922081e+00,1.5242133511e+00,3.8086398234e-01,9.6644329985e-02,2.8421965235e-01,7.9506967047e-01
2.1102711592e+00,1.5250912310e+00,3.8072735337e-01,9.6393511635e-02,2.8433384173e-01,7.9529256393e-01
2.1131501103e+00,1.5259696164e+00,3.8059048268e-01,9.6143238391e-02,2.8444724429e-01,7.9551464417e-01
2.1160290615e+00,1.5268485078e+00,3.8045337212e-01,9.5893510096e-02,2.8455986203e-01,7.9573591633e-01
2.1189080126e+00,1.5277279054e+00,3.8031602356e-01,9.5644326582e-02,2.8467169698e-01,7.9595638556e-01
2.1217869637e+00,1.5286078095e+00,3.8017843883e-01,9.5395687674e-02,2.8478275116e-01,7.9617605699e-01
2.1246659148e+00,1.5294882204e+00,3.8004061977e-01,9.5147593184e-02,2.8489302658e-01,7.9639493573e-01
2.1275448659e+00,1.5303691383e+00,3.7990256819e-01,9.4900042918e-02,2.8500252527e-01,7.9661302689e-01
2.1304238170e+00,1.5312505636e+00,3.7976428590e-01,9.4653036671e-02,2.8511124923e-01,7.9683033555e-01
2.1333027681e+00,1.5321324966e+00,3.7962577470e-01,9.4406574229e-02,2.8521920047e-01,7.9704686678e-01
2.1361817192e+00,1.5330149375e+00,3.7948703638e-01,9.4160655369e-02,2.8532638101e-01,7.9726262565e-01
2.1390606703e+00,1.5338978867e+00,3.7934807270e-01,9.3915279859e-02,2.8543279284e-01,7.9747761721e-01
2.1419396214e+00,1.5347813444e+00,3.7920888545e-01,9.3670447459e-02,2.8553843799e-01,7.9769184647e-01
2.1448185725e+00,1.5356653110e+00,3.7906947637e-01,9.3426157919e-02,2.8564331845e-01,7.9790531848e-01
2.1476975236e+00,1.5365497867e+00,3.7892984720e-01,9.3182410980e-02,2.8574743622e-01,7.9811803822e-01
2.1505764747e+00,1.5374347718e+00,3.7878999968e-01,9.2939206375e-02,2.8585079331e-01,7.9833001071e-01
2.1534554258e+00,1.5383202666e+00,3.7864993553e-01,9.2696543829e-02,2.8595339171e-01,7.9854124090e-01
2.1563343769e+00,1.5392062714e+00,3.7850965647e-01,9.2454423058e-02,2.8605523341e-01,7.9875173378e-01
2.1592133280e+00,1.5400927865e+00,3.7836916419e-01,9.2212843769e-02,2.8615632043e-01,7.9896149429e-01
2.1620922791e+00,1.5409798122e+00,3.7822846039e-01,9.1971805661e-02,2.8625665473e-01,7.9917052737e-01
2.1649712302e+00,1.5418673488e+00,3.7808754675e-01,9.1731308425e-02,2.8635623833e-01,7.9937883795e-01
2.1678501813e+00,1.5427553966e+00,3.7794642494e-01,9.1491351744e-02,2.8645507320e-01,7.9958643095e-01
2.1707291324e+00,1.5436439559e+00,3.7780509662e-01,9.1251935293e-02,2.8655316133e-01,7.9979331126e-01
2.1736080835e+00,1.5445330269e+00,3.7766356344e-01,9.1013058738e-02,2.8665050470e-01,7.9999948376e-01
2.1764870346e+00,1.5454226100e+00,3.7752182704e-01,9.0774721737e-02,2.8674710531e-01,8.0020495333e-01
2.1793659857e+00,1.5463127055e+00,3.7737988906e-01,9.0536923943e-02,2.8684296512e-01,8.0040972484e-01
2.1822449368e+00,1.5472033136e+00,3.7723775111e-01,9.0299664997e-02,2.8693808611e-01,8.0061380312e-01
2.1851238880e+00,1.5480944346e+00,3.7709541481e-01,9.0062944536e-02,2.8703247027e-01,8.0081719301e-01
2.1880028391e+00,1.5489860689e+00,3.7695288175e-01,8.9826762188e-02,2.8712611956e-01,8.0101989933e-01
2.1908817902e+00,1.5498782168e+00,3.7681015353e-01,8.9591117572e-02,2.8721903596e-01,8.0122192689e-01
2.1937607413e+00,1.5507708785e+00,3.7666723173e-01,8.9356010301e-02,2.8731122143e-01,8.0142328048e-01
2.1966396924e+00,1.5516640543e+00,3.7652411792e-01,8.9121439982e-02,2.8740267794e-01,8.0162396489e-01
2.1995186435e+00,1.5525577446e+00,3.7638081367e-01,8.8887406211e-02,2.8749340746e-01,8.0182398487e-01
2.2023975946e+00,1.5534519495e+00,3.7623732052e-01,8.8653908581e-02,2.8758341194e-01,8.0202334519e-01
2.2052765457e+00,1.5543466695e+00,3.7609364003e-01,8.8420946675e-02,2.8767269336e-01,8.0222205058e-01
2.2081554968e+00,1.5552419049e+00,3.7594977372e-01,8.8188520070e-02,2.8776125365e-01,8.0242010578e-01
2.2110344479e+00,1.5561376558e+00,3.7580572313e-01,8.7956628335e-02,2.8784909479e-01,8.0261751550e-01
2.2139133990e+00,1.5570339226e+00,3.7566148976e-01,8.7725271033e-02,2.8793621872e-01,8.0281428444e-01
2.2167923501e+00,1.5579307057e+00,3.7551707512e-01,8.7494447721e-02,2.8802262740e-01,8.0301041729e-01
2.2196713012e+00,1.5588280053e+00,3.7537248071e-01,8.7264157948e-02,2.8810832276e-01,8.0320591874e-01
2.2225502523e+00,1.5597258216e+00,3.7522770802e-01,8.7034401255e-02,2.8819330677e-01,8.0340079344e-01
2.2254292034e+00,1.5606241551e+00,3.7508275853e-01,8.6805177179e-02,2.8827758135e-01,8.0359504604e-01
2.2283081545e+00,1.5615230060e+00,3.7493763370e-01,8.6576485250e-02,2.8836114845e-01,8.0378868119e-01
2.2311871056e+00,1.5624223746e+00,3.7479233500e-01,8.6348324989e-02,2.8844401002e-01,8.0398170351e-01
2.2340660567e+00,1.5633222611e+00,3.7464686389e-01,8.6120695914e-02,2.8852616797e-01,8.0417411761e-01
2.2369450078e+00,1.5642226660e+00,3.7450122179e-01,8.5893597533e-02,2.8860762426e-01,8.0436592809e-01
2.2398239589e+00,1.5651235895e+00,3.7435541015e-01,8.5667029352e-02,2.8868838080e-01,8.0455713954e-01
2.2427029100e+00,1.5660250318e+00,3.7420943039e-01,8.5440990867e-02,2.8876843953e-01,8.0474775654e-01
2.2455818611e+00,1.5669269934e+00,3.7406328393e-01,8.5215481569e-02,2.8884780236e-01,8.0493778364e-01
2.2484608122e+00,1.5678294744e+00,3.7391697218e-01,8.4990500945e-02,2.8892647124e-01,8.0512722539e-01
2.2513397633e+00,1.5687324752e+00,3.7377049654e-01,8.4766048473e-02,2.8900444807e-01,8.0531608634e-01
2.2542187144e+00,1.5696359961e+00,3.7362385839e-01,8.4542123626e-02,2.8908173477e-01,8.0550437100e-01
2.2570976656e+00,1.5705400374e+00,3.7347705913e-01,8.4318725871e-02,2.8915833326e-01,8.0569208389e-01
2.2599766167e+00,1.5714445994e+00,3.7333010012e-01,8.4095854671e-02,2.8923424544e-01,8.0587922950e-01
2.2628555678e+00,1.5723496824e+00,3.7318298272e-01,8.3873509481e-02,2.8930947324e-01,8.0606581232e-01
2.2657345189e+00,1.5732552867e+00,3.7303570831e-01,8.3651689752e-02,2.8938401856e-01,8.0625183683e-01
2.2686134700e+00,1.5741614125e+00,3.7288827822e-01,8.3430394927e-02,2.8945788329e-01,8.0643730749e-01
2.2714924211e+00,1.5750680603e+00,3.7274069380e-01,8.3209624445e-02,2.8953106935e-01,8.0662222874e-01
2.2743713722e+00,1.5759752302e+00,3.7259295637e-01,8.2989377740e-02,2.8960357863e-01,8.0680660503e-01
2.2772503233e+00,1.5768829226e+00,3.7244506727e-01,8.2769654240e-02,2.8967541303e-01,8.0699044077e-01
2.2801292744e+00,1.5777911378e+00,3.7229702781e-01,8.2550453368e-02,2.8974657444e-01,8.0717374038e-01
2.2830082255e+00,1.5786998761e+00,3.7214883929e-01,8.2331774540e-02,2.8981706475e-01,8.0735650826e-01
2.2858871766e+00,1.5796091378e+00,3.7200050302e-01,8.2113617169e-02,2.8988688585e-01,8.0753874879e-01
2.2887661277e+00,1.5805189232e+00,3.7185202029e-01,8.1895980662e-02,2.8995603963e-01,8.0772046636e-01
2.2916450788e+00,1.5814292326e+00,3.7170339239e-01,8.1678864420e-02,2.9002452797e-01,8.0790166531e-01
2.2945240299e+00,1.5823400663e+00,3.7155462058e-01,8.1462267840e-02,2.9009235274e-01,8.0808235001e-01
2.2974029810e+00,1.5832514246e+00,3.7140570614e-01,8.1246190313e-02,2.9015951583e-01,8.0826252479e-01
2.3002819321e+00,1.5841633078e+00,3.7125665033e-01,8.1030631226e-02,2.9022601910e-01,8.0844219397e-01
2.3031608832e+00,1.5850757162e+00,3.7110745440e-01,8.0815589962e-02,2.9029186444e-01,8.0862136187e-01
2.3060398343e+00,1.5859886501e+00,3.7095811959e-01,8.0601065896e-02,2.9035705370e-01,8.0880003280e-01
2.3089187854e+00,1.5869021098e+00,3.7080864715e-01,8.0387058401e-02,2.9042158875e-01,8.0897821104e-01
2.3117977365e+00,1.5878160956e+00,3.7065903830e-01,8.0173566845e-02,2.9048547146e-01,8.0915590087e-01
2.3146766876e+00,1.5887306078e+00,3.7050929427e-01,7.9960590590e-02,2.9054870368e-01,8.0933310655e-01
2.3175556387e+00,1.5896456468e+00,3.7035941627e-01,7.9748128994e-02,2.9061128728e-01,8.0950983234e-01
2.3204345898e+00,1.5905612128e+00,3.7020940551e-01,7.9536181411e-02,2.9067322409e-01,8.0968608248e-01
2.3233135409e+00,1.5914773061e+00,3.7005926318e-01,7.9324747191e-02,2.9073451599e-01,8.0986186120e-01
2.3261924920e+00,1.5923939270e+00,3.6990899048e-01,7.9113825677e-02,2.9079516481e-01,8.1003717272e-01
2.3290714432e+00,1.5933110759e+00,3.6975858860e-01,7.8903416210e-02,2.9085517239e-01,8.1021202125e-01
2.3319503943e+00,1.5942287530e+00,3.6960805872e-01,7.8693518126e-02,2.9091454059e-01,8.1038641097e-01
2.3348293454e+00,1.5951469586e+00,3.6945740199e-01,7.8484130758e-02,2.9097327123e-01,8.1056034606e-01
2.3377082965e+00,1.5960656931e+00,3.6930661959e-01,7.8275253431e-02,2.9103136616e-01,8.1073383071e-01
2.3405872476e+00,1.5969849568e+00,3.6915571268e-01,7.8066885470e-02,2.9108882721e-01,8.1090686907e-01
2.3434661987e+00,1.5979047499e+00,3.6900468240e-01,7.7859026194e-02,2.9114565621e-01,8.1107946529e-01
2.3463451498e+00,1.5988250727e+00,3.6885352989e-01,7.7651674918e-02,2.9120185498e-01,8.1125162349e-01
2.3492241009e+00,1.5997459257e+00,3.6870225630e-01,7.7444830953e-02,2.9125742534e-01,8.1142334781e-01
2.3521030520e+00,1.6006673090e+00,3.6855086274e-01,7.7238493607e-02,2.9131236913e-01,8.1159464236e-01
2.3549820031e+00,1.6015892229e+00,3.6839935034e-01,7.7032662182e-02,2.9136668816e-01,8.1176551123e-01
2.3578609542e+00,1.6025116679e+00,3.6824772021e-01,7.6827335978e-02,2.9142038423e-01,8.1193595852e-01
2.3607399053e+00,1.6034346441e+00,3.6809597347e-01,7.6622514291e-02,2.9147345917e-01,8.1210598830e-01
2.3636188564e+00,1.6043581520e+00,3.6794411120e-01,7.6418196412e-02,2.9152591479e-01,8.1227560463e-01
2.3664978075e+00,1.6052821917e+00,3.6779213451e-01,7.6214381630e-02,2.9157775288e-01,8.1244481158e-01
2.3693767586e+00,1.6062067636e+00,3.6764004448e-01,7.6011069230e-02,2.9162897525e-01,8.1261361319e-01
2.3722557097e+00,1.6071318681e+00,3.6748784219e-01,7.5808258491e-02,2.9167958370e-01,8.1278201348e-01
2.3751346608e+00,1.6080575054e+00,3.6733552871e-01,7.5605948692e-02,2.9172958002e-01,8.1295001648e-01
2.3780136119e+00,1.6089836758e+00,3.6718310512e-01,7.5404139107e-02,2.9177896601e-01,8.1311762619e-01
2.3808925630e+00,1.6099103796e+00,3.6703057247e-01,7.5202829005e-02,2.9182774347e-01,8.1328484661e-01
2.3837715141e+00,1.6108376172e+00,3.6687793182e-01,7.5002017655e-02,2.9187591416e-01,8.1345168173e-01
2.3866504652e+00,1.6117653888e+00,3.6672518421e-01,7.4801704318e-02,2.9192347989e-01,8.1361813553e-01
2.3895294163e+00,1.6126936948e+00,3.6657233068e-01,7.4601888257e-02,2.9197044242e-01,8.1378421196e-01
2.3924083674e+00,1.6136225354e+00,3.6641937227e-01,7.4402568727e-02,2.9201680355e-01,8.1394991497e-01
2.3952873185e+00,1.6145519110e+00,3.6626631001e-01,7.4203744984e-02,2.9206256503e-01,8.1411524851e-01
2.3981662696e+00,1.6154818219e+00,3.6611314492e-01,7.4005416276e-02,2.9210772865e-01,8.1428021652e-01
2.4010452208e+00,1.6164122684e+00,3.6595987801e-01,7.3807581853e-02,2.9215229616e-01,8.1444482290e-01
2.4039241719e+00,1.6173432508e+00,3.6580651030e-01,7.3610240958e-02,2.9219626934e-01,8.1460907156e-01
2.4068031230e+00,1.6182747694e+00,3.6565304278e-01,7.3413392833e-02,2.9223964995e-01,8.1477296640e-01
2.4096820741e+00,1.6192068245e+00,3.6549947645e-01,7.3217036716e-02,2.9228243974e-01,8.1493651131e-01
2.4125610252e+00,1.6201394164e+00,3.6534581231e-01,7.3021171843e-02,2.9232464047e-01,8.1509971016e-01
2.4154399763e+00,1.6210725454e+00,3.6519205133e-01,7.2825797446e-02,2.9236625389e-01,8.1526256682e-01
2.4183189274e+00,1.6220062119e+00,3.6503819450e-01,7.2630912756e-02,2.9240728175e-01,8.1542508513e-01
2.4211978785e+00,1.6229404162e+00,3.6488424279e-01,7.2436516998e-02,2.9244772579e-01,8.1558726894e-01
2.4240768296e+00,1.6238751585e+00,3.6473019716e-01,7.2242609397e-02,2.9248758777e-01,8.1574912208e-01
2.4269557807e+00,1.6248104391e+00,3.6457605858e-01,7.2049189174e-02,2.9252686941e-01,8.1591064836e-01
2.4298347318e+00,1.6257462585e+00,3.6442182800e-01,7.1856255549e-02,2.9256557245e-01,8.1607185161e-01
2.4327136829e+00,1.6266826168e+00,3.6426750636e-01,7.1663807737e-02,2.9260369862e-01,8.1623273561e-01
2.4355926340e+00,1.6276195145e+00,3.6411309461e-01,7.1471844951e-02,2.9264124966e-01,8.1639330416e-01
2.4384715851e+00,1.6285569517e+00,3.6395859369e-01,7.1280366403e-02,2.9267822729e-01,8.1655356103e-01
2.4413505362e+00,1.6294949289e+00,3.6380400453e-01,7.1089371300e-02,2.9271463323e-01,8.1671350998e-01
2.4442294873e+00,1.6304334463e+00,3.6364932805e-01,7.0898858849e-02,2.9275046920e-01,8.1687315478e-01
2.4471084384e+00,1.6313725043e+00,3.6349456517e-01,7.0708828253e-02,2.9278573692e-01,8.1703249917e-01
2.4499873895e+00,1.6323121031e+00,3.6333971681e-01,7.0519278714e-02,2.9282043810e-01,8.1719154688e-01
2.4528663406e+00,1.6332522431e+00,3.6318478388e-01,7.0330209428e-02,2.9285457445e-01,8.1735030163e-01
2.4557452917e+00,1.6341929245e+00,3.6302976727e-01,7.0141619594e-02,2.9288814767e-01,8.1750876715e-01
2.4586242428e+00,1.6351341478e+00,3.6287466788e-01,6.9953508406e-02,2.9292115947e-01,8.1766694713e-01
2.4615031939e+00,1.6360759132e+00,3.6271948661e-01,6.9765875053e-02,2.9295361156e-01,8.1782484526e-01
2.4643821450e+00,1.6370182209e+00,3.6256422434e-01,6.9578718728e-02,2.9298550561e-01,8.1798246523e-01
2.4672610961e+00,1.6379610714e+00,3.6240888195e-01,6.9392038616e-02,2.9301684334e-01,8.1813981070e-01
2.4701400472e+00,1.6389044650e+00,3.6225346032e-01,6.9205833903e-02,2.9304762642e-01,8.1829688535e-01
2.4730189984e+00,1.6398484019e+00,3.6209796032e-01,6.9020103773e-02,2.9307785654e-01,8.1845369282e-01
2.4758979495e+00,1.6407928824e+00,3.6194238280e-01,6.8834847406e-02,2.9310753539e-01,8.1861023674e-01
2.4787769006e+00,1.6417379070e+00,3.6178672863e-01,6.8650063982e-02,2.9313666465e-01,8.1876652076e-01
2.4816558517e+00,1.6426834758e+00,3.6163099867e-01,6.8465752677e-02,2.9316524599e-01,8.1892254849e-01
2.4845348028e+00,1.6436295892e+00,3.6147519376e-01,6.8281912668e-02,2.9319328109e-01,8.1907832354e-01
2.4874137539e+00,1.6445762476e+00,3.6131931474e-01,6.8098543126e-02,2.9322077161e-01,8.1923384952e-01
2.4902927050e+00,1.6455234512e+00,3.6116336245e-01,6.7915643224e-02,2.9324771923e-01,8.1938913000e-01
2.4931716561e+00,1.6464712003e+00,3.6100733773e-01,6.7733212131e-02,2.9327412559e-01,8.1954416857e-01
2.4960506072e+00,1.6474194953e+00,3.6085124139e-01,6.7551249015e-02,2.9329999238e-01,8.1969896880e-01
2.4989295583e+00,1.6483683365e+00,3.6069507427e-01,6.7369753041e-02,2.9332532123e-01,8.1985353426e-01
2.5018085094e+00,1.6493177241e+00,3.6053883718e-01,6.7188723375e-02,2.9335011381e-01,8.2000786848e-01
2.5046874605e+00,1.6502676586e+00,3.6038253094e-01,6.7008159178e-02,2.9337437176e-01,8.2016197500e-01
2.5075664116e+00,1.6512181402e+00,3.6022615634e-01,6.6828059611e-02,2.9339809673e-01,8.2031585737e-01
2.5104453627e+00,1.6521691692e+00,3.6006971420e-01,6.6648423834e-02,2.9342129036e-01,8.2046951909e-01
2.5133243138e+00,1.6531207460e+00,3.5991320530e-01,6.6469251005e-02,2.9344395430e-01,8.2062296368e-01
2.5162032649e+00,1.6540728709e+00,3.5975663045e-01,6.6290540279e-02,2.9346609017e-01,8.2077619464e-01
2.5190822160e+00,1.6550255441e+00,3.5959999042e-01,6.6112290810e-02,2.9348769961e-01,8.2092921545e-01
2.5219611671e+00,1.6559787660e+00,3.5944328601e-01,6.5934501753e-02,2.9350878426e-01,8.2108202960e-01
2.5248401182e+00,1.6569325370e+00,3.5928651798e-01,6.5757172258e-02,2.9352934573e-01,8.2123464055e-01
2.5277190693e+00,1.6578868572e+00,3.5912968712e-01,6.5580301476e-02,2.9354938564e-01,8.2138705178e-01
2.5305980204e+00,1.6588417271e+00,3.5897279418e-01,6.5403888555e-02,2.9356890563e-01,8.2153926672e-01
2.5334769715e+00,1.6597971470e+00,3.5881583994e-01,6.5227932642e-02,2.9358790730e-01,8.2169128883e-01
2.5363559226e+00,1.6607531172e+00,3.5865882515e-01,6.5052432885e-02,2.9360639226e-01,8.2184312153e-01
2.5392348737e+00,1.6617096379e+00,3.5850175056e-01,6.4877388426e-02,2.9362436213e-01,8.2199476825e-01
2.5421138248e+00,1.6626667096e+00,3.5834461693e-01,6.4702798411e-02,2.9364181852e-01,8.2214623239e-01
2.5449927760e+00,1.6636243325e+00,3.5818742499e-01,6.4528661980e-02,2.9365876301e-01,8.2229751736e-01
2.5478717271e+00,1.6645825069e+00,3.5803017549e-01,6.4354978276e-02,2.9367519722e-01,8.2244862656e-01
2.5507506782e+00,1.6655412333e+00,3.5787286917e-01,6.4181746437e-02,2.9369112273e-01,8.2259956338e-01
2.5536296293e+00,1.6665005118e+00,3.5771550675e-01,6.4008965602e-02,2.9370654114e-01,8.2275033117e-01
2.5565085804e+00,1.6674603428e+00,3.5755808896e-01,6.3836634909e-02,2.9372145405e-01,8.2290093332e-01
2.5593875315e+00,1.6684207266e+00,3.5740061652e-01,6.3664753494e-02,2.9373586302e-01,8.2305137317e-01
2.5622664826e+00,1.6693816635e+00,3.5724309015e-01,6.3493320492e-02,2.9374976965e-01,8.2320165408e-01
2.5651454337e+00,1.6703431540e+00,3.5708551056e-01,6.3322335038e-02,2.9376317552e-01,8.2335177937e-01
2.5680243848e+00,1.6713051982e+00,3.5692787846e-01,6.3151796265e-02,2.9377608219e-01,8.2350175239e-01
2.5709033359e+00,1.6722677964e+00,3.5677019455e-01,6.2981703305e-02,2.9378849125e-01,8.2365157645e-01
2.5737822870e+00,1.6732309492e+00,3.5661245954e-01,6.2812055290e-02,2.9380040425e-01,8.2380125486e-01
2.5766612381e+00,1.6741946566e+00,3.5645467412e-01,6.2642851349e-02,2.9381182277e-01,8.2395079091e-01
2.5795401892e+00,1.6751589191e+00,3.5629683898e-01,6.2474090612e-02,2.9382274837e-01,8.2410018791e-01
2.5824191403e+00,1.6761237369e+00,3.5613895480e-01,6.2305772208e-02,2.9383318259e-01,8.2424944913e-01
2.5852980914e+00,1.6770891105e+00,3.5598102227e-01,6.2137895265e-02,2.9384312701e-01,8.2439857785e-01
2.5881770425e+00,1.6780550401e+00,3.5582304207e-01,6.1970458909e-02,2.9385258316e-01,8.2454757734e-01
2.5910559936e+00,1.6790215260e+00,3.5566501488e-01,6.1803462267e-02,2.9386155261e-01,8.2469645084e-01
2.5939349447e+00,1.6799885685e+00,3.5550694135e-01,6.1636904464e-02,2.9387003688e-01,8.2484520160e-01
2.5968138958e+00,1.6809561681e+00,3.5534882215e-01,6.1470784624e-02,2.9387803753e-01,8.2499383287e-01
2.5996928469e+00,1.6819243249e+00,3.5519065796e-01,6.1305101871e-02,2.9388555609e-01,8.2514234787e-01
2.6025717980e+00,1.6828930393e+00,3.5503244942e-01,6.1139855330e-02,2.9389259409e-01,8.2529074983e-01
2.6054507491e+00,1.6838623117e+00,3.5487419719e-01,6.0975044121e-02,2.9389915307e-01,8.2543904194e-01
2.6083297002e+00,1.6848321423e+00,3.5471590192e-01,6.0810667367e-02,2.9390523455e-01,8.2558722742e-01
2.6112086513e+00,1.6858025315e+00,3.5455756425e-01,6.0646724190e-02,2.9391084006e-01,8.2573530946e-01
2.6140876024e+00,1.6867734797e+00,3.5439918483e-01,6.0483213710e-02,2.9391597112e-01,8.2588329124e-01
2.6169665536e+00,1.6877449870e+00,3.5424076429e-01,6.0320135046e-02,2.9392062924e-01,8.2603117594e-01
2.6198455047e+00,1.6887170539e+00,3.5408230326e-01,6.0157487320e-02,2.9392481594e-01,8.2617896673e-01
2.6227244558e+00,1.6896896806e+00,3.5392380238e-01,5.9995269649e-02,2.9392853273e-01,8.2632666677e-01
2.6256034069e+00,1.6906628676e+00,3.5376526227e-01,5.9833481152e-02,2.9393178111e-01,8.2647427920e-01
2.6284823580e+00,1.6916366150e+00,3.5360668355e-01,5.9672120948e-02,2.9393456260e-01,8.2662180718e-01
2.6313613091e+00,1.6926109233e+00,3.5344806684e-01,5.9511188154e-02,2.9393687868e-01,8.2676925382e-01
2.6342402602e+00,1.6935857928e+00,3.5328941275e-01,5.9350681887e-02,2.9393873086e-01,8.2691662226e-01
2.6371192113e+00,1.6945612237e+00,3.5313072190e-01,5.9190601265e-02,2.9394012063e-01,8.2706391561e-01
2.6399981624e+00,1.6955372165e+00,3.5297199489e-01,5.9030945403e-02,2.9394104948e-01,8.2721113699e-01
2.6428771135e+00,1.6965137713e+00,3.5281323232e-01,5.8871713417e-02,2.9394151890e-01,8.2735828948e-01
2.6457560646e+00,1.6974908886e+00,3.5265443479e-01,5.8712904424e-02,2.9394153037e-01,8.2750537619e-01
2.6486350157e+00,1.6984685687e+00,3.5249560290e-01,5.8554517539e-02,2.9394108536e-01,8.2765240019e-01
2.6515139668e+00,1.6994468119e+00,3.5233673724e-01,5.8396551877e-02,2.9394018536e-01,8.2779936456e-01
2.6543929179e+00,1.7004256186e+00,3.5217783839e-01,5.8239006553e-02,2.9393883184e-01,8.2794627236e-01
2.6572718690e+00,1.7014049889e+00,3.5201890695e-01,5.8081880681e-02,2.9393702627e-01,8.2809312666e-01
2.6601508201e+00,1.7023849234e+00,3.5185994349e-01,5.7925173376e-02,2.9393477011e-01,8.2823993050e-01
2.6630297712e+00,1.7033654222e+00,3.5170094858e-01,5.7768883753e-02,2.9393206483e-01,8.2838668692e-01
2.6659087223e+00,1.7043464858e+00,3.5154192281e-01,5.7613010925e-02,2.9392891189e-01,8.2853339897e-01
2.6687876734e+00,1.7053281144e+00,3.5138286674e-01,5.7457554006e-02,2.9392531274e-01,8.2868006965e-01
2.6716666245e+00,1.7063103084e+00,3.5122378094e-01,5.7302512110e-02,2.9392126883e-01,8.2882670200e-01
2.6745455756e+00,1.7072930681e+00,3.5106466597e-01,5.7147884350e-02,2.9391678162e-01,8.2897329901e-01
2.6774245267e+00,1.7082763938e+00,3.5090552239e-01,5.6993669841e-02,2.9391185254e-01,8.2911986370e-01
2.6803034778e+00,1.7092602859e+00,3.5074635075e-01,5.6839867695e-02,2.9390648305e-01,8.2926639905e-01
2.6831824289e+00,1.7102447446e+00,3.5058715161e-01,5.6686477026e-02,2.9390067459e-01,8.2941290805e-01
2.6860613800e+00,1.7112297704e+00,3.5042792552e-01,5.6533496947e-02,2.9389442858e-01,8.2955939368e-01
2.6889403312e+00,1.7122153635e+00,3.5026867303e-01,5.6380926572e-02,2.9388774646e-01,8.2970585890e-01
2.6918192823e+00,1.7132015242e+00,3.5010939467e-01,5.6228765014e-02,2.9388062965e-01,8.2985230669e-01
2.6946982334e+00,1.7141882530e+00,3.4995009098e-01,5.6077011386e-02,2.9387307960e-01,8.2999873998e-01
2.6975771845e+00,1.7151755500e+00,3.4979076251e-01,5.5925664802e-02,2.9386509771e-01,8.3014516174e-01
2.7004561356e+00,1.7161634157e+00,3.4963140977e-01,5.5774724375e-02,2.9385668540e-01,8.3029157489e-01
2.7033350867e+00,1.7171518503e+00,3.4947203331e-01,5.5624189219e-02,2.9384784409e-01,8.3043798237e-01
2.7062140378e+00,1.7181408543e+00,3.4931263365e-01,5.5474058447e-02,2.9383857520e-01,8.3058438710e-01
2.7090929889e+00,1.7191304278e+00,3.4915321130e-01,5.5324331172e-02,2.9382888013e-01,8.3073079199e-01
2.7119719400e+00,1.7201205714e+00,3.4899376680e-01,5.5175006510e-02,2.9381876029e-01,8.3087719996e-01
2.7148508911e+00,1.7211112852e+00,3.4883430064e-01,5.5026083574e-02,2.9380821707e-01,8.3102361390e-01
2.7177298422e+00,1.7221025696e+00,3.4867481336e-01,5.4877561477e-02,2.9379725188e-01,8.3117003671e-01
2.7206087933e+00,1.7230944249e+00,3.4851530545e-01,5.4729439335e-02,2.9378586612e-01,8.3131647127e-01
2.7234877444e+00,1.7240868515e+00,3.4835577743e-01,5.4581716262e-02,2.9377406117e-01,8.3146292045e-01
2.7263666955e+00,1.7250798497e+00,3.4819622979e-01,5.4434391373e-02,2.9376183842e-01,8.3160938714e-01
2.7292456466e+00,1.7260734198e+00,3.4803666304e-01,5.4287463782e-02,2.9374919926e-01,8.3175587419e-01
2.7321245977e+00,1.7270675622e+00,3.4787707768e-01,5.4140932605e-02,2.9373614507e-01,8.3190238445e-01
2.7350035488e+00,1.7280622772e+00,3.4771747419e-01,5.3994796958e-02,2.9372267723e-01,8.3204892078e-01
2.7378824999e+00,1.7290575650e+00,3.4755785307e-01,5.3849055956e-02,2.9370879712e-01,8.3219548601e-01
2.7407614510e+00,1.7300534262e+00,3.4739821481e-01,5.3703708715e-02,2.9369450610e-01,8.3234208299e-01
2.7436404021e+00,1.7310498608e+00,3.4723855990e-01,5.3558754352e-02,2.9367980554e-01,8.3248871452e-01
2.7465193532e+00,1.7320468694e+00,3.4707888880e-01,5.3414191984e-02,2.9366469682e-01,8.3263538344e-01
2.7493983043e+00,1.7330444523e+00,3.4691920201e-01,5.3270020728e-02,2.9364918129e-01,8.3278209255e-01
2.7522772554e+00,1.7340426096e+00,3.4675950000e-01,5.3126239700e-02,2.9363326030e-01,8.3292884466e-01
2.7551562065e+00,1.7350413419e+00,3.4659978325e-01,5.2982848020e-02,2.9361693523e-01,8.3307564257e-01
2.7580351576e+00,1.7360406494e+00,3.4644005221e-01,5.2839844805e-02,2.9360020741e-01,8.3322248907e-01
2.7609141088e+00,1.7370405325e+00,3.4628030737e-01,5.2697229174e-02,2.9358307819e-01,8.3336938693e-01
2.7637930599e+00,1.7380409914e+00,3.4612054918e-01,5.2555000245e-02,2.9356554893e-01,8.3351633894e-01
2.7666720110e+00,1.7390420266e+00,3.4596077810e-01,5.2413157140e-02,2.9354762096e-01,8.3366334786e-01
2.7695509621e+00,1.7400436383e+00,3.4580099460e-01,5.2271698977e-02,2.9352929563e-01,8.3381041646e-01
2.7724299132e+00,1.7410458269e+00,3.4564119913e-01,5.2130624876e-02,2.9351057426e-01,8.3395754748e-01
2.7753088643e+00,1.7420485928e+00,3.4548139215e-01,5.1989933960e-02,2.9349145819e-01,8.3410474369e-01
2.7781878154e+00,1.7430519361e+00,3.4532157409e-01,5.1849625349e-02,2.9347194875e-01,8.3425200782e-01
2.7810667665e+00,1.7440558574e+00,3.4516174542e-01,5.1709698166e-02,2.9345204726e-01,8.3439934260e-01
2.7839457176e+00,1.7450603569e+00,3.4500190658e-01,5.1570151532e-02,2.9343175505e-01,8.3454675076e-01
2.7868246687e+00,1.7460654349e+00,3.4484205800e-01,5.1430984571e-02,2.9341107343e-01,8.3469423503e-01
2.7897036198e+00,1.7470710918e+00,3.4468220013e-01,5.1292196406e-02,2.9339000372e-01,8.3484179811e-01
2.7925825709e+00,1.7480773279e+00,3.4452233340e-01,5.1153786162e-02,2.9336854724e-01,8.3498944272e-01
2.7954615220e+00,1.7490841436e+00,3.4436245825e-01,5.1015752963e-02,2.9334670529e-01,8.3513717155e-01
2.7983404731e+00,1.7500915391e+00,3.4420257511e-01,5.0878095935e-02,2.9332447918e-01,8.3528498730e-01
2.8012194242e+00,1.7510995149e+00,3.4404268441e-01,5.0740814203e-02,2.9330187020e-01,8.3543289265e-01
2.8040983753e+00,1.7521080712e+00,3.4388278656e-01,5.0603906894e-02,2.9327887967e-01,8.3558089029e-01
2.8069773264e+00,1.7531172083e+00,3.4372288201e-01,5.0467373136e-02,2.9325550887e-01,8.3572898289e-01
2.8098562775e+00,1.7541269268e+00,3.4356297116e-01,5.0331212055e-02,2.9323175910e-01,8.3587717311e-01
2.8127352286e+00,1.7551372267e+00,3.4340305443e-01,5.0195422781e-02,2.9320763165e-01,8.3602546363e-01
2.8156141797e+00,1.7561481086e+00,3.4324313225e-01,5.0060004443e-02,2.9318312780e-01,8.3617385708e-01
2.8184931308e+00,1.7571595726e+00,3.4308320501e-01,4.9924956170e-02,2.9315824884e-01,8.3632235613e-01
2.8213720819e+00,1.7581716193e+00,3.4292327314e-01,4.9790277093e-02,2.9313299605e-01,8.3647096340e-01
2.8242510330e+00,1.7591842488e+00,3.4276333704e-01,4.9655966344e-02,2.9310737070e-01,8.3661968154e-01
2.8271299841e+00,1.7601974616e+00,3.4260339712e-01,4.9522023054e-02,2.9308137407e-01,8.3676851318e-01
2.8300089353e+00,1.7612112579e+00,3.4244345378e-01,4.9388446356e-02,2.9305500742e-01,8.3691746094e-01
2.8328878864e+00,1.7622256381e+00,3.4228350741e-01,4.9255235383e-02,2.9302827203e-01,8.3706652743e-01
2.8357668375e+00,1.7632406026e+00,3.4212355842e-01,4.9122389270e-02,2.9300116915e-01,8.3721571526e-01
2.8386457886e+00,1.7642561516e+00,3.4196360721e-01,4.8989907152e-02,2.9297370005e-01,8.3736502704e-01
2.8415247397e+00,1.7652722856e+00,3.4180365415e-01,4.8857788164e-02,2.9294586599e-01,8.3751446537e-01
2.8444036908e+00,1.7662890048e+00,3.4164369966e-01,4.8726031444e-02,2.9291766822e-01,8.3766403283e-01
2.8472826419e+00,1.7673063096e+00,3.4148374411e-01,4.8594636127e-02,2.9288910798e-01,8.3781373201e-01
2.8501615930e+00,1.7683242003e+00,3.4132378789e-01,4.8463601353e-02,2.9286018653e-01,8.3796356549e-01
2.8530405441e+00,1.7693426772e+00,3.4116383138e-01,4.8332926260e-02,2.9283090512e-01,8.3811353584e-01
2.8559194952e+00,1.7703617408e+00,3.4100387496e-01,4.8202609989e-02,2.9280126497e-01,8.3826364563e-01
2.8587984463e+00,1.7713813913e+00,3.4084391902e-01,4.8072651680e-02,2.9277126734e-01,8.3841389742e-01
2.8616773974e+00,1.7724016291e+00,3.4068396393e-01,4.7943050473e-02,2.9274091346e-01,8.3856429377e-01
2.8645563485e+00,1.7734224545e+00,3.4052401006e-01,4.7813805513e-02,2.9271020455e-01,8.3871483721e-01
2.8674352996e+00,1.7744438678e+00,3.4036405778e-01,4.7684915942e-02,2.9267914184e-01,8.3886553031e-01
2.8703142507e+00,1.7754658694e+00,3.4020410747e-01,4.7556380904e-02,2.9264772657e-01,8.3901637558e-01
2.8731932018e+00,1.7764884597e+00,3.4004415949e-01,4.7428199544e-02,2.9261595995e-01,8.3916737557e-01
2.8760721529e+00,1.7775116389e+00,3.3988421421e-01,4.7300371008e-02,2.9258384320e-01,8.3931853280e-01
2.8789511040e+00,1.7785354074e+00,3.3972427198e-01,4.7172894443e-02,2.9255137754e-01,8.3946984979e-01
2.8818300551e+00,1.7795597656e+00,3.3956433317e-01,4.7045768997e-02,2.9251856418e-01,8.3962132904e-01
2.8847090062e+00,1.7805847138e+00,3.3940439814e-01,4.6918993819e-02,2.9248540432e-01,8.3977297308e-01
2.8875879573e+00,1.7816102523e+00,3.3924446725e-01,4.6792568057e-02,2.9245189919e-01,8.3992478440e-01
2.8904669084e+00,1.7826363814e+00,3.3908454084e-01,4.6666490863e-02,2.9241804997e-01,8.4007676549e-01
2.8933458595e+00,1.7836631016e+00,3.3892461927e-01,4.6540761388e-02,2.9238385788e-01,8.4022891885e-01
2.8962248106e+00,1.7846904131e+00,3.3876470288e-01,4.6415378786e-02,2.9234932410e-01,8.4038124697e-01
2.8991037617e+00,1.7857183162e+00,3.3860479203e-01,4.6290342208e-02,2.9231444983e-01,8.4053375231e-01
2.9019827129e+00,1.7867468115e+00,3.3844488707e-01,4.6165650810e-02,2.9227923626e-01,8.4068643736e-01
2.9048616640e+00,1.7877758990e+00,3.3828498832e-01,4.6041303748e-02,2.9224368458e-01,8.4083930459e-01
2.9077406151e+00,1.7888055793e+00,3.3812509615e-01,4.5917300177e-02,2.9220779597e-01,8.4099235645e-01
2.9106195662e+00,1.7898358527e+00,3.3796521087e-01,4.5793639255e-02,2.9217157161e-01,8.4114559540e-01
2.9134985173e+00,1.7908667194e+00,3.3780533283e-01,4.5670320142e-02,2.9213501269e-01,8.4129902390e-01
2.9163774684e+00,1.7918981799e+00,3.3764546237e-01,4.5547341996e-02,2.9209812038e-01,8.4145264439e-01
2.9192564195e+00,1.7929302344e+00,3.3748559982e-01,4.5424703977e-02,2.9206089584e-01,8.4160645932e-01
2.9221353706e+00,1.7939628834e+00,3.3732574551e-01,4.5302405249e-02,2.9202334026e-01,8.4176047111e-01
2.9250143217e+00,1.7949961271e+00,3.3716589976e-01,4.5180444972e-02,2.9198545479e-01,8.4191468220e-01
2.9278932728e+00,1.7960299659e+00,3.3700606290e-01,4.5058822312e-02,2.9194724059e-01,8.4206909501e-01
2.9307722239e+00,1.7970644002e+00,3.3684623527e-01,4.4937536433e-02,2.9190869883e-01,8.4222371196e-01
2.9336511750e+00,1.7980994303e+00,3.3668641717e-01,4.4816586501e-02,2.9186983067e-01,8.4237853547e-01
2.9365301261e+00,1.7991350565e+00,3.3652660894e-01,4.4695971682e-02,2.9183063725e-01,8.4253356794e-01
2.9394090772e+00,1.8001712791e+00,3.3636681088e-01,4.4575691145e-02,2.9179111973e-01,8.4268881178e-01
2.9422880283e+00,1.8012080986e+00,3.3620702332e-01,4.4455744060e-02,2.9175127926e-01,8.4284426939e-01
2.9451669794e+00,1.8022455152e+00,3.3604724657e-01,4.4336129596e-02,2.9171111698e-01,8.4299994316e-01
2.9480459305e+00,1.8032835294e+00,3.3588748095e-01,4.4216846925e-02,2.9167063402e-01,8.4315583548e-01
2.9509248816e+00,1.8043221414e+00,3.3572772676e-01,4.4097895220e-02,2.9162983154e-01,8.4331194872e-01
2.9538038327e+00,1.8053613516e+00,3.3556798431e-01,4.3979273653e-02,2.9158871066e-01,8.4346828528e-01
2.9566827838e+00,1.8064011603e+00,3.3540825392e-01,4.3860981401e-02,2.9154727251e-01,8.4362484752e-01
2.9595617349e+00,1.8074415680e+00,3.3524853588e-01,4.3743017638e-02,2.9150551824e-01,8.4378163782e-01
2.9624406860e+00,1.8084825748e+00,3.3508883050e-01,4.3625381542e-02,2.9146344895e-01,8.4393865852e-01
2.9653196371e+00,1.8095241812e+00,3.3492913808e-01,4.3508072292e-02,2.9142106578e-01,8.4409591200e-01
2.9681985882e+00,1.8105663876e+00,3.3476945892e-01,4.3391089066e-02,2.9137836985e-01,8.4425340060e-01
2.9710775393e+00,1.8116091942e+00,3.3460979332e-01,4.3274431046e-02,2.9133536227e-01,8.4441112668e-01
2.9739564905e+00,1.8126526014e+00,3.3445014157e-01,4.3158097412e-02,2.9129204416e-01,8.4456909257e-01
2.9768354416e+00,1.8136966096e+00,3.3429050397e-01,4.3042087348e-02,2.9124841662e-01,8.4472730061e-01
2.9797143927e+00,1.8147412191e+00,3.3413088081e-01,4.2926400039e-02,2.9120448077e-01,8.4488575315e-01
2.9825933438e+00,1.8157864302e+00,3.3397127238e-01,4.2811034669e-02,2.9116023772e-01,8.4504445250e-01
2.9854722949e+00,1.8168322433e+00,3.3381167898e-01,4.2695990425e-02,2.9111568855e-01,8.4520340100e-01
2.9883512460e+00,1.8178786588e+00,3.3365210088e-01,4.2581266494e-02,2.9107083438e-01,8.4536260096e-01
2.9912301971e+00,1.8189256770e+00,3.3349253837e-01,4.2466862066e-02,2.9102567630e-01,8.4552205469e-01
2.9941091482e+00,1.8199732982e+00,3.3333299174e-01,4.2352776332e-02,2.9098021541e-01,8.4568176451e-01
2.9969880993e+00,1.8210215227e+00,3.3317346126e-01,4.2239008481e-02,2.9093445278e-01,8.4584173272e-01
2.9998670504e+00,1.8220703510e+00,3.3301394723e-01,4.2125557707e-02,2.9088838952e-01,8.4600196162e-01
3.0027460015e+00,1.8231197834e+00,3.3285444990e-01,4.2012423204e-02,2.9084202670e-01,8.4616245351e-01
3.0056249526e+00,1.8241698202e+00,3.3269496957e-01,4.1899604166e-02,2.9079536541e-01,8.4632321068e-01
3.0085039037e+00,1.8252204618e+00,3.3253550651e-01,4.1787099791e-02,2.9074840672e-01,8.4648423542e-01
3.0113828548e+00,1.8262717085e+00,3.3237606099e-01,4.1674909275e-02,2.9070115172e-01,8.4664553001e-01
3.0142618059e+00,1.8273235607e+00,3.3221663328e-01,4.1563031818e-02,2.9065360147e-01,8.4680709672e-01
3.0171407570e+00,1.8283760187e+00,3.3205722366e-01,4.1451466620e-02,2.9060575704e-01,8.4696893784e-01
3.0200197081e+00,1.8294290829e+00,3.3189783238e-01,4.1340212881e-02,2.9055761950e-01,8.4713105563e-01
3.0228986592e+00,1.8304827536e+00,3.3173845972e-01,4.1229269806e-02,2.9050918992e-01,8.4729345235e-01
3.0257776103e+00,1.8315370312e+00,3.3157910595e-01,4.1118636597e-02,2.9046046935e-01,8.4745613027e-01
3.0286565614e+00,1.8325919159e+00,3.3141977132e-01,4.1008312460e-02,2.9041145886e-01,8.4761909165e-01
3.0315355125e+00,1.8336474083e+00,3.3126045609e-01,4.0898296601e-02,2.9036215949e-01,8.4778233872e-01
3.0344144636e+00,1.8347035085e+00,3.3110116054e-01,4.0788588228e-02,2.9031257231e-01,8.4794587375e-01
3.0372934147e+00,1.8357602171e+00,3.3094188491e-01,4.0679186551e-02,2.9026269836e-01,8.4810969897e-01
3.0401723658e+00,1.8368175342e+00,3.3078262946e-01,4.0570090779e-02,2.9021253868e-01,8.4827381663e-01
3.0430513169e+00,1.8378754603e+00,3.3062339445e-01,4.0461300124e-02,2.9016209433e-01,8.4843822895e-01
3.0459302681e+00,1.8389339958e+00,3.3046418014e-01,4.0352813799e-02,2.9011136634e-01,8.4860293818e-01
3.0488092192e+00,1.8399931409e+00,3.3030498677e-01,4.0244631019e-02,2.9006035575e-01,8.4876794652e-01
3.0516881703e+00,1.8410528960e+00,3.3014581459e-01,4.0136751000e-02,2.9000906359e-01,8.4893325622e-01
3.0545671214e+00,1.8421132615e+00,3.2998666386e-01,4.0029172957e-02,2.8995749090e-01,8.4909886948e-01
3.0574460725e+00,1.8431742377e+00,3.2982753482e-01,3.9921896110e-02,2.8990563871e-01,8.4926478853e-01
3.0603250236e+00,1.8442358250e+00,3.2966842772e-01,3.9814919677e-02,2.8985350805e-01,8.4943101556e-01
3.0632039747e+00,1.8452980237e+00,3.2950934281e-01,3.9708242881e-02,2.8980109993e-01,8.4959755279e-01
3.0660829258e+00,1.8463608343e+00,3.2935028032e-01,3.9601864942e-02,2.8974841538e-01,8.4976440241e-01
3.0689618769e+00,1.8474242569e+00,3.2919124050e-01,3.9495785086e-02,2.8969545542e-01,8.4993156664e-01
3.0718408280e+00,1.8484882920e+00,3.2903222359e-01,3.9390002536e-02,2.8964222105e-01,8.5009904765e-01
3.0747197791e+00,1.8495529400e+00,3.2887322983e-01,3.9284516519e-02,2.8958871331e-01,8.5026684765e-01
3.0775987302e+00,1.8506182011e+00,3.2871425945e-01,3.9179326262e-02,2.8953493319e-01,8.5043496881e-01
3.0804776813e+00,1.8516840758e+00,3.2855531269e-01,3.9074430996e-02,2.8948088170e-01,8.5060341332e-01
3.0833566324e+00,1.8527505644e+00,3.2839638979e-01,3.8969829949e-02,2.8942655984e-01,8.5077218336e-01
3.0862355835e+00,1.8538176672e+00,3.2823749098e-01,3.8865522354e-02,2.8937196862e-01,8.5094128111e-01
3.0891145346e+00,1.8548853847e+00,3.2807861648e-01,3.8761507444e-02,2.8931710904e-01,8.5111070872e-01
3.0919934857e+00,1.8559537171e+00,3.2791976654e-01,3.8657784453e-02,2.8926198209e-01,8.5128046838e-01
3.0948724368e+00,1.8570226648e+00,3.2776094138e-01,3.8554352617e-02,2.8920658876e-01,8.5145056225e-01
3.0977513879e+00,1.8580922282e+00,3.2760214122e-01,3.8451211174e-02,2.8915093005e-01,8.5162099247e-01
3.1006303390e+00,1.8591624076e+00,3.2744336630e-01,3.8348359361e-02,2.8909500694e-01,8.5179176122e-01
3.1035092901e+00,1.8602332034e+00,3.2728461683e-01,3.8245796419e-02,2.8903882041e-01,8.5196287065e-01
3.1063882412e+00,1.8613046159e+00,3.2712589304e-01,3.8143521590e-02,2.8898237145e-01,8.5213432289e-01
3.1092671923e+00,1.8623766455e+00,3.2696719516e-01,3.8041534115e-02,2.8892566104e-01,8.5230612011e-01
3.1121461434e+00,1.8634492925e+00,3.2680852340e-01,3.7939833239e-02,2.8886869016e-01,8.5247826443e-01
3.1150250945e+00,1.8645225574e+00,3.2664987798e-01,3.7838418208e-02,2.8881145977e-01,8.5265075800e-01
3.1179040457e+00,1.8655964404e+00,3.2649125912e-01,3.7737288269e-02,2.8875397085e-01,8.5282360295e-01
3.1207829968e+00,1.8666709419e+00,3.2633266704e-01,3.7636442669e-02,2.8869622437e-01,8.5299680142e-01
3.1236619479e+00,1.8677460622e+00,3.2617410195e-01,3.7535880659e-02,2.8863822129e-01,8.5317035553e-01
3.1265408990e+00,1.8688218018e+00,3.2601556407e-01,3.7435601489e-02,2.8857996258e-01,8.5334426740e-01
3.1294198501e+00,1.8698981610e+00,3.2585705360e-01,3.7335604413e-02,2.8852144919e-01,8.5351853916e-01
3.1322988012e+00,1.8709751401e+00,3.2569857077e-01,3.7235888683e-02,2.8846268208e-01,8.5369317292e-01
3.1351777523e+00,1.8720527395e+00,3.2554011577e-01,3.7136453556e-02,2.8840366221e-01,8.5386817079e-01
3.1380567034e+00,1.8731309595e+00,3.2538168882e-01,3.7037298289e-02,2.8834439054e-01,8.5404353490e-01
3.1409356545e+00,1.8742098006e+00,3.2522329013e-01,3.6938422138e-02,2.8828486800e-01,8.5421926734e-01
3.1438146056e+00,1.8752892630e+00,3.2506491991e-01,3.6839824365e-02,2.8822509554e-01,8.5439537022e-01
3.1466935567e+00,1.8763693471e+00,3.2490657835e-01,3.6741504229e-02,2.8816507412e-01,8.5457184564e-01
3.1495725078e+00,1.8774500533e+00,3.2474826566e-01,3.6643460994e-02,2.8810480467e-01,8.5474869570e-01
3.1524514589e+00,1.8785313820e+00,3.2458998204e-01,3.6545693923e-02,2.8804428812e-01,8.5492592249e-01
3.1553304100e+00,1.8796133335e+00,3.2443172771e-01,3.6448202281e-02,2.8798352542e-01,8.5510352811e-01
3.1582093611e+00,1.8806959081e+00,3.2427350284e-01,3.6350985336e-02,2.8792251751e-01,8.5528151463e-01
3.1610883122e+00,1.8817791062e+00,3.2411530765e-01,3.6254042355e-02,2.8786126530e-01,8.5545988415e-01
3.1639672633e+00,1.8828629282e+00,3.2395714233e-01,3.6157372608e-02,2.8779976973e-01,8.5563863875e-01
3.1668462144e+00,1.8839473745e+00,3.2379900708e-01,3.6060975365e-02,2.8773803172e-01,8.5581778050e-01
3.1697251655e+00,1.8850324453e+00,3.2364090210e-01,3.5964849900e-02,2.8767605220e-01,8.5599731148e-01
3.1726041166e+00,1.8861181411e+00,3.2348282757e-01,3.5868995487e-02,2.8761383208e-01,8.5617723377e-01
3.1754830677e+00,1.8872044622e+00,3.2332478369e-01,3.5773411399e-02,2.8755137229e-01,8.5635754943e-01
3.1783620188e+00,1.8882914089e+00,3.2316677065e-01,3.5678096916e-02,2.8748867374e-01,8.5653826053e-01
3.1812409699e+00,1.8893789817e+00,3.2300878865e-01,3.5583051313e-02,2.8742573733e-01,8.5671936913e-01
3.1841199210e+00,1.8904671809e+00,3.2285083786e-01,3.5488273872e-02,2.8736256399e-01,8.5690087730e-01
3.1869988721e+00,1.8915560069e+00,3.2269291849e-01,3.5393763872e-02,2.8729915462e-01,8.5708278709e-01
3.1898778233e+00,1.8926454600e+00,3.2253503072e-01,3.5299520598e-02,2.8723551012e-01,8.5726510055e-01
3.1927567744e+00,1.8937355405e+00,3.2237717472e-01,3.5205543332e-02,2.8717163139e-01,8.5744781974e-01
3.1956357255e+00,1.8948262489e+00,3.2221935070e-01,3.5111831360e-02,2.8710751934e-01,8.5763094671e-01
3.1985146766e+00,1.8959175855e+00,3.2206155883e-01,3.5018383969e-02,2.8704317486e-01,8.5781448350e-01
3.2013936277e+00,1.8970095506e+00,3.2190379929e-01,3.4925200447e-02,2.8697859884e-01,8.5799843216e-01
3.2042725788e+00,1.8981021447e+00,3.2174607227e-01,3.4832280085e-02,2.8691379218e-01,8.5818279472e-01
3.2071515299e+00,1.8991953681e+00,3.2158837794e-01,3.4739622173e-02,2.8684875577e-01,8.5836757322e-01
3.2100304810e+00,1.9002892211e+00,3.2143071649e-01,3.4647226003e-02,2.8678349049e-01,8.5855276971e-01
3.2129094321e+00,1.9013837041e+00,3.2127308810e-01,3.4555090871e-02,2.8671799722e-01,8.5873838621e-01
3.2157883832e+00,1.9024788175e+00,3.2111549293e-01,3.4463216072e-02,2.8665227686e-01,8.5892442474e-01
3.2186673343e+00,1.9035745616e+00,3.2095793117e-01,3.4371600902e-02,2.8658633027e-01,8.5911088735e-01
3.2215462854e+00,1.9046709368e+00,3.2080040299e-01,3.4280244660e-02,2.8652015833e-01,8.5929777605e-01
3.2244252365e+00,1.9057679435e+00,3.2064290857e-01,3.4189146647e-02,2.8645376192e-01,8.5948509286e-01
3.2273041876e+00,1.9068655820e+00,3.2048544808e-01,3.4098306164e-02,2.8638714192e-01,8.5967283981e-01
3.2301831387e+00,1.9079638527e+00,3.2032802169e-01,3.4007722513e-02,2.8632029917e-01,8.5986101890e-01
3.2330620898e+00,1.9090627560e+00,3.2017062956e-01,3.3917394999e-02,2.8625323457e-01,8.6004963216e-01
3.2359410409e+00,1.9101622922e+00,3.2001327188e-01,3.3827322927e-02,2.8618594896e-01,8.6023868160e-01
3.2388199920e+00,1.9112624617e+00,3.1985594881e-01,3.3737505606e-02,2.8611844321e-01,8.6042816922e-01
3.2416989431e+00,1.9123632648e+00,3.1969866052e-01,3.3647942344e-02,2.8605071817e-01,8.6061809703e-01
3.2445778942e+00,1.9134647019e+00,3.1954140717e-01,3.3558632450e-02,2.8598277472e-01,8.6080846704e-01
3.2474568453e+00,1.9145667734e+00,3.1938418893e-01,3.3469575237e-02,2.8591461369e-01,8.6099928124e-01
3.2503357964e+00,1.9156694797e+00,3.1922700596e-01,3.3380770018e-02,2.8584623594e-01,8.6119054164e-01
3.2532147475e+00,1.9167728211e+00,3.1906985843e-01,3.3292216108e-02,2.8577764232e-01,8.6138225023e-01
3.2560936986e+00,1.9178767979e+00,3.1891274650e-01,3.3203912822e-02,2.8570883368e-01,8.6157440901e-01
3.2589726497e+00,1.9189814106e+00,3.1875567034e-01,3.3115859478e-02,2.8563981086e-01,8.6176701998e-01
3.2618516009e+00,1.9200866595e+00,3.1859863009e-01,3.3028055395e-02,2.8557057470e-01,8.6196008511e-01
3.2647305520e+00,1.9211925450e+00,3.1844162593e-01,3.2940499893e-02,2.8550112604e-01,8.6215360640e-01
3.2676095031e+00,1.9222990674e+00,3.1828465801e-01,3.2853192295e-02,2.8543146572e-01,8.6234758583e-01
3.2704884542e+00,1.9234062271e+00,3.1812772649e-01,3.2766131924e-02,2.8536159457e-01,8.6254202539e-01
3.2733674053e+00,1.9245140245e+00,3.1797083153e-01,3.2679318105e-02,2.8529151342e-01,8.6273692705e-01
3.2762463564e+00,1.9256224599e+00,3.1781397327e-01,3.2592750164e-02,2.8522122311e-01,8.6293229281e-01
3.2791253075e+00,1.9267315338e+00,3.1765715189e-01,3.2506427428e-02,2.8515072446e-01,8.6312812462e-01
3.2820042586e+00,1.9278412464e+00,3.1750036752e-01,3.2420349228e-02,2.8508001829e-01,8.6332442447e-01
3.2848832097e+00,1.9289515982e+00,3.1734362033e-01,3.2334514894e-02,2.8500910543e-01,8.6352119433e-01
3.2877621608e+00,1.9300625895e+00,3.1718691046e-01,3.2248923758e-02,2.8493798670e-01,8.6371843618e-01
3.2906411119e+00,1.9311742206e+00,3.1703023807e-01,3.2163575154e-02,2.8486666292e-01,8.6391615197e-01
3.2935200630e+00,1.9322864920e+00,3.1687360331e-01,3.2078468417e-02,2.8479513489e-01,8.6411434367e-01
3.2963990141e+00,1.9333994041e+00,3.1671700632e-01,3.1993602884e-02,2.8472340344e-01,8.6431301325e-01
3.2992779652e+00,1.9345129571e+00,3.1656044726e-01,3.1908977893e-02,2.8465146937e-01,8.6451216268e-01
3.3021569163e+00,1.9356271515e+00,3.1640392627e-01,3.1824592783e-02,2.8457933349e-01,8.6471179390e-01
3.3050358674e+00,1.9367419876e+00,3.1624744351e-01,3.1740446896e-02,2.8450699661e-01,8.6491190888e-01
3.3079148185e+00,1.9378574658e+00,3.1609099910e-01,3.1656539573e-02,2.8443445953e-01,8.6511250958e-01
3.3107937696e+00,1.9389735865e+00,3.1593459321e-01,3.1572870160e-02,2.8436172305e-01,8.6531359794e-01
3.3136727207e+00,1.9400903500e+00,3.1577822597e-01,3.1489438000e-02,2.8428878797e-01,8.6551517593e-01
3.3165516718e+00,1.9412077567e+00,3.1562189752e-01,3.1406242442e-02,2.8421565508e-01,8.6571724549e-01
3.3194306229e+00,1.9423258070e+00,3.1546560802e-01,3.1323282834e-02,2.8414232519e-01,8.6591980857e-01
3.3223095740e+00,1.9434445012e+00,3.1530935760e-01,3.1240558526e-02,2.8406879907e-01,8.6612286712e-01
3.3251885251e+00,1.9445638398e+00,3.1515314640e-01,3.1158068868e-02,2.8399507753e-01,8.6632642308e-01
3.3280674762e+00,1.9456838230e+00,3.1499697456e-01,3.1075813214e-02,2.8392116134e-01,8.6653047840e-01
3.3309464273e+00,1.9468044513e+00,3.1484084222e-01,3.0993790917e-02,2.8384705130e-01,8.6673503501e-01
3.3338253785e+00,1.9479257251e+00,3.1468474951e-01,3.0912001335e-02,2.8377274818e-01,8.6694009487e-01
3.3367043296e+00,1.9490476446e+00,3.1452869659e-01,3.0830443823e-02,2.8369825276e-01,8.6714565989e-01
3.3395832807e+00,1.9501702104e+00,3.1437268357e-01,3.0749117740e-02,2.8362356583e-01,8.6735173203e-01
3.3424622318e+00,1.9512934226e+00,3.1421671060e-01,3.0668022447e-02,2.8354868815e-01,8.6755831322e-01
3.3453411829e+00,1.9524172818e+00,3.1406077781e-01,3.0587157306e-02,2.8347362051e-01,8.6776540539e-01
3.3482201340e+00,1.9535417883e+00,3.1390488534e-01,3.0506521678e-02,2.8339836366e-01,8.6797301046e-01
3.3510990851e+00,1.9546669425e+00,3.1374903332e-01,3.0426114929e-02,2.8332291839e-01,8.6818113038e-01
3.3539780362e+00,1.9557927447e+00,3.1359322188e-01,3.0345936425e-02,2.8324728545e-01,8.6838976707e-01
3.3568569873e+00,1.9569191953e+00,3.1343745115e-01,3.0265985533e-02,2.8317146561e-01,8.6859892245e-01
3.3597359384e+00,1.9580462947e+00,3.1328172126e-01,3.0186261621e-02,2.8309545964e-01,8.6880859846e-01
3.3626148895e+00,1.9591740432e+00,3.1312603235e-01,3.0106764061e-02,2.8301926828e-01,8.6901879701e-01
3.3654938406e+00,1.9603024413e+00,3.1297038453e-01,3.0027492224e-02,2.8294289231e-01,8.6922952002e-01
3.3683727917e+00,1.9614314893e+00,3.1281477795e-01,2.9948445484e-02,2.8286633247e-01,8.6944076943e-01
3.3712517428e+00,1.9625611876e+00,3.1265921273e-01,2.9869623214e-02,2.8278958951e-01,8.6965254714e-01
3.3741306939e+00,1.9636915365e+00,3.1250368899e-01,2.9791024792e-02,2.8271266420e-01,8.6986485507e-01
3.3770096450e+00,1.9648225364e+00,3.1234820686e-01,2.9712649595e-02,2.8263555726e-01,8.7007769515e-01
3.3798885961e+00,1.9659541878e+00,3.1219276646e-01,2.9634497001e-02,2.8255826946e-01,8.7029106928e-01
3.3827675472e+00,1.9670864910e+00,3.1203736793e-01,2.9556566393e-02,2.8248080154e-01,8.7050497938e-01
3.3856464983e+00,1.9682194463e+00,3.1188201138e-01,2.9478857150e-02,2.8240315423e-01,8.7071942737e-01
3.3885254494e+00,1.9693530541e+00,3.1172669694e-01,2.9401368658e-02,2.8232532828e-01,8.7093441515e-01
3.3914044005e+00,1.9704873149e+00,3.1157142472e-01,2.9324100300e-02,2.8224732442e-01,8.7114994463e-01
3.3942833516e+00,1.9716222289e+00,3.1141619486e-01,2.9247051464e-02,2.8216914340e-01,8.7136601772e-01
3.3971623027e+00,1.9727577966e+00,3.1126100747e-01,2.9170221537e-02,2.8209078593e-01,8.7158263633e-01
3.4000412538e+00,1.9738940183e+00,3.1110586266e-01,2.9093609907e-02,2.8201225276e-01,8.7179980236e-01
3.4029202049e+00,1.9750308944e+00,3.1095076057e-01,2.9017215967e-02,2.8193354460e-01,8.7201751772e-01
3.4057991561e+00,1.9761684254e+00,3.1079570131e-01,2.8941039108e-02,2.8185466220e-01,8.7223578432e-01
3.4086781072e+00,1.9773066115e+00,3.1064068499e-01,2.8865078724e-02,2.8177560627e-01,8.7245460404e-01
3.4115570583e+00,1.9784454531e+00,3.1048571174e-01,2.8789334209e-02,2.8169637753e-01,8.7267397881e-01
3.4144360094e+00,1.9795849507e+00,3.1033078167e-01,2.8713804960e-02,2.8161697671e-01,8.7289391051e-01
3.4173149605e+00,1.9807251046e+00,3.1017589489e-01,2.8638490376e-02,2.8153740451e-01,8.7311440104e-01
3.4201939116e+00,1.9818659151e+00,3.1002105152e-01,2.8563389855e-02,2.8145766167e-01,8.7333545231e-01
3.4230728627e+00,1.9830073827e+00,3.0986625168e-01,2.8488502798e-02,2.8137774888e-01,8.7355706621e-01
3.4259518138e+00,1.9841495078e+00,3.0971149548e-01,2.8413828607e-02,2.8129766687e-01,8.7377924463e-01
3.4288307649e+00,1.9852922906e+00,3.0955678303e-01,2.8339366687e-02,2.8121741634e-01,8.7400198947e-01
3.4317097160e+00,1.9864357317e+00,3.0940211444e-01,2.8265116442e-02,2.8113699800e-01,8.7422530263e-01
3.4345886671e+00,1.9875798313e+00,3.0924748983e-01,2.8191077279e-02,2.8105641255e-01,8.7444918599e-01
3.4374676182e+00,1.9887245898e+00,3.0909290930e-01,2.8117248605e-02,2.8097566069e-01,8.7467364145e-01
3.4403465693e+00,1.9898700077e+00,3.0893837297e-01,2.8043629830e-02,2.8089474314e-01,8.7489867090e-01
3.4432255204e+00,1.9910160854e+00,3.0878388094e-01,2.7970220366e-02,2.8081366058e-01,8.7512427622e-01
3.4461044715e+00,1.9921628231e+00,3.0862943333e-01,2.7897019624e-02,2.8073241371e-01,8.7535045932e-01
3.4489834226e+00,1.9933102212e+00,3.0847503024e-01,2.7824027017e-02,2.8065100323e-01,8.7557722207e-01
3.4518623737e+00,1.9944582802e+00,3.0832067178e-01,2.7751241962e-02,2.8056942982e-01,8.7580456636e-01
3.4547413248e+00,1.9956070005e+00,3.0816635806e-01,2.7678663874e-02,2.8048769419e-01,8.7603249408e-01
3.4576202759e+00,1.9967563824e+00,3.0801208918e-01,2.7606292171e-02,2.8040579701e-01,8.7626100712e-01
3.4604992270e+00,1.9979064262e+00,3.0785786525e-01,2.7534126274e-02,2.8032373898e-01,8.7649010735e-01
3.4633781781e+00,1.9990571325e+00,3.0770368638e-01,2.7462165602e-02,2.8024152077e-01,8.7671979668e-01
3.4662571292e+00,2.0002085014e+00,3.0754955266e-01,2.7390409578e-02,2.8015914308e-01,8.7695007696e-01
3.4691360803e+00,2.0013605336e+00,3.0739546420e-01,2.7318857626e-02,2.8007660657e-01,8.7718095010e-01
3.4720150314e+00,2.0025132292e+00,3.0724142111e-01,2.7247509170e-02,2.7999391194e-01,8.7741241797e-01
3.4748939826e+00,2.0036665888e+00,3.0708742348e-01,2.7176363637e-02,2.7991105984e-01,8.7764448245e-01
3.4777729337e+00,2.0048206126e+00,3.0693347142e-01,2.7105420456e-02,2.7982805096e-01,8.7787714542e-01
3.4806518848e+00,2.0059753011e+00,3.0677956503e-01,2.7034679054e-02,2.7974488598e-01,8.7811040877e-01
3.4835308359e+00,2.0071306547e+00,3.0662570441e-01,2.6964138864e-02,2.7966156555e-01,8.7834427437e-01
3.4864097870e+00,2.0082866736e+00,3.0647188966e-01,2.6893799316e-02,2.7957809035e-01,8.7857874409e-01
3.4892887381e+00,2.0094433584e+00,3.0631812088e-01,2.6823659846e-02,2.7949446104e-01,8.7881381983e-01
3.4921676892e+00,2.0106007094e+00,3.0616439817e-01,2.6753719886e-02,2.7941067828e-01,8.7904950345e-01
3.4950466403e+00,2.0117587270e+00,3.0601072162e-01,2.6683978875e-02,2.7932674275e-01,8.7928579684e-01
3.4979255914e+00,2.0129174116e+00,3.0585709134e-01,2.6614436249e-02,2.7924265509e-01,8.7952270186e-01
3.5008045425e+00,2.0140767635e+00,3.0570350742e-01,2.6545091448e-02,2.7915841597e-01,8.7976022040e-01
3.5036834936e+00,2.0152367831e+00,3.0554996995e-01,2.6475943912e-02,2.7907402604e-01,8.7999835432e-01
3.5065624447e+00,2.0163974709e+00,3.0539647904e-01,2.6406993083e-02,2.7898948595e-01,8.8023710552e-01
3.5094413958e+00,2.0175588271e+00,3.0524303477e-01,2.6338238404e-02,2.7890479636e-01,8.8047647585e-01
3.5123203469e+00,2.0187208523e+00,3.0508963724e-01,2.6269679321e-02,2.7881995792e-01,8.8071646719e-01
3.5151992980e+00,2.0198835467e+00,3.0493628655e-01,2.6201315279e-02,2.7873497127e-01,8.8095708142e-01
3.5180782491e+00,2.0210469108e+00,3.0478298279e-01,2.6133145725e-02,2.7864983707e-01,8.8119832041e-01
3.5209572002e+00,2.0222109449e+00,3.0462972605e-01,2.6065170110e-02,2.7856455594e-01,8.8144018603e-01
3.5238361513e+00,2.0233756495e+00,3.0447651643e-01,2.5997387882e-02,2.7847912855e-01,8.8168268015e-01
3.5267151024e+00,2.0245410249e+00,3.0432335401e-01,2.5929798493e-02,2.7839355552e-01,8.8192580465e-01
3.5295940535e+00,2.0257070715e+00,3.0417023889e-01,2.5862401397e-02,2.7830783749e-01,8.8216956140e-01
3.5324730046e+00,2.0268737896e+00,3.0401717115e-01,2.5795196048e-02,2.7822197510e-01,8.8241395227e-01
3.5353519557e+00,2.0280411798e+00,3.0386415089e-01,2.5728181902e-02,2.7813596899e-01,8.8265897912e-01
3.5382309068e+00,2.0292092423e+00,3.0371117820e-01,2.5661358415e-02,2.7804981978e-01,8.8290464384e-01
3.5411098579e+00,2.0303779776e+00,3.0355825316e-01,2.5594725047e-02,2.7796352812e-01,8.8315094829e-01
3.5439888090e+00,2.0315473860e+00,3.0340537587e-01,2.5528281258e-02,2.7787709461e-01,8.8339789435e-01
3.5468677602e+00,2.0327174680e+00,3.0325254641e-01,2.5462026508e-02,2.7779051990e-01,8.8364548387e-01
3.5497467113e+00,2.0338882238e+00,3.0309976487e-01,2.5395960260e-02,2.7770380461e-01,8.8389371874e-01
3.5526256624e+00,2.0350596540e+00,3.0294703133e-01,2.5330081978e-02,2.7761694935e-01,8.8414260082e-01
3.5555046135e+00,2.0362317589e+00,3.0279434589e-01,2.5264391128e-02,2.7752995476e-01,8.8439213199e-01
3.5583835646e+00,2.0374045388e+00,3.0264170862e-01,2.5198887177e-02,2.7744282144e-01,8.8464231410e-01
3.5612625157e+00,2.0385779942e+00,3.0248911961e-01,2.5133569592e-02,2.7735555002e-01,8.8489314904e-01
3.5641414668e+00,2.0397521255e+00,3.0233657896e-01,2.5068437842e-02,2.7726814111e-01,8.8514463867e-01
3.5670204179e+00,2.0409269330e+00,3.0218408673e-01,2.5003491400e-02,2.7718059533e-01,8.8539678485e-01
3.5698993690e+00,2.0421024171e+00,3.0203164302e-01,2.4938729737e-02,2.7709291328e-01,8.8564958947e-01
3.5727783201e+00,2.0432785783e+00,3.0187924790e-01,2.4874152326e-02,2.7700509558e-01,8.8590305439e-01
3.5756572712e+00,2.0444554169e+00,3.0172690147e-01,2.4809758642e-02,2.7691714282e-01,8.8615718147e-01
3.5785362223e+00,2.0456329333e+00,3.0157460379e-01,2.4745548162e-02,2.7682905563e-01,8.8641197259e-01
3.5814151734e+00,2.0468111279e+00,3.0142235496e-01,2.4681520363e-02,2.7674083460e-01,8.8666742962e-01
3.5842941245e+00,2.0479900011e+00,3.0127015506e-01,2.4617674724e-02,2.7665248034e-01,8.8692355442e-01
3.5871730756e+00,2.0491695533e+00,3.0111800416e-01,2.4554010726e-02,2.7656399344e-01,8.8718034887e-01
3.5900520267e+00,2.0503497848e+00,3.0096590235e-01,2.4490527849e-02,2.7647537450e-01,8.8743781484e-01
3.5929309778e+00,2.0515306961e+00,3.0081384970e-01,2.4427225577e-02,2.7638662412e-01,8.8769595418e-01
3.5958099289e+00,2.0527122876e+00,3.0066184629e-01,2.4364103395e-02,2.7629774290e-01,8.8795476879e-01
3.5986888800e+00,2.0538945596e+00,3.0050989221e-01,2.4301160787e-02,2.7620873142e-01,8.8821426052e-01
3.6015678311e+00,2.0550775125e+00,3.0035798752e-01,2.4238397241e-02,2.7611959028e-01,8.8847443124e-01
3.6044467822e+00,2.0562611468e+00,3.0020613232e-01,2.4175812245e-02,2.7603032007e-01,8.8873528283e-01
3.6073257333e+00,2.0574454628e+00,3.0005432667e-01,2.4113405289e-02,2.7594092138e-01,8.8899681715e-01
3.6102046844e+00,2.0586304609e+00,2.9990257065e-01,2.4051175863e-02,2.7585139478e-01,8.8925903608e-01
3.6130836355e+00,2.0598161415e+00,2.9975086433e-01,2.3989123460e-02,2.7576174087e-01,8.8952194148e-01
3.6159625866e+00,2.0610025050e+00,2.9959920780e-01,2.3927247574e-02,2.7567196023e-01,8.8978553524e-01
3.6188415378e+00,2.0621895518e+00,2.9944760113e-01,2.3865547698e-02,2.7558205344e-01,8.9004981921e-01
3.6217204889e+00,2.0633772823e+00,2.9929604440e-01,2.3804023331e-02,2.7549202106e-01,8.9031479528e-01
3.6245994400e+00,2.0645656968e+00,2.9914453766e-01,2.3742673968e-02,2.7540186370e-01,8.9058046531e-01
3.6274783911e+00,2.0657547959e+00,2.9899308101e-01,2.3681499109e-02,2.7531158190e-01,8.9084683117e-01
3.6303573422e+00,2.0669445798e+00,2.9884167452e-01,2.3620498254e-02,2.7522117626e-01,8.9111389475e-01
3.6332362933e+00,2.0681350490e+00,2.9869031825e-01,2.3559670905e-02,2.7513064734e-01,8.9138165790e-01
3.6361152444e+00,2.0693262038e+00,2.9853901228e-01,2.3499016564e-02,2.7503999571e-01,8.9165012252e-01
3.6389941955e+00,2.0705180447e+00,2.9838775668e-01,2.3438534735e-02,2.7494922195e-01,8.9191929046e-01
3.6418731466e+00,2.0717105720e+00,2.9823655152e-01,2.3378224924e-02,2.7485832660e-01,8.9218916360e-01
3.6447520977e+00,2.0729037862e+00,2.9808539688e-01,2.3318086638e-02,2.7476731025e-01,8.9245974383e-01
3.6476310488e+00,2.0740976876e+00,2.9793429283e-01,2.3258119384e-02,2.7467617344e-01,8.9273103301e-01
3.6505099999e+00,2.0752922766e+00,2.9778323942e-01,2.3198322671e-02,2.7458491675e-01,8.9300303302e-01
3.6533889510e+00,2.0764875537e+00,2.9763223675e-01,2.3138696011e-02,2.7449354073e-01,8.9327574573e-01
3.6562679021e+00,2.0776835192e+00,2.9748128486e-01,2.3079238915e-02,2.7440204595e-01,8.9354917303e-01
3.6591468532e+00,2.0788801736e+00,2.9733038384e-01,2.3019950896e-02,2.7431043294e-01,8.9382331679e-01
3.6620258043e+00,2.0800775171e+00,2.9717953375e-01,2.2960831469e-02,2.7421870228e-01,8.9409817889e-01
3.6649047554e+00,2.0812755503e+00,2.9702873466e-01,2.2901880150e-02,2.7412685451e-01,8.9437376120e-01
3.6677837065e+00,2.0824742735e+00,2.9687798663e-01,2.2843096454e-02,2.7403489018e-01,8.9465006561e-01
3.6706626576e+00,2.0836736871e+00,2.9672728974e-01,2.2784479902e-02,2.7394280984e-01,8.9492709400e-01
3.6735416087e+00,2.0848737915e+00,2.9657664405e-01,2.2726030012e-02,2.7385061403e-01,8.9520484824e-01
3.6764205598e+00,2.0860745871e+00,2.9642604962e-01,2.2667746304e-02,2.7375830332e-01,8.9548333022e-01
3.6792995109e+00,2.0872760743e+00,2.9627550653e-01,2.2609628302e-02,2.7366587822e-01,8.9576254182e-01
3.6821784620e+00,2.0884782535e+00,2.9612501483e-01,2.2551675529e-02,2.7357333930e-01,8.9604248492e-01
3.6850574131e+00,2.0896811251e+00,2.9597457460e-01,2.2493887509e-02,2.7348068709e-01,8.9632316141e-01
3.6879363642e+00,2.0908846896e+00,2.9582418589e-01,2.2436263767e-02,2.7338792213e-01,8.9660457316e-01
3.6908153154e+00,2.0920889472e+00,2.9567384878e-01,2.2378803833e-02,2.7329504495e-01,8.9688672206e-01
3.6936942665e+00,2.0932938984e+00,2.9552356332e-01,2.2321507233e-02,2.7320205609e-01,8.9716961001e-01
3.6965732176e+00,2.0944995436e+00,2.9537332958e-01,2.2264373497e-02,2.7310895609e-01,8.9745323887e-01
3.6994521687e+00,2.0957058832e+00,2.9522314763e-01,2.2207402157e-02,2.7301574547e-01,8.9773761055e-01
3.7023311198e+00,2.0969129177e+00,2.9507301752e-01,2.2150592744e-02,2.7292242477e-01,8.9802272693e-01
3.7052100709e+00,2.0981206473e+00,2.9492293931e-01,2.2093944793e-02,2.7282899452e-01,8.9830858989e-01
3.7080890220e+00,2.0993290725e+00,2.9477291307e-01,2.2037457837e-02,2.7273545524e-01,8.9859520133e-01
3.7109679731e+00,2.1005381937e+00,2.9462293887e-01,2.1981131413e-02,2.7264180745e-01,8.9888256314e-01
3.7138469242e+00,2.1017480113e+00,2.9447301675e-01,2.1924965058e-02,2.7254805169e-01,8.9917067720e-01
3.7167258753e+00,2.1029585258e+00,2.9432314678e-01,2.1868958310e-02,2.7245418847e-01,8.9945954541e-01
3.7196048264e+00,2.1041697374e+00,2.9417332903e-01,2.1813110710e-02,2.7236021832e-01,8.9974916967e-01
3.7224837775e+00,2.1053816466e+00,2.9402356355e-01,2.1757421797e-02,2.7226614175e-01,9.0003955186e-01
3.7253627286e+00,2.1065942538e+00,2.9387385040e-01,2.1701891115e-02,2.7217195929e-01,9.0033069388e-01
3.7282416797e+00,2.1078075595e+00,2.9372418964e-01,2.1646518206e-02,2.7207767144e-01,9.0062259764e-01
3.7311206308e+00,2.1090215639e+00,2.9357458133e-01,2.1591302615e-02,2.7198327872e-01,9.0091526501e-01
3.7339995819e+00,2.1102362676e+00,2.9342502553e-01,2.1536243888e-02,2.7188878164e-01,9.0120869791e-01
3.7368785330e+00,2.1114516709e+00,2.9327552229e-01,2.1481341573e-02,2.7179418072e-01,9.0150289822e-01
3.7397574841e+00,2.1126677742e+00,2.9312607167e-01,2.1426595216e-02,2.7169947646e-01,9.0179786786e-01
3.7426364352e+00,2.1138845779e+00,2.9297667374e-01,2.1372004369e-02,2.7160466937e-01,9.0209360872e-01
3.7455153863e+00,2.1151020824e+00,2.9282732854e-01,2.1317568581e-02,2.7150975996e-01,9.0239012270e-01
3.7483943374e+00,2.1163202882e+00,2.9267803614e-01,2.1263287405e-02,2.7141474873e-01,9.0268741171e-01
3.7512732885e+00,2.1175391956e+00,2.9252879658e-01,2.1209160394e-02,2.7131963619e-01,9.0298547765e-01
3.7541522396e+00,2.1187588051e+00,2.9237960993e-01,2.1155187102e-02,2.7122442283e-01,9.0328432242e-01
3.7570311907e+00,2.1199791170e+00,2.9223047624e-01,2.1101367085e-02,2.7112910916e-01,9.0358394794e-01
3.7599101418e+00,2.1212001317e+00,2.9208139557e-01,2.1047699899e-02,2.7103369567e-01,9.0388435611e-01
3.7627890930e+00,2.1224218497e+00,2.9193236797e-01,2.0994185103e-02,2.7093818287e-01,9.0418554884e-01
3.7656680441e+00,2.1236442713e+00,2.9178339349e-01,2.0940822256e-02,2.7084257124e-01,9.0448752804e-01
3.7685469952e+00,2.1248673970e+00,2.9163447219e-01,2.0887610917e-02,2.7074686128e-01,9.0479029561e-01
3.7714259463e+00,2.1260912272e+00,2.9148560413e-01,2.0834550650e-02,2.7065105348e-01,9.0509385349e-01
3.7743048974e+00,2.1273157622e+00,2.9133678935e-01,2.0781641016e-02,2.7055514833e-01,9.0539820356e-01
3.7771838485e+00,2.1285410026e+00,2.9118802791e-01,2.0728881580e-02,2.7045914633e-01,9.0570334777e-01
3.7800627996e+00,2.1297669486e+00,2.9103931986e-01,2.0676271907e-02,2.7036304795e-01,9.0600928801e-01
3.7829417507e+00,2.1309936007e+00,2.9089066525e-01,2.0623811562e-02,2.7026685369e-01,9.0631602620e-01
3.7858207018e+00,2.1322209593e+00,2.9074206414e-01,2.0571500114e-02,2.7017056402e-01,9.0662356427e-01
3.7886996529e+00,2.1334490247e+00,2.9059351657e-01,2.0519337132e-02,2.7007417944e-01,9.0693190414e-01
3.7915786040e+00,2.1346777976e+00,2.9044502261e-01,2.0467322185e-02,2.6997770042e-01,9.0724104772e-01
3.7944575551e+00,2.1359072781e+00,2.9029658229e-01,2.0415454845e-02,2.6988112745e-01,9.0755099695e-01
3.7973365062e+00,2.1371374667e+00,2.9014819568e-01,2.0363734683e-02,2.6978446099e-01,9.0786175374e-01
3.8002154573e+00,2.1383683639e+00,2.8999986281e-01,2.0312161273e-02,2.6968770154e-01,9.0817332002e-01
3.8030944084e+00,2.1395999701e+00,2.8985158374e-01,2.0260734190e-02,2.6959084955e-01,9.0848569772e-01
3.8059733595e+00,2.1408322855e+00,2.8970335852e-01,2.0209453010e-02,2.6949390551e-01,9.0879888877e-01
3.8088523106e+00,2.1420653108e+00,2.8955518721e-01,2.0158317308e-02,2.6939686990e-01,9.0911289510e-01
3.8117312617e+00,2.1432990462e+00,2.8940706983e-01,2.0107326665e-02,2.6929974317e-01,9.0942771863e-01
3.8146102128e+00,2.1445334922e+00,2.8925900646e-01,2.0056480658e-02,2.6920252580e-01,9.0974336131e-01
3.8174891639e+00,2.1457686492e+00,2.8911099713e-01,2.0005778869e-02,2.6910521826e-01,9.1005982507e-01
3.8203681150e+00,2.1470045175e+00,2.8896304189e-01,1.9955220878e-02,2.6900782101e-01,9.1037711184e-01
3.8232470661e+00,2.1482410977e+00,2.8881514079e-01,1.9904806269e-02,2.6891033452e-01,9.1069522356e-01
3.8261260172e+00,2.1494783901e+00,2.8866729388e-01,1.9854534625e-02,2.6881275926e-01,9.1101416218e-01
3.8290049683e+00,2.1507163951e+00,2.8851950121e-01,1.9804405532e-02,2.6871509567e-01,9.1133392962e-01
3.8318839194e+00,2.1519551132e+00,2.8837176281e-01,1.9754418576e-02,2.6861734424e-01,9.1165452784e-01
3.8347628706e+00,2.1531945447e+00,2.8822407874e-01,1.9704573343e-02,2.6851950540e-01,9.1197595878e-01
3.8376418217e+00,2.1544346900e+00,2.8807644905e-01,1.9654869423e-02,2.6842157963e-01,9.1229822439e-01
3.8405207728e+00,2.1556755497e+00,2.8792887378e-01,1.9605306405e-02,2.6832356737e-01,9.1262132661e-01
3.8433997239e+00,2.1569171240e+00,2.8778135297e-01,1.9555883879e-02,2.6822546909e-01,9.1294526739e-01
3.8462786750e+00,2.1581594134e+00,2.8763388667e-01,1.9506601439e-02,2.6812728523e-01,9.1327004869e-01
3.8491576261e+00,2.1594024183e+00,2.8748647492e-01,1.9457458675e-02,2.6802901625e-01,9.1359567245e-01
3.8520365772e+00,2.1606461391e+00,2.8733911778e-01,1.9408455184e-02,2.6793066259e-01,9.1392214063e-01
3.8549155283e+00,2.1618905763e+00,2.8719181527e-01,1.9359590560e-02,2.6783222471e-01,9.1424945519e-01
3.8577944794e+00,2.1631357301e+00,2.8704456746e-01,1.9310864398e-02,2.6773370306e-01,9.1457761808e-01
3.8606734305e+00,2.1643816012e+00,2.8689737438e-01,1.9262276298e-02,2.6763509808e-01,9.1490663127e-01
3.8635523816e+00,2.1656281898e+00,2.8675023607e-01,1.9213825858e-02,2.6753641021e-01,9.1523649671e-01
3.8664313327e+00,2.1668754964e+00,2.8660315258e-01,1.9165512676e-02,2.6743763990e-01,9.1556721638e-01
3.8693102838e+00,2.1681235214e+00,2.8645612395e-01,1.9117336355e-02,2.6733878759e-01,9.1589879222e-01
3.8721892349e+00,2.1693722652e+00,2.8630915022e-01,1.9069296495e-02,2.6723985372e-01,9.1623122622e-01
3.8750681860e+00,2.1706217282e+00,2.8616223144e-01,1.9021392701e-02,2.6714083873e-01,9.1656452034e-01
3.8779471371e+00,2.1718719108e+00,2.8601536764e-01,1.8973624576e-02,2.6704174306e-01,9.1689867655e-01
3.8808260882e+00,2.1731228135e+00,2.8586855887e-01,1.8925991726e-02,2.6694256715e-01,9.1723369682e-01
3.8837050393e+00,2.1743744367e+00,2.8572180518e-01,1.8878493756e-02,2.6684331142e-01,9.1756958313e-01
3.8865839904e+00,2.1756267808e+00,2.8557510659e-01,1.8831130275e-02,2.6674397632e-01,9.1790633746e-01
3.8894629415e+00,2.1768798461e+00,2.8542846316e-01,1.8783900890e-02,2.6664456227e-01,9.1824396178e-01
3.8923418926e+00,2.1781336331e+00,2.8528187491e-01,1.8736805213e-02,2.6654506970e-01,9.1858245807e-01
3.8952208437e+00,2.1793881423e+00,2.8513534191e-01,1.8689842852e-02,2.6644549905e-01,9.1892182831e-01
3.8980997948e+00,2.1806433740e+00,2.8498886417e-01,1.8643013421e-02,2.6634585075e-01,9.1926207450e-01
3.9009787459e+00,2.1818993287e+00,2.8484244174e-01,1.8596316532e-02,2.6624612521e-01,9.1960319862e-01
3.9038576970e+00,2.1831560068e+00,2.8469607467e-01,1.8549751799e-02,2.6614632287e-01,9.1994520265e-01
3.9067366482e+00,2.1844134086e+00,2.8454976299e-01,1.8503318838e-02,2.6604644415e-01,9.2028808858e-01
3.9096155993e+00,2.1856715347e+00,2.8440350673e-01,1.8457017264e-02,2.6594648947e-01,9.2063185841e-01
3.9124945504e+00,2.1869303853e+00,2.8425730595e-01,1.8410846694e-02,2.6584645926e-01,9.2097651414e-01
3.9153735015e+00,2.1881899611e+00,2.8411116067e-01,1.8364806748e-02,2.6574635392e-01,9.2132205775e-01
3.9182524526e+00,2.1894502623e+00,2.8396507094e-01,1.8318897043e-02,2.6564617389e-01,9.2166849126e-01
3.9211314037e+00,2.1907112893e+00,2.8381903678e-01,1.8273117202e-02,2.6554591958e-01,9.2201581665e-01
3.9240103548e+00,2.1919730427e+00,2.8367305825e-01,1.8227466845e-02,2.6544559141e-01,9.2236403594e-01
3.9268893059e+00,2.1932355227e+00,2.8352713537e-01,1.8181945595e-02,2.6534518978e-01,9.2271315112e-01
3.9297682570e+00,2.1944987299e+00,2.8338126819e-01,1.8136553076e-02,2.6524471512e-01,9.2306316421e-01
3.9326472081e+00,2.1957626647e+00,2.8323545674e-01,1.8091288912e-02,2.6514416783e-01,9.2341407722e-01
3.9355261592e+00,2.1970273274e+00,2.8308970106e-01,1.8046152729e-02,2.6504354833e-01,9.2376589215e-01
3.9384051103e+00,2.1982927185e+00,2.8294400117e-01,1.8001144154e-02,2.6494285702e-01,9.2411861102e-01
3.9412840614e+00,2.1995588385e+00,2.8279835713e-01,1.7956262815e-02,2.6484209432e-01,9.2447223585e-01
3.9441630125e+00,2.2008256876e+00,2.8265276896e-01,1.7911508341e-02,2.6474126062e-01,9.2482676866e-01
3.9470419636e+00,2.2020932664e+00,2.8250723671e-01,1.7866880362e-02,2.6464035635e-01,9.2518221146e-01
3.9499209147e+00,2.2033615753e+00,2.8236176040e-01,1.7822378508e-02,2.6453938189e-01,9.2553856629e-01
3.9527998658e+00,2.2046306146e+00,2.8221634006e-01,1.7778002412e-02,2.6443833765e-01,9.2589583516e-01
3.9556788169e+00,2.2059003849e+00,2.8207097575e-01,1.7733751707e-02,2.6433722404e-01,9.2625402011e-01
3.9585577680e+00,2.2071708865e+00,2.8192566748e-01,1.7689626026e-02,2.6423604146e-01,9.2661312316e-01
3.9614367191e+00,2.2084421199e+00,2.8178041530e-01,1.7645625007e-02,2.6413479029e-01,9.2697314635e-01
3.9643156702e+00,2.2097140854e+00,2.8163521923e-01,1.7601748283e-02,2.6403347095e-01,9.2733409171e-01
3.9671946213e+00,2.2109867835e+00,2.8149007932e-01,1.7557995493e-02,2.6393208383e-01,9.2769596128e-01
3.9700735724e+00,2.2122602147e+00,2.8134499559e-01,1.7514366275e-02,2.6383062932e-01,9.2805875710e-01
3.9729525235e+00,2.2135343793e+00,2.8119996808e-01,1.7470860269e-02,2.6372910781e-01,9.2842248121e-01
3.9758314746e+00,2.2148092777e+00,2.8105499682e-01,1.7427477114e-02,2.6362751971e-01,9.2878713566e-01
3.9787104258e+00,2.2160849105e+00,2.8091008184e-01,1.7384216451e-02,2.6352586539e-01,9.2915272249e-01
3.9815893769e+00,2.2173612779e+00,2.8076522318e-01,1.7341077924e-02,2.6342414526e-01,9.2951924376e-01
3.9844683280e+00,2.2186383805e+00,2.8062042087e-01,1.7298061175e-02,2.6332235970e-01,9.2988670151e-01
3.9873472791e+00,2.2199162186e+00,2.8047567494e-01,1.7255165850e-02,2.6322050909e-01,9.3025509781e-01
3.9902262302e+00,2.2211947927e+00,2.8033098542e-01,1.7212391592e-02,2.6311859383e-01,9.3062443470e-01
3.9931051813e+00,2.2224741032e+00,2.8018635235e-01,1.7169738049e-02,2.6301661430e-01,9.3099471425e-01
3.9959841324e+00,2.2237541506e+00,2.8004177575e-01,1.7127204869e-02,2.6291457088e-01,9.3136593853e-01
3.9988630835e+00,2.2250349352e+00,2.7989725565e-01,1.7084791698e-02,2.6281246396e-01,9.3173810958e-01
4.0017420346e+00,2.2263164574e+00,2.7975279210e-01,1.7042498188e-02,2.6271029391e-01,9.3211122950e-01
4.0046209857e+00,2.2275987178e+00,2.7960838511e-01,1.7000323988e-02,2.6260806112e-01,9.3248530033e-01
4.0074999368e+00,2.2288817167e+00,2.7946403472e-01,1.6958268749e-02,2.6250576597e-01,9.3286032416e-01
4.0103788879e+00,2.2301654545e+00,2.7931974095e-01,1.6916332125e-02,2.6240340883e-01,9.3323630307e-01
4.0132578390e+00,2.2314499318e+00,2.7917550385e-01,1.6874513768e-02,2.6230099008e-01,9.3361323912e-01
4.0161367901e+00,2.2327351488e+00,2.7903132343e-01,1.6832813333e-02,2.6219851010e-01,9.3399113441e-01
4.0190157412e+00,2.2340211060e+00,2.7888719973e-01,1.6791230475e-02,2.6209596926e-01,9.3436999101e-01
4.0218946923e+00,2.2353078039e+00,2.7874313278e-01,1.6749764850e-02,2.6199336793e-01,9.3474981101e-01
4.0247736434e+00,2.2365952429e+00,2.7859912260e-01,1.6708416116e-02,2.6189070649e-01,9.3513059650e-01
4.0276525945e+00,2.2378834234e+00,2.7845516923e-01,1.6667183931e-02,2.6178798530e-01,9.3551234958e-01
4.0305315456e+00,2.2391723458e+00,2.7831127269e-01,1.6626067955e-02,2.6168520474e-01,9.3589507233e-01
4.0334104967e+00,2.2404620106e+00,2.7816743302e-01,1.6585067847e-02,2.6158236517e-01,9.3627876685e-01
4.0362894478e+00,2.2417524182e+00,2.7802365023e-01,1.6544183269e-02,2.6147946696e-01,9.3666343525e-01
4.0391683989e+00,2.2430435690e+00,2.7787992436e-01,1.6503413882e-02,2.6137651048e-01,9.3704907963e-01
4.0420473500e+00,2.2443354635e+00,2.7773625543e-01,1.6462759351e-02,2.6127349608e-01,9.3743570209e-01
4.0449263011e+00,2.2456281020e+00,2.7759264348e-01,1.6422219340e-02,2.6117042414e-01,9.3782330475e-01
4.0478052523e+00,2.2469214850e+00,2.7744908853e-01,1.6381793512e-02,2.6106729502e-01,9.3821188970e-01
4.0506842034e+00,2.2482156130e+00,2.7730559061e-01,1.6341481535e-02,2.6096410907e-01,9.3860145908e-01
4.0535631545e+00,2.2495104863e+00,2.7716214974e-01,1.6301283075e-02,2.6086086666e-01,9.3899201499e-01
4.0564421056e+00,2.2508061054e+00,2.7701876595e-01,1.6261197800e-02,2.6075756815e-01,9.3938355956e-01
4.0593210567e+00,2.2521024707e+00,2.7687543927e-01,1.6221225380e-02,2.6065421389e-01,9.3977609490e-01
4.0622000078e+00,2.2533995827e+00,2.7673216972e-01,1.6181365484e-02,2.6055080423e-01,9.4016962315e-01
4.0650789589e+00,2.2546974417e+00,2.7658895733e-01,1.6141617782e-02,2.6044733955e-01,9.4056414644e-01
4.0679579100e+00,2.2559960483e+00,2.7644580213e-01,1.6101981947e-02,2.6034382018e-01,9.4095966689e-01
4.0708368611e+00,2.2572954028e+00,2.7630270414e-01,1.6062457651e-02,2.6024024649e-01,9.4135618665e-01
4.0737158122e+00,2.2585955057e+00,2.7615966338e-01,1.6023044569e-02,2.6013661882e-01,9.4175370784e-01
4.0765947633e+00,2.2598963574e+00,2.7601667989e-01,1.5983742373e-02,2.6003293752e-01,9.4215223262e-01
4.0794737144e+00,2.2611979583e+00,2.7587375369e-01,1.5944550741e-02,2.5992920295e-01,9.4255176312e-01
4.0823526655e+00,2.2625003088e+00,2.7573088479e-01,1.5905469348e-02,2.5982541545e-01,9.4295230150e-01
4.0852316166e+00,2.2638034095e+00,2.7558807324e-01,1.5866497871e-02,2.5972157537e-01,9.4335384989e-01
4.0881105677e+00,2.2651072607e+00,2.7544531904e-01,1.5827635990e-02,2.5961768305e-01,9.4375641047e-01
4.0909895188e+00,2.2664118629e+00,2.7530262223e-01,1.5788883382e-02,2.5951373885e-01,9.4415998538e-01
4.0938684699e+00,2.2677172164e+00,2.7515998283e-01,1.5750239730e-02,2.5940974310e-01,9.4456457678e-01
4.0967474210e+00,2.2690233218e+00,2.7501740086e-01,1.5711704712e-02,2.5930569615e-01,9.4497018684e-01
4.0996263721e+00,2.2703301795e+00,2.7487487635e-01,1.5673278012e-02,2.5920159834e-01,9.4537681772e-01
4.1025053232e+00,2.2716377898e+00,2.7473240932e-01,1.5634959313e-02,2.5909745001e-01,9.4578447160e-01
4.1053842743e+00,2.2729461533e+00,2.7458999979e-01,1.5596748297e-02,2.5899325149e-01,9.4619315064e-01
4.1082632254e+00,2.2742552703e+00,2.7444764779e-01,1.5558644650e-02,2.5888900314e-01,9.4660285701e-01
4.1111421765e+00,2.2755651413e+00,2.7430535334e-01,1.5520648058e-02,2.5878470528e-01,9.4701359291e-01
4.1140211276e+00,2.2768757667e+00,2.7416311646e-01,1.5482758207e-02,2.5868035825e-01,9.4742536051e-01
4.1169000787e+00,2.2781871470e+00,2.7402093718e-01,1.5444974784e-02,2.5857596239e-01,9.4783816200e-01
4.1197790299e+00,2.2794992826e+00,2.7387881551e-01,1.5407297478e-02,2.5847151803e-01,9.4825199956e-01
4.1226579810e+00,2.2808121740e+00,2.7373675148e-01,1.5369725978e-02,2.5836702550e-01,9.4866687539e-01
4.1255369321e+00,2.2821258215e+00,2.7359474511e-01,1.5332259975e-02,2.5826248514e-01,9.4908279168e-01
4.1284158832e+00,2.2834402256e+00,2.7345279643e-01,1.5294899158e-02,2.5815789727e-01,9.4949975063e-01
4.1312948343e+00,2.2847553867e+00,2.7331090545e-01,1.5257643221e-02,2.5805326223e-01,9.4991775445e-01
4.1341737854e+00,2.2860713053e+00,2.7316907220e-01,1.5220491856e-02,2.5794858034e-01,9.5033680534e-01
4.1370527365e+00,2.2873879819e+00,2.7302729669e-01,1.5183444756e-02,2.5784385193e-01,9.5075690551e-01
4.1399316876e+00,2.2887054167e+00,2.7288557895e-01,1.5146501617e-02,2.5773907733e-01,9.5117805716e-01
4.1428106387e+00,2.2900236104e+00,2.7274391900e-01,1.5109662134e-02,2.5763425687e-01,9.5160026253e-01
4.1456895898e+00,2.2913425633e+00,2.7260231686e-01,1.5072926003e-02,2.5752939086e-01,9.5202352381e-01
4.1485685409e+00,2.2926622758e+00,2.7246077255e-01,1.5036292922e-02,2.5742447963e-01,9.5244784325e-01
4.1514474920e+00,2.2939827485e+00,2.7231928609e-01,1.4999762588e-02,2.5731952351e-01,9.5287322306e-01
4.1543264431e+00,2.2953039817e+00,2.7217785751e-01,1.4963334700e-02,2.5721452281e-01,9.5329966547e-01
4.1572053942e+00,2.2966259758e+00,2.7203648681e-01,1.4927008960e-02,2.5710947785e-01,9.5372717272e-01
4.1600843453e+00,2.2979487314e+00,2.7189517402e-01,1.4890785066e-02,2.5700438896e-01,9.5415574705e-01
4.1629632964e+00,2.2992722488e+00,2.7175391916e-01,1.4854662721e-02,2.5689925644e-01,9.5458539068e-01
4.1658422475e+00,2.3005965285e+00,2.7161272226e-01,1.4818641628e-02,2.5679408063e-01,9.5501610588e-01
4.1687211986e+00,2.3019215709e+00,2.7147158332e-01,1.4782721489e-02,2.5668886183e-01,9.5544789487e-01
4.1716001497e+00,2.3032473765e+00,2.7133050236e-01,1.4746902009e-02,2.5658360036e-01,9.5588075992e-01
4.1744791008e+00,2.3045739456e+00,2.7118947942e-01,1.4711182893e-02,2.5647829653e-01,9.5631470329e-01
4.1773580519e+00,2.3059012789e+00,2.7104851450e-01,1.4675563847e-02,2.5637295065e-01,9.5674972721e-01
4.1802370030e+00,2.3072293766e+00,2.7090760762e-01,1.4640044578e-02,2.5626756305e-01,9.5718583397e-01
4.1831159541e+00,2.3085582393e+00,2.7076675881e-01,1.4604624792e-02,2.5616213402e-01,9.5762302582e-01
4.1859949052e+00,2.3098878673e+00,2.7062596808e-01,1.4569304200e-02,2.5605666388e-01,9.5806130503e-01
4.1888738563e+00,2.3112182611e+00,2.7048523544e-01,1.4534082510e-02,2.5595115293e-01,9.5850067388e-01
4.1917528075e+00,2.3125494212e+00,2.7034456093e-01,1.4498959432e-02,2.5584560149e-01,9.5894113464e-01
4.1946317586e+00,2.3138813479e+00,2.7020394454e-01,1.4463934677e-02,2.5574000987e-01,9.5938268959e-01
4.1975107097e+00,2.3152140418e+00,2.7006338631e-01,1.4429007958e-02,2.5563437835e-01,9.5982534102e-01
4.2003896608e+00,2.3165475033e+00,2.6992288625e-01,1.4394178986e-02,2.5552870726e-01,9.6026909121e-01
4.2032686119e+00,2.3178817328e+00,2.6978244437e-01,1.4359447476e-02,2.5542299690e-01,9.6071394246e-01
4.2061475630e+00,2.3192167307e+00,2.6964206070e-01,1.4324813141e-02,2.5531724756e-01,9.6115989706e-01
4.2090265141e+00,2.3205524975e+00,2.6950173525e-01,1.4290275698e-02,2.5521145955e-01,9.6160695730e-01
4.2119054652e+00,2.3218890337e+00,2.6936146804e-01,1.4255834861e-02,2.5510563317e-01,9.6205512550e-01
4.2147844163e+00,2.3232263397e+00,2.6922125908e-01,1.4221490349e-02,2.5499976873e-01,9.6250440395e-01
4.2176633674e+00,2.3245644159e+00,2.6908110839e-01,1.4187241878e-02,2.5489386651e-01,9.6295479497e-01
4.2205423185e+00,2.3259032627e+00,2.6894101598e-01,1.4153089167e-02,2.5478792682e-01,9.6340630087e-01
4.2234212696e+00,2.3272428807e+00,2.6880098188e-01,1.4119031935e-02,2.5468194995e-01,9.6385892398e-01
4.2263002207e+00,2.3285832703e+00,2.6866100610e-01,1.4085069903e-02,2.5457593620e-01,9.6431266660e-01
4.2291791718e+00,2.3299244318e+00,2.6852108865e-01,1.4051202792e-02,2.5446988586e-01,9.6476753108e-01
4.2320581229e+00,2.3312663658e+00,2.6838122955e-01,1.4017430323e-02,2.5436379923e-01,9.6522351973e-01
4.2349370740e+00,2.3326090727e+00,2.6824142882e-01,1.3983752219e-02,2.5425767660e-01,9.6568063490e-01
4.2378160251e+00,2.3339525530e+00,2.6810168647e-01,1.3950168203e-02,2.5415151827e-01,9.6613887891e-01
4.2406949762e+00,2.3352968070e+00,2.6796200251e-01,1.3916678000e-02,2.5404532451e-01,9.6659825412e-01
4.2435739273e+00,2.3366418352e+00,2.6782237697e-01,1.3883281334e-02,2.5393909564e-01,9.6705876287e-01
4.2464528784e+00,2.3379876382e+00,2.6768280985e-01,1.3849977932e-02,2.5383283192e-01,9.6752040750e-01
4.2493318295e+00,2.3393342162e+00,2.6754330117e-01,1.3816767520e-02,2.5372653365e-01,9.6798319037e-01
4.2522107806e+00,2.3406815699e+00,2.6740385095e-01,1.3783649825e-02,2.5362020113e-01,9.6844711385e-01
4.2550897317e+00,2.3420296995e+00,2.6726445920e-01,1.3750624576e-02,2.5351383462e-01,9.6891218028e-01
4.2579686828e+00,2.3433786056e+00,2.6712512593e-01,1.3717691502e-02,2.5340743443e-01,9.6937839204e-01
4.2608476339e+00,2.3447282886e+00,2.6698585116e-01,1.3684850333e-02,2.5330100083e-01,9.6984575150e-01
4.2637265851e+00,2.3460787490e+00,2.6684663490e-01,1.3652100798e-02,2.5319453410e-01,9.7031426103e-01
4.2666055362e+00,2.3474299872e+00,2.6670747717e-01,1.3619442630e-02,2.5308803454e-01,9.7078392302e-01
4.2694844873e+00,2.3487820036e+00,2.6656837797e-01,1.3586875561e-02,2.5298150241e-01,9.7125473983e-01
4.2723634384e+00,2.3501347987e+00,2.6642933733e-01,1.3554399324e-02,2.5287493801e-01,9.7172671386e-01
4.2752423895e+00,2.3514883730e+00,2.6629035526e-01,1.3522013652e-02,2.5276834160e-01,9.7219984751e-01
4.2781213406e+00,2.3528427269e+00,2.6615143176e-01,1.3489718280e-02,2.5266171348e-01,9.7267414316e-01
4.2810002917e+00,2.3541978608e+00,2.6601256686e-01,1.3457512944e-02,2.5255505392e-01,9.7314960321e-01
4.2838792428e+00,2.3555537753e+00,2.6587376056e-01,1.3425397379e-02,2.5244836318e-01,9.7362623007e-01
4.2867581939e+00,2.3569104706e+00,2.6573501288e-01,1.3393371322e-02,2.5234164156e-01,9.7410402615e-01
4.2896371450e+00,2.3582679474e+00,2.6559632384e-01,1.3361434511e-02,2.5223488933e-01,9.7458299386e-01
4.2925160961e+00,2.3596262060e+00,2.6545769343e-01,1.3329586684e-02,2.5212810675e-01,9.7506313561e-01
4.2953950472e+00,2.3609852469e+00,2.6531912169e-01,1.3297827581e-02,2.5202129410e-01,9.7554445383e-01
4.2982739983e+00,2.3623450706e+00,2.6518060861e-01,1.3266156942e-02,2.5191445166e-01,9.7602695093e-01
4.3011529494e+00,2.3637056775e+00,2.6504215421e-01,1.3234574506e-02,2.5180757970e-01,9.7651062936e-01
4.3040319005e+00,2.3650670680e+00,2.6490375850e-01,1.3203080016e-02,2.5170067848e-01,9.7699549154e-01
4.3069108516e+00,2.3664292426e+00,2.6476542150e-01,1.3171673214e-02,2.5159374828e-01,9.7748153991e-01
4.3097898027e+00,2.3677922018e+00,2.6462714321e-01,1.3140353843e-02,2.5148678937e-01,9.7796877692e-01
4.3126687538e+00,2.3691559459e+00,2.6448892365e-01,1.3109121646e-02,2.5137980200e-01,9.7845720500e-01
4.3155477049e+00,2.3705204756e+00,2.6435076283e-01,1.3077976368e-02,2.5127278646e-01,9.7894682662e-01
4.3184266560e+00,2.3718857911e+00,2.6421266075e-01,1.3046917755e-02,2.5116574300e-01,9.7943764423e-01
4.3213056071e+00,2.3732518930e+00,2.6407461744e-01,1.3015945552e-02,2.5105867189e-01,9.7992966028e-01
4.3241845582e+00,2.3746187817e+00,2.6393663291e-01,1.2985059506e-02,2.5095157340e-01,9.8042287725e-01
4.3270635093e+00,2.3759864577e+00,2.6379870715e-01,1.2954259364e-02,2.5084444779e-01,9.8091729760e-01
4.3299424604e+00,2.3773549214e+00,2.6366084019e-01,1.2923544875e-02,2.5073729531e-01,9.8141292380e-01
4.3328214115e+00,2.3787241733e+00,2.6352303203e-01,1.2892915788e-02,2.5063011624e-01,9.8190975834e-01
4.3357003627e+00,2.3800942138e+00,2.6338528268e-01,1.2862371852e-02,2.5052291083e-01,9.8240780370e-01
4.3385793138e+00,2.3814650434e+00,2.6324759217e-01,1.2831912818e-02,2.5041567935e-01,9.8290706235e-01
4.3414582649e+00,2.3828366625e+00,2.6310996048e-01,1.2801538437e-02,2.5030842205e-01,9.8340753681e-01
4.3443372160e+00,2.3842090716e+00,2.6297238764e-01,1.2771248461e-02,2.5020113918e-01,9.8390922955e-01
4.3472161671e+00,2.3855822712e+00,2.6283487366e-01,1.2741042643e-02,2.5009383102e-01,9.8441214309e-01
4.3500951182e+00,2.3869562617e+00,2.6269741854e-01,1.2710920735e-02,2.4998649781e-01,9.8491627993e-01
4.3529740693e+00,2.3883310435e+00,2.6256002230e-01,1.2680882493e-02,2.4987913981e-01,9.8542164257e-01
4.3558530204e+00,2.3897066171e+00,2.6242268494e-01,1.2650927671e-02,2.4977175727e-01,9.8592823354e-01
4.3587319715e+00,2.3910829831e+00,2.6228540647e-01,1.2621056023e-02,2.4966435045e-01,9.8643605536e-01
4.3616109226e+00,2.3924601417e+00,2.6214818691e-01,1.2591267308e-02,2.4955691960e-01,9.8694511054e-01
4.3644898737e+00,2.3938380935e+00,2.6201102626e-01,1.2561561281e-02,2.4944946498e-01,9.8745540162e-01
4.3673688248e+00,2.3952168390e+00,2.6187392453e-01,1.2531937701e-02,2.4934198683e-01,9.8796693113e-01
4.3702477759e+00,2.3965963785e+00,2.6173688173e-01,1.2502396325e-02,2.4923448540e-01,9.8847970161e-01
4.3731267270e+00,2.3979767126e+00,2.6159989786e-01,1.2472936914e-02,2.4912696095e-01,9.8899371560e-01
4.3760056781e+00,2.3993578418e+00,2.6146297295e-01,1.2443559226e-02,2.4901941372e-01,9.8950897565e-01
4.3788846292e+00,2.4007397664e+00,2.6132610699e-01,1.2414263022e-02,2.4891184397e-01,9.9002548431e-01
4.3817635803e+00,2.4021224869e+00,2.6118930000e-01,1.2385048064e-02,2.4880425193e-01,9.9054324415e-01
4.3846425314e+00,2.4035060038e+00,2.6105255198e-01,1.2355914114e-02,2.4869663786e-01,9.9106225772e-01
4.3875214825e+00,2.4048903175e+00,2.6091586293e-01,1.2326860934e-02,2.4858900200e-01,9.9158252759e-01
4.3904004336e+00,2.4062754286e+00,2.6077923288e-01,1.2297888287e-02,2.4848134459e-01,9.9210405634e-01
4.3932793847e+00,2.4076613374e+00,2.6064266183e-01,1.2268995938e-02,2.4837366589e-01,9.9262684653e-01
4.3961583358e+00,2.4090480445e+00,2.6050614977e-01,1.2240183651e-02,2.4826596612e-01,9.9315090076e-01
4.3990372869e+00,2.4104355502e+00,2.6036969673e-01,1.2211451193e-02,2.4815824554e-01,9.9367622161e-01
4.4019162380e+00,2.4118238550e+00,2.6023330272e-01,1.2182798328e-02,2.4805050439e-01,9.9420281167e-01
4.4047951891e+00,2.4132129595e+00,2.6009696772e-01,1.2154224824e-02,2.4794274290e-01,9.9473067354e-01
4.4076741403e+00,2.4146028640e+00,2.5996069176e-01,1.2125730449e-02,2.4783496132e-01,9.9525980982e-01
4.4105530914e+00,2.4159935691e+00,2.5982447485e-01,1.2097314970e-02,2.4772715988e-01,9.9579022311e-01
4.4134320425e+00,2.4173850751e+00,2.5968831698e-01,1.2068978157e-02,2.4761933882e-01,9.9632191603e-01
4.4163109936e+00,2.4187773826e+00,2.5955221817e-01,1.2040719779e-02,2.4751149839e-01,9.9685489120e-01
4.4191899447e+00,2.4201704920e+00,2.5941617842e-01,1.2012539606e-02,2.4740363881e-01,9.9738915124e-01
4.4220688958e+00,2.4215644038e+00,2.5928019774e-01,1.1984437409e-02,2.4729576033e-01,9.9792469877e-01
4.4249478469e+00,2.4229591184e+00,2.5914427613e-01,1.1956412961e-02,2.4718786317e-01,9.9846153642e-01
4.4278267980e+00,2.4243546363e+00,2.5900841361e-01,1.1928466033e-02,2.4707994758e-01,9.9899966684e-01
4.4307057491e+00,2.4257509579e+00,2.5887261018e-01,1.1900596398e-02,2.4697201378e-01,9.9953909267e-01
4.4335847002e+00,2.4271480838e+00,2.5873686584e-01,1.1872803830e-02,2.4686406201e-01,1.0000798165e+00
4.4364636513e+00,2.4285460143e+00,2.5860118060e-01,1.1845088103e-02,2.4675609250e-01,1.0006218411e+00
4.4393426024e+00,2.4299447500e+00,2.5846555447e-01,1.1817448992e-02,2.4664810548e-01,1.0011651691e+00
4.4422215535e+00,2.4313442913e+00,2.5832998745e-01,1.1789886273e-02,2.4654010118e-01,1.0017098030e+00
4.4451005046e+00,2.4327446387e+00,2.5819447955e-01,1.1762399723e-02,2.4643207983e-01,1.0022557457e+00
4.4479794557e+00,2.4341457926e+00,2.5805903078e-01,1.1734989117e-02,2.4632404166e-01,1.0028029997e+00
4.4508584068e+00,2.4355477536e+00,2.5792364114e-01,1.1707654235e-02,2.4621598690e-01,1.0033515678e+00
4.4537373579e+00,2.4369505219e+00,2.5778831063e-01,1.1680394853e-02,2.4610791577e-01,1.0039014526e+00
4.4566163090e+00,2.4383540983e+00,2.5765303926e-01,1.1653210752e-02,2.4599982851e-01,1.0044526568e+00
4.4594952601e+00,2.4397584830e+00,2.5751782704e-01,1.1626101710e-02,2.4589172533e-01,1.0050051832e+00
4.4623742112e+00,2.4411636766e+00,2.5738267397e-01,1.1599067508e-02,2.4578360646e-01,1.0055590343e+00
4.4652531623e+00,2.4425696795e+00,2.5724758006e-01,1.1572107928e-02,2.4567547213e-01,1.0061142130e+00
4.4681321134e+00,2.4439764922e+00,2.5711254530e-01,1.1545222749e-02,2.4556732255e-01,1.0066707219e+00
4.4710110645e+00,2.4453841152e+00,2.5697756972e-01,1.1518411756e-02,2.4545915796e-01,1.0072285637e+00
4.4738900156e+00,2.4467925489e+00,2.5684265330e-01,1.1491674729e-02,2.4535097857e-01,1.0077877412e+00
4.4767689667e+00,2.4482017938e+00,2.5670779606e-01,1.1465011454e-02,2.4524278461e-01,1.0083482571e+00
4.4796479179e+00,2.4496118503e+00,2.5657299800e-01,1.1438421714e-02,2.4513457629e-01,1.0089101141e+00
4.4825268690e+00,2.4510227190e+00,2.5643825913e-01,1.1411905294e-02,2.4502635384e-01,1.0094733150e+00
4.4854058201e+00,2.4524344003e+00,2.5630357944e-01,1.1385461980e-02,2.4491811746e-01,1.0100378624e+00
4.4882847712e+00,2.4538468947e+00,2.5616895895e-01,1.1359091557e-02,2.4480986739e-01,1.0106037593e+00
4.4911637223e+00,2.4552602026e+00,2.5603439765e-01,1.1332793812e-02,2.4470160384e-01,1.0111710082e+00
4.4940426734e+00,2.4566743245e+00,2.5589989556e-01,1.1306568533e-02,2.4459332702e-01,1.0117396120e+00
4.4969216245e+00,2.4580892608e+00,2.5576545267e-01,1.1280415507e-02,2.4448503716e-01,1.0123095734e+00
4.4998005756e+00,2.4595050121e+00,2.5563106898e-01,1.1254334524e-02,2.4437673446e-01,1.0128808952e+00
4.5026795267e+00,2.4609215788e+00,2.5549674451e-01,1.1228325371e-02,2.4426841914e-01,1.0134535802e+00
4.5055584778e+00,2.4623389614e+00,2.5536247926e-01,1.1202387840e-02,2.4416009142e-01,1.0140276311e+00
4.5084374289e+00,2.4637571604e+00,2.5522827322e-01,1.1176521721e-02,2.4405175150e-01,1.0146030508e+00
4.5113163800e+00,2.4651761762e+00,2.5509412641e-01,1.1150726804e-02,2.4394339961e-01,1.0151798420e+00
4.5141953311e+00,2.4665960092e+00,2.5496003882e-01,1.1125002882e-02,2.4383503594e-01,1.0157580075e+00
4.5170742822e+00,2.4680166600e+00,2.5482601046e-01,1.1099349746e-02,2.4372666072e-01,1.0163375502e+00
4.5199532333e+00,2.4694381291e+00,2.5469204134e-01,1.1073767190e-02,2.4361827415e-01,1.0169184728e+00
4.5228321844e+00,2.4708604168e+00,2.5455813145e-01,1.1048255008e-02,2.4350987644e-01,1.0175007781e+00
4.5257111355e+00,2.4722835238e+00,2.5442428079e-01,1.1022812993e-02,2.4340146780e-01,1.0180844691e+00
4.5285900866e+00,2.4737074504e+00,2.5429048938e-01,1.0997440941e-02,2.4329304844e-01,1.0186695484e+00
4.5314690377e+00,2.4751321971e+00,2.5415675721e-01,1.0972138646e-02,2.4318461856e-01,1.0192560190e+00
4.5343479888e+00,2.4765577643e+00,2.5402308428e-01,1.0946905905e-02,2.4307617838e-01,1.0198438837e+00
4.5372269399e+00,2.4779841527e+00,2.5388947061e-01,1.0921742514e-02,2.4296772809e-01,1.0204331453e+00
4.5401058910e+00,2.4794113626e+00,2.5375591618e-01,1.0896648271e-02,2.4285926791e-01,1.0210238067e+00
4.5429848421e+00,2.4808393945e+00,2.5362242101e-01,1.0871622973e-02,2.4275079803e-01,1.0216158706e+00
4.5458637932e+00,2.4822682489e+00,2.5348898509e-01,1.0846666419e-02,2.4264231867e-01,1.0222093401e+00
4.5487427443e+00,2.4836979262e+00,2.5335560843e-01,1.0821778408e-02,2.4253383002e-01,1.0228042179e+00
4.5516216955e+00,2.4851284270e+00,2.5322229102e-01,1.0796958740e-02,2.4242533228e-01,1.0234005070e+00
4.5545006466e+00,2.4865597517e+00,2.5308903288e-01,1.0772207214e-02,2.4231682567e-01,1.0239982101e+00
4.5573795977e+00,2.4879919007e+00,2.5295583400e-01,1.0747523632e-02,2.4220831037e-01,1.0245973302e+00
4.5602585488e+00,2.4894248746e+00,2.5282269439e-01,1.0722907794e-02,2.4209978659e-01,1.0251978703e+00
4.5631374999e+00,2.4908586739e+00,2.5268961404e-01,1.0698359504e-02,2.4199125453e-01,1.0257998331e+00
4.5660164510e+00,2.4922932989e+00,2.5255659295e-01,1.0673878563e-02,2.4188271439e-01,1.0264032215e+00
4.5688954021e+00,2.4937287502e+00,2.5242363114e-01,1.0649464775e-02,2.4177416636e-01,1.0270080386e+00
4.5717743532e+00,2.4951650283e+00,2.5229072860e-01,1.0625117944e-02,2.4166561065e-01,1.0276142871e+00
4.5746533043e+00,2.4966021337e+00,2.5215788532e-01,1.0600837873e-02,2.4155704745e-01,1.0282219701e+00
4.5775322554e+00,2.4980400667e+00,2.5202510132e-01,1.0576624368e-02,2.4144847695e-01,1.0288310904e+00
4.5804112065e+00,2.4994788279e+00,2.5189237660e-01,1.0552477235e-02,2.4133989936e-01,1.0294416510e+00
4.5832901576e+00,2.5009184178e+00,2.5175971114e-01,1.0528396279e-02,2.4123131486e-01,1.0300536548e+00
4.5861691087e+00,2.5023588368e+00,2.5162710496e-01,1.0504381307e-02,2.4112272366e-01,1.0306671048e+00
4.5890480598e+00,2.5038000854e+00,2.5149455806e-01,1.0480432126e-02,2.4101412594e-01,1.0312820039e+00
4.5919270109e+00,2.5052421642e+00,2.5136207044e-01,1.0456548545e-02,2.4090552189e-01,1.0318983551e+00
4.5948059620e+00,2.5066850735e+00,2.5122964209e-01,1.0432730370e-02,2.4079691172e-01,1.0325161613e+00
4.5976849131e+00,2.5081288138e+00,2.5109727301e-01,1.0408977413e-02,2.4068829560e-01,1.0331354254e+00
4.6005638642e+00,2.5095733857e+00,2.5096496322e-01,1.0385289482e-02,2.4057967374e-01,1.0337561506e+00
4.6034428153e+00,2.5110187896e+00,2.5083271271e-01,1.0361666386e-02,2.4047104632e-01,1.0343783397e+00
4.6063217664e+00,2.5124650260e+00,2.5070052147e-01,1.0338107938e-02,2.4036241353e-01,1.0350019958e+00
4.6092007175e+00,2.5139120954e+00,2.5056838951e-01,1.0314613947e-02,2.4025377556e-01,1.0356271218e+00
4.6120796686e+00,2.5153599982e+00,2.5043631683e-01,1.0291184227e-02,2.4014513260e-01,1.0362537208e+00
4.6149586197e+00,2.5168087349e+00,2.5030430343e-01,1.0267818588e-02,2.4003648484e-01,1.0368817957e+00
4.6178375708e+00,2.5182583060e+00,2.5017234930e-01,1.0244516845e-02,2.3992783246e-01,1.0375113495e+00
4.6207165219e+00,2.5197087121e+00,2.5004045446e-01,1.0221278810e-02,2.3981917565e-01,1.0381423854e+00
4.6235954731e+00,2.5211599535e+00,2.4990861889e-01,1.0198104298e-02,2.3971051459e-01,1.0387749062e+00
4.6264744242e+00,2.5226120307e+00,2.4977684260e-01,1.0174993123e-02,2.3960184947e-01,1.0394089151e+00
4.6293533753e+00,2.5240649443e+00,2.4964512558e-01,1.0151945101e-02,2.3949318048e-01,1.0400444150e+00
4.6322323264e+00,2.5255186947e+00,2.4951346785e-01,1.0128960047e-02,2.3938450780e-01,1.0406814091e+00
4.6351112775e+00,2.5269732824e+00,2.4938186938e-01,1.0106037776e-02,2.3927583161e-01,1.0413199003e+00
4.6379902286e+00,2.5284287079e+00,2.4925033020e-01,1.0083178107e-02,2.3916715209e-01,1.0419598917e+00
4.6408691797e+00,2.5298849716e+00,2.4911885028e-01,1.0060380857e-02,2.3905846942e-01,1.0426013865e+00
4.6437481308e+00,2.5313420741e+00,2.4898742964e-01,1.0037645842e-02,2.3894978380e-01,1.0432443875e+00
4.6466270819e+00,2.5328000158e+00,2.4885606827e-01,1.0014972882e-02,2.3884109539e-01,1.0438888981e+00
4.6495060330e+00,2.5342587972e+00,2.4872476617e-01,9.9923617965e-03,2.3873240438e-01,1.0445349211e+00
4.6523849841e+00,2.5357184188e+00,2.4859352335e-01,9.9698124036e-03,2.3862371094e-01,1.0451824598e+00
4.6552639352e+00,2.5371788811e+00,2.4846233979e-01,9.9473245240e-03,2.3851501526e-01,1.0458315171e+00
4.6581428863e+00,2.5386401845e+00,2.4833121549e-01,9.9248979782e-03,2.3840631752e-01,1.0464820963e+00
4.6610218374e+00,2.5401023296e+00,2.4820015047e-01,9.9025325873e-03,2.3829761788e-01,1.0471342003e+00
4.6639007885e+00,2.5415653169e+00,2.4806914470e-01,9.8802281729e-03,2.3818891653e-01,1.0477878324e+00
4.6667797396e+00,2.5430291467e+00,2.4793819820e-01,9.8579845574e-03,2.3808021365e-01,1.0484429957e+00
4.6696586907e+00,2.5444938197e+00,2.4780731096e-01,9.8358015632e-03,2.3797150940e-01,1.0490996932e+00
4.6725376418e+00,2.5459593362e+00,2.4767648298e-01,9.8136790138e-03,2.3786280397e-01,1.0497579282e+00
4.6754165929e+00,2.5474256968e+00,2.4754571426e-01,9.7916167329e-03,2.3775409753e-01,1.0504177037e+00
4.6782955440e+00,2.5488929020e+00,2.4741500479e-01,9.7696145448e-03,2.3764539025e-01,1.0510790229e+00
4.6811744951e+00,2.5503609522e+00,2.4728435458e-01,9.7476722742e-03,2.3753668231e-01,1.0517418890e+00
4.6840534462e+00,2.5518298479e+00,2.4715376362e-01,9.7257897466e-03,2.3742797387e-01,1.0524063051e+00
4.6869323973e+00,2.5532995897e+00,2.4702323190e-01,9.7039667878e-03,2.3731926512e-01,1.0530722744e+00
4.6898113484e+00,2.5547701780e+00,2.4689275944e-01,9.6822032242e-03,2.3721055621e-01,1.0537398001e+00
4.6926902996e+00,2.5562416132e+00,2.4676234622e-01,9.6604988827e-03,2.3710184733e-01,1.0544088853e+00
4.6955692507e+00,2.5577138960e+00,2.4663199224e-01,9.6388535907e-03,2.3699313865e-01,1.0550795333e+00
4.6984482018e+00,2.5591870267e+00,2.4650169750e-01,9.6172671762e-03,2.3688443032e-01,1.0557517472e+00
4.7013271529e+00,2.5606610059e+00,2.4637146199e-01,9.5957394676e-03,2.3677572253e-01,1.0564255303e+00
4.7042061040e+00,2.5621358340e+00,2.4624128573e-01,9.5742702939e-03,2.3666701543e-01,1.0571008857e+00
4.7070850551e+00,2.5636115115e+00,2.4611116869e-01,9.5528594845e-03,2.3655830921e-01,1.0577778167e+00
4.7099640062e+00,2.5650880390e+00,2.4598111088e-01,9.5315068694e-03,2.3644960401e-01,1.0584563264e+00
4.7128429573e+00,2.5665654169e+00,2.4585111230e-01,9.5102122792e-03,2.3634090002e-01,1.0591364182e+00
4.7157219084e+00,2.5680436457e+00,2.4572117295e-01,9.4889755448e-03,2.3623219740e-01,1.0598180953e+00
4.7186008595e+00,2.5695227259e+00,2.4559129281e-01,9.4677964978e-03,2.3612349631e-01,1.0605013609e+00
4.7214798106e+00,2.5710026580e+00,2.4546147189e-01,9.4466749701e-03,2.3601479692e-01,1.0611862182e+00
4.7243587617e+00,2.5724834424e+00,2.4533171019e-01,9.4256107942e-03,2.3590609939e-01,1.0618726705e+00
4.7272377128e+00,2.5739650798e+00,2.4520200769e-01,9.4046038032e-03,2.3579740389e-01,1.0625607211e+00
4.7301166639e+00,2.5754475705e+00,2.4507236440e-01,9.3836538305e-03,2.3568871057e-01,1.0632503733e+00
4.7329956150e+00,2.5769309150e+00,2.4494278032e-01,9.3627607102e-03,2.3558001961e-01,1.0639416303e+00
4.7358745661e+00,2.5784151139e+00,2.4481325544e-01,9.3419242768e-03,2.3547133116e-01,1.0646344955e+00
4.7387535172e+00,2.5799001676e+00,2.4468378975e-01,9.3211443653e-03,2.3536264539e-01,1.0653289720e+00
4.7416324683e+00,2.5813860766e+00,2.4455438326e-01,9.3004208111e-03,2.3525396245e-01,1.0660250633e+00
4.7445114194e+00,2.5828728414e+00,2.4442503596e-01,9.2797534503e-03,2.3514528251e-01,1.0667227726e+00
4.7473903705e+00,2.5843604626e+00,2.4429574784e-01,9.2591421193e-03,2.3503660573e-01,1.0674221032e+00
4.7502693216e+00,2.5858489406e+00,2.4416651891e-01,9.2385866551e-03,2.3492793226e-01,1.0681230585e+00
4.7531482727e+00,2.5873382758e+00,2.4403734916e-01,9.2180868951e-03,2.3481926226e-01,1.0688256418e+00
4.7560272238e+00,2.5888284689e+00,2.4390823858e-01,9.1976426772e-03,2.3471059590e-01,1.0695298564e+00
4.7589061749e+00,2.5903195202e+00,2.4377918717e-01,9.1772538400e-03,2.3460193333e-01,1.0702357056e+00
4.7617851260e+00,2.5918114304e+00,2.4365019492e-01,9.1569202222e-03,2.3449327470e-01,1.0709431930e+00
4.7646640772e+00,2.5933041998e+00,2.4352126184e-01,9.1366416633e-03,2.3438462018e-01,1.0716523216e+00
4.7675430283e+00,2.5947978289e+00,2.4339238792e-01,9.1164180031e-03,2.3427596991e-01,1.0723630951e+00
4.7704219794e+00,2.5962923183e+00,2.4326357315e-01,9.0962490821e-03,2.3416732406e-01,1.0730755166e+00
4.7733009305e+00,2.5977876685e+00,2.4313481752e-01,9.0761347409e-03,2.3405868278e-01,1.0737895897e+00
4.7761798816e+00,2.5992838800e+00,2.4300612105e-01,9.0560748209e-03,2.3395004623e-01,1.0745053176e+00
4.7790588327e+00,2.6007809532e+00,2.4287748371e-01,9.0360691639e-03,2.3384141455e-01,1.0752227039e+00
4.7819377838e+00,2.6022788886e+00,2.4274890551e-01,9.0161176120e-03,2.3373278790e-01,1.0759417518e+00
4.7848167349e+00,2.6037776868e+00,2.4262038644e-01,8.9962200082e-03,2.3362416643e-01,1.0766624648e+00
4.7876956860e+00,2.6052773483e+00,2.4249192649e-01,8.9763761954e-03,2.3351555030e-01,1.0773848464e+00
4.7905746371e+00,2.6067778734e+00,2.4236352567e-01,8.9565860174e-03,2.3340693965e-01,1.0781088998e+00
4.7934535882e+00,2.6082792628e+00,2.4223518396e-01,8.9368493183e-03,2.3329833464e-01,1.0788346287e+00
4.7963325393e+00,2.6097815170e+00,2.4210690137e-01,8.9171659427e-03,2.3318973542e-01,1.0795620363e+00
4.7992114904e+00,2.6112846363e+00,2.4197867788e-01,8.8975357356e-03,2.3308114214e-01,1.0802911263e+00
4.8020904415e+00,2.6127886215e+00,2.4185051349e-01,8.8779585426e-03,2.3297255495e-01,1.0810219019e+00
4.8049693926e+00,2.6142934728e+00,2.4172240820e-01,8.8584342096e-03,2.3286397399e-01,1.0817543667e+00
4.8078483437e+00,2.6157991909e+00,2.4159436199e-01,8.8389625831e-03,2.3275539941e-01,1.0824885242e+00
4.8107272948e+00,2.6173057761e+00,2.4146637488e-01,8.8195435100e-03,2.3264683137e-01,1.0832243778e+00
4.8136062459e+00,2.6188132292e+00,2.4133844684e-01,8.8001768376e-03,2.3253827000e-01,1.0839619310e+00
4.8164851970e+00,2.6203215504e+00,2.4121057788e-01,8.7808624137e-03,2.3242971547e-01,1.0847011873e+00
4.8193641481e+00,2.6218307404e+00,2.4108276799e-01,8.7616000867e-03,2.3232116790e-01,1.0854421502e+00
4.8222430992e+00,2.6233407996e+00,2.4095501716e-01,8.7423897052e-03,2.3221262745e-01,1.0861848233e+00
4.8251220503e+00,2.6248517285e+00,2.4082732539e-01,8.7232311185e-03,2.3210409427e-01,1.0869292099e+00
4.8280010014e+00,2.6263635277e+00,2.4069969267e-01,8.7041241761e-03,2.3199556849e-01,1.0876753137e+00
4.8308799525e+00,2.6278761975e+00,2.4057211900e-01,8.6850687281e-03,2.3188705027e-01,1.0884231382e+00
4.8337589036e+00,2.6293897387e+00,2.4044460437e-01,8.6660646251e-03,2.3177853974e-01,1.0891726870e+00
4.8366378548e+00,2.6309041515e+00,2.4031714877e-01,8.6471117180e-03,2.3167003705e-01,1.0899239635e+00
4.8395168059e+00,2.6324194366e+00,2.4018975220e-01,8.6282098582e-03,2.3156154235e-01,1.0906769713e+00
4.8423957570e+00,2.6339355944e+00,2.4006241466e-01,8.6093588977e-03,2.3145305576e-01,1.0914317140e+00
4.8452747081e+00,2.6354526255e+00,2.3993513613e-01,8.5905586886e-03,2.3134457744e-01,1.0921881952e+00
4.8481536592e+00,2.6369705303e+00,2.3980791661e-01,8.5718090839e-03,2.3123610753e-01,1.0929464184e+00
4.8510326103e+00,2.6384893093e+00,2.3968075610e-01,8.5531099366e-03,2.3112764616e-01,1.0937063872e+00
4.8539115614e+00,2.6400089631e+00,2.3955365459e-01,8.5344611004e-03,2.3101919348e-01,1.0944681053e+00
4.8567905125e+00,2.6415294922e+00,2.3942661206e-01,8.5158624293e-03,2.3091074963e-01,1.0952315762e+00
4.8596694636e+00,2.6430508970e+00,2.3929962852e-01,8.4973137779e-03,2.3080231475e-01,1.0959968035e+00
4.8625484147e+00,2.6445731781e+00,2.3917270397e-01,8.4788150011e-03,2.3069388896e-01,1.0967637909e+00
4.8654273658e+00,2.6460963359e+00,2.3904583838e-01,8.4603659543e-03,2.3058547242e-01,1.0975325419e+00
4.8683063169e+00,2.6476203710e+00,2.3891903176e-01,8.4419664932e-03,2.3047706526e-01,1.0983030603e+00
4.8711852680e+00,2.6491452839e+00,2.3879228410e-01,8.4236164742e-03,2.3036866762e-01,1.0990753496e+00
4.8740642191e+00,2.6506710751e+00,2.3866559539e-01,8.4053157538e-03,2.3026027963e-01,1.0998494135e+00
4.8769431702e+00,2.6521977450e+00,2.3853896562e-01,8.3870641892e-03,2.3015190143e-01,1.1006252557e+00
4.8798221213e+00,2.6537252943e+00,2.3841239480e-01,8.3688616379e-03,2.3004353316e-01,1.1014028798e+00
4.8827010724e+00,2.6552537234e+00,2.3828588290e-01,8.3507079579e-03,2.2993517495e-01,1.1021822896e+00
4.8855800235e+00,2.6567830327e+00,2.3815942994e-01,8.3326030074e-03,2.2982682693e-01,1.1029634886e+00
4.8884589746e+00,2.6583132229e+00,2.3803303589e-01,8.3145466455e-03,2.2971848924e-01,1.1037464806e+00
4.8913379257e+00,2.6598442944e+00,2.3790670075e-01,8.2965387311e-03,2.2961016202e-01,1.1045312692e+00
4.8942168768e+00,2.6613762477e+00,2.3778042451e-01,8.2785791241e-03,2.2950184539e-01,1.1053178583e+00
4.8970958279e+00,2.6629090834e+00,2.3765420717e-01,8.2606676844e-03,2.2939353949e-01,1.1061062514e+00
4.8999747790e+00,2.6644428019e+00,2.3752804872e-01,8.2428042725e-03,2.2928524445e-01,1.1068964524e+00
4.9028537301e+00,2.6659774038e+00,2.3740194915e-01,8.2249887494e-03,2.2917696040e-01,1.1076884649e+00
4.9057326812e+00,2.6675128895e+00,2.3727590846e-01,8.2072209763e-03,2.2906868748e-01,1.1084822928e+00
4.9086116324e+00,2.6690492596e+00,2.3714992663e-01,8.1895008150e-03,2.2896042582e-01,1.1092779396e+00
4.9114905835e+00,2.6705865146e+00,2.3702400366e-01,8.1718281276e-03,2.2885217554e-01,1.1100754093e+00
4.9143695346e+00,2.6721246550e+00,2.3689813955e-01,8.1542027768e-03,2.2874393677e-01,1.1108747056e+00
4.9172484857e+00,2.6736636813e+00,2.3677233428e-01,8.1366246253e-03,2.2863570965e-01,1.1116758322e+00
4.9201274368e+00,2.6752035940e+00,2.3664658784e-01,8.1190935368e-03,2.2852749431e-01,1.1124787929e+00
4.9230063879e+00,2.6767443936e+00,2.3652090024e-01,8.1016093748e-03,2.2841929086e-01,1.1132835916e+00
4.9258853390e+00,2.6782860806e+00,2.3639527145e-01,8.0841720036e-03,2.2831109945e-01,1.1140902319e+00
4.9287642901e+00,2.6798286556e+00,2.3626970148e-01,8.0667812879e-03,2.2820292019e-01,1.1148987178e+00
4.9316432412e+00,2.6813721191e+00,2.3614419032e-01,8.0494370926e-03,2.2809475322e-01,1.1157090530e+00
4.9345221923e+00,2.6829164715e+00,2.3601873795e-01,8.0321392831e-03,2.2798659866e-01,1.1165212414e+00
4.9374011434e+00,2.6844617134e+00,2.3589334437e-01,8.0148877252e-03,2.2787845664e-01,1.1173352868e+00
4.9402800945e+00,2.6860078453e+00,2.3576800957e-01,7.9976822853e-03,2.2777032729e-01,1.1181511930e+00
4.9431590456e+00,2.6875548677e+00,2.3564273355e-01,7.9805228298e-03,2.2766221072e-01,1.1189689640e+00
4.9460379967e+00,2.6891027811e+00,2.3551751629e-01,7.9634092258e-03,2.2755410706e-01,1.1197886035e+00
4.9489169478e+00,2.6906515860e+00,2.3539235779e-01,7.9463413406e-03,2.2744601645e-01,1.1206101154e+00
4.9517958989e+00,2.6922012830e+00,2.3526725803e-01,7.9293190423e-03,2.2733793899e-01,1.1214335036e+00
4.9546748500e+00,2.6937518725e+00,2.3514221702e-01,7.9123421988e-03,2.2722987482e-01,1.1222587719e+00
4.9575538011e+00,2.6953033551e+00,2.3501723474e-01,7.8954106788e-03,2.2712182406e-01,1.1230859244e+00
4.9604327522e+00,2.6968557313e+00,2.3489231118e-01,7.8785243514e-03,2.2701378683e-01,1.1239149648e+00
4.9633117033e+00,2.6984090016e+00,2.3476744633e-01,7.8616830859e-03,2.2690576325e-01,1.1247458971e+00
4.9661906544e+00,2.6999631665e+00,2.3464264020e-01,7.8448867520e-03,2.2679775344e-01,1.1255787253e+00
4.9690696055e+00,2.7015182266e+00,2.3451789276e-01,7.8281352199e-03,2.2668975754e-01,1.1264134531e+00
4.9719485566e+00,2.7030741822e+00,2.3439320400e-01,7.8114283603e-03,2.2658177564e-01,1.1272500847e+00
4.9748275077e+00,2.7046310341e+00,2.3426857393e-01,7.7947660440e-03,2.2647380789e-01,1.1280886238e+00
4.9777064588e+00,2.7061887826e+00,2.3414400253e-01,7.7781481423e-03,2.2636585439e-01,1.1289290746e+00
4.9805854100e+00,2.7077474283e+00,2.3401948979e-01,7.7615745270e-03,2.2625791527e-01,1.1297714409e+00
4.9834643611e+00,2.7093069718e+00,2.3389503571e-01,7.7450450702e-03,2.2614999064e-01,1.1306157267e+00
4.9863433122e+00,2.7108674134e+00,2.3377064027e-01,7.7285596443e-03,2.2604208063e-01,1.1314619360e+00
4.9892222633e+00,2.7124287538e+00,2.3364630347e-01,7.7121181222e-03,2.2593418534e-01,1.1323100728e+00
4.9921012144e+00,2.7139909935e+00,2.3352202529e-01,7.6957203772e-03,2.2582630491e-01,1.1331601411e+00
4.9949801655e+00,2.7155541330e+00,2.3339780573e-01,7.6793662828e-03,2.2571843944e-01,1.1340121448e+00
4.9978591166e+00,2.7171181727e+00,2.3327364478e-01,7.6630557131e-03,2.2561058906e-01,1.1348660881e+00
5.0007380677e+00,2.7186831133e+00,2.3314954242e-01,7.6467885424e-03,2.2550275388e-01,1.1357219750e+00
5.0036170188e+00,2.7202489552e+00,2.3302549866e-01,7.6305646455e-03,2.2539493401e-01,1.1365798094e+00
5.0064959699e+00,2.7218156989e+00,2.3290151348e-01,7.6143838975e-03,2.2528712958e-01,1.1374395955e+00
5.0093749210e+00,2.7233833451e+00,2.3277758686e-01,7.5982461740e-03,2.2517934069e-01,1.1383013372e+00
5.0122538721e+00,2.7249518941e+00,2.3265371881e-01,7.5821513507e-03,2.2507156746e-01,1.1391650387e+00
5.0151328232e+00,2.7265213466e+00,2.3252990932e-01,7.5660993039e-03,2.2496381001e-01,1.1400307040e+00
5.0180117743e+00,2.7280917029e+00,2.3240615836e-01,7.5500899103e-03,2.2485606845e-01,1.1408983372e+00
5.0208907254e+00,2.7296629638e+00,2.3228246594e-01,7.5341230468e-03,2.2474834289e-01,1.1417679424e+00
5.0237696765e+00,2.7312351296e+00,2.3215883204e-01,7.5181985908e-03,2.2464063345e-01,1.1426395237e+00
5.0266486276e+00,2.7328082009e+00,2.3203525665e-01,7.5023164200e-03,2.2453294023e-01,1.1435130851e+00
5.0295275787e+00,2.7343821782e+00,2.3191173977e-01,7.4864764124e-03,2.2442526336e-01,1.1443886310e+00
5.0324065298e+00,2.7359570621e+00,2.3178828139e-01,7.4706784465e-03,2.2431760294e-01,1.1452661652e+00
5.0352854809e+00,2.7375328531e+00,2.3166488148e-01,7.4549224012e-03,2.2420995908e-01,1.1461456921e+00
5.0381644320e+00,2.7391095516e+00,2.3154154006e-01,7.4392081556e-03,2.2410233190e-01,1.1470272156e+00
5.0410433831e+00,2.7406871582e+00,2.3141825709e-01,7.4235355892e-03,2.2399472150e-01,1.1479107401e+00
5.0439223342e+00,2.7422656735e+00,2.3129503258e-01,7.4079045820e-03,2.2388712800e-01,1.1487962696e+00
5.0468012853e+00,2.7438450979e+00,2.3117186652e-01,7.3923150142e-03,2.2377955150e-01,1.1496838084e+00
5.0496802364e+00,2.7454254320e+00,2.3104875889e-01,7.3767667663e-03,2.2367199212e-01,1.1505733606e+00
5.0525591876e+00,2.7470066763e+00,2.3092570968e-01,7.3612597194e-03,2.2356444996e-01,1.1514649304e+00
5.0554381387e+00,2.7485888313e+00,2.3080271889e-01,7.3457937549e-03,2.2345692514e-01,1.1523585220e+00
5.0583170898e+00,2.7501718976e+00,2.3067978650e-01,7.3303687543e-03,2.2334941775e-01,1.1532541396e+00
5.0611960409e+00,2.7517558757e+00,2.3055691251e-01,7.3149845997e-03,2.2324192791e-01,1.1541517875e+00
5.0640749920e+00,2.7533407660e+00,2.3043409690e-01,7.2996411735e-03,2.2313445572e-01,1.1550514698e+00
5.0669539431e+00,2.7549265692e+00,2.3031133966e-01,7.2843383585e-03,2.2302700130e-01,1.1559531909e+00
5.0698328942e+00,2.7565132858e+00,2.3018864078e-01,7.2690760376e-03,2.2291956475e-01,1.1568569550e+00
5.0727118453e+00,2.7581009162e+00,2.3006600026e-01,7.2538540945e-03,2.2281214617e-01,1.1577627663e+00
5.0755907964e+00,2.7596894610e+00,2.2994341808e-01,7.2386724128e-03,2.2270474567e-01,1.1586706291e+00
5.0784697475e+00,2.7612789208e+00,2.2982089423e-01,7.2235308767e-03,2.2259736335e-01,1.1595805478e+00
5.0813486986e+00,2.7628692960e+00,2.2969842870e-01,7.2084293706e-03,2.2248999933e-01,1.1604925264e+00
5.0842276497e+00,2.7644605872e+00,2.2957602148e-01,7.1933677795e-03,2.2238265370e-01,1.1614065695e+00
5.0871066008e+00,2.7660527949e+00,2.2945367256e-01,7.1783459884e-03,2.2227532657e-01,1.1623226813e+00
5.0899855519e+00,2.7676459197e+00,2.2933138192e-01,7.1633638829e-03,2.2216801804e-01,1.1632408661e+00
5.0928645030e+00,2.7692399620e+00,2.2920914957e-01,7.1484213489e-03,2.2206072822e-01,1.1641611282e+00
5.0957434541e+00,2.7708349224e+00,2.2908697548e-01,7.1335182725e-03,2.2195345721e-01,1.1650834720e+00
5.0986224052e+00,2.7724308015e+00,2.2896485965e-01,7.1186545403e-03,2.2184620511e-01,1.1660079018e+00
5.1015013563e+00,2.7740275997e+00,2.2884280206e-01,7.1038300391e-03,2.2173897202e-01,1.1669344220e+00
5.1043803074e+00,2.7756253176e+00,2.2872080270e-01,7.0890446562e-03,2.2163175805e-01,1.1678630370e+00
5.1072592585e+00,2.7772239557e+00,2.2859886157e-01,7.0742982791e-03,2.2152456329e-01,1.1687937511e+00
5.1101382096e+00,2.7788235146e+00,2.2847697865e-01,7.0595907957e-03,2.2141738785e-01,1.1697265687e+00
5.1130171607e+00,2.7804239947e+00,2.2835515393e-01,7.0449220943e-03,2.2131023184e-01,1.1706614943e+00
5.1158961118e+00,2.7820253966e+00,2.2823338740e-01,7.0302920634e-03,2.2120309534e-01,1.1715985321e+00
5.1187750629e+00,2.7836277209e+00,2.2811167905e-01,7.0157005918e-03,2.2109597846e-01,1.1725376868e+00
5.1216540140e+00,2.7852309680e+00,2.2799002886e-01,7.0011475689e-03,2.2098888130e-01,1.1734789626e+00
5.1245329652e+00,2.7868351386e+00,2.2786843684e-01,6.9866328841e-03,2.2088180395e-01,1.1744223640e+00
5.1274119163e+00,2.7884402331e+00,2.2774690295e-01,6.9721564273e-03,2.2077474652e-01,1.1753678956e+00
5.1302908674e+00,2.7900462520e+00,2.2762542720e-01,6.9577180888e-03,2.2066770911e-01,1.1763155616e+00
5.1331698185e+00,2.7916531959e+00,2.2750400957e-01,6.9433177592e-03,2.2056069181e-01,1.1772653666e+00
5.1360487696e+00,2.7932610654e+00,2.2738265005e-01,6.9289553291e-03,2.2045369472e-01,1.1782173151e+00
5.1389277207e+00,2.7948698609e+00,2.2726134863e-01,6.9146306900e-03,2.2034671794e-01,1.1791714116e+00
5.1418066718e+00,2.7964795830e+00,2.2714010529e-01,6.9003437332e-03,2.2023976156e-01,1.1801276606e+00
5.1446856229e+00,2.7980902323e+00,2.2701892003e-01,6.8860943507e-03,2.2013282568e-01,1.1810860665e+00
5.1475645740e+00,2.7997018092e+00,2.2689779284e-01,6.8718824345e-03,2.2002591040e-01,1.1820466340e+00
5.1504435251e+00,2.8013143143e+00,2.2677672370e-01,6.8577078772e-03,2.1991901582e-01,1.1830093674e+00
5.1533224762e+00,2.8029277482e+00,2.2665571259e-01,6.8435705717e-03,2.1981214202e-01,1.1839742715e+00
5.1562014273e+00,2.8045421113e+00,2.2653475952e-01,6.8294704109e-03,2.1970528911e-01,1.1849413506e+00
5.1590803784e+00,2.8061574042e+00,2.2641386446e-01,6.8154072884e-03,2.1959845717e-01,1.1859106095e+00
5.1619593295e+00,2.8077736274e+00,2.2629302741e-01,6.8013810979e-03,2.1949164631e-01,1.1868820526e+00
5.1648382806e+00,2.8093907816e+00,2.2617224835e-01,6.7873917336e-03,2.1938485662e-01,1.1878556846e+00
5.1677172317e+00,2.8110088671e+00,2.2605152727e-01,6.7734390898e-03,2.1927808818e-01,1.1888315099e+00
5.1705961828e+00,2.8126278846e+00,2.2593086416e-01,6.7595230612e-03,2.1917134110e-01,1.1898095334e+00
5.1734751339e+00,2.8142478345e+00,2.2581025901e-01,6.7456435429e-03,2.1906461547e-01,1.1907897595e+00
5.1763540850e+00,2.8158687175e+00,2.2568971180e-01,6.7318004302e-03,2.1895791137e-01,1.1917721928e+00
5.1792330361e+00,2.8174905340e+00,2.2556922253e-01,6.7179936188e-03,2.1885122891e-01,1.1927568381e+00
5.1821119872e+00,2.8191132847e+00,2.2544879117e-01,6.7042230046e-03,2.1874456817e-01,1.1937437000e+00
5.1849909383e+00,2.8207369699e+00,2.2532841773e-01,6.6904884840e-03,2.1863792924e-01,1.1947327830e+00
5.1878698894e+00,2.8223615904e+00,2.2520810218e-01,6.6767899534e-03,2.1853131222e-01,1.1957240920e+00
5.1907488405e+00,2.8239871465e+00,2.2508784451e-01,6.6631273099e-03,2.1842471720e-01,1.1967176315e+00
5.1936277916e+00,2.8256136389e+00,2.2496764472e-01,6.6495004505e-03,2.1831814427e-01,1.1977134063e+00
5.1965067428e+00,2.8272410681e+00,2.2484750278e-01,6.6359092729e-03,2.1821159351e-01,1.1987114211e+00
5.1993856939e+00,2.8288694346e+00,2.2472741870e-01,6.6223536748e-03,2.1810506502e-01,1.1997116805e+00
5.2022646450e+00,2.8304987390e+00,2.2460739244e-01,6.6088335544e-03,2.1799855889e-01,1.2007141893e+00
5.2051435961e+00,2.8321289818e+00,2.2448742401e-01,6.5953488101e-03,2.1789207520e-01,1.2017189522e+00
5.2080225472e+00,2.8337601635e+00,2.2436751339e-01,6.5818993406e-03,2.1778561405e-01,1.2027259739e+00
5.2109014983e+00,2.8353922848e+00,2.2424766057e-01,6.5684850450e-03,2.1767917552e-01,1.2037352593e+00
5.2137804494e+00,2.8370253460e+00,2.2412786553e-01,6.5551058225e-03,2.1757275970e-01,1.2047468131e+00
5.2166594005e+00,2.8386593478e+00,2.2400812826e-01,6.5417615729e-03,2.1746636668e-01,1.2057606400e+00
5.2195383516e+00,2.8402942908e+00,2.2388844875e-01,6.5284521960e-03,2.1735999655e-01,1.2067767449e+00
5.2224173027e+00,2.8419301754e+00,2.2376882698e-01,6.5151775921e-03,2.1725364939e-01,1.2077951325e+00
5.2252962538e+00,2.8435670022e+00,2.2364926296e-01,6.5019376617e-03,2.1714732529e-01,1.2088158077e+00
5.2281752049e+00,2.8452047717e+00,2.2352975665e-01,6.4887323056e-03,2.1704102434e-01,1.2098387753e+00
5.2310541560e+00,2.8468434845e+00,2.2341030804e-01,6.4755614251e-03,2.1693474662e-01,1.2108640400e+00
5.2339331071e+00,2.8484831412e+00,2.2329091714e-01,6.4624249214e-03,2.1682849222e-01,1.2118916068e+00
5.2368120582e+00,2.8501237422e+00,2.2317158391e-01,6.4493226963e-03,2.1672226122e-01,1.2129214805e+00
5.2396910093e+00,2.8517652881e+00,2.2305230836e-01,6.4362546518e-03,2.1661605371e-01,1.2139536659e+00
5.2425699604e+00,2.8534077795e+00,2.2293309046e-01,6.4232206902e-03,2.1650986977e-01,1.2149881680e+00
5.2454489115e+00,2.8550512169e+00,2.2281393021e-01,6.4102207141e-03,2.1640370949e-01,1.2160249916e+00
5.2483278626e+00,2.8566956008e+00,2.2269482758e-01,6.3972546263e-03,2.1629757295e-01,1.2170641417e+00
5.2512068137e+00,2.8583409318e+00,2.2257578257e-01,6.3843223301e-03,2.1619146024e-01,1.2181056230e+00
5.2540857648e+00,2.8599872105e+00,2.2245679517e-01,6.3714237289e-03,2.1608537144e-01,1.2191494406e+00
5.2569647159e+00,2.8616344373e+00,2.2233786535e-01,6.3585587264e-03,2.1597930663e-01,1.2201955994e+00
5.2598436670e+00,2.8632826129e+00,2.2221899312e-01,6.3457272267e-03,2.1587326589e-01,1.2212441043e+00
5.2627226181e+00,2.8649317378e+00,2.2210017844e-01,6.3329291341e-03,2.1576724931e-01,1.2222949603e+00
5.2656015692e+00,2.8665818125e+00,2.2198142132e-01,6.3201643532e-03,2.1566125697e-01,1.2233481724e+00
5.2684805204e+00,2.8682328375e+00,2.2186272174e-01,6.3074327888e-03,2.1555528895e-01,1.2244037454e+00
5.2713594715e+00,2.8698848135e+00,2.2174407968e-01,6.2947343462e-03,2.1544934533e-01,1.2254616845e+00
5.2742384226e+00,2.8715377409e+00,2.2162549513e-01,6.2820689308e-03,2.1534342620e-01,1.2265219946e+00
5.2771173737e+00,2.8731916204e+00,2.2150696808e-01,6.2694364484e-03,2.1523753163e-01,1.2275846807e+00
5.2799963248e+00,2.8748464524e+00,2.2138849851e-01,6.2568368049e-03,2.1513166171e-01,1.2286497479e+00
5.2828752759e+00,2.8765022375e+00,2.2127008641e-01,6.2442699066e-03,2.1502581651e-01,1.2297172011e+00
5.2857542270e+00,2.8781589763e+00,2.2115173177e-01,6.2317356602e-03,2.1491999611e-01,1.2307870455e+00
5.2886331781e+00,2.8798166693e+00,2.2103343458e-01,6.2192339725e-03,2.1481420060e-01,1.2318592861e+00
5.2915121292e+00,2.8814753170e+00,2.2091519481e-01,6.2067647506e-03,2.1470843006e-01,1.2329339279e+00
5.2943910803e+00,2.8831349201e+00,2.2079701246e-01,6.1943279019e-03,2.1460268455e-01,1.2340109760e+00
5.2972700314e+00,2.8847954790e+00,2.2067888751e-01,6.1819233342e-03,2.1449696417e-01,1.2350904356e+00
5.3001489825e+00,2.8864569943e+00,2.2056081995e-01,6.1695509553e-03,2.1439126899e-01,1.2361723117e+00
5.3030279336e+00,2.8881194666e+00,2.2044280976e-01,6.1572106736e-03,2.1428559909e-01,1.2372566094e+00
5.3059068847e+00,2.8897828964e+00,2.2032485694e-01,6.1449023974e-03,2.1417995454e-01,1.2383433340e+00
5.3087858358e+00,2.8914472842e+00,2.2020696146e-01,6.1326260357e-03,2.1407433542e-01,1.2394324904e+00
5.3116647869e+00,2.8931126307e+00,2.2008912331e-01,6.1203814974e-03,2.1396874182e-01,1.2405240840e+00
5.3145437380e+00,2.8947789363e+00,2.1997134249e-01,6.1081686918e-03,2.1386317380e-01,1.2416181197e+00
5.3174226891e+00,2.8964462017e+00,2.1985361897e-01,6.0959875287e-03,2.1375763144e-01,1.2427146029e+00
5.3203016402e+00,2.8981144273e+00,2.1973595274e-01,6.0838379177e-03,2.1365211483e-01,1.2438135387e+00
5.3231805913e+00,2.8997836138e+00,2.1961834379e-01,6.0717197692e-03,2.1354662402e-01,1.2449149322e+00
5.3260595424e+00,2.9014537616e+00,2.1950079211e-01,6.0596329933e-03,2.1344115911e-01,1.2460187888e+00
5.3289384935e+00,2.9031248714e+00,2.1938329767e-01,6.0475775010e-03,2.1333572017e-01,1.2471251136e+00
5.3318174446e+00,2.9047969436e+00,2.1926586047e-01,6.0355532029e-03,2.1323030726e-01,1.2482339119e+00
5.3346963957e+00,2.9064699789e+00,2.1914848049e-01,6.0235600104e-03,2.1312492048e-01,1.2493451889e+00
5.3375753469e+00,2.9081439778e+00,2.1903115771e-01,6.0115978349e-03,2.1301955988e-01,1.2504589498e+00
5.3404542980e+00,2.9098189408e+00,2.1891389213e-01,5.9996665882e-03,2.1291422554e-01,1.2515752001e+00
5.3433332491e+00,2.9114948685e+00,2.1879668373e-01,5.9877661822e-03,2.1280891755e-01,1.2526939448e+00
5.3462122002e+00,2.9131717615e+00,2.1867953249e-01,5.9758965291e-03,2.1270363596e-01,1.2538151894e+00
5.3490911513e+00,2.9148496203e+00,2.1856243840e-01,5.9640575415e-03,2.1259838086e-01,1.2549389391e+00
5.3519701024e+00,2.9165284455e+00,2.1844540145e-01,5.9522491322e-03,2.1249315232e-01,1.2560651992e+00
5.3548490535e+00,2.9182082376e+00,2.1832842162e-01,5.9404712141e-03,2.1238795040e-01,1.2571939752e+00
5.3577280046e+00,2.9198889972e+00,2.1821149889e-01,5.9287237006e-03,2.1228277519e-01,1.2583252723e+00
5.3606069557e+00,2.9215707249e+00,2.1809463326e-01,5.9170065053e-03,2.1217762676e-01,1.2594590959e+00
5.3634859068e+00,2.9232534211e+00,2.1797782471e-01,5.9053195418e-03,2.1207250517e-01,1.2605954513e+00
5.3663648579e+00,2.9249370865e+00,2.1786107322e-01,5.8936627244e-03,2.1196741049e-01,1.2617343440e+00
5.3692438090e+00,2.9266217217e+00,2.1774437878e-01,5.8820359672e-03,2.1186234281e-01,1.2628757794e+00
5.3721227601e+00,2.9283073271e+00,2.1762774137e-01,5.8704391849e-03,2.1175730218e-01,1.2640197628e+00
5.3750017112e+00,2.9299939033e+00,2.1751116098e-01,5.8588722922e-03,2.1165228869e-01,1.2651662996e+00
5.3778806623e+00,2.9316814509e+00,2.1739463760e-01,5.8473352044e-03,2.1154730239e-01,1.2663153954e+00
5.3807596134e+00,2.9333699705e+00,2.1727817120e-01,5.8358278366e-03,2.1144234337e-01,1.2674670555e+00
5.3836385645e+00,2.9350594626e+00,2.1716176179e-01,5.8243501046e-03,2.1133741168e-01,1.2686212854e+00
5.3865175156e+00,2.9367499278e+00,2.1704540933e-01,5.8129019240e-03,2.1123250741e-01,1.2697780906e+00
5.3893964667e+00,2.9384413666e+00,2.1692911382e-01,5.8014832111e-03,2.1112763061e-01,1.2709374765e+00
5.3922754178e+00,2.9401337796e+00,2.1681287525e-01,5.7900938820e-03,2.1102278136e-01,1.2720994487e+00
5.3951543689e+00,2.9418271673e+00,2.1669669358e-01,5.7787338535e-03,2.1091795973e-01,1.2732640127e+00
5.3980333200e+00,2.9435215304e+00,2.1658056882e-01,5.7674030424e-03,2.1081316578e-01,1.2744311739e+00
5.4009122711e+00,2.9452168693e+00,2.1646450095e-01,5.7561013656e-03,2.1070839959e-01,1.2756009380e+00
5.4037912222e+00,2.9469131847e+00,2.1634848995e-01,5.7448287406e-03,2.1060366121e-01,1.2767733104e+00
5.4066701733e+00,2.9486104771e+00,2.1623253581e-01,5.7335850850e-03,2.1049895072e-01,1.2779482967e+00
5.4095491245e+00,2.9503087470e+00,2.1611663850e-01,5.7223703164e-03,2.1039426819e-01,1.2791259025e+00
5.4124280756e+00,2.9520079951e+00,2.1600079803e-01,5.7111843531e-03,2.1028961368e-01,1.2803061334e+00
5.4153070267e+00,2.9537082219e+00,2.1588501437e-01,5.7000271132e-03,2.1018498725e-01,1.2814889950e+00
5.4181859778e+00,2.9554094279e+00,2.1576928750e-01,5.6888985154e-03,2.1008038899e-01,1.2826744929e+00
5.4210649289e+00,2.9571116138e+00,2.1565361742e-01,5.6777984784e-03,2.0997581894e-01,1.2838626327e+00
5.4239438800e+00,2.9588147800e+00,2.1553800410e-01,5.6667269212e-03,2.0987127718e-01,1.2850534200e+00
5.4268228311e+00,2.9605189272e+00,2.1542244753e-01,5.6556837632e-03,2.0976676377e-01,1.2862468605e+00
5.4297017822e+00,2.9622240559e+00,2.1530694770e-01,5.6446689237e-03,2.0966227878e-01,1.2874429599e+00
5.4325807333e+00,2.9639301667e+00,2.1519150459e-01,5.6336823227e-03,2.0955782227e-01,1.2886417239e+00
5.4354596844e+00,2.9656372601e+00,2.1507611819e-01,5.6227238800e-03,2.0945339431e-01,1.2898431580e+00
5.4383386355e+00,2.9673453367e+00,2.1496078848e-01,5.6117935159e-03,2.0934899496e-01,1.2910472681e+00
5.4412175866e+00,2.9690543971e+00,2.1484551544e-01,5.6008911509e-03,2.0924462429e-01,1.2922540598e+00
5.4440965377e+00,2.9707644419e+00,2.1473029907e-01,5.5900167056e-03,2.0914028236e-01,1.2934635390e+00
5.4469754888e+00,2.9724754716e+00,2.1461513933e-01,5.5791701009e-03,2.0903596923e-01,1.2946757112e+00
5.4498544399e+00,2.9741874867e+00,2.1450003623e-01,5.5683512581e-03,2.0893168497e-01,1.2958905823e+00
5.4527333910e+00,2.9759004879e+00,2.1438498974e-01,5.5575600986e-03,2.0882742964e-01,1.2971081580e+00
5.4556123421e+00,2.9776144757e+00,2.1426999985e-01,5.5467965439e-03,2.0872320330e-01,1.2983284442e+00
5.4584912932e+00,2.9793294507e+00,2.1415506654e-01,5.5360605159e-03,2.0861900602e-01,1.2995514466e+00
5.4613702443e+00,2.9810454134e+00,2.1404018980e-01,5.5253519368e-03,2.0851483786e-01,1.3007771710e+00
5.4642491954e+00,2.9827623645e+00,2.1392536961e-01,5.5146707289e-03,2.0841069888e-01,1.3020056233e+00
5.4671281465e+00,2.9844803044e+00,2.1381060595e-01,5.5040168147e-03,2.0830658914e-01,1.3032368092e+00
5.4700070976e+00,2.9861992338e+00,2.1369589882e-01,5.4933901170e-03,2.0820250870e-01,1.3044707347e+00
5.4728860487e+00,2.9879191532e+00,2.1358124819e-01,5.4827905589e-03,2.0809845763e-01,1.3057074056e+00
5.4757649998e+00,2.9896400632e+00,2.1346665405e-01,5.4722180635e-03,2.0799443599e-01,1.3069468278e+00
5.4786439509e+00,2.9913619644e+00,2.1335211639e-01,5.4616725544e-03,2.0789044383e-01,1.3081890071e+00
5.4815229021e+00,2.9930848574e+00,2.1323763518e-01,5.4511539552e-03,2.0778648123e-01,1.3094339495e+00
5.4844018532e+00,2.9948087426e+00,2.1312321042e-01,5.4406621900e-03,2.0768254823e-01,1.3106816609e+00
5.4872808043e+00,2.9965336207e+00,2.1300884208e-01,5.4301971828e-03,2.0757864489e-01,1.3119321473e+00
5.4901597554e+00,2.9982594923e+00,2.1289453015e-01,5.4197588580e-03,2.0747477129e-01,1.3131854144e+00
5.4930387065e+00,2.9999863579e+00,2.1278027462e-01,5.4093471402e-03,2.0737092748e-01,1.3144414684e+00
5.4959176576e+00,3.0017142181e+00,2.1266607546e-01,5.3989619543e-03,2.0726711351e-01,1.3157003153e+00
5.4987966087e+00,3.0034430735e+00,2.1255193267e-01,5.3886032253e-03,2.0716332944e-01,1.3169619608e+00
5.5016755598e+00,3.0051729246e+00,2.1243784622e-01,5.3782708785e-03,2.0705957535e-01,1.3182264112e+00
5.5045545109e+00,3.0069037720e+00,2.1232381611e-01,5.3679648393e-03,2.0695585127e-01,1.3194936724e+00
5.5074334620e+00,3.0086356164e+00,2.1220984231e-01,5.3576850335e-03,2.0685215728e-01,1.3207637504e+00
5.5103124131e+00,3.0103684582e+00,2.1209592481e-01,5.3474313870e-03,2.0674849343e-01,1.3220366513e+00
5.5131913642e+00,3.0121022980e+00,2.1198206360e-01,5.3372038260e-03,2.0664485977e-01,1.3233123811e+00
5.5160703153e+00,3.0138371364e+00,2.1186825865e-01,5.3270022768e-03,2.0654125637e-01,1.3245909459e+00
5.5189492664e+00,3.0155729741e+00,2.1175450995e-01,5.3168266661e-03,2.0643768329e-01,1.3258723517e+00
5.5218282175e+00,3.0173098115e+00,2.1164081749e-01,5.3066769206e-03,2.0633414057e-01,1.3271566048e+00
5.5247071686e+00,3.0190476492e+00,2.1152718125e-01,5.2965529674e-03,2.0623062828e-01,1.3284437111e+00
5.5275861197e+00,3.0207864879e+00,2.1141360120e-01,5.2864547336e-03,2.0612714647e-01,1.3297336769e+00
5.5304650708e+00,3.0225263281e+00,2.1130007735e-01,5.2763821469e-03,2.0602369520e-01,1.3310265082e+00
5.5333440219e+00,3.0242671703e+00,2.1118660967e-01,5.2663351347e-03,2.0592027453e-01,1.3323222113e+00
5.5362229730e+00,3.0260090152e+00,2.1107319814e-01,5.2563136251e-03,2.0581688451e-01,1.3336207922e+00
5.5391019241e+00,3.0277518633e+00,2.1095984274e-01,5.2463175461e-03,2.0571352520e-01,1.3349222572e+00
5.5419808752e+00,3.0294957152e+00,2.1084654347e-01,5.2363468260e-03,2.0561019665e-01,1.3362266125e+00
5.5448598263e+00,3.0312405715e+00,2.1073330031e-01,5.2264013934e-03,2.0550689892e-01,1.3375338642e+00
5.5477387774e+00,3.0329864328e+00,2.1062011323e-01,5.2164811770e-03,2.0540363206e-01,1.3388440187e+00
5.5506177285e+00,3.0347332996e+00,2.1050698223e-01,5.2065861057e-03,2.0530039612e-01,1.3401570821e+00
5.5534966797e+00,3.0364811725e+00,2.1039390728e-01,5.1967161087e-03,2.0519719118e-01,1.3414730607e+00
5.5563756308e+00,3.0382300521e+00,2.1028088838e-01,5.1868711153e-03,2.0509401726e-01,1.3427919608e+00
5.5592545819e+00,3.0399799390e+00,2.1016792549e-01,5.1770510552e-03,2.0499087444e-01,1.3441137886e+00
5.5621335330e+00,3.0417308337e+00,2.1005501862e-01,5.1672558582e-03,2.0488776276e-01,1.3454385506e+00
5.5650124841e+00,3.0434827369e+00,2.0994216773e-01,5.1574854541e-03,2.0478468228e-01,1.3467662528e+00
5.5678914352e+00,3.0452356491e+00,2.0982937282e-01,5.1477397732e-03,2.0468163305e-01,1.3480969018e+00
5.5707703863e+00,3.0469895709e+00,2.0971663386e-01,5.1380187460e-03,2.0457861512e-01,1.3494305039e+00
5.5736493374e+00,3.0487445029e+00,2.0960395085e-01,5.1283223030e-03,2.0447562855e-01,1.3507670653e+00
5.5765282885e+00,3.0505004456e+00,2.0949132376e-01,5.1186503751e-03,2.0437267339e-01,1.3521065926e+00
5.5794072396e+00,3.0522573997e+00,2.0937875258e-01,5.1090028932e-03,2.0426974969e-01,1.3534490920e+00
5.5822861907e+00,3.0540153658e+00,2.0926623729e-01,5.0993797886e-03,2.0416685750e-01,1.3547945700e+00
5.5851651418e+00,3.0557743443e+00,2.0915377787e-01,5.0897809927e-03,2.0406399688e-01,1.3561430329e+00
5.5880440929e+00,3.0575343359e+00,2.0904137432e-01,5.0802064372e-03,2.0396116788e-01,1.3574944873e+00
5.5909230440e+00,3.0592953412e+00,2.0892902660e-01,5.0706560538e-03,2.0385837055e-01,1.3588489396e+00
5.5938019951e+00,3.0610573608e+00,2.0881673471e-01,5.0611297747e-03,2.0375560493e-01,1.3602063962e+00
5.5966809462e+00,3.0628203952e+00,2.0870449862e-01,5.0516275321e-03,2.0365287109e-01,1.3615668636e+00
5.5995598973e+00,3.0645844451e+00,2.0859231833e-01,5.0421492583e-03,2.0355016907e-01,1.3629303483e+00
5.6024388484e+00,3.0663495109e+00,2.0848019381e-01,5.0326948861e-03,2.0344749892e-01,1.3642968568e+00
5.6053177995e+00,3.0681155934e+00,2.0836812505e-01,5.0232643483e-03,2.0334486070e-01,1.3656663957e+00
5.6081967506e+00,3.0698826930e+00,2.0825611203e-01,5.0138575778e-03,2.0324225445e-01,1.3670389714e+00
5.6110757017e+00,3.0716508104e+00,2.0814415473e-01,5.0044745080e-03,2.0313968022e-01,1.3684145906e+00
5.6139546528e+00,3.0734199462e+00,2.0803225314e-01,4.9951150722e-03,2.0303713806e-01,1.3697932598e+00
5.6168336039e+00,3.0751901009e+00,2.0792040723e-01,4.9857792042e-03,2.0293462803e-01,1.3711749855e+00
5.6197125550e+00,3.0769612752e+00,2.0780861701e-01,4.9764668376e-03,2.0283215017e-01,1.3725597744e+00
5.6225915061e+00,3.0787334695e+00,2.0769688243e-01,4.9671779066e-03,2.0272970453e-01,1.3739476331e+00
5.6254704573e+00,3.0805066846e+00,2.0758520350e-01,4.9579123453e-03,2.0262729115e-01,1.3753385683e+00
5.6283494084e+00,3.0822809210e+00,2.0747358019e-01,4.9486700881e-03,2.0252491010e-01,1.3767325865e+00
5.6312283595e+00,3.0840561792e+00,2.0736201248e-01,4.9394510697e-03,2.0242256141e-01,1.3781296944e+00
5.6341073106e+00,3.0858324600e+00,2.0725050036e-01,4.9302552249e-03,2.0232024513e-01,1.3795298987e+00
5.6369862617e+00,3.0876097637e+00,2.0713904381e-01,4.9210824885e-03,2.0221796132e-01,1.3809332062e+00
5.6398652128e+00,3.0893880912e+00,2.0702764281e-01,4.9119327959e-03,2.0211571002e-01,1.3823396234e+00
5.6427441639e+00,3.0911674428e+00,2.0691629736e-01,4.9028060823e-03,2.0201349127e-01,1.3837491572e+00
5.6456231150e+00,3.0929478193e+00,2.0680500742e-01,4.8937022833e-03,2.0191130513e-01,1.3851618142e+00
5.6485020661e+00,3.0947292213e+00,2.0669377298e-01,4.8846213348e-03,2.0180915165e-01,1.3865776013e+00
5.6513810172e+00,3.0965116492e+00,2.0658259403e-01,4.8755631725e-03,2.0170703086e-01,1.3879965251e+00
5.6542599683e+00,3.0982951037e+00,2.0647147054e-01,4.8665277327e-03,2.0160494281e-01,1.3894185925e+00
5.6571389194e+00,3.1000795854e+00,2.0636040251e-01,4.8575149517e-03,2.0150288756e-01,1.3908438103e+00
5.6600178705e+00,3.1018650949e+00,2.0624938991e-01,4.8485247659e-03,2.0140086515e-01,1.3922721853e+00
5.6628968216e+00,3.1036516328e+00,2.0613843273e-01,4.8395571121e-03,2.0129887562e-01,1.3937037243e+00
5.6657757727e+00,3.1054391996e+00,2.0602753094e-01,4.8306119271e-03,2.0119691902e-01,1.3951384342e+00
5.6686547238e+00,3.1072277960e+00,2.0591668454e-01,4.8216891480e-03,2.0109499539e-01,1.3965763218e+00
5.6715336749e+00,3.1090174226e+00,2.0580589350e-01,4.8127887121e-03,2.0099310479e-01,1.3980173941e+00
5.6744126260e+00,3.1108080799e+00,2.0569515781e-01,4.8039105568e-03,2.0089124725e-01,1.3994616579e+00
5.6772915771e+00,3.1125997685e+00,2.0558447745e-01,4.7950546196e-03,2.0078942283e-01,1.4009091201e+00
5.6801705282e+00,3.1143924891e+00,2.0547385240e-01,4.7862208385e-03,2.0068763156e-01,1.4023597877e+00
5.6830494793e+00,3.1161862422e+00,2.0536328264e-01,4.7774091514e-03,2.0058587349e-01,1.4038136676e+00
5.6859284304e+00,3.1179810284e+00,2.0525276816e-01,4.7686194965e-03,2.0048414866e-01,1.4052707667e+00
5.6888073815e+00,3.1197768484e+00,2.0514230894e-01,4.7598518121e-03,2.0038245713e-01,1.4067310921e+00
5.6916863326e+00,3.1215737026e+00,2.0503190496e-01,4.7511060367e-03,2.0028079893e-01,1.4081946507e+00
5.6945652837e+00,3.1233715918e+00,2.0492155621e-01,4.7423821091e-03,2.0017917410e-01,1.4096614496e+00
5.6974442349e+00,3.1251705165e+00,2.0481126267e-01,4.7336799682e-03,2.0007758270e-01,1.4111314958e+00
5.7003231860e+00,3.1269704772e+00,2.0470102431e-01,4.7249995530e-03,1.9997602476e-01,1.4126047963e+00
5.7032021371e+00,3.1287714747e+00,2.0459084113e-01,4.7163408029e-03,1.9987450033e-01,1.4140813581e+00
5.7060810882e+00,3.1305735095e+00,2.0448071310e-01,4.7077036571e-03,1.9977300944e-01,1.4155611884e+00
5.7089600393e+00,3.1323765821e+00,2.0437064021e-01,4.6990880554e-03,1.9967155215e-01,1.4170442943e+00
5.7118389904e+00,3.1341806933e+00,2.0426062244e-01,4.6904939376e-03,1.9957012850e-01,1.4185306828e+00
5.7147179415e+00,3.1359858435e+00,2.0415065977e-01,4.6819212435e-03,1.9946873852e-01,1.4200203611e+00
5.7175968926e+00,3.1377920334e+00,2.0404075218e-01,4.6733699134e-03,1.9936738227e-01,1.4215133363e+00
5.7204758437e+00,3.1395992637e+00,2.0393089966e-01,4.6648398876e-03,1.9926605977e-01,1.4230096156e+00
5.7233547948e+00,3.1414075348e+00,2.0382110219e-01,4.6563311065e-03,1.9916477108e-01,1.4245092061e+00
5.7262337459e+00,3.1432168473e+00,2.0371135975e-01,4.6478435108e-03,1.9906351624e-01,1.4260121151e+00
5.7291126970e+00,3.1450272020e+00,2.0360167232e-01,4.6393770415e-03,1.9896229528e-01,1.4275183498e+00
5.7319916481e+00,3.1468385993e+00,2.0349203989e-01,4.6309316394e-03,1.9886110825e-01,1.4290279173e+00
5.7348705992e+00,3.1486510400e+00,2.0338246243e-01,4.6225072459e-03,1.9875995519e-01,1.4305408249e+00
5.7377495503e+00,3.1504645245e+00,2.0327293994e-01,4.6141038022e-03,1.9865883614e-01,1.4320570800e+00
5.7406285014e+00,3.1522790535e+00,2.0316347238e-01,4.6057212499e-03,1.9855775113e-01,1.4335766896e+00
5.7435074525e+00,3.1540946276e+00,2.0305405976e-01,4.5973595307e-03,1.9845670022e-01,1.4350996613e+00
5.7463864036e+00,3.1559112474e+00,2.0294470203e-01,4.5890185865e-03,1.9835568345e-01,1.4366260021e+00
5.7492653547e+00,3.1577289135e+00,2.0283539920e-01,4.5806983594e-03,1.9825470084e-01,1.4381557196e+00
5.7521443058e+00,3.1595476265e+00,2.0272615123e-01,4.5723987915e-03,1.9815375244e-01,1.4396888210e+00
5.7550232569e+00,3.1613673869e+00,2.0261695812e-01,4.5641198253e-03,1.9805283830e-01,1.4412253137e+00
5.7579022080e+00,3.1631881955e+00,2.0250781985e-01,4.5558614034e-03,1.9795195844e-01,1.4427652051e+00
5.7607811591e+00,3.1650100528e+00,2.0239873639e-01,4.5476234684e-03,1.9785111292e-01,1.4443085025e+00
5.7636601102e+00,3.1668329594e+00,2.0228970772e-01,4.5394059633e-03,1.9775030176e-01,1.4458552134e+00
5.7665390613e+00,3.1686569159e+00,2.0218073384e-01,4.5312088311e-03,1.9764952501e-01,1.4474053452e+00
5.7694180125e+00,3.1704819229e+00,2.0207181472e-01,4.5230320150e-03,1.9754878271e-01,1.4489589053e+00
5.7722969636e+00,3.1723079811e+00,2.0196295035e-01,4.5148754586e-03,1.9744807489e-01,1.4505159013e+00
5.7751759147e+00,3.1741350909e+00,2.0185414070e-01,4.5067391053e-03,1.9734740160e-01,1.4520763405e+00
5.7780548658e+00,3.1759632532e+00,2.0174538576e-01,4.4986228988e-03,1.9724676287e-01,1.4536402306e+00
5.7809338169e+00,3.1777924683e+00,2.0163668552e-01,4.4905267832e-03,1.9714615873e-01,1.4552075790e+00
5.7838127680e+00,3.1796227370e+00,2.0152803994e-01,4.4824507024e-03,1.9704558924e-01,1.4567783932e+00
5.7866917191e+00,3.1814540599e+00,2.0141944902e-01,4.4743946006e-03,1.9694505442e-01,1.4583526808e+00
5.7895706702e+00,3.1832864375e+00,2.0131091273e-01,4.4663584223e-03,1.9684455431e-01,1.4599304494e+00
5.7924496213e+00,3.1851198705e+00,2.0120243106e-01,4.4583421120e-03,1.9674408895e-01,1.4615117065e+00
5.7953285724e+00,3.1869543594e+00,2.0109400400e-01,4.4503456145e-03,1.9664365838e-01,1.4630964598e+00
5.7982075235e+00,3.1887899050e+00,2.0098563151e-01,4.4423688746e-03,1.9654326263e-01,1.4646847169e+00
5.8010864746e+00,3.1906265077e+00,2.0087731358e-01,4.4344118373e-03,1.9644290175e-01,1.4662764854e+00
5.8039654257e+00,3.1924641683e+00,2.0076905021e-01,4.4264744480e-03,1.9634257576e-01,1.4678717730e+00
5.8068443768e+00,3.1943028872e+00,2.0066084135e-01,4.4185566518e-03,1.9624228470e-01,1.4694705873e+00
5.8097233279e+00,3.1961426652e+00,2.0055268701e-01,4.4106583944e-03,1.9614202862e-01,1.4710729361e+00
5.8126022790e+00,3.1979835028e+00,2.0044458716e-01,4.4027796215e-03,1.9604180754e-01,1.4726788270e+00
5.8154812301e+00,3.1998254007e+00,2.0033654178e-01,4.3949202788e-03,1.9594162150e-01,1.4742882678e+00
5.8183601812e+00,3.2016683594e+00,2.0022855085e-01,4.3870803124e-03,1.9584147054e-01,1.4759012663e+00
5.8212391323e+00,3.2035123795e+00,2.0012061436e-01,4.3792596685e-03,1.9574135469e-01,1.4775178301e+00
5.8241180834e+00,3.2053574618e+00,2.0001273228e-01,4.3714582934e-03,1.9564127399e-01,1.4791379672e+00
5.8269970345e+00,3.2072036067e+00,1.9990490460e-01,4.3636761335e-03,1.9554122847e-01,1.4807616852e+00
5.8298759856e+00,3.2090508149e+00,1.9979713130e-01,4.3559131355e-03,1.9544121817e-01,1.4823889920e+00
5.8327549367e+00,3.2108990871e+00,1.9968941237e-01,4.3481692462e-03,1.9534124312e-01,1.4840198955e+00
5.8356338878e+00,3.2127484237e+00,1.9958174778e-01,4.3404444125e-03,1.9524130336e-01,1.4856544035e+00
5.8385128389e+00,3.2145988255e+00,1.9947413751e-01,4.3327385816e-03,1.9514139893e-01,1.4872925238e+00
5.8413917901e+00,3.2164502930e+00,1.9936658155e-01,4.3250517006e-03,1.9504152985e-01,1.4889342645e+00
5.8442707412e+00,3.2183028270e+00,1.9925907988e-01,4.3173837170e-03,1.9494169616e-01,1.4905796333e+00
5.8471496923e+00,3.2201564278e+00,1.9915163247e-01,4.3097345784e-03,1.9484189789e-01,1.4922286382e+00
5.8500286434e+00,3.2220110963e+00,1.9904423932e-01,4.3021042325e-03,1.9474213509e-01,1.4938812871e+00
5.8529075945e+00,3.2238668330e+00,1.9893690040e-01,4.2944926272e-03,1.9464240777e-01,1.4955375881e+00
5.8557865456e+00,3.2257236385e+00,1.9882961569e-01,4.2868997104e-03,1.9454271598e-01,1.4971975491e+00
5.8586654967e+00,3.2275815135e+00,1.9872238518e-01,4.2793254304e-03,1.9444305975e-01,1.4988611781e+00
5.8615444478e+00,3.2294404585e+00,1.9861520885e-01,4.2717697355e-03,1.9434343911e-01,1.5005284831e+00
5.8644233989e+00,3.2313004741e+00,1.9850808667e-01,4.2642325742e-03,1.9424385410e-01,1.5021994722e+00
5.8673023500e+00,3.2331615611e+00,1.9840101863e-01,4.2567138950e-03,1.9414430474e-01,1.5038741535e+00
5.8701813011e+00,3.2350237200e+00,1.9829400472e-01,4.2492136469e-03,1.9404479107e-01,1.5055525349e+00
5.8730602522e+00,3.2368869514e+00,1.9818704490e-01,4.2417317787e-03,1.9394531313e-01,1.5072346247e+00
5.8759392033e+00,3.2387512559e+00,1.9808013917e-01,4.2342682395e-03,1.9384587093e-01,1.5089204309e+00
5.8788181544e+00,3.2406166342e+00,1.9797328751e-01,4.2268229786e-03,1.9374646453e-01,1.5106099617e+00
5.8816971055e+00,3.2424830868e+00,1.9786648989e-01,4.2193959452e-03,1.9364709394e-01,1.5123032252e+00
5.8845760566e+00,3.2443506145e+00,1.9775974630e-01,4.2119870890e-03,1.9354775921e-01,1.5140002295e+00
5.8874550077e+00,3.2462192177e+00,1.9765305672e-01,4.2045963597e-03,1.9344846036e-01,1.5157009830e+00
5.8903339588e+00,3.2480888972e+00,1.9754642112e-01,4.1972237069e-03,1.9334919742e-01,1.5174054937e+00
5.8932129099e+00,3.2499596536e+00,1.9743983950e-01,4.1898690808e-03,1.9324997042e-01,1.5191137700e+00
5.8960918610e+00,3.2518314874e+00,1.9733331183e-01,4.1825324315e-03,1.9315077940e-01,1.5208258200e+00
5.8989708121e+00,3.2537043993e+00,1.9722683810e-01,4.1752137091e-03,1.9305162439e-01,1.5225416521e+00
5.9018497632e+00,3.2555783900e+00,1.9712041828e-01,4.1679128641e-03,1.9295250541e-01,1.5242612746e+00
5.9047287143e+00,3.2574534599e+00,1.9701405236e-01,4.1606298471e-03,1.9285342251e-01,1.5259846956e+00
5.9076076654e+00,3.2593296099e+00,1.9690774031e-01,4.1533646087e-03,1.9275437570e-01,1.5277119236e+00
5.9104866166e+00,3.2612068404e+00,1.9680148212e-01,4.1461170999e-03,1.9265536502e-01,1.5294429670e+00
5.9133655677e+00,3.2630851521e+00,1.9669527777e-01,4.1388872715e-03,1.9255639050e-01,1.5311778340e+00
5.9162445188e+00,3.2649645456e+00,1.9658912725e-01,4.1316750747e-03,1.9245745217e-01,1.5329165331e+00
5.9191234699e+00,3.2668450216e+00,1.9648303052e-01,4.1244804608e-03,1.9235855006e-01,1.5346590726e+00
5.9220024210e+00,3.2687265807e+00,1.9637698758e-01,4.1173033812e-03,1.9225968420e-01,1.5364054611e+00
5.9248813721e+00,3.2706092234e+00,1.9627099840e-01,4.1101437875e-03,1.9216085461e-01,1.5381557068e+00
5.9277603232e+00,3.2724929505e+00,1.9616506297e-01,4.1030016313e-03,1.9206206134e-01,1.5399098184e+00
5.9306392743e+00,3.2743777625e+00,1.9605918126e-01,4.0958768645e-03,1.9196330440e-01,1.5416678043e+00
5.9335182254e+00,3.2762636601e+00,1.9595335326e-01,4.0887694391e-03,1.9186458382e-01,1.5434296729e+00
5.9363971765e+00,3.2781506439e+00,1.9584757895e-01,4.0816793071e-03,1.9176589964e-01,1.5451954329e+00
5.9392761276e+00,3.2800387145e+00,1.9574185831e-01,4.0746064209e-03,1.9166725189e-01,1.5469650927e+00
5.9421550787e+00,3.2819278725e+00,1.9563619132e-01,4.0675507328e-03,1.9156864059e-01,1.5487386609e+00
5.9450340298e+00,3.2838181186e+00,1.9553057796e-01,4.0605121955e-03,1.9147006576e-01,1.5505161461e+00
5.9479129809e+00,3.2857094534e+00,1.9542501821e-01,4.0534907615e-03,1.9137152745e-01,1.5522975569e+00
5.9507919320e+00,3.2876018776e+00,1.9531951206e-01,4.0464863836e-03,1.9127302567e-01,1.5540829020e+00
5.9536708831e+00,3.2894953917e+00,1.9521405948e-01,4.0394990149e-03,1.9117456046e-01,1.5558721899e+00
5.9565498342e+00,3.2913899963e+00,1.9510866045e-01,4.0325286084e-03,1.9107613184e-01,1.5576654293e+00
5.9594287853e+00,3.2932856922e+00,1.9500331496e-01,4.0255751173e-03,1.9097773984e-01,1.5594626290e+00
5.9623077364e+00,3.2951824799e+00,1.9489802299e-01,4.0186384951e-03,1.9087938449e-01,1.5612637975e+00
5.9651866875e+00,3.2970803601e+00,1.9479278451e-01,4.0117186952e-03,1.9078106582e-01,1.5630689437e+00
5.9680656386e+00,3.2989793334e+00,1.9468759952e-01,4.0048156712e-03,1.9068278385e-01,1.5648780763e+00
5.9709445897e+00,3.3008794004e+00,1.9458246798e-01,3.9979293769e-03,1.9058453861e-01,1.5666912040e+00
5.9738235408e+00,3.3027805618e+00,1.9447738989e-01,3.9910597662e-03,1.9048633012e-01,1.5685083357e+00
5.9767024919e+00,3.3046828181e+00,1.9437236521e-01,3.9842067932e-03,1.9038815842e-01,1.5703294801e+00
5.9795814430e+00,3.3065861701e+00,1.9426739394e-01,3.9773704120e-03,1.9029002353e-01,1.5721546460e+00
5.9824603942e+00,3.3084906183e+00,1.9416247605e-01,3.9705505770e-03,1.9019192547e-01,1.5739838424e+00
5.9853393453e+00,3.3103961634e+00,1.9405761152e-01,3.9637472425e-03,1.9009386428e-01,1.5758170780e+00
5.9882182964e+00,3.3123028060e+00,1.9395280034e-01,3.9569603632e-03,1.8999583998e-01,1.5776543618e+00
5.9910972475e+00,3.3142105467e+00,1.9384804249e-01,3.9501898937e-03,1.8989785259e-01,1.5794957027e+00
5.9939761986e+00,3.3161193862e+00,1.9374333794e-01,3.9434357890e-03,1.8979990215e-01,1.5813411096e+00
5.9968551497e+00,3.3180293252e+00,1.9363868667e-01,3.9366980039e-03,1.8970198867e-01,1.5831905914e+00
5.9997341008e+00,3.3199403641e+00,1.9353408868e-01,3.9299764935e-03,1.8960411218e-01,1.5850441572e+00
6.0026130519e+00,3.3218525038e+00,1.9342954393e-01,3.9232712132e-03,1.8950627271e-01,1.5869018158e+00
6.0054920030e+00,3.3237657447e+00,1.9332505241e-01,3.9165821182e-03,1.8940847029e-01,1.5887635764e+00
6.0083709541e+00,3.3256800876e+00,1.9322061410e-01,3.9099091641e-03,1.8931070493e-01,1.5906294480e+00
6.0112499052e+00,3.3275955331e+00,1.9311622898e-01,3.9032523064e-03,1.8921297667e-01,1.5924994396e+00
6.0141288563e+00,3.3295120817e+00,1.9301189703e-01,3.8966115010e-03,1.8911528553e-01,1.5943735602e+00
6.0170078074e+00,3.3314297343e+00,1.9290761823e-01,3.8899867036e-03,1.8901763153e-01,1.5962518191e+00
6.0198867585e+00,3.3333484913e+00,1.9280339257e-01,3.8833778704e-03,1.8892001470e-01,1.5981342252e+00
6.0227657096e+00,3.3352683534e+00,1.9269922002e-01,3.8767849574e-03,1.8882243506e-01,1.6000207878e+00
6.0256446607e+00,3.3371893213e+00,1.9259510056e-01,3.8702079209e-03,1.8872489264e-01,1.6019115160e+00
6.0285236118e+00,3.3391113956e+00,1.9249103417e-01,3.8636467173e-03,1.8862738745e-01,1.6038064190e+00
6.0314025629e+00,3.3410345769e+00,1.9238702084e-01,3.8571013032e-03,1.8852991954e-01,1.6057055060e+00
6.0342815140e+00,3.3429588659e+00,1.9228306055e-01,3.8505716351e-03,1.8843248891e-01,1.6076087862e+00
6.0371604651e+00,3.3448842631e+00,1.9217915327e-01,3.8440576698e-03,1.8833509560e-01,1.6095162688e+00
6.0400394162e+00,3.3468107694e+00,1.9207529898e-01,3.8375593643e-03,1.8823773962e-01,1.6114279632e+00
6.0429183673e+00,3.3487383852e+00,1.9197149768e-01,3.8310766755e-03,1.8814042100e-01,1.6133438786e+00
6.0457973184e+00,3.3506671112e+00,1.9186774933e-01,3.8246095607e-03,1.8804313977e-01,1.6152640244e+00
6.0486762695e+00,3.3525969481e+00,1.9176405392e-01,3.8181579770e-03,1.8794589594e-01,1.6171884098e+00
6.0515552206e+00,3.3545278965e+00,1.9166041142e-01,3.8117218818e-03,1.8784868954e-01,1.6191170442e+00
6.0544341718e+00,3.3564599570e+00,1.9155682183e-01,3.8053012328e-03,1.8775152060e-01,1.6210499370e+00
6.0573131229e+00,3.3583931304e+00,1.9145328511e-01,3.7988959875e-03,1.8765438913e-01,1.6229870976e+00
6.0601920740e+00,3.3603274171e+00,1.9134980126e-01,3.7925061036e-03,1.8755729516e-01,1.6249285354e+00
6.0630710251e+00,3.3622628179e+00,1.9124637024e-01,3.7861315392e-03,1.8746023871e-01,1.6268742599e+00
6.0659499762e+00,3.3641993334e+00,1.9114299205e-01,3.7797722522e-03,1.8736321980e-01,1.6288242805e+00
6.0688289273e+00,3.3661369643e+00,1.9103966666e-01,3.7734282007e-03,1.8726623846e-01,1.6307786067e+00
6.0717078784e+00,3.3680757111e+00,1.9093639405e-01,3.7670993429e-03,1.8716929470e-01,1.6327372480e+00
6.0745868295e+00,3.3700155746e+00,1.9083317420e-01,3.7607856374e-03,1.8707238856e-01,1.6347002140e+00
6.0774657806e+00,3.3719565554e+00,1.9073000709e-01,3.7544870425e-03,1.8697552005e-01,1.6366675142e+00
6.0803447317e+00,3.3738986540e+00,1.9062689270e-01,3.7482035169e-03,1.8687868919e-01,1.6386391581e+00
6.0832236828e+00,3.3758418713e+00,1.9052383102e-01,3.7419350193e-03,1.8678189600e-01,1.6406151554e+00
6.0861026339e+00,3.3777862077e+00,1.9042082203e-01,3.7356815085e-03,1.8668514052e-01,1.6425955157e+00
6.0889815850e+00,3.3797316640e+00,1.9031786569e-01,3.7294429437e-03,1.8658842275e-01,1.6445802486e+00
6.0918605361e+00,3.3816782408e+00,1.9021496200e-01,3.7232192837e-03,1.8649174272e-01,1.6465693639e+00
6.0947394872e+00,3.3836259388e+00,1.9011211094e-01,3.7170104880e-03,1.8639510045e-01,1.6485628711e+00
6.0976184383e+00,3.3855747585e+00,1.9000931248e-01,3.7108165157e-03,1.8629849596e-01,1.6505607800e+00
6.1004973894e+00,3.3875247006e+00,1.8990656660e-01,3.7046373264e-03,1.8620192927e-01,1.6525631003e+00
6.1033763405e+00,3.3894757659e+00,1.8980387329e-01,3.6984728796e-03,1.8610540041e-01,1.6545698418e+00
6.1062552916e+00,3.3914279549e+00,1.8970123253e-01,3.6923231350e-03,1.8600890939e-01,1.6565810143e+00
6.1091342427e+00,3.3933812682e+00,1.8959864429e-01,3.6861880524e-03,1.8591245624e-01,1.6585966275e+00
6.1120131938e+00,3.3953357066e+00,1.8949610856e-01,3.6800675918e-03,1.8581604096e-01,1.6606166914e+00
6.1148921449e+00,3.3972912706e+00,1.8939362531e-01,3.6739617131e-03,1.8571966360e-01,1.6626412156e+00
6.1177710960e+00,3.3992479610e+00,1.8929119453e-01,3.6678703765e-03,1.8562332415e-01,1.6646702101e+00
6.1206500471e+00,3.4012057783e+00,1.8918881620e-01,3.6617935424e-03,1.8552702266e-01,1.6667036849e+00
6.1235289982e+00,3.4031647232e+00,1.8908649029e-01,3.6557311710e-03,1.8543075912e-01,1.6687416497e+00
6.1264079494e+00,3.4051247965e+00,1.8898421680e-01,3.6496832228e-03,1.8533453358e-01,1.6707841146e+00
6.1292869005e+00,3.4070859986e+00,1.8888199569e-01,3.6436496586e-03,1.8523834603e-01,1.6728310895e+00
6.1321658516e+00,3.4090483303e+00,1.8877982695e-01,3.6376304389e-03,1.8514219651e-01,1.6748825844e+00
6.1350448027e+00,3.4110117922e+00,1.8867771055e-01,3.6316255247e-03,1.8504608503e-01,1.6769386092e+00
6.1379237538e+00,3.4129763850e+00,1.8857564649e-01,3.6256348769e-03,1.8495001161e-01,1.6789991741e+00
6.1408027049e+00,3.4149421092e+00,1.8847363473e-01,3.6196584566e-03,1.8485397627e-01,1.6810642891e+00
6.1436816560e+00,3.4169089657e+00,1.8837167526e-01,3.6136962249e-03,1.8475797904e-01,1.6831339643e+00
6.1465606071e+00,3.4188769550e+00,1.8826976806e-01,3.6077481432e-03,1.8466201992e-01,1.6852082097e+00
6.1494395582e+00,3.4208460778e+00,1.8816791311e-01,3.6018141728e-03,1.8456609894e-01,1.6872870355e+00
6.1523185093e+00,3.4228163347e+00,1.8806611039e-01,3.5958942753e-03,1.8447021611e-01,1.6893704518e+00
6.1551974604e+00,3.4247877263e+00,1.8796435987e-01,3.5899884122e-03,1.8437437146e-01,1.6914584689e+00
6.1580764115e+00,3.4267602534e+00,1.8786266155e-01,3.5840965454e-03,1.8427856500e-01,1.6935510969e+00
6.1609553626e+00,3.4287339166e+00,1.8776101540e-01,3.5782186367e-03,1.8418279676e-01,1.6956483460e+00
6.1638343137e+00,3.4307087166e+00,1.8765942139e-01,3.5723546480e-03,1.8408706674e-01,1.6977502264e+00
6.1667132648e+00,3.4326846539e+00,1.8755787951e-01,3.5665045415e-03,1.8399137497e-01,1.6998567485e+00
6.1695922159e+00,3.4346617293e+00,1.8745638975e-01,3.5606682792e-03,1.8389572147e-01,1.7019679225e+00
6.1724711670e+00,3.4366399434e+00,1.8735495207e-01,3.5548458235e-03,1.8380010625e-01,1.7040837588e+00
6.1753501181e+00,3.4386192969e+00,1.8725356646e-01,3.5490371368e-03,1.8370452932e-01,1.7062042677e+00
6.1782290692e+00,3.4405997903e+00,1.8715223290e-01,3.5432421816e-03,1.8360899072e-01,1.7083294595e+00
6.1811080203e+00,3.4425814245e+00,1.8705095137e-01,3.5374609204e-03,1.8351349045e-01,1.7104593446e+00
6.1839869714e+00,3.4445642000e+00,1.8694972185e-01,3.5316933161e-03,1.8341802854e-01,1.7125939335e+00
6.1868659225e+00,3.4465481175e+00,1.8684854432e-01,3.5259393315e-03,1.8332260499e-01,1.7147332366e+00
6.1897448736e+00,3.4485331776e+00,1.8674741876e-01,3.5201989294e-03,1.8322721984e-01,1.7168772643e+00
6.1926238247e+00,3.4505193811e+00,1.8664634515e-01,3.5144720730e-03,1.8313187308e-01,1.7190260271e+00
6.1955027758e+00,3.4525067285e+00,1.8654532347e-01,3.5087587254e-03,1.8303656475e-01,1.7211795356e+00
6.1983817270e+00,3.4544952205e+00,1.8644435370e-01,3.5030588499e-03,1.8294129485e-01,1.7233378003e+00
6.2012606781e+00,3.4564848578e+00,1.8634343582e-01,3.4973724098e-03,1.8284606341e-01,1.7255008317e+00
6.2041396292e+00,3.4584756411e+00,1.8624256981e-01,3.4916993686e-03,1.8275087044e-01,1.7276686404e+00
6.2070185803e+00,3.4604675710e+00,1.8614175564e-01,3.4860396898e-03,1.8265571595e-01,1.7298412370e+00
6.2098975314e+00,3.4624606481e+00,1.8604099331e-01,3.4803933372e-03,1.8256059997e-01,1.7320186322e+00
6.2127764825e+00,3.4644548731e+00,1.8594028279e-01,3.4747602746e-03,1.8246552251e-01,1.7342008366e+00
6.2156554336e+00,3.4664502468e+00,1.8583962405e-01,3.4691404657e-03,1.8237048359e-01,1.7363878609e+00
6.2185343847e+00,3.4684467697e+00,1.8573901709e-01,3.4635338748e-03,1.8227548321e-01,1.7385797158e+00
6.2214133358e+00,3.4704444425e+00,1.8563846187e-01,3.4579404657e-03,1.8218052140e-01,1.7407764120e+00
6.2242922869e+00,3.4724432658e+00,1.8553795838e-01,3.4523602028e-03,1.8208559818e-01,1.7429779604e+00
6.2271712380e+00,3.4744432404e+00,1.8543750660e-01,3.4467930503e-03,1.8199071355e-01,1.7451843716e+00
6.2300501891e+00,3.4764443669e+00,1.8533710651e-01,3.4412389727e-03,1.8189586754e-01,1.7473956564e+00
6.2329291402e+00,3.4784466460e+00,1.8523675809e-01,3.4356979345e-03,1.8180106015e-01,1.7496118258e+00
6.2358080913e+00,3.4804500783e+00,1.8513646131e-01,3.4301699002e-03,1.8170629141e-01,1.7518328906e+00
6.2386870424e+00,3.4824546644e+00,1.8503621617e-01,3.4246548346e-03,1.8161156133e-01,1.7540588616e+00
6.2415659935e+00,3.4844604052e+00,1.8493602263e-01,3.4191527026e-03,1.8151686993e-01,1.7562897497e+00
6.2444449446e+00,3.4864673011e+00,1.8483588068e-01,3.4136634690e-03,1.8142221721e-01,1.7585255660e+00
6.2473238957e+00,3.4884753530e+00,1.8473579030e-01,3.4081870989e-03,1.8132760320e-01,1.7607663213e+00
6.2502028468e+00,3.4904845613e+00,1.8463575146e-01,3.4027235573e-03,1.8123302791e-01,1.7630120266e+00
6.2530817979e+00,3.4924949269e+00,1.8453576416e-01,3.3972728096e-03,1.8113849135e-01,1.7652626930e+00
6.2559607490e+00,3.4945064504e+00,1.8443582836e-01,3.3918348210e-03,1.8104399354e-01,1.7675183315e+00
6.2588397001e+00,3.4965191324e+00,1.8433594404e-01,3.3864095570e-03,1.8094953449e-01,1.7697789531e+00
6.2617186512e+00,3.4985329737e+00,1.8423611120e-01,3.3809969830e-03,1.8085511422e-01,1.7720445690e+00
6.2645976023e+00,3.5005479748e+00,1.8413632980e-01,3.3755970648e-03,1.8076073273e-01,1.7743151902e+00
6.2674765534e+00,3.5025641365e+00,1.8403659982e-01,3.3702097680e-03,1.8066639006e-01,1.7765908279e+00
6.2703555046e+00,3.5045814594e+00,1.8393692126e-01,3.3648350584e-03,1.8057208620e-01,1.7788714932e+00
6.2732344557e+00,3.5065999442e+00,1.8383729408e-01,3.3594729020e-03,1.8047782117e-01,1.7811571974e+00
6.2761134068e+00,3.5086195915e+00,1.8373771826e-01,3.3541232648e-03,1.8038359499e-01,1.7834479516e+00
6.2789923579e+00,3.5106404021e+00,1.8363819379e-01,3.3487861129e-03,1.8028940768e-01,1.7857437671e+00
6.2818713090e+00,3.5126623766e+00,1.8353872064e-01,3.3434614126e-03,1.8019525923e-01,1.7880446552e+00
6.2847502601e+00,3.5146855156e+00,1.8343929880e-01,3.3381491300e-03,1.8010114967e-01,1.7903506272e+00
6.2876292112e+00,3.5167098199e+00,1.8333992824e-01,3.3328492317e-03,1.8000707901e-01,1.7926616944e+00
6.2905081623e+00,3.5187352901e+00,1.8324060895e-01,3.3275616841e-03,1.7991304727e-01,1.7949778680e+00
6.2933871134e+00,3.5207619268e+00,1.8314134090e-01,3.3222864539e-03,1.7981905445e-01,1.7972991597e+00
6.2962660645e+00,3.5227897309e+00,1.8304212408e-01,3.3170235077e-03,1.7972510057e-01,1.7996255806e+00
6.2991450156e+00,3.5248187028e+00,1.8294295845e-01,3.3117728123e-03,1.7963118564e-01,1.8019571422e+00
6.3020239667e+00,3.5268488434e+00,1.8284384402e-01,3.3065343346e-03,1.7953730968e-01,1.8042938561e+00
6.3049029178e+00,3.5288801532e+00,1.8274478074e-01,3.3013080417e-03,1.7944347270e-01,1.8066357336e+00
6.3077818689e+00,3.5309126330e+00,1.8264576860e-01,3.2960939005e-03,1.7934967470e-01,1.8089827863e+00
6.3106608200e+00,3.5329462834e+00,1.8254680759e-01,3.2908918783e-03,1.7925591571e-01,1.8113350258e+00
6.3135397711e+00,3.5349811050e+00,1.8244789768e-01,3.2857019423e-03,1.7916219574e-01,1.8136924635e+00
6.3164187222e+00,3.5370170987e+00,1.8234903885e-01,3.2805240599e-03,1.7906851479e-01,1.8160551111e+00
6.3192976733e+00,3.5390542650e+00,1.8225023108e-01,3.2753581985e-03,1.7897487288e-01,1.8184229801e+00
6.3221766244e+00,3.5410926046e+00,1.8215147435e-01,3.2702043257e-03,1.7888127003e-01,1.8207960823e+00
6.3250555755e+00,3.5431321182e+00,1.8205276864e-01,3.2650624092e-03,1.7878770624e-01,1.8231744293e+00
6.3279345266e+00,3.5451728065e+00,1.8195411394e-01,3.2599324166e-03,1.7869418152e-01,1.8255580328e+00
6.3308134777e+00,3.5472146701e+00,1.8185551021e-01,3.2548143158e-03,1.7860069589e-01,1.8279469045e+00
6.3336924288e+00,3.5492577097e+00,1.8175695744e-01,3.2497080747e-03,1.7850724936e-01,1.8303410562e+00
6.3365713799e+00,3.5513019261e+00,1.8165845560e-01,3.2446136614e-03,1.7841384194e-01,1.8327404996e+00
6.3394503310e+00,3.5533473198e+00,1.8156000469e-01,3.2395310438e-03,1.7832047365e-01,1.8351452466e+00
6.3423292822e+00,3.5553938916e+00,1.8146160467e-01,3.2344601904e-03,1.7822714448e-01,1.8375553090e+00
6.3452082333e+00,3.5574416421e+00,1.8136325553e-01,3.2294010692e-03,1.7813385446e-01,1.8399706986e+00
6.3480871844e+00,3.5594905720e+00,1.8126495725e-01,3.2243536487e-03,1.7804060360e-01,1.8423914274e+00
6.3509661355e+00,3.5615406820e+00,1.8116670980e-01,3.2193178974e-03,1.7794739191e-01,1.8448175072e+00
6.3538450866e+00,3.5635919728e+00,1.8106851317e-01,3.2142937839e-03,1.7785421939e-01,1.8472489500e+00
6.3567240377e+00,3.5656444451e+00,1.8097036734e-01,3.2092812767e-03,1.7776108606e-01,1.8496857678e+00
6.3596029888e+00,3.5676980995e+00,1.8087227228e-01,3.2042803446e-03,1.7766799194e-01,1.8521279726e+00
6.3624819399e+00,3.5697529366e+00,1.8077422797e-01,3.1992909565e-03,1.7757493702e-01,1.8545755763e+00
6.3653608910e+00,3.5718089573e+00,1.8067623440e-01,3.1943130813e-03,1.7748192132e-01,1.8570285912e+00
6.3682398421e+00,3.5738661622e+00,1.8057829155e-01,3.1893466879e-03,1.7738894486e-01,1.8594870291e+00
6.3711187932e+00,3.5759245519e+00,1.8048039938e-01,3.1843917455e-03,1.7729600764e-01,1.8619509024e+00
6.3739977443e+00,3.5779841272e+00,1.8038255789e-01,3.1794482233e-03,1.7720310967e-01,1.8644202230e+00
6.3768766954e+00,3.5800448887e+00,1.8028476705e-01,3.1745160905e-03,1.7711025096e-01,1.8668950032e+00
6.3797556465e+00,3.5821068371e+00,1.8018702684e-01,3.1695953166e-03,1.7701743152e-01,1.8693752551e+00
6.3826345976e+00,3.5841699731e+00,1.8008933724e-01,3.1646858708e-03,1.7692465137e-01,1.8718609910e+00
6.3855135487e+00,3.5862342974e+00,1.7999169824e-01,3.1597877229e-03,1.7683191051e-01,1.8743522232e+00
6.3883924998e+00,3.5882998106e+00,1.7989410980e-01,3.1549008424e-03,1.7673920896e-01,1.8768489639e+00
6.3912714509e+00,3.5903665135e+00,1.7979657191e-01,3.1500251990e-03,1.7664654672e-01,1.8793512254e+00
6.3941504020e+00,3.5924344067e+00,1.7969908456e-01,3.1451607626e-03,1.7655392379e-01,1.8818590202e+00
6.3970293531e+00,3.5945034909e+00,1.7960164771e-01,3.1403075030e-03,1.7646134020e-01,1.8843723604e+00
6.3999083042e+00,3.5965737668e+00,1.7950426135e-01,3.1354653901e-03,1.7636879596e-01,1.8868912586e+00
6.4027872553e+00,3.5986452352e+00,1.7940692545e-01,3.1306343942e-03,1.7627629106e-01,1.8894157272e+00
6.4056662064e+00,3.6007178965e+00,1.7930964000e-01,3.1258144852e-03,1.7618382552e-01,1.8919457786e+00
6.4085451575e+00,3.6027917517e+00,1.7921240498e-01,3.1210056334e-03,1.7609139935e-01,1.8944814252e+00
6.4114241086e+00,3.6048668013e+00,1.7911522037e-01,3.1162078092e-03,1.7599901256e-01,1.8970226798e+00
6.4143030598e+00,3.6069430460e+00,1.7901808614e-01,3.1114209830e-03,1.7590666516e-01,1.8995695546e+00
6.4171820109e+00,3.6090204866e+00,1.7892100227e-01,3.1066451251e-03,1.7581435715e-01,1.9021220624e+00
6.4200609620e+00,3.6110991237e+00,1.7882396875e-01,3.1018802063e-03,1.7572208855e-01,1.9046802158e+00
6.4229399131e+00,3.6131789579e+00,1.7872698555e-01,3.0971261971e-03,1.7562985936e-01,1.9072440273e+00
6.4258188642e+00,3.6152599901e+00,1.7863005266e-01,3.0923830683e-03,1.7553766959e-01,1.9098135097e+00
6.4286978153e+00,3.6173422209e+00,1.7853317005e-01,3.0876507907e-03,1.7544551926e-01,1.9123886755e+00
6.4315767664e+00,3.6194256509e+00,1.7843633769e-01,3.0829293352e-03,1.7535340836e-01,1.9149695376e+00
6.4344557175e+00,3.6215102809e+00,1.7833955558e-01,3.0782186729e-03,1.7526133691e-01,1.9175561087e+00
6.4373346686e+00,3.6235961115e+00,1.7824282369e-01,3.0735187747e-03,1.7516930492e-01,1.9201484015e+00
6.4402136197e+00,3.6256831435e+00,1.7814614200e-01,3.0688296118e-03,1.7507731239e-01,1.9227464289e+00
6.4430925708e+00,3.6277713776e+00,1.7804951049e-01,3.0641511555e-03,1.7498535934e-01,1.9253502037e+00
6.4459715219e+00,3.6298608143e+00,1.7795292914e-01,3.0594833771e-03,1.7489344576e-01,1.9279597388e+00
6.4488504730e+00,3.6319514545e+00,1.7785639793e-01,3.0548262480e-03,1.7480157168e-01,1.9305750471e+00
6.4517294241e+00,3.6340432988e+00,1.7775991683e-01,3.0501797397e-03,1.7470973709e-01,1.9331961415e+00
6.4546083752e+00,3.6361363479e+00,1.7766348583e-01,3.0455438237e-03,1.7461794200e-01,1.9358230349e+00
6.4574873263e+00,3.6382306025e+00,1.7756710490e-01,3.0409184717e-03,1.7452618643e-01,1.9384557404e+00
6.4603662774e+00,3.6403260634e+00,1.7747077403e-01,3.0363036554e-03,1.7443447038e-01,1.9410942709e+00
6.4632452285e+00,3.6424227311e+00,1.7737449320e-01,3.0316993466e-03,1.7434279385e-01,1.9437386395e+00
6.4661241796e+00,3.6445206064e+00,1.7727826238e-01,3.0271055172e-03,1.7425115686e-01,1.9463888594e+00
6.4690031307e+00,3.6466196900e+00,1.7718208155e-01,3.0225221392e-03,1.7415955941e-01,1.9490449435e+00
6.4718820818e+00,3.6487199825e+00,1.7708595069e-01,3.0179491847e-03,1.7406800151e-01,1.9517069051e+00
6.4747610329e+00,3.6508214848e+00,1.7698986979e-01,3.0133866256e-03,1.7397648317e-01,1.9543747573e+00
6.4776399840e+00,3.6529241974e+00,1.7689383882e-01,3.0088344344e-03,1.7388500439e-01,1.9570485133e+00
6.4805189351e+00,3.6550281210e+00,1.7679785776e-01,3.0042925831e-03,1.7379356518e-01,1.9597281863e+00
6.4833978862e+00,3.6571332565e+00,1.7670192659e-01,2.9997610443e-03,1.7370216554e-01,1.9624137897e+00
6.4862768374e+00,3.6592396044e+00,1.7660604528e-01,2.9952397904e-03,1.7361080549e-01,1.9651053366e+00
6.4891557885e+00,3.6613471655e+00,1.7651021383e-01,2.9907287938e-03,1.7351948504e-01,1.9678028405e+00
6.4920347396e+00,3.6634559404e+00,1.7641443221e-01,2.9862280273e-03,1.7342820418e-01,1.9705063147e+00
6.4949136907e+00,3.6655659299e+00,1.7631870039e-01,2.9817374634e-03,1.7333696292e-01,1.9732157725e+00
6.4977926418e+00,3.6676771347e+00,1.7622301835e-01,2.9772570749e-03,1.7324576128e-01,1.9759312274e+00
6.5006715929e+00,3.6697895554e+00,1.7612738609e-01,2.9727868347e-03,1.7315459925e-01,1.9786526928e+00
6.5035505440e+00,3.6719031928e+00,1.7603180357e-01,2.9683267156e-03,1.7306347685e-01,1.9813801823e+00
6.5064294951e+00,3.6740180476e+00,1.7593627077e-01,2.9638766908e-03,1.7297239408e-01,1.9841137093e+00
6.5093084462e+00,3.6761341204e+00,1.7584078767e-01,2.9594367331e-03,1.7288135094e-01,1.9868532873e+00
6.5121873973e+00,3.6782514119e+00,1.7574535426e-01,2.9550068159e-03,1.7279034745e-01,1.9895989300e+00
6.5150663484e+00,3.6803699230e+00,1.7564997051e-01,2.9505869122e-03,1.7269938360e-01,1.9923506510e+00
6.5179452995e+00,3.6824896542e+00,1.7555463641e-01,2.9461769955e-03,1.7260845941e-01,1.9951084638e+00
6.5208242506e+00,3.6846106063e+00,1.7545935192e-01,2.9417770390e-03,1.7251757488e-01,1.9978723822e+00
6.5237032017e+00,3.6867327799e+00,1.7536411703e-01,2.9373870163e-03,1.7242673002e-01,2.0006424199e+00
6.5265821528e+00,3.6888561759e+00,1.7526893172e-01,2.9330069008e-03,1.7233592482e-01,2.0034185905e+00
6.5294611039e+00,3.6909807948e+00,1.7517379597e-01,2.9286366662e-03,1.7224515931e-01,2.0062009079e+00
6.5323400550e+00,3.6931066374e+00,1.7507870976e-01,2.9242762861e-03,1.7215443347e-01,2.0089893859e+00
6.5352190061e+00,3.6952337044e+00,1.7498367306e-01,2.9199257342e-03,1.7206374733e-01,2.0117840382e+00
6.5380979572e+00,3.6973619965e+00,1.7488868586e-01,2.9155849845e-03,1.7197310088e-01,2.0145848788e+00
6.5409769083e+00,3.6994915144e+00,1.7479374814e-01,2.9112540108e-03,1.7188249413e-01,2.0173919216e+00
6.5438558594e+00,3.7016222588e+00,1.7469885987e-01,2.9069327871e-03,1.7179192708e-01,2.0202051804e+00
6.5467348105e+00,3.7037542304e+00,1.7460402103e-01,2.9026212874e-03,1.7170139974e-01,2.0230246692e+00
6.5496137616e+00,3.7058874300e+00,1.7450923161e-01,2.8983194858e-03,1.7161091212e-01,2.0258504021e+00
6.5524927127e+00,3.7080218582e+00,1.7441449157e-01,2.8940273567e-03,1.7152046422e-01,2.0286823930e+00
6.5553716639e+00,3.7101575157e+00,1.7431980091e-01,2.8897448741e-03,1.7143005604e-01,2.0315206560e+00
6.5582506150e+00,3.7122944032e+00,1.7422515960e-01,2.8854720125e-03,1.7133968759e-01,2.0343652052e+00
6.5611295661e+00,3.7144325215e+00,1.7413056762e-01,2.8812087463e-03,1.7124935888e-01,2.0372160546e+00
6.5640085172e+00,3.7165718713e+00,1.7403602495e-01,2.8769550499e-03,1.7115906990e-01,2.0400732186e+00
6.5668874683e+00,3.7187124532e+00,1.7394153157e-01,2.8727108980e-03,1.7106882067e-01,2.0429367112e+00
6.5697664194e+00,3.7208542681e+00,1.7384708745e-01,2.8684762652e-03,1.7097861119e-01,2.0458065467e+00
6.5726453705e+00,3.7229973165e+00,1.7375269258e-01,2.8642511261e-03,1.7088844146e-01,2.0486827393e+00
6.5755243216e+00,3.7251415992e+00,1.7365834694e-01,2.8600354556e-03,1.7079831148e-01,2.0515653034e+00
6.5784032727e+00,3.7272871169e+00,1.7356405050e-01,2.8558292284e-03,1.7070822127e-01,2.0544542531e+00
6.5812822238e+00,3.7294338704e+00,1.7346980324e-01,2.8516324196e-03,1.7061817082e-01,2.0573496030e+00
6.5841611749e+00,3.7315818603e+00,1.7337560515e-01,2.8474450042e-03,1.7052816014e-01,2.0602513673e+00
6.5870401260e+00,3.7337310873e+00,1.7328145620e-01,2.8432669571e-03,1.7043818924e-01,2.0631595606e+00
6.5899190771e+00,3.7358815522e+00,1.7318735637e-01,2.8390982535e-03,1.7034825812e-01,2.0660741972e+00
6.5927980282e+00,3.7380332557e+00,1.7309330564e-01,2.8349388686e-03,1.7025836677e-01,2.0689952916e+00
6.5956769793e+00,3.7401861984e+00,1.7299930399e-01,2.8307887777e-03,1.7016851522e-01,2.0719228584e+00
6.5985559304e+00,3.7423403812e+00,1.7290535140e-01,2.8266479562e-03,1.7007870345e-01,2.0748569121e+00
6.6014348815e+00,3.7444958046e+00,1.7281144785e-01,2.8225163794e-03,1.6998893147e-01,2.0777974673e+00
6.6043138326e+00,3.7466524695e+00,1.7271759332e-01,2.8183940229e-03,1.6989919930e-01,2.0807445386e+00
6.6071927837e+00,3.7488103766e+00,1.7262378778e-01,2.8142808622e-03,1.6980950692e-01,2.0836981408e+00
6.6100717348e+00,3.7509695265e+00,1.7253003122e-01,2.8101768729e-03,1.6971985435e-01,2.0866582884e+00
6.6129506859e+00,3.7531299200e+00,1.7243632361e-01,2.8060820307e-03,1.6963024158e-01,2.0896249962e+00
6.6158296370e+00,3.7552915577e+00,1.7234266494e-01,2.8019963114e-03,1.6954066863e-01,2.0925982790e+00
6.6187085881e+00,3.7574544405e+00,1.7224905518e-01,2.7979196908e-03,1.6945113549e-01,2.0955781515e+00
6.6215875392e+00,3.7596185690e+00,1.7215549431e-01,2.7938521448e-03,1.6936164217e-01,2.0985646287e+00
6.6244664903e+00,3.7617839440e+00,1.7206198231e-01,2.7897936494e-03,1.6927218867e-01,2.1015577252e+00
6.6273454415e+00,3.7639505661e+00,1.7196851917e-01,2.7857441806e-03,1.6918277499e-01,2.1045574562e+00
6.6302243926e+00,3.7661184361e+00,1.7187510485e-01,2.7817037146e-03,1.6909340114e-01,2.1075638364e+00
6.6331033437e+00,3.7682875547e+00,1.7178173934e-01,2.7776722274e-03,1.6900406712e-01,2.1105768808e+00
6.6359822948e+00,3.7704579226e+00,1.7168842262e-01,2.7736496954e-03,1.6891477293e-01,2.1135966045e+00
6.6388612459e+00,3.7726295405e+00,1.7159515467e-01,2.7696360948e-03,1.6882551857e-01,2.1166230225e+00
6.6417401970e+00,3.7748024092e+00,1.7150193546e-01,2.7656314021e-03,1.6873630406e-01,2.1196561499e+00
6.6446191481e+00,3.7769765294e+00,1.7140876498e-01,2.7616355936e-03,1.6864712938e-01,2.1226960017e+00
6.6474980992e+00,3.7791519017e+00,1.7131564320e-01,2.7576486459e-03,1.6855799455e-01,2.1257425931e+00
6.6503770503e+00,3.7813285270e+00,1.7122257010e-01,2.7536705355e-03,1.6846889957e-01,2.1287959393e+00
6.6532560014e+00,3.7835064059e+00,1.7112954567e-01,2.7497012391e-03,1.6837984443e-01,2.1318560555e+00
6.6561349525e+00,3.7856855392e+00,1.7103656988e-01,2.7457407334e-03,1.6829082915e-01,2.1349229570e+00
6.6590139036e+00,3.7878659276e+00,1.7094364271e-01,2.7417889952e-03,1.6820185372e-01,2.1379966590e+00
6.6618928547e+00,3.7900475718e+00,1.7085076414e-01,2.7378460013e-03,1.6811291814e-01,2.1410771768e+00
6.6647718058e+00,3.7922304725e+00,1.7075793415e-01,2.7339117286e-03,1.6802402242e-01,2.1441645258e+00
6.6676507569e+00,3.7944146305e+00,1.7066515271e-01,2.7299861541e-03,1.6793516656e-01,2.1472587215e+00
6.6705297080e+00,3.7966000464e+00,1.7057241982e-01,2.7260692548e-03,1.6784635056e-01,2.1503597791e+00
6.6734086591e+00,3.7987867211e+00,1.7047973544e-01,2.7221610079e-03,1.6775757443e-01,2.1534677143e+00
6.6762876102e+00,3.8009746552e+00,1.7038709955e-01,2.7182613904e-03,1.6766883816e-01,2.1565825424e+00
6.6791665613e+00,3.8031638494e+00,1.7029451214e-01,2.7143703796e-03,1.6758014176e-01,2.1597042790e+00
6.6820455124e+00,3.8053543045e+00,1.7020197318e-01,2.7104879529e-03,1.6749148523e-01,2.1628329397e+00
6.6849244635e+00,3.8075460212e+00,1.7010948266e-01,2.7066140875e-03,1.6740286857e-01,2.1659685402e+00
6.6878034146e+00,3.8097390003e+00,1.7001704054e-01,2.7027487610e-03,1.6731429178e-01,2.1691110959e+00
6.6906823657e+00,3.8119332424e+00,1.6992464682e-01,2.6988919507e-03,1.6722575487e-01,2.1722606227e+00
6.6935613168e+00,3.8141287483e+00,1.6983230147e-01,2.6950436342e-03,1.6713725783e-01,2.1754171362e+00
6.6964402679e+00,3.8163255187e+00,1.6974000446e-01,2.6912037892e-03,1.6704880067e-01,2.1785806522e+00
6.6993192191e+00,3.8185235544e+00,1.6964775579e-01,2.6873723934e-03,1.6696038339e-01,2.1817511864e+00
6.7021981702e+00,3.8207228560e+00,1.6955555542e-01,2.6835494243e-03,1.6687200599e-01,2.1849287548e+00
6.7050771213e+00,3.8229234243e+00,1.6946340333e-01,2.6797348600e-03,1.6678366847e-01,2.1881133731e+00
6.7079560724e+00,3.8251252601e+00,1.6937129951e-01,2.6759286782e-03,1.6669537083e-01,2.1913050573e+00
6.7108350235e+00,3.8273283640e+00,1.6927924394e-01,2.6721308568e-03,1.6660711308e-01,2.1945038232e+00
6.7137139746e+00,3.8295327368e+00,1.6918723659e-01,2.6683413740e-03,1.6651889521e-01,2.1977096870e+00
6.7165929257e+00,3.8317383792e+00,1.6909527744e-01,2.6645602076e-03,1.6643071723e-01,2.2009226645e+00
6.7194718768e+00,3.8339452920e+00,1.6900336647e-01,2.6607873358e-03,1.6634257913e-01,2.2041427719e+00
6.7223508279e+00,3.8361534759e+00,1.6891150366e-01,2.6570227369e-03,1.6625448092e-01,2.2073700251e+00
6.7252297790e+00,3.8383629316e+00,1.6881968899e-01,2.6532663890e-03,1.6616642260e-01,2.2106044404e+00
6.7281087301e+00,3.8405736598e+00,1.6872792244e-01,2.6495182704e-03,1.6607840417e-01,2.2138460339e+00
6.7309876812e+00,3.8427856613e+00,1.6863620399e-01,2.6457783596e-03,1.6599042563e-01,2.2170948218e+00
6.7338666323e+00,3.8449989369e+00,1.6854453362e-01,2.6420466348e-03,1.6590248698e-01,2.2203508204e+00
6.7367455834e+00,3.8472134872e+00,1.6845291130e-01,2.6383230747e-03,1.6581458822e-01,2.2236140458e+00
6.7396245345e+00,3.8494293129e+00,1.6836133701e-01,2.6346076577e-03,1.6572672935e-01,2.2268845145e+00
6.7425034856e+00,3.8516464149e+00,1.6826981074e-01,2.6309003625e-03,1.6563891038e-01,2.2301622427e+00
6.7453824367e+00,3.8538647938e+00,1.6817833246e-01,2.6272011677e-03,1.6555113129e-01,2.2334472469e+00
6.7482613878e+00,3.8560844505e+00,1.6808690215e-01,2.6235100521e-03,1.6546339210e-01,2.2367395434e+00
6.7511403389e+00,3.8583053855e+00,1.6799551980e-01,2.6198269944e-03,1.6537569280e-01,2.2400391488e+00
6.7540192900e+00,3.8605275997e+00,1.6790418537e-01,2.6161519735e-03,1.6528803340e-01,2.2433460795e+00
6.7568982411e+00,3.8627510938e+00,1.6781289885e-01,2.6124849682e-03,1.6520041389e-01,2.2466603521e+00
6.7597771922e+00,3.8649758686e+00,1.6772166023e-01,2.6088259576e-03,1.6511283427e-01,2.2499819832e+00
6.7626561433e+00,3.8672019247e+00,1.6763046946e-01,2.6051749207e-03,1.6502529454e-01,2.2533109894e+00
6.7655350944e+00,3.8694292629e+00,1.6753932655e-01,2.6015318366e-03,1.6493779471e-01,2.2566473873e+00
6.7684140455e+00,3.8716578840e+00,1.6744823146e-01,2.5978966843e-03,1.6485033477e-01,2.2599911936e+00
6.7712929967e+00,3.8738877887e+00,1.6735718417e-01,2.5942694432e-03,1.6476291473e-01,2.2633424251e+00
6.7741719478e+00,3.8761189777e+00,1.6726618467e-01,2.5906500924e-03,1.6467553457e-01,2.2667010985e+00
6.7770508989e+00,3.8783514517e+00,1.6717523293e-01,2.5870386113e-03,1.6458819431e-01,2.2700672307e+00
6.7799298500e+00,3.8805852116e+00,1.6708432893e-01,2.5834349792e-03,1.6450089395e-01,2.2734408384e+00
6.7828088011e+00,3.8828202580e+00,1.6699347265e-01,2.5798391757e-03,1.6441363347e-01,2.2768219387e+00
6.7856877522e+00,3.8850565917e+00,1.6690266407e-01,2.5762511801e-03,1.6432641289e-01,2.2802105483e+00
6.7885667033e+00,3.8872942134e+00,1.6681190316e-01,2.5726709720e-03,1.6423923219e-01,2.2836066844e+00
6.7914456544e+00,3.8895331239e+00,1.6672118992e-01,2.5690985311e-03,1.6415209139e-01,2.2870103638e+00
6.7943246055e+00,3.8917733240e+00,1.6663052431e-01,2.5655338370e-03,1.6406499047e-01,2.2904216037e+00
6.7972035566e+00,3.8940148142e+00,1.6653990632e-01,2.5619768694e-03,1.6397792945e-01,2.2938404211e+00
6.8000825077e+00,3.8962575955e+00,1.6644933592e-01,2.5584276081e-03,1.6389090831e-01,2.2972668332e+00
6.8029614588e+00,3.8985016685e+00,1.6635881309e-01,2.5548860330e-03,1.6380392706e-01,2.3007008571e+00
6.8058404099e+00,3.9007470340e+00,1.6626833782e-01,2.5513521238e-03,1.6371698570e-01,2.3041425100e+00
6.8087193610e+00,3.9029936928e+00,1.6617791008e-01,2.5478258607e-03,1.6363008422e-01,2.3075918091e+00
6.8115983121e+00,3.9052416455e+00,1.6608752985e-01,2.5443072236e-03,1.6354322263e-01,2.3110487719e+00
6.8144772632e+00,3.9074908929e+00,1.6599719711e-01,2.5407961925e-03,1.6345640092e-01,2.3145134155e+00
6.8173562143e+00,3.9097414358e+00,1.6590691184e-01,2.5372927476e-03,1.6336961909e-01,2.3179857574e+00
6.8202351654e+00,3.9119932749e+00,1.6581667401e-01,2.5337968690e-03,1.6328287715e-01,2.3214658149e+00
6.8231141165e+00,3.9142464110e+00,1.6572648362e-01,2.5303085370e-03,1.6319617508e-01,2.3249536055e+00
6.8259930676e+00,3.9165008448e+00,1.6563634062e-01,2.5268277319e-03,1.6310951289e-01,2.3284491468e+00
6.8288720187e+00,3.9187565770e+00,1.6554624502e-01,2.5233544340e-03,1.6302289058e-01,2.3319524562e+00
6.8317509698e+00,3.9210136085e+00,1.6545619677e-01,2.5198886236e-03,1.6293630815e-01,2.3354635512e+00
6.8346299209e+00,3.9232719399e+00,1.6536619587e-01,2.5164302813e-03,1.6284976559e-01,2.3389824496e+00
6.8375088720e+00,3.9255315720e+00,1.6527624229e-01,2.5129793876e-03,1.6276326291e-01,2.3425091689e+00
6.8403878231e+00,3.9277925055e+00,1.6518633602e-01,2.5095359230e-03,1.6267680009e-01,2.3460437269e+00
6.8432667743e+00,3.9300547412e+00,1.6509647702e-01,2.5060998681e-03,1.6259037715e-01,2.3495861413e+00
6.8461457254e+00,3.9323182799e+00,1.6500666528e-01,2.5026712036e-03,1.6250399407e-01,2.3531364298e+00
6.8490246765e+00,3.9345831223e+00,1.6491690078e-01,2.4992499102e-03,1.6241765087e-01,2.3566946103e+00
6.8519036276e+00,3.9368492691e+00,1.6482718349e-01,2.4958359688e-03,1.6233134752e-01,2.3602607006e+00
6.8547825787e+00,3.9391167212e+00,1.6473751340e-01,2.4924293601e-03,1.6224508404e-01,2.3638347187e+00
6.8576615298e+00,3.9413854792e+00,1.6464789049e-01,2.4890300650e-03,1.6215886042e-01,2.3674166824e+00
6.8605404809e+00,3.9436555439e+00,1.6455831473e-01,2.4856380645e-03,1.6207267666e-01,2.3710066098e+00
6.8634194320e+00,3.9459269160e+00,1.6446878610e-01,2.4822533395e-03,1.6198653276e-01,2.3746045189e+00
6.8662983831e+00,3.9481995964e+00,1.6437930458e-01,2.4788758711e-03,1.6190042871e-01,2.3782104278e+00
6.8691773342e+00,3.9504735857e+00,1.6428987016e-01,2.4755056405e-03,1.6181436452e-01,2.3818243545e+00
6.8720562853e+00,3.9527488847e+00,1.6420048280e-01,2.4721426287e-03,1.6172834018e-01,2.3854463172e+00
6.8749352364e+00,3.9550254942e+00,1.6411114250e-01,2.4687868169e-03,1.6164235568e-01,2.3890763341e+00
6.8778141875e+00,3.9573034150e+00,1.6402184922e-01,2.4654381865e-03,1.6155641103e-01,2.3927144234e+00
6.8806931386e+00,3.9595826477e+00,1.6393260295e-01,2.4620967187e-03,1.6147050623e-01,2.3963606035e+00
6.8835720897e+00,3.9618631932e+00,1.6384340367e-01,2.4587623949e-03,1.6138464127e-01,2.4000148926e+00
6.8864510408e+00,3.9641450521e+00,1.6375425135e-01,2.4554351965e-03,1.6129881615e-01,2.4036773091e+00
6.8893299919e+00,3.9664282253e+00,1.6366514597e-01,2.4521151050e-03,1.6121303087e-01,2.4073478714e+00
6.8922089430e+00,3.9687127136e+00,1.6357608752e-01,2.4488021020e-03,1.6112728542e-01,2.4110265979e+00
6.8950878941e+00,3.9709985175e+00,1.6348707597e-01,2.4454961688e-03,1.6104157980e-01,2.4147135072e+00
6.8979668452e+00,3.9732856380e+00,1.6339811130e-01,2.4421972873e-03,1.6095591401e-01,2.4184086178e+00
6.9008457963e+00,3.9755740758e+00,1.6330919349e-01,2.4389054390e-03,1.6087028805e-01,2.4221119482e+00
6.9037247474e+00,3.9778638316e+00,1.6322032252e-01,2.4356206058e-03,1.6078470191e-01,2.4258235171e+00
6.9066036985e+00,3.9801549063e+00,1.6313149837e-01,2.4323427693e-03,1.6069915560e-01,2.4295433431e+00
6.9094826496e+00,3.9824473004e+00,1.6304272101e-01,2.4290719114e-03,1.6061364910e-01,2.4332714450e+00
6.9123616007e+00,3.9847410149e+00,1.6295399044e-01,2.4258080140e-03,1.6052818242e-01,2.4370078415e+00
6.9152405519e+00,3.9870360505e+00,1.6286530661e-01,2.4225510590e-03,1.6044275555e-01,2.4407525513e+00
6.9181195030e+00,3.9893324079e+00,1.6277666952e-01,2.4193010284e-03,1.6035736850e-01,2.4445055934e+00
6.9209984541e+00,3.9916300879e+00,1.6268807915e-01,2.4160579043e-03,1.6027202124e-01,2.4482669866e+00
6.9238774052e+00,3.9939290913e+00,1.6259953547e-01,2.4128216686e-03,1.6018671380e-01,2.4520367498e+00
6.9267563563e+00,3.9962294188e+00,1.6251103845e-01,2.4095923036e-03,1.6010144615e-01,2.4558149021e+00
6.9296353074e+00,3.9985310712e+00,1.6242258809e-01,2.4063697914e-03,1.6001621830e-01,2.4596014623e+00
6.9325142585e+00,4.0008340492e+00,1.6233418436e-01,2.4031541142e-03,1.5993103025e-01,2.4633964496e+00
6.9353932096e+00,4.0031383537e+00,1.6224582724e-01,2.3999452544e-03,1.5984588198e-01,2.4671998831e+00
6.9382721607e+00,4.0054439853e+00,1.6215751670e-01,2.3967431942e-03,1.5976077350e-01,2.4710117819e+00
6.9411511118e+00,4.0077509449e+00,1.6206925273e-01,2.3935479161e-03,1.5967570481e-01,2.4748321653e+00
6.9440300629e+00,4.0100592332e+00,1.6198103530e-01,2.3903594024e-03,1.5959067590e-01,2.4786610523e+00
6.9469090140e+00,4.0123688509e+00,1.6189286440e-01,2.3871776357e-03,1.5950568677e-01,2.4824984624e+00
6.9497879651e+00,4.0146797989e+00,1.6180474001e-01,2.3840025985e-03,1.5942073741e-01,2.4863444149e+00
6.9526669162e+00,4.0169920779e+00,1.6171666209e-01,2.3808342733e-03,1.5933582782e-01,2.4901989291e+00
6.9555458673e+00,4.0193056887e+00,1.6162863064e-01,2.3776726428e-03,1.5925095800e-01,2.4940620244e+00
6.9584248184e+00,4.0216206320e+00,1.6154064563e-01,2.3745176897e-03,1.5916612794e-01,2.4979337203e+00
6.9613037695e+00,4.0239369086e+00,1.6145270704e-01,2.3713693966e-03,1.5908133764e-01,2.5018140364e+00
6.9641827206e+00,4.0262545193e+00,1.6136481484e-01,2.3682277464e-03,1.5899658709e-01,2.5057029921e+00
6.9670616717e+00,4.0285734648e+00,1.6127696902e-01,2.3650927218e-03,1.5891187630e-01,2.5096006070e+00
6.9699406228e+00,4.0308937460e+00,1.6118916956e-01,2.3619643058e-03,1.5882720526e-01,2.5135069008e+00
6.9728195739e+00,4.0332153635e+00,1.6110141644e-01,2.3588424812e-03,1.5874257396e-01,2.5174218932e+00
6.9756985250e+00,4.0355383182e+00,1.6101370963e-01,2.3557272310e-03,1.5865798240e-01,2.5213456040e+00
6.9785774761e+00,4.0378626108e+00,1.6092604912e-01,2.3526185383e-03,1.5857343058e-01,2.5252780528e+00
6.9814564272e+00,4.0401882420e+00,1.6083843487e-01,2.3495163860e-03,1.5848891849e-01,2.5292192595e+00
6.9843353783e+00,4.0425152128e+00,1.6075086688e-01,2.3464207573e-03,1.5840444612e-01,2.5331692440e+00
6.9872143295e+00,4.0448435237e+00,1.6066334512e-01,2.3433316353e-03,1.5832001349e-01,2.5371280263e+00
6.9900932806e+00,4.0471731757e+00,1.6057586957e-01,2.3402490032e-03,1.5823562057e-01,2.5410956262e+00
6.9929722317e+00,4.0495041695e+00,1.6048844021e-01,2.3371728443e-03,1.5815126737e-01,2.5450720637e+00
6.9958511828e+00,4.0518365058e+00,1.6040105702e-01,2.3341031419e-03,1.5806695388e-01,2.5490573591e+00
6.9987301339e+00,4.0541701854e+00,1.6031371997e-01,2.3310398793e-03,1.5798268009e-01,2.5530515322e+00
7.0016090850e+00,4.0565052091e+00,1.6022642905e-01,2.3279830398e-03,1.5789844601e-01,2.5570546033e+00
7.0044880361e+00,4.0588415777e+00,1.6013918424e-01,2.3249326070e-03,1.5781425163e-01,2.5610665927e+00
7.0073669872e+00,4.0611792920e+00,1.6005198550e-01,2.3218885643e-03,1.5773009694e-01,2.5650875204e+00
7.0102459383e+00,4.0635183526e+00,1.5996483284e-01,2.3188508952e-03,1.5764598194e-01,2.5691174069e+00
7.0131248894e+00,4.0658587605e+00,1.5987772621e-01,2.3158195833e-03,1.5756190663e-01,2.5731562724e+00
7.0160038405e+00,4.0682005163e+00,1.5979066561e-01,2.3127946122e-03,1.5747787099e-01,2.5772041374e+00
7.0188827916e+00,4.0705436209e+00,1.5970365100e-01,2.3097759656e-03,1.5739387504e-01,2.5812610222e+00
7.0217617427e+00,4.0728880750e+00,1.5961668238e-01,2.3067636271e-03,1.5730991875e-01,2.5853269474e+00
7.0246406938e+00,4.0752338794e+00,1.5952975971e-01,2.3037575806e-03,1.5722600213e-01,2.5894019335e+00
7.0275196449e+00,4.0775810349e+00,1.5944288298e-01,2.3007578097e-03,1.5714212517e-01,2.5934860011e+00
7.0303985960e+00,4.0799295422e+00,1.5935605217e-01,2.2977642985e-03,1.5705828787e-01,2.5975791707e+00
7.0332775471e+00,4.0822794022e+00,1.5926926725e-01,2.2947770307e-03,1.5697449022e-01,2.6016814630e+00
7.0361564982e+00,4.0846306156e+00,1.5918252821e-01,2.2917959903e-03,1.5689073222e-01,2.6057928989e+00
7.0390354493e+00,4.0869831832e+00,1.5909583502e-01,2.2888211612e-03,1.5680701386e-01,2.6099134989e+00
7.0419144004e+00,4.0893371058e+00,1.5900918767e-01,2.2858525276e-03,1.5672333514e-01,2.6140432841e+00
7.0447933515e+00,4.0916923841e+00,1.5892258612e-01,2.2828900734e-03,1.5663969605e-01,2.6181822751e+00
7.0476723026e+00,4.0940490189e+00,1.5883603037e-01,2.2799337827e-03,1.5655609659e-01,2.6223304930e+00
7.0505512537e+00,4.0964070111e+00,1.5874952039e-01,2.2769836398e-03,1.5647253675e-01,2.6264879586e+00
7.0534302048e+00,4.0987663614e+00,1.5866305615e-01,2.2740396287e-03,1.5638901652e-01,2.6306546930e+00
7.0563091559e+00,4.1011270706e+00,1.5857663764e-01,2.2711017339e-03,1.5630553591e-01,2.6348307173e+00
7.0591881071e+00,4.1034891394e+00,1.5849026484e-01,2.2681699394e-03,1.5622209491e-01,2.6390160526e+00
7.0620670582e+00,4.1058525686e+00,1.5840393773e-01,2.2652442298e-03,1.5613869350e-01,2.6432107200e+00
7.0649460093e+00,4.1082173592e+00,1.5831765628e-01,2.2623245893e-03,1.5605533169e-01,2.6474147407e+00
7.0678249604e+00,4.1105835117e+00,1.5823142048e-01,2.2594110023e-03,1.5597200948e-01,2.6516281360e+00
7.0707039115e+00,4.1129510270e+00,1.5814523030e-01,2.2565034534e-03,1.5588872685e-01,2.6558509271e+00
7.0735828626e+00,4.1153199059e+00,1.5805908572e-01,2.2536019270e-03,1.5580548379e-01,2.6600831355e+00
7.0764618137e+00,4.1176901492e+00,1.5797298673e-01,2.2507064077e-03,1.5572228032e-01,2.6643247826e+00
7.0793407648e+00,4.1200617576e+00,1.5788693329e-01,2.2478168801e-03,1.5563911641e-01,2.6685758897e+00
7.0822197159e+00,4.1224347320e+00,1.5780092539e-01,2.2449333287e-03,1.5555599207e-01,2.6728364784e+00
7.0850986670e+00,4.1248090731e+00,1.5771496302e-01,2.2420557383e-03,1.5547290728e-01,2.6771065703e+00
7.0879776181e+00,4.1271847817e+00,1.5762904614e-01,2.2391840937e-03,1.5538986204e-01,2.6813861869e+00
7.0908565692e+00,4.1295618586e+00,1.5754317473e-01,2.2363183794e-03,1.5530685635e-01,2.6856753499e+00
7.0937355203e+00,4.1319403046e+00,1.5745734879e-01,2.2334585804e-03,1.5522389021e-01,2.6899740811e+00
7.0966144714e+00,4.1343201205e+00,1.5737156828e-01,2.2306046816e-03,1.5514096359e-01,2.6942824020e+00
7.0994934225e+00,4.1367013071e+00,1.5728583318e-01,2.2277566677e-03,1.5505807651e-01,2.6986003347e+00
7.1023723736e+00,4.1390838651e+00,1.5720014347e-01,2.2249145237e-03,1.5497522895e-01,2.7029279009e+00
7.1052513247e+00,4.1414677954e+00,1.5711449914e-01,2.2220782346e-03,1.5489242091e-01,2.7072651225e+00
7.1081302758e+00,4.1438530987e+00,1.5702890016e-01,2.2192477854e-03,1.5480965238e-01,2.7116120214e+00
7.1110092269e+00,4.1462397758e+00,1.5694334651e-01,2.2164231612e-03,1.5472692335e-01,2.7159686198e+00
7.1138881780e+00,4.1486278276e+00,1.5685783817e-01,2.2136043470e-03,1.5464423383e-01,2.7203349396e+00
7.1167671291e+00,4.1510172547e+00,1.5677237512e-01,2.2107913279e-03,1.5456158379e-01,2.7247110030e+00
7.1196460802e+00,4.1534080581e+00,1.5668695734e-01,2.2079840893e-03,1.5447897325e-01,2.7290968320e+00
7.1225250313e+00,4.1558002385e+00,1.5660158480e-01,2.2051826162e-03,1.5439640219e-01,2.7334924490e+00
7.1254039824e+00,4.1581937966e+00,1.5651625749e-01,2.2023868940e-03,1.5431387060e-01,2.7378978762e+00
7.1282829335e+00,4.1605887334e+00,1.5643097539e-01,2.1995969079e-03,1.5423137848e-01,2.7423131360e+00
7.1311618847e+00,4.1629850495e+00,1.5634573847e-01,2.1968126433e-03,1.5414892582e-01,2.7467382506e+00
7.1340408358e+00,4.1653827458e+00,1.5626054671e-01,2.1940340856e-03,1.5406651262e-01,2.7511732424e+00
7.1369197869e+00,4.1677818231e+00,1.5617540009e-01,2.1912612201e-03,1.5398413887e-01,2.7556181341e+00
7.1397987380e+00,4.1701822821e+00,1.5609029860e-01,2.1884940324e-03,1.5390180457e-01,2.7600729481e+00
7.1426776891e+00,4.1725841237e+00,1.5600524221e-01,2.1857325080e-03,1.5381950970e-01,2.7645377069e+00
7.1455566402e+00,4.1749873487e+00,1.5592023089e-01,2.1829766323e-03,1.5373725426e-01,2.7690124332e+00
7.1484355913e+00,4.1773919577e+00,1.5583526464e-01,2.1802263911e-03,1.5365503825e-01,2.7734971497e+00
7.1513145424e+00,4.1797979518e+00,1.5575034342e-01,2.1774817698e-03,1.5357286165e-01,2.7779918791e+00
7.1541934935e+00,4.1822053316e+00,1.5566546723e-01,2.1747427543e-03,1.5349072447e-01,2.7824966442e+00
7.1570724446e+00,4.1846140979e+00,1.5558063602e-01,2.1720093301e-03,1.5340862669e-01,2.7870114679e+00
7.1599513957e+00,4.1870242516e+00,1.5549584980e-01,2.1692814830e-03,1.5332656831e-01,2.7915363730e+00
7.1628303468e+00,4.1894357934e+00,1.5541110852e-01,2.1665591988e-03,1.5324454933e-01,2.7960713825e+00
7.1657092979e+00,4.1918487242e+00,1.5532641219e-01,2.1638424633e-03,1.5316256972e-01,2.8006165193e+00
7.1685882490e+00,4.1942630447e+00,1.5524176076e-01,2.1611312624e-03,1.5308062950e-01,2.8051718066e+00
7.1714672001e+00,4.1966787557e+00,1.5515715423e-01,2.1584255820e-03,1.5299872865e-01,2.8097372674e+00
7.1743461512e+00,4.1990958581e+00,1.5507259257e-01,2.1557254080e-03,1.5291686716e-01,2.8143129250e+00
7.1772251023e+00,4.2015143527e+00,1.5498807575e-01,2.1530307265e-03,1.5283504503e-01,2.8188988024e+00
7.1801040534e+00,4.2039342402e+00,1.5490360377e-01,2.1503415233e-03,1.5275326225e-01,2.8234949230e+00
7.1829830045e+00,4.2063555214e+00,1.5481917660e-01,2.1476577846e-03,1.5267151881e-01,2.8281013101e+00
7.1858619556e+00,4.2087781972e+00,1.5473479421e-01,2.1449794965e-03,1.5258981472e-01,2.8327179871e+00
7.1887409067e+00,4.2112022683e+00,1.5465045659e-01,2.1423066450e-03,1.5250814995e-01,2.8373449774e+00
7.1916198578e+00,4.2136277356e+00,1.5456616372e-01,2.1396392164e-03,1.5242652450e-01,2.8419823045e+00
7.1944988089e+00,4.2160545999e+00,1.5448191557e-01,2.1369771970e-03,1.5234493838e-01,2.8466299919e+00
7.1973777600e+00,4.2184828619e+00,1.5439771213e-01,2.1343205728e-03,1.5226339156e-01,2.8512880633e+00
7.2002567112e+00,4.2209125225e+00,1.5431355337e-01,2.1316693302e-03,1.5218188404e-01,2.8559565422e+00
7.2031356623e+00,4.2233435825e+00,1.5422943928e-01,2.1290234556e-03,1.5210041582e-01,2.8606354524e+00
7.2060146134e+00,4.2257760426e+00,1.5414536982e-01,2.1263829352e-03,1.5201898689e-01,2.8653248176e+00
7.2088935645e+00,4.2282099038e+00,1.5406134499e-01,2.1237477556e-03,1.5193759723e-01,2.8700246617e+00
7.2117725156e+00,4.2306451667e+00,1.5397736475e-01,2.1211179031e-03,1.5185624685e-01,2.8747350085e+00
7.2146514667e+00,4.2330818323e+00,1.5389342910e-01,2.1184933641e-03,1.5177493574e-01,2.8794558820e+00
7.2175304178e+00,4.2355199012e+00,1.5380953801e-01,2.1158741253e-03,1.5169366388e-01,2.8841873060e+00
7.2204093689e+00,4.2379593744e+00,1.5372569145e-01,2.1132601732e-03,1.5161243128e-01,2.8889293048e+00
7.2232883200e+00,4.2404002526e+00,1.5364188941e-01,2.1106514942e-03,1.5153123791e-01,2.8936819022e+00
7.2261672711e+00,4.2428425367e+00,1.5355813186e-01,2.1080480752e-03,1.5145008379e-01,2.8984451226e+00
7.2290462222e+00,4.2452862274e+00,1.5347441880e-01,2.1054499027e-03,1.5136896889e-01,2.9032189901e+00
7.2319251733e+00,4.2477313256e+00,1.5339075018e-01,2.1028569634e-03,1.5128789322e-01,2.9080035289e+00
7.2348041244e+00,4.2501778320e+00,1.5330712600e-01,2.1002692440e-03,1.5120685676e-01,2.9127987634e+00
7.2376830755e+00,4.2526257475e+00,1.5322354623e-01,2.0976867314e-03,1.5112585950e-01,2.9176047180e+00
7.2405620266e+00,4.2550750729e+00,1.5314001086e-01,2.0951094123e-03,1.5104490145e-01,2.9224214171e+00
7.2434409777e+00,4.2575258090e+00,1.5305651986e-01,2.0925372735e-03,1.5096398258e-01,2.9272488851e+00
7.2463199288e+00,4.2599779566e+00,1.5297307320e-01,2.0899703020e-03,1.5088310290e-01,2.9320871466e+00
7.2491988799e+00,4.2624315166e+00,1.5288967088e-01,2.0874084847e-03,1.5080226240e-01,2.9369362262e+00
7.2520778310e+00,4.2648864896e+00,1.5280631287e-01,2.0848518085e-03,1.5072146106e-01,2.9417961486e+00
7.2549567821e+00,4.2673428767e+00,1.5272299914e-01,2.0823002604e-03,1.5064069888e-01,2.9466669384e+00
7.2578357332e+00,4.2698006785e+00,1.5263972968e-01,2.0797538274e-03,1.5055997586e-01,2.9515486206e+00
7.2607146843e+00,4.2722598959e+00,1.5255650447e-01,2.0772124966e-03,1.5047929198e-01,2.9564412197e+00
7.2635936354e+00,4.2747205297e+00,1.5247332349e-01,2.0746762550e-03,1.5039864723e-01,2.9613447609e+00
7.2664725865e+00,4.2771825807e+00,1.5239018671e-01,2.0721450899e-03,1.5031804162e-01,2.9662592690e+00
7.2693515376e+00,4.2796460498e+00,1.5230709411e-01,2.0696189883e-03,1.5023747512e-01,2.9711847689e+00
7.2722304888e+00,4.2821109377e+00,1.5222404568e-01,2.0670979375e-03,1.5015694774e-01,2.9761212859e+00
7.2751094399e+00,4.2845772453e+00,1.5214104139e-01,2.0645819247e-03,1.5007645946e-01,2.9810688449e+00
7.2779883910e+00,4.2870449733e+00,1.5205808122e-01,2.0620709371e-03,1.4999601029e-01,2.9860274712e+00
7.2808673421e+00,4.2895141227e+00,1.5197516516e-01,2.0595649622e-03,1.4991560019e-01,2.9909971900e+00
7.2837462932e+00,4.2919846942e+00,1.5189229317e-01,2.0570639872e-03,1.4983522918e-01,2.9959780267e+00
7.2866252443e+00,4.2944566886e+00,1.5180946525e-01,2.0545679994e-03,1.4975489725e-01,3.0009700064e+00
7.2895041954e+00,4.2969301068e+00,1.5172668136e-01,2.0520769864e-03,1.4967460437e-01,3.0059731547e+00
7.2923831465e+00,4.2994049495e+00,1.5164394149e-01,2.0495909355e-03,1.4959435056e-01,3.0109874971e+00
7.2952620976e+00,4.3018812177e+00,1.5156124562e-01,2.0471098342e-03,1.4951413579e-01,3.0160130590e+00
7.2981410487e+00,4.3043589121e+00,1.5147859373e-01,2.0446336701e-03,1.4943396006e-01,3.0210498660e+00
7.3010199998e+00,4.3068380335e+00,1.5139598579e-01,2.0421624307e-03,1.4935382336e-01,3.0260979439e+00
7.3038989509e+00,4.3093185828e+00,1.5131342179e-01,2.0396961035e-03,1.4927372569e-01,3.0311573183e+00
7.3067779020e+00,4.3118005608e+00,1.5123090170e-01,2.0372346763e-03,1.4919366703e-01,3.0362280149e+00
7.3096568531e+00,4.3142839683e+00,1.5114842551e-01,2.0347781365e-03,1.4911364738e-01,3.0413100596e+00
7.3125358042e+00,4.3167688061e+00,1.5106599319e-01,2.0323264720e-03,1.4903366672e-01,3.0464034784e+00
7.3154147553e+00,4.3192550751e+00,1.5098360473e-01,2.0298796705e-03,1.4895372506e-01,3.0515082970e+00
7.3182937064e+00,4.3217427760e+00,1.5090126009e-01,2.0274377196e-03,1.4887382237e-01,3.0566245416e+00
7.3211726575e+00,4.3242319098e+00,1.5081895927e-01,2.0250006072e-03,1.4879395866e-01,3.0617522383e+00
7.3240516086e+00,4.3267224772e+00,1.5073670223e-01,2.0225683211e-03,1.4871413391e-01,3.0668914130e+00
7.3269305597e+00,4.3292144791e+00,1.5065448897e-01,2.0201408492e-03,1.4863434812e-01,3.0720420921e+00
7.3298095108e+00,4.3317079162e+00,1.5057231946e-01,2.0177181793e-03,1.4855460128e-01,3.0772043018e+00
7.3326884619e+00,4.3342027895e+00,1.5049019367e-01,2.0153002993e-03,1.4847489337e-01,3.0823780683e+00
7.3355674130e+00,4.3366990996e+00,1.5040811159e-01,2.0128871973e-03,1.4839522439e-01,3.0875634182e+00
7.3384463641e+00,4.3391968476e+00,1.5032607320e-01,2.0104788612e-03,1.4831559434e-01,3.0927603777e+00
7.3413253152e+00,4.3416960341e+00,1.5024407847e-01,2.0080752789e-03,1.4823600319e-01,3.0979689734e+00
7.3442042664e+00,4.3441966601e+00,1.5016212739e-01,2.0056764387e-03,1.4815645096e-01,3.1031892319e+00
7.3470832175e+00,4.3466987263e+00,1.5008021994e-01,2.0032823285e-03,1.4807693761e-01,3.1084211797e+00
7.3499621686e+00,4.3492022336e+00,1.4999835609e-01,2.0008929364e-03,1.4799746315e-01,3.1136648435e+00
7.3528411197e+00,4.3517071828e+00,1.4991653582e-01,1.9985082507e-03,1.4791802757e-01,3.1189202502e+00
7.3557200708e+00,4.3542135748e+00,1.4983475912e-01,1.9961282594e-03,1.4783863086e-01,3.1241874264e+00
7.3585990219e+00,4.3567214103e+00,1.4975302596e-01,1.9937529509e-03,1.4775927300e-01,3.1294663991e+00
7.3614779730e+00,4.3592306902e+00,1.4967133632e-01,1.9913823133e-03,1.4767995400e-01,3.1347571952e+00
7.3643569241e+00,4.3617414154e+00,1.4958969018e-01,1.9890163350e-03,1.4760067384e-01,3.1400598417e+00
7.3672358752e+00,4.3642535866e+00,1.4950808752e-01,1.9866550042e-03,1.4752143251e-01,3.1453743655e+00
7.3701148263e+00,4.3667672047e+00,1.4942652832e-01,1.9842983093e-03,1.4744223001e-01,3.1507007940e+00
7.3729937774e+00,4.3692822706e+00,1.4934501256e-01,1.9819462387e-03,1.4736306632e-01,3.1560391541e+00
7.3758727285e+00,4.3717987850e+00,1.4926354021e-01,1.9795987807e-03,1.4728394143e-01,3.1613894732e+00
7.3787516796e+00,4.3743167488e+00,1.4918211127e-01,1.9772559238e-03,1.4720485535e-01,3.1667517786e+00
7.3816306307e+00,4.3768361629e+00,1.4910072570e-01,1.9749176566e-03,1.4712580805e-01,3.1721260976e+00
7.3845095818e+00,4.3793570280e+00,1.4901938349e-01,1.9725839674e-03,1.4704679952e-01,3.1775124577e+00
7.3873885329e+00,4.3818793451e+00,1.4893808462e-01,1.9702548448e-03,1.4696782977e-01,3.1829108864e+00
7.3902674840e+00,4.3844031149e+00,1.4885682906e-01,1.9679302774e-03,1.4688889878e-01,3.1883214111e+00
7.3931464351e+00,4.3869283382e+00,1.4877561679e-01,1.9656102538e-03,1.4681000654e-01,3.1937440597e+00
7.3960253862e+00,4.3894550160e+00,1.4869444780e-01,1.9632947626e-03,1.4673115304e-01,3.1991788596e+00
7.3989043373e+00,4.3919831491e+00,1.4861332206e-01,1.9609837925e-03,1.4665233827e-01,3.2046258388e+00
7.4017832884e+00,4.3945127382e+00,1.4853223955e-01,1.9586773321e-03,1.4657356222e-01,3.2100850250e+00
7.4046622395e+00,4.3970437843e+00,1.4845120026e-01,1.9563753702e-03,1.4649482489e-01,3.2155564460e+00
7.4075411906e+00,4.3995762881e+00,1.4837020416e-01,1.9540778955e-03,1.4641612626e-01,3.2210401299e+00
7.4104201417e+00,4.4021102505e+00,1.4828925123e-01,1.9517848968e-03,1.4633746633e-01,3.2265361046e+00
7.4132990928e+00,4.4046456724e+00,1.4820834145e-01,1.9494963629e-03,1.4625884508e-01,3.2320443983e+00
7.4161780440e+00,4.4071825546e+00,1.4812747480e-01,1.9472122827e-03,1.4618026251e-01,3.2375650390e+00
7.4190569951e+00,4.4097208980e+00,1.4804665125e-01,1.9449326451e-03,1.4610171861e-01,3.2430980550e+00
7.4219359462e+00,4.4122607033e+00,1.4796587080e-01,1.9426574388e-03,1.4602321336e-01,3.2486434745e+00
7.4248148973e+00,4.4148019714e+00,1.4788513341e-01,1.9403866530e-03,1.4594474676e-01,3.2542013259e+00
7.4276938484e+00,4.4173447031e+00,1.4780443908e-01,1.9381202765e-03,1.4586631880e-01,3.2597716375e+00
7.4305727995e+00,4.4198888994e+00,1.4772378777e-01,1.9358582983e-03,1.4578792947e-01,3.2653544380e+00
7.4334517506e+00,4.4224345610e+00,1.4764317946e-01,1.9336007075e-03,1.4570957875e-01,3.2709497556e+00
7.4363307017e+00,4.4249816888e+00,1.4756261414e-01,1.9313474931e-03,1.4563126665e-01,3.2765576192e+00
7.4392096528e+00,4.4275302837e+00,1.4748209179e-01,1.9290986442e-03,1.4555299314e-01,3.2821780574e+00
7.4420886039e+00,4.4300803464e+00,1.4740161238e-01,1.9268541499e-03,1.4547475823e-01,3.2878110988e+00
7.4449675550e+00,4.4326318778e+00,1.4732117589e-01,1.9246139994e-03,1.4539656189e-01,3.2934567723e+00
7.4478465061e+00,4.4351848789e+00,1.4724078231e-01,1.9223781818e-03,1.4531840413e-01,3.2991151067e+00
7.4507254572e+00,4.4377393503e+00,1.4716043161e-01,1.9201466864e-03,1.4524028492e-01,3.3047861311e+00
7.4536044083e+00,4.4402952930e+00,1.4708012377e-01,1.9179195023e-03,1.4516220427e-01,3.3104698743e+00
7.4564833594e+00,4.4428527078e+00,1.4699985878e-01,1.9156966188e-03,1.4508416216e-01,3.3161663655e+00
7.4593623105e+00,4.4454115955e+00,1.4691963660e-01,1.9134780253e-03,1.4500615858e-01,3.3218756338e+00
7.4622412616e+00,4.4479719571e+00,1.4683945723e-01,1.9112637111e-03,1.4492819352e-01,3.3275977083e+00
7.4651202127e+00,4.4505337933e+00,1.4675932064e-01,1.9090536654e-03,1.4485026697e-01,3.3333326185e+00
7.4679991638e+00,4.4530971051e+00,1.4667922681e-01,1.9068478777e-03,1.4477237893e-01,3.3390803935e+00
7.4708781149e+00,4.4556618932e+00,1.4659917571e-01,1.9046463374e-03,1.4469452937e-01,3.3448410629e+00
7.4737570660e+00,4.4582281584e+00,1.4651916734e-01,1.9024490339e-03,1.4461671830e-01,3.3506146561e+00
7.4766360171e+00,4.4607959018e+00,1.4643920166e-01,1.9002559567e-03,1.4453894570e-01,3.3564012026e+00
7.4795149682e+00,4.4633651240e+00,1.4635927866e-01,1.8980670953e-03,1.4446121157e-01,3.3622007321e+00
7.4823939193e+00,4.4659358261e+00,1.4627939832e-01,1.8958824392e-03,1.4438351588e-01,3.3680132742e+00
7.4852728704e+00,4.4685080087e+00,1.4619956061e-01,1.8937019779e-03,1.4430585864e-01,3.3738388586e+00
7.4881518216e+00,4.4710816728e+00,1.4611976552e-01,1.8915257011e-03,1.4422823982e-01,3.3796775153e+00
7.4910307727e+00,4.4736568192e+00,1.4604001303e-01,1.8893535984e-03,1.4415065943e-01,3.3855292741e+00
7.4939097238e+00,4.4762334487e+00,1.4596030311e-01,1.8871856593e-03,1.4407311745e-01,3.3913941649e+00
7.4967886749e+00,4.4788115623e+00,1.4588063575e-01,1.8850218736e-03,1.4399561388e-01,3.3972722178e+00
7.4996676260e+00,4.4813911608e+00,1.4580101092e-01,1.8828622309e-03,1.4391814869e-01,3.4031634629e+00
7.5025465771e+00,4.4839722450e+00,1.4572142861e-01,1.8807067210e-03,1.4384072189e-01,3.4090679303e+00
7.5054255282e+00,4.4865548159e+00,1.4564188879e-01,1.8785553336e-03,1.4376333345e-01,3.4149856503e+00
7.5083044793e+00,4.4891388741e+00,1.4556239144e-01,1.8764080585e-03,1.4368598338e-01,3.4209166532e+00
7.5111834304e+00,4.4917244207e+00,1.4548293654e-01,1.8742648855e-03,1.4360867166e-01,3.4268609693e+00
7.5140623815e+00,4.4943114564e+00,1.4540352408e-01,1.8721258044e-03,1.4353139827e-01,3.4328186292e+00
7.5169413326e+00,4.4968999821e+00,1.4532415402e-01,1.8699908051e-03,1.4345416322e-01,3.4387896633e+00
7.5198202837e+00,4.4994899987e+00,1.4524482636e-01,1.8678598775e-03,1.4337696649e-01,3.4447741022e+00
7.5226992348e+00,4.5020815071e+00,1.4516554107e-01,1.8657330115e-03,1.4329980806e-01,3.4507719766e+00
7.5255781859e+00,4.5046745080e+00,1.4508629813e-01,1.8636101970e-03,1.4322268794e-01,3.4567833172e+00
7.5284571370e+00,4.5072690024e+00,1.4500709752e-01,1.8614914241e-03,1.4314560610e-01,3.4628081549e+00
7.5313360881e+00,4.5098649911e+00,1.4492793922e-01,1.8593766826e-03,1.4306856254e-01,3.4688465204e+00
7.5342150392e+00,4.5124624750e+00,1.4484882321e-01,1.8572659627e-03,1.4299155725e-01,3.4748984447e+00
7.5370939903e+00,4.5150614550e+00,1.4476974947e-01,1.8551592544e-03,1.4291459021e-01,3.4809639590e+00
7.5399729414e+00,4.5176619318e+00,1.4469071797e-01,1.8530565477e-03,1.4283766142e-01,3.4870430941e+00
7.5428518925e+00,4.5202639064e+00,1.4461172870e-01,1.8509578328e-03,1.4276077087e-01,3.4931358814e+00
7.5457308436e+00,4.5228673796e+00,1.4453278164e-01,1.8488630998e-03,1.4268391854e-01,3.4992423520e+00
7.5486097947e+00,4.5254723523e+00,1.4445387677e-01,1.8467723389e-03,1.4260710443e-01,3.5053625373e+00
7.5514887458e+00,4.5280788253e+00,1.4437501406e-01,1.8446855402e-03,1.4253032852e-01,3.5114964685e+00
7.5543676969e+00,4.5306867996e+00,1.4429619350e-01,1.8426026940e-03,1.4245359081e-01,3.5176441773e+00
7.5572466480e+00,4.5332962759e+00,1.4421741507e-01,1.8405237905e-03,1.4237689128e-01,3.5238056951e+00
7.5601255992e+00,4.5359072552e+00,1.4413867874e-01,1.8384488200e-03,1.4230022992e-01,3.5299810534e+00
7.5630045503e+00,4.5385197383e+00,1.4405998449e-01,1.8363777727e-03,1.4222360672e-01,3.5361702841e+00
7.5658835014e+00,4.5411337260e+00,1.4398133231e-01,1.8343106391e-03,1.4214702168e-01,3.5423734187e+00
7.5687624525e+00,4.5437492194e+00,1.4390272218e-01,1.8322474093e-03,1.4207047477e-01,3.5485904892e+00
7.5716414036e+00,4.5463662191e+00,1.4382415407e-01,1.8301880738e-03,1.4199396599e-01,3.5548215275e+00
7.5745203547e+00,4.5489847261e+00,1.4374562796e-01,1.8281326231e-03,1.4191749534e-01,3.5610665654e+00
7.5773993058e+00,4.5516047412e+00,1.4366714384e-01,1.8260810475e-03,1.4184106279e-01,3.5673256351e+00
7.5802782569e+00,4.5542262653e+00,1.4358870167e-01,1.8240333374e-03,1.4176466834e-01,3.5735987686e+00
7.5831572080e+00,4.5568492994e+00,1.4351030146e-01,1.8219894834e-03,1.4168831197e-01,3.5798859982e+00
7.5860361591e+00,4.5594738442e+00,1.4343194316e-01,1.8199494759e-03,1.4161199368e-01,3.5861873560e+00
7.5889151102e+00,4.5620999006e+00,1.4335362676e-01,1.8179133056e-03,1.4153571346e-01,3.5925028746e+00
7.5917940613e+00,4.5647274695e+00,1.4327535225e-01,1.8158809628e-03,1.4145947129e-01,3.5988325861e+00
7.5946730124e+00,4.5673565517e+00,1.4319711960e-01,1.8138524383e-03,1.4138326716e-01,3.6051765233e+00
7.5975519635e+00,4.5699871482e+00,1.4311892879e-01,1.8118277226e-03,1.4130710107e-01,3.6115347185e+00
7.6004309146e+00,4.5726192598e+00,1.4304077980e-01,1.8098068063e-03,1.4123097299e-01,3.6179072045e+00
7.6033098657e+00,4.5752528874e+00,1.4296267261e-01,1.8077896801e-03,1.4115488293e-01,3.6242940139e+00
7.6061888168e+00,4.5778880319e+00,1.4288460720e-01,1.8057763347e-03,1.4107883086e-01,3.6306951797e+00
7.6090677679e+00,4.5805246941e+00,1.4280658355e-01,1.8037667608e-03,1.4100281679e-01,3.6371107345e+00
7.6119467190e+00,4.5831628748e+00,1.4272860164e-01,1.8017609491e-03,1.4092684069e-01,3.6435407114e+00
7.6148256701e+00,4.5858025751e+00,1.4265066144e-01,1.7997588904e-03,1.4085090255e-01,3.6499851435e+00
7.6177046212e+00,4.5884437957e+00,1.4257276295e-01,1.7977605754e-03,1.4077500237e-01,3.6564440637e+00
7.6205835723e+00,4.5910865375e+00,1.4249490614e-01,1.7957659950e-03,1.4069914014e-01,3.6629175052e+00
7.6234625234e+00,4.5937308014e+00,1.4241709098e-01,1.7937751400e-03,1.4062331584e-01,3.6694055014e+00
7.6263414745e+00,4.5963765883e+00,1.4233931746e-01,1.7917880013e-03,1.4054752946e-01,3.6759080855e+00
7.6292204256e+00,4.5990238991e+00,1.4226158556e-01,1.7898045696e-03,1.4047178099e-01,3.6824252910e+00
7.6320993768e+00,4.6016727346e+00,1.4218389526e-01,1.7878248360e-03,1.4039607042e-01,3.6889571513e+00
7.6349783279e+00,4.6043230957e+00,1.4210624653e-01,1.7858487914e-03,1.4032039774e-01,3.6955037000e+00
7.6378572790e+00,4.6069749833e+00,1.4202863936e-01,1.7838764267e-03,1.4024476293e-01,3.7020649707e+00
7.6407362301e+00,4.6096283983e+00,1.4195107373e-01,1.7819077328e-03,1.4016916600e-01,3.7086409972e+00
7.6436151812e+00,4.6122833415e+00,1.4187354961e-01,1.7799427009e-03,1.4009360691e-01,3.7152318132e+00
7.6464941323e+00,4.6149398139e+00,1.4179606699e-01,1.7779813219e-03,1.4001808567e-01,3.7218374526e+00
7.6493730834e+00,4.6175978162e+00,1.4171862585e-01,1.7760235869e-03,1.3994260226e-01,3.7284579494e+00
7.6522520345e+00,4.6202573495e+00,1.4164122616e-01,1.7740694869e-03,1.3986715668e-01,3.7350933376e+00
7.6551309856e+00,4.6229184145e+00,1.4156386791e-01,1.7721190131e-03,1.3979174890e-01,3.7417436513e+00
7.6580099367e+00,4.6255810122e+00,1.4148655107e-01,1.7701721566e-03,1.3971637892e-01,3.7484089246e+00
7.6608888878e+00,4.6282451434e+00,1.4140927563e-01,1.7682289085e-03,1.3964104672e-01,3.7550891919e+00
7.6637678389e+00,4.6309108091e+00,1.4133204156e-01,1.7662892600e-03,1.3956575230e-01,3.7617844876e+00
7.6666467900e+00,4.6335780101e+00,1.4125484885e-01,1.7643532023e-03,1.3949049565e-01,3.7684948459e+00
7.6695257411e+00,4.6362467472e+00,1.4117769747e-01,1.7624207266e-03,1.3941527675e-01,3.7752203015e+00
7.6724046922e+00,4.6389170214e+00,1.4110058741e-01,1.7604918242e-03,1.3934009559e-01,3.7819608889e+00
7.6752836433e+00,4.6415888336e+00,1.4102351864e-01,1.7585664863e-03,1.3926495216e-01,3.7887166428e+00
7.6781625944e+00,4.6442621846e+00,1.4094649115e-01,1.7566447042e-03,1.3918984644e-01,3.7954875980e+00
7.6810415455e+00,4.6469370754e+00,1.4086950491e-01,1.7547264693e-03,1.3911477844e-01,3.8022737892e+00
7.6839204966e+00,4.6496135068e+00,1.4079255990e-01,1.7528117728e-03,1.3903974813e-01,3.8090752514e+00
7.6867994477e+00,4.6522914797e+00,1.4071565610e-01,1.7509006062e-03,1.3896475550e-01,3.8158920195e+00
7.6896783988e+00,4.6549709950e+00,1.4063879350e-01,1.7489929608e-03,1.3888980054e-01,3.8227241287e+00
7.6925573499e+00,4.6576520535e+00,1.4056197208e-01,1.7470888280e-03,1.3881488325e-01,3.8295716141e+00
7.6954363010e+00,4.6603346563e+00,1.4048519180e-01,1.7451881992e-03,1.3874000360e-01,3.8364345108e+00
7.6983152521e+00,4.6630188041e+00,1.4040845266e-01,1.7432910660e-03,1.3866516159e-01,3.8433128544e+00
7.7011942032e+00,4.6657044978e+00,1.4033175463e-01,1.7413974198e-03,1.3859035721e-01,3.8502066800e+00
7.7040731544e+00,4.6683917384e+00,1.4025509769e-01,1.7395072520e-03,1.3851559044e-01,3.8571160232e+00
7.7069521055e+00,4.6710805267e+00,1.4017848183e-01,1.7376205543e-03,1.3844086128e-01,3.8640409197e+00
7.7098310566e+00,4.6737708637e+00,1.4010190702e-01,1.7357373181e-03,1.3836616970e-01,3.8709814049e+00
7.7127100077e+00,4.6764627501e+00,1.4002537324e-01,1.7338575350e-03,1.3829151570e-01,3.8779375147e+00
7.7155889588e+00,4.6791561870e+00,1.3994888047e-01,1.7319811966e-03,1.3821689927e-01,3.8849092848e+00
7.7184679099e+00,4.6818511752e+00,1.3987242870e-01,1.7301082946e-03,1.3814232040e-01,3.8918967511e+00
7.7213468610e+00,4.6845477156e+00,1.3979601789e-01,1.7282388206e-03,1.3806777907e-01,3.8988999497e+00
7.7242258121e+00,4.6872458090e+00,1.3971964804e-01,1.7263727661e-03,1.3799327527e-01,3.9059189166e+00
7.7271047632e+00,4.6899454565e+00,1.3964331912e-01,1.7245101230e-03,1.3791880900e-01,3.9129536878e+00
7.7299837143e+00,4.6926466588e+00,1.3956703111e-01,1.7226508829e-03,1.3784438023e-01,3.9200042997e+00
7.7328626654e+00,4.6953494169e+00,1.3949078399e-01,1.7207950375e-03,1.3776998896e-01,3.9270707886e+00
7.7357416165e+00,4.6980537316e+00,1.3941457775e-01,1.7189425786e-03,1.3769563517e-01,3.9341531908e+00
7.7386205676e+00,4.7007596040e+00,1.3933841235e-01,1.7170934980e-03,1.3762131886e-01,3.9412515429e+00
7.7414995187e+00,4.7034670347e+00,1.3926228779e-01,1.7152477874e-03,1.3754704000e-01,3.9483658813e+00
7.7443784698e+00,4.7061760249e+00,1.3918620404e-01,1.7134054387e-03,1.3747279860e-01,3.9554962428e+00
7.7472574209e+00,4.7088865753e+00,1.3911016108e-01,1.7115664437e-03,1.3739859464e-01,3.9626426640e+00
7.7501363720e+00,4.7115986869e+00,1.3903415889e-01,1.7097307943e-03,1.3732442810e-01,3.9698051819e+00
7.7530153231e+00,4.7143123605e+00,1.3895819745e-01,1.7078984823e-03,1.3725029897e-01,3.9769838332e+00
7.7558942742e+00,4.7170275971e+00,1.3888227675e-01,1.7060694996e-03,1.3717620725e-01,3.9841786550e+00
7.7587732253e+00,4.7197443975e+00,1.3880639675e-01,1.7042438383e-03,1.3710215291e-01,3.9913896844e+00
7.7616521764e+00,4.7224627627e+00,1.3873055744e-01,1.7024214901e-03,1.3702813595e-01,3.9986169585e+00
7.7645311275e+00,4.7251826936e+00,1.3865475881e-01,1.7006024471e-03,1.3695415636e-01,4.0058605146e+00
7.7674100786e+00,4.7279041910e+00,1.3857900083e-01,1.6987867013e-03,1.3688021413e-01,4.0131203899e+00
7.7702890297e+00,4.7306272559e+00,1.3850328347e-01,1.6969742447e-03,1.3680630923e-01,4.0203966220e+00
7.7731679809e+00,4.7333518891e+00,1.3842760673e-01,1.6951650693e-03,1.3673244166e-01,4.0276892484e+00
7.7760469320e+00,4.7360780916e+00,1.3835197058e-01,1.6933591672e-03,1.3665861142e-01,4.0349983065e+00
7.7789258831e+00,4.7388058643e+00,1.3827637500e-01,1.6915565305e-03,1.3658481847e-01,4.0423238341e+00
7.7818048342e+00,4.7415352081e+00,1.3820081998e-01,1.6897571512e-03,1.3651106282e-01,4.0496658691e+00
7.7846837853e+00,4.7442661238e+00,1.3812530548e-01,1.6879610214e-03,1.3643734446e-01,4.0570244491e+00
7.7875627364e+00,4.7469986125e+00,1.3804983149e-01,1.6861681334e-03,1.3636366336e-01,4.0643996122e+00
7.7904416875e+00,4.7497326749e+00,1.3797439800e-01,1.6843784792e-03,1.3629001952e-01,4.0717913964e+00
7.7933206386e+00,4.7524683120e+00,1.3789900497e-01,1.6825920510e-03,1.3621641292e-01,4.0791998399e+00
7.7961995897e+00,4.7552055248e+00,1.3782365240e-01,1.6808088412e-03,1.3614284356e-01,4.0866249808e+00
7.7990785408e+00,4.7579443140e+00,1.3774834026e-01,1.6790288417e-03,1.3606931141e-01,4.0940668574e+00
7.8019574919e+00,4.7606846807e+00,1.3767306853e-01,1.6772520450e-03,1.3599581648e-01,4.1015255081e+00
7.8048364430e+00,4.7634266257e+00,1.3759783719e-01,1.6754784433e-03,1.3592235874e-01,4.1090009714e+00
7.8077153941e+00,4.7661701499e+00,1.3752264622e-01,1.6737080289e-03,1.3584893819e-01,4.1164932859e+00
7.8105943452e+00,4.7689152543e+00,1.3744749560e-01,1.6719407940e-03,1.3577555481e-01,4.1240024902e+00
7.8134732963e+00,4.7716619398e+00,1.3737238531e-01,1.6701767310e-03,1.3570220858e-01,4.1315286230e+00
7.8163522474e+00,4.7744102072e+00,1.3729731534e-01,1.6684158323e-03,1.3562889951e-01,4.1390717232e+00
7.8192311985e+00,4.7771600575e+00,1.3722228566e-01,1.6666580902e-03,1.3555562757e-01,4.1466318297e+00
7.8221101496e+00,4.7799114916e+00,1.3714729625e-01,1.6649034971e-03,1.3548239275e-01,4.1542089815e+00
7.8249891007e+00,4.7826645104e+00,1.3707234709e-01,1.6631520454e-03,1.3540919504e-01,4.1618032178e+00
7.8278680518e+00,4.7854191148e+00,1.3699743816e-01,1.6614037276e-03,1.3533603443e-01,4.1694145776e+00
7.8307470029e+00,4.7881753057e+00,1.3692256944e-01,1.6596585360e-03,1.3526291091e-01,4.1770431004e+00
7.8336259540e+00,4.7909330841e+00,1.3684774092e-01,1.6579164632e-03,1.3518982446e-01,4.1846888254e+00
7.8365049051e+00,4.7936924509e+00,1.3677295257e-01,1.6561775017e-03,1.3511677507e-01,4.1923517922e+00
7.8393838562e+00,4.7964534069e+00,1.3669820437e-01,1.6544416439e-03,1.3504376273e-01,4.2000320403e+00
7.8422628073e+00,4.7992159531e+00,1.3662349630e-01,1.6527088825e-03,1.3497078742e-01,4.2077296094e+00
7.8451417585e+00,4.8019800904e+00,1.3654882835e-01,1.6509792099e-03,1.3489784914e-01,4.2154445391e+00
7.8480207096e+00,4.8047458198e+00,1.3647420049e-01,1.6492526186e-03,1.3482494787e-01,4.2231768694e+00
7.8508996607e+00,4.8075131420e+00,1.3639961270e-01,1.6475291014e-03,1.3475208360e-01,4.2309266401e+00
7.8537786118e+00,4.8102820582e+00,1.3632506497e-01,1.6458086509e-03,1.3467925631e-01,4.2386938913e+00
7.8566575629e+00,4.8130525691e+00,1.3625055726e-01,1.6440912595e-03,1.3460646600e-01,4.2464786631e+00
7.8595365140e+00,4.8158246757e+00,1.3617608957e-01,1.6423769201e-03,1.3453371265e-01,4.2542809957e+00
7.8624154651e+00,4.8185983789e+00,1.3610166188e-01,1.6406656252e-03,1.3446099625e-01,4.2621009294e+00
7.8652944162e+00,4.8213736796e+00,1.3602727416e-01,1.6389573676e-03,1.3438831679e-01,4.2699385045e+00
7.8681733673e+00,4.8241505788e+00,1.3595292639e-01,1.6372521399e-03,1.3431567425e-01,4.2777937617e+00
7.8710523184e+00,4.8269290774e+00,1.3587861856e-01,1.6355499350e-03,1.3424306862e-01,4.2856667413e+00
7.8739312695e+00,4.8297091763e+00,1.3580435064e-01,1.6338507454e-03,1.3417049989e-01,4.2935574842e+00
7.8768102206e+00,4.8324908763e+00,1.3573012261e-01,1.6321545641e-03,1.3409796805e-01,4.3014660311e+00
7.8796891717e+00,4.8352741785e+00,1.3565593446e-01,1.6304613838e-03,1.3402547308e-01,4.3093924229e+00
7.8825681228e+00,4.8380590838e+00,1.3558178616e-01,1.6287711972e-03,1.3395301497e-01,4.3173367004e+00
7.8854470739e+00,4.8408455931e+00,1.3550767770e-01,1.6270839973e-03,1.3388059371e-01,4.3252989049e+00
7.8883260250e+00,4.8436337072e+00,1.3543360906e-01,1.6253997769e-03,1.3380820928e-01,4.3332790773e+00
7.8912049761e+00,4.8464234272e+00,1.3535958021e-01,1.6237185288e-03,1.3373586168e-01,4.3412772590e+00
7.8940839272e+00,4.8492147540e+00,1.3528559113e-01,1.6220402458e-03,1.3366355089e-01,4.3492934912e+00
7.8969628783e+00,4.8520076884e+00,1.3521164181e-01,1.6203649210e-03,1.3359127689e-01,4.3573278155e+00
7.8998418294e+00,4.8548022314e+00,1.3513773223e-01,1.6186925473e-03,1.3351903968e-01,4.3653802734e+00
7.9027207805e+00,4.8575983840e+00,1.3506386237e-01,1.6170231175e-03,1.3344683925e-01,4.3734509064e+00
7.9055997316e+00,4.8603961470e+00,1.3499003220e-01,1.6153566246e-03,1.3337467557e-01,4.3815397563e+00
7.9084786827e+00,4.8631955215e+00,1.3491624170e-01,1.6136930617e-03,1.3330254864e-01,4.3896468650e+00
7.9113576338e+00,4.8659965082e+00,1.3484249087e-01,1.6120324216e-03,1.3323045845e-01,4.3977722742e+00
7.9142365849e+00,4.8687991082e+00,1.3476877967e-01,1.6103746975e-03,1.3315840497e-01,4.4059160262e+00
7.9171155361e+00,4.8716033223e+00,1.3469510809e-01,1.6087198823e-03,1.3308638821e-01,4.4140781629e+00
7.9199944872e+00,4.8744091516e+00,1.3462147611e-01,1.6070679691e-03,1.3301440814e-01,4.4222587265e+00
7.9228734383e+00,4.8772165969e+00,1.3454788371e-01,1.6054189509e-03,1.3294246476e-01,4.4304577595e+00
7.9257523894e+00,4.8800256591e+00,1.3447433086e-01,1.6037728210e-03,1.3287055804e-01,4.4386753041e+00
7.9286313405e+00,4.8828363393e+00,1.3440081756e-01,1.6021295723e-03,1.3279868798e-01,4.4469114029e+00
7.9315102916e+00,4.8856486383e+00,1.3432734377e-01,1.6004891980e-03,1.3272685457e-01,4.4551660985e+00
7.9343892427e+00,4.8884625570e+00,1.3425390948e-01,1.5988516912e-03,1.3265505779e-01,4.4634394335e+00
7.9372681938e+00,4.8912780965e+00,1.3418051467e-01,1.5972170451e-03,1.3258329763e-01,4.4717314509e+00
7.9401471449e+00,4.8940952575e+00,1.3410715933e-01,1.5955852529e-03,1.3251157407e-01,4.4800421934e+00
7.9430260960e+00,4.8969140412e+00,1.3403384342e-01,1.5939563078e-03,1.3243988711e-01,4.4883717041e+00
7.9459050471e+00,4.8997344483e+00,1.3396056693e-01,1.5923302029e-03,1.3236823673e-01,4.4967200261e+00
7.9487839982e+00,4.9025564798e+00,1.3388732985e-01,1.5907069316e-03,1.3229662292e-01,4.5050872025e+00
7.9516629493e+00,4.9053801367e+00,1.3381413215e-01,1.5890864871e-03,1.3222504566e-01,4.5134732767e+00
7.9545419004e+00,4.9082054200e+00,1.3374097380e-01,1.5874688626e-03,1.3215350494e-01,4.5218782921e+00
7.9574208515e+00,4.9110323304e+00,1.3366785481e-01,1.5858540514e-03,1.3208200075e-01,4.5303022922e+00
7.9602998026e+00,4.9138608691e+00,1.3359477513e-01,1.5842420469e-03,1.3201053308e-01,4.5387453205e+00
7.9631787537e+00,4.9166910368e+00,1.3352173476e-01,1.5826328424e-03,1.3193910191e-01,4.5472074208e+00
7.9660577048e+00,4.9195228346e+00,1.3344873367e-01,1.5810264311e-03,1.3186770723e-01,4.5556886368e+00
7.9689366559e+00,4.9223562634e+00,1.3337577184e-01,1.5794228065e-03,1.3179634903e-01,4.5641890125e+00
7.9718156070e+00,4.9251913241e+00,1.3330284926e-01,1.5778219620e-03,1.3172502729e-01,4.5727085919e+00
7.9746945581e+00,4.9280280177e+00,1.3322996590e-01,1.5762238909e-03,1.3165374201e-01,4.5812474190e+00
7.9775735092e+00,4.9308663451e+00,1.3315712175e-01,1.5746285867e-03,1.3158249316e-01,4.5898055382e+00
7.9804524603e+00,4.9337063073e+00,1.3308431678e-01,1.5730360428e-03,1.3151128074e-01,4.5983829936e+00
7.9833314114e+00,4.9365479051e+00,1.3301155098e-01,1.5714462525e-03,1.3144010473e-01,4.6069798297e+00
7.9862103625e+00,4.9393911396e+00,1.3293882432e-01,1.5698592095e-03,1.3136896511e-01,4.6155960911e+00
7.9890893137e+00,4.9422360117e+00,1.3286613679e-01,1.5682749072e-03,1.3129786189e-01,4.6242318223e+00
7.9919682648e+00,4.9450825222e+00,1.3279348837e-01,1.5666933390e-03,1.3122679503e-01,4.6328870681e+00
7.9948472159e+00,4.9479306723e+00,1.3272087904e-01,1.5651144986e-03,1.3115576454e-01,4.6415618733e+00
7.9977261670e+00,4.9507804627e+00,1.3264830877e-01,1.5635383793e-03,1.3108477039e-01,4.6502562828e+00
8.0006051181e+00,4.9536318946e+00,1.3257577755e-01,1.5619649749e-03,1.3101381258e-01,4.6589703416e+00
8.0034840692e+00,4.9564849687e+00,1.3250328536e-01,1.5603942788e-03,1.3094289109e-01,4.6677040950e+00
8.0063630203e+00,4.9593396860e+00,1.3243083219e-01,1.5588262846e-03,1.3087200590e-01,4.6764575881e+00
8.0092419714e+00,4.9621960476e+00,1.3235841800e-01,1.5572609860e-03,1.3080115701e-01,4.6852308663e+00
8.0121209225e+00,4.9650540542e+00,1.3228604278e-01,1.5556983765e-03,1.3073034440e-01,4.6940239751e+00
8.0149998736e+00,4.9679137070e+00,1.3221370651e-01,1.5541384498e-03,1.3065956806e-01,4.7028369600e+00
8.0178788247e+00,4.9707750068e+00,1.3214140917e-01,1.5525811996e-03,1.3058882797e-01,4.7116698666e+00
8.0207577758e+00,4.9736379546e+00,1.3206915074e-01,1.5510266195e-03,1.3051812412e-01,4.7205227408e+00
8.0236367269e+00,4.9765025513e+00,1.3199693121e-01,1.5494747032e-03,1.3044745651e-01,4.7293956284e+00
8.0265156780e+00,4.9793687979e+00,1.3192475055e-01,1.5479254444e-03,1.3037682510e-01,4.7382885754e+00
8.0293946291e+00,4.9822366954e+00,1.3185260874e-01,1.5463788368e-03,1.3030622990e-01,4.7472016279e+00
8.0322735802e+00,4.9851062446e+00,1.3178050577e-01,1.5448348742e-03,1.3023567089e-01,4.7561348321e+00
8.0351525313e+00,4.9879774465e+00,1.3170844161e-01,1.5432935503e-03,1.3016514806e-01,4.7650882342e+00
8.0380314824e+00,4.9908503022e+00,1.3163641624e-01,1.5417548589e-03,1.3009466138e-01,4.7740618808e+00
8.0409104335e+00,4.9937248124e+00,1.3156442965e-01,1.5402187938e-03,1.3002421086e-01,4.7830558183e+00
8.0437893846e+00,4.9966009783e+00,1.3149248182e-01,1.5386853488e-03,1.2995379647e-01,4.7920700933e+00
8.0466683357e+00,4.9994788007e+00,1.3142057272e-01,1.5371545177e-03,1.2988341821e-01,4.8011047527e+00
8.0495472868e+00,5.0023582806e+00,1.3134870234e-01,1.5356262943e-03,1.2981307605e-01,4.8101598431e+00
8.0524262379e+00,5.0052394190e+00,1.3127687066e-01,1.5341006725e-03,1.2974276999e-01,4.8192354116e+00
8.0553051890e+00,5.0081222168e+00,1.3120507766e-01,1.5325776462e-03,1.2967250001e-01,4.8283315052e+00
8.0581841401e+00,5.0110066749e+00,1.3113332331e-01,1.5310572092e-03,1.2960226610e-01,4.8374481712e+00
8.0610630913e+00,5.0138927944e+00,1.3106160760e-01,1.5295393554e-03,1.2953206825e-01,4.8465854567e+00
8.0639420424e+00,5.0167805761e+00,1.3098993052e-01,1.5280240789e-03,1.2946190644e-01,4.8557434092e+00
8.0668209935e+00,5.0196700211e+00,1.3091829203e-01,1.5265113734e-03,1.2939178066e-01,4.8649220762e+00
8.0696999446e+00,5.0225611303e+00,1.3084669213e-01,1.5250012330e-03,1.2932169089e-01,4.8741215052e+00
8.0725788957e+00,5.0254539046e+00,1.3077513078e-01,1.5234936516e-03,1.2925163713e-01,4.8833417440e+00
8.0754578468e+00,5.0283483450e+00,1.3070360798e-01,1.5219886232e-03,1.2918161936e-01,4.8925828404e+00
8.0783367979e+00,5.0312444525e+00,1.3063212371e-01,1.5204861417e-03,1.2911163756e-01,4.9018448424e+00
8.0812157490e+00,5.0341422280e+00,1.3056067793e-01,1.5189862013e-03,1.2904169173e-01,4.9111277980e+00
8.0840947001e+00,5.0370416725e+00,1.3048927064e-01,1.5174887960e-03,1.2897178185e-01,4.9204317554e+00
8.0869736512e+00,5.0399427870e+00,1.3041790182e-01,1.5159939197e-03,1.2890190790e-01,4.9297567627e+00
8.0898526023e+00,5.0428455724e+00,1.3034657144e-01,1.5145015665e-03,1.2883206987e-01,4.9391028686e+00
8.0927315534e+00,5.0457500297e+00,1.3027527948e-01,1.5130117306e-03,1.2876226775e-01,4.9484701213e+00
8.0956105045e+00,5.0486561598e+00,1.3020402594e-01,1.5115244060e-03,1.2869250153e-01,4.9578585696e+00
8.0984894556e+00,5.0515639637e+00,1.3013281078e-01,1.5100395868e-03,1.2862277119e-01,4.9672682621e+00
8.1013684067e+00,5.0544734424e+00,1.3006163399e-01,1.5085572672e-03,1.2855307672e-01,4.9766992477e+00
8.1042473578e+00,5.0573845968e+00,1.2999049555e-01,1.5070774412e-03,1.2848341810e-01,4.9861515754e+00
8.1071263089e+00,5.0602974279e+00,1.2991939543e-01,1.5056001031e-03,1.2841379533e-01,4.9956252942e+00
8.1100052600e+00,5.0632119366e+00,1.2984833363e-01,1.5041252470e-03,1.2834420838e-01,5.0051204532e+00
8.1128842111e+00,5.0661281240e+00,1.2977731012e-01,1.5026528671e-03,1.2827465725e-01,5.0146371018e+00
8.1157631622e+00,5.0690459910e+00,1.2970632488e-01,1.5011829576e-03,1.2820514192e-01,5.0241752893e+00
8.1186421133e+00,5.0719655386e+00,1.2963537789e-01,1.4997155127e-03,1.2813566238e-01,5.0337350654e+00
8.1215210644e+00,5.0748867677e+00,1.2956446914e-01,1.4982505267e-03,1.2806621861e-01,5.0433164795e+00
8.1244000155e+00,5.0778096792e+00,1.2949359860e-01,1.4967879937e-03,1.2799681060e-01,5.0529195816e+00
8.1272789666e+00,5.0807342743e+00,1.2942276625e-01,1.4953279081e-03,1.2792743834e-01,5.0625444213e+00
8.1301579177e+00,5.0836605538e+00,1.2935197208e-01,1.4938702641e-03,1.2785810181e-01,5.0721910487e+00
8.1330368689e+00,5.0865885187e+00,1.2928121606e-01,1.4924150561e-03,1.2778880101e-01,5.0818595140e+00
8.1359158200e+00,5.0895181700e+00,1.2921049818e-01,1.4909622782e-03,1.2771953591e-01,5.0915498673e+00
8.1387947711e+00,5.0924495086e+00,1.2913981842e-01,1.4895119250e-03,1.2765030650e-01,5.1012621588e+00
8.1416737222e+00,5.0953825355e+00,1.2906917676e-01,1.4880639906e-03,1.2758111277e-01,5.1109964392e+00
8.1445526733e+00,5.0983172518e+00,1.2899857318e-01,1.4866184694e-03,1.2751195471e-01,5.1207527589e+00
8.1474316244e+00,5.1012536583e+00,1.2892800765e-01,1.4851753559e-03,1.2744283230e-01,5.1305311686e+00
8.1503105755e+00,5.1041917560e+00,1.2885748017e-01,1.4837346444e-03,1.2737374553e-01,5.1403317192e+00
8.1531895266e+00,5.1071315460e+00,1.2878699071e-01,1.4822963292e-03,1.2730469438e-01,5.1501544614e+00
8.1560684777e+00,5.1100730292e+00,1.2871653925e-01,1.4808604049e-03,1.2723567884e-01,5.1599994464e+00
8.1589474288e+00,5.1130162065e+00,1.2864612577e-01,1.4794268658e-03,1.2716669890e-01,5.1698667253e+00
8.1618263799e+00,5.1159610790e+00,1.2857575026e-01,1.4779957063e-03,1.2709775455e-01,5.1797563494e+00
8.1647053310e+00,5.1189076475e+00,1.2850541269e-01,1.4765669210e-03,1.2702884577e-01,5.1896683700e+00
8.1675842821e+00,5.1218559132e+00,1.2843511304e-01,1.4751405043e-03,1.2695997254e-01,5.1996028387e+00
8.1704632332e+00,5.1248058770e+00,1.2836485131e-01,1.4737164506e-03,1.2689113486e-01,5.2095598070e+00
8.1733421843e+00,5.1277575398e+00,1.2829462746e-01,1.4722947545e-03,1.2682233270e-01,5.2195393268e+00
8.1762211354e+00,5.1307109026e+00,1.2822444147e-01,1.4708754105e-03,1.2675356606e-01,5.2295414499e+00
8.1791000865e+00,5.1336659664e+00,1.2815429334e-01,1.4694584132e-03,1.2668483493e-01,5.2395662282e+00
8.1819790376e+00,5.1366227322e+00,1.2808418304e-01,1.4680437570e-03,1.2661613928e-01,5.2496137139e+00
8.1848579887e+00,5.1395812010e+00,1.2801411054e-01,1.4666314365e-03,1.2654747911e-01,5.2596839592e+00
8.1877369398e+00,5.1425413737e+00,1.2794407584e-01,1.4652214463e-03,1.2647885439e-01,5.2697770165e+00
8.1906158909e+00,5.1455032514e+00,1.2787407891e-01,1.4638137810e-03,1.2641026513e-01,5.2798929381e+00
8.1934948420e+00,5.1484668350e+00,1.2780411973e-01,1.4624084352e-03,1.2634171130e-01,5.2900317768e+00
8.1963737931e+00,5.1514321254e+00,1.2773419829e-01,1.4610054035e-03,1.2627319289e-01,5.3001935852e+00
8.1992527442e+00,5.1543991238e+00,1.2766431456e-01,1.4596046805e-03,1.2620470988e-01,5.3103784161e+00
8.2021316953e+00,5.1573678310e+00,1.2759446853e-01,1.4582062608e-03,1.2613626227e-01,5.3205863225e+00
8.2050106465e+00,5.1603382480e+00,1.2752466017e-01,1.4568101392e-03,1.2606785003e-01,5.3308173575e+00
8.2078895976e+00,5.1633103759e+00,1.2745488947e-01,1.4554163103e-03,1.2599947316e-01,5.3410715743e+00
8.2107685487e+00,5.1662842156e+00,1.2738515641e-01,1.4540247687e-03,1.2593113164e-01,5.3513490261e+00
8.2136474998e+00,5.1692597681e+00,1.2731546097e-01,1.4526355093e-03,1.2586282546e-01,5.3616497665e+00
8.2165264509e+00,5.1722370344e+00,1.2724580313e-01,1.4512485266e-03,1.2579455461e-01,5.3719738490e+00
8.2194054020e+00,5.1752160154e+00,1.2717618287e-01,1.4498638154e-03,1.2572631906e-01,5.3823213274e+00
8.2222843531e+00,5.1781967123e+00,1.2710660018e-01,1.4484813705e-03,1.2565811881e-01,5.3926922553e+00
8.2251633042e+00,5.1811791258e+00,1.2703705502e-01,1.4471011866e-03,1.2558995384e-01,5.4030866869e+00
8.2280422553e+00,5.1841632571e+00,1.2696754739e-01,1.4457232585e-03,1.2552182413e-01,5.4135046760e+00
8.2309212064e+00,5.1871491072e+00,1.2689807727e-01,1.4443475809e-03,1.2545372969e-01,5.4239462771e+00
8.2338001575e+00,5.1901366769e+00,1.2682864463e-01,1.4429741487e-03,1.2538567048e-01,5.4344115442e+00
8.2366791086e+00,5.1931259674e+00,1.2675924946e-01,1.4416029567e-03,1.2531764650e-01,5.4449005320e+00
8.2395580597e+00,5.1961169795e+00,1.2668989173e-01,1.4402339996e-03,1.2524965773e-01,5.4554132950e+00
8.2424370108e+00,5.1991097144e+00,1.2662057144e-01,1.4388672724e-03,1.2518170417e-01,5.4659498878e+00
8.2453159619e+00,5.2021041729e+00,1.2655128856e-01,1.4375027699e-03,1.2511378579e-01,5.4765103653e+00
8.2481949130e+00,5.2051003562e+00,1.2648204306e-01,1.4361404868e-03,1.2504590258e-01,5.4870947825e+00
8.2510738641e+00,5.2080982650e+00,1.2641283494e-01,1.4347804183e-03,1.2497805452e-01,5.4977031944e+00
8.2539528152e+00,5.2110979006e+00,1.2634366417e-01,1.4334225590e-03,1.2491024161e-01,5.5083356562e+00
8.2568317663e+00,5.2140992638e+00,1.2627453074e-01,1.4320669039e-03,1.2484246383e-01,5.5189922233e+00
8.2597107174e+00,5.2171023557e+00,1.2620543462e-01,1.4307134479e-03,1.2477472117e-01,5.5296729512e+00
8.2625896685e+00,5.2201071772e+00,1.2613637580e-01,1.4293621861e-03,1.2470701361e-01,5.5403778953e+00
8.2654686196e+00,5.2231137293e+00,1.2606735425e-01,1.4280131132e-03,1.2463934114e-01,5.5511071116e+00
8.2683475707e+00,5.2261220131e+00,1.2599836996e-01,1.4266662242e-03,1.2457170374e-01,5.5618606557e+00
8.2712265218e+00,5.2291320295e+00,1.2592942291e-01,1.4253215143e-03,1.2450410140e-01,5.5726385836e+00
8.2741054729e+00,5.2321437796e+00,1.2586051309e-01,1.4239789782e-03,1.2443653411e-01,5.5834409516e+00
8.2769844241e+00,5.2351572643e+00,1.2579164046e-01,1.4226386110e-03,1.2436900185e-01,5.5942678157e+00
8.2798633752e+00,5.2381724847e+00,1.2572280502e-01,1.4213004077e-03,1.2430150461e-01,5.6051192325e+00
8.2827423263e+00,5.2411894416e+00,1.2565400673e-01,1.4199643634e-03,1.2423404237e-01,5.6159952583e+00
8.2856212774e+00,5.2442081362e+00,1.2558524560e-01,1.4186304731e-03,1.2416661513e-01,5.6268959499e+00
8.2885002285e+00,5.2472285695e+00,1.2551652159e-01,1.4172987318e-03,1.2409922286e-01,5.6378213639e+00
8.2913791796e+00,5.2502507424e+00,1.2544783469e-01,1.4159691346e-03,1.2403186555e-01,5.6487715573e+00
8.2942581307e+00,5.2532746559e+00,1.2537918487e-01,1.4146416766e-03,1.2396454319e-01,5.6597465871e+00
8.2971370818e+00,5.2563003111e+00,1.2531057213e-01,1.4133163528e-03,1.2389725577e-01,5.6707465104e+00
8.3000160329e+00,5.2593277089e+00,1.2524199643e-01,1.4119931584e-03,1.2383000327e-01,5.6817713846e+00
8.3028949840e+00,5.2623568503e+00,1.2517345777e-01,1.4106720884e-03,1.2376278568e-01,5.6928212670e+00
8.3057739351e+00,5.2653877364e+00,1.2510495611e-01,1.4093531380e-03,1.2369560298e-01,5.7038962153e+00
8.3086528862e+00,5.2684203682e+00,1.2503649146e-01,1.4080363024e-03,1.2362845515e-01,5.7149962870e+00
8.3115318373e+00,5.2714547466e+00,1.2496806377e-01,1.4067215766e-03,1.2356134220e-01,5.7261215401e+00
8.3144107884e+00,5.2744908727e+00,1.2489967305e-01,1.4054089559e-03,1.2349426409e-01,5.7372720324e+00
8.3172897395e+00,5.2775287475e+00,1.2483131926e-01,1.4040984354e-03,1.2342722082e-01,5.7484478221e+00
8.3201686906e+00,5.2805683719e+00,1.2476300238e-01,1.4027900104e-03,1.2336021237e-01,5.7596489674e+00
8.3230476417e+00,5.2836097471e+00,1.2469472241e-01,1.4014836759e-03,1.2329323874e-01,5.7708755266e+00
8.3259265928e+00,5.2866528739e+00,1.2462647932e-01,1.4001794273e-03,1.2322629989e-01,5.7821275583e+00
8.3288055439e+00,5.2896977535e+00,1.2455827309e-01,1.3988772598e-03,1.2315939583e-01,5.7934051210e+00
8.3316844950e+00,5.2927443867e+00,1.2449010370e-01,1.3975771685e-03,1.2309252654e-01,5.8047082736e+00
8.3345634461e+00,5.2957927747e+00,1.2442197114e-01,1.3962791488e-03,1.2302569199e-01,5.8160370749e+00
8.3374423972e+00,5.2988429184e+00,1.2435387539e-01,1.3949831960e-03,1.2295889219e-01,5.8273915840e+00
8.3403213483e+00,5.3018948189e+00,1.2428581642e-01,1.3936893052e-03,1.2289212711e-01,5.8387718600e+00
8.3432002994e+00,5.3049484772e+00,1.2421779421e-01,1.3923974718e-03,1.2282539674e-01,5.8501779623e+00
8.3460792505e+00,5.3080038942e+00,1.2414980876e-01,1.3911076911e-03,1.2275870107e-01,5.8616099503e+00
8.3489582017e+00,5.3110610710e+00,1.2408186004e-01,1.3898199584e-03,1.2269204008e-01,5.8730678836e+00
8.3518371528e+00,5.3141200086e+00,1.2401394803e-01,1.3885342690e-03,1.2262541376e-01,5.8845518219e+00
8.3547161039e+00,5.3171807080e+00,1.2394607271e-01,1.3872506183e-03,1.2255882209e-01,5.8960618251e+00
8.3575950550e+00,5.3202431702e+00,1.2387823407e-01,1.3859690016e-03,1.2249226507e-01,5.9075979532e+00
8.3604740061e+00,5.3233073963e+00,1.2381043208e-01,1.3846894142e-03,1.2242574267e-01,5.9191602663e+00
8.3633529572e+00,5.3263733872e+00,1.2374266673e-01,1.3834118517e-03,1.2235925488e-01,5.9307488247e+00
8.3662319083e+00,5.3294411440e+00,1.2367493800e-01,1.3821363092e-03,1.2229280169e-01,5.9423636888e+00
8.3691108594e+00,5.3325106677e+00,1.2360724586e-01,1.3808627823e-03,1.2222638308e-01,5.9540049192e+00
8.3719898105e+00,5.3355819594e+00,1.2353959031e-01,1.3795912664e-03,1.2215999904e-01,5.9656725766e+00
8.3748687616e+00,5.3386550199e+00,1.2347197132e-01,1.3783217568e-03,1.2209364956e-01,5.9773667218e+00
8.3777477127e+00,5.3417298504e+00,1.2340438887e-01,1.3770542491e-03,1.2202733462e-01,5.9890874158e+00
8.3806266638e+00,5.3448064519e+00,1.2333684295e-01,1.3757887386e-03,1.2196105421e-01,6.0008347197e+00
8.3835056149e+00,5.3478848253e+00,1.2326933353e-01,1.3745252208e-03,1.2189480831e-01,6.0126086949e+00
8.3863845660e+00,5.3509649718e+00,1.2320186060e-01,1.3732636911e-03,1.2182859691e-01,6.0244094026e+00
8.3892635171e+00,5.3540468923e+00,1.2313442414e-01,1.3720041452e-03,1.2176241999e-01,6.0362369044e+00
8.3921424682e+00,5.3571305878e+00,1.2306702413e-01,1.3707465784e-03,1.2169627755e-01,6.0480912621e+00
8.3950214193e+00,5.3602160594e+00,1.2299966055e-01,1.3694909863e-03,1.2163016956e-01,6.0599725374e+00
8.3979003704e+00,5.3633033081e+00,1.2293233338e-01,1.3682373644e-03,1.2156409602e-01,6.0718807924e+00
8.4007793215e+00,5.3663923350e+00,1.2286504261e-01,1.3669857081e-03,1.2149805690e-01,6.0838160891e+00
8.4036582726e+00,5.3694831409e+00,1.2279778821e-01,1.3657360132e-03,1.2143205220e-01,6.0957784899e+00
8.4065372237e+00,5.3725757271e+00,1.2273057017e-01,1.3644882750e-03,1.2136608189e-01,6.1077680570e+00
8.4094161748e+00,5.3756700944e+00,1.2266338847e-01,1.3632424892e-03,1.2130014598e-01,6.1197848532e+00
8.4122951259e+00,5.3787662439e+00,1.2259624308e-01,1.3619986514e-03,1.2123424443e-01,6.1318289410e+00
8.4151740770e+00,5.3818641767e+00,1.2252913400e-01,1.3607567571e-03,1.2116837724e-01,6.1439003834e+00
8.4180530282e+00,5.3849638938e+00,1.2246206120e-01,1.3595168019e-03,1.2110254440e-01,6.1559992433e+00
8.4209319793e+00,5.3880653962e+00,1.2239502466e-01,1.3582787814e-03,1.2103674588e-01,6.1681255838e+00
8.4238109304e+00,5.3911686849e+00,1.2232802437e-01,1.3570426914e-03,1.2097098168e-01,6.1802794682e+00
8.4266898815e+00,5.3942737609e+00,1.2226106031e-01,1.3558085273e-03,1.2090525178e-01,6.1924609600e+00
8.4295688326e+00,5.3973806254e+00,1.2219413245e-01,1.3545762848e-03,1.2083955617e-01,6.2046701227e+00
8.4324477837e+00,5.4004892792e+00,1.2212724078e-01,1.3533459597e-03,1.2077389482e-01,6.2169070200e+00
8.4353267348e+00,5.4035997236e+00,1.2206038529e-01,1.3521175475e-03,1.2070826774e-01,6.2291717159e+00
8.4382056859e+00,5.4067119593e+00,1.2199356594e-01,1.3508910440e-03,1.2064267490e-01,6.2414642743e+00
8.4410846370e+00,5.4098259876e+00,1.2192678273e-01,1.3496664448e-03,1.2057711629e-01,6.2537847594e+00
8.4439635881e+00,5.4129418095e+00,1.2186003564e-01,1.3484437456e-03,1.2051159189e-01,6.2661332354e+00
8.4468425392e+00,5.4160594259e+00,1.2179332464e-01,1.3472229421e-03,1.2044610170e-01,6.2785097670e+00
8.4497214903e+00,5.4191788379e+00,1.2172664972e-01,1.3460040302e-03,1.2038064569e-01,6.2909144186e+00
8.4526004414e+00,5.4223000466e+00,1.2166001086e-01,1.3447870054e-03,1.2031522386e-01,6.3033472550e+00
8.4554793925e+00,5.4254230530e+00,1.2159340804e-01,1.3435718636e-03,1.2024983618e-01,6.3158083412e+00
8.4583583436e+00,5.4285478580e+00,1.2152684125e-01,1.3423586004e-03,1.2018448265e-01,6.3282977422e+00
8.4612372947e+00,5.4316744629e+00,1.2146031046e-01,1.3411472118e-03,1.2011916325e-01,6.3408155233e+00
8.4641162458e+00,5.4348028685e+00,1.2139381565e-01,1.3399376934e-03,1.2005387796e-01,6.3533617497e+00
8.4669951969e+00,5.4379330759e+00,1.2132735682e-01,1.3387300410e-03,1.1998862678e-01,6.3659364870e+00
8.4698741480e+00,5.4410650862e+00,1.2126093393e-01,1.3375242504e-03,1.1992340968e-01,6.3785398008e+00
8.4727530991e+00,5.4441989004e+00,1.2119454697e-01,1.3363203175e-03,1.1985822665e-01,6.3911717571e+00
8.4756320502e+00,5.4473345195e+00,1.2112819592e-01,1.3351182381e-03,1.1979307768e-01,6.4038324217e+00
8.4785110013e+00,5.4504719446e+00,1.2106188077e-01,1.3339180079e-03,1.1972796276e-01,6.4165218607e+00
8.4813899524e+00,5.4536111767e+00,1.2099560149e-01,1.3327196230e-03,1.1966288187e-01,6.4292401405e+00
8.4842689035e+00,5.4567522169e+00,1.2092935807e-01,1.3315230790e-03,1.1959783499e-01,6.4419873275e+00
8.4871478546e+00,5.4598950662e+00,1.2086315049e-01,1.3303283718e-03,1.1953282212e-01,6.4547634882e+00
8.4900268058e+00,5.4630397256e+00,1.2079697873e-01,1.3291354974e-03,1.1946784323e-01,6.4675686894e+00
8.4929057569e+00,5.4661861963e+00,1.2073084277e-01,1.3279444517e-03,1.1940289831e-01,6.4804029981e+00
8.4957847080e+00,5.4693344791e+00,1.2066474259e-01,1.3267552304e-03,1.1933798736e-01,6.4932664811e+00
8.4986636591e+00,5.4724845752e+00,1.2059867817e-01,1.3255678296e-03,1.1927311034e-01,6.5061592058e+00
8.5015426102e+00,5.4756364857e+00,1.2053264951e-01,1.3243822451e-03,1.1920826726e-01,6.5190812395e+00
8.5044215613e+00,5.4787902115e+00,1.2046665657e-01,1.3231984729e-03,1.1914345809e-01,6.5320326496e+00
8.5073005124e+00,5.4819457537e+00,1.2040069934e-01,1.3220165090e-03,1.1907868283e-01,6.5450135040e+00
8.5101794635e+00,5.4851031133e+00,1.2033477780e-01,1.3208363492e-03,1.1901394145e-01,6.5580238704e+00
8.5130584146e+00,5.4882622915e+00,1.2026889193e-01,1.3196579895e-03,1.1894923394e-01,6.5710638167e+00
8.5159373657e+00,5.4914232892e+00,1.2020304172e-01,1.3184814259e-03,1.1888456030e-01,6.5841334112e+00
8.5188163168e+00,5.4945861075e+00,1.2013722715e-01,1.3173066544e-03,1.1881992049e-01,6.5972327221e+00
8.5216952679e+00,5.4977507474e+00,1.2007144819e-01,1.3161336709e-03,1.1875531452e-01,6.6103618178e+00
8.5245742190e+00,5.5009172101e+00,1.2000570483e-01,1.3149624716e-03,1.1869074236e-01,6.6235207671e+00
8.5274531701e+00,5.5040854964e+00,1.1993999705e-01,1.3137930523e-03,1.1862620400e-01,6.6367096386e+00
8.5303321212e+00,5.5072556076e+00,1.1987432484e-01,1.3126254091e-03,1.1856169943e-01,6.6499285014e+00
8.5332110723e+00,5.5104275446e+00,1.1980868817e-01,1.3114595381e-03,1.1849722863e-01,6.6631774244e+00
8.5360900234e+00,5.5136013086e+00,1.1974308703e-01,1.3102954352e-03,1.1843279159e-01,6.6764564770e+00
8.5389689745e+00,5.5167769004e+00,1.1967752139e-01,1.3091330966e-03,1.1836838829e-01,6.6897657286e+00
8.5418479256e+00,5.5199543213e+00,1.1961199124e-01,1.3079725183e-03,1.1830401873e-01,6.7031052486e+00
8.5447268767e+00,5.5231335722e+00,1.1954649657e-01,1.3068136964e-03,1.1823968287e-01,6.7164751070e+00
8.5476058278e+00,5.5263146542e+00,1.1948103735e-01,1.3056566269e-03,1.1817538072e-01,6.7298753735e+00
8.5504847789e+00,5.5294975684e+00,1.1941561356e-01,1.3045013059e-03,1.1811111225e-01,6.7433061183e+00
8.5533637300e+00,5.5326823158e+00,1.1935022519e-01,1.3033477297e-03,1.1804687746e-01,6.7567674115e+00
8.5562426811e+00,5.5358688975e+00,1.1928487222e-01,1.3021958942e-03,1.1798267632e-01,6.7702593235e+00
8.5591216322e+00,5.5390573145e+00,1.1921955463e-01,1.3010457956e-03,1.1791850883e-01,6.7837819249e+00
8.5620005834e+00,5.5422475679e+00,1.1915427239e-01,1.2998974300e-03,1.1785437496e-01,6.7973352863e+00
8.5648795345e+00,5.5454396588e+00,1.1908902551e-01,1.2987507936e-03,1.1779027471e-01,6.8109194788e+00
8.5677584856e+00,5.5486335881e+00,1.1902381395e-01,1.2976058825e-03,1.1772620806e-01,6.8245345732e+00
8.5706374367e+00,5.5518293571e+00,1.1895863769e-01,1.2964626930e-03,1.1766217500e-01,6.8381806408e+00
8.5735163878e+00,5.5550269666e+00,1.1889349673e-01,1.2953212211e-03,1.1759817551e-01,6.8518577530e+00
8.5763953389e+00,5.5582264178e+00,1.1882839103e-01,1.2941814630e-03,1.1753420957e-01,6.8655659813e+00
8.5792742900e+00,5.5614277118e+00,1.1876332059e-01,1.2930434150e-03,1.1747027717e-01,6.8793053974e+00
8.5821532411e+00,5.5646308496e+00,1.1869828538e-01,1.2919070732e-03,1.1740637831e-01,6.8930760731e+00
8.5850321922e+00,5.5678358322e+00,1.1863328539e-01,1.2907724339e-03,1.1734251296e-01,6.9068780805e+00
8.5879111433e+00,5.5710426608e+00,1.1856832060e-01,1.2896394933e-03,1.1727868110e-01,6.9207114917e+00
8.5907900944e+00,5.5742513363e+00,1.1850339098e-01,1.2885082476e-03,1.1721488273e-01,6.9345763793e+00
8.5936690455e+00,5.5774618599e+00,1.1843849653e-01,1.2873786931e-03,1.1715111784e-01,6.9484728156e+00
8.5965479966e+00,5.5806742327e+00,1.1837363722e-01,1.2862508260e-03,1.1708738639e-01,6.9624008733e+00
8.5994269477e+00,5.5838884556e+00,1.1830881304e-01,1.2851246425e-03,1.1702368839e-01,6.9763606254e+00
8.6023058988e+00,5.5871045298e+00,1.1824402396e-01,1.2840001390e-03,1.1696002382e-01,6.9903521449e+00
8.6051848499e+00,5.5903224562e+00,1.1817926997e-01,1.2828773117e-03,1.1689639266e-01,7.0043755049e+00
8.6080638010e+00,5.5935422361e+00,1.1811455106e-01,1.2817561570e-03,1.1683279490e-01,7.0184307789e+00
8.6109427521e+00,5.5967638704e+00,1.1804986719e-01,1.2806366711e-03,1.1676923052e-01,7.0325180404e+00
8.6138217032e+00,5.5999873603e+00,1.1798521836e-01,1.2795188503e-03,1.1670569951e-01,7.0466373632e+00
8.6167006543e+00,5.6032127067e+00,1.1792060455e-01,1.2784026909e-03,1.1664220186e-01,7.0607888210e+00
8.6195796054e+00,5.6064399108e+00,1.1785602574e-01,1.2772881893e-03,1.1657873755e-01,7.0749724879e+00
8.6224585565e+00,5.6096689736e+00,1.1779148190e-01,1.2761753419e-03,1.1651530656e-01,7.0891884383e+00
8.6253375076e+00,5.6128998962e+00,1.1772697303e-01,1.2750641449e-03,1.1645190889e-01,7.1034367464e+00
8.6282164587e+00,5.6161326797e+00,1.1766249911e-01,1.2739545947e-03,1.1638854451e-01,7.1177174869e+00
8.6310954098e+00,5.6193673251e+00,1.1759806011e-01,1.2728466877e-03,1.1632521342e-01,7.1320307344e+00
8.6339743610e+00,5.6226038336e+00,1.1753365601e-01,1.2717404203e-03,1.1626191559e-01,7.1463765640e+00
8.6368533121e+00,5.6258422061e+00,1.1746928681e-01,1.2706357889e-03,1.1619865102e-01,7.1607550507e+00
8.6397322632e+00,5.6290824438e+00,1.1740495248e-01,1.2695327897e-03,1.1613541969e-01,7.1751662697e+00
8.6426112143e+00,5.6323245477e+00,1.1734065301e-01,1.2684314193e-03,1.1607222159e-01,7.1896102966e+00
8.6454901654e+00,5.6355685189e+00,1.1727638837e-01,1.2673316741e-03,1.1600905669e-01,7.2040872068e+00
8.6483691165e+00,5.6388143585e+00,1.1721215854e-01,1.2662335505e-03,1.1594592499e-01,7.2185970763e+00
8.6512480676e+00,5.6420620676e+00,1.1714796352e-01,1.2651370449e-03,1.1588282648e-01,7.2331399810e+00
8.6541270187e+00,5.6453116472e+00,1.1708380328e-01,1.2640421537e-03,1.1581976113e-01,7.2477159969e+00
8.6570059698e+00,5.6485630985e+00,1.1701967780e-01,1.2629488735e-03,1.1575672893e-01,7.2623252005e+00
8.6598849209e+00,5.6518164224e+00,1.1695558707e-01,1.2618572006e-03,1.1569372987e-01,7.2769676682e+00
8.6627638720e+00,5.6550716201e+00,1.1689153107e-01,1.2607671315e-03,1.1563076394e-01,7.2916434767e+00
8.6656428231e+00,5.6583286926e+00,1.1682750978e-01,1.2596786627e-03,1.1556783112e-01,7.3063527028e+00
8.6685217742e+00,5.6615876411e+00,1.1676352318e-01,1.2585917908e-03,1.1550493139e-01,7.3210954236e+00
8.6714007253e+00,5.6648484666e+00,1.1669957125e-01,1.2575065121e-03,1.1544206474e-01,7.3358717163e+00
8.6742796764e+00,5.6681111701e+00,1.1663565398e-01,1.2564228232e-03,1.1537923116e-01,7.3506816582e+00
8.6771586275e+00,5.6713757529e+00,1.1657177135e-01,1.2553407207e-03,1.1531643063e-01,7.3655253269e+00
8.6800375786e+00,5.6746422159e+00,1.1650792334e-01,1.2542602009e-03,1.1525366314e-01,7.3804028001e+00
8.6829165297e+00,5.6779105602e+00,1.1644410993e-01,1.2531812606e-03,1.1519092867e-01,7.3953141558e+00
8.6857954808e+00,5.6811807870e+00,1.1638033110e-01,1.2521038961e-03,1.1512822721e-01,7.4102594721e+00
8.6886744319e+00,5.6844528973e+00,1.1631658685e-01,1.2510281041e-03,1.1506555874e-01,7.4252388272e+00
8.6915533830e+00,5.6877268921e+00,1.1625287714e-01,1.2499538810e-03,1.1500292325e-01,7.4402522997e+00
8.6944323341e+00,5.6910027727e+00,1.1618920196e-01,1.2488812236e-03,1.1494032073e-01,7.4552999681e+00
8.6973112852e+00,5.6942805400e+00,1.1612556129e-01,1.2478101283e-03,1.1487775116e-01,7.4703819113e+00
8.7001902363e+00,5.6975601952e+00,1.1606195512e-01,1.2467405917e-03,1.1481521453e-01,7.4854982083e+00
8.7030691874e+00,5.7008417392e+00,1.1599838342e-01,1.2456726105e-03,1.1475271081e-01,7.5006489382e+00
8.7059481386e+00,5.7041251734e+00,1.1593484619e-01,1.2446061812e-03,1.1469024000e-01,7.5158341805e+00
8.7088270897e+00,5.7074104986e+00,1.1587134339e-01,1.2435413004e-03,1.1462780209e-01,7.5310540148e+00
8.7117060408e+00,5.7106977160e+00,1.1580787502e-01,1.2424779648e-03,1.1456539705e-01,7.5463085207e+00
8.7145849919e+00,5.7139868268e+00,1.1574444105e-01,1.2414161710e-03,1.1450302488e-01,7.5615977782e+00
8.7174639430e+00,5.7172778319e+00,1.1568104147e-01,1.2403559155e-03,1.1444068556e-01,7.5769218673e+00
8.7203428941e+00,5.7205707324e+00,1.1561767627e-01,1.2392971952e-03,1.1437837907e-01,7.5922808685e+00
8.7232218452e+00,5.7238655296e+00,1.1555434541e-01,1.2382400066e-03,1.1431610540e-01,7.6076748622e+00
8.7261007963e+00,5.7271622244e+00,1.1549104889e-01,1.2371843463e-03,1.1425386454e-01,7.6231039290e+00
8.7289797474e+00,5.7304608180e+00,1.1542778668e-01,1.2361302111e-03,1.1419165647e-01,7.6385681499e+00
8.7318586985e+00,5.7337613114e+00,1.1536455877e-01,1.2350775976e-03,1.1412948117e-01,7.6540676057e+00
8.7347376496e+00,5.7370637057e+00,1.1530136514e-01,1.2340265026e-03,1.1406733864e-01,7.6696023779e+00
8.7376166007e+00,5.7403680021e+00,1.1523820578e-01,1.2329769226e-03,1.1400522886e-01,7.6851725478e+00
8.7404955518e+00,5.7436742016e+00,1.1517508066e-01,1.2319288545e-03,1.1394315181e-01,7.7007781970e+00
8.7433745029e+00,5.7469823053e+00,1.1511198977e-01,1.2308822949e-03,1.1388110747e-01,7.7164194073e+00
8.7462534540e+00,5.7502923144e+00,1.1504893309e-01,1.2298372406e-03,1.1381909585e-01,7.7320962607e+00
8.7491324051e+00,5.7536042299e+00,1.1498591060e-01,1.2287936882e-03,1.1375711691e-01,7.7478088393e+00
8.7520113562e+00,5.7569180529e+00,1.1492292228e-01,1.2277516346e-03,1.1369517064e-01,7.7635572256e+00
8.7548903073e+00,5.7602337845e+00,1.1485996812e-01,1.2267110764e-03,1.1363325704e-01,7.7793415021e+00
8.7577692584e+00,5.7635514258e+00,1.1479704810e-01,1.2256720104e-03,1.1357137609e-01,7.7951617516e+00
8.7606482095e+00,5.7668709779e+00,1.1473416219e-01,1.2246344335e-03,1.1350952776e-01,7.8110180569e+00
8.7635271606e+00,5.7701924420e+00,1.1467131040e-01,1.2235983423e-03,1.1344771205e-01,7.8269105012e+00
8.7664061117e+00,5.7735158191e+00,1.1460849268e-01,1.2225637336e-03,1.1338592895e-01,7.8428391679e+00
8.7692850628e+00,5.7768411102e+00,1.1454570904e-01,1.2215306042e-03,1.1332417843e-01,7.8588041404e+00
8.7721640139e+00,5.7801683167e+00,1.1448295944e-01,1.2204989510e-03,1.1326246049e-01,7.8748055025e+00
8.7750429650e+00,5.7834974394e+00,1.1442024388e-01,1.2194687707e-03,1.1320077511e-01,7.8908433381e+00
8.7779219162e+00,5.7868284796e+00,1.1435756233e-01,1.2184400601e-03,1.1313912227e-01,7.9069177312e+00
8.7808008673e+00,5.7901614383e+00,1.1429491478e-01,1.2174128161e-03,1.1307750196e-01,7.9230287662e+00
8.7836798184e+00,5.7934963166e+00,1.1423230121e-01,1.2163870354e-03,1.1301591417e-01,7.9391765275e+00
8.7865587695e+00,5.7968331157e+00,1.1416972159e-01,1.2153627150e-03,1.1295435888e-01,7.9553610998e+00
8.7894377206e+00,5.8001718366e+00,1.1410717593e-01,1.2143398516e-03,1.1289283607e-01,7.9715825681e+00
8.7923166717e+00,5.8035124805e+00,1.1404466418e-01,1.2133184422e-03,1.1283134574e-01,7.9878410173e+00
8.7951956228e+00,5.8068550484e+00,1.1398218635e-01,1.2122984835e-03,1.1276988787e-01,8.0041365328e+00
8.7980745739e+00,5.8101995416e+00,1.1391974241e-01,1.2112799725e-03,1.1270846244e-01,8.0204692000e+00
8.8009535250e+00,5.8135459610e+00,1.1385733234e-01,1.2102629060e-03,1.1264706943e-01,8.0368391047e+00
8.8038324761e+00,5.8168943078e+00,1.1379495613e-01,1.2092472809e-03,1.1258570885e-01,8.0532463325e+00
8.8067114272e+00,5.8202445830e+00,1.1373261375e-01,1.2082330941e-03,1.1252438066e-01,8.0696909697e+00
8.8095903783e+00,5.8235967879e+00,1.1367030520e-01,1.2072203426e-03,1.1246308485e-01,8.0861731025e+00
8.8124693294e+00,5.8269509236e+00,1.1360803044e-01,1.2062090231e-03,1.1240182142e-01,8.1026928173e+00
8.8153482805e+00,5.8303069910e+00,1.1354578948e-01,1.2051991326e-03,1.1234059034e-01,8.1192502008e+00
8.8182272316e+00,5.8336649914e+00,1.1348358228e-01,1.2041906681e-03,1.1227939161e-01,8.1358453399e+00
8.8211061827e+00,5.8370249259e+00,1.1342140883e-01,1.2031836265e-03,1.1221822520e-01,8.1524783217e+00
8.8239851338e+00,5.8403867956e+00,1.1335926911e-01,1.2021780047e-03,1.1215709110e-01,8.1691492334e+00
8.8268640849e+00,5.8437506015e+00,1.1329716311e-01,1.2011737997e-03,1.1209598931e-01,8.1858581624e+00
8.8297430360e+00,5.8471163448e+00,1.1323509080e-01,1.2001710084e-03,1.1203491979e-01,8.2026051965e+00
8.8326219871e+00,5.8504840267e+00,1.1317305217e-01,1.1991696278e-03,1.1197388255e-01,8.2193904235e+00
8.8355009382e+00,5.8538536482e+00,1.1311104721e-01,1.1981696549e-03,1.1191287756e-01,8.2362139315e+00
8.8383798893e+00,5.8572252104e+00,1.1304907589e-01,1.1971710866e-03,1.1185190480e-01,8.2530758087e+00
8.8412588404e+00,5.8605987145e+00,1.1298713820e-01,1.1961739199e-03,1.1179096428e-01,8.2699761438e+00
8.8441377915e+00,5.8639741617e+00,1.1292523412e-01,1.1951781518e-03,1.1173005596e-01,8.2869150253e+00
8.8470167426e+00,5.8673515529e+00,1.1286336363e-01,1.1941837793e-03,1.1166917985e-01,8.3038925421e+00
8.8498956938e+00,5.8707308893e+00,1.1280152671e-01,1.1931907995e-03,1.1160833591e-01,8.3209087834e+00
8.8527746449e+00,5.8741121721e+00,1.1273972335e-01,1.1921992094e-03,1.1154752414e-01,8.3379638385e+00
8.8556535960e+00,5.8774954024e+00,1.1267795353e-01,1.1912090058e-03,1.1148674452e-01,8.3550577968e+00
8.8585325471e+00,5.8808805812e+00,1.1261621723e-01,1.1902201860e-03,1.1142599705e-01,8.3721907481e+00
8.8614114982e+00,5.8842677098e+00,1.1255451444e-01,1.1892327470e-03,1.1136528169e-01,8.3893627823e+00
8.8642904493e+00,5.8876567892e+00,1.1249284513e-01,1.1882466857e-03,1.1130459845e-01,8.4065739896e+00
8.8671694004e+00,5.8910478206e+00,1.1243120930e-01,1.1872619993e-03,1.1124394730e-01,8.4238244603e+00
8.8700483515e+00,5.8944408051e+00,1.1236960691e-01,1.1862786847e-03,1.1118332823e-01,8.4411142850e+00
8.8729273026e+00,5.8978357437e+00,1.1230803796e-01,1.1852967392e-03,1.1112274122e-01,8.4584435543e+00
8.8758062537e+00,5.9012326377e+00,1.1224650243e-01,1.1843161597e-03,1.1106218627e-01,8.4758123594e+00
8.8786852048e+00,5.9046314882e+00,1.1218500030e-01,1.1833369433e-03,1.1100166335e-01,8.4932207914e+00
8.8815641559e+00,5.9080322962e+00,1.1212353155e-01,1.1823590872e-03,1.1094117246e-01,8.5106689416e+00
8.8844431070e+00,5.9114350630e+00,1.1206209616e-01,1.1813825884e-03,1.1088071357e-01,8.5281569017e+00
8.8873220581e+00,5.9148397896e+00,1.1200069412e-01,1.1804074440e-03,1.1082028668e-01,8.5456847635e+00
8.8902010092e+00,5.9182464772e+00,1.1193932542e-01,1.1794336512e-03,1.1075989176e-01,8.5632526190e+00
8.8930799603e+00,5.9216551269e+00,1.1187799002e-01,1.1784612070e-03,1.1069952881e-01,8.5808605605e+00
8.8959589114e+00,5.9250657398e+00,1.1181668792e-01,1.1774901086e-03,1.1063919781e-01,8.5985086805e+00
8.8988378625e+00,5.9284783171e+00,1.1175541910e-01,1.1765203532e-03,1.1057889875e-01,8.6161970715e+00
8.9017168136e+00,5.9318928598e+00,1.1169418354e-01,1.1755519378e-03,1.1051863160e-01,8.6339258266e+00
8.9045957647e+00,5.9353093693e+00,1.1163298122e-01,1.1745848596e-03,1.1045839636e-01,8.6516950387e+00
8.9074747158e+00,5.9387278464e+00,1.1157181213e-01,1.1736191159e-03,1.1039819301e-01,8.6695048012e+00
8.9103536669e+00,5.9421482925e+00,1.1151067624e-01,1.1726547037e-03,1.1033802154e-01,8.6873552077e+00
8.9132326180e+00,5.9455707085e+00,1.1144957355e-01,1.1716916202e-03,1.1027788193e-01,8.7052463519e+00
8.9161115691e+00,5.9489950958e+00,1.1138850403e-01,1.1707298626e-03,1.1021777417e-01,8.7231783277e+00
8.9189905202e+00,5.9524214553e+00,1.1132746767e-01,1.1697694280e-03,1.1015769824e-01,8.7411512294e+00
8.9218694714e+00,5.9558497883e+00,1.1126646445e-01,1.1688103138e-03,1.1009765413e-01,8.7591651513e+00
8.9247484225e+00,5.9592800958e+00,1.1120549434e-01,1.1678525170e-03,1.1003764183e-01,8.7772201881e+00
8.9276273736e+00,5.9627123791e+00,1.1114455735e-01,1.1668960349e-03,1.0997766131e-01,8.7953164346e+00
8.9305063247e+00,5.9661466392e+00,1.1108365344e-01,1.1659408648e-03,1.0991771257e-01,8.8134539858e+00
8.9333852758e+00,5.9695828772e+00,1.1102278260e-01,1.1649870037e-03,1.0985779559e-01,8.8316329371e+00
8.9362642269e+00,5.9730210944e+00,1.1096194481e-01,1.1640344490e-03,1.0979791036e-01,8.8498533839e+00
8.9391431780e+00,5.9764612919e+00,1.1090114006e-01,1.1630831978e-03,1.0973805686e-01,8.8681154220e+00
8.9420221291e+00,5.9799034707e+00,1.1084036832e-01,1.1621332475e-03,1.0967823507e-01,8.8864191472e+00
8.9449010802e+00,5.9833476321e+00,1.1077962959e-01,1.1611845953e-03,1.0961844499e-01,8.9047646559e+00
8.9477800313e+00,5.9867937772e+00,1.1071892384e-01,1.1602372384e-03,1.0955868660e-01,8.9231520442e+00
8.9506589824e+00,5.9902419071e+00,1.1065825105e-01,1.1592911741e-03,1.0949895988e-01,8.9415814089e+00
8.9535379335e+00,5.9936920230e+00,1.1059761122e-01,1.1583463996e-03,1.0943926482e-01,8.9600528468e+00
8.9564168846e+00,5.9971441260e+00,1.1053700432e-01,1.1574029123e-03,1.0937960140e-01,8.9785664550e+00
8.9592958357e+00,6.0005982173e+00,1.1047643033e-01,1.1564607095e-03,1.0931996962e-01,8.9971223306e+00
8.9621747868e+00,6.0040542980e+00,1.1041588924e-01,1.1555197883e-03,1.0926036945e-01,9.0157205713e+00
8.9650537379e+00,6.0075123692e+00,1.1035538103e-01,1.1545801462e-03,1.0920080088e-01,9.0343612748e+00
8.9679326890e+00,6.0109724321e+00,1.1029490568e-01,1.1536417803e-03,1.0914126390e-01,9.0530445389e+00
8.9708116401e+00,6.0144344879e+00,1.1023446317e-01,1.1527046881e-03,1.0908175849e-01,9.0717704620e+00
8.9736905912e+00,6.0178985376e+00,1.1017405350e-01,1.1517688669e-03,1.0902228463e-01,9.0905391423e+00
8.9765695423e+00,6.0213645825e+00,1.1011367664e-01,1.1508343139e-03,1.0896284232e-01,9.1093506787e+00
8.9794484934e+00,6.0248326237e+00,1.1005333257e-01,1.1499010266e-03,1.0890343154e-01,9.1282051698e+00
8.9823274445e+00,6.0283026623e+00,1.0999302128e-01,1.1489690022e-03,1.0884405227e-01,9.1471027148e+00
8.9852063956e+00,6.0317746995e+00,1.0993274275e-01,1.1480382380e-03,1.0878470451e-01,9.1660434131e+00
8.9880853467e+00,6.0352487364e+00,1.0987249696e-01,1.1471087316e-03,1.0872538822e-01,9.1850273642e+00
8.9909642978e+00,6.0387247743e+00,1.0981228389e-01,1.1461804801e-03,1.0866610341e-01,9.2040546679e+00
8.9938432490e+00,6.0422028142e+00,1.0975210354e-01,1.1452534810e-03,1.0860685006e-01,9.2231254241e+00
8.9967222001e+00,6.0456828573e+00,1.0969195587e-01,1.1443277316e-03,1.0854762814e-01,9.2422397332e+00
8.9996011512e+00,6.0491649047e+00,1.0963184088e-01,1.1434032293e-03,1.0848843765e-01,9.2613976956e+00
9.0024801023e+00,6.0526489576e+00,1.0957175855e-01,1.1424799715e-03,1.0842927858e-01,9.2805994121e+00
9.0053590534e+00,6.0561350172e+00,1.0951170885e-01,1.1415579557e-03,1.0837015090e-01,9.2998449835e+00
9.0082380045e+00,6.0596230847e+00,1.0945169178e-01,1.1406371791e-03,1.0831105461e-01,9.3191345111e+00
9.0111169556e+00,6.0631131610e+00,1.0939170732e-01,1.1397176392e-03,1.0825198968e-01,9.3384680963e+00
9.0139959067e+00,6.0666052476e+00,1.0933175544e-01,1.1387993334e-03,1.0819295611e-01,9.3578458407e+00
9.0168748578e+00,6.0700993454e+00,1.0927183614e-01,1.1378822592e-03,1.0813395388e-01,9.3772678462e+00
9.0197538089e+00,6.0735954556e+00,1.0921194939e-01,1.1369664138e-03,1.0807498297e-01,9.3967342149e+00
9.0226327600e+00,6.0770935795e+00,1.0915209517e-01,1.1360517949e-03,1.0801604338e-01,9.4162450492e+00
9.0255117111e+00,6.0805937181e+00,1.0909227348e-01,1.1351383998e-03,1.0795713508e-01,9.4358004516e+00
9.0283906622e+00,6.0840958727e+00,1.0903248429e-01,1.1342262259e-03,1.0789825806e-01,9.4554005251e+00
9.0312696133e+00,6.0876000443e+00,1.0897272759e-01,1.1333152708e-03,1.0783941232e-01,9.4750453726e+00
9.0341485644e+00,6.0911062342e+00,1.0891300335e-01,1.1324055318e-03,1.0778059782e-01,9.4947350974e+00
9.0370275155e+00,6.0946144435e+00,1.0885331157e-01,1.1314970065e-03,1.0772181456e-01,9.5144698032e+00
9.0399064666e+00,6.0981246734e+00,1.0879365222e-01,1.1305896922e-03,1.0766306253e-01,9.5342495937e+00
9.0427854177e+00,6.1016369250e+00,1.0873402529e-01,1.1296835865e-03,1.0760434171e-01,9.5540745729e+00
9.0456643688e+00,6.1051511995e+00,1.0867443076e-01,1.1287786869e-03,1.0754565208e-01,9.5739448451e+00
9.0485433199e+00,6.1086674981e+00,1.0861486862e-01,1.1278749909e-03,1.0748699363e-01,9.5938605148e+00
9.0514222710e+00,6.1121858219e+00,1.0855533884e-01,1.1269724958e-03,1.0742836635e-01,9.6138216867e+00
9.0543012221e+00,6.1157061722e+00,1.0849584142e-01,1.1260711993e-03,1.0736977022e-01,9.6338284658e+00
9.0571801732e+00,6.1192285499e+00,1.0843637632e-01,1.1251710989e-03,1.0731120522e-01,9.6538809574e+00
9.0600591243e+00,6.1227529565e+00,1.0837694354e-01,1.1242721920e-03,1.0725267135e-01,9.6739792669e+00
9.0629380755e+00,6.1262793929e+00,1.0831754307e-01,1.1233744762e-03,1.0719416859e-01,9.6941235001e+00
9.0658170266e+00,6.1298078604e+00,1.0825817487e-01,1.1224779490e-03,1.0713569692e-01,9.7143137629e+00
9.0686959777e+00,6.1333383601e+00,1.0819883894e-01,1.1215826079e-03,1.0707725633e-01,9.7345501615e+00
9.0715749288e+00,6.1368708933e+00,1.0813953526e-01,1.1206884506e-03,1.0701884680e-01,9.7548328025e+00
9.0744538799e+00,6.1404054610e+00,1.0808026380e-01,1.1197954744e-03,1.0696046833e-01,9.7751617924e+00
9.0773328310e+00,6.1439420645e+00,1.0802102457e-01,1.1189036770e-03,1.0690212089e-01,9.7955372382e+00
9.0802117821e+00,6.1474807049e+00,1.0796181753e-01,1.1180130560e-03,1.0684380447e-01,9.8159592472e+00
9.0830907332e+00,6.1510213834e+00,1.0790264267e-01,1.1171236088e-03,1.0678551906e-01,9.8364279268e+00
9.0859696843e+00,6.1545641012e+00,1.0784349997e-01,1.1162353331e-03,1.0672726464e-01,9.8569433846e+00
9.0888486354e+00,6.1581088595e+00,1.0778438942e-01,1.1153482264e-03,1.0666904120e-01,9.8775057286e+00
9.0917275865e+00,6.1616556593e+00,1.0772531101e-01,1.1144622864e-03,1.0661084872e-01,9.8981150671e+00
9.0946065376e+00,6.1652045020e+00,1.0766626470e-01,1.1135775106e-03,1.0655268719e-01,9.9187715084e+00
9.0974854887e+00,6.1687553887e+00,1.0760725049e-01,1.1126938965e-03,1.0649455659e-01,9.9394751612e+00
9.1003644398e+00,6.1723083205e+00,1.0754826836e-01,1.1118114419e-03,1.0643645692e-01,9.9602261345e+00
9.1032433909e+00,6.1758632986e+00,1.0748931829e-01,1.1109301442e-03,1.0637838815e-01,9.9810245375e+00
9.1061223420e+00,6.1794203242e+00,1.0743040027e-01,1.1100500012e-03,1.0632035027e-01,1.0001870480e+01
9.1090012931e+00,6.1829793986e+00,1.0737151428e-01,1.1091710104e-03,1.0626234327e-01,1.0022764071e+01
9.1118802442e+00,6.1865405228e+00,1.0731266030e-01,1.1082931695e-03,1.0620436713e-01,1.0043705420e+01
9.1147591953e+00,6.1901036980e+00,1.0725383831e-01,1.1074164760e-03,1.0614642184e-01,1.0064694639e+01
9.1176381464e+00,6.1936689255e+00,1.0719504830e-01,1.1065409277e-03,1.0608850738e-01,1.0085731837e+01
9.1205170975e+00,6.1972362064e+00,1.0713629026e-01,1.1056665221e-03,1.0603062374e-01,1.0106817126e+01
9.1233960486e+00,6.2008055419e+00,1.0707756416e-01,1.1047932569e-03,1.0597277090e-01,1.0127950615e+01
9.1262749997e+00,6.2043769332e+00,1.0701886998e-01,1.1039211298e-03,1.0591494885e-01,1.0149132417e+01
9.1291539508e+00,6.2079503814e+00,1.0696020772e-01,1.1030501384e-03,1.0585715758e-01,1.0170362643e+01
9.1320329019e+00,6.2115258878e+00,1.0690157735e-01,1.1021802804e-03,1.0579939707e-01,1.0191641404e+01
9.1349118531e+00,6.2151034536e+00,1.0684297886e-01,1.1013115535e-03,1.0574166731e-01,1.0212968813e+01
9.1377908042e+00,6.2186830798e+00,1.0678441223e-01,1.1004439553e-03,1.0568396827e-01,1.0234344982e+01
9.1406697553e+00,6.2222647678e+00,1.0672587744e-01,1.0995774835e-03,1.0562629996e-01,1.0255770024e+01
9.1435487064e+00,6.2258485186e+00,1.0666737448e-01,1.0987121358e-03,1.0556866235e-01,1.0277244051e+01
9.1464276575e+00,6.2294343335e+00,1.0660890333e-01,1.0978479099e-03,1.0551105542e-01,1.0298767176e+01
9.1493066086e+00,6.2330222138e+00,1.0655046398e-01,1.0969848035e-03,1.0545347918e-01,1.0320339512e+01
9.1521855597e+00,6.2366121604e+00,1.0649205640e-01,1.0961228142e-03,1.0539593359e-01,1.0341961174e+01
9.1550645108e+00,6.2402041747e+00,1.0643368058e-01,1.0952619399e-03,1.0533841864e-01,1.0363632274e+01
9.1579434619e+00,6.2437982579e+00,1.0637533651e-01,1.0944021783e-03,1.0528093433e-01,1.0385352928e+01
9.1608224130e+00,6.2473944111e+00,1.0631702416e-01,1.0935435269e-03,1.0522348064e-01,1.0407123249e+01
9.1637013641e+00,6.2509926355e+00,1.0625874352e-01,1.0926859837e-03,1.0516605754e-01,1.0428943352e+01
9.1665803152e+00,6.2545929323e+00,1.0620049458e-01,1.0918295462e-03,1.0510866503e-01,1.0450813353e+01
9.1694592663e+00,6.2581953028e+00,1.0614227731e-01,1.0909742124e-03,1.0505130310e-01,1.0472733365e+01
9.1723382174e+00,6.2617997481e+00,1.0608409171e-01,1.0901199798e-03,1.0499397173e-01,1.0494703505e+01
9.1752171685e+00,6.2654062693e+00,1.0602593774e-01,1.0892668462e-03,1.0493667090e-01,1.0516723888e+01
9.1780961196e+00,6.2690148678e+00,1.0596781541e-01,1.0884148095e-03,1.0487940060e-01,1.0538794630e+01
9.1809750707e+00,6.2726255446e+00,1.0590972468e-01,1.0875638673e-03,1.0482216081e-01,1.0560915848e+01
9.1838540218e+00,6.2762383011e+00,1.0585166555e-01,1.0867140174e-03,1.0476495153e-01,1.0583087657e+01
9.1867329729e+00,6.2798531383e+00,1.0579363799e-01,1.0858652577e-03,1.0470777273e-01,1.0605310175e+01
9.1896119240e+00,6.2834700575e+00,1.0573564199e-01,1.0850175858e-03,1.0465062441e-01,1.0627583519e+01
9.1924908751e+00,6.2870890599e+00,1.0567767754e-01,1.0841709996e-03,1.0459350654e-01,1.0649907806e+01
9.1953698262e+00,6.2907101467e+00,1.0561974461e-01,1.0833254969e-03,1.0453641912e-01,1.0672283154e+01
9.1982487773e+00,6.2943333191e+00,1.0556184320e-01,1.0824810754e-03,1.0447936212e-01,1.0694709680e+01
9.2011277284e+00,6.2979585783e+00,1.0550397327e-01,1.0816377329e-03,1.0442233554e-01,1.0717187502e+01
9.2040066795e+00,6.3015859254e+00,1.0544613483e-01,1.0807954673e-03,1.0436533936e-01,1.0739716740e+01
9.2068856307e+00,6.3052153618e+00,1.0538832784e-01,1.0799542764e-03,1.0430837357e-01,1.0762297511e+01
9.2097645818e+00,6.3088468885e+00,1.0533055230e-01,1.0791141580e-03,1.0425143815e-01,1.0784929935e+01
9.2126435329e+00,6.3124805068e+00,1.0527280819e-01,1.0782751099e-03,1.0419453308e-01,1.0807614130e+01
9.2155224840e+00,6.3161162180e+00,1.0521509549e-01,1.0774371299e-03,1.0413765836e-01,1.0830350217e+01
9.2184014351e+00,6.3197540231e+00,1.0515741418e-01,1.0766002159e-03,1.0408081396e-01,1.0853138314e+01
9.2212803862e+00,6.3233939235e+00,1.0509976425e-01,1.0757643656e-03,1.0402399988e-01,1.0875978543e+01
9.2241593373e+00,6.3270359203e+00,1.0504214568e-01,1.0749295771e-03,1.0396721610e-01,1.0898871023e+01
9.2270382884e+00,6.3306800147e+00,1.0498455845e-01,1.0740958480e-03,1.0391046260e-01,1.0921815876e+01
9.2299172395e+00,6.3343262080e+00,1.0492700255e-01,1.0732631763e-03,1.0385373938e-01,1.0944813221e+01
9.2327961906e+00,6.3379745013e+00,1.0486947797e-01,1.0724315598e-03,1.0379704641e-01,1.0967863180e+01
9.2356751417e+00,6.3416248959e+00,1.0481198468e-01,1.0716009964e-03,1.0374038368e-01,1.0990965875e+01
9.2385540928e+00,6.3452773929e+00,1.0475452266e-01,1.0707714840e-03,1.0368375118e-01,1.1014121427e+01
9.2414330439e+00,6.3489319936e+00,1.0469709191e-01,1.0699430203e-03,1.0362714889e-01,1.1037329958e+01
9.2443119950e+00,6.3525886992e+00,1.0463969241e-01,1.0691156034e-03,1.0357057681e-01,1.1060591590e+01
9.2471909461e+00,6.3562475109e+00,1.0458232413e-01,1.0682892311e-03,1.0351403490e-01,1.1083906447e+01
9.2500698972e+00,6.3599084300e+00,1.0452498707e-01,1.0674639012e-03,1.0345752317e-01,1.1107274651e+01
9.2529488483e+00,6.3635714575e+00,1.0446768120e-01,1.0666396118e-03,1.0340104159e-01,1.1130696325e+01
9.2558277994e+00,6.3672365948e+00,1.0441040651e-01,1.0658163606e-03,1.0334459015e-01,1.1154171592e+01
9.2587067505e+00,6.3709038430e+00,1.0435316299e-01,1.0649941456e-03,1.0328816884e-01,1.1177700576e+01
9.2615857016e+00,6.3745732035e+00,1.0429595061e-01,1.0641729647e-03,1.0323177765e-01,1.1201283402e+01
9.2644646527e+00,6.3782446773e+00,1.0423876936e-01,1.0633528159e-03,1.0317541655e-01,1.1224920193e+01
9.2673436038e+00,6.3819182657e+00,1.0418161923e-01,1.0625336969e-03,1.0311908553e-01,1.1248611074e+01
9.2702225549e+00,6.3855939699e+00,1.0412450019e-01,1.0617156059e-03,1.0306278458e-01,1.1272356170e+01
9.2731015060e+00,6.3892717912e+00,1.0406741223e-01,1.0608985407e-03,1.0300651369e-01,1.1296155606e+01
9.2759804571e+00,6.3929517308e+00,1.0401035534e-01,1.0600824992e-03,1.0295027284e-01,1.1320009508e+01
9.2788594083e+00,6.3966337898e+00,1.0395332950e-01,1.0592674794e-03,1.0289406202e-01,1.1343918000e+01
9.2817383594e+00,6.4003179695e+00,1.0389633469e-01,1.0584534792e-03,1.0283788121e-01,1.1367881210e+01
9.2846173105e+00,6.4040042712e+00,1.0383937089e-01,1.0576404966e-03,1.0278173039e-01,1.1391899264e+01
9.2874962616e+00,6.4076926960e+00,1.0378243809e-01,1.0568285296e-03,1.0272560956e-01,1.1415972287e+01
9.2903752127e+00,6.4113832452e+00,1.0372553628e-01,1.0560175761e-03,1.0266951870e-01,1.1440100408e+01
9.2932541638e+00,6.4150759200e+00,1.0366866543e-01,1.0552076340e-03,1.0261345780e-01,1.1464283753e+01
9.2961331149e+00,6.4187707216e+00,1.0361182553e-01,1.0543987015e-03,1.0255742683e-01,1.1488522449e+01
9.2990120660e+00,6.4224676512e+00,1.0355501656e-01,1.0535907763e-03,1.0250142579e-01,1.1512816625e+01
9.3018910171e+00,6.4261667101e+00,1.0349823852e-01,1.0527838566e-03,1.0244545466e-01,1.1537166409e+01
9.3047699682e+00,6.4298678995e+00,1.0344149137e-01,1.0519779402e-03,1.0238951343e-01,1.1561571928e+01
9.3076489193e+00,6.4335712206e+00,1.0338477511e-01,1.0511730253e-03,1.0233360208e-01,1.1586033312e+01
9.3105278704e+00,6.4372766747e+00,1.0332808971e-01,1.0503691098e-03,1.0227772060e-01,1.1610550689e+01
9.3134068215e+00,6.4409842630e+00,1.0327143517e-01,1.0495661916e-03,1.0222186898e-01,1.1635124189e+01
9.3162857726e+00,6.4446939866e+00,1.0321481146e-01,1.0487642689e-03,1.0216604719e-01,1.1659753942e+01
9.3191647237e+00,6.4484058469e+00,1.0315821857e-01,1.0479633396e-03,1.0211025523e-01,1.1684440077e+01
9.3220436748e+00,6.4521198451e+00,1.0310165649e-01,1.0471634017e-03,1.0205449308e-01,1.1709182724e+01
9.3249226259e+00,6.4558359823e+00,1.0304512519e-01,1.0463644533e-03,1.0199876073e-01,1.1733982013e+01
9.3278015770e+00,6.4595542599e+00,1.0298862466e-01,1.0455664924e-03,1.0194305817e-01,1.1758838077e+01
9.3306805281e+00,6.4632746791e+00,1.0293215488e-01,1.0447695170e-03,1.0188738537e-01,1.1783751045e+01
9.3335594792e+00,6.4669972411e+00,1.0287571585e-01,1.0439735252e-03,1.0183174232e-01,1.1808721048e+01
9.3364384303e+00,6.4707219470e+00,1.0281930753e-01,1.0431785150e-03,1.0177612902e-01,1.1833748220e+01
9.3393173814e+00,6.4744487983e+00,1.0276292992e-01,1.0423844844e-03,1.0172054544e-01,1.1858832691e+01
9.3421963325e+00,6.4781777961e+00,1.0270658300e-01,1.0415914316e-03,1.0166499157e-01,1.1883974594e+01
9.3450752836e+00,6.4819089416e+00,1.0265026675e-01,1.0407993545e-03,1.0160946740e-01,1.1909174062e+01
9.3479542347e+00,6.4856422360e+00,1.0259398116e-01,1.0400082512e-03,1.0155397291e-01,1.1934431227e+01
9.3508331859e+00,6.4893776807e+00,1.0253772621e-01,1.0392181198e-03,1.0149850809e-01,1.1959746222e+01
9.3537121370e+00,6.4931152769e+00,1.0248150188e-01,1.0384289584e-03,1.0144307292e-01,1.1985119182e+01
9.3565910881e+00,6.4968550257e+00,1.0242530816e-01,1.0376407651e-03,1.0138766740e-01,1.2010550240e+01
9.3594700392e+00,6.5005969285e+00,1.0236914504e-01,1.0368535378e-03,1.0133229150e-01,1.2036039529e+01
9.3623489903e+00,6.5043409864e+00,1.0231301249e-01,1.0360672747e-03,1.0127694521e-01,1.2061587185e+01
9.3652279414e+00,6.5080872007e+00,1.0225691049e-01,1.0352819740e-03,1.0122162852e-01,1.2087193342e+01
9.3681068925e+00,6.5118355727e+00,1.0220083904e-01,1.0344976336e-03,1.0116634141e-01,1.2112858136e+01
9.3709858436e+00,6.5155861036e+00,1.0214479812e-01,1.0337142517e-03,1.0111108387e-01,1.2138581701e+01
9.3738647947e+00,6.5193387947e+00,1.0208878771e-01,1.0329318265e-03,1.0105585589e-01,1.2164364173e+01
9.3767437458e+00,6.5230936471e+00,1.0203280780e-01,1.0321503559e-03,1.0100065744e-01,1.2190205689e+01
9.3796226969e+00,6.5268506622e+00,1.0197685836e-01,1.0313698381e-03,1.0094548852e-01,1.2216106384e+01
9.3825016480e+00,6.5306098411e+00,1.0192093938e-01,1.0305902713e-03,1.0089034911e-01,1.2242066396e+01
9.3853805991e+00,6.5343711851e+00,1.0186505085e-01,1.0298116535e-03,1.0083523920e-01,1.2268085861e+01
9.3882595502e+00,6.5381346956e+00,1.0180919276e-01,1.0290339830e-03,1.0078015877e-01,1.2294164916e+01
9.3911385013e+00,6.5419003736e+00,1.0175336507e-01,1.0282572577e-03,1.0072510781e-01,1.2320303700e+01
9.3940174524e+00,6.5456682205e+00,1.0169756778e-01,1.0274814759e-03,1.0067008631e-01,1.2346502349e+01
9.3968964035e+00,6.5494382375e+00,1.0164180088e-01,1.0267066357e-03,1.0061509424e-01,1.2372761002e+01
9.3997753546e+00,6.5532104259e+00,1.0158606434e-01,1.0259327353e-03,1.0056013161e-01,1.2399079798e+01
9.4026543057e+00,6.5569847869e+00,1.0153035815e-01,1.0251597727e-03,1.0050519838e-01,1.2425458876e+01
9.4055332568e+00,6.5607613217e+00,1.0147468230e-01,1.0243877462e-03,1.0045029455e-01,1.2451898374e+01
9.4084122079e+00,6.5645400317e+00,1.0141903676e-01,1.0236166539e-03,1.0039542010e-01,1.2478398433e+01
9.4112911590e+00,6.5683209181e+00,1.0136342152e-01,1.0228464939e-03,1.0034057503e-01,1.2504959192e+01
9.4141701101e+00,6.5721039820e+00,1.0130783657e-01,1.0220772645e-03,1.0028575931e-01,1.2531580790e+01
9.4170490612e+00,6.5758892249e+00,1.0125228189e-01,1.0213089639e-03,1.0023097293e-01,1.2558263370e+01
9.4199280123e+00,6.5796766479e+00,1.0119675746e-01,1.0205415901e-03,1.0017621587e-01,1.2585007071e+01
9.4228069635e+00,6.5834662523e+00,1.0114126327e-01,1.0197751414e-03,1.0012148813e-01,1.2611812034e+01
9.4256859146e+00,6.5872580393e+00,1.0108579930e-01,1.0190096159e-03,1.0006678968e-01,1.2638678401e+01
9.4285648657e+00,6.5910520102e+00,1.0103036554e-01,1.0182450119e-03,1.0001212052e-01,1.2665606315e+01
9.4314438168e+00,6.5948481663e+00,1.0097496196e-01,1.0174813276e-03,9.9957480633e-02,1.2692595916e+01
9.4343227679e+00,6.5986465088e+00,1.0091958856e-01,1.0167185611e-03,9.9902869998e-02,1.2719647347e+01
9.4372017190e+00,6.6024470390e+00,1.0086424531e-01,1.0159567106e-03,9.9848288604e-02,1.2746760751e+01
9.4400806701e+00,6.6062497581e+00,1.0080893221e-01,1.0151957744e-03,9.9793736437e-02,1.2773936272e+01
9.4429596212e+00,6.6100546674e+00,1.0075364923e-01,1.0144357507e-03,9.9739213482e-02,1.2801174052e+01
9.4458385723e+00,6.6138617682e+00,1.0069839636e-01,1.0136766377e-03,9.9684719726e-02,1.2828474235e+01
9.4487175234e+00,6.6176710617e+00,1.0064317359e-01,1.0129184336e-03,9.9630255155e-02,1.2855836966e+01
9.4515964745e+00,6.6214825492e+00,1.0058798089e-01,1.0121611366e-03,9.9575819754e-02,1.2883262388e+01
9.4544754256e+00,6.6252962319e+00,1.0053281825e-01,1.0114047450e-03,9.9521413509e-02,1.2910750647e+01
9.4573543767e+00,6.6291121111e+00,1.0047768566e-01,1.0106492570e-03,9.9467036406e-02,1.2938301888e+01
9.4602333278e+00,6.6329301882e+00,1.0042258310e-01,1.0098946709e-03,9.9412688430e-02,1.2965916256e+01
9.4631122789e+00,6.6367504642e+00,1.0036751055e-01,1.0091409848e-03,9.9358369568e-02,1.2993593896e+01
9.4659912300e+00,6.6405729406e+00,1.0031246800e-01,1.0083881971e-03,9.9304079806e-02,1.3021334956e+01
9.4688701811e+00,6.6443976186e+00,1.0025745543e-01,1.0076363059e-03,9.9249819128e-02,1.3049139581e+01
9.4717491322e+00,6.6482244994e+00,1.0020247283e-01,1.0068853096e-03,9.9195587522e-02,1.3077007918e+01
9.4746280833e+00,6.6520535843e+00,1.0014752018e-01,1.0061352065e-03,9.9141384972e-02,1.3104940114e+01
9.4775070344e+00,6.6558848746e+00,1.0009259746e-01,1.0053859946e-03,9.9087211465e-02,1.3132936317e+01
9.4803859855e+00,6.6597183716e+00,1.0003770466e-01,1.0046376724e-03,9.9033066987e-02,1.3160996674e+01
9.4832649366e+00,6.6635540765e+00,9.9982841762e-02,1.0038902382e-03,9.8978951523e-02,1.3189121334e+01
9.4861438877e+00,6.6673919905e+00,9.9928008750e-02,1.0031436901e-03,9.8924865060e-02,1.3217310445e+01
9.4890228388e+00,6.6712321151e+00,9.9873205609e-02,1.0023980265e-03,9.8870807582e-02,1.3245564155e+01
9.4919017899e+00,6.6750744514e+00,9.9818432322e-02,1.0016532456e-03,9.8816779077e-02,1.3273882615e+01
9.4947807411e+00,6.6789190007e+00,9.9763688875e-02,1.0009093458e-03,9.8762779529e-02,1.3302265973e+01
9.4976596922e+00,6.6827657643e+00,9.9708975250e-02,1.0001663253e-03,9.8708808925e-02,1.3330714380e+01
9.5005386433e+00,6.6866147435e+00,9.9654291433e-02,9.9942418250e-04,9.8654867251e-02,1.3359227986e+01
9.5034175944e+00,6.6904659395e+00,9.9599637407e-02,9.9868291561e-04,9.8600954492e-02,1.3387806940e+01
9.5062965455e+00,6.6943193536e+00,9.9545013157e-02,9.9794252297e-04,9.8547070634e-02,1.3416451395e+01
9.5091754966e+00,6.6981749872e+00,9.9490418666e-02,9.9720300289e-04,9.8493215664e-02,1.3445161500e+01
9.5120544477e+00,6.7020328414e+00,9.9435853920e-02,9.9646435369e-04,9.8439389566e-02,1.3473937409e+01
9.5149333988e+00,6.7058929175e+00,9.9381318901e-02,9.9572657368e-04,9.8385592328e-02,1.3502779273e+01
9.5178123499e+00,6.7097552169e+00,9.9326813595e-02,9.9498966119e-04,9.8331823934e-02,1.3531687243e+01
9.5206913010e+00,6.7136197408e+00,9.9272337986e-02,9.9425361455e-04,9.8278084371e-02,1.3560661474e+01
9.5235702521e+00,6.7174864905e+00,9.9217892057e-02,9.9351843208e-04,9.8224373625e-02,1.3589702117e+01
9.5264492032e+00,6.7213554673e+00,9.9163475793e-02,9.9278411212e-04,9.8170691681e-02,1.3618809326e+01
9.5293281543e+00,6.7252266724e+00,9.9109089178e-02,9.9205065302e-04,9.8117038525e-02,1.3647983255e+01
9.5322071054e+00,6.7291001072e+00,9.9054732198e-02,9.9131805311e-04,9.8063414144e-02,1.3677224058e+01
9.5350860565e+00,6.7329757730e+00,9.9000404834e-02,9.9058631074e-04,9.8009818524e-02,1.3706531889e+01
9.5379650076e+00,6.7368536709e+00,9.8946107073e-02,9.8985542427e-04,9.7956251649e-02,1.3735906904e+01
9.5408439587e+00,6.7407338023e+00,9.8891838898e-02,9.8912539204e-04,9.7902713506e-02,1.3765349256e+01
9.5437229098e+00,6.7446161685e+00,9.8837600294e-02,9.8839621243e-04,9.7849204082e-02,1.3794859102e+01
9.5466018609e+00,6.7485007708e+00,9.8783391245e-02,9.8766788379e-04,9.7795723361e-02,1.3824436598e+01
9.5494808120e+00,6.7523876104e+00,9.8729211734e-02,9.8694040449e-04,9.7742271330e-02,1.3854081900e+01
9.5523597631e+00,6.7562766887e+00,9.8675061748e-02,9.8621377290e-04,9.7688847975e-02,1.3883795164e+01
9.5552387142e+00,6.7601680070e+00,9.8620941268e-02,9.8548798740e-04,9.7635453281e-02,1.3913576547e+01
9.5581176653e+00,6.7640615664e+00,9.8566850282e-02,9.8476304637e-04,9.7582087235e-02,1.3943426207e+01
9.5609966164e+00,6.7679573684e+00,9.8512788771e-02,9.8403894819e-04,9.7528749823e-02,1.3973344301e+01
9.5638755675e+00,6.7718554142e+00,9.8458756721e-02,9.8331569125e-04,9.7475441030e-02,1.4003330987e+01
9.5667545187e+00,6.7757557051e+00,9.8404754116e-02,9.8259327394e-04,9.7422160842e-02,1.4033386424e+01
9.5696334698e+00,6.7796582424e+00,9.8350780941e-02,9.8187169465e-04,9.7368909246e-02,1.4063510771e+01
9.5725124209e+00,6.7835630273e+00,9.8296837179e-02,9.8115095178e-04,9.7315686228e-02,1.4093704186e+01
9.5753913720e+00,6.7874700613e+00,9.8242922816e-02,9.8043104375e-04,9.7262491772e-02,1.4123966829e+01
9.5782703231e+00,6.7913793455e+00,9.8189037835e-02,9.7971196894e-04,9.7209325866e-02,1.4154298860e+01
9.5811492742e+00,6.7952908814e+00,9.8135182221e-02,9.7899372579e-04,9.7156188495e-02,1.4184700440e+01
9.5840282253e+00,6.7992046701e+00,9.8081355958e-02,9.7827631269e-04,9.7103079645e-02,1.4215171727e+01
9.5869071764e+00,6.8031207129e+00,9.8027559030e-02,9.7755972807e-04,9.7049999302e-02,1.4245712885e+01
9.5897861275e+00,6.8070390112e+00,9.7973791423e-02,9.7684397034e-04,9.6996947453e-02,1.4276324074e+01
9.5926650786e+00,6.8109595663e+00,9.7920053120e-02,9.7612903795e-04,9.6943924082e-02,1.4307005456e+01
9.5955440297e+00,6.8148823795e+00,9.7866344106e-02,9.7541492931e-04,9.6890929177e-02,1.4337757192e+01
9.5984229808e+00,6.8188074520e+00,9.7812664365e-02,9.7470164286e-04,9.6837962723e-02,1.4368579446e+01
9.6013019319e+00,6.8227347852e+00,9.7759013882e-02,9.7398917703e-04,9.6785024705e-02,1.4399472380e+01
9.6041808830e+00,6.8266643804e+00,9.7705392641e-02,9.7327753028e-04,9.6732115111e-02,1.4430436158e+01
9.6070598341e+00,6.8305962388e+00,9.7651800627e-02,9.7256670103e-04,9.6679233926e-02,1.4461470942e+01
9.6099387852e+00,6.8345303619e+00,9.7598237823e-02,9.7185668776e-04,9.6626381136e-02,1.4492576898e+01
9.6128177363e+00,6.8384667508e+00,9.7544704215e-02,9.7114748889e-04,9.6573556726e-02,1.4523754189e+01
9.6156966874e+00,6.8424054069e+00,9.7491199787e-02,9.7043910290e-04,9.6520760684e-02,1.4555002980e+01
9.6185756385e+00,6.8463463315e+00,9.7437724523e-02,9.6973152823e-04,9.6467992995e-02,1.4586323436e+01
9.6214545896e+00,6.8502895258e+00,9.7384278408e-02,9.6902476337e-04,9.6415253645e-02,1.4617715723e+01
9.6243335407e+00,6.8542349913e+00,9.7330861427e-02,9.6831880676e-04,9.6362542620e-02,1.4649180007e+01
9.6272124918e+00,6.8581827292e+00,9.7277473563e-02,9.6761365689e-04,9.6309859906e-02,1.4680716453e+01
9.6300914429e+00,6.8621327409e+00,9.7224114802e-02,9.6690931223e-04,9.6257205489e-02,1.4712325229e+01
9.6329703940e+00,6.8660850275e+00,9.7170785127e-02,9.6620577126e-04,9.6204579356e-02,1.4744006502e+01
9.6358493452e+00,6.8700395905e+00,9.7117484524e-02,9.6550303245e-04,9.6151981491e-02,1.4775760438e+01
9.6387282963e+00,6.8739964312e+00,9.7064212976e-02,9.6480109430e-04,9.6099411882e-02,1.4807587206e+01
9.6416072474e+00,6.8779555508e+00,9.7010970469e-02,9.6409995530e-04,9.6046870514e-02,1.4839486975e+01
9.6444861985e+00,6.8819169507e+00,9.6957756987e-02,9.6339961394e-04,9.5994357373e-02,1.4871459911e+01
9.6473651496e+00,6.8858806322e+00,9.6904572514e-02,9.6270006871e-04,9.5941872446e-02,1.4903506186e+01
9.6502441007e+00,6.8898465966e+00,9.6851417036e-02,9.6200131812e-04,9.5889415718e-02,1.4935625967e+01
9.6531230518e+00,6.8938148452e+00,9.6798290536e-02,9.6130336066e-04,9.5836987175e-02,1.4967819425e+01
9.6560020029e+00,6.8977853794e+00,9.6745192999e-02,9.6060619486e-04,9.5784586804e-02,1.5000086730e+01
9.6588809540e+00,6.9017582004e+00,9.6692124409e-02,9.5990981921e-04,9.5732214590e-02,1.5032428052e+01
9.6617599051e+00,6.9057333096e+00,9.6639084753e-02,9.5921423224e-04,9.5679870520e-02,1.5064843562e+01
9.6646388562e+00,6.9097107083e+00,9.6586074012e-02,9.5851943247e-04,9.5627554580e-02,1.5097333432e+01
9.6675178073e+00,6.9136903977e+00,9.6533092174e-02,9.5782541840e-04,9.5575266755e-02,1.5129897834e+01
9.6703967584e+00,6.9176723793e+00,9.6480139221e-02,9.5713218858e-04,9.5523007033e-02,1.5162536938e+01
9.6732757095e+00,6.9216566544e+00,9.6427215139e-02,9.5643974153e-04,9.5470775398e-02,1.5195250919e+01
9.6761546606e+00,6.9256432242e+00,9.6374319913e-02,9.5574807578e-04,9.5418571837e-02,1.5228039949e+01
9.6790336117e+00,6.9296320901e+00,9.6321453526e-02,9.5505718988e-04,9.5366396336e-02,1.5260904201e+01
9.6819125628e+00,6.9336232534e+00,9.6268615964e-02,9.5436708235e-04,9.5314248882e-02,1.5293843849e+01
9.6847915139e+00,6.9376167155e+00,9.6215807211e-02,9.5367775174e-04,9.5262129459e-02,1.5326859067e+01
9.6876704650e+00,6.9416124776e+00,9.6163027252e-02,9.5298919660e-04,9.5210038055e-02,1.5359950030e+01
9.6905494161e+00,6.9456105411e+00,9.6110276071e-02,9.5230141548e-04,9.5157974656e-02,1.5393116912e+01
9.6934283672e+00,6.9496109073e+00,9.6057553654e-02,9.5161440694e-04,9.5105939247e-02,1.5426359889e+01
9.6963073183e+00,6.9536135775e+00,9.6004859984e-02,9.5092816953e-04,9.5053931814e-02,1.5459679137e+01
9.6991862694e+00,6.9576185531e+00,9.5952195047e-02,9.5024270181e-04,9.5001952345e-02,1.5493074832e+01
9.7020652205e+00,6.9616258354e+00,9.5899558827e-02,9.4955800234e-04,9.4950000824e-02,1.5526547149e+01
9.7049441716e+00,6.9656354257e+00,9.5846951308e-02,9.4887406970e-04,9.4898077239e-02,1.5560096268e+01
9.7078231228e+00,6.9696473254e+00,9.5794372477e-02,9.4819090245e-04,9.4846181574e-02,1.5593722363e+01
9.7107020739e+00,6.9736615357e+00,9.5741822316e-02,9.4750849918e-04,9.4794313817e-02,1.5627425615e+01
9.7135810250e+00,6.9776780580e+00,9.5689300812e-02,9.4682685845e-04,9.4742473953e-02,1.5661206200e+01
9.7164599761e+00,6.9816968937e+00,9.5636807948e-02,9.4614597885e-04,9.4690661969e-02,1.5695064297e+01
9.7193389272e+00,6.9857180441e+00,9.5584343709e-02,9.4546585897e-04,9.4638877850e-02,1.5729000085e+01
9.7222178783e+00,6.9897415104e+00,9.5531908081e-02,9.4478649739e-04,9.4587121584e-02,1.5763013744e+01
9.7250968294e+00,6.9937672941e+00,9.5479501048e-02,9.4410789270e-04,9.4535393155e-02,1.5797105454e+01
9.7279757805e+00,6.9977953965e+00,9.5427122594e-02,9.4343004350e-04,9.4483692550e-02,1.5831275394e+01
9.7308547316e+00,7.0018258189e+00,9.5374772704e-02,9.4275294839e-04,9.4432019756e-02,1.5865523746e+01
9.7337336827e+00,7.0058585626e+00,9.5322451364e-02,9.4207660597e-04,9.4380374758e-02,1.5899850691e+01
9.7366126338e+00,7.0098936290e+00,9.5270158558e-02,9.4140101484e-04,9.4328757543e-02,1.5934256410e+01
9.7394915849e+00,7.0139310195e+00,9.5217894270e-02,9.4072617362e-04,9.4277168096e-02,1.5968741084e+01
9.7423705360e+00,7.0179707353e+00,9.5165658486e-02,9.4005208091e-04,9.4225606405e-02,1.6003304897e+01
9.7452494871e+00,7.0220127778e+00,9.5113451190e-02,9.3937873533e-04,9.4174072454e-02,1.6037948031e+01
9.7481284382e+00,7.0260571483e+00,9.5061272367e-02,9.3870613550e-04,9.4122566231e-02,1.6072670670e+01
9.7510073893e+00,7.0301038482e+00,9.5009122002e-02,9.3803428004e-04,9.4071087722e-02,1.6107472996e+01
9.7538863404e+00,7.0341528788e+00,9.4957000079e-02,9.3736316758e-04,9.4019636912e-02,1.6142355195e+01
9.7567652915e+00,7.0382042415e+00,9.4904906584e-02,9.3669279674e-04,9.3968213788e-02,1.6177317450e+01
9.7596442426e+00,7.0422579376e+00,9.4852841502e-02,9.3602316616e-04,9.3916818336e-02,1.6212359947e+01
9.7625231937e+00,7.0463139685e+00,9.4800804816e-02,9.3535427446e-04,9.3865450542e-02,1.6247482870e+01
9.7654021448e+00,7.0503723354e+00,9.4748796513e-02,9.3468612030e-04,9.3814110393e-02,1.6282686405e+01
9.7682810959e+00,7.0544330398e+00,9.4696816576e-02,9.3401870231e-04,9.3762797874e-02,1.6317970740e+01
9.7711600470e+00,7.0584960830e+00,9.4644864991e-02,9.3335201913e-04,9.3711512972e-02,1.6353336059e+01
9.7740389981e+00,7.0625614663e+00,9.4592941743e-02,9.3268606941e-04,9.3660255674e-02,1.6388782551e+01
9.7769179492e+00,7.0666291911e+00,9.4541046816e-02,9.3202085181e-04,9.3609025964e-02,1.6424310403e+01
9.7797969004e+00,7.0706992587e+00,9.4489180196e-02,9.3135636498e-04,9.3557823831e-02,1.6459919803e+01
9.7826758515e+00,7.0747716705e+00,9.4437341866e-02,9.3069260757e-04,9.3506649259e-02,1.6495610938e+01
9.7855548026e+00,7.0788464279e+00,9.4385531813e-02,9.3002957826e-04,9.3455502235e-02,1.6531383999e+01
9.7884337537e+00,7.0829235321e+00,9.4333750021e-02,9.2936727569e-04,9.3404382745e-02,1.6567239173e+01
9.7913127048e+00,7.0870029845e+00,9.4281996474e-02,9.2870569854e-04,9.3353290776e-02,1.6603176652e+01
9.7941916559e+00,7.0910847865e+00,9.4230271159e-02,9.2804484548e-04,9.3302226313e-02,1.6639196624e+01
9.7970706070e+00,7.0951689395e+00,9.4178574059e-02,9.2738471519e-04,9.3251189344e-02,1.6675299280e+01
9.7999495581e+00,7.0992554448e+00,9.4126905160e-02,9.2672530633e-04,9.3200179854e-02,1.6711484812e+01
9.8028285092e+00,7.1033443037e+00,9.4075264447e-02,9.2606661759e-04,9.3149197829e-02,1.6747753410e+01
9.8057074603e+00,7.1074355176e+00,9.4023651904e-02,9.2540864766e-04,9.3098243256e-02,1.6784105268e+01
9.8085864114e+00,7.1115290879e+00,9.3972067516e-02,9.2475139521e-04,9.3047316121e-02,1.6820540576e+01
9.8114653625e+00,7.1156250159e+00,9.3920511269e-02,9.2409485895e-04,9.2996416410e-02,1.6857059527e+01
9.8143443136e+00,7.1197233029e+00,9.3868983148e-02,9.2343903755e-04,9.2945544110e-02,1.6893662316e+01
9.8172232647e+00,7.1238239504e+00,9.3817483136e-02,9.2278392972e-04,9.2894699207e-02,1.6930349135e+01
9.8201022158e+00,7.1279269597e+00,9.3766011221e-02,9.2212953416e-04,9.2843881686e-02,1.6967120179e+01
9.8229811669e+00,7.1320323321e+00,9.3714567385e-02,9.2147584956e-04,9.2793091536e-02,1.7003975641e+01
9.8258601180e+00,7.1361400691e+00,9.3663151615e-02,9.2082287464e-04,9.2742328740e-02,1.7040915718e+01
9.8287390691e+00,7.1402501719e+00,9.3611763895e-02,9.2017060809e-04,9.2691593287e-02,1.7077940604e+01
9.8316180202e+00,7.1443626420e+00,9.3560404211e-02,9.1951904864e-04,9.2640885162e-02,1.7115050496e+01
9.8344969713e+00,7.1484774807e+00,9.3509072547e-02,9.1886819499e-04,9.2590204352e-02,1.7152245590e+01
9.8373759224e+00,7.1525946893e+00,9.3457768889e-02,9.1821804586e-04,9.2539550843e-02,1.7189526082e+01
9.8402548735e+00,7.1567142693e+00,9.3406493221e-02,9.1756859998e-04,9.2488924621e-02,1.7226892170e+01
9.8431338246e+00,7.1608362219e+00,9.3355245528e-02,9.1691985607e-04,9.2438325672e-02,1.7264344051e+01
9.8460127757e+00,7.1649605487e+00,9.3304025796e-02,9.1627181284e-04,9.2387753983e-02,1.7301881924e+01
9.8488917268e+00,7.1690872508e+00,9.3252834010e-02,9.1562446904e-04,9.2337209541e-02,1.7339505988e+01
9.8517706780e+00,7.1732163298e+00,9.3201670154e-02,9.1497782340e-04,9.2286692330e-02,1.7377216441e+01
9.8546496291e+00,7.1773477869e+00,9.3150534214e-02,9.1433187464e-04,9.2236202339e-02,1.7415013482e+01
9.8575285802e+00,7.1814816236e+00,9.3099426174e-02,9.1368662151e-04,9.2185739553e-02,1.7452897313e+01
9.8604075313e+00,7.1856178412e+00,9.3048346021e-02,9.1304206276e-04,9.2135303958e-02,1.7490868133e+01
9.8632864824e+00,7.1897564410e+00,9.2997293738e-02,9.1239819711e-04,9.2084895541e-02,1.7528926143e+01
9.8661654335e+00,7.1938974245e+00,9.2946269312e-02,9.1175502333e-04,9.2034514289e-02,1.7567071545e+01
9.8690443846e+00,7.1980407930e+00,9.2895272727e-02,9.1111254016e-04,9.1984160187e-02,1.7605304541e+01
9.8719233357e+00,7.2021865480e+00,9.2844303968e-02,9.1047074636e-04,9.1933833221e-02,1.7643625332e+01
9.8748022868e+00,7.2063346907e+00,9.2793363020e-02,9.0982964068e-04,9.1883533379e-02,1.7682034122e+01
9.8776812379e+00,7.2104852225e+00,9.2742449869e-02,9.0918922188e-04,9.1833260647e-02,1.7720531114e+01
9.8805601890e+00,7.2146381449e+00,9.2691564499e-02,9.0854948872e-04,9.1783015011e-02,1.7759116512e+01
9.8834391401e+00,7.2187934592e+00,9.2640706897e-02,9.0791043997e-04,9.1732796457e-02,1.7797790520e+01
9.8863180912e+00,7.2229511667e+00,9.2589877046e-02,9.0727207440e-04,9.1682604972e-02,1.7836553342e+01
9.8891970423e+00,7.2271112689e+00,9.2539074932e-02,9.0663439078e-04,9.1632440542e-02,1.7875405183e+01
9.8920759934e+00,7.2312737671e+00,9.2488300541e-02,9.0599738788e-04,9.1582303153e-02,1.7914346250e+01
9.8949549445e+00,7.2354386628e+00,9.2437553857e-02,9.0536106448e-04,9.1532192792e-02,1.7953376749e+01
9.8978338956e+00,7.2396059573e+00,9.2386834865e-02,9.0472541935e-04,9.1482109446e-02,1.7992496885e+01
9.9007128467e+00,7.2437756519e+00,9.2336143552e-02,9.0409045129e-04,9.1432053100e-02,1.8031706867e+01
9.9035917978e+00,7.2479477481e+00,9.2285479901e-02,9.0345615907e-04,9.1382023742e-02,1.8071006901e+01
9.9064707489e+00,7.2521222472e+00,9.2234843898e-02,9.0282254149e-04,9.1332021357e-02,1.8110397195e+01
9.9093497000e+00,7.2562991507e+00,9.2184235529e-02,9.0218959734e-04,9.1282045932e-02,1.8149877959e+01
9.9122286511e+00,7.2604784599e+00,9.2133654779e-02,9.0155732540e-04,9.1232097453e-02,1.8189449400e+01
9.9151076022e+00,7.2646601761e+00,9.2083101632e-02,9.0092572449e-04,9.1182175907e-02,1.8229111729e+01
9.9179865533e+00,7.2688443009e+00,9.2032576074e-02,9.0029479339e-04,9.1132281281e-02,1.8268865156e+01
9.9208655044e+00,7.2730308355e+00,9.1982078091e-02,8.9966453091e-04,9.1082413560e-02,1.8308709890e+01
9.9237444556e+00,7.2772197814e+00,9.1931607666e-02,8.9903493585e-04,9.1032572731e-02,1.8348646143e+01
9.9266234067e+00,7.2814111400e+00,9.1881164787e-02,8.9840600703e-04,9.0982758780e-02,1.8388674126e+01
9.9295023578e+00,7.2856049125e+00,9.1830749438e-02,8.9777774325e-04,9.0932971695e-02,1.8428794051e+01
9.9323813089e+00,7.2898011005e+00,9.1780361604e-02,8.9715014334e-04,9.0883211461e-02,1.8469006130e+01
9.9352602600e+00,7.2939997054e+00,9.1730001270e-02,8.9652320609e-04,9.0833478064e-02,1.8509310577e+01
9.9381392111e+00,7.2982007284e+00,9.1679668423e-02,8.9589693035e-04,9.0783771492e-02,1.8549707605e+01
9.9410181622e+00,7.3024041711e+00,9.1629363046e-02,8.9527131492e-04,9.0734091731e-02,1.8590197426e+01
9.9438971133e+00,7.3066100347e+00,9.1579085126e-02,8.9464635863e-04,9.0684438767e-02,1.8630780257e+01
9.9467760644e+00,7.3108183207e+00,9.1528834647e-02,8.9402206032e-04,9.0634812587e-02,1.8671456311e+01
9.9496550155e+00,7.3150290306e+00,9.1478611596e-02,8.9339841880e-04,9.0585213177e-02,1.8712225805e+01
9.9525339666e+00,7.3192421656e+00,9.1428415956e-02,8.9277543292e-04,9.0535640523e-02,1.8753088953e+01
9.9554129177e+00,7.3234577271e+00,9.1378247715e-02,8.9215310152e-04,9.0486094613e-02,1.8794045972e+01
9.9582918688e+00,7.3276757167e+00,9.1328106856e-02,8.9153142342e-04,9.0436575433e-02,1.8835097079e+01
9.9611708199e+00,7.3318961356e+00,9.1277993366e-02,8.9091039747e-04,9.0387082968e-02,1.8876242492e+01
9.9640497710e+00,7.3361189854e+00,9.1227907229e-02,8.9029002252e-04,9.0337617206e-02,1.8917482427e+01
9.9669287221e+00,7.3403442673e+00,9.1177848431e-02,8.8967029741e-04,9.0288178133e-02,1.8958817105e+01
9.9698076732e+00,7.3445719827e+00,9.1127816957e-02,8.8905122099e-04,9.0238765736e-02,1.9000246742e+01
9.9726866243e+00,7.3488021332e+00,9.1077812793e-02,8.8843279212e-04,9.0189380001e-02,1.9041771560e+01
9.9755655754e+00,7.3530347200e+00,9.1027835925e-02,8.8781500965e-04,9.0140020915e-02,1.9083391777e+01
9.9784445265e+00,7.3572697446e+00,9.0977886336e-02,8.8719787244e-04,9.0090688464e-02,1.9125107613e+01
9.9813234776e+00,7.3615072084e+00,9.0927964014e-02,8.8658137935e-04,9.0041382634e-02,1.9166919291e+01
9.9842024287e+00,7.3657471128e+00,9.0878068942e-02,8.8596552924e-04,8.9992103413e-02,1.9208827031e+01
9.9870813798e+00,7.3699894592e+00,9.0828201108e-02,8.8535032098e-04,8.9942850787e-02,1.9250831055e+01
9.9899603309e+00,7.3742342490e+00,9.0778360495e-02,8.8473575343e-04,8.9893624742e-02,1.9292931585e+01
9.9928392820e+00,7.3784814836e+00,9.0728547090e-02,8.8412182548e-04,8.9844425264e-02,1.9335128845e+01
9.9957182332e+00,7.3827311644e+00,9.0678760877e-02,8.8350853599e-04,8.9795252341e-02,1.9377423058e+01
9.9985971843e+00,7.3869832929e+00,9.0629001843e-02,8.8289588383e-04,8.9746105959e-02,1.9419814447e+01
1.0001476135e+01,7.3912378704e+00,9.0579269973e-02,8.8228386790e-04,8.9696986105e-02,1.9462303238e+01
1.0004355086e+01,7.3954948983e+00,9.0529565251e-02,8.8167248706e-04,8.9647892764e-02,1.9504889655e+01
1.0007234038e+01,7.3997543781e+00,9.0479887665e-02,8.8106174021e-04,8.9598825924e-02,1.9547573924e+01
1.0010112989e+01,7.4040163112e+00,9.0430237198e-02,8.8045162623e-04,8.9549785572e-02,1.9590356271e+01
1.0012991940e+01,7.4082806990e+00,9.0380613837e-02,8.7984214401e-04,8.9500771693e-02,1.9633236922e+01
1.0015870891e+01,7.4125475428e+00,9.0331017567e-02,8.7923329245e-04,8.9451784274e-02,1.9676216105e+01
1.0018749842e+01,7.4168168442e+00,9.0281448373e-02,8.7862507044e-04,8.9402823302e-02,1.9719294047e+01
1.0021628793e+01,7.4210886045e+00,9.0231906241e-02,8.7801747687e-04,8.9353888764e-02,1.9762470976e+01
1.0024507744e+01,7.4253628252e+00,9.0182391157e-02,8.7741051065e-04,8.9304980646e-02,1.9805747121e+01
1.0027386695e+01,7.4296395076e+00,9.0132903105e-02,8.7680417068e-04,8.9256098935e-02,1.9849122711e+01
1.0030265646e+01,7.4339186532e+00,9.0083442073e-02,8.7619845586e-04,8.9207243617e-02,1.9892597975e+01
1.0033144598e+01,7.4382002634e+00,9.0034008044e-02,8.7559336511e-04,8.9158414678e-02,1.9936173145e+01
1.0036023549e+01,7.4424843396e+00,8.9984601004e-02,8.7498889733e-04,8.9109612107e-02,1.9979848451e+01
1.0038902500e+01,7.4467708833e+00,8.9935220940e-02,8.7438505143e-04,8.9060835888e-02,2.0023624124e+01
1.0041781451e+01,7.4510598958e+00,8.9885867836e-02,8.7378182634e-04,8.9012086009e-02,2.0067500395e+01
1.0044660402e+01,7.4553513786e+00,8.9836541678e-02,8.7317922096e-04,8.8963362457e-02,2.0111477499e+01
1.0047539353e+01,7.4596453331e+00,8.9787242451e-02,8.7257723423e-04,8.8914665217e-02,2.0155555666e+01
1.0050418304e+01,7.4639417607e+00,8.9737970142e-02,8.7197586506e-04,8.8865994277e-02,2.0199735131e+01
1.0053297255e+01,7.4682406629e+00,8.9688724736e-02,8.7137511238e-04,8.8817349624e-02,2.0244016128e+01
1.0056176206e+01,7.4725420411e+00,8.9639506218e-02,8.7077497511e-04,8.8768731243e-02,2.0288398891e+01
1.0059055157e+01,7.4768458967e+00,8.9590314574e-02,8.7017545220e-04,8.8720139122e-02,2.0332883656e+01
1.0061934109e+01,7.4811522311e+00,8.9541149789e-02,8.6957654256e-04,8.8671573247e-02,2.0377470658e+01
1.0064813060e+01,7.4854610457e+00,8.9492011850e-02,8.6897824514e-04,8.8623033605e-02,2.0422160132e+01
1.0067692011e+01,7.4897723421e+00,8.9442900741e-02,8.6838055888e-04,8.8574520182e-02,2.0466952317e+01
1.0070570962e+01,7.4940861215e+00,8.9393816448e-02,8.6778348271e-04,8.8526032966e-02,2.0511847449e+01
1.0073449913e+01,7.4984023856e+00,8.9344758958e-02,8.6718701558e-04,8.8477571942e-02,2.0556845766e+01
1.0076328864e+01,7.5027211355e+00,8.9295728254e-02,8.6659115643e-04,8.8429137098e-02,2.0601947506e+01
1.0079207815e+01,7.5070423730e+00,8.9246724324e-02,8.6599590421e-04,8.8380728420e-02,2.0647152908e+01
1.0082086766e+01,7.5113660992e+00,8.9197747153e-02,8.6540125788e-04,8.8332345895e-02,2.0692462212e+01
1.0084965717e+01,7.5156923157e+00,8.9148796726e-02,8.6480721639e-04,8.8283989510e-02,2.0737875658e+01
1.0087844668e+01,7.5200210240e+00,8.9099873029e-02,8.6421377868e-04,8.8235659250e-02,2.0783393486e+01
1.0090723620e+01,7.5243522253e+00,8.9050976048e-02,8.6362094372e-04,8.8187355104e-02,2.0829015938e+01
1.0093602571e+01,7.5286859213e+00,8.9002105768e-02,8.6302871048e-04,8.8139077058e-02,2.0874743255e+01
1.0096481522e+01,7.5330221133e+00,8.8953262175e-02,8.6243707790e-04,8.8090825098e-02,2.0920575679e+01
1.0099360473e+01,7.5373608027e+00,8.8904445255e-02,8.6184604496e-04,8.8042599211e-02,2.0966513453e+01
1.0102239424e+01,7.5417019910e+00,8.8855654994e-02,8.6125561062e-04,8.7994399383e-02,2.1012556820e+01
1.0105118375e+01,7.5460456797e+00,8.8806891376e-02,8.6066577386e-04,8.7946225602e-02,2.1058706026e+01
1.0107997326e+01,7.5503918701e+00,8.8758154389e-02,8.6007653365e-04,8.7898077855e-02,2.1104961313e+01
1.0110876277e+01,7.5547405638e+00,8.8709444016e-02,8.5948788895e-04,8.7849956127e-02,2.1151322927e+01
1.0113755228e+01,7.5590917621e+00,8.8660760245e-02,8.5889983876e-04,8.7801860407e-02,2.1197791114e+01
1.0116634180e+01,7.5634454665e+00,8.8612103061e-02,8.5831238204e-04,8.7753790679e-02,2.1244366119e+01
1.0119513131e+01,7.5678016784e+00,8.8563472450e-02,8.5772551778e-04,8.7705746932e-02,2.1291048190e+01
1.0122392082e+01,7.5721603994e+00,8.8514868397e-02,8.5713924497e-04,8.7657729152e-02,2.1337837574e+01
1.0125271033e+01,7.5765216307e+00,8.8466290888e-02,8.5655356258e-04,8.7609737325e-02,2.1384734519e+01
1.0128149984e+01,7.5808853740e+00,8.8417739909e-02,8.5596846962e-04,8.7561771439e-02,2.1431739273e+01
1.0131028935e+01,7.5852516305e+00,8.8369215445e-02,8.5538396506e-04,8.7513831480e-02,2.1478852086e+01
1.0133907886e+01,7.5896204019e+00,8.8320717483e-02,8.5480004791e-04,8.7465917435e-02,2.1526073206e+01
1.0136786837e+01,7.5939916894e+00,8.8272246008e-02,8.5421671716e-04,8.7418029291e-02,2.1573402885e+01
1.0139665788e+01,7.5983654947e+00,8.8223801006e-02,8.5363397181e-04,8.7370167034e-02,2.1620841373e+01
1.0142544739e+01,7.6027418190e+00,8.8175382463e-02,8.5305181086e-04,8.7322330652e-02,2.1668388921e+01
1.0145423691e+01,7.6071206639e+00,8.8126990364e-02,8.5247023331e-04,8.7274520131e-02,2.1716045781e+01
1.0148302642e+01,7.6115020309e+00,8.8078624696e-02,8.5188923816e-04,8.7226735458e-02,2.1763812206e+01
1.0151181593e+01,7.6158859213e+00,8.8030285444e-02,8.5130882443e-04,8.7178976619e-02,2.1811688449e+01
1.0154060544e+01,7.6202723366e+00,8.7981972593e-02,8.5072899113e-04,8.7131243602e-02,2.1859674763e+01
1.0156939495e+01,7.6246612784e+00,8.7933686130e-02,8.5014973726e-04,8.7083536393e-02,2.1907771403e+01
1.0159818446e+01,7.6290527479e+00,8.7885426041e-02,8.4957106185e-04,8.7035854979e-02,2.1955978624e+01
1.0162697397e+01,7.6334467468e+00,8.7837192312e-02,8.4899296390e-04,8.6988199348e-02,2.2004296681e+01
1.0165576348e+01,7.6378432764e+00,8.7788984927e-02,8.4841544244e-04,8.6940569485e-02,2.2052725831e+01
1.0168455299e+01,7.6422423382e+00,8.7740803874e-02,8.4783849649e-04,8.6892965377e-02,2.2101266329e+01
1.0171334250e+01,7.6466439337e+00,8.7692649137e-02,8.4726212507e-04,8.6845387012e-02,2.2149918433e+01
1.0174213202e+01,7.6510480643e+00,8.7644520703e-02,8.4668632720e-04,8.6797834376e-02,2.2198682401e+01
1.0177092153e+01,7.6554547315e+00,8.7596418558e-02,8.4611110193e-04,8.6750307456e-02,2.2247558492e+01
1.0179971104e+01,7.6598639367e+00,8.7548342688e-02,8.4553644827e-04,8.6702806239e-02,2.2296546964e+01
1.0182850055e+01,7.6642756814e+00,8.7500293078e-02,8.4496236526e-04,8.6655330712e-02,2.2345648076e+01
1.0185729006e+01,7.6686899672e+00,8.7452269714e-02,8.4438885193e-04,8.6607880862e-02,2.2394862090e+01
1.0188607957e+01,7.6731067953e+00,8.7404272582e-02,8.4381590732e-04,8.6560456675e-02,2.2444189266e+01
1.0191486908e+01,7.6775261674e+00,8.7356301669e-02,8.4324353047e-04,8.6513058138e-02,2.2493629866e+01
1.0194365859e+01,7.6819480848e+00,8.7308356959e-02,8.4267172043e-04,8.6465685239e-02,2.2543184150e+01
1.0197244810e+01,7.6863725490e+00,8.7260438439e-02,8.4210047623e-04,8.6418337963e-02,2.2592852383e+01
1.0200123762e+01,7.6907995616e+00,8.7212546096e-02,8.4152979692e-04,8.6371016299e-02,2.2642634827e+01
1.0203002713e+01,7.6952291239e+00,8.7164679914e-02,8.4095968155e-04,8.6323720232e-02,2.2692531747e+01
1.0205881664e+01,7.6996612374e+00,8.7116839879e-02,8.4039012916e-04,8.6276449750e-02,2.2742543406e+01
1.0208760615e+01,7.7040959036e+00,8.7069025979e-02,8.3982113883e-04,8.6229204840e-02,2.2792670069e+01
1.0211639566e+01,7.7085331241e+00,8.7021238198e-02,8.3925270958e-04,8.6181985488e-02,2.2842912003e+01
1.0214518517e+01,7.7129729001e+00,8.6973476522e-02,8.3868484049e-04,8.6134791682e-02,2.2893269474e+01
1.0217397468e+01,7.7174152333e+00,8.6925740938e-02,8.3811753062e-04,8.6087623408e-02,2.2943742748e+01
1.0220276419e+01,7.7218601250e+00,8.6878031432e-02,8.3755077901e-04,8.6040480653e-02,2.2994332093e+01
1.0223155370e+01,7.7263075769e+00,8.6830347989e-02,8.3698458475e-04,8.5993363404e-02,2.3045037777e+01
1.0226034321e+01,7.7307575902e+00,8.6782690595e-02,8.3641894689e-04,8.5946271649e-02,2.3095860070e+01
1.0228913273e+01,7.7352101666e+00,8.6735059237e-02,8.3585386449e-04,8.5899205373e-02,2.3146799239e+01
1.0231792224e+01,7.7396653075e+00,8.6687453901e-02,8.3528933664e-04,8.5852164564e-02,2.3197855557e+01
1.0234671175e+01,7.7441230143e+00,8.6639874572e-02,8.3472536240e-04,8.5805149209e-02,2.3249029292e+01
1.0237550126e+01,7.7485832886e+00,8.6592321236e-02,8.3416194085e-04,8.5758159295e-02,2.3300320716e+01
1.0240429077e+01,7.7530461317e+00,8.6544793880e-02,8.3359907106e-04,8.5711194809e-02,2.3351730101e+01
1.0243308028e+01,7.7575115453e+00,8.6497292490e-02,8.3303675211e-04,8.5664255737e-02,2.3403257721e+01
1.0246186979e+01,7.7619795308e+00,8.6449817051e-02,8.3247498308e-04,8.5617342067e-02,2.3454903847e+01
1.0249065930e+01,7.7664500896e+00,8.6402367549e-02,8.3191376305e-04,8.5570453786e-02,2.3506668753e+01
1.0251944881e+01,7.7709232233e+00,8.6354943971e-02,8.3135309112e-04,8.5523590880e-02,2.3558552714e+01
1.0254823833e+01,7.7753989333e+00,8.6307546303e-02,8.3079296636e-04,8.5476753337e-02,2.3610556006e+01
1.0257702784e+01,7.7798772212e+00,8.6260174531e-02,8.3023338786e-04,8.5429941143e-02,2.3662678903e+01
1.0260581735e+01,7.7843580883e+00,8.6212828641e-02,8.2967435473e-04,8.5383154286e-02,2.3714921682e+01
1.0263460686e+01,7.7888415362e+00,8.6165508618e-02,8.2911586604e-04,8.5336392752e-02,2.3767284620e+01
1.0266339637e+01,7.7933275663e+00,8.6118214450e-02,8.2855792089e-04,8.5289656529e-02,2.3819767995e+01
1.0269218588e+01,7.7978161803e+00,8.6070946122e-02,8.2800051838e-04,8.5242945603e-02,2.3872372084e+01
1.0272097539e+01,7.8023073794e+00,8.6023703620e-02,8.2744365762e-04,8.5196259962e-02,2.3925097167e+01
1.0274976490e+01,7.8068011653e+00,8.5976486930e-02,8.2688733770e-04,8.5149599592e-02,2.3977943523e+01
1.0277855441e+01,7.8112975395e+00,8.5929296038e-02,8.2633155772e-04,8.5102964481e-02,2.4030911432e+01
1.0280734392e+01,7.8157965033e+00,8.5882130931e-02,8.2577631680e-04,8.5056354615e-02,2.4084001176e+01
1.0283613344e+01,7.8202980584e+00,8.5834991595e-02,8.2522161403e-04,8.5009769981e-02,2.4137213035e+01
1.0286492295e+01,7.8248022061e+00,8.5787878016e-02,8.2466744853e-04,8.4963210567e-02,2.4190547292e+01
1.0289371246e+01,7.8293089480e+00,8.5740790179e-02,8.2411381941e-04,8.4916676360e-02,2.4244004229e+01
1.0292250197e+01,7.8338182857e+00,8.5693728072e-02,8.2356072579e-04,8.4870167346e-02,2.4297584130e+01
1.0295129148e+01,7.8383302205e+00,8.5646691680e-02,8.2300816677e-04,8.4823683513e-02,2.4351287279e+01
1.0298008099e+01,7.8428447539e+00,8.5599680989e-02,8.2245614148e-04,8.4777224848e-02,2.4405113961e+01
1.0300887050e+01,7.8473618876e+00,8.5552695986e-02,8.2190464904e-04,8.4730791337e-02,2.4459064461e+01
1.0303766001e+01,7.8518816229e+00,8.5505736656e-02,8.2135368857e-04,8.4684382968e-02,2.4513139065e+01
1.0306644952e+01,7.8564039614e+00,8.5458802987e-02,8.2080325919e-04,8.4637999728e-02,2.4567338059e+01
1.0309523903e+01,7.8609289045e+00,8.5411894963e-02,8.2025336002e-04,8.4591641603e-02,2.4621661732e+01
1.0312402855e+01,7.8654564539e+00,8.5365012572e-02,8.1970399021e-04,8.4545308582e-02,2.4676110371e+01
1.0315281806e+01,7.8699866109e+00,8.5318155800e-02,8.1915514887e-04,8.4499000651e-02,2.4730684266e+01
1.0318160757e+01,7.8745193770e+00,8.5271324632e-02,8.1860683513e-04,8.4452717797e-02,2.4785383704e+01
1.0321039708e+01,7.8790547539e+00,8.5224519055e-02,8.1805904814e-04,8.4406460007e-02,2.4840208977e+01
1.0323918659e+01,7.8835927429e+00,8.5177739055e-02,8.1751178703e-04,8.4360227268e-02,2.4895160374e+01
1.0326797610e+01,7.8881333456e+00,8.5130984619e-02,8.1696505093e-04,8.4314019568e-02,2.4950238188e+01
1.0329676561e+01,7.8926765635e+00,8.5084255732e-02,8.1641883899e-04,8.4267836893e-02,2.5005442711e+01
1.0332555512e+01,7.8972223980e+00,8.5037552381e-02,8.1587315034e-04,8.4221679230e-02,2.5060774234e+01
1.0335434463e+01,7.9017708508e+00,8.4990874552e-02,8.1532798413e-04,8.4175546568e-02,2.5116233053e+01
1.0338313415e+01,7.9063219233e+00,8.4944222231e-02,8.1478333951e-04,8.4129438892e-02,2.5171819460e+01
1.0341192366e+01,7.9108756170e+00,8.4897595406e-02,8.1423921562e-04,8.4083356190e-02,2.5227533750e+01
1.0344071317e+01,7.9154319335e+00,8.4850994061e-02,8.1369561161e-04,8.4037298449e-02,2.5283376219e+01
1.0346950268e+01,7.9199908741e+00,8.4804418183e-02,8.1315252664e-04,8.3991265656e-02,2.5339347163e+01
1.0349829219e+01,7.9245524405e+00,8.4757867759e-02,8.1260995985e-04,8.3945257799e-02,2.5395446879e+01
1.0352708170e+01,7.9291166342e+00,8.4711342774e-02,8.1206791041e-04,8.3899274864e-02,2.5451675664e+01
1.0355587121e+01,7.9336834567e+00,8.4664843216e-02,8.1152637746e-04,8.3853316838e-02,2.5508033817e+01
1.0358466072e+01,7.9382529094e+00,8.4618369069e-02,8.1098536018e-04,8.3807383709e-02,2.5564521636e+01
1.0361345023e+01,7.9428249940e+00,8.4571920322e-02,8.1044485771e-04,8.3761475464e-02,2.5621139421e+01
1.0364223974e+01,7.9473997118e+00,8.4525496960e-02,8.0990486923e-04,8.3715592090e-02,2.5677887472e+01
1.0367102926e+01,7.9519770646e+00,8.4479098969e-02,8.0936539390e-04,8.3669733575e-02,2.5734766090e+01
1.0369981877e+01,7.9565570536e+00,8.4432726335e-02,8.0882643087e-04,8.3623899904e-02,2.5791775577e+01
1.0372860828e+01,7.9611396805e+00,8.4386379046e-02,8.0828797934e-04,8.3578091066e-02,2.5848916234e+01
1.0375739779e+01,7.9657249469e+00,8.4340057087e-02,8.0775003845e-04,8.3532307048e-02,2.5906188366e+01
1.0378618730e+01,7.9703128541e+00,8.4293760444e-02,8.0721260739e-04,8.3486547837e-02,2.5963592276e+01
1.0381497681e+01,7.9749034038e+00,8.4247489105e-02,8.0667568533e-04,8.3440813420e-02,2.6021128268e+01
1.0384376632e+01,7.9794965974e+00,8.4201243055e-02,8.0613927145e-04,8.3395103784e-02,2.6078796647e+01
1.0387255583e+01,7.9840924365e+00,8.4155022281e-02,8.0560336492e-04,8.3349418916e-02,2.6136597720e+01
1.0390134534e+01,7.9886909226e+00,8.4108826769e-02,8.0506796493e-04,8.3303758804e-02,2.6194531792e+01
1.0393013486e+01,7.9932920572e+00,8.4062656506e-02,8.0453307065e-04,8.3258123435e-02,2.6252599172e+01
1.0395892437e+01,7.9978958419e+00,8.4016511477e-02,8.0399868127e-04,8.3212512796e-02,2.6310800167e+01
1.0398771388e+01,8.0025022782e+00,8.3970391671e-02,8.0346479597e-04,8.3166926875e-02,2.6369135085e+01
1.0401650339e+01,8.0071113675e+00,8.3924297071e-02,8.0293141395e-04,8.3121365657e-02,2.6427604236e+01
1.0404529290e+01,8.0117231115e+00,8.3878227666e-02,8.0239853439e-04,8.3075829132e-02,2.6486207931e+01
1.0407408241e+01,8.0163375117e+00,8.3832183442e-02,8.0186615648e-04,8.3030317285e-02,2.6544946480e+01
1.0410287192e+01,8.0209545695e+00,8.3786164385e-02,8.0133427942e-04,8.2984830105e-02,2.6603820194e+01
1.0413166143e+01,8.0255742866e+00,8.3740170481e-02,8.0080290240e-04,8.2939367578e-02,2.6662829386e+01
1.0416045094e+01,8.0301966644e+00,8.3694201717e-02,8.0027202461e-04,8.2893929692e-02,2.6721974369e+01
1.0418924045e+01,8.0348217045e+00,8.3648258079e-02,7.9974164526e-04,8.2848516434e-02,2.6781255457e+01
1.0421802997e+01,8.0394494084e+00,8.3602339555e-02,7.9921176354e-04,8.2803127791e-02,2.6840672964e+01
1.0424681948e+01,8.0440797777e+00,8.3556446129e-02,7.9868237866e-04,8.2757763751e-02,2.6900227205e+01
1.0427560899e+01,8.0487128139e+00,8.3510577790e-02,7.9815348982e-04,8.2712424300e-02,2.6959918495e+01
1.0430439850e+01,8.0533485185e+00,8.3464734522e-02,7.9762509622e-04,8.2667109426e-02,2.7019747153e+01
1.0433318801e+01,8.0579868931e+00,8.3418916314e-02,7.9709719708e-04,8.2621819117e-02,2.7079713495e+01
1.0436197752e+01,8.0626279391e+00,8.3373123150e-02,7.9656979160e-04,8.2576553359e-02,2.7139817838e+01
1.0439076703e+01,8.0672716582e+00,8.3327355019e-02,7.9604287899e-04,8.2531312140e-02,2.7200060503e+01
1.0441955654e+01,8.0719180519e+00,8.3281611905e-02,7.9551645847e-04,8.2486095447e-02,2.7260441808e+01
1.0444834605e+01,8.0765671217e+00,8.3235893797e-02,7.9499052925e-04,8.2440903267e-02,2.7320962074e+01
1.0447713556e+01,8.0812188691e+00,8.3190200679e-02,7.9446509055e-04,8.2395735589e-02,2.7381621622e+01
1.0450592508e+01,8.0858732958e+00,8.3144532539e-02,7.9394014158e-04,8.2350592398e-02,2.7442420774e+01
1.0453471459e+01,8.0905304032e+00,8.3098889364e-02,7.9341568156e-04,8.2305473683e-02,2.7503359851e+01
1.0456350410e+01,8.0951901929e+00,8.3053271140e-02,7.9289170972e-04,8.2260379430e-02,2.7564439178e+01
1.0459229361e+01,8.0998526664e+00,8.3007677852e-02,7.9236822528e-04,8.2215309627e-02,2.7625659079e+01
1.0462108312e+01,8.1045178253e+00,8.2962109489e-02,7.9184522746e-04,8.2170264262e-02,2.7687019878e+01
1.0464987263e+01,8.1091856711e+00,8.2916566037e-02,7.9132271550e-04,8.2125243321e-02,2.7748521900e+01
1.0467866214e+01,8.1138562054e+00,8.2871047481e-02,7.9080068861e-04,8.2080246793e-02,2.7810165472e+01
1.0470745165e+01,8.1185294298e+00,8.2825553809e-02,7.9027914603e-04,8.2035274663e-02,2.7871950921e+01
1.0473624116e+01,8.1232053457e+00,8.2780085008e-02,7.8975808700e-04,8.1990326921e-02,2.7933878575e+01
1.0476503068e+01,8.1278839547e+00,8.2734641063e-02,7.8923751074e-04,8.1945403552e-02,2.7995948763e+01
1.0479382019e+01,8.1325652584e+00,8.2689221961e-02,7.8871741649e-04,8.1900504545e-02,2.8058161812e+01
1.0482260970e+01,8.1372492583e+00,8.2643827690e-02,7.8819780348e-04,8.1855629886e-02,2.8120518055e+01
1.0485139921e+01,8.1419359560e+00,8.2598458235e-02,7.8767867097e-04,8.1810779564e-02,2.8183017821e+01
1.0488018872e+01,8.1466253530e+00,8.2553113584e-02,7.8716001818e-04,8.1765953565e-02,2.8245661442e+01
1.0490897823e+01,8.1513174509e+00,8.2507793722e-02,7.8664184436e-04,8.1721151878e-02,2.8308449250e+01
1.0493776774e+01,8.1560122513e+00,8.2462498637e-02,7.8612414875e-04,8.1676374488e-02,2.8371381578e+01
1.0496655725e+01,8.1607097556e+00,8.2417228315e-02,7.8560693061e-04,8.1631621384e-02,2.8434458762e+01
1.0499534676e+01,8.1654099655e+00,8.2371982742e-02,7.8509018917e-04,8.1586892553e-02,2.8497681134e+01
1.0502413627e+01,8.1701128826e+00,8.2326761906e-02,7.8457392368e-04,8.1542187983e-02,2.8561049030e+01
1.0505292579e+01,8.1748185083e+00,8.2281565793e-02,7.8405813340e-04,8.1497507660e-02,2.8624562787e+01
1.0508171530e+01,8.1795268442e+00,8.2236394390e-02,7.8354281758e-04,8.1452851573e-02,2.8688222742e+01
1.0511050481e+01,8.1842378919e+00,8.2191247684e-02,7.8302797547e-04,8.1408219708e-02,2.8752029232e+01
1.0513929432e+01,8.1889516530e+00,8.2146125660e-02,7.8251360634e-04,8.1363612054e-02,2.8815982596e+01
1.0516808383e+01,8.1936681290e+00,8.2101028306e-02,7.8199970942e-04,8.1319028596e-02,2.8880083173e+01
1.0519687334e+01,8.1983873215e+00,8.2055955608e-02,7.8148628400e-04,8.1274469324e-02,2.8944331304e+01
1.0522566285e+01,8.2031092320e+00,8.2010907554e-02,7.8097332931e-04,8.1229934225e-02,2.9008727329e+01
1.0525445236e+01,8.2078338622e+00,8.1965884129e-02,7.8046084464e-04,8.1185423285e-02,2.9073271589e+01
1.0528324187e+01,8.2125612135e+00,8.1920885321e-02,7.7994882924e-04,8.1140936492e-02,2.9137964428e+01
1.0531203138e+01,8.2172912875e+00,8.1875911117e-02,7.7943728238e-04,8.1096473834e-02,2.9202806189e+01
1.0534082090e+01,8.2220240859e+00,8.1830961502e-02,7.7892620332e-04,8.1052035299e-02,2.9267797215e+01
1.0536961041e+01,8.2267596102e+00,8.1786036464e-02,7.7841559134e-04,8.1007620872e-02,2.9332937852e+01
1.0539839992e+01,8.2314978619e+00,8.1741135989e-02,7.7790544570e-04,8.0963230543e-02,2.9398228445e+01
1.0542718943e+01,8.2362388427e+00,8.1696260065e-02,7.7739576568e-04,8.0918864299e-02,2.9463669340e+01
1.0545597894e+01,8.2409825540e+00,8.1651408677e-02,7.7688655055e-04,8.0874522127e-02,2.9529260886e+01
1.0548476845e+01,8.2457289975e+00,8.1606581813e-02,7.7637779959e-04,8.0830204014e-02,2.9595003429e+01
1.0551355796e+01,8.2504781748e+00,8.1561779460e-02,7.7586951207e-04,8.0785909948e-02,2.9660897319e+01
1.0554234747e+01,8.2552300873e+00,8.1517001604e-02,7.7536168727e-04,8.0741639917e-02,2.9726942905e+01
1.0557113698e+01,8.2599847368e+00,8.1472248232e-02,7.7485432448e-04,8.0697393907e-02,2.9793140538e+01
1.0559992650e+01,8.2647421247e+00,8.1427519330e-02,7.7434742297e-04,8.0653171907e-02,2.9859490570e+01
1.0562871601e+01,8.2695022527e+00,8.1382814887e-02,7.7384098203e-04,8.0608973905e-02,2.9925993351e+01
1.0565750552e+01,8.2742651223e+00,8.1338134887e-02,7.7333500094e-04,8.0564799886e-02,2.9992649236e+01
1.0568629503e+01,8.2790307351e+00,8.1293479319e-02,7.7282947900e-04,8.0520649840e-02,3.0059458577e+01
1.0571508454e+01,8.2837990927e+00,8.1248848169e-02,7.7232441548e-04,8.0476523753e-02,3.0126421730e+01
1.0574387405e+01,8.2885701967e+00,8.1204241423e-02,7.7181980968e-04,8.0432421614e-02,3.0193539049e+01
1.0577266356e+01,8.2933440486e+00,8.1159659069e-02,7.7131566090e-04,8.0388343409e-02,3.0260810892e+01
1.0580145307e+01,8.2981206500e+00,8.1115101094e-02,7.7081196841e-04,8.0344289126e-02,3.0328237614e+01
1.0583024258e+01,8.3029000025e+00,8.1070567484e-02,7.7030873152e-04,8.0300258752e-02,3.0395819574e+01
1.0585903209e+01,8.3076821078e+00,8.1026058226e-02,7.6980594953e-04,8.0256252276e-02,3.0463557130e+01
1.0588782161e+01,8.3124669673e+00,8.0981573307e-02,7.6930362173e-04,8.0212269685e-02,3.0531450641e+01
1.0591661112e+01,8.3172545827e+00,8.0937112714e-02,7.6880174742e-04,8.0168310966e-02,3.0599500469e+01
1.0594540063e+01,8.3220449555e+00,8.0892676433e-02,7.6830032590e-04,8.0124376108e-02,3.0667706974e+01
1.0597419014e+01,8.3268380874e+00,8.0848264453e-02,7.6779935648e-04,8.0080465096e-02,3.0736070519e+01
1.0600297965e+01,8.3316339800e+00,8.0803876758e-02,7.6729883845e-04,8.0036577920e-02,3.0804591465e+01
1.0603176916e+01,8.3364326347e+00,8.0759513337e-02,7.6679877113e-04,7.9992714566e-02,3.0873270177e+01
1.0606055867e+01,8.3412340533e+00,8.0715174176e-02,7.6629915383e-04,7.9948875022e-02,3.0942107019e+01
1.0608934818e+01,8.3460382372e+00,8.0670859263e-02,7.6579998584e-04,7.9905059277e-02,3.1011102356e+01
1.0611813769e+01,8.3508451882e+00,8.0626568583e-02,7.6530126648e-04,7.9861267316e-02,3.1080256555e+01
1.0614692721e+01,8.3556549077e+00,8.0582302124e-02,7.6480299506e-04,7.9817499129e-02,3.1149569983e+01
1.0617571672e+01,8.3604673975e+00,8.0538059873e-02,7.6430517090e-04,7.9773754702e-02,3.1219043007e+01
1.0620450623e+01,8.3652826590e+00,8.0493841817e-02,7.6380779331e-04,7.9730034024e-02,3.1288675996e+01
1.0623329574e+01,8.3701006939e+00,8.0449647943e-02,7.6331086160e-04,7.9686337081e-02,3.1358469321e+01
1.0626208525e+01,8.3749215038e+00,8.0405478237e-02,7.6281437510e-04,7.9642663862e-02,3.1428423350e+01
1.0629087476e+01,8.3797450903e+00,8.0361332687e-02,7.6231833312e-04,7.9599014353e-02,3.1498538456e+01
1.0631966427e+01,8.3845714549e+00,8.0317211279e-02,7.6182273498e-04,7.9555388544e-02,3.1568815010e+01
1.0634845378e+01,8.3894005993e+00,8.0273114001e-02,7.6132758002e-04,7.9511786421e-02,3.1639253386e+01
1.0637724329e+01,8.3942325251e+00,8.0229040839e-02,7.6083286754e-04,7.9468207971e-02,3.1709853957e+01
1.0640603280e+01,8.3990672338e+00,8.0184991781e-02,7.6033859687e-04,7.9424653184e-02,3.1780617099e+01
1.0643482232e+01,8.4039047272e+00,8.0140966813e-02,7.5984476735e-04,7.9381122046e-02,3.1851543186e+01
1.0646361183e+01,8.4087450067e+00,8.0096965922e-02,7.5935137830e-04,7.9337614544e-02,3.1922632595e+01
1.0649240134e+01,8.4135880740e+00,8.0052989096e-02,7.5885842905e-04,7.9294130667e-02,3.1993885704e+01
1.0652119085e+01,8.4184339307e+00,8.0009036322e-02,7.5836591893e-04,7.9250670403e-02,3.2065302891e+01
1.0654998036e+01,8.4232825784e+00,7.9965107585e-02,7.5787384727e-04,7.9207233738e-02,3.2136884535e+01
1.0657876987e+01,8.4281340187e+00,7.9921202874e-02,7.5738221342e-04,7.9163820661e-02,3.2208631015e+01
1.0660755938e+01,8.4329882532e+00,7.9877322176e-02,7.5689101669e-04,7.9120431159e-02,3.2280542712e+01
1.0663634889e+01,8.4378452836e+00,7.9833465477e-02,7.5640025644e-04,7.9077065220e-02,3.2352620009e+01
1.0666513840e+01,8.4427051113e+00,7.9789632764e-02,7.5590993200e-04,7.9033722832e-02,3.2424863288e+01
1.0669392791e+01,8.4475677382e+00,7.9745824025e-02,7.5542004271e-04,7.8990403982e-02,3.2497272932e+01
1.0672271743e+01,8.4524331657e+00,7.9702039246e-02,7.5493058791e-04,7.8947108658e-02,3.2569849326e+01
1.0675150694e+01,8.4573013954e+00,7.9658278415e-02,7.5444156694e-04,7.8903836848e-02,3.2642592854e+01
1.0678029645e+01,8.4621724291e+00,7.9614541519e-02,7.5395297915e-04,7.8860588540e-02,3.2715503904e+01
1.0680908596e+01,8.4670462682e+00,7.9570828544e-02,7.5346482389e-04,7.8817363721e-02,3.2788582861e+01
1.0683787547e+01,8.4719229145e+00,7.9527139479e-02,7.5297710050e-04,7.8774162378e-02,3.2861830115e+01
1.0686666498e+01,8.4768023695e+00,7.9483474309e-02,7.5248980832e-04,7.8730984500e-02,3.2935246053e+01
1.0689545449e+01,8.4816846349e+00,7.9439833022e-02,7.5200294672e-04,7.8687830075e-02,3.3008831066e+01
1.0692424400e+01,8.4865697122e+00,7.9396215605e-02,7.5151651504e-04,7.8644699090e-02,3.3082585543e+01
1.0695303351e+01,8.4914576031e+00,7.9352622045e-02,7.5103051264e-04,7.8601591532e-02,3.3156509878e+01
1.0698182303e+01,8.4963483092e+00,7.9309052329e-02,7.5054493887e-04,7.8558507390e-02,3.3230604461e+01
1.0701061254e+01,8.5012418322e+00,7.9265506445e-02,7.5005979308e-04,7.8515446652e-02,3.3304869687e+01
1.0703940205e+01,8.5061381736e+00,7.9221984379e-02,7.4957507463e-04,7.8472409305e-02,3.3379305949e+01
1.0706819156e+01,8.5110373351e+00,7.9178486119e-02,7.4909078289e-04,7.8429395336e-02,3.3453913643e+01
1.0709698107e+01,8.5159393183e+00,7.9135011651e-02,7.4860691721e-04,7.8386404734e-02,3.3528693164e+01
1.0712577058e+01,8.5208441248e+00,7.9091560964e-02,7.4812347695e-04,7.8343437487e-02,3.3603644911e+01
1.0715456009e+01,8.5257517562e+00,7.9048134043e-02,7.4764046147e-04,7.8300493582e-02,3.3678769280e+01
1.0718334960e+01,8.5306622143e+00,7.9004730877e-02,7.4715787015e-04,7.8257573007e-02,3.3754066670e+01
1.0721213911e+01,8.5355755005e+00,7.8961351452e-02,7.4667570234e-04,7.8214675749e-02,3.3829537482e+01
1.0724092862e+01,8.5404916166e+00,7.8917995755e-02,7.4619395742e-04,7.8171801797e-02,3.3905182115e+01
1.0726971814e+01,8.5454105642e+00,7.8874663774e-02,7.4571263475e-04,7.8128951139e-02,3.3981000972e+01
1.0729850765e+01,8.5503323448e+00,7.8831355495e-02,7.4523173369e-04,7.8086123762e-02,3.4056994454e+01
1.0732729716e+01,8.5552569602e+00,7.8788070907e-02,7.4475125363e-04,7.8043319654e-02,3.4133162966e+01
1.0735608667e+01,8.5601844120e+00,7.8744809996e-02,7.4427119394e-04,7.8000538802e-02,3.4209506912e+01
1.0738487618e+01,8.5651147017e+00,7.8701572749e-02,7.4379155398e-04,7.7957781195e-02,3.4286026697e+01
1.0741366569e+01,8.5700478311e+00,7.8658359154e-02,7.4331233314e-04,7.7915046821e-02,3.4362722726e+01
1.0744245520e+01,8.5749838017e+00,7.8615169198e-02,7.4283353079e-04,7.7872335667e-02,3.4439595409e+01
1.0747124471e+01,8.5799226153e+00,7.8572002868e-02,7.4235514631e-04,7.7829647721e-02,3.4516645151e+01
1.0750003422e+01,8.5848642734e+00,7.8528860150e-02,7.4187717908e-04,7.7786982971e-02,3.4593872364e+01
1.0752882374e+01,8.5898087776e+00,7.8485741034e-02,7.4139962848e-04,7.7744341405e-02,3.4671277455e+01
1.0755761325e+01,8.5947561297e+00,7.8442645505e-02,7.4092249389e-04,7.7701723011e-02,3.4748860838e+01
1.0758640276e+01,8.5997063312e+00,7.8399573551e-02,7.4044577469e-04,7.7659127776e-02,3.4826622923e+01
1.0761519227e+01,8.6046593838e+00,7.8356525159e-02,7.3996947027e-04,7.7616555689e-02,3.4904564123e+01
1.0764398178e+01,8.6096152892e+00,7.8313500316e-02,7.3949358002e-04,7.7574006736e-02,3.4982684852e+01
1.0767277129e+01,8.6145740490e+00,7.8270499011e-02,7.3901810332e-04,7.7531480907e-02,3.5060985525e+01
1.0770156080e+01,8.6195356648e+00,7.8227521229e-02,7.3854303957e-04,7.7488978189e-02,3.5139466558e+01
1.0773035031e+01,8.6245001382e+00,7.8184566958e-02,7.3806838815e-04,7.7446498570e-02,3.5218128367e+01
1.0775913982e+01,8.6294674710e+00,7.8141636186e-02,7.3759414845e-04,7.7404042038e-02,3.5296971369e+01
1.0778792933e+01,8.6344376647e+00,7.8098728900e-02,7.3712031987e-04,7.7361608580e-02,3.5375995985e+01
1.0781671885e+01,8.6394107211e+00,7.8055845087e-02,7.3664690179e-04,7.7319198185e-02,3.5455202632e+01
1.0784550836e+01,8.6443866417e+00,7.8012984734e-02,7.3617389363e-04,7.7276810841e-02,3.5534591732e+01
1.0787429787e+01,8.6493654282e+00,7.7970147829e-02,7.3570129477e-04,7.7234446535e-02,3.5614163706e+01
1.0790308738e+01,8.6543470823e+00,7.7927334360e-02,7.3522910461e-04,7.7192105255e-02,3.5693918977e+01
1.0793187689e+01,8.6593316056e+00,7.7884544312e-02,7.3475732255e-04,7.7149786989e-02,3.5773857968e+01
1.0796066640e+01,8.6643189998e+00,7.7841777674e-02,7.3428594799e-04,7.7107491726e-02,3.5853981103e+01
1.0798945591e+01,8.6693092664e+00,7.7799034433e-02,7.3381498034e-04,7.7065219453e-02,3.5934288808e+01
1.0801824542e+01,8.6743024073e+00,7.7756314576e-02,7.3334441899e-04,7.7022970157e-02,3.6014781510e+01
1.0804703493e+01,8.6792984240e+00,7.7713618092e-02,7.3287426335e-04,7.6980743828e-02,3.6095459635e+01
1.0807582444e+01,8.6842973182e+00,7.7670944966e-02,7.3240451283e-04,7.6938540453e-02,3.6176323613e+01
1.0810461396e+01,8.6892990915e+00,7.7628295186e-02,7.3193516684e-04,7.6896360019e-02,3.6257373872e+01
1.0813340347e+01,8.6943037456e+00,7.7585668741e-02,7.3146622478e-04,7.6854202516e-02,3.6338610843e+01
1.0816219298e+01,8.6993112822e+00,7.7543065616e-02,7.3099768606e-04,7.6812067930e-02,3.6420034957e+01
1.0819098249e+01,8.7043217029e+00,7.7500485800e-02,7.3052955009e-04,7.6769956250e-02,3.6501646647e+01
1.0821977200e+01,8.7093350094e+00,7.7457929280e-02,7.3006181629e-04,7.6727867464e-02,3.6583446345e+01
1.0824856151e+01,8.7143512033e+00,7.7415396043e-02,7.2959448407e-04,7.6685801559e-02,3.6665434487e+01
1.0827735102e+01,8.7193702863e+00,7.7372886077e-02,7.2912755285e-04,7.6643758524e-02,3.6747611508e+01
1.0830614053e+01,8.7243922601e+00,7.7330399369e-02,7.2866102203e-04,7.6601738347e-02,3.6829977843e+01
1.0833493004e+01,8.7294171264e+00,7.7287935906e-02,7.2819489104e-04,7.6559741015e-02,3.6912533931e+01
1.0836371956e+01,8.7344448867e+00,7.7245495677e-02,7.2772915930e-04,7.6517766518e-02,3.6995280210e+01
1.0839250907e+01,8.7394755428e+00,7.7203078668e-02,7.2726382623e-04,7.6475814841e-02,3.7078217119e+01
1.0842129858e+01,8.7445090964e+00,7.7160684866e-02,7.2679889124e-04,7.6433885975e-02,3.7161345098e+01
1.0845008809e+01,8.7495455490e+00,7.7118314260e-02,7.2633435376e-04,7.6391979906e-02,3.7244664589e+01
1.0847887760e+01,8.7545849025e+00,7.7075966836e-02,7.2587021322e-04,7.6350096623e-02,3.7328176035e+01
1.0850766711e+01,8.7596271583e+00,7.7033642583e-02,7.2540646904e-04,7.6308236114e-02,3.7411879878e+01
1.0853645662e+01,8.7646723183e+00,7.6991341487e-02,7.2494312064e-04,7.6266398367e-02,3.7495776564e+01
1.0856524613e+01,8.7697203841e+00,7.6949063536e-02,7.2448016745e-04,7.6224583369e-02,3.7579866537e+01
1.0859403564e+01,8.7747713574e+00,7.6906808718e-02,7.2401760890e-04,7.6182791109e-02,3.7664150246e+01
1.0862282515e+01,8.7798252397e+00,7.6864577020e-02,7.2355544443e-04,7.6141021575e-02,3.7748628136e+01
1.0865161467e+01,8.7848820329e+00,7.6822368429e-02,7.2309367345e-04,7.6099274756e-02,3.7833300656e+01
1.0868040418e+01,8.7899417386e+00,7.6780182933e-02,7.2263229541e-04,7.6057550638e-02,3.7918168257e+01
1.0870919369e+01,8.7950043585e+00,7.6738020520e-02,7.2217130974e-04,7.6015849210e-02,3.8003231389e+01
1.0873798320e+01,8.8000698942e+00,7.6695881176e-02,7.2171071587e-04,7.5974170460e-02,3.8088490503e+01
1.0876677271e+01,8.8051383474e+00,7.6653764890e-02,7.2125051323e-04,7.5932514377e-02,3.8173946053e+01
1.0879556222e+01,8.8102097199e+00,7.6611671649e-02,7.2079070127e-04,7.5890880948e-02,3.8259598492e+01
1.0882435173e+01,8.8152840132e+00,7.6569601441e-02,7.2033127943e-04,7.5849270161e-02,3.8345448276e+01
1.0885314124e+01,8.8203612291e+00,7.6527554252e-02,7.1987224714e-04,7.5807682005e-02,3.8431495859e+01
1.0888193075e+01,8.8254413692e+00,7.6485530071e-02,7.1941360384e-04,7.5766116467e-02,3.8517741699e+01
1.0891072027e+01,8.8305244353e+00,7.6443528885e-02,7.1895534898e-04,7.5724573536e-02,3.8604186254e+01
1.0893950978e+01,8.8356104290e+00,7.6401550682e-02,7.1849748200e-04,7.5683053200e-02,3.8690829984e+01
1.0896829929e+01,8.8406993520e+00,7.6359595449e-02,7.1804000234e-04,7.5641555447e-02,3.8777673347e+01
1.0899708880e+01,8.8457912061e+00,7.6317663174e-02,7.1758290946e-04,7.5600080265e-02,3.8864716806e+01
1.0902587831e+01,8.8508859927e+00,7.6275753844e-02,7.1712620278e-04,7.5558627641e-02,3.8951960823e+01
1.0905466782e+01,8.8559837138e+00,7.6233867447e-02,7.1666988178e-04,7.5517197565e-02,3.9039405861e+01
1.0908345733e+01,8.8610843709e+00,7.6192003971e-02,7.1621394588e-04,7.5475790025e-02,3.9127052384e+01
1.0911224684e+01,8.8661879658e+00,7.6150163402e-02,7.1575839455e-04,7.5434405008e-02,3.9214900858e+01
1.0914103635e+01,8.8712945002e+00,7.6108345730e-02,7.1530322723e-04,7.5393042502e-02,3.9302951750e+01
1.0916982586e+01,8.8764039756e+00,7.6066550940e-02,7.1484844338e-04,7.5351702497e-02,3.9391205527e+01
1.0919861538e+01,8.8815163939e+00,7.6024779021e-02,7.1439404246e-04,7.5310384979e-02,3.9479662657e+01
1.0922740489e+01,8.8866317568e+00,7.5983029961e-02,7.1394002391e-04,7.5269089937e-02,3.9568323611e+01
1.0925619440e+01,8.8917500658e+00,7.5941303747e-02,7.1348638719e-04,7.5227817360e-02,3.9657188860e+01
1.0928498391e+01,8.8968713228e+00,7.5899600367e-02,7.1303313176e-04,7.5186567235e-02,3.9746258875e+01
1.0931377342e+01,8.9019955294e+00,7.5857919808e-02,7.1258025708e-04,7.5145339551e-02,3.9835534130e+01
1.0934256293e+01,8.9071226873e+00,7.5816262058e-02,7.1212776261e-04,7.5104134296e-02,3.9925015099e+01
1.0937135244e+01,8.9122527982e+00,7.5774627105e-02,7.1167564781e-04,7.5062951457e-02,4.0014702256e+01
1.0940014195e+01,8.9173858639e+00,7.5733014936e-02,7.1122391214e-04,7.5021791024e-02,4.0104596079e+01
1.0942893146e+01,8.9225218860e+00,7.5691425539e-02,7.1077255506e-04,7.4980652984e-02,4.0194697044e+01
1.0945772097e+01,8.9276608662e+00,7.5649858901e-02,7.1032157604e-04,7.4939537325e-02,4.0285005631e+01
1.0948651049e+01,8.9328028062e+00,7.5608315011e-02,7.0987097455e-04,7.4898444036e-02,4.0375522319e+01
1.0951530000e+01,8.9379477077e+00,7.5566793856e-02,7.0942075004e-04,7.4857373106e-02,4.0466247588e+01
1.0954408951e+01,8.9430955725e+00,7.5525295423e-02,7.0897090200e-04,7.4816324521e-02,4.0557181921e+01
1.0957287902e+01,8.9482464022e+00,7.5483819701e-02,7.0852142988e-04,7.4775298271e-02,4.0648325801e+01
1.0960166853e+01,8.9534001986e+00,7.5442366676e-02,7.0807233316e-04,7.4734294343e-02,4.0739679711e+01
1.0963045804e+01,8.9585569634e+00,7.5400936338e-02,7.0762361130e-04,7.4693312727e-02,4.0831244137e+01
1.0965924755e+01,8.9637166982e+00,7.5359528673e-02,7.0717526379e-04,7.4652353409e-02,4.0923019565e+01
1.0968803706e+01,8.9688794048e+00,7.5318143669e-02,7.0672729009e-04,7.4611416379e-02,4.1015006483e+01
1.0971682657e+01,8.9740450849e+00,7.5276781313e-02,7.0627968968e-04,7.4570501624e-02,4.1107205380e+01
1.0974561609e+01,8.9792137401e+00,7.5235441595e-02,7.0583246203e-04,7.4529609133e-02,4.1199616744e+01
1.0977440560e+01,8.9843853723e+00,7.5194124501e-02,7.0538560662e-04,7.4488738894e-02,4.1292241067e+01
1.0980319511e+01,8.9895599832e+00,7.5152830018e-02,7.0493912293e-04,7.4447890896e-02,4.1385078841e+01
1.0983198462e+01,8.9947375744e+00,7.5111558136e-02,7.0449301044e-04,7.4407065126e-02,4.1478130559e+01
1.0986077413e+01,8.9999181476e+00,7.5070308841e-02,7.0404726862e-04,7.4366261573e-02,4.1571396715e+01
1.0988956364e+01,9.0051017047e+00,7.5029082122e-02,7.0360189697e-04,7.4325480225e-02,4.1664877804e+01
1.0991835315e+01,9.0102882472e+00,7.4987877965e-02,7.0315689495e-04,7.4284721070e-02,4.1758574324e+01
1.0994714266e+01,9.0154777770e+00,7.4946696360e-02,7.0271226205e-04,7.4243984098e-02,4.1852486772e+01
1.0997593217e+01,9.0206702957e+00,7.4905537293e-02,7.0226799777e-04,7.4203269295e-02,4.1946615646e+01
1.1000472168e+01,9.0258658050e+00,7.4864400752e-02,7.0182410158e-04,7.4162576651e-02,4.2040961447e+01
1.1003351120e+01,9.0310643068e+00,7.4823286726e-02,7.0138057296e-04,7.4121906153e-02,4.2135524676e+01
1.1006230071e+01,9.0362658026e+00,7.4782195201e-02,7.0093741142e-04,7.4081257790e-02,4.2230305835e+01
1.1009109022e+01,9.0414702943e+00,7.4741126167e-02,7.0049461643e-04,7.4040631551e-02,4.2325305427e+01
1.1011987973e+01,9.0466777835e+00,7.4700079610e-02,7.0005218749e-04,7.4000027423e-02,4.2420523958e+01
1.1014866924e+01,9.0518882721e+00,7.4659055519e-02,6.9961012409e-04,7.3959445394e-02,4.2515961933e+01
1.1017745875e+01,9.0571017616e+00,7.4618053880e-02,6.9916842572e-04,7.3918885455e-02,4.2611619858e+01
1.1020624826e+01,9.0623182539e+00,7.4577074683e-02,6.9872709187e-04,7.3878347591e-02,4.2707498243e+01
1.1023503777e+01,9.0675377506e+00,7.4536117915e-02,6.9828612203e-04,7.3837831793e-02,4.2803597596e+01
1.1026382728e+01,9.0727602536e+00,7.4495183563e-02,6.9784551571e-04,7.3797338048e-02,4.2899918428e+01
1.1029261679e+01,9.0779857645e+00,7.4454271617e-02,6.9740527239e-04,7.3756866344e-02,4.2996461251e+01
1.1032140631e+01,9.0832142850e+00,7.4413382062e-02,6.9696539159e-04,7.3716416670e-02,4.3093226577e+01
1.1035019582e+01,9.0884458170e+00,7.4372514888e-02,6.9652587278e-04,7.3675989015e-02,4.3190214920e+01
1.1037898533e+01,9.0936803621e+00,7.4331670082e-02,6.9608671548e-04,7.3635583367e-02,4.3287426796e+01
1.1040777484e+01,9.0989179220e+00,7.4290847632e-02,6.9564791918e-04,7.3595199713e-02,4.3384862721e+01
1.1043656435e+01,9.1041584986e+00,7.4250047526e-02,6.9520948339e-04,7.3554838043e-02,4.3482523213e+01
1.1046535386e+01,9.1094020934e+00,7.4209269752e-02,6.9477140761e-04,7.3514498344e-02,4.3580408790e+01
1.1049414337e+01,9.1146487084e+00,7.4168514298e-02,6.9433369134e-04,7.3474180606e-02,4.3678519973e+01
1.1052293288e+01,9.1198983452e+00,7.4127781151e-02,6.9389633408e-04,7.3433884817e-02,4.3776857282e+01
1.1055172239e+01,9.1251510056e+00,7.4087070300e-02,6.9345933535e-04,7.3393610964e-02,4.3875421241e+01
1.1058051191e+01,9.1304066912e+00,7.4046381732e-02,6.9302269465e-04,7.3353359037e-02,4.3974212371e+01
1.1060930142e+01,9.1356654039e+00,7.4005715435e-02,6.9258641148e-04,7.3313129024e-02,4.4073231200e+01
1.1063809093e+01,9.1409271454e+00,7.3965071398e-02,6.9215048536e-04,7.3272920913e-02,4.4172478251e+01
1.1066688044e+01,9.1461919174e+00,7.3924449608e-02,6.9171491580e-04,7.3232734692e-02,4.4271954054e+01
1.1069566995e+01,9.1514597217e+00,7.3883850053e-02,6.9127970230e-04,7.3192570351e-02,4.4371659136e+01
1.1072445946e+01,9.1567305600e+00,7.3843272721e-02,6.9084484439e-04,7.3152427877e-02,4.4471594026e+01
1.1075324897e+01,9.1620044341e+00,7.3802717600e-02,6.9041034156e-04,7.3112307259e-02,4.4571759256e+01
1.1078203848e+01,9.1672813457e+00,7.3762184678e-02,6.8997619334e-04,7.3072208485e-02,4.4672155358e+01
1.1081082799e+01,9.1725612966e+00,7.3721673943e-02,6.8954239924e-04,7.3032131544e-02,4.4772782866e+01
1.1083961750e+01,9.1778442885e+00,7.3681185383e-02,6.8910895878e-04,7.2992076425e-02,4.4873642313e+01
1.1086840702e+01,9.1831303232e+00,7.3640718986e-02,6.8867587147e-04,7.2952043115e-02,4.4974734235e+01
1.1089719653e+01,9.1884194023e+00,7.3600274740e-02,6.8824313683e-04,7.2912031603e-02,4.5076059171e+01
1.1092598604e+01,9.1937115278e+00,7.3559852633e-02,6.8781075439e-04,7.2872041878e-02,4.5177617657e+01
1.1095477555e+01,9.1990067013e+00,7.3519452652e-02,6.8737872365e-04,7.2832073928e-02,4.5279410234e+01
1.1098356506e+01,9.2043049246e+00,7.3479074786e-02,6.8694704415e-04,7.2792127742e-02,4.5381437442e+01
1.1101235457e+01,9.2096061994e+00,7.3438719023e-02,6.8651571541e-04,7.2752203308e-02,4.5483699824e+01
1.1104114408e+01,9.2149105276e+00,7.3398385351e-02,6.8608473694e-04,7.2712300614e-02,4.5586197922e+01
1.1106993359e+01,9.2202179107e+00,7.3358073758e-02,6.8565410827e-04,7.2672419650e-02,4.5688932282e+01
1.1109872310e+01,9.2255283508e+00,7.3317784231e-02,6.8522382893e-04,7.2632560402e-02,4.5791903448e+01
1.1112751262e+01,9.2308418493e+00,7.3277516760e-02,6.8479389844e-04,7.2592722862e-02,4.5895111969e+01
1.1115630213e+01,9.2361584083e+00,7.3237271331e-02,6.8436431633e-04,7.2552907015e-02,4.5998558392e+01
1.1118509164e+01,9.2414780293e+00,7.3197047934e-02,6.8393508213e-04,7.2513112852e-02,4.6102243267e+01
1.1121388115e+01,9.2468007142e+00,7.3156846556e-02,6.8350619537e-04,7.2473340360e-02,4.6206167145e+01
1.1124267066e+01,9.2521264648e+00,7.3116667184e-02,6.8307765557e-04,7.2433589529e-02,4.6310330578e+01
1.1127146017e+01,9.2574552827e+00,7.3076509808e-02,6.8264946228e-04,7.2393860346e-02,4.6414734119e+01
1.1130024968e+01,9.2627871698e+00,7.3036374415e-02,6.8222161501e-04,7.2354152800e-02,4.6519378324e+01
1.1132903919e+01,9.2681221278e+00,7.2996260993e-02,6.8179411331e-04,7.2314466880e-02,4.6624263747e+01
1.1135782870e+01,9.2734601585e+00,7.2956169531e-02,6.8136695670e-04,7.2274802574e-02,4.6729390947e+01
1.1138661821e+01,9.2788012638e+00,7.2916100016e-02,6.8094014472e-04,7.2235159871e-02,4.6834760482e+01
1.1141540773e+01,9.2841454452e+00,7.2876052437e-02,6.8051367692e-04,7.2195538760e-02,4.6940372911e+01
1.1144419724e+01,9.2894927047e+00,7.2836026781e-02,6.8008755281e-04,7.2155939229e-02,4.7046228796e+01
1.1147298675e+01,9.2948430439e+00,7.2796023037e-02,6.7966177195e-04,7.2116361266e-02,4.7152328700e+01
1.1150177626e+01,9.3001964647e+00,7.2756041193e-02,6.7923633387e-04,7.2076804860e-02,4.7258673185e+01
1.1153056577e+01,9.3055529688e+00,7.2716081237e-02,6.7881123812e-04,7.2037269999e-02,4.7365262818e+01
1.1155935528e+01,9.3109125581e+00,7.2676143158e-02,6.7838648422e-04,7.1997756673e-02,4.7472098163e+01
1.1158814479e+01,9.3162752342e+00,7.2636226942e-02,6.7796207173e-04,7.1958264870e-02,4.7579179790e+01
1.1161693430e+01,9.3216409990e+00,7.2596332579e-02,6.7753800018e-04,7.1918794578e-02,4.7686508267e+01
1.1164572381e+01,9.3270098543e+00,7.2556460056e-02,6.7711426912e-04,7.1879345787e-02,4.7794084163e+01
1.1167451332e+01,9.3323818018e+00,7.2516609362e-02,6.7669087810e-04,7.1839918484e-02,4.7901908052e+01
1.1170330284e+01,9.3377568432e+00,7.2476780485e-02,6.7626782665e-04,7.1800512658e-02,4.8009980505e+01
1.1173209235e+01,9.3431349805e+00,7.2436973412e-02,6.7584511433e-04,7.1761128298e-02,4.8118302097e+01
1.1176088186e+01,9.3485162153e+00,7.2397188133e-02,6.7542274069e-04,7.1721765392e-02,4.8226873403e+01
1.1178967137e+01,9.3539005495e+00,7.2357424635e-02,6.7500070526e-04,7.1682423930e-02,4.8335695001e+01
1.1181846088e+01,9.3592879849e+00,7.2317682907e-02,6.7457900761e-04,7.1643103899e-02,4.8444767468e+01
1.1184725039e+01,9.3646785231e+00,7.2277962936e-02,6.7415764728e-04,7.1603805289e-02,4.8554091384e+01
1.1187603990e+01,9.3700721661e+00,7.2238264711e-02,6.7373662381e-04,7.1564528088e-02,4.8663667330e+01
1.1190482941e+01,9.3754689155e+00,7.2198588221e-02,6.7331593678e-04,7.1525272284e-02,4.8773495888e+01
1.1193361892e+01,9.3808687733e+00,7.2158933452e-02,6.7289558571e-04,7.1486037867e-02,4.8883577642e+01
1.1196240844e+01,9.3862717411e+00,7.2119300394e-02,6.7247557018e-04,7.1446824824e-02,4.8993913177e+01
1.1199119795e+01,9.3916778209e+00,7.2079689035e-02,6.7205588974e-04,7.1407633145e-02,4.9104503078e+01
1.1201998746e+01,9.3970870142e+00,7.2040099363e-02,6.7163654393e-04,7.1368462819e-02,4.9215347934e+01
1.1204877697e+01,9.4024993231e+00,7.2000531365e-02,6.7121753232e-04,7.1329313833e-02,4.9326448333e+01
1.1207756648e+01,9.4079147492e+00,7.1960985032e-02,6.7079885447e-04,7.1290186177e-02,4.9437804867e+01
1.1210635599e+01,9.4133332943e+00,7.1921460349e-02,6.7038050993e-04,7.1251079840e-02,4.9549418125e+01
1.1213514550e+01,9.4187549603e+00,7.1881957307e-02,6.6996249826e-04,7.1211994809e-02,4.9661288702e+01
1.1216393501e+01,9.4241797489e+00,7.1842475893e-02,6.6954481902e-04,7.1172931074e-02,4.9773417193e+01
1.1219272452e+01,9.4296076619e+00,7.1803016095e-02,6.6912747178e-04,7.1133888623e-02,4.9885804192e+01
1.1222151403e+01,9.4350387012e+00,7.1763577902e-02,6.6871045609e-04,7.1094867446e-02,4.9998450297e+01
1.1225030355e+01,9.4404728686e+00,7.1724161302e-02,6.6829377153e-04,7.1055867530e-02,5.0111356107e+01
1.1227909306e+01,9.4459101658e+00,7.1684766283e-02,6.6787741764e-04,7.1016888865e-02,5.0224522221e+01
1.1230788257e+01,9.4513505946e+00,7.1645392833e-02,6.6746139401e-04,7.0977931439e-02,5.0337949241e+01
1.1233667208e+01,9.4567941569e+00,7.1606040941e-02,6.6704570018e-04,7.0938995241e-02,5.0451637770e+01
1.1236546159e+01,9.4622408544e+00,7.1566710596e-02,6.6663033574e-04,7.0900080260e-02,5.0565588411e+01
1.1239425110e+01,9.4676906890e+00,7.1527401784e-02,6.6621530024e-04,7.0861186484e-02,5.0679801771e+01
1.1242304061e+01,9.4731436624e+00,7.1488114495e-02,6.6580059326e-04,7.0822313902e-02,5.0794278455e+01
1.1245183012e+01,9.4785997765e+00,7.1448848718e-02,6.6538621436e-04,7.0783462503e-02,5.0909019074e+01
1.1248061963e+01,9.4840590331e+00,7.1409604439e-02,6.6497216311e-04,7.0744632276e-02,5.1024024235e+01
1.1250940915e+01,9.4895214340e+00,7.1370381649e-02,6.6455843910e-04,7.0705823209e-02,5.1139294550e+01
1.1253819866e+01,9.4949869810e+00,7.1331180334e-02,6.6414504187e-04,7.0667035292e-02,5.1254830633e+01
1.1256698817e+01,9.5004556759e+00,7.1292000483e-02,6.6373197102e-04,7.0628268512e-02,5.1370633096e+01
1.1259577768e+01,9.5059275206e+00,7.1252842085e-02,6.6331922611e-04,7.0589522859e-02,5.1486702555e+01
1.1262456719e+01,9.5114025167e+00,7.1213705129e-02,6.6290680672e-04,7.0550798322e-02,5.1603039627e+01
1.1265335670e+01,9.5168806663e+00,7.1174589601e-02,6.6249471243e-04,7.0512094889e-02,5.1719644930e+01
1.1268214621e+01,9.5223619710e+00,7.1135495491e-02,6.6208294280e-04,7.0473412549e-02,5.1836519084e+01
1.1271093572e+01,9.5278464327e+00,7.1096422788e-02,6.6167149742e-04,7.0434751290e-02,5.1953662710e+01
1.1273972523e+01,9.5333340532e+00,7.1057371479e-02,6.6126037586e-04,7.0396111103e-02,5.2071076430e+01
1.1276851474e+01,9.5388248343e+00,7.1018341552e-02,6.6084957771e-04,7.0357491974e-02,5.2188760868e+01
1.1279730426e+01,9.5443187779e+00,7.0979332997e-02,6.6043910254e-04,7.0318893895e-02,5.2306716650e+01
1.1282609377e+01,9.5498158858e+00,7.0940345802e-02,6.6002894993e-04,7.0280316852e-02,5.2424944403e+01
1.1285488328e+01,9.5553161597e+00,7.0901379954e-02,6.5961911947e-04,7.0241760835e-02,5.2543444754e+01
1.1288367279e+01,9.5608196016e+00,7.0862435443e-02,6.5920961073e-04,7.0203225832e-02,5.2662218334e+01
1.1291246230e+01,9.5663262132e+00,7.0823512257e-02,6.5880042331e-04,7.0164711834e-02,5.2781265773e+01
1.1294125181e+01,9.5718359964e+00,7.0784610384e-02,6.5839155678e-04,7.0126218827e-02,5.2900587705e+01
1.1297004132e+01,9.5773489529e+00,7.0745729813e-02,6.5798301072e-04,7.0087746802e-02,5.3020184763e+01
1.1299883083e+01,9.5828650847e+00,7.0706870532e-02,6.5757478474e-04,7.0049295747e-02,5.3140057583e+01
1.1302762034e+01,9.5883843935e+00,7.0668032529e-02,6.5716687840e-04,7.0010865651e-02,5.3260206802e+01
1.1305640985e+01,9.5939068812e+00,7.0629215794e-02,6.5675929130e-04,6.9972456502e-02,5.3380633058e+01
1.1308519937e+01,9.5994325497e+00,7.0590420314e-02,6.5635202302e-04,6.9934068291e-02,5.3501336992e+01
1.1311398888e+01,9.6049614006e+00,7.0551646077e-02,6.5594507316e-04,6.9895701004e-02,5.3622319245e+01
1.1314277839e+01,9.6104934360e+00,7.0512893074e-02,6.5553844131e-04,6.9857354632e-02,5.3743580460e+01
1.1317156790e+01,9.6160286575e+00,7.0474161291e-02,6.5513212705e-04,6.9819029163e-02,5.3865121281e+01
1.1320035741e+01,9.6215670671e+00,7.0435450717e-02,6.5472612998e-04,6.9780724587e-02,5.3986942354e+01
1.1322914692e+01,9.6271086666e+00,7.0396761341e-02,6.5432044968e-04,6.9742440891e-02,5.4109044327e+01
1.1325793643e+01,9.6326534578e+00,7.0358093151e-02,6.5391508576e-04,6.9704178065e-02,5.4231427848e+01
1.1328672594e+01,9.6382014425e+00,7.0319446136e-02,6.5351003781e-04,6.9665936098e-02,5.4354093568e+01
1.1331551545e+01,9.6437526227e+00,7.0280820285e-02,6.5310530541e-04,6.9627714979e-02,5.4477042139e+01
1.1334430497e+01,9.6493070000e+00,7.0242215585e-02,6.5270088818e-04,6.9589514697e-02,5.4600274214e+01
1.1337309448e+01,9.6548645765e+00,7.0203632025e-02,6.5229678569e-04,6.9551335239e-02,5.4723790448e+01
1.1340188399e+01,9.6604253539e+00,7.0165069594e-02,6.5189299756e-04,6.9513176597e-02,5.4847591498e+01
1.1343067350e+01,9.6659893340e+00,7.0126528281e-02,6.5148952337e-04,6.9475038757e-02,5.4971678021e+01
1.1345946301e+01,9.6715565187e+00,7.0088008073e-02,6.5108636273e-04,6.9436921710e-02,5.5096050677e+01
1.1348825252e+01,9.6771269099e+00,7.0049508959e-02,6.5068351524e-04,6.9398825444e-02,5.5220710127e+01
1.1351704203e+01,9.6827005094e+00,7.0011030929e-02,6.5028098050e-04,6.9360749948e-02,5.5345657033e+01
1.1354583154e+01,9.6882773191e+00,6.9972573970e-02,6.4987875810e-04,6.9322695212e-02,5.5470892060e+01
1.1357462105e+01,9.6938573407e+00,6.9934138071e-02,6.4947684766e-04,6.9284661223e-02,5.5596415873e+01
1.1360341056e+01,9.6994405762e+00,6.9895723220e-02,6.4907524876e-04,6.9246647972e-02,5.5722229138e+01
1.1363220008e+01,9.7050270274e+00,6.9857329407e-02,6.4867396103e-04,6.9208655446e-02,5.5848332526e+01
1.1366098959e+01,9.7106166961e+00,6.9818956619e-02,6.4827298406e-04,6.9170683635e-02,5.5974726706e+01
1.1368977910e+01,9.7162095843e+00,6.9780604846e-02,6.4787231745e-04,6.9132732528e-02,5.6101412349e+01
1.1371856861e+01,9.7218056937e+00,6.9742274075e-02,6.4747196082e-04,6.9094802114e-02,5.6228390129e+01
1.1374735812e+01,9.7274050262e+00,6.9703964296e-02,6.4707191376e-04,6.9056892382e-02,5.6355660721e+01
1.1377614763e+01,9.7330075837e+00,6.9665675497e-02,6.4667217590e-04,6.9019003321e-02,5.6483224801e+01
1.1380493714e+01,9.7386133680e+00,6.9627407666e-02,6.4627274683e-04,6.8981134919e-02,5.6611083048e+01
1.1383372665e+01,9.7442223810e+00,6.9589160793e-02,6.4587362616e-04,6.8943287167e-02,5.6739236140e+01
1.1386251616e+01,9.7498346245e+00,6.9550934865e-02,6.4547481351e-04,6.8905460052e-02,5.6867684759e+01
1.1389130567e+01,9.7554501005e+00,6.9512729872e-02,6.4507630849e-04,6.8867653564e-02,5.6996429588e+01
1.1392009519e+01,9.7610688107e+00,6.9474545802e-02,6.4467811070e-04,6.8829867692e-02,5.7125471310e+01
1.1394888470e+01,9.7666907570e+00,6.9436382644e-02,6.4428021976e-04,6.8792102424e-02,5.7254810612e+01
1.1397767421e+01,9.7723159414e+00,6.9398240386e-02,6.4388263529e-04,6.8754357751e-02,5.7384448181e+01
1.1400646372e+01,9.7779443656e+00,6.9360119017e-02,6.4348535689e-04,6.8716633660e-02,5.7514384706e+01
1.1403525323e+01,9.7835760315e+00,6.9322018526e-02,6.4308838419e-04,6.8678930142e-02,5.7644620877e+01
1.1406404274e+01,9.7892109410e+00,6.9283938901e-02,6.4269171679e-04,6.8641247184e-02,5.7775157388e+01
1.1409283225e+01,9.7948490960e+00,6.9245880131e-02,6.4229535431e-04,6.8603584776e-02,5.7905994931e+01
1.1412162176e+01,9.8004904983e+00,6.9207842204e-02,6.4189929638e-04,6.8565942908e-02,5.8037134202e+01
1.1415041127e+01,9.8061351498e+00,6.9169825110e-02,6.4150354260e-04,6.8528321567e-02,5.8168575897e+01
1.1417920079e+01,9.8117830523e+00,6.9131828836e-02,6.4110809261e-04,6.8490720744e-02,5.8300320717e+01
1.1420799030e+01,9.8174342078e+00,6.9093853373e-02,6.4071294600e-04,6.8453140427e-02,5.8432369360e+01
1.1423677981e+01,9.8230886182e+00,6.9055898707e-02,6.4031810242e-04,6.8415580605e-02,5.8564722529e+01
1.1426556932e+01,9.8287462852e+00,6.9017964829e-02,6.3992356146e-04,6.8378041268e-02,5.8697380927e+01
1.1429435883e+01,9.8344072108e+00,6.8980051727e-02,6.3952932277e-04,6.8340522404e-02,5.8830345259e+01
1.1432314834e+01,9.8400713968e+00,6.8942159388e-02,6.3913538596e-04,6.8303024002e-02,5.8963616232e+01
1.1435193785e+01,9.8457388452e+00,6.8904287803e-02,6.3874175065e-04,6.8265546053e-02,5.9097194554e+01
1.1438072736e+01,9.8514095577e+00,6.8866436960e-02,6.3834841647e-04,6.8228088544e-02,5.9231080935e+01
1.1440951687e+01,9.8570835364e+00,6.8828606848e-02,6.3795538305e-04,6.8190651464e-02,5.9365276087e+01
1.1443830638e+01,9.8627607830e+00,6.8790797454e-02,6.3756265000e-04,6.8153234804e-02,5.9499780723e+01
1.1446709590e+01,9.8684412994e+00,6.8753008769e-02,6.3717021695e-04,6.8115838552e-02,5.9634595558e+01
1.1449588541e+01,9.8741250876e+00,6.8715240781e-02,6.3677808354e-04,6.8078462697e-02,5.9769721309e+01
1.1452467492e+01,9.8798121494e+00,6.8677493478e-02,6.3638624938e-04,6.8041107228e-02,5.9905158693e+01
1.1455346443e+01,9.8855024867e+00,6.8639766849e-02,6.3599471411e-04,6.8003772135e-02,6.0040908431e+01
1.1458225394e+01,9.8911961013e+00,6.8602060883e-02,6.3560347735e-04,6.7966457406e-02,6.0176971244e+01
1.1461104345e+01,9.8968929953e+00,6.8564375570e-02,6.3521253874e-04,6.7929163031e-02,6.0313347855e+01
1.1463983296e+01,9.9025931704e+00,6.8526710897e-02,6.3482189790e-04,6.7891888999e-02,6.0450038990e+01
1.1466862247e+01,9.9082966285e+00,6.8489066853e-02,6.3443155448e-04,6.7854635298e-02,6.0587045374e+01
1.1469741198e+01,9.9140033716e+00,6.8451443427e-02,6.3404150809e-04,6.7817401919e-02,6.0724367736e+01
1.1472620150e+01,9.9197134015e+00,6.8413840608e-02,6.3365175837e-04,6.7780188850e-02,6.0862006806e+01
1.1475499101e+01,9.9254267202e+00,6.8376258385e-02,6.3326230496e-04,6.7742996080e-02,6.0999963315e+01
1.1478378052e+01,9.9311433294e+00,6.8338696747e-02,6.3287314748e-04,6.7705823600e-02,6.1138237997e+01
1.1481257003e+01,9.9368632312e+00,6.8301155682e-02,6.3248428559e-04,6.7668671396e-02,6.1276831587e+01
1.1484135954e+01,9.9425864274e+00,6.8263635179e-02,6.3209571890e-04,6.7631539460e-02,6.1415744821e+01
1.1487014905e+01,9.9483129199e+00,6.8226135227e-02,6.3170744705e-04,6.7594427780e-02,6.1554978438e+01
1.1489893856e+01,9.9540427106e+00,6.8188655815e-02,6.3131946969e-04,6.7557336345e-02,6.1694533178e+01
1.1492772807e+01,9.9597758014e+00,6.8151196931e-02,6.3093178645e-04,6.7520265145e-02,6.1834409782e+01
1.1495651758e+01,9.9655121943e+00,6.8113758565e-02,6.3054439698e-04,6.7483214168e-02,6.1974608994e+01
1.1498530709e+01,9.9712518910e+00,6.8076340706e-02,6.3015730089e-04,6.7446183405e-02,6.2115131560e+01
1.1501409661e+01,9.9769948936e+00,6.8038943341e-02,6.2977049785e-04,6.7409172843e-02,6.2255978225e+01
1.1504288612e+01,9.9827412038e+00,6.8001566461e-02,6.2938398749e-04,6.7372182473e-02,6.2397149740e+01
1.1507167563e+01,9.9884908237e+00,6.7964210053e-02,6.2899776945e-04,6.7335212284e-02,6.2538646854e+01
1.1510046514e+01,9.9942437551e+00,6.7926874107e-02,6.2861184337e-04,6.7298262264e-02,6.2680470319e+01
1.1512925465e+01,1.0000000000e+01,6.7889558612e-02,6.2822620889e-04,6.7261332403e-02,6.2822620889e+01
